gate_um,detector,sequence_id,split,sample_id,source_id,target_id,source_t,target_t,distance_um
3.0,Classical_DoG,seq_inner_val_6bba_t85_p01_crowded,inner_val,6bba_bb9f20c3,1.0,4.0,87.0,88.0,2.6012692214570947
3.0,Classical_DoG,seq_inner_val_6bba_t85_p01_crowded,inner_val,6bba_bb9f20c3,2.0,5.0,87.0,88.0,1.625
3.0,Classical_DoG,seq_inner_val_6bba_t85_p01_crowded,inner_val,6bba_bb9f20c3,3.0,6.0,87.0,88.0,1.21875
3.0,Classical_DoG,seq_inner_val_6bba_t85_p01_crowded,inner_val,6bba_bb9f20c3,4.0,7.0,88.0,89.0,0.5745242597140698
3.0,Classical_DoG,seq_inner_val_6bba_t85_p01_crowded,inner_val,6bba_bb9f20c3,5.0,8.0,88.0,89.0,2.0714766773970688
3.0,Classical_DoG,seq_inner_val_6bba_t85_p01_crowded,inner_val,6bba_bb9f20c3,6.0,9.0,88.0,89.0,2.2980970388562794
3.0,Classical_DoG,seq_inner_val_6bba_t75_p02_crowded,inner_val,6bba_bb9f20c3,0.0,7.0,75.0,76.0,1.8168052317185792
3.0,Classical_DoG,seq_inner_val_6bba_t75_p02_crowded,inner_val,6bba_bb9f20c3,1.0,6.0,75.0,76.0,2.632800908728193
3.0,Classical_DoG,seq_inner_val_6bba_t75_p02_crowded,inner_val,6bba_bb9f20c3,2.0,8.0,75.0,76.0,1.284675299443404
3.0,Classical_DoG,seq_inner_val_6bba_t75_p02_crowded,inner_val,6bba_bb9f20c3,4.0,9.0,75.0,76.0,2.569350598886808
3.0,Classical_DoG,seq_inner_val_6bba_t75_p02_crowded,inner_val,6bba_bb9f20c3,6.0,10.0,76.0,77.0,0.5745242597140698
3.0,Classical_DoG,seq_inner_val_6bba_t75_p02_crowded,inner_val,6bba_bb9f20c3,7.0,11.0,76.0,77.0,0.9084026158592896
3.0,Classical_DoG,seq_inner_val_6bba_t75_p02_crowded,inner_val,6bba_bb9f20c3,8.0,13.0,76.0,77.0,2.0714766773970688
3.0,Classical_DoG,seq_inner_val_6bba_t75_p02_crowded,inner_val,6bba_bb9f20c3,9.0,12.0,76.0,77.0,0.5745242597140698
3.0,Classical_DoG,seq_inner_val_6bba_t75_p02_crowded,inner_val,6bba_bb9f20c3,10.0,15.0,77.0,78.0,0.5745242597140698
3.0,Classical_DoG,seq_inner_val_6bba_t75_p02_crowded,inner_val,6bba_bb9f20c3,11.0,16.0,77.0,78.0,1.8168052317185792
3.0,Classical_DoG,seq_inner_val_6bba_t75_p02_crowded,inner_val,6bba_bb9f20c3,12.0,18.0,77.0,78.0,0.40625
3.0,Classical_DoG,seq_inner_val_6bba_t75_p02_crowded,inner_val,6bba_bb9f20c3,13.0,17.0,77.0,78.0,0.9084026158592896
3.0,Classical_DoG,seq_inner_val_6bba_t85_p03_crowded,inner_val,6bba_bb9f20c3,0.0,4.0,85.0,86.0,1.1490485194281397
3.0,Classical_DoG,seq_inner_val_6bba_t85_p03_crowded,inner_val,6bba_bb9f20c3,1.0,3.0,85.0,86.0,2.0714766773970688
3.0,Classical_DoG,seq_inner_val_6bba_t85_p03_crowded,inner_val,6bba_bb9f20c3,2.0,5.0,85.0,86.0,1.6750116604071745
3.0,Classical_DoG,seq_inner_val_6bba_t85_p03_crowded,inner_val,6bba_bb9f20c3,4.0,7.0,86.0,87.0,2.6012692214570947
3.0,Classical_DoG,seq_inner_val_6bba_t85_p03_crowded,inner_val,6bba_bb9f20c3,5.0,8.0,86.0,87.0,2.471122277933652
3.0,Classical_DoG,seq_inner_val_6bba_t85_p03_crowded,inner_val,6bba_bb9f20c3,7.0,10.0,87.0,88.0,1.6750116604071745
3.0,Classical_DoG,seq_inner_val_6bba_t85_p03_crowded,inner_val,6bba_bb9f20c3,8.0,11.0,87.0,88.0,2.368824207280903
3.0,Classical_DoG,seq_inner_val_6bba_t85_p03_crowded,inner_val,6bba_bb9f20c3,9.0,12.0,88.0,89.0,2.7252078475778685
3.0,Classical_DoG,seq_inner_val_6bba_t85_p03_crowded,inner_val,6bba_bb9f20c3,11.0,13.0,88.0,89.0,2.0714766773970688
3.0,Classical_DoG,seq_inner_val_6bba_t80_p04_crowded,inner_val,6bba_bb9f20c3,0.0,2.0,80.0,81.0,1.21875
3.0,Classical_DoG,seq_inner_val_6bba_t80_p04_crowded,inner_val,6bba_bb9f20c3,1.0,3.0,80.0,81.0,0.40625
3.0,Classical_DoG,seq_inner_val_6bba_t80_p04_crowded,inner_val,6bba_bb9f20c3,2.0,4.0,81.0,82.0,1.6750116604071745
3.0,Classical_DoG,seq_inner_val_6bba_t80_p04_crowded,inner_val,6bba_bb9f20c3,3.0,5.0,81.0,82.0,0.8125
3.0,Classical_DoG,seq_inner_val_6bba_t80_p04_crowded,inner_val,6bba_bb9f20c3,5.0,7.0,82.0,83.0,0.9084026158592896
3.0,Classical_DoG,seq_inner_val_6bba_t80_p04_crowded,inner_val,6bba_bb9f20c3,6.0,8.0,82.0,83.0,0.9084026158592896
3.0,Classical_DoG,seq_inner_val_6bba_t80_p04_crowded,inner_val,6bba_bb9f20c3,7.0,9.0,83.0,84.0,2.4375
3.0,Classical_DoG,seq_inner_val_6bba_t80_p04_crowded,inner_val,6bba_bb9f20c3,8.0,10.0,83.0,84.0,0.9084026158592896
3.0,Classical_DoG,seq_inner_val_6bba_t75_p05_isolated,inner_val,6bba_bb9f20c3,0.0,5.0,75.0,76.0,2.7252078475778685
3.0,Classical_DoG,seq_inner_val_6bba_t75_p05_isolated,inner_val,6bba_bb9f20c3,1.0,3.0,75.0,76.0,2.6012692214570947
3.0,Classical_DoG,seq_inner_val_6bba_t75_p05_isolated,inner_val,6bba_bb9f20c3,2.0,4.0,75.0,76.0,2.1877232028983924
3.0,Classical_DoG,seq_inner_val_6bba_t75_p05_isolated,inner_val,6bba_bb9f20c3,3.0,7.0,76.0,77.0,0.9084026158592896
3.0,Classical_DoG,seq_inner_val_6bba_t75_p05_isolated,inner_val,6bba_bb9f20c3,4.0,6.0,76.0,77.0,0.9084026158592896
3.0,Classical_DoG,seq_inner_val_6bba_t75_p05_isolated,inner_val,6bba_bb9f20c3,5.0,8.0,76.0,77.0,0.40625
3.0,Classical_DoG,seq_inner_val_6bba_t75_p05_isolated,inner_val,6bba_bb9f20c3,6.0,9.0,77.0,78.0,1.8168052317185792
3.0,Classical_DoG,seq_inner_val_6bba_t75_p05_isolated,inner_val,6bba_bb9f20c3,7.0,11.0,77.0,78.0,1.8168052317185792
3.0,Classical_DoG,seq_inner_val_6bba_t75_p05_isolated,inner_val,6bba_bb9f20c3,8.0,10.0,77.0,78.0,2.0714766773970688
3.0,Classical_DoG,seq_inner_val_6bba_t75_p06_isolated,inner_val,6bba_bb9f20c3,0.0,4.0,75.0,76.0,1.8168052317185792
3.0,Classical_DoG,seq_inner_val_6bba_t75_p06_isolated,inner_val,6bba_bb9f20c3,1.0,6.0,75.0,76.0,1.4647552056572457
3.0,Classical_DoG,seq_inner_val_6bba_t75_p06_isolated,inner_val,6bba_bb9f20c3,2.0,5.0,75.0,76.0,2.1877232028983924
3.0,Classical_DoG,seq_inner_val_6bba_t75_p06_isolated,inner_val,6bba_bb9f20c3,4.0,7.0,76.0,77.0,0.40625
3.0,Classical_DoG,seq_inner_val_6bba_t75_p06_isolated,inner_val,6bba_bb9f20c3,5.0,8.0,76.0,77.0,0.9084026158592896
3.0,Classical_DoG,seq_inner_val_6bba_t75_p06_isolated,inner_val,6bba_bb9f20c3,6.0,9.0,76.0,77.0,0.5745242597140698
3.0,Classical_DoG,seq_inner_val_6bba_t75_p06_isolated,inner_val,6bba_bb9f20c3,7.0,11.0,77.0,78.0,1.8168052317185792
3.0,Classical_DoG,seq_inner_val_6bba_t75_p06_isolated,inner_val,6bba_bb9f20c3,9.0,12.0,77.0,78.0,0.40625
3.0,Classical_DoG,seq_inner_val_6bba_t90_p07_isolated,inner_val,6bba_bb9f20c3,0.0,1.0,90.0,91.0,2.6012692214570947
3.0,Classical_DoG,seq_inner_val_6bba_t90_p07_isolated,inner_val,6bba_bb9f20c3,1.0,2.0,91.0,92.0,1.86167137607581
3.0,Classical_DoG,seq_inner_val_6bba_t90_p07_isolated,inner_val,6bba_bb9f20c3,2.0,3.0,92.0,93.0,1.21875
3.0,Classical_DoG,seq_inner_val_6bba_t90_p08_boundary,inner_val,6bba_bb9f20c3,0.0,4.0,90.0,91.0,2.0714766773970688
3.0,Classical_DoG,seq_inner_val_6bba_t90_p08_boundary,inner_val,6bba_bb9f20c3,1.0,5.0,90.0,91.0,2.1877232028983924
3.0,Classical_DoG,seq_inner_val_6bba_t90_p08_boundary,inner_val,6bba_bb9f20c3,3.0,6.0,90.0,91.0,2.8726212985703494
3.0,Classical_DoG,seq_inner_val_6bba_t90_p08_boundary,inner_val,6bba_bb9f20c3,4.0,7.0,91.0,92.0,2.0714766773970688
3.0,Classical_DoG,seq_inner_val_6bba_t90_p08_boundary,inner_val,6bba_bb9f20c3,5.0,8.0,91.0,92.0,1.86167137607581
3.0,Classical_DoG,seq_inner_val_6bba_t90_p08_boundary,inner_val,6bba_bb9f20c3,6.0,9.0,91.0,92.0,2.2980970388562794
3.0,Classical_DoG,seq_inner_val_6bba_t90_p08_boundary,inner_val,6bba_bb9f20c3,7.0,10.0,92.0,93.0,0.9084026158592896
3.0,Classical_DoG,seq_inner_val_6bba_t90_p08_boundary,inner_val,6bba_bb9f20c3,8.0,11.0,92.0,93.0,2.0714766773970688
3.0,Classical_DoG,seq_inner_val_6bba_t90_p08_boundary,inner_val,6bba_bb9f20c3,9.0,12.0,92.0,93.0,2.368824207280903
3.0,Classical_DoG,seq_inner_val_6bba_t90_p08_boundary,inner_val,6bba_bb9f20c3,10.0,13.0,93.0,94.0,1.9902104160113323
3.0,Classical_DoG,seq_inner_val_6bba_t90_p08_boundary,inner_val,6bba_bb9f20c3,11.0,14.0,93.0,94.0,1.1490485194281397
3.0,Classical_DoG,seq_inner_val_6bba_t90_p08_boundary,inner_val,6bba_bb9f20c3,12.0,15.0,93.0,94.0,0.9084026158592896
3.0,Classical_DoG,seq_inner_val_44b6_t80_p01_crowded,inner_val,44b6_d29c9ab2,0.0,6.0,80.0,81.0,0.8125
3.0,Classical_DoG,seq_inner_val_44b6_t80_p01_crowded,inner_val,44b6_d29c9ab2,3.0,8.0,80.0,81.0,1.1490485194281397
3.0,Classical_DoG,seq_inner_val_44b6_t80_p01_crowded,inner_val,44b6_d29c9ab2,7.0,11.0,81.0,82.0,2.1877232028983924
3.0,Classical_DoG,seq_inner_val_44b6_t80_p01_crowded,inner_val,44b6_d29c9ab2,9.0,13.0,82.0,83.0,1.21875
3.0,Classical_DoG,seq_inner_val_44b6_t80_p01_crowded,inner_val,44b6_d29c9ab2,10.0,14.0,82.0,83.0,0.5745242597140698
3.0,Classical_DoG,seq_inner_val_44b6_t80_p01_crowded,inner_val,44b6_d29c9ab2,11.0,16.0,82.0,83.0,1.86167137607581
3.0,Classical_DoG,seq_inner_val_44b6_t80_p01_crowded,inner_val,44b6_d29c9ab2,13.0,19.0,83.0,84.0,2.1877232028983924
3.0,Classical_DoG,seq_inner_val_44b6_t80_p01_crowded,inner_val,44b6_d29c9ab2,14.0,17.0,83.0,84.0,1.4647552056572457
3.0,Classical_DoG,seq_inner_val_44b6_t80_p01_crowded,inner_val,44b6_d29c9ab2,15.0,18.0,83.0,84.0,1.8168052317185792
3.0,Classical_DoG,seq_inner_val_44b6_t80_p01_crowded,inner_val,44b6_d29c9ab2,16.0,20.0,83.0,84.0,1.8168052317185792
3.0,Classical_DoG,seq_inner_val_44b6_t85_p02_crowded,inner_val,44b6_d29c9ab2,0.0,8.0,85.0,86.0,1.7235727791422095
3.0,Classical_DoG,seq_inner_val_44b6_t85_p02_crowded,inner_val,44b6_d29c9ab2,1.0,10.0,85.0,86.0,0.9084026158592896
3.0,Classical_DoG,seq_inner_val_44b6_t85_p02_crowded,inner_val,44b6_d29c9ab2,2.0,9.0,85.0,86.0,0.5745242597140698
3.0,Classical_DoG,seq_inner_val_44b6_t85_p02_crowded,inner_val,44b6_d29c9ab2,8.0,12.0,86.0,87.0,2.0714766773970688
3.0,Classical_DoG,seq_inner_val_44b6_t85_p02_crowded,inner_val,44b6_d29c9ab2,9.0,15.0,86.0,87.0,0.40625
3.0,Classical_DoG,seq_inner_val_44b6_t85_p02_crowded,inner_val,44b6_d29c9ab2,10.0,17.0,86.0,87.0,0.40625
3.0,Classical_DoG,seq_inner_val_44b6_t85_p02_crowded,inner_val,44b6_d29c9ab2,11.0,18.0,86.0,87.0,2.1877232028983924
3.0,Classical_DoG,seq_inner_val_44b6_t85_p02_crowded,inner_val,44b6_d29c9ab2,12.0,23.0,87.0,88.0,1.8168052317185792
3.0,Classical_DoG,seq_inner_val_44b6_t85_p02_crowded,inner_val,44b6_d29c9ab2,13.0,20.0,87.0,88.0,2.333728575156074
3.0,Classical_DoG,seq_inner_val_44b6_t85_p02_crowded,inner_val,44b6_d29c9ab2,14.0,24.0,87.0,88.0,1.9902104160113323
3.0,Classical_DoG,seq_inner_val_44b6_t85_p02_crowded,inner_val,44b6_d29c9ab2,15.0,28.0,87.0,88.0,1.86167137607581
3.0,Classical_DoG,seq_inner_val_44b6_t85_p02_crowded,inner_val,44b6_d29c9ab2,16.0,29.0,87.0,88.0,1.1490485194281397
3.0,Classical_DoG,seq_inner_val_44b6_t85_p02_crowded,inner_val,44b6_d29c9ab2,17.0,22.0,87.0,88.0,1.7235727791422095
3.0,Classical_DoG,seq_inner_val_44b6_t85_p02_crowded,inner_val,44b6_d29c9ab2,18.0,21.0,87.0,88.0,0.40625
3.0,Classical_DoG,seq_inner_val_44b6_t85_p02_crowded,inner_val,44b6_d29c9ab2,20.0,30.0,88.0,89.0,1.7235727791422095
3.0,Classical_DoG,seq_inner_val_44b6_t85_p02_crowded,inner_val,44b6_d29c9ab2,21.0,33.0,88.0,89.0,1.4647552056572457
3.0,Classical_DoG,seq_inner_val_44b6_t85_p02_crowded,inner_val,44b6_d29c9ab2,22.0,35.0,88.0,89.0,1.86167137607581
3.0,Classical_DoG,seq_inner_val_44b6_t85_p02_crowded,inner_val,44b6_d29c9ab2,23.0,31.0,88.0,89.0,0.9084026158592896
3.0,Classical_DoG,seq_inner_val_44b6_t85_p02_crowded,inner_val,44b6_d29c9ab2,25.0,34.0,88.0,89.0,0.0
3.0,Classical_DoG,seq_inner_val_44b6_t85_p02_crowded,inner_val,44b6_d29c9ab2,27.0,36.0,88.0,89.0,1.8168052317185792
3.0,Classical_DoG,seq_inner_val_44b6_t85_p02_crowded,inner_val,44b6_d29c9ab2,29.0,32.0,88.0,89.0,2.368824207280903
3.0,Classical_DoG,seq_inner_val_44b6_t90_p03_crowded,inner_val,44b6_d29c9ab2,0.0,5.0,90.0,91.0,1.8168052317185792
3.0,Classical_DoG,seq_inner_val_44b6_t90_p03_crowded,inner_val,44b6_d29c9ab2,1.0,6.0,90.0,91.0,1.7235727791422095
3.0,Classical_DoG,seq_inner_val_44b6_t90_p03_crowded,inner_val,44b6_d29c9ab2,2.0,8.0,90.0,91.0,2.03125
3.0,Classical_DoG,seq_inner_val_44b6_t90_p03_crowded,inner_val,44b6_d29c9ab2,3.0,7.0,90.0,91.0,2.333728575156074
3.0,Classical_DoG,seq_inner_val_44b6_t90_p03_crowded,inner_val,44b6_d29c9ab2,4.0,9.0,90.0,91.0,0.8125
3.0,Classical_DoG,seq_inner_val_44b6_t90_p03_crowded,inner_val,44b6_d29c9ab2,5.0,12.0,91.0,92.0,0.9084026158592896
3.0,Classical_DoG,seq_inner_val_44b6_t90_p03_crowded,inner_val,44b6_d29c9ab2,6.0,14.0,91.0,92.0,0.8125
3.0,Classical_DoG,seq_inner_val_44b6_t90_p03_crowded,inner_val,44b6_d29c9ab2,7.0,13.0,91.0,92.0,0.9084026158592896
3.0,Classical_DoG,seq_inner_val_44b6_t90_p03_crowded,inner_val,44b6_d29c9ab2,8.0,11.0,91.0,92.0,1.9902104160113323
3.0,Classical_DoG,seq_inner_val_44b6_t90_p03_crowded,inner_val,44b6_d29c9ab2,9.0,15.0,91.0,92.0,1.8168052317185792
3.0,Classical_DoG,seq_inner_val_44b6_t90_p03_crowded,inner_val,44b6_d29c9ab2,11.0,18.0,92.0,93.0,0.5745242597140698
3.0,Classical_DoG,seq_inner_val_44b6_t90_p03_crowded,inner_val,44b6_d29c9ab2,13.0,20.0,92.0,93.0,2.0714766773970688
3.0,Classical_DoG,seq_inner_val_44b6_t90_p03_crowded,inner_val,44b6_d29c9ab2,14.0,19.0,92.0,93.0,1.8168052317185792
3.0,Classical_DoG,seq_inner_val_44b6_t90_p03_crowded,inner_val,44b6_d29c9ab2,15.0,22.0,92.0,93.0,0.40625
3.0,Classical_DoG,seq_inner_val_44b6_t90_p03_crowded,inner_val,44b6_d29c9ab2,17.0,24.0,93.0,94.0,0.9084026158592896
3.0,Classical_DoG,seq_inner_val_44b6_t90_p03_crowded,inner_val,44b6_d29c9ab2,18.0,23.0,93.0,94.0,0.9084026158592896
3.0,Classical_DoG,seq_inner_val_44b6_t90_p03_crowded,inner_val,44b6_d29c9ab2,19.0,26.0,93.0,94.0,1.21875
3.0,Classical_DoG,seq_inner_val_44b6_t90_p03_crowded,inner_val,44b6_d29c9ab2,20.0,27.0,93.0,94.0,0.8125
3.0,Classical_DoG,seq_inner_val_44b6_t90_p03_crowded,inner_val,44b6_d29c9ab2,21.0,25.0,93.0,94.0,1.6750116604071745
3.0,Classical_DoG,seq_inner_val_44b6_t70_p04_crowded,inner_val,44b6_d29c9ab2,0.0,6.0,70.0,71.0,2.1877232028983924
3.0,Classical_DoG,seq_inner_val_44b6_t70_p04_crowded,inner_val,44b6_d29c9ab2,2.0,10.0,70.0,71.0,1.284675299443404
3.0,Classical_DoG,seq_inner_val_44b6_t70_p04_crowded,inner_val,44b6_d29c9ab2,3.0,13.0,70.0,71.0,2.6012692214570947
3.0,Classical_DoG,seq_inner_val_44b6_t70_p04_crowded,inner_val,44b6_d29c9ab2,6.0,15.0,71.0,72.0,0.8125
3.0,Classical_DoG,seq_inner_val_44b6_t70_p04_crowded,inner_val,44b6_d29c9ab2,7.0,17.0,71.0,72.0,0.8125
3.0,Classical_DoG,seq_inner_val_44b6_t70_p04_crowded,inner_val,44b6_d29c9ab2,8.0,16.0,71.0,72.0,1.7235727791422095
3.0,Classical_DoG,seq_inner_val_44b6_t70_p04_crowded,inner_val,44b6_d29c9ab2,9.0,18.0,71.0,72.0,1.86167137607581
3.0,Classical_DoG,seq_inner_val_44b6_t70_p04_crowded,inner_val,44b6_d29c9ab2,10.0,14.0,71.0,72.0,2.0714766773970688
3.0,Classical_DoG,seq_inner_val_44b6_t70_p04_crowded,inner_val,44b6_d29c9ab2,12.0,20.0,71.0,72.0,1.7235727791422095
3.0,Classical_DoG,seq_inner_val_44b6_t70_p04_crowded,inner_val,44b6_d29c9ab2,14.0,26.0,72.0,73.0,1.1490485194281397
3.0,Classical_DoG,seq_inner_val_44b6_t70_p04_crowded,inner_val,44b6_d29c9ab2,15.0,25.0,72.0,73.0,2.2980970388562794
3.0,Classical_DoG,seq_inner_val_44b6_t70_p04_crowded,inner_val,44b6_d29c9ab2,17.0,28.0,72.0,73.0,2.1877232028983924
3.0,Classical_DoG,seq_inner_val_44b6_t70_p04_crowded,inner_val,44b6_d29c9ab2,18.0,29.0,72.0,73.0,1.284675299443404
3.0,Classical_DoG,seq_inner_val_44b6_t70_p04_crowded,inner_val,44b6_d29c9ab2,20.0,27.0,72.0,73.0,0.40625
3.0,Classical_DoG,seq_inner_val_44b6_t70_p04_crowded,inner_val,44b6_d29c9ab2,22.0,30.0,72.0,73.0,0.5745242597140698
3.0,Classical_DoG,seq_inner_val_44b6_t70_p04_crowded,inner_val,44b6_d29c9ab2,25.0,31.0,73.0,74.0,0.40625
3.0,Classical_DoG,seq_inner_val_44b6_t70_p04_crowded,inner_val,44b6_d29c9ab2,26.0,33.0,73.0,74.0,1.7235727791422095
3.0,Classical_DoG,seq_inner_val_44b6_t70_p04_crowded,inner_val,44b6_d29c9ab2,27.0,32.0,73.0,74.0,1.8168052317185792
3.0,Classical_DoG,seq_inner_val_44b6_t70_p04_crowded,inner_val,44b6_d29c9ab2,28.0,36.0,73.0,74.0,0.5745242597140698
3.0,Classical_DoG,seq_inner_val_44b6_t70_p04_crowded,inner_val,44b6_d29c9ab2,29.0,35.0,73.0,74.0,0.9084026158592896
3.0,Classical_DoG,seq_inner_val_44b6_t90_p05_isolated,inner_val,44b6_d29c9ab2,0.0,7.0,90.0,91.0,1.86167137607581
3.0,Classical_DoG,seq_inner_val_44b6_t90_p05_isolated,inner_val,44b6_d29c9ab2,1.0,6.0,90.0,91.0,1.6750116604071745
3.0,Classical_DoG,seq_inner_val_44b6_t90_p05_isolated,inner_val,44b6_d29c9ab2,3.0,9.0,90.0,91.0,1.86167137607581
3.0,Classical_DoG,seq_inner_val_44b6_t90_p05_isolated,inner_val,44b6_d29c9ab2,6.0,10.0,91.0,92.0,0.9084026158592896
3.0,Classical_DoG,seq_inner_val_44b6_t90_p05_isolated,inner_val,44b6_d29c9ab2,7.0,11.0,91.0,92.0,0.0
3.0,Classical_DoG,seq_inner_val_44b6_t90_p05_isolated,inner_val,44b6_d29c9ab2,8.0,12.0,91.0,92.0,0.0
3.0,Classical_DoG,seq_inner_val_44b6_t90_p05_isolated,inner_val,44b6_d29c9ab2,9.0,13.0,91.0,92.0,1.21875
3.0,Classical_DoG,seq_inner_val_44b6_t90_p05_isolated,inner_val,44b6_d29c9ab2,10.0,17.0,92.0,93.0,0.8125
3.0,Classical_DoG,seq_inner_val_44b6_t90_p05_isolated,inner_val,44b6_d29c9ab2,11.0,18.0,92.0,93.0,0.40625
3.0,Classical_DoG,seq_inner_val_44b6_t90_p05_isolated,inner_val,44b6_d29c9ab2,12.0,20.0,92.0,93.0,2.0714766773970688
3.0,Classical_DoG,seq_inner_val_44b6_t90_p05_isolated,inner_val,44b6_d29c9ab2,13.0,23.0,92.0,93.0,0.5745242597140698
3.0,Classical_DoG,seq_inner_val_44b6_t90_p05_isolated,inner_val,44b6_d29c9ab2,14.0,22.0,92.0,93.0,1.7235727791422095
3.0,Classical_DoG,seq_inner_val_44b6_t90_p05_isolated,inner_val,44b6_d29c9ab2,15.0,19.0,92.0,93.0,2.0714766773970688
3.0,Classical_DoG,seq_inner_val_44b6_t90_p05_isolated,inner_val,44b6_d29c9ab2,17.0,24.0,93.0,94.0,1.7235727791422095
3.0,Classical_DoG,seq_inner_val_44b6_t90_p05_isolated,inner_val,44b6_d29c9ab2,18.0,25.0,93.0,94.0,1.8168052317185792
3.0,Classical_DoG,seq_inner_val_44b6_t90_p05_isolated,inner_val,44b6_d29c9ab2,19.0,27.0,93.0,94.0,1.1490485194281397
3.0,Classical_DoG,seq_inner_val_44b6_t90_p05_isolated,inner_val,44b6_d29c9ab2,20.0,26.0,93.0,94.0,1.7235727791422095
3.0,Classical_DoG,seq_inner_val_44b6_t90_p05_isolated,inner_val,44b6_d29c9ab2,21.0,30.0,93.0,94.0,2.1877232028983924
3.0,Classical_DoG,seq_inner_val_44b6_t90_p05_isolated,inner_val,44b6_d29c9ab2,22.0,28.0,93.0,94.0,1.625
3.0,Classical_DoG,seq_inner_val_44b6_t90_p05_isolated,inner_val,44b6_d29c9ab2,23.0,29.0,93.0,94.0,1.86167137607581
3.0,Classical_DoG,seq_inner_val_44b6_t75_p06_isolated,inner_val,44b6_d29c9ab2,1.0,8.0,75.0,76.0,2.2980970388562794
3.0,Classical_DoG,seq_inner_val_44b6_t75_p06_isolated,inner_val,44b6_d29c9ab2,2.0,12.0,75.0,76.0,2.0714766773970688
3.0,Classical_DoG,seq_inner_val_44b6_t75_p06_isolated,inner_val,44b6_d29c9ab2,4.0,9.0,75.0,76.0,1.6750116604071745
3.0,Classical_DoG,seq_inner_val_44b6_t75_p06_isolated,inner_val,44b6_d29c9ab2,6.0,13.0,75.0,76.0,2.333728575156074
3.0,Classical_DoG,seq_inner_val_44b6_t75_p06_isolated,inner_val,44b6_d29c9ab2,8.0,17.0,76.0,77.0,1.625
3.0,Classical_DoG,seq_inner_val_44b6_t75_p06_isolated,inner_val,44b6_d29c9ab2,10.0,16.0,76.0,77.0,1.284675299443404
3.0,Classical_DoG,seq_inner_val_44b6_t75_p06_isolated,inner_val,44b6_d29c9ab2,11.0,19.0,76.0,77.0,1.8168052317185792
3.0,Classical_DoG,seq_inner_val_44b6_t75_p06_isolated,inner_val,44b6_d29c9ab2,16.0,23.0,77.0,78.0,1.8168052317185792
3.0,Classical_DoG,seq_inner_val_44b6_t75_p06_isolated,inner_val,44b6_d29c9ab2,17.0,24.0,77.0,78.0,0.9084026158592896
3.0,Classical_DoG,seq_inner_val_44b6_t75_p06_isolated,inner_val,44b6_d29c9ab2,18.0,25.0,77.0,78.0,0.0
3.0,Classical_DoG,seq_inner_val_44b6_t75_p06_isolated,inner_val,44b6_d29c9ab2,22.0,30.0,78.0,79.0,0.8125
3.0,Classical_DoG,seq_inner_val_44b6_t75_p06_isolated,inner_val,44b6_d29c9ab2,23.0,28.0,78.0,79.0,0.40625
3.0,Classical_DoG,seq_inner_val_44b6_t75_p06_isolated,inner_val,44b6_d29c9ab2,24.0,33.0,78.0,79.0,0.5745242597140698
3.0,Classical_DoG,seq_inner_val_44b6_t75_p06_isolated,inner_val,44b6_d29c9ab2,25.0,32.0,78.0,79.0,1.625
3.0,Classical_DoG,seq_inner_val_44b6_t75_p06_isolated,inner_val,44b6_d29c9ab2,26.0,29.0,78.0,79.0,0.5745242597140698
3.0,Classical_DoG,seq_inner_val_44b6_t70_p07_isolated,inner_val,44b6_d29c9ab2,1.0,5.0,70.0,71.0,2.1877232028983924
3.0,Classical_DoG,seq_inner_val_44b6_t70_p07_isolated,inner_val,44b6_d29c9ab2,2.0,6.0,70.0,71.0,1.9902104160113323
3.0,Classical_DoG,seq_inner_val_44b6_t70_p07_isolated,inner_val,44b6_d29c9ab2,4.0,9.0,71.0,72.0,0.40625
3.0,Classical_DoG,seq_inner_val_44b6_t70_p07_isolated,inner_val,44b6_d29c9ab2,5.0,11.0,71.0,72.0,2.1877232028983924
3.0,Classical_DoG,seq_inner_val_44b6_t70_p07_isolated,inner_val,44b6_d29c9ab2,6.0,10.0,71.0,72.0,1.1490485194281397
3.0,Classical_DoG,seq_inner_val_44b6_t70_p07_isolated,inner_val,44b6_d29c9ab2,7.0,13.0,71.0,72.0,0.9084026158592896
3.0,Classical_DoG,seq_inner_val_44b6_t70_p07_isolated,inner_val,44b6_d29c9ab2,8.0,12.0,71.0,72.0,0.8125
3.0,Classical_DoG,seq_inner_val_44b6_t70_p07_isolated,inner_val,44b6_d29c9ab2,9.0,14.0,72.0,73.0,0.5745242597140698
3.0,Classical_DoG,seq_inner_val_44b6_t70_p07_isolated,inner_val,44b6_d29c9ab2,10.0,16.0,72.0,73.0,2.03125
3.0,Classical_DoG,seq_inner_val_44b6_t70_p07_isolated,inner_val,44b6_d29c9ab2,11.0,17.0,72.0,73.0,0.5745242597140698
3.0,Classical_DoG,seq_inner_val_44b6_t70_p07_isolated,inner_val,44b6_d29c9ab2,12.0,15.0,72.0,73.0,1.9902104160113323
3.0,Classical_DoG,seq_inner_val_44b6_t70_p07_isolated,inner_val,44b6_d29c9ab2,13.0,18.0,72.0,73.0,1.8168052317185792
3.0,Classical_DoG,seq_inner_val_44b6_t70_p07_isolated,inner_val,44b6_d29c9ab2,14.0,19.0,73.0,74.0,0.9084026158592896
3.0,Classical_DoG,seq_inner_val_44b6_t70_p07_isolated,inner_val,44b6_d29c9ab2,15.0,20.0,73.0,74.0,1.284675299443404
3.0,Classical_DoG,seq_inner_val_44b6_t70_p07_isolated,inner_val,44b6_d29c9ab2,16.0,21.0,73.0,74.0,2.0714766773970688
3.0,Classical_DoG,seq_inner_val_44b6_t70_p07_isolated,inner_val,44b6_d29c9ab2,18.0,23.0,73.0,74.0,2.368824207280903
3.0,Classical_DoG,seq_inner_val_44b6_t70_p08_boundary,inner_val,44b6_d29c9ab2,0.0,13.0,70.0,71.0,2.0714766773970688
3.0,Classical_DoG,seq_inner_val_44b6_t70_p08_boundary,inner_val,44b6_d29c9ab2,1.0,15.0,70.0,71.0,0.40625
3.0,Classical_DoG,seq_inner_val_44b6_t70_p08_boundary,inner_val,44b6_d29c9ab2,2.0,16.0,70.0,71.0,1.9902104160113323
3.0,Classical_DoG,seq_inner_val_44b6_t70_p08_boundary,inner_val,44b6_d29c9ab2,3.0,14.0,70.0,71.0,1.8168052317185792
3.0,Classical_DoG,seq_inner_val_44b6_t70_p08_boundary,inner_val,44b6_d29c9ab2,4.0,17.0,70.0,71.0,0.40625
3.0,Classical_DoG,seq_inner_val_44b6_t70_p08_boundary,inner_val,44b6_d29c9ab2,6.0,19.0,70.0,71.0,1.9902104160113323
3.0,Classical_DoG,seq_inner_val_44b6_t70_p08_boundary,inner_val,44b6_d29c9ab2,8.0,12.0,70.0,71.0,0.5745242597140698
3.0,Classical_DoG,seq_inner_val_44b6_t70_p08_boundary,inner_val,44b6_d29c9ab2,12.0,22.0,71.0,72.0,0.8125
3.0,Classical_DoG,seq_inner_val_44b6_t70_p08_boundary,inner_val,44b6_d29c9ab2,13.0,20.0,71.0,72.0,0.5745242597140698
3.0,Classical_DoG,seq_inner_val_44b6_t70_p08_boundary,inner_val,44b6_d29c9ab2,14.0,25.0,71.0,72.0,0.9084026158592896
3.0,Classical_DoG,seq_inner_val_44b6_t70_p08_boundary,inner_val,44b6_d29c9ab2,15.0,21.0,71.0,72.0,0.9084026158592896
3.0,Classical_DoG,seq_inner_val_44b6_t70_p08_boundary,inner_val,44b6_d29c9ab2,16.0,24.0,71.0,72.0,1.21875
3.0,Classical_DoG,seq_inner_val_44b6_t70_p08_boundary,inner_val,44b6_d29c9ab2,17.0,23.0,71.0,72.0,0.9084026158592896
3.0,Classical_DoG,seq_inner_val_44b6_t70_p08_boundary,inner_val,44b6_d29c9ab2,18.0,26.0,71.0,72.0,2.03125
3.0,Classical_DoG,seq_inner_val_44b6_t70_p08_boundary,inner_val,44b6_d29c9ab2,19.0,29.0,71.0,72.0,2.1877232028983924
3.0,Classical_DoG,seq_inner_val_44b6_t70_p08_boundary,inner_val,44b6_d29c9ab2,20.0,32.0,72.0,73.0,1.4647552056572457
3.0,Classical_DoG,seq_inner_val_44b6_t70_p08_boundary,inner_val,44b6_d29c9ab2,21.0,33.0,72.0,73.0,1.625
3.0,Classical_DoG,seq_inner_val_44b6_t70_p08_boundary,inner_val,44b6_d29c9ab2,22.0,30.0,72.0,73.0,0.40625
3.0,Classical_DoG,seq_inner_val_44b6_t70_p08_boundary,inner_val,44b6_d29c9ab2,23.0,36.0,72.0,73.0,0.0
3.0,Classical_DoG,seq_inner_val_44b6_t70_p08_boundary,inner_val,44b6_d29c9ab2,24.0,37.0,72.0,73.0,0.8125
3.0,Classical_DoG,seq_inner_val_44b6_t70_p08_boundary,inner_val,44b6_d29c9ab2,25.0,31.0,72.0,73.0,2.0714766773970688
3.0,Classical_DoG,seq_inner_val_44b6_t70_p08_boundary,inner_val,44b6_d29c9ab2,26.0,34.0,72.0,73.0,0.9084026158592896
3.0,Classical_DoG,seq_inner_val_44b6_t70_p08_boundary,inner_val,44b6_d29c9ab2,28.0,39.0,72.0,73.0,0.8125
3.0,Classical_DoG,seq_inner_val_44b6_t70_p08_boundary,inner_val,44b6_d29c9ab2,30.0,41.0,73.0,74.0,0.5745242597140698
3.0,Classical_DoG,seq_inner_val_44b6_t70_p08_boundary,inner_val,44b6_d29c9ab2,31.0,45.0,73.0,74.0,0.9084026158592896
3.0,Classical_DoG,seq_inner_val_44b6_t70_p08_boundary,inner_val,44b6_d29c9ab2,32.0,40.0,73.0,74.0,1.86167137607581
3.0,Classical_DoG,seq_inner_val_44b6_t70_p08_boundary,inner_val,44b6_d29c9ab2,33.0,42.0,73.0,74.0,0.8125
3.0,Classical_DoG,seq_inner_val_44b6_t70_p08_boundary,inner_val,44b6_d29c9ab2,34.0,46.0,73.0,74.0,1.8168052317185792
3.0,Classical_DoG,seq_inner_val_44b6_t70_p08_boundary,inner_val,44b6_d29c9ab2,35.0,43.0,73.0,74.0,0.40625
3.0,Classical_DoG,seq_inner_val_44b6_t70_p08_boundary,inner_val,44b6_d29c9ab2,36.0,44.0,73.0,74.0,0.5745242597140698
3.0,Classical_DoG,seq_inner_val_44b6_t70_p08_boundary,inner_val,44b6_d29c9ab2,37.0,47.0,73.0,74.0,2.03125
3.0,Classical_DoG,seq_inner_val_44b6_t90_p09_zero_annotation,inner_val,44b6_d29c9ab2,0.0,9.0,90.0,91.0,1.6750116604071745
3.0,Classical_DoG,seq_inner_val_44b6_t90_p09_zero_annotation,inner_val,44b6_d29c9ab2,1.0,6.0,90.0,91.0,1.86167137607581
3.0,Classical_DoG,seq_inner_val_44b6_t90_p09_zero_annotation,inner_val,44b6_d29c9ab2,2.0,8.0,90.0,91.0,0.8125
3.0,Classical_DoG,seq_inner_val_44b6_t90_p09_zero_annotation,inner_val,44b6_d29c9ab2,3.0,7.0,90.0,91.0,1.86167137607581
3.0,Classical_DoG,seq_inner_val_44b6_t90_p09_zero_annotation,inner_val,44b6_d29c9ab2,4.0,11.0,90.0,91.0,1.86167137607581
3.0,Classical_DoG,seq_inner_val_44b6_t90_p09_zero_annotation,inner_val,44b6_d29c9ab2,7.0,15.0,91.0,92.0,0.40625
3.0,Classical_DoG,seq_inner_val_44b6_t90_p09_zero_annotation,inner_val,44b6_d29c9ab2,8.0,19.0,91.0,92.0,0.0
3.0,Classical_DoG,seq_inner_val_44b6_t90_p09_zero_annotation,inner_val,44b6_d29c9ab2,9.0,18.0,91.0,92.0,1.1490485194281397
3.0,Classical_DoG,seq_inner_val_44b6_t90_p09_zero_annotation,inner_val,44b6_d29c9ab2,10.0,20.0,91.0,92.0,0.8125
3.0,Classical_DoG,seq_inner_val_44b6_t90_p09_zero_annotation,inner_val,44b6_d29c9ab2,11.0,16.0,91.0,92.0,0.0
3.0,Classical_DoG,seq_inner_val_44b6_t90_p09_zero_annotation,inner_val,44b6_d29c9ab2,13.0,17.0,91.0,92.0,0.40625
3.0,Classical_DoG,seq_inner_val_44b6_t90_p09_zero_annotation,inner_val,44b6_d29c9ab2,14.0,21.0,91.0,92.0,0.40625
3.0,Classical_DoG,seq_inner_val_44b6_t90_p09_zero_annotation,inner_val,44b6_d29c9ab2,15.0,22.0,92.0,93.0,1.284675299443404
3.0,Classical_DoG,seq_inner_val_44b6_t90_p09_zero_annotation,inner_val,44b6_d29c9ab2,16.0,25.0,92.0,93.0,1.8168052317185792
3.0,Classical_DoG,seq_inner_val_44b6_t90_p09_zero_annotation,inner_val,44b6_d29c9ab2,17.0,26.0,92.0,93.0,0.8125
3.0,Classical_DoG,seq_inner_val_44b6_t90_p09_zero_annotation,inner_val,44b6_d29c9ab2,18.0,24.0,92.0,93.0,2.0714766773970688
3.0,Classical_DoG,seq_inner_val_44b6_t90_p09_zero_annotation,inner_val,44b6_d29c9ab2,19.0,23.0,92.0,93.0,0.40625
3.0,Classical_DoG,seq_inner_val_44b6_t90_p09_zero_annotation,inner_val,44b6_d29c9ab2,22.0,28.0,93.0,94.0,1.7235727791422095
3.0,Classical_DoG,seq_inner_val_44b6_t90_p09_zero_annotation,inner_val,44b6_d29c9ab2,23.0,27.0,93.0,94.0,0.40625
3.0,Classical_DoG,seq_inner_val_44b6_t90_p09_zero_annotation,inner_val,44b6_d29c9ab2,24.0,29.0,93.0,94.0,0.8125
3.0,Classical_DoG,seq_inner_val_44b6_t90_p09_zero_annotation,inner_val,44b6_d29c9ab2,26.0,30.0,93.0,94.0,0.8125
3.0,Classical_DoG,seq_held_out_val_6bba_t20_p01_crowded,held_out_val,6bba_43fea39d,1.0,2.0,21.0,22.0,0.0
3.0,Classical_DoG,seq_held_out_val_6bba_t20_p01_crowded,held_out_val,6bba_43fea39d,5.0,7.0,23.0,24.0,2.0714766773970688
3.0,Classical_DoG,seq_held_out_val_6bba_t35_p02_crowded,held_out_val,6bba_43fea39d,0.0,5.0,35.0,36.0,2.4375
3.0,Classical_DoG,seq_held_out_val_6bba_t35_p02_crowded,held_out_val,6bba_43fea39d,2.0,6.0,35.0,36.0,2.333728575156074
3.0,Classical_DoG,seq_held_out_val_6bba_t50_p03_crowded,held_out_val,6bba_43fea39d,0.0,2.0,51.0,52.0,0.0
3.0,Classical_DoG,seq_held_out_val_6bba_t50_p03_crowded,held_out_val,6bba_43fea39d,1.0,3.0,51.0,52.0,0.0
3.0,Classical_DoG,seq_held_out_val_6bba_t50_p03_crowded,held_out_val,6bba_43fea39d,4.0,5.0,53.0,54.0,1.4647552056572457
3.0,Classical_DoG,seq_held_out_val_6bba_t80_p05_isolated,held_out_val,6bba_43fea39d,0.0,2.0,80.0,81.0,2.8726212985703494
3.0,Classical_DoG,seq_held_out_val_6bba_t80_p05_isolated,held_out_val,6bba_43fea39d,2.0,4.0,81.0,82.0,1.6750116604071745
3.0,Classical_DoG,seq_held_out_val_6bba_t80_p05_isolated,held_out_val,6bba_43fea39d,3.0,5.0,81.0,82.0,1.8168052317185792
3.0,Classical_DoG,seq_held_out_val_6bba_t80_p05_isolated,held_out_val,6bba_43fea39d,4.0,6.0,82.0,83.0,1.86167137607581
3.0,Classical_DoG,seq_held_out_val_6bba_t80_p05_isolated,held_out_val,6bba_43fea39d,6.0,8.0,83.0,84.0,0.40625
3.0,Classical_DoG,seq_held_out_val_6bba_t80_p05_isolated,held_out_val,6bba_43fea39d,7.0,9.0,83.0,84.0,0.0
3.0,Classical_DoG,seq_held_out_val_6bba_t35_p06_isolated,held_out_val,6bba_43fea39d,0.0,3.0,35.0,36.0,1.86167137607581
3.0,Classical_DoG,seq_held_out_val_6bba_t35_p06_isolated,held_out_val,6bba_43fea39d,1.0,4.0,35.0,36.0,2.632800908728193
3.0,Classical_DoG,seq_held_out_val_6bba_t35_p06_isolated,held_out_val,6bba_43fea39d,2.0,5.0,35.0,36.0,2.6012692214570947
3.0,Classical_DoG,seq_held_out_val_6bba_t35_p07_isolated,held_out_val,6bba_43fea39d,0.0,2.0,35.0,36.0,2.1877232028983924
3.0,Classical_DoG,seq_held_out_val_6bba_t35_p07_isolated,held_out_val,6bba_43fea39d,1.0,3.0,35.0,36.0,2.7252078475778685
3.0,Classical_DoG,seq_held_out_val_6bba_t50_p10_boundary,held_out_val,6bba_43fea39d,0.0,1.0,50.0,51.0,2.9575446425202108
3.0,Classical_DoG,seq_held_out_val_6bba_t50_p10_boundary,held_out_val,6bba_43fea39d,1.0,2.0,51.0,52.0,0.0
3.0,Classical_DoG,seq_held_out_val_6bba_t50_p10_boundary,held_out_val,6bba_43fea39d,3.0,4.0,53.0,54.0,1.21875
3.0,Classical_DoG,seq_train_44b6_t40_p01_crowded,train,44b6_d29c9ab2,0.0,5.0,40.0,41.0,0.5745242597140698
3.0,Classical_DoG,seq_train_44b6_t40_p01_crowded,train,44b6_d29c9ab2,1.0,7.0,40.0,41.0,0.40625
3.0,Classical_DoG,seq_train_44b6_t40_p01_crowded,train,44b6_d29c9ab2,2.0,6.0,40.0,41.0,1.6750116604071745
3.0,Classical_DoG,seq_train_44b6_t40_p01_crowded,train,44b6_d29c9ab2,3.0,8.0,40.0,41.0,0.40625
3.0,Classical_DoG,seq_train_44b6_t40_p01_crowded,train,44b6_d29c9ab2,4.0,10.0,40.0,41.0,0.40625
3.0,Classical_DoG,seq_train_44b6_t40_p01_crowded,train,44b6_d29c9ab2,6.0,13.0,41.0,42.0,1.21875
3.0,Classical_DoG,seq_train_44b6_t40_p01_crowded,train,44b6_d29c9ab2,7.0,14.0,41.0,42.0,2.632800908728193
3.0,Classical_DoG,seq_train_44b6_t40_p01_crowded,train,44b6_d29c9ab2,8.0,17.0,41.0,42.0,2.03125
3.0,Classical_DoG,seq_train_44b6_t40_p01_crowded,train,44b6_d29c9ab2,9.0,15.0,41.0,42.0,2.1877232028983924
3.0,Classical_DoG,seq_train_44b6_t40_p01_crowded,train,44b6_d29c9ab2,10.0,16.0,41.0,42.0,1.284675299443404
3.0,Classical_DoG,seq_train_44b6_t40_p01_crowded,train,44b6_d29c9ab2,12.0,18.0,41.0,42.0,2.333728575156074
3.0,Classical_DoG,seq_train_44b6_t40_p01_crowded,train,44b6_d29c9ab2,13.0,21.0,42.0,43.0,1.4647552056572457
3.0,Classical_DoG,seq_train_44b6_t40_p01_crowded,train,44b6_d29c9ab2,14.0,20.0,42.0,43.0,0.9084026158592896
3.0,Classical_DoG,seq_train_44b6_t40_p01_crowded,train,44b6_d29c9ab2,15.0,22.0,42.0,43.0,2.0714766773970688
3.0,Classical_DoG,seq_train_44b6_t40_p01_crowded,train,44b6_d29c9ab2,16.0,24.0,42.0,43.0,2.03125
3.0,Classical_DoG,seq_train_44b6_t40_p01_crowded,train,44b6_d29c9ab2,17.0,23.0,42.0,43.0,1.8168052317185792
3.0,Classical_DoG,seq_train_44b6_t40_p01_crowded,train,44b6_d29c9ab2,18.0,25.0,42.0,43.0,1.1490485194281397
3.0,Classical_DoG,seq_train_44b6_t40_p01_crowded,train,44b6_d29c9ab2,20.0,26.0,43.0,44.0,2.4375
3.0,Classical_DoG,seq_train_44b6_t40_p01_crowded,train,44b6_d29c9ab2,21.0,27.0,43.0,44.0,2.1877232028983924
3.0,Classical_DoG,seq_train_44b6_t40_p01_crowded,train,44b6_d29c9ab2,23.0,29.0,43.0,44.0,2.7252078475778685
3.0,Classical_DoG,seq_train_44b6_t40_p01_crowded,train,44b6_d29c9ab2,24.0,30.0,43.0,44.0,1.6750116604071745
3.0,Classical_DoG,seq_train_44b6_t40_p01_crowded,train,44b6_d29c9ab2,25.0,32.0,43.0,44.0,1.21875
3.0,Classical_DoG,seq_train_44b6_t45_p02_crowded,train,44b6_d29c9ab2,0.0,6.0,45.0,46.0,1.8168052317185792
3.0,Classical_DoG,seq_train_44b6_t45_p02_crowded,train,44b6_d29c9ab2,1.0,7.0,45.0,46.0,1.86167137607581
3.0,Classical_DoG,seq_train_44b6_t45_p02_crowded,train,44b6_d29c9ab2,2.0,8.0,45.0,46.0,0.9084026158592896
3.0,Classical_DoG,seq_train_44b6_t45_p02_crowded,train,44b6_d29c9ab2,3.0,11.0,45.0,46.0,0.9084026158592896
3.0,Classical_DoG,seq_train_44b6_t45_p02_crowded,train,44b6_d29c9ab2,5.0,10.0,45.0,46.0,1.21875
3.0,Classical_DoG,seq_train_44b6_t45_p02_crowded,train,44b6_d29c9ab2,6.0,12.0,46.0,47.0,0.40625
3.0,Classical_DoG,seq_train_44b6_t45_p02_crowded,train,44b6_d29c9ab2,7.0,13.0,46.0,47.0,0.5745242597140698
3.0,Classical_DoG,seq_train_44b6_t45_p02_crowded,train,44b6_d29c9ab2,8.0,14.0,46.0,47.0,0.9084026158592896
3.0,Classical_DoG,seq_train_44b6_t45_p02_crowded,train,44b6_d29c9ab2,9.0,16.0,46.0,47.0,1.1490485194281397
3.0,Classical_DoG,seq_train_44b6_t45_p02_crowded,train,44b6_d29c9ab2,11.0,15.0,46.0,47.0,0.8125
3.0,Classical_DoG,seq_train_44b6_t45_p02_crowded,train,44b6_d29c9ab2,12.0,17.0,47.0,48.0,1.4647552056572457
3.0,Classical_DoG,seq_train_44b6_t45_p02_crowded,train,44b6_d29c9ab2,13.0,20.0,47.0,48.0,0.8125
3.0,Classical_DoG,seq_train_44b6_t45_p02_crowded,train,44b6_d29c9ab2,14.0,18.0,47.0,48.0,2.1877232028983924
3.0,Classical_DoG,seq_train_44b6_t45_p02_crowded,train,44b6_d29c9ab2,15.0,19.0,47.0,48.0,1.4647552056572457
3.0,Classical_DoG,seq_train_44b6_t40_p04_crowded,train,44b6_d29c9ab2,0.0,5.0,40.0,41.0,0.8125
3.0,Classical_DoG,seq_train_44b6_t40_p04_crowded,train,44b6_d29c9ab2,1.0,7.0,40.0,41.0,1.21875
3.0,Classical_DoG,seq_train_44b6_t40_p04_crowded,train,44b6_d29c9ab2,2.0,6.0,40.0,41.0,1.8168052317185792
3.0,Classical_DoG,seq_train_44b6_t40_p04_crowded,train,44b6_d29c9ab2,3.0,10.0,40.0,41.0,0.8125
3.0,Classical_DoG,seq_train_44b6_t40_p04_crowded,train,44b6_d29c9ab2,5.0,11.0,41.0,42.0,0.8125
3.0,Classical_DoG,seq_train_44b6_t40_p04_crowded,train,44b6_d29c9ab2,6.0,16.0,41.0,42.0,0.9084026158592896
3.0,Classical_DoG,seq_train_44b6_t40_p04_crowded,train,44b6_d29c9ab2,7.0,12.0,41.0,42.0,1.284675299443404
3.0,Classical_DoG,seq_train_44b6_t40_p04_crowded,train,44b6_d29c9ab2,8.0,14.0,41.0,42.0,2.8145825622994254
3.0,Classical_DoG,seq_train_44b6_t40_p04_crowded,train,44b6_d29c9ab2,9.0,15.0,41.0,42.0,2.1877232028983924
3.0,Classical_DoG,seq_train_44b6_t40_p04_crowded,train,44b6_d29c9ab2,11.0,17.0,42.0,43.0,1.1490485194281397
3.0,Classical_DoG,seq_train_44b6_t40_p04_crowded,train,44b6_d29c9ab2,12.0,19.0,42.0,43.0,1.6750116604071745
3.0,Classical_DoG,seq_train_44b6_t40_p04_crowded,train,44b6_d29c9ab2,13.0,18.0,42.0,43.0,2.0714766773970688
3.0,Classical_DoG,seq_train_44b6_t40_p04_crowded,train,44b6_d29c9ab2,14.0,20.0,42.0,43.0,1.284675299443404
3.0,Classical_DoG,seq_train_44b6_t40_p04_crowded,train,44b6_d29c9ab2,15.0,21.0,42.0,43.0,1.8168052317185792
3.0,Classical_DoG,seq_train_44b6_t40_p04_crowded,train,44b6_d29c9ab2,17.0,22.0,43.0,44.0,0.5745242597140698
3.0,Classical_DoG,seq_train_44b6_t40_p04_crowded,train,44b6_d29c9ab2,18.0,24.0,43.0,44.0,0.5745242597140698
3.0,Classical_DoG,seq_train_44b6_t15_p05_crowded,train,44b6_d29c9ab2,0.0,7.0,15.0,16.0,2.0714766773970688
3.0,Classical_DoG,seq_train_44b6_t15_p05_crowded,train,44b6_d29c9ab2,1.0,10.0,15.0,16.0,1.6750116604071745
3.0,Classical_DoG,seq_train_44b6_t15_p05_crowded,train,44b6_d29c9ab2,3.0,11.0,15.0,16.0,2.8726212985703494
3.0,Classical_DoG,seq_train_44b6_t15_p05_crowded,train,44b6_d29c9ab2,5.0,12.0,15.0,16.0,2.1877232028983924
3.0,Classical_DoG,seq_train_44b6_t15_p05_crowded,train,44b6_d29c9ab2,7.0,14.0,16.0,17.0,1.7235727791422095
3.0,Classical_DoG,seq_train_44b6_t15_p05_crowded,train,44b6_d29c9ab2,8.0,16.0,16.0,17.0,1.8168052317185792
3.0,Classical_DoG,seq_train_44b6_t15_p05_crowded,train,44b6_d29c9ab2,9.0,17.0,16.0,17.0,2.368824207280903
3.0,Classical_DoG,seq_train_44b6_t15_p05_crowded,train,44b6_d29c9ab2,11.0,18.0,16.0,17.0,2.368824207280903
3.0,Classical_DoG,seq_train_44b6_t15_p05_crowded,train,44b6_d29c9ab2,12.0,20.0,16.0,17.0,2.1877232028983924
3.0,Classical_DoG,seq_train_44b6_t15_p05_crowded,train,44b6_d29c9ab2,13.0,15.0,16.0,17.0,2.6012692214570947
3.0,Classical_DoG,seq_train_44b6_t15_p05_crowded,train,44b6_d29c9ab2,14.0,23.0,17.0,18.0,1.4647552056572457
3.0,Classical_DoG,seq_train_44b6_t15_p05_crowded,train,44b6_d29c9ab2,15.0,24.0,17.0,18.0,0.5745242597140698
3.0,Classical_DoG,seq_train_44b6_t15_p05_crowded,train,44b6_d29c9ab2,17.0,22.0,17.0,18.0,2.1877232028983924
3.0,Classical_DoG,seq_train_44b6_t15_p05_crowded,train,44b6_d29c9ab2,18.0,26.0,17.0,18.0,2.6012692214570947
3.0,Classical_DoG,seq_train_44b6_t15_p05_crowded,train,44b6_d29c9ab2,20.0,29.0,17.0,18.0,2.03125
3.0,Classical_DoG,seq_train_44b6_t20_p06_crowded,train,44b6_d29c9ab2,0.0,6.0,20.0,21.0,0.40625
3.0,Classical_DoG,seq_train_44b6_t20_p06_crowded,train,44b6_d29c9ab2,1.0,7.0,20.0,21.0,0.5745242597140698
3.0,Classical_DoG,seq_train_44b6_t20_p06_crowded,train,44b6_d29c9ab2,2.0,9.0,20.0,21.0,1.21875
3.0,Classical_DoG,seq_train_44b6_t20_p06_crowded,train,44b6_d29c9ab2,5.0,10.0,20.0,21.0,2.03125
3.0,Classical_DoG,seq_train_44b6_t20_p06_crowded,train,44b6_d29c9ab2,6.0,14.0,21.0,22.0,2.03125
3.0,Classical_DoG,seq_train_44b6_t20_p06_crowded,train,44b6_d29c9ab2,7.0,15.0,21.0,22.0,1.284675299443404
3.0,Classical_DoG,seq_train_44b6_t20_p06_crowded,train,44b6_d29c9ab2,8.0,13.0,21.0,22.0,0.40625
3.0,Classical_DoG,seq_train_44b6_t20_p06_crowded,train,44b6_d29c9ab2,9.0,12.0,21.0,22.0,2.0714766773970688
3.0,Classical_DoG,seq_train_44b6_t20_p06_crowded,train,44b6_d29c9ab2,10.0,16.0,21.0,22.0,0.5745242597140698
3.0,Classical_DoG,seq_train_44b6_t20_p06_crowded,train,44b6_d29c9ab2,12.0,17.0,22.0,23.0,1.1490485194281397
3.0,Classical_DoG,seq_train_44b6_t20_p06_crowded,train,44b6_d29c9ab2,13.0,19.0,22.0,23.0,0.5745242597140698
3.0,Classical_DoG,seq_train_44b6_t20_p06_crowded,train,44b6_d29c9ab2,14.0,18.0,22.0,23.0,0.40625
3.0,Classical_DoG,seq_train_44b6_t20_p06_crowded,train,44b6_d29c9ab2,15.0,20.0,22.0,23.0,2.1877232028983924
3.0,Classical_DoG,seq_train_44b6_t20_p06_crowded,train,44b6_d29c9ab2,16.0,21.0,22.0,23.0,0.9084026158592896
3.0,Classical_DoG,seq_train_44b6_t20_p06_crowded,train,44b6_d29c9ab2,17.0,22.0,23.0,24.0,2.333728575156074
3.0,Classical_DoG,seq_train_44b6_t20_p06_crowded,train,44b6_d29c9ab2,18.0,25.0,23.0,24.0,0.9084026158592896
3.0,Classical_DoG,seq_train_44b6_t20_p06_crowded,train,44b6_d29c9ab2,19.0,24.0,23.0,24.0,1.625
3.0,Classical_DoG,seq_train_44b6_t20_p06_crowded,train,44b6_d29c9ab2,20.0,23.0,23.0,24.0,1.4647552056572457
3.0,Classical_DoG,seq_train_6bba_t15_p01_crowded,train,6bba_bb9f20c3,0.0,5.0,15.0,16.0,0.40625
3.0,Classical_DoG,seq_train_6bba_t15_p01_crowded,train,6bba_bb9f20c3,2.0,6.0,15.0,16.0,0.8125
3.0,Classical_DoG,seq_train_6bba_t15_p01_crowded,train,6bba_bb9f20c3,5.0,9.0,16.0,17.0,1.86167137607581
3.0,Classical_DoG,seq_train_6bba_t15_p01_crowded,train,6bba_bb9f20c3,8.0,11.0,17.0,18.0,0.0
3.0,Classical_DoG,seq_train_6bba_t15_p01_crowded,train,6bba_bb9f20c3,9.0,12.0,17.0,18.0,0.0
3.0,Classical_DoG,seq_train_6bba_t15_p01_crowded,train,6bba_bb9f20c3,10.0,13.0,17.0,18.0,0.0
3.0,Classical_DoG,seq_train_6bba_t15_p01_crowded,train,6bba_bb9f20c3,11.0,18.0,18.0,19.0,0.40625
3.0,Classical_DoG,seq_train_6bba_t35_p02_crowded,train,6bba_bb9f20c3,0.0,3.0,35.0,36.0,0.9084026158592896
3.0,Classical_DoG,seq_train_6bba_t35_p02_crowded,train,6bba_bb9f20c3,1.0,5.0,35.0,36.0,1.6750116604071745
3.0,Classical_DoG,seq_train_6bba_t35_p02_crowded,train,6bba_bb9f20c3,2.0,4.0,35.0,36.0,0.8125
3.0,Classical_DoG,seq_train_6bba_t35_p02_crowded,train,6bba_bb9f20c3,3.0,6.0,36.0,37.0,1.21875
3.0,Classical_DoG,seq_train_6bba_t35_p02_crowded,train,6bba_bb9f20c3,4.0,7.0,36.0,37.0,1.21875
3.0,Classical_DoG,seq_train_6bba_t35_p02_crowded,train,6bba_bb9f20c3,5.0,8.0,36.0,37.0,0.0
3.0,Classical_DoG,seq_train_6bba_t35_p02_crowded,train,6bba_bb9f20c3,10.0,15.0,38.0,39.0,2.03125
3.0,Classical_DoG,seq_train_6bba_t35_p02_crowded,train,6bba_bb9f20c3,11.0,14.0,38.0,39.0,0.9084026158592896
3.0,Classical_DoG,seq_train_6bba_t40_p03_crowded,train,6bba_bb9f20c3,0.0,5.0,40.0,41.0,2.2980970388562794
3.0,Classical_DoG,seq_train_6bba_t40_p03_crowded,train,6bba_bb9f20c3,1.0,7.0,40.0,41.0,0.40625
3.0,Classical_DoG,seq_train_6bba_t40_p03_crowded,train,6bba_bb9f20c3,2.0,9.0,40.0,41.0,0.5745242597140698
3.0,Classical_DoG,seq_train_6bba_t40_p03_crowded,train,6bba_bb9f20c3,3.0,6.0,40.0,41.0,0.9084026158592896
3.0,Classical_DoG,seq_train_6bba_t40_p03_crowded,train,6bba_bb9f20c3,5.0,11.0,41.0,42.0,1.1490485194281397
3.0,Classical_DoG,seq_train_6bba_t40_p03_crowded,train,6bba_bb9f20c3,6.0,12.0,41.0,42.0,0.5745242597140698
3.0,Classical_DoG,seq_train_6bba_t40_p03_crowded,train,6bba_bb9f20c3,7.0,10.0,41.0,42.0,2.1877232028983924
3.0,Classical_DoG,seq_train_6bba_t40_p03_crowded,train,6bba_bb9f20c3,9.0,13.0,41.0,42.0,1.9902104160113323
3.0,Classical_DoG,seq_train_6bba_t40_p03_crowded,train,6bba_bb9f20c3,11.0,15.0,42.0,43.0,2.6012692214570947
3.0,Classical_DoG,seq_train_6bba_t40_p03_crowded,train,6bba_bb9f20c3,12.0,17.0,42.0,43.0,2.4375
3.0,Classical_DoG,seq_train_6bba_t40_p03_crowded,train,6bba_bb9f20c3,13.0,16.0,42.0,43.0,0.8125
3.0,Classical_DoG,seq_train_6bba_t40_p03_crowded,train,6bba_bb9f20c3,15.0,19.0,43.0,44.0,2.0714766773970688
3.0,Classical_DoG,seq_train_6bba_t40_p03_crowded,train,6bba_bb9f20c3,16.0,20.0,43.0,44.0,1.6750116604071745
3.0,Classical_DoG,seq_train_6bba_t40_p03_crowded,train,6bba_bb9f20c3,17.0,21.0,43.0,44.0,1.86167137607581
3.0,Classical_DoG,seq_train_6bba_t45_p04_crowded,train,6bba_bb9f20c3,0.0,5.0,45.0,46.0,2.471122277933652
3.0,Classical_DoG,seq_train_6bba_t45_p04_crowded,train,6bba_bb9f20c3,1.0,4.0,45.0,46.0,2.0714766773970688
3.0,Classical_DoG,seq_train_6bba_t45_p04_crowded,train,6bba_bb9f20c3,2.0,6.0,45.0,46.0,2.0714766773970688
3.0,Classical_DoG,seq_train_6bba_t45_p04_crowded,train,6bba_bb9f20c3,4.0,8.0,46.0,47.0,2.333728575156074
3.0,Classical_DoG,seq_train_6bba_t45_p04_crowded,train,6bba_bb9f20c3,6.0,10.0,46.0,47.0,1.9902104160113323
3.0,Classical_DoG,seq_train_6bba_t45_p04_crowded,train,6bba_bb9f20c3,9.0,12.0,47.0,48.0,0.40625
3.0,Classical_DoG,seq_train_6bba_t45_p04_crowded,train,6bba_bb9f20c3,11.0,15.0,48.0,49.0,1.4647552056572457
3.0,Classical_DoG,seq_train_6bba_t15_p07_crowded,train,6bba_bb9f20c3,1.0,7.0,15.0,16.0,1.1490485194281397
3.0,Classical_DoG,seq_train_6bba_t15_p07_crowded,train,6bba_bb9f20c3,2.0,8.0,15.0,16.0,0.40625
3.0,Classical_DoG,seq_train_6bba_t15_p07_crowded,train,6bba_bb9f20c3,3.0,9.0,15.0,16.0,2.0714766773970688
3.0,Classical_DoG,seq_train_6bba_t15_p07_crowded,train,6bba_bb9f20c3,7.0,15.0,16.0,17.0,2.2980970388562794
3.0,Classical_DoG,seq_train_6bba_t15_p07_crowded,train,6bba_bb9f20c3,8.0,14.0,16.0,17.0,1.4647552056572457
3.0,Classical_DoG,seq_train_6bba_t15_p07_crowded,train,6bba_bb9f20c3,9.0,16.0,16.0,17.0,2.8726212985703494
3.0,Classical_DoG,seq_train_6bba_t15_p07_crowded,train,6bba_bb9f20c3,12.0,18.0,17.0,18.0,0.0
3.0,Classical_DoG,seq_train_6bba_t15_p07_crowded,train,6bba_bb9f20c3,13.0,19.0,17.0,18.0,0.0
3.0,Classical_DoG,seq_train_6bba_t15_p07_crowded,train,6bba_bb9f20c3,14.0,20.0,17.0,18.0,0.0
3.0,Classical_DoG,seq_train_6bba_t15_p07_crowded,train,6bba_bb9f20c3,15.0,21.0,17.0,18.0,0.0
3.0,Classical_DoG,seq_train_6bba_t15_p07_crowded,train,6bba_bb9f20c3,16.0,22.0,17.0,18.0,0.0
3.0,Classical_DoG,seq_train_6bba_t15_p07_crowded,train,6bba_bb9f20c3,17.0,23.0,17.0,18.0,0.0
3.0,Classical_DoG,seq_train_6bba_t15_p07_crowded,train,6bba_bb9f20c3,18.0,26.0,18.0,19.0,0.8125
3.0,Classical_DoG,seq_train_6bba_t15_p07_crowded,train,6bba_bb9f20c3,19.0,25.0,18.0,19.0,2.8726212985703494
3.0,Classical_DoG,seq_train_6bba_t15_p07_crowded,train,6bba_bb9f20c3,20.0,24.0,18.0,19.0,2.368824207280903
3.0,Classical_DoG,seq_train_6bba_t15_p07_crowded,train,6bba_bb9f20c3,21.0,29.0,18.0,19.0,0.40625
3.0,Learned_UNet_N0,seq_inner_val_6bba_t85_p01_crowded,inner_val,6bba_bb9f20c3,0.0,21.0,85.0,86.0,1.4647552056572457
3.0,Learned_UNet_N0,seq_inner_val_6bba_t85_p01_crowded,inner_val,6bba_bb9f20c3,1.0,23.0,85.0,86.0,0.8125
3.0,Learned_UNet_N0,seq_inner_val_6bba_t85_p01_crowded,inner_val,6bba_bb9f20c3,2.0,20.0,85.0,86.0,1.284675299443404
3.0,Learned_UNet_N0,seq_inner_val_6bba_t85_p01_crowded,inner_val,6bba_bb9f20c3,3.0,29.0,85.0,86.0,0.40625
3.0,Learned_UNet_N0,seq_inner_val_6bba_t85_p01_crowded,inner_val,6bba_bb9f20c3,7.0,22.0,85.0,86.0,1.8168052317185792
3.0,Learned_UNet_N0,seq_inner_val_6bba_t85_p01_crowded,inner_val,6bba_bb9f20c3,9.0,30.0,85.0,86.0,0.8125
3.0,Learned_UNet_N0,seq_inner_val_6bba_t85_p01_crowded,inner_val,6bba_bb9f20c3,10.0,33.0,85.0,86.0,0.8125
3.0,Learned_UNet_N0,seq_inner_val_6bba_t85_p01_crowded,inner_val,6bba_bb9f20c3,12.0,34.0,85.0,86.0,0.8125
3.0,Learned_UNet_N0,seq_inner_val_6bba_t85_p01_crowded,inner_val,6bba_bb9f20c3,18.0,37.0,85.0,86.0,0.8125
3.0,Learned_UNet_N0,seq_inner_val_6bba_t85_p01_crowded,inner_val,6bba_bb9f20c3,19.0,38.0,85.0,86.0,0.9084026158592896
3.0,Learned_UNet_N0,seq_inner_val_6bba_t85_p01_crowded,inner_val,6bba_bb9f20c3,20.0,39.0,86.0,87.0,1.21875
3.0,Learned_UNet_N0,seq_inner_val_6bba_t85_p01_crowded,inner_val,6bba_bb9f20c3,21.0,40.0,86.0,87.0,0.5745242597140698
3.0,Learned_UNet_N0,seq_inner_val_6bba_t85_p01_crowded,inner_val,6bba_bb9f20c3,22.0,41.0,86.0,87.0,0.9084026158592896
3.0,Learned_UNet_N0,seq_inner_val_6bba_t85_p01_crowded,inner_val,6bba_bb9f20c3,24.0,42.0,86.0,87.0,0.8125
3.0,Learned_UNet_N0,seq_inner_val_6bba_t85_p01_crowded,inner_val,6bba_bb9f20c3,25.0,43.0,86.0,87.0,0.9084026158592896
3.0,Learned_UNet_N0,seq_inner_val_6bba_t85_p01_crowded,inner_val,6bba_bb9f20c3,27.0,46.0,86.0,87.0,0.9084026158592896
3.0,Learned_UNet_N0,seq_inner_val_6bba_t85_p01_crowded,inner_val,6bba_bb9f20c3,29.0,44.0,86.0,87.0,1.284675299443404
3.0,Learned_UNet_N0,seq_inner_val_6bba_t85_p01_crowded,inner_val,6bba_bb9f20c3,30.0,48.0,86.0,87.0,0.40625
3.0,Learned_UNet_N0,seq_inner_val_6bba_t85_p01_crowded,inner_val,6bba_bb9f20c3,32.0,47.0,86.0,87.0,1.21875
3.0,Learned_UNet_N0,seq_inner_val_6bba_t85_p01_crowded,inner_val,6bba_bb9f20c3,33.0,52.0,86.0,87.0,1.6750116604071745
3.0,Learned_UNet_N0,seq_inner_val_6bba_t85_p01_crowded,inner_val,6bba_bb9f20c3,34.0,51.0,86.0,87.0,1.8168052317185792
3.0,Learned_UNet_N0,seq_inner_val_6bba_t85_p01_crowded,inner_val,6bba_bb9f20c3,35.0,50.0,86.0,87.0,0.0
3.0,Learned_UNet_N0,seq_inner_val_6bba_t85_p01_crowded,inner_val,6bba_bb9f20c3,37.0,54.0,86.0,87.0,1.21875
3.0,Learned_UNet_N0,seq_inner_val_6bba_t85_p01_crowded,inner_val,6bba_bb9f20c3,38.0,55.0,86.0,87.0,0.9084026158592896
3.0,Learned_UNet_N0,seq_inner_val_6bba_t85_p01_crowded,inner_val,6bba_bb9f20c3,39.0,58.0,87.0,88.0,1.1490485194281397
3.0,Learned_UNet_N0,seq_inner_val_6bba_t85_p01_crowded,inner_val,6bba_bb9f20c3,40.0,57.0,87.0,88.0,0.5745242597140698
3.0,Learned_UNet_N0,seq_inner_val_6bba_t85_p01_crowded,inner_val,6bba_bb9f20c3,41.0,59.0,87.0,88.0,0.40625
3.0,Learned_UNet_N0,seq_inner_val_6bba_t85_p01_crowded,inner_val,6bba_bb9f20c3,42.0,56.0,87.0,88.0,0.40625
3.0,Learned_UNet_N0,seq_inner_val_6bba_t85_p01_crowded,inner_val,6bba_bb9f20c3,43.0,60.0,87.0,88.0,2.0714766773970688
3.0,Learned_UNet_N0,seq_inner_val_6bba_t85_p01_crowded,inner_val,6bba_bb9f20c3,44.0,61.0,87.0,88.0,0.5745242597140698
3.0,Learned_UNet_N0,seq_inner_val_6bba_t85_p01_crowded,inner_val,6bba_bb9f20c3,45.0,64.0,87.0,88.0,1.6750116604071745
3.0,Learned_UNet_N0,seq_inner_val_6bba_t85_p01_crowded,inner_val,6bba_bb9f20c3,46.0,62.0,87.0,88.0,0.9084026158592896
3.0,Learned_UNet_N0,seq_inner_val_6bba_t85_p01_crowded,inner_val,6bba_bb9f20c3,48.0,65.0,87.0,88.0,0.5745242597140698
3.0,Learned_UNet_N0,seq_inner_val_6bba_t85_p01_crowded,inner_val,6bba_bb9f20c3,49.0,67.0,87.0,88.0,0.0
3.0,Learned_UNet_N0,seq_inner_val_6bba_t85_p01_crowded,inner_val,6bba_bb9f20c3,50.0,66.0,87.0,88.0,0.8125
3.0,Learned_UNet_N0,seq_inner_val_6bba_t85_p01_crowded,inner_val,6bba_bb9f20c3,51.0,68.0,87.0,88.0,0.9084026158592896
3.0,Learned_UNet_N0,seq_inner_val_6bba_t85_p01_crowded,inner_val,6bba_bb9f20c3,54.0,71.0,87.0,88.0,1.625
3.0,Learned_UNet_N0,seq_inner_val_6bba_t85_p01_crowded,inner_val,6bba_bb9f20c3,56.0,74.0,88.0,89.0,2.03125
3.0,Learned_UNet_N0,seq_inner_val_6bba_t85_p01_crowded,inner_val,6bba_bb9f20c3,57.0,75.0,88.0,89.0,0.8125
3.0,Learned_UNet_N0,seq_inner_val_6bba_t85_p01_crowded,inner_val,6bba_bb9f20c3,59.0,77.0,88.0,89.0,0.9084026158592896
3.0,Learned_UNet_N0,seq_inner_val_6bba_t85_p01_crowded,inner_val,6bba_bb9f20c3,60.0,78.0,88.0,89.0,1.21875
3.0,Learned_UNet_N0,seq_inner_val_6bba_t85_p01_crowded,inner_val,6bba_bb9f20c3,61.0,73.0,88.0,89.0,1.625
3.0,Learned_UNet_N0,seq_inner_val_6bba_t85_p01_crowded,inner_val,6bba_bb9f20c3,62.0,83.0,88.0,89.0,0.8125
3.0,Learned_UNet_N0,seq_inner_val_6bba_t85_p01_crowded,inner_val,6bba_bb9f20c3,63.0,72.0,88.0,89.0,1.284675299443404
3.0,Learned_UNet_N0,seq_inner_val_6bba_t85_p01_crowded,inner_val,6bba_bb9f20c3,64.0,80.0,88.0,89.0,0.5745242597140698
3.0,Learned_UNet_N0,seq_inner_val_6bba_t85_p01_crowded,inner_val,6bba_bb9f20c3,65.0,84.0,88.0,89.0,0.40625
3.0,Learned_UNet_N0,seq_inner_val_6bba_t85_p01_crowded,inner_val,6bba_bb9f20c3,66.0,88.0,88.0,89.0,0.40625
3.0,Learned_UNet_N0,seq_inner_val_6bba_t85_p01_crowded,inner_val,6bba_bb9f20c3,67.0,79.0,88.0,89.0,0.9084026158592896
3.0,Learned_UNet_N0,seq_inner_val_6bba_t85_p01_crowded,inner_val,6bba_bb9f20c3,69.0,81.0,88.0,89.0,0.40625
3.0,Learned_UNet_N0,seq_inner_val_6bba_t85_p01_crowded,inner_val,6bba_bb9f20c3,70.0,86.0,88.0,89.0,0.0
3.0,Learned_UNet_N0,seq_inner_val_6bba_t75_p02_crowded,inner_val,6bba_bb9f20c3,0.0,18.0,75.0,76.0,0.8125
3.0,Learned_UNet_N0,seq_inner_val_6bba_t75_p02_crowded,inner_val,6bba_bb9f20c3,1.0,19.0,75.0,76.0,1.1490485194281397
3.0,Learned_UNet_N0,seq_inner_val_6bba_t75_p02_crowded,inner_val,6bba_bb9f20c3,3.0,20.0,75.0,76.0,0.9084026158592896
3.0,Learned_UNet_N0,seq_inner_val_6bba_t75_p02_crowded,inner_val,6bba_bb9f20c3,4.0,24.0,75.0,76.0,1.21875
3.0,Learned_UNet_N0,seq_inner_val_6bba_t75_p02_crowded,inner_val,6bba_bb9f20c3,5.0,17.0,75.0,76.0,2.03125
3.0,Learned_UNet_N0,seq_inner_val_6bba_t75_p02_crowded,inner_val,6bba_bb9f20c3,6.0,22.0,75.0,76.0,2.471122277933652
3.0,Learned_UNet_N0,seq_inner_val_6bba_t75_p02_crowded,inner_val,6bba_bb9f20c3,7.0,21.0,75.0,76.0,1.6750116604071745
3.0,Learned_UNet_N0,seq_inner_val_6bba_t75_p02_crowded,inner_val,6bba_bb9f20c3,10.0,23.0,75.0,76.0,0.0
3.0,Learned_UNet_N0,seq_inner_val_6bba_t75_p02_crowded,inner_val,6bba_bb9f20c3,11.0,27.0,75.0,76.0,0.8125
3.0,Learned_UNet_N0,seq_inner_val_6bba_t75_p02_crowded,inner_val,6bba_bb9f20c3,12.0,26.0,75.0,76.0,0.9084026158592896
3.0,Learned_UNet_N0,seq_inner_val_6bba_t75_p02_crowded,inner_val,6bba_bb9f20c3,13.0,28.0,75.0,76.0,0.8125
3.0,Learned_UNet_N0,seq_inner_val_6bba_t75_p02_crowded,inner_val,6bba_bb9f20c3,16.0,30.0,75.0,76.0,0.8125
3.0,Learned_UNet_N0,seq_inner_val_6bba_t75_p02_crowded,inner_val,6bba_bb9f20c3,17.0,32.0,76.0,77.0,0.40625
3.0,Learned_UNet_N0,seq_inner_val_6bba_t75_p02_crowded,inner_val,6bba_bb9f20c3,18.0,33.0,76.0,77.0,0.0
3.0,Learned_UNet_N0,seq_inner_val_6bba_t75_p02_crowded,inner_val,6bba_bb9f20c3,19.0,34.0,76.0,77.0,0.9084026158592896
3.0,Learned_UNet_N0,seq_inner_val_6bba_t75_p02_crowded,inner_val,6bba_bb9f20c3,20.0,36.0,76.0,77.0,0.40625
3.0,Learned_UNet_N0,seq_inner_val_6bba_t75_p02_crowded,inner_val,6bba_bb9f20c3,21.0,35.0,76.0,77.0,0.40625
3.0,Learned_UNet_N0,seq_inner_val_6bba_t75_p02_crowded,inner_val,6bba_bb9f20c3,22.0,40.0,76.0,77.0,0.8125
3.0,Learned_UNet_N0,seq_inner_val_6bba_t75_p02_crowded,inner_val,6bba_bb9f20c3,23.0,39.0,76.0,77.0,1.1490485194281397
3.0,Learned_UNet_N0,seq_inner_val_6bba_t75_p02_crowded,inner_val,6bba_bb9f20c3,24.0,38.0,76.0,77.0,0.9084026158592896
3.0,Learned_UNet_N0,seq_inner_val_6bba_t75_p02_crowded,inner_val,6bba_bb9f20c3,25.0,42.0,76.0,77.0,1.1490485194281397
3.0,Learned_UNet_N0,seq_inner_val_6bba_t75_p02_crowded,inner_val,6bba_bb9f20c3,26.0,41.0,76.0,77.0,0.40625
3.0,Learned_UNet_N0,seq_inner_val_6bba_t75_p02_crowded,inner_val,6bba_bb9f20c3,28.0,45.0,76.0,77.0,0.40625
3.0,Learned_UNet_N0,seq_inner_val_6bba_t75_p02_crowded,inner_val,6bba_bb9f20c3,29.0,44.0,76.0,77.0,0.5745242597140698
3.0,Learned_UNet_N0,seq_inner_val_6bba_t75_p02_crowded,inner_val,6bba_bb9f20c3,30.0,48.0,76.0,77.0,0.8125
3.0,Learned_UNet_N0,seq_inner_val_6bba_t75_p02_crowded,inner_val,6bba_bb9f20c3,31.0,47.0,76.0,77.0,0.40625
3.0,Learned_UNet_N0,seq_inner_val_6bba_t75_p02_crowded,inner_val,6bba_bb9f20c3,32.0,49.0,77.0,78.0,0.8125
3.0,Learned_UNet_N0,seq_inner_val_6bba_t75_p02_crowded,inner_val,6bba_bb9f20c3,33.0,51.0,77.0,78.0,0.8125
3.0,Learned_UNet_N0,seq_inner_val_6bba_t75_p02_crowded,inner_val,6bba_bb9f20c3,34.0,50.0,77.0,78.0,0.9084026158592896
3.0,Learned_UNet_N0,seq_inner_val_6bba_t75_p02_crowded,inner_val,6bba_bb9f20c3,39.0,53.0,77.0,78.0,0.40625
3.0,Learned_UNet_N0,seq_inner_val_6bba_t75_p02_crowded,inner_val,6bba_bb9f20c3,42.0,56.0,77.0,78.0,0.8125
3.0,Learned_UNet_N0,seq_inner_val_6bba_t75_p02_crowded,inner_val,6bba_bb9f20c3,43.0,57.0,77.0,78.0,0.8125
3.0,Learned_UNet_N0,seq_inner_val_6bba_t75_p02_crowded,inner_val,6bba_bb9f20c3,44.0,58.0,77.0,78.0,1.86167137607581
3.0,Learned_UNet_N0,seq_inner_val_6bba_t75_p02_crowded,inner_val,6bba_bb9f20c3,45.0,62.0,77.0,78.0,0.40625
3.0,Learned_UNet_N0,seq_inner_val_6bba_t75_p02_crowded,inner_val,6bba_bb9f20c3,46.0,61.0,77.0,78.0,1.21875
3.0,Learned_UNet_N0,seq_inner_val_6bba_t75_p02_crowded,inner_val,6bba_bb9f20c3,47.0,63.0,77.0,78.0,0.5745242597140698
3.0,Learned_UNet_N0,seq_inner_val_6bba_t85_p03_crowded,inner_val,6bba_bb9f20c3,0.0,14.0,85.0,86.0,1.8168052317185792
3.0,Learned_UNet_N0,seq_inner_val_6bba_t85_p03_crowded,inner_val,6bba_bb9f20c3,2.0,16.0,85.0,86.0,0.8125
3.0,Learned_UNet_N0,seq_inner_val_6bba_t85_p03_crowded,inner_val,6bba_bb9f20c3,3.0,19.0,85.0,86.0,0.9084026158592896
3.0,Learned_UNet_N0,seq_inner_val_6bba_t85_p03_crowded,inner_val,6bba_bb9f20c3,5.0,15.0,85.0,86.0,2.569350598886808
3.0,Learned_UNet_N0,seq_inner_val_6bba_t85_p03_crowded,inner_val,6bba_bb9f20c3,6.0,18.0,85.0,86.0,0.40625
3.0,Learned_UNet_N0,seq_inner_val_6bba_t85_p03_crowded,inner_val,6bba_bb9f20c3,9.0,23.0,85.0,86.0,0.5745242597140698
3.0,Learned_UNet_N0,seq_inner_val_6bba_t85_p03_crowded,inner_val,6bba_bb9f20c3,10.0,25.0,85.0,86.0,1.625
3.0,Learned_UNet_N0,seq_inner_val_6bba_t85_p03_crowded,inner_val,6bba_bb9f20c3,11.0,24.0,85.0,86.0,0.0
3.0,Learned_UNet_N0,seq_inner_val_6bba_t85_p03_crowded,inner_val,6bba_bb9f20c3,12.0,22.0,85.0,86.0,0.5745242597140698
3.0,Learned_UNet_N0,seq_inner_val_6bba_t85_p03_crowded,inner_val,6bba_bb9f20c3,13.0,26.0,85.0,86.0,2.2980970388562794
3.0,Learned_UNet_N0,seq_inner_val_6bba_t85_p03_crowded,inner_val,6bba_bb9f20c3,15.0,29.0,86.0,87.0,0.8125
3.0,Learned_UNet_N0,seq_inner_val_6bba_t85_p03_crowded,inner_val,6bba_bb9f20c3,16.0,33.0,86.0,87.0,0.0
3.0,Learned_UNet_N0,seq_inner_val_6bba_t85_p03_crowded,inner_val,6bba_bb9f20c3,18.0,32.0,86.0,87.0,0.8125
3.0,Learned_UNet_N0,seq_inner_val_6bba_t85_p03_crowded,inner_val,6bba_bb9f20c3,19.0,35.0,86.0,87.0,1.6750116604071745
3.0,Learned_UNet_N0,seq_inner_val_6bba_t85_p03_crowded,inner_val,6bba_bb9f20c3,21.0,38.0,86.0,87.0,0.40625
3.0,Learned_UNet_N0,seq_inner_val_6bba_t85_p03_crowded,inner_val,6bba_bb9f20c3,22.0,34.0,86.0,87.0,0.8125
3.0,Learned_UNet_N0,seq_inner_val_6bba_t85_p03_crowded,inner_val,6bba_bb9f20c3,25.0,39.0,86.0,87.0,0.8125
3.0,Learned_UNet_N0,seq_inner_val_6bba_t85_p03_crowded,inner_val,6bba_bb9f20c3,26.0,43.0,86.0,87.0,1.8168052317185792
3.0,Learned_UNet_N0,seq_inner_val_6bba_t85_p03_crowded,inner_val,6bba_bb9f20c3,27.0,42.0,86.0,87.0,2.0714766773970688
3.0,Learned_UNet_N0,seq_inner_val_6bba_t85_p03_crowded,inner_val,6bba_bb9f20c3,28.0,44.0,86.0,87.0,0.9084026158592896
3.0,Learned_UNet_N0,seq_inner_val_6bba_t85_p03_crowded,inner_val,6bba_bb9f20c3,29.0,45.0,87.0,88.0,2.03125
3.0,Learned_UNet_N0,seq_inner_val_6bba_t85_p03_crowded,inner_val,6bba_bb9f20c3,31.0,46.0,87.0,88.0,0.0
3.0,Learned_UNet_N0,seq_inner_val_6bba_t85_p03_crowded,inner_val,6bba_bb9f20c3,32.0,50.0,87.0,88.0,0.40625
3.0,Learned_UNet_N0,seq_inner_val_6bba_t85_p03_crowded,inner_val,6bba_bb9f20c3,33.0,55.0,87.0,88.0,0.8125
3.0,Learned_UNet_N0,seq_inner_val_6bba_t85_p03_crowded,inner_val,6bba_bb9f20c3,34.0,49.0,87.0,88.0,0.8125
3.0,Learned_UNet_N0,seq_inner_val_6bba_t85_p03_crowded,inner_val,6bba_bb9f20c3,35.0,52.0,87.0,88.0,1.7235727791422095
3.0,Learned_UNet_N0,seq_inner_val_6bba_t85_p03_crowded,inner_val,6bba_bb9f20c3,36.0,48.0,87.0,88.0,0.40625
3.0,Learned_UNet_N0,seq_inner_val_6bba_t85_p03_crowded,inner_val,6bba_bb9f20c3,38.0,51.0,87.0,88.0,0.40625
3.0,Learned_UNet_N0,seq_inner_val_6bba_t85_p03_crowded,inner_val,6bba_bb9f20c3,39.0,54.0,87.0,88.0,0.8125
3.0,Learned_UNet_N0,seq_inner_val_6bba_t85_p03_crowded,inner_val,6bba_bb9f20c3,41.0,57.0,87.0,88.0,1.21875
3.0,Learned_UNet_N0,seq_inner_val_6bba_t85_p03_crowded,inner_val,6bba_bb9f20c3,43.0,58.0,87.0,88.0,2.2980970388562794
3.0,Learned_UNet_N0,seq_inner_val_6bba_t85_p03_crowded,inner_val,6bba_bb9f20c3,45.0,60.0,88.0,89.0,0.9084026158592896
3.0,Learned_UNet_N0,seq_inner_val_6bba_t85_p03_crowded,inner_val,6bba_bb9f20c3,46.0,64.0,88.0,89.0,0.8125
3.0,Learned_UNet_N0,seq_inner_val_6bba_t85_p03_crowded,inner_val,6bba_bb9f20c3,49.0,63.0,88.0,89.0,2.569350598886808
3.0,Learned_UNet_N0,seq_inner_val_6bba_t85_p03_crowded,inner_val,6bba_bb9f20c3,50.0,61.0,88.0,89.0,0.8125
3.0,Learned_UNet_N0,seq_inner_val_6bba_t85_p03_crowded,inner_val,6bba_bb9f20c3,52.0,71.0,88.0,89.0,0.8125
3.0,Learned_UNet_N0,seq_inner_val_6bba_t85_p03_crowded,inner_val,6bba_bb9f20c3,54.0,66.0,88.0,89.0,1.8168052317185792
3.0,Learned_UNet_N0,seq_inner_val_6bba_t85_p03_crowded,inner_val,6bba_bb9f20c3,57.0,73.0,88.0,89.0,0.8125
3.0,Learned_UNet_N0,seq_inner_val_6bba_t80_p04_crowded,inner_val,6bba_bb9f20c3,0.0,20.0,80.0,81.0,1.1490485194281397
3.0,Learned_UNet_N0,seq_inner_val_6bba_t80_p04_crowded,inner_val,6bba_bb9f20c3,1.0,22.0,80.0,81.0,0.8125
3.0,Learned_UNet_N0,seq_inner_val_6bba_t80_p04_crowded,inner_val,6bba_bb9f20c3,2.0,21.0,80.0,81.0,0.8125
3.0,Learned_UNet_N0,seq_inner_val_6bba_t80_p04_crowded,inner_val,6bba_bb9f20c3,3.0,25.0,80.0,81.0,0.9084026158592896
3.0,Learned_UNet_N0,seq_inner_val_6bba_t80_p04_crowded,inner_val,6bba_bb9f20c3,4.0,24.0,80.0,81.0,0.0
3.0,Learned_UNet_N0,seq_inner_val_6bba_t80_p04_crowded,inner_val,6bba_bb9f20c3,5.0,23.0,80.0,81.0,0.9084026158592896
3.0,Learned_UNet_N0,seq_inner_val_6bba_t80_p04_crowded,inner_val,6bba_bb9f20c3,6.0,29.0,80.0,81.0,0.0
3.0,Learned_UNet_N0,seq_inner_val_6bba_t80_p04_crowded,inner_val,6bba_bb9f20c3,7.0,26.0,80.0,81.0,0.40625
3.0,Learned_UNet_N0,seq_inner_val_6bba_t80_p04_crowded,inner_val,6bba_bb9f20c3,8.0,28.0,80.0,81.0,0.8125
3.0,Learned_UNet_N0,seq_inner_val_6bba_t80_p04_crowded,inner_val,6bba_bb9f20c3,9.0,27.0,80.0,81.0,0.0
3.0,Learned_UNet_N0,seq_inner_val_6bba_t80_p04_crowded,inner_val,6bba_bb9f20c3,11.0,30.0,80.0,81.0,0.8125
3.0,Learned_UNet_N0,seq_inner_val_6bba_t80_p04_crowded,inner_val,6bba_bb9f20c3,12.0,31.0,80.0,81.0,0.5745242597140698
3.0,Learned_UNet_N0,seq_inner_val_6bba_t80_p04_crowded,inner_val,6bba_bb9f20c3,13.0,32.0,80.0,81.0,0.5745242597140698
3.0,Learned_UNet_N0,seq_inner_val_6bba_t80_p04_crowded,inner_val,6bba_bb9f20c3,15.0,33.0,80.0,81.0,0.0
3.0,Learned_UNet_N0,seq_inner_val_6bba_t80_p04_crowded,inner_val,6bba_bb9f20c3,16.0,34.0,80.0,81.0,0.8125
3.0,Learned_UNet_N0,seq_inner_val_6bba_t80_p04_crowded,inner_val,6bba_bb9f20c3,18.0,36.0,80.0,81.0,0.0
3.0,Learned_UNet_N0,seq_inner_val_6bba_t80_p04_crowded,inner_val,6bba_bb9f20c3,19.0,37.0,80.0,81.0,2.2980970388562794
3.0,Learned_UNet_N0,seq_inner_val_6bba_t80_p04_crowded,inner_val,6bba_bb9f20c3,20.0,39.0,81.0,82.0,0.40625
3.0,Learned_UNet_N0,seq_inner_val_6bba_t80_p04_crowded,inner_val,6bba_bb9f20c3,21.0,42.0,81.0,82.0,1.1490485194281397
3.0,Learned_UNet_N0,seq_inner_val_6bba_t80_p04_crowded,inner_val,6bba_bb9f20c3,22.0,40.0,81.0,82.0,0.0
3.0,Learned_UNet_N0,seq_inner_val_6bba_t80_p04_crowded,inner_val,6bba_bb9f20c3,23.0,41.0,81.0,82.0,0.9084026158592896
3.0,Learned_UNet_N0,seq_inner_val_6bba_t80_p04_crowded,inner_val,6bba_bb9f20c3,24.0,38.0,81.0,82.0,0.8125
3.0,Learned_UNet_N0,seq_inner_val_6bba_t80_p04_crowded,inner_val,6bba_bb9f20c3,25.0,46.0,81.0,82.0,0.5745242597140698
3.0,Learned_UNet_N0,seq_inner_val_6bba_t80_p04_crowded,inner_val,6bba_bb9f20c3,26.0,47.0,81.0,82.0,0.9084026158592896
3.0,Learned_UNet_N0,seq_inner_val_6bba_t80_p04_crowded,inner_val,6bba_bb9f20c3,28.0,44.0,81.0,82.0,0.40625
3.0,Learned_UNet_N0,seq_inner_val_6bba_t80_p04_crowded,inner_val,6bba_bb9f20c3,29.0,45.0,81.0,82.0,0.40625
3.0,Learned_UNet_N0,seq_inner_val_6bba_t80_p04_crowded,inner_val,6bba_bb9f20c3,30.0,48.0,81.0,82.0,0.40625
3.0,Learned_UNet_N0,seq_inner_val_6bba_t80_p04_crowded,inner_val,6bba_bb9f20c3,31.0,50.0,81.0,82.0,0.9084026158592896
3.0,Learned_UNet_N0,seq_inner_val_6bba_t80_p04_crowded,inner_val,6bba_bb9f20c3,32.0,49.0,81.0,82.0,0.40625
3.0,Learned_UNet_N0,seq_inner_val_6bba_t80_p04_crowded,inner_val,6bba_bb9f20c3,33.0,51.0,81.0,82.0,0.0
3.0,Learned_UNet_N0,seq_inner_val_6bba_t80_p04_crowded,inner_val,6bba_bb9f20c3,34.0,53.0,81.0,82.0,0.0
3.0,Learned_UNet_N0,seq_inner_val_6bba_t80_p04_crowded,inner_val,6bba_bb9f20c3,36.0,55.0,81.0,82.0,0.0
3.0,Learned_UNet_N0,seq_inner_val_6bba_t80_p04_crowded,inner_val,6bba_bb9f20c3,38.0,58.0,82.0,83.0,0.8125
3.0,Learned_UNet_N0,seq_inner_val_6bba_t80_p04_crowded,inner_val,6bba_bb9f20c3,39.0,56.0,82.0,83.0,1.4647552056572457
3.0,Learned_UNet_N0,seq_inner_val_6bba_t80_p04_crowded,inner_val,6bba_bb9f20c3,41.0,63.0,82.0,83.0,0.40625
3.0,Learned_UNet_N0,seq_inner_val_6bba_t80_p04_crowded,inner_val,6bba_bb9f20c3,42.0,57.0,82.0,83.0,1.284675299443404
3.0,Learned_UNet_N0,seq_inner_val_6bba_t80_p04_crowded,inner_val,6bba_bb9f20c3,44.0,61.0,82.0,83.0,0.0
3.0,Learned_UNet_N0,seq_inner_val_6bba_t80_p04_crowded,inner_val,6bba_bb9f20c3,45.0,65.0,82.0,83.0,0.40625
3.0,Learned_UNet_N0,seq_inner_val_6bba_t80_p04_crowded,inner_val,6bba_bb9f20c3,46.0,62.0,82.0,83.0,1.4647552056572457
3.0,Learned_UNet_N0,seq_inner_val_6bba_t80_p04_crowded,inner_val,6bba_bb9f20c3,47.0,64.0,82.0,83.0,0.9084026158592896
3.0,Learned_UNet_N0,seq_inner_val_6bba_t80_p04_crowded,inner_val,6bba_bb9f20c3,49.0,66.0,82.0,83.0,0.8125
3.0,Learned_UNet_N0,seq_inner_val_6bba_t80_p04_crowded,inner_val,6bba_bb9f20c3,50.0,68.0,82.0,83.0,0.40625
3.0,Learned_UNet_N0,seq_inner_val_6bba_t80_p04_crowded,inner_val,6bba_bb9f20c3,51.0,69.0,82.0,83.0,1.1490485194281397
3.0,Learned_UNet_N0,seq_inner_val_6bba_t80_p04_crowded,inner_val,6bba_bb9f20c3,53.0,70.0,82.0,83.0,1.625
3.0,Learned_UNet_N0,seq_inner_val_6bba_t80_p04_crowded,inner_val,6bba_bb9f20c3,55.0,72.0,82.0,83.0,0.0
3.0,Learned_UNet_N0,seq_inner_val_6bba_t80_p04_crowded,inner_val,6bba_bb9f20c3,58.0,81.0,83.0,84.0,0.0
3.0,Learned_UNet_N0,seq_inner_val_6bba_t80_p04_crowded,inner_val,6bba_bb9f20c3,59.0,80.0,83.0,84.0,1.625
3.0,Learned_UNet_N0,seq_inner_val_6bba_t80_p04_crowded,inner_val,6bba_bb9f20c3,61.0,78.0,83.0,84.0,1.625
3.0,Learned_UNet_N0,seq_inner_val_6bba_t80_p04_crowded,inner_val,6bba_bb9f20c3,63.0,76.0,83.0,84.0,0.40625
3.0,Learned_UNet_N0,seq_inner_val_6bba_t80_p04_crowded,inner_val,6bba_bb9f20c3,64.0,83.0,83.0,84.0,1.1490485194281397
3.0,Learned_UNet_N0,seq_inner_val_6bba_t80_p04_crowded,inner_val,6bba_bb9f20c3,65.0,82.0,83.0,84.0,0.9084026158592896
3.0,Learned_UNet_N0,seq_inner_val_6bba_t80_p04_crowded,inner_val,6bba_bb9f20c3,66.0,88.0,83.0,84.0,0.8125
3.0,Learned_UNet_N0,seq_inner_val_6bba_t80_p04_crowded,inner_val,6bba_bb9f20c3,67.0,84.0,83.0,84.0,0.8125
3.0,Learned_UNet_N0,seq_inner_val_6bba_t80_p04_crowded,inner_val,6bba_bb9f20c3,69.0,91.0,83.0,84.0,0.40625
3.0,Learned_UNet_N0,seq_inner_val_6bba_t80_p04_crowded,inner_val,6bba_bb9f20c3,70.0,92.0,83.0,84.0,0.0
3.0,Learned_UNet_N0,seq_inner_val_6bba_t80_p04_crowded,inner_val,6bba_bb9f20c3,72.0,90.0,83.0,84.0,0.40625
3.0,Learned_UNet_N0,seq_inner_val_6bba_t75_p05_isolated,inner_val,6bba_bb9f20c3,0.0,19.0,75.0,76.0,1.284675299443404
3.0,Learned_UNet_N0,seq_inner_val_6bba_t75_p05_isolated,inner_val,6bba_bb9f20c3,2.0,20.0,75.0,76.0,1.8168052317185792
3.0,Learned_UNet_N0,seq_inner_val_6bba_t75_p05_isolated,inner_val,6bba_bb9f20c3,3.0,17.0,75.0,76.0,1.4647552056572457
3.0,Learned_UNet_N0,seq_inner_val_6bba_t75_p05_isolated,inner_val,6bba_bb9f20c3,6.0,21.0,75.0,76.0,1.625
3.0,Learned_UNet_N0,seq_inner_val_6bba_t75_p05_isolated,inner_val,6bba_bb9f20c3,7.0,23.0,75.0,76.0,1.8168052317185792
3.0,Learned_UNet_N0,seq_inner_val_6bba_t75_p05_isolated,inner_val,6bba_bb9f20c3,11.0,26.0,75.0,76.0,0.40625
3.0,Learned_UNet_N0,seq_inner_val_6bba_t75_p05_isolated,inner_val,6bba_bb9f20c3,12.0,25.0,75.0,76.0,0.40625
3.0,Learned_UNet_N0,seq_inner_val_6bba_t75_p05_isolated,inner_val,6bba_bb9f20c3,13.0,27.0,75.0,76.0,1.625
3.0,Learned_UNet_N0,seq_inner_val_6bba_t75_p05_isolated,inner_val,6bba_bb9f20c3,15.0,28.0,75.0,76.0,0.40625
3.0,Learned_UNet_N0,seq_inner_val_6bba_t75_p05_isolated,inner_val,6bba_bb9f20c3,17.0,29.0,76.0,77.0,0.8125
3.0,Learned_UNet_N0,seq_inner_val_6bba_t75_p05_isolated,inner_val,6bba_bb9f20c3,18.0,30.0,76.0,77.0,0.0
3.0,Learned_UNet_N0,seq_inner_val_6bba_t75_p05_isolated,inner_val,6bba_bb9f20c3,19.0,32.0,76.0,77.0,0.40625
3.0,Learned_UNet_N0,seq_inner_val_6bba_t75_p05_isolated,inner_val,6bba_bb9f20c3,20.0,31.0,76.0,77.0,1.21875
3.0,Learned_UNet_N0,seq_inner_val_6bba_t75_p05_isolated,inner_val,6bba_bb9f20c3,21.0,33.0,76.0,77.0,0.0
3.0,Learned_UNet_N0,seq_inner_val_6bba_t75_p05_isolated,inner_val,6bba_bb9f20c3,22.0,35.0,76.0,77.0,0.40625
3.0,Learned_UNet_N0,seq_inner_val_6bba_t75_p05_isolated,inner_val,6bba_bb9f20c3,23.0,34.0,76.0,77.0,0.9084026158592896
3.0,Learned_UNet_N0,seq_inner_val_6bba_t75_p05_isolated,inner_val,6bba_bb9f20c3,24.0,36.0,76.0,77.0,0.40625
3.0,Learned_UNet_N0,seq_inner_val_6bba_t75_p05_isolated,inner_val,6bba_bb9f20c3,25.0,37.0,76.0,77.0,0.40625
3.0,Learned_UNet_N0,seq_inner_val_6bba_t75_p05_isolated,inner_val,6bba_bb9f20c3,26.0,38.0,76.0,77.0,0.8125
3.0,Learned_UNet_N0,seq_inner_val_6bba_t75_p05_isolated,inner_val,6bba_bb9f20c3,27.0,41.0,76.0,77.0,0.8125
3.0,Learned_UNet_N0,seq_inner_val_6bba_t75_p05_isolated,inner_val,6bba_bb9f20c3,28.0,40.0,76.0,77.0,0.40625
3.0,Learned_UNet_N0,seq_inner_val_6bba_t75_p05_isolated,inner_val,6bba_bb9f20c3,29.0,43.0,77.0,78.0,0.5745242597140698
3.0,Learned_UNet_N0,seq_inner_val_6bba_t75_p05_isolated,inner_val,6bba_bb9f20c3,30.0,44.0,77.0,78.0,1.21875
3.0,Learned_UNet_N0,seq_inner_val_6bba_t75_p05_isolated,inner_val,6bba_bb9f20c3,33.0,49.0,77.0,78.0,0.0
3.0,Learned_UNet_N0,seq_inner_val_6bba_t75_p05_isolated,inner_val,6bba_bb9f20c3,34.0,48.0,77.0,78.0,0.40625
3.0,Learned_UNet_N0,seq_inner_val_6bba_t75_p05_isolated,inner_val,6bba_bb9f20c3,35.0,50.0,77.0,78.0,1.625
3.0,Learned_UNet_N0,seq_inner_val_6bba_t75_p05_isolated,inner_val,6bba_bb9f20c3,36.0,51.0,77.0,78.0,0.0
3.0,Learned_UNet_N0,seq_inner_val_6bba_t75_p05_isolated,inner_val,6bba_bb9f20c3,37.0,52.0,77.0,78.0,2.4375
3.0,Learned_UNet_N0,seq_inner_val_6bba_t75_p05_isolated,inner_val,6bba_bb9f20c3,38.0,53.0,77.0,78.0,0.9084026158592896
3.0,Learned_UNet_N0,seq_inner_val_6bba_t75_p05_isolated,inner_val,6bba_bb9f20c3,40.0,56.0,77.0,78.0,1.7235727791422095
3.0,Learned_UNet_N0,seq_inner_val_6bba_t75_p05_isolated,inner_val,6bba_bb9f20c3,41.0,54.0,77.0,78.0,0.0
3.0,Learned_UNet_N0,seq_inner_val_6bba_t75_p05_isolated,inner_val,6bba_bb9f20c3,53.0,67.0,78.0,79.0,1.86167137607581
3.0,Learned_UNet_N0,seq_inner_val_6bba_t75_p06_isolated,inner_val,6bba_bb9f20c3,2.0,19.0,75.0,76.0,0.8125
3.0,Learned_UNet_N0,seq_inner_val_6bba_t75_p06_isolated,inner_val,6bba_bb9f20c3,3.0,20.0,75.0,76.0,2.03125
3.0,Learned_UNet_N0,seq_inner_val_6bba_t75_p06_isolated,inner_val,6bba_bb9f20c3,4.0,18.0,75.0,76.0,1.8168052317185792
3.0,Learned_UNet_N0,seq_inner_val_6bba_t75_p06_isolated,inner_val,6bba_bb9f20c3,5.0,22.0,75.0,76.0,0.40625
3.0,Learned_UNet_N0,seq_inner_val_6bba_t75_p06_isolated,inner_val,6bba_bb9f20c3,7.0,26.0,75.0,76.0,0.8125
3.0,Learned_UNet_N0,seq_inner_val_6bba_t75_p06_isolated,inner_val,6bba_bb9f20c3,9.0,25.0,75.0,76.0,2.569350598886808
3.0,Learned_UNet_N0,seq_inner_val_6bba_t75_p06_isolated,inner_val,6bba_bb9f20c3,12.0,21.0,75.0,76.0,0.8125
3.0,Learned_UNet_N0,seq_inner_val_6bba_t75_p06_isolated,inner_val,6bba_bb9f20c3,15.0,30.0,75.0,76.0,0.5745242597140698
3.0,Learned_UNet_N0,seq_inner_val_6bba_t75_p06_isolated,inner_val,6bba_bb9f20c3,17.0,31.0,76.0,77.0,0.9084026158592896
3.0,Learned_UNet_N0,seq_inner_val_6bba_t75_p06_isolated,inner_val,6bba_bb9f20c3,18.0,32.0,76.0,77.0,0.8125
3.0,Learned_UNet_N0,seq_inner_val_6bba_t75_p06_isolated,inner_val,6bba_bb9f20c3,19.0,34.0,76.0,77.0,1.625
3.0,Learned_UNet_N0,seq_inner_val_6bba_t75_p06_isolated,inner_val,6bba_bb9f20c3,20.0,33.0,76.0,77.0,0.40625
3.0,Learned_UNet_N0,seq_inner_val_6bba_t75_p06_isolated,inner_val,6bba_bb9f20c3,21.0,41.0,76.0,77.0,0.5745242597140698
3.0,Learned_UNet_N0,seq_inner_val_6bba_t75_p06_isolated,inner_val,6bba_bb9f20c3,22.0,35.0,76.0,77.0,0.0
3.0,Learned_UNet_N0,seq_inner_val_6bba_t75_p06_isolated,inner_val,6bba_bb9f20c3,23.0,39.0,76.0,77.0,0.0
3.0,Learned_UNet_N0,seq_inner_val_6bba_t75_p06_isolated,inner_val,6bba_bb9f20c3,25.0,40.0,76.0,77.0,0.8125
3.0,Learned_UNet_N0,seq_inner_val_6bba_t75_p06_isolated,inner_val,6bba_bb9f20c3,27.0,38.0,76.0,77.0,1.284675299443404
3.0,Learned_UNet_N0,seq_inner_val_6bba_t75_p06_isolated,inner_val,6bba_bb9f20c3,28.0,42.0,76.0,77.0,0.0
3.0,Learned_UNet_N0,seq_inner_val_6bba_t75_p06_isolated,inner_val,6bba_bb9f20c3,30.0,44.0,76.0,77.0,0.8125
3.0,Learned_UNet_N0,seq_inner_val_6bba_t75_p06_isolated,inner_val,6bba_bb9f20c3,32.0,46.0,77.0,78.0,0.9084026158592896
3.0,Learned_UNet_N0,seq_inner_val_6bba_t75_p06_isolated,inner_val,6bba_bb9f20c3,33.0,47.0,77.0,78.0,0.40625
3.0,Learned_UNet_N0,seq_inner_val_6bba_t75_p06_isolated,inner_val,6bba_bb9f20c3,34.0,48.0,77.0,78.0,0.0
3.0,Learned_UNet_N0,seq_inner_val_6bba_t75_p06_isolated,inner_val,6bba_bb9f20c3,36.0,49.0,77.0,78.0,0.5745242597140698
3.0,Learned_UNet_N0,seq_inner_val_6bba_t75_p06_isolated,inner_val,6bba_bb9f20c3,37.0,51.0,77.0,78.0,0.0
3.0,Learned_UNet_N0,seq_inner_val_6bba_t75_p06_isolated,inner_val,6bba_bb9f20c3,38.0,57.0,77.0,78.0,0.9084026158592896
3.0,Learned_UNet_N0,seq_inner_val_6bba_t75_p06_isolated,inner_val,6bba_bb9f20c3,39.0,55.0,77.0,78.0,0.40625
3.0,Learned_UNet_N0,seq_inner_val_6bba_t75_p06_isolated,inner_val,6bba_bb9f20c3,40.0,56.0,77.0,78.0,0.8125
3.0,Learned_UNet_N0,seq_inner_val_6bba_t75_p06_isolated,inner_val,6bba_bb9f20c3,41.0,53.0,77.0,78.0,0.5745242597140698
3.0,Learned_UNet_N0,seq_inner_val_6bba_t75_p06_isolated,inner_val,6bba_bb9f20c3,42.0,58.0,77.0,78.0,0.5745242597140698
3.0,Learned_UNet_N0,seq_inner_val_6bba_t75_p06_isolated,inner_val,6bba_bb9f20c3,43.0,59.0,77.0,78.0,2.8145825622994254
3.0,Learned_UNet_N0,seq_inner_val_6bba_t75_p06_isolated,inner_val,6bba_bb9f20c3,44.0,63.0,77.0,78.0,2.4375
3.0,Learned_UNet_N0,seq_inner_val_6bba_t75_p06_isolated,inner_val,6bba_bb9f20c3,62.0,76.0,78.0,79.0,2.333728575156074
3.0,Learned_UNet_N0,seq_inner_val_6bba_t90_p07_isolated,inner_val,6bba_bb9f20c3,1.0,12.0,90.0,91.0,1.284675299443404
3.0,Learned_UNet_N0,seq_inner_val_6bba_t90_p07_isolated,inner_val,6bba_bb9f20c3,2.0,11.0,90.0,91.0,1.1490485194281397
3.0,Learned_UNet_N0,seq_inner_val_6bba_t90_p07_isolated,inner_val,6bba_bb9f20c3,3.0,14.0,90.0,91.0,1.21875
3.0,Learned_UNet_N0,seq_inner_val_6bba_t90_p07_isolated,inner_val,6bba_bb9f20c3,5.0,15.0,90.0,91.0,2.0714766773970688
3.0,Learned_UNet_N0,seq_inner_val_6bba_t90_p07_isolated,inner_val,6bba_bb9f20c3,6.0,17.0,90.0,91.0,0.40625
3.0,Learned_UNet_N0,seq_inner_val_6bba_t90_p07_isolated,inner_val,6bba_bb9f20c3,8.0,18.0,90.0,91.0,1.6750116604071745
3.0,Learned_UNet_N0,seq_inner_val_6bba_t90_p07_isolated,inner_val,6bba_bb9f20c3,9.0,23.0,90.0,91.0,2.569350598886808
3.0,Learned_UNet_N0,seq_inner_val_6bba_t90_p07_isolated,inner_val,6bba_bb9f20c3,11.0,25.0,91.0,92.0,0.0
3.0,Learned_UNet_N0,seq_inner_val_6bba_t90_p07_isolated,inner_val,6bba_bb9f20c3,12.0,30.0,91.0,92.0,1.8168052317185792
3.0,Learned_UNet_N0,seq_inner_val_6bba_t90_p07_isolated,inner_val,6bba_bb9f20c3,14.0,28.0,91.0,92.0,1.1490485194281397
3.0,Learned_UNet_N0,seq_inner_val_6bba_t90_p07_isolated,inner_val,6bba_bb9f20c3,16.0,31.0,91.0,92.0,1.284675299443404
3.0,Learned_UNet_N0,seq_inner_val_6bba_t90_p07_isolated,inner_val,6bba_bb9f20c3,18.0,37.0,91.0,92.0,1.284675299443404
3.0,Learned_UNet_N0,seq_inner_val_6bba_t90_p07_isolated,inner_val,6bba_bb9f20c3,21.0,38.0,91.0,92.0,1.625
3.0,Learned_UNet_N0,seq_inner_val_6bba_t90_p07_isolated,inner_val,6bba_bb9f20c3,23.0,36.0,91.0,92.0,0.8125
3.0,Learned_UNet_N0,seq_inner_val_6bba_t90_p07_isolated,inner_val,6bba_bb9f20c3,25.0,42.0,92.0,93.0,0.0
3.0,Learned_UNet_N0,seq_inner_val_6bba_t90_p07_isolated,inner_val,6bba_bb9f20c3,26.0,40.0,92.0,93.0,1.21875
3.0,Learned_UNet_N0,seq_inner_val_6bba_t90_p07_isolated,inner_val,6bba_bb9f20c3,27.0,41.0,92.0,93.0,0.9084026158592896
3.0,Learned_UNet_N0,seq_inner_val_6bba_t90_p07_isolated,inner_val,6bba_bb9f20c3,28.0,44.0,92.0,93.0,1.4647552056572457
3.0,Learned_UNet_N0,seq_inner_val_6bba_t90_p07_isolated,inner_val,6bba_bb9f20c3,31.0,45.0,92.0,93.0,0.40625
3.0,Learned_UNet_N0,seq_inner_val_6bba_t90_p07_isolated,inner_val,6bba_bb9f20c3,34.0,48.0,92.0,93.0,2.333728575156074
3.0,Learned_UNet_N0,seq_inner_val_6bba_t90_p07_isolated,inner_val,6bba_bb9f20c3,35.0,49.0,92.0,93.0,2.471122277933652
3.0,Learned_UNet_N0,seq_inner_val_6bba_t90_p07_isolated,inner_val,6bba_bb9f20c3,36.0,50.0,92.0,93.0,0.40625
3.0,Learned_UNet_N0,seq_inner_val_6bba_t90_p07_isolated,inner_val,6bba_bb9f20c3,41.0,51.0,93.0,94.0,0.40625
3.0,Learned_UNet_N0,seq_inner_val_6bba_t90_p07_isolated,inner_val,6bba_bb9f20c3,42.0,53.0,93.0,94.0,1.284675299443404
3.0,Learned_UNet_N0,seq_inner_val_6bba_t90_p07_isolated,inner_val,6bba_bb9f20c3,44.0,55.0,93.0,94.0,1.4647552056572457
3.0,Learned_UNet_N0,seq_inner_val_6bba_t90_p07_isolated,inner_val,6bba_bb9f20c3,45.0,56.0,93.0,94.0,2.03125
3.0,Learned_UNet_N0,seq_inner_val_6bba_t90_p07_isolated,inner_val,6bba_bb9f20c3,46.0,54.0,93.0,94.0,0.5745242597140698
3.0,Learned_UNet_N0,seq_inner_val_6bba_t90_p07_isolated,inner_val,6bba_bb9f20c3,48.0,60.0,93.0,94.0,1.6750116604071745
3.0,Learned_UNet_N0,seq_inner_val_6bba_t90_p07_isolated,inner_val,6bba_bb9f20c3,50.0,63.0,93.0,94.0,0.9084026158592896
3.0,Learned_UNet_N0,seq_inner_val_6bba_t90_p08_boundary,inner_val,6bba_bb9f20c3,1.0,13.0,90.0,91.0,2.03125
3.0,Learned_UNet_N0,seq_inner_val_6bba_t90_p08_boundary,inner_val,6bba_bb9f20c3,11.0,21.0,90.0,91.0,1.1490485194281397
3.0,Learned_UNet_N0,seq_inner_val_6bba_t90_p08_boundary,inner_val,6bba_bb9f20c3,14.0,24.0,91.0,92.0,0.8125
3.0,Learned_UNet_N0,seq_inner_val_6bba_t90_p08_boundary,inner_val,6bba_bb9f20c3,15.0,26.0,91.0,92.0,0.8125
3.0,Learned_UNet_N0,seq_inner_val_6bba_t90_p08_boundary,inner_val,6bba_bb9f20c3,20.0,30.0,91.0,92.0,0.0
3.0,Learned_UNet_N0,seq_inner_val_6bba_t90_p08_boundary,inner_val,6bba_bb9f20c3,21.0,31.0,91.0,92.0,2.368824207280903
3.0,Learned_UNet_N0,seq_inner_val_6bba_t90_p08_boundary,inner_val,6bba_bb9f20c3,22.0,32.0,91.0,92.0,1.8168052317185792
3.0,Learned_UNet_N0,seq_inner_val_6bba_t90_p08_boundary,inner_val,6bba_bb9f20c3,24.0,35.0,92.0,93.0,1.21875
3.0,Learned_UNet_N0,seq_inner_val_6bba_t90_p08_boundary,inner_val,6bba_bb9f20c3,25.0,37.0,92.0,93.0,1.1490485194281397
3.0,Learned_UNet_N0,seq_inner_val_6bba_t90_p08_boundary,inner_val,6bba_bb9f20c3,26.0,36.0,92.0,93.0,1.21875
3.0,Learned_UNet_N0,seq_inner_val_6bba_t90_p08_boundary,inner_val,6bba_bb9f20c3,28.0,40.0,92.0,93.0,0.9084026158592896
3.0,Learned_UNet_N0,seq_inner_val_6bba_t90_p08_boundary,inner_val,6bba_bb9f20c3,29.0,41.0,92.0,93.0,0.8125
3.0,Learned_UNet_N0,seq_inner_val_6bba_t90_p08_boundary,inner_val,6bba_bb9f20c3,30.0,44.0,92.0,93.0,2.03125
3.0,Learned_UNet_N0,seq_inner_val_6bba_t90_p08_boundary,inner_val,6bba_bb9f20c3,31.0,45.0,92.0,93.0,1.6750116604071745
3.0,Learned_UNet_N0,seq_inner_val_6bba_t90_p08_boundary,inner_val,6bba_bb9f20c3,32.0,42.0,92.0,93.0,0.8125
3.0,Learned_UNet_N0,seq_inner_val_6bba_t90_p08_boundary,inner_val,6bba_bb9f20c3,34.0,43.0,92.0,93.0,0.9084026158592896
3.0,Learned_UNet_N0,seq_inner_val_6bba_t90_p08_boundary,inner_val,6bba_bb9f20c3,35.0,46.0,93.0,94.0,1.1490485194281397
3.0,Learned_UNet_N0,seq_inner_val_6bba_t90_p08_boundary,inner_val,6bba_bb9f20c3,36.0,47.0,93.0,94.0,0.40625
3.0,Learned_UNet_N0,seq_inner_val_6bba_t90_p08_boundary,inner_val,6bba_bb9f20c3,37.0,48.0,93.0,94.0,0.9084026158592896
3.0,Learned_UNet_N0,seq_inner_val_6bba_t90_p08_boundary,inner_val,6bba_bb9f20c3,39.0,50.0,93.0,94.0,2.9295104113144914
3.0,Learned_UNet_N0,seq_inner_val_6bba_t90_p08_boundary,inner_val,6bba_bb9f20c3,40.0,51.0,93.0,94.0,1.1490485194281397
3.0,Learned_UNet_N0,seq_inner_val_6bba_t90_p08_boundary,inner_val,6bba_bb9f20c3,41.0,53.0,93.0,94.0,0.40625
3.0,Learned_UNet_N0,seq_inner_val_6bba_t90_p08_boundary,inner_val,6bba_bb9f20c3,42.0,55.0,93.0,94.0,1.8168052317185792
3.0,Learned_UNet_N0,seq_inner_val_6bba_t90_p08_boundary,inner_val,6bba_bb9f20c3,43.0,54.0,93.0,94.0,0.40625
3.0,Learned_UNet_N0,seq_inner_val_6bba_t90_p08_boundary,inner_val,6bba_bb9f20c3,44.0,56.0,93.0,94.0,2.0714766773970688
3.0,Learned_UNet_N0,seq_inner_val_6bba_t90_p09_zero_annotation,inner_val,6bba_bb9f20c3,0.0,11.0,90.0,91.0,0.0
3.0,Learned_UNet_N0,seq_inner_val_6bba_t90_p09_zero_annotation,inner_val,6bba_bb9f20c3,2.0,15.0,90.0,91.0,0.8125
3.0,Learned_UNet_N0,seq_inner_val_6bba_t90_p09_zero_annotation,inner_val,6bba_bb9f20c3,5.0,13.0,90.0,91.0,0.0
3.0,Learned_UNet_N0,seq_inner_val_6bba_t90_p09_zero_annotation,inner_val,6bba_bb9f20c3,7.0,21.0,90.0,91.0,1.8168052317185792
3.0,Learned_UNet_N0,seq_inner_val_6bba_t90_p09_zero_annotation,inner_val,6bba_bb9f20c3,11.0,25.0,91.0,92.0,0.0
3.0,Learned_UNet_N0,seq_inner_val_6bba_t90_p09_zero_annotation,inner_val,6bba_bb9f20c3,13.0,29.0,91.0,92.0,1.284675299443404
3.0,Learned_UNet_N0,seq_inner_val_6bba_t90_p09_zero_annotation,inner_val,6bba_bb9f20c3,17.0,38.0,91.0,92.0,0.9084026158592896
3.0,Learned_UNet_N0,seq_inner_val_6bba_t90_p09_zero_annotation,inner_val,6bba_bb9f20c3,19.0,36.0,91.0,92.0,2.4375
3.0,Learned_UNet_N0,seq_inner_val_6bba_t90_p09_zero_annotation,inner_val,6bba_bb9f20c3,23.0,35.0,91.0,92.0,0.8125
3.0,Learned_UNet_N0,seq_inner_val_6bba_t90_p09_zero_annotation,inner_val,6bba_bb9f20c3,25.0,40.0,92.0,93.0,1.21875
3.0,Learned_UNet_N0,seq_inner_val_6bba_t90_p09_zero_annotation,inner_val,6bba_bb9f20c3,27.0,41.0,92.0,93.0,0.9084026158592896
3.0,Learned_UNet_N0,seq_inner_val_6bba_t90_p09_zero_annotation,inner_val,6bba_bb9f20c3,34.0,48.0,92.0,93.0,1.625
3.0,Learned_UNet_N0,seq_inner_val_6bba_t90_p09_zero_annotation,inner_val,6bba_bb9f20c3,35.0,47.0,92.0,93.0,0.8125
3.0,Learned_UNet_N0,seq_inner_val_6bba_t90_p09_zero_annotation,inner_val,6bba_bb9f20c3,36.0,54.0,92.0,93.0,0.8125
3.0,Learned_UNet_N0,seq_inner_val_6bba_t90_p09_zero_annotation,inner_val,6bba_bb9f20c3,40.0,56.0,93.0,94.0,1.1490485194281397
3.0,Learned_UNet_N0,seq_inner_val_6bba_t90_p09_zero_annotation,inner_val,6bba_bb9f20c3,41.0,58.0,93.0,94.0,0.0
3.0,Learned_UNet_N0,seq_inner_val_6bba_t90_p09_zero_annotation,inner_val,6bba_bb9f20c3,42.0,59.0,93.0,94.0,0.8125
3.0,Learned_UNet_N0,seq_inner_val_6bba_t90_p09_zero_annotation,inner_val,6bba_bb9f20c3,45.0,62.0,93.0,94.0,1.284675299443404
3.0,Learned_UNet_N0,seq_inner_val_6bba_t90_p09_zero_annotation,inner_val,6bba_bb9f20c3,47.0,66.0,93.0,94.0,1.625
3.0,Learned_UNet_N0,seq_inner_val_6bba_t90_p09_zero_annotation,inner_val,6bba_bb9f20c3,49.0,68.0,93.0,94.0,1.284675299443404
3.0,Learned_UNet_N0,seq_inner_val_6bba_t90_p10_zero_annotation,inner_val,6bba_bb9f20c3,14.0,27.0,91.0,92.0,0.0
3.0,Learned_UNet_N0,seq_inner_val_6bba_t90_p10_zero_annotation,inner_val,6bba_bb9f20c3,17.0,32.0,91.0,92.0,2.0714766773970688
3.0,Learned_UNet_N0,seq_inner_val_6bba_t90_p10_zero_annotation,inner_val,6bba_bb9f20c3,18.0,28.0,91.0,92.0,2.4375
3.0,Learned_UNet_N0,seq_inner_val_6bba_t90_p10_zero_annotation,inner_val,6bba_bb9f20c3,19.0,36.0,91.0,92.0,2.9575446425202108
3.0,Learned_UNet_N0,seq_inner_val_6bba_t90_p10_zero_annotation,inner_val,6bba_bb9f20c3,25.0,37.0,92.0,93.0,2.569350598886808
3.0,Learned_UNet_N0,seq_inner_val_6bba_t90_p10_zero_annotation,inner_val,6bba_bb9f20c3,27.0,39.0,92.0,93.0,2.9295104113144914
3.0,Learned_UNet_N0,seq_inner_val_6bba_t90_p10_zero_annotation,inner_val,6bba_bb9f20c3,33.0,47.0,92.0,93.0,0.0
3.0,Learned_UNet_N0,seq_inner_val_6bba_t90_p10_zero_annotation,inner_val,6bba_bb9f20c3,35.0,45.0,92.0,93.0,0.5745242597140698
3.0,Learned_UNet_N0,seq_inner_val_6bba_t90_p10_zero_annotation,inner_val,6bba_bb9f20c3,37.0,49.0,93.0,94.0,0.8125
3.0,Learned_UNet_N0,seq_inner_val_6bba_t90_p10_zero_annotation,inner_val,6bba_bb9f20c3,39.0,50.0,93.0,94.0,1.6750116604071745
3.0,Learned_UNet_N0,seq_inner_val_6bba_t90_p10_zero_annotation,inner_val,6bba_bb9f20c3,45.0,57.0,93.0,94.0,0.0
3.0,Learned_UNet_N0,seq_inner_val_6bba_t90_p10_zero_annotation,inner_val,6bba_bb9f20c3,46.0,56.0,93.0,94.0,2.7252078475778685
3.0,Learned_UNet_N0,seq_inner_val_44b6_t80_p01_crowded,inner_val,44b6_d29c9ab2,0.0,23.0,80.0,81.0,2.03125
3.0,Learned_UNet_N0,seq_inner_val_44b6_t80_p01_crowded,inner_val,44b6_d29c9ab2,1.0,22.0,80.0,81.0,1.284675299443404
3.0,Learned_UNet_N0,seq_inner_val_44b6_t80_p01_crowded,inner_val,44b6_d29c9ab2,2.0,25.0,80.0,81.0,1.284675299443404
3.0,Learned_UNet_N0,seq_inner_val_44b6_t80_p01_crowded,inner_val,44b6_d29c9ab2,4.0,37.0,80.0,81.0,1.8168052317185792
3.0,Learned_UNet_N0,seq_inner_val_44b6_t80_p01_crowded,inner_val,44b6_d29c9ab2,5.0,26.0,80.0,81.0,1.1490485194281397
3.0,Learned_UNet_N0,seq_inner_val_44b6_t80_p01_crowded,inner_val,44b6_d29c9ab2,7.0,27.0,80.0,81.0,0.9084026158592896
3.0,Learned_UNet_N0,seq_inner_val_44b6_t80_p01_crowded,inner_val,44b6_d29c9ab2,8.0,29.0,80.0,81.0,2.0714766773970688
3.0,Learned_UNet_N0,seq_inner_val_44b6_t80_p01_crowded,inner_val,44b6_d29c9ab2,9.0,38.0,80.0,81.0,0.8125
3.0,Learned_UNet_N0,seq_inner_val_44b6_t80_p01_crowded,inner_val,44b6_d29c9ab2,10.0,35.0,80.0,81.0,0.40625
3.0,Learned_UNet_N0,seq_inner_val_44b6_t80_p01_crowded,inner_val,44b6_d29c9ab2,11.0,31.0,80.0,81.0,0.5745242597140698
3.0,Learned_UNet_N0,seq_inner_val_44b6_t80_p01_crowded,inner_val,44b6_d29c9ab2,12.0,30.0,80.0,81.0,0.5745242597140698
3.0,Learned_UNet_N0,seq_inner_val_44b6_t80_p01_crowded,inner_val,44b6_d29c9ab2,13.0,32.0,80.0,81.0,0.8125
3.0,Learned_UNet_N0,seq_inner_val_44b6_t80_p01_crowded,inner_val,44b6_d29c9ab2,14.0,36.0,80.0,81.0,0.9084026158592896
3.0,Learned_UNet_N0,seq_inner_val_44b6_t80_p01_crowded,inner_val,44b6_d29c9ab2,15.0,33.0,80.0,81.0,0.8125
3.0,Learned_UNet_N0,seq_inner_val_44b6_t80_p01_crowded,inner_val,44b6_d29c9ab2,16.0,39.0,80.0,81.0,1.4647552056572457
3.0,Learned_UNet_N0,seq_inner_val_44b6_t80_p01_crowded,inner_val,44b6_d29c9ab2,20.0,40.0,80.0,81.0,1.21875
3.0,Learned_UNet_N0,seq_inner_val_44b6_t80_p01_crowded,inner_val,44b6_d29c9ab2,21.0,41.0,80.0,81.0,2.368824207280903
3.0,Learned_UNet_N0,seq_inner_val_44b6_t80_p01_crowded,inner_val,44b6_d29c9ab2,22.0,52.0,81.0,82.0,1.284675299443404
3.0,Learned_UNet_N0,seq_inner_val_44b6_t80_p01_crowded,inner_val,44b6_d29c9ab2,23.0,43.0,81.0,82.0,1.21875
3.0,Learned_UNet_N0,seq_inner_val_44b6_t80_p01_crowded,inner_val,44b6_d29c9ab2,25.0,44.0,81.0,82.0,2.1877232028983924
3.0,Learned_UNet_N0,seq_inner_val_44b6_t80_p01_crowded,inner_val,44b6_d29c9ab2,26.0,45.0,81.0,82.0,1.8168052317185792
3.0,Learned_UNet_N0,seq_inner_val_44b6_t80_p01_crowded,inner_val,44b6_d29c9ab2,27.0,55.0,81.0,82.0,2.368824207280903
3.0,Learned_UNet_N0,seq_inner_val_44b6_t80_p01_crowded,inner_val,44b6_d29c9ab2,29.0,54.0,81.0,82.0,1.4647552056572457
3.0,Learned_UNet_N0,seq_inner_val_44b6_t80_p01_crowded,inner_val,44b6_d29c9ab2,30.0,50.0,81.0,82.0,2.03125
3.0,Learned_UNet_N0,seq_inner_val_44b6_t80_p01_crowded,inner_val,44b6_d29c9ab2,31.0,48.0,81.0,82.0,2.1877232028983924
3.0,Learned_UNet_N0,seq_inner_val_44b6_t80_p01_crowded,inner_val,44b6_d29c9ab2,32.0,53.0,81.0,82.0,2.2980970388562794
3.0,Learned_UNet_N0,seq_inner_val_44b6_t80_p01_crowded,inner_val,44b6_d29c9ab2,35.0,56.0,81.0,82.0,2.9575446425202108
3.0,Learned_UNet_N0,seq_inner_val_44b6_t80_p01_crowded,inner_val,44b6_d29c9ab2,37.0,57.0,81.0,82.0,2.9575446425202108
3.0,Learned_UNet_N0,seq_inner_val_44b6_t80_p01_crowded,inner_val,44b6_d29c9ab2,39.0,58.0,81.0,82.0,1.625
3.0,Learned_UNet_N0,seq_inner_val_44b6_t80_p01_crowded,inner_val,44b6_d29c9ab2,41.0,60.0,81.0,82.0,2.8145825622994254
3.0,Learned_UNet_N0,seq_inner_val_44b6_t80_p01_crowded,inner_val,44b6_d29c9ab2,43.0,61.0,82.0,83.0,1.1490485194281397
3.0,Learned_UNet_N0,seq_inner_val_44b6_t80_p01_crowded,inner_val,44b6_d29c9ab2,44.0,63.0,82.0,83.0,0.8125
3.0,Learned_UNet_N0,seq_inner_val_44b6_t80_p01_crowded,inner_val,44b6_d29c9ab2,45.0,68.0,82.0,83.0,1.1490485194281397
3.0,Learned_UNet_N0,seq_inner_val_44b6_t80_p01_crowded,inner_val,44b6_d29c9ab2,47.0,64.0,82.0,83.0,0.5745242597140698
3.0,Learned_UNet_N0,seq_inner_val_44b6_t80_p01_crowded,inner_val,44b6_d29c9ab2,48.0,66.0,82.0,83.0,0.9084026158592896
3.0,Learned_UNet_N0,seq_inner_val_44b6_t80_p01_crowded,inner_val,44b6_d29c9ab2,49.0,65.0,82.0,83.0,1.21875
3.0,Learned_UNet_N0,seq_inner_val_44b6_t80_p01_crowded,inner_val,44b6_d29c9ab2,50.0,69.0,82.0,83.0,0.40625
3.0,Learned_UNet_N0,seq_inner_val_44b6_t80_p01_crowded,inner_val,44b6_d29c9ab2,51.0,62.0,82.0,83.0,0.8125
3.0,Learned_UNet_N0,seq_inner_val_44b6_t80_p01_crowded,inner_val,44b6_d29c9ab2,52.0,70.0,82.0,83.0,0.40625
3.0,Learned_UNet_N0,seq_inner_val_44b6_t80_p01_crowded,inner_val,44b6_d29c9ab2,53.0,71.0,82.0,83.0,1.1490485194281397
3.0,Learned_UNet_N0,seq_inner_val_44b6_t80_p01_crowded,inner_val,44b6_d29c9ab2,54.0,79.0,82.0,83.0,2.03125
3.0,Learned_UNet_N0,seq_inner_val_44b6_t80_p01_crowded,inner_val,44b6_d29c9ab2,55.0,72.0,82.0,83.0,0.9084026158592896
3.0,Learned_UNet_N0,seq_inner_val_44b6_t80_p01_crowded,inner_val,44b6_d29c9ab2,56.0,73.0,82.0,83.0,0.9084026158592896
3.0,Learned_UNet_N0,seq_inner_val_44b6_t80_p01_crowded,inner_val,44b6_d29c9ab2,58.0,81.0,82.0,83.0,0.40625
3.0,Learned_UNet_N0,seq_inner_val_44b6_t80_p01_crowded,inner_val,44b6_d29c9ab2,59.0,80.0,82.0,83.0,1.625
3.0,Learned_UNet_N0,seq_inner_val_44b6_t80_p01_crowded,inner_val,44b6_d29c9ab2,61.0,82.0,83.0,84.0,0.8125
3.0,Learned_UNet_N0,seq_inner_val_44b6_t80_p01_crowded,inner_val,44b6_d29c9ab2,62.0,84.0,83.0,84.0,1.8168052317185792
3.0,Learned_UNet_N0,seq_inner_val_44b6_t80_p01_crowded,inner_val,44b6_d29c9ab2,63.0,85.0,83.0,84.0,1.8168052317185792
3.0,Learned_UNet_N0,seq_inner_val_44b6_t80_p01_crowded,inner_val,44b6_d29c9ab2,64.0,89.0,83.0,84.0,1.4647552056572457
3.0,Learned_UNet_N0,seq_inner_val_44b6_t80_p01_crowded,inner_val,44b6_d29c9ab2,65.0,92.0,83.0,84.0,1.8168052317185792
3.0,Learned_UNet_N0,seq_inner_val_44b6_t80_p01_crowded,inner_val,44b6_d29c9ab2,66.0,88.0,83.0,84.0,1.4647552056572457
3.0,Learned_UNet_N0,seq_inner_val_44b6_t80_p01_crowded,inner_val,44b6_d29c9ab2,67.0,86.0,83.0,84.0,0.8125
3.0,Learned_UNet_N0,seq_inner_val_44b6_t80_p01_crowded,inner_val,44b6_d29c9ab2,68.0,87.0,83.0,84.0,1.4647552056572457
3.0,Learned_UNet_N0,seq_inner_val_44b6_t80_p01_crowded,inner_val,44b6_d29c9ab2,69.0,90.0,83.0,84.0,1.284675299443404
3.0,Learned_UNet_N0,seq_inner_val_44b6_t80_p01_crowded,inner_val,44b6_d29c9ab2,70.0,97.0,83.0,84.0,0.9084026158592896
3.0,Learned_UNet_N0,seq_inner_val_44b6_t80_p01_crowded,inner_val,44b6_d29c9ab2,71.0,91.0,83.0,84.0,1.4647552056572457
3.0,Learned_UNet_N0,seq_inner_val_44b6_t80_p01_crowded,inner_val,44b6_d29c9ab2,72.0,93.0,83.0,84.0,1.284675299443404
3.0,Learned_UNet_N0,seq_inner_val_44b6_t80_p01_crowded,inner_val,44b6_d29c9ab2,75.0,94.0,83.0,84.0,0.40625
3.0,Learned_UNet_N0,seq_inner_val_44b6_t80_p01_crowded,inner_val,44b6_d29c9ab2,77.0,95.0,83.0,84.0,1.8168052317185792
3.0,Learned_UNet_N0,seq_inner_val_44b6_t80_p01_crowded,inner_val,44b6_d29c9ab2,80.0,99.0,83.0,84.0,2.471122277933652
3.0,Learned_UNet_N0,seq_inner_val_44b6_t80_p01_crowded,inner_val,44b6_d29c9ab2,81.0,101.0,83.0,84.0,2.03125
3.0,Learned_UNet_N0,seq_inner_val_44b6_t85_p02_crowded,inner_val,44b6_d29c9ab2,0.0,22.0,85.0,86.0,0.8125
3.0,Learned_UNet_N0,seq_inner_val_44b6_t85_p02_crowded,inner_val,44b6_d29c9ab2,1.0,20.0,85.0,86.0,0.5745242597140698
3.0,Learned_UNet_N0,seq_inner_val_44b6_t85_p02_crowded,inner_val,44b6_d29c9ab2,2.0,21.0,85.0,86.0,0.0
3.0,Learned_UNet_N0,seq_inner_val_44b6_t85_p02_crowded,inner_val,44b6_d29c9ab2,3.0,23.0,85.0,86.0,0.8125
3.0,Learned_UNet_N0,seq_inner_val_44b6_t85_p02_crowded,inner_val,44b6_d29c9ab2,4.0,19.0,85.0,86.0,1.1490485194281397
3.0,Learned_UNet_N0,seq_inner_val_44b6_t85_p02_crowded,inner_val,44b6_d29c9ab2,5.0,26.0,85.0,86.0,0.5745242597140698
3.0,Learned_UNet_N0,seq_inner_val_44b6_t85_p02_crowded,inner_val,44b6_d29c9ab2,6.0,25.0,85.0,86.0,0.9084026158592896
3.0,Learned_UNet_N0,seq_inner_val_44b6_t85_p02_crowded,inner_val,44b6_d29c9ab2,7.0,29.0,85.0,86.0,0.8125
3.0,Learned_UNet_N0,seq_inner_val_44b6_t85_p02_crowded,inner_val,44b6_d29c9ab2,8.0,30.0,85.0,86.0,0.9084026158592896
3.0,Learned_UNet_N0,seq_inner_val_44b6_t85_p02_crowded,inner_val,44b6_d29c9ab2,9.0,24.0,85.0,86.0,0.40625
3.0,Learned_UNet_N0,seq_inner_val_44b6_t85_p02_crowded,inner_val,44b6_d29c9ab2,10.0,27.0,85.0,86.0,0.40625
3.0,Learned_UNet_N0,seq_inner_val_44b6_t85_p02_crowded,inner_val,44b6_d29c9ab2,13.0,36.0,85.0,86.0,2.1877232028983924
3.0,Learned_UNet_N0,seq_inner_val_44b6_t85_p02_crowded,inner_val,44b6_d29c9ab2,14.0,31.0,85.0,86.0,0.9084026158592896
3.0,Learned_UNet_N0,seq_inner_val_44b6_t85_p02_crowded,inner_val,44b6_d29c9ab2,15.0,34.0,85.0,86.0,1.625
3.0,Learned_UNet_N0,seq_inner_val_44b6_t85_p02_crowded,inner_val,44b6_d29c9ab2,16.0,38.0,85.0,86.0,0.0
3.0,Learned_UNet_N0,seq_inner_val_44b6_t85_p02_crowded,inner_val,44b6_d29c9ab2,19.0,39.0,86.0,87.0,0.40625
3.0,Learned_UNet_N0,seq_inner_val_44b6_t85_p02_crowded,inner_val,44b6_d29c9ab2,20.0,44.0,86.0,87.0,0.5745242597140698
3.0,Learned_UNet_N0,seq_inner_val_44b6_t85_p02_crowded,inner_val,44b6_d29c9ab2,22.0,41.0,86.0,87.0,0.0
3.0,Learned_UNet_N0,seq_inner_val_44b6_t85_p02_crowded,inner_val,44b6_d29c9ab2,23.0,46.0,86.0,87.0,0.40625
3.0,Learned_UNet_N0,seq_inner_val_44b6_t85_p02_crowded,inner_val,44b6_d29c9ab2,24.0,40.0,86.0,87.0,0.8125
3.0,Learned_UNet_N0,seq_inner_val_44b6_t85_p02_crowded,inner_val,44b6_d29c9ab2,26.0,47.0,86.0,87.0,1.1490485194281397
3.0,Learned_UNet_N0,seq_inner_val_44b6_t85_p02_crowded,inner_val,44b6_d29c9ab2,27.0,55.0,86.0,87.0,1.21875
3.0,Learned_UNet_N0,seq_inner_val_44b6_t85_p02_crowded,inner_val,44b6_d29c9ab2,28.0,48.0,86.0,87.0,0.40625
3.0,Learned_UNet_N0,seq_inner_val_44b6_t85_p02_crowded,inner_val,44b6_d29c9ab2,30.0,42.0,86.0,87.0,0.0
3.0,Learned_UNet_N0,seq_inner_val_44b6_t85_p02_crowded,inner_val,44b6_d29c9ab2,31.0,49.0,86.0,87.0,0.40625
3.0,Learned_UNet_N0,seq_inner_val_44b6_t85_p02_crowded,inner_val,44b6_d29c9ab2,32.0,50.0,86.0,87.0,0.40625
3.0,Learned_UNet_N0,seq_inner_val_44b6_t85_p02_crowded,inner_val,44b6_d29c9ab2,33.0,54.0,86.0,87.0,0.9084026158592896
3.0,Learned_UNet_N0,seq_inner_val_44b6_t85_p02_crowded,inner_val,44b6_d29c9ab2,34.0,57.0,86.0,87.0,0.9084026158592896
3.0,Learned_UNet_N0,seq_inner_val_44b6_t85_p02_crowded,inner_val,44b6_d29c9ab2,35.0,51.0,86.0,87.0,0.9084026158592896
3.0,Learned_UNet_N0,seq_inner_val_44b6_t85_p02_crowded,inner_val,44b6_d29c9ab2,36.0,58.0,86.0,87.0,0.9084026158592896
3.0,Learned_UNet_N0,seq_inner_val_44b6_t85_p02_crowded,inner_val,44b6_d29c9ab2,37.0,59.0,86.0,87.0,0.8125
3.0,Learned_UNet_N0,seq_inner_val_44b6_t85_p02_crowded,inner_val,44b6_d29c9ab2,38.0,61.0,86.0,87.0,0.40625
3.0,Learned_UNet_N0,seq_inner_val_44b6_t85_p02_crowded,inner_val,44b6_d29c9ab2,39.0,63.0,87.0,88.0,1.6750116604071745
3.0,Learned_UNet_N0,seq_inner_val_44b6_t85_p02_crowded,inner_val,44b6_d29c9ab2,40.0,68.0,87.0,88.0,1.1490485194281397
3.0,Learned_UNet_N0,seq_inner_val_44b6_t85_p02_crowded,inner_val,44b6_d29c9ab2,41.0,66.0,87.0,88.0,0.40625
3.0,Learned_UNet_N0,seq_inner_val_44b6_t85_p02_crowded,inner_val,44b6_d29c9ab2,42.0,67.0,87.0,88.0,0.9084026158592896
3.0,Learned_UNet_N0,seq_inner_val_44b6_t85_p02_crowded,inner_val,44b6_d29c9ab2,44.0,70.0,87.0,88.0,0.40625
3.0,Learned_UNet_N0,seq_inner_val_44b6_t85_p02_crowded,inner_val,44b6_d29c9ab2,46.0,79.0,87.0,88.0,1.284675299443404
3.0,Learned_UNet_N0,seq_inner_val_44b6_t85_p02_crowded,inner_val,44b6_d29c9ab2,47.0,65.0,87.0,88.0,0.5745242597140698
3.0,Learned_UNet_N0,seq_inner_val_44b6_t85_p02_crowded,inner_val,44b6_d29c9ab2,49.0,77.0,87.0,88.0,0.40625
3.0,Learned_UNet_N0,seq_inner_val_44b6_t85_p02_crowded,inner_val,44b6_d29c9ab2,50.0,72.0,87.0,88.0,1.6750116604071745
3.0,Learned_UNet_N0,seq_inner_val_44b6_t85_p02_crowded,inner_val,44b6_d29c9ab2,51.0,75.0,87.0,88.0,0.40625
3.0,Learned_UNet_N0,seq_inner_val_44b6_t85_p02_crowded,inner_val,44b6_d29c9ab2,52.0,76.0,87.0,88.0,0.5745242597140698
3.0,Learned_UNet_N0,seq_inner_val_44b6_t85_p02_crowded,inner_val,44b6_d29c9ab2,56.0,80.0,87.0,88.0,1.1490485194281397
3.0,Learned_UNet_N0,seq_inner_val_44b6_t85_p02_crowded,inner_val,44b6_d29c9ab2,57.0,73.0,87.0,88.0,0.8125
3.0,Learned_UNet_N0,seq_inner_val_44b6_t85_p02_crowded,inner_val,44b6_d29c9ab2,62.0,82.0,87.0,88.0,0.8125
3.0,Learned_UNet_N0,seq_inner_val_44b6_t85_p02_crowded,inner_val,44b6_d29c9ab2,64.0,84.0,88.0,89.0,0.9084026158592896
3.0,Learned_UNet_N0,seq_inner_val_44b6_t85_p02_crowded,inner_val,44b6_d29c9ab2,65.0,85.0,88.0,89.0,0.9084026158592896
3.0,Learned_UNet_N0,seq_inner_val_44b6_t85_p02_crowded,inner_val,44b6_d29c9ab2,66.0,88.0,88.0,89.0,0.5745242597140698
3.0,Learned_UNet_N0,seq_inner_val_44b6_t85_p02_crowded,inner_val,44b6_d29c9ab2,67.0,86.0,88.0,89.0,0.8125
3.0,Learned_UNet_N0,seq_inner_val_44b6_t85_p02_crowded,inner_val,44b6_d29c9ab2,68.0,90.0,88.0,89.0,0.8125
3.0,Learned_UNet_N0,seq_inner_val_44b6_t85_p02_crowded,inner_val,44b6_d29c9ab2,70.0,89.0,88.0,89.0,1.6750116604071745
3.0,Learned_UNet_N0,seq_inner_val_44b6_t85_p02_crowded,inner_val,44b6_d29c9ab2,71.0,91.0,88.0,89.0,0.40625
3.0,Learned_UNet_N0,seq_inner_val_44b6_t85_p02_crowded,inner_val,44b6_d29c9ab2,73.0,94.0,88.0,89.0,0.9084026158592896
3.0,Learned_UNet_N0,seq_inner_val_44b6_t85_p02_crowded,inner_val,44b6_d29c9ab2,75.0,98.0,88.0,89.0,0.40625
3.0,Learned_UNet_N0,seq_inner_val_44b6_t85_p02_crowded,inner_val,44b6_d29c9ab2,78.0,96.0,88.0,89.0,0.8125
3.0,Learned_UNet_N0,seq_inner_val_44b6_t85_p02_crowded,inner_val,44b6_d29c9ab2,79.0,99.0,88.0,89.0,1.8168052317185792
3.0,Learned_UNet_N0,seq_inner_val_44b6_t85_p02_crowded,inner_val,44b6_d29c9ab2,80.0,95.0,88.0,89.0,2.1877232028983924
3.0,Learned_UNet_N0,seq_inner_val_44b6_t85_p02_crowded,inner_val,44b6_d29c9ab2,81.0,101.0,88.0,89.0,1.7235727791422095
3.0,Learned_UNet_N0,seq_inner_val_44b6_t90_p03_crowded,inner_val,44b6_d29c9ab2,1.0,22.0,90.0,91.0,1.625
3.0,Learned_UNet_N0,seq_inner_val_44b6_t90_p03_crowded,inner_val,44b6_d29c9ab2,2.0,21.0,90.0,91.0,1.284675299443404
3.0,Learned_UNet_N0,seq_inner_val_44b6_t90_p03_crowded,inner_val,44b6_d29c9ab2,3.0,24.0,90.0,91.0,0.40625
3.0,Learned_UNet_N0,seq_inner_val_44b6_t90_p03_crowded,inner_val,44b6_d29c9ab2,4.0,27.0,90.0,91.0,0.40625
3.0,Learned_UNet_N0,seq_inner_val_44b6_t90_p03_crowded,inner_val,44b6_d29c9ab2,7.0,32.0,90.0,91.0,0.40625
3.0,Learned_UNet_N0,seq_inner_val_44b6_t90_p03_crowded,inner_val,44b6_d29c9ab2,10.0,29.0,90.0,91.0,1.284675299443404
3.0,Learned_UNet_N0,seq_inner_val_44b6_t90_p03_crowded,inner_val,44b6_d29c9ab2,14.0,34.0,90.0,91.0,1.625
3.0,Learned_UNet_N0,seq_inner_val_44b6_t90_p03_crowded,inner_val,44b6_d29c9ab2,15.0,30.0,90.0,91.0,0.40625
3.0,Learned_UNet_N0,seq_inner_val_44b6_t90_p03_crowded,inner_val,44b6_d29c9ab2,16.0,37.0,90.0,91.0,0.8125
3.0,Learned_UNet_N0,seq_inner_val_44b6_t90_p03_crowded,inner_val,44b6_d29c9ab2,17.0,33.0,90.0,91.0,0.8125
3.0,Learned_UNet_N0,seq_inner_val_44b6_t90_p03_crowded,inner_val,44b6_d29c9ab2,18.0,36.0,90.0,91.0,0.8125
3.0,Learned_UNet_N0,seq_inner_val_44b6_t90_p03_crowded,inner_val,44b6_d29c9ab2,19.0,38.0,90.0,91.0,0.5745242597140698
3.0,Learned_UNet_N0,seq_inner_val_44b6_t90_p03_crowded,inner_val,44b6_d29c9ab2,20.0,42.0,91.0,92.0,0.5745242597140698
3.0,Learned_UNet_N0,seq_inner_val_44b6_t90_p03_crowded,inner_val,44b6_d29c9ab2,21.0,48.0,91.0,92.0,0.9084026158592896
3.0,Learned_UNet_N0,seq_inner_val_44b6_t90_p03_crowded,inner_val,44b6_d29c9ab2,22.0,41.0,91.0,92.0,1.1490485194281397
3.0,Learned_UNet_N0,seq_inner_val_44b6_t90_p03_crowded,inner_val,44b6_d29c9ab2,23.0,46.0,91.0,92.0,1.21875
3.0,Learned_UNet_N0,seq_inner_val_44b6_t90_p03_crowded,inner_val,44b6_d29c9ab2,24.0,44.0,91.0,92.0,0.8125
3.0,Learned_UNet_N0,seq_inner_val_44b6_t90_p03_crowded,inner_val,44b6_d29c9ab2,25.0,45.0,91.0,92.0,0.40625
3.0,Learned_UNet_N0,seq_inner_val_44b6_t90_p03_crowded,inner_val,44b6_d29c9ab2,26.0,43.0,91.0,92.0,0.5745242597140698
3.0,Learned_UNet_N0,seq_inner_val_44b6_t90_p03_crowded,inner_val,44b6_d29c9ab2,27.0,49.0,91.0,92.0,0.40625
3.0,Learned_UNet_N0,seq_inner_val_44b6_t90_p03_crowded,inner_val,44b6_d29c9ab2,28.0,54.0,91.0,92.0,0.5745242597140698
3.0,Learned_UNet_N0,seq_inner_val_44b6_t90_p03_crowded,inner_val,44b6_d29c9ab2,29.0,52.0,91.0,92.0,1.21875
3.0,Learned_UNet_N0,seq_inner_val_44b6_t90_p03_crowded,inner_val,44b6_d29c9ab2,31.0,47.0,91.0,92.0,0.5745242597140698
3.0,Learned_UNet_N0,seq_inner_val_44b6_t90_p03_crowded,inner_val,44b6_d29c9ab2,33.0,51.0,91.0,92.0,0.5745242597140698
3.0,Learned_UNet_N0,seq_inner_val_44b6_t90_p03_crowded,inner_val,44b6_d29c9ab2,38.0,56.0,91.0,92.0,2.03125
3.0,Learned_UNet_N0,seq_inner_val_44b6_t90_p03_crowded,inner_val,44b6_d29c9ab2,39.0,57.0,91.0,92.0,0.0
3.0,Learned_UNet_N0,seq_inner_val_44b6_t90_p03_crowded,inner_val,44b6_d29c9ab2,41.0,60.0,92.0,93.0,0.9084026158592896
3.0,Learned_UNet_N0,seq_inner_val_44b6_t90_p03_crowded,inner_val,44b6_d29c9ab2,42.0,58.0,92.0,93.0,2.1877232028983924
3.0,Learned_UNet_N0,seq_inner_val_44b6_t90_p03_crowded,inner_val,44b6_d29c9ab2,43.0,62.0,92.0,93.0,0.0
3.0,Learned_UNet_N0,seq_inner_val_44b6_t90_p03_crowded,inner_val,44b6_d29c9ab2,44.0,59.0,92.0,93.0,1.1490485194281397
3.0,Learned_UNet_N0,seq_inner_val_44b6_t90_p03_crowded,inner_val,44b6_d29c9ab2,45.0,61.0,92.0,93.0,2.03125
3.0,Learned_UNet_N0,seq_inner_val_44b6_t90_p03_crowded,inner_val,44b6_d29c9ab2,46.0,74.0,92.0,93.0,0.40625
3.0,Learned_UNet_N0,seq_inner_val_44b6_t90_p03_crowded,inner_val,44b6_d29c9ab2,48.0,63.0,92.0,93.0,2.8726212985703494
3.0,Learned_UNet_N0,seq_inner_val_44b6_t90_p03_crowded,inner_val,44b6_d29c9ab2,49.0,64.0,92.0,93.0,0.40625
3.0,Learned_UNet_N0,seq_inner_val_44b6_t90_p03_crowded,inner_val,44b6_d29c9ab2,51.0,66.0,92.0,93.0,1.284675299443404
3.0,Learned_UNet_N0,seq_inner_val_44b6_t90_p03_crowded,inner_val,44b6_d29c9ab2,52.0,67.0,92.0,93.0,2.6012692214570947
3.0,Learned_UNet_N0,seq_inner_val_44b6_t90_p03_crowded,inner_val,44b6_d29c9ab2,53.0,68.0,92.0,93.0,0.8125
3.0,Learned_UNet_N0,seq_inner_val_44b6_t90_p03_crowded,inner_val,44b6_d29c9ab2,55.0,70.0,92.0,93.0,1.7235727791422095
3.0,Learned_UNet_N0,seq_inner_val_44b6_t90_p03_crowded,inner_val,44b6_d29c9ab2,58.0,76.0,93.0,94.0,0.5745242597140698
3.0,Learned_UNet_N0,seq_inner_val_44b6_t90_p03_crowded,inner_val,44b6_d29c9ab2,59.0,79.0,93.0,94.0,0.0
3.0,Learned_UNet_N0,seq_inner_val_44b6_t90_p03_crowded,inner_val,44b6_d29c9ab2,60.0,77.0,93.0,94.0,0.9084026158592896
3.0,Learned_UNet_N0,seq_inner_val_44b6_t90_p03_crowded,inner_val,44b6_d29c9ab2,61.0,84.0,93.0,94.0,0.40625
3.0,Learned_UNet_N0,seq_inner_val_44b6_t90_p03_crowded,inner_val,44b6_d29c9ab2,62.0,82.0,93.0,94.0,0.5745242597140698
3.0,Learned_UNet_N0,seq_inner_val_44b6_t90_p03_crowded,inner_val,44b6_d29c9ab2,63.0,86.0,93.0,94.0,2.569350598886808
3.0,Learned_UNet_N0,seq_inner_val_44b6_t90_p03_crowded,inner_val,44b6_d29c9ab2,64.0,78.0,93.0,94.0,1.21875
3.0,Learned_UNet_N0,seq_inner_val_44b6_t90_p03_crowded,inner_val,44b6_d29c9ab2,65.0,80.0,93.0,94.0,0.9084026158592896
3.0,Learned_UNet_N0,seq_inner_val_44b6_t90_p03_crowded,inner_val,44b6_d29c9ab2,66.0,85.0,93.0,94.0,0.5745242597140698
3.0,Learned_UNet_N0,seq_inner_val_44b6_t90_p03_crowded,inner_val,44b6_d29c9ab2,67.0,88.0,93.0,94.0,0.0
3.0,Learned_UNet_N0,seq_inner_val_44b6_t90_p03_crowded,inner_val,44b6_d29c9ab2,69.0,89.0,93.0,94.0,2.03125
3.0,Learned_UNet_N0,seq_inner_val_44b6_t90_p03_crowded,inner_val,44b6_d29c9ab2,72.0,92.0,93.0,94.0,1.21875
3.0,Learned_UNet_N0,seq_inner_val_44b6_t90_p03_crowded,inner_val,44b6_d29c9ab2,73.0,91.0,93.0,94.0,2.03125
3.0,Learned_UNet_N0,seq_inner_val_44b6_t70_p04_crowded,inner_val,44b6_d29c9ab2,0.0,18.0,70.0,71.0,0.8125
3.0,Learned_UNet_N0,seq_inner_val_44b6_t70_p04_crowded,inner_val,44b6_d29c9ab2,1.0,19.0,70.0,71.0,0.8125
3.0,Learned_UNet_N0,seq_inner_val_44b6_t70_p04_crowded,inner_val,44b6_d29c9ab2,3.0,30.0,70.0,71.0,0.0
3.0,Learned_UNet_N0,seq_inner_val_44b6_t70_p04_crowded,inner_val,44b6_d29c9ab2,4.0,20.0,70.0,71.0,0.5745242597140698
3.0,Learned_UNet_N0,seq_inner_val_44b6_t70_p04_crowded,inner_val,44b6_d29c9ab2,5.0,27.0,70.0,71.0,2.1877232028983924
3.0,Learned_UNet_N0,seq_inner_val_44b6_t70_p04_crowded,inner_val,44b6_d29c9ab2,6.0,28.0,70.0,71.0,1.1490485194281397
3.0,Learned_UNet_N0,seq_inner_val_44b6_t70_p04_crowded,inner_val,44b6_d29c9ab2,7.0,29.0,70.0,71.0,2.368824207280903
3.0,Learned_UNet_N0,seq_inner_val_44b6_t70_p04_crowded,inner_val,44b6_d29c9ab2,9.0,33.0,70.0,71.0,0.8125
3.0,Learned_UNet_N0,seq_inner_val_44b6_t70_p04_crowded,inner_val,44b6_d29c9ab2,10.0,23.0,70.0,71.0,1.625
3.0,Learned_UNet_N0,seq_inner_val_44b6_t70_p04_crowded,inner_val,44b6_d29c9ab2,11.0,25.0,70.0,71.0,2.4375
3.0,Learned_UNet_N0,seq_inner_val_44b6_t70_p04_crowded,inner_val,44b6_d29c9ab2,12.0,26.0,70.0,71.0,0.8125
3.0,Learned_UNet_N0,seq_inner_val_44b6_t70_p04_crowded,inner_val,44b6_d29c9ab2,14.0,31.0,70.0,71.0,0.5745242597140698
3.0,Learned_UNet_N0,seq_inner_val_44b6_t70_p04_crowded,inner_val,44b6_d29c9ab2,15.0,34.0,70.0,71.0,0.8125
3.0,Learned_UNet_N0,seq_inner_val_44b6_t70_p04_crowded,inner_val,44b6_d29c9ab2,16.0,35.0,70.0,71.0,0.40625
3.0,Learned_UNet_N0,seq_inner_val_44b6_t70_p04_crowded,inner_val,44b6_d29c9ab2,18.0,39.0,71.0,72.0,0.9084026158592896
3.0,Learned_UNet_N0,seq_inner_val_44b6_t70_p04_crowded,inner_val,44b6_d29c9ab2,20.0,40.0,71.0,72.0,1.6750116604071745
3.0,Learned_UNet_N0,seq_inner_val_44b6_t70_p04_crowded,inner_val,44b6_d29c9ab2,21.0,43.0,71.0,72.0,0.5745242597140698
3.0,Learned_UNet_N0,seq_inner_val_44b6_t70_p04_crowded,inner_val,44b6_d29c9ab2,22.0,44.0,71.0,72.0,1.1490485194281397
3.0,Learned_UNet_N0,seq_inner_val_44b6_t70_p04_crowded,inner_val,44b6_d29c9ab2,23.0,46.0,71.0,72.0,0.9084026158592896
3.0,Learned_UNet_N0,seq_inner_val_44b6_t70_p04_crowded,inner_val,44b6_d29c9ab2,24.0,51.0,71.0,72.0,1.8168052317185792
3.0,Learned_UNet_N0,seq_inner_val_44b6_t70_p04_crowded,inner_val,44b6_d29c9ab2,25.0,47.0,71.0,72.0,1.1490485194281397
3.0,Learned_UNet_N0,seq_inner_val_44b6_t70_p04_crowded,inner_val,44b6_d29c9ab2,26.0,60.0,71.0,72.0,1.6750116604071745
3.0,Learned_UNet_N0,seq_inner_val_44b6_t70_p04_crowded,inner_val,44b6_d29c9ab2,28.0,50.0,71.0,72.0,0.40625
3.0,Learned_UNet_N0,seq_inner_val_44b6_t70_p04_crowded,inner_val,44b6_d29c9ab2,31.0,49.0,71.0,72.0,1.1490485194281397
3.0,Learned_UNet_N0,seq_inner_val_44b6_t70_p04_crowded,inner_val,44b6_d29c9ab2,32.0,58.0,71.0,72.0,1.8168052317185792
3.0,Learned_UNet_N0,seq_inner_val_44b6_t70_p04_crowded,inner_val,44b6_d29c9ab2,33.0,53.0,71.0,72.0,0.9084026158592896
3.0,Learned_UNet_N0,seq_inner_val_44b6_t70_p04_crowded,inner_val,44b6_d29c9ab2,34.0,52.0,71.0,72.0,2.368824207280903
3.0,Learned_UNet_N0,seq_inner_val_44b6_t70_p04_crowded,inner_val,44b6_d29c9ab2,35.0,56.0,71.0,72.0,0.40625
3.0,Learned_UNet_N0,seq_inner_val_44b6_t70_p04_crowded,inner_val,44b6_d29c9ab2,38.0,62.0,71.0,72.0,2.368824207280903
3.0,Learned_UNet_N0,seq_inner_val_44b6_t70_p04_crowded,inner_val,44b6_d29c9ab2,39.0,65.0,72.0,73.0,0.9084026158592896
3.0,Learned_UNet_N0,seq_inner_val_44b6_t70_p04_crowded,inner_val,44b6_d29c9ab2,40.0,63.0,72.0,73.0,1.1490485194281397
3.0,Learned_UNet_N0,seq_inner_val_44b6_t70_p04_crowded,inner_val,44b6_d29c9ab2,41.0,73.0,72.0,73.0,0.8125
3.0,Learned_UNet_N0,seq_inner_val_44b6_t70_p04_crowded,inner_val,44b6_d29c9ab2,42.0,67.0,72.0,73.0,0.9084026158592896
3.0,Learned_UNet_N0,seq_inner_val_44b6_t70_p04_crowded,inner_val,44b6_d29c9ab2,43.0,64.0,72.0,73.0,0.40625
3.0,Learned_UNet_N0,seq_inner_val_44b6_t70_p04_crowded,inner_val,44b6_d29c9ab2,44.0,66.0,72.0,73.0,0.0
3.0,Learned_UNet_N0,seq_inner_val_44b6_t70_p04_crowded,inner_val,44b6_d29c9ab2,46.0,69.0,72.0,73.0,0.40625
3.0,Learned_UNet_N0,seq_inner_val_44b6_t70_p04_crowded,inner_val,44b6_d29c9ab2,47.0,71.0,72.0,73.0,0.8125
3.0,Learned_UNet_N0,seq_inner_val_44b6_t70_p04_crowded,inner_val,44b6_d29c9ab2,50.0,70.0,72.0,73.0,1.21875
3.0,Learned_UNet_N0,seq_inner_val_44b6_t70_p04_crowded,inner_val,44b6_d29c9ab2,53.0,68.0,72.0,73.0,0.9084026158592896
3.0,Learned_UNet_N0,seq_inner_val_44b6_t70_p04_crowded,inner_val,44b6_d29c9ab2,54.0,74.0,72.0,73.0,1.1490485194281397
3.0,Learned_UNet_N0,seq_inner_val_44b6_t70_p04_crowded,inner_val,44b6_d29c9ab2,56.0,80.0,72.0,73.0,0.9084026158592896
3.0,Learned_UNet_N0,seq_inner_val_44b6_t70_p04_crowded,inner_val,44b6_d29c9ab2,57.0,75.0,72.0,73.0,0.9084026158592896
3.0,Learned_UNet_N0,seq_inner_val_44b6_t70_p04_crowded,inner_val,44b6_d29c9ab2,59.0,81.0,72.0,73.0,0.5745242597140698
3.0,Learned_UNet_N0,seq_inner_val_44b6_t70_p04_crowded,inner_val,44b6_d29c9ab2,60.0,79.0,72.0,73.0,0.40625
3.0,Learned_UNet_N0,seq_inner_val_44b6_t70_p04_crowded,inner_val,44b6_d29c9ab2,62.0,82.0,72.0,73.0,1.625
3.0,Learned_UNet_N0,seq_inner_val_44b6_t70_p04_crowded,inner_val,44b6_d29c9ab2,63.0,84.0,73.0,74.0,0.9084026158592896
3.0,Learned_UNet_N0,seq_inner_val_44b6_t70_p04_crowded,inner_val,44b6_d29c9ab2,64.0,90.0,73.0,74.0,0.40625
3.0,Learned_UNet_N0,seq_inner_val_44b6_t70_p04_crowded,inner_val,44b6_d29c9ab2,65.0,85.0,73.0,74.0,0.0
3.0,Learned_UNet_N0,seq_inner_val_44b6_t70_p04_crowded,inner_val,44b6_d29c9ab2,66.0,92.0,73.0,74.0,0.8125
3.0,Learned_UNet_N0,seq_inner_val_44b6_t70_p04_crowded,inner_val,44b6_d29c9ab2,67.0,97.0,73.0,74.0,1.1490485194281397
3.0,Learned_UNet_N0,seq_inner_val_44b6_t70_p04_crowded,inner_val,44b6_d29c9ab2,68.0,95.0,73.0,74.0,0.8125
3.0,Learned_UNet_N0,seq_inner_val_44b6_t70_p04_crowded,inner_val,44b6_d29c9ab2,69.0,91.0,73.0,74.0,0.8125
3.0,Learned_UNet_N0,seq_inner_val_44b6_t70_p04_crowded,inner_val,44b6_d29c9ab2,70.0,93.0,73.0,74.0,1.1490485194281397
3.0,Learned_UNet_N0,seq_inner_val_44b6_t70_p04_crowded,inner_val,44b6_d29c9ab2,71.0,88.0,73.0,74.0,0.0
3.0,Learned_UNet_N0,seq_inner_val_44b6_t70_p04_crowded,inner_val,44b6_d29c9ab2,74.0,83.0,73.0,74.0,0.5745242597140698
3.0,Learned_UNet_N0,seq_inner_val_44b6_t70_p04_crowded,inner_val,44b6_d29c9ab2,75.0,87.0,73.0,74.0,0.9084026158592896
3.0,Learned_UNet_N0,seq_inner_val_44b6_t70_p04_crowded,inner_val,44b6_d29c9ab2,79.0,101.0,73.0,74.0,0.0
3.0,Learned_UNet_N0,seq_inner_val_44b6_t70_p04_crowded,inner_val,44b6_d29c9ab2,80.0,99.0,73.0,74.0,1.4647552056572457
3.0,Learned_UNet_N0,seq_inner_val_44b6_t70_p04_crowded,inner_val,44b6_d29c9ab2,82.0,100.0,73.0,74.0,1.6750116604071745
3.0,Learned_UNet_N0,seq_inner_val_44b6_t90_p05_isolated,inner_val,44b6_d29c9ab2,0.0,16.0,90.0,91.0,0.8125
3.0,Learned_UNet_N0,seq_inner_val_44b6_t90_p05_isolated,inner_val,44b6_d29c9ab2,2.0,17.0,90.0,91.0,0.8125
3.0,Learned_UNet_N0,seq_inner_val_44b6_t90_p05_isolated,inner_val,44b6_d29c9ab2,4.0,20.0,90.0,91.0,0.9084026158592896
3.0,Learned_UNet_N0,seq_inner_val_44b6_t90_p05_isolated,inner_val,44b6_d29c9ab2,6.0,24.0,90.0,91.0,0.40625
3.0,Learned_UNet_N0,seq_inner_val_44b6_t90_p05_isolated,inner_val,44b6_d29c9ab2,9.0,25.0,90.0,91.0,0.40625
3.0,Learned_UNet_N0,seq_inner_val_44b6_t90_p05_isolated,inner_val,44b6_d29c9ab2,11.0,26.0,90.0,91.0,0.9084026158592896
3.0,Learned_UNet_N0,seq_inner_val_44b6_t90_p05_isolated,inner_val,44b6_d29c9ab2,14.0,29.0,90.0,91.0,0.0
3.0,Learned_UNet_N0,seq_inner_val_44b6_t90_p05_isolated,inner_val,44b6_d29c9ab2,15.0,30.0,90.0,91.0,2.03125
3.0,Learned_UNet_N0,seq_inner_val_44b6_t90_p05_isolated,inner_val,44b6_d29c9ab2,16.0,33.0,91.0,92.0,0.0
3.0,Learned_UNet_N0,seq_inner_val_44b6_t90_p05_isolated,inner_val,44b6_d29c9ab2,18.0,32.0,91.0,92.0,0.0
3.0,Learned_UNet_N0,seq_inner_val_44b6_t90_p05_isolated,inner_val,44b6_d29c9ab2,19.0,38.0,91.0,92.0,1.284675299443404
3.0,Learned_UNet_N0,seq_inner_val_44b6_t90_p05_isolated,inner_val,44b6_d29c9ab2,20.0,35.0,91.0,92.0,0.40625
3.0,Learned_UNet_N0,seq_inner_val_44b6_t90_p05_isolated,inner_val,44b6_d29c9ab2,21.0,36.0,91.0,92.0,1.625
3.0,Learned_UNet_N0,seq_inner_val_44b6_t90_p05_isolated,inner_val,44b6_d29c9ab2,23.0,40.0,91.0,92.0,0.9084026158592896
3.0,Learned_UNet_N0,seq_inner_val_44b6_t90_p05_isolated,inner_val,44b6_d29c9ab2,24.0,37.0,91.0,92.0,0.8125
3.0,Learned_UNet_N0,seq_inner_val_44b6_t90_p05_isolated,inner_val,44b6_d29c9ab2,25.0,43.0,91.0,92.0,1.284675299443404
3.0,Learned_UNet_N0,seq_inner_val_44b6_t90_p05_isolated,inner_val,44b6_d29c9ab2,27.0,47.0,91.0,92.0,0.5745242597140698
3.0,Learned_UNet_N0,seq_inner_val_44b6_t90_p05_isolated,inner_val,44b6_d29c9ab2,28.0,45.0,91.0,92.0,1.284675299443404
3.0,Learned_UNet_N0,seq_inner_val_44b6_t90_p05_isolated,inner_val,44b6_d29c9ab2,29.0,48.0,91.0,92.0,1.8168052317185792
3.0,Learned_UNet_N0,seq_inner_val_44b6_t90_p05_isolated,inner_val,44b6_d29c9ab2,30.0,49.0,91.0,92.0,1.6750116604071745
3.0,Learned_UNet_N0,seq_inner_val_44b6_t90_p05_isolated,inner_val,44b6_d29c9ab2,31.0,50.0,91.0,92.0,0.5745242597140698
3.0,Learned_UNet_N0,seq_inner_val_44b6_t90_p05_isolated,inner_val,44b6_d29c9ab2,32.0,54.0,92.0,93.0,0.8125
3.0,Learned_UNet_N0,seq_inner_val_44b6_t90_p05_isolated,inner_val,44b6_d29c9ab2,33.0,52.0,92.0,93.0,1.1490485194281397
3.0,Learned_UNet_N0,seq_inner_val_44b6_t90_p05_isolated,inner_val,44b6_d29c9ab2,34.0,51.0,92.0,93.0,1.1490485194281397
3.0,Learned_UNet_N0,seq_inner_val_44b6_t90_p05_isolated,inner_val,44b6_d29c9ab2,35.0,53.0,92.0,93.0,0.40625
3.0,Learned_UNet_N0,seq_inner_val_44b6_t90_p05_isolated,inner_val,44b6_d29c9ab2,37.0,56.0,92.0,93.0,0.9084026158592896
3.0,Learned_UNet_N0,seq_inner_val_44b6_t90_p05_isolated,inner_val,44b6_d29c9ab2,38.0,58.0,92.0,93.0,0.40625
3.0,Learned_UNet_N0,seq_inner_val_44b6_t90_p05_isolated,inner_val,44b6_d29c9ab2,39.0,55.0,92.0,93.0,0.0
3.0,Learned_UNet_N0,seq_inner_val_44b6_t90_p05_isolated,inner_val,44b6_d29c9ab2,40.0,64.0,92.0,93.0,2.1877232028983924
3.0,Learned_UNet_N0,seq_inner_val_44b6_t90_p05_isolated,inner_val,44b6_d29c9ab2,41.0,57.0,92.0,93.0,1.6750116604071745
3.0,Learned_UNet_N0,seq_inner_val_44b6_t90_p05_isolated,inner_val,44b6_d29c9ab2,44.0,65.0,92.0,93.0,0.40625
3.0,Learned_UNet_N0,seq_inner_val_44b6_t90_p05_isolated,inner_val,44b6_d29c9ab2,47.0,67.0,92.0,93.0,0.9084026158592896
3.0,Learned_UNet_N0,seq_inner_val_44b6_t90_p05_isolated,inner_val,44b6_d29c9ab2,48.0,66.0,92.0,93.0,0.8125
3.0,Learned_UNet_N0,seq_inner_val_44b6_t90_p05_isolated,inner_val,44b6_d29c9ab2,49.0,69.0,92.0,93.0,0.8125
3.0,Learned_UNet_N0,seq_inner_val_44b6_t90_p05_isolated,inner_val,44b6_d29c9ab2,50.0,68.0,92.0,93.0,0.8125
3.0,Learned_UNet_N0,seq_inner_val_44b6_t90_p05_isolated,inner_val,44b6_d29c9ab2,51.0,71.0,93.0,94.0,0.8125
3.0,Learned_UNet_N0,seq_inner_val_44b6_t90_p05_isolated,inner_val,44b6_d29c9ab2,53.0,72.0,93.0,94.0,0.40625
3.0,Learned_UNet_N0,seq_inner_val_44b6_t90_p05_isolated,inner_val,44b6_d29c9ab2,54.0,70.0,93.0,94.0,0.5745242597140698
3.0,Learned_UNet_N0,seq_inner_val_44b6_t90_p05_isolated,inner_val,44b6_d29c9ab2,55.0,75.0,93.0,94.0,1.1490485194281397
3.0,Learned_UNet_N0,seq_inner_val_44b6_t90_p05_isolated,inner_val,44b6_d29c9ab2,56.0,73.0,93.0,94.0,0.5745242597140698
3.0,Learned_UNet_N0,seq_inner_val_44b6_t90_p05_isolated,inner_val,44b6_d29c9ab2,57.0,78.0,93.0,94.0,1.625
3.0,Learned_UNet_N0,seq_inner_val_44b6_t90_p05_isolated,inner_val,44b6_d29c9ab2,59.0,83.0,93.0,94.0,1.8168052317185792
3.0,Learned_UNet_N0,seq_inner_val_44b6_t90_p05_isolated,inner_val,44b6_d29c9ab2,60.0,81.0,93.0,94.0,0.5745242597140698
3.0,Learned_UNet_N0,seq_inner_val_44b6_t90_p05_isolated,inner_val,44b6_d29c9ab2,62.0,80.0,93.0,94.0,0.0
3.0,Learned_UNet_N0,seq_inner_val_44b6_t90_p05_isolated,inner_val,44b6_d29c9ab2,63.0,82.0,93.0,94.0,1.1490485194281397
3.0,Learned_UNet_N0,seq_inner_val_44b6_t90_p05_isolated,inner_val,44b6_d29c9ab2,65.0,84.0,93.0,94.0,0.8125
3.0,Learned_UNet_N0,seq_inner_val_44b6_t90_p05_isolated,inner_val,44b6_d29c9ab2,66.0,85.0,93.0,94.0,1.8168052317185792
3.0,Learned_UNet_N0,seq_inner_val_44b6_t90_p05_isolated,inner_val,44b6_d29c9ab2,69.0,89.0,93.0,94.0,0.8125
3.0,Learned_UNet_N0,seq_inner_val_44b6_t75_p06_isolated,inner_val,44b6_d29c9ab2,0.0,25.0,75.0,76.0,0.5745242597140698
3.0,Learned_UNet_N0,seq_inner_val_44b6_t75_p06_isolated,inner_val,44b6_d29c9ab2,3.0,30.0,75.0,76.0,2.569350598886808
3.0,Learned_UNet_N0,seq_inner_val_44b6_t75_p06_isolated,inner_val,44b6_d29c9ab2,5.0,26.0,75.0,76.0,0.5745242597140698
3.0,Learned_UNet_N0,seq_inner_val_44b6_t75_p06_isolated,inner_val,44b6_d29c9ab2,8.0,36.0,75.0,76.0,2.03125
3.0,Learned_UNet_N0,seq_inner_val_44b6_t75_p06_isolated,inner_val,44b6_d29c9ab2,15.0,46.0,75.0,76.0,2.0714766773970688
3.0,Learned_UNet_N0,seq_inner_val_44b6_t75_p06_isolated,inner_val,44b6_d29c9ab2,16.0,33.0,75.0,76.0,0.8125
3.0,Learned_UNet_N0,seq_inner_val_44b6_t75_p06_isolated,inner_val,44b6_d29c9ab2,22.0,47.0,75.0,76.0,1.1490485194281397
3.0,Learned_UNet_N0,seq_inner_val_44b6_t75_p06_isolated,inner_val,44b6_d29c9ab2,23.0,41.0,75.0,76.0,1.7235727791422095
3.0,Learned_UNet_N0,seq_inner_val_44b6_t75_p06_isolated,inner_val,44b6_d29c9ab2,24.0,39.0,75.0,76.0,0.9084026158592896
3.0,Learned_UNet_N0,seq_inner_val_44b6_t75_p06_isolated,inner_val,44b6_d29c9ab2,26.0,51.0,76.0,77.0,0.9084026158592896
3.0,Learned_UNet_N0,seq_inner_val_44b6_t75_p06_isolated,inner_val,44b6_d29c9ab2,27.0,50.0,76.0,77.0,0.5745242597140698
3.0,Learned_UNet_N0,seq_inner_val_44b6_t75_p06_isolated,inner_val,44b6_d29c9ab2,28.0,56.0,76.0,77.0,0.5745242597140698
3.0,Learned_UNet_N0,seq_inner_val_44b6_t75_p06_isolated,inner_val,44b6_d29c9ab2,29.0,52.0,76.0,77.0,0.9084026158592896
3.0,Learned_UNet_N0,seq_inner_val_44b6_t75_p06_isolated,inner_val,44b6_d29c9ab2,31.0,63.0,76.0,77.0,0.9084026158592896
3.0,Learned_UNet_N0,seq_inner_val_44b6_t75_p06_isolated,inner_val,44b6_d29c9ab2,32.0,54.0,76.0,77.0,0.40625
3.0,Learned_UNet_N0,seq_inner_val_44b6_t75_p06_isolated,inner_val,44b6_d29c9ab2,35.0,60.0,76.0,77.0,1.7235727791422095
3.0,Learned_UNet_N0,seq_inner_val_44b6_t75_p06_isolated,inner_val,44b6_d29c9ab2,37.0,64.0,76.0,77.0,0.5745242597140698
3.0,Learned_UNet_N0,seq_inner_val_44b6_t75_p06_isolated,inner_val,44b6_d29c9ab2,38.0,65.0,76.0,77.0,1.284675299443404
3.0,Learned_UNet_N0,seq_inner_val_44b6_t75_p06_isolated,inner_val,44b6_d29c9ab2,41.0,59.0,76.0,77.0,1.284675299443404
3.0,Learned_UNet_N0,seq_inner_val_44b6_t75_p06_isolated,inner_val,44b6_d29c9ab2,42.0,69.0,76.0,77.0,0.40625
3.0,Learned_UNet_N0,seq_inner_val_44b6_t75_p06_isolated,inner_val,44b6_d29c9ab2,43.0,67.0,76.0,77.0,0.40625
3.0,Learned_UNet_N0,seq_inner_val_44b6_t75_p06_isolated,inner_val,44b6_d29c9ab2,44.0,66.0,76.0,77.0,0.9084026158592896
3.0,Learned_UNet_N0,seq_inner_val_44b6_t75_p06_isolated,inner_val,44b6_d29c9ab2,46.0,70.0,76.0,77.0,0.5745242597140698
3.0,Learned_UNet_N0,seq_inner_val_44b6_t75_p06_isolated,inner_val,44b6_d29c9ab2,47.0,68.0,76.0,77.0,2.632800908728193
3.0,Learned_UNet_N0,seq_inner_val_44b6_t75_p06_isolated,inner_val,44b6_d29c9ab2,49.0,73.0,77.0,78.0,0.8125
3.0,Learned_UNet_N0,seq_inner_val_44b6_t75_p06_isolated,inner_val,44b6_d29c9ab2,51.0,79.0,77.0,78.0,0.5745242597140698
3.0,Learned_UNet_N0,seq_inner_val_44b6_t75_p06_isolated,inner_val,44b6_d29c9ab2,52.0,77.0,77.0,78.0,0.40625
3.0,Learned_UNet_N0,seq_inner_val_44b6_t75_p06_isolated,inner_val,44b6_d29c9ab2,53.0,80.0,77.0,78.0,1.8168052317185792
3.0,Learned_UNet_N0,seq_inner_val_44b6_t75_p06_isolated,inner_val,44b6_d29c9ab2,54.0,75.0,77.0,78.0,0.0
3.0,Learned_UNet_N0,seq_inner_val_44b6_t75_p06_isolated,inner_val,44b6_d29c9ab2,55.0,82.0,77.0,78.0,0.40625
3.0,Learned_UNet_N0,seq_inner_val_44b6_t75_p06_isolated,inner_val,44b6_d29c9ab2,56.0,81.0,77.0,78.0,0.8125
3.0,Learned_UNet_N0,seq_inner_val_44b6_t75_p06_isolated,inner_val,44b6_d29c9ab2,58.0,76.0,77.0,78.0,1.6750116604071745
3.0,Learned_UNet_N0,seq_inner_val_44b6_t75_p06_isolated,inner_val,44b6_d29c9ab2,59.0,78.0,77.0,78.0,0.5745242597140698
3.0,Learned_UNet_N0,seq_inner_val_44b6_t75_p06_isolated,inner_val,44b6_d29c9ab2,60.0,88.0,77.0,78.0,1.6750116604071745
3.0,Learned_UNet_N0,seq_inner_val_44b6_t75_p06_isolated,inner_val,44b6_d29c9ab2,63.0,84.0,77.0,78.0,0.8125
3.0,Learned_UNet_N0,seq_inner_val_44b6_t75_p06_isolated,inner_val,44b6_d29c9ab2,64.0,95.0,77.0,78.0,0.40625
3.0,Learned_UNet_N0,seq_inner_val_44b6_t75_p06_isolated,inner_val,44b6_d29c9ab2,65.0,85.0,77.0,78.0,1.284675299443404
3.0,Learned_UNet_N0,seq_inner_val_44b6_t75_p06_isolated,inner_val,44b6_d29c9ab2,67.0,92.0,77.0,78.0,1.6750116604071745
3.0,Learned_UNet_N0,seq_inner_val_44b6_t75_p06_isolated,inner_val,44b6_d29c9ab2,68.0,94.0,77.0,78.0,0.8125
3.0,Learned_UNet_N0,seq_inner_val_44b6_t75_p06_isolated,inner_val,44b6_d29c9ab2,69.0,90.0,77.0,78.0,0.40625
3.0,Learned_UNet_N0,seq_inner_val_44b6_t75_p06_isolated,inner_val,44b6_d29c9ab2,74.0,97.0,78.0,79.0,0.8125
3.0,Learned_UNet_N0,seq_inner_val_44b6_t75_p06_isolated,inner_val,44b6_d29c9ab2,75.0,98.0,78.0,79.0,0.0
3.0,Learned_UNet_N0,seq_inner_val_44b6_t75_p06_isolated,inner_val,44b6_d29c9ab2,76.0,100.0,78.0,79.0,0.9084026158592896
3.0,Learned_UNet_N0,seq_inner_val_44b6_t75_p06_isolated,inner_val,44b6_d29c9ab2,77.0,101.0,78.0,79.0,1.21875
3.0,Learned_UNet_N0,seq_inner_val_44b6_t75_p06_isolated,inner_val,44b6_d29c9ab2,78.0,108.0,78.0,79.0,0.40625
3.0,Learned_UNet_N0,seq_inner_val_44b6_t75_p06_isolated,inner_val,44b6_d29c9ab2,79.0,99.0,78.0,79.0,0.5745242597140698
3.0,Learned_UNet_N0,seq_inner_val_44b6_t75_p06_isolated,inner_val,44b6_d29c9ab2,81.0,102.0,78.0,79.0,1.1490485194281397
3.0,Learned_UNet_N0,seq_inner_val_44b6_t75_p06_isolated,inner_val,44b6_d29c9ab2,82.0,115.0,78.0,79.0,0.5745242597140698
3.0,Learned_UNet_N0,seq_inner_val_44b6_t75_p06_isolated,inner_val,44b6_d29c9ab2,83.0,103.0,78.0,79.0,0.0
3.0,Learned_UNet_N0,seq_inner_val_44b6_t75_p06_isolated,inner_val,44b6_d29c9ab2,84.0,104.0,78.0,79.0,0.8125
3.0,Learned_UNet_N0,seq_inner_val_44b6_t75_p06_isolated,inner_val,44b6_d29c9ab2,85.0,109.0,78.0,79.0,0.5745242597140698
3.0,Learned_UNet_N0,seq_inner_val_44b6_t75_p06_isolated,inner_val,44b6_d29c9ab2,87.0,111.0,78.0,79.0,1.8168052317185792
3.0,Learned_UNet_N0,seq_inner_val_44b6_t75_p06_isolated,inner_val,44b6_d29c9ab2,89.0,107.0,78.0,79.0,0.8125
3.0,Learned_UNet_N0,seq_inner_val_44b6_t75_p06_isolated,inner_val,44b6_d29c9ab2,90.0,105.0,78.0,79.0,1.284675299443404
3.0,Learned_UNet_N0,seq_inner_val_44b6_t75_p06_isolated,inner_val,44b6_d29c9ab2,91.0,113.0,78.0,79.0,0.8125
3.0,Learned_UNet_N0,seq_inner_val_44b6_t75_p06_isolated,inner_val,44b6_d29c9ab2,92.0,112.0,78.0,79.0,0.5745242597140698
3.0,Learned_UNet_N0,seq_inner_val_44b6_t75_p06_isolated,inner_val,44b6_d29c9ab2,93.0,116.0,78.0,79.0,2.1877232028983924
3.0,Learned_UNet_N0,seq_inner_val_44b6_t75_p06_isolated,inner_val,44b6_d29c9ab2,94.0,114.0,78.0,79.0,0.0
3.0,Learned_UNet_N0,seq_inner_val_44b6_t70_p07_isolated,inner_val,44b6_d29c9ab2,0.0,18.0,70.0,71.0,1.1490485194281397
3.0,Learned_UNet_N0,seq_inner_val_44b6_t70_p07_isolated,inner_val,44b6_d29c9ab2,1.0,19.0,70.0,71.0,0.8125
3.0,Learned_UNet_N0,seq_inner_val_44b6_t70_p07_isolated,inner_val,44b6_d29c9ab2,5.0,23.0,70.0,71.0,0.9084026158592896
3.0,Learned_UNet_N0,seq_inner_val_44b6_t70_p07_isolated,inner_val,44b6_d29c9ab2,7.0,22.0,70.0,71.0,0.8125
3.0,Learned_UNet_N0,seq_inner_val_44b6_t70_p07_isolated,inner_val,44b6_d29c9ab2,8.0,24.0,70.0,71.0,1.21875
3.0,Learned_UNet_N0,seq_inner_val_44b6_t70_p07_isolated,inner_val,44b6_d29c9ab2,14.0,30.0,70.0,71.0,0.5745242597140698
3.0,Learned_UNet_N0,seq_inner_val_44b6_t70_p07_isolated,inner_val,44b6_d29c9ab2,17.0,35.0,70.0,71.0,0.0
3.0,Learned_UNet_N0,seq_inner_val_44b6_t70_p07_isolated,inner_val,44b6_d29c9ab2,19.0,39.0,71.0,72.0,1.1490485194281397
3.0,Learned_UNet_N0,seq_inner_val_44b6_t70_p07_isolated,inner_val,44b6_d29c9ab2,20.0,38.0,71.0,72.0,1.284675299443404
3.0,Learned_UNet_N0,seq_inner_val_44b6_t70_p07_isolated,inner_val,44b6_d29c9ab2,21.0,37.0,71.0,72.0,0.5745242597140698
3.0,Learned_UNet_N0,seq_inner_val_44b6_t70_p07_isolated,inner_val,44b6_d29c9ab2,22.0,43.0,71.0,72.0,0.8125
3.0,Learned_UNet_N0,seq_inner_val_44b6_t70_p07_isolated,inner_val,44b6_d29c9ab2,24.0,41.0,71.0,72.0,0.40625
3.0,Learned_UNet_N0,seq_inner_val_44b6_t70_p07_isolated,inner_val,44b6_d29c9ab2,26.0,42.0,71.0,72.0,1.284675299443404
3.0,Learned_UNet_N0,seq_inner_val_44b6_t70_p07_isolated,inner_val,44b6_d29c9ab2,27.0,45.0,71.0,72.0,0.0
3.0,Learned_UNet_N0,seq_inner_val_44b6_t70_p07_isolated,inner_val,44b6_d29c9ab2,28.0,44.0,71.0,72.0,1.1490485194281397
3.0,Learned_UNet_N0,seq_inner_val_44b6_t70_p07_isolated,inner_val,44b6_d29c9ab2,29.0,47.0,71.0,72.0,0.0
3.0,Learned_UNet_N0,seq_inner_val_44b6_t70_p07_isolated,inner_val,44b6_d29c9ab2,30.0,48.0,71.0,72.0,1.9902104160113323
3.0,Learned_UNet_N0,seq_inner_val_44b6_t70_p07_isolated,inner_val,44b6_d29c9ab2,32.0,49.0,71.0,72.0,1.8168052317185792
3.0,Learned_UNet_N0,seq_inner_val_44b6_t70_p07_isolated,inner_val,44b6_d29c9ab2,34.0,50.0,71.0,72.0,0.9084026158592896
3.0,Learned_UNet_N0,seq_inner_val_44b6_t70_p07_isolated,inner_val,44b6_d29c9ab2,36.0,51.0,72.0,73.0,0.5745242597140698
3.0,Learned_UNet_N0,seq_inner_val_44b6_t70_p07_isolated,inner_val,44b6_d29c9ab2,37.0,54.0,72.0,73.0,0.5745242597140698
3.0,Learned_UNet_N0,seq_inner_val_44b6_t70_p07_isolated,inner_val,44b6_d29c9ab2,40.0,56.0,72.0,73.0,0.5745242597140698
3.0,Learned_UNet_N0,seq_inner_val_44b6_t70_p07_isolated,inner_val,44b6_d29c9ab2,41.0,57.0,72.0,73.0,0.9084026158592896
3.0,Learned_UNet_N0,seq_inner_val_44b6_t70_p07_isolated,inner_val,44b6_d29c9ab2,42.0,55.0,72.0,73.0,0.9084026158592896
3.0,Learned_UNet_N0,seq_inner_val_44b6_t70_p07_isolated,inner_val,44b6_d29c9ab2,44.0,59.0,72.0,73.0,0.8125
3.0,Learned_UNet_N0,seq_inner_val_44b6_t70_p07_isolated,inner_val,44b6_d29c9ab2,49.0,63.0,72.0,73.0,2.2980970388562794
3.0,Learned_UNet_N0,seq_inner_val_44b6_t70_p07_isolated,inner_val,44b6_d29c9ab2,50.0,64.0,72.0,73.0,2.0714766773970688
3.0,Learned_UNet_N0,seq_inner_val_44b6_t70_p07_isolated,inner_val,44b6_d29c9ab2,51.0,67.0,73.0,74.0,2.0714766773970688
3.0,Learned_UNet_N0,seq_inner_val_44b6_t70_p07_isolated,inner_val,44b6_d29c9ab2,52.0,68.0,73.0,74.0,0.9084026158592896
3.0,Learned_UNet_N0,seq_inner_val_44b6_t70_p07_isolated,inner_val,44b6_d29c9ab2,53.0,69.0,73.0,74.0,0.9084026158592896
3.0,Learned_UNet_N0,seq_inner_val_44b6_t70_p07_isolated,inner_val,44b6_d29c9ab2,54.0,70.0,73.0,74.0,0.8125
3.0,Learned_UNet_N0,seq_inner_val_44b6_t70_p07_isolated,inner_val,44b6_d29c9ab2,55.0,73.0,73.0,74.0,2.03125
3.0,Learned_UNet_N0,seq_inner_val_44b6_t70_p07_isolated,inner_val,44b6_d29c9ab2,56.0,75.0,73.0,74.0,2.1877232028983924
3.0,Learned_UNet_N0,seq_inner_val_44b6_t70_p07_isolated,inner_val,44b6_d29c9ab2,57.0,72.0,73.0,74.0,2.1877232028983924
3.0,Learned_UNet_N0,seq_inner_val_44b6_t70_p07_isolated,inner_val,44b6_d29c9ab2,58.0,74.0,73.0,74.0,0.8125
3.0,Learned_UNet_N0,seq_inner_val_44b6_t70_p07_isolated,inner_val,44b6_d29c9ab2,61.0,71.0,73.0,74.0,0.40625
3.0,Learned_UNet_N0,seq_inner_val_44b6_t70_p07_isolated,inner_val,44b6_d29c9ab2,62.0,77.0,73.0,74.0,0.40625
3.0,Learned_UNet_N0,seq_inner_val_44b6_t70_p07_isolated,inner_val,44b6_d29c9ab2,66.0,81.0,73.0,74.0,1.21875
3.0,Learned_UNet_N0,seq_inner_val_44b6_t70_p08_boundary,inner_val,44b6_d29c9ab2,0.0,25.0,70.0,71.0,0.8125
3.0,Learned_UNet_N0,seq_inner_val_44b6_t70_p08_boundary,inner_val,44b6_d29c9ab2,1.0,39.0,70.0,71.0,0.9084026158592896
3.0,Learned_UNet_N0,seq_inner_val_44b6_t70_p08_boundary,inner_val,44b6_d29c9ab2,2.0,32.0,70.0,71.0,0.9084026158592896
3.0,Learned_UNet_N0,seq_inner_val_44b6_t70_p08_boundary,inner_val,44b6_d29c9ab2,3.0,23.0,70.0,71.0,0.9084026158592896
3.0,Learned_UNet_N0,seq_inner_val_44b6_t70_p08_boundary,inner_val,44b6_d29c9ab2,5.0,26.0,70.0,71.0,1.4647552056572457
3.0,Learned_UNet_N0,seq_inner_val_44b6_t70_p08_boundary,inner_val,44b6_d29c9ab2,8.0,24.0,70.0,71.0,0.9084026158592896
3.0,Learned_UNet_N0,seq_inner_val_44b6_t70_p08_boundary,inner_val,44b6_d29c9ab2,9.0,38.0,70.0,71.0,0.40625
3.0,Learned_UNet_N0,seq_inner_val_44b6_t70_p08_boundary,inner_val,44b6_d29c9ab2,11.0,29.0,70.0,71.0,1.1490485194281397
3.0,Learned_UNet_N0,seq_inner_val_44b6_t70_p08_boundary,inner_val,44b6_d29c9ab2,13.0,36.0,70.0,71.0,0.5745242597140698
3.0,Learned_UNet_N0,seq_inner_val_44b6_t70_p08_boundary,inner_val,44b6_d29c9ab2,14.0,35.0,70.0,71.0,2.368824207280903
3.0,Learned_UNet_N0,seq_inner_val_44b6_t70_p08_boundary,inner_val,44b6_d29c9ab2,15.0,41.0,70.0,71.0,0.0
3.0,Learned_UNet_N0,seq_inner_val_44b6_t70_p08_boundary,inner_val,44b6_d29c9ab2,16.0,40.0,70.0,71.0,0.40625
3.0,Learned_UNet_N0,seq_inner_val_44b6_t70_p08_boundary,inner_val,44b6_d29c9ab2,18.0,33.0,70.0,71.0,0.5745242597140698
3.0,Learned_UNet_N0,seq_inner_val_44b6_t70_p08_boundary,inner_val,44b6_d29c9ab2,20.0,42.0,70.0,71.0,2.6012692214570947
3.0,Learned_UNet_N0,seq_inner_val_44b6_t70_p08_boundary,inner_val,44b6_d29c9ab2,21.0,28.0,70.0,71.0,1.8168052317185792
3.0,Learned_UNet_N0,seq_inner_val_44b6_t70_p08_boundary,inner_val,44b6_d29c9ab2,22.0,44.0,70.0,71.0,1.7235727791422095
3.0,Learned_UNet_N0,seq_inner_val_44b6_t70_p08_boundary,inner_val,44b6_d29c9ab2,23.0,47.0,71.0,72.0,1.21875
3.0,Learned_UNet_N0,seq_inner_val_44b6_t70_p08_boundary,inner_val,44b6_d29c9ab2,24.0,50.0,71.0,72.0,0.9084026158592896
3.0,Learned_UNet_N0,seq_inner_val_44b6_t70_p08_boundary,inner_val,44b6_d29c9ab2,25.0,46.0,71.0,72.0,0.9084026158592896
3.0,Learned_UNet_N0,seq_inner_val_44b6_t70_p08_boundary,inner_val,44b6_d29c9ab2,26.0,51.0,71.0,72.0,1.284675299443404
3.0,Learned_UNet_N0,seq_inner_val_44b6_t70_p08_boundary,inner_val,44b6_d29c9ab2,27.0,49.0,71.0,72.0,1.4647552056572457
3.0,Learned_UNet_N0,seq_inner_val_44b6_t70_p08_boundary,inner_val,44b6_d29c9ab2,29.0,54.0,71.0,72.0,0.0
3.0,Learned_UNet_N0,seq_inner_val_44b6_t70_p08_boundary,inner_val,44b6_d29c9ab2,32.0,52.0,71.0,72.0,1.284675299443404
3.0,Learned_UNet_N0,seq_inner_val_44b6_t70_p08_boundary,inner_val,44b6_d29c9ab2,33.0,53.0,71.0,72.0,0.8125
3.0,Learned_UNet_N0,seq_inner_val_44b6_t70_p08_boundary,inner_val,44b6_d29c9ab2,34.0,62.0,71.0,72.0,1.21875
3.0,Learned_UNet_N0,seq_inner_val_44b6_t70_p08_boundary,inner_val,44b6_d29c9ab2,35.0,64.0,71.0,72.0,1.8168052317185792
3.0,Learned_UNet_N0,seq_inner_val_44b6_t70_p08_boundary,inner_val,44b6_d29c9ab2,36.0,57.0,71.0,72.0,0.0
3.0,Learned_UNet_N0,seq_inner_val_44b6_t70_p08_boundary,inner_val,44b6_d29c9ab2,38.0,58.0,71.0,72.0,1.1490485194281397
3.0,Learned_UNet_N0,seq_inner_val_44b6_t70_p08_boundary,inner_val,44b6_d29c9ab2,39.0,67.0,71.0,72.0,0.9084026158592896
3.0,Learned_UNet_N0,seq_inner_val_44b6_t70_p08_boundary,inner_val,44b6_d29c9ab2,40.0,63.0,71.0,72.0,0.40625
3.0,Learned_UNet_N0,seq_inner_val_44b6_t70_p08_boundary,inner_val,44b6_d29c9ab2,42.0,65.0,71.0,72.0,0.9084026158592896
3.0,Learned_UNet_N0,seq_inner_val_44b6_t70_p08_boundary,inner_val,44b6_d29c9ab2,43.0,66.0,71.0,72.0,1.1490485194281397
3.0,Learned_UNet_N0,seq_inner_val_44b6_t70_p08_boundary,inner_val,44b6_d29c9ab2,46.0,71.0,72.0,73.0,1.8168052317185792
3.0,Learned_UNet_N0,seq_inner_val_44b6_t70_p08_boundary,inner_val,44b6_d29c9ab2,47.0,70.0,72.0,73.0,0.5745242597140698
3.0,Learned_UNet_N0,seq_inner_val_44b6_t70_p08_boundary,inner_val,44b6_d29c9ab2,48.0,72.0,72.0,73.0,0.40625
3.0,Learned_UNet_N0,seq_inner_val_44b6_t70_p08_boundary,inner_val,44b6_d29c9ab2,50.0,74.0,72.0,73.0,0.5745242597140698
3.0,Learned_UNet_N0,seq_inner_val_44b6_t70_p08_boundary,inner_val,44b6_d29c9ab2,51.0,79.0,72.0,73.0,1.284675299443404
3.0,Learned_UNet_N0,seq_inner_val_44b6_t70_p08_boundary,inner_val,44b6_d29c9ab2,52.0,78.0,72.0,73.0,0.0
3.0,Learned_UNet_N0,seq_inner_val_44b6_t70_p08_boundary,inner_val,44b6_d29c9ab2,54.0,77.0,72.0,73.0,0.8125
3.0,Learned_UNet_N0,seq_inner_val_44b6_t70_p08_boundary,inner_val,44b6_d29c9ab2,55.0,75.0,72.0,73.0,0.8125
3.0,Learned_UNet_N0,seq_inner_val_44b6_t70_p08_boundary,inner_val,44b6_d29c9ab2,56.0,81.0,72.0,73.0,0.40625
3.0,Learned_UNet_N0,seq_inner_val_44b6_t70_p08_boundary,inner_val,44b6_d29c9ab2,58.0,85.0,72.0,73.0,0.9084026158592896
3.0,Learned_UNet_N0,seq_inner_val_44b6_t70_p08_boundary,inner_val,44b6_d29c9ab2,61.0,90.0,72.0,73.0,0.40625
3.0,Learned_UNet_N0,seq_inner_val_44b6_t70_p08_boundary,inner_val,44b6_d29c9ab2,62.0,82.0,72.0,73.0,0.40625
3.0,Learned_UNet_N0,seq_inner_val_44b6_t70_p08_boundary,inner_val,44b6_d29c9ab2,63.0,84.0,72.0,73.0,0.8125
3.0,Learned_UNet_N0,seq_inner_val_44b6_t70_p08_boundary,inner_val,44b6_d29c9ab2,65.0,88.0,72.0,73.0,2.03125
3.0,Learned_UNet_N0,seq_inner_val_44b6_t70_p08_boundary,inner_val,44b6_d29c9ab2,66.0,83.0,72.0,73.0,1.4647552056572457
3.0,Learned_UNet_N0,seq_inner_val_44b6_t70_p08_boundary,inner_val,44b6_d29c9ab2,67.0,92.0,72.0,73.0,1.7235727791422095
3.0,Learned_UNet_N0,seq_inner_val_44b6_t70_p08_boundary,inner_val,44b6_d29c9ab2,70.0,93.0,73.0,74.0,0.40625
3.0,Learned_UNet_N0,seq_inner_val_44b6_t70_p08_boundary,inner_val,44b6_d29c9ab2,71.0,95.0,73.0,74.0,0.5745242597140698
3.0,Learned_UNet_N0,seq_inner_val_44b6_t70_p08_boundary,inner_val,44b6_d29c9ab2,72.0,96.0,73.0,74.0,1.284675299443404
3.0,Learned_UNet_N0,seq_inner_val_44b6_t70_p08_boundary,inner_val,44b6_d29c9ab2,74.0,97.0,73.0,74.0,1.1490485194281397
3.0,Learned_UNet_N0,seq_inner_val_44b6_t70_p08_boundary,inner_val,44b6_d29c9ab2,75.0,94.0,73.0,74.0,2.03125
3.0,Learned_UNet_N0,seq_inner_val_44b6_t70_p08_boundary,inner_val,44b6_d29c9ab2,76.0,99.0,73.0,74.0,0.8125
3.0,Learned_UNet_N0,seq_inner_val_44b6_t70_p08_boundary,inner_val,44b6_d29c9ab2,77.0,104.0,73.0,74.0,1.8168052317185792
3.0,Learned_UNet_N0,seq_inner_val_44b6_t70_p08_boundary,inner_val,44b6_d29c9ab2,78.0,100.0,73.0,74.0,1.21875
3.0,Learned_UNet_N0,seq_inner_val_44b6_t70_p08_boundary,inner_val,44b6_d29c9ab2,80.0,101.0,73.0,74.0,0.8125
3.0,Learned_UNet_N0,seq_inner_val_44b6_t70_p08_boundary,inner_val,44b6_d29c9ab2,81.0,103.0,73.0,74.0,0.9084026158592896
3.0,Learned_UNet_N0,seq_inner_val_44b6_t70_p08_boundary,inner_val,44b6_d29c9ab2,82.0,109.0,73.0,74.0,0.9084026158592896
3.0,Learned_UNet_N0,seq_inner_val_44b6_t70_p08_boundary,inner_val,44b6_d29c9ab2,83.0,111.0,73.0,74.0,0.40625
3.0,Learned_UNet_N0,seq_inner_val_44b6_t70_p08_boundary,inner_val,44b6_d29c9ab2,87.0,114.0,73.0,74.0,1.1490485194281397
3.0,Learned_UNet_N0,seq_inner_val_44b6_t70_p08_boundary,inner_val,44b6_d29c9ab2,88.0,113.0,73.0,74.0,2.03125
3.0,Learned_UNet_N0,seq_inner_val_44b6_t70_p08_boundary,inner_val,44b6_d29c9ab2,91.0,112.0,73.0,74.0,0.0
3.0,Learned_UNet_N0,seq_inner_val_44b6_t90_p09_zero_annotation,inner_val,44b6_d29c9ab2,3.0,29.0,90.0,91.0,0.9084026158592896
3.0,Learned_UNet_N0,seq_inner_val_44b6_t90_p09_zero_annotation,inner_val,44b6_d29c9ab2,4.0,35.0,90.0,91.0,0.9084026158592896
3.0,Learned_UNet_N0,seq_inner_val_44b6_t90_p09_zero_annotation,inner_val,44b6_d29c9ab2,6.0,30.0,90.0,91.0,0.5745242597140698
3.0,Learned_UNet_N0,seq_inner_val_44b6_t90_p09_zero_annotation,inner_val,44b6_d29c9ab2,8.0,32.0,90.0,91.0,0.9084026158592896
3.0,Learned_UNet_N0,seq_inner_val_44b6_t90_p09_zero_annotation,inner_val,44b6_d29c9ab2,9.0,36.0,90.0,91.0,0.9084026158592896
3.0,Learned_UNet_N0,seq_inner_val_44b6_t90_p09_zero_annotation,inner_val,44b6_d29c9ab2,11.0,38.0,90.0,91.0,0.5745242597140698
3.0,Learned_UNet_N0,seq_inner_val_44b6_t90_p09_zero_annotation,inner_val,44b6_d29c9ab2,12.0,37.0,90.0,91.0,0.9084026158592896
3.0,Learned_UNet_N0,seq_inner_val_44b6_t90_p09_zero_annotation,inner_val,44b6_d29c9ab2,14.0,42.0,90.0,91.0,0.8125
3.0,Learned_UNet_N0,seq_inner_val_44b6_t90_p09_zero_annotation,inner_val,44b6_d29c9ab2,15.0,44.0,90.0,91.0,1.21875
3.0,Learned_UNet_N0,seq_inner_val_44b6_t90_p09_zero_annotation,inner_val,44b6_d29c9ab2,16.0,40.0,90.0,91.0,0.40625
3.0,Learned_UNet_N0,seq_inner_val_44b6_t90_p09_zero_annotation,inner_val,44b6_d29c9ab2,18.0,39.0,90.0,91.0,1.625
3.0,Learned_UNet_N0,seq_inner_val_44b6_t90_p09_zero_annotation,inner_val,44b6_d29c9ab2,20.0,46.0,90.0,91.0,1.8168052317185792
3.0,Learned_UNet_N0,seq_inner_val_44b6_t90_p09_zero_annotation,inner_val,44b6_d29c9ab2,21.0,47.0,90.0,91.0,1.6750116604071745
3.0,Learned_UNet_N0,seq_inner_val_44b6_t90_p09_zero_annotation,inner_val,44b6_d29c9ab2,22.0,45.0,90.0,91.0,0.9084026158592896
3.0,Learned_UNet_N0,seq_inner_val_44b6_t90_p09_zero_annotation,inner_val,44b6_d29c9ab2,26.0,48.0,91.0,92.0,0.9084026158592896
3.0,Learned_UNet_N0,seq_inner_val_44b6_t90_p09_zero_annotation,inner_val,44b6_d29c9ab2,27.0,50.0,91.0,92.0,0.40625
3.0,Learned_UNet_N0,seq_inner_val_44b6_t90_p09_zero_annotation,inner_val,44b6_d29c9ab2,28.0,49.0,91.0,92.0,0.5745242597140698
3.0,Learned_UNet_N0,seq_inner_val_44b6_t90_p09_zero_annotation,inner_val,44b6_d29c9ab2,29.0,54.0,91.0,92.0,0.5745242597140698
3.0,Learned_UNet_N0,seq_inner_val_44b6_t90_p09_zero_annotation,inner_val,44b6_d29c9ab2,30.0,52.0,91.0,92.0,0.5745242597140698
3.0,Learned_UNet_N0,seq_inner_val_44b6_t90_p09_zero_annotation,inner_val,44b6_d29c9ab2,31.0,51.0,91.0,92.0,0.5745242597140698
3.0,Learned_UNet_N0,seq_inner_val_44b6_t90_p09_zero_annotation,inner_val,44b6_d29c9ab2,33.0,55.0,91.0,92.0,0.8125
3.0,Learned_UNet_N0,seq_inner_val_44b6_t90_p09_zero_annotation,inner_val,44b6_d29c9ab2,34.0,56.0,91.0,92.0,0.9084026158592896
3.0,Learned_UNet_N0,seq_inner_val_44b6_t90_p09_zero_annotation,inner_val,44b6_d29c9ab2,36.0,60.0,91.0,92.0,1.284675299443404
3.0,Learned_UNet_N0,seq_inner_val_44b6_t90_p09_zero_annotation,inner_val,44b6_d29c9ab2,37.0,63.0,91.0,92.0,0.5745242597140698
3.0,Learned_UNet_N0,seq_inner_val_44b6_t90_p09_zero_annotation,inner_val,44b6_d29c9ab2,39.0,58.0,91.0,92.0,0.5745242597140698
3.0,Learned_UNet_N0,seq_inner_val_44b6_t90_p09_zero_annotation,inner_val,44b6_d29c9ab2,40.0,64.0,91.0,92.0,1.625
3.0,Learned_UNet_N0,seq_inner_val_44b6_t90_p09_zero_annotation,inner_val,44b6_d29c9ab2,41.0,57.0,91.0,92.0,1.21875
3.0,Learned_UNet_N0,seq_inner_val_44b6_t90_p09_zero_annotation,inner_val,44b6_d29c9ab2,43.0,59.0,91.0,92.0,0.8125
3.0,Learned_UNet_N0,seq_inner_val_44b6_t90_p09_zero_annotation,inner_val,44b6_d29c9ab2,45.0,69.0,91.0,92.0,2.471122277933652
3.0,Learned_UNet_N0,seq_inner_val_44b6_t90_p09_zero_annotation,inner_val,44b6_d29c9ab2,47.0,67.0,91.0,92.0,0.40625
3.0,Learned_UNet_N0,seq_inner_val_44b6_t90_p09_zero_annotation,inner_val,44b6_d29c9ab2,48.0,72.0,92.0,93.0,1.7235727791422095
3.0,Learned_UNet_N0,seq_inner_val_44b6_t90_p09_zero_annotation,inner_val,44b6_d29c9ab2,49.0,75.0,92.0,93.0,0.40625
3.0,Learned_UNet_N0,seq_inner_val_44b6_t90_p09_zero_annotation,inner_val,44b6_d29c9ab2,50.0,78.0,92.0,93.0,0.40625
3.0,Learned_UNet_N0,seq_inner_val_44b6_t90_p09_zero_annotation,inner_val,44b6_d29c9ab2,51.0,80.0,92.0,93.0,0.8125
3.0,Learned_UNet_N0,seq_inner_val_44b6_t90_p09_zero_annotation,inner_val,44b6_d29c9ab2,52.0,73.0,92.0,93.0,1.284675299443404
3.0,Learned_UNet_N0,seq_inner_val_44b6_t90_p09_zero_annotation,inner_val,44b6_d29c9ab2,53.0,77.0,92.0,93.0,0.40625
3.0,Learned_UNet_N0,seq_inner_val_44b6_t90_p09_zero_annotation,inner_val,44b6_d29c9ab2,54.0,76.0,92.0,93.0,0.9084026158592896
3.0,Learned_UNet_N0,seq_inner_val_44b6_t90_p09_zero_annotation,inner_val,44b6_d29c9ab2,55.0,74.0,92.0,93.0,0.8125
3.0,Learned_UNet_N0,seq_inner_val_44b6_t90_p09_zero_annotation,inner_val,44b6_d29c9ab2,56.0,90.0,92.0,93.0,1.1490485194281397
3.0,Learned_UNet_N0,seq_inner_val_44b6_t90_p09_zero_annotation,inner_val,44b6_d29c9ab2,57.0,83.0,92.0,93.0,1.21875
3.0,Learned_UNet_N0,seq_inner_val_44b6_t90_p09_zero_annotation,inner_val,44b6_d29c9ab2,60.0,85.0,92.0,93.0,1.284675299443404
3.0,Learned_UNet_N0,seq_inner_val_44b6_t90_p09_zero_annotation,inner_val,44b6_d29c9ab2,63.0,91.0,92.0,93.0,0.9084026158592896
3.0,Learned_UNet_N0,seq_inner_val_44b6_t90_p09_zero_annotation,inner_val,44b6_d29c9ab2,65.0,92.0,92.0,93.0,0.40625
3.0,Learned_UNet_N0,seq_inner_val_44b6_t90_p09_zero_annotation,inner_val,44b6_d29c9ab2,67.0,93.0,92.0,93.0,1.21875
3.0,Learned_UNet_N0,seq_inner_val_44b6_t90_p09_zero_annotation,inner_val,44b6_d29c9ab2,73.0,102.0,93.0,94.0,0.40625
3.0,Learned_UNet_N0,seq_inner_val_44b6_t90_p09_zero_annotation,inner_val,44b6_d29c9ab2,74.0,101.0,93.0,94.0,1.4647552056572457
3.0,Learned_UNet_N0,seq_inner_val_44b6_t90_p09_zero_annotation,inner_val,44b6_d29c9ab2,76.0,107.0,93.0,94.0,0.40625
3.0,Learned_UNet_N0,seq_inner_val_44b6_t90_p09_zero_annotation,inner_val,44b6_d29c9ab2,77.0,100.0,93.0,94.0,0.8125
3.0,Learned_UNet_N0,seq_inner_val_44b6_t90_p09_zero_annotation,inner_val,44b6_d29c9ab2,79.0,105.0,93.0,94.0,0.5745242597140698
3.0,Learned_UNet_N0,seq_inner_val_44b6_t90_p09_zero_annotation,inner_val,44b6_d29c9ab2,80.0,97.0,93.0,94.0,0.40625
3.0,Learned_UNet_N0,seq_inner_val_44b6_t90_p09_zero_annotation,inner_val,44b6_d29c9ab2,81.0,99.0,93.0,94.0,0.0
3.0,Learned_UNet_N0,seq_inner_val_44b6_t90_p09_zero_annotation,inner_val,44b6_d29c9ab2,82.0,104.0,93.0,94.0,1.625
3.0,Learned_UNet_N0,seq_inner_val_44b6_t90_p09_zero_annotation,inner_val,44b6_d29c9ab2,83.0,103.0,93.0,94.0,0.9084026158592896
3.0,Learned_UNet_N0,seq_inner_val_44b6_t90_p09_zero_annotation,inner_val,44b6_d29c9ab2,84.0,111.0,93.0,94.0,1.8168052317185792
3.0,Learned_UNet_N0,seq_inner_val_44b6_t90_p09_zero_annotation,inner_val,44b6_d29c9ab2,85.0,109.0,93.0,94.0,0.5745242597140698
3.0,Learned_UNet_N0,seq_inner_val_44b6_t90_p09_zero_annotation,inner_val,44b6_d29c9ab2,89.0,113.0,93.0,94.0,0.5745242597140698
3.0,Learned_UNet_N0,seq_inner_val_44b6_t90_p09_zero_annotation,inner_val,44b6_d29c9ab2,91.0,114.0,93.0,94.0,0.40625
3.0,Learned_UNet_N0,seq_inner_val_44b6_t90_p09_zero_annotation,inner_val,44b6_d29c9ab2,92.0,118.0,93.0,94.0,0.40625
3.0,Learned_UNet_N0,seq_inner_val_44b6_t90_p09_zero_annotation,inner_val,44b6_d29c9ab2,93.0,121.0,93.0,94.0,1.625
3.0,Learned_UNet_N0,seq_inner_val_44b6_t90_p09_zero_annotation,inner_val,44b6_d29c9ab2,94.0,120.0,93.0,94.0,0.0
3.0,Learned_UNet_N0,seq_inner_val_44b6_t70_p10_zero_annotation,inner_val,44b6_d29c9ab2,0.0,10.0,70.0,71.0,0.40625
3.0,Learned_UNet_N0,seq_inner_val_44b6_t70_p10_zero_annotation,inner_val,44b6_d29c9ab2,1.0,13.0,70.0,71.0,0.40625
3.0,Learned_UNet_N0,seq_inner_val_44b6_t70_p10_zero_annotation,inner_val,44b6_d29c9ab2,3.0,17.0,70.0,71.0,0.8125
3.0,Learned_UNet_N0,seq_inner_val_44b6_t70_p10_zero_annotation,inner_val,44b6_d29c9ab2,4.0,12.0,70.0,71.0,0.8125
3.0,Learned_UNet_N0,seq_inner_val_44b6_t70_p10_zero_annotation,inner_val,44b6_d29c9ab2,12.0,24.0,71.0,72.0,0.9084026158592896
3.0,Learned_UNet_N0,seq_inner_val_44b6_t70_p10_zero_annotation,inner_val,44b6_d29c9ab2,13.0,25.0,71.0,72.0,0.8125
3.0,Learned_UNet_N0,seq_inner_val_44b6_t70_p10_zero_annotation,inner_val,44b6_d29c9ab2,15.0,22.0,71.0,72.0,0.8125
3.0,Learned_UNet_N0,seq_inner_val_44b6_t70_p10_zero_annotation,inner_val,44b6_d29c9ab2,16.0,26.0,71.0,72.0,0.9084026158592896
3.0,Learned_UNet_N0,seq_inner_val_44b6_t70_p10_zero_annotation,inner_val,44b6_d29c9ab2,17.0,28.0,71.0,72.0,0.8125
3.0,Learned_UNet_N0,seq_inner_val_44b6_t70_p10_zero_annotation,inner_val,44b6_d29c9ab2,19.0,33.0,71.0,72.0,1.4647552056572457
3.0,Learned_UNet_N0,seq_inner_val_44b6_t70_p10_zero_annotation,inner_val,44b6_d29c9ab2,22.0,38.0,72.0,73.0,1.625
3.0,Learned_UNet_N0,seq_inner_val_44b6_t70_p10_zero_annotation,inner_val,44b6_d29c9ab2,24.0,43.0,72.0,73.0,0.40625
3.0,Learned_UNet_N0,seq_inner_val_44b6_t70_p10_zero_annotation,inner_val,44b6_d29c9ab2,26.0,41.0,72.0,73.0,1.21875
3.0,Learned_UNet_N0,seq_inner_val_44b6_t70_p10_zero_annotation,inner_val,44b6_d29c9ab2,28.0,45.0,72.0,73.0,0.0
3.0,Learned_UNet_N0,seq_inner_val_44b6_t70_p10_zero_annotation,inner_val,44b6_d29c9ab2,31.0,44.0,72.0,73.0,2.471122277933652
3.0,Learned_UNet_N0,seq_inner_val_44b6_t70_p10_zero_annotation,inner_val,44b6_d29c9ab2,38.0,53.0,73.0,74.0,1.86167137607581
3.0,Learned_UNet_N0,seq_inner_val_44b6_t70_p10_zero_annotation,inner_val,44b6_d29c9ab2,41.0,55.0,73.0,74.0,1.4647552056572457
3.0,Learned_UNet_N0,seq_inner_val_44b6_t70_p10_zero_annotation,inner_val,44b6_d29c9ab2,44.0,58.0,73.0,74.0,1.6750116604071745
3.0,Learned_UNet_N0,seq_inner_val_44b6_t70_p10_zero_annotation,inner_val,44b6_d29c9ab2,46.0,54.0,73.0,74.0,2.4375
3.0,Learned_UNet_N0,seq_held_out_val_6bba_t20_p01_crowded,held_out_val,6bba_43fea39d,0.0,14.0,20.0,21.0,0.8125
3.0,Learned_UNet_N0,seq_held_out_val_6bba_t20_p01_crowded,held_out_val,6bba_43fea39d,4.0,17.0,20.0,21.0,0.9084026158592896
3.0,Learned_UNet_N0,seq_held_out_val_6bba_t20_p01_crowded,held_out_val,6bba_43fea39d,5.0,18.0,20.0,21.0,1.6750116604071745
3.0,Learned_UNet_N0,seq_held_out_val_6bba_t20_p01_crowded,held_out_val,6bba_43fea39d,6.0,19.0,20.0,21.0,0.5745242597140698
3.0,Learned_UNet_N0,seq_held_out_val_6bba_t20_p01_crowded,held_out_val,6bba_43fea39d,7.0,20.0,20.0,21.0,0.0
3.0,Learned_UNet_N0,seq_held_out_val_6bba_t20_p01_crowded,held_out_val,6bba_43fea39d,12.0,22.0,21.0,22.0,0.0
3.0,Learned_UNet_N0,seq_held_out_val_6bba_t20_p01_crowded,held_out_val,6bba_43fea39d,13.0,23.0,21.0,22.0,0.0
3.0,Learned_UNet_N0,seq_held_out_val_6bba_t20_p01_crowded,held_out_val,6bba_43fea39d,14.0,24.0,21.0,22.0,0.0
3.0,Learned_UNet_N0,seq_held_out_val_6bba_t20_p01_crowded,held_out_val,6bba_43fea39d,15.0,25.0,21.0,22.0,0.0
3.0,Learned_UNet_N0,seq_held_out_val_6bba_t20_p01_crowded,held_out_val,6bba_43fea39d,16.0,26.0,21.0,22.0,0.0
3.0,Learned_UNet_N0,seq_held_out_val_6bba_t20_p01_crowded,held_out_val,6bba_43fea39d,17.0,27.0,21.0,22.0,0.0
3.0,Learned_UNet_N0,seq_held_out_val_6bba_t20_p01_crowded,held_out_val,6bba_43fea39d,18.0,28.0,21.0,22.0,0.0
3.0,Learned_UNet_N0,seq_held_out_val_6bba_t20_p01_crowded,held_out_val,6bba_43fea39d,19.0,29.0,21.0,22.0,0.0
3.0,Learned_UNet_N0,seq_held_out_val_6bba_t20_p01_crowded,held_out_val,6bba_43fea39d,20.0,30.0,21.0,22.0,0.0
3.0,Learned_UNet_N0,seq_held_out_val_6bba_t20_p01_crowded,held_out_val,6bba_43fea39d,21.0,31.0,21.0,22.0,0.0
3.0,Learned_UNet_N0,seq_held_out_val_6bba_t20_p01_crowded,held_out_val,6bba_43fea39d,24.0,36.0,22.0,23.0,2.2980970388562794
3.0,Learned_UNet_N0,seq_held_out_val_6bba_t20_p01_crowded,held_out_val,6bba_43fea39d,25.0,41.0,22.0,23.0,2.333728575156074
3.0,Learned_UNet_N0,seq_held_out_val_6bba_t20_p01_crowded,held_out_val,6bba_43fea39d,28.0,38.0,22.0,23.0,2.632800908728193
3.0,Learned_UNet_N0,seq_held_out_val_6bba_t20_p01_crowded,held_out_val,6bba_43fea39d,33.0,44.0,23.0,24.0,1.1490485194281397
3.0,Learned_UNet_N0,seq_held_out_val_6bba_t20_p01_crowded,held_out_val,6bba_43fea39d,35.0,45.0,23.0,24.0,0.5745242597140698
3.0,Learned_UNet_N0,seq_held_out_val_6bba_t20_p01_crowded,held_out_val,6bba_43fea39d,36.0,48.0,23.0,24.0,0.0
3.0,Learned_UNet_N0,seq_held_out_val_6bba_t20_p01_crowded,held_out_val,6bba_43fea39d,37.0,47.0,23.0,24.0,0.0
3.0,Learned_UNet_N0,seq_held_out_val_6bba_t20_p01_crowded,held_out_val,6bba_43fea39d,38.0,49.0,23.0,24.0,1.6750116604071745
3.0,Learned_UNet_N0,seq_held_out_val_6bba_t20_p01_crowded,held_out_val,6bba_43fea39d,39.0,51.0,23.0,24.0,2.9575446425202108
3.0,Learned_UNet_N0,seq_held_out_val_6bba_t20_p01_crowded,held_out_val,6bba_43fea39d,41.0,52.0,23.0,24.0,1.8168052317185792
3.0,Learned_UNet_N0,seq_held_out_val_6bba_t35_p02_crowded,held_out_val,6bba_43fea39d,1.0,14.0,35.0,36.0,0.9084026158592896
3.0,Learned_UNet_N0,seq_held_out_val_6bba_t35_p02_crowded,held_out_val,6bba_43fea39d,2.0,13.0,35.0,36.0,1.8168052317185792
3.0,Learned_UNet_N0,seq_held_out_val_6bba_t35_p02_crowded,held_out_val,6bba_43fea39d,5.0,15.0,35.0,36.0,0.8125
3.0,Learned_UNet_N0,seq_held_out_val_6bba_t35_p02_crowded,held_out_val,6bba_43fea39d,7.0,16.0,35.0,36.0,0.8125
3.0,Learned_UNet_N0,seq_held_out_val_6bba_t35_p02_crowded,held_out_val,6bba_43fea39d,10.0,19.0,35.0,36.0,0.9084026158592896
3.0,Learned_UNet_N0,seq_held_out_val_6bba_t35_p02_crowded,held_out_val,6bba_43fea39d,14.0,27.0,36.0,37.0,0.9084026158592896
3.0,Learned_UNet_N0,seq_held_out_val_6bba_t35_p02_crowded,held_out_val,6bba_43fea39d,15.0,25.0,36.0,37.0,1.6750116604071745
3.0,Learned_UNet_N0,seq_held_out_val_6bba_t35_p02_crowded,held_out_val,6bba_43fea39d,23.0,34.0,37.0,38.0,2.1877232028983924
3.0,Learned_UNet_N0,seq_held_out_val_6bba_t35_p02_crowded,held_out_val,6bba_43fea39d,28.0,38.0,37.0,38.0,1.8168052317185792
3.0,Learned_UNet_N0,seq_held_out_val_6bba_t35_p02_crowded,held_out_val,6bba_43fea39d,41.0,47.0,38.0,39.0,2.84375
3.0,Learned_UNet_N0,seq_held_out_val_6bba_t50_p03_crowded,held_out_val,6bba_43fea39d,1.0,12.0,50.0,51.0,2.7252078475778685
3.0,Learned_UNet_N0,seq_held_out_val_6bba_t50_p03_crowded,held_out_val,6bba_43fea39d,3.0,11.0,50.0,51.0,1.21875
3.0,Learned_UNet_N0,seq_held_out_val_6bba_t50_p03_crowded,held_out_val,6bba_43fea39d,9.0,17.0,51.0,52.0,0.0
3.0,Learned_UNet_N0,seq_held_out_val_6bba_t50_p03_crowded,held_out_val,6bba_43fea39d,10.0,18.0,51.0,52.0,0.0
3.0,Learned_UNet_N0,seq_held_out_val_6bba_t50_p03_crowded,held_out_val,6bba_43fea39d,11.0,19.0,51.0,52.0,0.0
3.0,Learned_UNet_N0,seq_held_out_val_6bba_t50_p03_crowded,held_out_val,6bba_43fea39d,12.0,20.0,51.0,52.0,0.0
3.0,Learned_UNet_N0,seq_held_out_val_6bba_t50_p03_crowded,held_out_val,6bba_43fea39d,13.0,21.0,51.0,52.0,0.0
3.0,Learned_UNet_N0,seq_held_out_val_6bba_t50_p03_crowded,held_out_val,6bba_43fea39d,14.0,22.0,51.0,52.0,0.0
3.0,Learned_UNet_N0,seq_held_out_val_6bba_t50_p03_crowded,held_out_val,6bba_43fea39d,15.0,23.0,51.0,52.0,0.0
3.0,Learned_UNet_N0,seq_held_out_val_6bba_t50_p03_crowded,held_out_val,6bba_43fea39d,16.0,24.0,51.0,52.0,0.0
3.0,Learned_UNet_N0,seq_held_out_val_6bba_t50_p03_crowded,held_out_val,6bba_43fea39d,19.0,26.0,52.0,53.0,1.284675299443404
3.0,Learned_UNet_N0,seq_held_out_val_6bba_t50_p03_crowded,held_out_val,6bba_43fea39d,25.0,37.0,53.0,54.0,1.4647552056572457
3.0,Learned_UNet_N0,seq_held_out_val_6bba_t50_p03_crowded,held_out_val,6bba_43fea39d,26.0,38.0,53.0,54.0,0.0
3.0,Learned_UNet_N0,seq_held_out_val_6bba_t50_p03_crowded,held_out_val,6bba_43fea39d,28.0,42.0,53.0,54.0,1.6750116604071745
3.0,Learned_UNet_N0,seq_held_out_val_6bba_t50_p03_crowded,held_out_val,6bba_43fea39d,30.0,39.0,53.0,54.0,0.40625
3.0,Learned_UNet_N0,seq_held_out_val_6bba_t50_p03_crowded,held_out_val,6bba_43fea39d,31.0,43.0,53.0,54.0,2.2980970388562794
3.0,Learned_UNet_N0,seq_held_out_val_6bba_t50_p03_crowded,held_out_val,6bba_43fea39d,36.0,44.0,53.0,54.0,1.8168052317185792
3.0,Learned_UNet_N0,seq_held_out_val_6bba_t20_p04_crowded,held_out_val,6bba_43fea39d,0.0,5.0,20.0,21.0,0.0
3.0,Learned_UNet_N0,seq_held_out_val_6bba_t20_p04_crowded,held_out_val,6bba_43fea39d,5.0,14.0,21.0,22.0,0.0
3.0,Learned_UNet_N0,seq_held_out_val_6bba_t20_p04_crowded,held_out_val,6bba_43fea39d,6.0,15.0,21.0,22.0,0.0
3.0,Learned_UNet_N0,seq_held_out_val_6bba_t20_p04_crowded,held_out_val,6bba_43fea39d,7.0,16.0,21.0,22.0,0.0
3.0,Learned_UNet_N0,seq_held_out_val_6bba_t20_p04_crowded,held_out_val,6bba_43fea39d,8.0,17.0,21.0,22.0,0.0
3.0,Learned_UNet_N0,seq_held_out_val_6bba_t20_p04_crowded,held_out_val,6bba_43fea39d,9.0,18.0,21.0,22.0,0.0
3.0,Learned_UNet_N0,seq_held_out_val_6bba_t20_p04_crowded,held_out_val,6bba_43fea39d,10.0,19.0,21.0,22.0,0.0
3.0,Learned_UNet_N0,seq_held_out_val_6bba_t20_p04_crowded,held_out_val,6bba_43fea39d,11.0,20.0,21.0,22.0,0.0
3.0,Learned_UNet_N0,seq_held_out_val_6bba_t20_p04_crowded,held_out_val,6bba_43fea39d,12.0,21.0,21.0,22.0,0.0
3.0,Learned_UNet_N0,seq_held_out_val_6bba_t20_p04_crowded,held_out_val,6bba_43fea39d,13.0,22.0,21.0,22.0,0.0
3.0,Learned_UNet_N0,seq_held_out_val_6bba_t20_p04_crowded,held_out_val,6bba_43fea39d,21.0,24.0,22.0,23.0,1.8168052317185792
3.0,Learned_UNet_N0,seq_held_out_val_6bba_t20_p04_crowded,held_out_val,6bba_43fea39d,26.0,34.0,23.0,24.0,2.1877232028983924
3.0,Learned_UNet_N0,seq_held_out_val_6bba_t20_p04_crowded,held_out_val,6bba_43fea39d,27.0,33.0,23.0,24.0,0.5745242597140698
3.0,Learned_UNet_N0,seq_held_out_val_6bba_t20_p04_crowded,held_out_val,6bba_43fea39d,28.0,36.0,23.0,24.0,1.625
3.0,Learned_UNet_N0,seq_held_out_val_6bba_t80_p05_isolated,held_out_val,6bba_43fea39d,5.0,9.0,80.0,81.0,1.284675299443404
3.0,Learned_UNet_N0,seq_held_out_val_6bba_t80_p05_isolated,held_out_val,6bba_43fea39d,6.0,11.0,80.0,81.0,1.625
3.0,Learned_UNet_N0,seq_held_out_val_6bba_t80_p05_isolated,held_out_val,6bba_43fea39d,7.0,10.0,80.0,81.0,2.1877232028983924
3.0,Learned_UNet_N0,seq_held_out_val_6bba_t80_p05_isolated,held_out_val,6bba_43fea39d,9.0,13.0,81.0,82.0,0.5745242597140698
3.0,Learned_UNet_N0,seq_held_out_val_6bba_t80_p05_isolated,held_out_val,6bba_43fea39d,10.0,15.0,81.0,82.0,1.4647552056572457
3.0,Learned_UNet_N0,seq_held_out_val_6bba_t80_p05_isolated,held_out_val,6bba_43fea39d,13.0,19.0,82.0,83.0,0.0
3.0,Learned_UNet_N0,seq_held_out_val_6bba_t80_p05_isolated,held_out_val,6bba_43fea39d,15.0,22.0,82.0,83.0,2.4375
3.0,Learned_UNet_N0,seq_held_out_val_6bba_t80_p05_isolated,held_out_val,6bba_43fea39d,16.0,21.0,82.0,83.0,2.2980970388562794
3.0,Learned_UNet_N0,seq_held_out_val_6bba_t80_p05_isolated,held_out_val,6bba_43fea39d,21.0,28.0,83.0,84.0,0.5745242597140698
3.0,Learned_UNet_N0,seq_held_out_val_6bba_t80_p05_isolated,held_out_val,6bba_43fea39d,22.0,27.0,83.0,84.0,0.0
3.0,Learned_UNet_N0,seq_held_out_val_6bba_t35_p06_isolated,held_out_val,6bba_43fea39d,7.0,14.0,35.0,36.0,0.8125
3.0,Learned_UNet_N0,seq_held_out_val_6bba_t35_p06_isolated,held_out_val,6bba_43fea39d,19.0,28.0,37.0,38.0,1.4647552056572457
3.0,Learned_UNet_N0,seq_held_out_val_6bba_t35_p06_isolated,held_out_val,6bba_43fea39d,21.0,29.0,37.0,38.0,0.40625
3.0,Learned_UNet_N0,seq_held_out_val_6bba_t35_p06_isolated,held_out_val,6bba_43fea39d,22.0,31.0,37.0,38.0,1.21875
3.0,Learned_UNet_N0,seq_held_out_val_6bba_t35_p06_isolated,held_out_val,6bba_43fea39d,27.0,39.0,38.0,39.0,2.03125
3.0,Learned_UNet_N0,seq_held_out_val_6bba_t35_p06_isolated,held_out_val,6bba_43fea39d,28.0,41.0,38.0,39.0,1.8168052317185792
3.0,Learned_UNet_N0,seq_held_out_val_6bba_t35_p07_isolated,held_out_val,6bba_43fea39d,12.0,21.0,36.0,37.0,0.5745242597140698
3.0,Learned_UNet_N0,seq_held_out_val_6bba_t35_p07_isolated,held_out_val,6bba_43fea39d,14.0,22.0,36.0,37.0,1.8168052317185792
3.0,Learned_UNet_N0,seq_held_out_val_6bba_t35_p07_isolated,held_out_val,6bba_43fea39d,18.0,25.0,37.0,38.0,0.9084026158592896
3.0,Learned_UNet_N0,seq_held_out_val_6bba_t35_p07_isolated,held_out_val,6bba_43fea39d,24.0,38.0,38.0,39.0,2.368824207280903
3.0,Learned_UNet_N0,seq_held_out_val_6bba_t35_p07_isolated,held_out_val,6bba_43fea39d,28.0,35.0,38.0,39.0,1.625
3.0,Learned_UNet_N0,seq_held_out_val_6bba_t35_p07_isolated,held_out_val,6bba_43fea39d,30.0,36.0,38.0,39.0,2.0714766773970688
3.0,Learned_UNet_N0,seq_held_out_val_6bba_t80_p08_isolated,held_out_val,6bba_43fea39d,0.0,8.0,80.0,81.0,1.1490485194281397
3.0,Learned_UNet_N0,seq_held_out_val_6bba_t80_p08_isolated,held_out_val,6bba_43fea39d,2.0,7.0,80.0,81.0,0.8125
3.0,Learned_UNet_N0,seq_held_out_val_6bba_t80_p08_isolated,held_out_val,6bba_43fea39d,6.0,13.0,80.0,81.0,1.7235727791422095
3.0,Learned_UNet_N0,seq_held_out_val_6bba_t80_p08_isolated,held_out_val,6bba_43fea39d,7.0,16.0,81.0,82.0,0.0
3.0,Learned_UNet_N0,seq_held_out_val_6bba_t80_p08_isolated,held_out_val,6bba_43fea39d,8.0,15.0,81.0,82.0,0.9084026158592896
3.0,Learned_UNet_N0,seq_held_out_val_6bba_t80_p08_isolated,held_out_val,6bba_43fea39d,10.0,18.0,81.0,82.0,2.03125
3.0,Learned_UNet_N0,seq_held_out_val_6bba_t80_p08_isolated,held_out_val,6bba_43fea39d,13.0,19.0,81.0,82.0,0.0
3.0,Learned_UNet_N0,seq_held_out_val_6bba_t80_p08_isolated,held_out_val,6bba_43fea39d,14.0,21.0,82.0,83.0,0.8125
3.0,Learned_UNet_N0,seq_held_out_val_6bba_t80_p08_isolated,held_out_val,6bba_43fea39d,15.0,20.0,82.0,83.0,2.7252078475778685
3.0,Learned_UNet_N0,seq_held_out_val_6bba_t80_p08_isolated,held_out_val,6bba_43fea39d,16.0,22.0,82.0,83.0,0.8125
3.0,Learned_UNet_N0,seq_held_out_val_6bba_t80_p08_isolated,held_out_val,6bba_43fea39d,18.0,24.0,82.0,83.0,1.284675299443404
3.0,Learned_UNet_N0,seq_held_out_val_6bba_t80_p08_isolated,held_out_val,6bba_43fea39d,19.0,30.0,82.0,83.0,2.0714766773970688
3.0,Learned_UNet_N0,seq_held_out_val_6bba_t80_p08_isolated,held_out_val,6bba_43fea39d,20.0,31.0,83.0,84.0,2.7252078475778685
3.0,Learned_UNet_N0,seq_held_out_val_6bba_t80_p08_isolated,held_out_val,6bba_43fea39d,23.0,33.0,83.0,84.0,0.5745242597140698
3.0,Learned_UNet_N0,seq_held_out_val_6bba_t80_p08_isolated,held_out_val,6bba_43fea39d,26.0,32.0,83.0,84.0,0.40625
3.0,Learned_UNet_N0,seq_held_out_val_6bba_t20_p09_boundary,held_out_val,6bba_43fea39d,2.0,6.0,20.0,21.0,2.8726212985703494
3.0,Learned_UNet_N0,seq_held_out_val_6bba_t20_p09_boundary,held_out_val,6bba_43fea39d,4.0,11.0,20.0,21.0,1.6750116604071745
3.0,Learned_UNet_N0,seq_held_out_val_6bba_t20_p09_boundary,held_out_val,6bba_43fea39d,5.0,13.0,21.0,22.0,0.0
3.0,Learned_UNet_N0,seq_held_out_val_6bba_t20_p09_boundary,held_out_val,6bba_43fea39d,6.0,14.0,21.0,22.0,0.0
3.0,Learned_UNet_N0,seq_held_out_val_6bba_t20_p09_boundary,held_out_val,6bba_43fea39d,7.0,15.0,21.0,22.0,0.0
3.0,Learned_UNet_N0,seq_held_out_val_6bba_t20_p09_boundary,held_out_val,6bba_43fea39d,8.0,16.0,21.0,22.0,0.0
3.0,Learned_UNet_N0,seq_held_out_val_6bba_t20_p09_boundary,held_out_val,6bba_43fea39d,9.0,17.0,21.0,22.0,0.0
3.0,Learned_UNet_N0,seq_held_out_val_6bba_t20_p09_boundary,held_out_val,6bba_43fea39d,10.0,18.0,21.0,22.0,0.0
3.0,Learned_UNet_N0,seq_held_out_val_6bba_t20_p09_boundary,held_out_val,6bba_43fea39d,11.0,19.0,21.0,22.0,0.0
3.0,Learned_UNet_N0,seq_held_out_val_6bba_t20_p09_boundary,held_out_val,6bba_43fea39d,12.0,20.0,21.0,22.0,0.0
3.0,Learned_UNet_N0,seq_held_out_val_6bba_t20_p09_boundary,held_out_val,6bba_43fea39d,21.0,27.0,23.0,24.0,2.1877232028983924
3.0,Learned_UNet_N0,seq_held_out_val_6bba_t20_p09_boundary,held_out_val,6bba_43fea39d,25.0,29.0,23.0,24.0,0.40625
3.0,Learned_UNet_N0,seq_held_out_val_6bba_t50_p10_boundary,held_out_val,6bba_43fea39d,1.0,7.0,50.0,51.0,1.7235727791422095
3.0,Learned_UNet_N0,seq_held_out_val_6bba_t50_p10_boundary,held_out_val,6bba_43fea39d,5.0,8.0,51.0,52.0,0.0
3.0,Learned_UNet_N0,seq_held_out_val_6bba_t50_p10_boundary,held_out_val,6bba_43fea39d,6.0,9.0,51.0,52.0,0.0
3.0,Learned_UNet_N0,seq_held_out_val_6bba_t50_p10_boundary,held_out_val,6bba_43fea39d,7.0,10.0,51.0,52.0,0.0
3.0,Learned_UNet_N0,seq_held_out_val_6bba_t50_p10_boundary,held_out_val,6bba_43fea39d,11.0,16.0,53.0,54.0,1.6750116604071745
3.0,Learned_UNet_N0,seq_held_out_val_6bba_t35_p11_zero_annotation,held_out_val,6bba_43fea39d,4.0,23.0,35.0,36.0,2.6012692214570947
3.0,Learned_UNet_N0,seq_held_out_val_6bba_t35_p11_zero_annotation,held_out_val,6bba_43fea39d,8.0,39.0,35.0,36.0,2.368824207280903
3.0,Learned_UNet_N0,seq_held_out_val_6bba_t35_p11_zero_annotation,held_out_val,6bba_43fea39d,13.0,28.0,35.0,36.0,1.7235727791422095
3.0,Learned_UNet_N0,seq_held_out_val_6bba_t35_p11_zero_annotation,held_out_val,6bba_43fea39d,23.0,48.0,36.0,37.0,1.6750116604071745
3.0,Learned_UNet_N0,seq_held_out_val_6bba_t35_p11_zero_annotation,held_out_val,6bba_43fea39d,29.0,54.0,36.0,37.0,2.6012692214570947
3.0,Learned_UNet_N0,seq_held_out_val_6bba_t35_p11_zero_annotation,held_out_val,6bba_43fea39d,31.0,57.0,36.0,37.0,0.40625
3.0,Learned_UNet_N0,seq_held_out_val_6bba_t35_p11_zero_annotation,held_out_val,6bba_43fea39d,35.0,50.0,36.0,37.0,2.1877232028983924
3.0,Learned_UNet_N0,seq_held_out_val_6bba_t35_p11_zero_annotation,held_out_val,6bba_43fea39d,36.0,58.0,36.0,37.0,0.0
3.0,Learned_UNet_N0,seq_held_out_val_6bba_t35_p11_zero_annotation,held_out_val,6bba_43fea39d,43.0,73.0,37.0,38.0,0.0
3.0,Learned_UNet_N0,seq_held_out_val_6bba_t35_p11_zero_annotation,held_out_val,6bba_43fea39d,45.0,80.0,37.0,38.0,1.625
3.0,Learned_UNet_N0,seq_held_out_val_6bba_t35_p11_zero_annotation,held_out_val,6bba_43fea39d,60.0,83.0,37.0,38.0,1.1490485194281397
3.0,Learned_UNet_N0,seq_held_out_val_6bba_t35_p11_zero_annotation,held_out_val,6bba_43fea39d,62.0,88.0,37.0,38.0,0.8125
3.0,Learned_UNet_N0,seq_held_out_val_6bba_t35_p11_zero_annotation,held_out_val,6bba_43fea39d,66.0,76.0,37.0,38.0,1.7235727791422095
3.0,Learned_UNet_N0,seq_held_out_val_6bba_t35_p11_zero_annotation,held_out_val,6bba_43fea39d,73.0,98.0,38.0,39.0,0.8125
3.0,Learned_UNet_N0,seq_held_out_val_6bba_t35_p11_zero_annotation,held_out_val,6bba_43fea39d,77.0,108.0,38.0,39.0,1.284675299443404
3.0,Learned_UNet_N0,seq_held_out_val_6bba_t35_p11_zero_annotation,held_out_val,6bba_43fea39d,80.0,106.0,38.0,39.0,1.8168052317185792
3.0,Learned_UNet_N0,seq_held_out_val_6bba_t35_p11_zero_annotation,held_out_val,6bba_43fea39d,84.0,107.0,38.0,39.0,1.9902104160113323
3.0,Learned_UNet_N0,seq_held_out_val_6bba_t35_p11_zero_annotation,held_out_val,6bba_43fea39d,90.0,111.0,38.0,39.0,2.4375
3.0,Learned_UNet_N0,seq_held_out_val_6bba_t35_p11_zero_annotation,held_out_val,6bba_43fea39d,94.0,120.0,38.0,39.0,1.7235727791422095
3.0,Learned_UNet_N0,seq_held_out_val_6bba_t65_p12_zero_annotation,held_out_val,6bba_43fea39d,4.0,21.0,65.0,66.0,0.5745242597140698
3.0,Learned_UNet_N0,seq_held_out_val_6bba_t65_p12_zero_annotation,held_out_val,6bba_43fea39d,5.0,24.0,65.0,66.0,1.4647552056572457
3.0,Learned_UNet_N0,seq_held_out_val_6bba_t65_p12_zero_annotation,held_out_val,6bba_43fea39d,9.0,25.0,65.0,66.0,2.368824207280903
3.0,Learned_UNet_N0,seq_held_out_val_6bba_t65_p12_zero_annotation,held_out_val,6bba_43fea39d,12.0,22.0,65.0,66.0,1.1490485194281397
3.0,Learned_UNet_N0,seq_held_out_val_6bba_t65_p12_zero_annotation,held_out_val,6bba_43fea39d,21.0,35.0,66.0,67.0,0.40625
3.0,Learned_UNet_N0,seq_held_out_val_6bba_t65_p12_zero_annotation,held_out_val,6bba_43fea39d,26.0,40.0,66.0,67.0,0.8125
3.0,Learned_UNet_N0,seq_held_out_val_6bba_t65_p12_zero_annotation,held_out_val,6bba_43fea39d,29.0,42.0,66.0,67.0,1.625
3.0,Learned_UNet_N0,seq_held_out_val_6bba_t65_p12_zero_annotation,held_out_val,6bba_43fea39d,33.0,52.0,67.0,68.0,2.8726212985703494
3.0,Learned_UNet_N0,seq_held_out_val_6bba_t65_p12_zero_annotation,held_out_val,6bba_43fea39d,34.0,53.0,67.0,68.0,0.40625
3.0,Learned_UNet_N0,seq_held_out_val_6bba_t65_p12_zero_annotation,held_out_val,6bba_43fea39d,35.0,49.0,67.0,68.0,1.7235727791422095
3.0,Learned_UNet_N0,seq_held_out_val_6bba_t65_p12_zero_annotation,held_out_val,6bba_43fea39d,36.0,56.0,67.0,68.0,0.9084026158592896
3.0,Learned_UNet_N0,seq_held_out_val_6bba_t65_p12_zero_annotation,held_out_val,6bba_43fea39d,37.0,55.0,67.0,68.0,0.9084026158592896
3.0,Learned_UNet_N0,seq_held_out_val_6bba_t65_p12_zero_annotation,held_out_val,6bba_43fea39d,43.0,60.0,67.0,68.0,2.4375
3.0,Learned_UNet_N0,seq_held_out_val_6bba_t65_p12_zero_annotation,held_out_val,6bba_43fea39d,46.0,61.0,67.0,68.0,2.6012692214570947
3.0,Learned_UNet_N0,seq_held_out_val_6bba_t65_p12_zero_annotation,held_out_val,6bba_43fea39d,47.0,63.0,68.0,69.0,0.0
3.0,Learned_UNet_N0,seq_held_out_val_6bba_t65_p12_zero_annotation,held_out_val,6bba_43fea39d,48.0,64.0,68.0,69.0,0.0
3.0,Learned_UNet_N0,seq_held_out_val_6bba_t65_p12_zero_annotation,held_out_val,6bba_43fea39d,49.0,65.0,68.0,69.0,0.0
3.0,Learned_UNet_N0,seq_held_out_val_6bba_t65_p12_zero_annotation,held_out_val,6bba_43fea39d,50.0,66.0,68.0,69.0,0.0
3.0,Learned_UNet_N0,seq_held_out_val_6bba_t65_p12_zero_annotation,held_out_val,6bba_43fea39d,51.0,67.0,68.0,69.0,0.0
3.0,Learned_UNet_N0,seq_held_out_val_6bba_t65_p12_zero_annotation,held_out_val,6bba_43fea39d,52.0,68.0,68.0,69.0,0.0
3.0,Learned_UNet_N0,seq_held_out_val_6bba_t65_p12_zero_annotation,held_out_val,6bba_43fea39d,53.0,69.0,68.0,69.0,0.0
3.0,Learned_UNet_N0,seq_held_out_val_6bba_t65_p12_zero_annotation,held_out_val,6bba_43fea39d,54.0,70.0,68.0,69.0,0.0
3.0,Learned_UNet_N0,seq_held_out_val_6bba_t65_p12_zero_annotation,held_out_val,6bba_43fea39d,55.0,71.0,68.0,69.0,0.0
3.0,Learned_UNet_N0,seq_held_out_val_6bba_t65_p12_zero_annotation,held_out_val,6bba_43fea39d,56.0,72.0,68.0,69.0,0.0
3.0,Learned_UNet_N0,seq_held_out_val_6bba_t65_p12_zero_annotation,held_out_val,6bba_43fea39d,57.0,73.0,68.0,69.0,0.0
3.0,Learned_UNet_N0,seq_held_out_val_6bba_t65_p12_zero_annotation,held_out_val,6bba_43fea39d,58.0,74.0,68.0,69.0,0.0
3.0,Learned_UNet_N0,seq_held_out_val_6bba_t65_p12_zero_annotation,held_out_val,6bba_43fea39d,59.0,75.0,68.0,69.0,0.0
3.0,Learned_UNet_N0,seq_held_out_val_6bba_t65_p12_zero_annotation,held_out_val,6bba_43fea39d,60.0,76.0,68.0,69.0,0.0
3.0,Learned_UNet_N0,seq_held_out_val_6bba_t65_p12_zero_annotation,held_out_val,6bba_43fea39d,61.0,77.0,68.0,69.0,0.0
3.0,Learned_UNet_N0,seq_held_out_val_6bba_t65_p12_zero_annotation,held_out_val,6bba_43fea39d,62.0,78.0,68.0,69.0,0.0
3.0,Learned_UNet_N0,seq_train_44b6_t40_p01_crowded,train,44b6_d29c9ab2,0.0,22.0,40.0,41.0,1.625
3.0,Learned_UNet_N0,seq_train_44b6_t40_p01_crowded,train,44b6_d29c9ab2,1.0,28.0,40.0,41.0,0.9084026158592896
3.0,Learned_UNet_N0,seq_train_44b6_t40_p01_crowded,train,44b6_d29c9ab2,2.0,23.0,40.0,41.0,1.1490485194281397
3.0,Learned_UNet_N0,seq_train_44b6_t40_p01_crowded,train,44b6_d29c9ab2,3.0,25.0,40.0,41.0,0.9084026158592896
3.0,Learned_UNet_N0,seq_train_44b6_t40_p01_crowded,train,44b6_d29c9ab2,4.0,31.0,40.0,41.0,0.0
3.0,Learned_UNet_N0,seq_train_44b6_t40_p01_crowded,train,44b6_d29c9ab2,5.0,32.0,40.0,41.0,1.284675299443404
3.0,Learned_UNet_N0,seq_train_44b6_t40_p01_crowded,train,44b6_d29c9ab2,6.0,34.0,40.0,41.0,0.8125
3.0,Learned_UNet_N0,seq_train_44b6_t40_p01_crowded,train,44b6_d29c9ab2,7.0,35.0,40.0,41.0,2.03125
3.0,Learned_UNet_N0,seq_train_44b6_t40_p01_crowded,train,44b6_d29c9ab2,8.0,36.0,40.0,41.0,0.40625
3.0,Learned_UNet_N0,seq_train_44b6_t40_p01_crowded,train,44b6_d29c9ab2,9.0,29.0,40.0,41.0,0.40625
3.0,Learned_UNet_N0,seq_train_44b6_t40_p01_crowded,train,44b6_d29c9ab2,10.0,27.0,40.0,41.0,1.8168052317185792
3.0,Learned_UNet_N0,seq_train_44b6_t40_p01_crowded,train,44b6_d29c9ab2,11.0,37.0,40.0,41.0,1.625
3.0,Learned_UNet_N0,seq_train_44b6_t40_p01_crowded,train,44b6_d29c9ab2,12.0,24.0,40.0,41.0,1.1490485194281397
3.0,Learned_UNet_N0,seq_train_44b6_t40_p01_crowded,train,44b6_d29c9ab2,13.0,33.0,40.0,41.0,0.8125
3.0,Learned_UNet_N0,seq_train_44b6_t40_p01_crowded,train,44b6_d29c9ab2,14.0,38.0,40.0,41.0,0.5745242597140698
3.0,Learned_UNet_N0,seq_train_44b6_t40_p01_crowded,train,44b6_d29c9ab2,15.0,26.0,40.0,41.0,0.40625
3.0,Learned_UNet_N0,seq_train_44b6_t40_p01_crowded,train,44b6_d29c9ab2,17.0,39.0,40.0,41.0,0.8125
3.0,Learned_UNet_N0,seq_train_44b6_t40_p01_crowded,train,44b6_d29c9ab2,18.0,40.0,40.0,41.0,1.6750116604071745
3.0,Learned_UNet_N0,seq_train_44b6_t40_p01_crowded,train,44b6_d29c9ab2,19.0,43.0,40.0,41.0,0.8125
3.0,Learned_UNet_N0,seq_train_44b6_t40_p01_crowded,train,44b6_d29c9ab2,20.0,44.0,40.0,41.0,1.8168052317185792
3.0,Learned_UNet_N0,seq_train_44b6_t40_p01_crowded,train,44b6_d29c9ab2,21.0,42.0,40.0,41.0,0.5745242597140698
3.0,Learned_UNet_N0,seq_train_44b6_t40_p01_crowded,train,44b6_d29c9ab2,23.0,49.0,41.0,42.0,1.1490485194281397
3.0,Learned_UNet_N0,seq_train_44b6_t40_p01_crowded,train,44b6_d29c9ab2,24.0,45.0,41.0,42.0,1.8168052317185792
3.0,Learned_UNet_N0,seq_train_44b6_t40_p01_crowded,train,44b6_d29c9ab2,26.0,47.0,41.0,42.0,1.6750116604071745
3.0,Learned_UNet_N0,seq_train_44b6_t40_p01_crowded,train,44b6_d29c9ab2,27.0,51.0,41.0,42.0,1.284675299443404
3.0,Learned_UNet_N0,seq_train_44b6_t40_p01_crowded,train,44b6_d29c9ab2,28.0,58.0,41.0,42.0,1.21875
3.0,Learned_UNet_N0,seq_train_44b6_t40_p01_crowded,train,44b6_d29c9ab2,29.0,50.0,41.0,42.0,2.0714766773970688
3.0,Learned_UNet_N0,seq_train_44b6_t40_p01_crowded,train,44b6_d29c9ab2,30.0,48.0,41.0,42.0,1.21875
3.0,Learned_UNet_N0,seq_train_44b6_t40_p01_crowded,train,44b6_d29c9ab2,31.0,56.0,41.0,42.0,1.284675299443404
3.0,Learned_UNet_N0,seq_train_44b6_t40_p01_crowded,train,44b6_d29c9ab2,32.0,61.0,41.0,42.0,2.0714766773970688
3.0,Learned_UNet_N0,seq_train_44b6_t40_p01_crowded,train,44b6_d29c9ab2,34.0,53.0,41.0,42.0,1.625
3.0,Learned_UNet_N0,seq_train_44b6_t40_p01_crowded,train,44b6_d29c9ab2,36.0,52.0,41.0,42.0,0.0
3.0,Learned_UNet_N0,seq_train_44b6_t40_p01_crowded,train,44b6_d29c9ab2,38.0,55.0,41.0,42.0,2.569350598886808
3.0,Learned_UNet_N0,seq_train_44b6_t40_p01_crowded,train,44b6_d29c9ab2,39.0,57.0,41.0,42.0,1.1490485194281397
3.0,Learned_UNet_N0,seq_train_44b6_t40_p01_crowded,train,44b6_d29c9ab2,41.0,65.0,41.0,42.0,1.4647552056572457
3.0,Learned_UNet_N0,seq_train_44b6_t40_p01_crowded,train,44b6_d29c9ab2,42.0,66.0,41.0,42.0,1.625
3.0,Learned_UNet_N0,seq_train_44b6_t40_p01_crowded,train,44b6_d29c9ab2,45.0,71.0,42.0,43.0,1.1490485194281397
3.0,Learned_UNet_N0,seq_train_44b6_t40_p01_crowded,train,44b6_d29c9ab2,46.0,68.0,42.0,43.0,0.9084026158592896
3.0,Learned_UNet_N0,seq_train_44b6_t40_p01_crowded,train,44b6_d29c9ab2,47.0,70.0,42.0,43.0,1.1490485194281397
3.0,Learned_UNet_N0,seq_train_44b6_t40_p01_crowded,train,44b6_d29c9ab2,48.0,75.0,42.0,43.0,1.625
3.0,Learned_UNet_N0,seq_train_44b6_t40_p01_crowded,train,44b6_d29c9ab2,49.0,72.0,42.0,43.0,0.9084026158592896
3.0,Learned_UNet_N0,seq_train_44b6_t40_p01_crowded,train,44b6_d29c9ab2,50.0,69.0,42.0,43.0,1.7235727791422095
3.0,Learned_UNet_N0,seq_train_44b6_t40_p01_crowded,train,44b6_d29c9ab2,51.0,78.0,42.0,43.0,1.284675299443404
3.0,Learned_UNet_N0,seq_train_44b6_t40_p01_crowded,train,44b6_d29c9ab2,53.0,77.0,42.0,43.0,1.4647552056572457
3.0,Learned_UNet_N0,seq_train_44b6_t40_p01_crowded,train,44b6_d29c9ab2,55.0,79.0,42.0,43.0,0.0
3.0,Learned_UNet_N0,seq_train_44b6_t40_p01_crowded,train,44b6_d29c9ab2,57.0,74.0,42.0,43.0,0.40625
3.0,Learned_UNet_N0,seq_train_44b6_t40_p01_crowded,train,44b6_d29c9ab2,58.0,81.0,42.0,43.0,0.8125
3.0,Learned_UNet_N0,seq_train_44b6_t40_p01_crowded,train,44b6_d29c9ab2,60.0,80.0,42.0,43.0,1.625
3.0,Learned_UNet_N0,seq_train_44b6_t40_p01_crowded,train,44b6_d29c9ab2,61.0,85.0,42.0,43.0,1.21875
3.0,Learned_UNet_N0,seq_train_44b6_t40_p01_crowded,train,44b6_d29c9ab2,63.0,83.0,42.0,43.0,1.1490485194281397
3.0,Learned_UNet_N0,seq_train_44b6_t40_p01_crowded,train,44b6_d29c9ab2,64.0,87.0,42.0,43.0,0.8125
3.0,Learned_UNet_N0,seq_train_44b6_t40_p01_crowded,train,44b6_d29c9ab2,67.0,90.0,42.0,43.0,0.40625
3.0,Learned_UNet_N0,seq_train_44b6_t40_p01_crowded,train,44b6_d29c9ab2,69.0,93.0,43.0,44.0,1.8168052317185792
3.0,Learned_UNet_N0,seq_train_44b6_t40_p01_crowded,train,44b6_d29c9ab2,70.0,95.0,43.0,44.0,1.21875
3.0,Learned_UNet_N0,seq_train_44b6_t40_p01_crowded,train,44b6_d29c9ab2,71.0,97.0,43.0,44.0,2.2980970388562794
3.0,Learned_UNet_N0,seq_train_44b6_t40_p01_crowded,train,44b6_d29c9ab2,72.0,92.0,43.0,44.0,1.6750116604071745
3.0,Learned_UNet_N0,seq_train_44b6_t40_p01_crowded,train,44b6_d29c9ab2,73.0,94.0,43.0,44.0,2.9295104113144914
3.0,Learned_UNet_N0,seq_train_44b6_t40_p01_crowded,train,44b6_d29c9ab2,74.0,105.0,43.0,44.0,1.4647552056572457
3.0,Learned_UNet_N0,seq_train_44b6_t40_p01_crowded,train,44b6_d29c9ab2,75.0,101.0,43.0,44.0,0.9084026158592896
3.0,Learned_UNet_N0,seq_train_44b6_t40_p01_crowded,train,44b6_d29c9ab2,76.0,98.0,43.0,44.0,0.9084026158592896
3.0,Learned_UNet_N0,seq_train_44b6_t40_p01_crowded,train,44b6_d29c9ab2,77.0,100.0,43.0,44.0,1.1490485194281397
3.0,Learned_UNet_N0,seq_train_44b6_t40_p01_crowded,train,44b6_d29c9ab2,78.0,108.0,43.0,44.0,0.5745242597140698
3.0,Learned_UNet_N0,seq_train_44b6_t40_p01_crowded,train,44b6_d29c9ab2,79.0,104.0,43.0,44.0,0.8125
3.0,Learned_UNet_N0,seq_train_44b6_t40_p01_crowded,train,44b6_d29c9ab2,80.0,96.0,43.0,44.0,1.6750116604071745
3.0,Learned_UNet_N0,seq_train_44b6_t40_p01_crowded,train,44b6_d29c9ab2,82.0,106.0,43.0,44.0,1.21875
3.0,Learned_UNet_N0,seq_train_44b6_t40_p01_crowded,train,44b6_d29c9ab2,83.0,103.0,43.0,44.0,1.21875
3.0,Learned_UNet_N0,seq_train_44b6_t40_p01_crowded,train,44b6_d29c9ab2,85.0,107.0,43.0,44.0,1.6750116604071745
3.0,Learned_UNet_N0,seq_train_44b6_t40_p01_crowded,train,44b6_d29c9ab2,86.0,109.0,43.0,44.0,0.40625
3.0,Learned_UNet_N0,seq_train_44b6_t40_p01_crowded,train,44b6_d29c9ab2,87.0,110.0,43.0,44.0,0.8125
3.0,Learned_UNet_N0,seq_train_44b6_t40_p01_crowded,train,44b6_d29c9ab2,88.0,111.0,43.0,44.0,1.6750116604071745
3.0,Learned_UNet_N0,seq_train_44b6_t45_p02_crowded,train,44b6_d29c9ab2,0.0,21.0,45.0,46.0,1.8168052317185792
3.0,Learned_UNet_N0,seq_train_44b6_t45_p02_crowded,train,44b6_d29c9ab2,1.0,25.0,45.0,46.0,0.40625
3.0,Learned_UNet_N0,seq_train_44b6_t45_p02_crowded,train,44b6_d29c9ab2,2.0,23.0,45.0,46.0,1.1490485194281397
3.0,Learned_UNet_N0,seq_train_44b6_t45_p02_crowded,train,44b6_d29c9ab2,3.0,22.0,45.0,46.0,1.4647552056572457
3.0,Learned_UNet_N0,seq_train_44b6_t45_p02_crowded,train,44b6_d29c9ab2,4.0,24.0,45.0,46.0,0.8125
3.0,Learned_UNet_N0,seq_train_44b6_t45_p02_crowded,train,44b6_d29c9ab2,6.0,26.0,45.0,46.0,1.284675299443404
3.0,Learned_UNet_N0,seq_train_44b6_t45_p02_crowded,train,44b6_d29c9ab2,9.0,29.0,45.0,46.0,0.9084026158592896
3.0,Learned_UNet_N0,seq_train_44b6_t45_p02_crowded,train,44b6_d29c9ab2,10.0,31.0,45.0,46.0,1.1490485194281397
3.0,Learned_UNet_N0,seq_train_44b6_t45_p02_crowded,train,44b6_d29c9ab2,11.0,32.0,45.0,46.0,1.1490485194281397
3.0,Learned_UNet_N0,seq_train_44b6_t45_p02_crowded,train,44b6_d29c9ab2,12.0,34.0,45.0,46.0,0.40625
3.0,Learned_UNet_N0,seq_train_44b6_t45_p02_crowded,train,44b6_d29c9ab2,13.0,36.0,45.0,46.0,2.03125
3.0,Learned_UNet_N0,seq_train_44b6_t45_p02_crowded,train,44b6_d29c9ab2,15.0,33.0,45.0,46.0,0.9084026158592896
3.0,Learned_UNet_N0,seq_train_44b6_t45_p02_crowded,train,44b6_d29c9ab2,16.0,40.0,45.0,46.0,0.40625
3.0,Learned_UNet_N0,seq_train_44b6_t45_p02_crowded,train,44b6_d29c9ab2,18.0,35.0,45.0,46.0,1.8168052317185792
3.0,Learned_UNet_N0,seq_train_44b6_t45_p02_crowded,train,44b6_d29c9ab2,19.0,41.0,45.0,46.0,0.0
3.0,Learned_UNet_N0,seq_train_44b6_t45_p02_crowded,train,44b6_d29c9ab2,20.0,37.0,45.0,46.0,1.8168052317185792
3.0,Learned_UNet_N0,seq_train_44b6_t45_p02_crowded,train,44b6_d29c9ab2,21.0,43.0,46.0,47.0,0.40625
3.0,Learned_UNet_N0,seq_train_44b6_t45_p02_crowded,train,44b6_d29c9ab2,22.0,44.0,46.0,47.0,1.1490485194281397
3.0,Learned_UNet_N0,seq_train_44b6_t45_p02_crowded,train,44b6_d29c9ab2,23.0,46.0,46.0,47.0,1.8168052317185792
3.0,Learned_UNet_N0,seq_train_44b6_t45_p02_crowded,train,44b6_d29c9ab2,24.0,49.0,46.0,47.0,1.4647552056572457
3.0,Learned_UNet_N0,seq_train_44b6_t45_p02_crowded,train,44b6_d29c9ab2,25.0,48.0,46.0,47.0,0.9084026158592896
3.0,Learned_UNet_N0,seq_train_44b6_t45_p02_crowded,train,44b6_d29c9ab2,26.0,51.0,46.0,47.0,1.1490485194281397
3.0,Learned_UNet_N0,seq_train_44b6_t45_p02_crowded,train,44b6_d29c9ab2,28.0,47.0,46.0,47.0,1.8168052317185792
3.0,Learned_UNet_N0,seq_train_44b6_t45_p02_crowded,train,44b6_d29c9ab2,29.0,52.0,46.0,47.0,0.8125
3.0,Learned_UNet_N0,seq_train_44b6_t45_p02_crowded,train,44b6_d29c9ab2,31.0,53.0,46.0,47.0,1.6750116604071745
3.0,Learned_UNet_N0,seq_train_44b6_t45_p02_crowded,train,44b6_d29c9ab2,35.0,58.0,46.0,47.0,0.9084026158592896
3.0,Learned_UNet_N0,seq_train_44b6_t45_p02_crowded,train,44b6_d29c9ab2,36.0,57.0,46.0,47.0,1.9902104160113323
3.0,Learned_UNet_N0,seq_train_44b6_t45_p02_crowded,train,44b6_d29c9ab2,37.0,62.0,46.0,47.0,1.86167137607581
3.0,Learned_UNet_N0,seq_train_44b6_t45_p02_crowded,train,44b6_d29c9ab2,38.0,60.0,46.0,47.0,0.8125
3.0,Learned_UNet_N0,seq_train_44b6_t45_p02_crowded,train,44b6_d29c9ab2,43.0,63.0,47.0,48.0,1.8168052317185792
3.0,Learned_UNet_N0,seq_train_44b6_t45_p02_crowded,train,44b6_d29c9ab2,44.0,69.0,47.0,48.0,1.4647552056572457
3.0,Learned_UNet_N0,seq_train_44b6_t45_p02_crowded,train,44b6_d29c9ab2,46.0,64.0,47.0,48.0,0.40625
3.0,Learned_UNet_N0,seq_train_44b6_t45_p02_crowded,train,44b6_d29c9ab2,47.0,72.0,47.0,48.0,0.9084026158592896
3.0,Learned_UNet_N0,seq_train_44b6_t45_p02_crowded,train,44b6_d29c9ab2,48.0,70.0,47.0,48.0,0.8125
3.0,Learned_UNet_N0,seq_train_44b6_t45_p02_crowded,train,44b6_d29c9ab2,49.0,66.0,47.0,48.0,2.0714766773970688
3.0,Learned_UNet_N0,seq_train_44b6_t45_p02_crowded,train,44b6_d29c9ab2,50.0,71.0,47.0,48.0,0.9084026158592896
3.0,Learned_UNet_N0,seq_train_44b6_t45_p02_crowded,train,44b6_d29c9ab2,51.0,68.0,47.0,48.0,2.569350598886808
3.0,Learned_UNet_N0,seq_train_44b6_t45_p02_crowded,train,44b6_d29c9ab2,52.0,67.0,47.0,48.0,1.6750116604071745
3.0,Learned_UNet_N0,seq_train_44b6_t45_p02_crowded,train,44b6_d29c9ab2,53.0,74.0,47.0,48.0,0.40625
3.0,Learned_UNet_N0,seq_train_44b6_t45_p02_crowded,train,44b6_d29c9ab2,55.0,77.0,47.0,48.0,1.86167137607581
3.0,Learned_UNet_N0,seq_train_44b6_t45_p02_crowded,train,44b6_d29c9ab2,57.0,78.0,47.0,48.0,0.0
3.0,Learned_UNet_N0,seq_train_44b6_t45_p02_crowded,train,44b6_d29c9ab2,60.0,82.0,47.0,48.0,1.625
3.0,Learned_UNet_N0,seq_train_44b6_t45_p02_crowded,train,44b6_d29c9ab2,62.0,81.0,47.0,48.0,2.333728575156074
3.0,Learned_UNet_N0,seq_train_44b6_t45_p02_crowded,train,44b6_d29c9ab2,80.0,91.0,48.0,49.0,2.03125
3.0,Learned_UNet_N0,seq_train_44b6_t40_p04_crowded,train,44b6_d29c9ab2,0.0,17.0,40.0,41.0,0.8125
3.0,Learned_UNet_N0,seq_train_44b6_t40_p04_crowded,train,44b6_d29c9ab2,1.0,18.0,40.0,41.0,0.8125
3.0,Learned_UNet_N0,seq_train_44b6_t40_p04_crowded,train,44b6_d29c9ab2,2.0,20.0,40.0,41.0,0.8125
3.0,Learned_UNet_N0,seq_train_44b6_t40_p04_crowded,train,44b6_d29c9ab2,3.0,19.0,40.0,41.0,1.21875
3.0,Learned_UNet_N0,seq_train_44b6_t40_p04_crowded,train,44b6_d29c9ab2,4.0,22.0,40.0,41.0,1.4647552056572457
3.0,Learned_UNet_N0,seq_train_44b6_t40_p04_crowded,train,44b6_d29c9ab2,5.0,24.0,40.0,41.0,0.40625
3.0,Learned_UNet_N0,seq_train_44b6_t40_p04_crowded,train,44b6_d29c9ab2,7.0,27.0,40.0,41.0,0.9084026158592896
3.0,Learned_UNet_N0,seq_train_44b6_t40_p04_crowded,train,44b6_d29c9ab2,8.0,23.0,40.0,41.0,0.0
3.0,Learned_UNet_N0,seq_train_44b6_t40_p04_crowded,train,44b6_d29c9ab2,9.0,25.0,40.0,41.0,1.625
3.0,Learned_UNet_N0,seq_train_44b6_t40_p04_crowded,train,44b6_d29c9ab2,11.0,26.0,40.0,41.0,0.40625
3.0,Learned_UNet_N0,seq_train_44b6_t40_p04_crowded,train,44b6_d29c9ab2,12.0,30.0,40.0,41.0,1.625
3.0,Learned_UNet_N0,seq_train_44b6_t40_p04_crowded,train,44b6_d29c9ab2,13.0,28.0,40.0,41.0,0.8125
3.0,Learned_UNet_N0,seq_train_44b6_t40_p04_crowded,train,44b6_d29c9ab2,14.0,29.0,40.0,41.0,1.21875
3.0,Learned_UNet_N0,seq_train_44b6_t40_p04_crowded,train,44b6_d29c9ab2,15.0,33.0,40.0,41.0,0.5745242597140698
3.0,Learned_UNet_N0,seq_train_44b6_t40_p04_crowded,train,44b6_d29c9ab2,16.0,32.0,40.0,41.0,2.03125
3.0,Learned_UNet_N0,seq_train_44b6_t40_p04_crowded,train,44b6_d29c9ab2,17.0,34.0,41.0,42.0,0.8125
3.0,Learned_UNet_N0,seq_train_44b6_t40_p04_crowded,train,44b6_d29c9ab2,18.0,35.0,41.0,42.0,1.21875
3.0,Learned_UNet_N0,seq_train_44b6_t40_p04_crowded,train,44b6_d29c9ab2,19.0,41.0,41.0,42.0,0.9084026158592896
3.0,Learned_UNet_N0,seq_train_44b6_t40_p04_crowded,train,44b6_d29c9ab2,23.0,37.0,41.0,42.0,0.9084026158592896
3.0,Learned_UNet_N0,seq_train_44b6_t40_p04_crowded,train,44b6_d29c9ab2,25.0,40.0,41.0,42.0,0.9084026158592896
3.0,Learned_UNet_N0,seq_train_44b6_t40_p04_crowded,train,44b6_d29c9ab2,29.0,49.0,41.0,42.0,0.8125
3.0,Learned_UNet_N0,seq_train_44b6_t40_p04_crowded,train,44b6_d29c9ab2,30.0,45.0,41.0,42.0,1.6750116604071745
3.0,Learned_UNet_N0,seq_train_44b6_t40_p04_crowded,train,44b6_d29c9ab2,32.0,50.0,41.0,42.0,1.21875
3.0,Learned_UNet_N0,seq_train_44b6_t40_p04_crowded,train,44b6_d29c9ab2,33.0,52.0,41.0,42.0,0.8125
3.0,Learned_UNet_N0,seq_train_44b6_t40_p04_crowded,train,44b6_d29c9ab2,34.0,53.0,42.0,43.0,1.1490485194281397
3.0,Learned_UNet_N0,seq_train_44b6_t40_p04_crowded,train,44b6_d29c9ab2,35.0,55.0,42.0,43.0,0.8125
3.0,Learned_UNet_N0,seq_train_44b6_t40_p04_crowded,train,44b6_d29c9ab2,37.0,54.0,42.0,43.0,1.284675299443404
3.0,Learned_UNet_N0,seq_train_44b6_t40_p04_crowded,train,44b6_d29c9ab2,39.0,59.0,42.0,43.0,1.21875
3.0,Learned_UNet_N0,seq_train_44b6_t40_p04_crowded,train,44b6_d29c9ab2,40.0,58.0,42.0,43.0,0.40625
3.0,Learned_UNet_N0,seq_train_44b6_t40_p04_crowded,train,44b6_d29c9ab2,41.0,60.0,42.0,43.0,1.284675299443404
3.0,Learned_UNet_N0,seq_train_44b6_t40_p04_crowded,train,44b6_d29c9ab2,44.0,61.0,42.0,43.0,0.5745242597140698
3.0,Learned_UNet_N0,seq_train_44b6_t40_p04_crowded,train,44b6_d29c9ab2,45.0,64.0,42.0,43.0,0.8125
3.0,Learned_UNet_N0,seq_train_44b6_t40_p04_crowded,train,44b6_d29c9ab2,46.0,66.0,42.0,43.0,0.9084026158592896
3.0,Learned_UNet_N0,seq_train_44b6_t40_p04_crowded,train,44b6_d29c9ab2,47.0,70.0,42.0,43.0,0.8125
3.0,Learned_UNet_N0,seq_train_44b6_t40_p04_crowded,train,44b6_d29c9ab2,48.0,68.0,42.0,43.0,0.8125
3.0,Learned_UNet_N0,seq_train_44b6_t40_p04_crowded,train,44b6_d29c9ab2,49.0,67.0,42.0,43.0,1.6750116604071745
3.0,Learned_UNet_N0,seq_train_44b6_t40_p04_crowded,train,44b6_d29c9ab2,50.0,69.0,42.0,43.0,0.8125
3.0,Learned_UNet_N0,seq_train_44b6_t40_p04_crowded,train,44b6_d29c9ab2,52.0,71.0,42.0,43.0,0.8125
3.0,Learned_UNet_N0,seq_train_44b6_t40_p04_crowded,train,44b6_d29c9ab2,53.0,72.0,43.0,44.0,0.9084026158592896
3.0,Learned_UNet_N0,seq_train_44b6_t40_p04_crowded,train,44b6_d29c9ab2,54.0,74.0,43.0,44.0,0.8125
3.0,Learned_UNet_N0,seq_train_44b6_t40_p04_crowded,train,44b6_d29c9ab2,55.0,73.0,43.0,44.0,1.284675299443404
3.0,Learned_UNet_N0,seq_train_44b6_t40_p04_crowded,train,44b6_d29c9ab2,56.0,75.0,43.0,44.0,0.40625
3.0,Learned_UNet_N0,seq_train_44b6_t40_p04_crowded,train,44b6_d29c9ab2,58.0,77.0,43.0,44.0,0.8125
3.0,Learned_UNet_N0,seq_train_44b6_t40_p04_crowded,train,44b6_d29c9ab2,59.0,79.0,43.0,44.0,0.8125
3.0,Learned_UNet_N0,seq_train_44b6_t40_p04_crowded,train,44b6_d29c9ab2,60.0,80.0,43.0,44.0,1.4647552056572457
3.0,Learned_UNet_N0,seq_train_44b6_t40_p04_crowded,train,44b6_d29c9ab2,61.0,82.0,43.0,44.0,0.0
3.0,Learned_UNet_N0,seq_train_44b6_t40_p04_crowded,train,44b6_d29c9ab2,63.0,83.0,43.0,44.0,1.8168052317185792
3.0,Learned_UNet_N0,seq_train_44b6_t40_p04_crowded,train,44b6_d29c9ab2,64.0,85.0,43.0,44.0,0.5745242597140698
3.0,Learned_UNet_N0,seq_train_44b6_t40_p04_crowded,train,44b6_d29c9ab2,65.0,78.0,43.0,44.0,1.1490485194281397
3.0,Learned_UNet_N0,seq_train_44b6_t40_p04_crowded,train,44b6_d29c9ab2,67.0,88.0,43.0,44.0,1.6750116604071745
3.0,Learned_UNet_N0,seq_train_44b6_t40_p04_crowded,train,44b6_d29c9ab2,69.0,86.0,43.0,44.0,0.8125
3.0,Learned_UNet_N0,seq_train_44b6_t40_p04_crowded,train,44b6_d29c9ab2,70.0,84.0,43.0,44.0,1.6750116604071745
3.0,Learned_UNet_N0,seq_train_44b6_t15_p05_crowded,train,44b6_d29c9ab2,0.0,17.0,15.0,16.0,1.284675299443404
3.0,Learned_UNet_N0,seq_train_44b6_t15_p05_crowded,train,44b6_d29c9ab2,3.0,18.0,15.0,16.0,0.9084026158592896
3.0,Learned_UNet_N0,seq_train_44b6_t15_p05_crowded,train,44b6_d29c9ab2,5.0,24.0,15.0,16.0,2.471122277933652
3.0,Learned_UNet_N0,seq_train_44b6_t15_p05_crowded,train,44b6_d29c9ab2,6.0,25.0,15.0,16.0,2.471122277933652
3.0,Learned_UNet_N0,seq_train_44b6_t15_p05_crowded,train,44b6_d29c9ab2,8.0,28.0,15.0,16.0,1.6750116604071745
3.0,Learned_UNet_N0,seq_train_44b6_t15_p05_crowded,train,44b6_d29c9ab2,10.0,26.0,15.0,16.0,1.1490485194281397
3.0,Learned_UNet_N0,seq_train_44b6_t15_p05_crowded,train,44b6_d29c9ab2,11.0,31.0,15.0,16.0,2.9295104113144914
3.0,Learned_UNet_N0,seq_train_44b6_t15_p05_crowded,train,44b6_d29c9ab2,12.0,27.0,15.0,16.0,0.0
3.0,Learned_UNet_N0,seq_train_44b6_t15_p05_crowded,train,44b6_d29c9ab2,17.0,33.0,16.0,17.0,0.9084026158592896
3.0,Learned_UNet_N0,seq_train_44b6_t15_p05_crowded,train,44b6_d29c9ab2,18.0,34.0,16.0,17.0,1.7235727791422095
3.0,Learned_UNet_N0,seq_train_44b6_t15_p05_crowded,train,44b6_d29c9ab2,19.0,32.0,16.0,17.0,2.7252078475778685
3.0,Learned_UNet_N0,seq_train_44b6_t15_p05_crowded,train,44b6_d29c9ab2,20.0,35.0,16.0,17.0,0.9084026158592896
3.0,Learned_UNet_N0,seq_train_44b6_t15_p05_crowded,train,44b6_d29c9ab2,21.0,36.0,16.0,17.0,1.8168052317185792
3.0,Learned_UNet_N0,seq_train_44b6_t15_p05_crowded,train,44b6_d29c9ab2,22.0,41.0,16.0,17.0,1.8168052317185792
3.0,Learned_UNet_N0,seq_train_44b6_t15_p05_crowded,train,44b6_d29c9ab2,23.0,37.0,16.0,17.0,1.6750116604071745
3.0,Learned_UNet_N0,seq_train_44b6_t15_p05_crowded,train,44b6_d29c9ab2,25.0,38.0,16.0,17.0,1.4647552056572457
3.0,Learned_UNet_N0,seq_train_44b6_t15_p05_crowded,train,44b6_d29c9ab2,26.0,40.0,16.0,17.0,1.8168052317185792
3.0,Learned_UNet_N0,seq_train_44b6_t15_p05_crowded,train,44b6_d29c9ab2,28.0,43.0,16.0,17.0,0.8125
3.0,Learned_UNet_N0,seq_train_44b6_t15_p05_crowded,train,44b6_d29c9ab2,29.0,39.0,16.0,17.0,1.6750116604071745
3.0,Learned_UNet_N0,seq_train_44b6_t15_p05_crowded,train,44b6_d29c9ab2,30.0,44.0,16.0,17.0,2.2980970388562794
3.0,Learned_UNet_N0,seq_train_44b6_t15_p05_crowded,train,44b6_d29c9ab2,31.0,45.0,16.0,17.0,2.2980970388562794
3.0,Learned_UNet_N0,seq_train_44b6_t15_p05_crowded,train,44b6_d29c9ab2,32.0,55.0,17.0,18.0,2.4375
3.0,Learned_UNet_N0,seq_train_44b6_t15_p05_crowded,train,44b6_d29c9ab2,33.0,54.0,17.0,18.0,1.284675299443404
3.0,Learned_UNet_N0,seq_train_44b6_t15_p05_crowded,train,44b6_d29c9ab2,34.0,50.0,17.0,18.0,1.4647552056572457
3.0,Learned_UNet_N0,seq_train_44b6_t15_p05_crowded,train,44b6_d29c9ab2,35.0,53.0,17.0,18.0,1.284675299443404
3.0,Learned_UNet_N0,seq_train_44b6_t15_p05_crowded,train,44b6_d29c9ab2,36.0,56.0,17.0,18.0,1.8168052317185792
3.0,Learned_UNet_N0,seq_train_44b6_t15_p05_crowded,train,44b6_d29c9ab2,37.0,51.0,17.0,18.0,0.9084026158592896
3.0,Learned_UNet_N0,seq_train_44b6_t15_p05_crowded,train,44b6_d29c9ab2,38.0,61.0,17.0,18.0,2.03125
3.0,Learned_UNet_N0,seq_train_44b6_t15_p05_crowded,train,44b6_d29c9ab2,40.0,52.0,17.0,18.0,2.03125
3.0,Learned_UNet_N0,seq_train_44b6_t15_p05_crowded,train,44b6_d29c9ab2,42.0,58.0,17.0,18.0,1.21875
3.0,Learned_UNet_N0,seq_train_44b6_t15_p05_crowded,train,44b6_d29c9ab2,43.0,62.0,17.0,18.0,2.03125
3.0,Learned_UNet_N0,seq_train_44b6_t15_p05_crowded,train,44b6_d29c9ab2,44.0,60.0,17.0,18.0,1.625
3.0,Learned_UNet_N0,seq_train_44b6_t15_p05_crowded,train,44b6_d29c9ab2,47.0,65.0,17.0,18.0,1.284675299443404
3.0,Learned_UNet_N0,seq_train_44b6_t15_p05_crowded,train,44b6_d29c9ab2,49.0,66.0,17.0,18.0,2.0714766773970688
3.0,Learned_UNet_N0,seq_train_44b6_t20_p06_crowded,train,44b6_d29c9ab2,1.0,22.0,20.0,21.0,0.0
3.0,Learned_UNet_N0,seq_train_44b6_t20_p06_crowded,train,44b6_d29c9ab2,3.0,23.0,20.0,21.0,0.5745242597140698
3.0,Learned_UNet_N0,seq_train_44b6_t20_p06_crowded,train,44b6_d29c9ab2,4.0,21.0,20.0,21.0,0.0
3.0,Learned_UNet_N0,seq_train_44b6_t20_p06_crowded,train,44b6_d29c9ab2,5.0,30.0,20.0,21.0,1.1490485194281397
3.0,Learned_UNet_N0,seq_train_44b6_t20_p06_crowded,train,44b6_d29c9ab2,6.0,25.0,20.0,21.0,0.5745242597140698
3.0,Learned_UNet_N0,seq_train_44b6_t20_p06_crowded,train,44b6_d29c9ab2,7.0,28.0,20.0,21.0,0.9084026158592896
3.0,Learned_UNet_N0,seq_train_44b6_t20_p06_crowded,train,44b6_d29c9ab2,11.0,33.0,20.0,21.0,1.4647552056572457
3.0,Learned_UNet_N0,seq_train_44b6_t20_p06_crowded,train,44b6_d29c9ab2,13.0,32.0,20.0,21.0,0.5745242597140698
3.0,Learned_UNet_N0,seq_train_44b6_t20_p06_crowded,train,44b6_d29c9ab2,14.0,31.0,20.0,21.0,2.03125
3.0,Learned_UNet_N0,seq_train_44b6_t20_p06_crowded,train,44b6_d29c9ab2,16.0,36.0,20.0,21.0,1.4647552056572457
3.0,Learned_UNet_N0,seq_train_44b6_t20_p06_crowded,train,44b6_d29c9ab2,21.0,44.0,21.0,22.0,0.0
3.0,Learned_UNet_N0,seq_train_44b6_t20_p06_crowded,train,44b6_d29c9ab2,22.0,42.0,21.0,22.0,0.5745242597140698
3.0,Learned_UNet_N0,seq_train_44b6_t20_p06_crowded,train,44b6_d29c9ab2,23.0,40.0,21.0,22.0,0.40625
3.0,Learned_UNet_N0,seq_train_44b6_t20_p06_crowded,train,44b6_d29c9ab2,25.0,43.0,21.0,22.0,0.9084026158592896
3.0,Learned_UNet_N0,seq_train_44b6_t20_p06_crowded,train,44b6_d29c9ab2,26.0,41.0,21.0,22.0,0.8125
3.0,Learned_UNet_N0,seq_train_44b6_t20_p06_crowded,train,44b6_d29c9ab2,27.0,48.0,21.0,22.0,1.8168052317185792
3.0,Learned_UNet_N0,seq_train_44b6_t20_p06_crowded,train,44b6_d29c9ab2,28.0,49.0,21.0,22.0,0.40625
3.0,Learned_UNet_N0,seq_train_44b6_t20_p06_crowded,train,44b6_d29c9ab2,30.0,47.0,21.0,22.0,0.0
3.0,Learned_UNet_N0,seq_train_44b6_t20_p06_crowded,train,44b6_d29c9ab2,31.0,53.0,21.0,22.0,0.9084026158592896
3.0,Learned_UNet_N0,seq_train_44b6_t20_p06_crowded,train,44b6_d29c9ab2,33.0,51.0,21.0,22.0,0.8125
3.0,Learned_UNet_N0,seq_train_44b6_t20_p06_crowded,train,44b6_d29c9ab2,34.0,46.0,21.0,22.0,0.8125
3.0,Learned_UNet_N0,seq_train_44b6_t20_p06_crowded,train,44b6_d29c9ab2,35.0,54.0,21.0,22.0,0.0
3.0,Learned_UNet_N0,seq_train_44b6_t20_p06_crowded,train,44b6_d29c9ab2,36.0,45.0,21.0,22.0,2.03125
3.0,Learned_UNet_N0,seq_train_44b6_t20_p06_crowded,train,44b6_d29c9ab2,39.0,61.0,22.0,23.0,1.8168052317185792
3.0,Learned_UNet_N0,seq_train_44b6_t20_p06_crowded,train,44b6_d29c9ab2,40.0,57.0,22.0,23.0,0.8125
3.0,Learned_UNet_N0,seq_train_44b6_t20_p06_crowded,train,44b6_d29c9ab2,41.0,60.0,22.0,23.0,1.1490485194281397
3.0,Learned_UNet_N0,seq_train_44b6_t20_p06_crowded,train,44b6_d29c9ab2,42.0,63.0,22.0,23.0,0.40625
3.0,Learned_UNet_N0,seq_train_44b6_t20_p06_crowded,train,44b6_d29c9ab2,43.0,58.0,22.0,23.0,1.21875
3.0,Learned_UNet_N0,seq_train_44b6_t20_p06_crowded,train,44b6_d29c9ab2,44.0,67.0,22.0,23.0,0.9084026158592896
3.0,Learned_UNet_N0,seq_train_44b6_t20_p06_crowded,train,44b6_d29c9ab2,45.0,65.0,22.0,23.0,1.284675299443404
3.0,Learned_UNet_N0,seq_train_44b6_t20_p06_crowded,train,44b6_d29c9ab2,46.0,64.0,22.0,23.0,1.21875
3.0,Learned_UNet_N0,seq_train_44b6_t20_p06_crowded,train,44b6_d29c9ab2,47.0,68.0,22.0,23.0,1.7235727791422095
3.0,Learned_UNet_N0,seq_train_44b6_t20_p06_crowded,train,44b6_d29c9ab2,48.0,66.0,22.0,23.0,1.21875
3.0,Learned_UNet_N0,seq_train_44b6_t20_p06_crowded,train,44b6_d29c9ab2,49.0,70.0,22.0,23.0,0.5745242597140698
3.0,Learned_UNet_N0,seq_train_44b6_t20_p06_crowded,train,44b6_d29c9ab2,51.0,69.0,22.0,23.0,0.40625
3.0,Learned_UNet_N0,seq_train_44b6_t20_p06_crowded,train,44b6_d29c9ab2,52.0,74.0,22.0,23.0,0.0
3.0,Learned_UNet_N0,seq_train_44b6_t20_p06_crowded,train,44b6_d29c9ab2,54.0,73.0,22.0,23.0,0.5745242597140698
3.0,Learned_UNet_N0,seq_train_44b6_t20_p06_crowded,train,44b6_d29c9ab2,55.0,72.0,22.0,23.0,1.21875
3.0,Learned_UNet_N0,seq_train_44b6_t20_p06_crowded,train,44b6_d29c9ab2,57.0,82.0,23.0,24.0,0.9084026158592896
3.0,Learned_UNet_N0,seq_train_44b6_t20_p06_crowded,train,44b6_d29c9ab2,59.0,76.0,23.0,24.0,0.9084026158592896
3.0,Learned_UNet_N0,seq_train_44b6_t20_p06_crowded,train,44b6_d29c9ab2,60.0,83.0,23.0,24.0,0.8125
3.0,Learned_UNet_N0,seq_train_44b6_t20_p06_crowded,train,44b6_d29c9ab2,62.0,79.0,23.0,24.0,1.1490485194281397
3.0,Learned_UNet_N0,seq_train_44b6_t20_p06_crowded,train,44b6_d29c9ab2,63.0,85.0,23.0,24.0,0.0
3.0,Learned_UNet_N0,seq_train_44b6_t20_p06_crowded,train,44b6_d29c9ab2,65.0,84.0,23.0,24.0,1.1490485194281397
3.0,Learned_UNet_N0,seq_train_44b6_t20_p06_crowded,train,44b6_d29c9ab2,66.0,81.0,23.0,24.0,0.8125
3.0,Learned_UNet_N0,seq_train_44b6_t20_p06_crowded,train,44b6_d29c9ab2,67.0,86.0,23.0,24.0,0.40625
3.0,Learned_UNet_N0,seq_train_44b6_t20_p06_crowded,train,44b6_d29c9ab2,68.0,89.0,23.0,24.0,0.40625
3.0,Learned_UNet_N0,seq_train_44b6_t20_p06_crowded,train,44b6_d29c9ab2,69.0,87.0,23.0,24.0,1.8168052317185792
3.0,Learned_UNet_N0,seq_train_44b6_t20_p06_crowded,train,44b6_d29c9ab2,71.0,91.0,23.0,24.0,2.03125
3.0,Learned_UNet_N0,seq_train_44b6_t20_p06_crowded,train,44b6_d29c9ab2,72.0,88.0,23.0,24.0,0.40625
3.0,Learned_UNet_N0,seq_train_44b6_t20_p06_crowded,train,44b6_d29c9ab2,73.0,92.0,23.0,24.0,1.7235727791422095
3.0,Learned_UNet_N0,seq_train_44b6_t20_p06_crowded,train,44b6_d29c9ab2,75.0,90.0,23.0,24.0,0.40625
3.0,Learned_UNet_N0,seq_train_6bba_t15_p01_crowded,train,6bba_bb9f20c3,0.0,15.0,15.0,16.0,1.625
3.0,Learned_UNet_N0,seq_train_6bba_t15_p01_crowded,train,6bba_bb9f20c3,1.0,16.0,15.0,16.0,0.8125
3.0,Learned_UNet_N0,seq_train_6bba_t15_p01_crowded,train,6bba_bb9f20c3,5.0,22.0,15.0,16.0,0.0
3.0,Learned_UNet_N0,seq_train_6bba_t15_p01_crowded,train,6bba_bb9f20c3,6.0,26.0,15.0,16.0,0.9084026158592896
3.0,Learned_UNet_N0,seq_train_6bba_t15_p01_crowded,train,6bba_bb9f20c3,7.0,23.0,15.0,16.0,1.284675299443404
3.0,Learned_UNet_N0,seq_train_6bba_t15_p01_crowded,train,6bba_bb9f20c3,9.0,20.0,15.0,16.0,0.40625
3.0,Learned_UNet_N0,seq_train_6bba_t15_p01_crowded,train,6bba_bb9f20c3,10.0,24.0,15.0,16.0,0.8125
3.0,Learned_UNet_N0,seq_train_6bba_t15_p01_crowded,train,6bba_bb9f20c3,11.0,27.0,15.0,16.0,1.284675299443404
3.0,Learned_UNet_N0,seq_train_6bba_t15_p01_crowded,train,6bba_bb9f20c3,12.0,17.0,15.0,16.0,0.8125
3.0,Learned_UNet_N0,seq_train_6bba_t15_p01_crowded,train,6bba_bb9f20c3,14.0,28.0,15.0,16.0,0.40625
3.0,Learned_UNet_N0,seq_train_6bba_t15_p01_crowded,train,6bba_bb9f20c3,15.0,29.0,16.0,17.0,0.8125
3.0,Learned_UNet_N0,seq_train_6bba_t15_p01_crowded,train,6bba_bb9f20c3,16.0,33.0,16.0,17.0,0.8125
3.0,Learned_UNet_N0,seq_train_6bba_t15_p01_crowded,train,6bba_bb9f20c3,17.0,35.0,16.0,17.0,0.40625
3.0,Learned_UNet_N0,seq_train_6bba_t15_p01_crowded,train,6bba_bb9f20c3,18.0,31.0,16.0,17.0,2.03125
3.0,Learned_UNet_N0,seq_train_6bba_t15_p01_crowded,train,6bba_bb9f20c3,20.0,38.0,16.0,17.0,2.0714766773970688
3.0,Learned_UNet_N0,seq_train_6bba_t15_p01_crowded,train,6bba_bb9f20c3,21.0,40.0,16.0,17.0,0.8125
3.0,Learned_UNet_N0,seq_train_6bba_t15_p01_crowded,train,6bba_bb9f20c3,22.0,41.0,16.0,17.0,1.4647552056572457
3.0,Learned_UNet_N0,seq_train_6bba_t15_p01_crowded,train,6bba_bb9f20c3,23.0,39.0,16.0,17.0,1.1490485194281397
3.0,Learned_UNet_N0,seq_train_6bba_t15_p01_crowded,train,6bba_bb9f20c3,24.0,43.0,16.0,17.0,1.6750116604071745
3.0,Learned_UNet_N0,seq_train_6bba_t15_p01_crowded,train,6bba_bb9f20c3,25.0,36.0,16.0,17.0,0.40625
3.0,Learned_UNet_N0,seq_train_6bba_t15_p01_crowded,train,6bba_bb9f20c3,26.0,42.0,16.0,17.0,0.40625
3.0,Learned_UNet_N0,seq_train_6bba_t15_p01_crowded,train,6bba_bb9f20c3,28.0,45.0,16.0,17.0,2.0714766773970688
3.0,Learned_UNet_N0,seq_train_6bba_t15_p01_crowded,train,6bba_bb9f20c3,29.0,46.0,17.0,18.0,0.0
3.0,Learned_UNet_N0,seq_train_6bba_t15_p01_crowded,train,6bba_bb9f20c3,30.0,47.0,17.0,18.0,0.0
3.0,Learned_UNet_N0,seq_train_6bba_t15_p01_crowded,train,6bba_bb9f20c3,31.0,48.0,17.0,18.0,0.0
3.0,Learned_UNet_N0,seq_train_6bba_t15_p01_crowded,train,6bba_bb9f20c3,32.0,49.0,17.0,18.0,0.0
3.0,Learned_UNet_N0,seq_train_6bba_t15_p01_crowded,train,6bba_bb9f20c3,33.0,50.0,17.0,18.0,0.0
3.0,Learned_UNet_N0,seq_train_6bba_t15_p01_crowded,train,6bba_bb9f20c3,34.0,51.0,17.0,18.0,0.0
3.0,Learned_UNet_N0,seq_train_6bba_t15_p01_crowded,train,6bba_bb9f20c3,35.0,52.0,17.0,18.0,0.0
3.0,Learned_UNet_N0,seq_train_6bba_t15_p01_crowded,train,6bba_bb9f20c3,36.0,53.0,17.0,18.0,0.0
3.0,Learned_UNet_N0,seq_train_6bba_t15_p01_crowded,train,6bba_bb9f20c3,37.0,54.0,17.0,18.0,0.0
3.0,Learned_UNet_N0,seq_train_6bba_t15_p01_crowded,train,6bba_bb9f20c3,38.0,55.0,17.0,18.0,0.0
3.0,Learned_UNet_N0,seq_train_6bba_t15_p01_crowded,train,6bba_bb9f20c3,39.0,56.0,17.0,18.0,0.0
3.0,Learned_UNet_N0,seq_train_6bba_t15_p01_crowded,train,6bba_bb9f20c3,40.0,57.0,17.0,18.0,0.0
3.0,Learned_UNet_N0,seq_train_6bba_t15_p01_crowded,train,6bba_bb9f20c3,41.0,58.0,17.0,18.0,0.0
3.0,Learned_UNet_N0,seq_train_6bba_t15_p01_crowded,train,6bba_bb9f20c3,42.0,59.0,17.0,18.0,0.0
3.0,Learned_UNet_N0,seq_train_6bba_t15_p01_crowded,train,6bba_bb9f20c3,43.0,60.0,17.0,18.0,0.0
3.0,Learned_UNet_N0,seq_train_6bba_t15_p01_crowded,train,6bba_bb9f20c3,44.0,61.0,17.0,18.0,0.0
3.0,Learned_UNet_N0,seq_train_6bba_t15_p01_crowded,train,6bba_bb9f20c3,45.0,62.0,17.0,18.0,0.0
3.0,Learned_UNet_N0,seq_train_6bba_t15_p01_crowded,train,6bba_bb9f20c3,55.0,71.0,18.0,19.0,0.40625
3.0,Learned_UNet_N0,seq_train_6bba_t15_p01_crowded,train,6bba_bb9f20c3,56.0,69.0,18.0,19.0,1.4647552056572457
3.0,Learned_UNet_N0,seq_train_6bba_t15_p01_crowded,train,6bba_bb9f20c3,57.0,72.0,18.0,19.0,2.03125
3.0,Learned_UNet_N0,seq_train_6bba_t15_p01_crowded,train,6bba_bb9f20c3,58.0,73.0,18.0,19.0,0.9084026158592896
3.0,Learned_UNet_N0,seq_train_6bba_t15_p01_crowded,train,6bba_bb9f20c3,60.0,75.0,18.0,19.0,1.21875
3.0,Learned_UNet_N0,seq_train_6bba_t35_p02_crowded,train,6bba_bb9f20c3,1.0,19.0,35.0,36.0,0.8125
3.0,Learned_UNet_N0,seq_train_6bba_t35_p02_crowded,train,6bba_bb9f20c3,2.0,16.0,35.0,36.0,1.284675299443404
3.0,Learned_UNet_N0,seq_train_6bba_t35_p02_crowded,train,6bba_bb9f20c3,3.0,18.0,35.0,36.0,1.21875
3.0,Learned_UNet_N0,seq_train_6bba_t35_p02_crowded,train,6bba_bb9f20c3,4.0,17.0,35.0,36.0,0.9084026158592896
3.0,Learned_UNet_N0,seq_train_6bba_t35_p02_crowded,train,6bba_bb9f20c3,5.0,21.0,35.0,36.0,2.1877232028983924
3.0,Learned_UNet_N0,seq_train_6bba_t35_p02_crowded,train,6bba_bb9f20c3,9.0,25.0,35.0,36.0,0.40625
3.0,Learned_UNet_N0,seq_train_6bba_t35_p02_crowded,train,6bba_bb9f20c3,11.0,29.0,35.0,36.0,1.8168052317185792
3.0,Learned_UNet_N0,seq_train_6bba_t35_p02_crowded,train,6bba_bb9f20c3,13.0,34.0,35.0,36.0,0.5745242597140698
3.0,Learned_UNet_N0,seq_train_6bba_t35_p02_crowded,train,6bba_bb9f20c3,15.0,33.0,35.0,36.0,0.40625
3.0,Learned_UNet_N0,seq_train_6bba_t35_p02_crowded,train,6bba_bb9f20c3,16.0,35.0,36.0,37.0,1.1490485194281397
3.0,Learned_UNet_N0,seq_train_6bba_t35_p02_crowded,train,6bba_bb9f20c3,17.0,40.0,36.0,37.0,0.8125
3.0,Learned_UNet_N0,seq_train_6bba_t35_p02_crowded,train,6bba_bb9f20c3,18.0,38.0,36.0,37.0,0.40625
3.0,Learned_UNet_N0,seq_train_6bba_t35_p02_crowded,train,6bba_bb9f20c3,20.0,36.0,36.0,37.0,0.0
3.0,Learned_UNet_N0,seq_train_6bba_t35_p02_crowded,train,6bba_bb9f20c3,21.0,39.0,36.0,37.0,0.5745242597140698
3.0,Learned_UNet_N0,seq_train_6bba_t35_p02_crowded,train,6bba_bb9f20c3,24.0,42.0,36.0,37.0,0.40625
3.0,Learned_UNet_N0,seq_train_6bba_t35_p02_crowded,train,6bba_bb9f20c3,26.0,43.0,36.0,37.0,2.03125
3.0,Learned_UNet_N0,seq_train_6bba_t35_p02_crowded,train,6bba_bb9f20c3,28.0,46.0,36.0,37.0,0.40625
3.0,Learned_UNet_N0,seq_train_6bba_t35_p02_crowded,train,6bba_bb9f20c3,29.0,47.0,36.0,37.0,2.4375
3.0,Learned_UNet_N0,seq_train_6bba_t35_p02_crowded,train,6bba_bb9f20c3,30.0,49.0,36.0,37.0,0.5745242597140698
3.0,Learned_UNet_N0,seq_train_6bba_t35_p02_crowded,train,6bba_bb9f20c3,31.0,51.0,36.0,37.0,1.625
3.0,Learned_UNet_N0,seq_train_6bba_t35_p02_crowded,train,6bba_bb9f20c3,39.0,63.0,37.0,38.0,0.5745242597140698
3.0,Learned_UNet_N0,seq_train_6bba_t35_p02_crowded,train,6bba_bb9f20c3,42.0,62.0,37.0,38.0,1.4647552056572457
3.0,Learned_UNet_N0,seq_train_6bba_t35_p02_crowded,train,6bba_bb9f20c3,46.0,64.0,37.0,38.0,1.625
3.0,Learned_UNet_N0,seq_train_6bba_t35_p02_crowded,train,6bba_bb9f20c3,52.0,72.0,38.0,39.0,1.284675299443404
3.0,Learned_UNet_N0,seq_train_6bba_t35_p02_crowded,train,6bba_bb9f20c3,53.0,71.0,38.0,39.0,1.8168052317185792
3.0,Learned_UNet_N0,seq_train_6bba_t35_p02_crowded,train,6bba_bb9f20c3,54.0,79.0,38.0,39.0,1.625
3.0,Learned_UNet_N0,seq_train_6bba_t35_p02_crowded,train,6bba_bb9f20c3,55.0,73.0,38.0,39.0,2.2980970388562794
3.0,Learned_UNet_N0,seq_train_6bba_t35_p02_crowded,train,6bba_bb9f20c3,56.0,74.0,38.0,39.0,0.0
3.0,Learned_UNet_N0,seq_train_6bba_t35_p02_crowded,train,6bba_bb9f20c3,57.0,77.0,38.0,39.0,1.6750116604071745
3.0,Learned_UNet_N0,seq_train_6bba_t35_p02_crowded,train,6bba_bb9f20c3,58.0,75.0,38.0,39.0,0.40625
3.0,Learned_UNet_N0,seq_train_6bba_t35_p02_crowded,train,6bba_bb9f20c3,59.0,76.0,38.0,39.0,0.9084026158592896
3.0,Learned_UNet_N0,seq_train_6bba_t35_p02_crowded,train,6bba_bb9f20c3,61.0,80.0,38.0,39.0,2.7252078475778685
3.0,Learned_UNet_N0,seq_train_6bba_t35_p02_crowded,train,6bba_bb9f20c3,62.0,78.0,38.0,39.0,1.1490485194281397
3.0,Learned_UNet_N0,seq_train_6bba_t35_p02_crowded,train,6bba_bb9f20c3,63.0,81.0,38.0,39.0,0.40625
3.0,Learned_UNet_N0,seq_train_6bba_t35_p02_crowded,train,6bba_bb9f20c3,65.0,82.0,38.0,39.0,0.9084026158592896
3.0,Learned_UNet_N0,seq_train_6bba_t35_p02_crowded,train,6bba_bb9f20c3,67.0,85.0,38.0,39.0,0.8125
3.0,Learned_UNet_N0,seq_train_6bba_t40_p03_crowded,train,6bba_bb9f20c3,0.0,16.0,40.0,41.0,0.0
3.0,Learned_UNet_N0,seq_train_6bba_t40_p03_crowded,train,6bba_bb9f20c3,2.0,18.0,40.0,41.0,0.0
3.0,Learned_UNet_N0,seq_train_6bba_t40_p03_crowded,train,6bba_bb9f20c3,3.0,21.0,40.0,41.0,0.40625
3.0,Learned_UNet_N0,seq_train_6bba_t40_p03_crowded,train,6bba_bb9f20c3,4.0,19.0,40.0,41.0,0.0
3.0,Learned_UNet_N0,seq_train_6bba_t40_p03_crowded,train,6bba_bb9f20c3,6.0,24.0,40.0,41.0,1.21875
3.0,Learned_UNet_N0,seq_train_6bba_t40_p03_crowded,train,6bba_bb9f20c3,7.0,26.0,40.0,41.0,0.9084026158592896
3.0,Learned_UNet_N0,seq_train_6bba_t40_p03_crowded,train,6bba_bb9f20c3,8.0,22.0,40.0,41.0,0.9084026158592896
3.0,Learned_UNet_N0,seq_train_6bba_t40_p03_crowded,train,6bba_bb9f20c3,9.0,23.0,40.0,41.0,2.03125
3.0,Learned_UNet_N0,seq_train_6bba_t40_p03_crowded,train,6bba_bb9f20c3,10.0,27.0,40.0,41.0,0.40625
3.0,Learned_UNet_N0,seq_train_6bba_t40_p03_crowded,train,6bba_bb9f20c3,12.0,28.0,40.0,41.0,1.8168052317185792
3.0,Learned_UNet_N0,seq_train_6bba_t40_p03_crowded,train,6bba_bb9f20c3,13.0,32.0,40.0,41.0,2.2980970388562794
3.0,Learned_UNet_N0,seq_train_6bba_t40_p03_crowded,train,6bba_bb9f20c3,14.0,29.0,40.0,41.0,0.9084026158592896
3.0,Learned_UNet_N0,seq_train_6bba_t40_p03_crowded,train,6bba_bb9f20c3,15.0,30.0,40.0,41.0,0.0
3.0,Learned_UNet_N0,seq_train_6bba_t40_p03_crowded,train,6bba_bb9f20c3,16.0,33.0,41.0,42.0,0.9084026158592896
3.0,Learned_UNet_N0,seq_train_6bba_t40_p03_crowded,train,6bba_bb9f20c3,17.0,34.0,41.0,42.0,0.40625
3.0,Learned_UNet_N0,seq_train_6bba_t40_p03_crowded,train,6bba_bb9f20c3,19.0,38.0,41.0,42.0,1.6750116604071745
3.0,Learned_UNet_N0,seq_train_6bba_t40_p03_crowded,train,6bba_bb9f20c3,20.0,37.0,41.0,42.0,0.5745242597140698
3.0,Learned_UNet_N0,seq_train_6bba_t40_p03_crowded,train,6bba_bb9f20c3,21.0,39.0,41.0,42.0,1.284675299443404
3.0,Learned_UNet_N0,seq_train_6bba_t40_p03_crowded,train,6bba_bb9f20c3,22.0,44.0,41.0,42.0,0.40625
3.0,Learned_UNet_N0,seq_train_6bba_t40_p03_crowded,train,6bba_bb9f20c3,23.0,41.0,41.0,42.0,0.9084026158592896
3.0,Learned_UNet_N0,seq_train_6bba_t40_p03_crowded,train,6bba_bb9f20c3,25.0,36.0,41.0,42.0,0.40625
3.0,Learned_UNet_N0,seq_train_6bba_t40_p03_crowded,train,6bba_bb9f20c3,26.0,42.0,41.0,42.0,0.9084026158592896
3.0,Learned_UNet_N0,seq_train_6bba_t40_p03_crowded,train,6bba_bb9f20c3,28.0,46.0,41.0,42.0,0.0
3.0,Learned_UNet_N0,seq_train_6bba_t40_p03_crowded,train,6bba_bb9f20c3,31.0,47.0,41.0,42.0,0.9084026158592896
3.0,Learned_UNet_N0,seq_train_6bba_t40_p03_crowded,train,6bba_bb9f20c3,33.0,50.0,42.0,43.0,1.6750116604071745
3.0,Learned_UNet_N0,seq_train_6bba_t40_p03_crowded,train,6bba_bb9f20c3,34.0,54.0,42.0,43.0,0.8125
3.0,Learned_UNet_N0,seq_train_6bba_t40_p03_crowded,train,6bba_bb9f20c3,36.0,53.0,42.0,43.0,1.284675299443404
3.0,Learned_UNet_N0,seq_train_6bba_t40_p03_crowded,train,6bba_bb9f20c3,37.0,55.0,42.0,43.0,0.8125
3.0,Learned_UNet_N0,seq_train_6bba_t40_p03_crowded,train,6bba_bb9f20c3,38.0,57.0,42.0,43.0,1.21875
3.0,Learned_UNet_N0,seq_train_6bba_t40_p03_crowded,train,6bba_bb9f20c3,42.0,58.0,42.0,43.0,0.8125
3.0,Learned_UNet_N0,seq_train_6bba_t40_p03_crowded,train,6bba_bb9f20c3,43.0,59.0,42.0,43.0,0.0
3.0,Learned_UNet_N0,seq_train_6bba_t40_p03_crowded,train,6bba_bb9f20c3,45.0,61.0,42.0,43.0,1.625
3.0,Learned_UNet_N0,seq_train_6bba_t40_p03_crowded,train,6bba_bb9f20c3,46.0,63.0,42.0,43.0,0.40625
3.0,Learned_UNet_N0,seq_train_6bba_t40_p03_crowded,train,6bba_bb9f20c3,47.0,64.0,42.0,43.0,2.569350598886808
3.0,Learned_UNet_N0,seq_train_6bba_t40_p03_crowded,train,6bba_bb9f20c3,50.0,67.0,43.0,44.0,0.40625
3.0,Learned_UNet_N0,seq_train_6bba_t40_p03_crowded,train,6bba_bb9f20c3,51.0,71.0,43.0,44.0,0.8125
3.0,Learned_UNet_N0,seq_train_6bba_t40_p03_crowded,train,6bba_bb9f20c3,52.0,68.0,43.0,44.0,1.625
3.0,Learned_UNet_N0,seq_train_6bba_t40_p03_crowded,train,6bba_bb9f20c3,53.0,70.0,43.0,44.0,0.40625
3.0,Learned_UNet_N0,seq_train_6bba_t40_p03_crowded,train,6bba_bb9f20c3,54.0,73.0,43.0,44.0,0.9084026158592896
3.0,Learned_UNet_N0,seq_train_6bba_t40_p03_crowded,train,6bba_bb9f20c3,56.0,74.0,43.0,44.0,0.9084026158592896
3.0,Learned_UNet_N0,seq_train_6bba_t40_p03_crowded,train,6bba_bb9f20c3,59.0,79.0,43.0,44.0,1.8168052317185792
3.0,Learned_UNet_N0,seq_train_6bba_t40_p03_crowded,train,6bba_bb9f20c3,60.0,77.0,43.0,44.0,1.1490485194281397
3.0,Learned_UNet_N0,seq_train_6bba_t40_p03_crowded,train,6bba_bb9f20c3,61.0,78.0,43.0,44.0,1.8168052317185792
3.0,Learned_UNet_N0,seq_train_6bba_t40_p03_crowded,train,6bba_bb9f20c3,63.0,80.0,43.0,44.0,0.5745242597140698
3.0,Learned_UNet_N0,seq_train_6bba_t45_p04_crowded,train,6bba_bb9f20c3,0.0,12.0,45.0,46.0,1.284675299443404
3.0,Learned_UNet_N0,seq_train_6bba_t45_p04_crowded,train,6bba_bb9f20c3,1.0,15.0,45.0,46.0,2.1877232028983924
3.0,Learned_UNet_N0,seq_train_6bba_t45_p04_crowded,train,6bba_bb9f20c3,2.0,16.0,45.0,46.0,0.8125
3.0,Learned_UNet_N0,seq_train_6bba_t45_p04_crowded,train,6bba_bb9f20c3,3.0,13.0,45.0,46.0,2.471122277933652
3.0,Learned_UNet_N0,seq_train_6bba_t45_p04_crowded,train,6bba_bb9f20c3,4.0,14.0,45.0,46.0,2.471122277933652
3.0,Learned_UNet_N0,seq_train_6bba_t45_p04_crowded,train,6bba_bb9f20c3,5.0,18.0,45.0,46.0,1.21875
3.0,Learned_UNet_N0,seq_train_6bba_t45_p04_crowded,train,6bba_bb9f20c3,6.0,17.0,45.0,46.0,1.8168052317185792
3.0,Learned_UNet_N0,seq_train_6bba_t45_p04_crowded,train,6bba_bb9f20c3,7.0,20.0,45.0,46.0,1.6750116604071745
3.0,Learned_UNet_N0,seq_train_6bba_t45_p04_crowded,train,6bba_bb9f20c3,8.0,19.0,45.0,46.0,2.0714766773970688
3.0,Learned_UNet_N0,seq_train_6bba_t45_p04_crowded,train,6bba_bb9f20c3,9.0,21.0,45.0,46.0,0.0
3.0,Learned_UNet_N0,seq_train_6bba_t45_p04_crowded,train,6bba_bb9f20c3,12.0,26.0,46.0,47.0,0.5745242597140698
3.0,Learned_UNet_N0,seq_train_6bba_t45_p04_crowded,train,6bba_bb9f20c3,13.0,30.0,46.0,47.0,1.4647552056572457
3.0,Learned_UNet_N0,seq_train_6bba_t45_p04_crowded,train,6bba_bb9f20c3,15.0,28.0,46.0,47.0,0.5745242597140698
3.0,Learned_UNet_N0,seq_train_6bba_t45_p04_crowded,train,6bba_bb9f20c3,16.0,27.0,46.0,47.0,1.1490485194281397
3.0,Learned_UNet_N0,seq_train_6bba_t45_p04_crowded,train,6bba_bb9f20c3,21.0,34.0,46.0,47.0,0.0
3.0,Learned_UNet_N0,seq_train_6bba_t45_p04_crowded,train,6bba_bb9f20c3,22.0,39.0,46.0,47.0,0.40625
3.0,Learned_UNet_N0,seq_train_6bba_t45_p04_crowded,train,6bba_bb9f20c3,23.0,36.0,46.0,47.0,2.4375
3.0,Learned_UNet_N0,seq_train_6bba_t45_p04_crowded,train,6bba_bb9f20c3,25.0,40.0,46.0,47.0,0.8125
3.0,Learned_UNet_N0,seq_train_6bba_t45_p04_crowded,train,6bba_bb9f20c3,26.0,42.0,47.0,48.0,1.21875
3.0,Learned_UNet_N0,seq_train_6bba_t45_p04_crowded,train,6bba_bb9f20c3,27.0,43.0,47.0,48.0,1.6750116604071745
3.0,Learned_UNet_N0,seq_train_6bba_t45_p04_crowded,train,6bba_bb9f20c3,29.0,46.0,47.0,48.0,1.1490485194281397
3.0,Learned_UNet_N0,seq_train_6bba_t45_p04_crowded,train,6bba_bb9f20c3,31.0,47.0,47.0,48.0,1.8168052317185792
3.0,Learned_UNet_N0,seq_train_6bba_t45_p04_crowded,train,6bba_bb9f20c3,32.0,45.0,47.0,48.0,0.8125
3.0,Learned_UNet_N0,seq_train_6bba_t45_p04_crowded,train,6bba_bb9f20c3,33.0,48.0,47.0,48.0,1.8168052317185792
3.0,Learned_UNet_N0,seq_train_6bba_t45_p04_crowded,train,6bba_bb9f20c3,35.0,49.0,47.0,48.0,2.03125
3.0,Learned_UNet_N0,seq_train_6bba_t45_p04_crowded,train,6bba_bb9f20c3,36.0,52.0,47.0,48.0,1.625
3.0,Learned_UNet_N0,seq_train_6bba_t45_p04_crowded,train,6bba_bb9f20c3,38.0,50.0,47.0,48.0,0.8125
3.0,Learned_UNet_N0,seq_train_6bba_t45_p04_crowded,train,6bba_bb9f20c3,41.0,55.0,48.0,49.0,1.7235727791422095
3.0,Learned_UNet_N0,seq_train_6bba_t45_p04_crowded,train,6bba_bb9f20c3,42.0,54.0,48.0,49.0,1.284675299443404
3.0,Learned_UNet_N0,seq_train_6bba_t45_p04_crowded,train,6bba_bb9f20c3,43.0,59.0,48.0,49.0,0.9084026158592896
3.0,Learned_UNet_N0,seq_train_6bba_t45_p04_crowded,train,6bba_bb9f20c3,44.0,53.0,48.0,49.0,0.8125
3.0,Learned_UNet_N0,seq_train_6bba_t45_p04_crowded,train,6bba_bb9f20c3,45.0,56.0,48.0,49.0,1.1490485194281397
3.0,Learned_UNet_N0,seq_train_6bba_t45_p04_crowded,train,6bba_bb9f20c3,46.0,57.0,48.0,49.0,1.1490485194281397
3.0,Learned_UNet_N0,seq_train_6bba_t45_p04_crowded,train,6bba_bb9f20c3,48.0,60.0,48.0,49.0,0.9084026158592896
3.0,Learned_UNet_N0,seq_train_6bba_t45_p04_crowded,train,6bba_bb9f20c3,50.0,63.0,48.0,49.0,0.0
3.0,Learned_UNet_N0,seq_train_6bba_t45_p04_crowded,train,6bba_bb9f20c3,51.0,64.0,48.0,49.0,0.8125
3.0,Learned_UNet_N0,seq_train_6bba_t45_p04_crowded,train,6bba_bb9f20c3,52.0,61.0,48.0,49.0,0.40625
3.0,Learned_UNet_N0,seq_train_6bba_t15_p07_crowded,train,6bba_bb9f20c3,0.0,21.0,15.0,16.0,1.6750116604071745
3.0,Learned_UNet_N0,seq_train_6bba_t15_p07_crowded,train,6bba_bb9f20c3,2.0,22.0,15.0,16.0,0.40625
3.0,Learned_UNet_N0,seq_train_6bba_t15_p07_crowded,train,6bba_bb9f20c3,6.0,20.0,15.0,16.0,1.8168052317185792
3.0,Learned_UNet_N0,seq_train_6bba_t15_p07_crowded,train,6bba_bb9f20c3,7.0,25.0,15.0,16.0,0.8125
3.0,Learned_UNet_N0,seq_train_6bba_t15_p07_crowded,train,6bba_bb9f20c3,8.0,24.0,15.0,16.0,0.40625
3.0,Learned_UNet_N0,seq_train_6bba_t15_p07_crowded,train,6bba_bb9f20c3,9.0,39.0,15.0,16.0,0.40625
3.0,Learned_UNet_N0,seq_train_6bba_t15_p07_crowded,train,6bba_bb9f20c3,10.0,33.0,15.0,16.0,0.5745242597140698
3.0,Learned_UNet_N0,seq_train_6bba_t15_p07_crowded,train,6bba_bb9f20c3,11.0,28.0,15.0,16.0,0.40625
3.0,Learned_UNet_N0,seq_train_6bba_t15_p07_crowded,train,6bba_bb9f20c3,12.0,27.0,15.0,16.0,0.5745242597140698
3.0,Learned_UNet_N0,seq_train_6bba_t15_p07_crowded,train,6bba_bb9f20c3,13.0,30.0,15.0,16.0,0.8125
3.0,Learned_UNet_N0,seq_train_6bba_t15_p07_crowded,train,6bba_bb9f20c3,14.0,31.0,15.0,16.0,1.625
3.0,Learned_UNet_N0,seq_train_6bba_t15_p07_crowded,train,6bba_bb9f20c3,15.0,34.0,15.0,16.0,0.9084026158592896
3.0,Learned_UNet_N0,seq_train_6bba_t15_p07_crowded,train,6bba_bb9f20c3,16.0,37.0,15.0,16.0,0.0
3.0,Learned_UNet_N0,seq_train_6bba_t15_p07_crowded,train,6bba_bb9f20c3,17.0,36.0,15.0,16.0,1.6750116604071745
3.0,Learned_UNet_N0,seq_train_6bba_t15_p07_crowded,train,6bba_bb9f20c3,19.0,40.0,16.0,17.0,1.625
3.0,Learned_UNet_N0,seq_train_6bba_t15_p07_crowded,train,6bba_bb9f20c3,20.0,43.0,16.0,17.0,0.8125
3.0,Learned_UNet_N0,seq_train_6bba_t15_p07_crowded,train,6bba_bb9f20c3,22.0,44.0,16.0,17.0,0.5745242597140698
3.0,Learned_UNet_N0,seq_train_6bba_t15_p07_crowded,train,6bba_bb9f20c3,24.0,48.0,16.0,17.0,1.7235727791422095
3.0,Learned_UNet_N0,seq_train_6bba_t15_p07_crowded,train,6bba_bb9f20c3,26.0,54.0,16.0,17.0,2.03125
3.0,Learned_UNet_N0,seq_train_6bba_t15_p07_crowded,train,6bba_bb9f20c3,27.0,49.0,16.0,17.0,0.5745242597140698
3.0,Learned_UNet_N0,seq_train_6bba_t15_p07_crowded,train,6bba_bb9f20c3,28.0,58.0,16.0,17.0,2.03125
3.0,Learned_UNet_N0,seq_train_6bba_t15_p07_crowded,train,6bba_bb9f20c3,29.0,51.0,16.0,17.0,0.40625
3.0,Learned_UNet_N0,seq_train_6bba_t15_p07_crowded,train,6bba_bb9f20c3,31.0,52.0,16.0,17.0,0.0
3.0,Learned_UNet_N0,seq_train_6bba_t15_p07_crowded,train,6bba_bb9f20c3,32.0,56.0,16.0,17.0,0.5745242597140698
3.0,Learned_UNet_N0,seq_train_6bba_t15_p07_crowded,train,6bba_bb9f20c3,36.0,59.0,16.0,17.0,0.40625
3.0,Learned_UNet_N0,seq_train_6bba_t15_p07_crowded,train,6bba_bb9f20c3,37.0,57.0,16.0,17.0,2.03125
3.0,Learned_UNet_N0,seq_train_6bba_t15_p07_crowded,train,6bba_bb9f20c3,39.0,47.0,16.0,17.0,0.8125
3.0,Learned_UNet_N0,seq_train_6bba_t15_p07_crowded,train,6bba_bb9f20c3,40.0,63.0,17.0,18.0,0.0
3.0,Learned_UNet_N0,seq_train_6bba_t15_p07_crowded,train,6bba_bb9f20c3,41.0,64.0,17.0,18.0,0.0
3.0,Learned_UNet_N0,seq_train_6bba_t15_p07_crowded,train,6bba_bb9f20c3,42.0,65.0,17.0,18.0,0.0
3.0,Learned_UNet_N0,seq_train_6bba_t15_p07_crowded,train,6bba_bb9f20c3,43.0,66.0,17.0,18.0,0.0
3.0,Learned_UNet_N0,seq_train_6bba_t15_p07_crowded,train,6bba_bb9f20c3,44.0,67.0,17.0,18.0,0.0
3.0,Learned_UNet_N0,seq_train_6bba_t15_p07_crowded,train,6bba_bb9f20c3,45.0,68.0,17.0,18.0,0.0
3.0,Learned_UNet_N0,seq_train_6bba_t15_p07_crowded,train,6bba_bb9f20c3,46.0,69.0,17.0,18.0,0.0
3.0,Learned_UNet_N0,seq_train_6bba_t15_p07_crowded,train,6bba_bb9f20c3,47.0,70.0,17.0,18.0,0.0
3.0,Learned_UNet_N0,seq_train_6bba_t15_p07_crowded,train,6bba_bb9f20c3,48.0,71.0,17.0,18.0,0.0
3.0,Learned_UNet_N0,seq_train_6bba_t15_p07_crowded,train,6bba_bb9f20c3,49.0,72.0,17.0,18.0,0.0
3.0,Learned_UNet_N0,seq_train_6bba_t15_p07_crowded,train,6bba_bb9f20c3,50.0,73.0,17.0,18.0,0.0
3.0,Learned_UNet_N0,seq_train_6bba_t15_p07_crowded,train,6bba_bb9f20c3,51.0,74.0,17.0,18.0,0.0
3.0,Learned_UNet_N0,seq_train_6bba_t15_p07_crowded,train,6bba_bb9f20c3,52.0,75.0,17.0,18.0,0.0
3.0,Learned_UNet_N0,seq_train_6bba_t15_p07_crowded,train,6bba_bb9f20c3,53.0,76.0,17.0,18.0,0.0
3.0,Learned_UNet_N0,seq_train_6bba_t15_p07_crowded,train,6bba_bb9f20c3,54.0,77.0,17.0,18.0,0.0
3.0,Learned_UNet_N0,seq_train_6bba_t15_p07_crowded,train,6bba_bb9f20c3,55.0,78.0,17.0,18.0,0.0
3.0,Learned_UNet_N0,seq_train_6bba_t15_p07_crowded,train,6bba_bb9f20c3,56.0,79.0,17.0,18.0,0.0
3.0,Learned_UNet_N0,seq_train_6bba_t15_p07_crowded,train,6bba_bb9f20c3,57.0,80.0,17.0,18.0,0.0
3.0,Learned_UNet_N0,seq_train_6bba_t15_p07_crowded,train,6bba_bb9f20c3,58.0,81.0,17.0,18.0,0.0
3.0,Learned_UNet_N0,seq_train_6bba_t15_p07_crowded,train,6bba_bb9f20c3,59.0,82.0,17.0,18.0,0.0
3.0,Learned_UNet_N0,seq_train_6bba_t15_p07_crowded,train,6bba_bb9f20c3,60.0,83.0,17.0,18.0,0.0
3.0,Learned_UNet_N0,seq_train_6bba_t15_p07_crowded,train,6bba_bb9f20c3,61.0,84.0,17.0,18.0,0.0
3.0,Learned_UNet_N0,seq_train_6bba_t15_p07_crowded,train,6bba_bb9f20c3,62.0,85.0,17.0,18.0,0.0
3.0,Learned_UNet_N0,seq_train_6bba_t15_p07_crowded,train,6bba_bb9f20c3,63.0,86.0,18.0,19.0,2.9295104113144914
3.0,Learned_UNet_N0,seq_train_6bba_t15_p07_crowded,train,6bba_bb9f20c3,64.0,94.0,18.0,19.0,0.0
3.0,Learned_UNet_N0,seq_train_6bba_t15_p07_crowded,train,6bba_bb9f20c3,65.0,89.0,18.0,19.0,2.8726212985703494
3.0,Learned_UNet_N0,seq_train_6bba_t15_p07_crowded,train,6bba_bb9f20c3,66.0,88.0,18.0,19.0,2.6012692214570947
3.0,Learned_UNet_N0,seq_train_6bba_t15_p07_crowded,train,6bba_bb9f20c3,68.0,87.0,18.0,19.0,1.6750116604071745
3.0,Learned_UNet_N0,seq_train_6bba_t15_p07_crowded,train,6bba_bb9f20c3,70.0,101.0,18.0,19.0,0.5745242597140698
3.0,Learned_UNet_N0,seq_train_6bba_t15_p07_crowded,train,6bba_bb9f20c3,72.0,90.0,18.0,19.0,2.0714766773970688
3.0,Learned_UNet_N0,seq_train_6bba_t15_p07_crowded,train,6bba_bb9f20c3,74.0,102.0,18.0,19.0,2.569350598886808
3.0,Learned_UNet_N0,seq_train_6bba_t15_p07_crowded,train,6bba_bb9f20c3,79.0,105.0,18.0,19.0,0.5745242597140698
3.0,Learned_UNet_N0,seq_train_6bba_t15_p07_crowded,train,6bba_bb9f20c3,83.0,95.0,18.0,19.0,1.284675299443404
3.0,Learned_UNet_N1,seq_inner_val_6bba_t85_p01_crowded,inner_val,6bba_bb9f20c3,0.0,19.0,85.0,86.0,1.4647552056572457
3.0,Learned_UNet_N1,seq_inner_val_6bba_t85_p01_crowded,inner_val,6bba_bb9f20c3,1.0,24.0,85.0,86.0,0.5745242597140698
3.0,Learned_UNet_N1,seq_inner_val_6bba_t85_p01_crowded,inner_val,6bba_bb9f20c3,3.0,27.0,85.0,86.0,0.5745242597140698
3.0,Learned_UNet_N1,seq_inner_val_6bba_t85_p01_crowded,inner_val,6bba_bb9f20c3,4.0,28.0,85.0,86.0,1.284675299443404
3.0,Learned_UNet_N1,seq_inner_val_6bba_t85_p01_crowded,inner_val,6bba_bb9f20c3,5.0,20.0,85.0,86.0,1.21875
3.0,Learned_UNet_N1,seq_inner_val_6bba_t85_p01_crowded,inner_val,6bba_bb9f20c3,6.0,23.0,85.0,86.0,1.1490485194281397
3.0,Learned_UNet_N1,seq_inner_val_6bba_t85_p01_crowded,inner_val,6bba_bb9f20c3,7.0,25.0,85.0,86.0,1.284675299443404
3.0,Learned_UNet_N1,seq_inner_val_6bba_t85_p01_crowded,inner_val,6bba_bb9f20c3,8.0,31.0,85.0,86.0,2.333728575156074
3.0,Learned_UNet_N1,seq_inner_val_6bba_t85_p01_crowded,inner_val,6bba_bb9f20c3,10.0,26.0,85.0,86.0,1.284675299443404
3.0,Learned_UNet_N1,seq_inner_val_6bba_t85_p01_crowded,inner_val,6bba_bb9f20c3,11.0,22.0,85.0,86.0,1.7235727791422095
3.0,Learned_UNet_N1,seq_inner_val_6bba_t85_p01_crowded,inner_val,6bba_bb9f20c3,12.0,34.0,85.0,86.0,0.5745242597140698
3.0,Learned_UNet_N1,seq_inner_val_6bba_t85_p01_crowded,inner_val,6bba_bb9f20c3,13.0,30.0,85.0,86.0,0.8125
3.0,Learned_UNet_N1,seq_inner_val_6bba_t85_p01_crowded,inner_val,6bba_bb9f20c3,14.0,29.0,85.0,86.0,0.0
3.0,Learned_UNet_N1,seq_inner_val_6bba_t85_p01_crowded,inner_val,6bba_bb9f20c3,15.0,35.0,85.0,86.0,2.632800908728193
3.0,Learned_UNet_N1,seq_inner_val_6bba_t85_p01_crowded,inner_val,6bba_bb9f20c3,16.0,36.0,85.0,86.0,1.7235727791422095
3.0,Learned_UNet_N1,seq_inner_val_6bba_t85_p01_crowded,inner_val,6bba_bb9f20c3,17.0,39.0,85.0,86.0,1.284675299443404
3.0,Learned_UNet_N1,seq_inner_val_6bba_t85_p01_crowded,inner_val,6bba_bb9f20c3,18.0,38.0,85.0,86.0,2.0714766773970688
3.0,Learned_UNet_N1,seq_inner_val_6bba_t85_p01_crowded,inner_val,6bba_bb9f20c3,19.0,40.0,86.0,87.0,0.5745242597140698
3.0,Learned_UNet_N1,seq_inner_val_6bba_t85_p01_crowded,inner_val,6bba_bb9f20c3,20.0,43.0,86.0,87.0,0.9084026158592896
3.0,Learned_UNet_N1,seq_inner_val_6bba_t85_p01_crowded,inner_val,6bba_bb9f20c3,22.0,42.0,86.0,87.0,0.5745242597140698
3.0,Learned_UNet_N1,seq_inner_val_6bba_t85_p01_crowded,inner_val,6bba_bb9f20c3,23.0,46.0,86.0,87.0,1.625
3.0,Learned_UNet_N1,seq_inner_val_6bba_t85_p01_crowded,inner_val,6bba_bb9f20c3,24.0,41.0,86.0,87.0,1.284675299443404
3.0,Learned_UNet_N1,seq_inner_val_6bba_t85_p01_crowded,inner_val,6bba_bb9f20c3,26.0,50.0,86.0,87.0,1.284675299443404
3.0,Learned_UNet_N1,seq_inner_val_6bba_t85_p01_crowded,inner_val,6bba_bb9f20c3,27.0,45.0,86.0,87.0,0.8125
3.0,Learned_UNet_N1,seq_inner_val_6bba_t85_p01_crowded,inner_val,6bba_bb9f20c3,29.0,47.0,86.0,87.0,0.9084026158592896
3.0,Learned_UNet_N1,seq_inner_val_6bba_t85_p01_crowded,inner_val,6bba_bb9f20c3,30.0,51.0,86.0,87.0,0.40625
3.0,Learned_UNet_N1,seq_inner_val_6bba_t85_p01_crowded,inner_val,6bba_bb9f20c3,31.0,55.0,86.0,87.0,0.40625
3.0,Learned_UNet_N1,seq_inner_val_6bba_t85_p01_crowded,inner_val,6bba_bb9f20c3,34.0,49.0,86.0,87.0,0.9084026158592896
3.0,Learned_UNet_N1,seq_inner_val_6bba_t85_p01_crowded,inner_val,6bba_bb9f20c3,35.0,52.0,86.0,87.0,2.0714766773970688
3.0,Learned_UNet_N1,seq_inner_val_6bba_t85_p01_crowded,inner_val,6bba_bb9f20c3,36.0,56.0,86.0,87.0,0.8125
3.0,Learned_UNet_N1,seq_inner_val_6bba_t85_p01_crowded,inner_val,6bba_bb9f20c3,37.0,54.0,86.0,87.0,1.625
3.0,Learned_UNet_N1,seq_inner_val_6bba_t85_p01_crowded,inner_val,6bba_bb9f20c3,38.0,53.0,86.0,87.0,0.40625
3.0,Learned_UNet_N1,seq_inner_val_6bba_t85_p01_crowded,inner_val,6bba_bb9f20c3,39.0,57.0,86.0,87.0,2.1877232028983924
3.0,Learned_UNet_N1,seq_inner_val_6bba_t85_p01_crowded,inner_val,6bba_bb9f20c3,40.0,58.0,87.0,88.0,0.5745242597140698
3.0,Learned_UNet_N1,seq_inner_val_6bba_t85_p01_crowded,inner_val,6bba_bb9f20c3,41.0,59.0,87.0,88.0,0.0
3.0,Learned_UNet_N1,seq_inner_val_6bba_t85_p01_crowded,inner_val,6bba_bb9f20c3,42.0,61.0,87.0,88.0,0.8125
3.0,Learned_UNet_N1,seq_inner_val_6bba_t85_p01_crowded,inner_val,6bba_bb9f20c3,43.0,60.0,87.0,88.0,0.5745242597140698
3.0,Learned_UNet_N1,seq_inner_val_6bba_t85_p01_crowded,inner_val,6bba_bb9f20c3,45.0,62.0,87.0,88.0,0.40625
3.0,Learned_UNet_N1,seq_inner_val_6bba_t85_p01_crowded,inner_val,6bba_bb9f20c3,46.0,64.0,87.0,88.0,0.0
3.0,Learned_UNet_N1,seq_inner_val_6bba_t85_p01_crowded,inner_val,6bba_bb9f20c3,48.0,69.0,87.0,88.0,0.8125
3.0,Learned_UNet_N1,seq_inner_val_6bba_t85_p01_crowded,inner_val,6bba_bb9f20c3,49.0,70.0,87.0,88.0,0.40625
3.0,Learned_UNet_N1,seq_inner_val_6bba_t85_p01_crowded,inner_val,6bba_bb9f20c3,50.0,71.0,87.0,88.0,1.8168052317185792
3.0,Learned_UNet_N1,seq_inner_val_6bba_t85_p01_crowded,inner_val,6bba_bb9f20c3,51.0,67.0,87.0,88.0,0.0
3.0,Learned_UNet_N1,seq_inner_val_6bba_t85_p01_crowded,inner_val,6bba_bb9f20c3,53.0,68.0,87.0,88.0,0.40625
3.0,Learned_UNet_N1,seq_inner_val_6bba_t85_p01_crowded,inner_val,6bba_bb9f20c3,54.0,72.0,87.0,88.0,1.625
3.0,Learned_UNet_N1,seq_inner_val_6bba_t85_p01_crowded,inner_val,6bba_bb9f20c3,59.0,76.0,88.0,89.0,1.625
3.0,Learned_UNet_N1,seq_inner_val_6bba_t85_p01_crowded,inner_val,6bba_bb9f20c3,60.0,80.0,88.0,89.0,0.9084026158592896
3.0,Learned_UNet_N1,seq_inner_val_6bba_t85_p01_crowded,inner_val,6bba_bb9f20c3,61.0,78.0,88.0,89.0,0.0
3.0,Learned_UNet_N1,seq_inner_val_6bba_t85_p01_crowded,inner_val,6bba_bb9f20c3,62.0,75.0,88.0,89.0,0.40625
3.0,Learned_UNet_N1,seq_inner_val_6bba_t85_p01_crowded,inner_val,6bba_bb9f20c3,65.0,84.0,88.0,89.0,1.1490485194281397
3.0,Learned_UNet_N1,seq_inner_val_6bba_t85_p01_crowded,inner_val,6bba_bb9f20c3,66.0,82.0,88.0,89.0,0.5745242597140698
3.0,Learned_UNet_N1,seq_inner_val_6bba_t85_p01_crowded,inner_val,6bba_bb9f20c3,67.0,88.0,88.0,89.0,0.8125
3.0,Learned_UNet_N1,seq_inner_val_6bba_t85_p01_crowded,inner_val,6bba_bb9f20c3,68.0,92.0,88.0,89.0,0.8125
3.0,Learned_UNet_N1,seq_inner_val_6bba_t85_p01_crowded,inner_val,6bba_bb9f20c3,69.0,83.0,88.0,89.0,0.40625
3.0,Learned_UNet_N1,seq_inner_val_6bba_t85_p01_crowded,inner_val,6bba_bb9f20c3,70.0,86.0,88.0,89.0,0.40625
3.0,Learned_UNet_N1,seq_inner_val_6bba_t85_p01_crowded,inner_val,6bba_bb9f20c3,73.0,89.0,88.0,89.0,1.1490485194281397
3.0,Learned_UNet_N1,seq_inner_val_6bba_t75_p02_crowded,inner_val,6bba_bb9f20c3,0.0,18.0,75.0,76.0,0.8125
3.0,Learned_UNet_N1,seq_inner_val_6bba_t75_p02_crowded,inner_val,6bba_bb9f20c3,1.0,20.0,75.0,76.0,0.40625
3.0,Learned_UNet_N1,seq_inner_val_6bba_t75_p02_crowded,inner_val,6bba_bb9f20c3,2.0,19.0,75.0,76.0,2.03125
3.0,Learned_UNet_N1,seq_inner_val_6bba_t75_p02_crowded,inner_val,6bba_bb9f20c3,3.0,22.0,75.0,76.0,0.5745242597140698
3.0,Learned_UNet_N1,seq_inner_val_6bba_t75_p02_crowded,inner_val,6bba_bb9f20c3,5.0,21.0,75.0,76.0,0.40625
3.0,Learned_UNet_N1,seq_inner_val_6bba_t75_p02_crowded,inner_val,6bba_bb9f20c3,6.0,26.0,75.0,76.0,2.4375
3.0,Learned_UNet_N1,seq_inner_val_6bba_t75_p02_crowded,inner_val,6bba_bb9f20c3,7.0,24.0,75.0,76.0,2.4375
3.0,Learned_UNet_N1,seq_inner_val_6bba_t75_p02_crowded,inner_val,6bba_bb9f20c3,12.0,28.0,75.0,76.0,1.1490485194281397
3.0,Learned_UNet_N1,seq_inner_val_6bba_t75_p02_crowded,inner_val,6bba_bb9f20c3,13.0,27.0,75.0,76.0,0.0
3.0,Learned_UNet_N1,seq_inner_val_6bba_t75_p02_crowded,inner_val,6bba_bb9f20c3,14.0,30.0,75.0,76.0,2.2980970388562794
3.0,Learned_UNet_N1,seq_inner_val_6bba_t75_p02_crowded,inner_val,6bba_bb9f20c3,15.0,33.0,75.0,76.0,1.8168052317185792
3.0,Learned_UNet_N1,seq_inner_val_6bba_t75_p02_crowded,inner_val,6bba_bb9f20c3,16.0,32.0,75.0,76.0,0.8125
3.0,Learned_UNet_N1,seq_inner_val_6bba_t75_p02_crowded,inner_val,6bba_bb9f20c3,18.0,35.0,76.0,77.0,0.40625
3.0,Learned_UNet_N1,seq_inner_val_6bba_t75_p02_crowded,inner_val,6bba_bb9f20c3,19.0,34.0,76.0,77.0,0.8125
3.0,Learned_UNet_N1,seq_inner_val_6bba_t75_p02_crowded,inner_val,6bba_bb9f20c3,20.0,37.0,76.0,77.0,0.5745242597140698
3.0,Learned_UNet_N1,seq_inner_val_6bba_t75_p02_crowded,inner_val,6bba_bb9f20c3,21.0,36.0,76.0,77.0,0.8125
3.0,Learned_UNet_N1,seq_inner_val_6bba_t75_p02_crowded,inner_val,6bba_bb9f20c3,22.0,40.0,76.0,77.0,0.8125
3.0,Learned_UNet_N1,seq_inner_val_6bba_t75_p02_crowded,inner_val,6bba_bb9f20c3,23.0,39.0,76.0,77.0,1.1490485194281397
3.0,Learned_UNet_N1,seq_inner_val_6bba_t75_p02_crowded,inner_val,6bba_bb9f20c3,24.0,43.0,76.0,77.0,0.8125
3.0,Learned_UNet_N1,seq_inner_val_6bba_t75_p02_crowded,inner_val,6bba_bb9f20c3,25.0,45.0,76.0,77.0,0.5745242597140698
3.0,Learned_UNet_N1,seq_inner_val_6bba_t75_p02_crowded,inner_val,6bba_bb9f20c3,26.0,41.0,76.0,77.0,1.8168052317185792
3.0,Learned_UNet_N1,seq_inner_val_6bba_t75_p02_crowded,inner_val,6bba_bb9f20c3,27.0,42.0,76.0,77.0,0.5745242597140698
3.0,Learned_UNet_N1,seq_inner_val_6bba_t75_p02_crowded,inner_val,6bba_bb9f20c3,28.0,47.0,76.0,77.0,0.8125
3.0,Learned_UNet_N1,seq_inner_val_6bba_t75_p02_crowded,inner_val,6bba_bb9f20c3,29.0,44.0,76.0,77.0,0.5745242597140698
3.0,Learned_UNet_N1,seq_inner_val_6bba_t75_p02_crowded,inner_val,6bba_bb9f20c3,32.0,50.0,76.0,77.0,0.0
3.0,Learned_UNet_N1,seq_inner_val_6bba_t75_p02_crowded,inner_val,6bba_bb9f20c3,33.0,51.0,76.0,77.0,2.9295104113144914
3.0,Learned_UNet_N1,seq_inner_val_6bba_t75_p02_crowded,inner_val,6bba_bb9f20c3,34.0,52.0,77.0,78.0,0.9084026158592896
3.0,Learned_UNet_N1,seq_inner_val_6bba_t75_p02_crowded,inner_val,6bba_bb9f20c3,35.0,53.0,77.0,78.0,0.40625
3.0,Learned_UNet_N1,seq_inner_val_6bba_t75_p02_crowded,inner_val,6bba_bb9f20c3,36.0,54.0,77.0,78.0,0.0
3.0,Learned_UNet_N1,seq_inner_val_6bba_t75_p02_crowded,inner_val,6bba_bb9f20c3,38.0,55.0,77.0,78.0,0.5745242597140698
3.0,Learned_UNet_N1,seq_inner_val_6bba_t75_p02_crowded,inner_val,6bba_bb9f20c3,39.0,59.0,77.0,78.0,0.8125
3.0,Learned_UNet_N1,seq_inner_val_6bba_t75_p02_crowded,inner_val,6bba_bb9f20c3,40.0,68.0,77.0,78.0,0.5745242597140698
3.0,Learned_UNet_N1,seq_inner_val_6bba_t75_p02_crowded,inner_val,6bba_bb9f20c3,41.0,56.0,77.0,78.0,0.8125
3.0,Learned_UNet_N1,seq_inner_val_6bba_t75_p02_crowded,inner_val,6bba_bb9f20c3,42.0,67.0,77.0,78.0,0.0
3.0,Learned_UNet_N1,seq_inner_val_6bba_t75_p02_crowded,inner_val,6bba_bb9f20c3,43.0,61.0,77.0,78.0,1.6750116604071745
3.0,Learned_UNet_N1,seq_inner_val_6bba_t75_p02_crowded,inner_val,6bba_bb9f20c3,44.0,60.0,77.0,78.0,0.0
3.0,Learned_UNet_N1,seq_inner_val_6bba_t75_p02_crowded,inner_val,6bba_bb9f20c3,45.0,63.0,77.0,78.0,0.5745242597140698
3.0,Learned_UNet_N1,seq_inner_val_6bba_t75_p02_crowded,inner_val,6bba_bb9f20c3,47.0,70.0,77.0,78.0,1.7235727791422095
3.0,Learned_UNet_N1,seq_inner_val_6bba_t75_p02_crowded,inner_val,6bba_bb9f20c3,50.0,69.0,77.0,78.0,0.5745242597140698
3.0,Learned_UNet_N1,seq_inner_val_6bba_t75_p02_crowded,inner_val,6bba_bb9f20c3,51.0,66.0,77.0,78.0,0.40625
3.0,Learned_UNet_N1,seq_inner_val_6bba_t85_p03_crowded,inner_val,6bba_bb9f20c3,0.0,14.0,85.0,86.0,0.40625
3.0,Learned_UNet_N1,seq_inner_val_6bba_t85_p03_crowded,inner_val,6bba_bb9f20c3,2.0,18.0,85.0,86.0,0.40625
3.0,Learned_UNet_N1,seq_inner_val_6bba_t85_p03_crowded,inner_val,6bba_bb9f20c3,6.0,21.0,85.0,86.0,1.625
3.0,Learned_UNet_N1,seq_inner_val_6bba_t85_p03_crowded,inner_val,6bba_bb9f20c3,7.0,17.0,85.0,86.0,1.8168052317185792
3.0,Learned_UNet_N1,seq_inner_val_6bba_t85_p03_crowded,inner_val,6bba_bb9f20c3,8.0,19.0,85.0,86.0,1.284675299443404
3.0,Learned_UNet_N1,seq_inner_val_6bba_t85_p03_crowded,inner_val,6bba_bb9f20c3,9.0,20.0,85.0,86.0,1.7235727791422095
3.0,Learned_UNet_N1,seq_inner_val_6bba_t85_p03_crowded,inner_val,6bba_bb9f20c3,10.0,26.0,85.0,86.0,2.0714766773970688
3.0,Learned_UNet_N1,seq_inner_val_6bba_t85_p03_crowded,inner_val,6bba_bb9f20c3,11.0,22.0,85.0,86.0,1.7235727791422095
3.0,Learned_UNet_N1,seq_inner_val_6bba_t85_p03_crowded,inner_val,6bba_bb9f20c3,12.0,24.0,85.0,86.0,0.8125
3.0,Learned_UNet_N1,seq_inner_val_6bba_t85_p03_crowded,inner_val,6bba_bb9f20c3,13.0,25.0,85.0,86.0,0.8125
3.0,Learned_UNet_N1,seq_inner_val_6bba_t85_p03_crowded,inner_val,6bba_bb9f20c3,14.0,27.0,86.0,87.0,0.40625
3.0,Learned_UNet_N1,seq_inner_val_6bba_t85_p03_crowded,inner_val,6bba_bb9f20c3,15.0,30.0,86.0,87.0,0.8125
3.0,Learned_UNet_N1,seq_inner_val_6bba_t85_p03_crowded,inner_val,6bba_bb9f20c3,16.0,32.0,86.0,87.0,1.284675299443404
3.0,Learned_UNet_N1,seq_inner_val_6bba_t85_p03_crowded,inner_val,6bba_bb9f20c3,17.0,35.0,86.0,87.0,0.9084026158592896
3.0,Learned_UNet_N1,seq_inner_val_6bba_t85_p03_crowded,inner_val,6bba_bb9f20c3,18.0,29.0,86.0,87.0,0.40625
3.0,Learned_UNet_N1,seq_inner_val_6bba_t85_p03_crowded,inner_val,6bba_bb9f20c3,19.0,33.0,86.0,87.0,1.1490485194281397
3.0,Learned_UNet_N1,seq_inner_val_6bba_t85_p03_crowded,inner_val,6bba_bb9f20c3,20.0,34.0,86.0,87.0,2.0714766773970688
3.0,Learned_UNet_N1,seq_inner_val_6bba_t85_p03_crowded,inner_val,6bba_bb9f20c3,21.0,31.0,86.0,87.0,1.21875
3.0,Learned_UNet_N1,seq_inner_val_6bba_t85_p03_crowded,inner_val,6bba_bb9f20c3,22.0,37.0,86.0,87.0,2.0714766773970688
3.0,Learned_UNet_N1,seq_inner_val_6bba_t85_p03_crowded,inner_val,6bba_bb9f20c3,23.0,39.0,86.0,87.0,0.5745242597140698
3.0,Learned_UNet_N1,seq_inner_val_6bba_t85_p03_crowded,inner_val,6bba_bb9f20c3,26.0,40.0,86.0,87.0,0.8125
3.0,Learned_UNet_N1,seq_inner_val_6bba_t85_p03_crowded,inner_val,6bba_bb9f20c3,28.0,44.0,87.0,88.0,0.40625
3.0,Learned_UNet_N1,seq_inner_val_6bba_t85_p03_crowded,inner_val,6bba_bb9f20c3,29.0,43.0,87.0,88.0,0.9084026158592896
3.0,Learned_UNet_N1,seq_inner_val_6bba_t85_p03_crowded,inner_val,6bba_bb9f20c3,30.0,41.0,87.0,88.0,0.5745242597140698
3.0,Learned_UNet_N1,seq_inner_val_6bba_t85_p03_crowded,inner_val,6bba_bb9f20c3,31.0,42.0,87.0,88.0,1.6750116604071745
3.0,Learned_UNet_N1,seq_inner_val_6bba_t85_p03_crowded,inner_val,6bba_bb9f20c3,32.0,46.0,87.0,88.0,0.40625
3.0,Learned_UNet_N1,seq_inner_val_6bba_t85_p03_crowded,inner_val,6bba_bb9f20c3,33.0,48.0,87.0,88.0,1.1490485194281397
3.0,Learned_UNet_N1,seq_inner_val_6bba_t85_p03_crowded,inner_val,6bba_bb9f20c3,34.0,47.0,87.0,88.0,1.625
3.0,Learned_UNet_N1,seq_inner_val_6bba_t85_p03_crowded,inner_val,6bba_bb9f20c3,35.0,49.0,87.0,88.0,0.40625
3.0,Learned_UNet_N1,seq_inner_val_6bba_t85_p03_crowded,inner_val,6bba_bb9f20c3,37.0,50.0,87.0,88.0,1.284675299443404
3.0,Learned_UNet_N1,seq_inner_val_6bba_t85_p03_crowded,inner_val,6bba_bb9f20c3,38.0,53.0,87.0,88.0,1.284675299443404
3.0,Learned_UNet_N1,seq_inner_val_6bba_t85_p03_crowded,inner_val,6bba_bb9f20c3,39.0,52.0,87.0,88.0,2.1877232028983924
3.0,Learned_UNet_N1,seq_inner_val_6bba_t85_p03_crowded,inner_val,6bba_bb9f20c3,40.0,51.0,87.0,88.0,0.40625
3.0,Learned_UNet_N1,seq_inner_val_6bba_t85_p03_crowded,inner_val,6bba_bb9f20c3,41.0,56.0,88.0,89.0,0.9084026158592896
3.0,Learned_UNet_N1,seq_inner_val_6bba_t85_p03_crowded,inner_val,6bba_bb9f20c3,42.0,58.0,88.0,89.0,2.0714766773970688
3.0,Learned_UNet_N1,seq_inner_val_6bba_t85_p03_crowded,inner_val,6bba_bb9f20c3,43.0,57.0,88.0,89.0,0.9084026158592896
3.0,Learned_UNet_N1,seq_inner_val_6bba_t85_p03_crowded,inner_val,6bba_bb9f20c3,48.0,60.0,88.0,89.0,1.284675299443404
3.0,Learned_UNet_N1,seq_inner_val_6bba_t85_p03_crowded,inner_val,6bba_bb9f20c3,52.0,67.0,88.0,89.0,2.0714766773970688
3.0,Learned_UNet_N1,seq_inner_val_6bba_t85_p03_crowded,inner_val,6bba_bb9f20c3,53.0,65.0,88.0,89.0,1.6750116604071745
3.0,Learned_UNet_N1,seq_inner_val_6bba_t85_p03_crowded,inner_val,6bba_bb9f20c3,55.0,69.0,88.0,89.0,1.625
3.0,Learned_UNet_N1,seq_inner_val_6bba_t80_p04_crowded,inner_val,6bba_bb9f20c3,0.0,18.0,80.0,81.0,0.40625
3.0,Learned_UNet_N1,seq_inner_val_6bba_t80_p04_crowded,inner_val,6bba_bb9f20c3,1.0,19.0,80.0,81.0,0.40625
3.0,Learned_UNet_N1,seq_inner_val_6bba_t80_p04_crowded,inner_val,6bba_bb9f20c3,2.0,20.0,80.0,81.0,0.40625
3.0,Learned_UNet_N1,seq_inner_val_6bba_t80_p04_crowded,inner_val,6bba_bb9f20c3,3.0,21.0,80.0,81.0,0.5745242597140698
3.0,Learned_UNet_N1,seq_inner_val_6bba_t80_p04_crowded,inner_val,6bba_bb9f20c3,4.0,22.0,80.0,81.0,1.21875
3.0,Learned_UNet_N1,seq_inner_val_6bba_t80_p04_crowded,inner_val,6bba_bb9f20c3,5.0,25.0,80.0,81.0,0.40625
3.0,Learned_UNet_N1,seq_inner_val_6bba_t80_p04_crowded,inner_val,6bba_bb9f20c3,6.0,23.0,80.0,81.0,1.284675299443404
3.0,Learned_UNet_N1,seq_inner_val_6bba_t80_p04_crowded,inner_val,6bba_bb9f20c3,7.0,24.0,80.0,81.0,0.40625
3.0,Learned_UNet_N1,seq_inner_val_6bba_t80_p04_crowded,inner_val,6bba_bb9f20c3,8.0,26.0,80.0,81.0,2.0714766773970688
3.0,Learned_UNet_N1,seq_inner_val_6bba_t80_p04_crowded,inner_val,6bba_bb9f20c3,9.0,28.0,80.0,81.0,1.21875
3.0,Learned_UNet_N1,seq_inner_val_6bba_t80_p04_crowded,inner_val,6bba_bb9f20c3,12.0,29.0,80.0,81.0,1.625
3.0,Learned_UNet_N1,seq_inner_val_6bba_t80_p04_crowded,inner_val,6bba_bb9f20c3,13.0,27.0,80.0,81.0,1.7235727791422095
3.0,Learned_UNet_N1,seq_inner_val_6bba_t80_p04_crowded,inner_val,6bba_bb9f20c3,14.0,30.0,80.0,81.0,1.8168052317185792
3.0,Learned_UNet_N1,seq_inner_val_6bba_t80_p04_crowded,inner_val,6bba_bb9f20c3,15.0,31.0,80.0,81.0,0.9084026158592896
3.0,Learned_UNet_N1,seq_inner_val_6bba_t80_p04_crowded,inner_val,6bba_bb9f20c3,17.0,32.0,80.0,81.0,0.40625
3.0,Learned_UNet_N1,seq_inner_val_6bba_t80_p04_crowded,inner_val,6bba_bb9f20c3,18.0,34.0,81.0,82.0,0.40625
3.0,Learned_UNet_N1,seq_inner_val_6bba_t80_p04_crowded,inner_val,6bba_bb9f20c3,19.0,35.0,81.0,82.0,0.5745242597140698
3.0,Learned_UNet_N1,seq_inner_val_6bba_t80_p04_crowded,inner_val,6bba_bb9f20c3,20.0,36.0,81.0,82.0,0.9084026158592896
3.0,Learned_UNet_N1,seq_inner_val_6bba_t80_p04_crowded,inner_val,6bba_bb9f20c3,21.0,37.0,81.0,82.0,0.8125
3.0,Learned_UNet_N1,seq_inner_val_6bba_t80_p04_crowded,inner_val,6bba_bb9f20c3,22.0,38.0,81.0,82.0,0.40625
3.0,Learned_UNet_N1,seq_inner_val_6bba_t80_p04_crowded,inner_val,6bba_bb9f20c3,23.0,40.0,81.0,82.0,0.0
3.0,Learned_UNet_N1,seq_inner_val_6bba_t80_p04_crowded,inner_val,6bba_bb9f20c3,24.0,41.0,81.0,82.0,1.284675299443404
3.0,Learned_UNet_N1,seq_inner_val_6bba_t80_p04_crowded,inner_val,6bba_bb9f20c3,25.0,44.0,81.0,82.0,0.5745242597140698
3.0,Learned_UNet_N1,seq_inner_val_6bba_t80_p04_crowded,inner_val,6bba_bb9f20c3,26.0,39.0,81.0,82.0,1.1490485194281397
3.0,Learned_UNet_N1,seq_inner_val_6bba_t80_p04_crowded,inner_val,6bba_bb9f20c3,27.0,43.0,81.0,82.0,1.7235727791422095
3.0,Learned_UNet_N1,seq_inner_val_6bba_t80_p04_crowded,inner_val,6bba_bb9f20c3,28.0,47.0,81.0,82.0,0.8125
3.0,Learned_UNet_N1,seq_inner_val_6bba_t80_p04_crowded,inner_val,6bba_bb9f20c3,29.0,45.0,81.0,82.0,2.03125
3.0,Learned_UNet_N1,seq_inner_val_6bba_t80_p04_crowded,inner_val,6bba_bb9f20c3,30.0,46.0,81.0,82.0,0.0
3.0,Learned_UNet_N1,seq_inner_val_6bba_t80_p04_crowded,inner_val,6bba_bb9f20c3,31.0,48.0,81.0,82.0,0.40625
3.0,Learned_UNet_N1,seq_inner_val_6bba_t80_p04_crowded,inner_val,6bba_bb9f20c3,32.0,49.0,81.0,82.0,0.0
3.0,Learned_UNet_N1,seq_inner_val_6bba_t80_p04_crowded,inner_val,6bba_bb9f20c3,33.0,51.0,81.0,82.0,0.40625
3.0,Learned_UNet_N1,seq_inner_val_6bba_t80_p04_crowded,inner_val,6bba_bb9f20c3,35.0,55.0,82.0,83.0,0.40625
3.0,Learned_UNet_N1,seq_inner_val_6bba_t80_p04_crowded,inner_val,6bba_bb9f20c3,36.0,54.0,82.0,83.0,0.9084026158592896
3.0,Learned_UNet_N1,seq_inner_val_6bba_t80_p04_crowded,inner_val,6bba_bb9f20c3,37.0,53.0,82.0,83.0,0.8125
3.0,Learned_UNet_N1,seq_inner_val_6bba_t80_p04_crowded,inner_val,6bba_bb9f20c3,38.0,56.0,82.0,83.0,0.0
3.0,Learned_UNet_N1,seq_inner_val_6bba_t80_p04_crowded,inner_val,6bba_bb9f20c3,39.0,57.0,82.0,83.0,0.5745242597140698
3.0,Learned_UNet_N1,seq_inner_val_6bba_t80_p04_crowded,inner_val,6bba_bb9f20c3,40.0,58.0,82.0,83.0,1.4647552056572457
3.0,Learned_UNet_N1,seq_inner_val_6bba_t80_p04_crowded,inner_val,6bba_bb9f20c3,41.0,59.0,82.0,83.0,0.8125
3.0,Learned_UNet_N1,seq_inner_val_6bba_t80_p04_crowded,inner_val,6bba_bb9f20c3,42.0,61.0,82.0,83.0,1.7235727791422095
3.0,Learned_UNet_N1,seq_inner_val_6bba_t80_p04_crowded,inner_val,6bba_bb9f20c3,43.0,62.0,82.0,83.0,1.1490485194281397
3.0,Learned_UNet_N1,seq_inner_val_6bba_t80_p04_crowded,inner_val,6bba_bb9f20c3,45.0,65.0,82.0,83.0,0.40625
3.0,Learned_UNet_N1,seq_inner_val_6bba_t80_p04_crowded,inner_val,6bba_bb9f20c3,46.0,63.0,82.0,83.0,0.8125
3.0,Learned_UNet_N1,seq_inner_val_6bba_t80_p04_crowded,inner_val,6bba_bb9f20c3,48.0,68.0,82.0,83.0,0.40625
3.0,Learned_UNet_N1,seq_inner_val_6bba_t80_p04_crowded,inner_val,6bba_bb9f20c3,50.0,64.0,82.0,83.0,0.0
3.0,Learned_UNet_N1,seq_inner_val_6bba_t80_p04_crowded,inner_val,6bba_bb9f20c3,53.0,75.0,83.0,84.0,0.40625
3.0,Learned_UNet_N1,seq_inner_val_6bba_t80_p04_crowded,inner_val,6bba_bb9f20c3,54.0,74.0,83.0,84.0,0.40625
3.0,Learned_UNet_N1,seq_inner_val_6bba_t80_p04_crowded,inner_val,6bba_bb9f20c3,59.0,76.0,83.0,84.0,0.8125
3.0,Learned_UNet_N1,seq_inner_val_6bba_t80_p04_crowded,inner_val,6bba_bb9f20c3,61.0,79.0,83.0,84.0,0.0
3.0,Learned_UNet_N1,seq_inner_val_6bba_t80_p04_crowded,inner_val,6bba_bb9f20c3,63.0,83.0,83.0,84.0,1.625
3.0,Learned_UNet_N1,seq_inner_val_6bba_t80_p04_crowded,inner_val,6bba_bb9f20c3,70.0,87.0,83.0,84.0,0.0
3.0,Learned_UNet_N1,seq_inner_val_6bba_t75_p05_isolated,inner_val,6bba_bb9f20c3,0.0,13.0,75.0,76.0,1.1490485194281397
3.0,Learned_UNet_N1,seq_inner_val_6bba_t75_p05_isolated,inner_val,6bba_bb9f20c3,3.0,14.0,75.0,76.0,1.21875
3.0,Learned_UNet_N1,seq_inner_val_6bba_t75_p05_isolated,inner_val,6bba_bb9f20c3,4.0,19.0,75.0,76.0,0.0
3.0,Learned_UNet_N1,seq_inner_val_6bba_t75_p05_isolated,inner_val,6bba_bb9f20c3,6.0,21.0,75.0,76.0,2.0714766773970688
3.0,Learned_UNet_N1,seq_inner_val_6bba_t75_p05_isolated,inner_val,6bba_bb9f20c3,9.0,15.0,75.0,76.0,2.03125
3.0,Learned_UNet_N1,seq_inner_val_6bba_t75_p05_isolated,inner_val,6bba_bb9f20c3,10.0,16.0,75.0,76.0,1.8168052317185792
3.0,Learned_UNet_N1,seq_inner_val_6bba_t75_p05_isolated,inner_val,6bba_bb9f20c3,11.0,23.0,75.0,76.0,0.5745242597140698
3.0,Learned_UNet_N1,seq_inner_val_6bba_t75_p05_isolated,inner_val,6bba_bb9f20c3,13.0,26.0,76.0,77.0,0.9084026158592896
3.0,Learned_UNet_N1,seq_inner_val_6bba_t75_p05_isolated,inner_val,6bba_bb9f20c3,14.0,27.0,76.0,77.0,0.40625
3.0,Learned_UNet_N1,seq_inner_val_6bba_t75_p05_isolated,inner_val,6bba_bb9f20c3,15.0,29.0,76.0,77.0,0.0
3.0,Learned_UNet_N1,seq_inner_val_6bba_t75_p05_isolated,inner_val,6bba_bb9f20c3,16.0,31.0,76.0,77.0,0.40625
3.0,Learned_UNet_N1,seq_inner_val_6bba_t75_p05_isolated,inner_val,6bba_bb9f20c3,17.0,30.0,76.0,77.0,0.5745242597140698
3.0,Learned_UNet_N1,seq_inner_val_6bba_t75_p05_isolated,inner_val,6bba_bb9f20c3,18.0,33.0,76.0,77.0,0.40625
3.0,Learned_UNet_N1,seq_inner_val_6bba_t75_p05_isolated,inner_val,6bba_bb9f20c3,19.0,32.0,76.0,77.0,0.0
3.0,Learned_UNet_N1,seq_inner_val_6bba_t75_p05_isolated,inner_val,6bba_bb9f20c3,20.0,35.0,76.0,77.0,1.8168052317185792
3.0,Learned_UNet_N1,seq_inner_val_6bba_t75_p05_isolated,inner_val,6bba_bb9f20c3,21.0,34.0,76.0,77.0,1.1490485194281397
3.0,Learned_UNet_N1,seq_inner_val_6bba_t75_p05_isolated,inner_val,6bba_bb9f20c3,22.0,36.0,76.0,77.0,0.8125
3.0,Learned_UNet_N1,seq_inner_val_6bba_t75_p05_isolated,inner_val,6bba_bb9f20c3,23.0,37.0,76.0,77.0,0.9084026158592896
3.0,Learned_UNet_N1,seq_inner_val_6bba_t75_p05_isolated,inner_val,6bba_bb9f20c3,25.0,38.0,76.0,77.0,0.0
3.0,Learned_UNet_N1,seq_inner_val_6bba_t75_p05_isolated,inner_val,6bba_bb9f20c3,26.0,40.0,77.0,78.0,0.40625
3.0,Learned_UNet_N1,seq_inner_val_6bba_t75_p05_isolated,inner_val,6bba_bb9f20c3,27.0,41.0,77.0,78.0,0.40625
3.0,Learned_UNet_N1,seq_inner_val_6bba_t75_p05_isolated,inner_val,6bba_bb9f20c3,28.0,42.0,77.0,78.0,0.40625
3.0,Learned_UNet_N1,seq_inner_val_6bba_t75_p05_isolated,inner_val,6bba_bb9f20c3,29.0,44.0,77.0,78.0,0.0
3.0,Learned_UNet_N1,seq_inner_val_6bba_t75_p05_isolated,inner_val,6bba_bb9f20c3,30.0,46.0,77.0,78.0,1.21875
3.0,Learned_UNet_N1,seq_inner_val_6bba_t75_p05_isolated,inner_val,6bba_bb9f20c3,31.0,48.0,77.0,78.0,0.9084026158592896
3.0,Learned_UNet_N1,seq_inner_val_6bba_t75_p05_isolated,inner_val,6bba_bb9f20c3,32.0,49.0,77.0,78.0,1.625
3.0,Learned_UNet_N1,seq_inner_val_6bba_t75_p05_isolated,inner_val,6bba_bb9f20c3,33.0,47.0,77.0,78.0,1.21875
3.0,Learned_UNet_N1,seq_inner_val_6bba_t75_p05_isolated,inner_val,6bba_bb9f20c3,34.0,50.0,77.0,78.0,0.9084026158592896
3.0,Learned_UNet_N1,seq_inner_val_6bba_t75_p05_isolated,inner_val,6bba_bb9f20c3,35.0,45.0,77.0,78.0,1.284675299443404
3.0,Learned_UNet_N1,seq_inner_val_6bba_t75_p05_isolated,inner_val,6bba_bb9f20c3,36.0,43.0,77.0,78.0,0.5745242597140698
3.0,Learned_UNet_N1,seq_inner_val_6bba_t75_p05_isolated,inner_val,6bba_bb9f20c3,37.0,51.0,77.0,78.0,0.40625
3.0,Learned_UNet_N1,seq_inner_val_6bba_t75_p05_isolated,inner_val,6bba_bb9f20c3,38.0,53.0,77.0,78.0,1.6750116604071745
3.0,Learned_UNet_N1,seq_inner_val_6bba_t75_p06_isolated,inner_val,6bba_bb9f20c3,0.0,17.0,75.0,76.0,0.0
3.0,Learned_UNet_N1,seq_inner_val_6bba_t75_p06_isolated,inner_val,6bba_bb9f20c3,2.0,19.0,75.0,76.0,1.1490485194281397
3.0,Learned_UNet_N1,seq_inner_val_6bba_t75_p06_isolated,inner_val,6bba_bb9f20c3,3.0,18.0,75.0,76.0,0.8125
3.0,Learned_UNet_N1,seq_inner_val_6bba_t75_p06_isolated,inner_val,6bba_bb9f20c3,4.0,22.0,75.0,76.0,1.284675299443404
3.0,Learned_UNet_N1,seq_inner_val_6bba_t75_p06_isolated,inner_val,6bba_bb9f20c3,6.0,24.0,75.0,76.0,1.8168052317185792
3.0,Learned_UNet_N1,seq_inner_val_6bba_t75_p06_isolated,inner_val,6bba_bb9f20c3,7.0,26.0,75.0,76.0,0.5745242597140698
3.0,Learned_UNet_N1,seq_inner_val_6bba_t75_p06_isolated,inner_val,6bba_bb9f20c3,8.0,27.0,75.0,76.0,1.4647552056572457
3.0,Learned_UNet_N1,seq_inner_val_6bba_t75_p06_isolated,inner_val,6bba_bb9f20c3,9.0,31.0,75.0,76.0,1.8168052317185792
3.0,Learned_UNet_N1,seq_inner_val_6bba_t75_p06_isolated,inner_val,6bba_bb9f20c3,11.0,32.0,75.0,76.0,0.8125
3.0,Learned_UNet_N1,seq_inner_val_6bba_t75_p06_isolated,inner_val,6bba_bb9f20c3,12.0,29.0,75.0,76.0,1.1490485194281397
3.0,Learned_UNet_N1,seq_inner_val_6bba_t75_p06_isolated,inner_val,6bba_bb9f20c3,16.0,33.0,76.0,77.0,0.5745242597140698
3.0,Learned_UNet_N1,seq_inner_val_6bba_t75_p06_isolated,inner_val,6bba_bb9f20c3,18.0,35.0,76.0,77.0,0.5745242597140698
3.0,Learned_UNet_N1,seq_inner_val_6bba_t75_p06_isolated,inner_val,6bba_bb9f20c3,21.0,37.0,76.0,77.0,0.40625
3.0,Learned_UNet_N1,seq_inner_val_6bba_t75_p06_isolated,inner_val,6bba_bb9f20c3,22.0,36.0,76.0,77.0,0.5745242597140698
3.0,Learned_UNet_N1,seq_inner_val_6bba_t75_p06_isolated,inner_val,6bba_bb9f20c3,23.0,42.0,76.0,77.0,1.6750116604071745
3.0,Learned_UNet_N1,seq_inner_val_6bba_t75_p06_isolated,inner_val,6bba_bb9f20c3,24.0,41.0,76.0,77.0,1.625
3.0,Learned_UNet_N1,seq_inner_val_6bba_t75_p06_isolated,inner_val,6bba_bb9f20c3,26.0,43.0,76.0,77.0,0.0
3.0,Learned_UNet_N1,seq_inner_val_6bba_t75_p06_isolated,inner_val,6bba_bb9f20c3,27.0,39.0,76.0,77.0,1.1490485194281397
3.0,Learned_UNet_N1,seq_inner_val_6bba_t75_p06_isolated,inner_val,6bba_bb9f20c3,28.0,40.0,76.0,77.0,0.8125
3.0,Learned_UNet_N1,seq_inner_val_6bba_t75_p06_isolated,inner_val,6bba_bb9f20c3,30.0,45.0,76.0,77.0,2.368824207280903
3.0,Learned_UNet_N1,seq_inner_val_6bba_t75_p06_isolated,inner_val,6bba_bb9f20c3,32.0,46.0,76.0,77.0,0.8125
3.0,Learned_UNet_N1,seq_inner_val_6bba_t75_p06_isolated,inner_val,6bba_bb9f20c3,35.0,50.0,77.0,78.0,1.1490485194281397
3.0,Learned_UNet_N1,seq_inner_val_6bba_t75_p06_isolated,inner_val,6bba_bb9f20c3,36.0,49.0,77.0,78.0,0.8125
3.0,Learned_UNet_N1,seq_inner_val_6bba_t75_p06_isolated,inner_val,6bba_bb9f20c3,39.0,58.0,77.0,78.0,1.1490485194281397
3.0,Learned_UNet_N1,seq_inner_val_6bba_t75_p06_isolated,inner_val,6bba_bb9f20c3,40.0,52.0,77.0,78.0,0.40625
3.0,Learned_UNet_N1,seq_inner_val_6bba_t75_p06_isolated,inner_val,6bba_bb9f20c3,41.0,53.0,77.0,78.0,0.5745242597140698
3.0,Learned_UNet_N1,seq_inner_val_6bba_t75_p06_isolated,inner_val,6bba_bb9f20c3,42.0,54.0,77.0,78.0,0.40625
3.0,Learned_UNet_N1,seq_inner_val_6bba_t75_p06_isolated,inner_val,6bba_bb9f20c3,43.0,55.0,77.0,78.0,1.8168052317185792
3.0,Learned_UNet_N1,seq_inner_val_6bba_t75_p06_isolated,inner_val,6bba_bb9f20c3,45.0,60.0,77.0,78.0,1.284675299443404
3.0,Learned_UNet_N1,seq_inner_val_6bba_t75_p06_isolated,inner_val,6bba_bb9f20c3,46.0,59.0,77.0,78.0,1.1490485194281397
3.0,Learned_UNet_N1,seq_inner_val_6bba_t90_p07_isolated,inner_val,6bba_bb9f20c3,0.0,12.0,90.0,91.0,1.6750116604071745
3.0,Learned_UNet_N1,seq_inner_val_6bba_t90_p07_isolated,inner_val,6bba_bb9f20c3,1.0,19.0,90.0,91.0,2.632800908728193
3.0,Learned_UNet_N1,seq_inner_val_6bba_t90_p07_isolated,inner_val,6bba_bb9f20c3,2.0,16.0,90.0,91.0,1.1490485194281397
3.0,Learned_UNet_N1,seq_inner_val_6bba_t90_p07_isolated,inner_val,6bba_bb9f20c3,4.0,15.0,90.0,91.0,1.8168052317185792
3.0,Learned_UNet_N1,seq_inner_val_6bba_t90_p07_isolated,inner_val,6bba_bb9f20c3,5.0,21.0,90.0,91.0,1.625
3.0,Learned_UNet_N1,seq_inner_val_6bba_t90_p07_isolated,inner_val,6bba_bb9f20c3,7.0,20.0,90.0,91.0,2.0714766773970688
3.0,Learned_UNet_N1,seq_inner_val_6bba_t90_p07_isolated,inner_val,6bba_bb9f20c3,9.0,18.0,90.0,91.0,1.8168052317185792
3.0,Learned_UNet_N1,seq_inner_val_6bba_t90_p07_isolated,inner_val,6bba_bb9f20c3,10.0,22.0,90.0,91.0,1.625
3.0,Learned_UNet_N1,seq_inner_val_6bba_t90_p07_isolated,inner_val,6bba_bb9f20c3,13.0,26.0,91.0,92.0,1.625
3.0,Learned_UNet_N1,seq_inner_val_6bba_t90_p07_isolated,inner_val,6bba_bb9f20c3,14.0,29.0,91.0,92.0,1.284675299443404
3.0,Learned_UNet_N1,seq_inner_val_6bba_t90_p07_isolated,inner_val,6bba_bb9f20c3,16.0,25.0,91.0,92.0,0.0
3.0,Learned_UNet_N1,seq_inner_val_6bba_t90_p07_isolated,inner_val,6bba_bb9f20c3,20.0,30.0,91.0,92.0,0.8125
3.0,Learned_UNet_N1,seq_inner_val_6bba_t90_p07_isolated,inner_val,6bba_bb9f20c3,21.0,33.0,91.0,92.0,1.8168052317185792
3.0,Learned_UNet_N1,seq_inner_val_6bba_t90_p07_isolated,inner_val,6bba_bb9f20c3,22.0,34.0,91.0,92.0,0.5745242597140698
3.0,Learned_UNet_N1,seq_inner_val_6bba_t90_p07_isolated,inner_val,6bba_bb9f20c3,24.0,35.0,92.0,93.0,0.9084026158592896
3.0,Learned_UNet_N1,seq_inner_val_6bba_t90_p07_isolated,inner_val,6bba_bb9f20c3,25.0,39.0,92.0,93.0,0.0
3.0,Learned_UNet_N1,seq_inner_val_6bba_t90_p07_isolated,inner_val,6bba_bb9f20c3,26.0,38.0,92.0,93.0,0.8125
3.0,Learned_UNet_N1,seq_inner_val_6bba_t90_p07_isolated,inner_val,6bba_bb9f20c3,27.0,37.0,92.0,93.0,0.8125
3.0,Learned_UNet_N1,seq_inner_val_6bba_t90_p07_isolated,inner_val,6bba_bb9f20c3,28.0,40.0,92.0,93.0,0.5745242597140698
3.0,Learned_UNet_N1,seq_inner_val_6bba_t90_p07_isolated,inner_val,6bba_bb9f20c3,30.0,41.0,92.0,93.0,0.5745242597140698
3.0,Learned_UNet_N1,seq_inner_val_6bba_t90_p07_isolated,inner_val,6bba_bb9f20c3,32.0,42.0,92.0,93.0,1.4647552056572457
3.0,Learned_UNet_N1,seq_inner_val_6bba_t90_p07_isolated,inner_val,6bba_bb9f20c3,33.0,43.0,92.0,93.0,0.8125
3.0,Learned_UNet_N1,seq_inner_val_6bba_t90_p07_isolated,inner_val,6bba_bb9f20c3,35.0,45.0,93.0,94.0,0.5745242597140698
3.0,Learned_UNet_N1,seq_inner_val_6bba_t90_p07_isolated,inner_val,6bba_bb9f20c3,37.0,46.0,93.0,94.0,1.1490485194281397
3.0,Learned_UNet_N1,seq_inner_val_6bba_t90_p07_isolated,inner_val,6bba_bb9f20c3,38.0,48.0,93.0,94.0,0.0
3.0,Learned_UNet_N1,seq_inner_val_6bba_t90_p07_isolated,inner_val,6bba_bb9f20c3,39.0,47.0,93.0,94.0,2.9295104113144914
3.0,Learned_UNet_N1,seq_inner_val_6bba_t90_p07_isolated,inner_val,6bba_bb9f20c3,40.0,49.0,93.0,94.0,0.5745242597140698
3.0,Learned_UNet_N1,seq_inner_val_6bba_t90_p07_isolated,inner_val,6bba_bb9f20c3,42.0,51.0,93.0,94.0,1.284675299443404
3.0,Learned_UNet_N1,seq_inner_val_6bba_t90_p07_isolated,inner_val,6bba_bb9f20c3,43.0,53.0,93.0,94.0,0.8125
3.0,Learned_UNet_N1,seq_inner_val_6bba_t90_p08_boundary,inner_val,6bba_bb9f20c3,6.0,16.0,90.0,91.0,2.7252078475778685
3.0,Learned_UNet_N1,seq_inner_val_6bba_t90_p08_boundary,inner_val,6bba_bb9f20c3,8.0,18.0,90.0,91.0,2.632800908728193
3.0,Learned_UNet_N1,seq_inner_val_6bba_t90_p08_boundary,inner_val,6bba_bb9f20c3,11.0,20.0,90.0,91.0,2.7252078475778685
3.0,Learned_UNet_N1,seq_inner_val_6bba_t90_p08_boundary,inner_val,6bba_bb9f20c3,14.0,25.0,91.0,92.0,0.0
3.0,Learned_UNet_N1,seq_inner_val_6bba_t90_p08_boundary,inner_val,6bba_bb9f20c3,15.0,24.0,91.0,92.0,1.4647552056572457
3.0,Learned_UNet_N1,seq_inner_val_6bba_t90_p08_boundary,inner_val,6bba_bb9f20c3,16.0,22.0,91.0,92.0,2.632800908728193
3.0,Learned_UNet_N1,seq_inner_val_6bba_t90_p08_boundary,inner_val,6bba_bb9f20c3,17.0,23.0,91.0,92.0,0.40625
3.0,Learned_UNet_N1,seq_inner_val_6bba_t90_p08_boundary,inner_val,6bba_bb9f20c3,20.0,21.0,91.0,92.0,1.8168052317185792
3.0,Learned_UNet_N1,seq_inner_val_6bba_t90_p08_boundary,inner_val,6bba_bb9f20c3,21.0,30.0,92.0,93.0,0.5745242597140698
3.0,Learned_UNet_N1,seq_inner_val_6bba_t90_p08_boundary,inner_val,6bba_bb9f20c3,22.0,31.0,92.0,93.0,1.4647552056572457
3.0,Learned_UNet_N1,seq_inner_val_6bba_t90_p08_boundary,inner_val,6bba_bb9f20c3,23.0,34.0,92.0,93.0,0.5745242597140698
3.0,Learned_UNet_N1,seq_inner_val_6bba_t90_p08_boundary,inner_val,6bba_bb9f20c3,24.0,33.0,92.0,93.0,0.9084026158592896
3.0,Learned_UNet_N1,seq_inner_val_6bba_t90_p08_boundary,inner_val,6bba_bb9f20c3,26.0,32.0,92.0,93.0,2.4375
3.0,Learned_UNet_N1,seq_inner_val_6bba_t90_p08_boundary,inner_val,6bba_bb9f20c3,27.0,35.0,92.0,93.0,2.03125
3.0,Learned_UNet_N1,seq_inner_val_6bba_t90_p08_boundary,inner_val,6bba_bb9f20c3,28.0,36.0,93.0,94.0,0.8125
3.0,Learned_UNet_N1,seq_inner_val_6bba_t90_p08_boundary,inner_val,6bba_bb9f20c3,29.0,37.0,93.0,94.0,1.284675299443404
3.0,Learned_UNet_N1,seq_inner_val_6bba_t90_p08_boundary,inner_val,6bba_bb9f20c3,30.0,40.0,93.0,94.0,0.5745242597140698
3.0,Learned_UNet_N1,seq_inner_val_6bba_t90_p08_boundary,inner_val,6bba_bb9f20c3,31.0,38.0,93.0,94.0,1.1490485194281397
3.0,Learned_UNet_N1,seq_inner_val_6bba_t90_p08_boundary,inner_val,6bba_bb9f20c3,32.0,41.0,93.0,94.0,0.8125
3.0,Learned_UNet_N1,seq_inner_val_6bba_t90_p08_boundary,inner_val,6bba_bb9f20c3,33.0,42.0,93.0,94.0,0.40625
3.0,Learned_UNet_N1,seq_inner_val_6bba_t90_p08_boundary,inner_val,6bba_bb9f20c3,34.0,39.0,93.0,94.0,1.1490485194281397
3.0,Learned_UNet_N1,seq_inner_val_6bba_t90_p08_boundary,inner_val,6bba_bb9f20c3,35.0,44.0,93.0,94.0,2.368824207280903
3.0,Learned_UNet_N1,seq_inner_val_6bba_t90_p09_zero_annotation,inner_val,6bba_bb9f20c3,0.0,14.0,90.0,91.0,2.03125
3.0,Learned_UNet_N1,seq_inner_val_6bba_t90_p09_zero_annotation,inner_val,6bba_bb9f20c3,3.0,21.0,90.0,91.0,2.1877232028983924
3.0,Learned_UNet_N1,seq_inner_val_6bba_t90_p09_zero_annotation,inner_val,6bba_bb9f20c3,5.0,19.0,90.0,91.0,1.1490485194281397
3.0,Learned_UNet_N1,seq_inner_val_6bba_t90_p09_zero_annotation,inner_val,6bba_bb9f20c3,6.0,20.0,90.0,91.0,1.4647552056572457
3.0,Learned_UNet_N1,seq_inner_val_6bba_t90_p09_zero_annotation,inner_val,6bba_bb9f20c3,11.0,18.0,90.0,91.0,2.8726212985703494
3.0,Learned_UNet_N1,seq_inner_val_6bba_t90_p09_zero_annotation,inner_val,6bba_bb9f20c3,13.0,23.0,90.0,91.0,1.6750116604071745
3.0,Learned_UNet_N1,seq_inner_val_6bba_t90_p09_zero_annotation,inner_val,6bba_bb9f20c3,14.0,26.0,91.0,92.0,1.86167137607581
3.0,Learned_UNet_N1,seq_inner_val_6bba_t90_p09_zero_annotation,inner_val,6bba_bb9f20c3,16.0,28.0,91.0,92.0,0.0
3.0,Learned_UNet_N1,seq_inner_val_6bba_t90_p09_zero_annotation,inner_val,6bba_bb9f20c3,20.0,33.0,91.0,92.0,2.569350598886808
3.0,Learned_UNet_N1,seq_inner_val_6bba_t90_p09_zero_annotation,inner_val,6bba_bb9f20c3,21.0,32.0,91.0,92.0,1.21875
3.0,Learned_UNet_N1,seq_inner_val_6bba_t90_p09_zero_annotation,inner_val,6bba_bb9f20c3,24.0,34.0,91.0,92.0,1.8168052317185792
3.0,Learned_UNet_N1,seq_inner_val_6bba_t90_p09_zero_annotation,inner_val,6bba_bb9f20c3,26.0,35.0,92.0,93.0,0.40625
3.0,Learned_UNet_N1,seq_inner_val_6bba_t90_p09_zero_annotation,inner_val,6bba_bb9f20c3,27.0,36.0,92.0,93.0,0.40625
3.0,Learned_UNet_N1,seq_inner_val_6bba_t90_p09_zero_annotation,inner_val,6bba_bb9f20c3,28.0,38.0,92.0,93.0,0.0
3.0,Learned_UNet_N1,seq_inner_val_6bba_t90_p09_zero_annotation,inner_val,6bba_bb9f20c3,31.0,41.0,92.0,93.0,1.8168052317185792
3.0,Learned_UNet_N1,seq_inner_val_6bba_t90_p09_zero_annotation,inner_val,6bba_bb9f20c3,35.0,45.0,93.0,94.0,1.8168052317185792
3.0,Learned_UNet_N1,seq_inner_val_6bba_t90_p09_zero_annotation,inner_val,6bba_bb9f20c3,36.0,46.0,93.0,94.0,0.0
3.0,Learned_UNet_N1,seq_inner_val_6bba_t90_p09_zero_annotation,inner_val,6bba_bb9f20c3,37.0,48.0,93.0,94.0,0.40625
3.0,Learned_UNet_N1,seq_inner_val_6bba_t90_p09_zero_annotation,inner_val,6bba_bb9f20c3,39.0,49.0,93.0,94.0,1.4647552056572457
3.0,Learned_UNet_N1,seq_inner_val_6bba_t90_p09_zero_annotation,inner_val,6bba_bb9f20c3,40.0,53.0,93.0,94.0,0.8125
3.0,Learned_UNet_N1,seq_inner_val_6bba_t90_p09_zero_annotation,inner_val,6bba_bb9f20c3,43.0,52.0,93.0,94.0,0.9084026158592896
3.0,Learned_UNet_N1,seq_inner_val_6bba_t90_p09_zero_annotation,inner_val,6bba_bb9f20c3,44.0,50.0,93.0,94.0,0.0
3.0,Learned_UNet_N1,seq_inner_val_6bba_t90_p10_zero_annotation,inner_val,6bba_bb9f20c3,0.0,15.0,90.0,91.0,2.569350598886808
3.0,Learned_UNet_N1,seq_inner_val_6bba_t90_p10_zero_annotation,inner_val,6bba_bb9f20c3,2.0,19.0,90.0,91.0,2.569350598886808
3.0,Learned_UNet_N1,seq_inner_val_6bba_t90_p10_zero_annotation,inner_val,6bba_bb9f20c3,3.0,21.0,90.0,91.0,0.0
3.0,Learned_UNet_N1,seq_inner_val_6bba_t90_p10_zero_annotation,inner_val,6bba_bb9f20c3,4.0,16.0,90.0,91.0,2.0714766773970688
3.0,Learned_UNet_N1,seq_inner_val_6bba_t90_p10_zero_annotation,inner_val,6bba_bb9f20c3,5.0,18.0,90.0,91.0,1.625
3.0,Learned_UNet_N1,seq_inner_val_6bba_t90_p10_zero_annotation,inner_val,6bba_bb9f20c3,7.0,25.0,90.0,91.0,1.625
3.0,Learned_UNet_N1,seq_inner_val_6bba_t90_p10_zero_annotation,inner_val,6bba_bb9f20c3,9.0,20.0,90.0,91.0,2.03125
3.0,Learned_UNet_N1,seq_inner_val_6bba_t90_p10_zero_annotation,inner_val,6bba_bb9f20c3,15.0,27.0,91.0,92.0,2.569350598886808
3.0,Learned_UNet_N1,seq_inner_val_6bba_t90_p10_zero_annotation,inner_val,6bba_bb9f20c3,19.0,28.0,91.0,92.0,1.8168052317185792
3.0,Learned_UNet_N1,seq_inner_val_6bba_t90_p10_zero_annotation,inner_val,6bba_bb9f20c3,20.0,32.0,91.0,92.0,0.9084026158592896
3.0,Learned_UNet_N1,seq_inner_val_6bba_t90_p10_zero_annotation,inner_val,6bba_bb9f20c3,23.0,30.0,91.0,92.0,0.0
3.0,Learned_UNet_N1,seq_inner_val_6bba_t90_p10_zero_annotation,inner_val,6bba_bb9f20c3,26.0,31.0,91.0,92.0,2.6012692214570947
3.0,Learned_UNet_N1,seq_inner_val_6bba_t90_p10_zero_annotation,inner_val,6bba_bb9f20c3,28.0,40.0,92.0,93.0,1.8168052317185792
3.0,Learned_UNet_N1,seq_inner_val_6bba_t90_p10_zero_annotation,inner_val,6bba_bb9f20c3,30.0,37.0,92.0,93.0,0.8125
3.0,Learned_UNet_N1,seq_inner_val_6bba_t90_p10_zero_annotation,inner_val,6bba_bb9f20c3,32.0,39.0,92.0,93.0,2.03125
3.0,Learned_UNet_N1,seq_inner_val_6bba_t90_p10_zero_annotation,inner_val,6bba_bb9f20c3,35.0,45.0,93.0,94.0,2.0714766773970688
3.0,Learned_UNet_N1,seq_inner_val_6bba_t90_p10_zero_annotation,inner_val,6bba_bb9f20c3,36.0,46.0,93.0,94.0,0.0
3.0,Learned_UNet_N1,seq_inner_val_6bba_t90_p10_zero_annotation,inner_val,6bba_bb9f20c3,37.0,51.0,93.0,94.0,1.625
3.0,Learned_UNet_N1,seq_inner_val_6bba_t90_p10_zero_annotation,inner_val,6bba_bb9f20c3,38.0,50.0,93.0,94.0,0.8125
3.0,Learned_UNet_N1,seq_inner_val_6bba_t90_p10_zero_annotation,inner_val,6bba_bb9f20c3,39.0,48.0,93.0,94.0,2.03125
3.0,Learned_UNet_N1,seq_inner_val_6bba_t90_p10_zero_annotation,inner_val,6bba_bb9f20c3,41.0,49.0,93.0,94.0,1.7235727791422095
3.0,Learned_UNet_N1,seq_inner_val_6bba_t90_p10_zero_annotation,inner_val,6bba_bb9f20c3,44.0,56.0,93.0,94.0,2.9295104113144914
3.0,Learned_UNet_N1,seq_inner_val_44b6_t80_p01_crowded,inner_val,44b6_d29c9ab2,0.0,21.0,80.0,81.0,1.1490485194281397
3.0,Learned_UNet_N1,seq_inner_val_44b6_t80_p01_crowded,inner_val,44b6_d29c9ab2,1.0,20.0,80.0,81.0,0.40625
3.0,Learned_UNet_N1,seq_inner_val_44b6_t80_p01_crowded,inner_val,44b6_d29c9ab2,2.0,28.0,80.0,81.0,1.4647552056572457
3.0,Learned_UNet_N1,seq_inner_val_44b6_t80_p01_crowded,inner_val,44b6_d29c9ab2,3.0,22.0,80.0,81.0,1.1490485194281397
3.0,Learned_UNet_N1,seq_inner_val_44b6_t80_p01_crowded,inner_val,44b6_d29c9ab2,4.0,23.0,80.0,81.0,1.8168052317185792
3.0,Learned_UNet_N1,seq_inner_val_44b6_t80_p01_crowded,inner_val,44b6_d29c9ab2,5.0,25.0,80.0,81.0,0.5745242597140698
3.0,Learned_UNet_N1,seq_inner_val_44b6_t80_p01_crowded,inner_val,44b6_d29c9ab2,6.0,24.0,80.0,81.0,0.8125
3.0,Learned_UNet_N1,seq_inner_val_44b6_t80_p01_crowded,inner_val,44b6_d29c9ab2,7.0,26.0,80.0,81.0,0.40625
3.0,Learned_UNet_N1,seq_inner_val_44b6_t80_p01_crowded,inner_val,44b6_d29c9ab2,8.0,27.0,80.0,81.0,0.8125
3.0,Learned_UNet_N1,seq_inner_val_44b6_t80_p01_crowded,inner_val,44b6_d29c9ab2,10.0,30.0,80.0,81.0,1.1490485194281397
3.0,Learned_UNet_N1,seq_inner_val_44b6_t80_p01_crowded,inner_val,44b6_d29c9ab2,11.0,31.0,80.0,81.0,0.40625
3.0,Learned_UNet_N1,seq_inner_val_44b6_t80_p01_crowded,inner_val,44b6_d29c9ab2,12.0,33.0,80.0,81.0,1.1490485194281397
3.0,Learned_UNet_N1,seq_inner_val_44b6_t80_p01_crowded,inner_val,44b6_d29c9ab2,13.0,32.0,80.0,81.0,1.6750116604071745
3.0,Learned_UNet_N1,seq_inner_val_44b6_t80_p01_crowded,inner_val,44b6_d29c9ab2,14.0,35.0,80.0,81.0,1.9902104160113323
3.0,Learned_UNet_N1,seq_inner_val_44b6_t80_p01_crowded,inner_val,44b6_d29c9ab2,18.0,37.0,80.0,81.0,1.284675299443404
3.0,Learned_UNet_N1,seq_inner_val_44b6_t80_p01_crowded,inner_val,44b6_d29c9ab2,20.0,38.0,81.0,82.0,2.368824207280903
3.0,Learned_UNet_N1,seq_inner_val_44b6_t80_p01_crowded,inner_val,44b6_d29c9ab2,21.0,39.0,81.0,82.0,1.284675299443404
3.0,Learned_UNet_N1,seq_inner_val_44b6_t80_p01_crowded,inner_val,44b6_d29c9ab2,22.0,45.0,81.0,82.0,0.9084026158592896
3.0,Learned_UNet_N1,seq_inner_val_44b6_t80_p01_crowded,inner_val,44b6_d29c9ab2,23.0,40.0,81.0,82.0,1.8168052317185792
3.0,Learned_UNet_N1,seq_inner_val_44b6_t80_p01_crowded,inner_val,44b6_d29c9ab2,25.0,41.0,81.0,82.0,2.0714766773970688
3.0,Learned_UNet_N1,seq_inner_val_44b6_t80_p01_crowded,inner_val,44b6_d29c9ab2,26.0,43.0,81.0,82.0,2.368824207280903
3.0,Learned_UNet_N1,seq_inner_val_44b6_t80_p01_crowded,inner_val,44b6_d29c9ab2,28.0,53.0,81.0,82.0,2.471122277933652
3.0,Learned_UNet_N1,seq_inner_val_44b6_t80_p01_crowded,inner_val,44b6_d29c9ab2,30.0,51.0,81.0,82.0,2.368824207280903
3.0,Learned_UNet_N1,seq_inner_val_44b6_t80_p01_crowded,inner_val,44b6_d29c9ab2,31.0,48.0,81.0,82.0,2.569350598886808
3.0,Learned_UNet_N1,seq_inner_val_44b6_t80_p01_crowded,inner_val,44b6_d29c9ab2,32.0,49.0,81.0,82.0,0.9084026158592896
3.0,Learned_UNet_N1,seq_inner_val_44b6_t80_p01_crowded,inner_val,44b6_d29c9ab2,34.0,47.0,81.0,82.0,2.569350598886808
3.0,Learned_UNet_N1,seq_inner_val_44b6_t80_p01_crowded,inner_val,44b6_d29c9ab2,35.0,55.0,81.0,82.0,1.1490485194281397
3.0,Learned_UNet_N1,seq_inner_val_44b6_t80_p01_crowded,inner_val,44b6_d29c9ab2,36.0,54.0,81.0,82.0,1.21875
3.0,Learned_UNet_N1,seq_inner_val_44b6_t80_p01_crowded,inner_val,44b6_d29c9ab2,38.0,58.0,82.0,83.0,1.4647552056572457
3.0,Learned_UNet_N1,seq_inner_val_44b6_t80_p01_crowded,inner_val,44b6_d29c9ab2,40.0,57.0,82.0,83.0,0.8125
3.0,Learned_UNet_N1,seq_inner_val_44b6_t80_p01_crowded,inner_val,44b6_d29c9ab2,41.0,60.0,82.0,83.0,0.8125
3.0,Learned_UNet_N1,seq_inner_val_44b6_t80_p01_crowded,inner_val,44b6_d29c9ab2,42.0,56.0,82.0,83.0,0.8125
3.0,Learned_UNet_N1,seq_inner_val_44b6_t80_p01_crowded,inner_val,44b6_d29c9ab2,43.0,61.0,82.0,83.0,0.5745242597140698
3.0,Learned_UNet_N1,seq_inner_val_44b6_t80_p01_crowded,inner_val,44b6_d29c9ab2,44.0,59.0,82.0,83.0,1.6750116604071745
3.0,Learned_UNet_N1,seq_inner_val_44b6_t80_p01_crowded,inner_val,44b6_d29c9ab2,45.0,62.0,82.0,83.0,0.0
3.0,Learned_UNet_N1,seq_inner_val_44b6_t80_p01_crowded,inner_val,44b6_d29c9ab2,46.0,67.0,82.0,83.0,0.0
3.0,Learned_UNet_N1,seq_inner_val_44b6_t80_p01_crowded,inner_val,44b6_d29c9ab2,47.0,69.0,82.0,83.0,1.284675299443404
3.0,Learned_UNet_N1,seq_inner_val_44b6_t80_p01_crowded,inner_val,44b6_d29c9ab2,48.0,71.0,82.0,83.0,0.9084026158592896
3.0,Learned_UNet_N1,seq_inner_val_44b6_t80_p01_crowded,inner_val,44b6_d29c9ab2,49.0,75.0,82.0,83.0,0.0
3.0,Learned_UNet_N1,seq_inner_val_44b6_t80_p01_crowded,inner_val,44b6_d29c9ab2,50.0,66.0,82.0,83.0,0.8125
3.0,Learned_UNet_N1,seq_inner_val_44b6_t80_p01_crowded,inner_val,44b6_d29c9ab2,51.0,72.0,82.0,83.0,1.1490485194281397
3.0,Learned_UNet_N1,seq_inner_val_44b6_t80_p01_crowded,inner_val,44b6_d29c9ab2,52.0,73.0,82.0,83.0,2.4375
3.0,Learned_UNet_N1,seq_inner_val_44b6_t80_p01_crowded,inner_val,44b6_d29c9ab2,55.0,74.0,82.0,83.0,0.0
3.0,Learned_UNet_N1,seq_inner_val_44b6_t80_p01_crowded,inner_val,44b6_d29c9ab2,56.0,76.0,83.0,84.0,1.8168052317185792
3.0,Learned_UNet_N1,seq_inner_val_44b6_t80_p01_crowded,inner_val,44b6_d29c9ab2,57.0,78.0,83.0,84.0,1.8168052317185792
3.0,Learned_UNet_N1,seq_inner_val_44b6_t80_p01_crowded,inner_val,44b6_d29c9ab2,58.0,77.0,83.0,84.0,1.4647552056572457
3.0,Learned_UNet_N1,seq_inner_val_44b6_t80_p01_crowded,inner_val,44b6_d29c9ab2,59.0,79.0,83.0,84.0,1.284675299443404
3.0,Learned_UNet_N1,seq_inner_val_44b6_t80_p01_crowded,inner_val,44b6_d29c9ab2,60.0,80.0,83.0,84.0,1.6750116604071745
3.0,Learned_UNet_N1,seq_inner_val_44b6_t80_p01_crowded,inner_val,44b6_d29c9ab2,61.0,81.0,83.0,84.0,1.4647552056572457
3.0,Learned_UNet_N1,seq_inner_val_44b6_t80_p01_crowded,inner_val,44b6_d29c9ab2,62.0,87.0,83.0,84.0,0.8125
3.0,Learned_UNet_N1,seq_inner_val_44b6_t80_p01_crowded,inner_val,44b6_d29c9ab2,63.0,84.0,83.0,84.0,0.40625
3.0,Learned_UNet_N1,seq_inner_val_44b6_t80_p01_crowded,inner_val,44b6_d29c9ab2,64.0,88.0,83.0,84.0,2.8726212985703494
3.0,Learned_UNet_N1,seq_inner_val_44b6_t80_p01_crowded,inner_val,44b6_d29c9ab2,66.0,86.0,83.0,84.0,1.8168052317185792
3.0,Learned_UNet_N1,seq_inner_val_44b6_t80_p01_crowded,inner_val,44b6_d29c9ab2,67.0,89.0,83.0,84.0,1.1490485194281397
3.0,Learned_UNet_N1,seq_inner_val_44b6_t80_p01_crowded,inner_val,44b6_d29c9ab2,68.0,83.0,83.0,84.0,2.0714766773970688
3.0,Learned_UNet_N1,seq_inner_val_44b6_t80_p01_crowded,inner_val,44b6_d29c9ab2,69.0,91.0,83.0,84.0,0.9084026158592896
3.0,Learned_UNet_N1,seq_inner_val_44b6_t80_p01_crowded,inner_val,44b6_d29c9ab2,71.0,94.0,83.0,84.0,0.40625
3.0,Learned_UNet_N1,seq_inner_val_44b6_t80_p01_crowded,inner_val,44b6_d29c9ab2,72.0,90.0,83.0,84.0,0.8125
3.0,Learned_UNet_N1,seq_inner_val_44b6_t80_p01_crowded,inner_val,44b6_d29c9ab2,73.0,92.0,83.0,84.0,2.333728575156074
3.0,Learned_UNet_N1,seq_inner_val_44b6_t80_p01_crowded,inner_val,44b6_d29c9ab2,74.0,96.0,83.0,84.0,2.2980970388562794
3.0,Learned_UNet_N1,seq_inner_val_44b6_t85_p02_crowded,inner_val,44b6_d29c9ab2,0.0,20.0,85.0,86.0,0.0
3.0,Learned_UNet_N1,seq_inner_val_44b6_t85_p02_crowded,inner_val,44b6_d29c9ab2,1.0,19.0,85.0,86.0,0.9084026158592896
3.0,Learned_UNet_N1,seq_inner_val_44b6_t85_p02_crowded,inner_val,44b6_d29c9ab2,2.0,25.0,85.0,86.0,0.40625
3.0,Learned_UNet_N1,seq_inner_val_44b6_t85_p02_crowded,inner_val,44b6_d29c9ab2,3.0,21.0,85.0,86.0,0.9084026158592896
3.0,Learned_UNet_N1,seq_inner_val_44b6_t85_p02_crowded,inner_val,44b6_d29c9ab2,4.0,23.0,85.0,86.0,0.40625
3.0,Learned_UNet_N1,seq_inner_val_44b6_t85_p02_crowded,inner_val,44b6_d29c9ab2,5.0,28.0,85.0,86.0,0.5745242597140698
3.0,Learned_UNet_N1,seq_inner_val_44b6_t85_p02_crowded,inner_val,44b6_d29c9ab2,6.0,22.0,85.0,86.0,0.5745242597140698
3.0,Learned_UNet_N1,seq_inner_val_44b6_t85_p02_crowded,inner_val,44b6_d29c9ab2,7.0,24.0,85.0,86.0,1.4647552056572457
3.0,Learned_UNet_N1,seq_inner_val_44b6_t85_p02_crowded,inner_val,44b6_d29c9ab2,8.0,30.0,85.0,86.0,0.8125
3.0,Learned_UNet_N1,seq_inner_val_44b6_t85_p02_crowded,inner_val,44b6_d29c9ab2,9.0,27.0,85.0,86.0,1.21875
3.0,Learned_UNet_N1,seq_inner_val_44b6_t85_p02_crowded,inner_val,44b6_d29c9ab2,11.0,32.0,85.0,86.0,0.9084026158592896
3.0,Learned_UNet_N1,seq_inner_val_44b6_t85_p02_crowded,inner_val,44b6_d29c9ab2,12.0,29.0,85.0,86.0,0.8125
3.0,Learned_UNet_N1,seq_inner_val_44b6_t85_p02_crowded,inner_val,44b6_d29c9ab2,13.0,35.0,85.0,86.0,0.40625
3.0,Learned_UNet_N1,seq_inner_val_44b6_t85_p02_crowded,inner_val,44b6_d29c9ab2,14.0,34.0,85.0,86.0,1.86167137607581
3.0,Learned_UNet_N1,seq_inner_val_44b6_t85_p02_crowded,inner_val,44b6_d29c9ab2,15.0,37.0,85.0,86.0,1.21875
3.0,Learned_UNet_N1,seq_inner_val_44b6_t85_p02_crowded,inner_val,44b6_d29c9ab2,16.0,33.0,85.0,86.0,0.0
3.0,Learned_UNet_N1,seq_inner_val_44b6_t85_p02_crowded,inner_val,44b6_d29c9ab2,17.0,38.0,85.0,86.0,2.1877232028983924
3.0,Learned_UNet_N1,seq_inner_val_44b6_t85_p02_crowded,inner_val,44b6_d29c9ab2,19.0,42.0,86.0,87.0,0.40625
3.0,Learned_UNet_N1,seq_inner_val_44b6_t85_p02_crowded,inner_val,44b6_d29c9ab2,22.0,39.0,86.0,87.0,0.5745242597140698
3.0,Learned_UNet_N1,seq_inner_val_44b6_t85_p02_crowded,inner_val,44b6_d29c9ab2,23.0,40.0,86.0,87.0,0.9084026158592896
3.0,Learned_UNet_N1,seq_inner_val_44b6_t85_p02_crowded,inner_val,44b6_d29c9ab2,24.0,44.0,86.0,87.0,0.8125
3.0,Learned_UNet_N1,seq_inner_val_44b6_t85_p02_crowded,inner_val,44b6_d29c9ab2,26.0,45.0,86.0,87.0,1.21875
3.0,Learned_UNet_N1,seq_inner_val_44b6_t85_p02_crowded,inner_val,44b6_d29c9ab2,27.0,49.0,86.0,87.0,0.40625
3.0,Learned_UNet_N1,seq_inner_val_44b6_t85_p02_crowded,inner_val,44b6_d29c9ab2,28.0,46.0,86.0,87.0,0.8125
3.0,Learned_UNet_N1,seq_inner_val_44b6_t85_p02_crowded,inner_val,44b6_d29c9ab2,29.0,47.0,86.0,87.0,0.5745242597140698
3.0,Learned_UNet_N1,seq_inner_val_44b6_t85_p02_crowded,inner_val,44b6_d29c9ab2,30.0,52.0,86.0,87.0,0.40625
3.0,Learned_UNet_N1,seq_inner_val_44b6_t85_p02_crowded,inner_val,44b6_d29c9ab2,33.0,53.0,86.0,87.0,0.0
3.0,Learned_UNet_N1,seq_inner_val_44b6_t85_p02_crowded,inner_val,44b6_d29c9ab2,34.0,55.0,86.0,87.0,0.40625
3.0,Learned_UNet_N1,seq_inner_val_44b6_t85_p02_crowded,inner_val,44b6_d29c9ab2,37.0,56.0,86.0,87.0,0.0
3.0,Learned_UNet_N1,seq_inner_val_44b6_t85_p02_crowded,inner_val,44b6_d29c9ab2,39.0,57.0,87.0,88.0,0.9084026158592896
3.0,Learned_UNet_N1,seq_inner_val_44b6_t85_p02_crowded,inner_val,44b6_d29c9ab2,40.0,63.0,87.0,88.0,0.9084026158592896
3.0,Learned_UNet_N1,seq_inner_val_44b6_t85_p02_crowded,inner_val,44b6_d29c9ab2,42.0,62.0,87.0,88.0,0.40625
3.0,Learned_UNet_N1,seq_inner_val_44b6_t85_p02_crowded,inner_val,44b6_d29c9ab2,46.0,65.0,87.0,88.0,0.8125
3.0,Learned_UNet_N1,seq_inner_val_44b6_t85_p02_crowded,inner_val,44b6_d29c9ab2,47.0,67.0,87.0,88.0,1.7235727791422095
3.0,Learned_UNet_N1,seq_inner_val_44b6_t85_p02_crowded,inner_val,44b6_d29c9ab2,49.0,61.0,87.0,88.0,0.40625
3.0,Learned_UNet_N1,seq_inner_val_44b6_t85_p02_crowded,inner_val,44b6_d29c9ab2,50.0,68.0,87.0,88.0,1.284675299443404
3.0,Learned_UNet_N1,seq_inner_val_44b6_t85_p02_crowded,inner_val,44b6_d29c9ab2,51.0,69.0,87.0,88.0,1.1490485194281397
3.0,Learned_UNet_N1,seq_inner_val_44b6_t85_p02_crowded,inner_val,44b6_d29c9ab2,53.0,70.0,87.0,88.0,0.0
3.0,Learned_UNet_N1,seq_inner_val_44b6_t85_p02_crowded,inner_val,44b6_d29c9ab2,54.0,66.0,87.0,88.0,0.5745242597140698
3.0,Learned_UNet_N1,seq_inner_val_44b6_t85_p02_crowded,inner_val,44b6_d29c9ab2,56.0,74.0,87.0,88.0,0.9084026158592896
3.0,Learned_UNet_N1,seq_inner_val_44b6_t85_p02_crowded,inner_val,44b6_d29c9ab2,58.0,75.0,88.0,89.0,0.5745242597140698
3.0,Learned_UNet_N1,seq_inner_val_44b6_t85_p02_crowded,inner_val,44b6_d29c9ab2,59.0,79.0,88.0,89.0,0.0
3.0,Learned_UNet_N1,seq_inner_val_44b6_t85_p02_crowded,inner_val,44b6_d29c9ab2,61.0,80.0,88.0,89.0,0.40625
3.0,Learned_UNet_N1,seq_inner_val_44b6_t85_p02_crowded,inner_val,44b6_d29c9ab2,62.0,77.0,88.0,89.0,1.21875
3.0,Learned_UNet_N1,seq_inner_val_44b6_t85_p02_crowded,inner_val,44b6_d29c9ab2,63.0,78.0,88.0,89.0,0.8125
3.0,Learned_UNet_N1,seq_inner_val_44b6_t85_p02_crowded,inner_val,44b6_d29c9ab2,64.0,86.0,88.0,89.0,1.1490485194281397
3.0,Learned_UNet_N1,seq_inner_val_44b6_t85_p02_crowded,inner_val,44b6_d29c9ab2,65.0,83.0,88.0,89.0,1.1490485194281397
3.0,Learned_UNet_N1,seq_inner_val_44b6_t85_p02_crowded,inner_val,44b6_d29c9ab2,66.0,89.0,88.0,89.0,0.8125
3.0,Learned_UNet_N1,seq_inner_val_44b6_t85_p02_crowded,inner_val,44b6_d29c9ab2,67.0,82.0,88.0,89.0,0.8125
3.0,Learned_UNet_N1,seq_inner_val_44b6_t85_p02_crowded,inner_val,44b6_d29c9ab2,69.0,84.0,88.0,89.0,0.40625
3.0,Learned_UNet_N1,seq_inner_val_44b6_t85_p02_crowded,inner_val,44b6_d29c9ab2,70.0,88.0,88.0,89.0,0.9084026158592896
3.0,Learned_UNet_N1,seq_inner_val_44b6_t85_p02_crowded,inner_val,44b6_d29c9ab2,72.0,91.0,88.0,89.0,1.8168052317185792
3.0,Learned_UNet_N1,seq_inner_val_44b6_t85_p02_crowded,inner_val,44b6_d29c9ab2,73.0,93.0,88.0,89.0,0.8125
3.0,Learned_UNet_N1,seq_inner_val_44b6_t85_p02_crowded,inner_val,44b6_d29c9ab2,74.0,92.0,88.0,89.0,1.284675299443404
3.0,Learned_UNet_N1,seq_inner_val_44b6_t90_p03_crowded,inner_val,44b6_d29c9ab2,0.0,24.0,90.0,91.0,0.0
3.0,Learned_UNet_N1,seq_inner_val_44b6_t90_p03_crowded,inner_val,44b6_d29c9ab2,1.0,26.0,90.0,91.0,1.284675299443404
3.0,Learned_UNet_N1,seq_inner_val_44b6_t90_p03_crowded,inner_val,44b6_d29c9ab2,2.0,27.0,90.0,91.0,0.8125
3.0,Learned_UNet_N1,seq_inner_val_44b6_t90_p03_crowded,inner_val,44b6_d29c9ab2,3.0,39.0,90.0,91.0,0.8125
3.0,Learned_UNet_N1,seq_inner_val_44b6_t90_p03_crowded,inner_val,44b6_d29c9ab2,8.0,28.0,90.0,91.0,0.8125
3.0,Learned_UNet_N1,seq_inner_val_44b6_t90_p03_crowded,inner_val,44b6_d29c9ab2,10.0,29.0,90.0,91.0,1.8168052317185792
3.0,Learned_UNet_N1,seq_inner_val_44b6_t90_p03_crowded,inner_val,44b6_d29c9ab2,13.0,34.0,90.0,91.0,0.5745242597140698
3.0,Learned_UNet_N1,seq_inner_val_44b6_t90_p03_crowded,inner_val,44b6_d29c9ab2,14.0,36.0,90.0,91.0,1.6750116604071745
3.0,Learned_UNet_N1,seq_inner_val_44b6_t90_p03_crowded,inner_val,44b6_d29c9ab2,15.0,30.0,90.0,91.0,0.40625
3.0,Learned_UNet_N1,seq_inner_val_44b6_t90_p03_crowded,inner_val,44b6_d29c9ab2,21.0,41.0,91.0,92.0,1.625
3.0,Learned_UNet_N1,seq_inner_val_44b6_t90_p03_crowded,inner_val,44b6_d29c9ab2,22.0,43.0,91.0,92.0,0.0
3.0,Learned_UNet_N1,seq_inner_val_44b6_t90_p03_crowded,inner_val,44b6_d29c9ab2,23.0,42.0,91.0,92.0,0.9084026158592896
3.0,Learned_UNet_N1,seq_inner_val_44b6_t90_p03_crowded,inner_val,44b6_d29c9ab2,25.0,58.0,91.0,92.0,0.9084026158592896
3.0,Learned_UNet_N1,seq_inner_val_44b6_t90_p03_crowded,inner_val,44b6_d29c9ab2,27.0,56.0,91.0,92.0,1.7235727791422095
3.0,Learned_UNet_N1,seq_inner_val_44b6_t90_p03_crowded,inner_val,44b6_d29c9ab2,29.0,44.0,91.0,92.0,1.284675299443404
3.0,Learned_UNet_N1,seq_inner_val_44b6_t90_p03_crowded,inner_val,44b6_d29c9ab2,30.0,52.0,91.0,92.0,1.625
3.0,Learned_UNet_N1,seq_inner_val_44b6_t90_p03_crowded,inner_val,44b6_d29c9ab2,31.0,49.0,91.0,92.0,0.5745242597140698
3.0,Learned_UNet_N1,seq_inner_val_44b6_t90_p03_crowded,inner_val,44b6_d29c9ab2,33.0,48.0,91.0,92.0,0.8125
3.0,Learned_UNet_N1,seq_inner_val_44b6_t90_p03_crowded,inner_val,44b6_d29c9ab2,34.0,51.0,91.0,92.0,0.8125
3.0,Learned_UNet_N1,seq_inner_val_44b6_t90_p03_crowded,inner_val,44b6_d29c9ab2,35.0,55.0,91.0,92.0,0.0
3.0,Learned_UNet_N1,seq_inner_val_44b6_t90_p03_crowded,inner_val,44b6_d29c9ab2,36.0,53.0,91.0,92.0,0.40625
3.0,Learned_UNet_N1,seq_inner_val_44b6_t90_p03_crowded,inner_val,44b6_d29c9ab2,40.0,50.0,91.0,92.0,2.4375
3.0,Learned_UNet_N1,seq_inner_val_44b6_t90_p03_crowded,inner_val,44b6_d29c9ab2,41.0,76.0,92.0,93.0,0.9084026158592896
3.0,Learned_UNet_N1,seq_inner_val_44b6_t90_p03_crowded,inner_val,44b6_d29c9ab2,43.0,60.0,92.0,93.0,0.9084026158592896
3.0,Learned_UNet_N1,seq_inner_val_44b6_t90_p03_crowded,inner_val,44b6_d29c9ab2,44.0,61.0,92.0,93.0,1.1490485194281397
3.0,Learned_UNet_N1,seq_inner_val_44b6_t90_p03_crowded,inner_val,44b6_d29c9ab2,47.0,63.0,92.0,93.0,0.9084026158592896
3.0,Learned_UNet_N1,seq_inner_val_44b6_t90_p03_crowded,inner_val,44b6_d29c9ab2,48.0,67.0,92.0,93.0,0.8125
3.0,Learned_UNet_N1,seq_inner_val_44b6_t90_p03_crowded,inner_val,44b6_d29c9ab2,51.0,65.0,92.0,93.0,0.8125
3.0,Learned_UNet_N1,seq_inner_val_44b6_t90_p03_crowded,inner_val,44b6_d29c9ab2,55.0,70.0,92.0,93.0,0.0
3.0,Learned_UNet_N1,seq_inner_val_44b6_t90_p03_crowded,inner_val,44b6_d29c9ab2,56.0,74.0,92.0,93.0,2.2980970388562794
3.0,Learned_UNet_N1,seq_inner_val_44b6_t90_p03_crowded,inner_val,44b6_d29c9ab2,57.0,75.0,92.0,93.0,2.569350598886808
3.0,Learned_UNet_N1,seq_inner_val_44b6_t90_p03_crowded,inner_val,44b6_d29c9ab2,59.0,81.0,93.0,94.0,0.40625
3.0,Learned_UNet_N1,seq_inner_val_44b6_t90_p03_crowded,inner_val,44b6_d29c9ab2,61.0,82.0,93.0,94.0,1.1490485194281397
3.0,Learned_UNet_N1,seq_inner_val_44b6_t90_p03_crowded,inner_val,44b6_d29c9ab2,62.0,77.0,93.0,94.0,0.8125
3.0,Learned_UNet_N1,seq_inner_val_44b6_t90_p03_crowded,inner_val,44b6_d29c9ab2,64.0,86.0,93.0,94.0,0.5745242597140698
3.0,Learned_UNet_N1,seq_inner_val_44b6_t90_p03_crowded,inner_val,44b6_d29c9ab2,65.0,83.0,93.0,94.0,1.625
3.0,Learned_UNet_N1,seq_inner_val_44b6_t90_p03_crowded,inner_val,44b6_d29c9ab2,66.0,80.0,93.0,94.0,0.5745242597140698
3.0,Learned_UNet_N1,seq_inner_val_44b6_t90_p03_crowded,inner_val,44b6_d29c9ab2,67.0,89.0,93.0,94.0,0.0
3.0,Learned_UNet_N1,seq_inner_val_44b6_t90_p03_crowded,inner_val,44b6_d29c9ab2,68.0,87.0,93.0,94.0,1.6750116604071745
3.0,Learned_UNet_N1,seq_inner_val_44b6_t90_p03_crowded,inner_val,44b6_d29c9ab2,70.0,88.0,93.0,94.0,0.8125
3.0,Learned_UNet_N1,seq_inner_val_44b6_t90_p03_crowded,inner_val,44b6_d29c9ab2,71.0,91.0,93.0,94.0,0.5745242597140698
3.0,Learned_UNet_N1,seq_inner_val_44b6_t90_p03_crowded,inner_val,44b6_d29c9ab2,74.0,84.0,93.0,94.0,2.0714766773970688
3.0,Learned_UNet_N1,seq_inner_val_44b6_t90_p03_crowded,inner_val,44b6_d29c9ab2,75.0,93.0,93.0,94.0,0.5745242597140698
3.0,Learned_UNet_N1,seq_inner_val_44b6_t70_p04_crowded,inner_val,44b6_d29c9ab2,0.0,21.0,70.0,71.0,0.40625
3.0,Learned_UNet_N1,seq_inner_val_44b6_t70_p04_crowded,inner_val,44b6_d29c9ab2,1.0,26.0,70.0,71.0,1.284675299443404
3.0,Learned_UNet_N1,seq_inner_val_44b6_t70_p04_crowded,inner_val,44b6_d29c9ab2,2.0,25.0,70.0,71.0,1.284675299443404
3.0,Learned_UNet_N1,seq_inner_val_44b6_t70_p04_crowded,inner_val,44b6_d29c9ab2,3.0,24.0,70.0,71.0,0.40625
3.0,Learned_UNet_N1,seq_inner_val_44b6_t70_p04_crowded,inner_val,44b6_d29c9ab2,4.0,28.0,70.0,71.0,1.284675299443404
3.0,Learned_UNet_N1,seq_inner_val_44b6_t70_p04_crowded,inner_val,44b6_d29c9ab2,5.0,29.0,70.0,71.0,0.8125
3.0,Learned_UNet_N1,seq_inner_val_44b6_t70_p04_crowded,inner_val,44b6_d29c9ab2,6.0,31.0,70.0,71.0,0.40625
3.0,Learned_UNet_N1,seq_inner_val_44b6_t70_p04_crowded,inner_val,44b6_d29c9ab2,7.0,27.0,70.0,71.0,0.0
3.0,Learned_UNet_N1,seq_inner_val_44b6_t70_p04_crowded,inner_val,44b6_d29c9ab2,9.0,22.0,70.0,71.0,1.625
3.0,Learned_UNet_N1,seq_inner_val_44b6_t70_p04_crowded,inner_val,44b6_d29c9ab2,10.0,37.0,70.0,71.0,0.8125
3.0,Learned_UNet_N1,seq_inner_val_44b6_t70_p04_crowded,inner_val,44b6_d29c9ab2,13.0,34.0,70.0,71.0,1.1490485194281397
3.0,Learned_UNet_N1,seq_inner_val_44b6_t70_p04_crowded,inner_val,44b6_d29c9ab2,14.0,39.0,70.0,71.0,1.7235727791422095
3.0,Learned_UNet_N1,seq_inner_val_44b6_t70_p04_crowded,inner_val,44b6_d29c9ab2,15.0,30.0,70.0,71.0,2.0714766773970688
3.0,Learned_UNet_N1,seq_inner_val_44b6_t70_p04_crowded,inner_val,44b6_d29c9ab2,16.0,42.0,70.0,71.0,1.625
3.0,Learned_UNet_N1,seq_inner_val_44b6_t70_p04_crowded,inner_val,44b6_d29c9ab2,17.0,43.0,70.0,71.0,1.9902104160113323
3.0,Learned_UNet_N1,seq_inner_val_44b6_t70_p04_crowded,inner_val,44b6_d29c9ab2,18.0,36.0,70.0,71.0,2.2980970388562794
3.0,Learned_UNet_N1,seq_inner_val_44b6_t70_p04_crowded,inner_val,44b6_d29c9ab2,19.0,41.0,70.0,71.0,1.7235727791422095
3.0,Learned_UNet_N1,seq_inner_val_44b6_t70_p04_crowded,inner_val,44b6_d29c9ab2,21.0,50.0,71.0,72.0,1.6750116604071745
3.0,Learned_UNet_N1,seq_inner_val_44b6_t70_p04_crowded,inner_val,44b6_d29c9ab2,22.0,45.0,71.0,72.0,0.8125
3.0,Learned_UNet_N1,seq_inner_val_44b6_t70_p04_crowded,inner_val,44b6_d29c9ab2,23.0,49.0,71.0,72.0,0.9084026158592896
3.0,Learned_UNet_N1,seq_inner_val_44b6_t70_p04_crowded,inner_val,44b6_d29c9ab2,24.0,46.0,71.0,72.0,1.21875
3.0,Learned_UNet_N1,seq_inner_val_44b6_t70_p04_crowded,inner_val,44b6_d29c9ab2,25.0,47.0,71.0,72.0,0.5745242597140698
3.0,Learned_UNet_N1,seq_inner_val_44b6_t70_p04_crowded,inner_val,44b6_d29c9ab2,26.0,53.0,71.0,72.0,0.5745242597140698
3.0,Learned_UNet_N1,seq_inner_val_44b6_t70_p04_crowded,inner_val,44b6_d29c9ab2,27.0,48.0,71.0,72.0,0.5745242597140698
3.0,Learned_UNet_N1,seq_inner_val_44b6_t70_p04_crowded,inner_val,44b6_d29c9ab2,28.0,52.0,71.0,72.0,0.40625
3.0,Learned_UNet_N1,seq_inner_val_44b6_t70_p04_crowded,inner_val,44b6_d29c9ab2,30.0,56.0,71.0,72.0,0.0
3.0,Learned_UNet_N1,seq_inner_val_44b6_t70_p04_crowded,inner_val,44b6_d29c9ab2,32.0,54.0,71.0,72.0,1.8168052317185792
3.0,Learned_UNet_N1,seq_inner_val_44b6_t70_p04_crowded,inner_val,44b6_d29c9ab2,33.0,55.0,71.0,72.0,0.8125
3.0,Learned_UNet_N1,seq_inner_val_44b6_t70_p04_crowded,inner_val,44b6_d29c9ab2,34.0,61.0,71.0,72.0,0.5745242597140698
3.0,Learned_UNet_N1,seq_inner_val_44b6_t70_p04_crowded,inner_val,44b6_d29c9ab2,35.0,62.0,71.0,72.0,1.8168052317185792
3.0,Learned_UNet_N1,seq_inner_val_44b6_t70_p04_crowded,inner_val,44b6_d29c9ab2,36.0,67.0,71.0,72.0,0.8125
3.0,Learned_UNet_N1,seq_inner_val_44b6_t70_p04_crowded,inner_val,44b6_d29c9ab2,37.0,58.0,71.0,72.0,0.0
3.0,Learned_UNet_N1,seq_inner_val_44b6_t70_p04_crowded,inner_val,44b6_d29c9ab2,39.0,57.0,71.0,72.0,1.7235727791422095
3.0,Learned_UNet_N1,seq_inner_val_44b6_t70_p04_crowded,inner_val,44b6_d29c9ab2,41.0,64.0,71.0,72.0,2.368824207280903
3.0,Learned_UNet_N1,seq_inner_val_44b6_t70_p04_crowded,inner_val,44b6_d29c9ab2,42.0,66.0,71.0,72.0,0.8125
3.0,Learned_UNet_N1,seq_inner_val_44b6_t70_p04_crowded,inner_val,44b6_d29c9ab2,43.0,65.0,71.0,72.0,1.1490485194281397
3.0,Learned_UNet_N1,seq_inner_val_44b6_t70_p04_crowded,inner_val,44b6_d29c9ab2,44.0,68.0,71.0,72.0,1.8168052317185792
3.0,Learned_UNet_N1,seq_inner_val_44b6_t70_p04_crowded,inner_val,44b6_d29c9ab2,45.0,70.0,72.0,73.0,0.8125
3.0,Learned_UNet_N1,seq_inner_val_44b6_t70_p04_crowded,inner_val,44b6_d29c9ab2,46.0,79.0,72.0,73.0,0.0
3.0,Learned_UNet_N1,seq_inner_val_44b6_t70_p04_crowded,inner_val,44b6_d29c9ab2,47.0,72.0,72.0,73.0,1.284675299443404
3.0,Learned_UNet_N1,seq_inner_val_44b6_t70_p04_crowded,inner_val,44b6_d29c9ab2,48.0,76.0,72.0,73.0,1.4647552056572457
3.0,Learned_UNet_N1,seq_inner_val_44b6_t70_p04_crowded,inner_val,44b6_d29c9ab2,49.0,74.0,72.0,73.0,0.5745242597140698
3.0,Learned_UNet_N1,seq_inner_val_44b6_t70_p04_crowded,inner_val,44b6_d29c9ab2,50.0,69.0,72.0,73.0,1.1490485194281397
3.0,Learned_UNet_N1,seq_inner_val_44b6_t70_p04_crowded,inner_val,44b6_d29c9ab2,51.0,71.0,72.0,73.0,0.5745242597140698
3.0,Learned_UNet_N1,seq_inner_val_44b6_t70_p04_crowded,inner_val,44b6_d29c9ab2,52.0,73.0,72.0,73.0,0.9084026158592896
3.0,Learned_UNet_N1,seq_inner_val_44b6_t70_p04_crowded,inner_val,44b6_d29c9ab2,54.0,90.0,72.0,73.0,0.8125
3.0,Learned_UNet_N1,seq_inner_val_44b6_t70_p04_crowded,inner_val,44b6_d29c9ab2,55.0,84.0,72.0,73.0,1.4647552056572457
3.0,Learned_UNet_N1,seq_inner_val_44b6_t70_p04_crowded,inner_val,44b6_d29c9ab2,56.0,75.0,72.0,73.0,0.9084026158592896
3.0,Learned_UNet_N1,seq_inner_val_44b6_t70_p04_crowded,inner_val,44b6_d29c9ab2,57.0,77.0,72.0,73.0,1.1490485194281397
3.0,Learned_UNet_N1,seq_inner_val_44b6_t70_p04_crowded,inner_val,44b6_d29c9ab2,58.0,81.0,72.0,73.0,0.9084026158592896
3.0,Learned_UNet_N1,seq_inner_val_44b6_t70_p04_crowded,inner_val,44b6_d29c9ab2,59.0,83.0,72.0,73.0,0.8125
3.0,Learned_UNet_N1,seq_inner_val_44b6_t70_p04_crowded,inner_val,44b6_d29c9ab2,61.0,80.0,72.0,73.0,0.5745242597140698
3.0,Learned_UNet_N1,seq_inner_val_44b6_t70_p04_crowded,inner_val,44b6_d29c9ab2,62.0,85.0,72.0,73.0,1.1490485194281397
3.0,Learned_UNet_N1,seq_inner_val_44b6_t70_p04_crowded,inner_val,44b6_d29c9ab2,64.0,86.0,72.0,73.0,0.5745242597140698
3.0,Learned_UNet_N1,seq_inner_val_44b6_t70_p04_crowded,inner_val,44b6_d29c9ab2,65.0,87.0,72.0,73.0,0.8125
3.0,Learned_UNet_N1,seq_inner_val_44b6_t70_p04_crowded,inner_val,44b6_d29c9ab2,66.0,88.0,72.0,73.0,1.625
3.0,Learned_UNet_N1,seq_inner_val_44b6_t70_p04_crowded,inner_val,44b6_d29c9ab2,67.0,82.0,72.0,73.0,0.8125
3.0,Learned_UNet_N1,seq_inner_val_44b6_t70_p04_crowded,inner_val,44b6_d29c9ab2,68.0,89.0,72.0,73.0,1.6750116604071745
3.0,Learned_UNet_N1,seq_inner_val_44b6_t70_p04_crowded,inner_val,44b6_d29c9ab2,69.0,94.0,73.0,74.0,0.40625
3.0,Learned_UNet_N1,seq_inner_val_44b6_t70_p04_crowded,inner_val,44b6_d29c9ab2,70.0,92.0,73.0,74.0,0.0
3.0,Learned_UNet_N1,seq_inner_val_44b6_t70_p04_crowded,inner_val,44b6_d29c9ab2,71.0,91.0,73.0,74.0,0.9084026158592896
3.0,Learned_UNet_N1,seq_inner_val_44b6_t70_p04_crowded,inner_val,44b6_d29c9ab2,72.0,95.0,73.0,74.0,0.5745242597140698
3.0,Learned_UNet_N1,seq_inner_val_44b6_t70_p04_crowded,inner_val,44b6_d29c9ab2,73.0,97.0,73.0,74.0,1.284675299443404
3.0,Learned_UNet_N1,seq_inner_val_44b6_t70_p04_crowded,inner_val,44b6_d29c9ab2,74.0,93.0,73.0,74.0,0.9084026158592896
3.0,Learned_UNet_N1,seq_inner_val_44b6_t70_p04_crowded,inner_val,44b6_d29c9ab2,75.0,108.0,73.0,74.0,0.40625
3.0,Learned_UNet_N1,seq_inner_val_44b6_t70_p04_crowded,inner_val,44b6_d29c9ab2,77.0,99.0,73.0,74.0,0.0
3.0,Learned_UNet_N1,seq_inner_val_44b6_t70_p04_crowded,inner_val,44b6_d29c9ab2,78.0,96.0,73.0,74.0,1.7235727791422095
3.0,Learned_UNet_N1,seq_inner_val_44b6_t70_p04_crowded,inner_val,44b6_d29c9ab2,79.0,107.0,73.0,74.0,0.8125
3.0,Learned_UNet_N1,seq_inner_val_44b6_t70_p04_crowded,inner_val,44b6_d29c9ab2,80.0,105.0,73.0,74.0,0.8125
3.0,Learned_UNet_N1,seq_inner_val_44b6_t70_p04_crowded,inner_val,44b6_d29c9ab2,81.0,101.0,73.0,74.0,0.0
3.0,Learned_UNet_N1,seq_inner_val_44b6_t70_p04_crowded,inner_val,44b6_d29c9ab2,82.0,113.0,73.0,74.0,0.0
3.0,Learned_UNet_N1,seq_inner_val_44b6_t70_p04_crowded,inner_val,44b6_d29c9ab2,83.0,106.0,73.0,74.0,1.1490485194281397
3.0,Learned_UNet_N1,seq_inner_val_44b6_t70_p04_crowded,inner_val,44b6_d29c9ab2,84.0,103.0,73.0,74.0,0.0
3.0,Learned_UNet_N1,seq_inner_val_44b6_t70_p04_crowded,inner_val,44b6_d29c9ab2,85.0,102.0,73.0,74.0,0.8125
3.0,Learned_UNet_N1,seq_inner_val_44b6_t70_p04_crowded,inner_val,44b6_d29c9ab2,86.0,100.0,73.0,74.0,0.5745242597140698
3.0,Learned_UNet_N1,seq_inner_val_44b6_t70_p04_crowded,inner_val,44b6_d29c9ab2,87.0,104.0,73.0,74.0,1.86167137607581
3.0,Learned_UNet_N1,seq_inner_val_44b6_t70_p04_crowded,inner_val,44b6_d29c9ab2,88.0,111.0,73.0,74.0,0.9084026158592896
3.0,Learned_UNet_N1,seq_inner_val_44b6_t70_p04_crowded,inner_val,44b6_d29c9ab2,89.0,109.0,73.0,74.0,1.6750116604071745
3.0,Learned_UNet_N1,seq_inner_val_44b6_t70_p04_crowded,inner_val,44b6_d29c9ab2,90.0,114.0,73.0,74.0,0.0
3.0,Learned_UNet_N1,seq_inner_val_44b6_t90_p05_isolated,inner_val,44b6_d29c9ab2,0.0,18.0,90.0,91.0,1.1490485194281397
3.0,Learned_UNet_N1,seq_inner_val_44b6_t90_p05_isolated,inner_val,44b6_d29c9ab2,1.0,19.0,90.0,91.0,0.9084026158592896
3.0,Learned_UNet_N1,seq_inner_val_44b6_t90_p05_isolated,inner_val,44b6_d29c9ab2,3.0,22.0,90.0,91.0,1.21875
3.0,Learned_UNet_N1,seq_inner_val_44b6_t90_p05_isolated,inner_val,44b6_d29c9ab2,4.0,23.0,90.0,91.0,1.1490485194281397
3.0,Learned_UNet_N1,seq_inner_val_44b6_t90_p05_isolated,inner_val,44b6_d29c9ab2,5.0,27.0,90.0,91.0,0.8125
3.0,Learned_UNet_N1,seq_inner_val_44b6_t90_p05_isolated,inner_val,44b6_d29c9ab2,7.0,25.0,90.0,91.0,0.40625
3.0,Learned_UNet_N1,seq_inner_val_44b6_t90_p05_isolated,inner_val,44b6_d29c9ab2,8.0,26.0,90.0,91.0,0.40625
3.0,Learned_UNet_N1,seq_inner_val_44b6_t90_p05_isolated,inner_val,44b6_d29c9ab2,11.0,29.0,90.0,91.0,1.7235727791422095
3.0,Learned_UNet_N1,seq_inner_val_44b6_t90_p05_isolated,inner_val,44b6_d29c9ab2,12.0,28.0,90.0,91.0,0.0
3.0,Learned_UNet_N1,seq_inner_val_44b6_t90_p05_isolated,inner_val,44b6_d29c9ab2,13.0,31.0,90.0,91.0,0.8125
3.0,Learned_UNet_N1,seq_inner_val_44b6_t90_p05_isolated,inner_val,44b6_d29c9ab2,14.0,30.0,90.0,91.0,1.8168052317185792
3.0,Learned_UNet_N1,seq_inner_val_44b6_t90_p05_isolated,inner_val,44b6_d29c9ab2,16.0,33.0,90.0,91.0,1.6750116604071745
3.0,Learned_UNet_N1,seq_inner_val_44b6_t90_p05_isolated,inner_val,44b6_d29c9ab2,17.0,32.0,90.0,91.0,0.9084026158592896
3.0,Learned_UNet_N1,seq_inner_val_44b6_t90_p05_isolated,inner_val,44b6_d29c9ab2,18.0,34.0,91.0,92.0,0.0
3.0,Learned_UNet_N1,seq_inner_val_44b6_t90_p05_isolated,inner_val,44b6_d29c9ab2,19.0,35.0,91.0,92.0,1.284675299443404
3.0,Learned_UNet_N1,seq_inner_val_44b6_t90_p05_isolated,inner_val,44b6_d29c9ab2,20.0,40.0,91.0,92.0,0.9084026158592896
3.0,Learned_UNet_N1,seq_inner_val_44b6_t90_p05_isolated,inner_val,44b6_d29c9ab2,21.0,37.0,91.0,92.0,0.0
3.0,Learned_UNet_N1,seq_inner_val_44b6_t90_p05_isolated,inner_val,44b6_d29c9ab2,23.0,38.0,91.0,92.0,0.8125
3.0,Learned_UNet_N1,seq_inner_val_44b6_t90_p05_isolated,inner_val,44b6_d29c9ab2,24.0,42.0,91.0,92.0,1.625
3.0,Learned_UNet_N1,seq_inner_val_44b6_t90_p05_isolated,inner_val,44b6_d29c9ab2,25.0,41.0,91.0,92.0,0.5745242597140698
3.0,Learned_UNet_N1,seq_inner_val_44b6_t90_p05_isolated,inner_val,44b6_d29c9ab2,26.0,46.0,91.0,92.0,0.9084026158592896
3.0,Learned_UNet_N1,seq_inner_val_44b6_t90_p05_isolated,inner_val,44b6_d29c9ab2,27.0,43.0,91.0,92.0,1.625
3.0,Learned_UNet_N1,seq_inner_val_44b6_t90_p05_isolated,inner_val,44b6_d29c9ab2,28.0,50.0,91.0,92.0,0.8125
3.0,Learned_UNet_N1,seq_inner_val_44b6_t90_p05_isolated,inner_val,44b6_d29c9ab2,30.0,45.0,91.0,92.0,0.5745242597140698
3.0,Learned_UNet_N1,seq_inner_val_44b6_t90_p05_isolated,inner_val,44b6_d29c9ab2,32.0,49.0,91.0,92.0,0.0
3.0,Learned_UNet_N1,seq_inner_val_44b6_t90_p05_isolated,inner_val,44b6_d29c9ab2,33.0,52.0,91.0,92.0,0.9084026158592896
3.0,Learned_UNet_N1,seq_inner_val_44b6_t90_p05_isolated,inner_val,44b6_d29c9ab2,34.0,54.0,92.0,93.0,1.1490485194281397
3.0,Learned_UNet_N1,seq_inner_val_44b6_t90_p05_isolated,inner_val,44b6_d29c9ab2,35.0,55.0,92.0,93.0,0.8125
3.0,Learned_UNet_N1,seq_inner_val_44b6_t90_p05_isolated,inner_val,44b6_d29c9ab2,36.0,56.0,92.0,93.0,0.9084026158592896
3.0,Learned_UNet_N1,seq_inner_val_44b6_t90_p05_isolated,inner_val,44b6_d29c9ab2,38.0,59.0,92.0,93.0,0.5745242597140698
3.0,Learned_UNet_N1,seq_inner_val_44b6_t90_p05_isolated,inner_val,44b6_d29c9ab2,39.0,58.0,92.0,93.0,0.40625
3.0,Learned_UNet_N1,seq_inner_val_44b6_t90_p05_isolated,inner_val,44b6_d29c9ab2,40.0,60.0,92.0,93.0,0.8125
3.0,Learned_UNet_N1,seq_inner_val_44b6_t90_p05_isolated,inner_val,44b6_d29c9ab2,41.0,61.0,92.0,93.0,0.5745242597140698
3.0,Learned_UNet_N1,seq_inner_val_44b6_t90_p05_isolated,inner_val,44b6_d29c9ab2,44.0,62.0,92.0,93.0,2.03125
3.0,Learned_UNet_N1,seq_inner_val_44b6_t90_p05_isolated,inner_val,44b6_d29c9ab2,45.0,68.0,92.0,93.0,0.5745242597140698
3.0,Learned_UNet_N1,seq_inner_val_44b6_t90_p05_isolated,inner_val,44b6_d29c9ab2,46.0,65.0,92.0,93.0,1.6750116604071745
3.0,Learned_UNet_N1,seq_inner_val_44b6_t90_p05_isolated,inner_val,44b6_d29c9ab2,48.0,67.0,92.0,93.0,0.8125
3.0,Learned_UNet_N1,seq_inner_val_44b6_t90_p05_isolated,inner_val,44b6_d29c9ab2,49.0,69.0,92.0,93.0,0.8125
3.0,Learned_UNet_N1,seq_inner_val_44b6_t90_p05_isolated,inner_val,44b6_d29c9ab2,50.0,64.0,92.0,93.0,1.625
3.0,Learned_UNet_N1,seq_inner_val_44b6_t90_p05_isolated,inner_val,44b6_d29c9ab2,52.0,70.0,92.0,93.0,0.8125
3.0,Learned_UNet_N1,seq_inner_val_44b6_t90_p05_isolated,inner_val,44b6_d29c9ab2,55.0,74.0,93.0,94.0,0.5745242597140698
3.0,Learned_UNet_N1,seq_inner_val_44b6_t90_p05_isolated,inner_val,44b6_d29c9ab2,56.0,78.0,93.0,94.0,0.9084026158592896
3.0,Learned_UNet_N1,seq_inner_val_44b6_t90_p05_isolated,inner_val,44b6_d29c9ab2,57.0,75.0,93.0,94.0,1.1490485194281397
3.0,Learned_UNet_N1,seq_inner_val_44b6_t90_p05_isolated,inner_val,44b6_d29c9ab2,58.0,77.0,93.0,94.0,0.5745242597140698
3.0,Learned_UNet_N1,seq_inner_val_44b6_t90_p05_isolated,inner_val,44b6_d29c9ab2,59.0,76.0,93.0,94.0,0.5745242597140698
3.0,Learned_UNet_N1,seq_inner_val_44b6_t90_p05_isolated,inner_val,44b6_d29c9ab2,61.0,80.0,93.0,94.0,1.1490485194281397
3.0,Learned_UNet_N1,seq_inner_val_44b6_t90_p05_isolated,inner_val,44b6_d29c9ab2,62.0,84.0,93.0,94.0,1.625
3.0,Learned_UNet_N1,seq_inner_val_44b6_t90_p05_isolated,inner_val,44b6_d29c9ab2,63.0,85.0,93.0,94.0,1.8168052317185792
3.0,Learned_UNet_N1,seq_inner_val_44b6_t90_p05_isolated,inner_val,44b6_d29c9ab2,65.0,83.0,93.0,94.0,2.333728575156074
3.0,Learned_UNet_N1,seq_inner_val_44b6_t90_p05_isolated,inner_val,44b6_d29c9ab2,66.0,91.0,93.0,94.0,1.625
3.0,Learned_UNet_N1,seq_inner_val_44b6_t90_p05_isolated,inner_val,44b6_d29c9ab2,67.0,88.0,93.0,94.0,0.8125
3.0,Learned_UNet_N1,seq_inner_val_44b6_t90_p05_isolated,inner_val,44b6_d29c9ab2,68.0,87.0,93.0,94.0,0.8125
3.0,Learned_UNet_N1,seq_inner_val_44b6_t90_p05_isolated,inner_val,44b6_d29c9ab2,70.0,90.0,93.0,94.0,1.4647552056572457
3.0,Learned_UNet_N1,seq_inner_val_44b6_t75_p06_isolated,inner_val,44b6_d29c9ab2,0.0,27.0,75.0,76.0,1.284675299443404
3.0,Learned_UNet_N1,seq_inner_val_44b6_t75_p06_isolated,inner_val,44b6_d29c9ab2,1.0,24.0,75.0,76.0,1.1490485194281397
3.0,Learned_UNet_N1,seq_inner_val_44b6_t75_p06_isolated,inner_val,44b6_d29c9ab2,5.0,26.0,75.0,76.0,0.9084026158592896
3.0,Learned_UNet_N1,seq_inner_val_44b6_t75_p06_isolated,inner_val,44b6_d29c9ab2,12.0,39.0,75.0,76.0,2.8726212985703494
3.0,Learned_UNet_N1,seq_inner_val_44b6_t75_p06_isolated,inner_val,44b6_d29c9ab2,16.0,41.0,75.0,76.0,1.1490485194281397
3.0,Learned_UNet_N1,seq_inner_val_44b6_t75_p06_isolated,inner_val,44b6_d29c9ab2,17.0,44.0,75.0,76.0,1.8168052317185792
3.0,Learned_UNet_N1,seq_inner_val_44b6_t75_p06_isolated,inner_val,44b6_d29c9ab2,18.0,32.0,75.0,76.0,2.8726212985703494
3.0,Learned_UNet_N1,seq_inner_val_44b6_t75_p06_isolated,inner_val,44b6_d29c9ab2,19.0,40.0,75.0,76.0,0.40625
3.0,Learned_UNet_N1,seq_inner_val_44b6_t75_p06_isolated,inner_val,44b6_d29c9ab2,21.0,46.0,75.0,76.0,1.8168052317185792
3.0,Learned_UNet_N1,seq_inner_val_44b6_t75_p06_isolated,inner_val,44b6_d29c9ab2,23.0,43.0,75.0,76.0,1.7235727791422095
3.0,Learned_UNet_N1,seq_inner_val_44b6_t75_p06_isolated,inner_val,44b6_d29c9ab2,24.0,50.0,76.0,77.0,0.9084026158592896
3.0,Learned_UNet_N1,seq_inner_val_44b6_t75_p06_isolated,inner_val,44b6_d29c9ab2,26.0,53.0,76.0,77.0,0.40625
3.0,Learned_UNet_N1,seq_inner_val_44b6_t75_p06_isolated,inner_val,44b6_d29c9ab2,28.0,58.0,76.0,77.0,1.1490485194281397
3.0,Learned_UNet_N1,seq_inner_val_44b6_t75_p06_isolated,inner_val,44b6_d29c9ab2,29.0,55.0,76.0,77.0,0.5745242597140698
3.0,Learned_UNet_N1,seq_inner_val_44b6_t75_p06_isolated,inner_val,44b6_d29c9ab2,30.0,60.0,76.0,77.0,0.0
3.0,Learned_UNet_N1,seq_inner_val_44b6_t75_p06_isolated,inner_val,44b6_d29c9ab2,31.0,59.0,76.0,77.0,0.8125
3.0,Learned_UNet_N1,seq_inner_val_44b6_t75_p06_isolated,inner_val,44b6_d29c9ab2,34.0,66.0,76.0,77.0,0.5745242597140698
3.0,Learned_UNet_N1,seq_inner_val_44b6_t75_p06_isolated,inner_val,44b6_d29c9ab2,35.0,57.0,76.0,77.0,1.284675299443404
3.0,Learned_UNet_N1,seq_inner_val_44b6_t75_p06_isolated,inner_val,44b6_d29c9ab2,36.0,63.0,76.0,77.0,1.1490485194281397
3.0,Learned_UNet_N1,seq_inner_val_44b6_t75_p06_isolated,inner_val,44b6_d29c9ab2,37.0,65.0,76.0,77.0,2.2980970388562794
3.0,Learned_UNet_N1,seq_inner_val_44b6_t75_p06_isolated,inner_val,44b6_d29c9ab2,38.0,64.0,76.0,77.0,1.284675299443404
3.0,Learned_UNet_N1,seq_inner_val_44b6_t75_p06_isolated,inner_val,44b6_d29c9ab2,40.0,61.0,76.0,77.0,0.5745242597140698
3.0,Learned_UNet_N1,seq_inner_val_44b6_t75_p06_isolated,inner_val,44b6_d29c9ab2,42.0,68.0,76.0,77.0,0.9084026158592896
3.0,Learned_UNet_N1,seq_inner_val_44b6_t75_p06_isolated,inner_val,44b6_d29c9ab2,43.0,56.0,76.0,77.0,0.40625
3.0,Learned_UNet_N1,seq_inner_val_44b6_t75_p06_isolated,inner_val,44b6_d29c9ab2,46.0,69.0,76.0,77.0,0.8125
3.0,Learned_UNet_N1,seq_inner_val_44b6_t75_p06_isolated,inner_val,44b6_d29c9ab2,48.0,70.0,76.0,77.0,1.9902104160113323
3.0,Learned_UNet_N1,seq_inner_val_44b6_t75_p06_isolated,inner_val,44b6_d29c9ab2,49.0,75.0,76.0,77.0,0.5745242597140698
3.0,Learned_UNet_N1,seq_inner_val_44b6_t75_p06_isolated,inner_val,44b6_d29c9ab2,50.0,76.0,77.0,78.0,0.40625
3.0,Learned_UNet_N1,seq_inner_val_44b6_t75_p06_isolated,inner_val,44b6_d29c9ab2,52.0,81.0,77.0,78.0,1.8168052317185792
3.0,Learned_UNet_N1,seq_inner_val_44b6_t75_p06_isolated,inner_val,44b6_d29c9ab2,53.0,79.0,77.0,78.0,0.5745242597140698
3.0,Learned_UNet_N1,seq_inner_val_44b6_t75_p06_isolated,inner_val,44b6_d29c9ab2,55.0,95.0,77.0,78.0,0.5745242597140698
3.0,Learned_UNet_N1,seq_inner_val_44b6_t75_p06_isolated,inner_val,44b6_d29c9ab2,56.0,84.0,77.0,78.0,0.5745242597140698
3.0,Learned_UNet_N1,seq_inner_val_44b6_t75_p06_isolated,inner_val,44b6_d29c9ab2,57.0,78.0,77.0,78.0,1.6750116604071745
3.0,Learned_UNet_N1,seq_inner_val_44b6_t75_p06_isolated,inner_val,44b6_d29c9ab2,58.0,88.0,77.0,78.0,0.8125
3.0,Learned_UNet_N1,seq_inner_val_44b6_t75_p06_isolated,inner_val,44b6_d29c9ab2,59.0,85.0,77.0,78.0,1.6750116604071745
3.0,Learned_UNet_N1,seq_inner_val_44b6_t75_p06_isolated,inner_val,44b6_d29c9ab2,60.0,82.0,77.0,78.0,0.0
3.0,Learned_UNet_N1,seq_inner_val_44b6_t75_p06_isolated,inner_val,44b6_d29c9ab2,61.0,83.0,77.0,78.0,1.21875
3.0,Learned_UNet_N1,seq_inner_val_44b6_t75_p06_isolated,inner_val,44b6_d29c9ab2,63.0,89.0,77.0,78.0,0.5745242597140698
3.0,Learned_UNet_N1,seq_inner_val_44b6_t75_p06_isolated,inner_val,44b6_d29c9ab2,64.0,86.0,77.0,78.0,1.625
3.0,Learned_UNet_N1,seq_inner_val_44b6_t75_p06_isolated,inner_val,44b6_d29c9ab2,65.0,91.0,77.0,78.0,1.625
3.0,Learned_UNet_N1,seq_inner_val_44b6_t75_p06_isolated,inner_val,44b6_d29c9ab2,66.0,87.0,77.0,78.0,1.284675299443404
3.0,Learned_UNet_N1,seq_inner_val_44b6_t75_p06_isolated,inner_val,44b6_d29c9ab2,69.0,93.0,77.0,78.0,1.1490485194281397
3.0,Learned_UNet_N1,seq_inner_val_44b6_t75_p06_isolated,inner_val,44b6_d29c9ab2,73.0,96.0,77.0,78.0,1.625
3.0,Learned_UNet_N1,seq_inner_val_44b6_t75_p06_isolated,inner_val,44b6_d29c9ab2,74.0,94.0,77.0,78.0,0.8125
3.0,Learned_UNet_N1,seq_inner_val_44b6_t75_p06_isolated,inner_val,44b6_d29c9ab2,76.0,98.0,78.0,79.0,0.9084026158592896
3.0,Learned_UNet_N1,seq_inner_val_44b6_t75_p06_isolated,inner_val,44b6_d29c9ab2,77.0,100.0,78.0,79.0,0.40625
3.0,Learned_UNet_N1,seq_inner_val_44b6_t75_p06_isolated,inner_val,44b6_d29c9ab2,78.0,99.0,78.0,79.0,0.9084026158592896
3.0,Learned_UNet_N1,seq_inner_val_44b6_t75_p06_isolated,inner_val,44b6_d29c9ab2,79.0,114.0,78.0,79.0,0.8125
3.0,Learned_UNet_N1,seq_inner_val_44b6_t75_p06_isolated,inner_val,44b6_d29c9ab2,80.0,103.0,78.0,79.0,1.21875
3.0,Learned_UNet_N1,seq_inner_val_44b6_t75_p06_isolated,inner_val,44b6_d29c9ab2,82.0,104.0,78.0,79.0,0.0
3.0,Learned_UNet_N1,seq_inner_val_44b6_t75_p06_isolated,inner_val,44b6_d29c9ab2,83.0,101.0,78.0,79.0,0.9084026158592896
3.0,Learned_UNet_N1,seq_inner_val_44b6_t75_p06_isolated,inner_val,44b6_d29c9ab2,84.0,111.0,78.0,79.0,0.40625
3.0,Learned_UNet_N1,seq_inner_val_44b6_t75_p06_isolated,inner_val,44b6_d29c9ab2,85.0,102.0,78.0,79.0,0.9084026158592896
3.0,Learned_UNet_N1,seq_inner_val_44b6_t75_p06_isolated,inner_val,44b6_d29c9ab2,86.0,105.0,78.0,79.0,1.284675299443404
3.0,Learned_UNet_N1,seq_inner_val_44b6_t75_p06_isolated,inner_val,44b6_d29c9ab2,87.0,106.0,78.0,79.0,0.0
3.0,Learned_UNet_N1,seq_inner_val_44b6_t75_p06_isolated,inner_val,44b6_d29c9ab2,88.0,107.0,78.0,79.0,0.8125
3.0,Learned_UNet_N1,seq_inner_val_44b6_t75_p06_isolated,inner_val,44b6_d29c9ab2,89.0,110.0,78.0,79.0,1.284675299443404
3.0,Learned_UNet_N1,seq_inner_val_44b6_t75_p06_isolated,inner_val,44b6_d29c9ab2,90.0,116.0,78.0,79.0,1.1490485194281397
3.0,Learned_UNet_N1,seq_inner_val_44b6_t75_p06_isolated,inner_val,44b6_d29c9ab2,91.0,112.0,78.0,79.0,0.9084026158592896
3.0,Learned_UNet_N1,seq_inner_val_44b6_t75_p06_isolated,inner_val,44b6_d29c9ab2,92.0,113.0,78.0,79.0,0.0
3.0,Learned_UNet_N1,seq_inner_val_44b6_t75_p06_isolated,inner_val,44b6_d29c9ab2,93.0,117.0,78.0,79.0,0.5745242597140698
3.0,Learned_UNet_N1,seq_inner_val_44b6_t75_p06_isolated,inner_val,44b6_d29c9ab2,94.0,115.0,78.0,79.0,1.625
3.0,Learned_UNet_N1,seq_inner_val_44b6_t70_p07_isolated,inner_val,44b6_d29c9ab2,0.0,21.0,70.0,71.0,1.1490485194281397
3.0,Learned_UNet_N1,seq_inner_val_44b6_t70_p07_isolated,inner_val,44b6_d29c9ab2,1.0,20.0,70.0,71.0,1.284675299443404
3.0,Learned_UNet_N1,seq_inner_val_44b6_t70_p07_isolated,inner_val,44b6_d29c9ab2,6.0,23.0,70.0,71.0,1.6750116604071745
3.0,Learned_UNet_N1,seq_inner_val_44b6_t70_p07_isolated,inner_val,44b6_d29c9ab2,7.0,30.0,70.0,71.0,1.8168052317185792
3.0,Learned_UNet_N1,seq_inner_val_44b6_t70_p07_isolated,inner_val,44b6_d29c9ab2,9.0,26.0,70.0,71.0,1.21875
3.0,Learned_UNet_N1,seq_inner_val_44b6_t70_p07_isolated,inner_val,44b6_d29c9ab2,12.0,33.0,70.0,71.0,0.40625
3.0,Learned_UNet_N1,seq_inner_val_44b6_t70_p07_isolated,inner_val,44b6_d29c9ab2,13.0,32.0,70.0,71.0,0.0
3.0,Learned_UNet_N1,seq_inner_val_44b6_t70_p07_isolated,inner_val,44b6_d29c9ab2,14.0,35.0,70.0,71.0,0.40625
3.0,Learned_UNet_N1,seq_inner_val_44b6_t70_p07_isolated,inner_val,44b6_d29c9ab2,16.0,34.0,70.0,71.0,0.40625
3.0,Learned_UNet_N1,seq_inner_val_44b6_t70_p07_isolated,inner_val,44b6_d29c9ab2,17.0,37.0,70.0,71.0,2.2980970388562794
3.0,Learned_UNet_N1,seq_inner_val_44b6_t70_p07_isolated,inner_val,44b6_d29c9ab2,20.0,40.0,71.0,72.0,1.1490485194281397
3.0,Learned_UNet_N1,seq_inner_val_44b6_t70_p07_isolated,inner_val,44b6_d29c9ab2,22.0,43.0,71.0,72.0,0.8125
3.0,Learned_UNet_N1,seq_inner_val_44b6_t70_p07_isolated,inner_val,44b6_d29c9ab2,23.0,41.0,71.0,72.0,1.1490485194281397
3.0,Learned_UNet_N1,seq_inner_val_44b6_t70_p07_isolated,inner_val,44b6_d29c9ab2,25.0,45.0,71.0,72.0,0.40625
3.0,Learned_UNet_N1,seq_inner_val_44b6_t70_p07_isolated,inner_val,44b6_d29c9ab2,26.0,48.0,71.0,72.0,1.1490485194281397
3.0,Learned_UNet_N1,seq_inner_val_44b6_t70_p07_isolated,inner_val,44b6_d29c9ab2,28.0,44.0,71.0,72.0,0.5745242597140698
3.0,Learned_UNet_N1,seq_inner_val_44b6_t70_p07_isolated,inner_val,44b6_d29c9ab2,29.0,58.0,71.0,72.0,0.5745242597140698
3.0,Learned_UNet_N1,seq_inner_val_44b6_t70_p07_isolated,inner_val,44b6_d29c9ab2,30.0,46.0,71.0,72.0,0.9084026158592896
3.0,Learned_UNet_N1,seq_inner_val_44b6_t70_p07_isolated,inner_val,44b6_d29c9ab2,31.0,52.0,71.0,72.0,0.5745242597140698
3.0,Learned_UNet_N1,seq_inner_val_44b6_t70_p07_isolated,inner_val,44b6_d29c9ab2,32.0,53.0,71.0,72.0,0.8125
3.0,Learned_UNet_N1,seq_inner_val_44b6_t70_p07_isolated,inner_val,44b6_d29c9ab2,33.0,51.0,71.0,72.0,2.2980970388562794
3.0,Learned_UNet_N1,seq_inner_val_44b6_t70_p07_isolated,inner_val,44b6_d29c9ab2,35.0,55.0,71.0,72.0,0.0
3.0,Learned_UNet_N1,seq_inner_val_44b6_t70_p07_isolated,inner_val,44b6_d29c9ab2,37.0,57.0,71.0,72.0,1.1490485194281397
3.0,Learned_UNet_N1,seq_inner_val_44b6_t70_p07_isolated,inner_val,44b6_d29c9ab2,38.0,56.0,71.0,72.0,1.284675299443404
3.0,Learned_UNet_N1,seq_inner_val_44b6_t70_p07_isolated,inner_val,44b6_d29c9ab2,41.0,63.0,72.0,73.0,1.284675299443404
3.0,Learned_UNet_N1,seq_inner_val_44b6_t70_p07_isolated,inner_val,44b6_d29c9ab2,42.0,61.0,72.0,73.0,0.0
3.0,Learned_UNet_N1,seq_inner_val_44b6_t70_p07_isolated,inner_val,44b6_d29c9ab2,44.0,69.0,72.0,73.0,0.9084026158592896
3.0,Learned_UNet_N1,seq_inner_val_44b6_t70_p07_isolated,inner_val,44b6_d29c9ab2,45.0,67.0,72.0,73.0,0.40625
3.0,Learned_UNet_N1,seq_inner_val_44b6_t70_p07_isolated,inner_val,44b6_d29c9ab2,46.0,68.0,72.0,73.0,1.1490485194281397
3.0,Learned_UNet_N1,seq_inner_val_44b6_t70_p07_isolated,inner_val,44b6_d29c9ab2,47.0,66.0,72.0,73.0,1.21875
3.0,Learned_UNet_N1,seq_inner_val_44b6_t70_p07_isolated,inner_val,44b6_d29c9ab2,49.0,65.0,72.0,73.0,0.5745242597140698
3.0,Learned_UNet_N1,seq_inner_val_44b6_t70_p07_isolated,inner_val,44b6_d29c9ab2,51.0,71.0,72.0,73.0,0.9084026158592896
3.0,Learned_UNet_N1,seq_inner_val_44b6_t70_p07_isolated,inner_val,44b6_d29c9ab2,54.0,72.0,72.0,73.0,0.0
3.0,Learned_UNet_N1,seq_inner_val_44b6_t70_p07_isolated,inner_val,44b6_d29c9ab2,55.0,73.0,72.0,73.0,0.0
3.0,Learned_UNet_N1,seq_inner_val_44b6_t70_p07_isolated,inner_val,44b6_d29c9ab2,56.0,74.0,72.0,73.0,0.8125
3.0,Learned_UNet_N1,seq_inner_val_44b6_t70_p07_isolated,inner_val,44b6_d29c9ab2,57.0,75.0,72.0,73.0,0.40625
3.0,Learned_UNet_N1,seq_inner_val_44b6_t70_p07_isolated,inner_val,44b6_d29c9ab2,59.0,77.0,72.0,73.0,0.0
3.0,Learned_UNet_N1,seq_inner_val_44b6_t70_p07_isolated,inner_val,44b6_d29c9ab2,61.0,81.0,73.0,74.0,1.8168052317185792
3.0,Learned_UNet_N1,seq_inner_val_44b6_t70_p07_isolated,inner_val,44b6_d29c9ab2,62.0,79.0,73.0,74.0,0.9084026158592896
3.0,Learned_UNet_N1,seq_inner_val_44b6_t70_p07_isolated,inner_val,44b6_d29c9ab2,63.0,80.0,73.0,74.0,1.8168052317185792
3.0,Learned_UNet_N1,seq_inner_val_44b6_t70_p07_isolated,inner_val,44b6_d29c9ab2,64.0,82.0,73.0,74.0,0.5745242597140698
3.0,Learned_UNet_N1,seq_inner_val_44b6_t70_p07_isolated,inner_val,44b6_d29c9ab2,65.0,89.0,73.0,74.0,2.1877232028983924
3.0,Learned_UNet_N1,seq_inner_val_44b6_t70_p07_isolated,inner_val,44b6_d29c9ab2,66.0,84.0,73.0,74.0,2.0714766773970688
3.0,Learned_UNet_N1,seq_inner_val_44b6_t70_p07_isolated,inner_val,44b6_d29c9ab2,69.0,85.0,73.0,74.0,1.625
3.0,Learned_UNet_N1,seq_inner_val_44b6_t70_p07_isolated,inner_val,44b6_d29c9ab2,70.0,86.0,73.0,74.0,0.8125
3.0,Learned_UNet_N1,seq_inner_val_44b6_t70_p07_isolated,inner_val,44b6_d29c9ab2,71.0,88.0,73.0,74.0,0.0
3.0,Learned_UNet_N1,seq_inner_val_44b6_t70_p07_isolated,inner_val,44b6_d29c9ab2,72.0,94.0,73.0,74.0,0.0
3.0,Learned_UNet_N1,seq_inner_val_44b6_t70_p07_isolated,inner_val,44b6_d29c9ab2,73.0,92.0,73.0,74.0,0.9084026158592896
3.0,Learned_UNet_N1,seq_inner_val_44b6_t70_p07_isolated,inner_val,44b6_d29c9ab2,74.0,91.0,73.0,74.0,1.1490485194281397
3.0,Learned_UNet_N1,seq_inner_val_44b6_t70_p07_isolated,inner_val,44b6_d29c9ab2,75.0,96.0,73.0,74.0,0.9084026158592896
3.0,Learned_UNet_N1,seq_inner_val_44b6_t70_p07_isolated,inner_val,44b6_d29c9ab2,76.0,95.0,73.0,74.0,0.9084026158592896
3.0,Learned_UNet_N1,seq_inner_val_44b6_t70_p07_isolated,inner_val,44b6_d29c9ab2,77.0,97.0,73.0,74.0,2.03125
3.0,Learned_UNet_N1,seq_inner_val_44b6_t70_p07_isolated,inner_val,44b6_d29c9ab2,78.0,83.0,73.0,74.0,0.5745242597140698
3.0,Learned_UNet_N1,seq_inner_val_44b6_t70_p08_boundary,inner_val,44b6_d29c9ab2,0.0,28.0,70.0,71.0,0.9084026158592896
3.0,Learned_UNet_N1,seq_inner_val_44b6_t70_p08_boundary,inner_val,44b6_d29c9ab2,2.0,30.0,70.0,71.0,0.9084026158592896
3.0,Learned_UNet_N1,seq_inner_val_44b6_t70_p08_boundary,inner_val,44b6_d29c9ab2,3.0,35.0,70.0,71.0,0.9084026158592896
3.0,Learned_UNet_N1,seq_inner_val_44b6_t70_p08_boundary,inner_val,44b6_d29c9ab2,5.0,29.0,70.0,71.0,0.5745242597140698
3.0,Learned_UNet_N1,seq_inner_val_44b6_t70_p08_boundary,inner_val,44b6_d29c9ab2,6.0,39.0,70.0,71.0,0.8125
3.0,Learned_UNet_N1,seq_inner_val_44b6_t70_p08_boundary,inner_val,44b6_d29c9ab2,7.0,36.0,70.0,71.0,0.40625
3.0,Learned_UNet_N1,seq_inner_val_44b6_t70_p08_boundary,inner_val,44b6_d29c9ab2,8.0,31.0,70.0,71.0,0.9084026158592896
3.0,Learned_UNet_N1,seq_inner_val_44b6_t70_p08_boundary,inner_val,44b6_d29c9ab2,9.0,41.0,70.0,71.0,0.5745242597140698
3.0,Learned_UNet_N1,seq_inner_val_44b6_t70_p08_boundary,inner_val,44b6_d29c9ab2,10.0,33.0,70.0,71.0,0.5745242597140698
3.0,Learned_UNet_N1,seq_inner_val_44b6_t70_p08_boundary,inner_val,44b6_d29c9ab2,11.0,44.0,70.0,71.0,1.6750116604071745
3.0,Learned_UNet_N1,seq_inner_val_44b6_t70_p08_boundary,inner_val,44b6_d29c9ab2,13.0,43.0,70.0,71.0,0.5745242597140698
3.0,Learned_UNet_N1,seq_inner_val_44b6_t70_p08_boundary,inner_val,44b6_d29c9ab2,14.0,40.0,70.0,71.0,1.1490485194281397
3.0,Learned_UNet_N1,seq_inner_val_44b6_t70_p08_boundary,inner_val,44b6_d29c9ab2,15.0,42.0,70.0,71.0,1.7235727791422095
3.0,Learned_UNet_N1,seq_inner_val_44b6_t70_p08_boundary,inner_val,44b6_d29c9ab2,19.0,46.0,70.0,71.0,0.9084026158592896
3.0,Learned_UNet_N1,seq_inner_val_44b6_t70_p08_boundary,inner_val,44b6_d29c9ab2,20.0,45.0,70.0,71.0,1.7235727791422095
3.0,Learned_UNet_N1,seq_inner_val_44b6_t70_p08_boundary,inner_val,44b6_d29c9ab2,21.0,32.0,70.0,71.0,1.6750116604071745
3.0,Learned_UNet_N1,seq_inner_val_44b6_t70_p08_boundary,inner_val,44b6_d29c9ab2,23.0,51.0,70.0,71.0,0.5745242597140698
3.0,Learned_UNet_N1,seq_inner_val_44b6_t70_p08_boundary,inner_val,44b6_d29c9ab2,24.0,47.0,70.0,71.0,1.7235727791422095
3.0,Learned_UNet_N1,seq_inner_val_44b6_t70_p08_boundary,inner_val,44b6_d29c9ab2,27.0,55.0,71.0,72.0,1.625
3.0,Learned_UNet_N1,seq_inner_val_44b6_t70_p08_boundary,inner_val,44b6_d29c9ab2,28.0,53.0,71.0,72.0,0.40625
3.0,Learned_UNet_N1,seq_inner_val_44b6_t70_p08_boundary,inner_val,44b6_d29c9ab2,29.0,56.0,71.0,72.0,0.8125
3.0,Learned_UNet_N1,seq_inner_val_44b6_t70_p08_boundary,inner_val,44b6_d29c9ab2,30.0,54.0,71.0,72.0,0.9084026158592896
3.0,Learned_UNet_N1,seq_inner_val_44b6_t70_p08_boundary,inner_val,44b6_d29c9ab2,33.0,63.0,71.0,72.0,1.284675299443404
3.0,Learned_UNet_N1,seq_inner_val_44b6_t70_p08_boundary,inner_val,44b6_d29c9ab2,35.0,72.0,71.0,72.0,0.8125
3.0,Learned_UNet_N1,seq_inner_val_44b6_t70_p08_boundary,inner_val,44b6_d29c9ab2,36.0,60.0,71.0,72.0,0.40625
3.0,Learned_UNet_N1,seq_inner_val_44b6_t70_p08_boundary,inner_val,44b6_d29c9ab2,37.0,58.0,71.0,72.0,0.40625
3.0,Learned_UNet_N1,seq_inner_val_44b6_t70_p08_boundary,inner_val,44b6_d29c9ab2,38.0,65.0,71.0,72.0,0.9084026158592896
3.0,Learned_UNet_N1,seq_inner_val_44b6_t70_p08_boundary,inner_val,44b6_d29c9ab2,40.0,70.0,71.0,72.0,2.368824207280903
3.0,Learned_UNet_N1,seq_inner_val_44b6_t70_p08_boundary,inner_val,44b6_d29c9ab2,41.0,62.0,71.0,72.0,0.40625
3.0,Learned_UNet_N1,seq_inner_val_44b6_t70_p08_boundary,inner_val,44b6_d29c9ab2,42.0,68.0,71.0,72.0,2.2980970388562794
3.0,Learned_UNet_N1,seq_inner_val_44b6_t70_p08_boundary,inner_val,44b6_d29c9ab2,44.0,69.0,71.0,72.0,1.4647552056572457
3.0,Learned_UNet_N1,seq_inner_val_44b6_t70_p08_boundary,inner_val,44b6_d29c9ab2,46.0,71.0,71.0,72.0,2.1877232028983924
3.0,Learned_UNet_N1,seq_inner_val_44b6_t70_p08_boundary,inner_val,44b6_d29c9ab2,47.0,67.0,71.0,72.0,0.0
3.0,Learned_UNet_N1,seq_inner_val_44b6_t70_p08_boundary,inner_val,44b6_d29c9ab2,50.0,73.0,71.0,72.0,1.4647552056572457
3.0,Learned_UNet_N1,seq_inner_val_44b6_t70_p08_boundary,inner_val,44b6_d29c9ab2,53.0,78.0,72.0,73.0,0.40625
3.0,Learned_UNet_N1,seq_inner_val_44b6_t70_p08_boundary,inner_val,44b6_d29c9ab2,54.0,80.0,72.0,73.0,1.284675299443404
3.0,Learned_UNet_N1,seq_inner_val_44b6_t70_p08_boundary,inner_val,44b6_d29c9ab2,55.0,77.0,72.0,73.0,0.40625
3.0,Learned_UNet_N1,seq_inner_val_44b6_t70_p08_boundary,inner_val,44b6_d29c9ab2,56.0,76.0,72.0,73.0,0.5745242597140698
3.0,Learned_UNet_N1,seq_inner_val_44b6_t70_p08_boundary,inner_val,44b6_d29c9ab2,57.0,81.0,72.0,73.0,0.5745242597140698
3.0,Learned_UNet_N1,seq_inner_val_44b6_t70_p08_boundary,inner_val,44b6_d29c9ab2,58.0,84.0,72.0,73.0,0.8125
3.0,Learned_UNet_N1,seq_inner_val_44b6_t70_p08_boundary,inner_val,44b6_d29c9ab2,59.0,82.0,72.0,73.0,0.8125
3.0,Learned_UNet_N1,seq_inner_val_44b6_t70_p08_boundary,inner_val,44b6_d29c9ab2,60.0,88.0,72.0,73.0,0.0
3.0,Learned_UNet_N1,seq_inner_val_44b6_t70_p08_boundary,inner_val,44b6_d29c9ab2,62.0,87.0,72.0,73.0,1.6750116604071745
3.0,Learned_UNet_N1,seq_inner_val_44b6_t70_p08_boundary,inner_val,44b6_d29c9ab2,63.0,83.0,72.0,73.0,0.9084026158592896
3.0,Learned_UNet_N1,seq_inner_val_44b6_t70_p08_boundary,inner_val,44b6_d29c9ab2,64.0,85.0,72.0,73.0,0.40625
3.0,Learned_UNet_N1,seq_inner_val_44b6_t70_p08_boundary,inner_val,44b6_d29c9ab2,65.0,95.0,72.0,73.0,2.7252078475778685
3.0,Learned_UNet_N1,seq_inner_val_44b6_t70_p08_boundary,inner_val,44b6_d29c9ab2,66.0,90.0,72.0,73.0,1.21875
3.0,Learned_UNet_N1,seq_inner_val_44b6_t70_p08_boundary,inner_val,44b6_d29c9ab2,67.0,91.0,72.0,73.0,0.5745242597140698
3.0,Learned_UNet_N1,seq_inner_val_44b6_t70_p08_boundary,inner_val,44b6_d29c9ab2,68.0,93.0,72.0,73.0,1.284675299443404
3.0,Learned_UNet_N1,seq_inner_val_44b6_t70_p08_boundary,inner_val,44b6_d29c9ab2,69.0,89.0,72.0,73.0,0.9084026158592896
3.0,Learned_UNet_N1,seq_inner_val_44b6_t70_p08_boundary,inner_val,44b6_d29c9ab2,70.0,96.0,72.0,73.0,0.8125
3.0,Learned_UNet_N1,seq_inner_val_44b6_t70_p08_boundary,inner_val,44b6_d29c9ab2,72.0,97.0,72.0,73.0,1.8168052317185792
3.0,Learned_UNet_N1,seq_inner_val_44b6_t70_p08_boundary,inner_val,44b6_d29c9ab2,73.0,94.0,72.0,73.0,2.03125
3.0,Learned_UNet_N1,seq_inner_val_44b6_t70_p08_boundary,inner_val,44b6_d29c9ab2,75.0,98.0,72.0,73.0,1.8168052317185792
3.0,Learned_UNet_N1,seq_inner_val_44b6_t70_p08_boundary,inner_val,44b6_d29c9ab2,76.0,100.0,73.0,74.0,0.5745242597140698
3.0,Learned_UNet_N1,seq_inner_val_44b6_t70_p08_boundary,inner_val,44b6_d29c9ab2,78.0,101.0,73.0,74.0,1.21875
3.0,Learned_UNet_N1,seq_inner_val_44b6_t70_p08_boundary,inner_val,44b6_d29c9ab2,79.0,103.0,73.0,74.0,0.5745242597140698
3.0,Learned_UNet_N1,seq_inner_val_44b6_t70_p08_boundary,inner_val,44b6_d29c9ab2,80.0,104.0,73.0,74.0,0.8125
3.0,Learned_UNet_N1,seq_inner_val_44b6_t70_p08_boundary,inner_val,44b6_d29c9ab2,81.0,107.0,73.0,74.0,1.625
3.0,Learned_UNet_N1,seq_inner_val_44b6_t70_p08_boundary,inner_val,44b6_d29c9ab2,82.0,105.0,73.0,74.0,1.284675299443404
3.0,Learned_UNet_N1,seq_inner_val_44b6_t70_p08_boundary,inner_val,44b6_d29c9ab2,83.0,109.0,73.0,74.0,0.40625
3.0,Learned_UNet_N1,seq_inner_val_44b6_t70_p08_boundary,inner_val,44b6_d29c9ab2,84.0,121.0,73.0,74.0,1.8168052317185792
3.0,Learned_UNet_N1,seq_inner_val_44b6_t70_p08_boundary,inner_val,44b6_d29c9ab2,85.0,116.0,73.0,74.0,0.9084026158592896
3.0,Learned_UNet_N1,seq_inner_val_44b6_t70_p08_boundary,inner_val,44b6_d29c9ab2,86.0,111.0,73.0,74.0,0.40625
3.0,Learned_UNet_N1,seq_inner_val_44b6_t70_p08_boundary,inner_val,44b6_d29c9ab2,87.0,115.0,73.0,74.0,0.5745242597140698
3.0,Learned_UNet_N1,seq_inner_val_44b6_t70_p08_boundary,inner_val,44b6_d29c9ab2,89.0,110.0,73.0,74.0,0.40625
3.0,Learned_UNet_N1,seq_inner_val_44b6_t70_p08_boundary,inner_val,44b6_d29c9ab2,90.0,112.0,73.0,74.0,1.4647552056572457
3.0,Learned_UNet_N1,seq_inner_val_44b6_t70_p08_boundary,inner_val,44b6_d29c9ab2,91.0,118.0,73.0,74.0,2.368824207280903
3.0,Learned_UNet_N1,seq_inner_val_44b6_t70_p08_boundary,inner_val,44b6_d29c9ab2,92.0,113.0,73.0,74.0,0.5745242597140698
3.0,Learned_UNet_N1,seq_inner_val_44b6_t70_p08_boundary,inner_val,44b6_d29c9ab2,93.0,119.0,73.0,74.0,1.284675299443404
3.0,Learned_UNet_N1,seq_inner_val_44b6_t70_p08_boundary,inner_val,44b6_d29c9ab2,94.0,122.0,73.0,74.0,0.40625
3.0,Learned_UNet_N1,seq_inner_val_44b6_t70_p08_boundary,inner_val,44b6_d29c9ab2,95.0,126.0,73.0,74.0,2.0714766773970688
3.0,Learned_UNet_N1,seq_inner_val_44b6_t70_p08_boundary,inner_val,44b6_d29c9ab2,96.0,117.0,73.0,74.0,0.40625
3.0,Learned_UNet_N1,seq_inner_val_44b6_t70_p08_boundary,inner_val,44b6_d29c9ab2,98.0,125.0,73.0,74.0,0.40625
3.0,Learned_UNet_N1,seq_inner_val_44b6_t70_p08_boundary,inner_val,44b6_d29c9ab2,99.0,124.0,73.0,74.0,2.368824207280903
3.0,Learned_UNet_N1,seq_inner_val_44b6_t90_p09_zero_annotation,inner_val,44b6_d29c9ab2,3.0,25.0,90.0,91.0,0.9084026158592896
3.0,Learned_UNet_N1,seq_inner_val_44b6_t90_p09_zero_annotation,inner_val,44b6_d29c9ab2,5.0,37.0,90.0,91.0,0.0
3.0,Learned_UNet_N1,seq_inner_val_44b6_t90_p09_zero_annotation,inner_val,44b6_d29c9ab2,6.0,33.0,90.0,91.0,0.5745242597140698
3.0,Learned_UNet_N1,seq_inner_val_44b6_t90_p09_zero_annotation,inner_val,44b6_d29c9ab2,7.0,38.0,90.0,91.0,1.1490485194281397
3.0,Learned_UNet_N1,seq_inner_val_44b6_t90_p09_zero_annotation,inner_val,44b6_d29c9ab2,8.0,31.0,90.0,91.0,1.1490485194281397
3.0,Learned_UNet_N1,seq_inner_val_44b6_t90_p09_zero_annotation,inner_val,44b6_d29c9ab2,9.0,32.0,90.0,91.0,0.8125
3.0,Learned_UNet_N1,seq_inner_val_44b6_t90_p09_zero_annotation,inner_val,44b6_d29c9ab2,10.0,30.0,90.0,91.0,1.4647552056572457
3.0,Learned_UNet_N1,seq_inner_val_44b6_t90_p09_zero_annotation,inner_val,44b6_d29c9ab2,11.0,35.0,90.0,91.0,0.9084026158592896
3.0,Learned_UNet_N1,seq_inner_val_44b6_t90_p09_zero_annotation,inner_val,44b6_d29c9ab2,12.0,34.0,90.0,91.0,0.0
3.0,Learned_UNet_N1,seq_inner_val_44b6_t90_p09_zero_annotation,inner_val,44b6_d29c9ab2,13.0,36.0,90.0,91.0,0.9084026158592896
3.0,Learned_UNet_N1,seq_inner_val_44b6_t90_p09_zero_annotation,inner_val,44b6_d29c9ab2,14.0,41.0,90.0,91.0,0.40625
3.0,Learned_UNet_N1,seq_inner_val_44b6_t90_p09_zero_annotation,inner_val,44b6_d29c9ab2,15.0,40.0,90.0,91.0,0.5745242597140698
3.0,Learned_UNet_N1,seq_inner_val_44b6_t90_p09_zero_annotation,inner_val,44b6_d29c9ab2,16.0,42.0,90.0,91.0,1.9902104160113323
3.0,Learned_UNet_N1,seq_inner_val_44b6_t90_p09_zero_annotation,inner_val,44b6_d29c9ab2,17.0,44.0,90.0,91.0,0.8125
3.0,Learned_UNet_N1,seq_inner_val_44b6_t90_p09_zero_annotation,inner_val,44b6_d29c9ab2,18.0,43.0,90.0,91.0,0.8125
3.0,Learned_UNet_N1,seq_inner_val_44b6_t90_p09_zero_annotation,inner_val,44b6_d29c9ab2,19.0,46.0,90.0,91.0,1.6750116604071745
3.0,Learned_UNet_N1,seq_inner_val_44b6_t90_p09_zero_annotation,inner_val,44b6_d29c9ab2,20.0,45.0,90.0,91.0,0.0
3.0,Learned_UNet_N1,seq_inner_val_44b6_t90_p09_zero_annotation,inner_val,44b6_d29c9ab2,22.0,47.0,90.0,91.0,1.86167137607581
3.0,Learned_UNet_N1,seq_inner_val_44b6_t90_p09_zero_annotation,inner_val,44b6_d29c9ab2,23.0,52.0,91.0,92.0,1.284675299443404
3.0,Learned_UNet_N1,seq_inner_val_44b6_t90_p09_zero_annotation,inner_val,44b6_d29c9ab2,24.0,51.0,91.0,92.0,0.0
3.0,Learned_UNet_N1,seq_inner_val_44b6_t90_p09_zero_annotation,inner_val,44b6_d29c9ab2,25.0,54.0,91.0,92.0,0.0
3.0,Learned_UNet_N1,seq_inner_val_44b6_t90_p09_zero_annotation,inner_val,44b6_d29c9ab2,26.0,55.0,91.0,92.0,0.5745242597140698
3.0,Learned_UNet_N1,seq_inner_val_44b6_t90_p09_zero_annotation,inner_val,44b6_d29c9ab2,27.0,53.0,91.0,92.0,0.9084026158592896
3.0,Learned_UNet_N1,seq_inner_val_44b6_t90_p09_zero_annotation,inner_val,44b6_d29c9ab2,28.0,58.0,91.0,92.0,0.9084026158592896
3.0,Learned_UNet_N1,seq_inner_val_44b6_t90_p09_zero_annotation,inner_val,44b6_d29c9ab2,29.0,56.0,91.0,92.0,0.9084026158592896
3.0,Learned_UNet_N1,seq_inner_val_44b6_t90_p09_zero_annotation,inner_val,44b6_d29c9ab2,30.0,57.0,91.0,92.0,1.6750116604071745
3.0,Learned_UNet_N1,seq_inner_val_44b6_t90_p09_zero_annotation,inner_val,44b6_d29c9ab2,31.0,59.0,91.0,92.0,0.5745242597140698
3.0,Learned_UNet_N1,seq_inner_val_44b6_t90_p09_zero_annotation,inner_val,44b6_d29c9ab2,33.0,60.0,91.0,92.0,1.284675299443404
3.0,Learned_UNet_N1,seq_inner_val_44b6_t90_p09_zero_annotation,inner_val,44b6_d29c9ab2,34.0,67.0,91.0,92.0,0.8125
3.0,Learned_UNet_N1,seq_inner_val_44b6_t90_p09_zero_annotation,inner_val,44b6_d29c9ab2,35.0,65.0,91.0,92.0,1.21875
3.0,Learned_UNet_N1,seq_inner_val_44b6_t90_p09_zero_annotation,inner_val,44b6_d29c9ab2,36.0,66.0,91.0,92.0,0.5745242597140698
3.0,Learned_UNet_N1,seq_inner_val_44b6_t90_p09_zero_annotation,inner_val,44b6_d29c9ab2,40.0,61.0,91.0,92.0,0.5745242597140698
3.0,Learned_UNet_N1,seq_inner_val_44b6_t90_p09_zero_annotation,inner_val,44b6_d29c9ab2,42.0,71.0,91.0,92.0,1.7235727791422095
3.0,Learned_UNet_N1,seq_inner_val_44b6_t90_p09_zero_annotation,inner_val,44b6_d29c9ab2,44.0,72.0,91.0,92.0,1.8168052317185792
3.0,Learned_UNet_N1,seq_inner_val_44b6_t90_p09_zero_annotation,inner_val,44b6_d29c9ab2,45.0,69.0,91.0,92.0,0.8125
3.0,Learned_UNet_N1,seq_inner_val_44b6_t90_p09_zero_annotation,inner_val,44b6_d29c9ab2,46.0,70.0,91.0,92.0,1.284675299443404
3.0,Learned_UNet_N1,seq_inner_val_44b6_t90_p09_zero_annotation,inner_val,44b6_d29c9ab2,48.0,73.0,91.0,92.0,0.5745242597140698
3.0,Learned_UNet_N1,seq_inner_val_44b6_t90_p09_zero_annotation,inner_val,44b6_d29c9ab2,49.0,75.0,91.0,92.0,0.5745242597140698
3.0,Learned_UNet_N1,seq_inner_val_44b6_t90_p09_zero_annotation,inner_val,44b6_d29c9ab2,50.0,74.0,91.0,92.0,0.8125
3.0,Learned_UNet_N1,seq_inner_val_44b6_t90_p09_zero_annotation,inner_val,44b6_d29c9ab2,51.0,76.0,92.0,93.0,0.0
3.0,Learned_UNet_N1,seq_inner_val_44b6_t90_p09_zero_annotation,inner_val,44b6_d29c9ab2,53.0,79.0,92.0,93.0,1.21875
3.0,Learned_UNet_N1,seq_inner_val_44b6_t90_p09_zero_annotation,inner_val,44b6_d29c9ab2,54.0,80.0,92.0,93.0,1.21875
3.0,Learned_UNet_N1,seq_inner_val_44b6_t90_p09_zero_annotation,inner_val,44b6_d29c9ab2,56.0,77.0,92.0,93.0,0.8125
3.0,Learned_UNet_N1,seq_inner_val_44b6_t90_p09_zero_annotation,inner_val,44b6_d29c9ab2,57.0,83.0,92.0,93.0,2.471122277933652
3.0,Learned_UNet_N1,seq_inner_val_44b6_t90_p09_zero_annotation,inner_val,44b6_d29c9ab2,58.0,88.0,92.0,93.0,0.9084026158592896
3.0,Learned_UNet_N1,seq_inner_val_44b6_t90_p09_zero_annotation,inner_val,44b6_d29c9ab2,59.0,90.0,92.0,93.0,0.40625
3.0,Learned_UNet_N1,seq_inner_val_44b6_t90_p09_zero_annotation,inner_val,44b6_d29c9ab2,60.0,85.0,92.0,93.0,0.8125
3.0,Learned_UNet_N1,seq_inner_val_44b6_t90_p09_zero_annotation,inner_val,44b6_d29c9ab2,61.0,92.0,92.0,93.0,0.5745242597140698
3.0,Learned_UNet_N1,seq_inner_val_44b6_t90_p09_zero_annotation,inner_val,44b6_d29c9ab2,64.0,86.0,92.0,93.0,0.40625
3.0,Learned_UNet_N1,seq_inner_val_44b6_t90_p09_zero_annotation,inner_val,44b6_d29c9ab2,65.0,89.0,92.0,93.0,1.1490485194281397
3.0,Learned_UNet_N1,seq_inner_val_44b6_t90_p09_zero_annotation,inner_val,44b6_d29c9ab2,66.0,95.0,92.0,93.0,0.8125
3.0,Learned_UNet_N1,seq_inner_val_44b6_t90_p09_zero_annotation,inner_val,44b6_d29c9ab2,67.0,91.0,92.0,93.0,1.284675299443404
3.0,Learned_UNet_N1,seq_inner_val_44b6_t90_p09_zero_annotation,inner_val,44b6_d29c9ab2,68.0,93.0,92.0,93.0,1.7235727791422095
3.0,Learned_UNet_N1,seq_inner_val_44b6_t90_p09_zero_annotation,inner_val,44b6_d29c9ab2,69.0,96.0,92.0,93.0,1.21875
3.0,Learned_UNet_N1,seq_inner_val_44b6_t90_p09_zero_annotation,inner_val,44b6_d29c9ab2,70.0,87.0,92.0,93.0,2.2980970388562794
3.0,Learned_UNet_N1,seq_inner_val_44b6_t90_p09_zero_annotation,inner_val,44b6_d29c9ab2,71.0,97.0,92.0,93.0,0.8125
3.0,Learned_UNet_N1,seq_inner_val_44b6_t90_p09_zero_annotation,inner_val,44b6_d29c9ab2,72.0,94.0,92.0,93.0,1.625
3.0,Learned_UNet_N1,seq_inner_val_44b6_t90_p09_zero_annotation,inner_val,44b6_d29c9ab2,73.0,98.0,92.0,93.0,1.1490485194281397
3.0,Learned_UNet_N1,seq_inner_val_44b6_t90_p09_zero_annotation,inner_val,44b6_d29c9ab2,74.0,99.0,92.0,93.0,0.40625
3.0,Learned_UNet_N1,seq_inner_val_44b6_t90_p09_zero_annotation,inner_val,44b6_d29c9ab2,79.0,102.0,93.0,94.0,0.40625
3.0,Learned_UNet_N1,seq_inner_val_44b6_t90_p09_zero_annotation,inner_val,44b6_d29c9ab2,80.0,107.0,93.0,94.0,0.40625
3.0,Learned_UNet_N1,seq_inner_val_44b6_t90_p09_zero_annotation,inner_val,44b6_d29c9ab2,82.0,108.0,93.0,94.0,0.40625
3.0,Learned_UNet_N1,seq_inner_val_44b6_t90_p09_zero_annotation,inner_val,44b6_d29c9ab2,83.0,106.0,93.0,94.0,0.9084026158592896
3.0,Learned_UNet_N1,seq_inner_val_44b6_t90_p09_zero_annotation,inner_val,44b6_d29c9ab2,84.0,112.0,93.0,94.0,1.625
3.0,Learned_UNet_N1,seq_inner_val_44b6_t90_p09_zero_annotation,inner_val,44b6_d29c9ab2,85.0,109.0,93.0,94.0,0.9084026158592896
3.0,Learned_UNet_N1,seq_inner_val_44b6_t90_p09_zero_annotation,inner_val,44b6_d29c9ab2,87.0,115.0,93.0,94.0,1.8168052317185792
3.0,Learned_UNet_N1,seq_inner_val_44b6_t90_p09_zero_annotation,inner_val,44b6_d29c9ab2,89.0,116.0,93.0,94.0,0.8125
3.0,Learned_UNet_N1,seq_inner_val_44b6_t90_p09_zero_annotation,inner_val,44b6_d29c9ab2,90.0,120.0,93.0,94.0,0.40625
3.0,Learned_UNet_N1,seq_inner_val_44b6_t90_p09_zero_annotation,inner_val,44b6_d29c9ab2,91.0,119.0,93.0,94.0,0.5745242597140698
3.0,Learned_UNet_N1,seq_inner_val_44b6_t90_p09_zero_annotation,inner_val,44b6_d29c9ab2,92.0,111.0,93.0,94.0,0.8125
3.0,Learned_UNet_N1,seq_inner_val_44b6_t90_p09_zero_annotation,inner_val,44b6_d29c9ab2,93.0,118.0,93.0,94.0,1.9902104160113323
3.0,Learned_UNet_N1,seq_inner_val_44b6_t90_p09_zero_annotation,inner_val,44b6_d29c9ab2,94.0,124.0,93.0,94.0,1.8168052317185792
3.0,Learned_UNet_N1,seq_inner_val_44b6_t90_p09_zero_annotation,inner_val,44b6_d29c9ab2,96.0,126.0,93.0,94.0,1.6750116604071745
3.0,Learned_UNet_N1,seq_inner_val_44b6_t90_p09_zero_annotation,inner_val,44b6_d29c9ab2,97.0,125.0,93.0,94.0,1.284675299443404
3.0,Learned_UNet_N1,seq_inner_val_44b6_t90_p09_zero_annotation,inner_val,44b6_d29c9ab2,100.0,123.0,93.0,94.0,0.9084026158592896
3.0,Learned_UNet_N1,seq_inner_val_44b6_t70_p10_zero_annotation,inner_val,44b6_d29c9ab2,0.0,16.0,70.0,71.0,0.40625
3.0,Learned_UNet_N1,seq_inner_val_44b6_t70_p10_zero_annotation,inner_val,44b6_d29c9ab2,1.0,17.0,70.0,71.0,0.8125
3.0,Learned_UNet_N1,seq_inner_val_44b6_t70_p10_zero_annotation,inner_val,44b6_d29c9ab2,2.0,20.0,70.0,71.0,0.5745242597140698
3.0,Learned_UNet_N1,seq_inner_val_44b6_t70_p10_zero_annotation,inner_val,44b6_d29c9ab2,6.0,21.0,70.0,71.0,0.40625
3.0,Learned_UNet_N1,seq_inner_val_44b6_t70_p10_zero_annotation,inner_val,44b6_d29c9ab2,9.0,24.0,70.0,71.0,1.625
3.0,Learned_UNet_N1,seq_inner_val_44b6_t70_p10_zero_annotation,inner_val,44b6_d29c9ab2,12.0,27.0,70.0,71.0,0.8125
3.0,Learned_UNet_N1,seq_inner_val_44b6_t70_p10_zero_annotation,inner_val,44b6_d29c9ab2,13.0,26.0,70.0,71.0,2.03125
3.0,Learned_UNet_N1,seq_inner_val_44b6_t70_p10_zero_annotation,inner_val,44b6_d29c9ab2,16.0,29.0,71.0,72.0,0.5745242597140698
3.0,Learned_UNet_N1,seq_inner_val_44b6_t70_p10_zero_annotation,inner_val,44b6_d29c9ab2,17.0,30.0,71.0,72.0,0.9084026158592896
3.0,Learned_UNet_N1,seq_inner_val_44b6_t70_p10_zero_annotation,inner_val,44b6_d29c9ab2,18.0,32.0,71.0,72.0,1.284675299443404
3.0,Learned_UNet_N1,seq_inner_val_44b6_t70_p10_zero_annotation,inner_val,44b6_d29c9ab2,19.0,31.0,71.0,72.0,1.284675299443404
3.0,Learned_UNet_N1,seq_inner_val_44b6_t70_p10_zero_annotation,inner_val,44b6_d29c9ab2,23.0,33.0,71.0,72.0,1.6750116604071745
3.0,Learned_UNet_N1,seq_inner_val_44b6_t70_p10_zero_annotation,inner_val,44b6_d29c9ab2,27.0,39.0,71.0,72.0,1.625
3.0,Learned_UNet_N1,seq_inner_val_44b6_t70_p10_zero_annotation,inner_val,44b6_d29c9ab2,30.0,43.0,72.0,73.0,0.0
3.0,Learned_UNet_N1,seq_inner_val_44b6_t70_p10_zero_annotation,inner_val,44b6_d29c9ab2,31.0,45.0,72.0,73.0,0.5745242597140698
3.0,Learned_UNet_N1,seq_inner_val_44b6_t70_p10_zero_annotation,inner_val,44b6_d29c9ab2,33.0,48.0,72.0,73.0,1.625
3.0,Learned_UNet_N1,seq_inner_val_44b6_t70_p10_zero_annotation,inner_val,44b6_d29c9ab2,35.0,47.0,72.0,73.0,1.625
3.0,Learned_UNet_N1,seq_inner_val_44b6_t70_p10_zero_annotation,inner_val,44b6_d29c9ab2,41.0,52.0,72.0,73.0,1.1490485194281397
3.0,Learned_UNet_N1,seq_inner_val_44b6_t70_p10_zero_annotation,inner_val,44b6_d29c9ab2,42.0,53.0,73.0,74.0,0.40625
3.0,Learned_UNet_N1,seq_inner_val_44b6_t70_p10_zero_annotation,inner_val,44b6_d29c9ab2,43.0,54.0,73.0,74.0,0.0
3.0,Learned_UNet_N1,seq_inner_val_44b6_t70_p10_zero_annotation,inner_val,44b6_d29c9ab2,45.0,56.0,73.0,74.0,2.471122277933652
3.0,Learned_UNet_N1,seq_inner_val_44b6_t70_p10_zero_annotation,inner_val,44b6_d29c9ab2,46.0,57.0,73.0,74.0,1.284675299443404
3.0,Learned_UNet_N1,seq_inner_val_44b6_t70_p10_zero_annotation,inner_val,44b6_d29c9ab2,48.0,59.0,73.0,74.0,2.4375
3.0,Learned_UNet_N1,seq_inner_val_44b6_t70_p10_zero_annotation,inner_val,44b6_d29c9ab2,50.0,61.0,73.0,74.0,0.40625
3.0,Learned_UNet_N1,seq_held_out_val_6bba_t20_p01_crowded,held_out_val,6bba_43fea39d,0.0,10.0,20.0,21.0,1.21875
3.0,Learned_UNet_N1,seq_held_out_val_6bba_t20_p01_crowded,held_out_val,6bba_43fea39d,1.0,12.0,20.0,21.0,1.6750116604071745
3.0,Learned_UNet_N1,seq_held_out_val_6bba_t20_p01_crowded,held_out_val,6bba_43fea39d,3.0,13.0,20.0,21.0,2.0714766773970688
3.0,Learned_UNet_N1,seq_held_out_val_6bba_t20_p01_crowded,held_out_val,6bba_43fea39d,10.0,22.0,21.0,22.0,0.0
3.0,Learned_UNet_N1,seq_held_out_val_6bba_t20_p01_crowded,held_out_val,6bba_43fea39d,11.0,23.0,21.0,22.0,0.0
3.0,Learned_UNet_N1,seq_held_out_val_6bba_t20_p01_crowded,held_out_val,6bba_43fea39d,12.0,24.0,21.0,22.0,0.0
3.0,Learned_UNet_N1,seq_held_out_val_6bba_t20_p01_crowded,held_out_val,6bba_43fea39d,13.0,25.0,21.0,22.0,0.0
3.0,Learned_UNet_N1,seq_held_out_val_6bba_t20_p01_crowded,held_out_val,6bba_43fea39d,14.0,26.0,21.0,22.0,0.0
3.0,Learned_UNet_N1,seq_held_out_val_6bba_t20_p01_crowded,held_out_val,6bba_43fea39d,15.0,27.0,21.0,22.0,0.0
3.0,Learned_UNet_N1,seq_held_out_val_6bba_t20_p01_crowded,held_out_val,6bba_43fea39d,16.0,28.0,21.0,22.0,0.0
3.0,Learned_UNet_N1,seq_held_out_val_6bba_t20_p01_crowded,held_out_val,6bba_43fea39d,17.0,29.0,21.0,22.0,0.0
3.0,Learned_UNet_N1,seq_held_out_val_6bba_t20_p01_crowded,held_out_val,6bba_43fea39d,18.0,30.0,21.0,22.0,0.0
3.0,Learned_UNet_N1,seq_held_out_val_6bba_t20_p01_crowded,held_out_val,6bba_43fea39d,19.0,31.0,21.0,22.0,0.0
3.0,Learned_UNet_N1,seq_held_out_val_6bba_t20_p01_crowded,held_out_val,6bba_43fea39d,20.0,32.0,21.0,22.0,0.0
3.0,Learned_UNet_N1,seq_held_out_val_6bba_t20_p01_crowded,held_out_val,6bba_43fea39d,21.0,33.0,21.0,22.0,0.0
3.0,Learned_UNet_N1,seq_held_out_val_6bba_t20_p01_crowded,held_out_val,6bba_43fea39d,27.0,40.0,22.0,23.0,2.03125
3.0,Learned_UNet_N1,seq_held_out_val_6bba_t20_p01_crowded,held_out_val,6bba_43fea39d,32.0,36.0,22.0,23.0,2.0714766773970688
3.0,Learned_UNet_N1,seq_held_out_val_6bba_t20_p01_crowded,held_out_val,6bba_43fea39d,35.0,41.0,23.0,24.0,0.40625
3.0,Learned_UNet_N1,seq_held_out_val_6bba_t20_p01_crowded,held_out_val,6bba_43fea39d,38.0,43.0,23.0,24.0,0.5745242597140698
3.0,Learned_UNet_N1,seq_held_out_val_6bba_t20_p01_crowded,held_out_val,6bba_43fea39d,40.0,47.0,23.0,24.0,2.03125
3.0,Learned_UNet_N1,seq_held_out_val_6bba_t35_p02_crowded,held_out_val,6bba_43fea39d,2.0,10.0,35.0,36.0,1.284675299443404
3.0,Learned_UNet_N1,seq_held_out_val_6bba_t35_p02_crowded,held_out_val,6bba_43fea39d,3.0,15.0,35.0,36.0,2.368824207280903
3.0,Learned_UNet_N1,seq_held_out_val_6bba_t35_p02_crowded,held_out_val,6bba_43fea39d,4.0,14.0,35.0,36.0,1.21875
3.0,Learned_UNet_N1,seq_held_out_val_6bba_t35_p02_crowded,held_out_val,6bba_43fea39d,10.0,20.0,36.0,37.0,1.8168052317185792
3.0,Learned_UNet_N1,seq_held_out_val_6bba_t35_p02_crowded,held_out_val,6bba_43fea39d,11.0,18.0,36.0,37.0,1.8168052317185792
3.0,Learned_UNet_N1,seq_held_out_val_6bba_t35_p02_crowded,held_out_val,6bba_43fea39d,12.0,21.0,36.0,37.0,1.284675299443404
3.0,Learned_UNet_N1,seq_held_out_val_6bba_t35_p02_crowded,held_out_val,6bba_43fea39d,14.0,22.0,36.0,37.0,1.284675299443404
3.0,Learned_UNet_N1,seq_held_out_val_6bba_t35_p02_crowded,held_out_val,6bba_43fea39d,15.0,25.0,36.0,37.0,1.284675299443404
3.0,Learned_UNet_N1,seq_held_out_val_6bba_t35_p02_crowded,held_out_val,6bba_43fea39d,20.0,29.0,37.0,38.0,1.284675299443404
3.0,Learned_UNet_N1,seq_held_out_val_6bba_t35_p02_crowded,held_out_val,6bba_43fea39d,24.0,36.0,37.0,38.0,0.8125
3.0,Learned_UNet_N1,seq_held_out_val_6bba_t50_p03_crowded,held_out_val,6bba_43fea39d,0.0,8.0,50.0,51.0,1.1490485194281397
3.0,Learned_UNet_N1,seq_held_out_val_6bba_t50_p03_crowded,held_out_val,6bba_43fea39d,8.0,17.0,51.0,52.0,0.0
3.0,Learned_UNet_N1,seq_held_out_val_6bba_t50_p03_crowded,held_out_val,6bba_43fea39d,9.0,18.0,51.0,52.0,0.0
3.0,Learned_UNet_N1,seq_held_out_val_6bba_t50_p03_crowded,held_out_val,6bba_43fea39d,10.0,19.0,51.0,52.0,0.0
3.0,Learned_UNet_N1,seq_held_out_val_6bba_t50_p03_crowded,held_out_val,6bba_43fea39d,11.0,20.0,51.0,52.0,0.0
3.0,Learned_UNet_N1,seq_held_out_val_6bba_t50_p03_crowded,held_out_val,6bba_43fea39d,12.0,21.0,51.0,52.0,0.0
3.0,Learned_UNet_N1,seq_held_out_val_6bba_t50_p03_crowded,held_out_val,6bba_43fea39d,13.0,22.0,51.0,52.0,0.0
3.0,Learned_UNet_N1,seq_held_out_val_6bba_t50_p03_crowded,held_out_val,6bba_43fea39d,14.0,23.0,51.0,52.0,0.0
3.0,Learned_UNet_N1,seq_held_out_val_6bba_t50_p03_crowded,held_out_val,6bba_43fea39d,15.0,24.0,51.0,52.0,0.0
3.0,Learned_UNet_N1,seq_held_out_val_6bba_t50_p03_crowded,held_out_val,6bba_43fea39d,16.0,25.0,51.0,52.0,0.0
3.0,Learned_UNet_N1,seq_held_out_val_6bba_t50_p03_crowded,held_out_val,6bba_43fea39d,17.0,26.0,52.0,53.0,0.0
3.0,Learned_UNet_N1,seq_held_out_val_6bba_t50_p03_crowded,held_out_val,6bba_43fea39d,23.0,34.0,52.0,53.0,1.1490485194281397
3.0,Learned_UNet_N1,seq_held_out_val_6bba_t50_p03_crowded,held_out_val,6bba_43fea39d,26.0,36.0,53.0,54.0,1.1490485194281397
3.0,Learned_UNet_N1,seq_held_out_val_6bba_t50_p03_crowded,held_out_val,6bba_43fea39d,27.0,37.0,53.0,54.0,1.8168052317185792
3.0,Learned_UNet_N1,seq_held_out_val_6bba_t50_p03_crowded,held_out_val,6bba_43fea39d,28.0,40.0,53.0,54.0,2.9295104113144914
3.0,Learned_UNet_N1,seq_held_out_val_6bba_t50_p03_crowded,held_out_val,6bba_43fea39d,30.0,39.0,53.0,54.0,1.7235727791422095
3.0,Learned_UNet_N1,seq_held_out_val_6bba_t50_p03_crowded,held_out_val,6bba_43fea39d,32.0,42.0,53.0,54.0,2.0714766773970688
3.0,Learned_UNet_N1,seq_held_out_val_6bba_t50_p03_crowded,held_out_val,6bba_43fea39d,35.0,44.0,53.0,54.0,2.2980970388562794
3.0,Learned_UNet_N1,seq_held_out_val_6bba_t20_p04_crowded,held_out_val,6bba_43fea39d,0.0,7.0,20.0,21.0,0.9084026158592896
3.0,Learned_UNet_N1,seq_held_out_val_6bba_t20_p04_crowded,held_out_val,6bba_43fea39d,3.0,12.0,20.0,21.0,1.4647552056572457
3.0,Learned_UNet_N1,seq_held_out_val_6bba_t20_p04_crowded,held_out_val,6bba_43fea39d,7.0,13.0,21.0,22.0,0.0
3.0,Learned_UNet_N1,seq_held_out_val_6bba_t20_p04_crowded,held_out_val,6bba_43fea39d,8.0,14.0,21.0,22.0,0.0
3.0,Learned_UNet_N1,seq_held_out_val_6bba_t20_p04_crowded,held_out_val,6bba_43fea39d,9.0,15.0,21.0,22.0,0.0
3.0,Learned_UNet_N1,seq_held_out_val_6bba_t20_p04_crowded,held_out_val,6bba_43fea39d,10.0,16.0,21.0,22.0,0.0
3.0,Learned_UNet_N1,seq_held_out_val_6bba_t20_p04_crowded,held_out_val,6bba_43fea39d,11.0,17.0,21.0,22.0,0.0
3.0,Learned_UNet_N1,seq_held_out_val_6bba_t20_p04_crowded,held_out_val,6bba_43fea39d,12.0,18.0,21.0,22.0,0.0
3.0,Learned_UNet_N1,seq_held_out_val_6bba_t20_p04_crowded,held_out_val,6bba_43fea39d,16.0,21.0,22.0,23.0,1.8168052317185792
3.0,Learned_UNet_N1,seq_held_out_val_6bba_t20_p04_crowded,held_out_val,6bba_43fea39d,20.0,29.0,23.0,24.0,0.8125
3.0,Learned_UNet_N1,seq_held_out_val_6bba_t80_p05_isolated,held_out_val,6bba_43fea39d,0.0,8.0,80.0,81.0,0.8125
3.0,Learned_UNet_N1,seq_held_out_val_6bba_t80_p05_isolated,held_out_val,6bba_43fea39d,3.0,10.0,80.0,81.0,1.21875
3.0,Learned_UNet_N1,seq_held_out_val_6bba_t80_p05_isolated,held_out_val,6bba_43fea39d,6.0,14.0,80.0,81.0,2.2980970388562794
3.0,Learned_UNet_N1,seq_held_out_val_6bba_t80_p05_isolated,held_out_val,6bba_43fea39d,8.0,17.0,81.0,82.0,0.40625
3.0,Learned_UNet_N1,seq_held_out_val_6bba_t80_p05_isolated,held_out_val,6bba_43fea39d,9.0,16.0,81.0,82.0,0.0
3.0,Learned_UNet_N1,seq_held_out_val_6bba_t80_p05_isolated,held_out_val,6bba_43fea39d,10.0,19.0,81.0,82.0,1.625
3.0,Learned_UNet_N1,seq_held_out_val_6bba_t80_p05_isolated,held_out_val,6bba_43fea39d,11.0,18.0,81.0,82.0,0.0
3.0,Learned_UNet_N1,seq_held_out_val_6bba_t80_p05_isolated,held_out_val,6bba_43fea39d,14.0,20.0,81.0,82.0,1.625
3.0,Learned_UNet_N1,seq_held_out_val_6bba_t80_p05_isolated,held_out_val,6bba_43fea39d,15.0,22.0,81.0,82.0,1.8168052317185792
3.0,Learned_UNet_N1,seq_held_out_val_6bba_t80_p05_isolated,held_out_val,6bba_43fea39d,16.0,24.0,82.0,83.0,2.1877232028983924
3.0,Learned_UNet_N1,seq_held_out_val_6bba_t80_p05_isolated,held_out_val,6bba_43fea39d,17.0,25.0,82.0,83.0,0.5745242597140698
3.0,Learned_UNet_N1,seq_held_out_val_6bba_t80_p05_isolated,held_out_val,6bba_43fea39d,18.0,27.0,82.0,83.0,1.8168052317185792
3.0,Learned_UNet_N1,seq_held_out_val_6bba_t80_p05_isolated,held_out_val,6bba_43fea39d,22.0,26.0,82.0,83.0,1.6750116604071745
3.0,Learned_UNet_N1,seq_held_out_val_6bba_t80_p05_isolated,held_out_val,6bba_43fea39d,24.0,30.0,83.0,84.0,0.5745242597140698
3.0,Learned_UNet_N1,seq_held_out_val_6bba_t80_p05_isolated,held_out_val,6bba_43fea39d,27.0,34.0,83.0,84.0,0.5745242597140698
3.0,Learned_UNet_N1,seq_held_out_val_6bba_t80_p05_isolated,held_out_val,6bba_43fea39d,29.0,36.0,83.0,84.0,1.7235727791422095
3.0,Learned_UNet_N1,seq_held_out_val_6bba_t35_p06_isolated,held_out_val,6bba_43fea39d,4.0,20.0,35.0,36.0,2.368824207280903
3.0,Learned_UNet_N1,seq_held_out_val_6bba_t35_p06_isolated,held_out_val,6bba_43fea39d,12.0,26.0,36.0,37.0,0.8125
3.0,Learned_UNet_N1,seq_held_out_val_6bba_t35_p06_isolated,held_out_val,6bba_43fea39d,13.0,22.0,36.0,37.0,0.5745242597140698
3.0,Learned_UNet_N1,seq_held_out_val_6bba_t35_p06_isolated,held_out_val,6bba_43fea39d,14.0,24.0,36.0,37.0,2.1877232028983924
3.0,Learned_UNet_N1,seq_held_out_val_6bba_t35_p06_isolated,held_out_val,6bba_43fea39d,15.0,31.0,36.0,37.0,0.8125
3.0,Learned_UNet_N1,seq_held_out_val_6bba_t35_p06_isolated,held_out_val,6bba_43fea39d,18.0,28.0,36.0,37.0,0.5745242597140698
3.0,Learned_UNet_N1,seq_held_out_val_6bba_t35_p06_isolated,held_out_val,6bba_43fea39d,27.0,39.0,37.0,38.0,1.284675299443404
3.0,Learned_UNet_N1,seq_held_out_val_6bba_t35_p06_isolated,held_out_val,6bba_43fea39d,28.0,38.0,37.0,38.0,0.5745242597140698
3.0,Learned_UNet_N1,seq_held_out_val_6bba_t35_p06_isolated,held_out_val,6bba_43fea39d,29.0,37.0,37.0,38.0,0.9084026158592896
3.0,Learned_UNet_N1,seq_held_out_val_6bba_t35_p06_isolated,held_out_val,6bba_43fea39d,37.0,44.0,38.0,39.0,2.03125
3.0,Learned_UNet_N1,seq_held_out_val_6bba_t35_p07_isolated,held_out_val,6bba_43fea39d,6.0,12.0,35.0,36.0,1.8168052317185792
3.0,Learned_UNet_N1,seq_held_out_val_6bba_t35_p07_isolated,held_out_val,6bba_43fea39d,20.0,30.0,38.0,39.0,2.0714766773970688
3.0,Learned_UNet_N1,seq_held_out_val_6bba_t80_p08_isolated,held_out_val,6bba_43fea39d,0.0,8.0,80.0,81.0,0.9084026158592896
3.0,Learned_UNet_N1,seq_held_out_val_6bba_t80_p08_isolated,held_out_val,6bba_43fea39d,1.0,11.0,80.0,81.0,0.9084026158592896
3.0,Learned_UNet_N1,seq_held_out_val_6bba_t80_p08_isolated,held_out_val,6bba_43fea39d,4.0,9.0,80.0,81.0,2.0714766773970688
3.0,Learned_UNet_N1,seq_held_out_val_6bba_t80_p08_isolated,held_out_val,6bba_43fea39d,7.0,14.0,80.0,81.0,0.5745242597140698
3.0,Learned_UNet_N1,seq_held_out_val_6bba_t80_p08_isolated,held_out_val,6bba_43fea39d,8.0,15.0,81.0,82.0,0.40625
3.0,Learned_UNet_N1,seq_held_out_val_6bba_t80_p08_isolated,held_out_val,6bba_43fea39d,15.0,21.0,82.0,83.0,1.21875
3.0,Learned_UNet_N1,seq_held_out_val_6bba_t80_p08_isolated,held_out_val,6bba_43fea39d,16.0,22.0,82.0,83.0,0.5745242597140698
3.0,Learned_UNet_N1,seq_held_out_val_6bba_t80_p08_isolated,held_out_val,6bba_43fea39d,18.0,25.0,82.0,83.0,0.0
3.0,Learned_UNet_N1,seq_held_out_val_6bba_t80_p08_isolated,held_out_val,6bba_43fea39d,19.0,27.0,82.0,83.0,2.0714766773970688
3.0,Learned_UNet_N1,seq_held_out_val_6bba_t80_p08_isolated,held_out_val,6bba_43fea39d,22.0,34.0,83.0,84.0,0.8125
3.0,Learned_UNet_N1,seq_held_out_val_6bba_t80_p08_isolated,held_out_val,6bba_43fea39d,23.0,31.0,83.0,84.0,0.9084026158592896
3.0,Learned_UNet_N1,seq_held_out_val_6bba_t80_p08_isolated,held_out_val,6bba_43fea39d,25.0,30.0,83.0,84.0,0.0
3.0,Learned_UNet_N1,seq_held_out_val_6bba_t80_p08_isolated,held_out_val,6bba_43fea39d,26.0,36.0,83.0,84.0,2.4375
3.0,Learned_UNet_N1,seq_held_out_val_6bba_t20_p09_boundary,held_out_val,6bba_43fea39d,1.0,6.0,20.0,21.0,0.8125
3.0,Learned_UNet_N1,seq_held_out_val_6bba_t20_p09_boundary,held_out_val,6bba_43fea39d,3.0,11.0,20.0,21.0,0.9084026158592896
3.0,Learned_UNet_N1,seq_held_out_val_6bba_t20_p09_boundary,held_out_val,6bba_43fea39d,5.0,12.0,21.0,22.0,0.0
3.0,Learned_UNet_N1,seq_held_out_val_6bba_t20_p09_boundary,held_out_val,6bba_43fea39d,6.0,13.0,21.0,22.0,0.0
3.0,Learned_UNet_N1,seq_held_out_val_6bba_t20_p09_boundary,held_out_val,6bba_43fea39d,7.0,14.0,21.0,22.0,0.0
3.0,Learned_UNet_N1,seq_held_out_val_6bba_t20_p09_boundary,held_out_val,6bba_43fea39d,8.0,15.0,21.0,22.0,0.0
3.0,Learned_UNet_N1,seq_held_out_val_6bba_t20_p09_boundary,held_out_val,6bba_43fea39d,9.0,16.0,21.0,22.0,0.0
3.0,Learned_UNet_N1,seq_held_out_val_6bba_t20_p09_boundary,held_out_val,6bba_43fea39d,10.0,17.0,21.0,22.0,0.0
3.0,Learned_UNet_N1,seq_held_out_val_6bba_t20_p09_boundary,held_out_val,6bba_43fea39d,11.0,18.0,21.0,22.0,0.0
3.0,Learned_UNet_N1,seq_held_out_val_6bba_t20_p09_boundary,held_out_val,6bba_43fea39d,22.0,25.0,23.0,24.0,1.284675299443404
3.0,Learned_UNet_N1,seq_held_out_val_6bba_t50_p10_boundary,held_out_val,6bba_43fea39d,4.0,8.0,51.0,52.0,0.0
3.0,Learned_UNet_N1,seq_held_out_val_6bba_t50_p10_boundary,held_out_val,6bba_43fea39d,5.0,9.0,51.0,52.0,0.0
3.0,Learned_UNet_N1,seq_held_out_val_6bba_t50_p10_boundary,held_out_val,6bba_43fea39d,6.0,10.0,51.0,52.0,0.0
3.0,Learned_UNet_N1,seq_held_out_val_6bba_t50_p10_boundary,held_out_val,6bba_43fea39d,7.0,11.0,51.0,52.0,0.0
3.0,Learned_UNet_N1,seq_held_out_val_6bba_t50_p10_boundary,held_out_val,6bba_43fea39d,10.0,15.0,52.0,53.0,2.4375
3.0,Learned_UNet_N1,seq_held_out_val_6bba_t50_p10_boundary,held_out_val,6bba_43fea39d,12.0,18.0,53.0,54.0,0.8125
3.0,Learned_UNet_N1,seq_held_out_val_6bba_t50_p10_boundary,held_out_val,6bba_43fea39d,13.0,19.0,53.0,54.0,0.0
3.0,Learned_UNet_N1,seq_held_out_val_6bba_t50_p10_boundary,held_out_val,6bba_43fea39d,14.0,20.0,53.0,54.0,1.8168052317185792
3.0,Learned_UNet_N1,seq_held_out_val_6bba_t35_p11_zero_annotation,held_out_val,6bba_43fea39d,1.0,25.0,35.0,36.0,1.7235727791422095
3.0,Learned_UNet_N1,seq_held_out_val_6bba_t35_p11_zero_annotation,held_out_val,6bba_43fea39d,20.0,41.0,35.0,36.0,1.8168052317185792
3.0,Learned_UNet_N1,seq_held_out_val_6bba_t35_p11_zero_annotation,held_out_val,6bba_43fea39d,21.0,40.0,35.0,36.0,2.6012692214570947
3.0,Learned_UNet_N1,seq_held_out_val_6bba_t35_p11_zero_annotation,held_out_val,6bba_43fea39d,25.0,46.0,36.0,37.0,0.5745242597140698
3.0,Learned_UNet_N1,seq_held_out_val_6bba_t35_p11_zero_annotation,held_out_val,6bba_43fea39d,30.0,48.0,36.0,37.0,2.333728575156074
3.0,Learned_UNet_N1,seq_held_out_val_6bba_t35_p11_zero_annotation,held_out_val,6bba_43fea39d,35.0,58.0,36.0,37.0,1.625
3.0,Learned_UNet_N1,seq_held_out_val_6bba_t35_p11_zero_annotation,held_out_val,6bba_43fea39d,38.0,57.0,36.0,37.0,2.2980970388562794
3.0,Learned_UNet_N1,seq_held_out_val_6bba_t35_p11_zero_annotation,held_out_val,6bba_43fea39d,45.0,63.0,37.0,38.0,1.625
3.0,Learned_UNet_N1,seq_held_out_val_6bba_t35_p11_zero_annotation,held_out_val,6bba_43fea39d,47.0,66.0,37.0,38.0,0.0
3.0,Learned_UNet_N1,seq_held_out_val_6bba_t35_p11_zero_annotation,held_out_val,6bba_43fea39d,50.0,73.0,37.0,38.0,2.8726212985703494
3.0,Learned_UNet_N1,seq_held_out_val_6bba_t35_p11_zero_annotation,held_out_val,6bba_43fea39d,53.0,88.0,37.0,38.0,1.9902104160113323
3.0,Learned_UNet_N1,seq_held_out_val_6bba_t35_p11_zero_annotation,held_out_val,6bba_43fea39d,64.0,117.0,38.0,39.0,1.8168052317185792
3.0,Learned_UNet_N1,seq_held_out_val_6bba_t35_p11_zero_annotation,held_out_val,6bba_43fea39d,68.0,93.0,38.0,39.0,1.7235727791422095
3.0,Learned_UNet_N1,seq_held_out_val_6bba_t35_p11_zero_annotation,held_out_val,6bba_43fea39d,70.0,100.0,38.0,39.0,1.21875
3.0,Learned_UNet_N1,seq_held_out_val_6bba_t35_p11_zero_annotation,held_out_val,6bba_43fea39d,73.0,116.0,38.0,39.0,2.6012692214570947
3.0,Learned_UNet_N1,seq_held_out_val_6bba_t35_p11_zero_annotation,held_out_val,6bba_43fea39d,75.0,109.0,38.0,39.0,2.0714766773970688
3.0,Learned_UNet_N1,seq_held_out_val_6bba_t35_p11_zero_annotation,held_out_val,6bba_43fea39d,76.0,108.0,38.0,39.0,2.7252078475778685
3.0,Learned_UNet_N1,seq_held_out_val_6bba_t35_p11_zero_annotation,held_out_val,6bba_43fea39d,77.0,89.0,38.0,39.0,1.8168052317185792
3.0,Learned_UNet_N1,seq_held_out_val_6bba_t35_p11_zero_annotation,held_out_val,6bba_43fea39d,87.0,110.0,38.0,39.0,2.4375
3.0,Learned_UNet_N1,seq_held_out_val_6bba_t65_p12_zero_annotation,held_out_val,6bba_43fea39d,1.0,13.0,65.0,66.0,0.40625
3.0,Learned_UNet_N1,seq_held_out_val_6bba_t65_p12_zero_annotation,held_out_val,6bba_43fea39d,5.0,16.0,65.0,66.0,1.86167137607581
3.0,Learned_UNet_N1,seq_held_out_val_6bba_t65_p12_zero_annotation,held_out_val,6bba_43fea39d,7.0,19.0,65.0,66.0,0.5745242597140698
3.0,Learned_UNet_N1,seq_held_out_val_6bba_t65_p12_zero_annotation,held_out_val,6bba_43fea39d,13.0,22.0,66.0,67.0,0.40625
3.0,Learned_UNet_N1,seq_held_out_val_6bba_t65_p12_zero_annotation,held_out_val,6bba_43fea39d,19.0,26.0,66.0,67.0,1.7235727791422095
3.0,Learned_UNet_N1,seq_held_out_val_6bba_t65_p12_zero_annotation,held_out_val,6bba_43fea39d,22.0,31.0,67.0,68.0,1.7235727791422095
3.0,Learned_UNet_N1,seq_held_out_val_6bba_t65_p12_zero_annotation,held_out_val,6bba_43fea39d,24.0,34.0,67.0,68.0,1.284675299443404
3.0,Learned_UNet_N1,seq_held_out_val_6bba_t65_p12_zero_annotation,held_out_val,6bba_43fea39d,31.0,42.0,68.0,69.0,0.0
3.0,Learned_UNet_N1,seq_held_out_val_6bba_t65_p12_zero_annotation,held_out_val,6bba_43fea39d,32.0,43.0,68.0,69.0,0.0
3.0,Learned_UNet_N1,seq_held_out_val_6bba_t65_p12_zero_annotation,held_out_val,6bba_43fea39d,33.0,44.0,68.0,69.0,0.0
3.0,Learned_UNet_N1,seq_held_out_val_6bba_t65_p12_zero_annotation,held_out_val,6bba_43fea39d,34.0,45.0,68.0,69.0,0.0
3.0,Learned_UNet_N1,seq_held_out_val_6bba_t65_p12_zero_annotation,held_out_val,6bba_43fea39d,35.0,46.0,68.0,69.0,0.0
3.0,Learned_UNet_N1,seq_held_out_val_6bba_t65_p12_zero_annotation,held_out_val,6bba_43fea39d,36.0,47.0,68.0,69.0,0.0
3.0,Learned_UNet_N1,seq_held_out_val_6bba_t65_p12_zero_annotation,held_out_val,6bba_43fea39d,37.0,48.0,68.0,69.0,0.0
3.0,Learned_UNet_N1,seq_held_out_val_6bba_t65_p12_zero_annotation,held_out_val,6bba_43fea39d,38.0,49.0,68.0,69.0,0.0
3.0,Learned_UNet_N1,seq_held_out_val_6bba_t65_p12_zero_annotation,held_out_val,6bba_43fea39d,39.0,50.0,68.0,69.0,0.0
3.0,Learned_UNet_N1,seq_held_out_val_6bba_t65_p12_zero_annotation,held_out_val,6bba_43fea39d,40.0,51.0,68.0,69.0,0.0
3.0,Learned_UNet_N1,seq_held_out_val_6bba_t65_p12_zero_annotation,held_out_val,6bba_43fea39d,41.0,52.0,68.0,69.0,0.0
3.0,Learned_UNet_N1,seq_train_44b6_t40_p01_crowded,train,44b6_d29c9ab2,0.0,21.0,40.0,41.0,1.1490485194281397
3.0,Learned_UNet_N1,seq_train_44b6_t40_p01_crowded,train,44b6_d29c9ab2,1.0,23.0,40.0,41.0,1.4647552056572457
3.0,Learned_UNet_N1,seq_train_44b6_t40_p01_crowded,train,44b6_d29c9ab2,2.0,28.0,40.0,41.0,1.625
3.0,Learned_UNet_N1,seq_train_44b6_t40_p01_crowded,train,44b6_d29c9ab2,3.0,27.0,40.0,41.0,0.40625
3.0,Learned_UNet_N1,seq_train_44b6_t40_p01_crowded,train,44b6_d29c9ab2,4.0,24.0,40.0,41.0,1.8168052317185792
3.0,Learned_UNet_N1,seq_train_44b6_t40_p01_crowded,train,44b6_d29c9ab2,5.0,33.0,40.0,41.0,0.40625
3.0,Learned_UNet_N1,seq_train_44b6_t40_p01_crowded,train,44b6_d29c9ab2,6.0,22.0,40.0,41.0,0.9084026158592896
3.0,Learned_UNet_N1,seq_train_44b6_t40_p01_crowded,train,44b6_d29c9ab2,7.0,30.0,40.0,41.0,0.8125
3.0,Learned_UNet_N1,seq_train_44b6_t40_p01_crowded,train,44b6_d29c9ab2,8.0,25.0,40.0,41.0,1.1490485194281397
3.0,Learned_UNet_N1,seq_train_44b6_t40_p01_crowded,train,44b6_d29c9ab2,9.0,35.0,40.0,41.0,1.625
3.0,Learned_UNet_N1,seq_train_44b6_t40_p01_crowded,train,44b6_d29c9ab2,11.0,26.0,40.0,41.0,0.40625
3.0,Learned_UNet_N1,seq_train_44b6_t40_p01_crowded,train,44b6_d29c9ab2,13.0,32.0,40.0,41.0,2.4375
3.0,Learned_UNet_N1,seq_train_44b6_t40_p01_crowded,train,44b6_d29c9ab2,14.0,34.0,40.0,41.0,0.9084026158592896
3.0,Learned_UNet_N1,seq_train_44b6_t40_p01_crowded,train,44b6_d29c9ab2,15.0,38.0,40.0,41.0,0.40625
3.0,Learned_UNet_N1,seq_train_44b6_t40_p01_crowded,train,44b6_d29c9ab2,16.0,36.0,40.0,41.0,0.5745242597140698
3.0,Learned_UNet_N1,seq_train_44b6_t40_p01_crowded,train,44b6_d29c9ab2,17.0,37.0,40.0,41.0,0.40625
3.0,Learned_UNet_N1,seq_train_44b6_t40_p01_crowded,train,44b6_d29c9ab2,18.0,39.0,40.0,41.0,0.40625
3.0,Learned_UNet_N1,seq_train_44b6_t40_p01_crowded,train,44b6_d29c9ab2,19.0,42.0,40.0,41.0,2.03125
3.0,Learned_UNet_N1,seq_train_44b6_t40_p01_crowded,train,44b6_d29c9ab2,21.0,44.0,41.0,42.0,0.8125
3.0,Learned_UNet_N1,seq_train_44b6_t40_p01_crowded,train,44b6_d29c9ab2,22.0,43.0,41.0,42.0,2.03125
3.0,Learned_UNet_N1,seq_train_44b6_t40_p01_crowded,train,44b6_d29c9ab2,23.0,47.0,41.0,42.0,0.8125
3.0,Learned_UNet_N1,seq_train_44b6_t40_p01_crowded,train,44b6_d29c9ab2,24.0,46.0,41.0,42.0,1.4647552056572457
3.0,Learned_UNet_N1,seq_train_44b6_t40_p01_crowded,train,44b6_d29c9ab2,25.0,45.0,41.0,42.0,1.8168052317185792
3.0,Learned_UNet_N1,seq_train_44b6_t40_p01_crowded,train,44b6_d29c9ab2,26.0,50.0,41.0,42.0,2.0714766773970688
3.0,Learned_UNet_N1,seq_train_44b6_t40_p01_crowded,train,44b6_d29c9ab2,27.0,49.0,41.0,42.0,2.569350598886808
3.0,Learned_UNet_N1,seq_train_44b6_t40_p01_crowded,train,44b6_d29c9ab2,29.0,51.0,41.0,42.0,1.284675299443404
3.0,Learned_UNet_N1,seq_train_44b6_t40_p01_crowded,train,44b6_d29c9ab2,30.0,55.0,41.0,42.0,2.1877232028983924
3.0,Learned_UNet_N1,seq_train_44b6_t40_p01_crowded,train,44b6_d29c9ab2,31.0,52.0,41.0,42.0,0.9084026158592896
3.0,Learned_UNet_N1,seq_train_44b6_t40_p01_crowded,train,44b6_d29c9ab2,32.0,54.0,41.0,42.0,1.6750116604071745
3.0,Learned_UNet_N1,seq_train_44b6_t40_p01_crowded,train,44b6_d29c9ab2,33.0,48.0,41.0,42.0,0.5745242597140698
3.0,Learned_UNet_N1,seq_train_44b6_t40_p01_crowded,train,44b6_d29c9ab2,35.0,60.0,41.0,42.0,2.4375
3.0,Learned_UNet_N1,seq_train_44b6_t40_p01_crowded,train,44b6_d29c9ab2,37.0,59.0,41.0,42.0,0.9084026158592896
3.0,Learned_UNet_N1,seq_train_44b6_t40_p01_crowded,train,44b6_d29c9ab2,39.0,62.0,41.0,42.0,1.21875
3.0,Learned_UNet_N1,seq_train_44b6_t40_p01_crowded,train,44b6_d29c9ab2,40.0,63.0,41.0,42.0,0.9084026158592896
3.0,Learned_UNet_N1,seq_train_44b6_t40_p01_crowded,train,44b6_d29c9ab2,41.0,67.0,41.0,42.0,2.0714766773970688
3.0,Learned_UNet_N1,seq_train_44b6_t40_p01_crowded,train,44b6_d29c9ab2,43.0,69.0,42.0,43.0,0.9084026158592896
3.0,Learned_UNet_N1,seq_train_44b6_t40_p01_crowded,train,44b6_d29c9ab2,44.0,68.0,42.0,43.0,0.9084026158592896
3.0,Learned_UNet_N1,seq_train_44b6_t40_p01_crowded,train,44b6_d29c9ab2,45.0,71.0,42.0,43.0,0.9084026158592896
3.0,Learned_UNet_N1,seq_train_44b6_t40_p01_crowded,train,44b6_d29c9ab2,46.0,77.0,42.0,43.0,0.9084026158592896
3.0,Learned_UNet_N1,seq_train_44b6_t40_p01_crowded,train,44b6_d29c9ab2,47.0,74.0,42.0,43.0,0.8125
3.0,Learned_UNet_N1,seq_train_44b6_t40_p01_crowded,train,44b6_d29c9ab2,49.0,75.0,42.0,43.0,0.8125
3.0,Learned_UNet_N1,seq_train_44b6_t40_p01_crowded,train,44b6_d29c9ab2,50.0,70.0,42.0,43.0,1.4647552056572457
3.0,Learned_UNet_N1,seq_train_44b6_t40_p01_crowded,train,44b6_d29c9ab2,51.0,76.0,42.0,43.0,1.6750116604071745
3.0,Learned_UNet_N1,seq_train_44b6_t40_p01_crowded,train,44b6_d29c9ab2,52.0,72.0,42.0,43.0,1.284675299443404
3.0,Learned_UNet_N1,seq_train_44b6_t40_p01_crowded,train,44b6_d29c9ab2,53.0,78.0,42.0,43.0,1.625
3.0,Learned_UNet_N1,seq_train_44b6_t40_p01_crowded,train,44b6_d29c9ab2,55.0,83.0,42.0,43.0,2.333728575156074
3.0,Learned_UNet_N1,seq_train_44b6_t40_p01_crowded,train,44b6_d29c9ab2,57.0,81.0,42.0,43.0,2.4375
3.0,Learned_UNet_N1,seq_train_44b6_t40_p01_crowded,train,44b6_d29c9ab2,58.0,82.0,42.0,43.0,1.1490485194281397
3.0,Learned_UNet_N1,seq_train_44b6_t40_p01_crowded,train,44b6_d29c9ab2,60.0,87.0,42.0,43.0,1.625
3.0,Learned_UNet_N1,seq_train_44b6_t40_p01_crowded,train,44b6_d29c9ab2,62.0,85.0,42.0,43.0,1.8168052317185792
3.0,Learned_UNet_N1,seq_train_44b6_t40_p01_crowded,train,44b6_d29c9ab2,63.0,89.0,42.0,43.0,0.0
3.0,Learned_UNet_N1,seq_train_44b6_t40_p01_crowded,train,44b6_d29c9ab2,64.0,88.0,42.0,43.0,0.5745242597140698
3.0,Learned_UNet_N1,seq_train_44b6_t40_p01_crowded,train,44b6_d29c9ab2,66.0,90.0,42.0,43.0,1.284675299443404
3.0,Learned_UNet_N1,seq_train_44b6_t40_p01_crowded,train,44b6_d29c9ab2,67.0,91.0,42.0,43.0,1.21875
3.0,Learned_UNet_N1,seq_train_44b6_t40_p01_crowded,train,44b6_d29c9ab2,68.0,92.0,43.0,44.0,2.03125
3.0,Learned_UNet_N1,seq_train_44b6_t40_p01_crowded,train,44b6_d29c9ab2,69.0,95.0,43.0,44.0,1.21875
3.0,Learned_UNet_N1,seq_train_44b6_t40_p01_crowded,train,44b6_d29c9ab2,70.0,93.0,43.0,44.0,1.6750116604071745
3.0,Learned_UNet_N1,seq_train_44b6_t40_p01_crowded,train,44b6_d29c9ab2,71.0,96.0,43.0,44.0,2.03125
3.0,Learned_UNet_N1,seq_train_44b6_t40_p01_crowded,train,44b6_d29c9ab2,72.0,99.0,43.0,44.0,1.8168052317185792
3.0,Learned_UNet_N1,seq_train_44b6_t40_p01_crowded,train,44b6_d29c9ab2,73.0,94.0,43.0,44.0,2.03125
3.0,Learned_UNet_N1,seq_train_44b6_t40_p01_crowded,train,44b6_d29c9ab2,74.0,98.0,43.0,44.0,0.8125
3.0,Learned_UNet_N1,seq_train_44b6_t40_p01_crowded,train,44b6_d29c9ab2,75.0,97.0,43.0,44.0,1.21875
3.0,Learned_UNet_N1,seq_train_44b6_t40_p01_crowded,train,44b6_d29c9ab2,76.0,101.0,43.0,44.0,0.5745242597140698
3.0,Learned_UNet_N1,seq_train_44b6_t40_p01_crowded,train,44b6_d29c9ab2,77.0,112.0,43.0,44.0,0.40625
3.0,Learned_UNet_N1,seq_train_44b6_t40_p01_crowded,train,44b6_d29c9ab2,79.0,104.0,43.0,44.0,0.8125
3.0,Learned_UNet_N1,seq_train_44b6_t40_p01_crowded,train,44b6_d29c9ab2,80.0,108.0,43.0,44.0,1.4647552056572457
3.0,Learned_UNet_N1,seq_train_44b6_t40_p01_crowded,train,44b6_d29c9ab2,81.0,105.0,43.0,44.0,1.625
3.0,Learned_UNet_N1,seq_train_44b6_t40_p01_crowded,train,44b6_d29c9ab2,85.0,110.0,43.0,44.0,0.40625
3.0,Learned_UNet_N1,seq_train_44b6_t40_p01_crowded,train,44b6_d29c9ab2,86.0,114.0,43.0,44.0,0.9084026158592896
3.0,Learned_UNet_N1,seq_train_44b6_t40_p01_crowded,train,44b6_d29c9ab2,88.0,102.0,43.0,44.0,0.40625
3.0,Learned_UNet_N1,seq_train_44b6_t40_p01_crowded,train,44b6_d29c9ab2,89.0,113.0,43.0,44.0,0.40625
3.0,Learned_UNet_N1,seq_train_44b6_t40_p01_crowded,train,44b6_d29c9ab2,91.0,116.0,43.0,44.0,1.284675299443404
3.0,Learned_UNet_N1,seq_train_44b6_t45_p02_crowded,train,44b6_d29c9ab2,0.0,23.0,45.0,46.0,0.0
3.0,Learned_UNet_N1,seq_train_44b6_t45_p02_crowded,train,44b6_d29c9ab2,1.0,24.0,45.0,46.0,1.8168052317185792
3.0,Learned_UNet_N1,seq_train_44b6_t45_p02_crowded,train,44b6_d29c9ab2,2.0,25.0,45.0,46.0,1.21875
3.0,Learned_UNet_N1,seq_train_44b6_t45_p02_crowded,train,44b6_d29c9ab2,3.0,21.0,45.0,46.0,1.1490485194281397
3.0,Learned_UNet_N1,seq_train_44b6_t45_p02_crowded,train,44b6_d29c9ab2,4.0,20.0,45.0,46.0,1.1490485194281397
3.0,Learned_UNet_N1,seq_train_44b6_t45_p02_crowded,train,44b6_d29c9ab2,5.0,22.0,45.0,46.0,0.9084026158592896
3.0,Learned_UNet_N1,seq_train_44b6_t45_p02_crowded,train,44b6_d29c9ab2,6.0,31.0,45.0,46.0,1.8168052317185792
3.0,Learned_UNet_N1,seq_train_44b6_t45_p02_crowded,train,44b6_d29c9ab2,7.0,26.0,45.0,46.0,1.284675299443404
3.0,Learned_UNet_N1,seq_train_44b6_t45_p02_crowded,train,44b6_d29c9ab2,8.0,28.0,45.0,46.0,0.40625
3.0,Learned_UNet_N1,seq_train_44b6_t45_p02_crowded,train,44b6_d29c9ab2,10.0,29.0,45.0,46.0,1.284675299443404
3.0,Learned_UNet_N1,seq_train_44b6_t45_p02_crowded,train,44b6_d29c9ab2,13.0,30.0,45.0,46.0,2.03125
3.0,Learned_UNet_N1,seq_train_44b6_t45_p02_crowded,train,44b6_d29c9ab2,14.0,32.0,45.0,46.0,1.284675299443404
3.0,Learned_UNet_N1,seq_train_44b6_t45_p02_crowded,train,44b6_d29c9ab2,15.0,37.0,45.0,46.0,0.8125
3.0,Learned_UNet_N1,seq_train_44b6_t45_p02_crowded,train,44b6_d29c9ab2,17.0,33.0,45.0,46.0,0.5745242597140698
3.0,Learned_UNet_N1,seq_train_44b6_t45_p02_crowded,train,44b6_d29c9ab2,18.0,36.0,45.0,46.0,1.284675299443404
3.0,Learned_UNet_N1,seq_train_44b6_t45_p02_crowded,train,44b6_d29c9ab2,20.0,40.0,46.0,47.0,1.1490485194281397
3.0,Learned_UNet_N1,seq_train_44b6_t45_p02_crowded,train,44b6_d29c9ab2,22.0,41.0,46.0,47.0,1.21875
3.0,Learned_UNet_N1,seq_train_44b6_t45_p02_crowded,train,44b6_d29c9ab2,23.0,43.0,46.0,47.0,1.8168052317185792
3.0,Learned_UNet_N1,seq_train_44b6_t45_p02_crowded,train,44b6_d29c9ab2,24.0,39.0,46.0,47.0,0.9084026158592896
3.0,Learned_UNet_N1,seq_train_44b6_t45_p02_crowded,train,44b6_d29c9ab2,26.0,45.0,46.0,47.0,0.40625
3.0,Learned_UNet_N1,seq_train_44b6_t45_p02_crowded,train,44b6_d29c9ab2,28.0,49.0,46.0,47.0,0.9084026158592896
3.0,Learned_UNet_N1,seq_train_44b6_t45_p02_crowded,train,44b6_d29c9ab2,29.0,46.0,46.0,47.0,0.8125
3.0,Learned_UNet_N1,seq_train_44b6_t45_p02_crowded,train,44b6_d29c9ab2,30.0,51.0,46.0,47.0,1.284675299443404
3.0,Learned_UNet_N1,seq_train_44b6_t45_p02_crowded,train,44b6_d29c9ab2,33.0,53.0,46.0,47.0,1.7235727791422095
3.0,Learned_UNet_N1,seq_train_44b6_t45_p02_crowded,train,44b6_d29c9ab2,36.0,56.0,46.0,47.0,0.8125
3.0,Learned_UNet_N1,seq_train_44b6_t45_p02_crowded,train,44b6_d29c9ab2,37.0,55.0,46.0,47.0,2.333728575156074
3.0,Learned_UNet_N1,seq_train_44b6_t45_p02_crowded,train,44b6_d29c9ab2,39.0,57.0,47.0,48.0,0.9084026158592896
3.0,Learned_UNet_N1,seq_train_44b6_t45_p02_crowded,train,44b6_d29c9ab2,40.0,63.0,47.0,48.0,0.9084026158592896
3.0,Learned_UNet_N1,seq_train_44b6_t45_p02_crowded,train,44b6_d29c9ab2,42.0,61.0,47.0,48.0,0.9084026158592896
3.0,Learned_UNet_N1,seq_train_44b6_t45_p02_crowded,train,44b6_d29c9ab2,43.0,60.0,47.0,48.0,1.6750116604071745
3.0,Learned_UNet_N1,seq_train_44b6_t45_p02_crowded,train,44b6_d29c9ab2,44.0,58.0,47.0,48.0,0.9084026158592896
3.0,Learned_UNet_N1,seq_train_44b6_t45_p02_crowded,train,44b6_d29c9ab2,47.0,65.0,47.0,48.0,0.40625
3.0,Learned_UNet_N1,seq_train_44b6_t45_p02_crowded,train,44b6_d29c9ab2,48.0,67.0,47.0,48.0,1.21875
3.0,Learned_UNet_N1,seq_train_44b6_t45_p02_crowded,train,44b6_d29c9ab2,53.0,69.0,47.0,48.0,0.0
3.0,Learned_UNet_N1,seq_train_44b6_t40_p04_crowded,train,44b6_d29c9ab2,0.0,19.0,40.0,41.0,0.8125
3.0,Learned_UNet_N1,seq_train_44b6_t40_p04_crowded,train,44b6_d29c9ab2,1.0,20.0,40.0,41.0,0.40625
3.0,Learned_UNet_N1,seq_train_44b6_t40_p04_crowded,train,44b6_d29c9ab2,2.0,21.0,40.0,41.0,1.21875
3.0,Learned_UNet_N1,seq_train_44b6_t40_p04_crowded,train,44b6_d29c9ab2,3.0,26.0,40.0,41.0,1.1490485194281397
3.0,Learned_UNet_N1,seq_train_44b6_t40_p04_crowded,train,44b6_d29c9ab2,4.0,28.0,40.0,41.0,1.8168052317185792
3.0,Learned_UNet_N1,seq_train_44b6_t40_p04_crowded,train,44b6_d29c9ab2,5.0,23.0,40.0,41.0,1.625
3.0,Learned_UNet_N1,seq_train_44b6_t40_p04_crowded,train,44b6_d29c9ab2,6.0,31.0,40.0,41.0,0.8125
3.0,Learned_UNet_N1,seq_train_44b6_t40_p04_crowded,train,44b6_d29c9ab2,7.0,22.0,40.0,41.0,0.5745242597140698
3.0,Learned_UNet_N1,seq_train_44b6_t40_p04_crowded,train,44b6_d29c9ab2,9.0,27.0,40.0,41.0,1.1490485194281397
3.0,Learned_UNet_N1,seq_train_44b6_t40_p04_crowded,train,44b6_d29c9ab2,11.0,30.0,40.0,41.0,1.284675299443404
3.0,Learned_UNet_N1,seq_train_44b6_t40_p04_crowded,train,44b6_d29c9ab2,12.0,24.0,40.0,41.0,0.0
3.0,Learned_UNet_N1,seq_train_44b6_t40_p04_crowded,train,44b6_d29c9ab2,13.0,32.0,40.0,41.0,0.40625
3.0,Learned_UNet_N1,seq_train_44b6_t40_p04_crowded,train,44b6_d29c9ab2,14.0,29.0,40.0,41.0,2.4375
3.0,Learned_UNet_N1,seq_train_44b6_t40_p04_crowded,train,44b6_d29c9ab2,17.0,34.0,40.0,41.0,0.40625
3.0,Learned_UNet_N1,seq_train_44b6_t40_p04_crowded,train,44b6_d29c9ab2,18.0,36.0,40.0,41.0,0.0
3.0,Learned_UNet_N1,seq_train_44b6_t40_p04_crowded,train,44b6_d29c9ab2,19.0,38.0,41.0,42.0,1.21875
3.0,Learned_UNet_N1,seq_train_44b6_t40_p04_crowded,train,44b6_d29c9ab2,20.0,39.0,41.0,42.0,1.625
3.0,Learned_UNet_N1,seq_train_44b6_t40_p04_crowded,train,44b6_d29c9ab2,21.0,40.0,41.0,42.0,0.9084026158592896
3.0,Learned_UNet_N1,seq_train_44b6_t40_p04_crowded,train,44b6_d29c9ab2,22.0,43.0,41.0,42.0,0.40625
3.0,Learned_UNet_N1,seq_train_44b6_t40_p04_crowded,train,44b6_d29c9ab2,25.0,41.0,41.0,42.0,1.625
3.0,Learned_UNet_N1,seq_train_44b6_t40_p04_crowded,train,44b6_d29c9ab2,27.0,48.0,41.0,42.0,1.284675299443404
3.0,Learned_UNet_N1,seq_train_44b6_t40_p04_crowded,train,44b6_d29c9ab2,30.0,49.0,41.0,42.0,0.5745242597140698
3.0,Learned_UNet_N1,seq_train_44b6_t40_p04_crowded,train,44b6_d29c9ab2,31.0,47.0,41.0,42.0,1.625
3.0,Learned_UNet_N1,seq_train_44b6_t40_p04_crowded,train,44b6_d29c9ab2,32.0,52.0,41.0,42.0,0.0
3.0,Learned_UNet_N1,seq_train_44b6_t40_p04_crowded,train,44b6_d29c9ab2,34.0,50.0,41.0,42.0,1.284675299443404
3.0,Learned_UNet_N1,seq_train_44b6_t40_p04_crowded,train,44b6_d29c9ab2,36.0,44.0,41.0,42.0,0.0
3.0,Learned_UNet_N1,seq_train_44b6_t40_p04_crowded,train,44b6_d29c9ab2,38.0,57.0,42.0,43.0,0.9084026158592896
3.0,Learned_UNet_N1,seq_train_44b6_t40_p04_crowded,train,44b6_d29c9ab2,39.0,58.0,42.0,43.0,0.8125
3.0,Learned_UNet_N1,seq_train_44b6_t40_p04_crowded,train,44b6_d29c9ab2,40.0,59.0,42.0,43.0,1.284675299443404
3.0,Learned_UNet_N1,seq_train_44b6_t40_p04_crowded,train,44b6_d29c9ab2,41.0,60.0,42.0,43.0,0.0
3.0,Learned_UNet_N1,seq_train_44b6_t40_p04_crowded,train,44b6_d29c9ab2,43.0,65.0,42.0,43.0,1.21875
3.0,Learned_UNet_N1,seq_train_44b6_t40_p04_crowded,train,44b6_d29c9ab2,44.0,64.0,42.0,43.0,1.284675299443404
3.0,Learned_UNet_N1,seq_train_44b6_t40_p04_crowded,train,44b6_d29c9ab2,47.0,63.0,42.0,43.0,1.1490485194281397
3.0,Learned_UNet_N1,seq_train_44b6_t40_p04_crowded,train,44b6_d29c9ab2,48.0,66.0,42.0,43.0,0.0
3.0,Learned_UNet_N1,seq_train_44b6_t40_p04_crowded,train,44b6_d29c9ab2,49.0,72.0,42.0,43.0,1.8168052317185792
3.0,Learned_UNet_N1,seq_train_44b6_t40_p04_crowded,train,44b6_d29c9ab2,50.0,71.0,42.0,43.0,0.0
3.0,Learned_UNet_N1,seq_train_44b6_t40_p04_crowded,train,44b6_d29c9ab2,51.0,67.0,42.0,43.0,0.0
3.0,Learned_UNet_N1,seq_train_44b6_t40_p04_crowded,train,44b6_d29c9ab2,52.0,70.0,42.0,43.0,0.8125
3.0,Learned_UNet_N1,seq_train_44b6_t40_p04_crowded,train,44b6_d29c9ab2,53.0,75.0,42.0,43.0,2.4375
3.0,Learned_UNet_N1,seq_train_44b6_t40_p04_crowded,train,44b6_d29c9ab2,55.0,73.0,42.0,43.0,0.8125
3.0,Learned_UNet_N1,seq_train_44b6_t40_p04_crowded,train,44b6_d29c9ab2,56.0,74.0,42.0,43.0,0.8125
3.0,Learned_UNet_N1,seq_train_44b6_t40_p04_crowded,train,44b6_d29c9ab2,57.0,76.0,43.0,44.0,1.1490485194281397
3.0,Learned_UNet_N1,seq_train_44b6_t40_p04_crowded,train,44b6_d29c9ab2,58.0,77.0,43.0,44.0,1.284675299443404
3.0,Learned_UNet_N1,seq_train_44b6_t40_p04_crowded,train,44b6_d29c9ab2,59.0,80.0,43.0,44.0,1.7235727791422095
3.0,Learned_UNet_N1,seq_train_44b6_t40_p04_crowded,train,44b6_d29c9ab2,60.0,78.0,43.0,44.0,0.9084026158592896
3.0,Learned_UNet_N1,seq_train_44b6_t40_p04_crowded,train,44b6_d29c9ab2,61.0,79.0,43.0,44.0,0.40625
3.0,Learned_UNet_N1,seq_train_44b6_t40_p04_crowded,train,44b6_d29c9ab2,62.0,83.0,43.0,44.0,0.5745242597140698
3.0,Learned_UNet_N1,seq_train_44b6_t40_p04_crowded,train,44b6_d29c9ab2,63.0,86.0,43.0,44.0,0.8125
3.0,Learned_UNet_N1,seq_train_44b6_t40_p04_crowded,train,44b6_d29c9ab2,64.0,85.0,43.0,44.0,0.0
3.0,Learned_UNet_N1,seq_train_44b6_t40_p04_crowded,train,44b6_d29c9ab2,65.0,84.0,43.0,44.0,0.8125
3.0,Learned_UNet_N1,seq_train_44b6_t40_p04_crowded,train,44b6_d29c9ab2,66.0,82.0,43.0,44.0,1.284675299443404
3.0,Learned_UNet_N1,seq_train_44b6_t40_p04_crowded,train,44b6_d29c9ab2,67.0,81.0,43.0,44.0,1.4647552056572457
3.0,Learned_UNet_N1,seq_train_44b6_t40_p04_crowded,train,44b6_d29c9ab2,68.0,87.0,43.0,44.0,0.8125
3.0,Learned_UNet_N1,seq_train_44b6_t40_p04_crowded,train,44b6_d29c9ab2,69.0,90.0,43.0,44.0,2.2980970388562794
3.0,Learned_UNet_N1,seq_train_44b6_t40_p04_crowded,train,44b6_d29c9ab2,70.0,88.0,43.0,44.0,0.0
3.0,Learned_UNet_N1,seq_train_44b6_t40_p04_crowded,train,44b6_d29c9ab2,71.0,91.0,43.0,44.0,1.625
3.0,Learned_UNet_N1,seq_train_44b6_t40_p04_crowded,train,44b6_d29c9ab2,72.0,93.0,43.0,44.0,1.625
3.0,Learned_UNet_N1,seq_train_44b6_t15_p05_crowded,train,44b6_d29c9ab2,0.0,20.0,15.0,16.0,1.1490485194281397
3.0,Learned_UNet_N1,seq_train_44b6_t15_p05_crowded,train,44b6_d29c9ab2,1.0,19.0,15.0,16.0,2.569350598886808
3.0,Learned_UNet_N1,seq_train_44b6_t15_p05_crowded,train,44b6_d29c9ab2,3.0,23.0,15.0,16.0,1.8168052317185792
3.0,Learned_UNet_N1,seq_train_44b6_t15_p05_crowded,train,44b6_d29c9ab2,4.0,22.0,15.0,16.0,2.4375
3.0,Learned_UNet_N1,seq_train_44b6_t15_p05_crowded,train,44b6_d29c9ab2,5.0,29.0,15.0,16.0,1.1490485194281397
3.0,Learned_UNet_N1,seq_train_44b6_t15_p05_crowded,train,44b6_d29c9ab2,8.0,30.0,15.0,16.0,1.6750116604071745
3.0,Learned_UNet_N1,seq_train_44b6_t15_p05_crowded,train,44b6_d29c9ab2,10.0,35.0,15.0,16.0,2.4375
3.0,Learned_UNet_N1,seq_train_44b6_t15_p05_crowded,train,44b6_d29c9ab2,11.0,28.0,15.0,16.0,0.40625
3.0,Learned_UNet_N1,seq_train_44b6_t15_p05_crowded,train,44b6_d29c9ab2,13.0,34.0,15.0,16.0,2.7252078475778685
3.0,Learned_UNet_N1,seq_train_44b6_t15_p05_crowded,train,44b6_d29c9ab2,16.0,32.0,15.0,16.0,1.1490485194281397
3.0,Learned_UNet_N1,seq_train_44b6_t15_p05_crowded,train,44b6_d29c9ab2,18.0,36.0,15.0,16.0,2.2980970388562794
3.0,Learned_UNet_N1,seq_train_44b6_t15_p05_crowded,train,44b6_d29c9ab2,19.0,39.0,16.0,17.0,1.8168052317185792
3.0,Learned_UNet_N1,seq_train_44b6_t15_p05_crowded,train,44b6_d29c9ab2,20.0,37.0,16.0,17.0,1.7235727791422095
3.0,Learned_UNet_N1,seq_train_44b6_t15_p05_crowded,train,44b6_d29c9ab2,22.0,42.0,16.0,17.0,1.1490485194281397
3.0,Learned_UNet_N1,seq_train_44b6_t15_p05_crowded,train,44b6_d29c9ab2,23.0,43.0,16.0,17.0,1.7235727791422095
3.0,Learned_UNet_N1,seq_train_44b6_t15_p05_crowded,train,44b6_d29c9ab2,24.0,38.0,16.0,17.0,0.9084026158592896
3.0,Learned_UNet_N1,seq_train_44b6_t15_p05_crowded,train,44b6_d29c9ab2,25.0,40.0,16.0,17.0,2.368824207280903
3.0,Learned_UNet_N1,seq_train_44b6_t15_p05_crowded,train,44b6_d29c9ab2,26.0,46.0,16.0,17.0,0.9084026158592896
3.0,Learned_UNet_N1,seq_train_44b6_t15_p05_crowded,train,44b6_d29c9ab2,27.0,48.0,16.0,17.0,1.7235727791422095
3.0,Learned_UNet_N1,seq_train_44b6_t15_p05_crowded,train,44b6_d29c9ab2,29.0,45.0,16.0,17.0,1.8168052317185792
3.0,Learned_UNet_N1,seq_train_44b6_t15_p05_crowded,train,44b6_d29c9ab2,34.0,44.0,16.0,17.0,2.368824207280903
3.0,Learned_UNet_N1,seq_train_44b6_t15_p05_crowded,train,44b6_d29c9ab2,37.0,57.0,17.0,18.0,1.284675299443404
3.0,Learned_UNet_N1,seq_train_44b6_t15_p05_crowded,train,44b6_d29c9ab2,38.0,55.0,17.0,18.0,1.21875
3.0,Learned_UNet_N1,seq_train_44b6_t15_p05_crowded,train,44b6_d29c9ab2,39.0,54.0,17.0,18.0,0.8125
3.0,Learned_UNet_N1,seq_train_44b6_t15_p05_crowded,train,44b6_d29c9ab2,40.0,64.0,17.0,18.0,2.471122277933652
3.0,Learned_UNet_N1,seq_train_44b6_t15_p05_crowded,train,44b6_d29c9ab2,41.0,61.0,17.0,18.0,1.284675299443404
3.0,Learned_UNet_N1,seq_train_44b6_t15_p05_crowded,train,44b6_d29c9ab2,42.0,60.0,17.0,18.0,1.625
3.0,Learned_UNet_N1,seq_train_44b6_t15_p05_crowded,train,44b6_d29c9ab2,43.0,62.0,17.0,18.0,2.03125
3.0,Learned_UNet_N1,seq_train_44b6_t15_p05_crowded,train,44b6_d29c9ab2,45.0,59.0,17.0,18.0,2.03125
3.0,Learned_UNet_N1,seq_train_44b6_t15_p05_crowded,train,44b6_d29c9ab2,47.0,65.0,17.0,18.0,1.6750116604071745
3.0,Learned_UNet_N1,seq_train_44b6_t15_p05_crowded,train,44b6_d29c9ab2,48.0,68.0,17.0,18.0,1.8168052317185792
3.0,Learned_UNet_N1,seq_train_44b6_t15_p05_crowded,train,44b6_d29c9ab2,49.0,56.0,17.0,18.0,1.86167137607581
3.0,Learned_UNet_N1,seq_train_44b6_t15_p05_crowded,train,44b6_d29c9ab2,51.0,67.0,17.0,18.0,0.8125
3.0,Learned_UNet_N1,seq_train_44b6_t15_p05_crowded,train,44b6_d29c9ab2,52.0,66.0,17.0,18.0,1.4647552056572457
3.0,Learned_UNet_N1,seq_train_44b6_t20_p06_crowded,train,44b6_d29c9ab2,0.0,21.0,20.0,21.0,1.6750116604071745
3.0,Learned_UNet_N1,seq_train_44b6_t20_p06_crowded,train,44b6_d29c9ab2,1.0,22.0,20.0,21.0,1.1490485194281397
3.0,Learned_UNet_N1,seq_train_44b6_t20_p06_crowded,train,44b6_d29c9ab2,3.0,23.0,20.0,21.0,0.0
3.0,Learned_UNet_N1,seq_train_44b6_t20_p06_crowded,train,44b6_d29c9ab2,4.0,28.0,20.0,21.0,0.8125
3.0,Learned_UNet_N1,seq_train_44b6_t20_p06_crowded,train,44b6_d29c9ab2,5.0,24.0,20.0,21.0,0.40625
3.0,Learned_UNet_N1,seq_train_44b6_t20_p06_crowded,train,44b6_d29c9ab2,6.0,25.0,20.0,21.0,0.8125
3.0,Learned_UNet_N1,seq_train_44b6_t20_p06_crowded,train,44b6_d29c9ab2,7.0,27.0,20.0,21.0,0.40625
3.0,Learned_UNet_N1,seq_train_44b6_t20_p06_crowded,train,44b6_d29c9ab2,8.0,30.0,20.0,21.0,0.8125
3.0,Learned_UNet_N1,seq_train_44b6_t20_p06_crowded,train,44b6_d29c9ab2,10.0,29.0,20.0,21.0,0.8125
3.0,Learned_UNet_N1,seq_train_44b6_t20_p06_crowded,train,44b6_d29c9ab2,15.0,34.0,20.0,21.0,1.4647552056572457
3.0,Learned_UNet_N1,seq_train_44b6_t20_p06_crowded,train,44b6_d29c9ab2,16.0,33.0,20.0,21.0,0.5745242597140698
3.0,Learned_UNet_N1,seq_train_44b6_t20_p06_crowded,train,44b6_d29c9ab2,17.0,32.0,20.0,21.0,1.8168052317185792
3.0,Learned_UNet_N1,seq_train_44b6_t20_p06_crowded,train,44b6_d29c9ab2,18.0,31.0,20.0,21.0,0.0
3.0,Learned_UNet_N1,seq_train_44b6_t20_p06_crowded,train,44b6_d29c9ab2,19.0,35.0,20.0,21.0,0.40625
3.0,Learned_UNet_N1,seq_train_44b6_t20_p06_crowded,train,44b6_d29c9ab2,23.0,41.0,21.0,22.0,0.0
3.0,Learned_UNet_N1,seq_train_44b6_t20_p06_crowded,train,44b6_d29c9ab2,24.0,44.0,21.0,22.0,0.9084026158592896
3.0,Learned_UNet_N1,seq_train_44b6_t20_p06_crowded,train,44b6_d29c9ab2,25.0,42.0,21.0,22.0,0.9084026158592896
3.0,Learned_UNet_N1,seq_train_44b6_t20_p06_crowded,train,44b6_d29c9ab2,26.0,47.0,21.0,22.0,2.1877232028983924
3.0,Learned_UNet_N1,seq_train_44b6_t20_p06_crowded,train,44b6_d29c9ab2,28.0,43.0,21.0,22.0,0.40625
3.0,Learned_UNet_N1,seq_train_44b6_t20_p06_crowded,train,44b6_d29c9ab2,29.0,50.0,21.0,22.0,0.8125
3.0,Learned_UNet_N1,seq_train_44b6_t20_p06_crowded,train,44b6_d29c9ab2,30.0,49.0,21.0,22.0,0.8125
3.0,Learned_UNet_N1,seq_train_44b6_t20_p06_crowded,train,44b6_d29c9ab2,32.0,53.0,21.0,22.0,1.1490485194281397
3.0,Learned_UNet_N1,seq_train_44b6_t20_p06_crowded,train,44b6_d29c9ab2,33.0,52.0,21.0,22.0,0.8125
3.0,Learned_UNet_N1,seq_train_44b6_t20_p06_crowded,train,44b6_d29c9ab2,34.0,54.0,21.0,22.0,0.8125
3.0,Learned_UNet_N1,seq_train_44b6_t20_p06_crowded,train,44b6_d29c9ab2,35.0,56.0,21.0,22.0,1.21875
3.0,Learned_UNet_N1,seq_train_44b6_t20_p06_crowded,train,44b6_d29c9ab2,38.0,59.0,22.0,23.0,0.40625
3.0,Learned_UNet_N1,seq_train_44b6_t20_p06_crowded,train,44b6_d29c9ab2,39.0,61.0,22.0,23.0,1.6750116604071745
3.0,Learned_UNet_N1,seq_train_44b6_t20_p06_crowded,train,44b6_d29c9ab2,41.0,62.0,22.0,23.0,0.8125
3.0,Learned_UNet_N1,seq_train_44b6_t20_p06_crowded,train,44b6_d29c9ab2,42.0,57.0,22.0,23.0,0.9084026158592896
3.0,Learned_UNet_N1,seq_train_44b6_t20_p06_crowded,train,44b6_d29c9ab2,43.0,65.0,22.0,23.0,0.40625
3.0,Learned_UNet_N1,seq_train_44b6_t20_p06_crowded,train,44b6_d29c9ab2,44.0,66.0,22.0,23.0,0.5745242597140698
3.0,Learned_UNet_N1,seq_train_44b6_t20_p06_crowded,train,44b6_d29c9ab2,45.0,60.0,22.0,23.0,1.284675299443404
3.0,Learned_UNet_N1,seq_train_44b6_t20_p06_crowded,train,44b6_d29c9ab2,47.0,64.0,22.0,23.0,0.9084026158592896
3.0,Learned_UNet_N1,seq_train_44b6_t20_p06_crowded,train,44b6_d29c9ab2,48.0,67.0,22.0,23.0,1.4647552056572457
3.0,Learned_UNet_N1,seq_train_44b6_t20_p06_crowded,train,44b6_d29c9ab2,49.0,70.0,22.0,23.0,1.4647552056572457
3.0,Learned_UNet_N1,seq_train_44b6_t20_p06_crowded,train,44b6_d29c9ab2,50.0,71.0,22.0,23.0,0.5745242597140698
3.0,Learned_UNet_N1,seq_train_44b6_t20_p06_crowded,train,44b6_d29c9ab2,52.0,69.0,22.0,23.0,0.5745242597140698
3.0,Learned_UNet_N1,seq_train_44b6_t20_p06_crowded,train,44b6_d29c9ab2,54.0,73.0,22.0,23.0,0.5745242597140698
3.0,Learned_UNet_N1,seq_train_44b6_t20_p06_crowded,train,44b6_d29c9ab2,55.0,75.0,22.0,23.0,0.0
3.0,Learned_UNet_N1,seq_train_44b6_t20_p06_crowded,train,44b6_d29c9ab2,56.0,74.0,22.0,23.0,1.8168052317185792
3.0,Learned_UNet_N1,seq_train_44b6_t20_p06_crowded,train,44b6_d29c9ab2,57.0,77.0,23.0,24.0,1.1490485194281397
3.0,Learned_UNet_N1,seq_train_44b6_t20_p06_crowded,train,44b6_d29c9ab2,58.0,78.0,23.0,24.0,0.9084026158592896
3.0,Learned_UNet_N1,seq_train_44b6_t20_p06_crowded,train,44b6_d29c9ab2,59.0,76.0,23.0,24.0,0.9084026158592896
3.0,Learned_UNet_N1,seq_train_44b6_t20_p06_crowded,train,44b6_d29c9ab2,60.0,81.0,23.0,24.0,1.1490485194281397
3.0,Learned_UNet_N1,seq_train_44b6_t20_p06_crowded,train,44b6_d29c9ab2,62.0,82.0,23.0,24.0,0.0
3.0,Learned_UNet_N1,seq_train_44b6_t20_p06_crowded,train,44b6_d29c9ab2,63.0,83.0,23.0,24.0,0.9084026158592896
3.0,Learned_UNet_N1,seq_train_44b6_t20_p06_crowded,train,44b6_d29c9ab2,64.0,80.0,23.0,24.0,0.8125
3.0,Learned_UNet_N1,seq_train_44b6_t20_p06_crowded,train,44b6_d29c9ab2,66.0,84.0,23.0,24.0,0.5745242597140698
3.0,Learned_UNet_N1,seq_train_44b6_t20_p06_crowded,train,44b6_d29c9ab2,67.0,87.0,23.0,24.0,1.284675299443404
3.0,Learned_UNet_N1,seq_train_44b6_t20_p06_crowded,train,44b6_d29c9ab2,68.0,85.0,23.0,24.0,0.40625
3.0,Learned_UNet_N1,seq_train_44b6_t20_p06_crowded,train,44b6_d29c9ab2,69.0,89.0,23.0,24.0,0.9084026158592896
3.0,Learned_UNet_N1,seq_train_44b6_t20_p06_crowded,train,44b6_d29c9ab2,71.0,90.0,23.0,24.0,1.284675299443404
3.0,Learned_UNet_N1,seq_train_44b6_t20_p06_crowded,train,44b6_d29c9ab2,72.0,91.0,23.0,24.0,2.0714766773970688
3.0,Learned_UNet_N1,seq_train_44b6_t20_p06_crowded,train,44b6_d29c9ab2,73.0,86.0,23.0,24.0,1.284675299443404
3.0,Learned_UNet_N1,seq_train_44b6_t20_p06_crowded,train,44b6_d29c9ab2,74.0,92.0,23.0,24.0,1.1490485194281397
3.0,Learned_UNet_N1,seq_train_44b6_t20_p06_crowded,train,44b6_d29c9ab2,75.0,94.0,23.0,24.0,0.5745242597140698
3.0,Learned_UNet_N1,seq_train_6bba_t15_p01_crowded,train,6bba_bb9f20c3,1.0,20.0,15.0,16.0,1.6750116604071745
3.0,Learned_UNet_N1,seq_train_6bba_t15_p01_crowded,train,6bba_bb9f20c3,2.0,24.0,15.0,16.0,0.40625
3.0,Learned_UNet_N1,seq_train_6bba_t15_p01_crowded,train,6bba_bb9f20c3,3.0,21.0,15.0,16.0,0.8125
3.0,Learned_UNet_N1,seq_train_6bba_t15_p01_crowded,train,6bba_bb9f20c3,4.0,22.0,15.0,16.0,0.40625
3.0,Learned_UNet_N1,seq_train_6bba_t15_p01_crowded,train,6bba_bb9f20c3,5.0,23.0,15.0,16.0,0.9084026158592896
3.0,Learned_UNet_N1,seq_train_6bba_t15_p01_crowded,train,6bba_bb9f20c3,6.0,25.0,15.0,16.0,0.8125
3.0,Learned_UNet_N1,seq_train_6bba_t15_p01_crowded,train,6bba_bb9f20c3,9.0,26.0,15.0,16.0,1.625
3.0,Learned_UNet_N1,seq_train_6bba_t15_p01_crowded,train,6bba_bb9f20c3,10.0,29.0,15.0,16.0,2.569350598886808
3.0,Learned_UNet_N1,seq_train_6bba_t15_p01_crowded,train,6bba_bb9f20c3,11.0,30.0,15.0,16.0,2.0714766773970688
3.0,Learned_UNet_N1,seq_train_6bba_t15_p01_crowded,train,6bba_bb9f20c3,12.0,28.0,15.0,16.0,0.5745242597140698
3.0,Learned_UNet_N1,seq_train_6bba_t15_p01_crowded,train,6bba_bb9f20c3,15.0,27.0,15.0,16.0,1.284675299443404
3.0,Learned_UNet_N1,seq_train_6bba_t15_p01_crowded,train,6bba_bb9f20c3,16.0,32.0,15.0,16.0,0.0
3.0,Learned_UNet_N1,seq_train_6bba_t15_p01_crowded,train,6bba_bb9f20c3,18.0,33.0,16.0,17.0,0.40625
3.0,Learned_UNet_N1,seq_train_6bba_t15_p01_crowded,train,6bba_bb9f20c3,19.0,34.0,16.0,17.0,0.9084026158592896
3.0,Learned_UNet_N1,seq_train_6bba_t15_p01_crowded,train,6bba_bb9f20c3,20.0,39.0,16.0,17.0,0.40625
3.0,Learned_UNet_N1,seq_train_6bba_t15_p01_crowded,train,6bba_bb9f20c3,21.0,36.0,16.0,17.0,1.284675299443404
3.0,Learned_UNet_N1,seq_train_6bba_t15_p01_crowded,train,6bba_bb9f20c3,22.0,37.0,16.0,17.0,0.5745242597140698
3.0,Learned_UNet_N1,seq_train_6bba_t15_p01_crowded,train,6bba_bb9f20c3,23.0,38.0,16.0,17.0,1.8168052317185792
3.0,Learned_UNet_N1,seq_train_6bba_t15_p01_crowded,train,6bba_bb9f20c3,24.0,35.0,16.0,17.0,0.9084026158592896
3.0,Learned_UNet_N1,seq_train_6bba_t15_p01_crowded,train,6bba_bb9f20c3,25.0,42.0,16.0,17.0,1.1490485194281397
3.0,Learned_UNet_N1,seq_train_6bba_t15_p01_crowded,train,6bba_bb9f20c3,27.0,44.0,16.0,17.0,0.8125
3.0,Learned_UNet_N1,seq_train_6bba_t15_p01_crowded,train,6bba_bb9f20c3,28.0,46.0,16.0,17.0,1.284675299443404
3.0,Learned_UNet_N1,seq_train_6bba_t15_p01_crowded,train,6bba_bb9f20c3,29.0,47.0,16.0,17.0,0.5745242597140698
3.0,Learned_UNet_N1,seq_train_6bba_t15_p01_crowded,train,6bba_bb9f20c3,30.0,45.0,16.0,17.0,0.5745242597140698
3.0,Learned_UNet_N1,seq_train_6bba_t15_p01_crowded,train,6bba_bb9f20c3,33.0,50.0,17.0,18.0,0.0
3.0,Learned_UNet_N1,seq_train_6bba_t15_p01_crowded,train,6bba_bb9f20c3,34.0,51.0,17.0,18.0,0.0
3.0,Learned_UNet_N1,seq_train_6bba_t15_p01_crowded,train,6bba_bb9f20c3,35.0,52.0,17.0,18.0,0.0
3.0,Learned_UNet_N1,seq_train_6bba_t15_p01_crowded,train,6bba_bb9f20c3,36.0,53.0,17.0,18.0,0.0
3.0,Learned_UNet_N1,seq_train_6bba_t15_p01_crowded,train,6bba_bb9f20c3,37.0,54.0,17.0,18.0,0.0
3.0,Learned_UNet_N1,seq_train_6bba_t15_p01_crowded,train,6bba_bb9f20c3,38.0,55.0,17.0,18.0,0.0
3.0,Learned_UNet_N1,seq_train_6bba_t15_p01_crowded,train,6bba_bb9f20c3,39.0,56.0,17.0,18.0,0.0
3.0,Learned_UNet_N1,seq_train_6bba_t15_p01_crowded,train,6bba_bb9f20c3,40.0,57.0,17.0,18.0,0.0
3.0,Learned_UNet_N1,seq_train_6bba_t15_p01_crowded,train,6bba_bb9f20c3,41.0,58.0,17.0,18.0,0.0
3.0,Learned_UNet_N1,seq_train_6bba_t15_p01_crowded,train,6bba_bb9f20c3,42.0,59.0,17.0,18.0,0.0
3.0,Learned_UNet_N1,seq_train_6bba_t15_p01_crowded,train,6bba_bb9f20c3,43.0,60.0,17.0,18.0,0.0
3.0,Learned_UNet_N1,seq_train_6bba_t15_p01_crowded,train,6bba_bb9f20c3,44.0,61.0,17.0,18.0,0.0
3.0,Learned_UNet_N1,seq_train_6bba_t15_p01_crowded,train,6bba_bb9f20c3,45.0,62.0,17.0,18.0,0.0
3.0,Learned_UNet_N1,seq_train_6bba_t15_p01_crowded,train,6bba_bb9f20c3,46.0,63.0,17.0,18.0,0.0
3.0,Learned_UNet_N1,seq_train_6bba_t15_p01_crowded,train,6bba_bb9f20c3,47.0,64.0,17.0,18.0,0.0
3.0,Learned_UNet_N1,seq_train_6bba_t15_p01_crowded,train,6bba_bb9f20c3,48.0,65.0,17.0,18.0,0.0
3.0,Learned_UNet_N1,seq_train_6bba_t15_p01_crowded,train,6bba_bb9f20c3,49.0,66.0,17.0,18.0,0.0
3.0,Learned_UNet_N1,seq_train_6bba_t15_p01_crowded,train,6bba_bb9f20c3,51.0,67.0,18.0,19.0,0.8125
3.0,Learned_UNet_N1,seq_train_6bba_t15_p01_crowded,train,6bba_bb9f20c3,55.0,72.0,18.0,19.0,1.6750116604071745
3.0,Learned_UNet_N1,seq_train_6bba_t15_p01_crowded,train,6bba_bb9f20c3,56.0,80.0,18.0,19.0,0.0
3.0,Learned_UNet_N1,seq_train_6bba_t15_p01_crowded,train,6bba_bb9f20c3,58.0,75.0,18.0,19.0,0.5745242597140698
3.0,Learned_UNet_N1,seq_train_6bba_t15_p01_crowded,train,6bba_bb9f20c3,59.0,73.0,18.0,19.0,1.625
3.0,Learned_UNet_N1,seq_train_6bba_t15_p01_crowded,train,6bba_bb9f20c3,61.0,76.0,18.0,19.0,1.7235727791422095
3.0,Learned_UNet_N1,seq_train_6bba_t15_p01_crowded,train,6bba_bb9f20c3,64.0,77.0,18.0,19.0,2.368824207280903
3.0,Learned_UNet_N1,seq_train_6bba_t15_p01_crowded,train,6bba_bb9f20c3,65.0,78.0,18.0,19.0,2.0714766773970688
3.0,Learned_UNet_N1,seq_train_6bba_t35_p02_crowded,train,6bba_bb9f20c3,0.0,17.0,35.0,36.0,0.5745242597140698
3.0,Learned_UNet_N1,seq_train_6bba_t35_p02_crowded,train,6bba_bb9f20c3,2.0,21.0,35.0,36.0,0.0
3.0,Learned_UNet_N1,seq_train_6bba_t35_p02_crowded,train,6bba_bb9f20c3,3.0,19.0,35.0,36.0,2.569350598886808
3.0,Learned_UNet_N1,seq_train_6bba_t35_p02_crowded,train,6bba_bb9f20c3,4.0,20.0,35.0,36.0,0.9084026158592896
3.0,Learned_UNet_N1,seq_train_6bba_t35_p02_crowded,train,6bba_bb9f20c3,6.0,23.0,35.0,36.0,0.8125
3.0,Learned_UNet_N1,seq_train_6bba_t35_p02_crowded,train,6bba_bb9f20c3,7.0,24.0,35.0,36.0,0.40625
3.0,Learned_UNet_N1,seq_train_6bba_t35_p02_crowded,train,6bba_bb9f20c3,8.0,27.0,35.0,36.0,0.9084026158592896
3.0,Learned_UNet_N1,seq_train_6bba_t35_p02_crowded,train,6bba_bb9f20c3,9.0,26.0,35.0,36.0,0.40625
3.0,Learned_UNet_N1,seq_train_6bba_t35_p02_crowded,train,6bba_bb9f20c3,10.0,28.0,35.0,36.0,1.284675299443404
3.0,Learned_UNet_N1,seq_train_6bba_t35_p02_crowded,train,6bba_bb9f20c3,13.0,29.0,35.0,36.0,0.5745242597140698
3.0,Learned_UNet_N1,seq_train_6bba_t35_p02_crowded,train,6bba_bb9f20c3,14.0,30.0,35.0,36.0,1.8168052317185792
3.0,Learned_UNet_N1,seq_train_6bba_t35_p02_crowded,train,6bba_bb9f20c3,17.0,32.0,36.0,37.0,0.5745242597140698
3.0,Learned_UNet_N1,seq_train_6bba_t35_p02_crowded,train,6bba_bb9f20c3,18.0,31.0,36.0,37.0,1.1490485194281397
3.0,Learned_UNet_N1,seq_train_6bba_t35_p02_crowded,train,6bba_bb9f20c3,19.0,33.0,36.0,37.0,0.0
3.0,Learned_UNet_N1,seq_train_6bba_t35_p02_crowded,train,6bba_bb9f20c3,20.0,36.0,36.0,37.0,0.40625
3.0,Learned_UNet_N1,seq_train_6bba_t35_p02_crowded,train,6bba_bb9f20c3,21.0,34.0,36.0,37.0,0.0
3.0,Learned_UNet_N1,seq_train_6bba_t35_p02_crowded,train,6bba_bb9f20c3,22.0,35.0,36.0,37.0,0.40625
3.0,Learned_UNet_N1,seq_train_6bba_t35_p02_crowded,train,6bba_bb9f20c3,24.0,37.0,36.0,37.0,0.40625
3.0,Learned_UNet_N1,seq_train_6bba_t35_p02_crowded,train,6bba_bb9f20c3,26.0,42.0,36.0,37.0,0.0
3.0,Learned_UNet_N1,seq_train_6bba_t35_p02_crowded,train,6bba_bb9f20c3,27.0,39.0,36.0,37.0,1.1490485194281397
3.0,Learned_UNet_N1,seq_train_6bba_t35_p02_crowded,train,6bba_bb9f20c3,28.0,43.0,36.0,37.0,1.1490485194281397
3.0,Learned_UNet_N1,seq_train_6bba_t35_p02_crowded,train,6bba_bb9f20c3,30.0,44.0,36.0,37.0,1.8168052317185792
3.0,Learned_UNet_N1,seq_train_6bba_t35_p02_crowded,train,6bba_bb9f20c3,33.0,51.0,37.0,38.0,1.8168052317185792
3.0,Learned_UNet_N1,seq_train_6bba_t35_p02_crowded,train,6bba_bb9f20c3,35.0,49.0,37.0,38.0,1.8168052317185792
3.0,Learned_UNet_N1,seq_train_6bba_t35_p02_crowded,train,6bba_bb9f20c3,38.0,46.0,37.0,38.0,2.8726212985703494
3.0,Learned_UNet_N1,seq_train_6bba_t35_p02_crowded,train,6bba_bb9f20c3,39.0,54.0,37.0,38.0,2.7252078475778685
3.0,Learned_UNet_N1,seq_train_6bba_t35_p02_crowded,train,6bba_bb9f20c3,42.0,56.0,37.0,38.0,0.8125
3.0,Learned_UNet_N1,seq_train_6bba_t35_p02_crowded,train,6bba_bb9f20c3,43.0,55.0,37.0,38.0,1.284675299443404
3.0,Learned_UNet_N1,seq_train_6bba_t35_p02_crowded,train,6bba_bb9f20c3,45.0,63.0,38.0,39.0,0.8125
3.0,Learned_UNet_N1,seq_train_6bba_t35_p02_crowded,train,6bba_bb9f20c3,46.0,64.0,38.0,39.0,1.7235727791422095
3.0,Learned_UNet_N1,seq_train_6bba_t35_p02_crowded,train,6bba_bb9f20c3,47.0,67.0,38.0,39.0,1.6750116604071745
3.0,Learned_UNet_N1,seq_train_6bba_t35_p02_crowded,train,6bba_bb9f20c3,48.0,66.0,38.0,39.0,0.9084026158592896
3.0,Learned_UNet_N1,seq_train_6bba_t35_p02_crowded,train,6bba_bb9f20c3,49.0,65.0,38.0,39.0,1.4647552056572457
3.0,Learned_UNet_N1,seq_train_6bba_t35_p02_crowded,train,6bba_bb9f20c3,50.0,71.0,38.0,39.0,2.0714766773970688
3.0,Learned_UNet_N1,seq_train_6bba_t35_p02_crowded,train,6bba_bb9f20c3,52.0,69.0,38.0,39.0,2.6012692214570947
3.0,Learned_UNet_N1,seq_train_6bba_t35_p02_crowded,train,6bba_bb9f20c3,53.0,70.0,38.0,39.0,2.333728575156074
3.0,Learned_UNet_N1,seq_train_6bba_t35_p02_crowded,train,6bba_bb9f20c3,55.0,73.0,38.0,39.0,1.284675299443404
3.0,Learned_UNet_N1,seq_train_6bba_t35_p02_crowded,train,6bba_bb9f20c3,59.0,74.0,38.0,39.0,0.5745242597140698
3.0,Learned_UNet_N1,seq_train_6bba_t40_p03_crowded,train,6bba_bb9f20c3,0.0,19.0,40.0,41.0,0.0
3.0,Learned_UNet_N1,seq_train_6bba_t40_p03_crowded,train,6bba_bb9f20c3,1.0,18.0,40.0,41.0,0.8125
3.0,Learned_UNet_N1,seq_train_6bba_t40_p03_crowded,train,6bba_bb9f20c3,2.0,21.0,40.0,41.0,0.40625
3.0,Learned_UNet_N1,seq_train_6bba_t40_p03_crowded,train,6bba_bb9f20c3,3.0,22.0,40.0,41.0,0.0
3.0,Learned_UNet_N1,seq_train_6bba_t40_p03_crowded,train,6bba_bb9f20c3,4.0,20.0,40.0,41.0,0.8125
3.0,Learned_UNet_N1,seq_train_6bba_t40_p03_crowded,train,6bba_bb9f20c3,5.0,25.0,40.0,41.0,0.0
3.0,Learned_UNet_N1,seq_train_6bba_t40_p03_crowded,train,6bba_bb9f20c3,6.0,23.0,40.0,41.0,0.0
3.0,Learned_UNet_N1,seq_train_6bba_t40_p03_crowded,train,6bba_bb9f20c3,7.0,26.0,40.0,41.0,0.5745242597140698
3.0,Learned_UNet_N1,seq_train_6bba_t40_p03_crowded,train,6bba_bb9f20c3,8.0,28.0,40.0,41.0,1.625
3.0,Learned_UNet_N1,seq_train_6bba_t40_p03_crowded,train,6bba_bb9f20c3,12.0,32.0,40.0,41.0,0.5745242597140698
3.0,Learned_UNet_N1,seq_train_6bba_t40_p03_crowded,train,6bba_bb9f20c3,14.0,33.0,40.0,41.0,0.5745242597140698
3.0,Learned_UNet_N1,seq_train_6bba_t40_p03_crowded,train,6bba_bb9f20c3,16.0,35.0,40.0,41.0,0.8125
3.0,Learned_UNet_N1,seq_train_6bba_t40_p03_crowded,train,6bba_bb9f20c3,18.0,39.0,41.0,42.0,0.8125
3.0,Learned_UNet_N1,seq_train_6bba_t40_p03_crowded,train,6bba_bb9f20c3,20.0,41.0,41.0,42.0,1.1490485194281397
3.0,Learned_UNet_N1,seq_train_6bba_t40_p03_crowded,train,6bba_bb9f20c3,21.0,37.0,41.0,42.0,0.8125
3.0,Learned_UNet_N1,seq_train_6bba_t40_p03_crowded,train,6bba_bb9f20c3,23.0,40.0,41.0,42.0,0.8125
3.0,Learned_UNet_N1,seq_train_6bba_t40_p03_crowded,train,6bba_bb9f20c3,24.0,43.0,41.0,42.0,0.0
3.0,Learned_UNet_N1,seq_train_6bba_t40_p03_crowded,train,6bba_bb9f20c3,25.0,45.0,41.0,42.0,1.284675299443404
3.0,Learned_UNet_N1,seq_train_6bba_t40_p03_crowded,train,6bba_bb9f20c3,26.0,46.0,41.0,42.0,0.5745242597140698
3.0,Learned_UNet_N1,seq_train_6bba_t40_p03_crowded,train,6bba_bb9f20c3,27.0,42.0,41.0,42.0,0.5745242597140698
3.0,Learned_UNet_N1,seq_train_6bba_t40_p03_crowded,train,6bba_bb9f20c3,28.0,50.0,41.0,42.0,1.284675299443404
3.0,Learned_UNet_N1,seq_train_6bba_t40_p03_crowded,train,6bba_bb9f20c3,31.0,51.0,41.0,42.0,0.0
3.0,Learned_UNet_N1,seq_train_6bba_t40_p03_crowded,train,6bba_bb9f20c3,32.0,47.0,41.0,42.0,0.0
3.0,Learned_UNet_N1,seq_train_6bba_t40_p03_crowded,train,6bba_bb9f20c3,37.0,59.0,42.0,43.0,1.1490485194281397
3.0,Learned_UNet_N1,seq_train_6bba_t40_p03_crowded,train,6bba_bb9f20c3,38.0,55.0,42.0,43.0,1.625
3.0,Learned_UNet_N1,seq_train_6bba_t40_p03_crowded,train,6bba_bb9f20c3,39.0,56.0,42.0,43.0,0.8125
3.0,Learned_UNet_N1,seq_train_6bba_t40_p03_crowded,train,6bba_bb9f20c3,40.0,57.0,42.0,43.0,0.40625
3.0,Learned_UNet_N1,seq_train_6bba_t40_p03_crowded,train,6bba_bb9f20c3,41.0,61.0,42.0,43.0,2.4375
3.0,Learned_UNet_N1,seq_train_6bba_t40_p03_crowded,train,6bba_bb9f20c3,42.0,62.0,42.0,43.0,0.40625
3.0,Learned_UNet_N1,seq_train_6bba_t40_p03_crowded,train,6bba_bb9f20c3,43.0,63.0,42.0,43.0,0.8125
3.0,Learned_UNet_N1,seq_train_6bba_t40_p03_crowded,train,6bba_bb9f20c3,44.0,60.0,42.0,43.0,1.21875
3.0,Learned_UNet_N1,seq_train_6bba_t40_p03_crowded,train,6bba_bb9f20c3,45.0,66.0,42.0,43.0,0.8125
3.0,Learned_UNet_N1,seq_train_6bba_t40_p03_crowded,train,6bba_bb9f20c3,46.0,69.0,42.0,43.0,2.0714766773970688
3.0,Learned_UNet_N1,seq_train_6bba_t40_p03_crowded,train,6bba_bb9f20c3,47.0,64.0,42.0,43.0,0.8125
3.0,Learned_UNet_N1,seq_train_6bba_t40_p03_crowded,train,6bba_bb9f20c3,48.0,65.0,42.0,43.0,2.0714766773970688
3.0,Learned_UNet_N1,seq_train_6bba_t40_p03_crowded,train,6bba_bb9f20c3,51.0,68.0,42.0,43.0,0.8125
3.0,Learned_UNet_N1,seq_train_6bba_t40_p03_crowded,train,6bba_bb9f20c3,53.0,71.0,42.0,43.0,1.284675299443404
3.0,Learned_UNet_N1,seq_train_6bba_t40_p03_crowded,train,6bba_bb9f20c3,54.0,67.0,42.0,43.0,0.40625
3.0,Learned_UNet_N1,seq_train_6bba_t40_p03_crowded,train,6bba_bb9f20c3,55.0,74.0,43.0,44.0,0.8125
3.0,Learned_UNet_N1,seq_train_6bba_t40_p03_crowded,train,6bba_bb9f20c3,56.0,72.0,43.0,44.0,0.0
3.0,Learned_UNet_N1,seq_train_6bba_t40_p03_crowded,train,6bba_bb9f20c3,57.0,77.0,43.0,44.0,0.40625
3.0,Learned_UNet_N1,seq_train_6bba_t40_p03_crowded,train,6bba_bb9f20c3,60.0,78.0,43.0,44.0,0.8125
3.0,Learned_UNet_N1,seq_train_6bba_t40_p03_crowded,train,6bba_bb9f20c3,61.0,76.0,43.0,44.0,1.86167137607581
3.0,Learned_UNet_N1,seq_train_6bba_t40_p03_crowded,train,6bba_bb9f20c3,62.0,81.0,43.0,44.0,0.40625
3.0,Learned_UNet_N1,seq_train_6bba_t40_p03_crowded,train,6bba_bb9f20c3,64.0,88.0,43.0,44.0,1.7235727791422095
3.0,Learned_UNet_N1,seq_train_6bba_t40_p03_crowded,train,6bba_bb9f20c3,65.0,85.0,43.0,44.0,2.569350598886808
3.0,Learned_UNet_N1,seq_train_6bba_t40_p03_crowded,train,6bba_bb9f20c3,67.0,82.0,43.0,44.0,0.40625
3.0,Learned_UNet_N1,seq_train_6bba_t40_p03_crowded,train,6bba_bb9f20c3,68.0,86.0,43.0,44.0,0.8125
3.0,Learned_UNet_N1,seq_train_6bba_t40_p03_crowded,train,6bba_bb9f20c3,69.0,87.0,43.0,44.0,1.625
3.0,Learned_UNet_N1,seq_train_6bba_t40_p03_crowded,train,6bba_bb9f20c3,70.0,80.0,43.0,44.0,1.1490485194281397
3.0,Learned_UNet_N1,seq_train_6bba_t40_p03_crowded,train,6bba_bb9f20c3,71.0,84.0,43.0,44.0,2.368824207280903
3.0,Learned_UNet_N1,seq_train_6bba_t45_p04_crowded,train,6bba_bb9f20c3,0.0,15.0,45.0,46.0,0.8125
3.0,Learned_UNet_N1,seq_train_6bba_t45_p04_crowded,train,6bba_bb9f20c3,1.0,16.0,45.0,46.0,1.21875
3.0,Learned_UNet_N1,seq_train_6bba_t45_p04_crowded,train,6bba_bb9f20c3,6.0,20.0,45.0,46.0,1.21875
3.0,Learned_UNet_N1,seq_train_6bba_t45_p04_crowded,train,6bba_bb9f20c3,9.0,19.0,45.0,46.0,2.9575446425202108
3.0,Learned_UNet_N1,seq_train_6bba_t45_p04_crowded,train,6bba_bb9f20c3,10.0,22.0,45.0,46.0,1.8168052317185792
3.0,Learned_UNet_N1,seq_train_6bba_t45_p04_crowded,train,6bba_bb9f20c3,13.0,25.0,45.0,46.0,2.8726212985703494
3.0,Learned_UNet_N1,seq_train_6bba_t45_p04_crowded,train,6bba_bb9f20c3,15.0,28.0,46.0,47.0,1.1490485194281397
3.0,Learned_UNet_N1,seq_train_6bba_t45_p04_crowded,train,6bba_bb9f20c3,16.0,30.0,46.0,47.0,0.40625
3.0,Learned_UNet_N1,seq_train_6bba_t45_p04_crowded,train,6bba_bb9f20c3,17.0,29.0,46.0,47.0,1.21875
3.0,Learned_UNet_N1,seq_train_6bba_t45_p04_crowded,train,6bba_bb9f20c3,18.0,31.0,46.0,47.0,0.8125
3.0,Learned_UNet_N1,seq_train_6bba_t45_p04_crowded,train,6bba_bb9f20c3,19.0,34.0,46.0,47.0,0.9084026158592896
3.0,Learned_UNet_N1,seq_train_6bba_t45_p04_crowded,train,6bba_bb9f20c3,20.0,33.0,46.0,47.0,0.40625
3.0,Learned_UNet_N1,seq_train_6bba_t45_p04_crowded,train,6bba_bb9f20c3,21.0,35.0,46.0,47.0,1.7235727791422095
3.0,Learned_UNet_N1,seq_train_6bba_t45_p04_crowded,train,6bba_bb9f20c3,22.0,32.0,46.0,47.0,0.8125
3.0,Learned_UNet_N1,seq_train_6bba_t45_p04_crowded,train,6bba_bb9f20c3,23.0,39.0,46.0,47.0,1.21875
3.0,Learned_UNet_N1,seq_train_6bba_t45_p04_crowded,train,6bba_bb9f20c3,25.0,38.0,46.0,47.0,1.7235727791422095
3.0,Learned_UNet_N1,seq_train_6bba_t45_p04_crowded,train,6bba_bb9f20c3,26.0,37.0,46.0,47.0,1.8168052317185792
3.0,Learned_UNet_N1,seq_train_6bba_t45_p04_crowded,train,6bba_bb9f20c3,27.0,40.0,46.0,47.0,1.625
3.0,Learned_UNet_N1,seq_train_6bba_t45_p04_crowded,train,6bba_bb9f20c3,28.0,43.0,47.0,48.0,1.284675299443404
3.0,Learned_UNet_N1,seq_train_6bba_t45_p04_crowded,train,6bba_bb9f20c3,29.0,44.0,47.0,48.0,0.9084026158592896
3.0,Learned_UNet_N1,seq_train_6bba_t45_p04_crowded,train,6bba_bb9f20c3,30.0,46.0,47.0,48.0,0.40625
3.0,Learned_UNet_N1,seq_train_6bba_t45_p04_crowded,train,6bba_bb9f20c3,36.0,45.0,47.0,48.0,0.9084026158592896
3.0,Learned_UNet_N1,seq_train_6bba_t45_p04_crowded,train,6bba_bb9f20c3,37.0,53.0,47.0,48.0,0.5745242597140698
3.0,Learned_UNet_N1,seq_train_6bba_t45_p04_crowded,train,6bba_bb9f20c3,38.0,51.0,47.0,48.0,1.1490485194281397
3.0,Learned_UNet_N1,seq_train_6bba_t45_p04_crowded,train,6bba_bb9f20c3,39.0,50.0,47.0,48.0,2.1877232028983924
3.0,Learned_UNet_N1,seq_train_6bba_t45_p04_crowded,train,6bba_bb9f20c3,41.0,55.0,47.0,48.0,0.8125
3.0,Learned_UNet_N1,seq_train_6bba_t45_p04_crowded,train,6bba_bb9f20c3,43.0,58.0,48.0,49.0,1.284675299443404
3.0,Learned_UNet_N1,seq_train_6bba_t45_p04_crowded,train,6bba_bb9f20c3,44.0,57.0,48.0,49.0,1.8168052317185792
3.0,Learned_UNet_N1,seq_train_6bba_t45_p04_crowded,train,6bba_bb9f20c3,45.0,59.0,48.0,49.0,0.40625
3.0,Learned_UNet_N1,seq_train_6bba_t45_p04_crowded,train,6bba_bb9f20c3,46.0,60.0,48.0,49.0,1.625
3.0,Learned_UNet_N1,seq_train_6bba_t45_p04_crowded,train,6bba_bb9f20c3,47.0,62.0,48.0,49.0,1.284675299443404
3.0,Learned_UNet_N1,seq_train_6bba_t45_p04_crowded,train,6bba_bb9f20c3,48.0,61.0,48.0,49.0,1.625
3.0,Learned_UNet_N1,seq_train_6bba_t45_p04_crowded,train,6bba_bb9f20c3,50.0,64.0,48.0,49.0,2.632800908728193
3.0,Learned_UNet_N1,seq_train_6bba_t45_p04_crowded,train,6bba_bb9f20c3,52.0,63.0,48.0,49.0,1.7235727791422095
3.0,Learned_UNet_N1,seq_train_6bba_t45_p04_crowded,train,6bba_bb9f20c3,54.0,71.0,48.0,49.0,1.6750116604071745
3.0,Learned_UNet_N1,seq_train_6bba_t45_p04_crowded,train,6bba_bb9f20c3,55.0,68.0,48.0,49.0,1.625
3.0,Learned_UNet_N1,seq_train_6bba_t45_p04_crowded,train,6bba_bb9f20c3,56.0,72.0,48.0,49.0,0.40625
3.0,Learned_UNet_N1,seq_train_6bba_t15_p07_crowded,train,6bba_bb9f20c3,0.0,27.0,15.0,16.0,0.9084026158592896
3.0,Learned_UNet_N1,seq_train_6bba_t15_p07_crowded,train,6bba_bb9f20c3,1.0,28.0,15.0,16.0,0.8125
3.0,Learned_UNet_N1,seq_train_6bba_t15_p07_crowded,train,6bba_bb9f20c3,3.0,26.0,15.0,16.0,0.40625
3.0,Learned_UNet_N1,seq_train_6bba_t15_p07_crowded,train,6bba_bb9f20c3,4.0,23.0,15.0,16.0,0.8125
3.0,Learned_UNet_N1,seq_train_6bba_t15_p07_crowded,train,6bba_bb9f20c3,6.0,24.0,15.0,16.0,1.284675299443404
3.0,Learned_UNet_N1,seq_train_6bba_t15_p07_crowded,train,6bba_bb9f20c3,7.0,45.0,15.0,16.0,0.5745242597140698
3.0,Learned_UNet_N1,seq_train_6bba_t15_p07_crowded,train,6bba_bb9f20c3,8.0,32.0,15.0,16.0,0.8125
3.0,Learned_UNet_N1,seq_train_6bba_t15_p07_crowded,train,6bba_bb9f20c3,9.0,29.0,15.0,16.0,0.40625
3.0,Learned_UNet_N1,seq_train_6bba_t15_p07_crowded,train,6bba_bb9f20c3,10.0,31.0,15.0,16.0,0.0
3.0,Learned_UNet_N1,seq_train_6bba_t15_p07_crowded,train,6bba_bb9f20c3,11.0,35.0,15.0,16.0,1.6750116604071745
3.0,Learned_UNet_N1,seq_train_6bba_t15_p07_crowded,train,6bba_bb9f20c3,12.0,39.0,15.0,16.0,0.8125
3.0,Learned_UNet_N1,seq_train_6bba_t15_p07_crowded,train,6bba_bb9f20c3,13.0,33.0,15.0,16.0,0.9084026158592896
3.0,Learned_UNet_N1,seq_train_6bba_t15_p07_crowded,train,6bba_bb9f20c3,15.0,38.0,15.0,16.0,0.8125
3.0,Learned_UNet_N1,seq_train_6bba_t15_p07_crowded,train,6bba_bb9f20c3,16.0,42.0,15.0,16.0,0.8125
3.0,Learned_UNet_N1,seq_train_6bba_t15_p07_crowded,train,6bba_bb9f20c3,17.0,37.0,15.0,16.0,1.6750116604071745
3.0,Learned_UNet_N1,seq_train_6bba_t15_p07_crowded,train,6bba_bb9f20c3,18.0,43.0,15.0,16.0,0.40625
3.0,Learned_UNet_N1,seq_train_6bba_t15_p07_crowded,train,6bba_bb9f20c3,19.0,44.0,15.0,16.0,1.8168052317185792
3.0,Learned_UNet_N1,seq_train_6bba_t15_p07_crowded,train,6bba_bb9f20c3,21.0,34.0,15.0,16.0,1.6750116604071745
3.0,Learned_UNet_N1,seq_train_6bba_t15_p07_crowded,train,6bba_bb9f20c3,23.0,46.0,16.0,17.0,0.8125
3.0,Learned_UNet_N1,seq_train_6bba_t15_p07_crowded,train,6bba_bb9f20c3,24.0,47.0,16.0,17.0,1.284675299443404
3.0,Learned_UNet_N1,seq_train_6bba_t15_p07_crowded,train,6bba_bb9f20c3,25.0,50.0,16.0,17.0,2.569350598886808
3.0,Learned_UNet_N1,seq_train_6bba_t15_p07_crowded,train,6bba_bb9f20c3,27.0,49.0,16.0,17.0,2.0714766773970688
3.0,Learned_UNet_N1,seq_train_6bba_t15_p07_crowded,train,6bba_bb9f20c3,30.0,58.0,16.0,17.0,0.9084026158592896
3.0,Learned_UNet_N1,seq_train_6bba_t15_p07_crowded,train,6bba_bb9f20c3,33.0,66.0,16.0,17.0,2.03125
3.0,Learned_UNet_N1,seq_train_6bba_t15_p07_crowded,train,6bba_bb9f20c3,34.0,56.0,16.0,17.0,0.8125
3.0,Learned_UNet_N1,seq_train_6bba_t15_p07_crowded,train,6bba_bb9f20c3,36.0,60.0,16.0,17.0,0.0
3.0,Learned_UNet_N1,seq_train_6bba_t15_p07_crowded,train,6bba_bb9f20c3,37.0,53.0,16.0,17.0,2.2980970388562794
3.0,Learned_UNet_N1,seq_train_6bba_t15_p07_crowded,train,6bba_bb9f20c3,38.0,61.0,16.0,17.0,2.2980970388562794
3.0,Learned_UNet_N1,seq_train_6bba_t15_p07_crowded,train,6bba_bb9f20c3,39.0,62.0,16.0,17.0,2.2980970388562794
3.0,Learned_UNet_N1,seq_train_6bba_t15_p07_crowded,train,6bba_bb9f20c3,42.0,63.0,16.0,17.0,2.569350598886808
3.0,Learned_UNet_N1,seq_train_6bba_t15_p07_crowded,train,6bba_bb9f20c3,43.0,65.0,16.0,17.0,2.4375
3.0,Learned_UNet_N1,seq_train_6bba_t15_p07_crowded,train,6bba_bb9f20c3,44.0,64.0,16.0,17.0,1.86167137607581
3.0,Learned_UNet_N1,seq_train_6bba_t15_p07_crowded,train,6bba_bb9f20c3,45.0,52.0,16.0,17.0,0.40625
3.0,Learned_UNet_N1,seq_train_6bba_t15_p07_crowded,train,6bba_bb9f20c3,46.0,69.0,17.0,18.0,0.0
3.0,Learned_UNet_N1,seq_train_6bba_t15_p07_crowded,train,6bba_bb9f20c3,47.0,70.0,17.0,18.0,0.0
3.0,Learned_UNet_N1,seq_train_6bba_t15_p07_crowded,train,6bba_bb9f20c3,48.0,71.0,17.0,18.0,0.0
3.0,Learned_UNet_N1,seq_train_6bba_t15_p07_crowded,train,6bba_bb9f20c3,49.0,72.0,17.0,18.0,0.0
3.0,Learned_UNet_N1,seq_train_6bba_t15_p07_crowded,train,6bba_bb9f20c3,50.0,73.0,17.0,18.0,0.0
3.0,Learned_UNet_N1,seq_train_6bba_t15_p07_crowded,train,6bba_bb9f20c3,51.0,74.0,17.0,18.0,0.0
3.0,Learned_UNet_N1,seq_train_6bba_t15_p07_crowded,train,6bba_bb9f20c3,52.0,75.0,17.0,18.0,0.0
3.0,Learned_UNet_N1,seq_train_6bba_t15_p07_crowded,train,6bba_bb9f20c3,53.0,76.0,17.0,18.0,0.0
3.0,Learned_UNet_N1,seq_train_6bba_t15_p07_crowded,train,6bba_bb9f20c3,54.0,77.0,17.0,18.0,0.0
3.0,Learned_UNet_N1,seq_train_6bba_t15_p07_crowded,train,6bba_bb9f20c3,55.0,78.0,17.0,18.0,0.0
3.0,Learned_UNet_N1,seq_train_6bba_t15_p07_crowded,train,6bba_bb9f20c3,56.0,79.0,17.0,18.0,0.0
3.0,Learned_UNet_N1,seq_train_6bba_t15_p07_crowded,train,6bba_bb9f20c3,57.0,80.0,17.0,18.0,0.0
3.0,Learned_UNet_N1,seq_train_6bba_t15_p07_crowded,train,6bba_bb9f20c3,58.0,81.0,17.0,18.0,0.0
3.0,Learned_UNet_N1,seq_train_6bba_t15_p07_crowded,train,6bba_bb9f20c3,59.0,82.0,17.0,18.0,0.0
3.0,Learned_UNet_N1,seq_train_6bba_t15_p07_crowded,train,6bba_bb9f20c3,60.0,83.0,17.0,18.0,0.0
3.0,Learned_UNet_N1,seq_train_6bba_t15_p07_crowded,train,6bba_bb9f20c3,61.0,84.0,17.0,18.0,0.0
3.0,Learned_UNet_N1,seq_train_6bba_t15_p07_crowded,train,6bba_bb9f20c3,62.0,85.0,17.0,18.0,0.0
3.0,Learned_UNet_N1,seq_train_6bba_t15_p07_crowded,train,6bba_bb9f20c3,63.0,86.0,17.0,18.0,0.0
3.0,Learned_UNet_N1,seq_train_6bba_t15_p07_crowded,train,6bba_bb9f20c3,64.0,87.0,17.0,18.0,0.0
3.0,Learned_UNet_N1,seq_train_6bba_t15_p07_crowded,train,6bba_bb9f20c3,65.0,88.0,17.0,18.0,0.0
3.0,Learned_UNet_N1,seq_train_6bba_t15_p07_crowded,train,6bba_bb9f20c3,66.0,89.0,17.0,18.0,0.0
3.0,Learned_UNet_N1,seq_train_6bba_t15_p07_crowded,train,6bba_bb9f20c3,67.0,90.0,17.0,18.0,0.0
3.0,Learned_UNet_N1,seq_train_6bba_t15_p07_crowded,train,6bba_bb9f20c3,68.0,91.0,17.0,18.0,0.0
3.0,Learned_UNet_N1,seq_train_6bba_t15_p07_crowded,train,6bba_bb9f20c3,69.0,92.0,18.0,19.0,2.7252078475778685
3.0,Learned_UNet_N1,seq_train_6bba_t15_p07_crowded,train,6bba_bb9f20c3,71.0,95.0,18.0,19.0,1.8168052317185792
3.0,Learned_UNet_N1,seq_train_6bba_t15_p07_crowded,train,6bba_bb9f20c3,72.0,101.0,18.0,19.0,0.40625
3.0,Learned_UNet_N1,seq_train_6bba_t15_p07_crowded,train,6bba_bb9f20c3,74.0,100.0,18.0,19.0,2.9575446425202108
3.0,Learned_UNet_N1,seq_train_6bba_t15_p07_crowded,train,6bba_bb9f20c3,75.0,110.0,18.0,19.0,0.8125
3.0,Learned_UNet_N1,seq_train_6bba_t15_p07_crowded,train,6bba_bb9f20c3,79.0,114.0,18.0,19.0,0.9084026158592896
3.0,Learned_UNet_N1,seq_train_6bba_t15_p07_crowded,train,6bba_bb9f20c3,87.0,105.0,18.0,19.0,0.9084026158592896
3.0,Learned_UNet_N1,seq_train_6bba_t15_p07_crowded,train,6bba_bb9f20c3,88.0,108.0,18.0,19.0,2.03125
3.0,Learned_UNet_N1,seq_train_6bba_t15_p07_crowded,train,6bba_bb9f20c3,90.0,104.0,18.0,19.0,0.8125
5.0,Classical_DoG,seq_inner_val_6bba_t85_p01_crowded,inner_val,6bba_bb9f20c3,1.0,4.0,87.0,88.0,2.6012692214570947
5.0,Classical_DoG,seq_inner_val_6bba_t85_p01_crowded,inner_val,6bba_bb9f20c3,2.0,5.0,87.0,88.0,1.625
5.0,Classical_DoG,seq_inner_val_6bba_t85_p01_crowded,inner_val,6bba_bb9f20c3,3.0,6.0,87.0,88.0,1.21875
5.0,Classical_DoG,seq_inner_val_6bba_t85_p01_crowded,inner_val,6bba_bb9f20c3,4.0,7.0,88.0,89.0,0.5745242597140698
5.0,Classical_DoG,seq_inner_val_6bba_t85_p01_crowded,inner_val,6bba_bb9f20c3,5.0,8.0,88.0,89.0,2.0714766773970688
5.0,Classical_DoG,seq_inner_val_6bba_t85_p01_crowded,inner_val,6bba_bb9f20c3,6.0,9.0,88.0,89.0,2.2980970388562794
5.0,Classical_DoG,seq_inner_val_6bba_t75_p02_crowded,inner_val,6bba_bb9f20c3,0.0,7.0,75.0,76.0,1.8168052317185792
5.0,Classical_DoG,seq_inner_val_6bba_t75_p02_crowded,inner_val,6bba_bb9f20c3,1.0,6.0,75.0,76.0,2.632800908728193
5.0,Classical_DoG,seq_inner_val_6bba_t75_p02_crowded,inner_val,6bba_bb9f20c3,2.0,8.0,75.0,76.0,1.284675299443404
5.0,Classical_DoG,seq_inner_val_6bba_t75_p02_crowded,inner_val,6bba_bb9f20c3,4.0,9.0,75.0,76.0,2.569350598886808
5.0,Classical_DoG,seq_inner_val_6bba_t75_p02_crowded,inner_val,6bba_bb9f20c3,6.0,10.0,76.0,77.0,0.5745242597140698
5.0,Classical_DoG,seq_inner_val_6bba_t75_p02_crowded,inner_val,6bba_bb9f20c3,7.0,11.0,76.0,77.0,0.9084026158592896
5.0,Classical_DoG,seq_inner_val_6bba_t75_p02_crowded,inner_val,6bba_bb9f20c3,8.0,13.0,76.0,77.0,2.0714766773970688
5.0,Classical_DoG,seq_inner_val_6bba_t75_p02_crowded,inner_val,6bba_bb9f20c3,9.0,12.0,76.0,77.0,0.5745242597140698
5.0,Classical_DoG,seq_inner_val_6bba_t75_p02_crowded,inner_val,6bba_bb9f20c3,10.0,15.0,77.0,78.0,0.5745242597140698
5.0,Classical_DoG,seq_inner_val_6bba_t75_p02_crowded,inner_val,6bba_bb9f20c3,11.0,16.0,77.0,78.0,1.8168052317185792
5.0,Classical_DoG,seq_inner_val_6bba_t75_p02_crowded,inner_val,6bba_bb9f20c3,12.0,18.0,77.0,78.0,0.40625
5.0,Classical_DoG,seq_inner_val_6bba_t75_p02_crowded,inner_val,6bba_bb9f20c3,13.0,17.0,77.0,78.0,0.9084026158592896
5.0,Classical_DoG,seq_inner_val_6bba_t85_p03_crowded,inner_val,6bba_bb9f20c3,0.0,4.0,85.0,86.0,1.1490485194281397
5.0,Classical_DoG,seq_inner_val_6bba_t85_p03_crowded,inner_val,6bba_bb9f20c3,1.0,3.0,85.0,86.0,2.0714766773970688
5.0,Classical_DoG,seq_inner_val_6bba_t85_p03_crowded,inner_val,6bba_bb9f20c3,2.0,5.0,85.0,86.0,1.6750116604071745
5.0,Classical_DoG,seq_inner_val_6bba_t85_p03_crowded,inner_val,6bba_bb9f20c3,4.0,7.0,86.0,87.0,2.6012692214570947
5.0,Classical_DoG,seq_inner_val_6bba_t85_p03_crowded,inner_val,6bba_bb9f20c3,5.0,8.0,86.0,87.0,2.471122277933652
5.0,Classical_DoG,seq_inner_val_6bba_t85_p03_crowded,inner_val,6bba_bb9f20c3,6.0,9.0,87.0,88.0,4.182599744775969
5.0,Classical_DoG,seq_inner_val_6bba_t85_p03_crowded,inner_val,6bba_bb9f20c3,7.0,10.0,87.0,88.0,1.6750116604071745
5.0,Classical_DoG,seq_inner_val_6bba_t85_p03_crowded,inner_val,6bba_bb9f20c3,8.0,11.0,87.0,88.0,2.368824207280903
5.0,Classical_DoG,seq_inner_val_6bba_t85_p03_crowded,inner_val,6bba_bb9f20c3,9.0,12.0,88.0,89.0,2.7252078475778685
5.0,Classical_DoG,seq_inner_val_6bba_t85_p03_crowded,inner_val,6bba_bb9f20c3,11.0,13.0,88.0,89.0,2.0714766773970688
5.0,Classical_DoG,seq_inner_val_6bba_t80_p04_crowded,inner_val,6bba_bb9f20c3,0.0,2.0,80.0,81.0,1.21875
5.0,Classical_DoG,seq_inner_val_6bba_t80_p04_crowded,inner_val,6bba_bb9f20c3,1.0,3.0,80.0,81.0,0.40625
5.0,Classical_DoG,seq_inner_val_6bba_t80_p04_crowded,inner_val,6bba_bb9f20c3,2.0,4.0,81.0,82.0,1.6750116604071745
5.0,Classical_DoG,seq_inner_val_6bba_t80_p04_crowded,inner_val,6bba_bb9f20c3,3.0,5.0,81.0,82.0,0.8125
5.0,Classical_DoG,seq_inner_val_6bba_t80_p04_crowded,inner_val,6bba_bb9f20c3,5.0,7.0,82.0,83.0,0.9084026158592896
5.0,Classical_DoG,seq_inner_val_6bba_t80_p04_crowded,inner_val,6bba_bb9f20c3,6.0,8.0,82.0,83.0,0.9084026158592896
5.0,Classical_DoG,seq_inner_val_6bba_t80_p04_crowded,inner_val,6bba_bb9f20c3,7.0,9.0,83.0,84.0,2.4375
5.0,Classical_DoG,seq_inner_val_6bba_t80_p04_crowded,inner_val,6bba_bb9f20c3,8.0,10.0,83.0,84.0,0.9084026158592896
5.0,Classical_DoG,seq_inner_val_6bba_t75_p05_isolated,inner_val,6bba_bb9f20c3,0.0,5.0,75.0,76.0,2.7252078475778685
5.0,Classical_DoG,seq_inner_val_6bba_t75_p05_isolated,inner_val,6bba_bb9f20c3,1.0,3.0,75.0,76.0,2.6012692214570947
5.0,Classical_DoG,seq_inner_val_6bba_t75_p05_isolated,inner_val,6bba_bb9f20c3,2.0,4.0,75.0,76.0,2.1877232028983924
5.0,Classical_DoG,seq_inner_val_6bba_t75_p05_isolated,inner_val,6bba_bb9f20c3,3.0,7.0,76.0,77.0,0.9084026158592896
5.0,Classical_DoG,seq_inner_val_6bba_t75_p05_isolated,inner_val,6bba_bb9f20c3,4.0,6.0,76.0,77.0,0.9084026158592896
5.0,Classical_DoG,seq_inner_val_6bba_t75_p05_isolated,inner_val,6bba_bb9f20c3,5.0,8.0,76.0,77.0,0.40625
5.0,Classical_DoG,seq_inner_val_6bba_t75_p05_isolated,inner_val,6bba_bb9f20c3,6.0,9.0,77.0,78.0,1.8168052317185792
5.0,Classical_DoG,seq_inner_val_6bba_t75_p05_isolated,inner_val,6bba_bb9f20c3,7.0,11.0,77.0,78.0,1.8168052317185792
5.0,Classical_DoG,seq_inner_val_6bba_t75_p05_isolated,inner_val,6bba_bb9f20c3,8.0,10.0,77.0,78.0,2.0714766773970688
5.0,Classical_DoG,seq_inner_val_6bba_t75_p06_isolated,inner_val,6bba_bb9f20c3,0.0,4.0,75.0,76.0,1.8168052317185792
5.0,Classical_DoG,seq_inner_val_6bba_t75_p06_isolated,inner_val,6bba_bb9f20c3,1.0,6.0,75.0,76.0,1.4647552056572457
5.0,Classical_DoG,seq_inner_val_6bba_t75_p06_isolated,inner_val,6bba_bb9f20c3,2.0,5.0,75.0,76.0,2.1877232028983924
5.0,Classical_DoG,seq_inner_val_6bba_t75_p06_isolated,inner_val,6bba_bb9f20c3,4.0,7.0,76.0,77.0,0.40625
5.0,Classical_DoG,seq_inner_val_6bba_t75_p06_isolated,inner_val,6bba_bb9f20c3,5.0,8.0,76.0,77.0,0.9084026158592896
5.0,Classical_DoG,seq_inner_val_6bba_t75_p06_isolated,inner_val,6bba_bb9f20c3,6.0,9.0,76.0,77.0,0.5745242597140698
5.0,Classical_DoG,seq_inner_val_6bba_t75_p06_isolated,inner_val,6bba_bb9f20c3,7.0,11.0,77.0,78.0,1.8168052317185792
5.0,Classical_DoG,seq_inner_val_6bba_t75_p06_isolated,inner_val,6bba_bb9f20c3,9.0,12.0,77.0,78.0,0.40625
5.0,Classical_DoG,seq_inner_val_6bba_t75_p06_isolated,inner_val,6bba_bb9f20c3,12.0,15.0,78.0,79.0,4.875
5.0,Classical_DoG,seq_inner_val_6bba_t90_p07_isolated,inner_val,6bba_bb9f20c3,0.0,1.0,90.0,91.0,2.6012692214570947
5.0,Classical_DoG,seq_inner_val_6bba_t90_p07_isolated,inner_val,6bba_bb9f20c3,1.0,2.0,91.0,92.0,1.86167137607581
5.0,Classical_DoG,seq_inner_val_6bba_t90_p07_isolated,inner_val,6bba_bb9f20c3,2.0,3.0,92.0,93.0,1.21875
5.0,Classical_DoG,seq_inner_val_6bba_t90_p08_boundary,inner_val,6bba_bb9f20c3,0.0,4.0,90.0,91.0,2.0714766773970688
5.0,Classical_DoG,seq_inner_val_6bba_t90_p08_boundary,inner_val,6bba_bb9f20c3,1.0,5.0,90.0,91.0,2.1877232028983924
5.0,Classical_DoG,seq_inner_val_6bba_t90_p08_boundary,inner_val,6bba_bb9f20c3,3.0,6.0,90.0,91.0,2.8726212985703494
5.0,Classical_DoG,seq_inner_val_6bba_t90_p08_boundary,inner_val,6bba_bb9f20c3,4.0,7.0,91.0,92.0,2.0714766773970688
5.0,Classical_DoG,seq_inner_val_6bba_t90_p08_boundary,inner_val,6bba_bb9f20c3,5.0,8.0,91.0,92.0,1.86167137607581
5.0,Classical_DoG,seq_inner_val_6bba_t90_p08_boundary,inner_val,6bba_bb9f20c3,6.0,9.0,91.0,92.0,2.2980970388562794
5.0,Classical_DoG,seq_inner_val_6bba_t90_p08_boundary,inner_val,6bba_bb9f20c3,7.0,10.0,92.0,93.0,0.9084026158592896
5.0,Classical_DoG,seq_inner_val_6bba_t90_p08_boundary,inner_val,6bba_bb9f20c3,8.0,11.0,92.0,93.0,2.0714766773970688
5.0,Classical_DoG,seq_inner_val_6bba_t90_p08_boundary,inner_val,6bba_bb9f20c3,9.0,12.0,92.0,93.0,2.368824207280903
5.0,Classical_DoG,seq_inner_val_6bba_t90_p08_boundary,inner_val,6bba_bb9f20c3,10.0,13.0,93.0,94.0,1.9902104160113323
5.0,Classical_DoG,seq_inner_val_6bba_t90_p08_boundary,inner_val,6bba_bb9f20c3,11.0,14.0,93.0,94.0,1.1490485194281397
5.0,Classical_DoG,seq_inner_val_6bba_t90_p08_boundary,inner_val,6bba_bb9f20c3,12.0,15.0,93.0,94.0,0.9084026158592896
5.0,Classical_DoG,seq_inner_val_44b6_t80_p01_crowded,inner_val,44b6_d29c9ab2,0.0,6.0,80.0,81.0,0.8125
5.0,Classical_DoG,seq_inner_val_44b6_t80_p01_crowded,inner_val,44b6_d29c9ab2,1.0,5.0,80.0,81.0,3.8540258983302125
5.0,Classical_DoG,seq_inner_val_44b6_t80_p01_crowded,inner_val,44b6_d29c9ab2,3.0,8.0,80.0,81.0,1.1490485194281397
5.0,Classical_DoG,seq_inner_val_44b6_t80_p01_crowded,inner_val,44b6_d29c9ab2,5.0,9.0,81.0,82.0,3.2752922102462856
5.0,Classical_DoG,seq_inner_val_44b6_t80_p01_crowded,inner_val,44b6_d29c9ab2,6.0,10.0,81.0,82.0,3.040096626753827
5.0,Classical_DoG,seq_inner_val_44b6_t80_p01_crowded,inner_val,44b6_d29c9ab2,7.0,11.0,81.0,82.0,2.1877232028983924
5.0,Classical_DoG,seq_inner_val_44b6_t80_p01_crowded,inner_val,44b6_d29c9ab2,9.0,13.0,82.0,83.0,1.21875
5.0,Classical_DoG,seq_inner_val_44b6_t80_p01_crowded,inner_val,44b6_d29c9ab2,10.0,14.0,82.0,83.0,0.5745242597140698
5.0,Classical_DoG,seq_inner_val_44b6_t80_p01_crowded,inner_val,44b6_d29c9ab2,11.0,16.0,82.0,83.0,1.86167137607581
5.0,Classical_DoG,seq_inner_val_44b6_t80_p01_crowded,inner_val,44b6_d29c9ab2,13.0,19.0,83.0,84.0,2.1877232028983924
5.0,Classical_DoG,seq_inner_val_44b6_t80_p01_crowded,inner_val,44b6_d29c9ab2,14.0,17.0,83.0,84.0,1.4647552056572457
5.0,Classical_DoG,seq_inner_val_44b6_t80_p01_crowded,inner_val,44b6_d29c9ab2,15.0,18.0,83.0,84.0,1.8168052317185792
5.0,Classical_DoG,seq_inner_val_44b6_t80_p01_crowded,inner_val,44b6_d29c9ab2,16.0,20.0,83.0,84.0,1.8168052317185792
5.0,Classical_DoG,seq_inner_val_44b6_t85_p02_crowded,inner_val,44b6_d29c9ab2,0.0,8.0,85.0,86.0,1.7235727791422095
5.0,Classical_DoG,seq_inner_val_44b6_t85_p02_crowded,inner_val,44b6_d29c9ab2,1.0,10.0,85.0,86.0,0.9084026158592896
5.0,Classical_DoG,seq_inner_val_44b6_t85_p02_crowded,inner_val,44b6_d29c9ab2,2.0,9.0,85.0,86.0,0.5745242597140698
5.0,Classical_DoG,seq_inner_val_44b6_t85_p02_crowded,inner_val,44b6_d29c9ab2,8.0,12.0,86.0,87.0,2.0714766773970688
5.0,Classical_DoG,seq_inner_val_44b6_t85_p02_crowded,inner_val,44b6_d29c9ab2,9.0,15.0,86.0,87.0,0.40625
5.0,Classical_DoG,seq_inner_val_44b6_t85_p02_crowded,inner_val,44b6_d29c9ab2,10.0,17.0,86.0,87.0,0.40625
5.0,Classical_DoG,seq_inner_val_44b6_t85_p02_crowded,inner_val,44b6_d29c9ab2,11.0,18.0,86.0,87.0,2.1877232028983924
5.0,Classical_DoG,seq_inner_val_44b6_t85_p02_crowded,inner_val,44b6_d29c9ab2,12.0,23.0,87.0,88.0,1.8168052317185792
5.0,Classical_DoG,seq_inner_val_44b6_t85_p02_crowded,inner_val,44b6_d29c9ab2,13.0,20.0,87.0,88.0,2.333728575156074
5.0,Classical_DoG,seq_inner_val_44b6_t85_p02_crowded,inner_val,44b6_d29c9ab2,14.0,24.0,87.0,88.0,1.9902104160113323
5.0,Classical_DoG,seq_inner_val_44b6_t85_p02_crowded,inner_val,44b6_d29c9ab2,15.0,28.0,87.0,88.0,1.86167137607581
5.0,Classical_DoG,seq_inner_val_44b6_t85_p02_crowded,inner_val,44b6_d29c9ab2,16.0,29.0,87.0,88.0,1.1490485194281397
5.0,Classical_DoG,seq_inner_val_44b6_t85_p02_crowded,inner_val,44b6_d29c9ab2,17.0,22.0,87.0,88.0,1.7235727791422095
5.0,Classical_DoG,seq_inner_val_44b6_t85_p02_crowded,inner_val,44b6_d29c9ab2,18.0,21.0,87.0,88.0,0.40625
5.0,Classical_DoG,seq_inner_val_44b6_t85_p02_crowded,inner_val,44b6_d29c9ab2,20.0,30.0,88.0,89.0,1.7235727791422095
5.0,Classical_DoG,seq_inner_val_44b6_t85_p02_crowded,inner_val,44b6_d29c9ab2,21.0,33.0,88.0,89.0,1.4647552056572457
5.0,Classical_DoG,seq_inner_val_44b6_t85_p02_crowded,inner_val,44b6_d29c9ab2,22.0,35.0,88.0,89.0,1.86167137607581
5.0,Classical_DoG,seq_inner_val_44b6_t85_p02_crowded,inner_val,44b6_d29c9ab2,23.0,31.0,88.0,89.0,0.9084026158592896
5.0,Classical_DoG,seq_inner_val_44b6_t85_p02_crowded,inner_val,44b6_d29c9ab2,25.0,34.0,88.0,89.0,0.0
5.0,Classical_DoG,seq_inner_val_44b6_t85_p02_crowded,inner_val,44b6_d29c9ab2,27.0,36.0,88.0,89.0,1.8168052317185792
5.0,Classical_DoG,seq_inner_val_44b6_t85_p02_crowded,inner_val,44b6_d29c9ab2,29.0,32.0,88.0,89.0,2.368824207280903
5.0,Classical_DoG,seq_inner_val_44b6_t90_p03_crowded,inner_val,44b6_d29c9ab2,0.0,5.0,90.0,91.0,1.8168052317185792
5.0,Classical_DoG,seq_inner_val_44b6_t90_p03_crowded,inner_val,44b6_d29c9ab2,1.0,6.0,90.0,91.0,1.7235727791422095
5.0,Classical_DoG,seq_inner_val_44b6_t90_p03_crowded,inner_val,44b6_d29c9ab2,2.0,8.0,90.0,91.0,2.03125
5.0,Classical_DoG,seq_inner_val_44b6_t90_p03_crowded,inner_val,44b6_d29c9ab2,3.0,7.0,90.0,91.0,2.333728575156074
5.0,Classical_DoG,seq_inner_val_44b6_t90_p03_crowded,inner_val,44b6_d29c9ab2,4.0,9.0,90.0,91.0,0.8125
5.0,Classical_DoG,seq_inner_val_44b6_t90_p03_crowded,inner_val,44b6_d29c9ab2,5.0,12.0,91.0,92.0,0.9084026158592896
5.0,Classical_DoG,seq_inner_val_44b6_t90_p03_crowded,inner_val,44b6_d29c9ab2,6.0,14.0,91.0,92.0,0.8125
5.0,Classical_DoG,seq_inner_val_44b6_t90_p03_crowded,inner_val,44b6_d29c9ab2,7.0,13.0,91.0,92.0,0.9084026158592896
5.0,Classical_DoG,seq_inner_val_44b6_t90_p03_crowded,inner_val,44b6_d29c9ab2,8.0,11.0,91.0,92.0,1.9902104160113323
5.0,Classical_DoG,seq_inner_val_44b6_t90_p03_crowded,inner_val,44b6_d29c9ab2,9.0,15.0,91.0,92.0,1.8168052317185792
5.0,Classical_DoG,seq_inner_val_44b6_t90_p03_crowded,inner_val,44b6_d29c9ab2,11.0,18.0,92.0,93.0,0.5745242597140698
5.0,Classical_DoG,seq_inner_val_44b6_t90_p03_crowded,inner_val,44b6_d29c9ab2,13.0,20.0,92.0,93.0,2.0714766773970688
5.0,Classical_DoG,seq_inner_val_44b6_t90_p03_crowded,inner_val,44b6_d29c9ab2,14.0,19.0,92.0,93.0,1.8168052317185792
5.0,Classical_DoG,seq_inner_val_44b6_t90_p03_crowded,inner_val,44b6_d29c9ab2,15.0,22.0,92.0,93.0,0.40625
5.0,Classical_DoG,seq_inner_val_44b6_t90_p03_crowded,inner_val,44b6_d29c9ab2,17.0,24.0,93.0,94.0,0.9084026158592896
5.0,Classical_DoG,seq_inner_val_44b6_t90_p03_crowded,inner_val,44b6_d29c9ab2,18.0,23.0,93.0,94.0,0.9084026158592896
5.0,Classical_DoG,seq_inner_val_44b6_t90_p03_crowded,inner_val,44b6_d29c9ab2,19.0,26.0,93.0,94.0,1.21875
5.0,Classical_DoG,seq_inner_val_44b6_t90_p03_crowded,inner_val,44b6_d29c9ab2,20.0,27.0,93.0,94.0,0.8125
5.0,Classical_DoG,seq_inner_val_44b6_t90_p03_crowded,inner_val,44b6_d29c9ab2,21.0,25.0,93.0,94.0,1.6750116604071745
5.0,Classical_DoG,seq_inner_val_44b6_t70_p04_crowded,inner_val,44b6_d29c9ab2,0.0,6.0,70.0,71.0,2.1877232028983924
5.0,Classical_DoG,seq_inner_val_44b6_t70_p04_crowded,inner_val,44b6_d29c9ab2,1.0,7.0,70.0,71.0,4.33756303988772
5.0,Classical_DoG,seq_inner_val_44b6_t70_p04_crowded,inner_val,44b6_d29c9ab2,2.0,10.0,70.0,71.0,1.284675299443404
5.0,Classical_DoG,seq_inner_val_44b6_t70_p04_crowded,inner_val,44b6_d29c9ab2,3.0,13.0,70.0,71.0,2.6012692214570947
5.0,Classical_DoG,seq_inner_val_44b6_t70_p04_crowded,inner_val,44b6_d29c9ab2,6.0,15.0,71.0,72.0,0.8125
5.0,Classical_DoG,seq_inner_val_44b6_t70_p04_crowded,inner_val,44b6_d29c9ab2,7.0,17.0,71.0,72.0,0.8125
5.0,Classical_DoG,seq_inner_val_44b6_t70_p04_crowded,inner_val,44b6_d29c9ab2,8.0,16.0,71.0,72.0,1.7235727791422095
5.0,Classical_DoG,seq_inner_val_44b6_t70_p04_crowded,inner_val,44b6_d29c9ab2,9.0,18.0,71.0,72.0,1.86167137607581
5.0,Classical_DoG,seq_inner_val_44b6_t70_p04_crowded,inner_val,44b6_d29c9ab2,10.0,14.0,71.0,72.0,2.0714766773970688
5.0,Classical_DoG,seq_inner_val_44b6_t70_p04_crowded,inner_val,44b6_d29c9ab2,12.0,20.0,71.0,72.0,1.7235727791422095
5.0,Classical_DoG,seq_inner_val_44b6_t70_p04_crowded,inner_val,44b6_d29c9ab2,14.0,26.0,72.0,73.0,1.1490485194281397
5.0,Classical_DoG,seq_inner_val_44b6_t70_p04_crowded,inner_val,44b6_d29c9ab2,15.0,25.0,72.0,73.0,2.2980970388562794
5.0,Classical_DoG,seq_inner_val_44b6_t70_p04_crowded,inner_val,44b6_d29c9ab2,17.0,28.0,72.0,73.0,2.1877232028983924
5.0,Classical_DoG,seq_inner_val_44b6_t70_p04_crowded,inner_val,44b6_d29c9ab2,18.0,29.0,72.0,73.0,1.284675299443404
5.0,Classical_DoG,seq_inner_val_44b6_t70_p04_crowded,inner_val,44b6_d29c9ab2,20.0,27.0,72.0,73.0,0.40625
5.0,Classical_DoG,seq_inner_val_44b6_t70_p04_crowded,inner_val,44b6_d29c9ab2,22.0,30.0,72.0,73.0,0.5745242597140698
5.0,Classical_DoG,seq_inner_val_44b6_t70_p04_crowded,inner_val,44b6_d29c9ab2,25.0,31.0,73.0,74.0,0.40625
5.0,Classical_DoG,seq_inner_val_44b6_t70_p04_crowded,inner_val,44b6_d29c9ab2,26.0,33.0,73.0,74.0,1.7235727791422095
5.0,Classical_DoG,seq_inner_val_44b6_t70_p04_crowded,inner_val,44b6_d29c9ab2,27.0,32.0,73.0,74.0,1.8168052317185792
5.0,Classical_DoG,seq_inner_val_44b6_t70_p04_crowded,inner_val,44b6_d29c9ab2,28.0,36.0,73.0,74.0,0.5745242597140698
5.0,Classical_DoG,seq_inner_val_44b6_t70_p04_crowded,inner_val,44b6_d29c9ab2,29.0,35.0,73.0,74.0,0.9084026158592896
5.0,Classical_DoG,seq_inner_val_44b6_t70_p04_crowded,inner_val,44b6_d29c9ab2,30.0,37.0,73.0,74.0,3.300390601883359
5.0,Classical_DoG,seq_inner_val_44b6_t90_p05_isolated,inner_val,44b6_d29c9ab2,0.0,7.0,90.0,91.0,1.86167137607581
5.0,Classical_DoG,seq_inner_val_44b6_t90_p05_isolated,inner_val,44b6_d29c9ab2,1.0,6.0,90.0,91.0,1.6750116604071745
5.0,Classical_DoG,seq_inner_val_44b6_t90_p05_isolated,inner_val,44b6_d29c9ab2,2.0,8.0,90.0,91.0,3.374565944310468
5.0,Classical_DoG,seq_inner_val_44b6_t90_p05_isolated,inner_val,44b6_d29c9ab2,3.0,9.0,90.0,91.0,1.86167137607581
5.0,Classical_DoG,seq_inner_val_44b6_t90_p05_isolated,inner_val,44b6_d29c9ab2,6.0,10.0,91.0,92.0,0.9084026158592896
5.0,Classical_DoG,seq_inner_val_44b6_t90_p05_isolated,inner_val,44b6_d29c9ab2,7.0,11.0,91.0,92.0,0.0
5.0,Classical_DoG,seq_inner_val_44b6_t90_p05_isolated,inner_val,44b6_d29c9ab2,8.0,12.0,91.0,92.0,0.0
5.0,Classical_DoG,seq_inner_val_44b6_t90_p05_isolated,inner_val,44b6_d29c9ab2,9.0,13.0,91.0,92.0,1.21875
5.0,Classical_DoG,seq_inner_val_44b6_t90_p05_isolated,inner_val,44b6_d29c9ab2,10.0,17.0,92.0,93.0,0.8125
5.0,Classical_DoG,seq_inner_val_44b6_t90_p05_isolated,inner_val,44b6_d29c9ab2,11.0,18.0,92.0,93.0,0.40625
5.0,Classical_DoG,seq_inner_val_44b6_t90_p05_isolated,inner_val,44b6_d29c9ab2,12.0,20.0,92.0,93.0,2.0714766773970688
5.0,Classical_DoG,seq_inner_val_44b6_t90_p05_isolated,inner_val,44b6_d29c9ab2,13.0,23.0,92.0,93.0,0.5745242597140698
5.0,Classical_DoG,seq_inner_val_44b6_t90_p05_isolated,inner_val,44b6_d29c9ab2,14.0,22.0,92.0,93.0,1.7235727791422095
5.0,Classical_DoG,seq_inner_val_44b6_t90_p05_isolated,inner_val,44b6_d29c9ab2,15.0,19.0,92.0,93.0,2.0714766773970688
5.0,Classical_DoG,seq_inner_val_44b6_t90_p05_isolated,inner_val,44b6_d29c9ab2,17.0,24.0,93.0,94.0,1.7235727791422095
5.0,Classical_DoG,seq_inner_val_44b6_t90_p05_isolated,inner_val,44b6_d29c9ab2,18.0,25.0,93.0,94.0,1.8168052317185792
5.0,Classical_DoG,seq_inner_val_44b6_t90_p05_isolated,inner_val,44b6_d29c9ab2,19.0,27.0,93.0,94.0,1.1490485194281397
5.0,Classical_DoG,seq_inner_val_44b6_t90_p05_isolated,inner_val,44b6_d29c9ab2,20.0,26.0,93.0,94.0,1.7235727791422095
5.0,Classical_DoG,seq_inner_val_44b6_t90_p05_isolated,inner_val,44b6_d29c9ab2,21.0,30.0,93.0,94.0,2.1877232028983924
5.0,Classical_DoG,seq_inner_val_44b6_t90_p05_isolated,inner_val,44b6_d29c9ab2,22.0,28.0,93.0,94.0,1.625
5.0,Classical_DoG,seq_inner_val_44b6_t90_p05_isolated,inner_val,44b6_d29c9ab2,23.0,29.0,93.0,94.0,1.86167137607581
5.0,Classical_DoG,seq_inner_val_44b6_t75_p06_isolated,inner_val,44b6_d29c9ab2,1.0,8.0,75.0,76.0,2.2980970388562794
5.0,Classical_DoG,seq_inner_val_44b6_t75_p06_isolated,inner_val,44b6_d29c9ab2,2.0,12.0,75.0,76.0,2.0714766773970688
5.0,Classical_DoG,seq_inner_val_44b6_t75_p06_isolated,inner_val,44b6_d29c9ab2,3.0,11.0,75.0,76.0,3.25
5.0,Classical_DoG,seq_inner_val_44b6_t75_p06_isolated,inner_val,44b6_d29c9ab2,4.0,9.0,75.0,76.0,1.6750116604071745
5.0,Classical_DoG,seq_inner_val_44b6_t75_p06_isolated,inner_val,44b6_d29c9ab2,6.0,13.0,75.0,76.0,2.333728575156074
5.0,Classical_DoG,seq_inner_val_44b6_t75_p06_isolated,inner_val,44b6_d29c9ab2,8.0,17.0,76.0,77.0,1.625
5.0,Classical_DoG,seq_inner_val_44b6_t75_p06_isolated,inner_val,44b6_d29c9ab2,10.0,16.0,76.0,77.0,1.284675299443404
5.0,Classical_DoG,seq_inner_val_44b6_t75_p06_isolated,inner_val,44b6_d29c9ab2,11.0,19.0,76.0,77.0,1.8168052317185792
5.0,Classical_DoG,seq_inner_val_44b6_t75_p06_isolated,inner_val,44b6_d29c9ab2,15.0,22.0,77.0,78.0,3.374565944310468
5.0,Classical_DoG,seq_inner_val_44b6_t75_p06_isolated,inner_val,44b6_d29c9ab2,16.0,23.0,77.0,78.0,1.8168052317185792
5.0,Classical_DoG,seq_inner_val_44b6_t75_p06_isolated,inner_val,44b6_d29c9ab2,17.0,24.0,77.0,78.0,0.9084026158592896
5.0,Classical_DoG,seq_inner_val_44b6_t75_p06_isolated,inner_val,44b6_d29c9ab2,18.0,25.0,77.0,78.0,0.0
5.0,Classical_DoG,seq_inner_val_44b6_t75_p06_isolated,inner_val,44b6_d29c9ab2,22.0,30.0,78.0,79.0,0.8125
5.0,Classical_DoG,seq_inner_val_44b6_t75_p06_isolated,inner_val,44b6_d29c9ab2,23.0,28.0,78.0,79.0,0.40625
5.0,Classical_DoG,seq_inner_val_44b6_t75_p06_isolated,inner_val,44b6_d29c9ab2,24.0,33.0,78.0,79.0,0.5745242597140698
5.0,Classical_DoG,seq_inner_val_44b6_t75_p06_isolated,inner_val,44b6_d29c9ab2,25.0,32.0,78.0,79.0,1.625
5.0,Classical_DoG,seq_inner_val_44b6_t75_p06_isolated,inner_val,44b6_d29c9ab2,26.0,29.0,78.0,79.0,0.5745242597140698
5.0,Classical_DoG,seq_inner_val_44b6_t70_p07_isolated,inner_val,44b6_d29c9ab2,0.0,4.0,70.0,71.0,3.65625
5.0,Classical_DoG,seq_inner_val_44b6_t70_p07_isolated,inner_val,44b6_d29c9ab2,1.0,5.0,70.0,71.0,2.1877232028983924
5.0,Classical_DoG,seq_inner_val_44b6_t70_p07_isolated,inner_val,44b6_d29c9ab2,2.0,6.0,70.0,71.0,1.9902104160113323
5.0,Classical_DoG,seq_inner_val_44b6_t70_p07_isolated,inner_val,44b6_d29c9ab2,3.0,7.0,70.0,71.0,3.72334275215162
5.0,Classical_DoG,seq_inner_val_44b6_t70_p07_isolated,inner_val,44b6_d29c9ab2,4.0,9.0,71.0,72.0,0.40625
5.0,Classical_DoG,seq_inner_val_44b6_t70_p07_isolated,inner_val,44b6_d29c9ab2,5.0,11.0,71.0,72.0,2.1877232028983924
5.0,Classical_DoG,seq_inner_val_44b6_t70_p07_isolated,inner_val,44b6_d29c9ab2,6.0,10.0,71.0,72.0,1.1490485194281397
5.0,Classical_DoG,seq_inner_val_44b6_t70_p07_isolated,inner_val,44b6_d29c9ab2,7.0,13.0,71.0,72.0,0.9084026158592896
5.0,Classical_DoG,seq_inner_val_44b6_t70_p07_isolated,inner_val,44b6_d29c9ab2,8.0,12.0,71.0,72.0,0.8125
5.0,Classical_DoG,seq_inner_val_44b6_t70_p07_isolated,inner_val,44b6_d29c9ab2,9.0,14.0,72.0,73.0,0.5745242597140698
5.0,Classical_DoG,seq_inner_val_44b6_t70_p07_isolated,inner_val,44b6_d29c9ab2,10.0,16.0,72.0,73.0,2.03125
5.0,Classical_DoG,seq_inner_val_44b6_t70_p07_isolated,inner_val,44b6_d29c9ab2,11.0,17.0,72.0,73.0,0.5745242597140698
5.0,Classical_DoG,seq_inner_val_44b6_t70_p07_isolated,inner_val,44b6_d29c9ab2,12.0,15.0,72.0,73.0,1.9902104160113323
5.0,Classical_DoG,seq_inner_val_44b6_t70_p07_isolated,inner_val,44b6_d29c9ab2,13.0,18.0,72.0,73.0,1.8168052317185792
5.0,Classical_DoG,seq_inner_val_44b6_t70_p07_isolated,inner_val,44b6_d29c9ab2,14.0,19.0,73.0,74.0,0.9084026158592896
5.0,Classical_DoG,seq_inner_val_44b6_t70_p07_isolated,inner_val,44b6_d29c9ab2,15.0,20.0,73.0,74.0,1.284675299443404
5.0,Classical_DoG,seq_inner_val_44b6_t70_p07_isolated,inner_val,44b6_d29c9ab2,16.0,21.0,73.0,74.0,2.0714766773970688
5.0,Classical_DoG,seq_inner_val_44b6_t70_p07_isolated,inner_val,44b6_d29c9ab2,17.0,22.0,73.0,74.0,3.040096626753827
5.0,Classical_DoG,seq_inner_val_44b6_t70_p07_isolated,inner_val,44b6_d29c9ab2,18.0,23.0,73.0,74.0,2.368824207280903
5.0,Classical_DoG,seq_inner_val_44b6_t70_p08_boundary,inner_val,44b6_d29c9ab2,0.0,13.0,70.0,71.0,2.0714766773970688
5.0,Classical_DoG,seq_inner_val_44b6_t70_p08_boundary,inner_val,44b6_d29c9ab2,1.0,15.0,70.0,71.0,0.40625
5.0,Classical_DoG,seq_inner_val_44b6_t70_p08_boundary,inner_val,44b6_d29c9ab2,2.0,16.0,70.0,71.0,1.9902104160113323
5.0,Classical_DoG,seq_inner_val_44b6_t70_p08_boundary,inner_val,44b6_d29c9ab2,3.0,14.0,70.0,71.0,1.8168052317185792
5.0,Classical_DoG,seq_inner_val_44b6_t70_p08_boundary,inner_val,44b6_d29c9ab2,4.0,17.0,70.0,71.0,0.40625
5.0,Classical_DoG,seq_inner_val_44b6_t70_p08_boundary,inner_val,44b6_d29c9ab2,6.0,19.0,70.0,71.0,1.9902104160113323
5.0,Classical_DoG,seq_inner_val_44b6_t70_p08_boundary,inner_val,44b6_d29c9ab2,8.0,12.0,70.0,71.0,0.5745242597140698
5.0,Classical_DoG,seq_inner_val_44b6_t70_p08_boundary,inner_val,44b6_d29c9ab2,12.0,22.0,71.0,72.0,0.8125
5.0,Classical_DoG,seq_inner_val_44b6_t70_p08_boundary,inner_val,44b6_d29c9ab2,13.0,20.0,71.0,72.0,0.5745242597140698
5.0,Classical_DoG,seq_inner_val_44b6_t70_p08_boundary,inner_val,44b6_d29c9ab2,14.0,25.0,71.0,72.0,0.9084026158592896
5.0,Classical_DoG,seq_inner_val_44b6_t70_p08_boundary,inner_val,44b6_d29c9ab2,15.0,21.0,71.0,72.0,0.9084026158592896
5.0,Classical_DoG,seq_inner_val_44b6_t70_p08_boundary,inner_val,44b6_d29c9ab2,16.0,24.0,71.0,72.0,1.21875
5.0,Classical_DoG,seq_inner_val_44b6_t70_p08_boundary,inner_val,44b6_d29c9ab2,17.0,23.0,71.0,72.0,0.9084026158592896
5.0,Classical_DoG,seq_inner_val_44b6_t70_p08_boundary,inner_val,44b6_d29c9ab2,18.0,26.0,71.0,72.0,2.03125
5.0,Classical_DoG,seq_inner_val_44b6_t70_p08_boundary,inner_val,44b6_d29c9ab2,19.0,29.0,71.0,72.0,2.1877232028983924
5.0,Classical_DoG,seq_inner_val_44b6_t70_p08_boundary,inner_val,44b6_d29c9ab2,20.0,32.0,72.0,73.0,1.4647552056572457
5.0,Classical_DoG,seq_inner_val_44b6_t70_p08_boundary,inner_val,44b6_d29c9ab2,21.0,33.0,72.0,73.0,1.625
5.0,Classical_DoG,seq_inner_val_44b6_t70_p08_boundary,inner_val,44b6_d29c9ab2,22.0,30.0,72.0,73.0,0.40625
5.0,Classical_DoG,seq_inner_val_44b6_t70_p08_boundary,inner_val,44b6_d29c9ab2,23.0,36.0,72.0,73.0,0.0
5.0,Classical_DoG,seq_inner_val_44b6_t70_p08_boundary,inner_val,44b6_d29c9ab2,24.0,37.0,72.0,73.0,0.8125
5.0,Classical_DoG,seq_inner_val_44b6_t70_p08_boundary,inner_val,44b6_d29c9ab2,25.0,31.0,72.0,73.0,2.0714766773970688
5.0,Classical_DoG,seq_inner_val_44b6_t70_p08_boundary,inner_val,44b6_d29c9ab2,26.0,34.0,72.0,73.0,0.9084026158592896
5.0,Classical_DoG,seq_inner_val_44b6_t70_p08_boundary,inner_val,44b6_d29c9ab2,28.0,39.0,72.0,73.0,0.8125
5.0,Classical_DoG,seq_inner_val_44b6_t70_p08_boundary,inner_val,44b6_d29c9ab2,30.0,41.0,73.0,74.0,0.5745242597140698
5.0,Classical_DoG,seq_inner_val_44b6_t70_p08_boundary,inner_val,44b6_d29c9ab2,31.0,45.0,73.0,74.0,0.9084026158592896
5.0,Classical_DoG,seq_inner_val_44b6_t70_p08_boundary,inner_val,44b6_d29c9ab2,32.0,40.0,73.0,74.0,1.86167137607581
5.0,Classical_DoG,seq_inner_val_44b6_t70_p08_boundary,inner_val,44b6_d29c9ab2,33.0,42.0,73.0,74.0,0.8125
5.0,Classical_DoG,seq_inner_val_44b6_t70_p08_boundary,inner_val,44b6_d29c9ab2,34.0,46.0,73.0,74.0,1.8168052317185792
5.0,Classical_DoG,seq_inner_val_44b6_t70_p08_boundary,inner_val,44b6_d29c9ab2,35.0,43.0,73.0,74.0,0.40625
5.0,Classical_DoG,seq_inner_val_44b6_t70_p08_boundary,inner_val,44b6_d29c9ab2,36.0,44.0,73.0,74.0,0.5745242597140698
5.0,Classical_DoG,seq_inner_val_44b6_t70_p08_boundary,inner_val,44b6_d29c9ab2,37.0,47.0,73.0,74.0,2.03125
5.0,Classical_DoG,seq_inner_val_44b6_t90_p09_zero_annotation,inner_val,44b6_d29c9ab2,0.0,9.0,90.0,91.0,1.6750116604071745
5.0,Classical_DoG,seq_inner_val_44b6_t90_p09_zero_annotation,inner_val,44b6_d29c9ab2,1.0,6.0,90.0,91.0,1.86167137607581
5.0,Classical_DoG,seq_inner_val_44b6_t90_p09_zero_annotation,inner_val,44b6_d29c9ab2,2.0,8.0,90.0,91.0,0.8125
5.0,Classical_DoG,seq_inner_val_44b6_t90_p09_zero_annotation,inner_val,44b6_d29c9ab2,3.0,7.0,90.0,91.0,1.86167137607581
5.0,Classical_DoG,seq_inner_val_44b6_t90_p09_zero_annotation,inner_val,44b6_d29c9ab2,4.0,11.0,90.0,91.0,1.86167137607581
5.0,Classical_DoG,seq_inner_val_44b6_t90_p09_zero_annotation,inner_val,44b6_d29c9ab2,5.0,10.0,90.0,91.0,3.1729139308370784
5.0,Classical_DoG,seq_inner_val_44b6_t90_p09_zero_annotation,inner_val,44b6_d29c9ab2,7.0,15.0,91.0,92.0,0.40625
5.0,Classical_DoG,seq_inner_val_44b6_t90_p09_zero_annotation,inner_val,44b6_d29c9ab2,8.0,19.0,91.0,92.0,0.0
5.0,Classical_DoG,seq_inner_val_44b6_t90_p09_zero_annotation,inner_val,44b6_d29c9ab2,9.0,18.0,91.0,92.0,1.1490485194281397
5.0,Classical_DoG,seq_inner_val_44b6_t90_p09_zero_annotation,inner_val,44b6_d29c9ab2,10.0,20.0,91.0,92.0,0.8125
5.0,Classical_DoG,seq_inner_val_44b6_t90_p09_zero_annotation,inner_val,44b6_d29c9ab2,11.0,16.0,91.0,92.0,0.0
5.0,Classical_DoG,seq_inner_val_44b6_t90_p09_zero_annotation,inner_val,44b6_d29c9ab2,13.0,17.0,91.0,92.0,0.40625
5.0,Classical_DoG,seq_inner_val_44b6_t90_p09_zero_annotation,inner_val,44b6_d29c9ab2,14.0,21.0,91.0,92.0,0.40625
5.0,Classical_DoG,seq_inner_val_44b6_t90_p09_zero_annotation,inner_val,44b6_d29c9ab2,15.0,22.0,92.0,93.0,1.284675299443404
5.0,Classical_DoG,seq_inner_val_44b6_t90_p09_zero_annotation,inner_val,44b6_d29c9ab2,16.0,25.0,92.0,93.0,1.8168052317185792
5.0,Classical_DoG,seq_inner_val_44b6_t90_p09_zero_annotation,inner_val,44b6_d29c9ab2,17.0,26.0,92.0,93.0,0.8125
5.0,Classical_DoG,seq_inner_val_44b6_t90_p09_zero_annotation,inner_val,44b6_d29c9ab2,18.0,24.0,92.0,93.0,2.0714766773970688
5.0,Classical_DoG,seq_inner_val_44b6_t90_p09_zero_annotation,inner_val,44b6_d29c9ab2,19.0,23.0,92.0,93.0,0.40625
5.0,Classical_DoG,seq_inner_val_44b6_t90_p09_zero_annotation,inner_val,44b6_d29c9ab2,22.0,28.0,93.0,94.0,1.7235727791422095
5.0,Classical_DoG,seq_inner_val_44b6_t90_p09_zero_annotation,inner_val,44b6_d29c9ab2,23.0,27.0,93.0,94.0,0.40625
5.0,Classical_DoG,seq_inner_val_44b6_t90_p09_zero_annotation,inner_val,44b6_d29c9ab2,24.0,29.0,93.0,94.0,0.8125
5.0,Classical_DoG,seq_inner_val_44b6_t90_p09_zero_annotation,inner_val,44b6_d29c9ab2,26.0,30.0,93.0,94.0,0.8125
5.0,Classical_DoG,seq_held_out_val_6bba_t20_p01_crowded,held_out_val,6bba_43fea39d,0.0,1.0,20.0,21.0,3.374565944310468
5.0,Classical_DoG,seq_held_out_val_6bba_t20_p01_crowded,held_out_val,6bba_43fea39d,1.0,2.0,21.0,22.0,0.0
5.0,Classical_DoG,seq_held_out_val_6bba_t20_p01_crowded,held_out_val,6bba_43fea39d,3.0,6.0,23.0,24.0,3.471001521535247
5.0,Classical_DoG,seq_held_out_val_6bba_t20_p01_crowded,held_out_val,6bba_43fea39d,5.0,7.0,23.0,24.0,2.0714766773970688
5.0,Classical_DoG,seq_held_out_val_6bba_t35_p02_crowded,held_out_val,6bba_43fea39d,0.0,5.0,35.0,36.0,2.4375
5.0,Classical_DoG,seq_held_out_val_6bba_t35_p02_crowded,held_out_val,6bba_43fea39d,1.0,4.0,35.0,36.0,3.374565944310468
5.0,Classical_DoG,seq_held_out_val_6bba_t35_p02_crowded,held_out_val,6bba_43fea39d,2.0,6.0,35.0,36.0,2.333728575156074
5.0,Classical_DoG,seq_held_out_val_6bba_t35_p02_crowded,held_out_val,6bba_43fea39d,4.0,9.0,36.0,37.0,3.374565944310468
5.0,Classical_DoG,seq_held_out_val_6bba_t35_p02_crowded,held_out_val,6bba_43fea39d,7.0,11.0,37.0,38.0,3.447145558284419
5.0,Classical_DoG,seq_held_out_val_6bba_t35_p02_crowded,held_out_val,6bba_43fea39d,8.0,12.0,37.0,38.0,3.350023320814349
5.0,Classical_DoG,seq_held_out_val_6bba_t50_p03_crowded,held_out_val,6bba_43fea39d,0.0,2.0,51.0,52.0,0.0
5.0,Classical_DoG,seq_held_out_val_6bba_t50_p03_crowded,held_out_val,6bba_43fea39d,1.0,3.0,51.0,52.0,0.0
5.0,Classical_DoG,seq_held_out_val_6bba_t50_p03_crowded,held_out_val,6bba_43fea39d,4.0,5.0,53.0,54.0,1.4647552056572457
5.0,Classical_DoG,seq_held_out_val_6bba_t80_p05_isolated,held_out_val,6bba_43fea39d,0.0,2.0,80.0,81.0,2.8726212985703494
5.0,Classical_DoG,seq_held_out_val_6bba_t80_p05_isolated,held_out_val,6bba_43fea39d,2.0,4.0,81.0,82.0,1.6750116604071745
5.0,Classical_DoG,seq_held_out_val_6bba_t80_p05_isolated,held_out_val,6bba_43fea39d,3.0,5.0,81.0,82.0,1.8168052317185792
5.0,Classical_DoG,seq_held_out_val_6bba_t80_p05_isolated,held_out_val,6bba_43fea39d,4.0,6.0,82.0,83.0,1.86167137607581
5.0,Classical_DoG,seq_held_out_val_6bba_t80_p05_isolated,held_out_val,6bba_43fea39d,5.0,7.0,82.0,83.0,3.65625
5.0,Classical_DoG,seq_held_out_val_6bba_t80_p05_isolated,held_out_val,6bba_43fea39d,6.0,8.0,83.0,84.0,0.40625
5.0,Classical_DoG,seq_held_out_val_6bba_t80_p05_isolated,held_out_val,6bba_43fea39d,7.0,9.0,83.0,84.0,0.0
5.0,Classical_DoG,seq_held_out_val_6bba_t35_p06_isolated,held_out_val,6bba_43fea39d,0.0,3.0,35.0,36.0,1.86167137607581
5.0,Classical_DoG,seq_held_out_val_6bba_t35_p06_isolated,held_out_val,6bba_43fea39d,1.0,4.0,35.0,36.0,2.632800908728193
5.0,Classical_DoG,seq_held_out_val_6bba_t35_p06_isolated,held_out_val,6bba_43fea39d,2.0,5.0,35.0,36.0,2.6012692214570947
5.0,Classical_DoG,seq_held_out_val_6bba_t35_p06_isolated,held_out_val,6bba_43fea39d,3.0,6.0,36.0,37.0,3.374565944310468
5.0,Classical_DoG,seq_held_out_val_6bba_t35_p06_isolated,held_out_val,6bba_43fea39d,4.0,7.0,36.0,37.0,3.300390601883359
5.0,Classical_DoG,seq_held_out_val_6bba_t35_p06_isolated,held_out_val,6bba_43fea39d,5.0,8.0,36.0,37.0,3.374565944310468
5.0,Classical_DoG,seq_held_out_val_6bba_t35_p06_isolated,held_out_val,6bba_43fea39d,6.0,9.0,37.0,38.0,4.942244555867304
5.0,Classical_DoG,seq_held_out_val_6bba_t35_p07_isolated,held_out_val,6bba_43fea39d,0.0,2.0,35.0,36.0,2.1877232028983924
5.0,Classical_DoG,seq_held_out_val_6bba_t35_p07_isolated,held_out_val,6bba_43fea39d,1.0,3.0,35.0,36.0,2.7252078475778685
5.0,Classical_DoG,seq_held_out_val_6bba_t35_p07_isolated,held_out_val,6bba_43fea39d,2.0,4.0,36.0,37.0,3.350023320814349
5.0,Classical_DoG,seq_held_out_val_6bba_t35_p07_isolated,held_out_val,6bba_43fea39d,4.0,5.0,37.0,38.0,4.958913218891817
5.0,Classical_DoG,seq_held_out_val_6bba_t50_p10_boundary,held_out_val,6bba_43fea39d,0.0,1.0,50.0,51.0,2.9575446425202108
5.0,Classical_DoG,seq_held_out_val_6bba_t50_p10_boundary,held_out_val,6bba_43fea39d,1.0,2.0,51.0,52.0,0.0
5.0,Classical_DoG,seq_held_out_val_6bba_t50_p10_boundary,held_out_val,6bba_43fea39d,3.0,4.0,53.0,54.0,1.21875
5.0,Classical_DoG,seq_train_44b6_t40_p01_crowded,train,44b6_d29c9ab2,0.0,5.0,40.0,41.0,0.5745242597140698
5.0,Classical_DoG,seq_train_44b6_t40_p01_crowded,train,44b6_d29c9ab2,1.0,7.0,40.0,41.0,0.40625
5.0,Classical_DoG,seq_train_44b6_t40_p01_crowded,train,44b6_d29c9ab2,2.0,6.0,40.0,41.0,1.6750116604071745
5.0,Classical_DoG,seq_train_44b6_t40_p01_crowded,train,44b6_d29c9ab2,3.0,8.0,40.0,41.0,0.40625
5.0,Classical_DoG,seq_train_44b6_t40_p01_crowded,train,44b6_d29c9ab2,4.0,10.0,40.0,41.0,0.40625
5.0,Classical_DoG,seq_train_44b6_t40_p01_crowded,train,44b6_d29c9ab2,6.0,13.0,41.0,42.0,1.21875
5.0,Classical_DoG,seq_train_44b6_t40_p01_crowded,train,44b6_d29c9ab2,7.0,14.0,41.0,42.0,2.632800908728193
5.0,Classical_DoG,seq_train_44b6_t40_p01_crowded,train,44b6_d29c9ab2,8.0,17.0,41.0,42.0,2.03125
5.0,Classical_DoG,seq_train_44b6_t40_p01_crowded,train,44b6_d29c9ab2,9.0,15.0,41.0,42.0,2.1877232028983924
5.0,Classical_DoG,seq_train_44b6_t40_p01_crowded,train,44b6_d29c9ab2,10.0,16.0,41.0,42.0,1.284675299443404
5.0,Classical_DoG,seq_train_44b6_t40_p01_crowded,train,44b6_d29c9ab2,12.0,18.0,41.0,42.0,2.333728575156074
5.0,Classical_DoG,seq_train_44b6_t40_p01_crowded,train,44b6_d29c9ab2,13.0,21.0,42.0,43.0,1.4647552056572457
5.0,Classical_DoG,seq_train_44b6_t40_p01_crowded,train,44b6_d29c9ab2,14.0,20.0,42.0,43.0,0.9084026158592896
5.0,Classical_DoG,seq_train_44b6_t40_p01_crowded,train,44b6_d29c9ab2,15.0,22.0,42.0,43.0,2.0714766773970688
5.0,Classical_DoG,seq_train_44b6_t40_p01_crowded,train,44b6_d29c9ab2,16.0,24.0,42.0,43.0,2.03125
5.0,Classical_DoG,seq_train_44b6_t40_p01_crowded,train,44b6_d29c9ab2,17.0,23.0,42.0,43.0,1.8168052317185792
5.0,Classical_DoG,seq_train_44b6_t40_p01_crowded,train,44b6_d29c9ab2,18.0,25.0,42.0,43.0,1.1490485194281397
5.0,Classical_DoG,seq_train_44b6_t40_p01_crowded,train,44b6_d29c9ab2,20.0,26.0,43.0,44.0,2.4375
5.0,Classical_DoG,seq_train_44b6_t40_p01_crowded,train,44b6_d29c9ab2,21.0,27.0,43.0,44.0,2.1877232028983924
5.0,Classical_DoG,seq_train_44b6_t40_p01_crowded,train,44b6_d29c9ab2,22.0,28.0,43.0,44.0,3.300390601883359
5.0,Classical_DoG,seq_train_44b6_t40_p01_crowded,train,44b6_d29c9ab2,23.0,29.0,43.0,44.0,2.7252078475778685
5.0,Classical_DoG,seq_train_44b6_t40_p01_crowded,train,44b6_d29c9ab2,24.0,30.0,43.0,44.0,1.6750116604071745
5.0,Classical_DoG,seq_train_44b6_t40_p01_crowded,train,44b6_d29c9ab2,25.0,32.0,43.0,44.0,1.21875
5.0,Classical_DoG,seq_train_44b6_t45_p02_crowded,train,44b6_d29c9ab2,0.0,6.0,45.0,46.0,1.8168052317185792
5.0,Classical_DoG,seq_train_44b6_t45_p02_crowded,train,44b6_d29c9ab2,1.0,7.0,45.0,46.0,1.86167137607581
5.0,Classical_DoG,seq_train_44b6_t45_p02_crowded,train,44b6_d29c9ab2,2.0,8.0,45.0,46.0,0.9084026158592896
5.0,Classical_DoG,seq_train_44b6_t45_p02_crowded,train,44b6_d29c9ab2,3.0,11.0,45.0,46.0,0.9084026158592896
5.0,Classical_DoG,seq_train_44b6_t45_p02_crowded,train,44b6_d29c9ab2,5.0,10.0,45.0,46.0,1.21875
5.0,Classical_DoG,seq_train_44b6_t45_p02_crowded,train,44b6_d29c9ab2,6.0,12.0,46.0,47.0,0.40625
5.0,Classical_DoG,seq_train_44b6_t45_p02_crowded,train,44b6_d29c9ab2,7.0,13.0,46.0,47.0,0.5745242597140698
5.0,Classical_DoG,seq_train_44b6_t45_p02_crowded,train,44b6_d29c9ab2,8.0,14.0,46.0,47.0,0.9084026158592896
5.0,Classical_DoG,seq_train_44b6_t45_p02_crowded,train,44b6_d29c9ab2,9.0,16.0,46.0,47.0,1.1490485194281397
5.0,Classical_DoG,seq_train_44b6_t45_p02_crowded,train,44b6_d29c9ab2,11.0,15.0,46.0,47.0,0.8125
5.0,Classical_DoG,seq_train_44b6_t45_p02_crowded,train,44b6_d29c9ab2,12.0,17.0,47.0,48.0,1.4647552056572457
5.0,Classical_DoG,seq_train_44b6_t45_p02_crowded,train,44b6_d29c9ab2,13.0,20.0,47.0,48.0,0.8125
5.0,Classical_DoG,seq_train_44b6_t45_p02_crowded,train,44b6_d29c9ab2,14.0,18.0,47.0,48.0,2.1877232028983924
5.0,Classical_DoG,seq_train_44b6_t45_p02_crowded,train,44b6_d29c9ab2,15.0,19.0,47.0,48.0,1.4647552056572457
5.0,Classical_DoG,seq_train_44b6_t45_p02_crowded,train,44b6_d29c9ab2,17.0,24.0,48.0,49.0,4.89189779763437
5.0,Classical_DoG,seq_train_44b6_t45_p02_crowded,train,44b6_d29c9ab2,19.0,22.0,48.0,49.0,4.0625
5.0,Classical_DoG,seq_train_44b6_t45_p02_crowded,train,44b6_d29c9ab2,21.0,26.0,48.0,49.0,4.958913218891817
5.0,Classical_DoG,seq_train_44b6_t40_p04_crowded,train,44b6_d29c9ab2,0.0,5.0,40.0,41.0,0.8125
5.0,Classical_DoG,seq_train_44b6_t40_p04_crowded,train,44b6_d29c9ab2,1.0,7.0,40.0,41.0,1.21875
5.0,Classical_DoG,seq_train_44b6_t40_p04_crowded,train,44b6_d29c9ab2,2.0,6.0,40.0,41.0,1.8168052317185792
5.0,Classical_DoG,seq_train_44b6_t40_p04_crowded,train,44b6_d29c9ab2,3.0,10.0,40.0,41.0,0.8125
5.0,Classical_DoG,seq_train_44b6_t40_p04_crowded,train,44b6_d29c9ab2,5.0,11.0,41.0,42.0,0.8125
5.0,Classical_DoG,seq_train_44b6_t40_p04_crowded,train,44b6_d29c9ab2,6.0,16.0,41.0,42.0,0.9084026158592896
5.0,Classical_DoG,seq_train_44b6_t40_p04_crowded,train,44b6_d29c9ab2,7.0,12.0,41.0,42.0,1.284675299443404
5.0,Classical_DoG,seq_train_44b6_t40_p04_crowded,train,44b6_d29c9ab2,8.0,14.0,41.0,42.0,2.8145825622994254
5.0,Classical_DoG,seq_train_44b6_t40_p04_crowded,train,44b6_d29c9ab2,9.0,15.0,41.0,42.0,2.1877232028983924
5.0,Classical_DoG,seq_train_44b6_t40_p04_crowded,train,44b6_d29c9ab2,11.0,17.0,42.0,43.0,1.1490485194281397
5.0,Classical_DoG,seq_train_44b6_t40_p04_crowded,train,44b6_d29c9ab2,12.0,19.0,42.0,43.0,1.6750116604071745
5.0,Classical_DoG,seq_train_44b6_t40_p04_crowded,train,44b6_d29c9ab2,13.0,18.0,42.0,43.0,2.0714766773970688
5.0,Classical_DoG,seq_train_44b6_t40_p04_crowded,train,44b6_d29c9ab2,14.0,20.0,42.0,43.0,1.284675299443404
5.0,Classical_DoG,seq_train_44b6_t40_p04_crowded,train,44b6_d29c9ab2,15.0,21.0,42.0,43.0,1.8168052317185792
5.0,Classical_DoG,seq_train_44b6_t40_p04_crowded,train,44b6_d29c9ab2,17.0,22.0,43.0,44.0,0.5745242597140698
5.0,Classical_DoG,seq_train_44b6_t40_p04_crowded,train,44b6_d29c9ab2,18.0,24.0,43.0,44.0,0.5745242597140698
5.0,Classical_DoG,seq_train_44b6_t15_p05_crowded,train,44b6_d29c9ab2,0.0,7.0,15.0,16.0,2.0714766773970688
5.0,Classical_DoG,seq_train_44b6_t15_p05_crowded,train,44b6_d29c9ab2,1.0,10.0,15.0,16.0,1.6750116604071745
5.0,Classical_DoG,seq_train_44b6_t15_p05_crowded,train,44b6_d29c9ab2,3.0,11.0,15.0,16.0,2.8726212985703494
5.0,Classical_DoG,seq_train_44b6_t15_p05_crowded,train,44b6_d29c9ab2,4.0,13.0,15.0,16.0,3.300390601883359
5.0,Classical_DoG,seq_train_44b6_t15_p05_crowded,train,44b6_d29c9ab2,5.0,12.0,15.0,16.0,2.1877232028983924
5.0,Classical_DoG,seq_train_44b6_t15_p05_crowded,train,44b6_d29c9ab2,7.0,14.0,16.0,17.0,1.7235727791422095
5.0,Classical_DoG,seq_train_44b6_t15_p05_crowded,train,44b6_d29c9ab2,8.0,16.0,16.0,17.0,1.8168052317185792
5.0,Classical_DoG,seq_train_44b6_t15_p05_crowded,train,44b6_d29c9ab2,9.0,17.0,16.0,17.0,2.368824207280903
5.0,Classical_DoG,seq_train_44b6_t15_p05_crowded,train,44b6_d29c9ab2,11.0,18.0,16.0,17.0,2.368824207280903
5.0,Classical_DoG,seq_train_44b6_t15_p05_crowded,train,44b6_d29c9ab2,12.0,20.0,16.0,17.0,2.1877232028983924
5.0,Classical_DoG,seq_train_44b6_t15_p05_crowded,train,44b6_d29c9ab2,13.0,15.0,16.0,17.0,2.6012692214570947
5.0,Classical_DoG,seq_train_44b6_t15_p05_crowded,train,44b6_d29c9ab2,14.0,23.0,17.0,18.0,1.4647552056572457
5.0,Classical_DoG,seq_train_44b6_t15_p05_crowded,train,44b6_d29c9ab2,15.0,24.0,17.0,18.0,0.5745242597140698
5.0,Classical_DoG,seq_train_44b6_t15_p05_crowded,train,44b6_d29c9ab2,16.0,25.0,17.0,18.0,3.494694639736067
5.0,Classical_DoG,seq_train_44b6_t15_p05_crowded,train,44b6_d29c9ab2,17.0,22.0,17.0,18.0,2.1877232028983924
5.0,Classical_DoG,seq_train_44b6_t15_p05_crowded,train,44b6_d29c9ab2,18.0,26.0,17.0,18.0,2.6012692214570947
5.0,Classical_DoG,seq_train_44b6_t15_p05_crowded,train,44b6_d29c9ab2,20.0,29.0,17.0,18.0,2.03125
5.0,Classical_DoG,seq_train_44b6_t20_p06_crowded,train,44b6_d29c9ab2,0.0,6.0,20.0,21.0,0.40625
5.0,Classical_DoG,seq_train_44b6_t20_p06_crowded,train,44b6_d29c9ab2,1.0,7.0,20.0,21.0,0.5745242597140698
5.0,Classical_DoG,seq_train_44b6_t20_p06_crowded,train,44b6_d29c9ab2,2.0,9.0,20.0,21.0,1.21875
5.0,Classical_DoG,seq_train_44b6_t20_p06_crowded,train,44b6_d29c9ab2,3.0,8.0,20.0,21.0,4.375446405796785
5.0,Classical_DoG,seq_train_44b6_t20_p06_crowded,train,44b6_d29c9ab2,5.0,10.0,20.0,21.0,2.03125
5.0,Classical_DoG,seq_train_44b6_t20_p06_crowded,train,44b6_d29c9ab2,6.0,14.0,21.0,22.0,2.03125
5.0,Classical_DoG,seq_train_44b6_t20_p06_crowded,train,44b6_d29c9ab2,7.0,15.0,21.0,22.0,1.284675299443404
5.0,Classical_DoG,seq_train_44b6_t20_p06_crowded,train,44b6_d29c9ab2,8.0,13.0,21.0,22.0,0.40625
5.0,Classical_DoG,seq_train_44b6_t20_p06_crowded,train,44b6_d29c9ab2,9.0,12.0,21.0,22.0,2.0714766773970688
5.0,Classical_DoG,seq_train_44b6_t20_p06_crowded,train,44b6_d29c9ab2,10.0,16.0,21.0,22.0,0.5745242597140698
5.0,Classical_DoG,seq_train_44b6_t20_p06_crowded,train,44b6_d29c9ab2,12.0,17.0,22.0,23.0,1.1490485194281397
5.0,Classical_DoG,seq_train_44b6_t20_p06_crowded,train,44b6_d29c9ab2,13.0,19.0,22.0,23.0,0.5745242597140698
5.0,Classical_DoG,seq_train_44b6_t20_p06_crowded,train,44b6_d29c9ab2,14.0,18.0,22.0,23.0,0.40625
5.0,Classical_DoG,seq_train_44b6_t20_p06_crowded,train,44b6_d29c9ab2,15.0,20.0,22.0,23.0,2.1877232028983924
5.0,Classical_DoG,seq_train_44b6_t20_p06_crowded,train,44b6_d29c9ab2,16.0,21.0,22.0,23.0,0.9084026158592896
5.0,Classical_DoG,seq_train_44b6_t20_p06_crowded,train,44b6_d29c9ab2,17.0,22.0,23.0,24.0,2.333728575156074
5.0,Classical_DoG,seq_train_44b6_t20_p06_crowded,train,44b6_d29c9ab2,18.0,25.0,23.0,24.0,0.9084026158592896
5.0,Classical_DoG,seq_train_44b6_t20_p06_crowded,train,44b6_d29c9ab2,19.0,24.0,23.0,24.0,1.625
5.0,Classical_DoG,seq_train_44b6_t20_p06_crowded,train,44b6_d29c9ab2,20.0,23.0,23.0,24.0,1.4647552056572457
5.0,Classical_DoG,seq_train_6bba_t15_p01_crowded,train,6bba_bb9f20c3,0.0,5.0,15.0,16.0,0.40625
5.0,Classical_DoG,seq_train_6bba_t15_p01_crowded,train,6bba_bb9f20c3,2.0,6.0,15.0,16.0,0.8125
5.0,Classical_DoG,seq_train_6bba_t15_p01_crowded,train,6bba_bb9f20c3,5.0,9.0,16.0,17.0,1.86167137607581
5.0,Classical_DoG,seq_train_6bba_t15_p01_crowded,train,6bba_bb9f20c3,8.0,11.0,17.0,18.0,0.0
5.0,Classical_DoG,seq_train_6bba_t15_p01_crowded,train,6bba_bb9f20c3,9.0,12.0,17.0,18.0,0.0
5.0,Classical_DoG,seq_train_6bba_t15_p01_crowded,train,6bba_bb9f20c3,10.0,13.0,17.0,18.0,0.0
5.0,Classical_DoG,seq_train_6bba_t15_p01_crowded,train,6bba_bb9f20c3,11.0,18.0,18.0,19.0,0.40625
5.0,Classical_DoG,seq_train_6bba_t35_p02_crowded,train,6bba_bb9f20c3,0.0,3.0,35.0,36.0,0.9084026158592896
5.0,Classical_DoG,seq_train_6bba_t35_p02_crowded,train,6bba_bb9f20c3,1.0,5.0,35.0,36.0,1.6750116604071745
5.0,Classical_DoG,seq_train_6bba_t35_p02_crowded,train,6bba_bb9f20c3,2.0,4.0,35.0,36.0,0.8125
5.0,Classical_DoG,seq_train_6bba_t35_p02_crowded,train,6bba_bb9f20c3,3.0,6.0,36.0,37.0,1.21875
5.0,Classical_DoG,seq_train_6bba_t35_p02_crowded,train,6bba_bb9f20c3,4.0,7.0,36.0,37.0,1.21875
5.0,Classical_DoG,seq_train_6bba_t35_p02_crowded,train,6bba_bb9f20c3,5.0,8.0,36.0,37.0,0.0
5.0,Classical_DoG,seq_train_6bba_t35_p02_crowded,train,6bba_bb9f20c3,6.0,9.0,37.0,38.0,4.394265616971737
5.0,Classical_DoG,seq_train_6bba_t35_p02_crowded,train,6bba_bb9f20c3,7.0,11.0,37.0,38.0,4.958913218891817
5.0,Classical_DoG,seq_train_6bba_t35_p02_crowded,train,6bba_bb9f20c3,8.0,10.0,37.0,38.0,4.667457150312148
5.0,Classical_DoG,seq_train_6bba_t35_p02_crowded,train,6bba_bb9f20c3,10.0,15.0,38.0,39.0,2.03125
5.0,Classical_DoG,seq_train_6bba_t35_p02_crowded,train,6bba_bb9f20c3,11.0,14.0,38.0,39.0,0.9084026158592896
5.0,Classical_DoG,seq_train_6bba_t35_p02_crowded,train,6bba_bb9f20c3,12.0,13.0,38.0,39.0,3.300390601883359
5.0,Classical_DoG,seq_train_6bba_t40_p03_crowded,train,6bba_bb9f20c3,0.0,5.0,40.0,41.0,2.2980970388562794
5.0,Classical_DoG,seq_train_6bba_t40_p03_crowded,train,6bba_bb9f20c3,1.0,7.0,40.0,41.0,0.40625
5.0,Classical_DoG,seq_train_6bba_t40_p03_crowded,train,6bba_bb9f20c3,2.0,9.0,40.0,41.0,0.5745242597140698
5.0,Classical_DoG,seq_train_6bba_t40_p03_crowded,train,6bba_bb9f20c3,3.0,6.0,40.0,41.0,0.9084026158592896
5.0,Classical_DoG,seq_train_6bba_t40_p03_crowded,train,6bba_bb9f20c3,5.0,11.0,41.0,42.0,1.1490485194281397
5.0,Classical_DoG,seq_train_6bba_t40_p03_crowded,train,6bba_bb9f20c3,6.0,12.0,41.0,42.0,0.5745242597140698
5.0,Classical_DoG,seq_train_6bba_t40_p03_crowded,train,6bba_bb9f20c3,7.0,10.0,41.0,42.0,2.1877232028983924
5.0,Classical_DoG,seq_train_6bba_t40_p03_crowded,train,6bba_bb9f20c3,9.0,13.0,41.0,42.0,1.9902104160113323
5.0,Classical_DoG,seq_train_6bba_t40_p03_crowded,train,6bba_bb9f20c3,11.0,15.0,42.0,43.0,2.6012692214570947
5.0,Classical_DoG,seq_train_6bba_t40_p03_crowded,train,6bba_bb9f20c3,12.0,17.0,42.0,43.0,2.4375
5.0,Classical_DoG,seq_train_6bba_t40_p03_crowded,train,6bba_bb9f20c3,13.0,16.0,42.0,43.0,0.8125
5.0,Classical_DoG,seq_train_6bba_t40_p03_crowded,train,6bba_bb9f20c3,14.0,18.0,43.0,44.0,4.33756303988772
5.0,Classical_DoG,seq_train_6bba_t40_p03_crowded,train,6bba_bb9f20c3,15.0,19.0,43.0,44.0,2.0714766773970688
5.0,Classical_DoG,seq_train_6bba_t40_p03_crowded,train,6bba_bb9f20c3,16.0,20.0,43.0,44.0,1.6750116604071745
5.0,Classical_DoG,seq_train_6bba_t40_p03_crowded,train,6bba_bb9f20c3,17.0,21.0,43.0,44.0,1.86167137607581
5.0,Classical_DoG,seq_train_6bba_t45_p04_crowded,train,6bba_bb9f20c3,0.0,5.0,45.0,46.0,2.471122277933652
5.0,Classical_DoG,seq_train_6bba_t45_p04_crowded,train,6bba_bb9f20c3,1.0,4.0,45.0,46.0,2.0714766773970688
5.0,Classical_DoG,seq_train_6bba_t45_p04_crowded,train,6bba_bb9f20c3,2.0,6.0,45.0,46.0,2.0714766773970688
5.0,Classical_DoG,seq_train_6bba_t45_p04_crowded,train,6bba_bb9f20c3,3.0,7.0,45.0,46.0,4.318496736423452
5.0,Classical_DoG,seq_train_6bba_t45_p04_crowded,train,6bba_bb9f20c3,4.0,8.0,46.0,47.0,2.333728575156074
5.0,Classical_DoG,seq_train_6bba_t45_p04_crowded,train,6bba_bb9f20c3,6.0,10.0,46.0,47.0,1.9902104160113323
5.0,Classical_DoG,seq_train_6bba_t45_p04_crowded,train,6bba_bb9f20c3,7.0,9.0,46.0,47.0,3.350023320814349
5.0,Classical_DoG,seq_train_6bba_t45_p04_crowded,train,6bba_bb9f20c3,8.0,11.0,47.0,48.0,3.1729139308370784
5.0,Classical_DoG,seq_train_6bba_t45_p04_crowded,train,6bba_bb9f20c3,9.0,12.0,47.0,48.0,0.40625
5.0,Classical_DoG,seq_train_6bba_t45_p04_crowded,train,6bba_bb9f20c3,10.0,13.0,47.0,48.0,3.0671202393287422
5.0,Classical_DoG,seq_train_6bba_t45_p04_crowded,train,6bba_bb9f20c3,11.0,15.0,48.0,49.0,1.4647552056572457
5.0,Classical_DoG,seq_train_6bba_t45_p04_crowded,train,6bba_bb9f20c3,12.0,16.0,48.0,49.0,3.300390601883359
5.0,Classical_DoG,seq_train_6bba_t15_p07_crowded,train,6bba_bb9f20c3,1.0,7.0,15.0,16.0,1.1490485194281397
5.0,Classical_DoG,seq_train_6bba_t15_p07_crowded,train,6bba_bb9f20c3,2.0,8.0,15.0,16.0,0.40625
5.0,Classical_DoG,seq_train_6bba_t15_p07_crowded,train,6bba_bb9f20c3,3.0,9.0,15.0,16.0,2.0714766773970688
5.0,Classical_DoG,seq_train_6bba_t15_p07_crowded,train,6bba_bb9f20c3,6.0,13.0,16.0,17.0,3.494694639736067
5.0,Classical_DoG,seq_train_6bba_t15_p07_crowded,train,6bba_bb9f20c3,7.0,15.0,16.0,17.0,2.2980970388562794
5.0,Classical_DoG,seq_train_6bba_t15_p07_crowded,train,6bba_bb9f20c3,8.0,14.0,16.0,17.0,1.4647552056572457
5.0,Classical_DoG,seq_train_6bba_t15_p07_crowded,train,6bba_bb9f20c3,9.0,16.0,16.0,17.0,2.8726212985703494
5.0,Classical_DoG,seq_train_6bba_t15_p07_crowded,train,6bba_bb9f20c3,12.0,18.0,17.0,18.0,0.0
5.0,Classical_DoG,seq_train_6bba_t15_p07_crowded,train,6bba_bb9f20c3,13.0,19.0,17.0,18.0,0.0
5.0,Classical_DoG,seq_train_6bba_t15_p07_crowded,train,6bba_bb9f20c3,14.0,20.0,17.0,18.0,0.0
5.0,Classical_DoG,seq_train_6bba_t15_p07_crowded,train,6bba_bb9f20c3,15.0,21.0,17.0,18.0,0.0
5.0,Classical_DoG,seq_train_6bba_t15_p07_crowded,train,6bba_bb9f20c3,16.0,22.0,17.0,18.0,0.0
5.0,Classical_DoG,seq_train_6bba_t15_p07_crowded,train,6bba_bb9f20c3,17.0,23.0,17.0,18.0,0.0
5.0,Classical_DoG,seq_train_6bba_t15_p07_crowded,train,6bba_bb9f20c3,18.0,26.0,18.0,19.0,0.8125
5.0,Classical_DoG,seq_train_6bba_t15_p07_crowded,train,6bba_bb9f20c3,19.0,25.0,18.0,19.0,2.8726212985703494
5.0,Classical_DoG,seq_train_6bba_t15_p07_crowded,train,6bba_bb9f20c3,20.0,24.0,18.0,19.0,2.368824207280903
5.0,Classical_DoG,seq_train_6bba_t15_p07_crowded,train,6bba_bb9f20c3,21.0,29.0,18.0,19.0,0.40625
5.0,Classical_DoG,seq_train_6bba_t15_p07_crowded,train,6bba_bb9f20c3,22.0,28.0,18.0,19.0,3.9804208320226646
5.0,Classical_DoG,seq_train_6bba_t15_p07_crowded,train,6bba_bb9f20c3,23.0,30.0,18.0,19.0,3.72334275215162
5.0,Learned_UNet_N0,seq_inner_val_6bba_t85_p01_crowded,inner_val,6bba_bb9f20c3,0.0,21.0,85.0,86.0,1.4647552056572457
5.0,Learned_UNet_N0,seq_inner_val_6bba_t85_p01_crowded,inner_val,6bba_bb9f20c3,1.0,23.0,85.0,86.0,0.8125
5.0,Learned_UNet_N0,seq_inner_val_6bba_t85_p01_crowded,inner_val,6bba_bb9f20c3,2.0,20.0,85.0,86.0,1.284675299443404
5.0,Learned_UNet_N0,seq_inner_val_6bba_t85_p01_crowded,inner_val,6bba_bb9f20c3,3.0,29.0,85.0,86.0,0.40625
5.0,Learned_UNet_N0,seq_inner_val_6bba_t85_p01_crowded,inner_val,6bba_bb9f20c3,4.0,31.0,85.0,86.0,3.2752922102462856
5.0,Learned_UNet_N0,seq_inner_val_6bba_t85_p01_crowded,inner_val,6bba_bb9f20c3,5.0,25.0,85.0,86.0,3.494694639736067
5.0,Learned_UNet_N0,seq_inner_val_6bba_t85_p01_crowded,inner_val,6bba_bb9f20c3,7.0,22.0,85.0,86.0,1.8168052317185792
5.0,Learned_UNet_N0,seq_inner_val_6bba_t85_p01_crowded,inner_val,6bba_bb9f20c3,8.0,28.0,85.0,86.0,3.25
5.0,Learned_UNet_N0,seq_inner_val_6bba_t85_p01_crowded,inner_val,6bba_bb9f20c3,9.0,30.0,85.0,86.0,0.8125
5.0,Learned_UNet_N0,seq_inner_val_6bba_t85_p01_crowded,inner_val,6bba_bb9f20c3,10.0,33.0,85.0,86.0,0.8125
5.0,Learned_UNet_N0,seq_inner_val_6bba_t85_p01_crowded,inner_val,6bba_bb9f20c3,12.0,34.0,85.0,86.0,0.8125
5.0,Learned_UNet_N0,seq_inner_val_6bba_t85_p01_crowded,inner_val,6bba_bb9f20c3,15.0,36.0,85.0,86.0,3.25
5.0,Learned_UNet_N0,seq_inner_val_6bba_t85_p01_crowded,inner_val,6bba_bb9f20c3,17.0,35.0,85.0,86.0,3.65625
5.0,Learned_UNet_N0,seq_inner_val_6bba_t85_p01_crowded,inner_val,6bba_bb9f20c3,18.0,37.0,85.0,86.0,0.8125
5.0,Learned_UNet_N0,seq_inner_val_6bba_t85_p01_crowded,inner_val,6bba_bb9f20c3,19.0,38.0,85.0,86.0,0.9084026158592896
5.0,Learned_UNet_N0,seq_inner_val_6bba_t85_p01_crowded,inner_val,6bba_bb9f20c3,20.0,39.0,86.0,87.0,1.21875
5.0,Learned_UNet_N0,seq_inner_val_6bba_t85_p01_crowded,inner_val,6bba_bb9f20c3,21.0,40.0,86.0,87.0,0.5745242597140698
5.0,Learned_UNet_N0,seq_inner_val_6bba_t85_p01_crowded,inner_val,6bba_bb9f20c3,22.0,41.0,86.0,87.0,0.9084026158592896
5.0,Learned_UNet_N0,seq_inner_val_6bba_t85_p01_crowded,inner_val,6bba_bb9f20c3,24.0,42.0,86.0,87.0,0.8125
5.0,Learned_UNet_N0,seq_inner_val_6bba_t85_p01_crowded,inner_val,6bba_bb9f20c3,25.0,43.0,86.0,87.0,0.9084026158592896
5.0,Learned_UNet_N0,seq_inner_val_6bba_t85_p01_crowded,inner_val,6bba_bb9f20c3,27.0,46.0,86.0,87.0,0.9084026158592896
5.0,Learned_UNet_N0,seq_inner_val_6bba_t85_p01_crowded,inner_val,6bba_bb9f20c3,29.0,44.0,86.0,87.0,1.284675299443404
5.0,Learned_UNet_N0,seq_inner_val_6bba_t85_p01_crowded,inner_val,6bba_bb9f20c3,30.0,48.0,86.0,87.0,0.40625
5.0,Learned_UNet_N0,seq_inner_val_6bba_t85_p01_crowded,inner_val,6bba_bb9f20c3,31.0,45.0,86.0,87.0,3.494694639736067
5.0,Learned_UNet_N0,seq_inner_val_6bba_t85_p01_crowded,inner_val,6bba_bb9f20c3,32.0,47.0,86.0,87.0,1.21875
5.0,Learned_UNet_N0,seq_inner_val_6bba_t85_p01_crowded,inner_val,6bba_bb9f20c3,33.0,52.0,86.0,87.0,1.6750116604071745
5.0,Learned_UNet_N0,seq_inner_val_6bba_t85_p01_crowded,inner_val,6bba_bb9f20c3,34.0,51.0,86.0,87.0,1.8168052317185792
5.0,Learned_UNet_N0,seq_inner_val_6bba_t85_p01_crowded,inner_val,6bba_bb9f20c3,35.0,50.0,86.0,87.0,0.0
5.0,Learned_UNet_N0,seq_inner_val_6bba_t85_p01_crowded,inner_val,6bba_bb9f20c3,37.0,54.0,86.0,87.0,1.21875
5.0,Learned_UNet_N0,seq_inner_val_6bba_t85_p01_crowded,inner_val,6bba_bb9f20c3,38.0,55.0,86.0,87.0,0.9084026158592896
5.0,Learned_UNet_N0,seq_inner_val_6bba_t85_p01_crowded,inner_val,6bba_bb9f20c3,39.0,58.0,87.0,88.0,1.1490485194281397
5.0,Learned_UNet_N0,seq_inner_val_6bba_t85_p01_crowded,inner_val,6bba_bb9f20c3,40.0,57.0,87.0,88.0,0.5745242597140698
5.0,Learned_UNet_N0,seq_inner_val_6bba_t85_p01_crowded,inner_val,6bba_bb9f20c3,41.0,59.0,87.0,88.0,0.40625
5.0,Learned_UNet_N0,seq_inner_val_6bba_t85_p01_crowded,inner_val,6bba_bb9f20c3,42.0,56.0,87.0,88.0,0.40625
5.0,Learned_UNet_N0,seq_inner_val_6bba_t85_p01_crowded,inner_val,6bba_bb9f20c3,43.0,60.0,87.0,88.0,2.0714766773970688
5.0,Learned_UNet_N0,seq_inner_val_6bba_t85_p01_crowded,inner_val,6bba_bb9f20c3,44.0,61.0,87.0,88.0,0.5745242597140698
5.0,Learned_UNet_N0,seq_inner_val_6bba_t85_p01_crowded,inner_val,6bba_bb9f20c3,45.0,64.0,87.0,88.0,1.6750116604071745
5.0,Learned_UNet_N0,seq_inner_val_6bba_t85_p01_crowded,inner_val,6bba_bb9f20c3,46.0,62.0,87.0,88.0,0.9084026158592896
5.0,Learned_UNet_N0,seq_inner_val_6bba_t85_p01_crowded,inner_val,6bba_bb9f20c3,48.0,65.0,87.0,88.0,0.5745242597140698
5.0,Learned_UNet_N0,seq_inner_val_6bba_t85_p01_crowded,inner_val,6bba_bb9f20c3,49.0,67.0,87.0,88.0,0.0
5.0,Learned_UNet_N0,seq_inner_val_6bba_t85_p01_crowded,inner_val,6bba_bb9f20c3,50.0,66.0,87.0,88.0,0.8125
5.0,Learned_UNet_N0,seq_inner_val_6bba_t85_p01_crowded,inner_val,6bba_bb9f20c3,51.0,68.0,87.0,88.0,0.9084026158592896
5.0,Learned_UNet_N0,seq_inner_val_6bba_t85_p01_crowded,inner_val,6bba_bb9f20c3,52.0,70.0,87.0,88.0,4.0625
5.0,Learned_UNet_N0,seq_inner_val_6bba_t85_p01_crowded,inner_val,6bba_bb9f20c3,53.0,69.0,87.0,88.0,3.350023320814349
5.0,Learned_UNet_N0,seq_inner_val_6bba_t85_p01_crowded,inner_val,6bba_bb9f20c3,54.0,71.0,87.0,88.0,1.625
5.0,Learned_UNet_N0,seq_inner_val_6bba_t85_p01_crowded,inner_val,6bba_bb9f20c3,56.0,74.0,88.0,89.0,2.03125
5.0,Learned_UNet_N0,seq_inner_val_6bba_t85_p01_crowded,inner_val,6bba_bb9f20c3,57.0,75.0,88.0,89.0,0.8125
5.0,Learned_UNet_N0,seq_inner_val_6bba_t85_p01_crowded,inner_val,6bba_bb9f20c3,58.0,76.0,88.0,89.0,3.5648292823780494
5.0,Learned_UNet_N0,seq_inner_val_6bba_t85_p01_crowded,inner_val,6bba_bb9f20c3,59.0,77.0,88.0,89.0,0.9084026158592896
5.0,Learned_UNet_N0,seq_inner_val_6bba_t85_p01_crowded,inner_val,6bba_bb9f20c3,60.0,78.0,88.0,89.0,1.21875
5.0,Learned_UNet_N0,seq_inner_val_6bba_t85_p01_crowded,inner_val,6bba_bb9f20c3,61.0,73.0,88.0,89.0,1.625
5.0,Learned_UNet_N0,seq_inner_val_6bba_t85_p01_crowded,inner_val,6bba_bb9f20c3,62.0,83.0,88.0,89.0,0.8125
5.0,Learned_UNet_N0,seq_inner_val_6bba_t85_p01_crowded,inner_val,6bba_bb9f20c3,63.0,72.0,88.0,89.0,1.284675299443404
5.0,Learned_UNet_N0,seq_inner_val_6bba_t85_p01_crowded,inner_val,6bba_bb9f20c3,64.0,80.0,88.0,89.0,0.5745242597140698
5.0,Learned_UNet_N0,seq_inner_val_6bba_t85_p01_crowded,inner_val,6bba_bb9f20c3,65.0,84.0,88.0,89.0,0.40625
5.0,Learned_UNet_N0,seq_inner_val_6bba_t85_p01_crowded,inner_val,6bba_bb9f20c3,66.0,88.0,88.0,89.0,0.40625
5.0,Learned_UNet_N0,seq_inner_val_6bba_t85_p01_crowded,inner_val,6bba_bb9f20c3,67.0,79.0,88.0,89.0,0.9084026158592896
5.0,Learned_UNet_N0,seq_inner_val_6bba_t85_p01_crowded,inner_val,6bba_bb9f20c3,68.0,85.0,88.0,89.0,3.374565944310468
5.0,Learned_UNet_N0,seq_inner_val_6bba_t85_p01_crowded,inner_val,6bba_bb9f20c3,69.0,81.0,88.0,89.0,0.40625
5.0,Learned_UNet_N0,seq_inner_val_6bba_t85_p01_crowded,inner_val,6bba_bb9f20c3,70.0,86.0,88.0,89.0,0.0
5.0,Learned_UNet_N0,seq_inner_val_6bba_t85_p01_crowded,inner_val,6bba_bb9f20c3,71.0,82.0,88.0,89.0,3.72334275215162
5.0,Learned_UNet_N0,seq_inner_val_6bba_t75_p02_crowded,inner_val,6bba_bb9f20c3,0.0,18.0,75.0,76.0,0.8125
5.0,Learned_UNet_N0,seq_inner_val_6bba_t75_p02_crowded,inner_val,6bba_bb9f20c3,1.0,19.0,75.0,76.0,1.1490485194281397
5.0,Learned_UNet_N0,seq_inner_val_6bba_t75_p02_crowded,inner_val,6bba_bb9f20c3,2.0,25.0,75.0,76.0,3.65625
5.0,Learned_UNet_N0,seq_inner_val_6bba_t75_p02_crowded,inner_val,6bba_bb9f20c3,3.0,20.0,75.0,76.0,0.9084026158592896
5.0,Learned_UNet_N0,seq_inner_val_6bba_t75_p02_crowded,inner_val,6bba_bb9f20c3,4.0,24.0,75.0,76.0,1.21875
5.0,Learned_UNet_N0,seq_inner_val_6bba_t75_p02_crowded,inner_val,6bba_bb9f20c3,5.0,17.0,75.0,76.0,2.03125
5.0,Learned_UNet_N0,seq_inner_val_6bba_t75_p02_crowded,inner_val,6bba_bb9f20c3,6.0,22.0,75.0,76.0,2.471122277933652
5.0,Learned_UNet_N0,seq_inner_val_6bba_t75_p02_crowded,inner_val,6bba_bb9f20c3,7.0,21.0,75.0,76.0,1.6750116604071745
5.0,Learned_UNet_N0,seq_inner_val_6bba_t75_p02_crowded,inner_val,6bba_bb9f20c3,8.0,29.0,75.0,76.0,3.0671202393287422
5.0,Learned_UNet_N0,seq_inner_val_6bba_t75_p02_crowded,inner_val,6bba_bb9f20c3,10.0,23.0,75.0,76.0,0.0
5.0,Learned_UNet_N0,seq_inner_val_6bba_t75_p02_crowded,inner_val,6bba_bb9f20c3,11.0,27.0,75.0,76.0,0.8125
5.0,Learned_UNet_N0,seq_inner_val_6bba_t75_p02_crowded,inner_val,6bba_bb9f20c3,12.0,26.0,75.0,76.0,0.9084026158592896
5.0,Learned_UNet_N0,seq_inner_val_6bba_t75_p02_crowded,inner_val,6bba_bb9f20c3,13.0,28.0,75.0,76.0,0.8125
5.0,Learned_UNet_N0,seq_inner_val_6bba_t75_p02_crowded,inner_val,6bba_bb9f20c3,16.0,30.0,75.0,76.0,0.8125
5.0,Learned_UNet_N0,seq_inner_val_6bba_t75_p02_crowded,inner_val,6bba_bb9f20c3,17.0,32.0,76.0,77.0,0.40625
5.0,Learned_UNet_N0,seq_inner_val_6bba_t75_p02_crowded,inner_val,6bba_bb9f20c3,18.0,33.0,76.0,77.0,0.0
5.0,Learned_UNet_N0,seq_inner_val_6bba_t75_p02_crowded,inner_val,6bba_bb9f20c3,19.0,34.0,76.0,77.0,0.9084026158592896
5.0,Learned_UNet_N0,seq_inner_val_6bba_t75_p02_crowded,inner_val,6bba_bb9f20c3,20.0,36.0,76.0,77.0,0.40625
5.0,Learned_UNet_N0,seq_inner_val_6bba_t75_p02_crowded,inner_val,6bba_bb9f20c3,21.0,35.0,76.0,77.0,0.40625
5.0,Learned_UNet_N0,seq_inner_val_6bba_t75_p02_crowded,inner_val,6bba_bb9f20c3,22.0,40.0,76.0,77.0,0.8125
5.0,Learned_UNet_N0,seq_inner_val_6bba_t75_p02_crowded,inner_val,6bba_bb9f20c3,23.0,39.0,76.0,77.0,1.1490485194281397
5.0,Learned_UNet_N0,seq_inner_val_6bba_t75_p02_crowded,inner_val,6bba_bb9f20c3,24.0,38.0,76.0,77.0,0.9084026158592896
5.0,Learned_UNet_N0,seq_inner_val_6bba_t75_p02_crowded,inner_val,6bba_bb9f20c3,25.0,42.0,76.0,77.0,1.1490485194281397
5.0,Learned_UNet_N0,seq_inner_val_6bba_t75_p02_crowded,inner_val,6bba_bb9f20c3,26.0,41.0,76.0,77.0,0.40625
5.0,Learned_UNet_N0,seq_inner_val_6bba_t75_p02_crowded,inner_val,6bba_bb9f20c3,28.0,45.0,76.0,77.0,0.40625
5.0,Learned_UNet_N0,seq_inner_val_6bba_t75_p02_crowded,inner_val,6bba_bb9f20c3,29.0,44.0,76.0,77.0,0.5745242597140698
5.0,Learned_UNet_N0,seq_inner_val_6bba_t75_p02_crowded,inner_val,6bba_bb9f20c3,30.0,48.0,76.0,77.0,0.8125
5.0,Learned_UNet_N0,seq_inner_val_6bba_t75_p02_crowded,inner_val,6bba_bb9f20c3,31.0,47.0,76.0,77.0,0.40625
5.0,Learned_UNet_N0,seq_inner_val_6bba_t75_p02_crowded,inner_val,6bba_bb9f20c3,32.0,49.0,77.0,78.0,0.8125
5.0,Learned_UNet_N0,seq_inner_val_6bba_t75_p02_crowded,inner_val,6bba_bb9f20c3,33.0,51.0,77.0,78.0,0.8125
5.0,Learned_UNet_N0,seq_inner_val_6bba_t75_p02_crowded,inner_val,6bba_bb9f20c3,34.0,50.0,77.0,78.0,0.9084026158592896
5.0,Learned_UNet_N0,seq_inner_val_6bba_t75_p02_crowded,inner_val,6bba_bb9f20c3,38.0,54.0,77.0,78.0,3.25
5.0,Learned_UNet_N0,seq_inner_val_6bba_t75_p02_crowded,inner_val,6bba_bb9f20c3,39.0,53.0,77.0,78.0,0.40625
5.0,Learned_UNet_N0,seq_inner_val_6bba_t75_p02_crowded,inner_val,6bba_bb9f20c3,40.0,52.0,77.0,78.0,3.72334275215162
5.0,Learned_UNet_N0,seq_inner_val_6bba_t75_p02_crowded,inner_val,6bba_bb9f20c3,41.0,55.0,77.0,78.0,3.350023320814349
5.0,Learned_UNet_N0,seq_inner_val_6bba_t75_p02_crowded,inner_val,6bba_bb9f20c3,42.0,56.0,77.0,78.0,0.8125
5.0,Learned_UNet_N0,seq_inner_val_6bba_t75_p02_crowded,inner_val,6bba_bb9f20c3,43.0,57.0,77.0,78.0,0.8125
5.0,Learned_UNet_N0,seq_inner_val_6bba_t75_p02_crowded,inner_val,6bba_bb9f20c3,44.0,58.0,77.0,78.0,1.86167137607581
5.0,Learned_UNet_N0,seq_inner_val_6bba_t75_p02_crowded,inner_val,6bba_bb9f20c3,45.0,62.0,77.0,78.0,0.40625
5.0,Learned_UNet_N0,seq_inner_val_6bba_t75_p02_crowded,inner_val,6bba_bb9f20c3,46.0,61.0,77.0,78.0,1.21875
5.0,Learned_UNet_N0,seq_inner_val_6bba_t75_p02_crowded,inner_val,6bba_bb9f20c3,47.0,63.0,77.0,78.0,0.5745242597140698
5.0,Learned_UNet_N0,seq_inner_val_6bba_t75_p02_crowded,inner_val,6bba_bb9f20c3,54.0,69.0,78.0,79.0,3.350023320814349
5.0,Learned_UNet_N0,seq_inner_val_6bba_t75_p02_crowded,inner_val,6bba_bb9f20c3,55.0,71.0,78.0,79.0,3.300390601883359
5.0,Learned_UNet_N0,seq_inner_val_6bba_t75_p02_crowded,inner_val,6bba_bb9f20c3,56.0,72.0,78.0,79.0,3.72334275215162
5.0,Learned_UNet_N0,seq_inner_val_6bba_t75_p02_crowded,inner_val,6bba_bb9f20c3,64.0,74.0,78.0,79.0,3.5648292823780494
5.0,Learned_UNet_N0,seq_inner_val_6bba_t85_p03_crowded,inner_val,6bba_bb9f20c3,0.0,14.0,85.0,86.0,1.8168052317185792
5.0,Learned_UNet_N0,seq_inner_val_6bba_t85_p03_crowded,inner_val,6bba_bb9f20c3,1.0,17.0,85.0,86.0,3.350023320814349
5.0,Learned_UNet_N0,seq_inner_val_6bba_t85_p03_crowded,inner_val,6bba_bb9f20c3,2.0,16.0,85.0,86.0,0.8125
5.0,Learned_UNet_N0,seq_inner_val_6bba_t85_p03_crowded,inner_val,6bba_bb9f20c3,3.0,19.0,85.0,86.0,0.9084026158592896
5.0,Learned_UNet_N0,seq_inner_val_6bba_t85_p03_crowded,inner_val,6bba_bb9f20c3,5.0,15.0,85.0,86.0,2.569350598886808
5.0,Learned_UNet_N0,seq_inner_val_6bba_t85_p03_crowded,inner_val,6bba_bb9f20c3,6.0,18.0,85.0,86.0,0.40625
5.0,Learned_UNet_N0,seq_inner_val_6bba_t85_p03_crowded,inner_val,6bba_bb9f20c3,7.0,20.0,85.0,86.0,3.300390601883359
5.0,Learned_UNet_N0,seq_inner_val_6bba_t85_p03_crowded,inner_val,6bba_bb9f20c3,8.0,21.0,85.0,86.0,3.6336104634371584
5.0,Learned_UNet_N0,seq_inner_val_6bba_t85_p03_crowded,inner_val,6bba_bb9f20c3,9.0,23.0,85.0,86.0,0.5745242597140698
5.0,Learned_UNet_N0,seq_inner_val_6bba_t85_p03_crowded,inner_val,6bba_bb9f20c3,10.0,25.0,85.0,86.0,1.625
5.0,Learned_UNet_N0,seq_inner_val_6bba_t85_p03_crowded,inner_val,6bba_bb9f20c3,11.0,24.0,85.0,86.0,0.0
5.0,Learned_UNet_N0,seq_inner_val_6bba_t85_p03_crowded,inner_val,6bba_bb9f20c3,12.0,22.0,85.0,86.0,0.5745242597140698
5.0,Learned_UNet_N0,seq_inner_val_6bba_t85_p03_crowded,inner_val,6bba_bb9f20c3,13.0,26.0,85.0,86.0,2.2980970388562794
5.0,Learned_UNet_N0,seq_inner_val_6bba_t85_p03_crowded,inner_val,6bba_bb9f20c3,14.0,37.0,86.0,87.0,3.494694639736067
5.0,Learned_UNet_N0,seq_inner_val_6bba_t85_p03_crowded,inner_val,6bba_bb9f20c3,15.0,29.0,86.0,87.0,0.8125
5.0,Learned_UNet_N0,seq_inner_val_6bba_t85_p03_crowded,inner_val,6bba_bb9f20c3,16.0,33.0,86.0,87.0,0.0
5.0,Learned_UNet_N0,seq_inner_val_6bba_t85_p03_crowded,inner_val,6bba_bb9f20c3,17.0,30.0,86.0,87.0,3.447145558284419
5.0,Learned_UNet_N0,seq_inner_val_6bba_t85_p03_crowded,inner_val,6bba_bb9f20c3,18.0,32.0,86.0,87.0,0.8125
5.0,Learned_UNet_N0,seq_inner_val_6bba_t85_p03_crowded,inner_val,6bba_bb9f20c3,19.0,35.0,86.0,87.0,1.6750116604071745
5.0,Learned_UNet_N0,seq_inner_val_6bba_t85_p03_crowded,inner_val,6bba_bb9f20c3,21.0,38.0,86.0,87.0,0.40625
5.0,Learned_UNet_N0,seq_inner_val_6bba_t85_p03_crowded,inner_val,6bba_bb9f20c3,22.0,34.0,86.0,87.0,0.8125
5.0,Learned_UNet_N0,seq_inner_val_6bba_t85_p03_crowded,inner_val,6bba_bb9f20c3,24.0,41.0,86.0,87.0,3.300390601883359
5.0,Learned_UNet_N0,seq_inner_val_6bba_t85_p03_crowded,inner_val,6bba_bb9f20c3,25.0,39.0,86.0,87.0,0.8125
5.0,Learned_UNet_N0,seq_inner_val_6bba_t85_p03_crowded,inner_val,6bba_bb9f20c3,26.0,43.0,86.0,87.0,1.8168052317185792
5.0,Learned_UNet_N0,seq_inner_val_6bba_t85_p03_crowded,inner_val,6bba_bb9f20c3,27.0,42.0,86.0,87.0,2.0714766773970688
5.0,Learned_UNet_N0,seq_inner_val_6bba_t85_p03_crowded,inner_val,6bba_bb9f20c3,28.0,44.0,86.0,87.0,0.9084026158592896
5.0,Learned_UNet_N0,seq_inner_val_6bba_t85_p03_crowded,inner_val,6bba_bb9f20c3,29.0,45.0,87.0,88.0,2.03125
5.0,Learned_UNet_N0,seq_inner_val_6bba_t85_p03_crowded,inner_val,6bba_bb9f20c3,30.0,47.0,87.0,88.0,3.350023320814349
5.0,Learned_UNet_N0,seq_inner_val_6bba_t85_p03_crowded,inner_val,6bba_bb9f20c3,31.0,46.0,87.0,88.0,0.0
5.0,Learned_UNet_N0,seq_inner_val_6bba_t85_p03_crowded,inner_val,6bba_bb9f20c3,32.0,50.0,87.0,88.0,0.40625
5.0,Learned_UNet_N0,seq_inner_val_6bba_t85_p03_crowded,inner_val,6bba_bb9f20c3,33.0,55.0,87.0,88.0,0.8125
5.0,Learned_UNet_N0,seq_inner_val_6bba_t85_p03_crowded,inner_val,6bba_bb9f20c3,34.0,49.0,87.0,88.0,0.8125
5.0,Learned_UNet_N0,seq_inner_val_6bba_t85_p03_crowded,inner_val,6bba_bb9f20c3,35.0,52.0,87.0,88.0,1.7235727791422095
5.0,Learned_UNet_N0,seq_inner_val_6bba_t85_p03_crowded,inner_val,6bba_bb9f20c3,36.0,48.0,87.0,88.0,0.40625
5.0,Learned_UNet_N0,seq_inner_val_6bba_t85_p03_crowded,inner_val,6bba_bb9f20c3,37.0,53.0,87.0,88.0,3.8540258983302125
5.0,Learned_UNet_N0,seq_inner_val_6bba_t85_p03_crowded,inner_val,6bba_bb9f20c3,38.0,51.0,87.0,88.0,0.40625
5.0,Learned_UNet_N0,seq_inner_val_6bba_t85_p03_crowded,inner_val,6bba_bb9f20c3,39.0,54.0,87.0,88.0,0.8125
5.0,Learned_UNet_N0,seq_inner_val_6bba_t85_p03_crowded,inner_val,6bba_bb9f20c3,40.0,56.0,87.0,88.0,3.6336104634371584
5.0,Learned_UNet_N0,seq_inner_val_6bba_t85_p03_crowded,inner_val,6bba_bb9f20c3,41.0,57.0,87.0,88.0,1.21875
5.0,Learned_UNet_N0,seq_inner_val_6bba_t85_p03_crowded,inner_val,6bba_bb9f20c3,43.0,58.0,87.0,88.0,2.2980970388562794
5.0,Learned_UNet_N0,seq_inner_val_6bba_t85_p03_crowded,inner_val,6bba_bb9f20c3,45.0,60.0,88.0,89.0,0.9084026158592896
5.0,Learned_UNet_N0,seq_inner_val_6bba_t85_p03_crowded,inner_val,6bba_bb9f20c3,46.0,64.0,88.0,89.0,0.8125
5.0,Learned_UNet_N0,seq_inner_val_6bba_t85_p03_crowded,inner_val,6bba_bb9f20c3,47.0,62.0,88.0,89.0,3.494694639736067
5.0,Learned_UNet_N0,seq_inner_val_6bba_t85_p03_crowded,inner_val,6bba_bb9f20c3,49.0,63.0,88.0,89.0,2.569350598886808
5.0,Learned_UNet_N0,seq_inner_val_6bba_t85_p03_crowded,inner_val,6bba_bb9f20c3,50.0,61.0,88.0,89.0,0.8125
5.0,Learned_UNet_N0,seq_inner_val_6bba_t85_p03_crowded,inner_val,6bba_bb9f20c3,51.0,67.0,88.0,89.0,3.2752922102462856
5.0,Learned_UNet_N0,seq_inner_val_6bba_t85_p03_crowded,inner_val,6bba_bb9f20c3,52.0,71.0,88.0,89.0,0.8125
5.0,Learned_UNet_N0,seq_inner_val_6bba_t85_p03_crowded,inner_val,6bba_bb9f20c3,54.0,66.0,88.0,89.0,1.8168052317185792
5.0,Learned_UNet_N0,seq_inner_val_6bba_t85_p03_crowded,inner_val,6bba_bb9f20c3,55.0,65.0,88.0,89.0,3.2752922102462856
5.0,Learned_UNet_N0,seq_inner_val_6bba_t85_p03_crowded,inner_val,6bba_bb9f20c3,56.0,72.0,88.0,89.0,3.65625
5.0,Learned_UNet_N0,seq_inner_val_6bba_t85_p03_crowded,inner_val,6bba_bb9f20c3,57.0,73.0,88.0,89.0,0.8125
5.0,Learned_UNet_N0,seq_inner_val_6bba_t85_p03_crowded,inner_val,6bba_bb9f20c3,58.0,69.0,88.0,89.0,4.0625
5.0,Learned_UNet_N0,seq_inner_val_6bba_t80_p04_crowded,inner_val,6bba_bb9f20c3,0.0,20.0,80.0,81.0,1.1490485194281397
5.0,Learned_UNet_N0,seq_inner_val_6bba_t80_p04_crowded,inner_val,6bba_bb9f20c3,1.0,22.0,80.0,81.0,0.8125
5.0,Learned_UNet_N0,seq_inner_val_6bba_t80_p04_crowded,inner_val,6bba_bb9f20c3,2.0,21.0,80.0,81.0,0.8125
5.0,Learned_UNet_N0,seq_inner_val_6bba_t80_p04_crowded,inner_val,6bba_bb9f20c3,3.0,25.0,80.0,81.0,0.9084026158592896
5.0,Learned_UNet_N0,seq_inner_val_6bba_t80_p04_crowded,inner_val,6bba_bb9f20c3,4.0,24.0,80.0,81.0,0.0
5.0,Learned_UNet_N0,seq_inner_val_6bba_t80_p04_crowded,inner_val,6bba_bb9f20c3,5.0,23.0,80.0,81.0,0.9084026158592896
5.0,Learned_UNet_N0,seq_inner_val_6bba_t80_p04_crowded,inner_val,6bba_bb9f20c3,6.0,29.0,80.0,81.0,0.0
5.0,Learned_UNet_N0,seq_inner_val_6bba_t80_p04_crowded,inner_val,6bba_bb9f20c3,7.0,26.0,80.0,81.0,0.40625
5.0,Learned_UNet_N0,seq_inner_val_6bba_t80_p04_crowded,inner_val,6bba_bb9f20c3,8.0,28.0,80.0,81.0,0.8125
5.0,Learned_UNet_N0,seq_inner_val_6bba_t80_p04_crowded,inner_val,6bba_bb9f20c3,9.0,27.0,80.0,81.0,0.0
5.0,Learned_UNet_N0,seq_inner_val_6bba_t80_p04_crowded,inner_val,6bba_bb9f20c3,11.0,30.0,80.0,81.0,0.8125
5.0,Learned_UNet_N0,seq_inner_val_6bba_t80_p04_crowded,inner_val,6bba_bb9f20c3,12.0,31.0,80.0,81.0,0.5745242597140698
5.0,Learned_UNet_N0,seq_inner_val_6bba_t80_p04_crowded,inner_val,6bba_bb9f20c3,13.0,32.0,80.0,81.0,0.5745242597140698
5.0,Learned_UNet_N0,seq_inner_val_6bba_t80_p04_crowded,inner_val,6bba_bb9f20c3,15.0,33.0,80.0,81.0,0.0
5.0,Learned_UNet_N0,seq_inner_val_6bba_t80_p04_crowded,inner_val,6bba_bb9f20c3,16.0,34.0,80.0,81.0,0.8125
5.0,Learned_UNet_N0,seq_inner_val_6bba_t80_p04_crowded,inner_val,6bba_bb9f20c3,18.0,36.0,80.0,81.0,0.0
5.0,Learned_UNet_N0,seq_inner_val_6bba_t80_p04_crowded,inner_val,6bba_bb9f20c3,19.0,37.0,80.0,81.0,2.2980970388562794
5.0,Learned_UNet_N0,seq_inner_val_6bba_t80_p04_crowded,inner_val,6bba_bb9f20c3,20.0,39.0,81.0,82.0,0.40625
5.0,Learned_UNet_N0,seq_inner_val_6bba_t80_p04_crowded,inner_val,6bba_bb9f20c3,21.0,42.0,81.0,82.0,1.1490485194281397
5.0,Learned_UNet_N0,seq_inner_val_6bba_t80_p04_crowded,inner_val,6bba_bb9f20c3,22.0,40.0,81.0,82.0,0.0
5.0,Learned_UNet_N0,seq_inner_val_6bba_t80_p04_crowded,inner_val,6bba_bb9f20c3,23.0,41.0,81.0,82.0,0.9084026158592896
5.0,Learned_UNet_N0,seq_inner_val_6bba_t80_p04_crowded,inner_val,6bba_bb9f20c3,24.0,38.0,81.0,82.0,0.8125
5.0,Learned_UNet_N0,seq_inner_val_6bba_t80_p04_crowded,inner_val,6bba_bb9f20c3,25.0,46.0,81.0,82.0,0.5745242597140698
5.0,Learned_UNet_N0,seq_inner_val_6bba_t80_p04_crowded,inner_val,6bba_bb9f20c3,26.0,47.0,81.0,82.0,0.9084026158592896
5.0,Learned_UNet_N0,seq_inner_val_6bba_t80_p04_crowded,inner_val,6bba_bb9f20c3,28.0,44.0,81.0,82.0,0.40625
5.0,Learned_UNet_N0,seq_inner_val_6bba_t80_p04_crowded,inner_val,6bba_bb9f20c3,29.0,45.0,81.0,82.0,0.40625
5.0,Learned_UNet_N0,seq_inner_val_6bba_t80_p04_crowded,inner_val,6bba_bb9f20c3,30.0,48.0,81.0,82.0,0.40625
5.0,Learned_UNet_N0,seq_inner_val_6bba_t80_p04_crowded,inner_val,6bba_bb9f20c3,31.0,50.0,81.0,82.0,0.9084026158592896
5.0,Learned_UNet_N0,seq_inner_val_6bba_t80_p04_crowded,inner_val,6bba_bb9f20c3,32.0,49.0,81.0,82.0,0.40625
5.0,Learned_UNet_N0,seq_inner_val_6bba_t80_p04_crowded,inner_val,6bba_bb9f20c3,33.0,51.0,81.0,82.0,0.0
5.0,Learned_UNet_N0,seq_inner_val_6bba_t80_p04_crowded,inner_val,6bba_bb9f20c3,34.0,53.0,81.0,82.0,0.0
5.0,Learned_UNet_N0,seq_inner_val_6bba_t80_p04_crowded,inner_val,6bba_bb9f20c3,36.0,55.0,81.0,82.0,0.0
5.0,Learned_UNet_N0,seq_inner_val_6bba_t80_p04_crowded,inner_val,6bba_bb9f20c3,38.0,58.0,82.0,83.0,0.8125
5.0,Learned_UNet_N0,seq_inner_val_6bba_t80_p04_crowded,inner_val,6bba_bb9f20c3,39.0,56.0,82.0,83.0,1.4647552056572457
5.0,Learned_UNet_N0,seq_inner_val_6bba_t80_p04_crowded,inner_val,6bba_bb9f20c3,40.0,60.0,82.0,83.0,3.25
5.0,Learned_UNet_N0,seq_inner_val_6bba_t80_p04_crowded,inner_val,6bba_bb9f20c3,41.0,63.0,82.0,83.0,0.40625
5.0,Learned_UNet_N0,seq_inner_val_6bba_t80_p04_crowded,inner_val,6bba_bb9f20c3,42.0,57.0,82.0,83.0,1.284675299443404
5.0,Learned_UNet_N0,seq_inner_val_6bba_t80_p04_crowded,inner_val,6bba_bb9f20c3,44.0,61.0,82.0,83.0,0.0
5.0,Learned_UNet_N0,seq_inner_val_6bba_t80_p04_crowded,inner_val,6bba_bb9f20c3,45.0,65.0,82.0,83.0,0.40625
5.0,Learned_UNet_N0,seq_inner_val_6bba_t80_p04_crowded,inner_val,6bba_bb9f20c3,46.0,62.0,82.0,83.0,1.4647552056572457
5.0,Learned_UNet_N0,seq_inner_val_6bba_t80_p04_crowded,inner_val,6bba_bb9f20c3,47.0,64.0,82.0,83.0,0.9084026158592896
5.0,Learned_UNet_N0,seq_inner_val_6bba_t80_p04_crowded,inner_val,6bba_bb9f20c3,48.0,67.0,82.0,83.0,3.2752922102462856
5.0,Learned_UNet_N0,seq_inner_val_6bba_t80_p04_crowded,inner_val,6bba_bb9f20c3,49.0,66.0,82.0,83.0,0.8125
5.0,Learned_UNet_N0,seq_inner_val_6bba_t80_p04_crowded,inner_val,6bba_bb9f20c3,50.0,68.0,82.0,83.0,0.40625
5.0,Learned_UNet_N0,seq_inner_val_6bba_t80_p04_crowded,inner_val,6bba_bb9f20c3,51.0,69.0,82.0,83.0,1.1490485194281397
5.0,Learned_UNet_N0,seq_inner_val_6bba_t80_p04_crowded,inner_val,6bba_bb9f20c3,53.0,70.0,82.0,83.0,1.625
5.0,Learned_UNet_N0,seq_inner_val_6bba_t80_p04_crowded,inner_val,6bba_bb9f20c3,55.0,72.0,82.0,83.0,0.0
5.0,Learned_UNet_N0,seq_inner_val_6bba_t80_p04_crowded,inner_val,6bba_bb9f20c3,56.0,85.0,83.0,84.0,4.46875
5.0,Learned_UNet_N0,seq_inner_val_6bba_t80_p04_crowded,inner_val,6bba_bb9f20c3,57.0,74.0,83.0,84.0,3.917733121653388
5.0,Learned_UNet_N0,seq_inner_val_6bba_t80_p04_crowded,inner_val,6bba_bb9f20c3,58.0,81.0,83.0,84.0,0.0
5.0,Learned_UNet_N0,seq_inner_val_6bba_t80_p04_crowded,inner_val,6bba_bb9f20c3,59.0,80.0,83.0,84.0,1.625
5.0,Learned_UNet_N0,seq_inner_val_6bba_t80_p04_crowded,inner_val,6bba_bb9f20c3,60.0,75.0,83.0,84.0,3.72334275215162
5.0,Learned_UNet_N0,seq_inner_val_6bba_t80_p04_crowded,inner_val,6bba_bb9f20c3,61.0,78.0,83.0,84.0,1.625
5.0,Learned_UNet_N0,seq_inner_val_6bba_t80_p04_crowded,inner_val,6bba_bb9f20c3,62.0,79.0,83.0,84.0,3.72334275215162
5.0,Learned_UNet_N0,seq_inner_val_6bba_t80_p04_crowded,inner_val,6bba_bb9f20c3,63.0,76.0,83.0,84.0,0.40625
5.0,Learned_UNet_N0,seq_inner_val_6bba_t80_p04_crowded,inner_val,6bba_bb9f20c3,64.0,83.0,83.0,84.0,1.1490485194281397
5.0,Learned_UNet_N0,seq_inner_val_6bba_t80_p04_crowded,inner_val,6bba_bb9f20c3,65.0,82.0,83.0,84.0,0.9084026158592896
5.0,Learned_UNet_N0,seq_inner_val_6bba_t80_p04_crowded,inner_val,6bba_bb9f20c3,66.0,88.0,83.0,84.0,0.8125
5.0,Learned_UNet_N0,seq_inner_val_6bba_t80_p04_crowded,inner_val,6bba_bb9f20c3,67.0,84.0,83.0,84.0,0.8125
5.0,Learned_UNet_N0,seq_inner_val_6bba_t80_p04_crowded,inner_val,6bba_bb9f20c3,69.0,91.0,83.0,84.0,0.40625
5.0,Learned_UNet_N0,seq_inner_val_6bba_t80_p04_crowded,inner_val,6bba_bb9f20c3,70.0,92.0,83.0,84.0,0.0
5.0,Learned_UNet_N0,seq_inner_val_6bba_t80_p04_crowded,inner_val,6bba_bb9f20c3,71.0,89.0,83.0,84.0,3.2752922102462856
5.0,Learned_UNet_N0,seq_inner_val_6bba_t80_p04_crowded,inner_val,6bba_bb9f20c3,72.0,90.0,83.0,84.0,0.40625
5.0,Learned_UNet_N0,seq_inner_val_6bba_t75_p05_isolated,inner_val,6bba_bb9f20c3,0.0,19.0,75.0,76.0,1.284675299443404
5.0,Learned_UNet_N0,seq_inner_val_6bba_t75_p05_isolated,inner_val,6bba_bb9f20c3,2.0,20.0,75.0,76.0,1.8168052317185792
5.0,Learned_UNet_N0,seq_inner_val_6bba_t75_p05_isolated,inner_val,6bba_bb9f20c3,3.0,17.0,75.0,76.0,1.4647552056572457
5.0,Learned_UNet_N0,seq_inner_val_6bba_t75_p05_isolated,inner_val,6bba_bb9f20c3,6.0,21.0,75.0,76.0,1.625
5.0,Learned_UNet_N0,seq_inner_val_6bba_t75_p05_isolated,inner_val,6bba_bb9f20c3,7.0,23.0,75.0,76.0,1.8168052317185792
5.0,Learned_UNet_N0,seq_inner_val_6bba_t75_p05_isolated,inner_val,6bba_bb9f20c3,11.0,26.0,75.0,76.0,0.40625
5.0,Learned_UNet_N0,seq_inner_val_6bba_t75_p05_isolated,inner_val,6bba_bb9f20c3,12.0,25.0,75.0,76.0,0.40625
5.0,Learned_UNet_N0,seq_inner_val_6bba_t75_p05_isolated,inner_val,6bba_bb9f20c3,13.0,27.0,75.0,76.0,1.625
5.0,Learned_UNet_N0,seq_inner_val_6bba_t75_p05_isolated,inner_val,6bba_bb9f20c3,15.0,28.0,75.0,76.0,0.40625
5.0,Learned_UNet_N0,seq_inner_val_6bba_t75_p05_isolated,inner_val,6bba_bb9f20c3,17.0,29.0,76.0,77.0,0.8125
5.0,Learned_UNet_N0,seq_inner_val_6bba_t75_p05_isolated,inner_val,6bba_bb9f20c3,18.0,30.0,76.0,77.0,0.0
5.0,Learned_UNet_N0,seq_inner_val_6bba_t75_p05_isolated,inner_val,6bba_bb9f20c3,19.0,32.0,76.0,77.0,0.40625
5.0,Learned_UNet_N0,seq_inner_val_6bba_t75_p05_isolated,inner_val,6bba_bb9f20c3,20.0,31.0,76.0,77.0,1.21875
5.0,Learned_UNet_N0,seq_inner_val_6bba_t75_p05_isolated,inner_val,6bba_bb9f20c3,21.0,33.0,76.0,77.0,0.0
5.0,Learned_UNet_N0,seq_inner_val_6bba_t75_p05_isolated,inner_val,6bba_bb9f20c3,22.0,35.0,76.0,77.0,0.40625
5.0,Learned_UNet_N0,seq_inner_val_6bba_t75_p05_isolated,inner_val,6bba_bb9f20c3,23.0,34.0,76.0,77.0,0.9084026158592896
5.0,Learned_UNet_N0,seq_inner_val_6bba_t75_p05_isolated,inner_val,6bba_bb9f20c3,24.0,36.0,76.0,77.0,0.40625
5.0,Learned_UNet_N0,seq_inner_val_6bba_t75_p05_isolated,inner_val,6bba_bb9f20c3,25.0,37.0,76.0,77.0,0.40625
5.0,Learned_UNet_N0,seq_inner_val_6bba_t75_p05_isolated,inner_val,6bba_bb9f20c3,26.0,38.0,76.0,77.0,0.8125
5.0,Learned_UNet_N0,seq_inner_val_6bba_t75_p05_isolated,inner_val,6bba_bb9f20c3,27.0,41.0,76.0,77.0,0.8125
5.0,Learned_UNet_N0,seq_inner_val_6bba_t75_p05_isolated,inner_val,6bba_bb9f20c3,28.0,40.0,76.0,77.0,0.40625
5.0,Learned_UNet_N0,seq_inner_val_6bba_t75_p05_isolated,inner_val,6bba_bb9f20c3,29.0,43.0,77.0,78.0,0.5745242597140698
5.0,Learned_UNet_N0,seq_inner_val_6bba_t75_p05_isolated,inner_val,6bba_bb9f20c3,30.0,44.0,77.0,78.0,1.21875
5.0,Learned_UNet_N0,seq_inner_val_6bba_t75_p05_isolated,inner_val,6bba_bb9f20c3,31.0,46.0,77.0,78.0,3.300390601883359
5.0,Learned_UNet_N0,seq_inner_val_6bba_t75_p05_isolated,inner_val,6bba_bb9f20c3,32.0,45.0,77.0,78.0,3.350023320814349
5.0,Learned_UNet_N0,seq_inner_val_6bba_t75_p05_isolated,inner_val,6bba_bb9f20c3,33.0,49.0,77.0,78.0,0.0
5.0,Learned_UNet_N0,seq_inner_val_6bba_t75_p05_isolated,inner_val,6bba_bb9f20c3,34.0,48.0,77.0,78.0,0.40625
5.0,Learned_UNet_N0,seq_inner_val_6bba_t75_p05_isolated,inner_val,6bba_bb9f20c3,35.0,50.0,77.0,78.0,1.625
5.0,Learned_UNet_N0,seq_inner_val_6bba_t75_p05_isolated,inner_val,6bba_bb9f20c3,36.0,51.0,77.0,78.0,0.0
5.0,Learned_UNet_N0,seq_inner_val_6bba_t75_p05_isolated,inner_val,6bba_bb9f20c3,37.0,52.0,77.0,78.0,2.4375
5.0,Learned_UNet_N0,seq_inner_val_6bba_t75_p05_isolated,inner_val,6bba_bb9f20c3,38.0,53.0,77.0,78.0,0.9084026158592896
5.0,Learned_UNet_N0,seq_inner_val_6bba_t75_p05_isolated,inner_val,6bba_bb9f20c3,40.0,56.0,77.0,78.0,1.7235727791422095
5.0,Learned_UNet_N0,seq_inner_val_6bba_t75_p05_isolated,inner_val,6bba_bb9f20c3,41.0,54.0,77.0,78.0,0.0
5.0,Learned_UNet_N0,seq_inner_val_6bba_t75_p05_isolated,inner_val,6bba_bb9f20c3,53.0,67.0,78.0,79.0,1.86167137607581
5.0,Learned_UNet_N0,seq_inner_val_6bba_t75_p05_isolated,inner_val,6bba_bb9f20c3,56.0,66.0,78.0,79.0,3.2752922102462856
5.0,Learned_UNet_N0,seq_inner_val_6bba_t75_p06_isolated,inner_val,6bba_bb9f20c3,1.0,24.0,75.0,76.0,3.350023320814349
5.0,Learned_UNet_N0,seq_inner_val_6bba_t75_p06_isolated,inner_val,6bba_bb9f20c3,2.0,19.0,75.0,76.0,0.8125
5.0,Learned_UNet_N0,seq_inner_val_6bba_t75_p06_isolated,inner_val,6bba_bb9f20c3,3.0,20.0,75.0,76.0,2.03125
5.0,Learned_UNet_N0,seq_inner_val_6bba_t75_p06_isolated,inner_val,6bba_bb9f20c3,4.0,18.0,75.0,76.0,1.8168052317185792
5.0,Learned_UNet_N0,seq_inner_val_6bba_t75_p06_isolated,inner_val,6bba_bb9f20c3,5.0,22.0,75.0,76.0,0.40625
5.0,Learned_UNet_N0,seq_inner_val_6bba_t75_p06_isolated,inner_val,6bba_bb9f20c3,7.0,26.0,75.0,76.0,0.8125
5.0,Learned_UNet_N0,seq_inner_val_6bba_t75_p06_isolated,inner_val,6bba_bb9f20c3,9.0,25.0,75.0,76.0,2.569350598886808
5.0,Learned_UNet_N0,seq_inner_val_6bba_t75_p06_isolated,inner_val,6bba_bb9f20c3,10.0,29.0,75.0,76.0,3.300390601883359
5.0,Learned_UNet_N0,seq_inner_val_6bba_t75_p06_isolated,inner_val,6bba_bb9f20c3,12.0,21.0,75.0,76.0,0.8125
5.0,Learned_UNet_N0,seq_inner_val_6bba_t75_p06_isolated,inner_val,6bba_bb9f20c3,15.0,30.0,75.0,76.0,0.5745242597140698
5.0,Learned_UNet_N0,seq_inner_val_6bba_t75_p06_isolated,inner_val,6bba_bb9f20c3,17.0,31.0,76.0,77.0,0.9084026158592896
5.0,Learned_UNet_N0,seq_inner_val_6bba_t75_p06_isolated,inner_val,6bba_bb9f20c3,18.0,32.0,76.0,77.0,0.8125
5.0,Learned_UNet_N0,seq_inner_val_6bba_t75_p06_isolated,inner_val,6bba_bb9f20c3,19.0,34.0,76.0,77.0,1.625
5.0,Learned_UNet_N0,seq_inner_val_6bba_t75_p06_isolated,inner_val,6bba_bb9f20c3,20.0,33.0,76.0,77.0,0.40625
5.0,Learned_UNet_N0,seq_inner_val_6bba_t75_p06_isolated,inner_val,6bba_bb9f20c3,21.0,41.0,76.0,77.0,0.5745242597140698
5.0,Learned_UNet_N0,seq_inner_val_6bba_t75_p06_isolated,inner_val,6bba_bb9f20c3,22.0,35.0,76.0,77.0,0.0
5.0,Learned_UNet_N0,seq_inner_val_6bba_t75_p06_isolated,inner_val,6bba_bb9f20c3,23.0,39.0,76.0,77.0,0.0
5.0,Learned_UNet_N0,seq_inner_val_6bba_t75_p06_isolated,inner_val,6bba_bb9f20c3,24.0,37.0,76.0,77.0,3.350023320814349
5.0,Learned_UNet_N0,seq_inner_val_6bba_t75_p06_isolated,inner_val,6bba_bb9f20c3,25.0,40.0,76.0,77.0,0.8125
5.0,Learned_UNet_N0,seq_inner_val_6bba_t75_p06_isolated,inner_val,6bba_bb9f20c3,27.0,38.0,76.0,77.0,1.284675299443404
5.0,Learned_UNet_N0,seq_inner_val_6bba_t75_p06_isolated,inner_val,6bba_bb9f20c3,28.0,42.0,76.0,77.0,0.0
5.0,Learned_UNet_N0,seq_inner_val_6bba_t75_p06_isolated,inner_val,6bba_bb9f20c3,30.0,44.0,76.0,77.0,0.8125
5.0,Learned_UNet_N0,seq_inner_val_6bba_t75_p06_isolated,inner_val,6bba_bb9f20c3,31.0,45.0,77.0,78.0,3.374565944310468
5.0,Learned_UNet_N0,seq_inner_val_6bba_t75_p06_isolated,inner_val,6bba_bb9f20c3,32.0,46.0,77.0,78.0,0.9084026158592896
5.0,Learned_UNet_N0,seq_inner_val_6bba_t75_p06_isolated,inner_val,6bba_bb9f20c3,33.0,47.0,77.0,78.0,0.40625
5.0,Learned_UNet_N0,seq_inner_val_6bba_t75_p06_isolated,inner_val,6bba_bb9f20c3,34.0,48.0,77.0,78.0,0.0
5.0,Learned_UNet_N0,seq_inner_val_6bba_t75_p06_isolated,inner_val,6bba_bb9f20c3,36.0,49.0,77.0,78.0,0.5745242597140698
5.0,Learned_UNet_N0,seq_inner_val_6bba_t75_p06_isolated,inner_val,6bba_bb9f20c3,37.0,51.0,77.0,78.0,0.0
5.0,Learned_UNet_N0,seq_inner_val_6bba_t75_p06_isolated,inner_val,6bba_bb9f20c3,38.0,57.0,77.0,78.0,0.9084026158592896
5.0,Learned_UNet_N0,seq_inner_val_6bba_t75_p06_isolated,inner_val,6bba_bb9f20c3,39.0,55.0,77.0,78.0,0.40625
5.0,Learned_UNet_N0,seq_inner_val_6bba_t75_p06_isolated,inner_val,6bba_bb9f20c3,40.0,56.0,77.0,78.0,0.8125
5.0,Learned_UNet_N0,seq_inner_val_6bba_t75_p06_isolated,inner_val,6bba_bb9f20c3,41.0,53.0,77.0,78.0,0.5745242597140698
5.0,Learned_UNet_N0,seq_inner_val_6bba_t75_p06_isolated,inner_val,6bba_bb9f20c3,42.0,58.0,77.0,78.0,0.5745242597140698
5.0,Learned_UNet_N0,seq_inner_val_6bba_t75_p06_isolated,inner_val,6bba_bb9f20c3,43.0,59.0,77.0,78.0,2.8145825622994254
5.0,Learned_UNet_N0,seq_inner_val_6bba_t75_p06_isolated,inner_val,6bba_bb9f20c3,44.0,63.0,77.0,78.0,2.4375
5.0,Learned_UNet_N0,seq_inner_val_6bba_t75_p06_isolated,inner_val,6bba_bb9f20c3,45.0,68.0,78.0,79.0,3.2752922102462856
5.0,Learned_UNet_N0,seq_inner_val_6bba_t75_p06_isolated,inner_val,6bba_bb9f20c3,49.0,66.0,78.0,79.0,4.375446405796785
5.0,Learned_UNet_N0,seq_inner_val_6bba_t75_p06_isolated,inner_val,6bba_bb9f20c3,59.0,65.0,78.0,79.0,4.5420130792964475
5.0,Learned_UNet_N0,seq_inner_val_6bba_t75_p06_isolated,inner_val,6bba_bb9f20c3,61.0,73.0,78.0,79.0,3.25
5.0,Learned_UNet_N0,seq_inner_val_6bba_t75_p06_isolated,inner_val,6bba_bb9f20c3,62.0,76.0,78.0,79.0,2.333728575156074
5.0,Learned_UNet_N0,seq_inner_val_6bba_t90_p07_isolated,inner_val,6bba_bb9f20c3,0.0,10.0,90.0,91.0,3.72334275215162
5.0,Learned_UNet_N0,seq_inner_val_6bba_t90_p07_isolated,inner_val,6bba_bb9f20c3,1.0,12.0,90.0,91.0,1.284675299443404
5.0,Learned_UNet_N0,seq_inner_val_6bba_t90_p07_isolated,inner_val,6bba_bb9f20c3,2.0,11.0,90.0,91.0,1.1490485194281397
5.0,Learned_UNet_N0,seq_inner_val_6bba_t90_p07_isolated,inner_val,6bba_bb9f20c3,3.0,14.0,90.0,91.0,1.21875
5.0,Learned_UNet_N0,seq_inner_val_6bba_t90_p07_isolated,inner_val,6bba_bb9f20c3,4.0,13.0,90.0,91.0,3.350023320814349
5.0,Learned_UNet_N0,seq_inner_val_6bba_t90_p07_isolated,inner_val,6bba_bb9f20c3,5.0,15.0,90.0,91.0,2.0714766773970688
5.0,Learned_UNet_N0,seq_inner_val_6bba_t90_p07_isolated,inner_val,6bba_bb9f20c3,6.0,17.0,90.0,91.0,0.40625
5.0,Learned_UNet_N0,seq_inner_val_6bba_t90_p07_isolated,inner_val,6bba_bb9f20c3,8.0,18.0,90.0,91.0,1.6750116604071745
5.0,Learned_UNet_N0,seq_inner_val_6bba_t90_p07_isolated,inner_val,6bba_bb9f20c3,9.0,23.0,90.0,91.0,2.569350598886808
5.0,Learned_UNet_N0,seq_inner_val_6bba_t90_p07_isolated,inner_val,6bba_bb9f20c3,10.0,26.0,91.0,92.0,3.494694639736067
5.0,Learned_UNet_N0,seq_inner_val_6bba_t90_p07_isolated,inner_val,6bba_bb9f20c3,11.0,25.0,91.0,92.0,0.0
5.0,Learned_UNet_N0,seq_inner_val_6bba_t90_p07_isolated,inner_val,6bba_bb9f20c3,12.0,30.0,91.0,92.0,1.8168052317185792
5.0,Learned_UNet_N0,seq_inner_val_6bba_t90_p07_isolated,inner_val,6bba_bb9f20c3,13.0,29.0,91.0,92.0,3.72334275215162
5.0,Learned_UNet_N0,seq_inner_val_6bba_t90_p07_isolated,inner_val,6bba_bb9f20c3,14.0,28.0,91.0,92.0,1.1490485194281397
5.0,Learned_UNet_N0,seq_inner_val_6bba_t90_p07_isolated,inner_val,6bba_bb9f20c3,16.0,31.0,91.0,92.0,1.284675299443404
5.0,Learned_UNet_N0,seq_inner_val_6bba_t90_p07_isolated,inner_val,6bba_bb9f20c3,18.0,37.0,91.0,92.0,1.284675299443404
5.0,Learned_UNet_N0,seq_inner_val_6bba_t90_p07_isolated,inner_val,6bba_bb9f20c3,19.0,32.0,91.0,92.0,3.6336104634371584
5.0,Learned_UNet_N0,seq_inner_val_6bba_t90_p07_isolated,inner_val,6bba_bb9f20c3,21.0,38.0,91.0,92.0,1.625
5.0,Learned_UNet_N0,seq_inner_val_6bba_t90_p07_isolated,inner_val,6bba_bb9f20c3,22.0,39.0,91.0,92.0,3.8540258983302125
5.0,Learned_UNet_N0,seq_inner_val_6bba_t90_p07_isolated,inner_val,6bba_bb9f20c3,23.0,36.0,91.0,92.0,0.8125
5.0,Learned_UNet_N0,seq_inner_val_6bba_t90_p07_isolated,inner_val,6bba_bb9f20c3,25.0,42.0,92.0,93.0,0.0
5.0,Learned_UNet_N0,seq_inner_val_6bba_t90_p07_isolated,inner_val,6bba_bb9f20c3,26.0,40.0,92.0,93.0,1.21875
5.0,Learned_UNet_N0,seq_inner_val_6bba_t90_p07_isolated,inner_val,6bba_bb9f20c3,27.0,41.0,92.0,93.0,0.9084026158592896
5.0,Learned_UNet_N0,seq_inner_val_6bba_t90_p07_isolated,inner_val,6bba_bb9f20c3,28.0,44.0,92.0,93.0,1.4647552056572457
5.0,Learned_UNet_N0,seq_inner_val_6bba_t90_p07_isolated,inner_val,6bba_bb9f20c3,31.0,45.0,92.0,93.0,0.40625
5.0,Learned_UNet_N0,seq_inner_val_6bba_t90_p07_isolated,inner_val,6bba_bb9f20c3,32.0,47.0,92.0,93.0,3.25
5.0,Learned_UNet_N0,seq_inner_val_6bba_t90_p07_isolated,inner_val,6bba_bb9f20c3,34.0,48.0,92.0,93.0,2.333728575156074
5.0,Learned_UNet_N0,seq_inner_val_6bba_t90_p07_isolated,inner_val,6bba_bb9f20c3,35.0,49.0,92.0,93.0,2.471122277933652
5.0,Learned_UNet_N0,seq_inner_val_6bba_t90_p07_isolated,inner_val,6bba_bb9f20c3,36.0,50.0,92.0,93.0,0.40625
5.0,Learned_UNet_N0,seq_inner_val_6bba_t90_p07_isolated,inner_val,6bba_bb9f20c3,41.0,51.0,93.0,94.0,0.40625
5.0,Learned_UNet_N0,seq_inner_val_6bba_t90_p07_isolated,inner_val,6bba_bb9f20c3,42.0,53.0,93.0,94.0,1.284675299443404
5.0,Learned_UNet_N0,seq_inner_val_6bba_t90_p07_isolated,inner_val,6bba_bb9f20c3,44.0,55.0,93.0,94.0,1.4647552056572457
5.0,Learned_UNet_N0,seq_inner_val_6bba_t90_p07_isolated,inner_val,6bba_bb9f20c3,45.0,56.0,93.0,94.0,2.03125
5.0,Learned_UNet_N0,seq_inner_val_6bba_t90_p07_isolated,inner_val,6bba_bb9f20c3,46.0,54.0,93.0,94.0,0.5745242597140698
5.0,Learned_UNet_N0,seq_inner_val_6bba_t90_p07_isolated,inner_val,6bba_bb9f20c3,47.0,58.0,93.0,94.0,3.2752922102462856
5.0,Learned_UNet_N0,seq_inner_val_6bba_t90_p07_isolated,inner_val,6bba_bb9f20c3,48.0,60.0,93.0,94.0,1.6750116604071745
5.0,Learned_UNet_N0,seq_inner_val_6bba_t90_p07_isolated,inner_val,6bba_bb9f20c3,50.0,63.0,93.0,94.0,0.9084026158592896
5.0,Learned_UNet_N0,seq_inner_val_6bba_t90_p08_boundary,inner_val,6bba_bb9f20c3,0.0,14.0,90.0,91.0,4.375446405796785
5.0,Learned_UNet_N0,seq_inner_val_6bba_t90_p08_boundary,inner_val,6bba_bb9f20c3,1.0,13.0,90.0,91.0,2.03125
5.0,Learned_UNet_N0,seq_inner_val_6bba_t90_p08_boundary,inner_val,6bba_bb9f20c3,3.0,16.0,90.0,91.0,3.2752922102462856
5.0,Learned_UNet_N0,seq_inner_val_6bba_t90_p08_boundary,inner_val,6bba_bb9f20c3,4.0,18.0,90.0,91.0,3.2752922102462856
5.0,Learned_UNet_N0,seq_inner_val_6bba_t90_p08_boundary,inner_val,6bba_bb9f20c3,6.0,17.0,90.0,91.0,3.5648292823780494
5.0,Learned_UNet_N0,seq_inner_val_6bba_t90_p08_boundary,inner_val,6bba_bb9f20c3,9.0,20.0,90.0,91.0,3.350023320814349
5.0,Learned_UNet_N0,seq_inner_val_6bba_t90_p08_boundary,inner_val,6bba_bb9f20c3,11.0,21.0,90.0,91.0,1.1490485194281397
5.0,Learned_UNet_N0,seq_inner_val_6bba_t90_p08_boundary,inner_val,6bba_bb9f20c3,13.0,25.0,91.0,92.0,3.6336104634371584
5.0,Learned_UNet_N0,seq_inner_val_6bba_t90_p08_boundary,inner_val,6bba_bb9f20c3,14.0,24.0,91.0,92.0,0.8125
5.0,Learned_UNet_N0,seq_inner_val_6bba_t90_p08_boundary,inner_val,6bba_bb9f20c3,15.0,26.0,91.0,92.0,0.8125
5.0,Learned_UNet_N0,seq_inner_val_6bba_t90_p08_boundary,inner_val,6bba_bb9f20c3,17.0,28.0,91.0,92.0,4.241374519244911
5.0,Learned_UNet_N0,seq_inner_val_6bba_t90_p08_boundary,inner_val,6bba_bb9f20c3,18.0,27.0,91.0,92.0,3.494694639736067
5.0,Learned_UNet_N0,seq_inner_val_6bba_t90_p08_boundary,inner_val,6bba_bb9f20c3,19.0,29.0,91.0,92.0,3.65625
5.0,Learned_UNet_N0,seq_inner_val_6bba_t90_p08_boundary,inner_val,6bba_bb9f20c3,20.0,30.0,91.0,92.0,0.0
5.0,Learned_UNet_N0,seq_inner_val_6bba_t90_p08_boundary,inner_val,6bba_bb9f20c3,21.0,31.0,91.0,92.0,2.368824207280903
5.0,Learned_UNet_N0,seq_inner_val_6bba_t90_p08_boundary,inner_val,6bba_bb9f20c3,22.0,32.0,91.0,92.0,1.8168052317185792
5.0,Learned_UNet_N0,seq_inner_val_6bba_t90_p08_boundary,inner_val,6bba_bb9f20c3,24.0,35.0,92.0,93.0,1.21875
5.0,Learned_UNet_N0,seq_inner_val_6bba_t90_p08_boundary,inner_val,6bba_bb9f20c3,25.0,37.0,92.0,93.0,1.1490485194281397
5.0,Learned_UNet_N0,seq_inner_val_6bba_t90_p08_boundary,inner_val,6bba_bb9f20c3,26.0,36.0,92.0,93.0,1.21875
5.0,Learned_UNet_N0,seq_inner_val_6bba_t90_p08_boundary,inner_val,6bba_bb9f20c3,28.0,40.0,92.0,93.0,0.9084026158592896
5.0,Learned_UNet_N0,seq_inner_val_6bba_t90_p08_boundary,inner_val,6bba_bb9f20c3,29.0,41.0,92.0,93.0,0.8125
5.0,Learned_UNet_N0,seq_inner_val_6bba_t90_p08_boundary,inner_val,6bba_bb9f20c3,30.0,44.0,92.0,93.0,2.03125
5.0,Learned_UNet_N0,seq_inner_val_6bba_t90_p08_boundary,inner_val,6bba_bb9f20c3,31.0,45.0,92.0,93.0,1.6750116604071745
5.0,Learned_UNet_N0,seq_inner_val_6bba_t90_p08_boundary,inner_val,6bba_bb9f20c3,32.0,42.0,92.0,93.0,0.8125
5.0,Learned_UNet_N0,seq_inner_val_6bba_t90_p08_boundary,inner_val,6bba_bb9f20c3,34.0,43.0,92.0,93.0,0.9084026158592896
5.0,Learned_UNet_N0,seq_inner_val_6bba_t90_p08_boundary,inner_val,6bba_bb9f20c3,35.0,46.0,93.0,94.0,1.1490485194281397
5.0,Learned_UNet_N0,seq_inner_val_6bba_t90_p08_boundary,inner_val,6bba_bb9f20c3,36.0,47.0,93.0,94.0,0.40625
5.0,Learned_UNet_N0,seq_inner_val_6bba_t90_p08_boundary,inner_val,6bba_bb9f20c3,37.0,48.0,93.0,94.0,0.9084026158592896
5.0,Learned_UNet_N0,seq_inner_val_6bba_t90_p08_boundary,inner_val,6bba_bb9f20c3,38.0,49.0,93.0,94.0,3.350023320814349
5.0,Learned_UNet_N0,seq_inner_val_6bba_t90_p08_boundary,inner_val,6bba_bb9f20c3,39.0,50.0,93.0,94.0,2.9295104113144914
5.0,Learned_UNet_N0,seq_inner_val_6bba_t90_p08_boundary,inner_val,6bba_bb9f20c3,40.0,51.0,93.0,94.0,1.1490485194281397
5.0,Learned_UNet_N0,seq_inner_val_6bba_t90_p08_boundary,inner_val,6bba_bb9f20c3,41.0,53.0,93.0,94.0,0.40625
5.0,Learned_UNet_N0,seq_inner_val_6bba_t90_p08_boundary,inner_val,6bba_bb9f20c3,42.0,55.0,93.0,94.0,1.8168052317185792
5.0,Learned_UNet_N0,seq_inner_val_6bba_t90_p08_boundary,inner_val,6bba_bb9f20c3,43.0,54.0,93.0,94.0,0.40625
5.0,Learned_UNet_N0,seq_inner_val_6bba_t90_p08_boundary,inner_val,6bba_bb9f20c3,44.0,56.0,93.0,94.0,2.0714766773970688
5.0,Learned_UNet_N0,seq_inner_val_6bba_t90_p09_zero_annotation,inner_val,6bba_bb9f20c3,0.0,11.0,90.0,91.0,0.0
5.0,Learned_UNet_N0,seq_inner_val_6bba_t90_p09_zero_annotation,inner_val,6bba_bb9f20c3,2.0,15.0,90.0,91.0,0.8125
5.0,Learned_UNet_N0,seq_inner_val_6bba_t90_p09_zero_annotation,inner_val,6bba_bb9f20c3,5.0,13.0,90.0,91.0,0.0
5.0,Learned_UNet_N0,seq_inner_val_6bba_t90_p09_zero_annotation,inner_val,6bba_bb9f20c3,7.0,21.0,90.0,91.0,1.8168052317185792
5.0,Learned_UNet_N0,seq_inner_val_6bba_t90_p09_zero_annotation,inner_val,6bba_bb9f20c3,11.0,25.0,91.0,92.0,0.0
5.0,Learned_UNet_N0,seq_inner_val_6bba_t90_p09_zero_annotation,inner_val,6bba_bb9f20c3,12.0,28.0,91.0,92.0,4.875
5.0,Learned_UNet_N0,seq_inner_val_6bba_t90_p09_zero_annotation,inner_val,6bba_bb9f20c3,13.0,29.0,91.0,92.0,1.284675299443404
5.0,Learned_UNet_N0,seq_inner_val_6bba_t90_p09_zero_annotation,inner_val,6bba_bb9f20c3,14.0,32.0,91.0,92.0,3.350023320814349
5.0,Learned_UNet_N0,seq_inner_val_6bba_t90_p09_zero_annotation,inner_val,6bba_bb9f20c3,15.0,34.0,91.0,92.0,3.6336104634371584
5.0,Learned_UNet_N0,seq_inner_val_6bba_t90_p09_zero_annotation,inner_val,6bba_bb9f20c3,17.0,38.0,91.0,92.0,0.9084026158592896
5.0,Learned_UNet_N0,seq_inner_val_6bba_t90_p09_zero_annotation,inner_val,6bba_bb9f20c3,19.0,36.0,91.0,92.0,2.4375
5.0,Learned_UNet_N0,seq_inner_val_6bba_t90_p09_zero_annotation,inner_val,6bba_bb9f20c3,23.0,35.0,91.0,92.0,0.8125
5.0,Learned_UNet_N0,seq_inner_val_6bba_t90_p09_zero_annotation,inner_val,6bba_bb9f20c3,25.0,40.0,92.0,93.0,1.21875
5.0,Learned_UNet_N0,seq_inner_val_6bba_t90_p09_zero_annotation,inner_val,6bba_bb9f20c3,27.0,41.0,92.0,93.0,0.9084026158592896
5.0,Learned_UNet_N0,seq_inner_val_6bba_t90_p09_zero_annotation,inner_val,6bba_bb9f20c3,29.0,44.0,92.0,93.0,4.614113030962723
5.0,Learned_UNet_N0,seq_inner_val_6bba_t90_p09_zero_annotation,inner_val,6bba_bb9f20c3,31.0,45.0,92.0,93.0,3.374565944310468
5.0,Learned_UNet_N0,seq_inner_val_6bba_t90_p09_zero_annotation,inner_val,6bba_bb9f20c3,34.0,48.0,92.0,93.0,1.625
5.0,Learned_UNet_N0,seq_inner_val_6bba_t90_p09_zero_annotation,inner_val,6bba_bb9f20c3,35.0,47.0,92.0,93.0,0.8125
5.0,Learned_UNet_N0,seq_inner_val_6bba_t90_p09_zero_annotation,inner_val,6bba_bb9f20c3,36.0,54.0,92.0,93.0,0.8125
5.0,Learned_UNet_N0,seq_inner_val_6bba_t90_p09_zero_annotation,inner_val,6bba_bb9f20c3,40.0,56.0,93.0,94.0,1.1490485194281397
5.0,Learned_UNet_N0,seq_inner_val_6bba_t90_p09_zero_annotation,inner_val,6bba_bb9f20c3,41.0,58.0,93.0,94.0,0.0
5.0,Learned_UNet_N0,seq_inner_val_6bba_t90_p09_zero_annotation,inner_val,6bba_bb9f20c3,42.0,59.0,93.0,94.0,0.8125
5.0,Learned_UNet_N0,seq_inner_val_6bba_t90_p09_zero_annotation,inner_val,6bba_bb9f20c3,45.0,62.0,93.0,94.0,1.284675299443404
5.0,Learned_UNet_N0,seq_inner_val_6bba_t90_p09_zero_annotation,inner_val,6bba_bb9f20c3,47.0,66.0,93.0,94.0,1.625
5.0,Learned_UNet_N0,seq_inner_val_6bba_t90_p09_zero_annotation,inner_val,6bba_bb9f20c3,49.0,68.0,93.0,94.0,1.284675299443404
5.0,Learned_UNet_N0,seq_inner_val_6bba_t90_p09_zero_annotation,inner_val,6bba_bb9f20c3,51.0,64.0,93.0,94.0,4.33756303988772
5.0,Learned_UNet_N0,seq_inner_val_6bba_t90_p09_zero_annotation,inner_val,6bba_bb9f20c3,53.0,67.0,93.0,94.0,4.394265616971737
5.0,Learned_UNet_N0,seq_inner_val_6bba_t90_p09_zero_annotation,inner_val,6bba_bb9f20c3,54.0,63.0,93.0,94.0,3.25
5.0,Learned_UNet_N0,seq_inner_val_6bba_t90_p10_zero_annotation,inner_val,6bba_bb9f20c3,0.0,13.0,90.0,91.0,3.040096626753827
5.0,Learned_UNet_N0,seq_inner_val_6bba_t90_p10_zero_annotation,inner_val,6bba_bb9f20c3,1.0,16.0,90.0,91.0,3.2752922102462856
5.0,Learned_UNet_N0,seq_inner_val_6bba_t90_p10_zero_annotation,inner_val,6bba_bb9f20c3,4.0,15.0,90.0,91.0,4.0625
5.0,Learned_UNet_N0,seq_inner_val_6bba_t90_p10_zero_annotation,inner_val,6bba_bb9f20c3,7.0,18.0,90.0,91.0,3.25
5.0,Learned_UNet_N0,seq_inner_val_6bba_t90_p10_zero_annotation,inner_val,6bba_bb9f20c3,8.0,21.0,90.0,91.0,4.375446405796785
5.0,Learned_UNet_N0,seq_inner_val_6bba_t90_p10_zero_annotation,inner_val,6bba_bb9f20c3,10.0,19.0,90.0,91.0,4.0010984819796676
5.0,Learned_UNet_N0,seq_inner_val_6bba_t90_p10_zero_annotation,inner_val,6bba_bb9f20c3,11.0,20.0,90.0,91.0,3.374565944310468
5.0,Learned_UNet_N0,seq_inner_val_6bba_t90_p10_zero_annotation,inner_val,6bba_bb9f20c3,13.0,24.0,91.0,92.0,3.494694639736067
5.0,Learned_UNet_N0,seq_inner_val_6bba_t90_p10_zero_annotation,inner_val,6bba_bb9f20c3,14.0,27.0,91.0,92.0,0.0
5.0,Learned_UNet_N0,seq_inner_val_6bba_t90_p10_zero_annotation,inner_val,6bba_bb9f20c3,15.0,26.0,91.0,92.0,3.350023320814349
5.0,Learned_UNet_N0,seq_inner_val_6bba_t90_p10_zero_annotation,inner_val,6bba_bb9f20c3,17.0,32.0,91.0,92.0,2.0714766773970688
5.0,Learned_UNet_N0,seq_inner_val_6bba_t90_p10_zero_annotation,inner_val,6bba_bb9f20c3,18.0,28.0,91.0,92.0,2.4375
5.0,Learned_UNet_N0,seq_inner_val_6bba_t90_p10_zero_annotation,inner_val,6bba_bb9f20c3,19.0,36.0,91.0,92.0,2.9575446425202108
5.0,Learned_UNet_N0,seq_inner_val_6bba_t90_p10_zero_annotation,inner_val,6bba_bb9f20c3,20.0,34.0,91.0,92.0,3.65625
5.0,Learned_UNet_N0,seq_inner_val_6bba_t90_p10_zero_annotation,inner_val,6bba_bb9f20c3,21.0,33.0,91.0,92.0,4.021669817998489
5.0,Learned_UNet_N0,seq_inner_val_6bba_t90_p10_zero_annotation,inner_val,6bba_bb9f20c3,25.0,37.0,92.0,93.0,2.569350598886808
5.0,Learned_UNet_N0,seq_inner_val_6bba_t90_p10_zero_annotation,inner_val,6bba_bb9f20c3,27.0,39.0,92.0,93.0,2.9295104113144914
5.0,Learned_UNet_N0,seq_inner_val_6bba_t90_p10_zero_annotation,inner_val,6bba_bb9f20c3,28.0,44.0,92.0,93.0,3.832554834897995
5.0,Learned_UNet_N0,seq_inner_val_6bba_t90_p10_zero_annotation,inner_val,6bba_bb9f20c3,30.0,40.0,92.0,93.0,3.8540258983302125
5.0,Learned_UNet_N0,seq_inner_val_6bba_t90_p10_zero_annotation,inner_val,6bba_bb9f20c3,32.0,41.0,92.0,93.0,4.942244555867304
5.0,Learned_UNet_N0,seq_inner_val_6bba_t90_p10_zero_annotation,inner_val,6bba_bb9f20c3,33.0,47.0,92.0,93.0,0.0
5.0,Learned_UNet_N0,seq_inner_val_6bba_t90_p10_zero_annotation,inner_val,6bba_bb9f20c3,34.0,46.0,92.0,93.0,3.494694639736067
5.0,Learned_UNet_N0,seq_inner_val_6bba_t90_p10_zero_annotation,inner_val,6bba_bb9f20c3,35.0,45.0,92.0,93.0,0.5745242597140698
5.0,Learned_UNet_N0,seq_inner_val_6bba_t90_p10_zero_annotation,inner_val,6bba_bb9f20c3,37.0,49.0,93.0,94.0,0.8125
5.0,Learned_UNet_N0,seq_inner_val_6bba_t90_p10_zero_annotation,inner_val,6bba_bb9f20c3,39.0,50.0,93.0,94.0,1.6750116604071745
5.0,Learned_UNet_N0,seq_inner_val_6bba_t90_p10_zero_annotation,inner_val,6bba_bb9f20c3,41.0,53.0,93.0,94.0,3.300390601883359
5.0,Learned_UNet_N0,seq_inner_val_6bba_t90_p10_zero_annotation,inner_val,6bba_bb9f20c3,44.0,51.0,93.0,94.0,3.65625
5.0,Learned_UNet_N0,seq_inner_val_6bba_t90_p10_zero_annotation,inner_val,6bba_bb9f20c3,45.0,57.0,93.0,94.0,0.0
5.0,Learned_UNet_N0,seq_inner_val_6bba_t90_p10_zero_annotation,inner_val,6bba_bb9f20c3,46.0,56.0,93.0,94.0,2.7252078475778685
5.0,Learned_UNet_N0,seq_inner_val_44b6_t80_p01_crowded,inner_val,44b6_d29c9ab2,0.0,23.0,80.0,81.0,2.03125
5.0,Learned_UNet_N0,seq_inner_val_44b6_t80_p01_crowded,inner_val,44b6_d29c9ab2,1.0,22.0,80.0,81.0,1.284675299443404
5.0,Learned_UNet_N0,seq_inner_val_44b6_t80_p01_crowded,inner_val,44b6_d29c9ab2,2.0,25.0,80.0,81.0,1.284675299443404
5.0,Learned_UNet_N0,seq_inner_val_44b6_t80_p01_crowded,inner_val,44b6_d29c9ab2,3.0,24.0,80.0,81.0,3.6336104634371584
5.0,Learned_UNet_N0,seq_inner_val_44b6_t80_p01_crowded,inner_val,44b6_d29c9ab2,4.0,37.0,80.0,81.0,1.8168052317185792
5.0,Learned_UNet_N0,seq_inner_val_44b6_t80_p01_crowded,inner_val,44b6_d29c9ab2,5.0,26.0,80.0,81.0,1.1490485194281397
5.0,Learned_UNet_N0,seq_inner_val_44b6_t80_p01_crowded,inner_val,44b6_d29c9ab2,6.0,28.0,80.0,81.0,3.471001521535247
5.0,Learned_UNet_N0,seq_inner_val_44b6_t80_p01_crowded,inner_val,44b6_d29c9ab2,7.0,27.0,80.0,81.0,0.9084026158592896
5.0,Learned_UNet_N0,seq_inner_val_44b6_t80_p01_crowded,inner_val,44b6_d29c9ab2,8.0,29.0,80.0,81.0,2.0714766773970688
5.0,Learned_UNet_N0,seq_inner_val_44b6_t80_p01_crowded,inner_val,44b6_d29c9ab2,9.0,38.0,80.0,81.0,0.8125
5.0,Learned_UNet_N0,seq_inner_val_44b6_t80_p01_crowded,inner_val,44b6_d29c9ab2,10.0,35.0,80.0,81.0,0.40625
5.0,Learned_UNet_N0,seq_inner_val_44b6_t80_p01_crowded,inner_val,44b6_d29c9ab2,11.0,31.0,80.0,81.0,0.5745242597140698
5.0,Learned_UNet_N0,seq_inner_val_44b6_t80_p01_crowded,inner_val,44b6_d29c9ab2,12.0,30.0,80.0,81.0,0.5745242597140698
5.0,Learned_UNet_N0,seq_inner_val_44b6_t80_p01_crowded,inner_val,44b6_d29c9ab2,13.0,32.0,80.0,81.0,0.8125
5.0,Learned_UNet_N0,seq_inner_val_44b6_t80_p01_crowded,inner_val,44b6_d29c9ab2,14.0,36.0,80.0,81.0,0.9084026158592896
5.0,Learned_UNet_N0,seq_inner_val_44b6_t80_p01_crowded,inner_val,44b6_d29c9ab2,15.0,33.0,80.0,81.0,0.8125
5.0,Learned_UNet_N0,seq_inner_val_44b6_t80_p01_crowded,inner_val,44b6_d29c9ab2,16.0,39.0,80.0,81.0,1.4647552056572457
5.0,Learned_UNet_N0,seq_inner_val_44b6_t80_p01_crowded,inner_val,44b6_d29c9ab2,18.0,34.0,80.0,81.0,3.300390601883359
5.0,Learned_UNet_N0,seq_inner_val_44b6_t80_p01_crowded,inner_val,44b6_d29c9ab2,20.0,40.0,80.0,81.0,1.21875
5.0,Learned_UNet_N0,seq_inner_val_44b6_t80_p01_crowded,inner_val,44b6_d29c9ab2,21.0,41.0,80.0,81.0,2.368824207280903
5.0,Learned_UNet_N0,seq_inner_val_44b6_t80_p01_crowded,inner_val,44b6_d29c9ab2,22.0,52.0,81.0,82.0,1.284675299443404
5.0,Learned_UNet_N0,seq_inner_val_44b6_t80_p01_crowded,inner_val,44b6_d29c9ab2,23.0,43.0,81.0,82.0,1.21875
5.0,Learned_UNet_N0,seq_inner_val_44b6_t80_p01_crowded,inner_val,44b6_d29c9ab2,24.0,49.0,81.0,82.0,3.2752922102462856
5.0,Learned_UNet_N0,seq_inner_val_44b6_t80_p01_crowded,inner_val,44b6_d29c9ab2,25.0,44.0,81.0,82.0,2.1877232028983924
5.0,Learned_UNet_N0,seq_inner_val_44b6_t80_p01_crowded,inner_val,44b6_d29c9ab2,26.0,45.0,81.0,82.0,1.8168052317185792
5.0,Learned_UNet_N0,seq_inner_val_44b6_t80_p01_crowded,inner_val,44b6_d29c9ab2,27.0,55.0,81.0,82.0,2.368824207280903
5.0,Learned_UNet_N0,seq_inner_val_44b6_t80_p01_crowded,inner_val,44b6_d29c9ab2,28.0,47.0,81.0,82.0,4.1429533547941375
5.0,Learned_UNet_N0,seq_inner_val_44b6_t80_p01_crowded,inner_val,44b6_d29c9ab2,29.0,54.0,81.0,82.0,1.4647552056572457
5.0,Learned_UNet_N0,seq_inner_val_44b6_t80_p01_crowded,inner_val,44b6_d29c9ab2,30.0,50.0,81.0,82.0,2.03125
5.0,Learned_UNet_N0,seq_inner_val_44b6_t80_p01_crowded,inner_val,44b6_d29c9ab2,31.0,48.0,81.0,82.0,2.1877232028983924
5.0,Learned_UNet_N0,seq_inner_val_44b6_t80_p01_crowded,inner_val,44b6_d29c9ab2,32.0,53.0,81.0,82.0,2.2980970388562794
5.0,Learned_UNet_N0,seq_inner_val_44b6_t80_p01_crowded,inner_val,44b6_d29c9ab2,33.0,51.0,81.0,82.0,4.487177913232324
5.0,Learned_UNet_N0,seq_inner_val_44b6_t80_p01_crowded,inner_val,44b6_d29c9ab2,34.0,46.0,81.0,82.0,3.093907824257213
5.0,Learned_UNet_N0,seq_inner_val_44b6_t80_p01_crowded,inner_val,44b6_d29c9ab2,35.0,56.0,81.0,82.0,2.9575446425202108
5.0,Learned_UNet_N0,seq_inner_val_44b6_t80_p01_crowded,inner_val,44b6_d29c9ab2,37.0,57.0,81.0,82.0,2.9575446425202108
5.0,Learned_UNet_N0,seq_inner_val_44b6_t80_p01_crowded,inner_val,44b6_d29c9ab2,39.0,58.0,81.0,82.0,1.625
5.0,Learned_UNet_N0,seq_inner_val_44b6_t80_p01_crowded,inner_val,44b6_d29c9ab2,41.0,60.0,81.0,82.0,2.8145825622994254
5.0,Learned_UNet_N0,seq_inner_val_44b6_t80_p01_crowded,inner_val,44b6_d29c9ab2,43.0,61.0,82.0,83.0,1.1490485194281397
5.0,Learned_UNet_N0,seq_inner_val_44b6_t80_p01_crowded,inner_val,44b6_d29c9ab2,44.0,63.0,82.0,83.0,0.8125
5.0,Learned_UNet_N0,seq_inner_val_44b6_t80_p01_crowded,inner_val,44b6_d29c9ab2,45.0,68.0,82.0,83.0,1.1490485194281397
5.0,Learned_UNet_N0,seq_inner_val_44b6_t80_p01_crowded,inner_val,44b6_d29c9ab2,46.0,67.0,82.0,83.0,3.471001521535247
5.0,Learned_UNet_N0,seq_inner_val_44b6_t80_p01_crowded,inner_val,44b6_d29c9ab2,47.0,64.0,82.0,83.0,0.5745242597140698
5.0,Learned_UNet_N0,seq_inner_val_44b6_t80_p01_crowded,inner_val,44b6_d29c9ab2,48.0,66.0,82.0,83.0,0.9084026158592896
5.0,Learned_UNet_N0,seq_inner_val_44b6_t80_p01_crowded,inner_val,44b6_d29c9ab2,49.0,65.0,82.0,83.0,1.21875
5.0,Learned_UNet_N0,seq_inner_val_44b6_t80_p01_crowded,inner_val,44b6_d29c9ab2,50.0,69.0,82.0,83.0,0.40625
5.0,Learned_UNet_N0,seq_inner_val_44b6_t80_p01_crowded,inner_val,44b6_d29c9ab2,51.0,62.0,82.0,83.0,0.8125
5.0,Learned_UNet_N0,seq_inner_val_44b6_t80_p01_crowded,inner_val,44b6_d29c9ab2,52.0,70.0,82.0,83.0,0.40625
5.0,Learned_UNet_N0,seq_inner_val_44b6_t80_p01_crowded,inner_val,44b6_d29c9ab2,53.0,71.0,82.0,83.0,1.1490485194281397
5.0,Learned_UNet_N0,seq_inner_val_44b6_t80_p01_crowded,inner_val,44b6_d29c9ab2,54.0,79.0,82.0,83.0,2.03125
5.0,Learned_UNet_N0,seq_inner_val_44b6_t80_p01_crowded,inner_val,44b6_d29c9ab2,55.0,72.0,82.0,83.0,0.9084026158592896
5.0,Learned_UNet_N0,seq_inner_val_44b6_t80_p01_crowded,inner_val,44b6_d29c9ab2,56.0,73.0,82.0,83.0,0.9084026158592896
5.0,Learned_UNet_N0,seq_inner_val_44b6_t80_p01_crowded,inner_val,44b6_d29c9ab2,57.0,76.0,82.0,83.0,4.162823748671087
5.0,Learned_UNet_N0,seq_inner_val_44b6_t80_p01_crowded,inner_val,44b6_d29c9ab2,58.0,81.0,82.0,83.0,0.40625
5.0,Learned_UNet_N0,seq_inner_val_44b6_t80_p01_crowded,inner_val,44b6_d29c9ab2,59.0,80.0,82.0,83.0,1.625
5.0,Learned_UNet_N0,seq_inner_val_44b6_t80_p01_crowded,inner_val,44b6_d29c9ab2,61.0,82.0,83.0,84.0,0.8125
5.0,Learned_UNet_N0,seq_inner_val_44b6_t80_p01_crowded,inner_val,44b6_d29c9ab2,62.0,84.0,83.0,84.0,1.8168052317185792
5.0,Learned_UNet_N0,seq_inner_val_44b6_t80_p01_crowded,inner_val,44b6_d29c9ab2,63.0,85.0,83.0,84.0,1.8168052317185792
5.0,Learned_UNet_N0,seq_inner_val_44b6_t80_p01_crowded,inner_val,44b6_d29c9ab2,64.0,89.0,83.0,84.0,1.4647552056572457
5.0,Learned_UNet_N0,seq_inner_val_44b6_t80_p01_crowded,inner_val,44b6_d29c9ab2,65.0,92.0,83.0,84.0,1.8168052317185792
5.0,Learned_UNet_N0,seq_inner_val_44b6_t80_p01_crowded,inner_val,44b6_d29c9ab2,66.0,88.0,83.0,84.0,1.4647552056572457
5.0,Learned_UNet_N0,seq_inner_val_44b6_t80_p01_crowded,inner_val,44b6_d29c9ab2,67.0,86.0,83.0,84.0,0.8125
5.0,Learned_UNet_N0,seq_inner_val_44b6_t80_p01_crowded,inner_val,44b6_d29c9ab2,68.0,87.0,83.0,84.0,1.4647552056572457
5.0,Learned_UNet_N0,seq_inner_val_44b6_t80_p01_crowded,inner_val,44b6_d29c9ab2,69.0,90.0,83.0,84.0,1.284675299443404
5.0,Learned_UNet_N0,seq_inner_val_44b6_t80_p01_crowded,inner_val,44b6_d29c9ab2,70.0,97.0,83.0,84.0,0.9084026158592896
5.0,Learned_UNet_N0,seq_inner_val_44b6_t80_p01_crowded,inner_val,44b6_d29c9ab2,71.0,91.0,83.0,84.0,1.4647552056572457
5.0,Learned_UNet_N0,seq_inner_val_44b6_t80_p01_crowded,inner_val,44b6_d29c9ab2,72.0,93.0,83.0,84.0,1.284675299443404
5.0,Learned_UNet_N0,seq_inner_val_44b6_t80_p01_crowded,inner_val,44b6_d29c9ab2,75.0,94.0,83.0,84.0,0.40625
5.0,Learned_UNet_N0,seq_inner_val_44b6_t80_p01_crowded,inner_val,44b6_d29c9ab2,76.0,96.0,83.0,84.0,3.6336104634371584
5.0,Learned_UNet_N0,seq_inner_val_44b6_t80_p01_crowded,inner_val,44b6_d29c9ab2,77.0,95.0,83.0,84.0,1.8168052317185792
5.0,Learned_UNet_N0,seq_inner_val_44b6_t80_p01_crowded,inner_val,44b6_d29c9ab2,78.0,98.0,83.0,84.0,3.1729139308370784
5.0,Learned_UNet_N0,seq_inner_val_44b6_t80_p01_crowded,inner_val,44b6_d29c9ab2,79.0,100.0,83.0,84.0,4.89189779763437
5.0,Learned_UNet_N0,seq_inner_val_44b6_t80_p01_crowded,inner_val,44b6_d29c9ab2,80.0,99.0,83.0,84.0,2.471122277933652
5.0,Learned_UNet_N0,seq_inner_val_44b6_t80_p01_crowded,inner_val,44b6_d29c9ab2,81.0,101.0,83.0,84.0,2.03125
5.0,Learned_UNet_N0,seq_inner_val_44b6_t85_p02_crowded,inner_val,44b6_d29c9ab2,0.0,22.0,85.0,86.0,0.8125
5.0,Learned_UNet_N0,seq_inner_val_44b6_t85_p02_crowded,inner_val,44b6_d29c9ab2,1.0,20.0,85.0,86.0,0.5745242597140698
5.0,Learned_UNet_N0,seq_inner_val_44b6_t85_p02_crowded,inner_val,44b6_d29c9ab2,2.0,21.0,85.0,86.0,0.0
5.0,Learned_UNet_N0,seq_inner_val_44b6_t85_p02_crowded,inner_val,44b6_d29c9ab2,3.0,23.0,85.0,86.0,0.8125
5.0,Learned_UNet_N0,seq_inner_val_44b6_t85_p02_crowded,inner_val,44b6_d29c9ab2,4.0,19.0,85.0,86.0,1.1490485194281397
5.0,Learned_UNet_N0,seq_inner_val_44b6_t85_p02_crowded,inner_val,44b6_d29c9ab2,5.0,26.0,85.0,86.0,0.5745242597140698
5.0,Learned_UNet_N0,seq_inner_val_44b6_t85_p02_crowded,inner_val,44b6_d29c9ab2,6.0,25.0,85.0,86.0,0.9084026158592896
5.0,Learned_UNet_N0,seq_inner_val_44b6_t85_p02_crowded,inner_val,44b6_d29c9ab2,7.0,29.0,85.0,86.0,0.8125
5.0,Learned_UNet_N0,seq_inner_val_44b6_t85_p02_crowded,inner_val,44b6_d29c9ab2,8.0,30.0,85.0,86.0,0.9084026158592896
5.0,Learned_UNet_N0,seq_inner_val_44b6_t85_p02_crowded,inner_val,44b6_d29c9ab2,9.0,24.0,85.0,86.0,0.40625
5.0,Learned_UNet_N0,seq_inner_val_44b6_t85_p02_crowded,inner_val,44b6_d29c9ab2,10.0,27.0,85.0,86.0,0.40625
5.0,Learned_UNet_N0,seq_inner_val_44b6_t85_p02_crowded,inner_val,44b6_d29c9ab2,11.0,28.0,85.0,86.0,3.832554834897995
5.0,Learned_UNet_N0,seq_inner_val_44b6_t85_p02_crowded,inner_val,44b6_d29c9ab2,12.0,33.0,85.0,86.0,3.2752922102462856
5.0,Learned_UNet_N0,seq_inner_val_44b6_t85_p02_crowded,inner_val,44b6_d29c9ab2,13.0,36.0,85.0,86.0,2.1877232028983924
5.0,Learned_UNet_N0,seq_inner_val_44b6_t85_p02_crowded,inner_val,44b6_d29c9ab2,14.0,31.0,85.0,86.0,0.9084026158592896
5.0,Learned_UNet_N0,seq_inner_val_44b6_t85_p02_crowded,inner_val,44b6_d29c9ab2,15.0,34.0,85.0,86.0,1.625
5.0,Learned_UNet_N0,seq_inner_val_44b6_t85_p02_crowded,inner_val,44b6_d29c9ab2,16.0,38.0,85.0,86.0,0.0
5.0,Learned_UNet_N0,seq_inner_val_44b6_t85_p02_crowded,inner_val,44b6_d29c9ab2,19.0,39.0,86.0,87.0,0.40625
5.0,Learned_UNet_N0,seq_inner_val_44b6_t85_p02_crowded,inner_val,44b6_d29c9ab2,20.0,44.0,86.0,87.0,0.5745242597140698
5.0,Learned_UNet_N0,seq_inner_val_44b6_t85_p02_crowded,inner_val,44b6_d29c9ab2,21.0,45.0,86.0,87.0,3.350023320814349
5.0,Learned_UNet_N0,seq_inner_val_44b6_t85_p02_crowded,inner_val,44b6_d29c9ab2,22.0,41.0,86.0,87.0,0.0
5.0,Learned_UNet_N0,seq_inner_val_44b6_t85_p02_crowded,inner_val,44b6_d29c9ab2,23.0,46.0,86.0,87.0,0.40625
5.0,Learned_UNet_N0,seq_inner_val_44b6_t85_p02_crowded,inner_val,44b6_d29c9ab2,24.0,40.0,86.0,87.0,0.8125
5.0,Learned_UNet_N0,seq_inner_val_44b6_t85_p02_crowded,inner_val,44b6_d29c9ab2,25.0,53.0,86.0,87.0,3.6336104634371584
5.0,Learned_UNet_N0,seq_inner_val_44b6_t85_p02_crowded,inner_val,44b6_d29c9ab2,26.0,47.0,86.0,87.0,1.1490485194281397
5.0,Learned_UNet_N0,seq_inner_val_44b6_t85_p02_crowded,inner_val,44b6_d29c9ab2,27.0,55.0,86.0,87.0,1.21875
5.0,Learned_UNet_N0,seq_inner_val_44b6_t85_p02_crowded,inner_val,44b6_d29c9ab2,28.0,48.0,86.0,87.0,0.40625
5.0,Learned_UNet_N0,seq_inner_val_44b6_t85_p02_crowded,inner_val,44b6_d29c9ab2,29.0,43.0,86.0,87.0,3.350023320814349
5.0,Learned_UNet_N0,seq_inner_val_44b6_t85_p02_crowded,inner_val,44b6_d29c9ab2,30.0,42.0,86.0,87.0,0.0
5.0,Learned_UNet_N0,seq_inner_val_44b6_t85_p02_crowded,inner_val,44b6_d29c9ab2,31.0,49.0,86.0,87.0,0.40625
5.0,Learned_UNet_N0,seq_inner_val_44b6_t85_p02_crowded,inner_val,44b6_d29c9ab2,32.0,50.0,86.0,87.0,0.40625
5.0,Learned_UNet_N0,seq_inner_val_44b6_t85_p02_crowded,inner_val,44b6_d29c9ab2,33.0,54.0,86.0,87.0,0.9084026158592896
5.0,Learned_UNet_N0,seq_inner_val_44b6_t85_p02_crowded,inner_val,44b6_d29c9ab2,34.0,57.0,86.0,87.0,0.9084026158592896
5.0,Learned_UNet_N0,seq_inner_val_44b6_t85_p02_crowded,inner_val,44b6_d29c9ab2,35.0,51.0,86.0,87.0,0.9084026158592896
5.0,Learned_UNet_N0,seq_inner_val_44b6_t85_p02_crowded,inner_val,44b6_d29c9ab2,36.0,58.0,86.0,87.0,0.9084026158592896
5.0,Learned_UNet_N0,seq_inner_val_44b6_t85_p02_crowded,inner_val,44b6_d29c9ab2,37.0,59.0,86.0,87.0,0.8125
5.0,Learned_UNet_N0,seq_inner_val_44b6_t85_p02_crowded,inner_val,44b6_d29c9ab2,38.0,61.0,86.0,87.0,0.40625
5.0,Learned_UNet_N0,seq_inner_val_44b6_t85_p02_crowded,inner_val,44b6_d29c9ab2,39.0,63.0,87.0,88.0,1.6750116604071745
5.0,Learned_UNet_N0,seq_inner_val_44b6_t85_p02_crowded,inner_val,44b6_d29c9ab2,40.0,68.0,87.0,88.0,1.1490485194281397
5.0,Learned_UNet_N0,seq_inner_val_44b6_t85_p02_crowded,inner_val,44b6_d29c9ab2,41.0,66.0,87.0,88.0,0.40625
5.0,Learned_UNet_N0,seq_inner_val_44b6_t85_p02_crowded,inner_val,44b6_d29c9ab2,42.0,67.0,87.0,88.0,0.9084026158592896
5.0,Learned_UNet_N0,seq_inner_val_44b6_t85_p02_crowded,inner_val,44b6_d29c9ab2,43.0,69.0,87.0,88.0,3.2752922102462856
5.0,Learned_UNet_N0,seq_inner_val_44b6_t85_p02_crowded,inner_val,44b6_d29c9ab2,44.0,70.0,87.0,88.0,0.40625
5.0,Learned_UNet_N0,seq_inner_val_44b6_t85_p02_crowded,inner_val,44b6_d29c9ab2,45.0,71.0,87.0,88.0,3.374565944310468
5.0,Learned_UNet_N0,seq_inner_val_44b6_t85_p02_crowded,inner_val,44b6_d29c9ab2,46.0,79.0,87.0,88.0,1.284675299443404
5.0,Learned_UNet_N0,seq_inner_val_44b6_t85_p02_crowded,inner_val,44b6_d29c9ab2,47.0,65.0,87.0,88.0,0.5745242597140698
5.0,Learned_UNet_N0,seq_inner_val_44b6_t85_p02_crowded,inner_val,44b6_d29c9ab2,48.0,74.0,87.0,88.0,3.2752922102462856
5.0,Learned_UNet_N0,seq_inner_val_44b6_t85_p02_crowded,inner_val,44b6_d29c9ab2,49.0,77.0,87.0,88.0,0.40625
5.0,Learned_UNet_N0,seq_inner_val_44b6_t85_p02_crowded,inner_val,44b6_d29c9ab2,50.0,72.0,87.0,88.0,1.6750116604071745
5.0,Learned_UNet_N0,seq_inner_val_44b6_t85_p02_crowded,inner_val,44b6_d29c9ab2,51.0,75.0,87.0,88.0,0.40625
5.0,Learned_UNet_N0,seq_inner_val_44b6_t85_p02_crowded,inner_val,44b6_d29c9ab2,52.0,76.0,87.0,88.0,0.5745242597140698
5.0,Learned_UNet_N0,seq_inner_val_44b6_t85_p02_crowded,inner_val,44b6_d29c9ab2,53.0,64.0,87.0,88.0,4.241374519244911
5.0,Learned_UNet_N0,seq_inner_val_44b6_t85_p02_crowded,inner_val,44b6_d29c9ab2,55.0,78.0,87.0,88.0,3.65625
5.0,Learned_UNet_N0,seq_inner_val_44b6_t85_p02_crowded,inner_val,44b6_d29c9ab2,56.0,80.0,87.0,88.0,1.1490485194281397
5.0,Learned_UNet_N0,seq_inner_val_44b6_t85_p02_crowded,inner_val,44b6_d29c9ab2,57.0,73.0,87.0,88.0,0.8125
5.0,Learned_UNet_N0,seq_inner_val_44b6_t85_p02_crowded,inner_val,44b6_d29c9ab2,62.0,82.0,87.0,88.0,0.8125
5.0,Learned_UNet_N0,seq_inner_val_44b6_t85_p02_crowded,inner_val,44b6_d29c9ab2,63.0,83.0,88.0,89.0,3.350023320814349
5.0,Learned_UNet_N0,seq_inner_val_44b6_t85_p02_crowded,inner_val,44b6_d29c9ab2,64.0,84.0,88.0,89.0,0.9084026158592896
5.0,Learned_UNet_N0,seq_inner_val_44b6_t85_p02_crowded,inner_val,44b6_d29c9ab2,65.0,85.0,88.0,89.0,0.9084026158592896
5.0,Learned_UNet_N0,seq_inner_val_44b6_t85_p02_crowded,inner_val,44b6_d29c9ab2,66.0,88.0,88.0,89.0,0.5745242597140698
5.0,Learned_UNet_N0,seq_inner_val_44b6_t85_p02_crowded,inner_val,44b6_d29c9ab2,67.0,86.0,88.0,89.0,0.8125
5.0,Learned_UNet_N0,seq_inner_val_44b6_t85_p02_crowded,inner_val,44b6_d29c9ab2,68.0,90.0,88.0,89.0,0.8125
5.0,Learned_UNet_N0,seq_inner_val_44b6_t85_p02_crowded,inner_val,44b6_d29c9ab2,69.0,87.0,88.0,89.0,3.300390601883359
5.0,Learned_UNet_N0,seq_inner_val_44b6_t85_p02_crowded,inner_val,44b6_d29c9ab2,70.0,89.0,88.0,89.0,1.6750116604071745
5.0,Learned_UNet_N0,seq_inner_val_44b6_t85_p02_crowded,inner_val,44b6_d29c9ab2,71.0,91.0,88.0,89.0,0.40625
5.0,Learned_UNet_N0,seq_inner_val_44b6_t85_p02_crowded,inner_val,44b6_d29c9ab2,73.0,94.0,88.0,89.0,0.9084026158592896
5.0,Learned_UNet_N0,seq_inner_val_44b6_t85_p02_crowded,inner_val,44b6_d29c9ab2,74.0,92.0,88.0,89.0,3.350023320814349
5.0,Learned_UNet_N0,seq_inner_val_44b6_t85_p02_crowded,inner_val,44b6_d29c9ab2,75.0,98.0,88.0,89.0,0.40625
5.0,Learned_UNet_N0,seq_inner_val_44b6_t85_p02_crowded,inner_val,44b6_d29c9ab2,77.0,97.0,88.0,89.0,3.2752922102462856
5.0,Learned_UNet_N0,seq_inner_val_44b6_t85_p02_crowded,inner_val,44b6_d29c9ab2,78.0,96.0,88.0,89.0,0.8125
5.0,Learned_UNet_N0,seq_inner_val_44b6_t85_p02_crowded,inner_val,44b6_d29c9ab2,79.0,99.0,88.0,89.0,1.8168052317185792
5.0,Learned_UNet_N0,seq_inner_val_44b6_t85_p02_crowded,inner_val,44b6_d29c9ab2,80.0,95.0,88.0,89.0,2.1877232028983924
5.0,Learned_UNet_N0,seq_inner_val_44b6_t85_p02_crowded,inner_val,44b6_d29c9ab2,81.0,101.0,88.0,89.0,1.7235727791422095
5.0,Learned_UNet_N0,seq_inner_val_44b6_t90_p03_crowded,inner_val,44b6_d29c9ab2,0.0,40.0,90.0,91.0,4.908737426772795
5.0,Learned_UNet_N0,seq_inner_val_44b6_t90_p03_crowded,inner_val,44b6_d29c9ab2,1.0,22.0,90.0,91.0,1.625
5.0,Learned_UNet_N0,seq_inner_val_44b6_t90_p03_crowded,inner_val,44b6_d29c9ab2,2.0,21.0,90.0,91.0,1.284675299443404
5.0,Learned_UNet_N0,seq_inner_val_44b6_t90_p03_crowded,inner_val,44b6_d29c9ab2,3.0,24.0,90.0,91.0,0.40625
5.0,Learned_UNet_N0,seq_inner_val_44b6_t90_p03_crowded,inner_val,44b6_d29c9ab2,4.0,27.0,90.0,91.0,0.40625
5.0,Learned_UNet_N0,seq_inner_val_44b6_t90_p03_crowded,inner_val,44b6_d29c9ab2,5.0,25.0,90.0,91.0,3.65625
5.0,Learned_UNet_N0,seq_inner_val_44b6_t90_p03_crowded,inner_val,44b6_d29c9ab2,7.0,32.0,90.0,91.0,0.40625
5.0,Learned_UNet_N0,seq_inner_val_44b6_t90_p03_crowded,inner_val,44b6_d29c9ab2,8.0,28.0,90.0,91.0,3.2752922102462856
5.0,Learned_UNet_N0,seq_inner_val_44b6_t90_p03_crowded,inner_val,44b6_d29c9ab2,9.0,35.0,90.0,91.0,3.447145558284419
5.0,Learned_UNet_N0,seq_inner_val_44b6_t90_p03_crowded,inner_val,44b6_d29c9ab2,10.0,29.0,90.0,91.0,1.284675299443404
5.0,Learned_UNet_N0,seq_inner_val_44b6_t90_p03_crowded,inner_val,44b6_d29c9ab2,11.0,26.0,90.0,91.0,3.374565944310468
5.0,Learned_UNet_N0,seq_inner_val_44b6_t90_p03_crowded,inner_val,44b6_d29c9ab2,13.0,23.0,90.0,91.0,3.6336104634371584
5.0,Learned_UNet_N0,seq_inner_val_44b6_t90_p03_crowded,inner_val,44b6_d29c9ab2,14.0,34.0,90.0,91.0,1.625
5.0,Learned_UNet_N0,seq_inner_val_44b6_t90_p03_crowded,inner_val,44b6_d29c9ab2,15.0,30.0,90.0,91.0,0.40625
5.0,Learned_UNet_N0,seq_inner_val_44b6_t90_p03_crowded,inner_val,44b6_d29c9ab2,16.0,37.0,90.0,91.0,0.8125
5.0,Learned_UNet_N0,seq_inner_val_44b6_t90_p03_crowded,inner_val,44b6_d29c9ab2,17.0,33.0,90.0,91.0,0.8125
5.0,Learned_UNet_N0,seq_inner_val_44b6_t90_p03_crowded,inner_val,44b6_d29c9ab2,18.0,36.0,90.0,91.0,0.8125
5.0,Learned_UNet_N0,seq_inner_val_44b6_t90_p03_crowded,inner_val,44b6_d29c9ab2,19.0,38.0,90.0,91.0,0.5745242597140698
5.0,Learned_UNet_N0,seq_inner_val_44b6_t90_p03_crowded,inner_val,44b6_d29c9ab2,20.0,42.0,91.0,92.0,0.5745242597140698
5.0,Learned_UNet_N0,seq_inner_val_44b6_t90_p03_crowded,inner_val,44b6_d29c9ab2,21.0,48.0,91.0,92.0,0.9084026158592896
5.0,Learned_UNet_N0,seq_inner_val_44b6_t90_p03_crowded,inner_val,44b6_d29c9ab2,22.0,41.0,91.0,92.0,1.1490485194281397
5.0,Learned_UNet_N0,seq_inner_val_44b6_t90_p03_crowded,inner_val,44b6_d29c9ab2,23.0,46.0,91.0,92.0,1.21875
5.0,Learned_UNet_N0,seq_inner_val_44b6_t90_p03_crowded,inner_val,44b6_d29c9ab2,24.0,44.0,91.0,92.0,0.8125
5.0,Learned_UNet_N0,seq_inner_val_44b6_t90_p03_crowded,inner_val,44b6_d29c9ab2,25.0,45.0,91.0,92.0,0.40625
5.0,Learned_UNet_N0,seq_inner_val_44b6_t90_p03_crowded,inner_val,44b6_d29c9ab2,26.0,43.0,91.0,92.0,0.5745242597140698
5.0,Learned_UNet_N0,seq_inner_val_44b6_t90_p03_crowded,inner_val,44b6_d29c9ab2,27.0,49.0,91.0,92.0,0.40625
5.0,Learned_UNet_N0,seq_inner_val_44b6_t90_p03_crowded,inner_val,44b6_d29c9ab2,28.0,54.0,91.0,92.0,0.5745242597140698
5.0,Learned_UNet_N0,seq_inner_val_44b6_t90_p03_crowded,inner_val,44b6_d29c9ab2,29.0,52.0,91.0,92.0,1.21875
5.0,Learned_UNet_N0,seq_inner_val_44b6_t90_p03_crowded,inner_val,44b6_d29c9ab2,31.0,47.0,91.0,92.0,0.5745242597140698
5.0,Learned_UNet_N0,seq_inner_val_44b6_t90_p03_crowded,inner_val,44b6_d29c9ab2,33.0,51.0,91.0,92.0,0.5745242597140698
5.0,Learned_UNet_N0,seq_inner_val_44b6_t90_p03_crowded,inner_val,44b6_d29c9ab2,34.0,53.0,91.0,92.0,3.447145558284419
5.0,Learned_UNet_N0,seq_inner_val_44b6_t90_p03_crowded,inner_val,44b6_d29c9ab2,35.0,50.0,91.0,92.0,3.72334275215162
5.0,Learned_UNet_N0,seq_inner_val_44b6_t90_p03_crowded,inner_val,44b6_d29c9ab2,36.0,55.0,91.0,92.0,3.6336104634371584
5.0,Learned_UNet_N0,seq_inner_val_44b6_t90_p03_crowded,inner_val,44b6_d29c9ab2,38.0,56.0,91.0,92.0,2.03125
5.0,Learned_UNet_N0,seq_inner_val_44b6_t90_p03_crowded,inner_val,44b6_d29c9ab2,39.0,57.0,91.0,92.0,0.0
5.0,Learned_UNet_N0,seq_inner_val_44b6_t90_p03_crowded,inner_val,44b6_d29c9ab2,41.0,60.0,92.0,93.0,0.9084026158592896
5.0,Learned_UNet_N0,seq_inner_val_44b6_t90_p03_crowded,inner_val,44b6_d29c9ab2,42.0,58.0,92.0,93.0,2.1877232028983924
5.0,Learned_UNet_N0,seq_inner_val_44b6_t90_p03_crowded,inner_val,44b6_d29c9ab2,43.0,62.0,92.0,93.0,0.0
5.0,Learned_UNet_N0,seq_inner_val_44b6_t90_p03_crowded,inner_val,44b6_d29c9ab2,44.0,59.0,92.0,93.0,1.1490485194281397
5.0,Learned_UNet_N0,seq_inner_val_44b6_t90_p03_crowded,inner_val,44b6_d29c9ab2,45.0,61.0,92.0,93.0,2.03125
5.0,Learned_UNet_N0,seq_inner_val_44b6_t90_p03_crowded,inner_val,44b6_d29c9ab2,46.0,74.0,92.0,93.0,0.40625
5.0,Learned_UNet_N0,seq_inner_val_44b6_t90_p03_crowded,inner_val,44b6_d29c9ab2,47.0,69.0,92.0,93.0,3.471001521535247
5.0,Learned_UNet_N0,seq_inner_val_44b6_t90_p03_crowded,inner_val,44b6_d29c9ab2,48.0,63.0,92.0,93.0,2.8726212985703494
5.0,Learned_UNet_N0,seq_inner_val_44b6_t90_p03_crowded,inner_val,44b6_d29c9ab2,49.0,64.0,92.0,93.0,0.40625
5.0,Learned_UNet_N0,seq_inner_val_44b6_t90_p03_crowded,inner_val,44b6_d29c9ab2,51.0,66.0,92.0,93.0,1.284675299443404
5.0,Learned_UNet_N0,seq_inner_val_44b6_t90_p03_crowded,inner_val,44b6_d29c9ab2,52.0,67.0,92.0,93.0,2.6012692214570947
5.0,Learned_UNet_N0,seq_inner_val_44b6_t90_p03_crowded,inner_val,44b6_d29c9ab2,53.0,68.0,92.0,93.0,0.8125
5.0,Learned_UNet_N0,seq_inner_val_44b6_t90_p03_crowded,inner_val,44b6_d29c9ab2,54.0,72.0,92.0,93.0,3.25
5.0,Learned_UNet_N0,seq_inner_val_44b6_t90_p03_crowded,inner_val,44b6_d29c9ab2,55.0,70.0,92.0,93.0,1.7235727791422095
5.0,Learned_UNet_N0,seq_inner_val_44b6_t90_p03_crowded,inner_val,44b6_d29c9ab2,56.0,75.0,92.0,93.0,4.0827619710803615
5.0,Learned_UNet_N0,seq_inner_val_44b6_t90_p03_crowded,inner_val,44b6_d29c9ab2,58.0,76.0,93.0,94.0,0.5745242597140698
5.0,Learned_UNet_N0,seq_inner_val_44b6_t90_p03_crowded,inner_val,44b6_d29c9ab2,59.0,79.0,93.0,94.0,0.0
5.0,Learned_UNet_N0,seq_inner_val_44b6_t90_p03_crowded,inner_val,44b6_d29c9ab2,60.0,77.0,93.0,94.0,0.9084026158592896
5.0,Learned_UNet_N0,seq_inner_val_44b6_t90_p03_crowded,inner_val,44b6_d29c9ab2,61.0,84.0,93.0,94.0,0.40625
5.0,Learned_UNet_N0,seq_inner_val_44b6_t90_p03_crowded,inner_val,44b6_d29c9ab2,62.0,82.0,93.0,94.0,0.5745242597140698
5.0,Learned_UNet_N0,seq_inner_val_44b6_t90_p03_crowded,inner_val,44b6_d29c9ab2,63.0,86.0,93.0,94.0,2.569350598886808
5.0,Learned_UNet_N0,seq_inner_val_44b6_t90_p03_crowded,inner_val,44b6_d29c9ab2,64.0,78.0,93.0,94.0,1.21875
5.0,Learned_UNet_N0,seq_inner_val_44b6_t90_p03_crowded,inner_val,44b6_d29c9ab2,65.0,80.0,93.0,94.0,0.9084026158592896
5.0,Learned_UNet_N0,seq_inner_val_44b6_t90_p03_crowded,inner_val,44b6_d29c9ab2,66.0,85.0,93.0,94.0,0.5745242597140698
5.0,Learned_UNet_N0,seq_inner_val_44b6_t90_p03_crowded,inner_val,44b6_d29c9ab2,67.0,88.0,93.0,94.0,0.0
5.0,Learned_UNet_N0,seq_inner_val_44b6_t90_p03_crowded,inner_val,44b6_d29c9ab2,68.0,81.0,93.0,94.0,3.2752922102462856
5.0,Learned_UNet_N0,seq_inner_val_44b6_t90_p03_crowded,inner_val,44b6_d29c9ab2,69.0,89.0,93.0,94.0,2.03125
5.0,Learned_UNet_N0,seq_inner_val_44b6_t90_p03_crowded,inner_val,44b6_d29c9ab2,71.0,87.0,93.0,94.0,3.494694639736067
5.0,Learned_UNet_N0,seq_inner_val_44b6_t90_p03_crowded,inner_val,44b6_d29c9ab2,72.0,92.0,93.0,94.0,1.21875
5.0,Learned_UNet_N0,seq_inner_val_44b6_t90_p03_crowded,inner_val,44b6_d29c9ab2,73.0,91.0,93.0,94.0,2.03125
5.0,Learned_UNet_N0,seq_inner_val_44b6_t90_p03_crowded,inner_val,44b6_d29c9ab2,75.0,93.0,93.0,94.0,3.2752922102462856
5.0,Learned_UNet_N0,seq_inner_val_44b6_t70_p04_crowded,inner_val,44b6_d29c9ab2,0.0,18.0,70.0,71.0,0.8125
5.0,Learned_UNet_N0,seq_inner_val_44b6_t70_p04_crowded,inner_val,44b6_d29c9ab2,1.0,19.0,70.0,71.0,0.8125
5.0,Learned_UNet_N0,seq_inner_val_44b6_t70_p04_crowded,inner_val,44b6_d29c9ab2,2.0,24.0,70.0,71.0,3.6336104634371584
5.0,Learned_UNet_N0,seq_inner_val_44b6_t70_p04_crowded,inner_val,44b6_d29c9ab2,3.0,30.0,70.0,71.0,0.0
5.0,Learned_UNet_N0,seq_inner_val_44b6_t70_p04_crowded,inner_val,44b6_d29c9ab2,4.0,20.0,70.0,71.0,0.5745242597140698
5.0,Learned_UNet_N0,seq_inner_val_44b6_t70_p04_crowded,inner_val,44b6_d29c9ab2,5.0,27.0,70.0,71.0,2.1877232028983924
5.0,Learned_UNet_N0,seq_inner_val_44b6_t70_p04_crowded,inner_val,44b6_d29c9ab2,6.0,28.0,70.0,71.0,1.1490485194281397
5.0,Learned_UNet_N0,seq_inner_val_44b6_t70_p04_crowded,inner_val,44b6_d29c9ab2,7.0,29.0,70.0,71.0,2.368824207280903
5.0,Learned_UNet_N0,seq_inner_val_44b6_t70_p04_crowded,inner_val,44b6_d29c9ab2,8.0,22.0,70.0,71.0,3.72334275215162
5.0,Learned_UNet_N0,seq_inner_val_44b6_t70_p04_crowded,inner_val,44b6_d29c9ab2,9.0,33.0,70.0,71.0,0.8125
5.0,Learned_UNet_N0,seq_inner_val_44b6_t70_p04_crowded,inner_val,44b6_d29c9ab2,10.0,23.0,70.0,71.0,1.625
5.0,Learned_UNet_N0,seq_inner_val_44b6_t70_p04_crowded,inner_val,44b6_d29c9ab2,11.0,25.0,70.0,71.0,2.4375
5.0,Learned_UNet_N0,seq_inner_val_44b6_t70_p04_crowded,inner_val,44b6_d29c9ab2,12.0,26.0,70.0,71.0,0.8125
5.0,Learned_UNet_N0,seq_inner_val_44b6_t70_p04_crowded,inner_val,44b6_d29c9ab2,13.0,36.0,70.0,71.0,3.350023320814349
5.0,Learned_UNet_N0,seq_inner_val_44b6_t70_p04_crowded,inner_val,44b6_d29c9ab2,14.0,31.0,70.0,71.0,0.5745242597140698
5.0,Learned_UNet_N0,seq_inner_val_44b6_t70_p04_crowded,inner_val,44b6_d29c9ab2,15.0,34.0,70.0,71.0,0.8125
5.0,Learned_UNet_N0,seq_inner_val_44b6_t70_p04_crowded,inner_val,44b6_d29c9ab2,16.0,35.0,70.0,71.0,0.40625
5.0,Learned_UNet_N0,seq_inner_val_44b6_t70_p04_crowded,inner_val,44b6_d29c9ab2,17.0,21.0,70.0,71.0,3.65625
5.0,Learned_UNet_N0,seq_inner_val_44b6_t70_p04_crowded,inner_val,44b6_d29c9ab2,18.0,39.0,71.0,72.0,0.9084026158592896
5.0,Learned_UNet_N0,seq_inner_val_44b6_t70_p04_crowded,inner_val,44b6_d29c9ab2,19.0,42.0,71.0,72.0,3.374565944310468
5.0,Learned_UNet_N0,seq_inner_val_44b6_t70_p04_crowded,inner_val,44b6_d29c9ab2,20.0,40.0,71.0,72.0,1.6750116604071745
5.0,Learned_UNet_N0,seq_inner_val_44b6_t70_p04_crowded,inner_val,44b6_d29c9ab2,21.0,43.0,71.0,72.0,0.5745242597140698
5.0,Learned_UNet_N0,seq_inner_val_44b6_t70_p04_crowded,inner_val,44b6_d29c9ab2,22.0,44.0,71.0,72.0,1.1490485194281397
5.0,Learned_UNet_N0,seq_inner_val_44b6_t70_p04_crowded,inner_val,44b6_d29c9ab2,23.0,46.0,71.0,72.0,0.9084026158592896
5.0,Learned_UNet_N0,seq_inner_val_44b6_t70_p04_crowded,inner_val,44b6_d29c9ab2,24.0,51.0,71.0,72.0,1.8168052317185792
5.0,Learned_UNet_N0,seq_inner_val_44b6_t70_p04_crowded,inner_val,44b6_d29c9ab2,25.0,47.0,71.0,72.0,1.1490485194281397
5.0,Learned_UNet_N0,seq_inner_val_44b6_t70_p04_crowded,inner_val,44b6_d29c9ab2,26.0,60.0,71.0,72.0,1.6750116604071745
5.0,Learned_UNet_N0,seq_inner_val_44b6_t70_p04_crowded,inner_val,44b6_d29c9ab2,28.0,50.0,71.0,72.0,0.40625
5.0,Learned_UNet_N0,seq_inner_val_44b6_t70_p04_crowded,inner_val,44b6_d29c9ab2,29.0,54.0,71.0,72.0,3.65625
5.0,Learned_UNet_N0,seq_inner_val_44b6_t70_p04_crowded,inner_val,44b6_d29c9ab2,30.0,48.0,71.0,72.0,3.72334275215162
5.0,Learned_UNet_N0,seq_inner_val_44b6_t70_p04_crowded,inner_val,44b6_d29c9ab2,31.0,49.0,71.0,72.0,1.1490485194281397
5.0,Learned_UNet_N0,seq_inner_val_44b6_t70_p04_crowded,inner_val,44b6_d29c9ab2,32.0,58.0,71.0,72.0,1.8168052317185792
5.0,Learned_UNet_N0,seq_inner_val_44b6_t70_p04_crowded,inner_val,44b6_d29c9ab2,33.0,53.0,71.0,72.0,0.9084026158592896
5.0,Learned_UNet_N0,seq_inner_val_44b6_t70_p04_crowded,inner_val,44b6_d29c9ab2,34.0,52.0,71.0,72.0,2.368824207280903
5.0,Learned_UNet_N0,seq_inner_val_44b6_t70_p04_crowded,inner_val,44b6_d29c9ab2,35.0,56.0,71.0,72.0,0.40625
5.0,Learned_UNet_N0,seq_inner_val_44b6_t70_p04_crowded,inner_val,44b6_d29c9ab2,36.0,55.0,71.0,72.0,3.350023320814349
5.0,Learned_UNet_N0,seq_inner_val_44b6_t70_p04_crowded,inner_val,44b6_d29c9ab2,37.0,57.0,71.0,72.0,3.300390601883359
5.0,Learned_UNet_N0,seq_inner_val_44b6_t70_p04_crowded,inner_val,44b6_d29c9ab2,38.0,62.0,71.0,72.0,2.368824207280903
5.0,Learned_UNet_N0,seq_inner_val_44b6_t70_p04_crowded,inner_val,44b6_d29c9ab2,39.0,65.0,72.0,73.0,0.9084026158592896
5.0,Learned_UNet_N0,seq_inner_val_44b6_t70_p04_crowded,inner_val,44b6_d29c9ab2,40.0,63.0,72.0,73.0,1.1490485194281397
5.0,Learned_UNet_N0,seq_inner_val_44b6_t70_p04_crowded,inner_val,44b6_d29c9ab2,41.0,73.0,72.0,73.0,0.8125
5.0,Learned_UNet_N0,seq_inner_val_44b6_t70_p04_crowded,inner_val,44b6_d29c9ab2,42.0,67.0,72.0,73.0,0.9084026158592896
5.0,Learned_UNet_N0,seq_inner_val_44b6_t70_p04_crowded,inner_val,44b6_d29c9ab2,43.0,64.0,72.0,73.0,0.40625
5.0,Learned_UNet_N0,seq_inner_val_44b6_t70_p04_crowded,inner_val,44b6_d29c9ab2,44.0,66.0,72.0,73.0,0.0
5.0,Learned_UNet_N0,seq_inner_val_44b6_t70_p04_crowded,inner_val,44b6_d29c9ab2,45.0,72.0,72.0,73.0,3.25
5.0,Learned_UNet_N0,seq_inner_val_44b6_t70_p04_crowded,inner_val,44b6_d29c9ab2,46.0,69.0,72.0,73.0,0.40625
5.0,Learned_UNet_N0,seq_inner_val_44b6_t70_p04_crowded,inner_val,44b6_d29c9ab2,47.0,71.0,72.0,73.0,0.8125
5.0,Learned_UNet_N0,seq_inner_val_44b6_t70_p04_crowded,inner_val,44b6_d29c9ab2,49.0,78.0,72.0,73.0,4.021669817998489
5.0,Learned_UNet_N0,seq_inner_val_44b6_t70_p04_crowded,inner_val,44b6_d29c9ab2,50.0,70.0,72.0,73.0,1.21875
5.0,Learned_UNet_N0,seq_inner_val_44b6_t70_p04_crowded,inner_val,44b6_d29c9ab2,52.0,76.0,72.0,73.0,3.300390601883359
5.0,Learned_UNet_N0,seq_inner_val_44b6_t70_p04_crowded,inner_val,44b6_d29c9ab2,53.0,68.0,72.0,73.0,0.9084026158592896
5.0,Learned_UNet_N0,seq_inner_val_44b6_t70_p04_crowded,inner_val,44b6_d29c9ab2,54.0,74.0,72.0,73.0,1.1490485194281397
5.0,Learned_UNet_N0,seq_inner_val_44b6_t70_p04_crowded,inner_val,44b6_d29c9ab2,56.0,80.0,72.0,73.0,0.9084026158592896
5.0,Learned_UNet_N0,seq_inner_val_44b6_t70_p04_crowded,inner_val,44b6_d29c9ab2,57.0,75.0,72.0,73.0,0.9084026158592896
5.0,Learned_UNet_N0,seq_inner_val_44b6_t70_p04_crowded,inner_val,44b6_d29c9ab2,58.0,77.0,72.0,73.0,4.0625
5.0,Learned_UNet_N0,seq_inner_val_44b6_t70_p04_crowded,inner_val,44b6_d29c9ab2,59.0,81.0,72.0,73.0,0.5745242597140698
5.0,Learned_UNet_N0,seq_inner_val_44b6_t70_p04_crowded,inner_val,44b6_d29c9ab2,60.0,79.0,72.0,73.0,0.40625
5.0,Learned_UNet_N0,seq_inner_val_44b6_t70_p04_crowded,inner_val,44b6_d29c9ab2,62.0,82.0,72.0,73.0,1.625
5.0,Learned_UNet_N0,seq_inner_val_44b6_t70_p04_crowded,inner_val,44b6_d29c9ab2,63.0,84.0,73.0,74.0,0.9084026158592896
5.0,Learned_UNet_N0,seq_inner_val_44b6_t70_p04_crowded,inner_val,44b6_d29c9ab2,64.0,90.0,73.0,74.0,0.40625
5.0,Learned_UNet_N0,seq_inner_val_44b6_t70_p04_crowded,inner_val,44b6_d29c9ab2,65.0,85.0,73.0,74.0,0.0
5.0,Learned_UNet_N0,seq_inner_val_44b6_t70_p04_crowded,inner_val,44b6_d29c9ab2,66.0,92.0,73.0,74.0,0.8125
5.0,Learned_UNet_N0,seq_inner_val_44b6_t70_p04_crowded,inner_val,44b6_d29c9ab2,67.0,97.0,73.0,74.0,1.1490485194281397
5.0,Learned_UNet_N0,seq_inner_val_44b6_t70_p04_crowded,inner_val,44b6_d29c9ab2,68.0,95.0,73.0,74.0,0.8125
5.0,Learned_UNet_N0,seq_inner_val_44b6_t70_p04_crowded,inner_val,44b6_d29c9ab2,69.0,91.0,73.0,74.0,0.8125
5.0,Learned_UNet_N0,seq_inner_val_44b6_t70_p04_crowded,inner_val,44b6_d29c9ab2,70.0,93.0,73.0,74.0,1.1490485194281397
5.0,Learned_UNet_N0,seq_inner_val_44b6_t70_p04_crowded,inner_val,44b6_d29c9ab2,71.0,88.0,73.0,74.0,0.0
5.0,Learned_UNet_N0,seq_inner_val_44b6_t70_p04_crowded,inner_val,44b6_d29c9ab2,72.0,94.0,73.0,74.0,3.2752922102462856
5.0,Learned_UNet_N0,seq_inner_val_44b6_t70_p04_crowded,inner_val,44b6_d29c9ab2,73.0,96.0,73.0,74.0,4.0625
5.0,Learned_UNet_N0,seq_inner_val_44b6_t70_p04_crowded,inner_val,44b6_d29c9ab2,74.0,83.0,73.0,74.0,0.5745242597140698
5.0,Learned_UNet_N0,seq_inner_val_44b6_t70_p04_crowded,inner_val,44b6_d29c9ab2,75.0,87.0,73.0,74.0,0.9084026158592896
5.0,Learned_UNet_N0,seq_inner_val_44b6_t70_p04_crowded,inner_val,44b6_d29c9ab2,76.0,89.0,73.0,74.0,3.494694639736067
5.0,Learned_UNet_N0,seq_inner_val_44b6_t70_p04_crowded,inner_val,44b6_d29c9ab2,79.0,101.0,73.0,74.0,0.0
5.0,Learned_UNet_N0,seq_inner_val_44b6_t70_p04_crowded,inner_val,44b6_d29c9ab2,80.0,99.0,73.0,74.0,1.4647552056572457
5.0,Learned_UNet_N0,seq_inner_val_44b6_t70_p04_crowded,inner_val,44b6_d29c9ab2,81.0,98.0,73.0,74.0,3.494694639736067
5.0,Learned_UNet_N0,seq_inner_val_44b6_t70_p04_crowded,inner_val,44b6_d29c9ab2,82.0,100.0,73.0,74.0,1.6750116604071745
5.0,Learned_UNet_N0,seq_inner_val_44b6_t90_p05_isolated,inner_val,44b6_d29c9ab2,0.0,16.0,90.0,91.0,0.8125
5.0,Learned_UNet_N0,seq_inner_val_44b6_t90_p05_isolated,inner_val,44b6_d29c9ab2,1.0,18.0,90.0,91.0,3.374565944310468
5.0,Learned_UNet_N0,seq_inner_val_44b6_t90_p05_isolated,inner_val,44b6_d29c9ab2,2.0,17.0,90.0,91.0,0.8125
5.0,Learned_UNet_N0,seq_inner_val_44b6_t90_p05_isolated,inner_val,44b6_d29c9ab2,4.0,20.0,90.0,91.0,0.9084026158592896
5.0,Learned_UNet_N0,seq_inner_val_44b6_t90_p05_isolated,inner_val,44b6_d29c9ab2,6.0,24.0,90.0,91.0,0.40625
5.0,Learned_UNet_N0,seq_inner_val_44b6_t90_p05_isolated,inner_val,44b6_d29c9ab2,7.0,22.0,90.0,91.0,3.72334275215162
5.0,Learned_UNet_N0,seq_inner_val_44b6_t90_p05_isolated,inner_val,44b6_d29c9ab2,8.0,23.0,90.0,91.0,3.832554834897995
5.0,Learned_UNet_N0,seq_inner_val_44b6_t90_p05_isolated,inner_val,44b6_d29c9ab2,9.0,25.0,90.0,91.0,0.40625
5.0,Learned_UNet_N0,seq_inner_val_44b6_t90_p05_isolated,inner_val,44b6_d29c9ab2,11.0,26.0,90.0,91.0,0.9084026158592896
5.0,Learned_UNet_N0,seq_inner_val_44b6_t90_p05_isolated,inner_val,44b6_d29c9ab2,14.0,29.0,90.0,91.0,0.0
5.0,Learned_UNet_N0,seq_inner_val_44b6_t90_p05_isolated,inner_val,44b6_d29c9ab2,15.0,30.0,90.0,91.0,2.03125
5.0,Learned_UNet_N0,seq_inner_val_44b6_t90_p05_isolated,inner_val,44b6_d29c9ab2,16.0,33.0,91.0,92.0,0.0
5.0,Learned_UNet_N0,seq_inner_val_44b6_t90_p05_isolated,inner_val,44b6_d29c9ab2,17.0,34.0,91.0,92.0,3.374565944310468
5.0,Learned_UNet_N0,seq_inner_val_44b6_t90_p05_isolated,inner_val,44b6_d29c9ab2,18.0,32.0,91.0,92.0,0.0
5.0,Learned_UNet_N0,seq_inner_val_44b6_t90_p05_isolated,inner_val,44b6_d29c9ab2,19.0,38.0,91.0,92.0,1.284675299443404
5.0,Learned_UNet_N0,seq_inner_val_44b6_t90_p05_isolated,inner_val,44b6_d29c9ab2,20.0,35.0,91.0,92.0,0.40625
5.0,Learned_UNet_N0,seq_inner_val_44b6_t90_p05_isolated,inner_val,44b6_d29c9ab2,21.0,36.0,91.0,92.0,1.625
5.0,Learned_UNet_N0,seq_inner_val_44b6_t90_p05_isolated,inner_val,44b6_d29c9ab2,22.0,39.0,91.0,92.0,3.350023320814349
5.0,Learned_UNet_N0,seq_inner_val_44b6_t90_p05_isolated,inner_val,44b6_d29c9ab2,23.0,40.0,91.0,92.0,0.9084026158592896
5.0,Learned_UNet_N0,seq_inner_val_44b6_t90_p05_isolated,inner_val,44b6_d29c9ab2,24.0,37.0,91.0,92.0,0.8125
5.0,Learned_UNet_N0,seq_inner_val_44b6_t90_p05_isolated,inner_val,44b6_d29c9ab2,25.0,43.0,91.0,92.0,1.284675299443404
5.0,Learned_UNet_N0,seq_inner_val_44b6_t90_p05_isolated,inner_val,44b6_d29c9ab2,26.0,44.0,91.0,92.0,4.5420130792964475
5.0,Learned_UNet_N0,seq_inner_val_44b6_t90_p05_isolated,inner_val,44b6_d29c9ab2,27.0,47.0,91.0,92.0,0.5745242597140698
5.0,Learned_UNet_N0,seq_inner_val_44b6_t90_p05_isolated,inner_val,44b6_d29c9ab2,28.0,45.0,91.0,92.0,1.284675299443404
5.0,Learned_UNet_N0,seq_inner_val_44b6_t90_p05_isolated,inner_val,44b6_d29c9ab2,29.0,48.0,91.0,92.0,1.8168052317185792
5.0,Learned_UNet_N0,seq_inner_val_44b6_t90_p05_isolated,inner_val,44b6_d29c9ab2,30.0,49.0,91.0,92.0,1.6750116604071745
5.0,Learned_UNet_N0,seq_inner_val_44b6_t90_p05_isolated,inner_val,44b6_d29c9ab2,31.0,50.0,91.0,92.0,0.5745242597140698
5.0,Learned_UNet_N0,seq_inner_val_44b6_t90_p05_isolated,inner_val,44b6_d29c9ab2,32.0,54.0,92.0,93.0,0.8125
5.0,Learned_UNet_N0,seq_inner_val_44b6_t90_p05_isolated,inner_val,44b6_d29c9ab2,33.0,52.0,92.0,93.0,1.1490485194281397
5.0,Learned_UNet_N0,seq_inner_val_44b6_t90_p05_isolated,inner_val,44b6_d29c9ab2,34.0,51.0,92.0,93.0,1.1490485194281397
5.0,Learned_UNet_N0,seq_inner_val_44b6_t90_p05_isolated,inner_val,44b6_d29c9ab2,35.0,53.0,92.0,93.0,0.40625
5.0,Learned_UNet_N0,seq_inner_val_44b6_t90_p05_isolated,inner_val,44b6_d29c9ab2,36.0,60.0,92.0,93.0,3.300390601883359
5.0,Learned_UNet_N0,seq_inner_val_44b6_t90_p05_isolated,inner_val,44b6_d29c9ab2,37.0,56.0,92.0,93.0,0.9084026158592896
5.0,Learned_UNet_N0,seq_inner_val_44b6_t90_p05_isolated,inner_val,44b6_d29c9ab2,38.0,58.0,92.0,93.0,0.40625
5.0,Learned_UNet_N0,seq_inner_val_44b6_t90_p05_isolated,inner_val,44b6_d29c9ab2,39.0,55.0,92.0,93.0,0.0
5.0,Learned_UNet_N0,seq_inner_val_44b6_t90_p05_isolated,inner_val,44b6_d29c9ab2,40.0,64.0,92.0,93.0,2.1877232028983924
5.0,Learned_UNet_N0,seq_inner_val_44b6_t90_p05_isolated,inner_val,44b6_d29c9ab2,41.0,57.0,92.0,93.0,1.6750116604071745
5.0,Learned_UNet_N0,seq_inner_val_44b6_t90_p05_isolated,inner_val,44b6_d29c9ab2,42.0,62.0,92.0,93.0,3.25
5.0,Learned_UNet_N0,seq_inner_val_44b6_t90_p05_isolated,inner_val,44b6_d29c9ab2,43.0,63.0,92.0,93.0,3.300390601883359
5.0,Learned_UNet_N0,seq_inner_val_44b6_t90_p05_isolated,inner_val,44b6_d29c9ab2,44.0,65.0,92.0,93.0,0.40625
5.0,Learned_UNet_N0,seq_inner_val_44b6_t90_p05_isolated,inner_val,44b6_d29c9ab2,45.0,59.0,92.0,93.0,4.1429533547941375
5.0,Learned_UNet_N0,seq_inner_val_44b6_t90_p05_isolated,inner_val,44b6_d29c9ab2,47.0,67.0,92.0,93.0,0.9084026158592896
5.0,Learned_UNet_N0,seq_inner_val_44b6_t90_p05_isolated,inner_val,44b6_d29c9ab2,48.0,66.0,92.0,93.0,0.8125
5.0,Learned_UNet_N0,seq_inner_val_44b6_t90_p05_isolated,inner_val,44b6_d29c9ab2,49.0,69.0,92.0,93.0,0.8125
5.0,Learned_UNet_N0,seq_inner_val_44b6_t90_p05_isolated,inner_val,44b6_d29c9ab2,50.0,68.0,92.0,93.0,0.8125
5.0,Learned_UNet_N0,seq_inner_val_44b6_t90_p05_isolated,inner_val,44b6_d29c9ab2,51.0,71.0,93.0,94.0,0.8125
5.0,Learned_UNet_N0,seq_inner_val_44b6_t90_p05_isolated,inner_val,44b6_d29c9ab2,52.0,74.0,93.0,94.0,3.6336104634371584
5.0,Learned_UNet_N0,seq_inner_val_44b6_t90_p05_isolated,inner_val,44b6_d29c9ab2,53.0,72.0,93.0,94.0,0.40625
5.0,Learned_UNet_N0,seq_inner_val_44b6_t90_p05_isolated,inner_val,44b6_d29c9ab2,54.0,70.0,93.0,94.0,0.5745242597140698
5.0,Learned_UNet_N0,seq_inner_val_44b6_t90_p05_isolated,inner_val,44b6_d29c9ab2,55.0,75.0,93.0,94.0,1.1490485194281397
5.0,Learned_UNet_N0,seq_inner_val_44b6_t90_p05_isolated,inner_val,44b6_d29c9ab2,56.0,73.0,93.0,94.0,0.5745242597140698
5.0,Learned_UNet_N0,seq_inner_val_44b6_t90_p05_isolated,inner_val,44b6_d29c9ab2,57.0,78.0,93.0,94.0,1.625
5.0,Learned_UNet_N0,seq_inner_val_44b6_t90_p05_isolated,inner_val,44b6_d29c9ab2,59.0,83.0,93.0,94.0,1.8168052317185792
5.0,Learned_UNet_N0,seq_inner_val_44b6_t90_p05_isolated,inner_val,44b6_d29c9ab2,60.0,81.0,93.0,94.0,0.5745242597140698
5.0,Learned_UNet_N0,seq_inner_val_44b6_t90_p05_isolated,inner_val,44b6_d29c9ab2,61.0,77.0,93.0,94.0,4.1429533547941375
5.0,Learned_UNet_N0,seq_inner_val_44b6_t90_p05_isolated,inner_val,44b6_d29c9ab2,62.0,80.0,93.0,94.0,0.0
5.0,Learned_UNet_N0,seq_inner_val_44b6_t90_p05_isolated,inner_val,44b6_d29c9ab2,63.0,82.0,93.0,94.0,1.1490485194281397
5.0,Learned_UNet_N0,seq_inner_val_44b6_t90_p05_isolated,inner_val,44b6_d29c9ab2,65.0,84.0,93.0,94.0,0.8125
5.0,Learned_UNet_N0,seq_inner_val_44b6_t90_p05_isolated,inner_val,44b6_d29c9ab2,66.0,85.0,93.0,94.0,1.8168052317185792
5.0,Learned_UNet_N0,seq_inner_val_44b6_t90_p05_isolated,inner_val,44b6_d29c9ab2,69.0,89.0,93.0,94.0,0.8125
5.0,Learned_UNet_N0,seq_inner_val_44b6_t75_p06_isolated,inner_val,44b6_d29c9ab2,0.0,25.0,75.0,76.0,0.5745242597140698
5.0,Learned_UNet_N0,seq_inner_val_44b6_t75_p06_isolated,inner_val,44b6_d29c9ab2,1.0,27.0,75.0,76.0,3.350023320814349
5.0,Learned_UNet_N0,seq_inner_val_44b6_t75_p06_isolated,inner_val,44b6_d29c9ab2,2.0,38.0,75.0,76.0,3.374565944310468
5.0,Learned_UNet_N0,seq_inner_val_44b6_t75_p06_isolated,inner_val,44b6_d29c9ab2,3.0,30.0,75.0,76.0,2.569350598886808
5.0,Learned_UNet_N0,seq_inner_val_44b6_t75_p06_isolated,inner_val,44b6_d29c9ab2,4.0,29.0,75.0,76.0,3.471001521535247
5.0,Learned_UNet_N0,seq_inner_val_44b6_t75_p06_isolated,inner_val,44b6_d29c9ab2,5.0,26.0,75.0,76.0,0.5745242597140698
5.0,Learned_UNet_N0,seq_inner_val_44b6_t75_p06_isolated,inner_val,44b6_d29c9ab2,7.0,32.0,75.0,76.0,3.350023320814349
5.0,Learned_UNet_N0,seq_inner_val_44b6_t75_p06_isolated,inner_val,44b6_d29c9ab2,8.0,36.0,75.0,76.0,2.03125
5.0,Learned_UNet_N0,seq_inner_val_44b6_t75_p06_isolated,inner_val,44b6_d29c9ab2,10.0,45.0,75.0,76.0,3.374565944310468
5.0,Learned_UNet_N0,seq_inner_val_44b6_t75_p06_isolated,inner_val,44b6_d29c9ab2,11.0,42.0,75.0,76.0,3.832554834897995
5.0,Learned_UNet_N0,seq_inner_val_44b6_t75_p06_isolated,inner_val,44b6_d29c9ab2,12.0,31.0,75.0,76.0,3.494694639736067
5.0,Learned_UNet_N0,seq_inner_val_44b6_t75_p06_isolated,inner_val,44b6_d29c9ab2,13.0,37.0,75.0,76.0,3.2752922102462856
5.0,Learned_UNet_N0,seq_inner_val_44b6_t75_p06_isolated,inner_val,44b6_d29c9ab2,14.0,28.0,75.0,76.0,3.300390601883359
5.0,Learned_UNet_N0,seq_inner_val_44b6_t75_p06_isolated,inner_val,44b6_d29c9ab2,15.0,46.0,75.0,76.0,2.0714766773970688
5.0,Learned_UNet_N0,seq_inner_val_44b6_t75_p06_isolated,inner_val,44b6_d29c9ab2,16.0,33.0,75.0,76.0,0.8125
5.0,Learned_UNet_N0,seq_inner_val_44b6_t75_p06_isolated,inner_val,44b6_d29c9ab2,18.0,43.0,75.0,76.0,3.374565944310468
5.0,Learned_UNet_N0,seq_inner_val_44b6_t75_p06_isolated,inner_val,44b6_d29c9ab2,20.0,40.0,75.0,76.0,3.72334275215162
5.0,Learned_UNet_N0,seq_inner_val_44b6_t75_p06_isolated,inner_val,44b6_d29c9ab2,21.0,44.0,75.0,76.0,3.8540258983302125
5.0,Learned_UNet_N0,seq_inner_val_44b6_t75_p06_isolated,inner_val,44b6_d29c9ab2,22.0,47.0,75.0,76.0,1.1490485194281397
5.0,Learned_UNet_N0,seq_inner_val_44b6_t75_p06_isolated,inner_val,44b6_d29c9ab2,23.0,41.0,75.0,76.0,1.7235727791422095
5.0,Learned_UNet_N0,seq_inner_val_44b6_t75_p06_isolated,inner_val,44b6_d29c9ab2,24.0,39.0,75.0,76.0,0.9084026158592896
5.0,Learned_UNet_N0,seq_inner_val_44b6_t75_p06_isolated,inner_val,44b6_d29c9ab2,25.0,49.0,76.0,77.0,3.447145558284419
5.0,Learned_UNet_N0,seq_inner_val_44b6_t75_p06_isolated,inner_val,44b6_d29c9ab2,26.0,51.0,76.0,77.0,0.9084026158592896
5.0,Learned_UNet_N0,seq_inner_val_44b6_t75_p06_isolated,inner_val,44b6_d29c9ab2,27.0,50.0,76.0,77.0,0.5745242597140698
5.0,Learned_UNet_N0,seq_inner_val_44b6_t75_p06_isolated,inner_val,44b6_d29c9ab2,28.0,56.0,76.0,77.0,0.5745242597140698
5.0,Learned_UNet_N0,seq_inner_val_44b6_t75_p06_isolated,inner_val,44b6_d29c9ab2,29.0,52.0,76.0,77.0,0.9084026158592896
5.0,Learned_UNet_N0,seq_inner_val_44b6_t75_p06_isolated,inner_val,44b6_d29c9ab2,31.0,63.0,76.0,77.0,0.9084026158592896
5.0,Learned_UNet_N0,seq_inner_val_44b6_t75_p06_isolated,inner_val,44b6_d29c9ab2,32.0,54.0,76.0,77.0,0.40625
5.0,Learned_UNet_N0,seq_inner_val_44b6_t75_p06_isolated,inner_val,44b6_d29c9ab2,35.0,60.0,76.0,77.0,1.7235727791422095
5.0,Learned_UNet_N0,seq_inner_val_44b6_t75_p06_isolated,inner_val,44b6_d29c9ab2,37.0,64.0,76.0,77.0,0.5745242597140698
5.0,Learned_UNet_N0,seq_inner_val_44b6_t75_p06_isolated,inner_val,44b6_d29c9ab2,38.0,65.0,76.0,77.0,1.284675299443404
5.0,Learned_UNet_N0,seq_inner_val_44b6_t75_p06_isolated,inner_val,44b6_d29c9ab2,40.0,61.0,76.0,77.0,3.300390601883359
5.0,Learned_UNet_N0,seq_inner_val_44b6_t75_p06_isolated,inner_val,44b6_d29c9ab2,41.0,59.0,76.0,77.0,1.284675299443404
5.0,Learned_UNet_N0,seq_inner_val_44b6_t75_p06_isolated,inner_val,44b6_d29c9ab2,42.0,69.0,76.0,77.0,0.40625
5.0,Learned_UNet_N0,seq_inner_val_44b6_t75_p06_isolated,inner_val,44b6_d29c9ab2,43.0,67.0,76.0,77.0,0.40625
5.0,Learned_UNet_N0,seq_inner_val_44b6_t75_p06_isolated,inner_val,44b6_d29c9ab2,44.0,66.0,76.0,77.0,0.9084026158592896
5.0,Learned_UNet_N0,seq_inner_val_44b6_t75_p06_isolated,inner_val,44b6_d29c9ab2,46.0,70.0,76.0,77.0,0.5745242597140698
5.0,Learned_UNet_N0,seq_inner_val_44b6_t75_p06_isolated,inner_val,44b6_d29c9ab2,47.0,68.0,76.0,77.0,2.632800908728193
5.0,Learned_UNet_N0,seq_inner_val_44b6_t75_p06_isolated,inner_val,44b6_d29c9ab2,49.0,73.0,77.0,78.0,0.8125
5.0,Learned_UNet_N0,seq_inner_val_44b6_t75_p06_isolated,inner_val,44b6_d29c9ab2,51.0,79.0,77.0,78.0,0.5745242597140698
5.0,Learned_UNet_N0,seq_inner_val_44b6_t75_p06_isolated,inner_val,44b6_d29c9ab2,52.0,77.0,77.0,78.0,0.40625
5.0,Learned_UNet_N0,seq_inner_val_44b6_t75_p06_isolated,inner_val,44b6_d29c9ab2,53.0,80.0,77.0,78.0,1.8168052317185792
5.0,Learned_UNet_N0,seq_inner_val_44b6_t75_p06_isolated,inner_val,44b6_d29c9ab2,54.0,75.0,77.0,78.0,0.0
5.0,Learned_UNet_N0,seq_inner_val_44b6_t75_p06_isolated,inner_val,44b6_d29c9ab2,55.0,82.0,77.0,78.0,0.40625
5.0,Learned_UNet_N0,seq_inner_val_44b6_t75_p06_isolated,inner_val,44b6_d29c9ab2,56.0,81.0,77.0,78.0,0.8125
5.0,Learned_UNet_N0,seq_inner_val_44b6_t75_p06_isolated,inner_val,44b6_d29c9ab2,57.0,87.0,77.0,78.0,3.832554834897995
5.0,Learned_UNet_N0,seq_inner_val_44b6_t75_p06_isolated,inner_val,44b6_d29c9ab2,58.0,76.0,77.0,78.0,1.6750116604071745
5.0,Learned_UNet_N0,seq_inner_val_44b6_t75_p06_isolated,inner_val,44b6_d29c9ab2,59.0,78.0,77.0,78.0,0.5745242597140698
5.0,Learned_UNet_N0,seq_inner_val_44b6_t75_p06_isolated,inner_val,44b6_d29c9ab2,60.0,88.0,77.0,78.0,1.6750116604071745
5.0,Learned_UNet_N0,seq_inner_val_44b6_t75_p06_isolated,inner_val,44b6_d29c9ab2,63.0,84.0,77.0,78.0,0.8125
5.0,Learned_UNet_N0,seq_inner_val_44b6_t75_p06_isolated,inner_val,44b6_d29c9ab2,64.0,95.0,77.0,78.0,0.40625
5.0,Learned_UNet_N0,seq_inner_val_44b6_t75_p06_isolated,inner_val,44b6_d29c9ab2,65.0,85.0,77.0,78.0,1.284675299443404
5.0,Learned_UNet_N0,seq_inner_val_44b6_t75_p06_isolated,inner_val,44b6_d29c9ab2,67.0,92.0,77.0,78.0,1.6750116604071745
5.0,Learned_UNet_N0,seq_inner_val_44b6_t75_p06_isolated,inner_val,44b6_d29c9ab2,68.0,94.0,77.0,78.0,0.8125
5.0,Learned_UNet_N0,seq_inner_val_44b6_t75_p06_isolated,inner_val,44b6_d29c9ab2,69.0,90.0,77.0,78.0,0.40625
5.0,Learned_UNet_N0,seq_inner_val_44b6_t75_p06_isolated,inner_val,44b6_d29c9ab2,73.0,96.0,78.0,79.0,3.25
5.0,Learned_UNet_N0,seq_inner_val_44b6_t75_p06_isolated,inner_val,44b6_d29c9ab2,74.0,97.0,78.0,79.0,0.8125
5.0,Learned_UNet_N0,seq_inner_val_44b6_t75_p06_isolated,inner_val,44b6_d29c9ab2,75.0,98.0,78.0,79.0,0.0
5.0,Learned_UNet_N0,seq_inner_val_44b6_t75_p06_isolated,inner_val,44b6_d29c9ab2,76.0,100.0,78.0,79.0,0.9084026158592896
5.0,Learned_UNet_N0,seq_inner_val_44b6_t75_p06_isolated,inner_val,44b6_d29c9ab2,77.0,101.0,78.0,79.0,1.21875
5.0,Learned_UNet_N0,seq_inner_val_44b6_t75_p06_isolated,inner_val,44b6_d29c9ab2,78.0,108.0,78.0,79.0,0.40625
5.0,Learned_UNet_N0,seq_inner_val_44b6_t75_p06_isolated,inner_val,44b6_d29c9ab2,79.0,99.0,78.0,79.0,0.5745242597140698
5.0,Learned_UNet_N0,seq_inner_val_44b6_t75_p06_isolated,inner_val,44b6_d29c9ab2,80.0,106.0,78.0,79.0,3.447145558284419
5.0,Learned_UNet_N0,seq_inner_val_44b6_t75_p06_isolated,inner_val,44b6_d29c9ab2,81.0,102.0,78.0,79.0,1.1490485194281397
5.0,Learned_UNet_N0,seq_inner_val_44b6_t75_p06_isolated,inner_val,44b6_d29c9ab2,82.0,115.0,78.0,79.0,0.5745242597140698
5.0,Learned_UNet_N0,seq_inner_val_44b6_t75_p06_isolated,inner_val,44b6_d29c9ab2,83.0,103.0,78.0,79.0,0.0
5.0,Learned_UNet_N0,seq_inner_val_44b6_t75_p06_isolated,inner_val,44b6_d29c9ab2,84.0,104.0,78.0,79.0,0.8125
5.0,Learned_UNet_N0,seq_inner_val_44b6_t75_p06_isolated,inner_val,44b6_d29c9ab2,85.0,109.0,78.0,79.0,0.5745242597140698
5.0,Learned_UNet_N0,seq_inner_val_44b6_t75_p06_isolated,inner_val,44b6_d29c9ab2,86.0,110.0,78.0,79.0,3.447145558284419
5.0,Learned_UNet_N0,seq_inner_val_44b6_t75_p06_isolated,inner_val,44b6_d29c9ab2,87.0,111.0,78.0,79.0,1.8168052317185792
5.0,Learned_UNet_N0,seq_inner_val_44b6_t75_p06_isolated,inner_val,44b6_d29c9ab2,89.0,107.0,78.0,79.0,0.8125
5.0,Learned_UNet_N0,seq_inner_val_44b6_t75_p06_isolated,inner_val,44b6_d29c9ab2,90.0,105.0,78.0,79.0,1.284675299443404
5.0,Learned_UNet_N0,seq_inner_val_44b6_t75_p06_isolated,inner_val,44b6_d29c9ab2,91.0,113.0,78.0,79.0,0.8125
5.0,Learned_UNet_N0,seq_inner_val_44b6_t75_p06_isolated,inner_val,44b6_d29c9ab2,92.0,112.0,78.0,79.0,0.5745242597140698
5.0,Learned_UNet_N0,seq_inner_val_44b6_t75_p06_isolated,inner_val,44b6_d29c9ab2,93.0,116.0,78.0,79.0,2.1877232028983924
5.0,Learned_UNet_N0,seq_inner_val_44b6_t75_p06_isolated,inner_val,44b6_d29c9ab2,94.0,114.0,78.0,79.0,0.0
5.0,Learned_UNet_N0,seq_inner_val_44b6_t70_p07_isolated,inner_val,44b6_d29c9ab2,0.0,18.0,70.0,71.0,1.1490485194281397
5.0,Learned_UNet_N0,seq_inner_val_44b6_t70_p07_isolated,inner_val,44b6_d29c9ab2,1.0,19.0,70.0,71.0,0.8125
5.0,Learned_UNet_N0,seq_inner_val_44b6_t70_p07_isolated,inner_val,44b6_d29c9ab2,2.0,21.0,70.0,71.0,3.494694639736067
5.0,Learned_UNet_N0,seq_inner_val_44b6_t70_p07_isolated,inner_val,44b6_d29c9ab2,3.0,26.0,70.0,71.0,3.5648292823780494
5.0,Learned_UNet_N0,seq_inner_val_44b6_t70_p07_isolated,inner_val,44b6_d29c9ab2,4.0,20.0,70.0,71.0,3.72334275215162
5.0,Learned_UNet_N0,seq_inner_val_44b6_t70_p07_isolated,inner_val,44b6_d29c9ab2,5.0,23.0,70.0,71.0,0.9084026158592896
5.0,Learned_UNet_N0,seq_inner_val_44b6_t70_p07_isolated,inner_val,44b6_d29c9ab2,6.0,25.0,70.0,71.0,4.1429533547941375
5.0,Learned_UNet_N0,seq_inner_val_44b6_t70_p07_isolated,inner_val,44b6_d29c9ab2,7.0,22.0,70.0,71.0,0.8125
5.0,Learned_UNet_N0,seq_inner_val_44b6_t70_p07_isolated,inner_val,44b6_d29c9ab2,8.0,24.0,70.0,71.0,1.21875
5.0,Learned_UNet_N0,seq_inner_val_44b6_t70_p07_isolated,inner_val,44b6_d29c9ab2,9.0,27.0,70.0,71.0,3.6336104634371584
5.0,Learned_UNet_N0,seq_inner_val_44b6_t70_p07_isolated,inner_val,44b6_d29c9ab2,14.0,30.0,70.0,71.0,0.5745242597140698
5.0,Learned_UNet_N0,seq_inner_val_44b6_t70_p07_isolated,inner_val,44b6_d29c9ab2,17.0,35.0,70.0,71.0,0.0
5.0,Learned_UNet_N0,seq_inner_val_44b6_t70_p07_isolated,inner_val,44b6_d29c9ab2,18.0,36.0,71.0,72.0,3.72334275215162
5.0,Learned_UNet_N0,seq_inner_val_44b6_t70_p07_isolated,inner_val,44b6_d29c9ab2,19.0,39.0,71.0,72.0,1.1490485194281397
5.0,Learned_UNet_N0,seq_inner_val_44b6_t70_p07_isolated,inner_val,44b6_d29c9ab2,20.0,38.0,71.0,72.0,1.284675299443404
5.0,Learned_UNet_N0,seq_inner_val_44b6_t70_p07_isolated,inner_val,44b6_d29c9ab2,21.0,37.0,71.0,72.0,0.5745242597140698
5.0,Learned_UNet_N0,seq_inner_val_44b6_t70_p07_isolated,inner_val,44b6_d29c9ab2,22.0,43.0,71.0,72.0,0.8125
5.0,Learned_UNet_N0,seq_inner_val_44b6_t70_p07_isolated,inner_val,44b6_d29c9ab2,23.0,40.0,71.0,72.0,3.72334275215162
5.0,Learned_UNet_N0,seq_inner_val_44b6_t70_p07_isolated,inner_val,44b6_d29c9ab2,24.0,41.0,71.0,72.0,0.40625
5.0,Learned_UNet_N0,seq_inner_val_44b6_t70_p07_isolated,inner_val,44b6_d29c9ab2,26.0,42.0,71.0,72.0,1.284675299443404
5.0,Learned_UNet_N0,seq_inner_val_44b6_t70_p07_isolated,inner_val,44b6_d29c9ab2,27.0,45.0,71.0,72.0,0.0
5.0,Learned_UNet_N0,seq_inner_val_44b6_t70_p07_isolated,inner_val,44b6_d29c9ab2,28.0,44.0,71.0,72.0,1.1490485194281397
5.0,Learned_UNet_N0,seq_inner_val_44b6_t70_p07_isolated,inner_val,44b6_d29c9ab2,29.0,47.0,71.0,72.0,0.0
5.0,Learned_UNet_N0,seq_inner_val_44b6_t70_p07_isolated,inner_val,44b6_d29c9ab2,30.0,48.0,71.0,72.0,1.9902104160113323
5.0,Learned_UNet_N0,seq_inner_val_44b6_t70_p07_isolated,inner_val,44b6_d29c9ab2,32.0,49.0,71.0,72.0,1.8168052317185792
5.0,Learned_UNet_N0,seq_inner_val_44b6_t70_p07_isolated,inner_val,44b6_d29c9ab2,34.0,50.0,71.0,72.0,0.9084026158592896
5.0,Learned_UNet_N0,seq_inner_val_44b6_t70_p07_isolated,inner_val,44b6_d29c9ab2,36.0,51.0,72.0,73.0,0.5745242597140698
5.0,Learned_UNet_N0,seq_inner_val_44b6_t70_p07_isolated,inner_val,44b6_d29c9ab2,37.0,54.0,72.0,73.0,0.5745242597140698
5.0,Learned_UNet_N0,seq_inner_val_44b6_t70_p07_isolated,inner_val,44b6_d29c9ab2,40.0,56.0,72.0,73.0,0.5745242597140698
5.0,Learned_UNet_N0,seq_inner_val_44b6_t70_p07_isolated,inner_val,44b6_d29c9ab2,41.0,57.0,72.0,73.0,0.9084026158592896
5.0,Learned_UNet_N0,seq_inner_val_44b6_t70_p07_isolated,inner_val,44b6_d29c9ab2,42.0,55.0,72.0,73.0,0.9084026158592896
5.0,Learned_UNet_N0,seq_inner_val_44b6_t70_p07_isolated,inner_val,44b6_d29c9ab2,43.0,58.0,72.0,73.0,3.72334275215162
5.0,Learned_UNet_N0,seq_inner_val_44b6_t70_p07_isolated,inner_val,44b6_d29c9ab2,44.0,59.0,72.0,73.0,0.8125
5.0,Learned_UNet_N0,seq_inner_val_44b6_t70_p07_isolated,inner_val,44b6_d29c9ab2,45.0,60.0,72.0,73.0,3.65625
5.0,Learned_UNet_N0,seq_inner_val_44b6_t70_p07_isolated,inner_val,44b6_d29c9ab2,47.0,62.0,72.0,73.0,3.2752922102462856
5.0,Learned_UNet_N0,seq_inner_val_44b6_t70_p07_isolated,inner_val,44b6_d29c9ab2,49.0,63.0,72.0,73.0,2.2980970388562794
5.0,Learned_UNet_N0,seq_inner_val_44b6_t70_p07_isolated,inner_val,44b6_d29c9ab2,50.0,64.0,72.0,73.0,2.0714766773970688
5.0,Learned_UNet_N0,seq_inner_val_44b6_t70_p07_isolated,inner_val,44b6_d29c9ab2,51.0,67.0,73.0,74.0,2.0714766773970688
5.0,Learned_UNet_N0,seq_inner_val_44b6_t70_p07_isolated,inner_val,44b6_d29c9ab2,52.0,68.0,73.0,74.0,0.9084026158592896
5.0,Learned_UNet_N0,seq_inner_val_44b6_t70_p07_isolated,inner_val,44b6_d29c9ab2,53.0,69.0,73.0,74.0,0.9084026158592896
5.0,Learned_UNet_N0,seq_inner_val_44b6_t70_p07_isolated,inner_val,44b6_d29c9ab2,54.0,70.0,73.0,74.0,0.8125
5.0,Learned_UNet_N0,seq_inner_val_44b6_t70_p07_isolated,inner_val,44b6_d29c9ab2,55.0,73.0,73.0,74.0,2.03125
5.0,Learned_UNet_N0,seq_inner_val_44b6_t70_p07_isolated,inner_val,44b6_d29c9ab2,56.0,75.0,73.0,74.0,2.1877232028983924
5.0,Learned_UNet_N0,seq_inner_val_44b6_t70_p07_isolated,inner_val,44b6_d29c9ab2,57.0,72.0,73.0,74.0,2.1877232028983924
5.0,Learned_UNet_N0,seq_inner_val_44b6_t70_p07_isolated,inner_val,44b6_d29c9ab2,58.0,74.0,73.0,74.0,0.8125
5.0,Learned_UNet_N0,seq_inner_val_44b6_t70_p07_isolated,inner_val,44b6_d29c9ab2,59.0,76.0,73.0,74.0,3.6336104634371584
5.0,Learned_UNet_N0,seq_inner_val_44b6_t70_p07_isolated,inner_val,44b6_d29c9ab2,61.0,71.0,73.0,74.0,0.40625
5.0,Learned_UNet_N0,seq_inner_val_44b6_t70_p07_isolated,inner_val,44b6_d29c9ab2,62.0,77.0,73.0,74.0,0.40625
5.0,Learned_UNet_N0,seq_inner_val_44b6_t70_p07_isolated,inner_val,44b6_d29c9ab2,66.0,81.0,73.0,74.0,1.21875
5.0,Learned_UNet_N0,seq_inner_val_44b6_t70_p08_boundary,inner_val,44b6_d29c9ab2,0.0,25.0,70.0,71.0,0.8125
5.0,Learned_UNet_N0,seq_inner_val_44b6_t70_p08_boundary,inner_val,44b6_d29c9ab2,1.0,39.0,70.0,71.0,0.9084026158592896
5.0,Learned_UNet_N0,seq_inner_val_44b6_t70_p08_boundary,inner_val,44b6_d29c9ab2,2.0,32.0,70.0,71.0,0.9084026158592896
5.0,Learned_UNet_N0,seq_inner_val_44b6_t70_p08_boundary,inner_val,44b6_d29c9ab2,3.0,23.0,70.0,71.0,0.9084026158592896
5.0,Learned_UNet_N0,seq_inner_val_44b6_t70_p08_boundary,inner_val,44b6_d29c9ab2,5.0,26.0,70.0,71.0,1.4647552056572457
5.0,Learned_UNet_N0,seq_inner_val_44b6_t70_p08_boundary,inner_val,44b6_d29c9ab2,6.0,27.0,70.0,71.0,3.374565944310468
5.0,Learned_UNet_N0,seq_inner_val_44b6_t70_p08_boundary,inner_val,44b6_d29c9ab2,8.0,24.0,70.0,71.0,0.9084026158592896
5.0,Learned_UNet_N0,seq_inner_val_44b6_t70_p08_boundary,inner_val,44b6_d29c9ab2,9.0,38.0,70.0,71.0,0.40625
5.0,Learned_UNet_N0,seq_inner_val_44b6_t70_p08_boundary,inner_val,44b6_d29c9ab2,10.0,37.0,70.0,71.0,3.25
5.0,Learned_UNet_N0,seq_inner_val_44b6_t70_p08_boundary,inner_val,44b6_d29c9ab2,11.0,29.0,70.0,71.0,1.1490485194281397
5.0,Learned_UNet_N0,seq_inner_val_44b6_t70_p08_boundary,inner_val,44b6_d29c9ab2,12.0,31.0,70.0,71.0,3.350023320814349
5.0,Learned_UNet_N0,seq_inner_val_44b6_t70_p08_boundary,inner_val,44b6_d29c9ab2,13.0,36.0,70.0,71.0,0.5745242597140698
5.0,Learned_UNet_N0,seq_inner_val_44b6_t70_p08_boundary,inner_val,44b6_d29c9ab2,14.0,35.0,70.0,71.0,2.368824207280903
5.0,Learned_UNet_N0,seq_inner_val_44b6_t70_p08_boundary,inner_val,44b6_d29c9ab2,15.0,41.0,70.0,71.0,0.0
5.0,Learned_UNet_N0,seq_inner_val_44b6_t70_p08_boundary,inner_val,44b6_d29c9ab2,16.0,40.0,70.0,71.0,0.40625
5.0,Learned_UNet_N0,seq_inner_val_44b6_t70_p08_boundary,inner_val,44b6_d29c9ab2,18.0,33.0,70.0,71.0,0.5745242597140698
5.0,Learned_UNet_N0,seq_inner_val_44b6_t70_p08_boundary,inner_val,44b6_d29c9ab2,20.0,42.0,70.0,71.0,2.6012692214570947
5.0,Learned_UNet_N0,seq_inner_val_44b6_t70_p08_boundary,inner_val,44b6_d29c9ab2,21.0,28.0,70.0,71.0,1.8168052317185792
5.0,Learned_UNet_N0,seq_inner_val_44b6_t70_p08_boundary,inner_val,44b6_d29c9ab2,22.0,44.0,70.0,71.0,1.7235727791422095
5.0,Learned_UNet_N0,seq_inner_val_44b6_t70_p08_boundary,inner_val,44b6_d29c9ab2,23.0,47.0,71.0,72.0,1.21875
5.0,Learned_UNet_N0,seq_inner_val_44b6_t70_p08_boundary,inner_val,44b6_d29c9ab2,24.0,50.0,71.0,72.0,0.9084026158592896
5.0,Learned_UNet_N0,seq_inner_val_44b6_t70_p08_boundary,inner_val,44b6_d29c9ab2,25.0,46.0,71.0,72.0,0.9084026158592896
5.0,Learned_UNet_N0,seq_inner_val_44b6_t70_p08_boundary,inner_val,44b6_d29c9ab2,26.0,51.0,71.0,72.0,1.284675299443404
5.0,Learned_UNet_N0,seq_inner_val_44b6_t70_p08_boundary,inner_val,44b6_d29c9ab2,27.0,49.0,71.0,72.0,1.4647552056572457
5.0,Learned_UNet_N0,seq_inner_val_44b6_t70_p08_boundary,inner_val,44b6_d29c9ab2,28.0,68.0,71.0,72.0,4.0010984819796676
5.0,Learned_UNet_N0,seq_inner_val_44b6_t70_p08_boundary,inner_val,44b6_d29c9ab2,29.0,54.0,71.0,72.0,0.0
5.0,Learned_UNet_N0,seq_inner_val_44b6_t70_p08_boundary,inner_val,44b6_d29c9ab2,30.0,55.0,71.0,72.0,3.9804208320226646
5.0,Learned_UNet_N0,seq_inner_val_44b6_t70_p08_boundary,inner_val,44b6_d29c9ab2,31.0,56.0,71.0,72.0,3.350023320814349
5.0,Learned_UNet_N0,seq_inner_val_44b6_t70_p08_boundary,inner_val,44b6_d29c9ab2,32.0,52.0,71.0,72.0,1.284675299443404
5.0,Learned_UNet_N0,seq_inner_val_44b6_t70_p08_boundary,inner_val,44b6_d29c9ab2,33.0,53.0,71.0,72.0,0.8125
5.0,Learned_UNet_N0,seq_inner_val_44b6_t70_p08_boundary,inner_val,44b6_d29c9ab2,34.0,62.0,71.0,72.0,1.21875
5.0,Learned_UNet_N0,seq_inner_val_44b6_t70_p08_boundary,inner_val,44b6_d29c9ab2,35.0,64.0,71.0,72.0,1.8168052317185792
5.0,Learned_UNet_N0,seq_inner_val_44b6_t70_p08_boundary,inner_val,44b6_d29c9ab2,36.0,57.0,71.0,72.0,0.0
5.0,Learned_UNet_N0,seq_inner_val_44b6_t70_p08_boundary,inner_val,44b6_d29c9ab2,37.0,60.0,71.0,72.0,3.2752922102462856
5.0,Learned_UNet_N0,seq_inner_val_44b6_t70_p08_boundary,inner_val,44b6_d29c9ab2,38.0,58.0,71.0,72.0,1.1490485194281397
5.0,Learned_UNet_N0,seq_inner_val_44b6_t70_p08_boundary,inner_val,44b6_d29c9ab2,39.0,67.0,71.0,72.0,0.9084026158592896
5.0,Learned_UNet_N0,seq_inner_val_44b6_t70_p08_boundary,inner_val,44b6_d29c9ab2,40.0,63.0,71.0,72.0,0.40625
5.0,Learned_UNet_N0,seq_inner_val_44b6_t70_p08_boundary,inner_val,44b6_d29c9ab2,42.0,65.0,71.0,72.0,0.9084026158592896
5.0,Learned_UNet_N0,seq_inner_val_44b6_t70_p08_boundary,inner_val,44b6_d29c9ab2,43.0,66.0,71.0,72.0,1.1490485194281397
5.0,Learned_UNet_N0,seq_inner_val_44b6_t70_p08_boundary,inner_val,44b6_d29c9ab2,46.0,71.0,72.0,73.0,1.8168052317185792
5.0,Learned_UNet_N0,seq_inner_val_44b6_t70_p08_boundary,inner_val,44b6_d29c9ab2,47.0,70.0,72.0,73.0,0.5745242597140698
5.0,Learned_UNet_N0,seq_inner_val_44b6_t70_p08_boundary,inner_val,44b6_d29c9ab2,48.0,72.0,72.0,73.0,0.40625
5.0,Learned_UNet_N0,seq_inner_val_44b6_t70_p08_boundary,inner_val,44b6_d29c9ab2,49.0,73.0,72.0,73.0,3.25
5.0,Learned_UNet_N0,seq_inner_val_44b6_t70_p08_boundary,inner_val,44b6_d29c9ab2,50.0,74.0,72.0,73.0,0.5745242597140698
5.0,Learned_UNet_N0,seq_inner_val_44b6_t70_p08_boundary,inner_val,44b6_d29c9ab2,51.0,79.0,72.0,73.0,1.284675299443404
5.0,Learned_UNet_N0,seq_inner_val_44b6_t70_p08_boundary,inner_val,44b6_d29c9ab2,52.0,78.0,72.0,73.0,0.0
5.0,Learned_UNet_N0,seq_inner_val_44b6_t70_p08_boundary,inner_val,44b6_d29c9ab2,53.0,80.0,72.0,73.0,3.25
5.0,Learned_UNet_N0,seq_inner_val_44b6_t70_p08_boundary,inner_val,44b6_d29c9ab2,54.0,77.0,72.0,73.0,0.8125
5.0,Learned_UNet_N0,seq_inner_val_44b6_t70_p08_boundary,inner_val,44b6_d29c9ab2,55.0,75.0,72.0,73.0,0.8125
5.0,Learned_UNet_N0,seq_inner_val_44b6_t70_p08_boundary,inner_val,44b6_d29c9ab2,56.0,81.0,72.0,73.0,0.40625
5.0,Learned_UNet_N0,seq_inner_val_44b6_t70_p08_boundary,inner_val,44b6_d29c9ab2,58.0,85.0,72.0,73.0,0.9084026158592896
5.0,Learned_UNet_N0,seq_inner_val_44b6_t70_p08_boundary,inner_val,44b6_d29c9ab2,60.0,76.0,72.0,73.0,3.5648292823780494
5.0,Learned_UNet_N0,seq_inner_val_44b6_t70_p08_boundary,inner_val,44b6_d29c9ab2,61.0,90.0,72.0,73.0,0.40625
5.0,Learned_UNet_N0,seq_inner_val_44b6_t70_p08_boundary,inner_val,44b6_d29c9ab2,62.0,82.0,72.0,73.0,0.40625
5.0,Learned_UNet_N0,seq_inner_val_44b6_t70_p08_boundary,inner_val,44b6_d29c9ab2,63.0,84.0,72.0,73.0,0.8125
5.0,Learned_UNet_N0,seq_inner_val_44b6_t70_p08_boundary,inner_val,44b6_d29c9ab2,64.0,89.0,72.0,73.0,3.5648292823780494
5.0,Learned_UNet_N0,seq_inner_val_44b6_t70_p08_boundary,inner_val,44b6_d29c9ab2,65.0,88.0,72.0,73.0,2.03125
5.0,Learned_UNet_N0,seq_inner_val_44b6_t70_p08_boundary,inner_val,44b6_d29c9ab2,66.0,83.0,72.0,73.0,1.4647552056572457
5.0,Learned_UNet_N0,seq_inner_val_44b6_t70_p08_boundary,inner_val,44b6_d29c9ab2,67.0,92.0,72.0,73.0,1.7235727791422095
5.0,Learned_UNet_N0,seq_inner_val_44b6_t70_p08_boundary,inner_val,44b6_d29c9ab2,68.0,87.0,72.0,73.0,4.755034338729848
5.0,Learned_UNet_N0,seq_inner_val_44b6_t70_p08_boundary,inner_val,44b6_d29c9ab2,69.0,91.0,72.0,73.0,3.72334275215162
5.0,Learned_UNet_N0,seq_inner_val_44b6_t70_p08_boundary,inner_val,44b6_d29c9ab2,70.0,93.0,73.0,74.0,0.40625
5.0,Learned_UNet_N0,seq_inner_val_44b6_t70_p08_boundary,inner_val,44b6_d29c9ab2,71.0,95.0,73.0,74.0,0.5745242597140698
5.0,Learned_UNet_N0,seq_inner_val_44b6_t70_p08_boundary,inner_val,44b6_d29c9ab2,72.0,96.0,73.0,74.0,1.284675299443404
5.0,Learned_UNet_N0,seq_inner_val_44b6_t70_p08_boundary,inner_val,44b6_d29c9ab2,74.0,97.0,73.0,74.0,1.1490485194281397
5.0,Learned_UNet_N0,seq_inner_val_44b6_t70_p08_boundary,inner_val,44b6_d29c9ab2,75.0,94.0,73.0,74.0,2.03125
5.0,Learned_UNet_N0,seq_inner_val_44b6_t70_p08_boundary,inner_val,44b6_d29c9ab2,76.0,99.0,73.0,74.0,0.8125
5.0,Learned_UNet_N0,seq_inner_val_44b6_t70_p08_boundary,inner_val,44b6_d29c9ab2,77.0,104.0,73.0,74.0,1.8168052317185792
5.0,Learned_UNet_N0,seq_inner_val_44b6_t70_p08_boundary,inner_val,44b6_d29c9ab2,78.0,100.0,73.0,74.0,1.21875
5.0,Learned_UNet_N0,seq_inner_val_44b6_t70_p08_boundary,inner_val,44b6_d29c9ab2,80.0,101.0,73.0,74.0,0.8125
5.0,Learned_UNet_N0,seq_inner_val_44b6_t70_p08_boundary,inner_val,44b6_d29c9ab2,81.0,103.0,73.0,74.0,0.9084026158592896
5.0,Learned_UNet_N0,seq_inner_val_44b6_t70_p08_boundary,inner_val,44b6_d29c9ab2,82.0,109.0,73.0,74.0,0.9084026158592896
5.0,Learned_UNet_N0,seq_inner_val_44b6_t70_p08_boundary,inner_val,44b6_d29c9ab2,83.0,111.0,73.0,74.0,0.40625
5.0,Learned_UNet_N0,seq_inner_val_44b6_t70_p08_boundary,inner_val,44b6_d29c9ab2,84.0,110.0,73.0,74.0,3.447145558284419
5.0,Learned_UNet_N0,seq_inner_val_44b6_t70_p08_boundary,inner_val,44b6_d29c9ab2,85.0,102.0,73.0,74.0,3.300390601883359
5.0,Learned_UNet_N0,seq_inner_val_44b6_t70_p08_boundary,inner_val,44b6_d29c9ab2,87.0,114.0,73.0,74.0,1.1490485194281397
5.0,Learned_UNet_N0,seq_inner_val_44b6_t70_p08_boundary,inner_val,44b6_d29c9ab2,88.0,113.0,73.0,74.0,2.03125
5.0,Learned_UNet_N0,seq_inner_val_44b6_t70_p08_boundary,inner_val,44b6_d29c9ab2,89.0,105.0,73.0,74.0,3.6336104634371584
5.0,Learned_UNet_N0,seq_inner_val_44b6_t70_p08_boundary,inner_val,44b6_d29c9ab2,91.0,112.0,73.0,74.0,0.0
5.0,Learned_UNet_N0,seq_inner_val_44b6_t70_p08_boundary,inner_val,44b6_d29c9ab2,92.0,106.0,73.0,74.0,3.040096626753827
5.0,Learned_UNet_N0,seq_inner_val_44b6_t90_p09_zero_annotation,inner_val,44b6_d29c9ab2,0.0,26.0,90.0,91.0,3.300390601883359
5.0,Learned_UNet_N0,seq_inner_val_44b6_t90_p09_zero_annotation,inner_val,44b6_d29c9ab2,1.0,28.0,90.0,91.0,3.350023320814349
5.0,Learned_UNet_N0,seq_inner_val_44b6_t90_p09_zero_annotation,inner_val,44b6_d29c9ab2,2.0,27.0,90.0,91.0,3.374565944310468
5.0,Learned_UNet_N0,seq_inner_val_44b6_t90_p09_zero_annotation,inner_val,44b6_d29c9ab2,3.0,29.0,90.0,91.0,0.9084026158592896
5.0,Learned_UNet_N0,seq_inner_val_44b6_t90_p09_zero_annotation,inner_val,44b6_d29c9ab2,4.0,35.0,90.0,91.0,0.9084026158592896
5.0,Learned_UNet_N0,seq_inner_val_44b6_t90_p09_zero_annotation,inner_val,44b6_d29c9ab2,6.0,30.0,90.0,91.0,0.5745242597140698
5.0,Learned_UNet_N0,seq_inner_val_44b6_t90_p09_zero_annotation,inner_val,44b6_d29c9ab2,7.0,34.0,90.0,91.0,3.25
5.0,Learned_UNet_N0,seq_inner_val_44b6_t90_p09_zero_annotation,inner_val,44b6_d29c9ab2,8.0,32.0,90.0,91.0,0.9084026158592896
5.0,Learned_UNet_N0,seq_inner_val_44b6_t90_p09_zero_annotation,inner_val,44b6_d29c9ab2,9.0,36.0,90.0,91.0,0.9084026158592896
5.0,Learned_UNet_N0,seq_inner_val_44b6_t90_p09_zero_annotation,inner_val,44b6_d29c9ab2,10.0,31.0,90.0,91.0,3.72334275215162
5.0,Learned_UNet_N0,seq_inner_val_44b6_t90_p09_zero_annotation,inner_val,44b6_d29c9ab2,11.0,38.0,90.0,91.0,0.5745242597140698
5.0,Learned_UNet_N0,seq_inner_val_44b6_t90_p09_zero_annotation,inner_val,44b6_d29c9ab2,12.0,37.0,90.0,91.0,0.9084026158592896
5.0,Learned_UNet_N0,seq_inner_val_44b6_t90_p09_zero_annotation,inner_val,44b6_d29c9ab2,14.0,42.0,90.0,91.0,0.8125
5.0,Learned_UNet_N0,seq_inner_val_44b6_t90_p09_zero_annotation,inner_val,44b6_d29c9ab2,15.0,44.0,90.0,91.0,1.21875
5.0,Learned_UNet_N0,seq_inner_val_44b6_t90_p09_zero_annotation,inner_val,44b6_d29c9ab2,16.0,40.0,90.0,91.0,0.40625
5.0,Learned_UNet_N0,seq_inner_val_44b6_t90_p09_zero_annotation,inner_val,44b6_d29c9ab2,18.0,39.0,90.0,91.0,1.625
5.0,Learned_UNet_N0,seq_inner_val_44b6_t90_p09_zero_annotation,inner_val,44b6_d29c9ab2,19.0,43.0,90.0,91.0,3.6336104634371584
5.0,Learned_UNet_N0,seq_inner_val_44b6_t90_p09_zero_annotation,inner_val,44b6_d29c9ab2,20.0,46.0,90.0,91.0,1.8168052317185792
5.0,Learned_UNet_N0,seq_inner_val_44b6_t90_p09_zero_annotation,inner_val,44b6_d29c9ab2,21.0,47.0,90.0,91.0,1.6750116604071745
5.0,Learned_UNet_N0,seq_inner_val_44b6_t90_p09_zero_annotation,inner_val,44b6_d29c9ab2,22.0,45.0,90.0,91.0,0.9084026158592896
5.0,Learned_UNet_N0,seq_inner_val_44b6_t90_p09_zero_annotation,inner_val,44b6_d29c9ab2,26.0,48.0,91.0,92.0,0.9084026158592896
5.0,Learned_UNet_N0,seq_inner_val_44b6_t90_p09_zero_annotation,inner_val,44b6_d29c9ab2,27.0,50.0,91.0,92.0,0.40625
5.0,Learned_UNet_N0,seq_inner_val_44b6_t90_p09_zero_annotation,inner_val,44b6_d29c9ab2,28.0,49.0,91.0,92.0,0.5745242597140698
5.0,Learned_UNet_N0,seq_inner_val_44b6_t90_p09_zero_annotation,inner_val,44b6_d29c9ab2,29.0,54.0,91.0,92.0,0.5745242597140698
5.0,Learned_UNet_N0,seq_inner_val_44b6_t90_p09_zero_annotation,inner_val,44b6_d29c9ab2,30.0,52.0,91.0,92.0,0.5745242597140698
5.0,Learned_UNet_N0,seq_inner_val_44b6_t90_p09_zero_annotation,inner_val,44b6_d29c9ab2,31.0,51.0,91.0,92.0,0.5745242597140698
5.0,Learned_UNet_N0,seq_inner_val_44b6_t90_p09_zero_annotation,inner_val,44b6_d29c9ab2,32.0,53.0,91.0,92.0,3.2752922102462856
5.0,Learned_UNet_N0,seq_inner_val_44b6_t90_p09_zero_annotation,inner_val,44b6_d29c9ab2,33.0,55.0,91.0,92.0,0.8125
5.0,Learned_UNet_N0,seq_inner_val_44b6_t90_p09_zero_annotation,inner_val,44b6_d29c9ab2,34.0,56.0,91.0,92.0,0.9084026158592896
5.0,Learned_UNet_N0,seq_inner_val_44b6_t90_p09_zero_annotation,inner_val,44b6_d29c9ab2,36.0,60.0,91.0,92.0,1.284675299443404
5.0,Learned_UNet_N0,seq_inner_val_44b6_t90_p09_zero_annotation,inner_val,44b6_d29c9ab2,37.0,63.0,91.0,92.0,0.5745242597140698
5.0,Learned_UNet_N0,seq_inner_val_44b6_t90_p09_zero_annotation,inner_val,44b6_d29c9ab2,39.0,58.0,91.0,92.0,0.5745242597140698
5.0,Learned_UNet_N0,seq_inner_val_44b6_t90_p09_zero_annotation,inner_val,44b6_d29c9ab2,40.0,64.0,91.0,92.0,1.625
5.0,Learned_UNet_N0,seq_inner_val_44b6_t90_p09_zero_annotation,inner_val,44b6_d29c9ab2,41.0,57.0,91.0,92.0,1.21875
5.0,Learned_UNet_N0,seq_inner_val_44b6_t90_p09_zero_annotation,inner_val,44b6_d29c9ab2,42.0,62.0,91.0,92.0,3.8540258983302125
5.0,Learned_UNet_N0,seq_inner_val_44b6_t90_p09_zero_annotation,inner_val,44b6_d29c9ab2,43.0,59.0,91.0,92.0,0.8125
5.0,Learned_UNet_N0,seq_inner_val_44b6_t90_p09_zero_annotation,inner_val,44b6_d29c9ab2,44.0,66.0,91.0,92.0,3.300390601883359
5.0,Learned_UNet_N0,seq_inner_val_44b6_t90_p09_zero_annotation,inner_val,44b6_d29c9ab2,45.0,69.0,91.0,92.0,2.471122277933652
5.0,Learned_UNet_N0,seq_inner_val_44b6_t90_p09_zero_annotation,inner_val,44b6_d29c9ab2,47.0,67.0,91.0,92.0,0.40625
5.0,Learned_UNet_N0,seq_inner_val_44b6_t90_p09_zero_annotation,inner_val,44b6_d29c9ab2,48.0,72.0,92.0,93.0,1.7235727791422095
5.0,Learned_UNet_N0,seq_inner_val_44b6_t90_p09_zero_annotation,inner_val,44b6_d29c9ab2,49.0,75.0,92.0,93.0,0.40625
5.0,Learned_UNet_N0,seq_inner_val_44b6_t90_p09_zero_annotation,inner_val,44b6_d29c9ab2,50.0,78.0,92.0,93.0,0.40625
5.0,Learned_UNet_N0,seq_inner_val_44b6_t90_p09_zero_annotation,inner_val,44b6_d29c9ab2,51.0,80.0,92.0,93.0,0.8125
5.0,Learned_UNet_N0,seq_inner_val_44b6_t90_p09_zero_annotation,inner_val,44b6_d29c9ab2,52.0,73.0,92.0,93.0,1.284675299443404
5.0,Learned_UNet_N0,seq_inner_val_44b6_t90_p09_zero_annotation,inner_val,44b6_d29c9ab2,53.0,77.0,92.0,93.0,0.40625
5.0,Learned_UNet_N0,seq_inner_val_44b6_t90_p09_zero_annotation,inner_val,44b6_d29c9ab2,54.0,76.0,92.0,93.0,0.9084026158592896
5.0,Learned_UNet_N0,seq_inner_val_44b6_t90_p09_zero_annotation,inner_val,44b6_d29c9ab2,55.0,74.0,92.0,93.0,0.8125
5.0,Learned_UNet_N0,seq_inner_val_44b6_t90_p09_zero_annotation,inner_val,44b6_d29c9ab2,56.0,90.0,92.0,93.0,1.1490485194281397
5.0,Learned_UNet_N0,seq_inner_val_44b6_t90_p09_zero_annotation,inner_val,44b6_d29c9ab2,57.0,83.0,92.0,93.0,1.21875
5.0,Learned_UNet_N0,seq_inner_val_44b6_t90_p09_zero_annotation,inner_val,44b6_d29c9ab2,60.0,85.0,92.0,93.0,1.284675299443404
5.0,Learned_UNet_N0,seq_inner_val_44b6_t90_p09_zero_annotation,inner_val,44b6_d29c9ab2,62.0,79.0,92.0,93.0,3.374565944310468
5.0,Learned_UNet_N0,seq_inner_val_44b6_t90_p09_zero_annotation,inner_val,44b6_d29c9ab2,63.0,91.0,92.0,93.0,0.9084026158592896
5.0,Learned_UNet_N0,seq_inner_val_44b6_t90_p09_zero_annotation,inner_val,44b6_d29c9ab2,64.0,87.0,92.0,93.0,3.25
5.0,Learned_UNet_N0,seq_inner_val_44b6_t90_p09_zero_annotation,inner_val,44b6_d29c9ab2,65.0,92.0,92.0,93.0,0.40625
5.0,Learned_UNet_N0,seq_inner_val_44b6_t90_p09_zero_annotation,inner_val,44b6_d29c9ab2,66.0,86.0,92.0,93.0,3.300390601883359
5.0,Learned_UNet_N0,seq_inner_val_44b6_t90_p09_zero_annotation,inner_val,44b6_d29c9ab2,67.0,93.0,92.0,93.0,1.21875
5.0,Learned_UNet_N0,seq_inner_val_44b6_t90_p09_zero_annotation,inner_val,44b6_d29c9ab2,72.0,95.0,93.0,94.0,3.350023320814349
5.0,Learned_UNet_N0,seq_inner_val_44b6_t90_p09_zero_annotation,inner_val,44b6_d29c9ab2,73.0,102.0,93.0,94.0,0.40625
5.0,Learned_UNet_N0,seq_inner_val_44b6_t90_p09_zero_annotation,inner_val,44b6_d29c9ab2,74.0,101.0,93.0,94.0,1.4647552056572457
5.0,Learned_UNet_N0,seq_inner_val_44b6_t90_p09_zero_annotation,inner_val,44b6_d29c9ab2,75.0,96.0,93.0,94.0,3.6336104634371584
5.0,Learned_UNet_N0,seq_inner_val_44b6_t90_p09_zero_annotation,inner_val,44b6_d29c9ab2,76.0,107.0,93.0,94.0,0.40625
5.0,Learned_UNet_N0,seq_inner_val_44b6_t90_p09_zero_annotation,inner_val,44b6_d29c9ab2,77.0,100.0,93.0,94.0,0.8125
5.0,Learned_UNet_N0,seq_inner_val_44b6_t90_p09_zero_annotation,inner_val,44b6_d29c9ab2,78.0,98.0,93.0,94.0,3.300390601883359
5.0,Learned_UNet_N0,seq_inner_val_44b6_t90_p09_zero_annotation,inner_val,44b6_d29c9ab2,79.0,105.0,93.0,94.0,0.5745242597140698
5.0,Learned_UNet_N0,seq_inner_val_44b6_t90_p09_zero_annotation,inner_val,44b6_d29c9ab2,80.0,97.0,93.0,94.0,0.40625
5.0,Learned_UNet_N0,seq_inner_val_44b6_t90_p09_zero_annotation,inner_val,44b6_d29c9ab2,81.0,99.0,93.0,94.0,0.0
5.0,Learned_UNet_N0,seq_inner_val_44b6_t90_p09_zero_annotation,inner_val,44b6_d29c9ab2,82.0,104.0,93.0,94.0,1.625
5.0,Learned_UNet_N0,seq_inner_val_44b6_t90_p09_zero_annotation,inner_val,44b6_d29c9ab2,83.0,103.0,93.0,94.0,0.9084026158592896
5.0,Learned_UNet_N0,seq_inner_val_44b6_t90_p09_zero_annotation,inner_val,44b6_d29c9ab2,84.0,111.0,93.0,94.0,1.8168052317185792
5.0,Learned_UNet_N0,seq_inner_val_44b6_t90_p09_zero_annotation,inner_val,44b6_d29c9ab2,85.0,109.0,93.0,94.0,0.5745242597140698
5.0,Learned_UNet_N0,seq_inner_val_44b6_t90_p09_zero_annotation,inner_val,44b6_d29c9ab2,86.0,116.0,93.0,94.0,3.350023320814349
5.0,Learned_UNet_N0,seq_inner_val_44b6_t90_p09_zero_annotation,inner_val,44b6_d29c9ab2,87.0,106.0,93.0,94.0,3.350023320814349
5.0,Learned_UNet_N0,seq_inner_val_44b6_t90_p09_zero_annotation,inner_val,44b6_d29c9ab2,88.0,115.0,93.0,94.0,3.494694639736067
5.0,Learned_UNet_N0,seq_inner_val_44b6_t90_p09_zero_annotation,inner_val,44b6_d29c9ab2,89.0,113.0,93.0,94.0,0.5745242597140698
5.0,Learned_UNet_N0,seq_inner_val_44b6_t90_p09_zero_annotation,inner_val,44b6_d29c9ab2,90.0,119.0,93.0,94.0,3.72334275215162
5.0,Learned_UNet_N0,seq_inner_val_44b6_t90_p09_zero_annotation,inner_val,44b6_d29c9ab2,91.0,114.0,93.0,94.0,0.40625
5.0,Learned_UNet_N0,seq_inner_val_44b6_t90_p09_zero_annotation,inner_val,44b6_d29c9ab2,92.0,118.0,93.0,94.0,0.40625
5.0,Learned_UNet_N0,seq_inner_val_44b6_t90_p09_zero_annotation,inner_val,44b6_d29c9ab2,93.0,121.0,93.0,94.0,1.625
5.0,Learned_UNet_N0,seq_inner_val_44b6_t90_p09_zero_annotation,inner_val,44b6_d29c9ab2,94.0,120.0,93.0,94.0,0.0
5.0,Learned_UNet_N0,seq_inner_val_44b6_t70_p10_zero_annotation,inner_val,44b6_d29c9ab2,0.0,10.0,70.0,71.0,0.40625
5.0,Learned_UNet_N0,seq_inner_val_44b6_t70_p10_zero_annotation,inner_val,44b6_d29c9ab2,1.0,13.0,70.0,71.0,0.40625
5.0,Learned_UNet_N0,seq_inner_val_44b6_t70_p10_zero_annotation,inner_val,44b6_d29c9ab2,3.0,17.0,70.0,71.0,0.8125
5.0,Learned_UNet_N0,seq_inner_val_44b6_t70_p10_zero_annotation,inner_val,44b6_d29c9ab2,4.0,12.0,70.0,71.0,0.8125
5.0,Learned_UNet_N0,seq_inner_val_44b6_t70_p10_zero_annotation,inner_val,44b6_d29c9ab2,5.0,14.0,70.0,71.0,3.374565944310468
5.0,Learned_UNet_N0,seq_inner_val_44b6_t70_p10_zero_annotation,inner_val,44b6_d29c9ab2,8.0,16.0,70.0,71.0,3.093907824257213
5.0,Learned_UNet_N0,seq_inner_val_44b6_t70_p10_zero_annotation,inner_val,44b6_d29c9ab2,9.0,20.0,70.0,71.0,3.6787502123683256
5.0,Learned_UNet_N0,seq_inner_val_44b6_t70_p10_zero_annotation,inner_val,44b6_d29c9ab2,10.0,21.0,71.0,72.0,3.25
5.0,Learned_UNet_N0,seq_inner_val_44b6_t70_p10_zero_annotation,inner_val,44b6_d29c9ab2,12.0,24.0,71.0,72.0,0.9084026158592896
5.0,Learned_UNet_N0,seq_inner_val_44b6_t70_p10_zero_annotation,inner_val,44b6_d29c9ab2,13.0,25.0,71.0,72.0,0.8125
5.0,Learned_UNet_N0,seq_inner_val_44b6_t70_p10_zero_annotation,inner_val,44b6_d29c9ab2,14.0,23.0,71.0,72.0,4.0625
5.0,Learned_UNet_N0,seq_inner_val_44b6_t70_p10_zero_annotation,inner_val,44b6_d29c9ab2,15.0,22.0,71.0,72.0,0.8125
5.0,Learned_UNet_N0,seq_inner_val_44b6_t70_p10_zero_annotation,inner_val,44b6_d29c9ab2,16.0,26.0,71.0,72.0,0.9084026158592896
5.0,Learned_UNet_N0,seq_inner_val_44b6_t70_p10_zero_annotation,inner_val,44b6_d29c9ab2,17.0,28.0,71.0,72.0,0.8125
5.0,Learned_UNet_N0,seq_inner_val_44b6_t70_p10_zero_annotation,inner_val,44b6_d29c9ab2,18.0,29.0,71.0,72.0,3.2752922102462856
5.0,Learned_UNet_N0,seq_inner_val_44b6_t70_p10_zero_annotation,inner_val,44b6_d29c9ab2,19.0,33.0,71.0,72.0,1.4647552056572457
5.0,Learned_UNet_N0,seq_inner_val_44b6_t70_p10_zero_annotation,inner_val,44b6_d29c9ab2,21.0,36.0,72.0,73.0,3.2752922102462856
5.0,Learned_UNet_N0,seq_inner_val_44b6_t70_p10_zero_annotation,inner_val,44b6_d29c9ab2,22.0,38.0,72.0,73.0,1.625
5.0,Learned_UNet_N0,seq_inner_val_44b6_t70_p10_zero_annotation,inner_val,44b6_d29c9ab2,24.0,43.0,72.0,73.0,0.40625
5.0,Learned_UNet_N0,seq_inner_val_44b6_t70_p10_zero_annotation,inner_val,44b6_d29c9ab2,26.0,41.0,72.0,73.0,1.21875
5.0,Learned_UNet_N0,seq_inner_val_44b6_t70_p10_zero_annotation,inner_val,44b6_d29c9ab2,27.0,42.0,72.0,73.0,3.350023320814349
5.0,Learned_UNet_N0,seq_inner_val_44b6_t70_p10_zero_annotation,inner_val,44b6_d29c9ab2,28.0,45.0,72.0,73.0,0.0
5.0,Learned_UNet_N0,seq_inner_val_44b6_t70_p10_zero_annotation,inner_val,44b6_d29c9ab2,29.0,49.0,72.0,73.0,3.6336104634371584
5.0,Learned_UNet_N0,seq_inner_val_44b6_t70_p10_zero_annotation,inner_val,44b6_d29c9ab2,31.0,44.0,72.0,73.0,2.471122277933652
5.0,Learned_UNet_N0,seq_inner_val_44b6_t70_p10_zero_annotation,inner_val,44b6_d29c9ab2,34.0,47.0,72.0,73.0,3.7454399357752353
5.0,Learned_UNet_N0,seq_inner_val_44b6_t70_p10_zero_annotation,inner_val,44b6_d29c9ab2,36.0,51.0,73.0,74.0,3.25
5.0,Learned_UNet_N0,seq_inner_val_44b6_t70_p10_zero_annotation,inner_val,44b6_d29c9ab2,37.0,52.0,73.0,74.0,3.300390601883359
5.0,Learned_UNet_N0,seq_inner_val_44b6_t70_p10_zero_annotation,inner_val,44b6_d29c9ab2,38.0,53.0,73.0,74.0,1.86167137607581
5.0,Learned_UNet_N0,seq_inner_val_44b6_t70_p10_zero_annotation,inner_val,44b6_d29c9ab2,41.0,55.0,73.0,74.0,1.4647552056572457
5.0,Learned_UNet_N0,seq_inner_val_44b6_t70_p10_zero_annotation,inner_val,44b6_d29c9ab2,43.0,56.0,73.0,74.0,3.494694639736067
5.0,Learned_UNet_N0,seq_inner_val_44b6_t70_p10_zero_annotation,inner_val,44b6_d29c9ab2,44.0,58.0,73.0,74.0,1.6750116604071745
5.0,Learned_UNet_N0,seq_inner_val_44b6_t70_p10_zero_annotation,inner_val,44b6_d29c9ab2,46.0,54.0,73.0,74.0,2.4375
5.0,Learned_UNet_N0,seq_inner_val_44b6_t70_p10_zero_annotation,inner_val,44b6_d29c9ab2,48.0,59.0,73.0,74.0,3.72334275215162
5.0,Learned_UNet_N0,seq_held_out_val_6bba_t20_p01_crowded,held_out_val,6bba_43fea39d,0.0,14.0,20.0,21.0,0.8125
5.0,Learned_UNet_N0,seq_held_out_val_6bba_t20_p01_crowded,held_out_val,6bba_43fea39d,1.0,13.0,20.0,21.0,3.917733121653388
5.0,Learned_UNet_N0,seq_held_out_val_6bba_t20_p01_crowded,held_out_val,6bba_43fea39d,2.0,12.0,20.0,21.0,3.374565944310468
5.0,Learned_UNet_N0,seq_held_out_val_6bba_t20_p01_crowded,held_out_val,6bba_43fea39d,3.0,16.0,20.0,21.0,3.447145558284419
5.0,Learned_UNet_N0,seq_held_out_val_6bba_t20_p01_crowded,held_out_val,6bba_43fea39d,4.0,17.0,20.0,21.0,0.9084026158592896
5.0,Learned_UNet_N0,seq_held_out_val_6bba_t20_p01_crowded,held_out_val,6bba_43fea39d,5.0,18.0,20.0,21.0,1.6750116604071745
5.0,Learned_UNet_N0,seq_held_out_val_6bba_t20_p01_crowded,held_out_val,6bba_43fea39d,6.0,19.0,20.0,21.0,0.5745242597140698
5.0,Learned_UNet_N0,seq_held_out_val_6bba_t20_p01_crowded,held_out_val,6bba_43fea39d,7.0,20.0,20.0,21.0,0.0
5.0,Learned_UNet_N0,seq_held_out_val_6bba_t20_p01_crowded,held_out_val,6bba_43fea39d,11.0,15.0,20.0,21.0,3.8540258983302125
5.0,Learned_UNet_N0,seq_held_out_val_6bba_t20_p01_crowded,held_out_val,6bba_43fea39d,12.0,22.0,21.0,22.0,0.0
5.0,Learned_UNet_N0,seq_held_out_val_6bba_t20_p01_crowded,held_out_val,6bba_43fea39d,13.0,23.0,21.0,22.0,0.0
5.0,Learned_UNet_N0,seq_held_out_val_6bba_t20_p01_crowded,held_out_val,6bba_43fea39d,14.0,24.0,21.0,22.0,0.0
5.0,Learned_UNet_N0,seq_held_out_val_6bba_t20_p01_crowded,held_out_val,6bba_43fea39d,15.0,25.0,21.0,22.0,0.0
5.0,Learned_UNet_N0,seq_held_out_val_6bba_t20_p01_crowded,held_out_val,6bba_43fea39d,16.0,26.0,21.0,22.0,0.0
5.0,Learned_UNet_N0,seq_held_out_val_6bba_t20_p01_crowded,held_out_val,6bba_43fea39d,17.0,27.0,21.0,22.0,0.0
5.0,Learned_UNet_N0,seq_held_out_val_6bba_t20_p01_crowded,held_out_val,6bba_43fea39d,18.0,28.0,21.0,22.0,0.0
5.0,Learned_UNet_N0,seq_held_out_val_6bba_t20_p01_crowded,held_out_val,6bba_43fea39d,19.0,29.0,21.0,22.0,0.0
5.0,Learned_UNet_N0,seq_held_out_val_6bba_t20_p01_crowded,held_out_val,6bba_43fea39d,20.0,30.0,21.0,22.0,0.0
5.0,Learned_UNet_N0,seq_held_out_val_6bba_t20_p01_crowded,held_out_val,6bba_43fea39d,21.0,31.0,21.0,22.0,0.0
5.0,Learned_UNet_N0,seq_held_out_val_6bba_t20_p01_crowded,held_out_val,6bba_43fea39d,22.0,32.0,22.0,23.0,4.667457150312148
5.0,Learned_UNet_N0,seq_held_out_val_6bba_t20_p01_crowded,held_out_val,6bba_43fea39d,24.0,36.0,22.0,23.0,2.2980970388562794
5.0,Learned_UNet_N0,seq_held_out_val_6bba_t20_p01_crowded,held_out_val,6bba_43fea39d,25.0,41.0,22.0,23.0,2.333728575156074
5.0,Learned_UNet_N0,seq_held_out_val_6bba_t20_p01_crowded,held_out_val,6bba_43fea39d,27.0,33.0,22.0,23.0,3.72334275215162
5.0,Learned_UNet_N0,seq_held_out_val_6bba_t20_p01_crowded,held_out_val,6bba_43fea39d,28.0,38.0,22.0,23.0,2.632800908728193
5.0,Learned_UNet_N0,seq_held_out_val_6bba_t20_p01_crowded,held_out_val,6bba_43fea39d,30.0,40.0,22.0,23.0,4.614113030962723
5.0,Learned_UNet_N0,seq_held_out_val_6bba_t20_p01_crowded,held_out_val,6bba_43fea39d,32.0,43.0,23.0,24.0,3.471001521535247
5.0,Learned_UNet_N0,seq_held_out_val_6bba_t20_p01_crowded,held_out_val,6bba_43fea39d,33.0,44.0,23.0,24.0,1.1490485194281397
5.0,Learned_UNet_N0,seq_held_out_val_6bba_t20_p01_crowded,held_out_val,6bba_43fea39d,35.0,45.0,23.0,24.0,0.5745242597140698
5.0,Learned_UNet_N0,seq_held_out_val_6bba_t20_p01_crowded,held_out_val,6bba_43fea39d,36.0,48.0,23.0,24.0,0.0
5.0,Learned_UNet_N0,seq_held_out_val_6bba_t20_p01_crowded,held_out_val,6bba_43fea39d,37.0,47.0,23.0,24.0,0.0
5.0,Learned_UNet_N0,seq_held_out_val_6bba_t20_p01_crowded,held_out_val,6bba_43fea39d,38.0,49.0,23.0,24.0,1.6750116604071745
5.0,Learned_UNet_N0,seq_held_out_val_6bba_t20_p01_crowded,held_out_val,6bba_43fea39d,39.0,51.0,23.0,24.0,2.9575446425202108
5.0,Learned_UNet_N0,seq_held_out_val_6bba_t20_p01_crowded,held_out_val,6bba_43fea39d,40.0,50.0,23.0,24.0,3.2752922102462856
5.0,Learned_UNet_N0,seq_held_out_val_6bba_t20_p01_crowded,held_out_val,6bba_43fea39d,41.0,52.0,23.0,24.0,1.8168052317185792
5.0,Learned_UNet_N0,seq_held_out_val_6bba_t35_p02_crowded,held_out_val,6bba_43fea39d,1.0,14.0,35.0,36.0,0.9084026158592896
5.0,Learned_UNet_N0,seq_held_out_val_6bba_t35_p02_crowded,held_out_val,6bba_43fea39d,2.0,13.0,35.0,36.0,1.8168052317185792
5.0,Learned_UNet_N0,seq_held_out_val_6bba_t35_p02_crowded,held_out_val,6bba_43fea39d,5.0,15.0,35.0,36.0,0.8125
5.0,Learned_UNet_N0,seq_held_out_val_6bba_t35_p02_crowded,held_out_val,6bba_43fea39d,6.0,17.0,35.0,36.0,3.471001521535247
5.0,Learned_UNet_N0,seq_held_out_val_6bba_t35_p02_crowded,held_out_val,6bba_43fea39d,7.0,16.0,35.0,36.0,0.8125
5.0,Learned_UNet_N0,seq_held_out_val_6bba_t35_p02_crowded,held_out_val,6bba_43fea39d,9.0,18.0,35.0,36.0,3.374565944310468
5.0,Learned_UNet_N0,seq_held_out_val_6bba_t35_p02_crowded,held_out_val,6bba_43fea39d,10.0,19.0,35.0,36.0,0.9084026158592896
5.0,Learned_UNet_N0,seq_held_out_val_6bba_t35_p02_crowded,held_out_val,6bba_43fea39d,11.0,21.0,36.0,37.0,3.72334275215162
5.0,Learned_UNet_N0,seq_held_out_val_6bba_t35_p02_crowded,held_out_val,6bba_43fea39d,12.0,26.0,36.0,37.0,3.494694639736067
5.0,Learned_UNet_N0,seq_held_out_val_6bba_t35_p02_crowded,held_out_val,6bba_43fea39d,14.0,27.0,36.0,37.0,0.9084026158592896
5.0,Learned_UNet_N0,seq_held_out_val_6bba_t35_p02_crowded,held_out_val,6bba_43fea39d,15.0,25.0,36.0,37.0,1.6750116604071745
5.0,Learned_UNet_N0,seq_held_out_val_6bba_t35_p02_crowded,held_out_val,6bba_43fea39d,16.0,23.0,36.0,37.0,4.487177913232324
5.0,Learned_UNet_N0,seq_held_out_val_6bba_t35_p02_crowded,held_out_val,6bba_43fea39d,20.0,31.0,36.0,37.0,3.5648292823780494
5.0,Learned_UNet_N0,seq_held_out_val_6bba_t35_p02_crowded,held_out_val,6bba_43fea39d,21.0,32.0,37.0,38.0,3.374565944310468
5.0,Learned_UNet_N0,seq_held_out_val_6bba_t35_p02_crowded,held_out_val,6bba_43fea39d,22.0,36.0,37.0,38.0,3.447145558284419
5.0,Learned_UNet_N0,seq_held_out_val_6bba_t35_p02_crowded,held_out_val,6bba_43fea39d,23.0,34.0,37.0,38.0,2.1877232028983924
5.0,Learned_UNet_N0,seq_held_out_val_6bba_t35_p02_crowded,held_out_val,6bba_43fea39d,28.0,38.0,37.0,38.0,1.8168052317185792
5.0,Learned_UNet_N0,seq_held_out_val_6bba_t35_p02_crowded,held_out_val,6bba_43fea39d,30.0,42.0,37.0,38.0,3.25
5.0,Learned_UNet_N0,seq_held_out_val_6bba_t35_p02_crowded,held_out_val,6bba_43fea39d,34.0,44.0,38.0,39.0,3.832554834897995
5.0,Learned_UNet_N0,seq_held_out_val_6bba_t35_p02_crowded,held_out_val,6bba_43fea39d,41.0,47.0,38.0,39.0,2.84375
5.0,Learned_UNet_N0,seq_held_out_val_6bba_t50_p03_crowded,held_out_val,6bba_43fea39d,1.0,12.0,50.0,51.0,2.7252078475778685
5.0,Learned_UNet_N0,seq_held_out_val_6bba_t50_p03_crowded,held_out_val,6bba_43fea39d,3.0,11.0,50.0,51.0,1.21875
5.0,Learned_UNet_N0,seq_held_out_val_6bba_t50_p03_crowded,held_out_val,6bba_43fea39d,6.0,15.0,50.0,51.0,3.300390601883359
5.0,Learned_UNet_N0,seq_held_out_val_6bba_t50_p03_crowded,held_out_val,6bba_43fea39d,9.0,17.0,51.0,52.0,0.0
5.0,Learned_UNet_N0,seq_held_out_val_6bba_t50_p03_crowded,held_out_val,6bba_43fea39d,10.0,18.0,51.0,52.0,0.0
5.0,Learned_UNet_N0,seq_held_out_val_6bba_t50_p03_crowded,held_out_val,6bba_43fea39d,11.0,19.0,51.0,52.0,0.0
5.0,Learned_UNet_N0,seq_held_out_val_6bba_t50_p03_crowded,held_out_val,6bba_43fea39d,12.0,20.0,51.0,52.0,0.0
5.0,Learned_UNet_N0,seq_held_out_val_6bba_t50_p03_crowded,held_out_val,6bba_43fea39d,13.0,21.0,51.0,52.0,0.0
5.0,Learned_UNet_N0,seq_held_out_val_6bba_t50_p03_crowded,held_out_val,6bba_43fea39d,14.0,22.0,51.0,52.0,0.0
5.0,Learned_UNet_N0,seq_held_out_val_6bba_t50_p03_crowded,held_out_val,6bba_43fea39d,15.0,23.0,51.0,52.0,0.0
5.0,Learned_UNet_N0,seq_held_out_val_6bba_t50_p03_crowded,held_out_val,6bba_43fea39d,16.0,24.0,51.0,52.0,0.0
5.0,Learned_UNet_N0,seq_held_out_val_6bba_t50_p03_crowded,held_out_val,6bba_43fea39d,18.0,27.0,52.0,53.0,3.447145558284419
5.0,Learned_UNet_N0,seq_held_out_val_6bba_t50_p03_crowded,held_out_val,6bba_43fea39d,19.0,26.0,52.0,53.0,1.284675299443404
5.0,Learned_UNet_N0,seq_held_out_val_6bba_t50_p03_crowded,held_out_val,6bba_43fea39d,20.0,30.0,52.0,53.0,4.0625
5.0,Learned_UNet_N0,seq_held_out_val_6bba_t50_p03_crowded,held_out_val,6bba_43fea39d,22.0,29.0,52.0,53.0,4.241374519244911
5.0,Learned_UNet_N0,seq_held_out_val_6bba_t50_p03_crowded,held_out_val,6bba_43fea39d,25.0,37.0,53.0,54.0,1.4647552056572457
5.0,Learned_UNet_N0,seq_held_out_val_6bba_t50_p03_crowded,held_out_val,6bba_43fea39d,26.0,38.0,53.0,54.0,0.0
5.0,Learned_UNet_N0,seq_held_out_val_6bba_t50_p03_crowded,held_out_val,6bba_43fea39d,28.0,42.0,53.0,54.0,1.6750116604071745
5.0,Learned_UNet_N0,seq_held_out_val_6bba_t50_p03_crowded,held_out_val,6bba_43fea39d,29.0,40.0,53.0,54.0,3.6787502123683256
5.0,Learned_UNet_N0,seq_held_out_val_6bba_t50_p03_crowded,held_out_val,6bba_43fea39d,30.0,39.0,53.0,54.0,0.40625
5.0,Learned_UNet_N0,seq_held_out_val_6bba_t50_p03_crowded,held_out_val,6bba_43fea39d,31.0,43.0,53.0,54.0,2.2980970388562794
5.0,Learned_UNet_N0,seq_held_out_val_6bba_t50_p03_crowded,held_out_val,6bba_43fea39d,36.0,44.0,53.0,54.0,1.8168052317185792
5.0,Learned_UNet_N0,seq_held_out_val_6bba_t20_p04_crowded,held_out_val,6bba_43fea39d,0.0,5.0,20.0,21.0,0.0
5.0,Learned_UNet_N0,seq_held_out_val_6bba_t20_p04_crowded,held_out_val,6bba_43fea39d,1.0,6.0,20.0,21.0,3.494694639736067
5.0,Learned_UNet_N0,seq_held_out_val_6bba_t20_p04_crowded,held_out_val,6bba_43fea39d,2.0,8.0,20.0,21.0,3.374565944310468
5.0,Learned_UNet_N0,seq_held_out_val_6bba_t20_p04_crowded,held_out_val,6bba_43fea39d,3.0,7.0,20.0,21.0,3.350023320814349
5.0,Learned_UNet_N0,seq_held_out_val_6bba_t20_p04_crowded,held_out_val,6bba_43fea39d,5.0,14.0,21.0,22.0,0.0
5.0,Learned_UNet_N0,seq_held_out_val_6bba_t20_p04_crowded,held_out_val,6bba_43fea39d,6.0,15.0,21.0,22.0,0.0
5.0,Learned_UNet_N0,seq_held_out_val_6bba_t20_p04_crowded,held_out_val,6bba_43fea39d,7.0,16.0,21.0,22.0,0.0
5.0,Learned_UNet_N0,seq_held_out_val_6bba_t20_p04_crowded,held_out_val,6bba_43fea39d,8.0,17.0,21.0,22.0,0.0
5.0,Learned_UNet_N0,seq_held_out_val_6bba_t20_p04_crowded,held_out_val,6bba_43fea39d,9.0,18.0,21.0,22.0,0.0
5.0,Learned_UNet_N0,seq_held_out_val_6bba_t20_p04_crowded,held_out_val,6bba_43fea39d,10.0,19.0,21.0,22.0,0.0
5.0,Learned_UNet_N0,seq_held_out_val_6bba_t20_p04_crowded,held_out_val,6bba_43fea39d,11.0,20.0,21.0,22.0,0.0
5.0,Learned_UNet_N0,seq_held_out_val_6bba_t20_p04_crowded,held_out_val,6bba_43fea39d,12.0,21.0,21.0,22.0,0.0
5.0,Learned_UNet_N0,seq_held_out_val_6bba_t20_p04_crowded,held_out_val,6bba_43fea39d,13.0,22.0,21.0,22.0,0.0
5.0,Learned_UNet_N0,seq_held_out_val_6bba_t20_p04_crowded,held_out_val,6bba_43fea39d,15.0,25.0,22.0,23.0,4.021669817998489
5.0,Learned_UNet_N0,seq_held_out_val_6bba_t20_p04_crowded,held_out_val,6bba_43fea39d,16.0,27.0,22.0,23.0,4.5420130792964475
5.0,Learned_UNet_N0,seq_held_out_val_6bba_t20_p04_crowded,held_out_val,6bba_43fea39d,17.0,29.0,22.0,23.0,4.0827619710803615
5.0,Learned_UNet_N0,seq_held_out_val_6bba_t20_p04_crowded,held_out_val,6bba_43fea39d,18.0,26.0,22.0,23.0,4.667457150312148
5.0,Learned_UNet_N0,seq_held_out_val_6bba_t20_p04_crowded,held_out_val,6bba_43fea39d,21.0,24.0,22.0,23.0,1.8168052317185792
5.0,Learned_UNet_N0,seq_held_out_val_6bba_t20_p04_crowded,held_out_val,6bba_43fea39d,23.0,31.0,23.0,24.0,3.350023320814349
5.0,Learned_UNet_N0,seq_held_out_val_6bba_t20_p04_crowded,held_out_val,6bba_43fea39d,25.0,35.0,23.0,24.0,4.318496736423452
5.0,Learned_UNet_N0,seq_held_out_val_6bba_t20_p04_crowded,held_out_val,6bba_43fea39d,26.0,34.0,23.0,24.0,2.1877232028983924
5.0,Learned_UNet_N0,seq_held_out_val_6bba_t20_p04_crowded,held_out_val,6bba_43fea39d,27.0,33.0,23.0,24.0,0.5745242597140698
5.0,Learned_UNet_N0,seq_held_out_val_6bba_t20_p04_crowded,held_out_val,6bba_43fea39d,28.0,36.0,23.0,24.0,1.625
5.0,Learned_UNet_N0,seq_held_out_val_6bba_t80_p05_isolated,held_out_val,6bba_43fea39d,0.0,8.0,80.0,81.0,3.447145558284419
5.0,Learned_UNet_N0,seq_held_out_val_6bba_t80_p05_isolated,held_out_val,6bba_43fea39d,5.0,9.0,80.0,81.0,1.284675299443404
5.0,Learned_UNet_N0,seq_held_out_val_6bba_t80_p05_isolated,held_out_val,6bba_43fea39d,6.0,11.0,80.0,81.0,1.625
5.0,Learned_UNet_N0,seq_held_out_val_6bba_t80_p05_isolated,held_out_val,6bba_43fea39d,7.0,10.0,80.0,81.0,2.1877232028983924
5.0,Learned_UNet_N0,seq_held_out_val_6bba_t80_p05_isolated,held_out_val,6bba_43fea39d,8.0,12.0,81.0,82.0,3.6336104634371584
5.0,Learned_UNet_N0,seq_held_out_val_6bba_t80_p05_isolated,held_out_val,6bba_43fea39d,9.0,13.0,81.0,82.0,0.5745242597140698
5.0,Learned_UNet_N0,seq_held_out_val_6bba_t80_p05_isolated,held_out_val,6bba_43fea39d,10.0,15.0,81.0,82.0,1.4647552056572457
5.0,Learned_UNet_N0,seq_held_out_val_6bba_t80_p05_isolated,held_out_val,6bba_43fea39d,11.0,16.0,81.0,82.0,3.350023320814349
5.0,Learned_UNet_N0,seq_held_out_val_6bba_t80_p05_isolated,held_out_val,6bba_43fea39d,12.0,17.0,82.0,83.0,3.350023320814349
5.0,Learned_UNet_N0,seq_held_out_val_6bba_t80_p05_isolated,held_out_val,6bba_43fea39d,13.0,19.0,82.0,83.0,0.0
5.0,Learned_UNet_N0,seq_held_out_val_6bba_t80_p05_isolated,held_out_val,6bba_43fea39d,15.0,22.0,82.0,83.0,2.4375
5.0,Learned_UNet_N0,seq_held_out_val_6bba_t80_p05_isolated,held_out_val,6bba_43fea39d,16.0,21.0,82.0,83.0,2.2980970388562794
5.0,Learned_UNet_N0,seq_held_out_val_6bba_t80_p05_isolated,held_out_val,6bba_43fea39d,17.0,23.0,83.0,84.0,3.25
5.0,Learned_UNet_N0,seq_held_out_val_6bba_t80_p05_isolated,held_out_val,6bba_43fea39d,18.0,24.0,83.0,84.0,3.374565944310468
5.0,Learned_UNet_N0,seq_held_out_val_6bba_t80_p05_isolated,held_out_val,6bba_43fea39d,19.0,25.0,83.0,84.0,3.25
5.0,Learned_UNet_N0,seq_held_out_val_6bba_t80_p05_isolated,held_out_val,6bba_43fea39d,21.0,28.0,83.0,84.0,0.5745242597140698
5.0,Learned_UNet_N0,seq_held_out_val_6bba_t80_p05_isolated,held_out_val,6bba_43fea39d,22.0,27.0,83.0,84.0,0.0
5.0,Learned_UNet_N0,seq_held_out_val_6bba_t35_p06_isolated,held_out_val,6bba_43fea39d,1.0,13.0,35.0,36.0,3.471001521535247
5.0,Learned_UNet_N0,seq_held_out_val_6bba_t35_p06_isolated,held_out_val,6bba_43fea39d,2.0,9.0,35.0,36.0,3.374565944310468
5.0,Learned_UNet_N0,seq_held_out_val_6bba_t35_p06_isolated,held_out_val,6bba_43fea39d,4.0,10.0,35.0,36.0,4.0625
5.0,Learned_UNet_N0,seq_held_out_val_6bba_t35_p06_isolated,held_out_val,6bba_43fea39d,7.0,14.0,35.0,36.0,0.8125
5.0,Learned_UNet_N0,seq_held_out_val_6bba_t35_p06_isolated,held_out_val,6bba_43fea39d,8.0,16.0,36.0,37.0,3.350023320814349
5.0,Learned_UNet_N0,seq_held_out_val_6bba_t35_p06_isolated,held_out_val,6bba_43fea39d,9.0,19.0,36.0,37.0,3.25
5.0,Learned_UNet_N0,seq_held_out_val_6bba_t35_p06_isolated,held_out_val,6bba_43fea39d,13.0,20.0,36.0,37.0,3.25
5.0,Learned_UNet_N0,seq_held_out_val_6bba_t35_p06_isolated,held_out_val,6bba_43fea39d,15.0,21.0,36.0,37.0,3.350023320814349
5.0,Learned_UNet_N0,seq_held_out_val_6bba_t35_p06_isolated,held_out_val,6bba_43fea39d,16.0,24.0,37.0,38.0,3.350023320814349
5.0,Learned_UNet_N0,seq_held_out_val_6bba_t35_p06_isolated,held_out_val,6bba_43fea39d,17.0,25.0,37.0,38.0,3.447145558284419
5.0,Learned_UNet_N0,seq_held_out_val_6bba_t35_p06_isolated,held_out_val,6bba_43fea39d,19.0,28.0,37.0,38.0,1.4647552056572457
5.0,Learned_UNet_N0,seq_held_out_val_6bba_t35_p06_isolated,held_out_val,6bba_43fea39d,20.0,27.0,37.0,38.0,3.374565944310468
5.0,Learned_UNet_N0,seq_held_out_val_6bba_t35_p06_isolated,held_out_val,6bba_43fea39d,21.0,29.0,37.0,38.0,0.40625
5.0,Learned_UNet_N0,seq_held_out_val_6bba_t35_p06_isolated,held_out_val,6bba_43fea39d,22.0,31.0,37.0,38.0,1.21875
5.0,Learned_UNet_N0,seq_held_out_val_6bba_t35_p06_isolated,held_out_val,6bba_43fea39d,24.0,36.0,38.0,39.0,3.6336104634371584
5.0,Learned_UNet_N0,seq_held_out_val_6bba_t35_p06_isolated,held_out_val,6bba_43fea39d,25.0,32.0,38.0,39.0,3.72334275215162
5.0,Learned_UNet_N0,seq_held_out_val_6bba_t35_p06_isolated,held_out_val,6bba_43fea39d,26.0,34.0,38.0,39.0,3.9804208320226646
5.0,Learned_UNet_N0,seq_held_out_val_6bba_t35_p06_isolated,held_out_val,6bba_43fea39d,27.0,39.0,38.0,39.0,2.03125
5.0,Learned_UNet_N0,seq_held_out_val_6bba_t35_p06_isolated,held_out_val,6bba_43fea39d,28.0,41.0,38.0,39.0,1.8168052317185792
5.0,Learned_UNet_N0,seq_held_out_val_6bba_t35_p06_isolated,held_out_val,6bba_43fea39d,31.0,38.0,38.0,39.0,3.8540258983302125
5.0,Learned_UNet_N0,seq_held_out_val_6bba_t35_p07_isolated,held_out_val,6bba_43fea39d,3.0,9.0,35.0,36.0,3.72334275215162
5.0,Learned_UNet_N0,seq_held_out_val_6bba_t35_p07_isolated,held_out_val,6bba_43fea39d,4.0,10.0,35.0,36.0,4.0625
5.0,Learned_UNet_N0,seq_held_out_val_6bba_t35_p07_isolated,held_out_val,6bba_43fea39d,5.0,12.0,35.0,36.0,3.6336104634371584
5.0,Learned_UNet_N0,seq_held_out_val_6bba_t35_p07_isolated,held_out_val,6bba_43fea39d,8.0,18.0,36.0,37.0,3.374565944310468
5.0,Learned_UNet_N0,seq_held_out_val_6bba_t35_p07_isolated,held_out_val,6bba_43fea39d,10.0,19.0,36.0,37.0,3.6336104634371584
5.0,Learned_UNet_N0,seq_held_out_val_6bba_t35_p07_isolated,held_out_val,6bba_43fea39d,12.0,21.0,36.0,37.0,0.5745242597140698
5.0,Learned_UNet_N0,seq_held_out_val_6bba_t35_p07_isolated,held_out_val,6bba_43fea39d,14.0,22.0,36.0,37.0,1.8168052317185792
5.0,Learned_UNet_N0,seq_held_out_val_6bba_t35_p07_isolated,held_out_val,6bba_43fea39d,17.0,24.0,37.0,38.0,3.350023320814349
5.0,Learned_UNet_N0,seq_held_out_val_6bba_t35_p07_isolated,held_out_val,6bba_43fea39d,18.0,25.0,37.0,38.0,0.9084026158592896
5.0,Learned_UNet_N0,seq_held_out_val_6bba_t35_p07_isolated,held_out_val,6bba_43fea39d,19.0,27.0,37.0,38.0,3.350023320814349
5.0,Learned_UNet_N0,seq_held_out_val_6bba_t35_p07_isolated,held_out_val,6bba_43fea39d,20.0,31.0,37.0,38.0,3.72334275215162
5.0,Learned_UNet_N0,seq_held_out_val_6bba_t35_p07_isolated,held_out_val,6bba_43fea39d,22.0,32.0,37.0,38.0,4.89189779763437
5.0,Learned_UNet_N0,seq_held_out_val_6bba_t35_p07_isolated,held_out_val,6bba_43fea39d,23.0,28.0,37.0,38.0,3.350023320814349
5.0,Learned_UNet_N0,seq_held_out_val_6bba_t35_p07_isolated,held_out_val,6bba_43fea39d,24.0,38.0,38.0,39.0,2.368824207280903
5.0,Learned_UNet_N0,seq_held_out_val_6bba_t35_p07_isolated,held_out_val,6bba_43fea39d,25.0,40.0,38.0,39.0,3.6336104634371584
5.0,Learned_UNet_N0,seq_held_out_val_6bba_t35_p07_isolated,held_out_val,6bba_43fea39d,26.0,34.0,38.0,39.0,3.6336104634371584
5.0,Learned_UNet_N0,seq_held_out_val_6bba_t35_p07_isolated,held_out_val,6bba_43fea39d,28.0,35.0,38.0,39.0,1.625
5.0,Learned_UNet_N0,seq_held_out_val_6bba_t35_p07_isolated,held_out_val,6bba_43fea39d,30.0,36.0,38.0,39.0,2.0714766773970688
5.0,Learned_UNet_N0,seq_held_out_val_6bba_t35_p07_isolated,held_out_val,6bba_43fea39d,31.0,39.0,38.0,39.0,4.021669817998489
5.0,Learned_UNet_N0,seq_held_out_val_6bba_t80_p08_isolated,held_out_val,6bba_43fea39d,0.0,8.0,80.0,81.0,1.1490485194281397
5.0,Learned_UNet_N0,seq_held_out_val_6bba_t80_p08_isolated,held_out_val,6bba_43fea39d,2.0,7.0,80.0,81.0,0.8125
5.0,Learned_UNet_N0,seq_held_out_val_6bba_t80_p08_isolated,held_out_val,6bba_43fea39d,3.0,9.0,80.0,81.0,3.2752922102462856
5.0,Learned_UNet_N0,seq_held_out_val_6bba_t80_p08_isolated,held_out_val,6bba_43fea39d,6.0,13.0,80.0,81.0,1.7235727791422095
5.0,Learned_UNet_N0,seq_held_out_val_6bba_t80_p08_isolated,held_out_val,6bba_43fea39d,7.0,16.0,81.0,82.0,0.0
5.0,Learned_UNet_N0,seq_held_out_val_6bba_t80_p08_isolated,held_out_val,6bba_43fea39d,8.0,15.0,81.0,82.0,0.9084026158592896
5.0,Learned_UNet_N0,seq_held_out_val_6bba_t80_p08_isolated,held_out_val,6bba_43fea39d,9.0,17.0,81.0,82.0,3.2752922102462856
5.0,Learned_UNet_N0,seq_held_out_val_6bba_t80_p08_isolated,held_out_val,6bba_43fea39d,10.0,18.0,81.0,82.0,2.03125
5.0,Learned_UNet_N0,seq_held_out_val_6bba_t80_p08_isolated,held_out_val,6bba_43fea39d,13.0,19.0,81.0,82.0,0.0
5.0,Learned_UNet_N0,seq_held_out_val_6bba_t80_p08_isolated,held_out_val,6bba_43fea39d,14.0,21.0,82.0,83.0,0.8125
5.0,Learned_UNet_N0,seq_held_out_val_6bba_t80_p08_isolated,held_out_val,6bba_43fea39d,15.0,20.0,82.0,83.0,2.7252078475778685
5.0,Learned_UNet_N0,seq_held_out_val_6bba_t80_p08_isolated,held_out_val,6bba_43fea39d,16.0,22.0,82.0,83.0,0.8125
5.0,Learned_UNet_N0,seq_held_out_val_6bba_t80_p08_isolated,held_out_val,6bba_43fea39d,17.0,23.0,82.0,83.0,3.350023320814349
5.0,Learned_UNet_N0,seq_held_out_val_6bba_t80_p08_isolated,held_out_val,6bba_43fea39d,18.0,24.0,82.0,83.0,1.284675299443404
5.0,Learned_UNet_N0,seq_held_out_val_6bba_t80_p08_isolated,held_out_val,6bba_43fea39d,19.0,30.0,82.0,83.0,2.0714766773970688
5.0,Learned_UNet_N0,seq_held_out_val_6bba_t80_p08_isolated,held_out_val,6bba_43fea39d,20.0,31.0,83.0,84.0,2.7252078475778685
5.0,Learned_UNet_N0,seq_held_out_val_6bba_t80_p08_isolated,held_out_val,6bba_43fea39d,23.0,33.0,83.0,84.0,0.5745242597140698
5.0,Learned_UNet_N0,seq_held_out_val_6bba_t80_p08_isolated,held_out_val,6bba_43fea39d,26.0,32.0,83.0,84.0,0.40625
5.0,Learned_UNet_N0,seq_held_out_val_6bba_t80_p08_isolated,held_out_val,6bba_43fea39d,28.0,35.0,83.0,84.0,4.33756303988772
5.0,Learned_UNet_N0,seq_held_out_val_6bba_t20_p09_boundary,held_out_val,6bba_43fea39d,0.0,5.0,20.0,21.0,3.25
5.0,Learned_UNet_N0,seq_held_out_val_6bba_t20_p09_boundary,held_out_val,6bba_43fea39d,1.0,7.0,20.0,21.0,3.2752922102462856
5.0,Learned_UNet_N0,seq_held_out_val_6bba_t20_p09_boundary,held_out_val,6bba_43fea39d,2.0,6.0,20.0,21.0,2.8726212985703494
5.0,Learned_UNet_N0,seq_held_out_val_6bba_t20_p09_boundary,held_out_val,6bba_43fea39d,3.0,8.0,20.0,21.0,3.25
5.0,Learned_UNet_N0,seq_held_out_val_6bba_t20_p09_boundary,held_out_val,6bba_43fea39d,4.0,11.0,20.0,21.0,1.6750116604071745
5.0,Learned_UNet_N0,seq_held_out_val_6bba_t20_p09_boundary,held_out_val,6bba_43fea39d,5.0,13.0,21.0,22.0,0.0
5.0,Learned_UNet_N0,seq_held_out_val_6bba_t20_p09_boundary,held_out_val,6bba_43fea39d,6.0,14.0,21.0,22.0,0.0
5.0,Learned_UNet_N0,seq_held_out_val_6bba_t20_p09_boundary,held_out_val,6bba_43fea39d,7.0,15.0,21.0,22.0,0.0
5.0,Learned_UNet_N0,seq_held_out_val_6bba_t20_p09_boundary,held_out_val,6bba_43fea39d,8.0,16.0,21.0,22.0,0.0
5.0,Learned_UNet_N0,seq_held_out_val_6bba_t20_p09_boundary,held_out_val,6bba_43fea39d,9.0,17.0,21.0,22.0,0.0
5.0,Learned_UNet_N0,seq_held_out_val_6bba_t20_p09_boundary,held_out_val,6bba_43fea39d,10.0,18.0,21.0,22.0,0.0
5.0,Learned_UNet_N0,seq_held_out_val_6bba_t20_p09_boundary,held_out_val,6bba_43fea39d,11.0,19.0,21.0,22.0,0.0
5.0,Learned_UNet_N0,seq_held_out_val_6bba_t20_p09_boundary,held_out_val,6bba_43fea39d,12.0,20.0,21.0,22.0,0.0
5.0,Learned_UNet_N0,seq_held_out_val_6bba_t20_p09_boundary,held_out_val,6bba_43fea39d,14.0,26.0,22.0,23.0,4.33756303988772
5.0,Learned_UNet_N0,seq_held_out_val_6bba_t20_p09_boundary,held_out_val,6bba_43fea39d,15.0,23.0,22.0,23.0,3.350023320814349
5.0,Learned_UNet_N0,seq_held_out_val_6bba_t20_p09_boundary,held_out_val,6bba_43fea39d,21.0,27.0,23.0,24.0,2.1877232028983924
5.0,Learned_UNet_N0,seq_held_out_val_6bba_t20_p09_boundary,held_out_val,6bba_43fea39d,25.0,29.0,23.0,24.0,0.40625
5.0,Learned_UNet_N0,seq_held_out_val_6bba_t20_p09_boundary,held_out_val,6bba_43fea39d,26.0,31.0,23.0,24.0,3.72334275215162
5.0,Learned_UNet_N0,seq_held_out_val_6bba_t50_p10_boundary,held_out_val,6bba_43fea39d,0.0,5.0,50.0,51.0,3.471001521535247
5.0,Learned_UNet_N0,seq_held_out_val_6bba_t50_p10_boundary,held_out_val,6bba_43fea39d,1.0,7.0,50.0,51.0,1.7235727791422095
5.0,Learned_UNet_N0,seq_held_out_val_6bba_t50_p10_boundary,held_out_val,6bba_43fea39d,5.0,8.0,51.0,52.0,0.0
5.0,Learned_UNet_N0,seq_held_out_val_6bba_t50_p10_boundary,held_out_val,6bba_43fea39d,6.0,9.0,51.0,52.0,0.0
5.0,Learned_UNet_N0,seq_held_out_val_6bba_t50_p10_boundary,held_out_val,6bba_43fea39d,7.0,10.0,51.0,52.0,0.0
5.0,Learned_UNet_N0,seq_held_out_val_6bba_t50_p10_boundary,held_out_val,6bba_43fea39d,11.0,16.0,53.0,54.0,1.6750116604071745
5.0,Learned_UNet_N0,seq_held_out_val_6bba_t50_p10_boundary,held_out_val,6bba_43fea39d,12.0,18.0,53.0,54.0,3.300390601883359
5.0,Learned_UNet_N0,seq_held_out_val_6bba_t50_p10_boundary,held_out_val,6bba_43fea39d,13.0,19.0,53.0,54.0,3.374565944310468
5.0,Learned_UNet_N0,seq_held_out_val_6bba_t50_p10_boundary,held_out_val,6bba_43fea39d,14.0,20.0,53.0,54.0,4.162823748671087
5.0,Learned_UNet_N0,seq_held_out_val_6bba_t35_p11_zero_annotation,held_out_val,6bba_43fea39d,3.0,37.0,35.0,36.0,3.25
5.0,Learned_UNet_N0,seq_held_out_val_6bba_t35_p11_zero_annotation,held_out_val,6bba_43fea39d,4.0,23.0,35.0,36.0,2.6012692214570947
5.0,Learned_UNet_N0,seq_held_out_val_6bba_t35_p11_zero_annotation,held_out_val,6bba_43fea39d,5.0,20.0,35.0,36.0,3.2752922102462856
5.0,Learned_UNet_N0,seq_held_out_val_6bba_t35_p11_zero_annotation,held_out_val,6bba_43fea39d,8.0,39.0,35.0,36.0,2.368824207280903
5.0,Learned_UNet_N0,seq_held_out_val_6bba_t35_p11_zero_annotation,held_out_val,6bba_43fea39d,9.0,34.0,35.0,36.0,3.6336104634371584
5.0,Learned_UNet_N0,seq_held_out_val_6bba_t35_p11_zero_annotation,held_out_val,6bba_43fea39d,10.0,32.0,35.0,36.0,4.1429533547941375
5.0,Learned_UNet_N0,seq_held_out_val_6bba_t35_p11_zero_annotation,held_out_val,6bba_43fea39d,13.0,28.0,35.0,36.0,1.7235727791422095
5.0,Learned_UNet_N0,seq_held_out_val_6bba_t35_p11_zero_annotation,held_out_val,6bba_43fea39d,14.0,30.0,35.0,36.0,4.0827619710803615
5.0,Learned_UNet_N0,seq_held_out_val_6bba_t35_p11_zero_annotation,held_out_val,6bba_43fea39d,20.0,61.0,36.0,37.0,4.487177913232324
5.0,Learned_UNet_N0,seq_held_out_val_6bba_t35_p11_zero_annotation,held_out_val,6bba_43fea39d,22.0,45.0,36.0,37.0,3.350023320814349
5.0,Learned_UNet_N0,seq_held_out_val_6bba_t35_p11_zero_annotation,held_out_val,6bba_43fea39d,23.0,48.0,36.0,37.0,1.6750116604071745
5.0,Learned_UNet_N0,seq_held_out_val_6bba_t35_p11_zero_annotation,held_out_val,6bba_43fea39d,27.0,60.0,36.0,37.0,3.374565944310468
5.0,Learned_UNet_N0,seq_held_out_val_6bba_t35_p11_zero_annotation,held_out_val,6bba_43fea39d,28.0,52.0,36.0,37.0,3.2752922102462856
5.0,Learned_UNet_N0,seq_held_out_val_6bba_t35_p11_zero_annotation,held_out_val,6bba_43fea39d,29.0,54.0,36.0,37.0,2.6012692214570947
5.0,Learned_UNet_N0,seq_held_out_val_6bba_t35_p11_zero_annotation,held_out_val,6bba_43fea39d,31.0,57.0,36.0,37.0,0.40625
5.0,Learned_UNet_N0,seq_held_out_val_6bba_t35_p11_zero_annotation,held_out_val,6bba_43fea39d,32.0,44.0,36.0,37.0,4.0827619710803615
5.0,Learned_UNet_N0,seq_held_out_val_6bba_t35_p11_zero_annotation,held_out_val,6bba_43fea39d,35.0,50.0,36.0,37.0,2.1877232028983924
5.0,Learned_UNet_N0,seq_held_out_val_6bba_t35_p11_zero_annotation,held_out_val,6bba_43fea39d,36.0,58.0,36.0,37.0,0.0
5.0,Learned_UNet_N0,seq_held_out_val_6bba_t35_p11_zero_annotation,held_out_val,6bba_43fea39d,37.0,62.0,36.0,37.0,3.374565944310468
5.0,Learned_UNet_N0,seq_held_out_val_6bba_t35_p11_zero_annotation,held_out_val,6bba_43fea39d,39.0,70.0,36.0,37.0,4.0827619710803615
5.0,Learned_UNet_N0,seq_held_out_val_6bba_t35_p11_zero_annotation,held_out_val,6bba_43fea39d,40.0,63.0,36.0,37.0,3.471001521535247
5.0,Learned_UNet_N0,seq_held_out_val_6bba_t35_p11_zero_annotation,held_out_val,6bba_43fea39d,43.0,73.0,37.0,38.0,0.0
5.0,Learned_UNet_N0,seq_held_out_val_6bba_t35_p11_zero_annotation,held_out_val,6bba_43fea39d,44.0,92.0,37.0,38.0,3.2752922102462856
5.0,Learned_UNet_N0,seq_held_out_val_6bba_t35_p11_zero_annotation,held_out_val,6bba_43fea39d,45.0,80.0,37.0,38.0,1.625
5.0,Learned_UNet_N0,seq_held_out_val_6bba_t35_p11_zero_annotation,held_out_val,6bba_43fea39d,49.0,77.0,37.0,38.0,3.2752922102462856
5.0,Learned_UNet_N0,seq_held_out_val_6bba_t35_p11_zero_annotation,held_out_val,6bba_43fea39d,52.0,78.0,37.0,38.0,3.300390601883359
5.0,Learned_UNet_N0,seq_held_out_val_6bba_t35_p11_zero_annotation,held_out_val,6bba_43fea39d,53.0,94.0,37.0,38.0,4.908737426772795
5.0,Learned_UNet_N0,seq_held_out_val_6bba_t35_p11_zero_annotation,held_out_val,6bba_43fea39d,56.0,74.0,37.0,38.0,4.667457150312148
5.0,Learned_UNet_N0,seq_held_out_val_6bba_t35_p11_zero_annotation,held_out_val,6bba_43fea39d,57.0,97.0,37.0,38.0,4.162823748671087
5.0,Learned_UNet_N0,seq_held_out_val_6bba_t35_p11_zero_annotation,held_out_val,6bba_43fea39d,58.0,85.0,37.0,38.0,3.494694639736067
5.0,Learned_UNet_N0,seq_held_out_val_6bba_t35_p11_zero_annotation,held_out_val,6bba_43fea39d,60.0,83.0,37.0,38.0,1.1490485194281397
5.0,Learned_UNet_N0,seq_held_out_val_6bba_t35_p11_zero_annotation,held_out_val,6bba_43fea39d,62.0,88.0,37.0,38.0,0.8125
5.0,Learned_UNet_N0,seq_held_out_val_6bba_t35_p11_zero_annotation,held_out_val,6bba_43fea39d,63.0,84.0,37.0,38.0,3.9804208320226646
5.0,Learned_UNet_N0,seq_held_out_val_6bba_t35_p11_zero_annotation,held_out_val,6bba_43fea39d,66.0,76.0,37.0,38.0,1.7235727791422095
5.0,Learned_UNet_N0,seq_held_out_val_6bba_t35_p11_zero_annotation,held_out_val,6bba_43fea39d,69.0,79.0,37.0,38.0,4.021669817998489
5.0,Learned_UNet_N0,seq_held_out_val_6bba_t35_p11_zero_annotation,held_out_val,6bba_43fea39d,71.0,89.0,37.0,38.0,3.447145558284419
5.0,Learned_UNet_N0,seq_held_out_val_6bba_t35_p11_zero_annotation,held_out_val,6bba_43fea39d,73.0,98.0,38.0,39.0,0.8125
5.0,Learned_UNet_N0,seq_held_out_val_6bba_t35_p11_zero_annotation,held_out_val,6bba_43fea39d,75.0,102.0,38.0,39.0,3.6787502123683256
5.0,Learned_UNet_N0,seq_held_out_val_6bba_t35_p11_zero_annotation,held_out_val,6bba_43fea39d,77.0,108.0,38.0,39.0,1.284675299443404
5.0,Learned_UNet_N0,seq_held_out_val_6bba_t35_p11_zero_annotation,held_out_val,6bba_43fea39d,78.0,100.0,38.0,39.0,4.908737426772795
5.0,Learned_UNet_N0,seq_held_out_val_6bba_t35_p11_zero_annotation,held_out_val,6bba_43fea39d,80.0,106.0,38.0,39.0,1.8168052317185792
5.0,Learned_UNet_N0,seq_held_out_val_6bba_t35_p11_zero_annotation,held_out_val,6bba_43fea39d,82.0,110.0,38.0,39.0,4.908737426772795
5.0,Learned_UNet_N0,seq_held_out_val_6bba_t35_p11_zero_annotation,held_out_val,6bba_43fea39d,84.0,107.0,38.0,39.0,1.9902104160113323
5.0,Learned_UNet_N0,seq_held_out_val_6bba_t35_p11_zero_annotation,held_out_val,6bba_43fea39d,85.0,123.0,38.0,39.0,4.1429533547941375
5.0,Learned_UNet_N0,seq_held_out_val_6bba_t35_p11_zero_annotation,held_out_val,6bba_43fea39d,90.0,111.0,38.0,39.0,2.4375
5.0,Learned_UNet_N0,seq_held_out_val_6bba_t35_p11_zero_annotation,held_out_val,6bba_43fea39d,92.0,99.0,38.0,39.0,3.300390601883359
5.0,Learned_UNet_N0,seq_held_out_val_6bba_t35_p11_zero_annotation,held_out_val,6bba_43fea39d,93.0,122.0,38.0,39.0,3.374565944310468
5.0,Learned_UNet_N0,seq_held_out_val_6bba_t35_p11_zero_annotation,held_out_val,6bba_43fea39d,94.0,120.0,38.0,39.0,1.7235727791422095
5.0,Learned_UNet_N0,seq_held_out_val_6bba_t65_p12_zero_annotation,held_out_val,6bba_43fea39d,1.0,26.0,65.0,66.0,3.300390601883359
5.0,Learned_UNet_N0,seq_held_out_val_6bba_t65_p12_zero_annotation,held_out_val,6bba_43fea39d,4.0,21.0,65.0,66.0,0.5745242597140698
5.0,Learned_UNet_N0,seq_held_out_val_6bba_t65_p12_zero_annotation,held_out_val,6bba_43fea39d,5.0,24.0,65.0,66.0,1.4647552056572457
5.0,Learned_UNet_N0,seq_held_out_val_6bba_t65_p12_zero_annotation,held_out_val,6bba_43fea39d,9.0,25.0,65.0,66.0,2.368824207280903
5.0,Learned_UNet_N0,seq_held_out_val_6bba_t65_p12_zero_annotation,held_out_val,6bba_43fea39d,12.0,22.0,65.0,66.0,1.1490485194281397
5.0,Learned_UNet_N0,seq_held_out_val_6bba_t65_p12_zero_annotation,held_out_val,6bba_43fea39d,15.0,23.0,65.0,66.0,4.487177913232324
5.0,Learned_UNet_N0,seq_held_out_val_6bba_t65_p12_zero_annotation,held_out_val,6bba_43fea39d,20.0,39.0,66.0,67.0,3.300390601883359
5.0,Learned_UNet_N0,seq_held_out_val_6bba_t65_p12_zero_annotation,held_out_val,6bba_43fea39d,21.0,35.0,66.0,67.0,0.40625
5.0,Learned_UNet_N0,seq_held_out_val_6bba_t65_p12_zero_annotation,held_out_val,6bba_43fea39d,22.0,34.0,66.0,67.0,3.447145558284419
5.0,Learned_UNet_N0,seq_held_out_val_6bba_t65_p12_zero_annotation,held_out_val,6bba_43fea39d,23.0,33.0,66.0,67.0,3.2752922102462856
5.0,Learned_UNet_N0,seq_held_out_val_6bba_t65_p12_zero_annotation,held_out_val,6bba_43fea39d,25.0,36.0,66.0,67.0,3.350023320814349
5.0,Learned_UNet_N0,seq_held_out_val_6bba_t65_p12_zero_annotation,held_out_val,6bba_43fea39d,26.0,40.0,66.0,67.0,0.8125
5.0,Learned_UNet_N0,seq_held_out_val_6bba_t65_p12_zero_annotation,held_out_val,6bba_43fea39d,27.0,37.0,66.0,67.0,3.374565944310468
5.0,Learned_UNet_N0,seq_held_out_val_6bba_t65_p12_zero_annotation,held_out_val,6bba_43fea39d,29.0,42.0,66.0,67.0,1.625
5.0,Learned_UNet_N0,seq_held_out_val_6bba_t65_p12_zero_annotation,held_out_val,6bba_43fea39d,31.0,45.0,66.0,67.0,4.1429533547941375
5.0,Learned_UNet_N0,seq_held_out_val_6bba_t65_p12_zero_annotation,held_out_val,6bba_43fea39d,33.0,52.0,67.0,68.0,2.8726212985703494
5.0,Learned_UNet_N0,seq_held_out_val_6bba_t65_p12_zero_annotation,held_out_val,6bba_43fea39d,34.0,53.0,67.0,68.0,0.40625
5.0,Learned_UNet_N0,seq_held_out_val_6bba_t65_p12_zero_annotation,held_out_val,6bba_43fea39d,35.0,49.0,67.0,68.0,1.7235727791422095
5.0,Learned_UNet_N0,seq_held_out_val_6bba_t65_p12_zero_annotation,held_out_val,6bba_43fea39d,36.0,56.0,67.0,68.0,0.9084026158592896
5.0,Learned_UNet_N0,seq_held_out_val_6bba_t65_p12_zero_annotation,held_out_val,6bba_43fea39d,37.0,55.0,67.0,68.0,0.9084026158592896
5.0,Learned_UNet_N0,seq_held_out_val_6bba_t65_p12_zero_annotation,held_out_val,6bba_43fea39d,40.0,50.0,67.0,68.0,3.2752922102462856
5.0,Learned_UNet_N0,seq_held_out_val_6bba_t65_p12_zero_annotation,held_out_val,6bba_43fea39d,43.0,60.0,67.0,68.0,2.4375
5.0,Learned_UNet_N0,seq_held_out_val_6bba_t65_p12_zero_annotation,held_out_val,6bba_43fea39d,45.0,57.0,67.0,68.0,3.350023320814349
5.0,Learned_UNet_N0,seq_held_out_val_6bba_t65_p12_zero_annotation,held_out_val,6bba_43fea39d,46.0,61.0,67.0,68.0,2.6012692214570947
5.0,Learned_UNet_N0,seq_held_out_val_6bba_t65_p12_zero_annotation,held_out_val,6bba_43fea39d,47.0,63.0,68.0,69.0,0.0
5.0,Learned_UNet_N0,seq_held_out_val_6bba_t65_p12_zero_annotation,held_out_val,6bba_43fea39d,48.0,64.0,68.0,69.0,0.0
5.0,Learned_UNet_N0,seq_held_out_val_6bba_t65_p12_zero_annotation,held_out_val,6bba_43fea39d,49.0,65.0,68.0,69.0,0.0
5.0,Learned_UNet_N0,seq_held_out_val_6bba_t65_p12_zero_annotation,held_out_val,6bba_43fea39d,50.0,66.0,68.0,69.0,0.0
5.0,Learned_UNet_N0,seq_held_out_val_6bba_t65_p12_zero_annotation,held_out_val,6bba_43fea39d,51.0,67.0,68.0,69.0,0.0
5.0,Learned_UNet_N0,seq_held_out_val_6bba_t65_p12_zero_annotation,held_out_val,6bba_43fea39d,52.0,68.0,68.0,69.0,0.0
5.0,Learned_UNet_N0,seq_held_out_val_6bba_t65_p12_zero_annotation,held_out_val,6bba_43fea39d,53.0,69.0,68.0,69.0,0.0
5.0,Learned_UNet_N0,seq_held_out_val_6bba_t65_p12_zero_annotation,held_out_val,6bba_43fea39d,54.0,70.0,68.0,69.0,0.0
5.0,Learned_UNet_N0,seq_held_out_val_6bba_t65_p12_zero_annotation,held_out_val,6bba_43fea39d,55.0,71.0,68.0,69.0,0.0
5.0,Learned_UNet_N0,seq_held_out_val_6bba_t65_p12_zero_annotation,held_out_val,6bba_43fea39d,56.0,72.0,68.0,69.0,0.0
5.0,Learned_UNet_N0,seq_held_out_val_6bba_t65_p12_zero_annotation,held_out_val,6bba_43fea39d,57.0,73.0,68.0,69.0,0.0
5.0,Learned_UNet_N0,seq_held_out_val_6bba_t65_p12_zero_annotation,held_out_val,6bba_43fea39d,58.0,74.0,68.0,69.0,0.0
5.0,Learned_UNet_N0,seq_held_out_val_6bba_t65_p12_zero_annotation,held_out_val,6bba_43fea39d,59.0,75.0,68.0,69.0,0.0
5.0,Learned_UNet_N0,seq_held_out_val_6bba_t65_p12_zero_annotation,held_out_val,6bba_43fea39d,60.0,76.0,68.0,69.0,0.0
5.0,Learned_UNet_N0,seq_held_out_val_6bba_t65_p12_zero_annotation,held_out_val,6bba_43fea39d,61.0,77.0,68.0,69.0,0.0
5.0,Learned_UNet_N0,seq_held_out_val_6bba_t65_p12_zero_annotation,held_out_val,6bba_43fea39d,62.0,78.0,68.0,69.0,0.0
5.0,Learned_UNet_N0,seq_train_44b6_t40_p01_crowded,train,44b6_d29c9ab2,0.0,22.0,40.0,41.0,1.625
5.0,Learned_UNet_N0,seq_train_44b6_t40_p01_crowded,train,44b6_d29c9ab2,1.0,28.0,40.0,41.0,0.9084026158592896
5.0,Learned_UNet_N0,seq_train_44b6_t40_p01_crowded,train,44b6_d29c9ab2,2.0,23.0,40.0,41.0,1.1490485194281397
5.0,Learned_UNet_N0,seq_train_44b6_t40_p01_crowded,train,44b6_d29c9ab2,3.0,25.0,40.0,41.0,0.9084026158592896
5.0,Learned_UNet_N0,seq_train_44b6_t40_p01_crowded,train,44b6_d29c9ab2,4.0,31.0,40.0,41.0,0.0
5.0,Learned_UNet_N0,seq_train_44b6_t40_p01_crowded,train,44b6_d29c9ab2,5.0,32.0,40.0,41.0,1.284675299443404
5.0,Learned_UNet_N0,seq_train_44b6_t40_p01_crowded,train,44b6_d29c9ab2,6.0,34.0,40.0,41.0,0.8125
5.0,Learned_UNet_N0,seq_train_44b6_t40_p01_crowded,train,44b6_d29c9ab2,7.0,35.0,40.0,41.0,2.03125
5.0,Learned_UNet_N0,seq_train_44b6_t40_p01_crowded,train,44b6_d29c9ab2,8.0,36.0,40.0,41.0,0.40625
5.0,Learned_UNet_N0,seq_train_44b6_t40_p01_crowded,train,44b6_d29c9ab2,9.0,29.0,40.0,41.0,0.40625
5.0,Learned_UNet_N0,seq_train_44b6_t40_p01_crowded,train,44b6_d29c9ab2,10.0,27.0,40.0,41.0,1.8168052317185792
5.0,Learned_UNet_N0,seq_train_44b6_t40_p01_crowded,train,44b6_d29c9ab2,11.0,37.0,40.0,41.0,1.625
5.0,Learned_UNet_N0,seq_train_44b6_t40_p01_crowded,train,44b6_d29c9ab2,12.0,24.0,40.0,41.0,1.1490485194281397
5.0,Learned_UNet_N0,seq_train_44b6_t40_p01_crowded,train,44b6_d29c9ab2,13.0,33.0,40.0,41.0,0.8125
5.0,Learned_UNet_N0,seq_train_44b6_t40_p01_crowded,train,44b6_d29c9ab2,14.0,38.0,40.0,41.0,0.5745242597140698
5.0,Learned_UNet_N0,seq_train_44b6_t40_p01_crowded,train,44b6_d29c9ab2,15.0,26.0,40.0,41.0,0.40625
5.0,Learned_UNet_N0,seq_train_44b6_t40_p01_crowded,train,44b6_d29c9ab2,16.0,30.0,40.0,41.0,3.65625
5.0,Learned_UNet_N0,seq_train_44b6_t40_p01_crowded,train,44b6_d29c9ab2,17.0,39.0,40.0,41.0,0.8125
5.0,Learned_UNet_N0,seq_train_44b6_t40_p01_crowded,train,44b6_d29c9ab2,18.0,40.0,40.0,41.0,1.6750116604071745
5.0,Learned_UNet_N0,seq_train_44b6_t40_p01_crowded,train,44b6_d29c9ab2,19.0,43.0,40.0,41.0,0.8125
5.0,Learned_UNet_N0,seq_train_44b6_t40_p01_crowded,train,44b6_d29c9ab2,20.0,44.0,40.0,41.0,1.8168052317185792
5.0,Learned_UNet_N0,seq_train_44b6_t40_p01_crowded,train,44b6_d29c9ab2,21.0,42.0,40.0,41.0,0.5745242597140698
5.0,Learned_UNet_N0,seq_train_44b6_t40_p01_crowded,train,44b6_d29c9ab2,22.0,60.0,41.0,42.0,4.0827619710803615
5.0,Learned_UNet_N0,seq_train_44b6_t40_p01_crowded,train,44b6_d29c9ab2,23.0,49.0,41.0,42.0,1.1490485194281397
5.0,Learned_UNet_N0,seq_train_44b6_t40_p01_crowded,train,44b6_d29c9ab2,24.0,45.0,41.0,42.0,1.8168052317185792
5.0,Learned_UNet_N0,seq_train_44b6_t40_p01_crowded,train,44b6_d29c9ab2,26.0,47.0,41.0,42.0,1.6750116604071745
5.0,Learned_UNet_N0,seq_train_44b6_t40_p01_crowded,train,44b6_d29c9ab2,27.0,51.0,41.0,42.0,1.284675299443404
5.0,Learned_UNet_N0,seq_train_44b6_t40_p01_crowded,train,44b6_d29c9ab2,28.0,58.0,41.0,42.0,1.21875
5.0,Learned_UNet_N0,seq_train_44b6_t40_p01_crowded,train,44b6_d29c9ab2,29.0,50.0,41.0,42.0,2.0714766773970688
5.0,Learned_UNet_N0,seq_train_44b6_t40_p01_crowded,train,44b6_d29c9ab2,30.0,48.0,41.0,42.0,1.21875
5.0,Learned_UNet_N0,seq_train_44b6_t40_p01_crowded,train,44b6_d29c9ab2,31.0,56.0,41.0,42.0,1.284675299443404
5.0,Learned_UNet_N0,seq_train_44b6_t40_p01_crowded,train,44b6_d29c9ab2,32.0,61.0,41.0,42.0,2.0714766773970688
5.0,Learned_UNet_N0,seq_train_44b6_t40_p01_crowded,train,44b6_d29c9ab2,34.0,53.0,41.0,42.0,1.625
5.0,Learned_UNet_N0,seq_train_44b6_t40_p01_crowded,train,44b6_d29c9ab2,35.0,54.0,41.0,42.0,3.8540258983302125
5.0,Learned_UNet_N0,seq_train_44b6_t40_p01_crowded,train,44b6_d29c9ab2,36.0,52.0,41.0,42.0,0.0
5.0,Learned_UNet_N0,seq_train_44b6_t40_p01_crowded,train,44b6_d29c9ab2,37.0,63.0,41.0,42.0,3.72334275215162
5.0,Learned_UNet_N0,seq_train_44b6_t40_p01_crowded,train,44b6_d29c9ab2,38.0,55.0,41.0,42.0,2.569350598886808
5.0,Learned_UNet_N0,seq_train_44b6_t40_p01_crowded,train,44b6_d29c9ab2,39.0,57.0,41.0,42.0,1.1490485194281397
5.0,Learned_UNet_N0,seq_train_44b6_t40_p01_crowded,train,44b6_d29c9ab2,40.0,64.0,41.0,42.0,3.6336104634371584
5.0,Learned_UNet_N0,seq_train_44b6_t40_p01_crowded,train,44b6_d29c9ab2,41.0,65.0,41.0,42.0,1.4647552056572457
5.0,Learned_UNet_N0,seq_train_44b6_t40_p01_crowded,train,44b6_d29c9ab2,42.0,66.0,41.0,42.0,1.625
5.0,Learned_UNet_N0,seq_train_44b6_t40_p01_crowded,train,44b6_d29c9ab2,43.0,67.0,41.0,42.0,3.2752922102462856
5.0,Learned_UNet_N0,seq_train_44b6_t40_p01_crowded,train,44b6_d29c9ab2,45.0,71.0,42.0,43.0,1.1490485194281397
5.0,Learned_UNet_N0,seq_train_44b6_t40_p01_crowded,train,44b6_d29c9ab2,46.0,68.0,42.0,43.0,0.9084026158592896
5.0,Learned_UNet_N0,seq_train_44b6_t40_p01_crowded,train,44b6_d29c9ab2,47.0,70.0,42.0,43.0,1.1490485194281397
5.0,Learned_UNet_N0,seq_train_44b6_t40_p01_crowded,train,44b6_d29c9ab2,48.0,75.0,42.0,43.0,1.625
5.0,Learned_UNet_N0,seq_train_44b6_t40_p01_crowded,train,44b6_d29c9ab2,49.0,72.0,42.0,43.0,0.9084026158592896
5.0,Learned_UNet_N0,seq_train_44b6_t40_p01_crowded,train,44b6_d29c9ab2,50.0,69.0,42.0,43.0,1.7235727791422095
5.0,Learned_UNet_N0,seq_train_44b6_t40_p01_crowded,train,44b6_d29c9ab2,51.0,78.0,42.0,43.0,1.284675299443404
5.0,Learned_UNet_N0,seq_train_44b6_t40_p01_crowded,train,44b6_d29c9ab2,53.0,77.0,42.0,43.0,1.4647552056572457
5.0,Learned_UNet_N0,seq_train_44b6_t40_p01_crowded,train,44b6_d29c9ab2,54.0,82.0,42.0,43.0,3.5648292823780494
5.0,Learned_UNet_N0,seq_train_44b6_t40_p01_crowded,train,44b6_d29c9ab2,55.0,79.0,42.0,43.0,0.0
5.0,Learned_UNet_N0,seq_train_44b6_t40_p01_crowded,train,44b6_d29c9ab2,56.0,76.0,42.0,43.0,3.447145558284419
5.0,Learned_UNet_N0,seq_train_44b6_t40_p01_crowded,train,44b6_d29c9ab2,57.0,74.0,42.0,43.0,0.40625
5.0,Learned_UNet_N0,seq_train_44b6_t40_p01_crowded,train,44b6_d29c9ab2,58.0,81.0,42.0,43.0,0.8125
5.0,Learned_UNet_N0,seq_train_44b6_t40_p01_crowded,train,44b6_d29c9ab2,59.0,84.0,42.0,43.0,3.494694639736067
5.0,Learned_UNet_N0,seq_train_44b6_t40_p01_crowded,train,44b6_d29c9ab2,60.0,80.0,42.0,43.0,1.625
5.0,Learned_UNet_N0,seq_train_44b6_t40_p01_crowded,train,44b6_d29c9ab2,61.0,85.0,42.0,43.0,1.21875
5.0,Learned_UNet_N0,seq_train_44b6_t40_p01_crowded,train,44b6_d29c9ab2,63.0,83.0,42.0,43.0,1.1490485194281397
5.0,Learned_UNet_N0,seq_train_44b6_t40_p01_crowded,train,44b6_d29c9ab2,64.0,87.0,42.0,43.0,0.8125
5.0,Learned_UNet_N0,seq_train_44b6_t40_p01_crowded,train,44b6_d29c9ab2,65.0,86.0,42.0,43.0,3.300390601883359
5.0,Learned_UNet_N0,seq_train_44b6_t40_p01_crowded,train,44b6_d29c9ab2,67.0,90.0,42.0,43.0,0.40625
5.0,Learned_UNet_N0,seq_train_44b6_t40_p01_crowded,train,44b6_d29c9ab2,68.0,91.0,43.0,44.0,4.021669817998489
5.0,Learned_UNet_N0,seq_train_44b6_t40_p01_crowded,train,44b6_d29c9ab2,69.0,93.0,43.0,44.0,1.8168052317185792
5.0,Learned_UNet_N0,seq_train_44b6_t40_p01_crowded,train,44b6_d29c9ab2,70.0,95.0,43.0,44.0,1.21875
5.0,Learned_UNet_N0,seq_train_44b6_t40_p01_crowded,train,44b6_d29c9ab2,71.0,97.0,43.0,44.0,2.2980970388562794
5.0,Learned_UNet_N0,seq_train_44b6_t40_p01_crowded,train,44b6_d29c9ab2,72.0,92.0,43.0,44.0,1.6750116604071745
5.0,Learned_UNet_N0,seq_train_44b6_t40_p01_crowded,train,44b6_d29c9ab2,73.0,94.0,43.0,44.0,2.9295104113144914
5.0,Learned_UNet_N0,seq_train_44b6_t40_p01_crowded,train,44b6_d29c9ab2,74.0,105.0,43.0,44.0,1.4647552056572457
5.0,Learned_UNet_N0,seq_train_44b6_t40_p01_crowded,train,44b6_d29c9ab2,75.0,101.0,43.0,44.0,0.9084026158592896
5.0,Learned_UNet_N0,seq_train_44b6_t40_p01_crowded,train,44b6_d29c9ab2,76.0,98.0,43.0,44.0,0.9084026158592896
5.0,Learned_UNet_N0,seq_train_44b6_t40_p01_crowded,train,44b6_d29c9ab2,77.0,100.0,43.0,44.0,1.1490485194281397
5.0,Learned_UNet_N0,seq_train_44b6_t40_p01_crowded,train,44b6_d29c9ab2,78.0,108.0,43.0,44.0,0.5745242597140698
5.0,Learned_UNet_N0,seq_train_44b6_t40_p01_crowded,train,44b6_d29c9ab2,79.0,104.0,43.0,44.0,0.8125
5.0,Learned_UNet_N0,seq_train_44b6_t40_p01_crowded,train,44b6_d29c9ab2,80.0,96.0,43.0,44.0,1.6750116604071745
5.0,Learned_UNet_N0,seq_train_44b6_t40_p01_crowded,train,44b6_d29c9ab2,82.0,106.0,43.0,44.0,1.21875
5.0,Learned_UNet_N0,seq_train_44b6_t40_p01_crowded,train,44b6_d29c9ab2,83.0,103.0,43.0,44.0,1.21875
5.0,Learned_UNet_N0,seq_train_44b6_t40_p01_crowded,train,44b6_d29c9ab2,85.0,107.0,43.0,44.0,1.6750116604071745
5.0,Learned_UNet_N0,seq_train_44b6_t40_p01_crowded,train,44b6_d29c9ab2,86.0,109.0,43.0,44.0,0.40625
5.0,Learned_UNet_N0,seq_train_44b6_t40_p01_crowded,train,44b6_d29c9ab2,87.0,110.0,43.0,44.0,0.8125
5.0,Learned_UNet_N0,seq_train_44b6_t40_p01_crowded,train,44b6_d29c9ab2,88.0,111.0,43.0,44.0,1.6750116604071745
5.0,Learned_UNet_N0,seq_train_44b6_t45_p02_crowded,train,44b6_d29c9ab2,0.0,21.0,45.0,46.0,1.8168052317185792
5.0,Learned_UNet_N0,seq_train_44b6_t45_p02_crowded,train,44b6_d29c9ab2,1.0,25.0,45.0,46.0,0.40625
5.0,Learned_UNet_N0,seq_train_44b6_t45_p02_crowded,train,44b6_d29c9ab2,2.0,23.0,45.0,46.0,1.1490485194281397
5.0,Learned_UNet_N0,seq_train_44b6_t45_p02_crowded,train,44b6_d29c9ab2,3.0,22.0,45.0,46.0,1.4647552056572457
5.0,Learned_UNet_N0,seq_train_44b6_t45_p02_crowded,train,44b6_d29c9ab2,4.0,24.0,45.0,46.0,0.8125
5.0,Learned_UNet_N0,seq_train_44b6_t45_p02_crowded,train,44b6_d29c9ab2,6.0,26.0,45.0,46.0,1.284675299443404
5.0,Learned_UNet_N0,seq_train_44b6_t45_p02_crowded,train,44b6_d29c9ab2,7.0,30.0,45.0,46.0,4.0827619710803615
5.0,Learned_UNet_N0,seq_train_44b6_t45_p02_crowded,train,44b6_d29c9ab2,8.0,28.0,45.0,46.0,3.471001521535247
5.0,Learned_UNet_N0,seq_train_44b6_t45_p02_crowded,train,44b6_d29c9ab2,9.0,29.0,45.0,46.0,0.9084026158592896
5.0,Learned_UNet_N0,seq_train_44b6_t45_p02_crowded,train,44b6_d29c9ab2,10.0,31.0,45.0,46.0,1.1490485194281397
5.0,Learned_UNet_N0,seq_train_44b6_t45_p02_crowded,train,44b6_d29c9ab2,11.0,32.0,45.0,46.0,1.1490485194281397
5.0,Learned_UNet_N0,seq_train_44b6_t45_p02_crowded,train,44b6_d29c9ab2,12.0,34.0,45.0,46.0,0.40625
5.0,Learned_UNet_N0,seq_train_44b6_t45_p02_crowded,train,44b6_d29c9ab2,13.0,36.0,45.0,46.0,2.03125
5.0,Learned_UNet_N0,seq_train_44b6_t45_p02_crowded,train,44b6_d29c9ab2,15.0,33.0,45.0,46.0,0.9084026158592896
5.0,Learned_UNet_N0,seq_train_44b6_t45_p02_crowded,train,44b6_d29c9ab2,16.0,40.0,45.0,46.0,0.40625
5.0,Learned_UNet_N0,seq_train_44b6_t45_p02_crowded,train,44b6_d29c9ab2,18.0,35.0,45.0,46.0,1.8168052317185792
5.0,Learned_UNet_N0,seq_train_44b6_t45_p02_crowded,train,44b6_d29c9ab2,19.0,41.0,45.0,46.0,0.0
5.0,Learned_UNet_N0,seq_train_44b6_t45_p02_crowded,train,44b6_d29c9ab2,20.0,37.0,45.0,46.0,1.8168052317185792
5.0,Learned_UNet_N0,seq_train_44b6_t45_p02_crowded,train,44b6_d29c9ab2,21.0,43.0,46.0,47.0,0.40625
5.0,Learned_UNet_N0,seq_train_44b6_t45_p02_crowded,train,44b6_d29c9ab2,22.0,44.0,46.0,47.0,1.1490485194281397
5.0,Learned_UNet_N0,seq_train_44b6_t45_p02_crowded,train,44b6_d29c9ab2,23.0,46.0,46.0,47.0,1.8168052317185792
5.0,Learned_UNet_N0,seq_train_44b6_t45_p02_crowded,train,44b6_d29c9ab2,24.0,49.0,46.0,47.0,1.4647552056572457
5.0,Learned_UNet_N0,seq_train_44b6_t45_p02_crowded,train,44b6_d29c9ab2,25.0,48.0,46.0,47.0,0.9084026158592896
5.0,Learned_UNet_N0,seq_train_44b6_t45_p02_crowded,train,44b6_d29c9ab2,26.0,51.0,46.0,47.0,1.1490485194281397
5.0,Learned_UNet_N0,seq_train_44b6_t45_p02_crowded,train,44b6_d29c9ab2,28.0,47.0,46.0,47.0,1.8168052317185792
5.0,Learned_UNet_N0,seq_train_44b6_t45_p02_crowded,train,44b6_d29c9ab2,29.0,52.0,46.0,47.0,0.8125
5.0,Learned_UNet_N0,seq_train_44b6_t45_p02_crowded,train,44b6_d29c9ab2,30.0,50.0,46.0,47.0,3.72334275215162
5.0,Learned_UNet_N0,seq_train_44b6_t45_p02_crowded,train,44b6_d29c9ab2,31.0,53.0,46.0,47.0,1.6750116604071745
5.0,Learned_UNet_N0,seq_train_44b6_t45_p02_crowded,train,44b6_d29c9ab2,32.0,56.0,46.0,47.0,3.447145558284419
5.0,Learned_UNet_N0,seq_train_44b6_t45_p02_crowded,train,44b6_d29c9ab2,34.0,54.0,46.0,47.0,3.72334275215162
5.0,Learned_UNet_N0,seq_train_44b6_t45_p02_crowded,train,44b6_d29c9ab2,35.0,58.0,46.0,47.0,0.9084026158592896
5.0,Learned_UNet_N0,seq_train_44b6_t45_p02_crowded,train,44b6_d29c9ab2,36.0,57.0,46.0,47.0,1.9902104160113323
5.0,Learned_UNet_N0,seq_train_44b6_t45_p02_crowded,train,44b6_d29c9ab2,37.0,62.0,46.0,47.0,1.86167137607581
5.0,Learned_UNet_N0,seq_train_44b6_t45_p02_crowded,train,44b6_d29c9ab2,38.0,60.0,46.0,47.0,0.8125
5.0,Learned_UNet_N0,seq_train_44b6_t45_p02_crowded,train,44b6_d29c9ab2,43.0,63.0,47.0,48.0,1.8168052317185792
5.0,Learned_UNet_N0,seq_train_44b6_t45_p02_crowded,train,44b6_d29c9ab2,44.0,69.0,47.0,48.0,1.4647552056572457
5.0,Learned_UNet_N0,seq_train_44b6_t45_p02_crowded,train,44b6_d29c9ab2,46.0,64.0,47.0,48.0,0.40625
5.0,Learned_UNet_N0,seq_train_44b6_t45_p02_crowded,train,44b6_d29c9ab2,47.0,72.0,47.0,48.0,0.9084026158592896
5.0,Learned_UNet_N0,seq_train_44b6_t45_p02_crowded,train,44b6_d29c9ab2,48.0,70.0,47.0,48.0,0.8125
5.0,Learned_UNet_N0,seq_train_44b6_t45_p02_crowded,train,44b6_d29c9ab2,49.0,66.0,47.0,48.0,2.0714766773970688
5.0,Learned_UNet_N0,seq_train_44b6_t45_p02_crowded,train,44b6_d29c9ab2,50.0,71.0,47.0,48.0,0.9084026158592896
5.0,Learned_UNet_N0,seq_train_44b6_t45_p02_crowded,train,44b6_d29c9ab2,51.0,68.0,47.0,48.0,2.569350598886808
5.0,Learned_UNet_N0,seq_train_44b6_t45_p02_crowded,train,44b6_d29c9ab2,52.0,67.0,47.0,48.0,1.6750116604071745
5.0,Learned_UNet_N0,seq_train_44b6_t45_p02_crowded,train,44b6_d29c9ab2,53.0,74.0,47.0,48.0,0.40625
5.0,Learned_UNet_N0,seq_train_44b6_t45_p02_crowded,train,44b6_d29c9ab2,54.0,79.0,47.0,48.0,3.374565944310468
5.0,Learned_UNet_N0,seq_train_44b6_t45_p02_crowded,train,44b6_d29c9ab2,55.0,77.0,47.0,48.0,1.86167137607581
5.0,Learned_UNet_N0,seq_train_44b6_t45_p02_crowded,train,44b6_d29c9ab2,56.0,76.0,47.0,48.0,3.447145558284419
5.0,Learned_UNet_N0,seq_train_44b6_t45_p02_crowded,train,44b6_d29c9ab2,57.0,78.0,47.0,48.0,0.0
5.0,Learned_UNet_N0,seq_train_44b6_t45_p02_crowded,train,44b6_d29c9ab2,58.0,73.0,47.0,48.0,3.300390601883359
5.0,Learned_UNet_N0,seq_train_44b6_t45_p02_crowded,train,44b6_d29c9ab2,60.0,82.0,47.0,48.0,1.625
5.0,Learned_UNet_N0,seq_train_44b6_t45_p02_crowded,train,44b6_d29c9ab2,62.0,81.0,47.0,48.0,2.333728575156074
5.0,Learned_UNet_N0,seq_train_44b6_t45_p02_crowded,train,44b6_d29c9ab2,63.0,85.0,48.0,49.0,4.596194077712559
5.0,Learned_UNet_N0,seq_train_44b6_t45_p02_crowded,train,44b6_d29c9ab2,64.0,87.0,48.0,49.0,4.394265616971737
5.0,Learned_UNet_N0,seq_train_44b6_t45_p02_crowded,train,44b6_d29c9ab2,67.0,88.0,48.0,49.0,3.447145558284419
5.0,Learned_UNet_N0,seq_train_44b6_t45_p02_crowded,train,44b6_d29c9ab2,68.0,93.0,48.0,49.0,4.958913218891817
5.0,Learned_UNet_N0,seq_train_44b6_t45_p02_crowded,train,44b6_d29c9ab2,72.0,101.0,48.0,49.0,4.89189779763437
5.0,Learned_UNet_N0,seq_train_44b6_t45_p02_crowded,train,44b6_d29c9ab2,73.0,98.0,48.0,49.0,4.908737426772795
5.0,Learned_UNet_N0,seq_train_44b6_t45_p02_crowded,train,44b6_d29c9ab2,75.0,97.0,48.0,49.0,4.318496736423452
5.0,Learned_UNet_N0,seq_train_44b6_t45_p02_crowded,train,44b6_d29c9ab2,77.0,90.0,48.0,49.0,4.685103554085011
5.0,Learned_UNet_N0,seq_train_44b6_t45_p02_crowded,train,44b6_d29c9ab2,78.0,106.0,48.0,49.0,3.2752922102462856
5.0,Learned_UNet_N0,seq_train_44b6_t45_p02_crowded,train,44b6_d29c9ab2,80.0,91.0,48.0,49.0,2.03125
5.0,Learned_UNet_N0,seq_train_44b6_t45_p02_crowded,train,44b6_d29c9ab2,81.0,100.0,48.0,49.0,3.2752922102462856
5.0,Learned_UNet_N0,seq_train_44b6_t45_p02_crowded,train,44b6_d29c9ab2,82.0,94.0,48.0,49.0,3.300390601883359
5.0,Learned_UNet_N0,seq_train_44b6_t40_p04_crowded,train,44b6_d29c9ab2,0.0,17.0,40.0,41.0,0.8125
5.0,Learned_UNet_N0,seq_train_44b6_t40_p04_crowded,train,44b6_d29c9ab2,1.0,18.0,40.0,41.0,0.8125
5.0,Learned_UNet_N0,seq_train_44b6_t40_p04_crowded,train,44b6_d29c9ab2,2.0,20.0,40.0,41.0,0.8125
5.0,Learned_UNet_N0,seq_train_44b6_t40_p04_crowded,train,44b6_d29c9ab2,3.0,19.0,40.0,41.0,1.21875
5.0,Learned_UNet_N0,seq_train_44b6_t40_p04_crowded,train,44b6_d29c9ab2,4.0,22.0,40.0,41.0,1.4647552056572457
5.0,Learned_UNet_N0,seq_train_44b6_t40_p04_crowded,train,44b6_d29c9ab2,5.0,24.0,40.0,41.0,0.40625
5.0,Learned_UNet_N0,seq_train_44b6_t40_p04_crowded,train,44b6_d29c9ab2,6.0,21.0,40.0,41.0,3.350023320814349
5.0,Learned_UNet_N0,seq_train_44b6_t40_p04_crowded,train,44b6_d29c9ab2,7.0,27.0,40.0,41.0,0.9084026158592896
5.0,Learned_UNet_N0,seq_train_44b6_t40_p04_crowded,train,44b6_d29c9ab2,8.0,23.0,40.0,41.0,0.0
5.0,Learned_UNet_N0,seq_train_44b6_t40_p04_crowded,train,44b6_d29c9ab2,9.0,25.0,40.0,41.0,1.625
5.0,Learned_UNet_N0,seq_train_44b6_t40_p04_crowded,train,44b6_d29c9ab2,10.0,31.0,40.0,41.0,3.65625
5.0,Learned_UNet_N0,seq_train_44b6_t40_p04_crowded,train,44b6_d29c9ab2,11.0,26.0,40.0,41.0,0.40625
5.0,Learned_UNet_N0,seq_train_44b6_t40_p04_crowded,train,44b6_d29c9ab2,12.0,30.0,40.0,41.0,1.625
5.0,Learned_UNet_N0,seq_train_44b6_t40_p04_crowded,train,44b6_d29c9ab2,13.0,28.0,40.0,41.0,0.8125
5.0,Learned_UNet_N0,seq_train_44b6_t40_p04_crowded,train,44b6_d29c9ab2,14.0,29.0,40.0,41.0,1.21875
5.0,Learned_UNet_N0,seq_train_44b6_t40_p04_crowded,train,44b6_d29c9ab2,15.0,33.0,40.0,41.0,0.5745242597140698
5.0,Learned_UNet_N0,seq_train_44b6_t40_p04_crowded,train,44b6_d29c9ab2,16.0,32.0,40.0,41.0,2.03125
5.0,Learned_UNet_N0,seq_train_44b6_t40_p04_crowded,train,44b6_d29c9ab2,17.0,34.0,41.0,42.0,0.8125
5.0,Learned_UNet_N0,seq_train_44b6_t40_p04_crowded,train,44b6_d29c9ab2,18.0,35.0,41.0,42.0,1.21875
5.0,Learned_UNet_N0,seq_train_44b6_t40_p04_crowded,train,44b6_d29c9ab2,19.0,41.0,41.0,42.0,0.9084026158592896
5.0,Learned_UNet_N0,seq_train_44b6_t40_p04_crowded,train,44b6_d29c9ab2,20.0,36.0,41.0,42.0,3.2752922102462856
5.0,Learned_UNet_N0,seq_train_44b6_t40_p04_crowded,train,44b6_d29c9ab2,21.0,38.0,41.0,42.0,3.471001521535247
5.0,Learned_UNet_N0,seq_train_44b6_t40_p04_crowded,train,44b6_d29c9ab2,22.0,42.0,41.0,42.0,3.72334275215162
5.0,Learned_UNet_N0,seq_train_44b6_t40_p04_crowded,train,44b6_d29c9ab2,23.0,37.0,41.0,42.0,0.9084026158592896
5.0,Learned_UNet_N0,seq_train_44b6_t40_p04_crowded,train,44b6_d29c9ab2,25.0,40.0,41.0,42.0,0.9084026158592896
5.0,Learned_UNet_N0,seq_train_44b6_t40_p04_crowded,train,44b6_d29c9ab2,27.0,48.0,41.0,42.0,3.5648292823780494
5.0,Learned_UNet_N0,seq_train_44b6_t40_p04_crowded,train,44b6_d29c9ab2,28.0,43.0,41.0,42.0,3.65625
5.0,Learned_UNet_N0,seq_train_44b6_t40_p04_crowded,train,44b6_d29c9ab2,29.0,49.0,41.0,42.0,0.8125
5.0,Learned_UNet_N0,seq_train_44b6_t40_p04_crowded,train,44b6_d29c9ab2,30.0,45.0,41.0,42.0,1.6750116604071745
5.0,Learned_UNet_N0,seq_train_44b6_t40_p04_crowded,train,44b6_d29c9ab2,31.0,46.0,41.0,42.0,4.021669817998489
5.0,Learned_UNet_N0,seq_train_44b6_t40_p04_crowded,train,44b6_d29c9ab2,32.0,50.0,41.0,42.0,1.21875
5.0,Learned_UNet_N0,seq_train_44b6_t40_p04_crowded,train,44b6_d29c9ab2,33.0,52.0,41.0,42.0,0.8125
5.0,Learned_UNet_N0,seq_train_44b6_t40_p04_crowded,train,44b6_d29c9ab2,34.0,53.0,42.0,43.0,1.1490485194281397
5.0,Learned_UNet_N0,seq_train_44b6_t40_p04_crowded,train,44b6_d29c9ab2,35.0,55.0,42.0,43.0,0.8125
5.0,Learned_UNet_N0,seq_train_44b6_t40_p04_crowded,train,44b6_d29c9ab2,36.0,56.0,42.0,43.0,4.1429533547941375
5.0,Learned_UNet_N0,seq_train_44b6_t40_p04_crowded,train,44b6_d29c9ab2,37.0,54.0,42.0,43.0,1.284675299443404
5.0,Learned_UNet_N0,seq_train_44b6_t40_p04_crowded,train,44b6_d29c9ab2,38.0,57.0,42.0,43.0,4.0827619710803615
5.0,Learned_UNet_N0,seq_train_44b6_t40_p04_crowded,train,44b6_d29c9ab2,39.0,59.0,42.0,43.0,1.21875
5.0,Learned_UNet_N0,seq_train_44b6_t40_p04_crowded,train,44b6_d29c9ab2,40.0,58.0,42.0,43.0,0.40625
5.0,Learned_UNet_N0,seq_train_44b6_t40_p04_crowded,train,44b6_d29c9ab2,41.0,60.0,42.0,43.0,1.284675299443404
5.0,Learned_UNet_N0,seq_train_44b6_t40_p04_crowded,train,44b6_d29c9ab2,42.0,63.0,42.0,43.0,3.5648292823780494
5.0,Learned_UNet_N0,seq_train_44b6_t40_p04_crowded,train,44b6_d29c9ab2,43.0,62.0,42.0,43.0,3.2752922102462856
5.0,Learned_UNet_N0,seq_train_44b6_t40_p04_crowded,train,44b6_d29c9ab2,44.0,61.0,42.0,43.0,0.5745242597140698
5.0,Learned_UNet_N0,seq_train_44b6_t40_p04_crowded,train,44b6_d29c9ab2,45.0,64.0,42.0,43.0,0.8125
5.0,Learned_UNet_N0,seq_train_44b6_t40_p04_crowded,train,44b6_d29c9ab2,46.0,66.0,42.0,43.0,0.9084026158592896
5.0,Learned_UNet_N0,seq_train_44b6_t40_p04_crowded,train,44b6_d29c9ab2,47.0,70.0,42.0,43.0,0.8125
5.0,Learned_UNet_N0,seq_train_44b6_t40_p04_crowded,train,44b6_d29c9ab2,48.0,68.0,42.0,43.0,0.8125
5.0,Learned_UNet_N0,seq_train_44b6_t40_p04_crowded,train,44b6_d29c9ab2,49.0,67.0,42.0,43.0,1.6750116604071745
5.0,Learned_UNet_N0,seq_train_44b6_t40_p04_crowded,train,44b6_d29c9ab2,50.0,69.0,42.0,43.0,0.8125
5.0,Learned_UNet_N0,seq_train_44b6_t40_p04_crowded,train,44b6_d29c9ab2,52.0,71.0,42.0,43.0,0.8125
5.0,Learned_UNet_N0,seq_train_44b6_t40_p04_crowded,train,44b6_d29c9ab2,53.0,72.0,43.0,44.0,0.9084026158592896
5.0,Learned_UNet_N0,seq_train_44b6_t40_p04_crowded,train,44b6_d29c9ab2,54.0,74.0,43.0,44.0,0.8125
5.0,Learned_UNet_N0,seq_train_44b6_t40_p04_crowded,train,44b6_d29c9ab2,55.0,73.0,43.0,44.0,1.284675299443404
5.0,Learned_UNet_N0,seq_train_44b6_t40_p04_crowded,train,44b6_d29c9ab2,56.0,75.0,43.0,44.0,0.40625
5.0,Learned_UNet_N0,seq_train_44b6_t40_p04_crowded,train,44b6_d29c9ab2,57.0,76.0,43.0,44.0,3.374565944310468
5.0,Learned_UNet_N0,seq_train_44b6_t40_p04_crowded,train,44b6_d29c9ab2,58.0,77.0,43.0,44.0,0.8125
5.0,Learned_UNet_N0,seq_train_44b6_t40_p04_crowded,train,44b6_d29c9ab2,59.0,79.0,43.0,44.0,0.8125
5.0,Learned_UNet_N0,seq_train_44b6_t40_p04_crowded,train,44b6_d29c9ab2,60.0,80.0,43.0,44.0,1.4647552056572457
5.0,Learned_UNet_N0,seq_train_44b6_t40_p04_crowded,train,44b6_d29c9ab2,61.0,82.0,43.0,44.0,0.0
5.0,Learned_UNet_N0,seq_train_44b6_t40_p04_crowded,train,44b6_d29c9ab2,62.0,81.0,43.0,44.0,3.350023320814349
5.0,Learned_UNet_N0,seq_train_44b6_t40_p04_crowded,train,44b6_d29c9ab2,63.0,83.0,43.0,44.0,1.8168052317185792
5.0,Learned_UNet_N0,seq_train_44b6_t40_p04_crowded,train,44b6_d29c9ab2,64.0,85.0,43.0,44.0,0.5745242597140698
5.0,Learned_UNet_N0,seq_train_44b6_t40_p04_crowded,train,44b6_d29c9ab2,65.0,78.0,43.0,44.0,1.1490485194281397
5.0,Learned_UNet_N0,seq_train_44b6_t40_p04_crowded,train,44b6_d29c9ab2,67.0,88.0,43.0,44.0,1.6750116604071745
5.0,Learned_UNet_N0,seq_train_44b6_t40_p04_crowded,train,44b6_d29c9ab2,68.0,89.0,43.0,44.0,4.021669817998489
5.0,Learned_UNet_N0,seq_train_44b6_t40_p04_crowded,train,44b6_d29c9ab2,69.0,86.0,43.0,44.0,0.8125
5.0,Learned_UNet_N0,seq_train_44b6_t40_p04_crowded,train,44b6_d29c9ab2,70.0,84.0,43.0,44.0,1.6750116604071745
5.0,Learned_UNet_N0,seq_train_44b6_t15_p05_crowded,train,44b6_d29c9ab2,0.0,17.0,15.0,16.0,1.284675299443404
5.0,Learned_UNet_N0,seq_train_44b6_t15_p05_crowded,train,44b6_d29c9ab2,1.0,20.0,15.0,16.0,3.300390601883359
5.0,Learned_UNet_N0,seq_train_44b6_t15_p05_crowded,train,44b6_d29c9ab2,2.0,21.0,15.0,16.0,3.471001521535247
5.0,Learned_UNet_N0,seq_train_44b6_t15_p05_crowded,train,44b6_d29c9ab2,3.0,18.0,15.0,16.0,0.9084026158592896
5.0,Learned_UNet_N0,seq_train_44b6_t15_p05_crowded,train,44b6_d29c9ab2,4.0,19.0,15.0,16.0,3.832554834897995
5.0,Learned_UNet_N0,seq_train_44b6_t15_p05_crowded,train,44b6_d29c9ab2,5.0,24.0,15.0,16.0,2.471122277933652
5.0,Learned_UNet_N0,seq_train_44b6_t15_p05_crowded,train,44b6_d29c9ab2,6.0,25.0,15.0,16.0,2.471122277933652
5.0,Learned_UNet_N0,seq_train_44b6_t15_p05_crowded,train,44b6_d29c9ab2,7.0,23.0,15.0,16.0,3.2752922102462856
5.0,Learned_UNet_N0,seq_train_44b6_t15_p05_crowded,train,44b6_d29c9ab2,8.0,28.0,15.0,16.0,1.6750116604071745
5.0,Learned_UNet_N0,seq_train_44b6_t15_p05_crowded,train,44b6_d29c9ab2,9.0,22.0,15.0,16.0,3.832554834897995
5.0,Learned_UNet_N0,seq_train_44b6_t15_p05_crowded,train,44b6_d29c9ab2,10.0,26.0,15.0,16.0,1.1490485194281397
5.0,Learned_UNet_N0,seq_train_44b6_t15_p05_crowded,train,44b6_d29c9ab2,11.0,31.0,15.0,16.0,2.9295104113144914
5.0,Learned_UNet_N0,seq_train_44b6_t15_p05_crowded,train,44b6_d29c9ab2,12.0,27.0,15.0,16.0,0.0
5.0,Learned_UNet_N0,seq_train_44b6_t15_p05_crowded,train,44b6_d29c9ab2,14.0,29.0,15.0,16.0,3.832554834897995
5.0,Learned_UNet_N0,seq_train_44b6_t15_p05_crowded,train,44b6_d29c9ab2,17.0,33.0,16.0,17.0,0.9084026158592896
5.0,Learned_UNet_N0,seq_train_44b6_t15_p05_crowded,train,44b6_d29c9ab2,18.0,34.0,16.0,17.0,1.7235727791422095
5.0,Learned_UNet_N0,seq_train_44b6_t15_p05_crowded,train,44b6_d29c9ab2,19.0,32.0,16.0,17.0,2.7252078475778685
5.0,Learned_UNet_N0,seq_train_44b6_t15_p05_crowded,train,44b6_d29c9ab2,20.0,35.0,16.0,17.0,0.9084026158592896
5.0,Learned_UNet_N0,seq_train_44b6_t15_p05_crowded,train,44b6_d29c9ab2,21.0,36.0,16.0,17.0,1.8168052317185792
5.0,Learned_UNet_N0,seq_train_44b6_t15_p05_crowded,train,44b6_d29c9ab2,22.0,41.0,16.0,17.0,1.8168052317185792
5.0,Learned_UNet_N0,seq_train_44b6_t15_p05_crowded,train,44b6_d29c9ab2,23.0,37.0,16.0,17.0,1.6750116604071745
5.0,Learned_UNet_N0,seq_train_44b6_t15_p05_crowded,train,44b6_d29c9ab2,25.0,38.0,16.0,17.0,1.4647552056572457
5.0,Learned_UNet_N0,seq_train_44b6_t15_p05_crowded,train,44b6_d29c9ab2,26.0,40.0,16.0,17.0,1.8168052317185792
5.0,Learned_UNet_N0,seq_train_44b6_t15_p05_crowded,train,44b6_d29c9ab2,27.0,48.0,16.0,17.0,3.2752922102462856
5.0,Learned_UNet_N0,seq_train_44b6_t15_p05_crowded,train,44b6_d29c9ab2,28.0,43.0,16.0,17.0,0.8125
5.0,Learned_UNet_N0,seq_train_44b6_t15_p05_crowded,train,44b6_d29c9ab2,29.0,39.0,16.0,17.0,1.6750116604071745
5.0,Learned_UNet_N0,seq_train_44b6_t15_p05_crowded,train,44b6_d29c9ab2,30.0,44.0,16.0,17.0,2.2980970388562794
5.0,Learned_UNet_N0,seq_train_44b6_t15_p05_crowded,train,44b6_d29c9ab2,31.0,45.0,16.0,17.0,2.2980970388562794
5.0,Learned_UNet_N0,seq_train_44b6_t15_p05_crowded,train,44b6_d29c9ab2,32.0,55.0,17.0,18.0,2.4375
5.0,Learned_UNet_N0,seq_train_44b6_t15_p05_crowded,train,44b6_d29c9ab2,33.0,54.0,17.0,18.0,1.284675299443404
5.0,Learned_UNet_N0,seq_train_44b6_t15_p05_crowded,train,44b6_d29c9ab2,34.0,50.0,17.0,18.0,1.4647552056572457
5.0,Learned_UNet_N0,seq_train_44b6_t15_p05_crowded,train,44b6_d29c9ab2,35.0,53.0,17.0,18.0,1.284675299443404
5.0,Learned_UNet_N0,seq_train_44b6_t15_p05_crowded,train,44b6_d29c9ab2,36.0,56.0,17.0,18.0,1.8168052317185792
5.0,Learned_UNet_N0,seq_train_44b6_t15_p05_crowded,train,44b6_d29c9ab2,37.0,51.0,17.0,18.0,0.9084026158592896
5.0,Learned_UNet_N0,seq_train_44b6_t15_p05_crowded,train,44b6_d29c9ab2,38.0,61.0,17.0,18.0,2.03125
5.0,Learned_UNet_N0,seq_train_44b6_t15_p05_crowded,train,44b6_d29c9ab2,40.0,52.0,17.0,18.0,2.03125
5.0,Learned_UNet_N0,seq_train_44b6_t15_p05_crowded,train,44b6_d29c9ab2,41.0,57.0,17.0,18.0,3.494694639736067
5.0,Learned_UNet_N0,seq_train_44b6_t15_p05_crowded,train,44b6_d29c9ab2,42.0,58.0,17.0,18.0,1.21875
5.0,Learned_UNet_N0,seq_train_44b6_t15_p05_crowded,train,44b6_d29c9ab2,43.0,62.0,17.0,18.0,2.03125
5.0,Learned_UNet_N0,seq_train_44b6_t15_p05_crowded,train,44b6_d29c9ab2,44.0,60.0,17.0,18.0,1.625
5.0,Learned_UNet_N0,seq_train_44b6_t15_p05_crowded,train,44b6_d29c9ab2,45.0,64.0,17.0,18.0,3.6336104634371584
5.0,Learned_UNet_N0,seq_train_44b6_t15_p05_crowded,train,44b6_d29c9ab2,47.0,65.0,17.0,18.0,1.284675299443404
5.0,Learned_UNet_N0,seq_train_44b6_t15_p05_crowded,train,44b6_d29c9ab2,49.0,66.0,17.0,18.0,2.0714766773970688
5.0,Learned_UNet_N0,seq_train_44b6_t15_p05_crowded,train,44b6_d29c9ab2,54.0,70.0,18.0,19.0,3.65625
5.0,Learned_UNet_N0,seq_train_44b6_t15_p05_crowded,train,44b6_d29c9ab2,55.0,68.0,18.0,19.0,4.875
5.0,Learned_UNet_N0,seq_train_44b6_t15_p05_crowded,train,44b6_d29c9ab2,57.0,80.0,18.0,19.0,4.241374519244911
5.0,Learned_UNet_N0,seq_train_44b6_t15_p05_crowded,train,44b6_d29c9ab2,62.0,78.0,18.0,19.0,4.375446405796785
5.0,Learned_UNet_N0,seq_train_44b6_t20_p06_crowded,train,44b6_d29c9ab2,0.0,20.0,20.0,21.0,4.0625
5.0,Learned_UNet_N0,seq_train_44b6_t20_p06_crowded,train,44b6_d29c9ab2,1.0,22.0,20.0,21.0,0.0
5.0,Learned_UNet_N0,seq_train_44b6_t20_p06_crowded,train,44b6_d29c9ab2,3.0,23.0,20.0,21.0,0.5745242597140698
5.0,Learned_UNet_N0,seq_train_44b6_t20_p06_crowded,train,44b6_d29c9ab2,4.0,21.0,20.0,21.0,0.0
5.0,Learned_UNet_N0,seq_train_44b6_t20_p06_crowded,train,44b6_d29c9ab2,5.0,30.0,20.0,21.0,1.1490485194281397
5.0,Learned_UNet_N0,seq_train_44b6_t20_p06_crowded,train,44b6_d29c9ab2,6.0,25.0,20.0,21.0,0.5745242597140698
5.0,Learned_UNet_N0,seq_train_44b6_t20_p06_crowded,train,44b6_d29c9ab2,7.0,28.0,20.0,21.0,0.9084026158592896
5.0,Learned_UNet_N0,seq_train_44b6_t20_p06_crowded,train,44b6_d29c9ab2,8.0,26.0,20.0,21.0,3.5648292823780494
5.0,Learned_UNet_N0,seq_train_44b6_t20_p06_crowded,train,44b6_d29c9ab2,9.0,29.0,20.0,21.0,3.374565944310468
5.0,Learned_UNet_N0,seq_train_44b6_t20_p06_crowded,train,44b6_d29c9ab2,10.0,27.0,20.0,21.0,3.350023320814349
5.0,Learned_UNet_N0,seq_train_44b6_t20_p06_crowded,train,44b6_d29c9ab2,11.0,33.0,20.0,21.0,1.4647552056572457
5.0,Learned_UNet_N0,seq_train_44b6_t20_p06_crowded,train,44b6_d29c9ab2,13.0,32.0,20.0,21.0,0.5745242597140698
5.0,Learned_UNet_N0,seq_train_44b6_t20_p06_crowded,train,44b6_d29c9ab2,14.0,31.0,20.0,21.0,2.03125
5.0,Learned_UNet_N0,seq_train_44b6_t20_p06_crowded,train,44b6_d29c9ab2,16.0,36.0,20.0,21.0,1.4647552056572457
5.0,Learned_UNet_N0,seq_train_44b6_t20_p06_crowded,train,44b6_d29c9ab2,21.0,44.0,21.0,22.0,0.0
5.0,Learned_UNet_N0,seq_train_44b6_t20_p06_crowded,train,44b6_d29c9ab2,22.0,42.0,21.0,22.0,0.5745242597140698
5.0,Learned_UNet_N0,seq_train_44b6_t20_p06_crowded,train,44b6_d29c9ab2,23.0,40.0,21.0,22.0,0.40625
5.0,Learned_UNet_N0,seq_train_44b6_t20_p06_crowded,train,44b6_d29c9ab2,24.0,39.0,21.0,22.0,3.2752922102462856
5.0,Learned_UNet_N0,seq_train_44b6_t20_p06_crowded,train,44b6_d29c9ab2,25.0,43.0,21.0,22.0,0.9084026158592896
5.0,Learned_UNet_N0,seq_train_44b6_t20_p06_crowded,train,44b6_d29c9ab2,26.0,41.0,21.0,22.0,0.8125
5.0,Learned_UNet_N0,seq_train_44b6_t20_p06_crowded,train,44b6_d29c9ab2,27.0,48.0,21.0,22.0,1.8168052317185792
5.0,Learned_UNet_N0,seq_train_44b6_t20_p06_crowded,train,44b6_d29c9ab2,28.0,49.0,21.0,22.0,0.40625
5.0,Learned_UNet_N0,seq_train_44b6_t20_p06_crowded,train,44b6_d29c9ab2,29.0,50.0,21.0,22.0,3.72334275215162
5.0,Learned_UNet_N0,seq_train_44b6_t20_p06_crowded,train,44b6_d29c9ab2,30.0,47.0,21.0,22.0,0.0
5.0,Learned_UNet_N0,seq_train_44b6_t20_p06_crowded,train,44b6_d29c9ab2,31.0,53.0,21.0,22.0,0.9084026158592896
5.0,Learned_UNet_N0,seq_train_44b6_t20_p06_crowded,train,44b6_d29c9ab2,32.0,55.0,21.0,22.0,3.6787502123683256
5.0,Learned_UNet_N0,seq_train_44b6_t20_p06_crowded,train,44b6_d29c9ab2,33.0,51.0,21.0,22.0,0.8125
5.0,Learned_UNet_N0,seq_train_44b6_t20_p06_crowded,train,44b6_d29c9ab2,34.0,46.0,21.0,22.0,0.8125
5.0,Learned_UNet_N0,seq_train_44b6_t20_p06_crowded,train,44b6_d29c9ab2,35.0,54.0,21.0,22.0,0.0
5.0,Learned_UNet_N0,seq_train_44b6_t20_p06_crowded,train,44b6_d29c9ab2,36.0,45.0,21.0,22.0,2.03125
5.0,Learned_UNet_N0,seq_train_44b6_t20_p06_crowded,train,44b6_d29c9ab2,39.0,61.0,22.0,23.0,1.8168052317185792
5.0,Learned_UNet_N0,seq_train_44b6_t20_p06_crowded,train,44b6_d29c9ab2,40.0,57.0,22.0,23.0,0.8125
5.0,Learned_UNet_N0,seq_train_44b6_t20_p06_crowded,train,44b6_d29c9ab2,41.0,60.0,22.0,23.0,1.1490485194281397
5.0,Learned_UNet_N0,seq_train_44b6_t20_p06_crowded,train,44b6_d29c9ab2,42.0,63.0,22.0,23.0,0.40625
5.0,Learned_UNet_N0,seq_train_44b6_t20_p06_crowded,train,44b6_d29c9ab2,43.0,58.0,22.0,23.0,1.21875
5.0,Learned_UNet_N0,seq_train_44b6_t20_p06_crowded,train,44b6_d29c9ab2,44.0,67.0,22.0,23.0,0.9084026158592896
5.0,Learned_UNet_N0,seq_train_44b6_t20_p06_crowded,train,44b6_d29c9ab2,45.0,65.0,22.0,23.0,1.284675299443404
5.0,Learned_UNet_N0,seq_train_44b6_t20_p06_crowded,train,44b6_d29c9ab2,46.0,64.0,22.0,23.0,1.21875
5.0,Learned_UNet_N0,seq_train_44b6_t20_p06_crowded,train,44b6_d29c9ab2,47.0,68.0,22.0,23.0,1.7235727791422095
5.0,Learned_UNet_N0,seq_train_44b6_t20_p06_crowded,train,44b6_d29c9ab2,48.0,66.0,22.0,23.0,1.21875
5.0,Learned_UNet_N0,seq_train_44b6_t20_p06_crowded,train,44b6_d29c9ab2,49.0,70.0,22.0,23.0,0.5745242597140698
5.0,Learned_UNet_N0,seq_train_44b6_t20_p06_crowded,train,44b6_d29c9ab2,50.0,62.0,22.0,23.0,3.5648292823780494
5.0,Learned_UNet_N0,seq_train_44b6_t20_p06_crowded,train,44b6_d29c9ab2,51.0,69.0,22.0,23.0,0.40625
5.0,Learned_UNet_N0,seq_train_44b6_t20_p06_crowded,train,44b6_d29c9ab2,52.0,74.0,22.0,23.0,0.0
5.0,Learned_UNet_N0,seq_train_44b6_t20_p06_crowded,train,44b6_d29c9ab2,53.0,71.0,22.0,23.0,4.021669817998489
5.0,Learned_UNet_N0,seq_train_44b6_t20_p06_crowded,train,44b6_d29c9ab2,54.0,73.0,22.0,23.0,0.5745242597140698
5.0,Learned_UNet_N0,seq_train_44b6_t20_p06_crowded,train,44b6_d29c9ab2,55.0,72.0,22.0,23.0,1.21875
5.0,Learned_UNet_N0,seq_train_44b6_t20_p06_crowded,train,44b6_d29c9ab2,57.0,82.0,23.0,24.0,0.9084026158592896
5.0,Learned_UNet_N0,seq_train_44b6_t20_p06_crowded,train,44b6_d29c9ab2,58.0,80.0,23.0,24.0,3.5648292823780494
5.0,Learned_UNet_N0,seq_train_44b6_t20_p06_crowded,train,44b6_d29c9ab2,59.0,76.0,23.0,24.0,0.9084026158592896
5.0,Learned_UNet_N0,seq_train_44b6_t20_p06_crowded,train,44b6_d29c9ab2,60.0,83.0,23.0,24.0,0.8125
5.0,Learned_UNet_N0,seq_train_44b6_t20_p06_crowded,train,44b6_d29c9ab2,62.0,79.0,23.0,24.0,1.1490485194281397
5.0,Learned_UNet_N0,seq_train_44b6_t20_p06_crowded,train,44b6_d29c9ab2,63.0,85.0,23.0,24.0,0.0
5.0,Learned_UNet_N0,seq_train_44b6_t20_p06_crowded,train,44b6_d29c9ab2,65.0,84.0,23.0,24.0,1.1490485194281397
5.0,Learned_UNet_N0,seq_train_44b6_t20_p06_crowded,train,44b6_d29c9ab2,66.0,81.0,23.0,24.0,0.8125
5.0,Learned_UNet_N0,seq_train_44b6_t20_p06_crowded,train,44b6_d29c9ab2,67.0,86.0,23.0,24.0,0.40625
5.0,Learned_UNet_N0,seq_train_44b6_t20_p06_crowded,train,44b6_d29c9ab2,68.0,89.0,23.0,24.0,0.40625
5.0,Learned_UNet_N0,seq_train_44b6_t20_p06_crowded,train,44b6_d29c9ab2,69.0,87.0,23.0,24.0,1.8168052317185792
5.0,Learned_UNet_N0,seq_train_44b6_t20_p06_crowded,train,44b6_d29c9ab2,71.0,91.0,23.0,24.0,2.03125
5.0,Learned_UNet_N0,seq_train_44b6_t20_p06_crowded,train,44b6_d29c9ab2,72.0,88.0,23.0,24.0,0.40625
5.0,Learned_UNet_N0,seq_train_44b6_t20_p06_crowded,train,44b6_d29c9ab2,73.0,92.0,23.0,24.0,1.7235727791422095
5.0,Learned_UNet_N0,seq_train_44b6_t20_p06_crowded,train,44b6_d29c9ab2,75.0,90.0,23.0,24.0,0.40625
5.0,Learned_UNet_N0,seq_train_6bba_t15_p01_crowded,train,6bba_bb9f20c3,0.0,15.0,15.0,16.0,1.625
5.0,Learned_UNet_N0,seq_train_6bba_t15_p01_crowded,train,6bba_bb9f20c3,1.0,16.0,15.0,16.0,0.8125
5.0,Learned_UNet_N0,seq_train_6bba_t15_p01_crowded,train,6bba_bb9f20c3,2.0,19.0,15.0,16.0,3.374565944310468
5.0,Learned_UNet_N0,seq_train_6bba_t15_p01_crowded,train,6bba_bb9f20c3,3.0,18.0,15.0,16.0,3.2752922102462856
5.0,Learned_UNet_N0,seq_train_6bba_t15_p01_crowded,train,6bba_bb9f20c3,5.0,22.0,15.0,16.0,0.0
5.0,Learned_UNet_N0,seq_train_6bba_t15_p01_crowded,train,6bba_bb9f20c3,6.0,26.0,15.0,16.0,0.9084026158592896
5.0,Learned_UNet_N0,seq_train_6bba_t15_p01_crowded,train,6bba_bb9f20c3,7.0,23.0,15.0,16.0,1.284675299443404
5.0,Learned_UNet_N0,seq_train_6bba_t15_p01_crowded,train,6bba_bb9f20c3,8.0,25.0,15.0,16.0,3.2752922102462856
5.0,Learned_UNet_N0,seq_train_6bba_t15_p01_crowded,train,6bba_bb9f20c3,9.0,20.0,15.0,16.0,0.40625
5.0,Learned_UNet_N0,seq_train_6bba_t15_p01_crowded,train,6bba_bb9f20c3,10.0,24.0,15.0,16.0,0.8125
5.0,Learned_UNet_N0,seq_train_6bba_t15_p01_crowded,train,6bba_bb9f20c3,11.0,27.0,15.0,16.0,1.284675299443404
5.0,Learned_UNet_N0,seq_train_6bba_t15_p01_crowded,train,6bba_bb9f20c3,12.0,17.0,15.0,16.0,0.8125
5.0,Learned_UNet_N0,seq_train_6bba_t15_p01_crowded,train,6bba_bb9f20c3,14.0,28.0,15.0,16.0,0.40625
5.0,Learned_UNet_N0,seq_train_6bba_t15_p01_crowded,train,6bba_bb9f20c3,15.0,29.0,16.0,17.0,0.8125
5.0,Learned_UNet_N0,seq_train_6bba_t15_p01_crowded,train,6bba_bb9f20c3,16.0,33.0,16.0,17.0,0.8125
5.0,Learned_UNet_N0,seq_train_6bba_t15_p01_crowded,train,6bba_bb9f20c3,17.0,35.0,16.0,17.0,0.40625
5.0,Learned_UNet_N0,seq_train_6bba_t15_p01_crowded,train,6bba_bb9f20c3,18.0,31.0,16.0,17.0,2.03125
5.0,Learned_UNet_N0,seq_train_6bba_t15_p01_crowded,train,6bba_bb9f20c3,19.0,30.0,16.0,17.0,3.350023320814349
5.0,Learned_UNet_N0,seq_train_6bba_t15_p01_crowded,train,6bba_bb9f20c3,20.0,38.0,16.0,17.0,2.0714766773970688
5.0,Learned_UNet_N0,seq_train_6bba_t15_p01_crowded,train,6bba_bb9f20c3,21.0,40.0,16.0,17.0,0.8125
5.0,Learned_UNet_N0,seq_train_6bba_t15_p01_crowded,train,6bba_bb9f20c3,22.0,41.0,16.0,17.0,1.4647552056572457
5.0,Learned_UNet_N0,seq_train_6bba_t15_p01_crowded,train,6bba_bb9f20c3,23.0,39.0,16.0,17.0,1.1490485194281397
5.0,Learned_UNet_N0,seq_train_6bba_t15_p01_crowded,train,6bba_bb9f20c3,24.0,43.0,16.0,17.0,1.6750116604071745
5.0,Learned_UNet_N0,seq_train_6bba_t15_p01_crowded,train,6bba_bb9f20c3,25.0,36.0,16.0,17.0,0.40625
5.0,Learned_UNet_N0,seq_train_6bba_t15_p01_crowded,train,6bba_bb9f20c3,26.0,42.0,16.0,17.0,0.40625
5.0,Learned_UNet_N0,seq_train_6bba_t15_p01_crowded,train,6bba_bb9f20c3,28.0,45.0,16.0,17.0,2.0714766773970688
5.0,Learned_UNet_N0,seq_train_6bba_t15_p01_crowded,train,6bba_bb9f20c3,29.0,46.0,17.0,18.0,0.0
5.0,Learned_UNet_N0,seq_train_6bba_t15_p01_crowded,train,6bba_bb9f20c3,30.0,47.0,17.0,18.0,0.0
5.0,Learned_UNet_N0,seq_train_6bba_t15_p01_crowded,train,6bba_bb9f20c3,31.0,48.0,17.0,18.0,0.0
5.0,Learned_UNet_N0,seq_train_6bba_t15_p01_crowded,train,6bba_bb9f20c3,32.0,49.0,17.0,18.0,0.0
5.0,Learned_UNet_N0,seq_train_6bba_t15_p01_crowded,train,6bba_bb9f20c3,33.0,50.0,17.0,18.0,0.0
5.0,Learned_UNet_N0,seq_train_6bba_t15_p01_crowded,train,6bba_bb9f20c3,34.0,51.0,17.0,18.0,0.0
5.0,Learned_UNet_N0,seq_train_6bba_t15_p01_crowded,train,6bba_bb9f20c3,35.0,52.0,17.0,18.0,0.0
5.0,Learned_UNet_N0,seq_train_6bba_t15_p01_crowded,train,6bba_bb9f20c3,36.0,53.0,17.0,18.0,0.0
5.0,Learned_UNet_N0,seq_train_6bba_t15_p01_crowded,train,6bba_bb9f20c3,37.0,54.0,17.0,18.0,0.0
5.0,Learned_UNet_N0,seq_train_6bba_t15_p01_crowded,train,6bba_bb9f20c3,38.0,55.0,17.0,18.0,0.0
5.0,Learned_UNet_N0,seq_train_6bba_t15_p01_crowded,train,6bba_bb9f20c3,39.0,56.0,17.0,18.0,0.0
5.0,Learned_UNet_N0,seq_train_6bba_t15_p01_crowded,train,6bba_bb9f20c3,40.0,57.0,17.0,18.0,0.0
5.0,Learned_UNet_N0,seq_train_6bba_t15_p01_crowded,train,6bba_bb9f20c3,41.0,58.0,17.0,18.0,0.0
5.0,Learned_UNet_N0,seq_train_6bba_t15_p01_crowded,train,6bba_bb9f20c3,42.0,59.0,17.0,18.0,0.0
5.0,Learned_UNet_N0,seq_train_6bba_t15_p01_crowded,train,6bba_bb9f20c3,43.0,60.0,17.0,18.0,0.0
5.0,Learned_UNet_N0,seq_train_6bba_t15_p01_crowded,train,6bba_bb9f20c3,44.0,61.0,17.0,18.0,0.0
5.0,Learned_UNet_N0,seq_train_6bba_t15_p01_crowded,train,6bba_bb9f20c3,45.0,62.0,17.0,18.0,0.0
5.0,Learned_UNet_N0,seq_train_6bba_t15_p01_crowded,train,6bba_bb9f20c3,46.0,68.0,18.0,19.0,3.25
5.0,Learned_UNet_N0,seq_train_6bba_t15_p01_crowded,train,6bba_bb9f20c3,48.0,66.0,18.0,19.0,3.5648292823780494
5.0,Learned_UNet_N0,seq_train_6bba_t15_p01_crowded,train,6bba_bb9f20c3,51.0,67.0,18.0,19.0,4.318496736423452
5.0,Learned_UNet_N0,seq_train_6bba_t15_p01_crowded,train,6bba_bb9f20c3,52.0,64.0,18.0,19.0,3.65625
5.0,Learned_UNet_N0,seq_train_6bba_t15_p01_crowded,train,6bba_bb9f20c3,54.0,74.0,18.0,19.0,3.300390601883359
5.0,Learned_UNet_N0,seq_train_6bba_t15_p01_crowded,train,6bba_bb9f20c3,55.0,71.0,18.0,19.0,0.40625
5.0,Learned_UNet_N0,seq_train_6bba_t15_p01_crowded,train,6bba_bb9f20c3,56.0,69.0,18.0,19.0,1.4647552056572457
5.0,Learned_UNet_N0,seq_train_6bba_t15_p01_crowded,train,6bba_bb9f20c3,57.0,72.0,18.0,19.0,2.03125
5.0,Learned_UNet_N0,seq_train_6bba_t15_p01_crowded,train,6bba_bb9f20c3,58.0,73.0,18.0,19.0,0.9084026158592896
5.0,Learned_UNet_N0,seq_train_6bba_t15_p01_crowded,train,6bba_bb9f20c3,59.0,70.0,18.0,19.0,4.0625
5.0,Learned_UNet_N0,seq_train_6bba_t15_p01_crowded,train,6bba_bb9f20c3,60.0,75.0,18.0,19.0,1.21875
5.0,Learned_UNet_N0,seq_train_6bba_t35_p02_crowded,train,6bba_bb9f20c3,0.0,20.0,35.0,36.0,3.2752922102462856
5.0,Learned_UNet_N0,seq_train_6bba_t35_p02_crowded,train,6bba_bb9f20c3,1.0,19.0,35.0,36.0,0.8125
5.0,Learned_UNet_N0,seq_train_6bba_t35_p02_crowded,train,6bba_bb9f20c3,2.0,16.0,35.0,36.0,1.284675299443404
5.0,Learned_UNet_N0,seq_train_6bba_t35_p02_crowded,train,6bba_bb9f20c3,3.0,18.0,35.0,36.0,1.21875
5.0,Learned_UNet_N0,seq_train_6bba_t35_p02_crowded,train,6bba_bb9f20c3,4.0,17.0,35.0,36.0,0.9084026158592896
5.0,Learned_UNet_N0,seq_train_6bba_t35_p02_crowded,train,6bba_bb9f20c3,5.0,21.0,35.0,36.0,2.1877232028983924
5.0,Learned_UNet_N0,seq_train_6bba_t35_p02_crowded,train,6bba_bb9f20c3,6.0,22.0,35.0,36.0,3.350023320814349
5.0,Learned_UNet_N0,seq_train_6bba_t35_p02_crowded,train,6bba_bb9f20c3,7.0,24.0,35.0,36.0,3.374565944310468
5.0,Learned_UNet_N0,seq_train_6bba_t35_p02_crowded,train,6bba_bb9f20c3,8.0,23.0,35.0,36.0,3.25
5.0,Learned_UNet_N0,seq_train_6bba_t35_p02_crowded,train,6bba_bb9f20c3,9.0,25.0,35.0,36.0,0.40625
5.0,Learned_UNet_N0,seq_train_6bba_t35_p02_crowded,train,6bba_bb9f20c3,10.0,28.0,35.0,36.0,3.374565944310468
5.0,Learned_UNet_N0,seq_train_6bba_t35_p02_crowded,train,6bba_bb9f20c3,11.0,29.0,35.0,36.0,1.8168052317185792
5.0,Learned_UNet_N0,seq_train_6bba_t35_p02_crowded,train,6bba_bb9f20c3,12.0,30.0,35.0,36.0,3.374565944310468
5.0,Learned_UNet_N0,seq_train_6bba_t35_p02_crowded,train,6bba_bb9f20c3,13.0,34.0,35.0,36.0,0.5745242597140698
5.0,Learned_UNet_N0,seq_train_6bba_t35_p02_crowded,train,6bba_bb9f20c3,15.0,33.0,35.0,36.0,0.40625
5.0,Learned_UNet_N0,seq_train_6bba_t35_p02_crowded,train,6bba_bb9f20c3,16.0,35.0,36.0,37.0,1.1490485194281397
5.0,Learned_UNet_N0,seq_train_6bba_t35_p02_crowded,train,6bba_bb9f20c3,17.0,40.0,36.0,37.0,0.8125
5.0,Learned_UNet_N0,seq_train_6bba_t35_p02_crowded,train,6bba_bb9f20c3,18.0,38.0,36.0,37.0,0.40625
5.0,Learned_UNet_N0,seq_train_6bba_t35_p02_crowded,train,6bba_bb9f20c3,20.0,36.0,36.0,37.0,0.0
5.0,Learned_UNet_N0,seq_train_6bba_t35_p02_crowded,train,6bba_bb9f20c3,21.0,39.0,36.0,37.0,0.5745242597140698
5.0,Learned_UNet_N0,seq_train_6bba_t35_p02_crowded,train,6bba_bb9f20c3,22.0,44.0,36.0,37.0,3.350023320814349
5.0,Learned_UNet_N0,seq_train_6bba_t35_p02_crowded,train,6bba_bb9f20c3,23.0,45.0,36.0,37.0,3.25
5.0,Learned_UNet_N0,seq_train_6bba_t35_p02_crowded,train,6bba_bb9f20c3,24.0,42.0,36.0,37.0,0.40625
5.0,Learned_UNet_N0,seq_train_6bba_t35_p02_crowded,train,6bba_bb9f20c3,26.0,43.0,36.0,37.0,2.03125
5.0,Learned_UNet_N0,seq_train_6bba_t35_p02_crowded,train,6bba_bb9f20c3,28.0,46.0,36.0,37.0,0.40625
5.0,Learned_UNet_N0,seq_train_6bba_t35_p02_crowded,train,6bba_bb9f20c3,29.0,47.0,36.0,37.0,2.4375
5.0,Learned_UNet_N0,seq_train_6bba_t35_p02_crowded,train,6bba_bb9f20c3,30.0,49.0,36.0,37.0,0.5745242597140698
5.0,Learned_UNet_N0,seq_train_6bba_t35_p02_crowded,train,6bba_bb9f20c3,31.0,51.0,36.0,37.0,1.625
5.0,Learned_UNet_N0,seq_train_6bba_t35_p02_crowded,train,6bba_bb9f20c3,35.0,54.0,37.0,38.0,3.72334275215162
5.0,Learned_UNet_N0,seq_train_6bba_t35_p02_crowded,train,6bba_bb9f20c3,37.0,53.0,37.0,38.0,4.33756303988772
5.0,Learned_UNet_N0,seq_train_6bba_t35_p02_crowded,train,6bba_bb9f20c3,39.0,63.0,37.0,38.0,0.5745242597140698
5.0,Learned_UNet_N0,seq_train_6bba_t35_p02_crowded,train,6bba_bb9f20c3,40.0,57.0,37.0,38.0,3.832554834897995
5.0,Learned_UNet_N0,seq_train_6bba_t35_p02_crowded,train,6bba_bb9f20c3,42.0,62.0,37.0,38.0,1.4647552056572457
5.0,Learned_UNet_N0,seq_train_6bba_t35_p02_crowded,train,6bba_bb9f20c3,44.0,58.0,37.0,38.0,3.350023320814349
5.0,Learned_UNet_N0,seq_train_6bba_t35_p02_crowded,train,6bba_bb9f20c3,45.0,56.0,37.0,38.0,3.350023320814349
5.0,Learned_UNet_N0,seq_train_6bba_t35_p02_crowded,train,6bba_bb9f20c3,46.0,64.0,37.0,38.0,1.625
5.0,Learned_UNet_N0,seq_train_6bba_t35_p02_crowded,train,6bba_bb9f20c3,50.0,60.0,37.0,38.0,4.875
5.0,Learned_UNet_N0,seq_train_6bba_t35_p02_crowded,train,6bba_bb9f20c3,52.0,72.0,38.0,39.0,1.284675299443404
5.0,Learned_UNet_N0,seq_train_6bba_t35_p02_crowded,train,6bba_bb9f20c3,53.0,71.0,38.0,39.0,1.8168052317185792
5.0,Learned_UNet_N0,seq_train_6bba_t35_p02_crowded,train,6bba_bb9f20c3,54.0,79.0,38.0,39.0,1.625
5.0,Learned_UNet_N0,seq_train_6bba_t35_p02_crowded,train,6bba_bb9f20c3,55.0,73.0,38.0,39.0,2.2980970388562794
5.0,Learned_UNet_N0,seq_train_6bba_t35_p02_crowded,train,6bba_bb9f20c3,56.0,74.0,38.0,39.0,0.0
5.0,Learned_UNet_N0,seq_train_6bba_t35_p02_crowded,train,6bba_bb9f20c3,57.0,77.0,38.0,39.0,1.6750116604071745
5.0,Learned_UNet_N0,seq_train_6bba_t35_p02_crowded,train,6bba_bb9f20c3,58.0,75.0,38.0,39.0,0.40625
5.0,Learned_UNet_N0,seq_train_6bba_t35_p02_crowded,train,6bba_bb9f20c3,59.0,76.0,38.0,39.0,0.9084026158592896
5.0,Learned_UNet_N0,seq_train_6bba_t35_p02_crowded,train,6bba_bb9f20c3,60.0,83.0,38.0,39.0,3.917733121653388
5.0,Learned_UNet_N0,seq_train_6bba_t35_p02_crowded,train,6bba_bb9f20c3,61.0,80.0,38.0,39.0,2.7252078475778685
5.0,Learned_UNet_N0,seq_train_6bba_t35_p02_crowded,train,6bba_bb9f20c3,62.0,78.0,38.0,39.0,1.1490485194281397
5.0,Learned_UNet_N0,seq_train_6bba_t35_p02_crowded,train,6bba_bb9f20c3,63.0,81.0,38.0,39.0,0.40625
5.0,Learned_UNet_N0,seq_train_6bba_t35_p02_crowded,train,6bba_bb9f20c3,64.0,84.0,38.0,39.0,3.2752922102462856
5.0,Learned_UNet_N0,seq_train_6bba_t35_p02_crowded,train,6bba_bb9f20c3,65.0,82.0,38.0,39.0,0.9084026158592896
5.0,Learned_UNet_N0,seq_train_6bba_t35_p02_crowded,train,6bba_bb9f20c3,67.0,85.0,38.0,39.0,0.8125
5.0,Learned_UNet_N0,seq_train_6bba_t35_p02_crowded,train,6bba_bb9f20c3,68.0,87.0,38.0,39.0,3.7454399357752353
5.0,Learned_UNet_N0,seq_train_6bba_t40_p03_crowded,train,6bba_bb9f20c3,0.0,16.0,40.0,41.0,0.0
5.0,Learned_UNet_N0,seq_train_6bba_t40_p03_crowded,train,6bba_bb9f20c3,1.0,17.0,40.0,41.0,3.350023320814349
5.0,Learned_UNet_N0,seq_train_6bba_t40_p03_crowded,train,6bba_bb9f20c3,2.0,18.0,40.0,41.0,0.0
5.0,Learned_UNet_N0,seq_train_6bba_t40_p03_crowded,train,6bba_bb9f20c3,3.0,21.0,40.0,41.0,0.40625
5.0,Learned_UNet_N0,seq_train_6bba_t40_p03_crowded,train,6bba_bb9f20c3,4.0,19.0,40.0,41.0,0.0
5.0,Learned_UNet_N0,seq_train_6bba_t40_p03_crowded,train,6bba_bb9f20c3,5.0,25.0,40.0,41.0,3.300390601883359
5.0,Learned_UNet_N0,seq_train_6bba_t40_p03_crowded,train,6bba_bb9f20c3,6.0,24.0,40.0,41.0,1.21875
5.0,Learned_UNet_N0,seq_train_6bba_t40_p03_crowded,train,6bba_bb9f20c3,7.0,26.0,40.0,41.0,0.9084026158592896
5.0,Learned_UNet_N0,seq_train_6bba_t40_p03_crowded,train,6bba_bb9f20c3,8.0,22.0,40.0,41.0,0.9084026158592896
5.0,Learned_UNet_N0,seq_train_6bba_t40_p03_crowded,train,6bba_bb9f20c3,9.0,23.0,40.0,41.0,2.03125
5.0,Learned_UNet_N0,seq_train_6bba_t40_p03_crowded,train,6bba_bb9f20c3,10.0,27.0,40.0,41.0,0.40625
5.0,Learned_UNet_N0,seq_train_6bba_t40_p03_crowded,train,6bba_bb9f20c3,11.0,20.0,40.0,41.0,3.350023320814349
5.0,Learned_UNet_N0,seq_train_6bba_t40_p03_crowded,train,6bba_bb9f20c3,12.0,28.0,40.0,41.0,1.8168052317185792
5.0,Learned_UNet_N0,seq_train_6bba_t40_p03_crowded,train,6bba_bb9f20c3,13.0,32.0,40.0,41.0,2.2980970388562794
5.0,Learned_UNet_N0,seq_train_6bba_t40_p03_crowded,train,6bba_bb9f20c3,14.0,29.0,40.0,41.0,0.9084026158592896
5.0,Learned_UNet_N0,seq_train_6bba_t40_p03_crowded,train,6bba_bb9f20c3,15.0,30.0,40.0,41.0,0.0
5.0,Learned_UNet_N0,seq_train_6bba_t40_p03_crowded,train,6bba_bb9f20c3,16.0,33.0,41.0,42.0,0.9084026158592896
5.0,Learned_UNet_N0,seq_train_6bba_t40_p03_crowded,train,6bba_bb9f20c3,17.0,34.0,41.0,42.0,0.40625
5.0,Learned_UNet_N0,seq_train_6bba_t40_p03_crowded,train,6bba_bb9f20c3,18.0,35.0,41.0,42.0,3.6336104634371584
5.0,Learned_UNet_N0,seq_train_6bba_t40_p03_crowded,train,6bba_bb9f20c3,19.0,38.0,41.0,42.0,1.6750116604071745
5.0,Learned_UNet_N0,seq_train_6bba_t40_p03_crowded,train,6bba_bb9f20c3,20.0,37.0,41.0,42.0,0.5745242597140698
5.0,Learned_UNet_N0,seq_train_6bba_t40_p03_crowded,train,6bba_bb9f20c3,21.0,39.0,41.0,42.0,1.284675299443404
5.0,Learned_UNet_N0,seq_train_6bba_t40_p03_crowded,train,6bba_bb9f20c3,22.0,44.0,41.0,42.0,0.40625
5.0,Learned_UNet_N0,seq_train_6bba_t40_p03_crowded,train,6bba_bb9f20c3,23.0,41.0,41.0,42.0,0.9084026158592896
5.0,Learned_UNet_N0,seq_train_6bba_t40_p03_crowded,train,6bba_bb9f20c3,25.0,36.0,41.0,42.0,0.40625
5.0,Learned_UNet_N0,seq_train_6bba_t40_p03_crowded,train,6bba_bb9f20c3,26.0,42.0,41.0,42.0,0.9084026158592896
5.0,Learned_UNet_N0,seq_train_6bba_t40_p03_crowded,train,6bba_bb9f20c3,28.0,46.0,41.0,42.0,0.0
5.0,Learned_UNet_N0,seq_train_6bba_t40_p03_crowded,train,6bba_bb9f20c3,29.0,45.0,41.0,42.0,3.494694639736067
5.0,Learned_UNet_N0,seq_train_6bba_t40_p03_crowded,train,6bba_bb9f20c3,31.0,47.0,41.0,42.0,0.9084026158592896
5.0,Learned_UNet_N0,seq_train_6bba_t40_p03_crowded,train,6bba_bb9f20c3,33.0,50.0,42.0,43.0,1.6750116604071745
5.0,Learned_UNet_N0,seq_train_6bba_t40_p03_crowded,train,6bba_bb9f20c3,34.0,54.0,42.0,43.0,0.8125
5.0,Learned_UNet_N0,seq_train_6bba_t40_p03_crowded,train,6bba_bb9f20c3,36.0,53.0,42.0,43.0,1.284675299443404
5.0,Learned_UNet_N0,seq_train_6bba_t40_p03_crowded,train,6bba_bb9f20c3,37.0,55.0,42.0,43.0,0.8125
5.0,Learned_UNet_N0,seq_train_6bba_t40_p03_crowded,train,6bba_bb9f20c3,38.0,57.0,42.0,43.0,1.21875
5.0,Learned_UNet_N0,seq_train_6bba_t40_p03_crowded,train,6bba_bb9f20c3,39.0,56.0,42.0,43.0,3.471001521535247
5.0,Learned_UNet_N0,seq_train_6bba_t40_p03_crowded,train,6bba_bb9f20c3,41.0,52.0,42.0,43.0,3.832554834897995
5.0,Learned_UNet_N0,seq_train_6bba_t40_p03_crowded,train,6bba_bb9f20c3,42.0,58.0,42.0,43.0,0.8125
5.0,Learned_UNet_N0,seq_train_6bba_t40_p03_crowded,train,6bba_bb9f20c3,43.0,59.0,42.0,43.0,0.0
5.0,Learned_UNet_N0,seq_train_6bba_t40_p03_crowded,train,6bba_bb9f20c3,44.0,60.0,42.0,43.0,3.447145558284419
5.0,Learned_UNet_N0,seq_train_6bba_t40_p03_crowded,train,6bba_bb9f20c3,45.0,61.0,42.0,43.0,1.625
5.0,Learned_UNet_N0,seq_train_6bba_t40_p03_crowded,train,6bba_bb9f20c3,46.0,63.0,42.0,43.0,0.40625
5.0,Learned_UNet_N0,seq_train_6bba_t40_p03_crowded,train,6bba_bb9f20c3,47.0,64.0,42.0,43.0,2.569350598886808
5.0,Learned_UNet_N0,seq_train_6bba_t40_p03_crowded,train,6bba_bb9f20c3,49.0,66.0,43.0,44.0,4.318496736423452
5.0,Learned_UNet_N0,seq_train_6bba_t40_p03_crowded,train,6bba_bb9f20c3,50.0,67.0,43.0,44.0,0.40625
5.0,Learned_UNet_N0,seq_train_6bba_t40_p03_crowded,train,6bba_bb9f20c3,51.0,71.0,43.0,44.0,0.8125
5.0,Learned_UNet_N0,seq_train_6bba_t40_p03_crowded,train,6bba_bb9f20c3,52.0,68.0,43.0,44.0,1.625
5.0,Learned_UNet_N0,seq_train_6bba_t40_p03_crowded,train,6bba_bb9f20c3,53.0,70.0,43.0,44.0,0.40625
5.0,Learned_UNet_N0,seq_train_6bba_t40_p03_crowded,train,6bba_bb9f20c3,54.0,73.0,43.0,44.0,0.9084026158592896
5.0,Learned_UNet_N0,seq_train_6bba_t40_p03_crowded,train,6bba_bb9f20c3,55.0,69.0,43.0,44.0,3.471001521535247
5.0,Learned_UNet_N0,seq_train_6bba_t40_p03_crowded,train,6bba_bb9f20c3,56.0,74.0,43.0,44.0,0.9084026158592896
5.0,Learned_UNet_N0,seq_train_6bba_t40_p03_crowded,train,6bba_bb9f20c3,57.0,76.0,43.0,44.0,3.374565944310468
5.0,Learned_UNet_N0,seq_train_6bba_t40_p03_crowded,train,6bba_bb9f20c3,58.0,75.0,43.0,44.0,3.5648292823780494
5.0,Learned_UNet_N0,seq_train_6bba_t40_p03_crowded,train,6bba_bb9f20c3,59.0,79.0,43.0,44.0,1.8168052317185792
5.0,Learned_UNet_N0,seq_train_6bba_t40_p03_crowded,train,6bba_bb9f20c3,60.0,77.0,43.0,44.0,1.1490485194281397
5.0,Learned_UNet_N0,seq_train_6bba_t40_p03_crowded,train,6bba_bb9f20c3,61.0,78.0,43.0,44.0,1.8168052317185792
5.0,Learned_UNet_N0,seq_train_6bba_t40_p03_crowded,train,6bba_bb9f20c3,63.0,80.0,43.0,44.0,0.5745242597140698
5.0,Learned_UNet_N0,seq_train_6bba_t45_p04_crowded,train,6bba_bb9f20c3,0.0,12.0,45.0,46.0,1.284675299443404
5.0,Learned_UNet_N0,seq_train_6bba_t45_p04_crowded,train,6bba_bb9f20c3,1.0,15.0,45.0,46.0,2.1877232028983924
5.0,Learned_UNet_N0,seq_train_6bba_t45_p04_crowded,train,6bba_bb9f20c3,2.0,16.0,45.0,46.0,0.8125
5.0,Learned_UNet_N0,seq_train_6bba_t45_p04_crowded,train,6bba_bb9f20c3,3.0,13.0,45.0,46.0,2.471122277933652
5.0,Learned_UNet_N0,seq_train_6bba_t45_p04_crowded,train,6bba_bb9f20c3,4.0,14.0,45.0,46.0,2.471122277933652
5.0,Learned_UNet_N0,seq_train_6bba_t45_p04_crowded,train,6bba_bb9f20c3,5.0,18.0,45.0,46.0,1.21875
5.0,Learned_UNet_N0,seq_train_6bba_t45_p04_crowded,train,6bba_bb9f20c3,6.0,17.0,45.0,46.0,1.8168052317185792
5.0,Learned_UNet_N0,seq_train_6bba_t45_p04_crowded,train,6bba_bb9f20c3,7.0,20.0,45.0,46.0,1.6750116604071745
5.0,Learned_UNet_N0,seq_train_6bba_t45_p04_crowded,train,6bba_bb9f20c3,8.0,19.0,45.0,46.0,2.0714766773970688
5.0,Learned_UNet_N0,seq_train_6bba_t45_p04_crowded,train,6bba_bb9f20c3,9.0,21.0,45.0,46.0,0.0
5.0,Learned_UNet_N0,seq_train_6bba_t45_p04_crowded,train,6bba_bb9f20c3,12.0,26.0,46.0,47.0,0.5745242597140698
5.0,Learned_UNet_N0,seq_train_6bba_t45_p04_crowded,train,6bba_bb9f20c3,13.0,30.0,46.0,47.0,1.4647552056572457
5.0,Learned_UNet_N0,seq_train_6bba_t45_p04_crowded,train,6bba_bb9f20c3,14.0,31.0,46.0,47.0,3.350023320814349
5.0,Learned_UNet_N0,seq_train_6bba_t45_p04_crowded,train,6bba_bb9f20c3,15.0,28.0,46.0,47.0,0.5745242597140698
5.0,Learned_UNet_N0,seq_train_6bba_t45_p04_crowded,train,6bba_bb9f20c3,16.0,27.0,46.0,47.0,1.1490485194281397
5.0,Learned_UNet_N0,seq_train_6bba_t45_p04_crowded,train,6bba_bb9f20c3,17.0,33.0,46.0,47.0,3.374565944310468
5.0,Learned_UNet_N0,seq_train_6bba_t45_p04_crowded,train,6bba_bb9f20c3,19.0,32.0,46.0,47.0,3.300390601883359
5.0,Learned_UNet_N0,seq_train_6bba_t45_p04_crowded,train,6bba_bb9f20c3,20.0,29.0,46.0,47.0,4.241374519244911
5.0,Learned_UNet_N0,seq_train_6bba_t45_p04_crowded,train,6bba_bb9f20c3,21.0,34.0,46.0,47.0,0.0
5.0,Learned_UNet_N0,seq_train_6bba_t45_p04_crowded,train,6bba_bb9f20c3,22.0,39.0,46.0,47.0,0.40625
5.0,Learned_UNet_N0,seq_train_6bba_t45_p04_crowded,train,6bba_bb9f20c3,23.0,36.0,46.0,47.0,2.4375
5.0,Learned_UNet_N0,seq_train_6bba_t45_p04_crowded,train,6bba_bb9f20c3,24.0,37.0,46.0,47.0,4.596194077712559
5.0,Learned_UNet_N0,seq_train_6bba_t45_p04_crowded,train,6bba_bb9f20c3,25.0,40.0,46.0,47.0,0.8125
5.0,Learned_UNet_N0,seq_train_6bba_t45_p04_crowded,train,6bba_bb9f20c3,26.0,42.0,47.0,48.0,1.21875
5.0,Learned_UNet_N0,seq_train_6bba_t45_p04_crowded,train,6bba_bb9f20c3,27.0,43.0,47.0,48.0,1.6750116604071745
5.0,Learned_UNet_N0,seq_train_6bba_t45_p04_crowded,train,6bba_bb9f20c3,29.0,46.0,47.0,48.0,1.1490485194281397
5.0,Learned_UNet_N0,seq_train_6bba_t45_p04_crowded,train,6bba_bb9f20c3,30.0,41.0,47.0,48.0,4.375446405796785
5.0,Learned_UNet_N0,seq_train_6bba_t45_p04_crowded,train,6bba_bb9f20c3,31.0,47.0,47.0,48.0,1.8168052317185792
5.0,Learned_UNet_N0,seq_train_6bba_t45_p04_crowded,train,6bba_bb9f20c3,32.0,45.0,47.0,48.0,0.8125
5.0,Learned_UNet_N0,seq_train_6bba_t45_p04_crowded,train,6bba_bb9f20c3,33.0,48.0,47.0,48.0,1.8168052317185792
5.0,Learned_UNet_N0,seq_train_6bba_t45_p04_crowded,train,6bba_bb9f20c3,35.0,49.0,47.0,48.0,2.03125
5.0,Learned_UNet_N0,seq_train_6bba_t45_p04_crowded,train,6bba_bb9f20c3,36.0,52.0,47.0,48.0,1.625
5.0,Learned_UNet_N0,seq_train_6bba_t45_p04_crowded,train,6bba_bb9f20c3,37.0,51.0,47.0,48.0,3.447145558284419
5.0,Learned_UNet_N0,seq_train_6bba_t45_p04_crowded,train,6bba_bb9f20c3,38.0,50.0,47.0,48.0,0.8125
5.0,Learned_UNet_N0,seq_train_6bba_t45_p04_crowded,train,6bba_bb9f20c3,41.0,55.0,48.0,49.0,1.7235727791422095
5.0,Learned_UNet_N0,seq_train_6bba_t45_p04_crowded,train,6bba_bb9f20c3,42.0,54.0,48.0,49.0,1.284675299443404
5.0,Learned_UNet_N0,seq_train_6bba_t45_p04_crowded,train,6bba_bb9f20c3,43.0,59.0,48.0,49.0,0.9084026158592896
5.0,Learned_UNet_N0,seq_train_6bba_t45_p04_crowded,train,6bba_bb9f20c3,44.0,53.0,48.0,49.0,0.8125
5.0,Learned_UNet_N0,seq_train_6bba_t45_p04_crowded,train,6bba_bb9f20c3,45.0,56.0,48.0,49.0,1.1490485194281397
5.0,Learned_UNet_N0,seq_train_6bba_t45_p04_crowded,train,6bba_bb9f20c3,46.0,57.0,48.0,49.0,1.1490485194281397
5.0,Learned_UNet_N0,seq_train_6bba_t45_p04_crowded,train,6bba_bb9f20c3,48.0,60.0,48.0,49.0,0.9084026158592896
5.0,Learned_UNet_N0,seq_train_6bba_t45_p04_crowded,train,6bba_bb9f20c3,49.0,62.0,48.0,49.0,3.65625
5.0,Learned_UNet_N0,seq_train_6bba_t45_p04_crowded,train,6bba_bb9f20c3,50.0,63.0,48.0,49.0,0.0
5.0,Learned_UNet_N0,seq_train_6bba_t45_p04_crowded,train,6bba_bb9f20c3,51.0,64.0,48.0,49.0,0.8125
5.0,Learned_UNet_N0,seq_train_6bba_t45_p04_crowded,train,6bba_bb9f20c3,52.0,61.0,48.0,49.0,0.40625
5.0,Learned_UNet_N0,seq_train_6bba_t15_p07_crowded,train,6bba_bb9f20c3,0.0,21.0,15.0,16.0,1.6750116604071745
5.0,Learned_UNet_N0,seq_train_6bba_t15_p07_crowded,train,6bba_bb9f20c3,1.0,19.0,15.0,16.0,3.65625
5.0,Learned_UNet_N0,seq_train_6bba_t15_p07_crowded,train,6bba_bb9f20c3,2.0,22.0,15.0,16.0,0.40625
5.0,Learned_UNet_N0,seq_train_6bba_t15_p07_crowded,train,6bba_bb9f20c3,4.0,26.0,15.0,16.0,3.65625
5.0,Learned_UNet_N0,seq_train_6bba_t15_p07_crowded,train,6bba_bb9f20c3,6.0,20.0,15.0,16.0,1.8168052317185792
5.0,Learned_UNet_N0,seq_train_6bba_t15_p07_crowded,train,6bba_bb9f20c3,7.0,25.0,15.0,16.0,0.8125
5.0,Learned_UNet_N0,seq_train_6bba_t15_p07_crowded,train,6bba_bb9f20c3,8.0,24.0,15.0,16.0,0.40625
5.0,Learned_UNet_N0,seq_train_6bba_t15_p07_crowded,train,6bba_bb9f20c3,9.0,39.0,15.0,16.0,0.40625
5.0,Learned_UNet_N0,seq_train_6bba_t15_p07_crowded,train,6bba_bb9f20c3,10.0,33.0,15.0,16.0,0.5745242597140698
5.0,Learned_UNet_N0,seq_train_6bba_t15_p07_crowded,train,6bba_bb9f20c3,11.0,28.0,15.0,16.0,0.40625
5.0,Learned_UNet_N0,seq_train_6bba_t15_p07_crowded,train,6bba_bb9f20c3,12.0,27.0,15.0,16.0,0.5745242597140698
5.0,Learned_UNet_N0,seq_train_6bba_t15_p07_crowded,train,6bba_bb9f20c3,13.0,30.0,15.0,16.0,0.8125
5.0,Learned_UNet_N0,seq_train_6bba_t15_p07_crowded,train,6bba_bb9f20c3,14.0,31.0,15.0,16.0,1.625
5.0,Learned_UNet_N0,seq_train_6bba_t15_p07_crowded,train,6bba_bb9f20c3,15.0,34.0,15.0,16.0,0.9084026158592896
5.0,Learned_UNet_N0,seq_train_6bba_t15_p07_crowded,train,6bba_bb9f20c3,16.0,37.0,15.0,16.0,0.0
5.0,Learned_UNet_N0,seq_train_6bba_t15_p07_crowded,train,6bba_bb9f20c3,17.0,36.0,15.0,16.0,1.6750116604071745
5.0,Learned_UNet_N0,seq_train_6bba_t15_p07_crowded,train,6bba_bb9f20c3,18.0,35.0,15.0,16.0,3.65625
5.0,Learned_UNet_N0,seq_train_6bba_t15_p07_crowded,train,6bba_bb9f20c3,19.0,40.0,16.0,17.0,1.625
5.0,Learned_UNet_N0,seq_train_6bba_t15_p07_crowded,train,6bba_bb9f20c3,20.0,43.0,16.0,17.0,0.8125
5.0,Learned_UNet_N0,seq_train_6bba_t15_p07_crowded,train,6bba_bb9f20c3,21.0,60.0,16.0,17.0,4.958913218891817
5.0,Learned_UNet_N0,seq_train_6bba_t15_p07_crowded,train,6bba_bb9f20c3,22.0,44.0,16.0,17.0,0.5745242597140698
5.0,Learned_UNet_N0,seq_train_6bba_t15_p07_crowded,train,6bba_bb9f20c3,23.0,45.0,16.0,17.0,3.471001521535247
5.0,Learned_UNet_N0,seq_train_6bba_t15_p07_crowded,train,6bba_bb9f20c3,24.0,48.0,16.0,17.0,1.7235727791422095
5.0,Learned_UNet_N0,seq_train_6bba_t15_p07_crowded,train,6bba_bb9f20c3,26.0,54.0,16.0,17.0,2.03125
5.0,Learned_UNet_N0,seq_train_6bba_t15_p07_crowded,train,6bba_bb9f20c3,27.0,49.0,16.0,17.0,0.5745242597140698
5.0,Learned_UNet_N0,seq_train_6bba_t15_p07_crowded,train,6bba_bb9f20c3,28.0,58.0,16.0,17.0,2.03125
5.0,Learned_UNet_N0,seq_train_6bba_t15_p07_crowded,train,6bba_bb9f20c3,29.0,51.0,16.0,17.0,0.40625
5.0,Learned_UNet_N0,seq_train_6bba_t15_p07_crowded,train,6bba_bb9f20c3,31.0,52.0,16.0,17.0,0.0
5.0,Learned_UNet_N0,seq_train_6bba_t15_p07_crowded,train,6bba_bb9f20c3,32.0,56.0,16.0,17.0,0.5745242597140698
5.0,Learned_UNet_N0,seq_train_6bba_t15_p07_crowded,train,6bba_bb9f20c3,33.0,53.0,16.0,17.0,3.300390601883359
5.0,Learned_UNet_N0,seq_train_6bba_t15_p07_crowded,train,6bba_bb9f20c3,34.0,50.0,16.0,17.0,3.374565944310468
5.0,Learned_UNet_N0,seq_train_6bba_t15_p07_crowded,train,6bba_bb9f20c3,35.0,62.0,16.0,17.0,3.65625
5.0,Learned_UNet_N0,seq_train_6bba_t15_p07_crowded,train,6bba_bb9f20c3,36.0,59.0,16.0,17.0,0.40625
5.0,Learned_UNet_N0,seq_train_6bba_t15_p07_crowded,train,6bba_bb9f20c3,37.0,57.0,16.0,17.0,2.03125
5.0,Learned_UNet_N0,seq_train_6bba_t15_p07_crowded,train,6bba_bb9f20c3,39.0,47.0,16.0,17.0,0.8125
5.0,Learned_UNet_N0,seq_train_6bba_t15_p07_crowded,train,6bba_bb9f20c3,40.0,63.0,17.0,18.0,0.0
5.0,Learned_UNet_N0,seq_train_6bba_t15_p07_crowded,train,6bba_bb9f20c3,41.0,64.0,17.0,18.0,0.0
5.0,Learned_UNet_N0,seq_train_6bba_t15_p07_crowded,train,6bba_bb9f20c3,42.0,65.0,17.0,18.0,0.0
5.0,Learned_UNet_N0,seq_train_6bba_t15_p07_crowded,train,6bba_bb9f20c3,43.0,66.0,17.0,18.0,0.0
5.0,Learned_UNet_N0,seq_train_6bba_t15_p07_crowded,train,6bba_bb9f20c3,44.0,67.0,17.0,18.0,0.0
5.0,Learned_UNet_N0,seq_train_6bba_t15_p07_crowded,train,6bba_bb9f20c3,45.0,68.0,17.0,18.0,0.0
5.0,Learned_UNet_N0,seq_train_6bba_t15_p07_crowded,train,6bba_bb9f20c3,46.0,69.0,17.0,18.0,0.0
5.0,Learned_UNet_N0,seq_train_6bba_t15_p07_crowded,train,6bba_bb9f20c3,47.0,70.0,17.0,18.0,0.0
5.0,Learned_UNet_N0,seq_train_6bba_t15_p07_crowded,train,6bba_bb9f20c3,48.0,71.0,17.0,18.0,0.0
5.0,Learned_UNet_N0,seq_train_6bba_t15_p07_crowded,train,6bba_bb9f20c3,49.0,72.0,17.0,18.0,0.0
5.0,Learned_UNet_N0,seq_train_6bba_t15_p07_crowded,train,6bba_bb9f20c3,50.0,73.0,17.0,18.0,0.0
5.0,Learned_UNet_N0,seq_train_6bba_t15_p07_crowded,train,6bba_bb9f20c3,51.0,74.0,17.0,18.0,0.0
5.0,Learned_UNet_N0,seq_train_6bba_t15_p07_crowded,train,6bba_bb9f20c3,52.0,75.0,17.0,18.0,0.0
5.0,Learned_UNet_N0,seq_train_6bba_t15_p07_crowded,train,6bba_bb9f20c3,53.0,76.0,17.0,18.0,0.0
5.0,Learned_UNet_N0,seq_train_6bba_t15_p07_crowded,train,6bba_bb9f20c3,54.0,77.0,17.0,18.0,0.0
5.0,Learned_UNet_N0,seq_train_6bba_t15_p07_crowded,train,6bba_bb9f20c3,55.0,78.0,17.0,18.0,0.0
5.0,Learned_UNet_N0,seq_train_6bba_t15_p07_crowded,train,6bba_bb9f20c3,56.0,79.0,17.0,18.0,0.0
5.0,Learned_UNet_N0,seq_train_6bba_t15_p07_crowded,train,6bba_bb9f20c3,57.0,80.0,17.0,18.0,0.0
5.0,Learned_UNet_N0,seq_train_6bba_t15_p07_crowded,train,6bba_bb9f20c3,58.0,81.0,17.0,18.0,0.0
5.0,Learned_UNet_N0,seq_train_6bba_t15_p07_crowded,train,6bba_bb9f20c3,59.0,82.0,17.0,18.0,0.0
5.0,Learned_UNet_N0,seq_train_6bba_t15_p07_crowded,train,6bba_bb9f20c3,60.0,83.0,17.0,18.0,0.0
5.0,Learned_UNet_N0,seq_train_6bba_t15_p07_crowded,train,6bba_bb9f20c3,61.0,84.0,17.0,18.0,0.0
5.0,Learned_UNet_N0,seq_train_6bba_t15_p07_crowded,train,6bba_bb9f20c3,62.0,85.0,17.0,18.0,0.0
5.0,Learned_UNet_N0,seq_train_6bba_t15_p07_crowded,train,6bba_bb9f20c3,63.0,86.0,18.0,19.0,2.9295104113144914
5.0,Learned_UNet_N0,seq_train_6bba_t15_p07_crowded,train,6bba_bb9f20c3,64.0,94.0,18.0,19.0,0.0
5.0,Learned_UNet_N0,seq_train_6bba_t15_p07_crowded,train,6bba_bb9f20c3,65.0,89.0,18.0,19.0,2.8726212985703494
5.0,Learned_UNet_N0,seq_train_6bba_t15_p07_crowded,train,6bba_bb9f20c3,66.0,88.0,18.0,19.0,2.6012692214570947
5.0,Learned_UNet_N0,seq_train_6bba_t15_p07_crowded,train,6bba_bb9f20c3,67.0,97.0,18.0,19.0,3.832554834897995
5.0,Learned_UNet_N0,seq_train_6bba_t15_p07_crowded,train,6bba_bb9f20c3,68.0,87.0,18.0,19.0,1.6750116604071745
5.0,Learned_UNet_N0,seq_train_6bba_t15_p07_crowded,train,6bba_bb9f20c3,69.0,91.0,18.0,19.0,4.875
5.0,Learned_UNet_N0,seq_train_6bba_t15_p07_crowded,train,6bba_bb9f20c3,70.0,101.0,18.0,19.0,0.5745242597140698
5.0,Learned_UNet_N0,seq_train_6bba_t15_p07_crowded,train,6bba_bb9f20c3,71.0,93.0,18.0,19.0,3.917733121653388
5.0,Learned_UNet_N0,seq_train_6bba_t15_p07_crowded,train,6bba_bb9f20c3,72.0,90.0,18.0,19.0,2.0714766773970688
5.0,Learned_UNet_N0,seq_train_6bba_t15_p07_crowded,train,6bba_bb9f20c3,74.0,102.0,18.0,19.0,2.569350598886808
5.0,Learned_UNet_N0,seq_train_6bba_t15_p07_crowded,train,6bba_bb9f20c3,75.0,98.0,18.0,19.0,3.9804208320226646
5.0,Learned_UNet_N0,seq_train_6bba_t15_p07_crowded,train,6bba_bb9f20c3,77.0,103.0,18.0,19.0,3.2752922102462856
5.0,Learned_UNet_N0,seq_train_6bba_t15_p07_crowded,train,6bba_bb9f20c3,78.0,96.0,18.0,19.0,4.0827619710803615
5.0,Learned_UNet_N0,seq_train_6bba_t15_p07_crowded,train,6bba_bb9f20c3,79.0,105.0,18.0,19.0,0.5745242597140698
5.0,Learned_UNet_N0,seq_train_6bba_t15_p07_crowded,train,6bba_bb9f20c3,81.0,92.0,18.0,19.0,3.447145558284419
5.0,Learned_UNet_N0,seq_train_6bba_t15_p07_crowded,train,6bba_bb9f20c3,82.0,104.0,18.0,19.0,3.6336104634371584
5.0,Learned_UNet_N0,seq_train_6bba_t15_p07_crowded,train,6bba_bb9f20c3,83.0,95.0,18.0,19.0,1.284675299443404
5.0,Learned_UNet_N0,seq_train_6bba_t15_p07_crowded,train,6bba_bb9f20c3,84.0,100.0,18.0,19.0,4.667457150312148
5.0,Learned_UNet_N1,seq_inner_val_6bba_t85_p01_crowded,inner_val,6bba_bb9f20c3,0.0,19.0,85.0,86.0,1.4647552056572457
5.0,Learned_UNet_N1,seq_inner_val_6bba_t85_p01_crowded,inner_val,6bba_bb9f20c3,1.0,24.0,85.0,86.0,0.5745242597140698
5.0,Learned_UNet_N1,seq_inner_val_6bba_t85_p01_crowded,inner_val,6bba_bb9f20c3,2.0,21.0,85.0,86.0,3.374565944310468
5.0,Learned_UNet_N1,seq_inner_val_6bba_t85_p01_crowded,inner_val,6bba_bb9f20c3,3.0,27.0,85.0,86.0,0.5745242597140698
5.0,Learned_UNet_N1,seq_inner_val_6bba_t85_p01_crowded,inner_val,6bba_bb9f20c3,4.0,28.0,85.0,86.0,1.284675299443404
5.0,Learned_UNet_N1,seq_inner_val_6bba_t85_p01_crowded,inner_val,6bba_bb9f20c3,5.0,20.0,85.0,86.0,1.21875
5.0,Learned_UNet_N1,seq_inner_val_6bba_t85_p01_crowded,inner_val,6bba_bb9f20c3,6.0,23.0,85.0,86.0,1.1490485194281397
5.0,Learned_UNet_N1,seq_inner_val_6bba_t85_p01_crowded,inner_val,6bba_bb9f20c3,7.0,25.0,85.0,86.0,1.284675299443404
5.0,Learned_UNet_N1,seq_inner_val_6bba_t85_p01_crowded,inner_val,6bba_bb9f20c3,8.0,31.0,85.0,86.0,2.333728575156074
5.0,Learned_UNet_N1,seq_inner_val_6bba_t85_p01_crowded,inner_val,6bba_bb9f20c3,9.0,33.0,85.0,86.0,3.2752922102462856
5.0,Learned_UNet_N1,seq_inner_val_6bba_t85_p01_crowded,inner_val,6bba_bb9f20c3,10.0,26.0,85.0,86.0,1.284675299443404
5.0,Learned_UNet_N1,seq_inner_val_6bba_t85_p01_crowded,inner_val,6bba_bb9f20c3,11.0,22.0,85.0,86.0,1.7235727791422095
5.0,Learned_UNet_N1,seq_inner_val_6bba_t85_p01_crowded,inner_val,6bba_bb9f20c3,12.0,34.0,85.0,86.0,0.5745242597140698
5.0,Learned_UNet_N1,seq_inner_val_6bba_t85_p01_crowded,inner_val,6bba_bb9f20c3,13.0,30.0,85.0,86.0,0.8125
5.0,Learned_UNet_N1,seq_inner_val_6bba_t85_p01_crowded,inner_val,6bba_bb9f20c3,14.0,29.0,85.0,86.0,0.0
5.0,Learned_UNet_N1,seq_inner_val_6bba_t85_p01_crowded,inner_val,6bba_bb9f20c3,15.0,35.0,85.0,86.0,2.632800908728193
5.0,Learned_UNet_N1,seq_inner_val_6bba_t85_p01_crowded,inner_val,6bba_bb9f20c3,16.0,36.0,85.0,86.0,1.7235727791422095
5.0,Learned_UNet_N1,seq_inner_val_6bba_t85_p01_crowded,inner_val,6bba_bb9f20c3,17.0,39.0,85.0,86.0,1.284675299443404
5.0,Learned_UNet_N1,seq_inner_val_6bba_t85_p01_crowded,inner_val,6bba_bb9f20c3,18.0,38.0,85.0,86.0,2.0714766773970688
5.0,Learned_UNet_N1,seq_inner_val_6bba_t85_p01_crowded,inner_val,6bba_bb9f20c3,19.0,40.0,86.0,87.0,0.5745242597140698
5.0,Learned_UNet_N1,seq_inner_val_6bba_t85_p01_crowded,inner_val,6bba_bb9f20c3,20.0,43.0,86.0,87.0,0.9084026158592896
5.0,Learned_UNet_N1,seq_inner_val_6bba_t85_p01_crowded,inner_val,6bba_bb9f20c3,21.0,44.0,86.0,87.0,3.2752922102462856
5.0,Learned_UNet_N1,seq_inner_val_6bba_t85_p01_crowded,inner_val,6bba_bb9f20c3,22.0,42.0,86.0,87.0,0.5745242597140698
5.0,Learned_UNet_N1,seq_inner_val_6bba_t85_p01_crowded,inner_val,6bba_bb9f20c3,23.0,46.0,86.0,87.0,1.625
5.0,Learned_UNet_N1,seq_inner_val_6bba_t85_p01_crowded,inner_val,6bba_bb9f20c3,24.0,41.0,86.0,87.0,1.284675299443404
5.0,Learned_UNet_N1,seq_inner_val_6bba_t85_p01_crowded,inner_val,6bba_bb9f20c3,26.0,50.0,86.0,87.0,1.284675299443404
5.0,Learned_UNet_N1,seq_inner_val_6bba_t85_p01_crowded,inner_val,6bba_bb9f20c3,27.0,45.0,86.0,87.0,0.8125
5.0,Learned_UNet_N1,seq_inner_val_6bba_t85_p01_crowded,inner_val,6bba_bb9f20c3,29.0,47.0,86.0,87.0,0.9084026158592896
5.0,Learned_UNet_N1,seq_inner_val_6bba_t85_p01_crowded,inner_val,6bba_bb9f20c3,30.0,51.0,86.0,87.0,0.40625
5.0,Learned_UNet_N1,seq_inner_val_6bba_t85_p01_crowded,inner_val,6bba_bb9f20c3,31.0,55.0,86.0,87.0,0.40625
5.0,Learned_UNet_N1,seq_inner_val_6bba_t85_p01_crowded,inner_val,6bba_bb9f20c3,33.0,48.0,86.0,87.0,3.374565944310468
5.0,Learned_UNet_N1,seq_inner_val_6bba_t85_p01_crowded,inner_val,6bba_bb9f20c3,34.0,49.0,86.0,87.0,0.9084026158592896
5.0,Learned_UNet_N1,seq_inner_val_6bba_t85_p01_crowded,inner_val,6bba_bb9f20c3,35.0,52.0,86.0,87.0,2.0714766773970688
5.0,Learned_UNet_N1,seq_inner_val_6bba_t85_p01_crowded,inner_val,6bba_bb9f20c3,36.0,56.0,86.0,87.0,0.8125
5.0,Learned_UNet_N1,seq_inner_val_6bba_t85_p01_crowded,inner_val,6bba_bb9f20c3,37.0,54.0,86.0,87.0,1.625
5.0,Learned_UNet_N1,seq_inner_val_6bba_t85_p01_crowded,inner_val,6bba_bb9f20c3,38.0,53.0,86.0,87.0,0.40625
5.0,Learned_UNet_N1,seq_inner_val_6bba_t85_p01_crowded,inner_val,6bba_bb9f20c3,39.0,57.0,86.0,87.0,2.1877232028983924
5.0,Learned_UNet_N1,seq_inner_val_6bba_t85_p01_crowded,inner_val,6bba_bb9f20c3,40.0,58.0,87.0,88.0,0.5745242597140698
5.0,Learned_UNet_N1,seq_inner_val_6bba_t85_p01_crowded,inner_val,6bba_bb9f20c3,41.0,59.0,87.0,88.0,0.0
5.0,Learned_UNet_N1,seq_inner_val_6bba_t85_p01_crowded,inner_val,6bba_bb9f20c3,42.0,61.0,87.0,88.0,0.8125
5.0,Learned_UNet_N1,seq_inner_val_6bba_t85_p01_crowded,inner_val,6bba_bb9f20c3,43.0,60.0,87.0,88.0,0.5745242597140698
5.0,Learned_UNet_N1,seq_inner_val_6bba_t85_p01_crowded,inner_val,6bba_bb9f20c3,45.0,62.0,87.0,88.0,0.40625
5.0,Learned_UNet_N1,seq_inner_val_6bba_t85_p01_crowded,inner_val,6bba_bb9f20c3,46.0,64.0,87.0,88.0,0.0
5.0,Learned_UNet_N1,seq_inner_val_6bba_t85_p01_crowded,inner_val,6bba_bb9f20c3,47.0,66.0,87.0,88.0,3.2752922102462856
5.0,Learned_UNet_N1,seq_inner_val_6bba_t85_p01_crowded,inner_val,6bba_bb9f20c3,48.0,69.0,87.0,88.0,0.8125
5.0,Learned_UNet_N1,seq_inner_val_6bba_t85_p01_crowded,inner_val,6bba_bb9f20c3,49.0,70.0,87.0,88.0,0.40625
5.0,Learned_UNet_N1,seq_inner_val_6bba_t85_p01_crowded,inner_val,6bba_bb9f20c3,50.0,71.0,87.0,88.0,1.8168052317185792
5.0,Learned_UNet_N1,seq_inner_val_6bba_t85_p01_crowded,inner_val,6bba_bb9f20c3,51.0,67.0,87.0,88.0,0.0
5.0,Learned_UNet_N1,seq_inner_val_6bba_t85_p01_crowded,inner_val,6bba_bb9f20c3,53.0,68.0,87.0,88.0,0.40625
5.0,Learned_UNet_N1,seq_inner_val_6bba_t85_p01_crowded,inner_val,6bba_bb9f20c3,54.0,72.0,87.0,88.0,1.625
5.0,Learned_UNet_N1,seq_inner_val_6bba_t85_p01_crowded,inner_val,6bba_bb9f20c3,56.0,74.0,87.0,88.0,4.021669817998489
5.0,Learned_UNet_N1,seq_inner_val_6bba_t85_p01_crowded,inner_val,6bba_bb9f20c3,59.0,76.0,88.0,89.0,1.625
5.0,Learned_UNet_N1,seq_inner_val_6bba_t85_p01_crowded,inner_val,6bba_bb9f20c3,60.0,80.0,88.0,89.0,0.9084026158592896
5.0,Learned_UNet_N1,seq_inner_val_6bba_t85_p01_crowded,inner_val,6bba_bb9f20c3,61.0,78.0,88.0,89.0,0.0
5.0,Learned_UNet_N1,seq_inner_val_6bba_t85_p01_crowded,inner_val,6bba_bb9f20c3,62.0,75.0,88.0,89.0,0.40625
5.0,Learned_UNet_N1,seq_inner_val_6bba_t85_p01_crowded,inner_val,6bba_bb9f20c3,63.0,79.0,88.0,89.0,3.25
5.0,Learned_UNet_N1,seq_inner_val_6bba_t85_p01_crowded,inner_val,6bba_bb9f20c3,64.0,81.0,88.0,89.0,3.6336104634371584
5.0,Learned_UNet_N1,seq_inner_val_6bba_t85_p01_crowded,inner_val,6bba_bb9f20c3,65.0,84.0,88.0,89.0,1.1490485194281397
5.0,Learned_UNet_N1,seq_inner_val_6bba_t85_p01_crowded,inner_val,6bba_bb9f20c3,66.0,82.0,88.0,89.0,0.5745242597140698
5.0,Learned_UNet_N1,seq_inner_val_6bba_t85_p01_crowded,inner_val,6bba_bb9f20c3,67.0,88.0,88.0,89.0,0.8125
5.0,Learned_UNet_N1,seq_inner_val_6bba_t85_p01_crowded,inner_val,6bba_bb9f20c3,68.0,92.0,88.0,89.0,0.8125
5.0,Learned_UNet_N1,seq_inner_val_6bba_t85_p01_crowded,inner_val,6bba_bb9f20c3,69.0,83.0,88.0,89.0,0.40625
5.0,Learned_UNet_N1,seq_inner_val_6bba_t85_p01_crowded,inner_val,6bba_bb9f20c3,70.0,86.0,88.0,89.0,0.40625
5.0,Learned_UNet_N1,seq_inner_val_6bba_t85_p01_crowded,inner_val,6bba_bb9f20c3,71.0,85.0,88.0,89.0,3.6787502123683256
5.0,Learned_UNet_N1,seq_inner_val_6bba_t85_p01_crowded,inner_val,6bba_bb9f20c3,72.0,87.0,88.0,89.0,3.040096626753827
5.0,Learned_UNet_N1,seq_inner_val_6bba_t85_p01_crowded,inner_val,6bba_bb9f20c3,73.0,89.0,88.0,89.0,1.1490485194281397
5.0,Learned_UNet_N1,seq_inner_val_6bba_t75_p02_crowded,inner_val,6bba_bb9f20c3,0.0,18.0,75.0,76.0,0.8125
5.0,Learned_UNet_N1,seq_inner_val_6bba_t75_p02_crowded,inner_val,6bba_bb9f20c3,1.0,20.0,75.0,76.0,0.40625
5.0,Learned_UNet_N1,seq_inner_val_6bba_t75_p02_crowded,inner_val,6bba_bb9f20c3,2.0,19.0,75.0,76.0,2.03125
5.0,Learned_UNet_N1,seq_inner_val_6bba_t75_p02_crowded,inner_val,6bba_bb9f20c3,3.0,22.0,75.0,76.0,0.5745242597140698
5.0,Learned_UNet_N1,seq_inner_val_6bba_t75_p02_crowded,inner_val,6bba_bb9f20c3,4.0,23.0,75.0,76.0,3.6336104634371584
5.0,Learned_UNet_N1,seq_inner_val_6bba_t75_p02_crowded,inner_val,6bba_bb9f20c3,5.0,21.0,75.0,76.0,0.40625
5.0,Learned_UNet_N1,seq_inner_val_6bba_t75_p02_crowded,inner_val,6bba_bb9f20c3,6.0,26.0,75.0,76.0,2.4375
5.0,Learned_UNet_N1,seq_inner_val_6bba_t75_p02_crowded,inner_val,6bba_bb9f20c3,7.0,24.0,75.0,76.0,2.4375
5.0,Learned_UNet_N1,seq_inner_val_6bba_t75_p02_crowded,inner_val,6bba_bb9f20c3,10.0,25.0,75.0,76.0,3.447145558284419
5.0,Learned_UNet_N1,seq_inner_val_6bba_t75_p02_crowded,inner_val,6bba_bb9f20c3,11.0,29.0,75.0,76.0,3.350023320814349
5.0,Learned_UNet_N1,seq_inner_val_6bba_t75_p02_crowded,inner_val,6bba_bb9f20c3,12.0,28.0,75.0,76.0,1.1490485194281397
5.0,Learned_UNet_N1,seq_inner_val_6bba_t75_p02_crowded,inner_val,6bba_bb9f20c3,13.0,27.0,75.0,76.0,0.0
5.0,Learned_UNet_N1,seq_inner_val_6bba_t75_p02_crowded,inner_val,6bba_bb9f20c3,14.0,30.0,75.0,76.0,2.2980970388562794
5.0,Learned_UNet_N1,seq_inner_val_6bba_t75_p02_crowded,inner_val,6bba_bb9f20c3,15.0,33.0,75.0,76.0,1.8168052317185792
5.0,Learned_UNet_N1,seq_inner_val_6bba_t75_p02_crowded,inner_val,6bba_bb9f20c3,16.0,32.0,75.0,76.0,0.8125
5.0,Learned_UNet_N1,seq_inner_val_6bba_t75_p02_crowded,inner_val,6bba_bb9f20c3,18.0,35.0,76.0,77.0,0.40625
5.0,Learned_UNet_N1,seq_inner_val_6bba_t75_p02_crowded,inner_val,6bba_bb9f20c3,19.0,34.0,76.0,77.0,0.8125
5.0,Learned_UNet_N1,seq_inner_val_6bba_t75_p02_crowded,inner_val,6bba_bb9f20c3,20.0,37.0,76.0,77.0,0.5745242597140698
5.0,Learned_UNet_N1,seq_inner_val_6bba_t75_p02_crowded,inner_val,6bba_bb9f20c3,21.0,36.0,76.0,77.0,0.8125
5.0,Learned_UNet_N1,seq_inner_val_6bba_t75_p02_crowded,inner_val,6bba_bb9f20c3,22.0,40.0,76.0,77.0,0.8125
5.0,Learned_UNet_N1,seq_inner_val_6bba_t75_p02_crowded,inner_val,6bba_bb9f20c3,23.0,39.0,76.0,77.0,1.1490485194281397
5.0,Learned_UNet_N1,seq_inner_val_6bba_t75_p02_crowded,inner_val,6bba_bb9f20c3,24.0,43.0,76.0,77.0,0.8125
5.0,Learned_UNet_N1,seq_inner_val_6bba_t75_p02_crowded,inner_val,6bba_bb9f20c3,25.0,45.0,76.0,77.0,0.5745242597140698
5.0,Learned_UNet_N1,seq_inner_val_6bba_t75_p02_crowded,inner_val,6bba_bb9f20c3,26.0,41.0,76.0,77.0,1.8168052317185792
5.0,Learned_UNet_N1,seq_inner_val_6bba_t75_p02_crowded,inner_val,6bba_bb9f20c3,27.0,42.0,76.0,77.0,0.5745242597140698
5.0,Learned_UNet_N1,seq_inner_val_6bba_t75_p02_crowded,inner_val,6bba_bb9f20c3,28.0,47.0,76.0,77.0,0.8125
5.0,Learned_UNet_N1,seq_inner_val_6bba_t75_p02_crowded,inner_val,6bba_bb9f20c3,29.0,44.0,76.0,77.0,0.5745242597140698
5.0,Learned_UNet_N1,seq_inner_val_6bba_t75_p02_crowded,inner_val,6bba_bb9f20c3,30.0,46.0,76.0,77.0,3.350023320814349
5.0,Learned_UNet_N1,seq_inner_val_6bba_t75_p02_crowded,inner_val,6bba_bb9f20c3,31.0,48.0,76.0,77.0,3.300390601883359
5.0,Learned_UNet_N1,seq_inner_val_6bba_t75_p02_crowded,inner_val,6bba_bb9f20c3,32.0,50.0,76.0,77.0,0.0
5.0,Learned_UNet_N1,seq_inner_val_6bba_t75_p02_crowded,inner_val,6bba_bb9f20c3,33.0,51.0,76.0,77.0,2.9295104113144914
5.0,Learned_UNet_N1,seq_inner_val_6bba_t75_p02_crowded,inner_val,6bba_bb9f20c3,34.0,52.0,77.0,78.0,0.9084026158592896
5.0,Learned_UNet_N1,seq_inner_val_6bba_t75_p02_crowded,inner_val,6bba_bb9f20c3,35.0,53.0,77.0,78.0,0.40625
5.0,Learned_UNet_N1,seq_inner_val_6bba_t75_p02_crowded,inner_val,6bba_bb9f20c3,36.0,54.0,77.0,78.0,0.0
5.0,Learned_UNet_N1,seq_inner_val_6bba_t75_p02_crowded,inner_val,6bba_bb9f20c3,38.0,55.0,77.0,78.0,0.5745242597140698
5.0,Learned_UNet_N1,seq_inner_val_6bba_t75_p02_crowded,inner_val,6bba_bb9f20c3,39.0,59.0,77.0,78.0,0.8125
5.0,Learned_UNet_N1,seq_inner_val_6bba_t75_p02_crowded,inner_val,6bba_bb9f20c3,40.0,68.0,77.0,78.0,0.5745242597140698
5.0,Learned_UNet_N1,seq_inner_val_6bba_t75_p02_crowded,inner_val,6bba_bb9f20c3,41.0,56.0,77.0,78.0,0.8125
5.0,Learned_UNet_N1,seq_inner_val_6bba_t75_p02_crowded,inner_val,6bba_bb9f20c3,42.0,67.0,77.0,78.0,0.0
5.0,Learned_UNet_N1,seq_inner_val_6bba_t75_p02_crowded,inner_val,6bba_bb9f20c3,43.0,61.0,77.0,78.0,1.6750116604071745
5.0,Learned_UNet_N1,seq_inner_val_6bba_t75_p02_crowded,inner_val,6bba_bb9f20c3,44.0,60.0,77.0,78.0,0.0
5.0,Learned_UNet_N1,seq_inner_val_6bba_t75_p02_crowded,inner_val,6bba_bb9f20c3,45.0,63.0,77.0,78.0,0.5745242597140698
5.0,Learned_UNet_N1,seq_inner_val_6bba_t75_p02_crowded,inner_val,6bba_bb9f20c3,46.0,62.0,77.0,78.0,3.350023320814349
5.0,Learned_UNet_N1,seq_inner_val_6bba_t75_p02_crowded,inner_val,6bba_bb9f20c3,47.0,70.0,77.0,78.0,1.7235727791422095
5.0,Learned_UNet_N1,seq_inner_val_6bba_t75_p02_crowded,inner_val,6bba_bb9f20c3,49.0,65.0,77.0,78.0,3.65625
5.0,Learned_UNet_N1,seq_inner_val_6bba_t75_p02_crowded,inner_val,6bba_bb9f20c3,50.0,69.0,77.0,78.0,0.5745242597140698
5.0,Learned_UNet_N1,seq_inner_val_6bba_t75_p02_crowded,inner_val,6bba_bb9f20c3,51.0,66.0,77.0,78.0,0.40625
5.0,Learned_UNet_N1,seq_inner_val_6bba_t75_p02_crowded,inner_val,6bba_bb9f20c3,55.0,72.0,78.0,79.0,3.447145558284419
5.0,Learned_UNet_N1,seq_inner_val_6bba_t75_p02_crowded,inner_val,6bba_bb9f20c3,59.0,83.0,78.0,79.0,3.2752922102462856
5.0,Learned_UNet_N1,seq_inner_val_6bba_t75_p02_crowded,inner_val,6bba_bb9f20c3,66.0,77.0,78.0,79.0,4.755034338729848
5.0,Learned_UNet_N1,seq_inner_val_6bba_t75_p02_crowded,inner_val,6bba_bb9f20c3,67.0,76.0,78.0,79.0,4.596194077712559
5.0,Learned_UNet_N1,seq_inner_val_6bba_t85_p03_crowded,inner_val,6bba_bb9f20c3,0.0,14.0,85.0,86.0,0.40625
5.0,Learned_UNet_N1,seq_inner_val_6bba_t85_p03_crowded,inner_val,6bba_bb9f20c3,1.0,15.0,85.0,86.0,3.350023320814349
5.0,Learned_UNet_N1,seq_inner_val_6bba_t85_p03_crowded,inner_val,6bba_bb9f20c3,2.0,18.0,85.0,86.0,0.40625
5.0,Learned_UNet_N1,seq_inner_val_6bba_t85_p03_crowded,inner_val,6bba_bb9f20c3,5.0,16.0,85.0,86.0,3.374565944310468
5.0,Learned_UNet_N1,seq_inner_val_6bba_t85_p03_crowded,inner_val,6bba_bb9f20c3,6.0,21.0,85.0,86.0,1.625
5.0,Learned_UNet_N1,seq_inner_val_6bba_t85_p03_crowded,inner_val,6bba_bb9f20c3,7.0,17.0,85.0,86.0,1.8168052317185792
5.0,Learned_UNet_N1,seq_inner_val_6bba_t85_p03_crowded,inner_val,6bba_bb9f20c3,8.0,19.0,85.0,86.0,1.284675299443404
5.0,Learned_UNet_N1,seq_inner_val_6bba_t85_p03_crowded,inner_val,6bba_bb9f20c3,9.0,20.0,85.0,86.0,1.7235727791422095
5.0,Learned_UNet_N1,seq_inner_val_6bba_t85_p03_crowded,inner_val,6bba_bb9f20c3,10.0,26.0,85.0,86.0,2.0714766773970688
5.0,Learned_UNet_N1,seq_inner_val_6bba_t85_p03_crowded,inner_val,6bba_bb9f20c3,11.0,22.0,85.0,86.0,1.7235727791422095
5.0,Learned_UNet_N1,seq_inner_val_6bba_t85_p03_crowded,inner_val,6bba_bb9f20c3,12.0,24.0,85.0,86.0,0.8125
5.0,Learned_UNet_N1,seq_inner_val_6bba_t85_p03_crowded,inner_val,6bba_bb9f20c3,13.0,25.0,85.0,86.0,0.8125
5.0,Learned_UNet_N1,seq_inner_val_6bba_t85_p03_crowded,inner_val,6bba_bb9f20c3,14.0,27.0,86.0,87.0,0.40625
5.0,Learned_UNet_N1,seq_inner_val_6bba_t85_p03_crowded,inner_val,6bba_bb9f20c3,15.0,30.0,86.0,87.0,0.8125
5.0,Learned_UNet_N1,seq_inner_val_6bba_t85_p03_crowded,inner_val,6bba_bb9f20c3,16.0,32.0,86.0,87.0,1.284675299443404
5.0,Learned_UNet_N1,seq_inner_val_6bba_t85_p03_crowded,inner_val,6bba_bb9f20c3,17.0,35.0,86.0,87.0,0.9084026158592896
5.0,Learned_UNet_N1,seq_inner_val_6bba_t85_p03_crowded,inner_val,6bba_bb9f20c3,18.0,29.0,86.0,87.0,0.40625
5.0,Learned_UNet_N1,seq_inner_val_6bba_t85_p03_crowded,inner_val,6bba_bb9f20c3,19.0,33.0,86.0,87.0,1.1490485194281397
5.0,Learned_UNet_N1,seq_inner_val_6bba_t85_p03_crowded,inner_val,6bba_bb9f20c3,20.0,34.0,86.0,87.0,2.0714766773970688
5.0,Learned_UNet_N1,seq_inner_val_6bba_t85_p03_crowded,inner_val,6bba_bb9f20c3,21.0,31.0,86.0,87.0,1.21875
5.0,Learned_UNet_N1,seq_inner_val_6bba_t85_p03_crowded,inner_val,6bba_bb9f20c3,22.0,37.0,86.0,87.0,2.0714766773970688
5.0,Learned_UNet_N1,seq_inner_val_6bba_t85_p03_crowded,inner_val,6bba_bb9f20c3,23.0,39.0,86.0,87.0,0.5745242597140698
5.0,Learned_UNet_N1,seq_inner_val_6bba_t85_p03_crowded,inner_val,6bba_bb9f20c3,26.0,40.0,86.0,87.0,0.8125
5.0,Learned_UNet_N1,seq_inner_val_6bba_t85_p03_crowded,inner_val,6bba_bb9f20c3,27.0,45.0,87.0,88.0,3.2752922102462856
5.0,Learned_UNet_N1,seq_inner_val_6bba_t85_p03_crowded,inner_val,6bba_bb9f20c3,28.0,44.0,87.0,88.0,0.40625
5.0,Learned_UNet_N1,seq_inner_val_6bba_t85_p03_crowded,inner_val,6bba_bb9f20c3,29.0,43.0,87.0,88.0,0.9084026158592896
5.0,Learned_UNet_N1,seq_inner_val_6bba_t85_p03_crowded,inner_val,6bba_bb9f20c3,30.0,41.0,87.0,88.0,0.5745242597140698
5.0,Learned_UNet_N1,seq_inner_val_6bba_t85_p03_crowded,inner_val,6bba_bb9f20c3,31.0,42.0,87.0,88.0,1.6750116604071745
5.0,Learned_UNet_N1,seq_inner_val_6bba_t85_p03_crowded,inner_val,6bba_bb9f20c3,32.0,46.0,87.0,88.0,0.40625
5.0,Learned_UNet_N1,seq_inner_val_6bba_t85_p03_crowded,inner_val,6bba_bb9f20c3,33.0,48.0,87.0,88.0,1.1490485194281397
5.0,Learned_UNet_N1,seq_inner_val_6bba_t85_p03_crowded,inner_val,6bba_bb9f20c3,34.0,47.0,87.0,88.0,1.625
5.0,Learned_UNet_N1,seq_inner_val_6bba_t85_p03_crowded,inner_val,6bba_bb9f20c3,35.0,49.0,87.0,88.0,0.40625
5.0,Learned_UNet_N1,seq_inner_val_6bba_t85_p03_crowded,inner_val,6bba_bb9f20c3,37.0,50.0,87.0,88.0,1.284675299443404
5.0,Learned_UNet_N1,seq_inner_val_6bba_t85_p03_crowded,inner_val,6bba_bb9f20c3,38.0,53.0,87.0,88.0,1.284675299443404
5.0,Learned_UNet_N1,seq_inner_val_6bba_t85_p03_crowded,inner_val,6bba_bb9f20c3,39.0,52.0,87.0,88.0,2.1877232028983924
5.0,Learned_UNet_N1,seq_inner_val_6bba_t85_p03_crowded,inner_val,6bba_bb9f20c3,40.0,51.0,87.0,88.0,0.40625
5.0,Learned_UNet_N1,seq_inner_val_6bba_t85_p03_crowded,inner_val,6bba_bb9f20c3,41.0,56.0,88.0,89.0,0.9084026158592896
5.0,Learned_UNet_N1,seq_inner_val_6bba_t85_p03_crowded,inner_val,6bba_bb9f20c3,42.0,58.0,88.0,89.0,2.0714766773970688
5.0,Learned_UNet_N1,seq_inner_val_6bba_t85_p03_crowded,inner_val,6bba_bb9f20c3,43.0,57.0,88.0,89.0,0.9084026158592896
5.0,Learned_UNet_N1,seq_inner_val_6bba_t85_p03_crowded,inner_val,6bba_bb9f20c3,45.0,59.0,88.0,89.0,3.25
5.0,Learned_UNet_N1,seq_inner_val_6bba_t85_p03_crowded,inner_val,6bba_bb9f20c3,46.0,62.0,88.0,89.0,3.374565944310468
5.0,Learned_UNet_N1,seq_inner_val_6bba_t85_p03_crowded,inner_val,6bba_bb9f20c3,48.0,60.0,88.0,89.0,1.284675299443404
5.0,Learned_UNet_N1,seq_inner_val_6bba_t85_p03_crowded,inner_val,6bba_bb9f20c3,49.0,64.0,88.0,89.0,3.093907824257213
5.0,Learned_UNet_N1,seq_inner_val_6bba_t85_p03_crowded,inner_val,6bba_bb9f20c3,50.0,66.0,88.0,89.0,4.5420130792964475
5.0,Learned_UNet_N1,seq_inner_val_6bba_t85_p03_crowded,inner_val,6bba_bb9f20c3,52.0,67.0,88.0,89.0,2.0714766773970688
5.0,Learned_UNet_N1,seq_inner_val_6bba_t85_p03_crowded,inner_val,6bba_bb9f20c3,53.0,65.0,88.0,89.0,1.6750116604071745
5.0,Learned_UNet_N1,seq_inner_val_6bba_t85_p03_crowded,inner_val,6bba_bb9f20c3,55.0,69.0,88.0,89.0,1.625
5.0,Learned_UNet_N1,seq_inner_val_6bba_t80_p04_crowded,inner_val,6bba_bb9f20c3,0.0,18.0,80.0,81.0,0.40625
5.0,Learned_UNet_N1,seq_inner_val_6bba_t80_p04_crowded,inner_val,6bba_bb9f20c3,1.0,19.0,80.0,81.0,0.40625
5.0,Learned_UNet_N1,seq_inner_val_6bba_t80_p04_crowded,inner_val,6bba_bb9f20c3,2.0,20.0,80.0,81.0,0.40625
5.0,Learned_UNet_N1,seq_inner_val_6bba_t80_p04_crowded,inner_val,6bba_bb9f20c3,3.0,21.0,80.0,81.0,0.5745242597140698
5.0,Learned_UNet_N1,seq_inner_val_6bba_t80_p04_crowded,inner_val,6bba_bb9f20c3,4.0,22.0,80.0,81.0,1.21875
5.0,Learned_UNet_N1,seq_inner_val_6bba_t80_p04_crowded,inner_val,6bba_bb9f20c3,5.0,25.0,80.0,81.0,0.40625
5.0,Learned_UNet_N1,seq_inner_val_6bba_t80_p04_crowded,inner_val,6bba_bb9f20c3,6.0,23.0,80.0,81.0,1.284675299443404
5.0,Learned_UNet_N1,seq_inner_val_6bba_t80_p04_crowded,inner_val,6bba_bb9f20c3,7.0,24.0,80.0,81.0,0.40625
5.0,Learned_UNet_N1,seq_inner_val_6bba_t80_p04_crowded,inner_val,6bba_bb9f20c3,8.0,26.0,80.0,81.0,2.0714766773970688
5.0,Learned_UNet_N1,seq_inner_val_6bba_t80_p04_crowded,inner_val,6bba_bb9f20c3,9.0,28.0,80.0,81.0,1.21875
5.0,Learned_UNet_N1,seq_inner_val_6bba_t80_p04_crowded,inner_val,6bba_bb9f20c3,12.0,29.0,80.0,81.0,1.625
5.0,Learned_UNet_N1,seq_inner_val_6bba_t80_p04_crowded,inner_val,6bba_bb9f20c3,13.0,27.0,80.0,81.0,1.7235727791422095
5.0,Learned_UNet_N1,seq_inner_val_6bba_t80_p04_crowded,inner_val,6bba_bb9f20c3,14.0,30.0,80.0,81.0,1.8168052317185792
5.0,Learned_UNet_N1,seq_inner_val_6bba_t80_p04_crowded,inner_val,6bba_bb9f20c3,15.0,31.0,80.0,81.0,0.9084026158592896
5.0,Learned_UNet_N1,seq_inner_val_6bba_t80_p04_crowded,inner_val,6bba_bb9f20c3,17.0,32.0,80.0,81.0,0.40625
5.0,Learned_UNet_N1,seq_inner_val_6bba_t80_p04_crowded,inner_val,6bba_bb9f20c3,18.0,34.0,81.0,82.0,0.40625
5.0,Learned_UNet_N1,seq_inner_val_6bba_t80_p04_crowded,inner_val,6bba_bb9f20c3,19.0,35.0,81.0,82.0,0.5745242597140698
5.0,Learned_UNet_N1,seq_inner_val_6bba_t80_p04_crowded,inner_val,6bba_bb9f20c3,20.0,36.0,81.0,82.0,0.9084026158592896
5.0,Learned_UNet_N1,seq_inner_val_6bba_t80_p04_crowded,inner_val,6bba_bb9f20c3,21.0,37.0,81.0,82.0,0.8125
5.0,Learned_UNet_N1,seq_inner_val_6bba_t80_p04_crowded,inner_val,6bba_bb9f20c3,22.0,38.0,81.0,82.0,0.40625
5.0,Learned_UNet_N1,seq_inner_val_6bba_t80_p04_crowded,inner_val,6bba_bb9f20c3,23.0,40.0,81.0,82.0,0.0
5.0,Learned_UNet_N1,seq_inner_val_6bba_t80_p04_crowded,inner_val,6bba_bb9f20c3,24.0,41.0,81.0,82.0,1.284675299443404
5.0,Learned_UNet_N1,seq_inner_val_6bba_t80_p04_crowded,inner_val,6bba_bb9f20c3,25.0,44.0,81.0,82.0,0.5745242597140698
5.0,Learned_UNet_N1,seq_inner_val_6bba_t80_p04_crowded,inner_val,6bba_bb9f20c3,26.0,39.0,81.0,82.0,1.1490485194281397
5.0,Learned_UNet_N1,seq_inner_val_6bba_t80_p04_crowded,inner_val,6bba_bb9f20c3,27.0,43.0,81.0,82.0,1.7235727791422095
5.0,Learned_UNet_N1,seq_inner_val_6bba_t80_p04_crowded,inner_val,6bba_bb9f20c3,28.0,47.0,81.0,82.0,0.8125
5.0,Learned_UNet_N1,seq_inner_val_6bba_t80_p04_crowded,inner_val,6bba_bb9f20c3,29.0,45.0,81.0,82.0,2.03125
5.0,Learned_UNet_N1,seq_inner_val_6bba_t80_p04_crowded,inner_val,6bba_bb9f20c3,30.0,46.0,81.0,82.0,0.0
5.0,Learned_UNet_N1,seq_inner_val_6bba_t80_p04_crowded,inner_val,6bba_bb9f20c3,31.0,48.0,81.0,82.0,0.40625
5.0,Learned_UNet_N1,seq_inner_val_6bba_t80_p04_crowded,inner_val,6bba_bb9f20c3,32.0,49.0,81.0,82.0,0.0
5.0,Learned_UNet_N1,seq_inner_val_6bba_t80_p04_crowded,inner_val,6bba_bb9f20c3,33.0,51.0,81.0,82.0,0.40625
5.0,Learned_UNet_N1,seq_inner_val_6bba_t80_p04_crowded,inner_val,6bba_bb9f20c3,34.0,52.0,82.0,83.0,3.25
5.0,Learned_UNet_N1,seq_inner_val_6bba_t80_p04_crowded,inner_val,6bba_bb9f20c3,35.0,55.0,82.0,83.0,0.40625
5.0,Learned_UNet_N1,seq_inner_val_6bba_t80_p04_crowded,inner_val,6bba_bb9f20c3,36.0,54.0,82.0,83.0,0.9084026158592896
5.0,Learned_UNet_N1,seq_inner_val_6bba_t80_p04_crowded,inner_val,6bba_bb9f20c3,37.0,53.0,82.0,83.0,0.8125
5.0,Learned_UNet_N1,seq_inner_val_6bba_t80_p04_crowded,inner_val,6bba_bb9f20c3,38.0,56.0,82.0,83.0,0.0
5.0,Learned_UNet_N1,seq_inner_val_6bba_t80_p04_crowded,inner_val,6bba_bb9f20c3,39.0,57.0,82.0,83.0,0.5745242597140698
5.0,Learned_UNet_N1,seq_inner_val_6bba_t80_p04_crowded,inner_val,6bba_bb9f20c3,40.0,58.0,82.0,83.0,1.4647552056572457
5.0,Learned_UNet_N1,seq_inner_val_6bba_t80_p04_crowded,inner_val,6bba_bb9f20c3,41.0,59.0,82.0,83.0,0.8125
5.0,Learned_UNet_N1,seq_inner_val_6bba_t80_p04_crowded,inner_val,6bba_bb9f20c3,42.0,61.0,82.0,83.0,1.7235727791422095
5.0,Learned_UNet_N1,seq_inner_val_6bba_t80_p04_crowded,inner_val,6bba_bb9f20c3,43.0,62.0,82.0,83.0,1.1490485194281397
5.0,Learned_UNet_N1,seq_inner_val_6bba_t80_p04_crowded,inner_val,6bba_bb9f20c3,45.0,65.0,82.0,83.0,0.40625
5.0,Learned_UNet_N1,seq_inner_val_6bba_t80_p04_crowded,inner_val,6bba_bb9f20c3,46.0,63.0,82.0,83.0,0.8125
5.0,Learned_UNet_N1,seq_inner_val_6bba_t80_p04_crowded,inner_val,6bba_bb9f20c3,48.0,68.0,82.0,83.0,0.40625
5.0,Learned_UNet_N1,seq_inner_val_6bba_t80_p04_crowded,inner_val,6bba_bb9f20c3,49.0,66.0,82.0,83.0,3.25
5.0,Learned_UNet_N1,seq_inner_val_6bba_t80_p04_crowded,inner_val,6bba_bb9f20c3,50.0,64.0,82.0,83.0,0.0
5.0,Learned_UNet_N1,seq_inner_val_6bba_t80_p04_crowded,inner_val,6bba_bb9f20c3,52.0,71.0,83.0,84.0,3.5648292823780494
5.0,Learned_UNet_N1,seq_inner_val_6bba_t80_p04_crowded,inner_val,6bba_bb9f20c3,53.0,75.0,83.0,84.0,0.40625
5.0,Learned_UNet_N1,seq_inner_val_6bba_t80_p04_crowded,inner_val,6bba_bb9f20c3,54.0,74.0,83.0,84.0,0.40625
5.0,Learned_UNet_N1,seq_inner_val_6bba_t80_p04_crowded,inner_val,6bba_bb9f20c3,55.0,73.0,83.0,84.0,3.2752922102462856
5.0,Learned_UNet_N1,seq_inner_val_6bba_t80_p04_crowded,inner_val,6bba_bb9f20c3,56.0,72.0,83.0,84.0,3.374565944310468
5.0,Learned_UNet_N1,seq_inner_val_6bba_t80_p04_crowded,inner_val,6bba_bb9f20c3,59.0,76.0,83.0,84.0,0.8125
5.0,Learned_UNet_N1,seq_inner_val_6bba_t80_p04_crowded,inner_val,6bba_bb9f20c3,61.0,79.0,83.0,84.0,0.0
5.0,Learned_UNet_N1,seq_inner_val_6bba_t80_p04_crowded,inner_val,6bba_bb9f20c3,63.0,83.0,83.0,84.0,1.625
5.0,Learned_UNet_N1,seq_inner_val_6bba_t80_p04_crowded,inner_val,6bba_bb9f20c3,66.0,81.0,83.0,84.0,3.2752922102462856
5.0,Learned_UNet_N1,seq_inner_val_6bba_t80_p04_crowded,inner_val,6bba_bb9f20c3,67.0,86.0,83.0,84.0,3.471001521535247
5.0,Learned_UNet_N1,seq_inner_val_6bba_t80_p04_crowded,inner_val,6bba_bb9f20c3,68.0,85.0,83.0,84.0,3.300390601883359
5.0,Learned_UNet_N1,seq_inner_val_6bba_t80_p04_crowded,inner_val,6bba_bb9f20c3,69.0,88.0,83.0,84.0,3.65625
5.0,Learned_UNet_N1,seq_inner_val_6bba_t80_p04_crowded,inner_val,6bba_bb9f20c3,70.0,87.0,83.0,84.0,0.0
5.0,Learned_UNet_N1,seq_inner_val_6bba_t75_p05_isolated,inner_val,6bba_bb9f20c3,0.0,13.0,75.0,76.0,1.1490485194281397
5.0,Learned_UNet_N1,seq_inner_val_6bba_t75_p05_isolated,inner_val,6bba_bb9f20c3,3.0,14.0,75.0,76.0,1.21875
5.0,Learned_UNet_N1,seq_inner_val_6bba_t75_p05_isolated,inner_val,6bba_bb9f20c3,4.0,19.0,75.0,76.0,0.0
5.0,Learned_UNet_N1,seq_inner_val_6bba_t75_p05_isolated,inner_val,6bba_bb9f20c3,6.0,21.0,75.0,76.0,2.0714766773970688
5.0,Learned_UNet_N1,seq_inner_val_6bba_t75_p05_isolated,inner_val,6bba_bb9f20c3,7.0,17.0,75.0,76.0,3.040096626753827
5.0,Learned_UNet_N1,seq_inner_val_6bba_t75_p05_isolated,inner_val,6bba_bb9f20c3,9.0,15.0,75.0,76.0,2.03125
5.0,Learned_UNet_N1,seq_inner_val_6bba_t75_p05_isolated,inner_val,6bba_bb9f20c3,10.0,16.0,75.0,76.0,1.8168052317185792
5.0,Learned_UNet_N1,seq_inner_val_6bba_t75_p05_isolated,inner_val,6bba_bb9f20c3,11.0,23.0,75.0,76.0,0.5745242597140698
5.0,Learned_UNet_N1,seq_inner_val_6bba_t75_p05_isolated,inner_val,6bba_bb9f20c3,13.0,26.0,76.0,77.0,0.9084026158592896
5.0,Learned_UNet_N1,seq_inner_val_6bba_t75_p05_isolated,inner_val,6bba_bb9f20c3,14.0,27.0,76.0,77.0,0.40625
5.0,Learned_UNet_N1,seq_inner_val_6bba_t75_p05_isolated,inner_val,6bba_bb9f20c3,15.0,29.0,76.0,77.0,0.0
5.0,Learned_UNet_N1,seq_inner_val_6bba_t75_p05_isolated,inner_val,6bba_bb9f20c3,16.0,31.0,76.0,77.0,0.40625
5.0,Learned_UNet_N1,seq_inner_val_6bba_t75_p05_isolated,inner_val,6bba_bb9f20c3,17.0,30.0,76.0,77.0,0.5745242597140698
5.0,Learned_UNet_N1,seq_inner_val_6bba_t75_p05_isolated,inner_val,6bba_bb9f20c3,18.0,33.0,76.0,77.0,0.40625
5.0,Learned_UNet_N1,seq_inner_val_6bba_t75_p05_isolated,inner_val,6bba_bb9f20c3,19.0,32.0,76.0,77.0,0.0
5.0,Learned_UNet_N1,seq_inner_val_6bba_t75_p05_isolated,inner_val,6bba_bb9f20c3,20.0,35.0,76.0,77.0,1.8168052317185792
5.0,Learned_UNet_N1,seq_inner_val_6bba_t75_p05_isolated,inner_val,6bba_bb9f20c3,21.0,34.0,76.0,77.0,1.1490485194281397
5.0,Learned_UNet_N1,seq_inner_val_6bba_t75_p05_isolated,inner_val,6bba_bb9f20c3,22.0,36.0,76.0,77.0,0.8125
5.0,Learned_UNet_N1,seq_inner_val_6bba_t75_p05_isolated,inner_val,6bba_bb9f20c3,23.0,37.0,76.0,77.0,0.9084026158592896
5.0,Learned_UNet_N1,seq_inner_val_6bba_t75_p05_isolated,inner_val,6bba_bb9f20c3,25.0,38.0,76.0,77.0,0.0
5.0,Learned_UNet_N1,seq_inner_val_6bba_t75_p05_isolated,inner_val,6bba_bb9f20c3,26.0,40.0,77.0,78.0,0.40625
5.0,Learned_UNet_N1,seq_inner_val_6bba_t75_p05_isolated,inner_val,6bba_bb9f20c3,27.0,41.0,77.0,78.0,0.40625
5.0,Learned_UNet_N1,seq_inner_val_6bba_t75_p05_isolated,inner_val,6bba_bb9f20c3,28.0,42.0,77.0,78.0,0.40625
5.0,Learned_UNet_N1,seq_inner_val_6bba_t75_p05_isolated,inner_val,6bba_bb9f20c3,29.0,44.0,77.0,78.0,0.0
5.0,Learned_UNet_N1,seq_inner_val_6bba_t75_p05_isolated,inner_val,6bba_bb9f20c3,30.0,46.0,77.0,78.0,1.21875
5.0,Learned_UNet_N1,seq_inner_val_6bba_t75_p05_isolated,inner_val,6bba_bb9f20c3,31.0,48.0,77.0,78.0,0.9084026158592896
5.0,Learned_UNet_N1,seq_inner_val_6bba_t75_p05_isolated,inner_val,6bba_bb9f20c3,32.0,49.0,77.0,78.0,1.625
5.0,Learned_UNet_N1,seq_inner_val_6bba_t75_p05_isolated,inner_val,6bba_bb9f20c3,33.0,47.0,77.0,78.0,1.21875
5.0,Learned_UNet_N1,seq_inner_val_6bba_t75_p05_isolated,inner_val,6bba_bb9f20c3,34.0,50.0,77.0,78.0,0.9084026158592896
5.0,Learned_UNet_N1,seq_inner_val_6bba_t75_p05_isolated,inner_val,6bba_bb9f20c3,35.0,45.0,77.0,78.0,1.284675299443404
5.0,Learned_UNet_N1,seq_inner_val_6bba_t75_p05_isolated,inner_val,6bba_bb9f20c3,36.0,43.0,77.0,78.0,0.5745242597140698
5.0,Learned_UNet_N1,seq_inner_val_6bba_t75_p05_isolated,inner_val,6bba_bb9f20c3,37.0,51.0,77.0,78.0,0.40625
5.0,Learned_UNet_N1,seq_inner_val_6bba_t75_p05_isolated,inner_val,6bba_bb9f20c3,38.0,53.0,77.0,78.0,1.6750116604071745
5.0,Learned_UNet_N1,seq_inner_val_6bba_t75_p05_isolated,inner_val,6bba_bb9f20c3,53.0,64.0,78.0,79.0,3.2752922102462856
5.0,Learned_UNet_N1,seq_inner_val_6bba_t75_p06_isolated,inner_val,6bba_bb9f20c3,0.0,17.0,75.0,76.0,0.0
5.0,Learned_UNet_N1,seq_inner_val_6bba_t75_p06_isolated,inner_val,6bba_bb9f20c3,1.0,21.0,75.0,76.0,3.6336104634371584
5.0,Learned_UNet_N1,seq_inner_val_6bba_t75_p06_isolated,inner_val,6bba_bb9f20c3,2.0,19.0,75.0,76.0,1.1490485194281397
5.0,Learned_UNet_N1,seq_inner_val_6bba_t75_p06_isolated,inner_val,6bba_bb9f20c3,3.0,18.0,75.0,76.0,0.8125
5.0,Learned_UNet_N1,seq_inner_val_6bba_t75_p06_isolated,inner_val,6bba_bb9f20c3,4.0,22.0,75.0,76.0,1.284675299443404
5.0,Learned_UNet_N1,seq_inner_val_6bba_t75_p06_isolated,inner_val,6bba_bb9f20c3,6.0,24.0,75.0,76.0,1.8168052317185792
5.0,Learned_UNet_N1,seq_inner_val_6bba_t75_p06_isolated,inner_val,6bba_bb9f20c3,7.0,26.0,75.0,76.0,0.5745242597140698
5.0,Learned_UNet_N1,seq_inner_val_6bba_t75_p06_isolated,inner_val,6bba_bb9f20c3,8.0,27.0,75.0,76.0,1.4647552056572457
5.0,Learned_UNet_N1,seq_inner_val_6bba_t75_p06_isolated,inner_val,6bba_bb9f20c3,9.0,31.0,75.0,76.0,1.8168052317185792
5.0,Learned_UNet_N1,seq_inner_val_6bba_t75_p06_isolated,inner_val,6bba_bb9f20c3,10.0,25.0,75.0,76.0,3.25
5.0,Learned_UNet_N1,seq_inner_val_6bba_t75_p06_isolated,inner_val,6bba_bb9f20c3,11.0,32.0,75.0,76.0,0.8125
5.0,Learned_UNet_N1,seq_inner_val_6bba_t75_p06_isolated,inner_val,6bba_bb9f20c3,12.0,29.0,75.0,76.0,1.1490485194281397
5.0,Learned_UNet_N1,seq_inner_val_6bba_t75_p06_isolated,inner_val,6bba_bb9f20c3,14.0,28.0,75.0,76.0,4.241374519244911
5.0,Learned_UNet_N1,seq_inner_val_6bba_t75_p06_isolated,inner_val,6bba_bb9f20c3,16.0,33.0,76.0,77.0,0.5745242597140698
5.0,Learned_UNet_N1,seq_inner_val_6bba_t75_p06_isolated,inner_val,6bba_bb9f20c3,17.0,34.0,76.0,77.0,3.65625
5.0,Learned_UNet_N1,seq_inner_val_6bba_t75_p06_isolated,inner_val,6bba_bb9f20c3,18.0,35.0,76.0,77.0,0.5745242597140698
5.0,Learned_UNet_N1,seq_inner_val_6bba_t75_p06_isolated,inner_val,6bba_bb9f20c3,20.0,38.0,76.0,77.0,3.2752922102462856
5.0,Learned_UNet_N1,seq_inner_val_6bba_t75_p06_isolated,inner_val,6bba_bb9f20c3,21.0,37.0,76.0,77.0,0.40625
5.0,Learned_UNet_N1,seq_inner_val_6bba_t75_p06_isolated,inner_val,6bba_bb9f20c3,22.0,36.0,76.0,77.0,0.5745242597140698
5.0,Learned_UNet_N1,seq_inner_val_6bba_t75_p06_isolated,inner_val,6bba_bb9f20c3,23.0,42.0,76.0,77.0,1.6750116604071745
5.0,Learned_UNet_N1,seq_inner_val_6bba_t75_p06_isolated,inner_val,6bba_bb9f20c3,24.0,41.0,76.0,77.0,1.625
5.0,Learned_UNet_N1,seq_inner_val_6bba_t75_p06_isolated,inner_val,6bba_bb9f20c3,25.0,44.0,76.0,77.0,3.300390601883359
5.0,Learned_UNet_N1,seq_inner_val_6bba_t75_p06_isolated,inner_val,6bba_bb9f20c3,26.0,43.0,76.0,77.0,0.0
5.0,Learned_UNet_N1,seq_inner_val_6bba_t75_p06_isolated,inner_val,6bba_bb9f20c3,27.0,39.0,76.0,77.0,1.1490485194281397
5.0,Learned_UNet_N1,seq_inner_val_6bba_t75_p06_isolated,inner_val,6bba_bb9f20c3,28.0,40.0,76.0,77.0,0.8125
5.0,Learned_UNet_N1,seq_inner_val_6bba_t75_p06_isolated,inner_val,6bba_bb9f20c3,30.0,45.0,76.0,77.0,2.368824207280903
5.0,Learned_UNet_N1,seq_inner_val_6bba_t75_p06_isolated,inner_val,6bba_bb9f20c3,32.0,46.0,76.0,77.0,0.8125
5.0,Learned_UNet_N1,seq_inner_val_6bba_t75_p06_isolated,inner_val,6bba_bb9f20c3,33.0,47.0,77.0,78.0,3.300390601883359
5.0,Learned_UNet_N1,seq_inner_val_6bba_t75_p06_isolated,inner_val,6bba_bb9f20c3,35.0,50.0,77.0,78.0,1.1490485194281397
5.0,Learned_UNet_N1,seq_inner_val_6bba_t75_p06_isolated,inner_val,6bba_bb9f20c3,36.0,49.0,77.0,78.0,0.8125
5.0,Learned_UNet_N1,seq_inner_val_6bba_t75_p06_isolated,inner_val,6bba_bb9f20c3,37.0,51.0,77.0,78.0,3.25
5.0,Learned_UNet_N1,seq_inner_val_6bba_t75_p06_isolated,inner_val,6bba_bb9f20c3,39.0,58.0,77.0,78.0,1.1490485194281397
5.0,Learned_UNet_N1,seq_inner_val_6bba_t75_p06_isolated,inner_val,6bba_bb9f20c3,40.0,52.0,77.0,78.0,0.40625
5.0,Learned_UNet_N1,seq_inner_val_6bba_t75_p06_isolated,inner_val,6bba_bb9f20c3,41.0,53.0,77.0,78.0,0.5745242597140698
5.0,Learned_UNet_N1,seq_inner_val_6bba_t75_p06_isolated,inner_val,6bba_bb9f20c3,42.0,54.0,77.0,78.0,0.40625
5.0,Learned_UNet_N1,seq_inner_val_6bba_t75_p06_isolated,inner_val,6bba_bb9f20c3,43.0,55.0,77.0,78.0,1.8168052317185792
5.0,Learned_UNet_N1,seq_inner_val_6bba_t75_p06_isolated,inner_val,6bba_bb9f20c3,44.0,56.0,77.0,78.0,3.300390601883359
5.0,Learned_UNet_N1,seq_inner_val_6bba_t75_p06_isolated,inner_val,6bba_bb9f20c3,45.0,60.0,77.0,78.0,1.284675299443404
5.0,Learned_UNet_N1,seq_inner_val_6bba_t75_p06_isolated,inner_val,6bba_bb9f20c3,46.0,59.0,77.0,78.0,1.1490485194281397
5.0,Learned_UNet_N1,seq_inner_val_6bba_t75_p06_isolated,inner_val,6bba_bb9f20c3,47.0,64.0,78.0,79.0,3.300390601883359
5.0,Learned_UNet_N1,seq_inner_val_6bba_t75_p06_isolated,inner_val,6bba_bb9f20c3,51.0,68.0,78.0,79.0,3.2752922102462856
5.0,Learned_UNet_N1,seq_inner_val_6bba_t75_p06_isolated,inner_val,6bba_bb9f20c3,54.0,74.0,78.0,79.0,3.350023320814349
5.0,Learned_UNet_N1,seq_inner_val_6bba_t75_p06_isolated,inner_val,6bba_bb9f20c3,55.0,66.0,78.0,79.0,4.614113030962723
5.0,Learned_UNet_N1,seq_inner_val_6bba_t75_p06_isolated,inner_val,6bba_bb9f20c3,56.0,70.0,78.0,79.0,4.958913218891817
5.0,Learned_UNet_N1,seq_inner_val_6bba_t75_p06_isolated,inner_val,6bba_bb9f20c3,61.0,77.0,78.0,79.0,4.487177913232324
5.0,Learned_UNet_N1,seq_inner_val_6bba_t90_p07_isolated,inner_val,6bba_bb9f20c3,0.0,12.0,90.0,91.0,1.6750116604071745
5.0,Learned_UNet_N1,seq_inner_val_6bba_t90_p07_isolated,inner_val,6bba_bb9f20c3,1.0,19.0,90.0,91.0,2.632800908728193
5.0,Learned_UNet_N1,seq_inner_val_6bba_t90_p07_isolated,inner_val,6bba_bb9f20c3,2.0,16.0,90.0,91.0,1.1490485194281397
5.0,Learned_UNet_N1,seq_inner_val_6bba_t90_p07_isolated,inner_val,6bba_bb9f20c3,4.0,15.0,90.0,91.0,1.8168052317185792
5.0,Learned_UNet_N1,seq_inner_val_6bba_t90_p07_isolated,inner_val,6bba_bb9f20c3,5.0,21.0,90.0,91.0,1.625
5.0,Learned_UNet_N1,seq_inner_val_6bba_t90_p07_isolated,inner_val,6bba_bb9f20c3,6.0,14.0,90.0,91.0,4.1429533547941375
5.0,Learned_UNet_N1,seq_inner_val_6bba_t90_p07_isolated,inner_val,6bba_bb9f20c3,7.0,20.0,90.0,91.0,2.0714766773970688
5.0,Learned_UNet_N1,seq_inner_val_6bba_t90_p07_isolated,inner_val,6bba_bb9f20c3,9.0,18.0,90.0,91.0,1.8168052317185792
5.0,Learned_UNet_N1,seq_inner_val_6bba_t90_p07_isolated,inner_val,6bba_bb9f20c3,10.0,22.0,90.0,91.0,1.625
5.0,Learned_UNet_N1,seq_inner_val_6bba_t90_p07_isolated,inner_val,6bba_bb9f20c3,12.0,24.0,91.0,92.0,3.72334275215162
5.0,Learned_UNet_N1,seq_inner_val_6bba_t90_p07_isolated,inner_val,6bba_bb9f20c3,13.0,26.0,91.0,92.0,1.625
5.0,Learned_UNet_N1,seq_inner_val_6bba_t90_p07_isolated,inner_val,6bba_bb9f20c3,14.0,29.0,91.0,92.0,1.284675299443404
5.0,Learned_UNet_N1,seq_inner_val_6bba_t90_p07_isolated,inner_val,6bba_bb9f20c3,16.0,25.0,91.0,92.0,0.0
5.0,Learned_UNet_N1,seq_inner_val_6bba_t90_p07_isolated,inner_val,6bba_bb9f20c3,17.0,27.0,91.0,92.0,4.1429533547941375
5.0,Learned_UNet_N1,seq_inner_val_6bba_t90_p07_isolated,inner_val,6bba_bb9f20c3,18.0,28.0,91.0,92.0,3.6336104634371584
5.0,Learned_UNet_N1,seq_inner_val_6bba_t90_p07_isolated,inner_val,6bba_bb9f20c3,20.0,30.0,91.0,92.0,0.8125
5.0,Learned_UNet_N1,seq_inner_val_6bba_t90_p07_isolated,inner_val,6bba_bb9f20c3,21.0,33.0,91.0,92.0,1.8168052317185792
5.0,Learned_UNet_N1,seq_inner_val_6bba_t90_p07_isolated,inner_val,6bba_bb9f20c3,22.0,34.0,91.0,92.0,0.5745242597140698
5.0,Learned_UNet_N1,seq_inner_val_6bba_t90_p07_isolated,inner_val,6bba_bb9f20c3,24.0,35.0,92.0,93.0,0.9084026158592896
5.0,Learned_UNet_N1,seq_inner_val_6bba_t90_p07_isolated,inner_val,6bba_bb9f20c3,25.0,39.0,92.0,93.0,0.0
5.0,Learned_UNet_N1,seq_inner_val_6bba_t90_p07_isolated,inner_val,6bba_bb9f20c3,26.0,38.0,92.0,93.0,0.8125
5.0,Learned_UNet_N1,seq_inner_val_6bba_t90_p07_isolated,inner_val,6bba_bb9f20c3,27.0,37.0,92.0,93.0,0.8125
5.0,Learned_UNet_N1,seq_inner_val_6bba_t90_p07_isolated,inner_val,6bba_bb9f20c3,28.0,40.0,92.0,93.0,0.5745242597140698
5.0,Learned_UNet_N1,seq_inner_val_6bba_t90_p07_isolated,inner_val,6bba_bb9f20c3,30.0,41.0,92.0,93.0,0.5745242597140698
5.0,Learned_UNet_N1,seq_inner_val_6bba_t90_p07_isolated,inner_val,6bba_bb9f20c3,32.0,42.0,92.0,93.0,1.4647552056572457
5.0,Learned_UNet_N1,seq_inner_val_6bba_t90_p07_isolated,inner_val,6bba_bb9f20c3,33.0,43.0,92.0,93.0,0.8125
5.0,Learned_UNet_N1,seq_inner_val_6bba_t90_p07_isolated,inner_val,6bba_bb9f20c3,35.0,45.0,93.0,94.0,0.5745242597140698
5.0,Learned_UNet_N1,seq_inner_val_6bba_t90_p07_isolated,inner_val,6bba_bb9f20c3,36.0,50.0,93.0,94.0,3.5648292823780494
5.0,Learned_UNet_N1,seq_inner_val_6bba_t90_p07_isolated,inner_val,6bba_bb9f20c3,37.0,46.0,93.0,94.0,1.1490485194281397
5.0,Learned_UNet_N1,seq_inner_val_6bba_t90_p07_isolated,inner_val,6bba_bb9f20c3,38.0,48.0,93.0,94.0,0.0
5.0,Learned_UNet_N1,seq_inner_val_6bba_t90_p07_isolated,inner_val,6bba_bb9f20c3,39.0,47.0,93.0,94.0,2.9295104113144914
5.0,Learned_UNet_N1,seq_inner_val_6bba_t90_p07_isolated,inner_val,6bba_bb9f20c3,40.0,49.0,93.0,94.0,0.5745242597140698
5.0,Learned_UNet_N1,seq_inner_val_6bba_t90_p07_isolated,inner_val,6bba_bb9f20c3,42.0,51.0,93.0,94.0,1.284675299443404
5.0,Learned_UNet_N1,seq_inner_val_6bba_t90_p07_isolated,inner_val,6bba_bb9f20c3,43.0,53.0,93.0,94.0,0.8125
5.0,Learned_UNet_N1,seq_inner_val_6bba_t90_p08_boundary,inner_val,6bba_bb9f20c3,3.0,14.0,90.0,91.0,4.487177913232324
5.0,Learned_UNet_N1,seq_inner_val_6bba_t90_p08_boundary,inner_val,6bba_bb9f20c3,4.0,13.0,90.0,91.0,3.25
5.0,Learned_UNet_N1,seq_inner_val_6bba_t90_p08_boundary,inner_val,6bba_bb9f20c3,5.0,15.0,90.0,91.0,3.832554834897995
5.0,Learned_UNet_N1,seq_inner_val_6bba_t90_p08_boundary,inner_val,6bba_bb9f20c3,6.0,16.0,90.0,91.0,2.7252078475778685
5.0,Learned_UNet_N1,seq_inner_val_6bba_t90_p08_boundary,inner_val,6bba_bb9f20c3,8.0,18.0,90.0,91.0,2.632800908728193
5.0,Learned_UNet_N1,seq_inner_val_6bba_t90_p08_boundary,inner_val,6bba_bb9f20c3,10.0,19.0,90.0,91.0,3.093907824257213
5.0,Learned_UNet_N1,seq_inner_val_6bba_t90_p08_boundary,inner_val,6bba_bb9f20c3,11.0,20.0,90.0,91.0,2.7252078475778685
5.0,Learned_UNet_N1,seq_inner_val_6bba_t90_p08_boundary,inner_val,6bba_bb9f20c3,14.0,25.0,91.0,92.0,0.0
5.0,Learned_UNet_N1,seq_inner_val_6bba_t90_p08_boundary,inner_val,6bba_bb9f20c3,15.0,24.0,91.0,92.0,1.4647552056572457
5.0,Learned_UNet_N1,seq_inner_val_6bba_t90_p08_boundary,inner_val,6bba_bb9f20c3,16.0,22.0,91.0,92.0,2.632800908728193
5.0,Learned_UNet_N1,seq_inner_val_6bba_t90_p08_boundary,inner_val,6bba_bb9f20c3,17.0,23.0,91.0,92.0,0.40625
5.0,Learned_UNet_N1,seq_inner_val_6bba_t90_p08_boundary,inner_val,6bba_bb9f20c3,18.0,26.0,91.0,92.0,3.350023320814349
5.0,Learned_UNet_N1,seq_inner_val_6bba_t90_p08_boundary,inner_val,6bba_bb9f20c3,19.0,27.0,91.0,92.0,3.471001521535247
5.0,Learned_UNet_N1,seq_inner_val_6bba_t90_p08_boundary,inner_val,6bba_bb9f20c3,20.0,21.0,91.0,92.0,1.8168052317185792
5.0,Learned_UNet_N1,seq_inner_val_6bba_t90_p08_boundary,inner_val,6bba_bb9f20c3,21.0,30.0,92.0,93.0,0.5745242597140698
5.0,Learned_UNet_N1,seq_inner_val_6bba_t90_p08_boundary,inner_val,6bba_bb9f20c3,22.0,31.0,92.0,93.0,1.4647552056572457
5.0,Learned_UNet_N1,seq_inner_val_6bba_t90_p08_boundary,inner_val,6bba_bb9f20c3,23.0,34.0,92.0,93.0,0.5745242597140698
5.0,Learned_UNet_N1,seq_inner_val_6bba_t90_p08_boundary,inner_val,6bba_bb9f20c3,24.0,33.0,92.0,93.0,0.9084026158592896
5.0,Learned_UNet_N1,seq_inner_val_6bba_t90_p08_boundary,inner_val,6bba_bb9f20c3,25.0,29.0,92.0,93.0,4.0625
5.0,Learned_UNet_N1,seq_inner_val_6bba_t90_p08_boundary,inner_val,6bba_bb9f20c3,26.0,32.0,92.0,93.0,2.4375
5.0,Learned_UNet_N1,seq_inner_val_6bba_t90_p08_boundary,inner_val,6bba_bb9f20c3,27.0,35.0,92.0,93.0,2.03125
5.0,Learned_UNet_N1,seq_inner_val_6bba_t90_p08_boundary,inner_val,6bba_bb9f20c3,28.0,36.0,93.0,94.0,0.8125
5.0,Learned_UNet_N1,seq_inner_val_6bba_t90_p08_boundary,inner_val,6bba_bb9f20c3,29.0,37.0,93.0,94.0,1.284675299443404
5.0,Learned_UNet_N1,seq_inner_val_6bba_t90_p08_boundary,inner_val,6bba_bb9f20c3,30.0,40.0,93.0,94.0,0.5745242597140698
5.0,Learned_UNet_N1,seq_inner_val_6bba_t90_p08_boundary,inner_val,6bba_bb9f20c3,31.0,38.0,93.0,94.0,1.1490485194281397
5.0,Learned_UNet_N1,seq_inner_val_6bba_t90_p08_boundary,inner_val,6bba_bb9f20c3,32.0,41.0,93.0,94.0,0.8125
5.0,Learned_UNet_N1,seq_inner_val_6bba_t90_p08_boundary,inner_val,6bba_bb9f20c3,33.0,42.0,93.0,94.0,0.40625
5.0,Learned_UNet_N1,seq_inner_val_6bba_t90_p08_boundary,inner_val,6bba_bb9f20c3,34.0,39.0,93.0,94.0,1.1490485194281397
5.0,Learned_UNet_N1,seq_inner_val_6bba_t90_p08_boundary,inner_val,6bba_bb9f20c3,35.0,44.0,93.0,94.0,2.368824207280903
5.0,Learned_UNet_N1,seq_inner_val_6bba_t90_p09_zero_annotation,inner_val,6bba_bb9f20c3,0.0,14.0,90.0,91.0,2.03125
5.0,Learned_UNet_N1,seq_inner_val_6bba_t90_p09_zero_annotation,inner_val,6bba_bb9f20c3,2.0,16.0,90.0,91.0,3.832554834897995
5.0,Learned_UNet_N1,seq_inner_val_6bba_t90_p09_zero_annotation,inner_val,6bba_bb9f20c3,3.0,21.0,90.0,91.0,2.1877232028983924
5.0,Learned_UNet_N1,seq_inner_val_6bba_t90_p09_zero_annotation,inner_val,6bba_bb9f20c3,4.0,25.0,90.0,91.0,3.2752922102462856
5.0,Learned_UNet_N1,seq_inner_val_6bba_t90_p09_zero_annotation,inner_val,6bba_bb9f20c3,5.0,19.0,90.0,91.0,1.1490485194281397
5.0,Learned_UNet_N1,seq_inner_val_6bba_t90_p09_zero_annotation,inner_val,6bba_bb9f20c3,6.0,20.0,90.0,91.0,1.4647552056572457
5.0,Learned_UNet_N1,seq_inner_val_6bba_t90_p09_zero_annotation,inner_val,6bba_bb9f20c3,8.0,24.0,90.0,91.0,4.0625
5.0,Learned_UNet_N1,seq_inner_val_6bba_t90_p09_zero_annotation,inner_val,6bba_bb9f20c3,10.0,22.0,90.0,91.0,4.667457150312148
5.0,Learned_UNet_N1,seq_inner_val_6bba_t90_p09_zero_annotation,inner_val,6bba_bb9f20c3,11.0,18.0,90.0,91.0,2.8726212985703494
5.0,Learned_UNet_N1,seq_inner_val_6bba_t90_p09_zero_annotation,inner_val,6bba_bb9f20c3,13.0,23.0,90.0,91.0,1.6750116604071745
5.0,Learned_UNet_N1,seq_inner_val_6bba_t90_p09_zero_annotation,inner_val,6bba_bb9f20c3,14.0,26.0,91.0,92.0,1.86167137607581
5.0,Learned_UNet_N1,seq_inner_val_6bba_t90_p09_zero_annotation,inner_val,6bba_bb9f20c3,16.0,28.0,91.0,92.0,0.0
5.0,Learned_UNet_N1,seq_inner_val_6bba_t90_p09_zero_annotation,inner_val,6bba_bb9f20c3,17.0,29.0,91.0,92.0,4.0625
5.0,Learned_UNet_N1,seq_inner_val_6bba_t90_p09_zero_annotation,inner_val,6bba_bb9f20c3,18.0,30.0,91.0,92.0,4.667457150312148
5.0,Learned_UNet_N1,seq_inner_val_6bba_t90_p09_zero_annotation,inner_val,6bba_bb9f20c3,20.0,33.0,91.0,92.0,2.569350598886808
5.0,Learned_UNet_N1,seq_inner_val_6bba_t90_p09_zero_annotation,inner_val,6bba_bb9f20c3,21.0,32.0,91.0,92.0,1.21875
5.0,Learned_UNet_N1,seq_inner_val_6bba_t90_p09_zero_annotation,inner_val,6bba_bb9f20c3,24.0,34.0,91.0,92.0,1.8168052317185792
5.0,Learned_UNet_N1,seq_inner_val_6bba_t90_p09_zero_annotation,inner_val,6bba_bb9f20c3,26.0,35.0,92.0,93.0,0.40625
5.0,Learned_UNet_N1,seq_inner_val_6bba_t90_p09_zero_annotation,inner_val,6bba_bb9f20c3,27.0,36.0,92.0,93.0,0.40625
5.0,Learned_UNet_N1,seq_inner_val_6bba_t90_p09_zero_annotation,inner_val,6bba_bb9f20c3,28.0,38.0,92.0,93.0,0.0
5.0,Learned_UNet_N1,seq_inner_val_6bba_t90_p09_zero_annotation,inner_val,6bba_bb9f20c3,31.0,41.0,92.0,93.0,1.8168052317185792
5.0,Learned_UNet_N1,seq_inner_val_6bba_t90_p09_zero_annotation,inner_val,6bba_bb9f20c3,32.0,39.0,92.0,93.0,3.72334275215162
5.0,Learned_UNet_N1,seq_inner_val_6bba_t90_p09_zero_annotation,inner_val,6bba_bb9f20c3,33.0,43.0,92.0,93.0,4.0625
5.0,Learned_UNet_N1,seq_inner_val_6bba_t90_p09_zero_annotation,inner_val,6bba_bb9f20c3,35.0,45.0,93.0,94.0,1.8168052317185792
5.0,Learned_UNet_N1,seq_inner_val_6bba_t90_p09_zero_annotation,inner_val,6bba_bb9f20c3,36.0,46.0,93.0,94.0,0.0
5.0,Learned_UNet_N1,seq_inner_val_6bba_t90_p09_zero_annotation,inner_val,6bba_bb9f20c3,37.0,48.0,93.0,94.0,0.40625
5.0,Learned_UNet_N1,seq_inner_val_6bba_t90_p09_zero_annotation,inner_val,6bba_bb9f20c3,38.0,47.0,93.0,94.0,3.65625
5.0,Learned_UNet_N1,seq_inner_val_6bba_t90_p09_zero_annotation,inner_val,6bba_bb9f20c3,39.0,49.0,93.0,94.0,1.4647552056572457
5.0,Learned_UNet_N1,seq_inner_val_6bba_t90_p09_zero_annotation,inner_val,6bba_bb9f20c3,40.0,53.0,93.0,94.0,0.8125
5.0,Learned_UNet_N1,seq_inner_val_6bba_t90_p09_zero_annotation,inner_val,6bba_bb9f20c3,41.0,51.0,93.0,94.0,3.471001521535247
5.0,Learned_UNet_N1,seq_inner_val_6bba_t90_p09_zero_annotation,inner_val,6bba_bb9f20c3,43.0,52.0,93.0,94.0,0.9084026158592896
5.0,Learned_UNet_N1,seq_inner_val_6bba_t90_p09_zero_annotation,inner_val,6bba_bb9f20c3,44.0,50.0,93.0,94.0,0.0
5.0,Learned_UNet_N1,seq_inner_val_6bba_t90_p10_zero_annotation,inner_val,6bba_bb9f20c3,0.0,15.0,90.0,91.0,2.569350598886808
5.0,Learned_UNet_N1,seq_inner_val_6bba_t90_p10_zero_annotation,inner_val,6bba_bb9f20c3,2.0,19.0,90.0,91.0,2.569350598886808
5.0,Learned_UNet_N1,seq_inner_val_6bba_t90_p10_zero_annotation,inner_val,6bba_bb9f20c3,3.0,21.0,90.0,91.0,0.0
5.0,Learned_UNet_N1,seq_inner_val_6bba_t90_p10_zero_annotation,inner_val,6bba_bb9f20c3,4.0,16.0,90.0,91.0,2.0714766773970688
5.0,Learned_UNet_N1,seq_inner_val_6bba_t90_p10_zero_annotation,inner_val,6bba_bb9f20c3,5.0,18.0,90.0,91.0,1.625
5.0,Learned_UNet_N1,seq_inner_val_6bba_t90_p10_zero_annotation,inner_val,6bba_bb9f20c3,6.0,22.0,90.0,91.0,4.667457150312148
5.0,Learned_UNet_N1,seq_inner_val_6bba_t90_p10_zero_annotation,inner_val,6bba_bb9f20c3,7.0,25.0,90.0,91.0,1.625
5.0,Learned_UNet_N1,seq_inner_val_6bba_t90_p10_zero_annotation,inner_val,6bba_bb9f20c3,9.0,20.0,90.0,91.0,2.03125
5.0,Learned_UNet_N1,seq_inner_val_6bba_t90_p10_zero_annotation,inner_val,6bba_bb9f20c3,11.0,23.0,90.0,91.0,3.374565944310468
5.0,Learned_UNet_N1,seq_inner_val_6bba_t90_p10_zero_annotation,inner_val,6bba_bb9f20c3,15.0,27.0,91.0,92.0,2.569350598886808
5.0,Learned_UNet_N1,seq_inner_val_6bba_t90_p10_zero_annotation,inner_val,6bba_bb9f20c3,19.0,28.0,91.0,92.0,1.8168052317185792
5.0,Learned_UNet_N1,seq_inner_val_6bba_t90_p10_zero_annotation,inner_val,6bba_bb9f20c3,20.0,32.0,91.0,92.0,0.9084026158592896
5.0,Learned_UNet_N1,seq_inner_val_6bba_t90_p10_zero_annotation,inner_val,6bba_bb9f20c3,23.0,30.0,91.0,92.0,0.0
5.0,Learned_UNet_N1,seq_inner_val_6bba_t90_p10_zero_annotation,inner_val,6bba_bb9f20c3,25.0,34.0,91.0,92.0,4.667457150312148
5.0,Learned_UNet_N1,seq_inner_val_6bba_t90_p10_zero_annotation,inner_val,6bba_bb9f20c3,26.0,31.0,91.0,92.0,2.6012692214570947
5.0,Learned_UNet_N1,seq_inner_val_6bba_t90_p10_zero_annotation,inner_val,6bba_bb9f20c3,28.0,40.0,92.0,93.0,1.8168052317185792
5.0,Learned_UNet_N1,seq_inner_val_6bba_t90_p10_zero_annotation,inner_val,6bba_bb9f20c3,30.0,37.0,92.0,93.0,0.8125
5.0,Learned_UNet_N1,seq_inner_val_6bba_t90_p10_zero_annotation,inner_val,6bba_bb9f20c3,31.0,42.0,92.0,93.0,3.2752922102462856
5.0,Learned_UNet_N1,seq_inner_val_6bba_t90_p10_zero_annotation,inner_val,6bba_bb9f20c3,32.0,39.0,92.0,93.0,2.03125
5.0,Learned_UNet_N1,seq_inner_val_6bba_t90_p10_zero_annotation,inner_val,6bba_bb9f20c3,35.0,45.0,93.0,94.0,2.0714766773970688
5.0,Learned_UNet_N1,seq_inner_val_6bba_t90_p10_zero_annotation,inner_val,6bba_bb9f20c3,36.0,46.0,93.0,94.0,0.0
5.0,Learned_UNet_N1,seq_inner_val_6bba_t90_p10_zero_annotation,inner_val,6bba_bb9f20c3,37.0,51.0,93.0,94.0,1.625
5.0,Learned_UNet_N1,seq_inner_val_6bba_t90_p10_zero_annotation,inner_val,6bba_bb9f20c3,38.0,50.0,93.0,94.0,0.8125
5.0,Learned_UNet_N1,seq_inner_val_6bba_t90_p10_zero_annotation,inner_val,6bba_bb9f20c3,39.0,48.0,93.0,94.0,2.03125
5.0,Learned_UNet_N1,seq_inner_val_6bba_t90_p10_zero_annotation,inner_val,6bba_bb9f20c3,41.0,49.0,93.0,94.0,1.7235727791422095
5.0,Learned_UNet_N1,seq_inner_val_6bba_t90_p10_zero_annotation,inner_val,6bba_bb9f20c3,42.0,53.0,93.0,94.0,3.9804208320226646
5.0,Learned_UNet_N1,seq_inner_val_6bba_t90_p10_zero_annotation,inner_val,6bba_bb9f20c3,43.0,55.0,93.0,94.0,3.350023320814349
5.0,Learned_UNet_N1,seq_inner_val_6bba_t90_p10_zero_annotation,inner_val,6bba_bb9f20c3,44.0,56.0,93.0,94.0,2.9295104113144914
5.0,Learned_UNet_N1,seq_inner_val_44b6_t80_p01_crowded,inner_val,44b6_d29c9ab2,0.0,21.0,80.0,81.0,1.1490485194281397
5.0,Learned_UNet_N1,seq_inner_val_44b6_t80_p01_crowded,inner_val,44b6_d29c9ab2,1.0,20.0,80.0,81.0,0.40625
5.0,Learned_UNet_N1,seq_inner_val_44b6_t80_p01_crowded,inner_val,44b6_d29c9ab2,2.0,28.0,80.0,81.0,1.4647552056572457
5.0,Learned_UNet_N1,seq_inner_val_44b6_t80_p01_crowded,inner_val,44b6_d29c9ab2,3.0,22.0,80.0,81.0,1.1490485194281397
5.0,Learned_UNet_N1,seq_inner_val_44b6_t80_p01_crowded,inner_val,44b6_d29c9ab2,4.0,23.0,80.0,81.0,1.8168052317185792
5.0,Learned_UNet_N1,seq_inner_val_44b6_t80_p01_crowded,inner_val,44b6_d29c9ab2,5.0,25.0,80.0,81.0,0.5745242597140698
5.0,Learned_UNet_N1,seq_inner_val_44b6_t80_p01_crowded,inner_val,44b6_d29c9ab2,6.0,24.0,80.0,81.0,0.8125
5.0,Learned_UNet_N1,seq_inner_val_44b6_t80_p01_crowded,inner_val,44b6_d29c9ab2,7.0,26.0,80.0,81.0,0.40625
5.0,Learned_UNet_N1,seq_inner_val_44b6_t80_p01_crowded,inner_val,44b6_d29c9ab2,8.0,27.0,80.0,81.0,0.8125
5.0,Learned_UNet_N1,seq_inner_val_44b6_t80_p01_crowded,inner_val,44b6_d29c9ab2,9.0,29.0,80.0,81.0,3.832554834897995
5.0,Learned_UNet_N1,seq_inner_val_44b6_t80_p01_crowded,inner_val,44b6_d29c9ab2,10.0,30.0,80.0,81.0,1.1490485194281397
5.0,Learned_UNet_N1,seq_inner_val_44b6_t80_p01_crowded,inner_val,44b6_d29c9ab2,11.0,31.0,80.0,81.0,0.40625
5.0,Learned_UNet_N1,seq_inner_val_44b6_t80_p01_crowded,inner_val,44b6_d29c9ab2,12.0,33.0,80.0,81.0,1.1490485194281397
5.0,Learned_UNet_N1,seq_inner_val_44b6_t80_p01_crowded,inner_val,44b6_d29c9ab2,13.0,32.0,80.0,81.0,1.6750116604071745
5.0,Learned_UNet_N1,seq_inner_val_44b6_t80_p01_crowded,inner_val,44b6_d29c9ab2,14.0,35.0,80.0,81.0,1.9902104160113323
5.0,Learned_UNet_N1,seq_inner_val_44b6_t80_p01_crowded,inner_val,44b6_d29c9ab2,16.0,34.0,80.0,81.0,3.300390601883359
5.0,Learned_UNet_N1,seq_inner_val_44b6_t80_p01_crowded,inner_val,44b6_d29c9ab2,18.0,37.0,80.0,81.0,1.284675299443404
5.0,Learned_UNet_N1,seq_inner_val_44b6_t80_p01_crowded,inner_val,44b6_d29c9ab2,20.0,38.0,81.0,82.0,2.368824207280903
5.0,Learned_UNet_N1,seq_inner_val_44b6_t80_p01_crowded,inner_val,44b6_d29c9ab2,21.0,39.0,81.0,82.0,1.284675299443404
5.0,Learned_UNet_N1,seq_inner_val_44b6_t80_p01_crowded,inner_val,44b6_d29c9ab2,22.0,45.0,81.0,82.0,0.9084026158592896
5.0,Learned_UNet_N1,seq_inner_val_44b6_t80_p01_crowded,inner_val,44b6_d29c9ab2,23.0,40.0,81.0,82.0,1.8168052317185792
5.0,Learned_UNet_N1,seq_inner_val_44b6_t80_p01_crowded,inner_val,44b6_d29c9ab2,24.0,42.0,81.0,82.0,4.487177913232324
5.0,Learned_UNet_N1,seq_inner_val_44b6_t80_p01_crowded,inner_val,44b6_d29c9ab2,25.0,41.0,81.0,82.0,2.0714766773970688
5.0,Learned_UNet_N1,seq_inner_val_44b6_t80_p01_crowded,inner_val,44b6_d29c9ab2,26.0,43.0,81.0,82.0,2.368824207280903
5.0,Learned_UNet_N1,seq_inner_val_44b6_t80_p01_crowded,inner_val,44b6_d29c9ab2,27.0,46.0,81.0,82.0,4.1429533547941375
5.0,Learned_UNet_N1,seq_inner_val_44b6_t80_p01_crowded,inner_val,44b6_d29c9ab2,28.0,53.0,81.0,82.0,2.471122277933652
5.0,Learned_UNet_N1,seq_inner_val_44b6_t80_p01_crowded,inner_val,44b6_d29c9ab2,29.0,50.0,81.0,82.0,3.2752922102462856
5.0,Learned_UNet_N1,seq_inner_val_44b6_t80_p01_crowded,inner_val,44b6_d29c9ab2,30.0,51.0,81.0,82.0,2.368824207280903
5.0,Learned_UNet_N1,seq_inner_val_44b6_t80_p01_crowded,inner_val,44b6_d29c9ab2,31.0,48.0,81.0,82.0,2.569350598886808
5.0,Learned_UNet_N1,seq_inner_val_44b6_t80_p01_crowded,inner_val,44b6_d29c9ab2,32.0,49.0,81.0,82.0,0.9084026158592896
5.0,Learned_UNet_N1,seq_inner_val_44b6_t80_p01_crowded,inner_val,44b6_d29c9ab2,34.0,47.0,81.0,82.0,2.569350598886808
5.0,Learned_UNet_N1,seq_inner_val_44b6_t80_p01_crowded,inner_val,44b6_d29c9ab2,35.0,55.0,81.0,82.0,1.1490485194281397
5.0,Learned_UNet_N1,seq_inner_val_44b6_t80_p01_crowded,inner_val,44b6_d29c9ab2,36.0,54.0,81.0,82.0,1.21875
5.0,Learned_UNet_N1,seq_inner_val_44b6_t80_p01_crowded,inner_val,44b6_d29c9ab2,37.0,52.0,81.0,82.0,4.631962664465248
5.0,Learned_UNet_N1,seq_inner_val_44b6_t80_p01_crowded,inner_val,44b6_d29c9ab2,38.0,58.0,82.0,83.0,1.4647552056572457
5.0,Learned_UNet_N1,seq_inner_val_44b6_t80_p01_crowded,inner_val,44b6_d29c9ab2,40.0,57.0,82.0,83.0,0.8125
5.0,Learned_UNet_N1,seq_inner_val_44b6_t80_p01_crowded,inner_val,44b6_d29c9ab2,41.0,60.0,82.0,83.0,0.8125
5.0,Learned_UNet_N1,seq_inner_val_44b6_t80_p01_crowded,inner_val,44b6_d29c9ab2,42.0,56.0,82.0,83.0,0.8125
5.0,Learned_UNet_N1,seq_inner_val_44b6_t80_p01_crowded,inner_val,44b6_d29c9ab2,43.0,61.0,82.0,83.0,0.5745242597140698
5.0,Learned_UNet_N1,seq_inner_val_44b6_t80_p01_crowded,inner_val,44b6_d29c9ab2,44.0,59.0,82.0,83.0,1.6750116604071745
5.0,Learned_UNet_N1,seq_inner_val_44b6_t80_p01_crowded,inner_val,44b6_d29c9ab2,45.0,62.0,82.0,83.0,0.0
5.0,Learned_UNet_N1,seq_inner_val_44b6_t80_p01_crowded,inner_val,44b6_d29c9ab2,46.0,67.0,82.0,83.0,0.0
5.0,Learned_UNet_N1,seq_inner_val_44b6_t80_p01_crowded,inner_val,44b6_d29c9ab2,47.0,69.0,82.0,83.0,1.284675299443404
5.0,Learned_UNet_N1,seq_inner_val_44b6_t80_p01_crowded,inner_val,44b6_d29c9ab2,48.0,71.0,82.0,83.0,0.9084026158592896
5.0,Learned_UNet_N1,seq_inner_val_44b6_t80_p01_crowded,inner_val,44b6_d29c9ab2,49.0,75.0,82.0,83.0,0.0
5.0,Learned_UNet_N1,seq_inner_val_44b6_t80_p01_crowded,inner_val,44b6_d29c9ab2,50.0,66.0,82.0,83.0,0.8125
5.0,Learned_UNet_N1,seq_inner_val_44b6_t80_p01_crowded,inner_val,44b6_d29c9ab2,51.0,72.0,82.0,83.0,1.1490485194281397
5.0,Learned_UNet_N1,seq_inner_val_44b6_t80_p01_crowded,inner_val,44b6_d29c9ab2,52.0,73.0,82.0,83.0,2.4375
5.0,Learned_UNet_N1,seq_inner_val_44b6_t80_p01_crowded,inner_val,44b6_d29c9ab2,55.0,74.0,82.0,83.0,0.0
5.0,Learned_UNet_N1,seq_inner_val_44b6_t80_p01_crowded,inner_val,44b6_d29c9ab2,56.0,76.0,83.0,84.0,1.8168052317185792
5.0,Learned_UNet_N1,seq_inner_val_44b6_t80_p01_crowded,inner_val,44b6_d29c9ab2,57.0,78.0,83.0,84.0,1.8168052317185792
5.0,Learned_UNet_N1,seq_inner_val_44b6_t80_p01_crowded,inner_val,44b6_d29c9ab2,58.0,77.0,83.0,84.0,1.4647552056572457
5.0,Learned_UNet_N1,seq_inner_val_44b6_t80_p01_crowded,inner_val,44b6_d29c9ab2,59.0,79.0,83.0,84.0,1.284675299443404
5.0,Learned_UNet_N1,seq_inner_val_44b6_t80_p01_crowded,inner_val,44b6_d29c9ab2,60.0,80.0,83.0,84.0,1.6750116604071745
5.0,Learned_UNet_N1,seq_inner_val_44b6_t80_p01_crowded,inner_val,44b6_d29c9ab2,61.0,81.0,83.0,84.0,1.4647552056572457
5.0,Learned_UNet_N1,seq_inner_val_44b6_t80_p01_crowded,inner_val,44b6_d29c9ab2,62.0,87.0,83.0,84.0,0.8125
5.0,Learned_UNet_N1,seq_inner_val_44b6_t80_p01_crowded,inner_val,44b6_d29c9ab2,63.0,84.0,83.0,84.0,0.40625
5.0,Learned_UNet_N1,seq_inner_val_44b6_t80_p01_crowded,inner_val,44b6_d29c9ab2,64.0,88.0,83.0,84.0,2.8726212985703494
5.0,Learned_UNet_N1,seq_inner_val_44b6_t80_p01_crowded,inner_val,44b6_d29c9ab2,66.0,86.0,83.0,84.0,1.8168052317185792
5.0,Learned_UNet_N1,seq_inner_val_44b6_t80_p01_crowded,inner_val,44b6_d29c9ab2,67.0,89.0,83.0,84.0,1.1490485194281397
5.0,Learned_UNet_N1,seq_inner_val_44b6_t80_p01_crowded,inner_val,44b6_d29c9ab2,68.0,83.0,83.0,84.0,2.0714766773970688
5.0,Learned_UNet_N1,seq_inner_val_44b6_t80_p01_crowded,inner_val,44b6_d29c9ab2,69.0,91.0,83.0,84.0,0.9084026158592896
5.0,Learned_UNet_N1,seq_inner_val_44b6_t80_p01_crowded,inner_val,44b6_d29c9ab2,70.0,85.0,83.0,84.0,3.832554834897995
5.0,Learned_UNet_N1,seq_inner_val_44b6_t80_p01_crowded,inner_val,44b6_d29c9ab2,71.0,94.0,83.0,84.0,0.40625
5.0,Learned_UNet_N1,seq_inner_val_44b6_t80_p01_crowded,inner_val,44b6_d29c9ab2,72.0,90.0,83.0,84.0,0.8125
5.0,Learned_UNet_N1,seq_inner_val_44b6_t80_p01_crowded,inner_val,44b6_d29c9ab2,73.0,92.0,83.0,84.0,2.333728575156074
5.0,Learned_UNet_N1,seq_inner_val_44b6_t80_p01_crowded,inner_val,44b6_d29c9ab2,74.0,96.0,83.0,84.0,2.2980970388562794
5.0,Learned_UNet_N1,seq_inner_val_44b6_t80_p01_crowded,inner_val,44b6_d29c9ab2,75.0,97.0,83.0,84.0,4.0625
5.0,Learned_UNet_N1,seq_inner_val_44b6_t85_p02_crowded,inner_val,44b6_d29c9ab2,0.0,20.0,85.0,86.0,0.0
5.0,Learned_UNet_N1,seq_inner_val_44b6_t85_p02_crowded,inner_val,44b6_d29c9ab2,1.0,19.0,85.0,86.0,0.9084026158592896
5.0,Learned_UNet_N1,seq_inner_val_44b6_t85_p02_crowded,inner_val,44b6_d29c9ab2,2.0,25.0,85.0,86.0,0.40625
5.0,Learned_UNet_N1,seq_inner_val_44b6_t85_p02_crowded,inner_val,44b6_d29c9ab2,3.0,21.0,85.0,86.0,0.9084026158592896
5.0,Learned_UNet_N1,seq_inner_val_44b6_t85_p02_crowded,inner_val,44b6_d29c9ab2,4.0,23.0,85.0,86.0,0.40625
5.0,Learned_UNet_N1,seq_inner_val_44b6_t85_p02_crowded,inner_val,44b6_d29c9ab2,5.0,28.0,85.0,86.0,0.5745242597140698
5.0,Learned_UNet_N1,seq_inner_val_44b6_t85_p02_crowded,inner_val,44b6_d29c9ab2,6.0,22.0,85.0,86.0,0.5745242597140698
5.0,Learned_UNet_N1,seq_inner_val_44b6_t85_p02_crowded,inner_val,44b6_d29c9ab2,7.0,24.0,85.0,86.0,1.4647552056572457
5.0,Learned_UNet_N1,seq_inner_val_44b6_t85_p02_crowded,inner_val,44b6_d29c9ab2,8.0,30.0,85.0,86.0,0.8125
5.0,Learned_UNet_N1,seq_inner_val_44b6_t85_p02_crowded,inner_val,44b6_d29c9ab2,9.0,27.0,85.0,86.0,1.21875
5.0,Learned_UNet_N1,seq_inner_val_44b6_t85_p02_crowded,inner_val,44b6_d29c9ab2,10.0,26.0,85.0,86.0,3.350023320814349
5.0,Learned_UNet_N1,seq_inner_val_44b6_t85_p02_crowded,inner_val,44b6_d29c9ab2,11.0,32.0,85.0,86.0,0.9084026158592896
5.0,Learned_UNet_N1,seq_inner_val_44b6_t85_p02_crowded,inner_val,44b6_d29c9ab2,12.0,29.0,85.0,86.0,0.8125
5.0,Learned_UNet_N1,seq_inner_val_44b6_t85_p02_crowded,inner_val,44b6_d29c9ab2,13.0,35.0,85.0,86.0,0.40625
5.0,Learned_UNet_N1,seq_inner_val_44b6_t85_p02_crowded,inner_val,44b6_d29c9ab2,14.0,34.0,85.0,86.0,1.86167137607581
5.0,Learned_UNet_N1,seq_inner_val_44b6_t85_p02_crowded,inner_val,44b6_d29c9ab2,15.0,37.0,85.0,86.0,1.21875
5.0,Learned_UNet_N1,seq_inner_val_44b6_t85_p02_crowded,inner_val,44b6_d29c9ab2,16.0,33.0,85.0,86.0,0.0
5.0,Learned_UNet_N1,seq_inner_val_44b6_t85_p02_crowded,inner_val,44b6_d29c9ab2,17.0,38.0,85.0,86.0,2.1877232028983924
5.0,Learned_UNet_N1,seq_inner_val_44b6_t85_p02_crowded,inner_val,44b6_d29c9ab2,19.0,42.0,86.0,87.0,0.40625
5.0,Learned_UNet_N1,seq_inner_val_44b6_t85_p02_crowded,inner_val,44b6_d29c9ab2,20.0,41.0,86.0,87.0,3.300390601883359
5.0,Learned_UNet_N1,seq_inner_val_44b6_t85_p02_crowded,inner_val,44b6_d29c9ab2,21.0,48.0,86.0,87.0,3.6336104634371584
5.0,Learned_UNet_N1,seq_inner_val_44b6_t85_p02_crowded,inner_val,44b6_d29c9ab2,22.0,39.0,86.0,87.0,0.5745242597140698
5.0,Learned_UNet_N1,seq_inner_val_44b6_t85_p02_crowded,inner_val,44b6_d29c9ab2,23.0,40.0,86.0,87.0,0.9084026158592896
5.0,Learned_UNet_N1,seq_inner_val_44b6_t85_p02_crowded,inner_val,44b6_d29c9ab2,24.0,44.0,86.0,87.0,0.8125
5.0,Learned_UNet_N1,seq_inner_val_44b6_t85_p02_crowded,inner_val,44b6_d29c9ab2,25.0,43.0,86.0,87.0,3.25
5.0,Learned_UNet_N1,seq_inner_val_44b6_t85_p02_crowded,inner_val,44b6_d29c9ab2,26.0,45.0,86.0,87.0,1.21875
5.0,Learned_UNet_N1,seq_inner_val_44b6_t85_p02_crowded,inner_val,44b6_d29c9ab2,27.0,49.0,86.0,87.0,0.40625
5.0,Learned_UNet_N1,seq_inner_val_44b6_t85_p02_crowded,inner_val,44b6_d29c9ab2,28.0,46.0,86.0,87.0,0.8125
5.0,Learned_UNet_N1,seq_inner_val_44b6_t85_p02_crowded,inner_val,44b6_d29c9ab2,29.0,47.0,86.0,87.0,0.5745242597140698
5.0,Learned_UNet_N1,seq_inner_val_44b6_t85_p02_crowded,inner_val,44b6_d29c9ab2,30.0,52.0,86.0,87.0,0.40625
5.0,Learned_UNet_N1,seq_inner_val_44b6_t85_p02_crowded,inner_val,44b6_d29c9ab2,32.0,51.0,86.0,87.0,3.350023320814349
5.0,Learned_UNet_N1,seq_inner_val_44b6_t85_p02_crowded,inner_val,44b6_d29c9ab2,33.0,53.0,86.0,87.0,0.0
5.0,Learned_UNet_N1,seq_inner_val_44b6_t85_p02_crowded,inner_val,44b6_d29c9ab2,34.0,55.0,86.0,87.0,0.40625
5.0,Learned_UNet_N1,seq_inner_val_44b6_t85_p02_crowded,inner_val,44b6_d29c9ab2,35.0,54.0,86.0,87.0,3.72334275215162
5.0,Learned_UNet_N1,seq_inner_val_44b6_t85_p02_crowded,inner_val,44b6_d29c9ab2,37.0,56.0,86.0,87.0,0.0
5.0,Learned_UNet_N1,seq_inner_val_44b6_t85_p02_crowded,inner_val,44b6_d29c9ab2,39.0,57.0,87.0,88.0,0.9084026158592896
5.0,Learned_UNet_N1,seq_inner_val_44b6_t85_p02_crowded,inner_val,44b6_d29c9ab2,40.0,63.0,87.0,88.0,0.9084026158592896
5.0,Learned_UNet_N1,seq_inner_val_44b6_t85_p02_crowded,inner_val,44b6_d29c9ab2,41.0,59.0,87.0,88.0,3.300390601883359
5.0,Learned_UNet_N1,seq_inner_val_44b6_t85_p02_crowded,inner_val,44b6_d29c9ab2,42.0,62.0,87.0,88.0,0.40625
5.0,Learned_UNet_N1,seq_inner_val_44b6_t85_p02_crowded,inner_val,44b6_d29c9ab2,43.0,60.0,87.0,88.0,3.350023320814349
5.0,Learned_UNet_N1,seq_inner_val_44b6_t85_p02_crowded,inner_val,44b6_d29c9ab2,44.0,64.0,87.0,88.0,3.25
5.0,Learned_UNet_N1,seq_inner_val_44b6_t85_p02_crowded,inner_val,44b6_d29c9ab2,46.0,65.0,87.0,88.0,0.8125
5.0,Learned_UNet_N1,seq_inner_val_44b6_t85_p02_crowded,inner_val,44b6_d29c9ab2,47.0,67.0,87.0,88.0,1.7235727791422095
5.0,Learned_UNet_N1,seq_inner_val_44b6_t85_p02_crowded,inner_val,44b6_d29c9ab2,48.0,58.0,87.0,88.0,4.241374519244911
5.0,Learned_UNet_N1,seq_inner_val_44b6_t85_p02_crowded,inner_val,44b6_d29c9ab2,49.0,61.0,87.0,88.0,0.40625
5.0,Learned_UNet_N1,seq_inner_val_44b6_t85_p02_crowded,inner_val,44b6_d29c9ab2,50.0,68.0,87.0,88.0,1.284675299443404
5.0,Learned_UNet_N1,seq_inner_val_44b6_t85_p02_crowded,inner_val,44b6_d29c9ab2,51.0,69.0,87.0,88.0,1.1490485194281397
5.0,Learned_UNet_N1,seq_inner_val_44b6_t85_p02_crowded,inner_val,44b6_d29c9ab2,53.0,70.0,87.0,88.0,0.0
5.0,Learned_UNet_N1,seq_inner_val_44b6_t85_p02_crowded,inner_val,44b6_d29c9ab2,54.0,66.0,87.0,88.0,0.5745242597140698
5.0,Learned_UNet_N1,seq_inner_val_44b6_t85_p02_crowded,inner_val,44b6_d29c9ab2,56.0,74.0,87.0,88.0,0.9084026158592896
5.0,Learned_UNet_N1,seq_inner_val_44b6_t85_p02_crowded,inner_val,44b6_d29c9ab2,57.0,76.0,88.0,89.0,3.374565944310468
5.0,Learned_UNet_N1,seq_inner_val_44b6_t85_p02_crowded,inner_val,44b6_d29c9ab2,58.0,75.0,88.0,89.0,0.5745242597140698
5.0,Learned_UNet_N1,seq_inner_val_44b6_t85_p02_crowded,inner_val,44b6_d29c9ab2,59.0,79.0,88.0,89.0,0.0
5.0,Learned_UNet_N1,seq_inner_val_44b6_t85_p02_crowded,inner_val,44b6_d29c9ab2,60.0,81.0,88.0,89.0,3.374565944310468
5.0,Learned_UNet_N1,seq_inner_val_44b6_t85_p02_crowded,inner_val,44b6_d29c9ab2,61.0,80.0,88.0,89.0,0.40625
5.0,Learned_UNet_N1,seq_inner_val_44b6_t85_p02_crowded,inner_val,44b6_d29c9ab2,62.0,77.0,88.0,89.0,1.21875
5.0,Learned_UNet_N1,seq_inner_val_44b6_t85_p02_crowded,inner_val,44b6_d29c9ab2,63.0,78.0,88.0,89.0,0.8125
5.0,Learned_UNet_N1,seq_inner_val_44b6_t85_p02_crowded,inner_val,44b6_d29c9ab2,64.0,86.0,88.0,89.0,1.1490485194281397
5.0,Learned_UNet_N1,seq_inner_val_44b6_t85_p02_crowded,inner_val,44b6_d29c9ab2,65.0,83.0,88.0,89.0,1.1490485194281397
5.0,Learned_UNet_N1,seq_inner_val_44b6_t85_p02_crowded,inner_val,44b6_d29c9ab2,66.0,89.0,88.0,89.0,0.8125
5.0,Learned_UNet_N1,seq_inner_val_44b6_t85_p02_crowded,inner_val,44b6_d29c9ab2,67.0,82.0,88.0,89.0,0.8125
5.0,Learned_UNet_N1,seq_inner_val_44b6_t85_p02_crowded,inner_val,44b6_d29c9ab2,69.0,84.0,88.0,89.0,0.40625
5.0,Learned_UNet_N1,seq_inner_val_44b6_t85_p02_crowded,inner_val,44b6_d29c9ab2,70.0,88.0,88.0,89.0,0.9084026158592896
5.0,Learned_UNet_N1,seq_inner_val_44b6_t85_p02_crowded,inner_val,44b6_d29c9ab2,72.0,91.0,88.0,89.0,1.8168052317185792
5.0,Learned_UNet_N1,seq_inner_val_44b6_t85_p02_crowded,inner_val,44b6_d29c9ab2,73.0,93.0,88.0,89.0,0.8125
5.0,Learned_UNet_N1,seq_inner_val_44b6_t85_p02_crowded,inner_val,44b6_d29c9ab2,74.0,92.0,88.0,89.0,1.284675299443404
5.0,Learned_UNet_N1,seq_inner_val_44b6_t90_p03_crowded,inner_val,44b6_d29c9ab2,0.0,24.0,90.0,91.0,0.0
5.0,Learned_UNet_N1,seq_inner_val_44b6_t90_p03_crowded,inner_val,44b6_d29c9ab2,1.0,26.0,90.0,91.0,1.284675299443404
5.0,Learned_UNet_N1,seq_inner_val_44b6_t90_p03_crowded,inner_val,44b6_d29c9ab2,2.0,27.0,90.0,91.0,0.8125
5.0,Learned_UNet_N1,seq_inner_val_44b6_t90_p03_crowded,inner_val,44b6_d29c9ab2,3.0,39.0,90.0,91.0,0.8125
5.0,Learned_UNet_N1,seq_inner_val_44b6_t90_p03_crowded,inner_val,44b6_d29c9ab2,4.0,25.0,90.0,91.0,3.2752922102462856
5.0,Learned_UNet_N1,seq_inner_val_44b6_t90_p03_crowded,inner_val,44b6_d29c9ab2,5.0,22.0,90.0,91.0,3.471001521535247
5.0,Learned_UNet_N1,seq_inner_val_44b6_t90_p03_crowded,inner_val,44b6_d29c9ab2,7.0,21.0,90.0,91.0,4.0625
5.0,Learned_UNet_N1,seq_inner_val_44b6_t90_p03_crowded,inner_val,44b6_d29c9ab2,8.0,28.0,90.0,91.0,0.8125
5.0,Learned_UNet_N1,seq_inner_val_44b6_t90_p03_crowded,inner_val,44b6_d29c9ab2,9.0,31.0,90.0,91.0,3.8540258983302125
5.0,Learned_UNet_N1,seq_inner_val_44b6_t90_p03_crowded,inner_val,44b6_d29c9ab2,10.0,29.0,90.0,91.0,1.8168052317185792
5.0,Learned_UNet_N1,seq_inner_val_44b6_t90_p03_crowded,inner_val,44b6_d29c9ab2,12.0,37.0,90.0,91.0,3.6336104634371584
5.0,Learned_UNet_N1,seq_inner_val_44b6_t90_p03_crowded,inner_val,44b6_d29c9ab2,13.0,34.0,90.0,91.0,0.5745242597140698
5.0,Learned_UNet_N1,seq_inner_val_44b6_t90_p03_crowded,inner_val,44b6_d29c9ab2,14.0,36.0,90.0,91.0,1.6750116604071745
5.0,Learned_UNet_N1,seq_inner_val_44b6_t90_p03_crowded,inner_val,44b6_d29c9ab2,15.0,30.0,90.0,91.0,0.40625
5.0,Learned_UNet_N1,seq_inner_val_44b6_t90_p03_crowded,inner_val,44b6_d29c9ab2,17.0,38.0,90.0,91.0,3.25
5.0,Learned_UNet_N1,seq_inner_val_44b6_t90_p03_crowded,inner_val,44b6_d29c9ab2,18.0,33.0,90.0,91.0,3.300390601883359
5.0,Learned_UNet_N1,seq_inner_val_44b6_t90_p03_crowded,inner_val,44b6_d29c9ab2,21.0,41.0,91.0,92.0,1.625
5.0,Learned_UNet_N1,seq_inner_val_44b6_t90_p03_crowded,inner_val,44b6_d29c9ab2,22.0,43.0,91.0,92.0,0.0
5.0,Learned_UNet_N1,seq_inner_val_44b6_t90_p03_crowded,inner_val,44b6_d29c9ab2,23.0,42.0,91.0,92.0,0.9084026158592896
5.0,Learned_UNet_N1,seq_inner_val_44b6_t90_p03_crowded,inner_val,44b6_d29c9ab2,24.0,45.0,91.0,92.0,3.2752922102462856
5.0,Learned_UNet_N1,seq_inner_val_44b6_t90_p03_crowded,inner_val,44b6_d29c9ab2,25.0,58.0,91.0,92.0,0.9084026158592896
5.0,Learned_UNet_N1,seq_inner_val_44b6_t90_p03_crowded,inner_val,44b6_d29c9ab2,27.0,56.0,91.0,92.0,1.7235727791422095
5.0,Learned_UNet_N1,seq_inner_val_44b6_t90_p03_crowded,inner_val,44b6_d29c9ab2,29.0,44.0,91.0,92.0,1.284675299443404
5.0,Learned_UNet_N1,seq_inner_val_44b6_t90_p03_crowded,inner_val,44b6_d29c9ab2,30.0,52.0,91.0,92.0,1.625
5.0,Learned_UNet_N1,seq_inner_val_44b6_t90_p03_crowded,inner_val,44b6_d29c9ab2,31.0,49.0,91.0,92.0,0.5745242597140698
5.0,Learned_UNet_N1,seq_inner_val_44b6_t90_p03_crowded,inner_val,44b6_d29c9ab2,33.0,48.0,91.0,92.0,0.8125
5.0,Learned_UNet_N1,seq_inner_val_44b6_t90_p03_crowded,inner_val,44b6_d29c9ab2,34.0,51.0,91.0,92.0,0.8125
5.0,Learned_UNet_N1,seq_inner_val_44b6_t90_p03_crowded,inner_val,44b6_d29c9ab2,35.0,55.0,91.0,92.0,0.0
5.0,Learned_UNet_N1,seq_inner_val_44b6_t90_p03_crowded,inner_val,44b6_d29c9ab2,36.0,53.0,91.0,92.0,0.40625
5.0,Learned_UNet_N1,seq_inner_val_44b6_t90_p03_crowded,inner_val,44b6_d29c9ab2,38.0,54.0,91.0,92.0,3.350023320814349
5.0,Learned_UNet_N1,seq_inner_val_44b6_t90_p03_crowded,inner_val,44b6_d29c9ab2,39.0,57.0,91.0,92.0,3.300390601883359
5.0,Learned_UNet_N1,seq_inner_val_44b6_t90_p03_crowded,inner_val,44b6_d29c9ab2,40.0,50.0,91.0,92.0,2.4375
5.0,Learned_UNet_N1,seq_inner_val_44b6_t90_p03_crowded,inner_val,44b6_d29c9ab2,41.0,76.0,92.0,93.0,0.9084026158592896
5.0,Learned_UNet_N1,seq_inner_val_44b6_t90_p03_crowded,inner_val,44b6_d29c9ab2,42.0,59.0,92.0,93.0,3.65625
5.0,Learned_UNet_N1,seq_inner_val_44b6_t90_p03_crowded,inner_val,44b6_d29c9ab2,43.0,60.0,92.0,93.0,0.9084026158592896
5.0,Learned_UNet_N1,seq_inner_val_44b6_t90_p03_crowded,inner_val,44b6_d29c9ab2,44.0,61.0,92.0,93.0,1.1490485194281397
5.0,Learned_UNet_N1,seq_inner_val_44b6_t90_p03_crowded,inner_val,44b6_d29c9ab2,45.0,62.0,92.0,93.0,3.374565944310468
5.0,Learned_UNet_N1,seq_inner_val_44b6_t90_p03_crowded,inner_val,44b6_d29c9ab2,47.0,63.0,92.0,93.0,0.9084026158592896
5.0,Learned_UNet_N1,seq_inner_val_44b6_t90_p03_crowded,inner_val,44b6_d29c9ab2,48.0,67.0,92.0,93.0,0.8125
5.0,Learned_UNet_N1,seq_inner_val_44b6_t90_p03_crowded,inner_val,44b6_d29c9ab2,50.0,72.0,92.0,93.0,4.021669817998489
5.0,Learned_UNet_N1,seq_inner_val_44b6_t90_p03_crowded,inner_val,44b6_d29c9ab2,51.0,65.0,92.0,93.0,0.8125
5.0,Learned_UNet_N1,seq_inner_val_44b6_t90_p03_crowded,inner_val,44b6_d29c9ab2,52.0,68.0,92.0,93.0,3.9804208320226646
5.0,Learned_UNet_N1,seq_inner_val_44b6_t90_p03_crowded,inner_val,44b6_d29c9ab2,54.0,73.0,92.0,93.0,3.8109628048565365
5.0,Learned_UNet_N1,seq_inner_val_44b6_t90_p03_crowded,inner_val,44b6_d29c9ab2,55.0,70.0,92.0,93.0,0.0
5.0,Learned_UNet_N1,seq_inner_val_44b6_t90_p03_crowded,inner_val,44b6_d29c9ab2,56.0,74.0,92.0,93.0,2.2980970388562794
5.0,Learned_UNet_N1,seq_inner_val_44b6_t90_p03_crowded,inner_val,44b6_d29c9ab2,57.0,75.0,92.0,93.0,2.569350598886808
5.0,Learned_UNet_N1,seq_inner_val_44b6_t90_p03_crowded,inner_val,44b6_d29c9ab2,59.0,81.0,93.0,94.0,0.40625
5.0,Learned_UNet_N1,seq_inner_val_44b6_t90_p03_crowded,inner_val,44b6_d29c9ab2,60.0,79.0,93.0,94.0,3.447145558284419
5.0,Learned_UNet_N1,seq_inner_val_44b6_t90_p03_crowded,inner_val,44b6_d29c9ab2,61.0,82.0,93.0,94.0,1.1490485194281397
5.0,Learned_UNet_N1,seq_inner_val_44b6_t90_p03_crowded,inner_val,44b6_d29c9ab2,62.0,77.0,93.0,94.0,0.8125
5.0,Learned_UNet_N1,seq_inner_val_44b6_t90_p03_crowded,inner_val,44b6_d29c9ab2,63.0,85.0,93.0,94.0,3.832554834897995
5.0,Learned_UNet_N1,seq_inner_val_44b6_t90_p03_crowded,inner_val,44b6_d29c9ab2,64.0,86.0,93.0,94.0,0.5745242597140698
5.0,Learned_UNet_N1,seq_inner_val_44b6_t90_p03_crowded,inner_val,44b6_d29c9ab2,65.0,83.0,93.0,94.0,1.625
5.0,Learned_UNet_N1,seq_inner_val_44b6_t90_p03_crowded,inner_val,44b6_d29c9ab2,66.0,80.0,93.0,94.0,0.5745242597140698
5.0,Learned_UNet_N1,seq_inner_val_44b6_t90_p03_crowded,inner_val,44b6_d29c9ab2,67.0,89.0,93.0,94.0,0.0
5.0,Learned_UNet_N1,seq_inner_val_44b6_t90_p03_crowded,inner_val,44b6_d29c9ab2,68.0,87.0,93.0,94.0,1.6750116604071745
5.0,Learned_UNet_N1,seq_inner_val_44b6_t90_p03_crowded,inner_val,44b6_d29c9ab2,70.0,88.0,93.0,94.0,0.8125
5.0,Learned_UNet_N1,seq_inner_val_44b6_t90_p03_crowded,inner_val,44b6_d29c9ab2,71.0,91.0,93.0,94.0,0.5745242597140698
5.0,Learned_UNet_N1,seq_inner_val_44b6_t90_p03_crowded,inner_val,44b6_d29c9ab2,72.0,92.0,93.0,94.0,4.0625
5.0,Learned_UNet_N1,seq_inner_val_44b6_t90_p03_crowded,inner_val,44b6_d29c9ab2,73.0,90.0,93.0,94.0,3.447145558284419
5.0,Learned_UNet_N1,seq_inner_val_44b6_t90_p03_crowded,inner_val,44b6_d29c9ab2,74.0,84.0,93.0,94.0,2.0714766773970688
5.0,Learned_UNet_N1,seq_inner_val_44b6_t90_p03_crowded,inner_val,44b6_d29c9ab2,75.0,93.0,93.0,94.0,0.5745242597140698
5.0,Learned_UNet_N1,seq_inner_val_44b6_t70_p04_crowded,inner_val,44b6_d29c9ab2,0.0,21.0,70.0,71.0,0.40625
5.0,Learned_UNet_N1,seq_inner_val_44b6_t70_p04_crowded,inner_val,44b6_d29c9ab2,1.0,26.0,70.0,71.0,1.284675299443404
5.0,Learned_UNet_N1,seq_inner_val_44b6_t70_p04_crowded,inner_val,44b6_d29c9ab2,2.0,25.0,70.0,71.0,1.284675299443404
5.0,Learned_UNet_N1,seq_inner_val_44b6_t70_p04_crowded,inner_val,44b6_d29c9ab2,3.0,24.0,70.0,71.0,0.40625
5.0,Learned_UNet_N1,seq_inner_val_44b6_t70_p04_crowded,inner_val,44b6_d29c9ab2,4.0,28.0,70.0,71.0,1.284675299443404
5.0,Learned_UNet_N1,seq_inner_val_44b6_t70_p04_crowded,inner_val,44b6_d29c9ab2,5.0,29.0,70.0,71.0,0.8125
5.0,Learned_UNet_N1,seq_inner_val_44b6_t70_p04_crowded,inner_val,44b6_d29c9ab2,6.0,31.0,70.0,71.0,0.40625
5.0,Learned_UNet_N1,seq_inner_val_44b6_t70_p04_crowded,inner_val,44b6_d29c9ab2,7.0,27.0,70.0,71.0,0.0
5.0,Learned_UNet_N1,seq_inner_val_44b6_t70_p04_crowded,inner_val,44b6_d29c9ab2,8.0,23.0,70.0,71.0,3.6336104634371584
5.0,Learned_UNet_N1,seq_inner_val_44b6_t70_p04_crowded,inner_val,44b6_d29c9ab2,9.0,22.0,70.0,71.0,1.625
5.0,Learned_UNet_N1,seq_inner_val_44b6_t70_p04_crowded,inner_val,44b6_d29c9ab2,10.0,37.0,70.0,71.0,0.8125
5.0,Learned_UNet_N1,seq_inner_val_44b6_t70_p04_crowded,inner_val,44b6_d29c9ab2,11.0,32.0,70.0,71.0,3.471001521535247
5.0,Learned_UNet_N1,seq_inner_val_44b6_t70_p04_crowded,inner_val,44b6_d29c9ab2,12.0,33.0,70.0,71.0,4.394265616971737
5.0,Learned_UNet_N1,seq_inner_val_44b6_t70_p04_crowded,inner_val,44b6_d29c9ab2,13.0,34.0,70.0,71.0,1.1490485194281397
5.0,Learned_UNet_N1,seq_inner_val_44b6_t70_p04_crowded,inner_val,44b6_d29c9ab2,14.0,39.0,70.0,71.0,1.7235727791422095
5.0,Learned_UNet_N1,seq_inner_val_44b6_t70_p04_crowded,inner_val,44b6_d29c9ab2,15.0,30.0,70.0,71.0,2.0714766773970688
5.0,Learned_UNet_N1,seq_inner_val_44b6_t70_p04_crowded,inner_val,44b6_d29c9ab2,16.0,42.0,70.0,71.0,1.625
5.0,Learned_UNet_N1,seq_inner_val_44b6_t70_p04_crowded,inner_val,44b6_d29c9ab2,17.0,43.0,70.0,71.0,1.9902104160113323
5.0,Learned_UNet_N1,seq_inner_val_44b6_t70_p04_crowded,inner_val,44b6_d29c9ab2,18.0,36.0,70.0,71.0,2.2980970388562794
5.0,Learned_UNet_N1,seq_inner_val_44b6_t70_p04_crowded,inner_val,44b6_d29c9ab2,19.0,41.0,70.0,71.0,1.7235727791422095
5.0,Learned_UNet_N1,seq_inner_val_44b6_t70_p04_crowded,inner_val,44b6_d29c9ab2,21.0,50.0,71.0,72.0,1.6750116604071745
5.0,Learned_UNet_N1,seq_inner_val_44b6_t70_p04_crowded,inner_val,44b6_d29c9ab2,22.0,45.0,71.0,72.0,0.8125
5.0,Learned_UNet_N1,seq_inner_val_44b6_t70_p04_crowded,inner_val,44b6_d29c9ab2,23.0,49.0,71.0,72.0,0.9084026158592896
5.0,Learned_UNet_N1,seq_inner_val_44b6_t70_p04_crowded,inner_val,44b6_d29c9ab2,24.0,46.0,71.0,72.0,1.21875
5.0,Learned_UNet_N1,seq_inner_val_44b6_t70_p04_crowded,inner_val,44b6_d29c9ab2,25.0,47.0,71.0,72.0,0.5745242597140698
5.0,Learned_UNet_N1,seq_inner_val_44b6_t70_p04_crowded,inner_val,44b6_d29c9ab2,26.0,53.0,71.0,72.0,0.5745242597140698
5.0,Learned_UNet_N1,seq_inner_val_44b6_t70_p04_crowded,inner_val,44b6_d29c9ab2,27.0,48.0,71.0,72.0,0.5745242597140698
5.0,Learned_UNet_N1,seq_inner_val_44b6_t70_p04_crowded,inner_val,44b6_d29c9ab2,28.0,52.0,71.0,72.0,0.40625
5.0,Learned_UNet_N1,seq_inner_val_44b6_t70_p04_crowded,inner_val,44b6_d29c9ab2,30.0,56.0,71.0,72.0,0.0
5.0,Learned_UNet_N1,seq_inner_val_44b6_t70_p04_crowded,inner_val,44b6_d29c9ab2,31.0,60.0,71.0,72.0,3.832554834897995
5.0,Learned_UNet_N1,seq_inner_val_44b6_t70_p04_crowded,inner_val,44b6_d29c9ab2,32.0,54.0,71.0,72.0,1.8168052317185792
5.0,Learned_UNet_N1,seq_inner_val_44b6_t70_p04_crowded,inner_val,44b6_d29c9ab2,33.0,55.0,71.0,72.0,0.8125
5.0,Learned_UNet_N1,seq_inner_val_44b6_t70_p04_crowded,inner_val,44b6_d29c9ab2,34.0,61.0,71.0,72.0,0.5745242597140698
5.0,Learned_UNet_N1,seq_inner_val_44b6_t70_p04_crowded,inner_val,44b6_d29c9ab2,35.0,62.0,71.0,72.0,1.8168052317185792
5.0,Learned_UNet_N1,seq_inner_val_44b6_t70_p04_crowded,inner_val,44b6_d29c9ab2,36.0,67.0,71.0,72.0,0.8125
5.0,Learned_UNet_N1,seq_inner_val_44b6_t70_p04_crowded,inner_val,44b6_d29c9ab2,37.0,58.0,71.0,72.0,0.0
5.0,Learned_UNet_N1,seq_inner_val_44b6_t70_p04_crowded,inner_val,44b6_d29c9ab2,38.0,51.0,71.0,72.0,3.300390601883359
5.0,Learned_UNet_N1,seq_inner_val_44b6_t70_p04_crowded,inner_val,44b6_d29c9ab2,39.0,57.0,71.0,72.0,1.7235727791422095
5.0,Learned_UNet_N1,seq_inner_val_44b6_t70_p04_crowded,inner_val,44b6_d29c9ab2,41.0,64.0,71.0,72.0,2.368824207280903
5.0,Learned_UNet_N1,seq_inner_val_44b6_t70_p04_crowded,inner_val,44b6_d29c9ab2,42.0,66.0,71.0,72.0,0.8125
5.0,Learned_UNet_N1,seq_inner_val_44b6_t70_p04_crowded,inner_val,44b6_d29c9ab2,43.0,65.0,71.0,72.0,1.1490485194281397
5.0,Learned_UNet_N1,seq_inner_val_44b6_t70_p04_crowded,inner_val,44b6_d29c9ab2,44.0,68.0,71.0,72.0,1.8168052317185792
5.0,Learned_UNet_N1,seq_inner_val_44b6_t70_p04_crowded,inner_val,44b6_d29c9ab2,45.0,70.0,72.0,73.0,0.8125
5.0,Learned_UNet_N1,seq_inner_val_44b6_t70_p04_crowded,inner_val,44b6_d29c9ab2,46.0,79.0,72.0,73.0,0.0
5.0,Learned_UNet_N1,seq_inner_val_44b6_t70_p04_crowded,inner_val,44b6_d29c9ab2,47.0,72.0,72.0,73.0,1.284675299443404
5.0,Learned_UNet_N1,seq_inner_val_44b6_t70_p04_crowded,inner_val,44b6_d29c9ab2,48.0,76.0,72.0,73.0,1.4647552056572457
5.0,Learned_UNet_N1,seq_inner_val_44b6_t70_p04_crowded,inner_val,44b6_d29c9ab2,49.0,74.0,72.0,73.0,0.5745242597140698
5.0,Learned_UNet_N1,seq_inner_val_44b6_t70_p04_crowded,inner_val,44b6_d29c9ab2,50.0,69.0,72.0,73.0,1.1490485194281397
5.0,Learned_UNet_N1,seq_inner_val_44b6_t70_p04_crowded,inner_val,44b6_d29c9ab2,51.0,71.0,72.0,73.0,0.5745242597140698
5.0,Learned_UNet_N1,seq_inner_val_44b6_t70_p04_crowded,inner_val,44b6_d29c9ab2,52.0,73.0,72.0,73.0,0.9084026158592896
5.0,Learned_UNet_N1,seq_inner_val_44b6_t70_p04_crowded,inner_val,44b6_d29c9ab2,54.0,90.0,72.0,73.0,0.8125
5.0,Learned_UNet_N1,seq_inner_val_44b6_t70_p04_crowded,inner_val,44b6_d29c9ab2,55.0,84.0,72.0,73.0,1.4647552056572457
5.0,Learned_UNet_N1,seq_inner_val_44b6_t70_p04_crowded,inner_val,44b6_d29c9ab2,56.0,75.0,72.0,73.0,0.9084026158592896
5.0,Learned_UNet_N1,seq_inner_val_44b6_t70_p04_crowded,inner_val,44b6_d29c9ab2,57.0,77.0,72.0,73.0,1.1490485194281397
5.0,Learned_UNet_N1,seq_inner_val_44b6_t70_p04_crowded,inner_val,44b6_d29c9ab2,58.0,81.0,72.0,73.0,0.9084026158592896
5.0,Learned_UNet_N1,seq_inner_val_44b6_t70_p04_crowded,inner_val,44b6_d29c9ab2,59.0,83.0,72.0,73.0,0.8125
5.0,Learned_UNet_N1,seq_inner_val_44b6_t70_p04_crowded,inner_val,44b6_d29c9ab2,61.0,80.0,72.0,73.0,0.5745242597140698
5.0,Learned_UNet_N1,seq_inner_val_44b6_t70_p04_crowded,inner_val,44b6_d29c9ab2,62.0,85.0,72.0,73.0,1.1490485194281397
5.0,Learned_UNet_N1,seq_inner_val_44b6_t70_p04_crowded,inner_val,44b6_d29c9ab2,64.0,86.0,72.0,73.0,0.5745242597140698
5.0,Learned_UNet_N1,seq_inner_val_44b6_t70_p04_crowded,inner_val,44b6_d29c9ab2,65.0,87.0,72.0,73.0,0.8125
5.0,Learned_UNet_N1,seq_inner_val_44b6_t70_p04_crowded,inner_val,44b6_d29c9ab2,66.0,88.0,72.0,73.0,1.625
5.0,Learned_UNet_N1,seq_inner_val_44b6_t70_p04_crowded,inner_val,44b6_d29c9ab2,67.0,82.0,72.0,73.0,0.8125
5.0,Learned_UNet_N1,seq_inner_val_44b6_t70_p04_crowded,inner_val,44b6_d29c9ab2,68.0,89.0,72.0,73.0,1.6750116604071745
5.0,Learned_UNet_N1,seq_inner_val_44b6_t70_p04_crowded,inner_val,44b6_d29c9ab2,69.0,94.0,73.0,74.0,0.40625
5.0,Learned_UNet_N1,seq_inner_val_44b6_t70_p04_crowded,inner_val,44b6_d29c9ab2,70.0,92.0,73.0,74.0,0.0
5.0,Learned_UNet_N1,seq_inner_val_44b6_t70_p04_crowded,inner_val,44b6_d29c9ab2,71.0,91.0,73.0,74.0,0.9084026158592896
5.0,Learned_UNet_N1,seq_inner_val_44b6_t70_p04_crowded,inner_val,44b6_d29c9ab2,72.0,95.0,73.0,74.0,0.5745242597140698
5.0,Learned_UNet_N1,seq_inner_val_44b6_t70_p04_crowded,inner_val,44b6_d29c9ab2,73.0,97.0,73.0,74.0,1.284675299443404
5.0,Learned_UNet_N1,seq_inner_val_44b6_t70_p04_crowded,inner_val,44b6_d29c9ab2,74.0,93.0,73.0,74.0,0.9084026158592896
5.0,Learned_UNet_N1,seq_inner_val_44b6_t70_p04_crowded,inner_val,44b6_d29c9ab2,75.0,108.0,73.0,74.0,0.40625
5.0,Learned_UNet_N1,seq_inner_val_44b6_t70_p04_crowded,inner_val,44b6_d29c9ab2,76.0,98.0,73.0,74.0,3.5648292823780494
5.0,Learned_UNet_N1,seq_inner_val_44b6_t70_p04_crowded,inner_val,44b6_d29c9ab2,77.0,99.0,73.0,74.0,0.0
5.0,Learned_UNet_N1,seq_inner_val_44b6_t70_p04_crowded,inner_val,44b6_d29c9ab2,78.0,96.0,73.0,74.0,1.7235727791422095
5.0,Learned_UNet_N1,seq_inner_val_44b6_t70_p04_crowded,inner_val,44b6_d29c9ab2,79.0,107.0,73.0,74.0,0.8125
5.0,Learned_UNet_N1,seq_inner_val_44b6_t70_p04_crowded,inner_val,44b6_d29c9ab2,80.0,105.0,73.0,74.0,0.8125
5.0,Learned_UNet_N1,seq_inner_val_44b6_t70_p04_crowded,inner_val,44b6_d29c9ab2,81.0,101.0,73.0,74.0,0.0
5.0,Learned_UNet_N1,seq_inner_val_44b6_t70_p04_crowded,inner_val,44b6_d29c9ab2,82.0,113.0,73.0,74.0,0.0
5.0,Learned_UNet_N1,seq_inner_val_44b6_t70_p04_crowded,inner_val,44b6_d29c9ab2,83.0,106.0,73.0,74.0,1.1490485194281397
5.0,Learned_UNet_N1,seq_inner_val_44b6_t70_p04_crowded,inner_val,44b6_d29c9ab2,84.0,103.0,73.0,74.0,0.0
5.0,Learned_UNet_N1,seq_inner_val_44b6_t70_p04_crowded,inner_val,44b6_d29c9ab2,85.0,102.0,73.0,74.0,0.8125
5.0,Learned_UNet_N1,seq_inner_val_44b6_t70_p04_crowded,inner_val,44b6_d29c9ab2,86.0,100.0,73.0,74.0,0.5745242597140698
5.0,Learned_UNet_N1,seq_inner_val_44b6_t70_p04_crowded,inner_val,44b6_d29c9ab2,87.0,104.0,73.0,74.0,1.86167137607581
5.0,Learned_UNet_N1,seq_inner_val_44b6_t70_p04_crowded,inner_val,44b6_d29c9ab2,88.0,111.0,73.0,74.0,0.9084026158592896
5.0,Learned_UNet_N1,seq_inner_val_44b6_t70_p04_crowded,inner_val,44b6_d29c9ab2,89.0,109.0,73.0,74.0,1.6750116604071745
5.0,Learned_UNet_N1,seq_inner_val_44b6_t70_p04_crowded,inner_val,44b6_d29c9ab2,90.0,114.0,73.0,74.0,0.0
5.0,Learned_UNet_N1,seq_inner_val_44b6_t90_p05_isolated,inner_val,44b6_d29c9ab2,0.0,18.0,90.0,91.0,1.1490485194281397
5.0,Learned_UNet_N1,seq_inner_val_44b6_t90_p05_isolated,inner_val,44b6_d29c9ab2,1.0,19.0,90.0,91.0,0.9084026158592896
5.0,Learned_UNet_N1,seq_inner_val_44b6_t90_p05_isolated,inner_val,44b6_d29c9ab2,2.0,20.0,90.0,91.0,3.350023320814349
5.0,Learned_UNet_N1,seq_inner_val_44b6_t90_p05_isolated,inner_val,44b6_d29c9ab2,3.0,22.0,90.0,91.0,1.21875
5.0,Learned_UNet_N1,seq_inner_val_44b6_t90_p05_isolated,inner_val,44b6_d29c9ab2,4.0,23.0,90.0,91.0,1.1490485194281397
5.0,Learned_UNet_N1,seq_inner_val_44b6_t90_p05_isolated,inner_val,44b6_d29c9ab2,5.0,27.0,90.0,91.0,0.8125
5.0,Learned_UNet_N1,seq_inner_val_44b6_t90_p05_isolated,inner_val,44b6_d29c9ab2,6.0,21.0,90.0,91.0,3.494694639736067
5.0,Learned_UNet_N1,seq_inner_val_44b6_t90_p05_isolated,inner_val,44b6_d29c9ab2,7.0,25.0,90.0,91.0,0.40625
5.0,Learned_UNet_N1,seq_inner_val_44b6_t90_p05_isolated,inner_val,44b6_d29c9ab2,8.0,26.0,90.0,91.0,0.40625
5.0,Learned_UNet_N1,seq_inner_val_44b6_t90_p05_isolated,inner_val,44b6_d29c9ab2,9.0,24.0,90.0,91.0,3.447145558284419
5.0,Learned_UNet_N1,seq_inner_val_44b6_t90_p05_isolated,inner_val,44b6_d29c9ab2,11.0,29.0,90.0,91.0,1.7235727791422095
5.0,Learned_UNet_N1,seq_inner_val_44b6_t90_p05_isolated,inner_val,44b6_d29c9ab2,12.0,28.0,90.0,91.0,0.0
5.0,Learned_UNet_N1,seq_inner_val_44b6_t90_p05_isolated,inner_val,44b6_d29c9ab2,13.0,31.0,90.0,91.0,0.8125
5.0,Learned_UNet_N1,seq_inner_val_44b6_t90_p05_isolated,inner_val,44b6_d29c9ab2,14.0,30.0,90.0,91.0,1.8168052317185792
5.0,Learned_UNet_N1,seq_inner_val_44b6_t90_p05_isolated,inner_val,44b6_d29c9ab2,16.0,33.0,90.0,91.0,1.6750116604071745
5.0,Learned_UNet_N1,seq_inner_val_44b6_t90_p05_isolated,inner_val,44b6_d29c9ab2,17.0,32.0,90.0,91.0,0.9084026158592896
5.0,Learned_UNet_N1,seq_inner_val_44b6_t90_p05_isolated,inner_val,44b6_d29c9ab2,18.0,34.0,91.0,92.0,0.0
5.0,Learned_UNet_N1,seq_inner_val_44b6_t90_p05_isolated,inner_val,44b6_d29c9ab2,19.0,35.0,91.0,92.0,1.284675299443404
5.0,Learned_UNet_N1,seq_inner_val_44b6_t90_p05_isolated,inner_val,44b6_d29c9ab2,20.0,40.0,91.0,92.0,0.9084026158592896
5.0,Learned_UNet_N1,seq_inner_val_44b6_t90_p05_isolated,inner_val,44b6_d29c9ab2,21.0,37.0,91.0,92.0,0.0
5.0,Learned_UNet_N1,seq_inner_val_44b6_t90_p05_isolated,inner_val,44b6_d29c9ab2,22.0,36.0,91.0,92.0,3.447145558284419
5.0,Learned_UNet_N1,seq_inner_val_44b6_t90_p05_isolated,inner_val,44b6_d29c9ab2,23.0,38.0,91.0,92.0,0.8125
5.0,Learned_UNet_N1,seq_inner_val_44b6_t90_p05_isolated,inner_val,44b6_d29c9ab2,24.0,42.0,91.0,92.0,1.625
5.0,Learned_UNet_N1,seq_inner_val_44b6_t90_p05_isolated,inner_val,44b6_d29c9ab2,25.0,41.0,91.0,92.0,0.5745242597140698
5.0,Learned_UNet_N1,seq_inner_val_44b6_t90_p05_isolated,inner_val,44b6_d29c9ab2,26.0,46.0,91.0,92.0,0.9084026158592896
5.0,Learned_UNet_N1,seq_inner_val_44b6_t90_p05_isolated,inner_val,44b6_d29c9ab2,27.0,43.0,91.0,92.0,1.625
5.0,Learned_UNet_N1,seq_inner_val_44b6_t90_p05_isolated,inner_val,44b6_d29c9ab2,28.0,50.0,91.0,92.0,0.8125
5.0,Learned_UNet_N1,seq_inner_val_44b6_t90_p05_isolated,inner_val,44b6_d29c9ab2,29.0,48.0,91.0,92.0,4.1429533547941375
5.0,Learned_UNet_N1,seq_inner_val_44b6_t90_p05_isolated,inner_val,44b6_d29c9ab2,30.0,45.0,91.0,92.0,0.5745242597140698
5.0,Learned_UNet_N1,seq_inner_val_44b6_t90_p05_isolated,inner_val,44b6_d29c9ab2,32.0,49.0,91.0,92.0,0.0
5.0,Learned_UNet_N1,seq_inner_val_44b6_t90_p05_isolated,inner_val,44b6_d29c9ab2,33.0,52.0,91.0,92.0,0.9084026158592896
5.0,Learned_UNet_N1,seq_inner_val_44b6_t90_p05_isolated,inner_val,44b6_d29c9ab2,34.0,54.0,92.0,93.0,1.1490485194281397
5.0,Learned_UNet_N1,seq_inner_val_44b6_t90_p05_isolated,inner_val,44b6_d29c9ab2,35.0,55.0,92.0,93.0,0.8125
5.0,Learned_UNet_N1,seq_inner_val_44b6_t90_p05_isolated,inner_val,44b6_d29c9ab2,36.0,56.0,92.0,93.0,0.9084026158592896
5.0,Learned_UNet_N1,seq_inner_val_44b6_t90_p05_isolated,inner_val,44b6_d29c9ab2,37.0,57.0,92.0,93.0,3.350023320814349
5.0,Learned_UNet_N1,seq_inner_val_44b6_t90_p05_isolated,inner_val,44b6_d29c9ab2,38.0,59.0,92.0,93.0,0.5745242597140698
5.0,Learned_UNet_N1,seq_inner_val_44b6_t90_p05_isolated,inner_val,44b6_d29c9ab2,39.0,58.0,92.0,93.0,0.40625
5.0,Learned_UNet_N1,seq_inner_val_44b6_t90_p05_isolated,inner_val,44b6_d29c9ab2,40.0,60.0,92.0,93.0,0.8125
5.0,Learned_UNet_N1,seq_inner_val_44b6_t90_p05_isolated,inner_val,44b6_d29c9ab2,41.0,61.0,92.0,93.0,0.5745242597140698
5.0,Learned_UNet_N1,seq_inner_val_44b6_t90_p05_isolated,inner_val,44b6_d29c9ab2,42.0,63.0,92.0,93.0,3.300390601883359
5.0,Learned_UNet_N1,seq_inner_val_44b6_t90_p05_isolated,inner_val,44b6_d29c9ab2,44.0,62.0,92.0,93.0,2.03125
5.0,Learned_UNet_N1,seq_inner_val_44b6_t90_p05_isolated,inner_val,44b6_d29c9ab2,45.0,68.0,92.0,93.0,0.5745242597140698
5.0,Learned_UNet_N1,seq_inner_val_44b6_t90_p05_isolated,inner_val,44b6_d29c9ab2,46.0,65.0,92.0,93.0,1.6750116604071745
5.0,Learned_UNet_N1,seq_inner_val_44b6_t90_p05_isolated,inner_val,44b6_d29c9ab2,47.0,66.0,92.0,93.0,3.374565944310468
5.0,Learned_UNet_N1,seq_inner_val_44b6_t90_p05_isolated,inner_val,44b6_d29c9ab2,48.0,67.0,92.0,93.0,0.8125
5.0,Learned_UNet_N1,seq_inner_val_44b6_t90_p05_isolated,inner_val,44b6_d29c9ab2,49.0,69.0,92.0,93.0,0.8125
5.0,Learned_UNet_N1,seq_inner_val_44b6_t90_p05_isolated,inner_val,44b6_d29c9ab2,50.0,64.0,92.0,93.0,1.625
5.0,Learned_UNet_N1,seq_inner_val_44b6_t90_p05_isolated,inner_val,44b6_d29c9ab2,52.0,70.0,92.0,93.0,0.8125
5.0,Learned_UNet_N1,seq_inner_val_44b6_t90_p05_isolated,inner_val,44b6_d29c9ab2,54.0,73.0,93.0,94.0,3.6336104634371584
5.0,Learned_UNet_N1,seq_inner_val_44b6_t90_p05_isolated,inner_val,44b6_d29c9ab2,55.0,74.0,93.0,94.0,0.5745242597140698
5.0,Learned_UNet_N1,seq_inner_val_44b6_t90_p05_isolated,inner_val,44b6_d29c9ab2,56.0,78.0,93.0,94.0,0.9084026158592896
5.0,Learned_UNet_N1,seq_inner_val_44b6_t90_p05_isolated,inner_val,44b6_d29c9ab2,57.0,75.0,93.0,94.0,1.1490485194281397
5.0,Learned_UNet_N1,seq_inner_val_44b6_t90_p05_isolated,inner_val,44b6_d29c9ab2,58.0,77.0,93.0,94.0,0.5745242597140698
5.0,Learned_UNet_N1,seq_inner_val_44b6_t90_p05_isolated,inner_val,44b6_d29c9ab2,59.0,76.0,93.0,94.0,0.5745242597140698
5.0,Learned_UNet_N1,seq_inner_val_44b6_t90_p05_isolated,inner_val,44b6_d29c9ab2,60.0,79.0,93.0,94.0,3.300390601883359
5.0,Learned_UNet_N1,seq_inner_val_44b6_t90_p05_isolated,inner_val,44b6_d29c9ab2,61.0,80.0,93.0,94.0,1.1490485194281397
5.0,Learned_UNet_N1,seq_inner_val_44b6_t90_p05_isolated,inner_val,44b6_d29c9ab2,62.0,84.0,93.0,94.0,1.625
5.0,Learned_UNet_N1,seq_inner_val_44b6_t90_p05_isolated,inner_val,44b6_d29c9ab2,63.0,85.0,93.0,94.0,1.8168052317185792
5.0,Learned_UNet_N1,seq_inner_val_44b6_t90_p05_isolated,inner_val,44b6_d29c9ab2,65.0,83.0,93.0,94.0,2.333728575156074
5.0,Learned_UNet_N1,seq_inner_val_44b6_t90_p05_isolated,inner_val,44b6_d29c9ab2,66.0,91.0,93.0,94.0,1.625
5.0,Learned_UNet_N1,seq_inner_val_44b6_t90_p05_isolated,inner_val,44b6_d29c9ab2,67.0,88.0,93.0,94.0,0.8125
5.0,Learned_UNet_N1,seq_inner_val_44b6_t90_p05_isolated,inner_val,44b6_d29c9ab2,68.0,87.0,93.0,94.0,0.8125
5.0,Learned_UNet_N1,seq_inner_val_44b6_t90_p05_isolated,inner_val,44b6_d29c9ab2,70.0,90.0,93.0,94.0,1.4647552056572457
5.0,Learned_UNet_N1,seq_inner_val_44b6_t75_p06_isolated,inner_val,44b6_d29c9ab2,0.0,27.0,75.0,76.0,1.284675299443404
5.0,Learned_UNet_N1,seq_inner_val_44b6_t75_p06_isolated,inner_val,44b6_d29c9ab2,1.0,24.0,75.0,76.0,1.1490485194281397
5.0,Learned_UNet_N1,seq_inner_val_44b6_t75_p06_isolated,inner_val,44b6_d29c9ab2,4.0,33.0,75.0,76.0,3.2752922102462856
5.0,Learned_UNet_N1,seq_inner_val_44b6_t75_p06_isolated,inner_val,44b6_d29c9ab2,5.0,26.0,75.0,76.0,0.9084026158592896
5.0,Learned_UNet_N1,seq_inner_val_44b6_t75_p06_isolated,inner_val,44b6_d29c9ab2,6.0,38.0,75.0,76.0,3.300390601883359
5.0,Learned_UNet_N1,seq_inner_val_44b6_t75_p06_isolated,inner_val,44b6_d29c9ab2,7.0,31.0,75.0,76.0,3.494694639736067
5.0,Learned_UNet_N1,seq_inner_val_44b6_t75_p06_isolated,inner_val,44b6_d29c9ab2,8.0,28.0,75.0,76.0,3.350023320814349
5.0,Learned_UNet_N1,seq_inner_val_44b6_t75_p06_isolated,inner_val,44b6_d29c9ab2,10.0,34.0,75.0,76.0,3.350023320814349
5.0,Learned_UNet_N1,seq_inner_val_44b6_t75_p06_isolated,inner_val,44b6_d29c9ab2,11.0,29.0,75.0,76.0,3.2752922102462856
5.0,Learned_UNet_N1,seq_inner_val_44b6_t75_p06_isolated,inner_val,44b6_d29c9ab2,12.0,39.0,75.0,76.0,2.8726212985703494
5.0,Learned_UNet_N1,seq_inner_val_44b6_t75_p06_isolated,inner_val,44b6_d29c9ab2,15.0,36.0,75.0,76.0,3.300390601883359
5.0,Learned_UNet_N1,seq_inner_val_44b6_t75_p06_isolated,inner_val,44b6_d29c9ab2,16.0,41.0,75.0,76.0,1.1490485194281397
5.0,Learned_UNet_N1,seq_inner_val_44b6_t75_p06_isolated,inner_val,44b6_d29c9ab2,17.0,44.0,75.0,76.0,1.8168052317185792
5.0,Learned_UNet_N1,seq_inner_val_44b6_t75_p06_isolated,inner_val,44b6_d29c9ab2,18.0,32.0,75.0,76.0,2.8726212985703494
5.0,Learned_UNet_N1,seq_inner_val_44b6_t75_p06_isolated,inner_val,44b6_d29c9ab2,19.0,40.0,75.0,76.0,0.40625
5.0,Learned_UNet_N1,seq_inner_val_44b6_t75_p06_isolated,inner_val,44b6_d29c9ab2,20.0,37.0,75.0,76.0,3.25
5.0,Learned_UNet_N1,seq_inner_val_44b6_t75_p06_isolated,inner_val,44b6_d29c9ab2,21.0,46.0,75.0,76.0,1.8168052317185792
5.0,Learned_UNet_N1,seq_inner_val_44b6_t75_p06_isolated,inner_val,44b6_d29c9ab2,22.0,42.0,75.0,76.0,3.494694639736067
5.0,Learned_UNet_N1,seq_inner_val_44b6_t75_p06_isolated,inner_val,44b6_d29c9ab2,23.0,43.0,75.0,76.0,1.7235727791422095
5.0,Learned_UNet_N1,seq_inner_val_44b6_t75_p06_isolated,inner_val,44b6_d29c9ab2,24.0,50.0,76.0,77.0,0.9084026158592896
5.0,Learned_UNet_N1,seq_inner_val_44b6_t75_p06_isolated,inner_val,44b6_d29c9ab2,25.0,54.0,76.0,77.0,3.2752922102462856
5.0,Learned_UNet_N1,seq_inner_val_44b6_t75_p06_isolated,inner_val,44b6_d29c9ab2,26.0,53.0,76.0,77.0,0.40625
5.0,Learned_UNet_N1,seq_inner_val_44b6_t75_p06_isolated,inner_val,44b6_d29c9ab2,27.0,51.0,76.0,77.0,3.350023320814349
5.0,Learned_UNet_N1,seq_inner_val_44b6_t75_p06_isolated,inner_val,44b6_d29c9ab2,28.0,58.0,76.0,77.0,1.1490485194281397
5.0,Learned_UNet_N1,seq_inner_val_44b6_t75_p06_isolated,inner_val,44b6_d29c9ab2,29.0,55.0,76.0,77.0,0.5745242597140698
5.0,Learned_UNet_N1,seq_inner_val_44b6_t75_p06_isolated,inner_val,44b6_d29c9ab2,30.0,60.0,76.0,77.0,0.0
5.0,Learned_UNet_N1,seq_inner_val_44b6_t75_p06_isolated,inner_val,44b6_d29c9ab2,31.0,59.0,76.0,77.0,0.8125
5.0,Learned_UNet_N1,seq_inner_val_44b6_t75_p06_isolated,inner_val,44b6_d29c9ab2,34.0,66.0,76.0,77.0,0.5745242597140698
5.0,Learned_UNet_N1,seq_inner_val_44b6_t75_p06_isolated,inner_val,44b6_d29c9ab2,35.0,57.0,76.0,77.0,1.284675299443404
5.0,Learned_UNet_N1,seq_inner_val_44b6_t75_p06_isolated,inner_val,44b6_d29c9ab2,36.0,63.0,76.0,77.0,1.1490485194281397
5.0,Learned_UNet_N1,seq_inner_val_44b6_t75_p06_isolated,inner_val,44b6_d29c9ab2,37.0,65.0,76.0,77.0,2.2980970388562794
5.0,Learned_UNet_N1,seq_inner_val_44b6_t75_p06_isolated,inner_val,44b6_d29c9ab2,38.0,64.0,76.0,77.0,1.284675299443404
5.0,Learned_UNet_N1,seq_inner_val_44b6_t75_p06_isolated,inner_val,44b6_d29c9ab2,39.0,62.0,76.0,77.0,3.5648292823780494
5.0,Learned_UNet_N1,seq_inner_val_44b6_t75_p06_isolated,inner_val,44b6_d29c9ab2,40.0,61.0,76.0,77.0,0.5745242597140698
5.0,Learned_UNet_N1,seq_inner_val_44b6_t75_p06_isolated,inner_val,44b6_d29c9ab2,41.0,67.0,76.0,77.0,3.350023320814349
5.0,Learned_UNet_N1,seq_inner_val_44b6_t75_p06_isolated,inner_val,44b6_d29c9ab2,42.0,68.0,76.0,77.0,0.9084026158592896
5.0,Learned_UNet_N1,seq_inner_val_44b6_t75_p06_isolated,inner_val,44b6_d29c9ab2,43.0,56.0,76.0,77.0,0.40625
5.0,Learned_UNet_N1,seq_inner_val_44b6_t75_p06_isolated,inner_val,44b6_d29c9ab2,46.0,69.0,76.0,77.0,0.8125
5.0,Learned_UNet_N1,seq_inner_val_44b6_t75_p06_isolated,inner_val,44b6_d29c9ab2,47.0,74.0,76.0,77.0,3.040096626753827
5.0,Learned_UNet_N1,seq_inner_val_44b6_t75_p06_isolated,inner_val,44b6_d29c9ab2,48.0,70.0,76.0,77.0,1.9902104160113323
5.0,Learned_UNet_N1,seq_inner_val_44b6_t75_p06_isolated,inner_val,44b6_d29c9ab2,49.0,75.0,76.0,77.0,0.5745242597140698
5.0,Learned_UNet_N1,seq_inner_val_44b6_t75_p06_isolated,inner_val,44b6_d29c9ab2,50.0,76.0,77.0,78.0,0.40625
5.0,Learned_UNet_N1,seq_inner_val_44b6_t75_p06_isolated,inner_val,44b6_d29c9ab2,51.0,77.0,77.0,78.0,3.447145558284419
5.0,Learned_UNet_N1,seq_inner_val_44b6_t75_p06_isolated,inner_val,44b6_d29c9ab2,52.0,81.0,77.0,78.0,1.8168052317185792
5.0,Learned_UNet_N1,seq_inner_val_44b6_t75_p06_isolated,inner_val,44b6_d29c9ab2,53.0,79.0,77.0,78.0,0.5745242597140698
5.0,Learned_UNet_N1,seq_inner_val_44b6_t75_p06_isolated,inner_val,44b6_d29c9ab2,54.0,80.0,77.0,78.0,3.2752922102462856
5.0,Learned_UNet_N1,seq_inner_val_44b6_t75_p06_isolated,inner_val,44b6_d29c9ab2,55.0,95.0,77.0,78.0,0.5745242597140698
5.0,Learned_UNet_N1,seq_inner_val_44b6_t75_p06_isolated,inner_val,44b6_d29c9ab2,56.0,84.0,77.0,78.0,0.5745242597140698
5.0,Learned_UNet_N1,seq_inner_val_44b6_t75_p06_isolated,inner_val,44b6_d29c9ab2,57.0,78.0,77.0,78.0,1.6750116604071745
5.0,Learned_UNet_N1,seq_inner_val_44b6_t75_p06_isolated,inner_val,44b6_d29c9ab2,58.0,88.0,77.0,78.0,0.8125
5.0,Learned_UNet_N1,seq_inner_val_44b6_t75_p06_isolated,inner_val,44b6_d29c9ab2,59.0,85.0,77.0,78.0,1.6750116604071745
5.0,Learned_UNet_N1,seq_inner_val_44b6_t75_p06_isolated,inner_val,44b6_d29c9ab2,60.0,82.0,77.0,78.0,0.0
5.0,Learned_UNet_N1,seq_inner_val_44b6_t75_p06_isolated,inner_val,44b6_d29c9ab2,61.0,83.0,77.0,78.0,1.21875
5.0,Learned_UNet_N1,seq_inner_val_44b6_t75_p06_isolated,inner_val,44b6_d29c9ab2,62.0,90.0,77.0,78.0,3.832554834897995
5.0,Learned_UNet_N1,seq_inner_val_44b6_t75_p06_isolated,inner_val,44b6_d29c9ab2,63.0,89.0,77.0,78.0,0.5745242597140698
5.0,Learned_UNet_N1,seq_inner_val_44b6_t75_p06_isolated,inner_val,44b6_d29c9ab2,64.0,86.0,77.0,78.0,1.625
5.0,Learned_UNet_N1,seq_inner_val_44b6_t75_p06_isolated,inner_val,44b6_d29c9ab2,65.0,91.0,77.0,78.0,1.625
5.0,Learned_UNet_N1,seq_inner_val_44b6_t75_p06_isolated,inner_val,44b6_d29c9ab2,66.0,87.0,77.0,78.0,1.284675299443404
5.0,Learned_UNet_N1,seq_inner_val_44b6_t75_p06_isolated,inner_val,44b6_d29c9ab2,67.0,92.0,77.0,78.0,3.350023320814349
5.0,Learned_UNet_N1,seq_inner_val_44b6_t75_p06_isolated,inner_val,44b6_d29c9ab2,69.0,93.0,77.0,78.0,1.1490485194281397
5.0,Learned_UNet_N1,seq_inner_val_44b6_t75_p06_isolated,inner_val,44b6_d29c9ab2,73.0,96.0,77.0,78.0,1.625
5.0,Learned_UNet_N1,seq_inner_val_44b6_t75_p06_isolated,inner_val,44b6_d29c9ab2,74.0,94.0,77.0,78.0,0.8125
5.0,Learned_UNet_N1,seq_inner_val_44b6_t75_p06_isolated,inner_val,44b6_d29c9ab2,76.0,98.0,78.0,79.0,0.9084026158592896
5.0,Learned_UNet_N1,seq_inner_val_44b6_t75_p06_isolated,inner_val,44b6_d29c9ab2,77.0,100.0,78.0,79.0,0.40625
5.0,Learned_UNet_N1,seq_inner_val_44b6_t75_p06_isolated,inner_val,44b6_d29c9ab2,78.0,99.0,78.0,79.0,0.9084026158592896
5.0,Learned_UNet_N1,seq_inner_val_44b6_t75_p06_isolated,inner_val,44b6_d29c9ab2,79.0,114.0,78.0,79.0,0.8125
5.0,Learned_UNet_N1,seq_inner_val_44b6_t75_p06_isolated,inner_val,44b6_d29c9ab2,80.0,103.0,78.0,79.0,1.21875
5.0,Learned_UNet_N1,seq_inner_val_44b6_t75_p06_isolated,inner_val,44b6_d29c9ab2,81.0,108.0,78.0,79.0,3.374565944310468
5.0,Learned_UNet_N1,seq_inner_val_44b6_t75_p06_isolated,inner_val,44b6_d29c9ab2,82.0,104.0,78.0,79.0,0.0
5.0,Learned_UNet_N1,seq_inner_val_44b6_t75_p06_isolated,inner_val,44b6_d29c9ab2,83.0,101.0,78.0,79.0,0.9084026158592896
5.0,Learned_UNet_N1,seq_inner_val_44b6_t75_p06_isolated,inner_val,44b6_d29c9ab2,84.0,111.0,78.0,79.0,0.40625
5.0,Learned_UNet_N1,seq_inner_val_44b6_t75_p06_isolated,inner_val,44b6_d29c9ab2,85.0,102.0,78.0,79.0,0.9084026158592896
5.0,Learned_UNet_N1,seq_inner_val_44b6_t75_p06_isolated,inner_val,44b6_d29c9ab2,86.0,105.0,78.0,79.0,1.284675299443404
5.0,Learned_UNet_N1,seq_inner_val_44b6_t75_p06_isolated,inner_val,44b6_d29c9ab2,87.0,106.0,78.0,79.0,0.0
5.0,Learned_UNet_N1,seq_inner_val_44b6_t75_p06_isolated,inner_val,44b6_d29c9ab2,88.0,107.0,78.0,79.0,0.8125
5.0,Learned_UNet_N1,seq_inner_val_44b6_t75_p06_isolated,inner_val,44b6_d29c9ab2,89.0,110.0,78.0,79.0,1.284675299443404
5.0,Learned_UNet_N1,seq_inner_val_44b6_t75_p06_isolated,inner_val,44b6_d29c9ab2,90.0,116.0,78.0,79.0,1.1490485194281397
5.0,Learned_UNet_N1,seq_inner_val_44b6_t75_p06_isolated,inner_val,44b6_d29c9ab2,91.0,112.0,78.0,79.0,0.9084026158592896
5.0,Learned_UNet_N1,seq_inner_val_44b6_t75_p06_isolated,inner_val,44b6_d29c9ab2,92.0,113.0,78.0,79.0,0.0
5.0,Learned_UNet_N1,seq_inner_val_44b6_t75_p06_isolated,inner_val,44b6_d29c9ab2,93.0,117.0,78.0,79.0,0.5745242597140698
5.0,Learned_UNet_N1,seq_inner_val_44b6_t75_p06_isolated,inner_val,44b6_d29c9ab2,94.0,115.0,78.0,79.0,1.625
5.0,Learned_UNet_N1,seq_inner_val_44b6_t70_p07_isolated,inner_val,44b6_d29c9ab2,0.0,21.0,70.0,71.0,1.1490485194281397
5.0,Learned_UNet_N1,seq_inner_val_44b6_t70_p07_isolated,inner_val,44b6_d29c9ab2,1.0,20.0,70.0,71.0,1.284675299443404
5.0,Learned_UNet_N1,seq_inner_val_44b6_t70_p07_isolated,inner_val,44b6_d29c9ab2,3.0,25.0,70.0,71.0,4.318496736423452
5.0,Learned_UNet_N1,seq_inner_val_44b6_t70_p07_isolated,inner_val,44b6_d29c9ab2,4.0,22.0,70.0,71.0,3.65625
5.0,Learned_UNet_N1,seq_inner_val_44b6_t70_p07_isolated,inner_val,44b6_d29c9ab2,6.0,23.0,70.0,71.0,1.6750116604071745
5.0,Learned_UNet_N1,seq_inner_val_44b6_t70_p07_isolated,inner_val,44b6_d29c9ab2,7.0,30.0,70.0,71.0,1.8168052317185792
5.0,Learned_UNet_N1,seq_inner_val_44b6_t70_p07_isolated,inner_val,44b6_d29c9ab2,8.0,28.0,70.0,71.0,3.494694639736067
5.0,Learned_UNet_N1,seq_inner_val_44b6_t70_p07_isolated,inner_val,44b6_d29c9ab2,9.0,26.0,70.0,71.0,1.21875
5.0,Learned_UNet_N1,seq_inner_val_44b6_t70_p07_isolated,inner_val,44b6_d29c9ab2,10.0,29.0,70.0,71.0,3.25
5.0,Learned_UNet_N1,seq_inner_val_44b6_t70_p07_isolated,inner_val,44b6_d29c9ab2,11.0,31.0,70.0,71.0,3.494694639736067
5.0,Learned_UNet_N1,seq_inner_val_44b6_t70_p07_isolated,inner_val,44b6_d29c9ab2,12.0,33.0,70.0,71.0,0.40625
5.0,Learned_UNet_N1,seq_inner_val_44b6_t70_p07_isolated,inner_val,44b6_d29c9ab2,13.0,32.0,70.0,71.0,0.0
5.0,Learned_UNet_N1,seq_inner_val_44b6_t70_p07_isolated,inner_val,44b6_d29c9ab2,14.0,35.0,70.0,71.0,0.40625
5.0,Learned_UNet_N1,seq_inner_val_44b6_t70_p07_isolated,inner_val,44b6_d29c9ab2,16.0,34.0,70.0,71.0,0.40625
5.0,Learned_UNet_N1,seq_inner_val_44b6_t70_p07_isolated,inner_val,44b6_d29c9ab2,17.0,37.0,70.0,71.0,2.2980970388562794
5.0,Learned_UNet_N1,seq_inner_val_44b6_t70_p07_isolated,inner_val,44b6_d29c9ab2,19.0,36.0,70.0,71.0,4.596194077712559
5.0,Learned_UNet_N1,seq_inner_val_44b6_t70_p07_isolated,inner_val,44b6_d29c9ab2,20.0,40.0,71.0,72.0,1.1490485194281397
5.0,Learned_UNet_N1,seq_inner_val_44b6_t70_p07_isolated,inner_val,44b6_d29c9ab2,21.0,42.0,71.0,72.0,3.65625
5.0,Learned_UNet_N1,seq_inner_val_44b6_t70_p07_isolated,inner_val,44b6_d29c9ab2,22.0,43.0,71.0,72.0,0.8125
5.0,Learned_UNet_N1,seq_inner_val_44b6_t70_p07_isolated,inner_val,44b6_d29c9ab2,23.0,41.0,71.0,72.0,1.1490485194281397
5.0,Learned_UNet_N1,seq_inner_val_44b6_t70_p07_isolated,inner_val,44b6_d29c9ab2,24.0,49.0,71.0,72.0,3.72334275215162
5.0,Learned_UNet_N1,seq_inner_val_44b6_t70_p07_isolated,inner_val,44b6_d29c9ab2,25.0,45.0,71.0,72.0,0.40625
5.0,Learned_UNet_N1,seq_inner_val_44b6_t70_p07_isolated,inner_val,44b6_d29c9ab2,26.0,48.0,71.0,72.0,1.1490485194281397
5.0,Learned_UNet_N1,seq_inner_val_44b6_t70_p07_isolated,inner_val,44b6_d29c9ab2,28.0,44.0,71.0,72.0,0.5745242597140698
5.0,Learned_UNet_N1,seq_inner_val_44b6_t70_p07_isolated,inner_val,44b6_d29c9ab2,29.0,58.0,71.0,72.0,0.5745242597140698
5.0,Learned_UNet_N1,seq_inner_val_44b6_t70_p07_isolated,inner_val,44b6_d29c9ab2,30.0,46.0,71.0,72.0,0.9084026158592896
5.0,Learned_UNet_N1,seq_inner_val_44b6_t70_p07_isolated,inner_val,44b6_d29c9ab2,31.0,52.0,71.0,72.0,0.5745242597140698
5.0,Learned_UNet_N1,seq_inner_val_44b6_t70_p07_isolated,inner_val,44b6_d29c9ab2,32.0,53.0,71.0,72.0,0.8125
5.0,Learned_UNet_N1,seq_inner_val_44b6_t70_p07_isolated,inner_val,44b6_d29c9ab2,33.0,51.0,71.0,72.0,2.2980970388562794
5.0,Learned_UNet_N1,seq_inner_val_44b6_t70_p07_isolated,inner_val,44b6_d29c9ab2,34.0,54.0,71.0,72.0,3.25
5.0,Learned_UNet_N1,seq_inner_val_44b6_t70_p07_isolated,inner_val,44b6_d29c9ab2,35.0,55.0,71.0,72.0,0.0
5.0,Learned_UNet_N1,seq_inner_val_44b6_t70_p07_isolated,inner_val,44b6_d29c9ab2,36.0,59.0,71.0,72.0,3.72334275215162
5.0,Learned_UNet_N1,seq_inner_val_44b6_t70_p07_isolated,inner_val,44b6_d29c9ab2,37.0,57.0,71.0,72.0,1.1490485194281397
5.0,Learned_UNet_N1,seq_inner_val_44b6_t70_p07_isolated,inner_val,44b6_d29c9ab2,38.0,56.0,71.0,72.0,1.284675299443404
5.0,Learned_UNet_N1,seq_inner_val_44b6_t70_p07_isolated,inner_val,44b6_d29c9ab2,40.0,62.0,72.0,73.0,3.494694639736067
5.0,Learned_UNet_N1,seq_inner_val_44b6_t70_p07_isolated,inner_val,44b6_d29c9ab2,41.0,63.0,72.0,73.0,1.284675299443404
5.0,Learned_UNet_N1,seq_inner_val_44b6_t70_p07_isolated,inner_val,44b6_d29c9ab2,42.0,61.0,72.0,73.0,0.0
5.0,Learned_UNet_N1,seq_inner_val_44b6_t70_p07_isolated,inner_val,44b6_d29c9ab2,43.0,64.0,72.0,73.0,3.447145558284419
5.0,Learned_UNet_N1,seq_inner_val_44b6_t70_p07_isolated,inner_val,44b6_d29c9ab2,44.0,69.0,72.0,73.0,0.9084026158592896
5.0,Learned_UNet_N1,seq_inner_val_44b6_t70_p07_isolated,inner_val,44b6_d29c9ab2,45.0,67.0,72.0,73.0,0.40625
5.0,Learned_UNet_N1,seq_inner_val_44b6_t70_p07_isolated,inner_val,44b6_d29c9ab2,46.0,68.0,72.0,73.0,1.1490485194281397
5.0,Learned_UNet_N1,seq_inner_val_44b6_t70_p07_isolated,inner_val,44b6_d29c9ab2,47.0,66.0,72.0,73.0,1.21875
5.0,Learned_UNet_N1,seq_inner_val_44b6_t70_p07_isolated,inner_val,44b6_d29c9ab2,48.0,70.0,72.0,73.0,3.72334275215162
5.0,Learned_UNet_N1,seq_inner_val_44b6_t70_p07_isolated,inner_val,44b6_d29c9ab2,49.0,65.0,72.0,73.0,0.5745242597140698
5.0,Learned_UNet_N1,seq_inner_val_44b6_t70_p07_isolated,inner_val,44b6_d29c9ab2,51.0,71.0,72.0,73.0,0.9084026158592896
5.0,Learned_UNet_N1,seq_inner_val_44b6_t70_p07_isolated,inner_val,44b6_d29c9ab2,54.0,72.0,72.0,73.0,0.0
5.0,Learned_UNet_N1,seq_inner_val_44b6_t70_p07_isolated,inner_val,44b6_d29c9ab2,55.0,73.0,72.0,73.0,0.0
5.0,Learned_UNet_N1,seq_inner_val_44b6_t70_p07_isolated,inner_val,44b6_d29c9ab2,56.0,74.0,72.0,73.0,0.8125
5.0,Learned_UNet_N1,seq_inner_val_44b6_t70_p07_isolated,inner_val,44b6_d29c9ab2,57.0,75.0,72.0,73.0,0.40625
5.0,Learned_UNet_N1,seq_inner_val_44b6_t70_p07_isolated,inner_val,44b6_d29c9ab2,59.0,77.0,72.0,73.0,0.0
5.0,Learned_UNet_N1,seq_inner_val_44b6_t70_p07_isolated,inner_val,44b6_d29c9ab2,61.0,81.0,73.0,74.0,1.8168052317185792
5.0,Learned_UNet_N1,seq_inner_val_44b6_t70_p07_isolated,inner_val,44b6_d29c9ab2,62.0,79.0,73.0,74.0,0.9084026158592896
5.0,Learned_UNet_N1,seq_inner_val_44b6_t70_p07_isolated,inner_val,44b6_d29c9ab2,63.0,80.0,73.0,74.0,1.8168052317185792
5.0,Learned_UNet_N1,seq_inner_val_44b6_t70_p07_isolated,inner_val,44b6_d29c9ab2,64.0,82.0,73.0,74.0,0.5745242597140698
5.0,Learned_UNet_N1,seq_inner_val_44b6_t70_p07_isolated,inner_val,44b6_d29c9ab2,65.0,89.0,73.0,74.0,2.1877232028983924
5.0,Learned_UNet_N1,seq_inner_val_44b6_t70_p07_isolated,inner_val,44b6_d29c9ab2,66.0,84.0,73.0,74.0,2.0714766773970688
5.0,Learned_UNet_N1,seq_inner_val_44b6_t70_p07_isolated,inner_val,44b6_d29c9ab2,67.0,87.0,73.0,74.0,4.958913218891817
5.0,Learned_UNet_N1,seq_inner_val_44b6_t70_p07_isolated,inner_val,44b6_d29c9ab2,68.0,90.0,73.0,74.0,3.6336104634371584
5.0,Learned_UNet_N1,seq_inner_val_44b6_t70_p07_isolated,inner_val,44b6_d29c9ab2,69.0,85.0,73.0,74.0,1.625
5.0,Learned_UNet_N1,seq_inner_val_44b6_t70_p07_isolated,inner_val,44b6_d29c9ab2,70.0,86.0,73.0,74.0,0.8125
5.0,Learned_UNet_N1,seq_inner_val_44b6_t70_p07_isolated,inner_val,44b6_d29c9ab2,71.0,88.0,73.0,74.0,0.0
5.0,Learned_UNet_N1,seq_inner_val_44b6_t70_p07_isolated,inner_val,44b6_d29c9ab2,72.0,94.0,73.0,74.0,0.0
5.0,Learned_UNet_N1,seq_inner_val_44b6_t70_p07_isolated,inner_val,44b6_d29c9ab2,73.0,92.0,73.0,74.0,0.9084026158592896
5.0,Learned_UNet_N1,seq_inner_val_44b6_t70_p07_isolated,inner_val,44b6_d29c9ab2,74.0,91.0,73.0,74.0,1.1490485194281397
5.0,Learned_UNet_N1,seq_inner_val_44b6_t70_p07_isolated,inner_val,44b6_d29c9ab2,75.0,96.0,73.0,74.0,0.9084026158592896
5.0,Learned_UNet_N1,seq_inner_val_44b6_t70_p07_isolated,inner_val,44b6_d29c9ab2,76.0,95.0,73.0,74.0,0.9084026158592896
5.0,Learned_UNet_N1,seq_inner_val_44b6_t70_p07_isolated,inner_val,44b6_d29c9ab2,77.0,97.0,73.0,74.0,2.03125
5.0,Learned_UNet_N1,seq_inner_val_44b6_t70_p07_isolated,inner_val,44b6_d29c9ab2,78.0,83.0,73.0,74.0,0.5745242597140698
5.0,Learned_UNet_N1,seq_inner_val_44b6_t70_p08_boundary,inner_val,44b6_d29c9ab2,0.0,28.0,70.0,71.0,0.9084026158592896
5.0,Learned_UNet_N1,seq_inner_val_44b6_t70_p08_boundary,inner_val,44b6_d29c9ab2,1.0,27.0,70.0,71.0,3.6787502123683256
5.0,Learned_UNet_N1,seq_inner_val_44b6_t70_p08_boundary,inner_val,44b6_d29c9ab2,2.0,30.0,70.0,71.0,0.9084026158592896
5.0,Learned_UNet_N1,seq_inner_val_44b6_t70_p08_boundary,inner_val,44b6_d29c9ab2,3.0,35.0,70.0,71.0,0.9084026158592896
5.0,Learned_UNet_N1,seq_inner_val_44b6_t70_p08_boundary,inner_val,44b6_d29c9ab2,4.0,34.0,70.0,71.0,3.2752922102462856
5.0,Learned_UNet_N1,seq_inner_val_44b6_t70_p08_boundary,inner_val,44b6_d29c9ab2,5.0,29.0,70.0,71.0,0.5745242597140698
5.0,Learned_UNet_N1,seq_inner_val_44b6_t70_p08_boundary,inner_val,44b6_d29c9ab2,6.0,39.0,70.0,71.0,0.8125
5.0,Learned_UNet_N1,seq_inner_val_44b6_t70_p08_boundary,inner_val,44b6_d29c9ab2,7.0,36.0,70.0,71.0,0.40625
5.0,Learned_UNet_N1,seq_inner_val_44b6_t70_p08_boundary,inner_val,44b6_d29c9ab2,8.0,31.0,70.0,71.0,0.9084026158592896
5.0,Learned_UNet_N1,seq_inner_val_44b6_t70_p08_boundary,inner_val,44b6_d29c9ab2,9.0,41.0,70.0,71.0,0.5745242597140698
5.0,Learned_UNet_N1,seq_inner_val_44b6_t70_p08_boundary,inner_val,44b6_d29c9ab2,10.0,33.0,70.0,71.0,0.5745242597140698
5.0,Learned_UNet_N1,seq_inner_val_44b6_t70_p08_boundary,inner_val,44b6_d29c9ab2,11.0,44.0,70.0,71.0,1.6750116604071745
5.0,Learned_UNet_N1,seq_inner_val_44b6_t70_p08_boundary,inner_val,44b6_d29c9ab2,12.0,37.0,70.0,71.0,3.374565944310468
5.0,Learned_UNet_N1,seq_inner_val_44b6_t70_p08_boundary,inner_val,44b6_d29c9ab2,13.0,43.0,70.0,71.0,0.5745242597140698
5.0,Learned_UNet_N1,seq_inner_val_44b6_t70_p08_boundary,inner_val,44b6_d29c9ab2,14.0,40.0,70.0,71.0,1.1490485194281397
5.0,Learned_UNet_N1,seq_inner_val_44b6_t70_p08_boundary,inner_val,44b6_d29c9ab2,15.0,42.0,70.0,71.0,1.7235727791422095
5.0,Learned_UNet_N1,seq_inner_val_44b6_t70_p08_boundary,inner_val,44b6_d29c9ab2,17.0,49.0,70.0,71.0,3.2752922102462856
5.0,Learned_UNet_N1,seq_inner_val_44b6_t70_p08_boundary,inner_val,44b6_d29c9ab2,18.0,38.0,70.0,71.0,3.917733121653388
5.0,Learned_UNet_N1,seq_inner_val_44b6_t70_p08_boundary,inner_val,44b6_d29c9ab2,19.0,46.0,70.0,71.0,0.9084026158592896
5.0,Learned_UNet_N1,seq_inner_val_44b6_t70_p08_boundary,inner_val,44b6_d29c9ab2,20.0,45.0,70.0,71.0,1.7235727791422095
5.0,Learned_UNet_N1,seq_inner_val_44b6_t70_p08_boundary,inner_val,44b6_d29c9ab2,21.0,32.0,70.0,71.0,1.6750116604071745
5.0,Learned_UNet_N1,seq_inner_val_44b6_t70_p08_boundary,inner_val,44b6_d29c9ab2,23.0,51.0,70.0,71.0,0.5745242597140698
5.0,Learned_UNet_N1,seq_inner_val_44b6_t70_p08_boundary,inner_val,44b6_d29c9ab2,24.0,47.0,70.0,71.0,1.7235727791422095
5.0,Learned_UNet_N1,seq_inner_val_44b6_t70_p08_boundary,inner_val,44b6_d29c9ab2,27.0,55.0,71.0,72.0,1.625
5.0,Learned_UNet_N1,seq_inner_val_44b6_t70_p08_boundary,inner_val,44b6_d29c9ab2,28.0,53.0,71.0,72.0,0.40625
5.0,Learned_UNet_N1,seq_inner_val_44b6_t70_p08_boundary,inner_val,44b6_d29c9ab2,29.0,56.0,71.0,72.0,0.8125
5.0,Learned_UNet_N1,seq_inner_val_44b6_t70_p08_boundary,inner_val,44b6_d29c9ab2,30.0,54.0,71.0,72.0,0.9084026158592896
5.0,Learned_UNet_N1,seq_inner_val_44b6_t70_p08_boundary,inner_val,44b6_d29c9ab2,31.0,57.0,71.0,72.0,3.300390601883359
5.0,Learned_UNet_N1,seq_inner_val_44b6_t70_p08_boundary,inner_val,44b6_d29c9ab2,33.0,63.0,71.0,72.0,1.284675299443404
5.0,Learned_UNet_N1,seq_inner_val_44b6_t70_p08_boundary,inner_val,44b6_d29c9ab2,34.0,61.0,71.0,72.0,3.300390601883359
5.0,Learned_UNet_N1,seq_inner_val_44b6_t70_p08_boundary,inner_val,44b6_d29c9ab2,35.0,72.0,71.0,72.0,0.8125
5.0,Learned_UNet_N1,seq_inner_val_44b6_t70_p08_boundary,inner_val,44b6_d29c9ab2,36.0,60.0,71.0,72.0,0.40625
5.0,Learned_UNet_N1,seq_inner_val_44b6_t70_p08_boundary,inner_val,44b6_d29c9ab2,37.0,58.0,71.0,72.0,0.40625
5.0,Learned_UNet_N1,seq_inner_val_44b6_t70_p08_boundary,inner_val,44b6_d29c9ab2,38.0,65.0,71.0,72.0,0.9084026158592896
5.0,Learned_UNet_N1,seq_inner_val_44b6_t70_p08_boundary,inner_val,44b6_d29c9ab2,39.0,59.0,71.0,72.0,3.72334275215162
5.0,Learned_UNet_N1,seq_inner_val_44b6_t70_p08_boundary,inner_val,44b6_d29c9ab2,40.0,70.0,71.0,72.0,2.368824207280903
5.0,Learned_UNet_N1,seq_inner_val_44b6_t70_p08_boundary,inner_val,44b6_d29c9ab2,41.0,62.0,71.0,72.0,0.40625
5.0,Learned_UNet_N1,seq_inner_val_44b6_t70_p08_boundary,inner_val,44b6_d29c9ab2,42.0,68.0,71.0,72.0,2.2980970388562794
5.0,Learned_UNet_N1,seq_inner_val_44b6_t70_p08_boundary,inner_val,44b6_d29c9ab2,43.0,66.0,71.0,72.0,4.021669817998489
5.0,Learned_UNet_N1,seq_inner_val_44b6_t70_p08_boundary,inner_val,44b6_d29c9ab2,44.0,69.0,71.0,72.0,1.4647552056572457
5.0,Learned_UNet_N1,seq_inner_val_44b6_t70_p08_boundary,inner_val,44b6_d29c9ab2,45.0,64.0,71.0,72.0,3.350023320814349
5.0,Learned_UNet_N1,seq_inner_val_44b6_t70_p08_boundary,inner_val,44b6_d29c9ab2,46.0,71.0,71.0,72.0,2.1877232028983924
5.0,Learned_UNet_N1,seq_inner_val_44b6_t70_p08_boundary,inner_val,44b6_d29c9ab2,47.0,67.0,71.0,72.0,0.0
5.0,Learned_UNet_N1,seq_inner_val_44b6_t70_p08_boundary,inner_val,44b6_d29c9ab2,48.0,74.0,71.0,72.0,3.350023320814349
5.0,Learned_UNet_N1,seq_inner_val_44b6_t70_p08_boundary,inner_val,44b6_d29c9ab2,50.0,73.0,71.0,72.0,1.4647552056572457
5.0,Learned_UNet_N1,seq_inner_val_44b6_t70_p08_boundary,inner_val,44b6_d29c9ab2,53.0,78.0,72.0,73.0,0.40625
5.0,Learned_UNet_N1,seq_inner_val_44b6_t70_p08_boundary,inner_val,44b6_d29c9ab2,54.0,80.0,72.0,73.0,1.284675299443404
5.0,Learned_UNet_N1,seq_inner_val_44b6_t70_p08_boundary,inner_val,44b6_d29c9ab2,55.0,77.0,72.0,73.0,0.40625
5.0,Learned_UNet_N1,seq_inner_val_44b6_t70_p08_boundary,inner_val,44b6_d29c9ab2,56.0,76.0,72.0,73.0,0.5745242597140698
5.0,Learned_UNet_N1,seq_inner_val_44b6_t70_p08_boundary,inner_val,44b6_d29c9ab2,57.0,81.0,72.0,73.0,0.5745242597140698
5.0,Learned_UNet_N1,seq_inner_val_44b6_t70_p08_boundary,inner_val,44b6_d29c9ab2,58.0,84.0,72.0,73.0,0.8125
5.0,Learned_UNet_N1,seq_inner_val_44b6_t70_p08_boundary,inner_val,44b6_d29c9ab2,59.0,82.0,72.0,73.0,0.8125
5.0,Learned_UNet_N1,seq_inner_val_44b6_t70_p08_boundary,inner_val,44b6_d29c9ab2,60.0,88.0,72.0,73.0,0.0
5.0,Learned_UNet_N1,seq_inner_val_44b6_t70_p08_boundary,inner_val,44b6_d29c9ab2,61.0,79.0,72.0,73.0,3.5648292823780494
5.0,Learned_UNet_N1,seq_inner_val_44b6_t70_p08_boundary,inner_val,44b6_d29c9ab2,62.0,87.0,72.0,73.0,1.6750116604071745
5.0,Learned_UNet_N1,seq_inner_val_44b6_t70_p08_boundary,inner_val,44b6_d29c9ab2,63.0,83.0,72.0,73.0,0.9084026158592896
5.0,Learned_UNet_N1,seq_inner_val_44b6_t70_p08_boundary,inner_val,44b6_d29c9ab2,64.0,85.0,72.0,73.0,0.40625
5.0,Learned_UNet_N1,seq_inner_val_44b6_t70_p08_boundary,inner_val,44b6_d29c9ab2,65.0,95.0,72.0,73.0,2.7252078475778685
5.0,Learned_UNet_N1,seq_inner_val_44b6_t70_p08_boundary,inner_val,44b6_d29c9ab2,66.0,90.0,72.0,73.0,1.21875
5.0,Learned_UNet_N1,seq_inner_val_44b6_t70_p08_boundary,inner_val,44b6_d29c9ab2,67.0,91.0,72.0,73.0,0.5745242597140698
5.0,Learned_UNet_N1,seq_inner_val_44b6_t70_p08_boundary,inner_val,44b6_d29c9ab2,68.0,93.0,72.0,73.0,1.284675299443404
5.0,Learned_UNet_N1,seq_inner_val_44b6_t70_p08_boundary,inner_val,44b6_d29c9ab2,69.0,89.0,72.0,73.0,0.9084026158592896
5.0,Learned_UNet_N1,seq_inner_val_44b6_t70_p08_boundary,inner_val,44b6_d29c9ab2,70.0,96.0,72.0,73.0,0.8125
5.0,Learned_UNet_N1,seq_inner_val_44b6_t70_p08_boundary,inner_val,44b6_d29c9ab2,71.0,92.0,72.0,73.0,3.300390601883359
5.0,Learned_UNet_N1,seq_inner_val_44b6_t70_p08_boundary,inner_val,44b6_d29c9ab2,72.0,97.0,72.0,73.0,1.8168052317185792
5.0,Learned_UNet_N1,seq_inner_val_44b6_t70_p08_boundary,inner_val,44b6_d29c9ab2,73.0,94.0,72.0,73.0,2.03125
5.0,Learned_UNet_N1,seq_inner_val_44b6_t70_p08_boundary,inner_val,44b6_d29c9ab2,75.0,98.0,72.0,73.0,1.8168052317185792
5.0,Learned_UNet_N1,seq_inner_val_44b6_t70_p08_boundary,inner_val,44b6_d29c9ab2,76.0,100.0,73.0,74.0,0.5745242597140698
5.0,Learned_UNet_N1,seq_inner_val_44b6_t70_p08_boundary,inner_val,44b6_d29c9ab2,77.0,102.0,73.0,74.0,3.350023320814349
5.0,Learned_UNet_N1,seq_inner_val_44b6_t70_p08_boundary,inner_val,44b6_d29c9ab2,78.0,101.0,73.0,74.0,1.21875
5.0,Learned_UNet_N1,seq_inner_val_44b6_t70_p08_boundary,inner_val,44b6_d29c9ab2,79.0,103.0,73.0,74.0,0.5745242597140698
5.0,Learned_UNet_N1,seq_inner_val_44b6_t70_p08_boundary,inner_val,44b6_d29c9ab2,80.0,104.0,73.0,74.0,0.8125
5.0,Learned_UNet_N1,seq_inner_val_44b6_t70_p08_boundary,inner_val,44b6_d29c9ab2,81.0,107.0,73.0,74.0,1.625
5.0,Learned_UNet_N1,seq_inner_val_44b6_t70_p08_boundary,inner_val,44b6_d29c9ab2,82.0,105.0,73.0,74.0,1.284675299443404
5.0,Learned_UNet_N1,seq_inner_val_44b6_t70_p08_boundary,inner_val,44b6_d29c9ab2,83.0,109.0,73.0,74.0,0.40625
5.0,Learned_UNet_N1,seq_inner_val_44b6_t70_p08_boundary,inner_val,44b6_d29c9ab2,84.0,121.0,73.0,74.0,1.8168052317185792
5.0,Learned_UNet_N1,seq_inner_val_44b6_t70_p08_boundary,inner_val,44b6_d29c9ab2,85.0,116.0,73.0,74.0,0.9084026158592896
5.0,Learned_UNet_N1,seq_inner_val_44b6_t70_p08_boundary,inner_val,44b6_d29c9ab2,86.0,111.0,73.0,74.0,0.40625
5.0,Learned_UNet_N1,seq_inner_val_44b6_t70_p08_boundary,inner_val,44b6_d29c9ab2,87.0,115.0,73.0,74.0,0.5745242597140698
5.0,Learned_UNet_N1,seq_inner_val_44b6_t70_p08_boundary,inner_val,44b6_d29c9ab2,88.0,108.0,73.0,74.0,3.25
5.0,Learned_UNet_N1,seq_inner_val_44b6_t70_p08_boundary,inner_val,44b6_d29c9ab2,89.0,110.0,73.0,74.0,0.40625
5.0,Learned_UNet_N1,seq_inner_val_44b6_t70_p08_boundary,inner_val,44b6_d29c9ab2,90.0,112.0,73.0,74.0,1.4647552056572457
5.0,Learned_UNet_N1,seq_inner_val_44b6_t70_p08_boundary,inner_val,44b6_d29c9ab2,91.0,118.0,73.0,74.0,2.368824207280903
5.0,Learned_UNet_N1,seq_inner_val_44b6_t70_p08_boundary,inner_val,44b6_d29c9ab2,92.0,113.0,73.0,74.0,0.5745242597140698
5.0,Learned_UNet_N1,seq_inner_val_44b6_t70_p08_boundary,inner_val,44b6_d29c9ab2,93.0,119.0,73.0,74.0,1.284675299443404
5.0,Learned_UNet_N1,seq_inner_val_44b6_t70_p08_boundary,inner_val,44b6_d29c9ab2,94.0,122.0,73.0,74.0,0.40625
5.0,Learned_UNet_N1,seq_inner_val_44b6_t70_p08_boundary,inner_val,44b6_d29c9ab2,95.0,126.0,73.0,74.0,2.0714766773970688
5.0,Learned_UNet_N1,seq_inner_val_44b6_t70_p08_boundary,inner_val,44b6_d29c9ab2,96.0,117.0,73.0,74.0,0.40625
5.0,Learned_UNet_N1,seq_inner_val_44b6_t70_p08_boundary,inner_val,44b6_d29c9ab2,97.0,106.0,73.0,74.0,3.040096626753827
5.0,Learned_UNet_N1,seq_inner_val_44b6_t70_p08_boundary,inner_val,44b6_d29c9ab2,98.0,125.0,73.0,74.0,0.40625
5.0,Learned_UNet_N1,seq_inner_val_44b6_t70_p08_boundary,inner_val,44b6_d29c9ab2,99.0,124.0,73.0,74.0,2.368824207280903
5.0,Learned_UNet_N1,seq_inner_val_44b6_t90_p09_zero_annotation,inner_val,44b6_d29c9ab2,0.0,24.0,90.0,91.0,3.350023320814349
5.0,Learned_UNet_N1,seq_inner_val_44b6_t90_p09_zero_annotation,inner_val,44b6_d29c9ab2,1.0,23.0,90.0,91.0,3.300390601883359
5.0,Learned_UNet_N1,seq_inner_val_44b6_t90_p09_zero_annotation,inner_val,44b6_d29c9ab2,2.0,28.0,90.0,91.0,3.2752922102462856
5.0,Learned_UNet_N1,seq_inner_val_44b6_t90_p09_zero_annotation,inner_val,44b6_d29c9ab2,3.0,25.0,90.0,91.0,0.9084026158592896
5.0,Learned_UNet_N1,seq_inner_val_44b6_t90_p09_zero_annotation,inner_val,44b6_d29c9ab2,4.0,26.0,90.0,91.0,3.494694639736067
5.0,Learned_UNet_N1,seq_inner_val_44b6_t90_p09_zero_annotation,inner_val,44b6_d29c9ab2,5.0,37.0,90.0,91.0,0.0
5.0,Learned_UNet_N1,seq_inner_val_44b6_t90_p09_zero_annotation,inner_val,44b6_d29c9ab2,6.0,33.0,90.0,91.0,0.5745242597140698
5.0,Learned_UNet_N1,seq_inner_val_44b6_t90_p09_zero_annotation,inner_val,44b6_d29c9ab2,7.0,38.0,90.0,91.0,1.1490485194281397
5.0,Learned_UNet_N1,seq_inner_val_44b6_t90_p09_zero_annotation,inner_val,44b6_d29c9ab2,8.0,31.0,90.0,91.0,1.1490485194281397
5.0,Learned_UNet_N1,seq_inner_val_44b6_t90_p09_zero_annotation,inner_val,44b6_d29c9ab2,9.0,32.0,90.0,91.0,0.8125
5.0,Learned_UNet_N1,seq_inner_val_44b6_t90_p09_zero_annotation,inner_val,44b6_d29c9ab2,10.0,30.0,90.0,91.0,1.4647552056572457
5.0,Learned_UNet_N1,seq_inner_val_44b6_t90_p09_zero_annotation,inner_val,44b6_d29c9ab2,11.0,35.0,90.0,91.0,0.9084026158592896
5.0,Learned_UNet_N1,seq_inner_val_44b6_t90_p09_zero_annotation,inner_val,44b6_d29c9ab2,12.0,34.0,90.0,91.0,0.0
5.0,Learned_UNet_N1,seq_inner_val_44b6_t90_p09_zero_annotation,inner_val,44b6_d29c9ab2,13.0,36.0,90.0,91.0,0.9084026158592896
5.0,Learned_UNet_N1,seq_inner_val_44b6_t90_p09_zero_annotation,inner_val,44b6_d29c9ab2,14.0,41.0,90.0,91.0,0.40625
5.0,Learned_UNet_N1,seq_inner_val_44b6_t90_p09_zero_annotation,inner_val,44b6_d29c9ab2,15.0,40.0,90.0,91.0,0.5745242597140698
5.0,Learned_UNet_N1,seq_inner_val_44b6_t90_p09_zero_annotation,inner_val,44b6_d29c9ab2,16.0,42.0,90.0,91.0,1.9902104160113323
5.0,Learned_UNet_N1,seq_inner_val_44b6_t90_p09_zero_annotation,inner_val,44b6_d29c9ab2,17.0,44.0,90.0,91.0,0.8125
5.0,Learned_UNet_N1,seq_inner_val_44b6_t90_p09_zero_annotation,inner_val,44b6_d29c9ab2,18.0,43.0,90.0,91.0,0.8125
5.0,Learned_UNet_N1,seq_inner_val_44b6_t90_p09_zero_annotation,inner_val,44b6_d29c9ab2,19.0,46.0,90.0,91.0,1.6750116604071745
5.0,Learned_UNet_N1,seq_inner_val_44b6_t90_p09_zero_annotation,inner_val,44b6_d29c9ab2,20.0,45.0,90.0,91.0,0.0
5.0,Learned_UNet_N1,seq_inner_val_44b6_t90_p09_zero_annotation,inner_val,44b6_d29c9ab2,22.0,47.0,90.0,91.0,1.86167137607581
5.0,Learned_UNet_N1,seq_inner_val_44b6_t90_p09_zero_annotation,inner_val,44b6_d29c9ab2,23.0,52.0,91.0,92.0,1.284675299443404
5.0,Learned_UNet_N1,seq_inner_val_44b6_t90_p09_zero_annotation,inner_val,44b6_d29c9ab2,24.0,51.0,91.0,92.0,0.0
5.0,Learned_UNet_N1,seq_inner_val_44b6_t90_p09_zero_annotation,inner_val,44b6_d29c9ab2,25.0,54.0,91.0,92.0,0.0
5.0,Learned_UNet_N1,seq_inner_val_44b6_t90_p09_zero_annotation,inner_val,44b6_d29c9ab2,26.0,55.0,91.0,92.0,0.5745242597140698
5.0,Learned_UNet_N1,seq_inner_val_44b6_t90_p09_zero_annotation,inner_val,44b6_d29c9ab2,27.0,53.0,91.0,92.0,0.9084026158592896
5.0,Learned_UNet_N1,seq_inner_val_44b6_t90_p09_zero_annotation,inner_val,44b6_d29c9ab2,28.0,58.0,91.0,92.0,0.9084026158592896
5.0,Learned_UNet_N1,seq_inner_val_44b6_t90_p09_zero_annotation,inner_val,44b6_d29c9ab2,29.0,56.0,91.0,92.0,0.9084026158592896
5.0,Learned_UNet_N1,seq_inner_val_44b6_t90_p09_zero_annotation,inner_val,44b6_d29c9ab2,30.0,57.0,91.0,92.0,1.6750116604071745
5.0,Learned_UNet_N1,seq_inner_val_44b6_t90_p09_zero_annotation,inner_val,44b6_d29c9ab2,31.0,59.0,91.0,92.0,0.5745242597140698
5.0,Learned_UNet_N1,seq_inner_val_44b6_t90_p09_zero_annotation,inner_val,44b6_d29c9ab2,33.0,60.0,91.0,92.0,1.284675299443404
5.0,Learned_UNet_N1,seq_inner_val_44b6_t90_p09_zero_annotation,inner_val,44b6_d29c9ab2,34.0,67.0,91.0,92.0,0.8125
5.0,Learned_UNet_N1,seq_inner_val_44b6_t90_p09_zero_annotation,inner_val,44b6_d29c9ab2,35.0,65.0,91.0,92.0,1.21875
5.0,Learned_UNet_N1,seq_inner_val_44b6_t90_p09_zero_annotation,inner_val,44b6_d29c9ab2,36.0,66.0,91.0,92.0,0.5745242597140698
5.0,Learned_UNet_N1,seq_inner_val_44b6_t90_p09_zero_annotation,inner_val,44b6_d29c9ab2,37.0,62.0,91.0,92.0,3.494694639736067
5.0,Learned_UNet_N1,seq_inner_val_44b6_t90_p09_zero_annotation,inner_val,44b6_d29c9ab2,38.0,64.0,91.0,92.0,4.1429533547941375
5.0,Learned_UNet_N1,seq_inner_val_44b6_t90_p09_zero_annotation,inner_val,44b6_d29c9ab2,40.0,61.0,91.0,92.0,0.5745242597140698
5.0,Learned_UNet_N1,seq_inner_val_44b6_t90_p09_zero_annotation,inner_val,44b6_d29c9ab2,41.0,63.0,91.0,92.0,4.0827619710803615
5.0,Learned_UNet_N1,seq_inner_val_44b6_t90_p09_zero_annotation,inner_val,44b6_d29c9ab2,42.0,71.0,91.0,92.0,1.7235727791422095
5.0,Learned_UNet_N1,seq_inner_val_44b6_t90_p09_zero_annotation,inner_val,44b6_d29c9ab2,44.0,72.0,91.0,92.0,1.8168052317185792
5.0,Learned_UNet_N1,seq_inner_val_44b6_t90_p09_zero_annotation,inner_val,44b6_d29c9ab2,45.0,69.0,91.0,92.0,0.8125
5.0,Learned_UNet_N1,seq_inner_val_44b6_t90_p09_zero_annotation,inner_val,44b6_d29c9ab2,46.0,70.0,91.0,92.0,1.284675299443404
5.0,Learned_UNet_N1,seq_inner_val_44b6_t90_p09_zero_annotation,inner_val,44b6_d29c9ab2,48.0,73.0,91.0,92.0,0.5745242597140698
5.0,Learned_UNet_N1,seq_inner_val_44b6_t90_p09_zero_annotation,inner_val,44b6_d29c9ab2,49.0,75.0,91.0,92.0,0.5745242597140698
5.0,Learned_UNet_N1,seq_inner_val_44b6_t90_p09_zero_annotation,inner_val,44b6_d29c9ab2,50.0,74.0,91.0,92.0,0.8125
5.0,Learned_UNet_N1,seq_inner_val_44b6_t90_p09_zero_annotation,inner_val,44b6_d29c9ab2,51.0,76.0,92.0,93.0,0.0
5.0,Learned_UNet_N1,seq_inner_val_44b6_t90_p09_zero_annotation,inner_val,44b6_d29c9ab2,53.0,79.0,92.0,93.0,1.21875
5.0,Learned_UNet_N1,seq_inner_val_44b6_t90_p09_zero_annotation,inner_val,44b6_d29c9ab2,54.0,80.0,92.0,93.0,1.21875
5.0,Learned_UNet_N1,seq_inner_val_44b6_t90_p09_zero_annotation,inner_val,44b6_d29c9ab2,55.0,81.0,92.0,93.0,3.72334275215162
5.0,Learned_UNet_N1,seq_inner_val_44b6_t90_p09_zero_annotation,inner_val,44b6_d29c9ab2,56.0,77.0,92.0,93.0,0.8125
5.0,Learned_UNet_N1,seq_inner_val_44b6_t90_p09_zero_annotation,inner_val,44b6_d29c9ab2,57.0,83.0,92.0,93.0,2.471122277933652
5.0,Learned_UNet_N1,seq_inner_val_44b6_t90_p09_zero_annotation,inner_val,44b6_d29c9ab2,58.0,88.0,92.0,93.0,0.9084026158592896
5.0,Learned_UNet_N1,seq_inner_val_44b6_t90_p09_zero_annotation,inner_val,44b6_d29c9ab2,59.0,90.0,92.0,93.0,0.40625
5.0,Learned_UNet_N1,seq_inner_val_44b6_t90_p09_zero_annotation,inner_val,44b6_d29c9ab2,60.0,85.0,92.0,93.0,0.8125
5.0,Learned_UNet_N1,seq_inner_val_44b6_t90_p09_zero_annotation,inner_val,44b6_d29c9ab2,61.0,92.0,92.0,93.0,0.5745242597140698
5.0,Learned_UNet_N1,seq_inner_val_44b6_t90_p09_zero_annotation,inner_val,44b6_d29c9ab2,63.0,82.0,92.0,93.0,3.374565944310468
5.0,Learned_UNet_N1,seq_inner_val_44b6_t90_p09_zero_annotation,inner_val,44b6_d29c9ab2,64.0,86.0,92.0,93.0,0.40625
5.0,Learned_UNet_N1,seq_inner_val_44b6_t90_p09_zero_annotation,inner_val,44b6_d29c9ab2,65.0,89.0,92.0,93.0,1.1490485194281397
5.0,Learned_UNet_N1,seq_inner_val_44b6_t90_p09_zero_annotation,inner_val,44b6_d29c9ab2,66.0,95.0,92.0,93.0,0.8125
5.0,Learned_UNet_N1,seq_inner_val_44b6_t90_p09_zero_annotation,inner_val,44b6_d29c9ab2,67.0,91.0,92.0,93.0,1.284675299443404
5.0,Learned_UNet_N1,seq_inner_val_44b6_t90_p09_zero_annotation,inner_val,44b6_d29c9ab2,68.0,93.0,92.0,93.0,1.7235727791422095
5.0,Learned_UNet_N1,seq_inner_val_44b6_t90_p09_zero_annotation,inner_val,44b6_d29c9ab2,69.0,96.0,92.0,93.0,1.21875
5.0,Learned_UNet_N1,seq_inner_val_44b6_t90_p09_zero_annotation,inner_val,44b6_d29c9ab2,70.0,87.0,92.0,93.0,2.2980970388562794
5.0,Learned_UNet_N1,seq_inner_val_44b6_t90_p09_zero_annotation,inner_val,44b6_d29c9ab2,71.0,97.0,92.0,93.0,0.8125
5.0,Learned_UNet_N1,seq_inner_val_44b6_t90_p09_zero_annotation,inner_val,44b6_d29c9ab2,72.0,94.0,92.0,93.0,1.625
5.0,Learned_UNet_N1,seq_inner_val_44b6_t90_p09_zero_annotation,inner_val,44b6_d29c9ab2,73.0,98.0,92.0,93.0,1.1490485194281397
5.0,Learned_UNet_N1,seq_inner_val_44b6_t90_p09_zero_annotation,inner_val,44b6_d29c9ab2,74.0,99.0,92.0,93.0,0.40625
5.0,Learned_UNet_N1,seq_inner_val_44b6_t90_p09_zero_annotation,inner_val,44b6_d29c9ab2,79.0,102.0,93.0,94.0,0.40625
5.0,Learned_UNet_N1,seq_inner_val_44b6_t90_p09_zero_annotation,inner_val,44b6_d29c9ab2,80.0,107.0,93.0,94.0,0.40625
5.0,Learned_UNet_N1,seq_inner_val_44b6_t90_p09_zero_annotation,inner_val,44b6_d29c9ab2,81.0,103.0,93.0,94.0,3.65625
5.0,Learned_UNet_N1,seq_inner_val_44b6_t90_p09_zero_annotation,inner_val,44b6_d29c9ab2,82.0,108.0,93.0,94.0,0.40625
5.0,Learned_UNet_N1,seq_inner_val_44b6_t90_p09_zero_annotation,inner_val,44b6_d29c9ab2,83.0,106.0,93.0,94.0,0.9084026158592896
5.0,Learned_UNet_N1,seq_inner_val_44b6_t90_p09_zero_annotation,inner_val,44b6_d29c9ab2,84.0,112.0,93.0,94.0,1.625
5.0,Learned_UNet_N1,seq_inner_val_44b6_t90_p09_zero_annotation,inner_val,44b6_d29c9ab2,85.0,109.0,93.0,94.0,0.9084026158592896
5.0,Learned_UNet_N1,seq_inner_val_44b6_t90_p09_zero_annotation,inner_val,44b6_d29c9ab2,87.0,115.0,93.0,94.0,1.8168052317185792
5.0,Learned_UNet_N1,seq_inner_val_44b6_t90_p09_zero_annotation,inner_val,44b6_d29c9ab2,88.0,122.0,93.0,94.0,3.25
5.0,Learned_UNet_N1,seq_inner_val_44b6_t90_p09_zero_annotation,inner_val,44b6_d29c9ab2,89.0,116.0,93.0,94.0,0.8125
5.0,Learned_UNet_N1,seq_inner_val_44b6_t90_p09_zero_annotation,inner_val,44b6_d29c9ab2,90.0,120.0,93.0,94.0,0.40625
5.0,Learned_UNet_N1,seq_inner_val_44b6_t90_p09_zero_annotation,inner_val,44b6_d29c9ab2,91.0,119.0,93.0,94.0,0.5745242597140698
5.0,Learned_UNet_N1,seq_inner_val_44b6_t90_p09_zero_annotation,inner_val,44b6_d29c9ab2,92.0,111.0,93.0,94.0,0.8125
5.0,Learned_UNet_N1,seq_inner_val_44b6_t90_p09_zero_annotation,inner_val,44b6_d29c9ab2,93.0,118.0,93.0,94.0,1.9902104160113323
5.0,Learned_UNet_N1,seq_inner_val_44b6_t90_p09_zero_annotation,inner_val,44b6_d29c9ab2,94.0,124.0,93.0,94.0,1.8168052317185792
5.0,Learned_UNet_N1,seq_inner_val_44b6_t90_p09_zero_annotation,inner_val,44b6_d29c9ab2,96.0,126.0,93.0,94.0,1.6750116604071745
5.0,Learned_UNet_N1,seq_inner_val_44b6_t90_p09_zero_annotation,inner_val,44b6_d29c9ab2,97.0,125.0,93.0,94.0,1.284675299443404
5.0,Learned_UNet_N1,seq_inner_val_44b6_t90_p09_zero_annotation,inner_val,44b6_d29c9ab2,100.0,123.0,93.0,94.0,0.9084026158592896
5.0,Learned_UNet_N1,seq_inner_val_44b6_t70_p10_zero_annotation,inner_val,44b6_d29c9ab2,0.0,16.0,70.0,71.0,0.40625
5.0,Learned_UNet_N1,seq_inner_val_44b6_t70_p10_zero_annotation,inner_val,44b6_d29c9ab2,1.0,17.0,70.0,71.0,0.8125
5.0,Learned_UNet_N1,seq_inner_val_44b6_t70_p10_zero_annotation,inner_val,44b6_d29c9ab2,2.0,20.0,70.0,71.0,0.5745242597140698
5.0,Learned_UNet_N1,seq_inner_val_44b6_t70_p10_zero_annotation,inner_val,44b6_d29c9ab2,3.0,18.0,70.0,71.0,3.300390601883359
5.0,Learned_UNet_N1,seq_inner_val_44b6_t70_p10_zero_annotation,inner_val,44b6_d29c9ab2,6.0,21.0,70.0,71.0,0.40625
5.0,Learned_UNet_N1,seq_inner_val_44b6_t70_p10_zero_annotation,inner_val,44b6_d29c9ab2,7.0,19.0,70.0,71.0,3.2752922102462856
5.0,Learned_UNet_N1,seq_inner_val_44b6_t70_p10_zero_annotation,inner_val,44b6_d29c9ab2,8.0,22.0,70.0,71.0,3.6336104634371584
5.0,Learned_UNet_N1,seq_inner_val_44b6_t70_p10_zero_annotation,inner_val,44b6_d29c9ab2,9.0,24.0,70.0,71.0,1.625
5.0,Learned_UNet_N1,seq_inner_val_44b6_t70_p10_zero_annotation,inner_val,44b6_d29c9ab2,10.0,23.0,70.0,71.0,4.942244555867304
5.0,Learned_UNet_N1,seq_inner_val_44b6_t70_p10_zero_annotation,inner_val,44b6_d29c9ab2,12.0,27.0,70.0,71.0,0.8125
5.0,Learned_UNet_N1,seq_inner_val_44b6_t70_p10_zero_annotation,inner_val,44b6_d29c9ab2,13.0,26.0,70.0,71.0,2.03125
5.0,Learned_UNet_N1,seq_inner_val_44b6_t70_p10_zero_annotation,inner_val,44b6_d29c9ab2,16.0,29.0,71.0,72.0,0.5745242597140698
5.0,Learned_UNet_N1,seq_inner_val_44b6_t70_p10_zero_annotation,inner_val,44b6_d29c9ab2,17.0,30.0,71.0,72.0,0.9084026158592896
5.0,Learned_UNet_N1,seq_inner_val_44b6_t70_p10_zero_annotation,inner_val,44b6_d29c9ab2,18.0,32.0,71.0,72.0,1.284675299443404
5.0,Learned_UNet_N1,seq_inner_val_44b6_t70_p10_zero_annotation,inner_val,44b6_d29c9ab2,19.0,31.0,71.0,72.0,1.284675299443404
5.0,Learned_UNet_N1,seq_inner_val_44b6_t70_p10_zero_annotation,inner_val,44b6_d29c9ab2,21.0,35.0,71.0,72.0,3.25
5.0,Learned_UNet_N1,seq_inner_val_44b6_t70_p10_zero_annotation,inner_val,44b6_d29c9ab2,23.0,33.0,71.0,72.0,1.6750116604071745
5.0,Learned_UNet_N1,seq_inner_val_44b6_t70_p10_zero_annotation,inner_val,44b6_d29c9ab2,24.0,36.0,71.0,72.0,3.6336104634371584
5.0,Learned_UNet_N1,seq_inner_val_44b6_t70_p10_zero_annotation,inner_val,44b6_d29c9ab2,27.0,39.0,71.0,72.0,1.625
5.0,Learned_UNet_N1,seq_inner_val_44b6_t70_p10_zero_annotation,inner_val,44b6_d29c9ab2,28.0,40.0,71.0,72.0,4.89189779763437
5.0,Learned_UNet_N1,seq_inner_val_44b6_t70_p10_zero_annotation,inner_val,44b6_d29c9ab2,29.0,42.0,72.0,73.0,3.2752922102462856
5.0,Learned_UNet_N1,seq_inner_val_44b6_t70_p10_zero_annotation,inner_val,44b6_d29c9ab2,30.0,43.0,72.0,73.0,0.0
5.0,Learned_UNet_N1,seq_inner_val_44b6_t70_p10_zero_annotation,inner_val,44b6_d29c9ab2,31.0,45.0,72.0,73.0,0.5745242597140698
5.0,Learned_UNet_N1,seq_inner_val_44b6_t70_p10_zero_annotation,inner_val,44b6_d29c9ab2,32.0,46.0,72.0,73.0,3.471001521535247
5.0,Learned_UNet_N1,seq_inner_val_44b6_t70_p10_zero_annotation,inner_val,44b6_d29c9ab2,33.0,48.0,72.0,73.0,1.625
5.0,Learned_UNet_N1,seq_inner_val_44b6_t70_p10_zero_annotation,inner_val,44b6_d29c9ab2,35.0,47.0,72.0,73.0,1.625
5.0,Learned_UNet_N1,seq_inner_val_44b6_t70_p10_zero_annotation,inner_val,44b6_d29c9ab2,39.0,51.0,72.0,73.0,3.471001521535247
5.0,Learned_UNet_N1,seq_inner_val_44b6_t70_p10_zero_annotation,inner_val,44b6_d29c9ab2,40.0,50.0,72.0,73.0,4.667457150312148
5.0,Learned_UNet_N1,seq_inner_val_44b6_t70_p10_zero_annotation,inner_val,44b6_d29c9ab2,41.0,52.0,72.0,73.0,1.1490485194281397
5.0,Learned_UNet_N1,seq_inner_val_44b6_t70_p10_zero_annotation,inner_val,44b6_d29c9ab2,42.0,53.0,73.0,74.0,0.40625
5.0,Learned_UNet_N1,seq_inner_val_44b6_t70_p10_zero_annotation,inner_val,44b6_d29c9ab2,43.0,54.0,73.0,74.0,0.0
5.0,Learned_UNet_N1,seq_inner_val_44b6_t70_p10_zero_annotation,inner_val,44b6_d29c9ab2,45.0,56.0,73.0,74.0,2.471122277933652
5.0,Learned_UNet_N1,seq_inner_val_44b6_t70_p10_zero_annotation,inner_val,44b6_d29c9ab2,46.0,57.0,73.0,74.0,1.284675299443404
5.0,Learned_UNet_N1,seq_inner_val_44b6_t70_p10_zero_annotation,inner_val,44b6_d29c9ab2,48.0,59.0,73.0,74.0,2.4375
5.0,Learned_UNet_N1,seq_inner_val_44b6_t70_p10_zero_annotation,inner_val,44b6_d29c9ab2,49.0,58.0,73.0,74.0,3.2752922102462856
5.0,Learned_UNet_N1,seq_inner_val_44b6_t70_p10_zero_annotation,inner_val,44b6_d29c9ab2,50.0,61.0,73.0,74.0,0.40625
5.0,Learned_UNet_N1,seq_inner_val_44b6_t70_p10_zero_annotation,inner_val,44b6_d29c9ab2,52.0,63.0,73.0,74.0,4.4502457797294745
5.0,Learned_UNet_N1,seq_held_out_val_6bba_t20_p01_crowded,held_out_val,6bba_43fea39d,0.0,10.0,20.0,21.0,1.21875
5.0,Learned_UNet_N1,seq_held_out_val_6bba_t20_p01_crowded,held_out_val,6bba_43fea39d,1.0,12.0,20.0,21.0,1.6750116604071745
5.0,Learned_UNet_N1,seq_held_out_val_6bba_t20_p01_crowded,held_out_val,6bba_43fea39d,2.0,17.0,20.0,21.0,3.300390601883359
5.0,Learned_UNet_N1,seq_held_out_val_6bba_t20_p01_crowded,held_out_val,6bba_43fea39d,3.0,13.0,20.0,21.0,2.0714766773970688
5.0,Learned_UNet_N1,seq_held_out_val_6bba_t20_p01_crowded,held_out_val,6bba_43fea39d,4.0,15.0,20.0,21.0,3.25
5.0,Learned_UNet_N1,seq_held_out_val_6bba_t20_p01_crowded,held_out_val,6bba_43fea39d,5.0,11.0,20.0,21.0,3.25
5.0,Learned_UNet_N1,seq_held_out_val_6bba_t20_p01_crowded,held_out_val,6bba_43fea39d,8.0,19.0,20.0,21.0,3.494694639736067
5.0,Learned_UNet_N1,seq_held_out_val_6bba_t20_p01_crowded,held_out_val,6bba_43fea39d,10.0,22.0,21.0,22.0,0.0
5.0,Learned_UNet_N1,seq_held_out_val_6bba_t20_p01_crowded,held_out_val,6bba_43fea39d,11.0,23.0,21.0,22.0,0.0
5.0,Learned_UNet_N1,seq_held_out_val_6bba_t20_p01_crowded,held_out_val,6bba_43fea39d,12.0,24.0,21.0,22.0,0.0
5.0,Learned_UNet_N1,seq_held_out_val_6bba_t20_p01_crowded,held_out_val,6bba_43fea39d,13.0,25.0,21.0,22.0,0.0
5.0,Learned_UNet_N1,seq_held_out_val_6bba_t20_p01_crowded,held_out_val,6bba_43fea39d,14.0,26.0,21.0,22.0,0.0
5.0,Learned_UNet_N1,seq_held_out_val_6bba_t20_p01_crowded,held_out_val,6bba_43fea39d,15.0,27.0,21.0,22.0,0.0
5.0,Learned_UNet_N1,seq_held_out_val_6bba_t20_p01_crowded,held_out_val,6bba_43fea39d,16.0,28.0,21.0,22.0,0.0
5.0,Learned_UNet_N1,seq_held_out_val_6bba_t20_p01_crowded,held_out_val,6bba_43fea39d,17.0,29.0,21.0,22.0,0.0
5.0,Learned_UNet_N1,seq_held_out_val_6bba_t20_p01_crowded,held_out_val,6bba_43fea39d,18.0,30.0,21.0,22.0,0.0
5.0,Learned_UNet_N1,seq_held_out_val_6bba_t20_p01_crowded,held_out_val,6bba_43fea39d,19.0,31.0,21.0,22.0,0.0
5.0,Learned_UNet_N1,seq_held_out_val_6bba_t20_p01_crowded,held_out_val,6bba_43fea39d,20.0,32.0,21.0,22.0,0.0
5.0,Learned_UNet_N1,seq_held_out_val_6bba_t20_p01_crowded,held_out_val,6bba_43fea39d,21.0,33.0,21.0,22.0,0.0
5.0,Learned_UNet_N1,seq_held_out_val_6bba_t20_p01_crowded,held_out_val,6bba_43fea39d,22.0,34.0,22.0,23.0,3.65625
5.0,Learned_UNet_N1,seq_held_out_val_6bba_t20_p01_crowded,held_out_val,6bba_43fea39d,27.0,40.0,22.0,23.0,2.03125
5.0,Learned_UNet_N1,seq_held_out_val_6bba_t20_p01_crowded,held_out_val,6bba_43fea39d,29.0,37.0,22.0,23.0,3.6787502123683256
5.0,Learned_UNet_N1,seq_held_out_val_6bba_t20_p01_crowded,held_out_val,6bba_43fea39d,32.0,36.0,22.0,23.0,2.0714766773970688
5.0,Learned_UNet_N1,seq_held_out_val_6bba_t20_p01_crowded,held_out_val,6bba_43fea39d,35.0,41.0,23.0,24.0,0.40625
5.0,Learned_UNet_N1,seq_held_out_val_6bba_t20_p01_crowded,held_out_val,6bba_43fea39d,36.0,42.0,23.0,24.0,3.25
5.0,Learned_UNet_N1,seq_held_out_val_6bba_t20_p01_crowded,held_out_val,6bba_43fea39d,37.0,44.0,23.0,24.0,3.350023320814349
5.0,Learned_UNet_N1,seq_held_out_val_6bba_t20_p01_crowded,held_out_val,6bba_43fea39d,38.0,43.0,23.0,24.0,0.5745242597140698
5.0,Learned_UNet_N1,seq_held_out_val_6bba_t20_p01_crowded,held_out_val,6bba_43fea39d,40.0,47.0,23.0,24.0,2.03125
5.0,Learned_UNet_N1,seq_held_out_val_6bba_t35_p02_crowded,held_out_val,6bba_43fea39d,0.0,9.0,35.0,36.0,3.65625
5.0,Learned_UNet_N1,seq_held_out_val_6bba_t35_p02_crowded,held_out_val,6bba_43fea39d,2.0,10.0,35.0,36.0,1.284675299443404
5.0,Learned_UNet_N1,seq_held_out_val_6bba_t35_p02_crowded,held_out_val,6bba_43fea39d,3.0,15.0,35.0,36.0,2.368824207280903
5.0,Learned_UNet_N1,seq_held_out_val_6bba_t35_p02_crowded,held_out_val,6bba_43fea39d,4.0,14.0,35.0,36.0,1.21875
5.0,Learned_UNet_N1,seq_held_out_val_6bba_t35_p02_crowded,held_out_val,6bba_43fea39d,5.0,13.0,35.0,36.0,3.447145558284419
5.0,Learned_UNet_N1,seq_held_out_val_6bba_t35_p02_crowded,held_out_val,6bba_43fea39d,8.0,16.0,35.0,36.0,3.5648292823780494
5.0,Learned_UNet_N1,seq_held_out_val_6bba_t35_p02_crowded,held_out_val,6bba_43fea39d,9.0,17.0,36.0,37.0,3.447145558284419
5.0,Learned_UNet_N1,seq_held_out_val_6bba_t35_p02_crowded,held_out_val,6bba_43fea39d,10.0,20.0,36.0,37.0,1.8168052317185792
5.0,Learned_UNet_N1,seq_held_out_val_6bba_t35_p02_crowded,held_out_val,6bba_43fea39d,11.0,18.0,36.0,37.0,1.8168052317185792
5.0,Learned_UNet_N1,seq_held_out_val_6bba_t35_p02_crowded,held_out_val,6bba_43fea39d,12.0,21.0,36.0,37.0,1.284675299443404
5.0,Learned_UNet_N1,seq_held_out_val_6bba_t35_p02_crowded,held_out_val,6bba_43fea39d,13.0,23.0,36.0,37.0,3.350023320814349
5.0,Learned_UNet_N1,seq_held_out_val_6bba_t35_p02_crowded,held_out_val,6bba_43fea39d,14.0,22.0,36.0,37.0,1.284675299443404
5.0,Learned_UNet_N1,seq_held_out_val_6bba_t35_p02_crowded,held_out_val,6bba_43fea39d,15.0,25.0,36.0,37.0,1.284675299443404
5.0,Learned_UNet_N1,seq_held_out_val_6bba_t35_p02_crowded,held_out_val,6bba_43fea39d,16.0,24.0,36.0,37.0,3.72334275215162
5.0,Learned_UNet_N1,seq_held_out_val_6bba_t35_p02_crowded,held_out_val,6bba_43fea39d,18.0,27.0,37.0,38.0,3.447145558284419
5.0,Learned_UNet_N1,seq_held_out_val_6bba_t35_p02_crowded,held_out_val,6bba_43fea39d,20.0,29.0,37.0,38.0,1.284675299443404
5.0,Learned_UNet_N1,seq_held_out_val_6bba_t35_p02_crowded,held_out_val,6bba_43fea39d,21.0,34.0,37.0,38.0,3.300390601883359
5.0,Learned_UNet_N1,seq_held_out_val_6bba_t35_p02_crowded,held_out_val,6bba_43fea39d,22.0,31.0,37.0,38.0,3.350023320814349
5.0,Learned_UNet_N1,seq_held_out_val_6bba_t35_p02_crowded,held_out_val,6bba_43fea39d,24.0,36.0,37.0,38.0,0.8125
5.0,Learned_UNet_N1,seq_held_out_val_6bba_t35_p02_crowded,held_out_val,6bba_43fea39d,27.0,42.0,38.0,39.0,4.737648414561806
5.0,Learned_UNet_N1,seq_held_out_val_6bba_t35_p02_crowded,held_out_val,6bba_43fea39d,31.0,41.0,38.0,39.0,3.72334275215162
5.0,Learned_UNet_N1,seq_held_out_val_6bba_t35_p02_crowded,held_out_val,6bba_43fea39d,34.0,39.0,38.0,39.0,4.0827619710803615
5.0,Learned_UNet_N1,seq_held_out_val_6bba_t50_p03_crowded,held_out_val,6bba_43fea39d,0.0,8.0,50.0,51.0,1.1490485194281397
5.0,Learned_UNet_N1,seq_held_out_val_6bba_t50_p03_crowded,held_out_val,6bba_43fea39d,1.0,10.0,50.0,51.0,3.300390601883359
5.0,Learned_UNet_N1,seq_held_out_val_6bba_t50_p03_crowded,held_out_val,6bba_43fea39d,6.0,15.0,50.0,51.0,3.6336104634371584
5.0,Learned_UNet_N1,seq_held_out_val_6bba_t50_p03_crowded,held_out_val,6bba_43fea39d,7.0,16.0,50.0,51.0,3.300390601883359
5.0,Learned_UNet_N1,seq_held_out_val_6bba_t50_p03_crowded,held_out_val,6bba_43fea39d,8.0,17.0,51.0,52.0,0.0
5.0,Learned_UNet_N1,seq_held_out_val_6bba_t50_p03_crowded,held_out_val,6bba_43fea39d,9.0,18.0,51.0,52.0,0.0
5.0,Learned_UNet_N1,seq_held_out_val_6bba_t50_p03_crowded,held_out_val,6bba_43fea39d,10.0,19.0,51.0,52.0,0.0
5.0,Learned_UNet_N1,seq_held_out_val_6bba_t50_p03_crowded,held_out_val,6bba_43fea39d,11.0,20.0,51.0,52.0,0.0
5.0,Learned_UNet_N1,seq_held_out_val_6bba_t50_p03_crowded,held_out_val,6bba_43fea39d,12.0,21.0,51.0,52.0,0.0
5.0,Learned_UNet_N1,seq_held_out_val_6bba_t50_p03_crowded,held_out_val,6bba_43fea39d,13.0,22.0,51.0,52.0,0.0
5.0,Learned_UNet_N1,seq_held_out_val_6bba_t50_p03_crowded,held_out_val,6bba_43fea39d,14.0,23.0,51.0,52.0,0.0
5.0,Learned_UNet_N1,seq_held_out_val_6bba_t50_p03_crowded,held_out_val,6bba_43fea39d,15.0,24.0,51.0,52.0,0.0
5.0,Learned_UNet_N1,seq_held_out_val_6bba_t50_p03_crowded,held_out_val,6bba_43fea39d,16.0,25.0,51.0,52.0,0.0
5.0,Learned_UNet_N1,seq_held_out_val_6bba_t50_p03_crowded,held_out_val,6bba_43fea39d,17.0,26.0,52.0,53.0,0.0
5.0,Learned_UNet_N1,seq_held_out_val_6bba_t50_p03_crowded,held_out_val,6bba_43fea39d,22.0,33.0,52.0,53.0,4.667457150312148
5.0,Learned_UNet_N1,seq_held_out_val_6bba_t50_p03_crowded,held_out_val,6bba_43fea39d,23.0,34.0,52.0,53.0,1.1490485194281397
5.0,Learned_UNet_N1,seq_held_out_val_6bba_t50_p03_crowded,held_out_val,6bba_43fea39d,26.0,36.0,53.0,54.0,1.1490485194281397
5.0,Learned_UNet_N1,seq_held_out_val_6bba_t50_p03_crowded,held_out_val,6bba_43fea39d,27.0,37.0,53.0,54.0,1.8168052317185792
5.0,Learned_UNet_N1,seq_held_out_val_6bba_t50_p03_crowded,held_out_val,6bba_43fea39d,28.0,40.0,53.0,54.0,2.9295104113144914
5.0,Learned_UNet_N1,seq_held_out_val_6bba_t50_p03_crowded,held_out_val,6bba_43fea39d,29.0,38.0,53.0,54.0,3.374565944310468
5.0,Learned_UNet_N1,seq_held_out_val_6bba_t50_p03_crowded,held_out_val,6bba_43fea39d,30.0,39.0,53.0,54.0,1.7235727791422095
5.0,Learned_UNet_N1,seq_held_out_val_6bba_t50_p03_crowded,held_out_val,6bba_43fea39d,32.0,42.0,53.0,54.0,2.0714766773970688
5.0,Learned_UNet_N1,seq_held_out_val_6bba_t50_p03_crowded,held_out_val,6bba_43fea39d,34.0,43.0,53.0,54.0,3.300390601883359
5.0,Learned_UNet_N1,seq_held_out_val_6bba_t50_p03_crowded,held_out_val,6bba_43fea39d,35.0,44.0,53.0,54.0,2.2980970388562794
5.0,Learned_UNet_N1,seq_held_out_val_6bba_t20_p04_crowded,held_out_val,6bba_43fea39d,0.0,7.0,20.0,21.0,0.9084026158592896
5.0,Learned_UNet_N1,seq_held_out_val_6bba_t20_p04_crowded,held_out_val,6bba_43fea39d,1.0,8.0,20.0,21.0,3.350023320814349
5.0,Learned_UNet_N1,seq_held_out_val_6bba_t20_p04_crowded,held_out_val,6bba_43fea39d,2.0,9.0,20.0,21.0,3.25
5.0,Learned_UNet_N1,seq_held_out_val_6bba_t20_p04_crowded,held_out_val,6bba_43fea39d,3.0,12.0,20.0,21.0,1.4647552056572457
5.0,Learned_UNet_N1,seq_held_out_val_6bba_t20_p04_crowded,held_out_val,6bba_43fea39d,4.0,10.0,20.0,21.0,3.25
5.0,Learned_UNet_N1,seq_held_out_val_6bba_t20_p04_crowded,held_out_val,6bba_43fea39d,5.0,11.0,20.0,21.0,3.374565944310468
5.0,Learned_UNet_N1,seq_held_out_val_6bba_t20_p04_crowded,held_out_val,6bba_43fea39d,7.0,13.0,21.0,22.0,0.0
5.0,Learned_UNet_N1,seq_held_out_val_6bba_t20_p04_crowded,held_out_val,6bba_43fea39d,8.0,14.0,21.0,22.0,0.0
5.0,Learned_UNet_N1,seq_held_out_val_6bba_t20_p04_crowded,held_out_val,6bba_43fea39d,9.0,15.0,21.0,22.0,0.0
5.0,Learned_UNet_N1,seq_held_out_val_6bba_t20_p04_crowded,held_out_val,6bba_43fea39d,10.0,16.0,21.0,22.0,0.0
5.0,Learned_UNet_N1,seq_held_out_val_6bba_t20_p04_crowded,held_out_val,6bba_43fea39d,11.0,17.0,21.0,22.0,0.0
5.0,Learned_UNet_N1,seq_held_out_val_6bba_t20_p04_crowded,held_out_val,6bba_43fea39d,12.0,18.0,21.0,22.0,0.0
5.0,Learned_UNet_N1,seq_held_out_val_6bba_t20_p04_crowded,held_out_val,6bba_43fea39d,16.0,21.0,22.0,23.0,1.8168052317185792
5.0,Learned_UNet_N1,seq_held_out_val_6bba_t20_p04_crowded,held_out_val,6bba_43fea39d,19.0,25.0,23.0,24.0,3.374565944310468
5.0,Learned_UNet_N1,seq_held_out_val_6bba_t20_p04_crowded,held_out_val,6bba_43fea39d,20.0,29.0,23.0,24.0,0.8125
5.0,Learned_UNet_N1,seq_held_out_val_6bba_t20_p04_crowded,held_out_val,6bba_43fea39d,21.0,28.0,23.0,24.0,3.374565944310468
5.0,Learned_UNet_N1,seq_held_out_val_6bba_t20_p04_crowded,held_out_val,6bba_43fea39d,22.0,26.0,23.0,24.0,3.374565944310468
5.0,Learned_UNet_N1,seq_held_out_val_6bba_t80_p05_isolated,held_out_val,6bba_43fea39d,0.0,8.0,80.0,81.0,0.8125
5.0,Learned_UNet_N1,seq_held_out_val_6bba_t80_p05_isolated,held_out_val,6bba_43fea39d,3.0,10.0,80.0,81.0,1.21875
5.0,Learned_UNet_N1,seq_held_out_val_6bba_t80_p05_isolated,held_out_val,6bba_43fea39d,6.0,14.0,80.0,81.0,2.2980970388562794
5.0,Learned_UNet_N1,seq_held_out_val_6bba_t80_p05_isolated,held_out_val,6bba_43fea39d,7.0,15.0,80.0,81.0,3.65625
5.0,Learned_UNet_N1,seq_held_out_val_6bba_t80_p05_isolated,held_out_val,6bba_43fea39d,8.0,17.0,81.0,82.0,0.40625
5.0,Learned_UNet_N1,seq_held_out_val_6bba_t80_p05_isolated,held_out_val,6bba_43fea39d,9.0,16.0,81.0,82.0,0.0
5.0,Learned_UNet_N1,seq_held_out_val_6bba_t80_p05_isolated,held_out_val,6bba_43fea39d,10.0,19.0,81.0,82.0,1.625
5.0,Learned_UNet_N1,seq_held_out_val_6bba_t80_p05_isolated,held_out_val,6bba_43fea39d,11.0,18.0,81.0,82.0,0.0
5.0,Learned_UNet_N1,seq_held_out_val_6bba_t80_p05_isolated,held_out_val,6bba_43fea39d,12.0,21.0,81.0,82.0,3.5648292823780494
5.0,Learned_UNet_N1,seq_held_out_val_6bba_t80_p05_isolated,held_out_val,6bba_43fea39d,13.0,23.0,81.0,82.0,3.040096626753827
5.0,Learned_UNet_N1,seq_held_out_val_6bba_t80_p05_isolated,held_out_val,6bba_43fea39d,14.0,20.0,81.0,82.0,1.625
5.0,Learned_UNet_N1,seq_held_out_val_6bba_t80_p05_isolated,held_out_val,6bba_43fea39d,15.0,22.0,81.0,82.0,1.8168052317185792
5.0,Learned_UNet_N1,seq_held_out_val_6bba_t80_p05_isolated,held_out_val,6bba_43fea39d,16.0,24.0,82.0,83.0,2.1877232028983924
5.0,Learned_UNet_N1,seq_held_out_val_6bba_t80_p05_isolated,held_out_val,6bba_43fea39d,17.0,25.0,82.0,83.0,0.5745242597140698
5.0,Learned_UNet_N1,seq_held_out_val_6bba_t80_p05_isolated,held_out_val,6bba_43fea39d,18.0,27.0,82.0,83.0,1.8168052317185792
5.0,Learned_UNet_N1,seq_held_out_val_6bba_t80_p05_isolated,held_out_val,6bba_43fea39d,22.0,26.0,82.0,83.0,1.6750116604071745
5.0,Learned_UNet_N1,seq_held_out_val_6bba_t80_p05_isolated,held_out_val,6bba_43fea39d,23.0,29.0,82.0,83.0,4.182599744775969
5.0,Learned_UNet_N1,seq_held_out_val_6bba_t80_p05_isolated,held_out_val,6bba_43fea39d,24.0,30.0,83.0,84.0,0.5745242597140698
5.0,Learned_UNet_N1,seq_held_out_val_6bba_t80_p05_isolated,held_out_val,6bba_43fea39d,25.0,33.0,83.0,84.0,3.350023320814349
5.0,Learned_UNet_N1,seq_held_out_val_6bba_t80_p05_isolated,held_out_val,6bba_43fea39d,26.0,31.0,83.0,84.0,3.300390601883359
5.0,Learned_UNet_N1,seq_held_out_val_6bba_t80_p05_isolated,held_out_val,6bba_43fea39d,27.0,34.0,83.0,84.0,0.5745242597140698
5.0,Learned_UNet_N1,seq_held_out_val_6bba_t80_p05_isolated,held_out_val,6bba_43fea39d,29.0,36.0,83.0,84.0,1.7235727791422095
5.0,Learned_UNet_N1,seq_held_out_val_6bba_t35_p06_isolated,held_out_val,6bba_43fea39d,1.0,12.0,35.0,36.0,3.2752922102462856
5.0,Learned_UNet_N1,seq_held_out_val_6bba_t35_p06_isolated,held_out_val,6bba_43fea39d,4.0,20.0,35.0,36.0,2.368824207280903
5.0,Learned_UNet_N1,seq_held_out_val_6bba_t35_p06_isolated,held_out_val,6bba_43fea39d,6.0,16.0,35.0,36.0,4.487177913232324
5.0,Learned_UNet_N1,seq_held_out_val_6bba_t35_p06_isolated,held_out_val,6bba_43fea39d,12.0,26.0,36.0,37.0,0.8125
5.0,Learned_UNet_N1,seq_held_out_val_6bba_t35_p06_isolated,held_out_val,6bba_43fea39d,13.0,22.0,36.0,37.0,0.5745242597140698
5.0,Learned_UNet_N1,seq_held_out_val_6bba_t35_p06_isolated,held_out_val,6bba_43fea39d,14.0,24.0,36.0,37.0,2.1877232028983924
5.0,Learned_UNet_N1,seq_held_out_val_6bba_t35_p06_isolated,held_out_val,6bba_43fea39d,15.0,31.0,36.0,37.0,0.8125
5.0,Learned_UNet_N1,seq_held_out_val_6bba_t35_p06_isolated,held_out_val,6bba_43fea39d,16.0,27.0,36.0,37.0,3.25
5.0,Learned_UNet_N1,seq_held_out_val_6bba_t35_p06_isolated,held_out_val,6bba_43fea39d,17.0,25.0,36.0,37.0,3.6336104634371584
5.0,Learned_UNet_N1,seq_held_out_val_6bba_t35_p06_isolated,held_out_val,6bba_43fea39d,18.0,28.0,36.0,37.0,0.5745242597140698
5.0,Learned_UNet_N1,seq_held_out_val_6bba_t35_p06_isolated,held_out_val,6bba_43fea39d,20.0,30.0,36.0,37.0,3.300390601883359
5.0,Learned_UNet_N1,seq_held_out_val_6bba_t35_p06_isolated,held_out_val,6bba_43fea39d,21.0,32.0,37.0,38.0,3.25
5.0,Learned_UNet_N1,seq_held_out_val_6bba_t35_p06_isolated,held_out_val,6bba_43fea39d,23.0,35.0,37.0,38.0,3.2752922102462856
5.0,Learned_UNet_N1,seq_held_out_val_6bba_t35_p06_isolated,held_out_val,6bba_43fea39d,24.0,34.0,37.0,38.0,3.2752922102462856
5.0,Learned_UNet_N1,seq_held_out_val_6bba_t35_p06_isolated,held_out_val,6bba_43fea39d,25.0,36.0,37.0,38.0,3.5648292823780494
5.0,Learned_UNet_N1,seq_held_out_val_6bba_t35_p06_isolated,held_out_val,6bba_43fea39d,27.0,39.0,37.0,38.0,1.284675299443404
5.0,Learned_UNet_N1,seq_held_out_val_6bba_t35_p06_isolated,held_out_val,6bba_43fea39d,28.0,38.0,37.0,38.0,0.5745242597140698
5.0,Learned_UNet_N1,seq_held_out_val_6bba_t35_p06_isolated,held_out_val,6bba_43fea39d,29.0,37.0,37.0,38.0,0.9084026158592896
5.0,Learned_UNet_N1,seq_held_out_val_6bba_t35_p06_isolated,held_out_val,6bba_43fea39d,30.0,40.0,37.0,38.0,3.6336104634371584
5.0,Learned_UNet_N1,seq_held_out_val_6bba_t35_p06_isolated,held_out_val,6bba_43fea39d,31.0,41.0,37.0,38.0,3.25
5.0,Learned_UNet_N1,seq_held_out_val_6bba_t35_p06_isolated,held_out_val,6bba_43fea39d,32.0,43.0,38.0,39.0,3.374565944310468
5.0,Learned_UNet_N1,seq_held_out_val_6bba_t35_p06_isolated,held_out_val,6bba_43fea39d,35.0,48.0,38.0,39.0,3.2752922102462856
5.0,Learned_UNet_N1,seq_held_out_val_6bba_t35_p06_isolated,held_out_val,6bba_43fea39d,36.0,47.0,38.0,39.0,3.374565944310468
5.0,Learned_UNet_N1,seq_held_out_val_6bba_t35_p06_isolated,held_out_val,6bba_43fea39d,37.0,44.0,38.0,39.0,2.03125
5.0,Learned_UNet_N1,seq_held_out_val_6bba_t35_p06_isolated,held_out_val,6bba_43fea39d,38.0,50.0,38.0,39.0,3.2752922102462856
5.0,Learned_UNet_N1,seq_held_out_val_6bba_t35_p06_isolated,held_out_val,6bba_43fea39d,41.0,52.0,38.0,39.0,3.300390601883359
5.0,Learned_UNet_N1,seq_held_out_val_6bba_t35_p07_isolated,held_out_val,6bba_43fea39d,2.0,10.0,35.0,36.0,3.72334275215162
5.0,Learned_UNet_N1,seq_held_out_val_6bba_t35_p07_isolated,held_out_val,6bba_43fea39d,5.0,11.0,35.0,36.0,4.5420130792964475
5.0,Learned_UNet_N1,seq_held_out_val_6bba_t35_p07_isolated,held_out_val,6bba_43fea39d,6.0,12.0,35.0,36.0,1.8168052317185792
5.0,Learned_UNet_N1,seq_held_out_val_6bba_t35_p07_isolated,held_out_val,6bba_43fea39d,9.0,16.0,36.0,37.0,3.6787502123683256
5.0,Learned_UNet_N1,seq_held_out_val_6bba_t35_p07_isolated,held_out_val,6bba_43fea39d,11.0,18.0,36.0,37.0,3.350023320814349
5.0,Learned_UNet_N1,seq_held_out_val_6bba_t35_p07_isolated,held_out_val,6bba_43fea39d,12.0,15.0,36.0,37.0,3.6787502123683256
5.0,Learned_UNet_N1,seq_held_out_val_6bba_t35_p07_isolated,held_out_val,6bba_43fea39d,13.0,20.0,37.0,38.0,3.6336104634371584
5.0,Learned_UNet_N1,seq_held_out_val_6bba_t35_p07_isolated,held_out_val,6bba_43fea39d,14.0,23.0,37.0,38.0,3.350023320814349
5.0,Learned_UNet_N1,seq_held_out_val_6bba_t35_p07_isolated,held_out_val,6bba_43fea39d,15.0,24.0,37.0,38.0,3.447145558284419
5.0,Learned_UNet_N1,seq_held_out_val_6bba_t35_p07_isolated,held_out_val,6bba_43fea39d,16.0,21.0,37.0,38.0,3.6336104634371584
5.0,Learned_UNet_N1,seq_held_out_val_6bba_t35_p07_isolated,held_out_val,6bba_43fea39d,17.0,26.0,37.0,38.0,3.350023320814349
5.0,Learned_UNet_N1,seq_held_out_val_6bba_t35_p07_isolated,held_out_val,6bba_43fea39d,18.0,29.0,37.0,38.0,3.72334275215162
5.0,Learned_UNet_N1,seq_held_out_val_6bba_t35_p07_isolated,held_out_val,6bba_43fea39d,19.0,22.0,37.0,38.0,3.300390601883359
5.0,Learned_UNet_N1,seq_held_out_val_6bba_t35_p07_isolated,held_out_val,6bba_43fea39d,20.0,30.0,38.0,39.0,2.0714766773970688
5.0,Learned_UNet_N1,seq_held_out_val_6bba_t35_p07_isolated,held_out_val,6bba_43fea39d,22.0,36.0,38.0,39.0,3.494694639736067
5.0,Learned_UNet_N1,seq_held_out_val_6bba_t35_p07_isolated,held_out_val,6bba_43fea39d,28.0,37.0,38.0,39.0,3.5648292823780494
5.0,Learned_UNet_N1,seq_held_out_val_6bba_t80_p08_isolated,held_out_val,6bba_43fea39d,0.0,8.0,80.0,81.0,0.9084026158592896
5.0,Learned_UNet_N1,seq_held_out_val_6bba_t80_p08_isolated,held_out_val,6bba_43fea39d,1.0,11.0,80.0,81.0,0.9084026158592896
5.0,Learned_UNet_N1,seq_held_out_val_6bba_t80_p08_isolated,held_out_val,6bba_43fea39d,3.0,10.0,80.0,81.0,3.374565944310468
5.0,Learned_UNet_N1,seq_held_out_val_6bba_t80_p08_isolated,held_out_val,6bba_43fea39d,4.0,9.0,80.0,81.0,2.0714766773970688
5.0,Learned_UNet_N1,seq_held_out_val_6bba_t80_p08_isolated,held_out_val,6bba_43fea39d,6.0,13.0,80.0,81.0,4.375446405796785
5.0,Learned_UNet_N1,seq_held_out_val_6bba_t80_p08_isolated,held_out_val,6bba_43fea39d,7.0,14.0,80.0,81.0,0.5745242597140698
5.0,Learned_UNet_N1,seq_held_out_val_6bba_t80_p08_isolated,held_out_val,6bba_43fea39d,8.0,15.0,81.0,82.0,0.40625
5.0,Learned_UNet_N1,seq_held_out_val_6bba_t80_p08_isolated,held_out_val,6bba_43fea39d,9.0,18.0,81.0,82.0,3.8540258983302125
5.0,Learned_UNet_N1,seq_held_out_val_6bba_t80_p08_isolated,held_out_val,6bba_43fea39d,10.0,16.0,81.0,82.0,3.350023320814349
5.0,Learned_UNet_N1,seq_held_out_val_6bba_t80_p08_isolated,held_out_val,6bba_43fea39d,12.0,20.0,81.0,82.0,3.494694639736067
5.0,Learned_UNet_N1,seq_held_out_val_6bba_t80_p08_isolated,held_out_val,6bba_43fea39d,13.0,19.0,81.0,82.0,3.6787502123683256
5.0,Learned_UNet_N1,seq_held_out_val_6bba_t80_p08_isolated,held_out_val,6bba_43fea39d,15.0,21.0,82.0,83.0,1.21875
5.0,Learned_UNet_N1,seq_held_out_val_6bba_t80_p08_isolated,held_out_val,6bba_43fea39d,16.0,22.0,82.0,83.0,0.5745242597140698
5.0,Learned_UNet_N1,seq_held_out_val_6bba_t80_p08_isolated,held_out_val,6bba_43fea39d,17.0,23.0,82.0,83.0,3.374565944310468
5.0,Learned_UNet_N1,seq_held_out_val_6bba_t80_p08_isolated,held_out_val,6bba_43fea39d,18.0,25.0,82.0,83.0,0.0
5.0,Learned_UNet_N1,seq_held_out_val_6bba_t80_p08_isolated,held_out_val,6bba_43fea39d,19.0,27.0,82.0,83.0,2.0714766773970688
5.0,Learned_UNet_N1,seq_held_out_val_6bba_t80_p08_isolated,held_out_val,6bba_43fea39d,22.0,34.0,83.0,84.0,0.8125
5.0,Learned_UNet_N1,seq_held_out_val_6bba_t80_p08_isolated,held_out_val,6bba_43fea39d,23.0,31.0,83.0,84.0,0.9084026158592896
5.0,Learned_UNet_N1,seq_held_out_val_6bba_t80_p08_isolated,held_out_val,6bba_43fea39d,25.0,30.0,83.0,84.0,0.0
5.0,Learned_UNet_N1,seq_held_out_val_6bba_t80_p08_isolated,held_out_val,6bba_43fea39d,26.0,36.0,83.0,84.0,2.4375
5.0,Learned_UNet_N1,seq_held_out_val_6bba_t80_p08_isolated,held_out_val,6bba_43fea39d,28.0,35.0,83.0,84.0,3.374565944310468
5.0,Learned_UNet_N1,seq_held_out_val_6bba_t20_p09_boundary,held_out_val,6bba_43fea39d,0.0,5.0,20.0,21.0,3.25
5.0,Learned_UNet_N1,seq_held_out_val_6bba_t20_p09_boundary,held_out_val,6bba_43fea39d,1.0,6.0,20.0,21.0,0.8125
5.0,Learned_UNet_N1,seq_held_out_val_6bba_t20_p09_boundary,held_out_val,6bba_43fea39d,2.0,8.0,20.0,21.0,3.8540258983302125
5.0,Learned_UNet_N1,seq_held_out_val_6bba_t20_p09_boundary,held_out_val,6bba_43fea39d,3.0,11.0,20.0,21.0,0.9084026158592896
5.0,Learned_UNet_N1,seq_held_out_val_6bba_t20_p09_boundary,held_out_val,6bba_43fea39d,5.0,12.0,21.0,22.0,0.0
5.0,Learned_UNet_N1,seq_held_out_val_6bba_t20_p09_boundary,held_out_val,6bba_43fea39d,6.0,13.0,21.0,22.0,0.0
5.0,Learned_UNet_N1,seq_held_out_val_6bba_t20_p09_boundary,held_out_val,6bba_43fea39d,7.0,14.0,21.0,22.0,0.0
5.0,Learned_UNet_N1,seq_held_out_val_6bba_t20_p09_boundary,held_out_val,6bba_43fea39d,8.0,15.0,21.0,22.0,0.0
5.0,Learned_UNet_N1,seq_held_out_val_6bba_t20_p09_boundary,held_out_val,6bba_43fea39d,9.0,16.0,21.0,22.0,0.0
5.0,Learned_UNet_N1,seq_held_out_val_6bba_t20_p09_boundary,held_out_val,6bba_43fea39d,10.0,17.0,21.0,22.0,0.0
5.0,Learned_UNet_N1,seq_held_out_val_6bba_t20_p09_boundary,held_out_val,6bba_43fea39d,11.0,18.0,21.0,22.0,0.0
5.0,Learned_UNet_N1,seq_held_out_val_6bba_t20_p09_boundary,held_out_val,6bba_43fea39d,20.0,24.0,23.0,24.0,3.2752922102462856
5.0,Learned_UNet_N1,seq_held_out_val_6bba_t20_p09_boundary,held_out_val,6bba_43fea39d,21.0,26.0,23.0,24.0,3.350023320814349
5.0,Learned_UNet_N1,seq_held_out_val_6bba_t20_p09_boundary,held_out_val,6bba_43fea39d,22.0,25.0,23.0,24.0,1.284675299443404
5.0,Learned_UNet_N1,seq_held_out_val_6bba_t50_p10_boundary,held_out_val,6bba_43fea39d,0.0,7.0,50.0,51.0,3.0671202393287422
5.0,Learned_UNet_N1,seq_held_out_val_6bba_t50_p10_boundary,held_out_val,6bba_43fea39d,2.0,4.0,50.0,51.0,3.447145558284419
5.0,Learned_UNet_N1,seq_held_out_val_6bba_t50_p10_boundary,held_out_val,6bba_43fea39d,4.0,8.0,51.0,52.0,0.0
5.0,Learned_UNet_N1,seq_held_out_val_6bba_t50_p10_boundary,held_out_val,6bba_43fea39d,5.0,9.0,51.0,52.0,0.0
5.0,Learned_UNet_N1,seq_held_out_val_6bba_t50_p10_boundary,held_out_val,6bba_43fea39d,6.0,10.0,51.0,52.0,0.0
5.0,Learned_UNet_N1,seq_held_out_val_6bba_t50_p10_boundary,held_out_val,6bba_43fea39d,7.0,11.0,51.0,52.0,0.0
5.0,Learned_UNet_N1,seq_held_out_val_6bba_t50_p10_boundary,held_out_val,6bba_43fea39d,8.0,13.0,52.0,53.0,4.1429533547941375
5.0,Learned_UNet_N1,seq_held_out_val_6bba_t50_p10_boundary,held_out_val,6bba_43fea39d,10.0,15.0,52.0,53.0,2.4375
5.0,Learned_UNet_N1,seq_held_out_val_6bba_t50_p10_boundary,held_out_val,6bba_43fea39d,11.0,16.0,52.0,53.0,4.5420130792964475
5.0,Learned_UNet_N1,seq_held_out_val_6bba_t50_p10_boundary,held_out_val,6bba_43fea39d,12.0,18.0,53.0,54.0,0.8125
5.0,Learned_UNet_N1,seq_held_out_val_6bba_t50_p10_boundary,held_out_val,6bba_43fea39d,13.0,19.0,53.0,54.0,0.0
5.0,Learned_UNet_N1,seq_held_out_val_6bba_t50_p10_boundary,held_out_val,6bba_43fea39d,14.0,20.0,53.0,54.0,1.8168052317185792
5.0,Learned_UNet_N1,seq_held_out_val_6bba_t35_p11_zero_annotation,held_out_val,6bba_43fea39d,1.0,25.0,35.0,36.0,1.7235727791422095
5.0,Learned_UNet_N1,seq_held_out_val_6bba_t35_p11_zero_annotation,held_out_val,6bba_43fea39d,2.0,32.0,35.0,36.0,3.2752922102462856
5.0,Learned_UNet_N1,seq_held_out_val_6bba_t35_p11_zero_annotation,held_out_val,6bba_43fea39d,4.0,28.0,35.0,36.0,4.908737426772795
5.0,Learned_UNet_N1,seq_held_out_val_6bba_t35_p11_zero_annotation,held_out_val,6bba_43fea39d,5.0,34.0,35.0,36.0,4.596194077712559
5.0,Learned_UNet_N1,seq_held_out_val_6bba_t35_p11_zero_annotation,held_out_val,6bba_43fea39d,8.0,30.0,35.0,36.0,4.487177913232324
5.0,Learned_UNet_N1,seq_held_out_val_6bba_t35_p11_zero_annotation,held_out_val,6bba_43fea39d,10.0,42.0,35.0,36.0,3.1729139308370784
5.0,Learned_UNet_N1,seq_held_out_val_6bba_t35_p11_zero_annotation,held_out_val,6bba_43fea39d,11.0,26.0,35.0,36.0,3.2752922102462856
5.0,Learned_UNet_N1,seq_held_out_val_6bba_t35_p11_zero_annotation,held_out_val,6bba_43fea39d,14.0,36.0,35.0,36.0,4.33756303988772
5.0,Learned_UNet_N1,seq_held_out_val_6bba_t35_p11_zero_annotation,held_out_val,6bba_43fea39d,17.0,43.0,35.0,36.0,4.958913218891817
5.0,Learned_UNet_N1,seq_held_out_val_6bba_t35_p11_zero_annotation,held_out_val,6bba_43fea39d,20.0,41.0,35.0,36.0,1.8168052317185792
5.0,Learned_UNet_N1,seq_held_out_val_6bba_t35_p11_zero_annotation,held_out_val,6bba_43fea39d,21.0,40.0,35.0,36.0,2.6012692214570947
5.0,Learned_UNet_N1,seq_held_out_val_6bba_t35_p11_zero_annotation,held_out_val,6bba_43fea39d,22.0,45.0,36.0,37.0,3.300390601883359
5.0,Learned_UNet_N1,seq_held_out_val_6bba_t35_p11_zero_annotation,held_out_val,6bba_43fea39d,25.0,46.0,36.0,37.0,0.5745242597140698
5.0,Learned_UNet_N1,seq_held_out_val_6bba_t35_p11_zero_annotation,held_out_val,6bba_43fea39d,26.0,47.0,36.0,37.0,3.300390601883359
5.0,Learned_UNet_N1,seq_held_out_val_6bba_t35_p11_zero_annotation,held_out_val,6bba_43fea39d,27.0,50.0,36.0,37.0,3.494694639736067
5.0,Learned_UNet_N1,seq_held_out_val_6bba_t35_p11_zero_annotation,held_out_val,6bba_43fea39d,30.0,48.0,36.0,37.0,2.333728575156074
5.0,Learned_UNet_N1,seq_held_out_val_6bba_t35_p11_zero_annotation,held_out_val,6bba_43fea39d,32.0,55.0,36.0,37.0,4.89189779763437
5.0,Learned_UNet_N1,seq_held_out_val_6bba_t35_p11_zero_annotation,held_out_val,6bba_43fea39d,33.0,51.0,36.0,37.0,3.5648292823780494
5.0,Learned_UNet_N1,seq_held_out_val_6bba_t35_p11_zero_annotation,held_out_val,6bba_43fea39d,35.0,58.0,36.0,37.0,1.625
5.0,Learned_UNet_N1,seq_held_out_val_6bba_t35_p11_zero_annotation,held_out_val,6bba_43fea39d,38.0,57.0,36.0,37.0,2.2980970388562794
5.0,Learned_UNet_N1,seq_held_out_val_6bba_t35_p11_zero_annotation,held_out_val,6bba_43fea39d,41.0,53.0,36.0,37.0,4.958913218891817
5.0,Learned_UNet_N1,seq_held_out_val_6bba_t35_p11_zero_annotation,held_out_val,6bba_43fea39d,45.0,63.0,37.0,38.0,1.625
5.0,Learned_UNet_N1,seq_held_out_val_6bba_t35_p11_zero_annotation,held_out_val,6bba_43fea39d,47.0,66.0,37.0,38.0,0.0
5.0,Learned_UNet_N1,seq_held_out_val_6bba_t35_p11_zero_annotation,held_out_val,6bba_43fea39d,48.0,74.0,37.0,38.0,4.375446405796785
5.0,Learned_UNet_N1,seq_held_out_val_6bba_t35_p11_zero_annotation,held_out_val,6bba_43fea39d,49.0,71.0,37.0,38.0,3.8540258983302125
5.0,Learned_UNet_N1,seq_held_out_val_6bba_t35_p11_zero_annotation,held_out_val,6bba_43fea39d,50.0,73.0,37.0,38.0,2.8726212985703494
5.0,Learned_UNet_N1,seq_held_out_val_6bba_t35_p11_zero_annotation,held_out_val,6bba_43fea39d,52.0,67.0,37.0,38.0,3.65625
5.0,Learned_UNet_N1,seq_held_out_val_6bba_t35_p11_zero_annotation,held_out_val,6bba_43fea39d,53.0,88.0,37.0,38.0,1.9902104160113323
5.0,Learned_UNet_N1,seq_held_out_val_6bba_t35_p11_zero_annotation,held_out_val,6bba_43fea39d,54.0,64.0,37.0,38.0,3.25
5.0,Learned_UNet_N1,seq_held_out_val_6bba_t35_p11_zero_annotation,held_out_val,6bba_43fea39d,57.0,82.0,37.0,38.0,3.6336104634371584
5.0,Learned_UNet_N1,seq_held_out_val_6bba_t35_p11_zero_annotation,held_out_val,6bba_43fea39d,59.0,69.0,37.0,38.0,4.0827619710803615
5.0,Learned_UNet_N1,seq_held_out_val_6bba_t35_p11_zero_annotation,held_out_val,6bba_43fea39d,60.0,65.0,37.0,38.0,3.1729139308370784
5.0,Learned_UNet_N1,seq_held_out_val_6bba_t35_p11_zero_annotation,held_out_val,6bba_43fea39d,63.0,90.0,38.0,39.0,3.2752922102462856
5.0,Learned_UNet_N1,seq_held_out_val_6bba_t35_p11_zero_annotation,held_out_val,6bba_43fea39d,64.0,117.0,38.0,39.0,1.8168052317185792
5.0,Learned_UNet_N1,seq_held_out_val_6bba_t35_p11_zero_annotation,held_out_val,6bba_43fea39d,67.0,97.0,38.0,39.0,3.8540258983302125
5.0,Learned_UNet_N1,seq_held_out_val_6bba_t35_p11_zero_annotation,held_out_val,6bba_43fea39d,68.0,93.0,38.0,39.0,1.7235727791422095
5.0,Learned_UNet_N1,seq_held_out_val_6bba_t35_p11_zero_annotation,held_out_val,6bba_43fea39d,70.0,100.0,38.0,39.0,1.21875
5.0,Learned_UNet_N1,seq_held_out_val_6bba_t35_p11_zero_annotation,held_out_val,6bba_43fea39d,73.0,116.0,38.0,39.0,2.6012692214570947
5.0,Learned_UNet_N1,seq_held_out_val_6bba_t35_p11_zero_annotation,held_out_val,6bba_43fea39d,75.0,109.0,38.0,39.0,2.0714766773970688
5.0,Learned_UNet_N1,seq_held_out_val_6bba_t35_p11_zero_annotation,held_out_val,6bba_43fea39d,76.0,108.0,38.0,39.0,2.7252078475778685
5.0,Learned_UNet_N1,seq_held_out_val_6bba_t35_p11_zero_annotation,held_out_val,6bba_43fea39d,77.0,89.0,38.0,39.0,1.8168052317185792
5.0,Learned_UNet_N1,seq_held_out_val_6bba_t35_p11_zero_annotation,held_out_val,6bba_43fea39d,83.0,115.0,38.0,39.0,4.33756303988772
5.0,Learned_UNet_N1,seq_held_out_val_6bba_t35_p11_zero_annotation,held_out_val,6bba_43fea39d,84.0,104.0,38.0,39.0,3.8540258983302125
5.0,Learned_UNet_N1,seq_held_out_val_6bba_t35_p11_zero_annotation,held_out_val,6bba_43fea39d,86.0,102.0,38.0,39.0,4.908737426772795
5.0,Learned_UNet_N1,seq_held_out_val_6bba_t35_p11_zero_annotation,held_out_val,6bba_43fea39d,87.0,110.0,38.0,39.0,2.4375
5.0,Learned_UNet_N1,seq_held_out_val_6bba_t65_p12_zero_annotation,held_out_val,6bba_43fea39d,0.0,14.0,65.0,66.0,3.2752922102462856
5.0,Learned_UNet_N1,seq_held_out_val_6bba_t65_p12_zero_annotation,held_out_val,6bba_43fea39d,1.0,13.0,65.0,66.0,0.40625
5.0,Learned_UNet_N1,seq_held_out_val_6bba_t65_p12_zero_annotation,held_out_val,6bba_43fea39d,2.0,15.0,65.0,66.0,4.958913218891817
5.0,Learned_UNet_N1,seq_held_out_val_6bba_t65_p12_zero_annotation,held_out_val,6bba_43fea39d,3.0,18.0,65.0,66.0,3.7454399357752353
5.0,Learned_UNet_N1,seq_held_out_val_6bba_t65_p12_zero_annotation,held_out_val,6bba_43fea39d,5.0,16.0,65.0,66.0,1.86167137607581
5.0,Learned_UNet_N1,seq_held_out_val_6bba_t65_p12_zero_annotation,held_out_val,6bba_43fea39d,7.0,19.0,65.0,66.0,0.5745242597140698
5.0,Learned_UNet_N1,seq_held_out_val_6bba_t65_p12_zero_annotation,held_out_val,6bba_43fea39d,13.0,22.0,66.0,67.0,0.40625
5.0,Learned_UNet_N1,seq_held_out_val_6bba_t65_p12_zero_annotation,held_out_val,6bba_43fea39d,14.0,23.0,66.0,67.0,3.25
5.0,Learned_UNet_N1,seq_held_out_val_6bba_t65_p12_zero_annotation,held_out_val,6bba_43fea39d,17.0,24.0,66.0,67.0,3.300390601883359
5.0,Learned_UNet_N1,seq_held_out_val_6bba_t65_p12_zero_annotation,held_out_val,6bba_43fea39d,19.0,26.0,66.0,67.0,1.7235727791422095
5.0,Learned_UNet_N1,seq_held_out_val_6bba_t65_p12_zero_annotation,held_out_val,6bba_43fea39d,22.0,31.0,67.0,68.0,1.7235727791422095
5.0,Learned_UNet_N1,seq_held_out_val_6bba_t65_p12_zero_annotation,held_out_val,6bba_43fea39d,24.0,34.0,67.0,68.0,1.284675299443404
5.0,Learned_UNet_N1,seq_held_out_val_6bba_t65_p12_zero_annotation,held_out_val,6bba_43fea39d,28.0,33.0,67.0,68.0,4.908737426772795
5.0,Learned_UNet_N1,seq_held_out_val_6bba_t65_p12_zero_annotation,held_out_val,6bba_43fea39d,30.0,41.0,67.0,68.0,3.040096626753827
5.0,Learned_UNet_N1,seq_held_out_val_6bba_t65_p12_zero_annotation,held_out_val,6bba_43fea39d,31.0,42.0,68.0,69.0,0.0
5.0,Learned_UNet_N1,seq_held_out_val_6bba_t65_p12_zero_annotation,held_out_val,6bba_43fea39d,32.0,43.0,68.0,69.0,0.0
5.0,Learned_UNet_N1,seq_held_out_val_6bba_t65_p12_zero_annotation,held_out_val,6bba_43fea39d,33.0,44.0,68.0,69.0,0.0
5.0,Learned_UNet_N1,seq_held_out_val_6bba_t65_p12_zero_annotation,held_out_val,6bba_43fea39d,34.0,45.0,68.0,69.0,0.0
5.0,Learned_UNet_N1,seq_held_out_val_6bba_t65_p12_zero_annotation,held_out_val,6bba_43fea39d,35.0,46.0,68.0,69.0,0.0
5.0,Learned_UNet_N1,seq_held_out_val_6bba_t65_p12_zero_annotation,held_out_val,6bba_43fea39d,36.0,47.0,68.0,69.0,0.0
5.0,Learned_UNet_N1,seq_held_out_val_6bba_t65_p12_zero_annotation,held_out_val,6bba_43fea39d,37.0,48.0,68.0,69.0,0.0
5.0,Learned_UNet_N1,seq_held_out_val_6bba_t65_p12_zero_annotation,held_out_val,6bba_43fea39d,38.0,49.0,68.0,69.0,0.0
5.0,Learned_UNet_N1,seq_held_out_val_6bba_t65_p12_zero_annotation,held_out_val,6bba_43fea39d,39.0,50.0,68.0,69.0,0.0
5.0,Learned_UNet_N1,seq_held_out_val_6bba_t65_p12_zero_annotation,held_out_val,6bba_43fea39d,40.0,51.0,68.0,69.0,0.0
5.0,Learned_UNet_N1,seq_held_out_val_6bba_t65_p12_zero_annotation,held_out_val,6bba_43fea39d,41.0,52.0,68.0,69.0,0.0
5.0,Learned_UNet_N1,seq_train_44b6_t40_p01_crowded,train,44b6_d29c9ab2,0.0,21.0,40.0,41.0,1.1490485194281397
5.0,Learned_UNet_N1,seq_train_44b6_t40_p01_crowded,train,44b6_d29c9ab2,1.0,23.0,40.0,41.0,1.4647552056572457
5.0,Learned_UNet_N1,seq_train_44b6_t40_p01_crowded,train,44b6_d29c9ab2,2.0,28.0,40.0,41.0,1.625
5.0,Learned_UNet_N1,seq_train_44b6_t40_p01_crowded,train,44b6_d29c9ab2,3.0,27.0,40.0,41.0,0.40625
5.0,Learned_UNet_N1,seq_train_44b6_t40_p01_crowded,train,44b6_d29c9ab2,4.0,24.0,40.0,41.0,1.8168052317185792
5.0,Learned_UNet_N1,seq_train_44b6_t40_p01_crowded,train,44b6_d29c9ab2,5.0,33.0,40.0,41.0,0.40625
5.0,Learned_UNet_N1,seq_train_44b6_t40_p01_crowded,train,44b6_d29c9ab2,6.0,22.0,40.0,41.0,0.9084026158592896
5.0,Learned_UNet_N1,seq_train_44b6_t40_p01_crowded,train,44b6_d29c9ab2,7.0,30.0,40.0,41.0,0.8125
5.0,Learned_UNet_N1,seq_train_44b6_t40_p01_crowded,train,44b6_d29c9ab2,8.0,25.0,40.0,41.0,1.1490485194281397
5.0,Learned_UNet_N1,seq_train_44b6_t40_p01_crowded,train,44b6_d29c9ab2,9.0,35.0,40.0,41.0,1.625
5.0,Learned_UNet_N1,seq_train_44b6_t40_p01_crowded,train,44b6_d29c9ab2,10.0,29.0,40.0,41.0,3.6336104634371584
5.0,Learned_UNet_N1,seq_train_44b6_t40_p01_crowded,train,44b6_d29c9ab2,11.0,26.0,40.0,41.0,0.40625
5.0,Learned_UNet_N1,seq_train_44b6_t40_p01_crowded,train,44b6_d29c9ab2,12.0,31.0,40.0,41.0,3.65625
5.0,Learned_UNet_N1,seq_train_44b6_t40_p01_crowded,train,44b6_d29c9ab2,13.0,32.0,40.0,41.0,2.4375
5.0,Learned_UNet_N1,seq_train_44b6_t40_p01_crowded,train,44b6_d29c9ab2,14.0,34.0,40.0,41.0,0.9084026158592896
5.0,Learned_UNet_N1,seq_train_44b6_t40_p01_crowded,train,44b6_d29c9ab2,15.0,38.0,40.0,41.0,0.40625
5.0,Learned_UNet_N1,seq_train_44b6_t40_p01_crowded,train,44b6_d29c9ab2,16.0,36.0,40.0,41.0,0.5745242597140698
5.0,Learned_UNet_N1,seq_train_44b6_t40_p01_crowded,train,44b6_d29c9ab2,17.0,37.0,40.0,41.0,0.40625
5.0,Learned_UNet_N1,seq_train_44b6_t40_p01_crowded,train,44b6_d29c9ab2,18.0,39.0,40.0,41.0,0.40625
5.0,Learned_UNet_N1,seq_train_44b6_t40_p01_crowded,train,44b6_d29c9ab2,19.0,42.0,40.0,41.0,2.03125
5.0,Learned_UNet_N1,seq_train_44b6_t40_p01_crowded,train,44b6_d29c9ab2,21.0,44.0,41.0,42.0,0.8125
5.0,Learned_UNet_N1,seq_train_44b6_t40_p01_crowded,train,44b6_d29c9ab2,22.0,43.0,41.0,42.0,2.03125
5.0,Learned_UNet_N1,seq_train_44b6_t40_p01_crowded,train,44b6_d29c9ab2,23.0,47.0,41.0,42.0,0.8125
5.0,Learned_UNet_N1,seq_train_44b6_t40_p01_crowded,train,44b6_d29c9ab2,24.0,46.0,41.0,42.0,1.4647552056572457
5.0,Learned_UNet_N1,seq_train_44b6_t40_p01_crowded,train,44b6_d29c9ab2,25.0,45.0,41.0,42.0,1.8168052317185792
5.0,Learned_UNet_N1,seq_train_44b6_t40_p01_crowded,train,44b6_d29c9ab2,26.0,50.0,41.0,42.0,2.0714766773970688
5.0,Learned_UNet_N1,seq_train_44b6_t40_p01_crowded,train,44b6_d29c9ab2,27.0,49.0,41.0,42.0,2.569350598886808
5.0,Learned_UNet_N1,seq_train_44b6_t40_p01_crowded,train,44b6_d29c9ab2,28.0,57.0,41.0,42.0,3.6336104634371584
5.0,Learned_UNet_N1,seq_train_44b6_t40_p01_crowded,train,44b6_d29c9ab2,29.0,51.0,41.0,42.0,1.284675299443404
5.0,Learned_UNet_N1,seq_train_44b6_t40_p01_crowded,train,44b6_d29c9ab2,30.0,55.0,41.0,42.0,2.1877232028983924
5.0,Learned_UNet_N1,seq_train_44b6_t40_p01_crowded,train,44b6_d29c9ab2,31.0,52.0,41.0,42.0,0.9084026158592896
5.0,Learned_UNet_N1,seq_train_44b6_t40_p01_crowded,train,44b6_d29c9ab2,32.0,54.0,41.0,42.0,1.6750116604071745
5.0,Learned_UNet_N1,seq_train_44b6_t40_p01_crowded,train,44b6_d29c9ab2,33.0,48.0,41.0,42.0,0.5745242597140698
5.0,Learned_UNet_N1,seq_train_44b6_t40_p01_crowded,train,44b6_d29c9ab2,35.0,60.0,41.0,42.0,2.4375
5.0,Learned_UNet_N1,seq_train_44b6_t40_p01_crowded,train,44b6_d29c9ab2,37.0,59.0,41.0,42.0,0.9084026158592896
5.0,Learned_UNet_N1,seq_train_44b6_t40_p01_crowded,train,44b6_d29c9ab2,38.0,53.0,41.0,42.0,3.6336104634371584
5.0,Learned_UNet_N1,seq_train_44b6_t40_p01_crowded,train,44b6_d29c9ab2,39.0,62.0,41.0,42.0,1.21875
5.0,Learned_UNet_N1,seq_train_44b6_t40_p01_crowded,train,44b6_d29c9ab2,40.0,63.0,41.0,42.0,0.9084026158592896
5.0,Learned_UNet_N1,seq_train_44b6_t40_p01_crowded,train,44b6_d29c9ab2,41.0,67.0,41.0,42.0,2.0714766773970688
5.0,Learned_UNet_N1,seq_train_44b6_t40_p01_crowded,train,44b6_d29c9ab2,43.0,69.0,42.0,43.0,0.9084026158592896
5.0,Learned_UNet_N1,seq_train_44b6_t40_p01_crowded,train,44b6_d29c9ab2,44.0,68.0,42.0,43.0,0.9084026158592896
5.0,Learned_UNet_N1,seq_train_44b6_t40_p01_crowded,train,44b6_d29c9ab2,45.0,71.0,42.0,43.0,0.9084026158592896
5.0,Learned_UNet_N1,seq_train_44b6_t40_p01_crowded,train,44b6_d29c9ab2,46.0,77.0,42.0,43.0,0.9084026158592896
5.0,Learned_UNet_N1,seq_train_44b6_t40_p01_crowded,train,44b6_d29c9ab2,47.0,74.0,42.0,43.0,0.8125
5.0,Learned_UNet_N1,seq_train_44b6_t40_p01_crowded,train,44b6_d29c9ab2,48.0,73.0,42.0,43.0,3.2752922102462856
5.0,Learned_UNet_N1,seq_train_44b6_t40_p01_crowded,train,44b6_d29c9ab2,49.0,75.0,42.0,43.0,0.8125
5.0,Learned_UNet_N1,seq_train_44b6_t40_p01_crowded,train,44b6_d29c9ab2,50.0,70.0,42.0,43.0,1.4647552056572457
5.0,Learned_UNet_N1,seq_train_44b6_t40_p01_crowded,train,44b6_d29c9ab2,51.0,76.0,42.0,43.0,1.6750116604071745
5.0,Learned_UNet_N1,seq_train_44b6_t40_p01_crowded,train,44b6_d29c9ab2,52.0,72.0,42.0,43.0,1.284675299443404
5.0,Learned_UNet_N1,seq_train_44b6_t40_p01_crowded,train,44b6_d29c9ab2,53.0,78.0,42.0,43.0,1.625
5.0,Learned_UNet_N1,seq_train_44b6_t40_p01_crowded,train,44b6_d29c9ab2,54.0,79.0,42.0,43.0,3.350023320814349
5.0,Learned_UNet_N1,seq_train_44b6_t40_p01_crowded,train,44b6_d29c9ab2,55.0,83.0,42.0,43.0,2.333728575156074
5.0,Learned_UNet_N1,seq_train_44b6_t40_p01_crowded,train,44b6_d29c9ab2,57.0,81.0,42.0,43.0,2.4375
5.0,Learned_UNet_N1,seq_train_44b6_t40_p01_crowded,train,44b6_d29c9ab2,58.0,82.0,42.0,43.0,1.1490485194281397
5.0,Learned_UNet_N1,seq_train_44b6_t40_p01_crowded,train,44b6_d29c9ab2,59.0,80.0,42.0,43.0,3.300390601883359
5.0,Learned_UNet_N1,seq_train_44b6_t40_p01_crowded,train,44b6_d29c9ab2,60.0,87.0,42.0,43.0,1.625
5.0,Learned_UNet_N1,seq_train_44b6_t40_p01_crowded,train,44b6_d29c9ab2,62.0,85.0,42.0,43.0,1.8168052317185792
5.0,Learned_UNet_N1,seq_train_44b6_t40_p01_crowded,train,44b6_d29c9ab2,63.0,89.0,42.0,43.0,0.0
5.0,Learned_UNet_N1,seq_train_44b6_t40_p01_crowded,train,44b6_d29c9ab2,64.0,88.0,42.0,43.0,0.5745242597140698
5.0,Learned_UNet_N1,seq_train_44b6_t40_p01_crowded,train,44b6_d29c9ab2,65.0,86.0,42.0,43.0,3.2752922102462856
5.0,Learned_UNet_N1,seq_train_44b6_t40_p01_crowded,train,44b6_d29c9ab2,66.0,90.0,42.0,43.0,1.284675299443404
5.0,Learned_UNet_N1,seq_train_44b6_t40_p01_crowded,train,44b6_d29c9ab2,67.0,91.0,42.0,43.0,1.21875
5.0,Learned_UNet_N1,seq_train_44b6_t40_p01_crowded,train,44b6_d29c9ab2,68.0,92.0,43.0,44.0,2.03125
5.0,Learned_UNet_N1,seq_train_44b6_t40_p01_crowded,train,44b6_d29c9ab2,69.0,95.0,43.0,44.0,1.21875
5.0,Learned_UNet_N1,seq_train_44b6_t40_p01_crowded,train,44b6_d29c9ab2,70.0,93.0,43.0,44.0,1.6750116604071745
5.0,Learned_UNet_N1,seq_train_44b6_t40_p01_crowded,train,44b6_d29c9ab2,71.0,96.0,43.0,44.0,2.03125
5.0,Learned_UNet_N1,seq_train_44b6_t40_p01_crowded,train,44b6_d29c9ab2,72.0,99.0,43.0,44.0,1.8168052317185792
5.0,Learned_UNet_N1,seq_train_44b6_t40_p01_crowded,train,44b6_d29c9ab2,73.0,94.0,43.0,44.0,2.03125
5.0,Learned_UNet_N1,seq_train_44b6_t40_p01_crowded,train,44b6_d29c9ab2,74.0,98.0,43.0,44.0,0.8125
5.0,Learned_UNet_N1,seq_train_44b6_t40_p01_crowded,train,44b6_d29c9ab2,75.0,97.0,43.0,44.0,1.21875
5.0,Learned_UNet_N1,seq_train_44b6_t40_p01_crowded,train,44b6_d29c9ab2,76.0,101.0,43.0,44.0,0.5745242597140698
5.0,Learned_UNet_N1,seq_train_44b6_t40_p01_crowded,train,44b6_d29c9ab2,77.0,112.0,43.0,44.0,0.40625
5.0,Learned_UNet_N1,seq_train_44b6_t40_p01_crowded,train,44b6_d29c9ab2,79.0,104.0,43.0,44.0,0.8125
5.0,Learned_UNet_N1,seq_train_44b6_t40_p01_crowded,train,44b6_d29c9ab2,80.0,108.0,43.0,44.0,1.4647552056572457
5.0,Learned_UNet_N1,seq_train_44b6_t40_p01_crowded,train,44b6_d29c9ab2,81.0,105.0,43.0,44.0,1.625
5.0,Learned_UNet_N1,seq_train_44b6_t40_p01_crowded,train,44b6_d29c9ab2,83.0,106.0,43.0,44.0,3.300390601883359
5.0,Learned_UNet_N1,seq_train_44b6_t40_p01_crowded,train,44b6_d29c9ab2,85.0,110.0,43.0,44.0,0.40625
5.0,Learned_UNet_N1,seq_train_44b6_t40_p01_crowded,train,44b6_d29c9ab2,86.0,114.0,43.0,44.0,0.9084026158592896
5.0,Learned_UNet_N1,seq_train_44b6_t40_p01_crowded,train,44b6_d29c9ab2,87.0,109.0,43.0,44.0,3.374565944310468
5.0,Learned_UNet_N1,seq_train_44b6_t40_p01_crowded,train,44b6_d29c9ab2,88.0,102.0,43.0,44.0,0.40625
5.0,Learned_UNet_N1,seq_train_44b6_t40_p01_crowded,train,44b6_d29c9ab2,89.0,113.0,43.0,44.0,0.40625
5.0,Learned_UNet_N1,seq_train_44b6_t40_p01_crowded,train,44b6_d29c9ab2,90.0,107.0,43.0,44.0,3.447145558284419
5.0,Learned_UNet_N1,seq_train_44b6_t40_p01_crowded,train,44b6_d29c9ab2,91.0,116.0,43.0,44.0,1.284675299443404
5.0,Learned_UNet_N1,seq_train_44b6_t45_p02_crowded,train,44b6_d29c9ab2,0.0,23.0,45.0,46.0,0.0
5.0,Learned_UNet_N1,seq_train_44b6_t45_p02_crowded,train,44b6_d29c9ab2,1.0,24.0,45.0,46.0,1.8168052317185792
5.0,Learned_UNet_N1,seq_train_44b6_t45_p02_crowded,train,44b6_d29c9ab2,2.0,25.0,45.0,46.0,1.21875
5.0,Learned_UNet_N1,seq_train_44b6_t45_p02_crowded,train,44b6_d29c9ab2,3.0,21.0,45.0,46.0,1.1490485194281397
5.0,Learned_UNet_N1,seq_train_44b6_t45_p02_crowded,train,44b6_d29c9ab2,4.0,20.0,45.0,46.0,1.1490485194281397
5.0,Learned_UNet_N1,seq_train_44b6_t45_p02_crowded,train,44b6_d29c9ab2,5.0,22.0,45.0,46.0,0.9084026158592896
5.0,Learned_UNet_N1,seq_train_44b6_t45_p02_crowded,train,44b6_d29c9ab2,6.0,31.0,45.0,46.0,1.8168052317185792
5.0,Learned_UNet_N1,seq_train_44b6_t45_p02_crowded,train,44b6_d29c9ab2,7.0,26.0,45.0,46.0,1.284675299443404
5.0,Learned_UNet_N1,seq_train_44b6_t45_p02_crowded,train,44b6_d29c9ab2,8.0,28.0,45.0,46.0,0.40625
5.0,Learned_UNet_N1,seq_train_44b6_t45_p02_crowded,train,44b6_d29c9ab2,10.0,29.0,45.0,46.0,1.284675299443404
5.0,Learned_UNet_N1,seq_train_44b6_t45_p02_crowded,train,44b6_d29c9ab2,11.0,34.0,45.0,46.0,3.6336104634371584
5.0,Learned_UNet_N1,seq_train_44b6_t45_p02_crowded,train,44b6_d29c9ab2,12.0,27.0,45.0,46.0,3.6336104634371584
5.0,Learned_UNet_N1,seq_train_44b6_t45_p02_crowded,train,44b6_d29c9ab2,13.0,30.0,45.0,46.0,2.03125
5.0,Learned_UNet_N1,seq_train_44b6_t45_p02_crowded,train,44b6_d29c9ab2,14.0,32.0,45.0,46.0,1.284675299443404
5.0,Learned_UNet_N1,seq_train_44b6_t45_p02_crowded,train,44b6_d29c9ab2,15.0,37.0,45.0,46.0,0.8125
5.0,Learned_UNet_N1,seq_train_44b6_t45_p02_crowded,train,44b6_d29c9ab2,17.0,33.0,45.0,46.0,0.5745242597140698
5.0,Learned_UNet_N1,seq_train_44b6_t45_p02_crowded,train,44b6_d29c9ab2,18.0,36.0,45.0,46.0,1.284675299443404
5.0,Learned_UNet_N1,seq_train_44b6_t45_p02_crowded,train,44b6_d29c9ab2,20.0,40.0,46.0,47.0,1.1490485194281397
5.0,Learned_UNet_N1,seq_train_44b6_t45_p02_crowded,train,44b6_d29c9ab2,22.0,41.0,46.0,47.0,1.21875
5.0,Learned_UNet_N1,seq_train_44b6_t45_p02_crowded,train,44b6_d29c9ab2,23.0,43.0,46.0,47.0,1.8168052317185792
5.0,Learned_UNet_N1,seq_train_44b6_t45_p02_crowded,train,44b6_d29c9ab2,24.0,39.0,46.0,47.0,0.9084026158592896
5.0,Learned_UNet_N1,seq_train_44b6_t45_p02_crowded,train,44b6_d29c9ab2,26.0,45.0,46.0,47.0,0.40625
5.0,Learned_UNet_N1,seq_train_44b6_t45_p02_crowded,train,44b6_d29c9ab2,27.0,50.0,46.0,47.0,3.447145558284419
5.0,Learned_UNet_N1,seq_train_44b6_t45_p02_crowded,train,44b6_d29c9ab2,28.0,49.0,46.0,47.0,0.9084026158592896
5.0,Learned_UNet_N1,seq_train_44b6_t45_p02_crowded,train,44b6_d29c9ab2,29.0,46.0,46.0,47.0,0.8125
5.0,Learned_UNet_N1,seq_train_44b6_t45_p02_crowded,train,44b6_d29c9ab2,30.0,51.0,46.0,47.0,1.284675299443404
5.0,Learned_UNet_N1,seq_train_44b6_t45_p02_crowded,train,44b6_d29c9ab2,31.0,48.0,46.0,47.0,3.494694639736067
5.0,Learned_UNet_N1,seq_train_44b6_t45_p02_crowded,train,44b6_d29c9ab2,32.0,52.0,46.0,47.0,3.350023320814349
5.0,Learned_UNet_N1,seq_train_44b6_t45_p02_crowded,train,44b6_d29c9ab2,33.0,53.0,46.0,47.0,1.7235727791422095
5.0,Learned_UNet_N1,seq_train_44b6_t45_p02_crowded,train,44b6_d29c9ab2,34.0,54.0,46.0,47.0,3.72334275215162
5.0,Learned_UNet_N1,seq_train_44b6_t45_p02_crowded,train,44b6_d29c9ab2,36.0,56.0,46.0,47.0,0.8125
5.0,Learned_UNet_N1,seq_train_44b6_t45_p02_crowded,train,44b6_d29c9ab2,37.0,55.0,46.0,47.0,2.333728575156074
5.0,Learned_UNet_N1,seq_train_44b6_t45_p02_crowded,train,44b6_d29c9ab2,39.0,57.0,47.0,48.0,0.9084026158592896
5.0,Learned_UNet_N1,seq_train_44b6_t45_p02_crowded,train,44b6_d29c9ab2,40.0,63.0,47.0,48.0,0.9084026158592896
5.0,Learned_UNet_N1,seq_train_44b6_t45_p02_crowded,train,44b6_d29c9ab2,41.0,59.0,47.0,48.0,3.471001521535247
5.0,Learned_UNet_N1,seq_train_44b6_t45_p02_crowded,train,44b6_d29c9ab2,42.0,61.0,47.0,48.0,0.9084026158592896
5.0,Learned_UNet_N1,seq_train_44b6_t45_p02_crowded,train,44b6_d29c9ab2,43.0,60.0,47.0,48.0,1.6750116604071745
5.0,Learned_UNet_N1,seq_train_44b6_t45_p02_crowded,train,44b6_d29c9ab2,44.0,58.0,47.0,48.0,0.9084026158592896
5.0,Learned_UNet_N1,seq_train_44b6_t45_p02_crowded,train,44b6_d29c9ab2,47.0,65.0,47.0,48.0,0.40625
5.0,Learned_UNet_N1,seq_train_44b6_t45_p02_crowded,train,44b6_d29c9ab2,48.0,67.0,47.0,48.0,1.21875
5.0,Learned_UNet_N1,seq_train_44b6_t45_p02_crowded,train,44b6_d29c9ab2,52.0,66.0,47.0,48.0,3.300390601883359
5.0,Learned_UNet_N1,seq_train_44b6_t45_p02_crowded,train,44b6_d29c9ab2,53.0,69.0,47.0,48.0,0.0
5.0,Learned_UNet_N1,seq_train_44b6_t45_p02_crowded,train,44b6_d29c9ab2,54.0,70.0,47.0,48.0,3.6336104634371584
5.0,Learned_UNet_N1,seq_train_44b6_t45_p02_crowded,train,44b6_d29c9ab2,55.0,71.0,47.0,48.0,3.374565944310468
5.0,Learned_UNet_N1,seq_train_44b6_t45_p02_crowded,train,44b6_d29c9ab2,56.0,72.0,47.0,48.0,3.2752922102462856
5.0,Learned_UNet_N1,seq_train_44b6_t45_p02_crowded,train,44b6_d29c9ab2,58.0,77.0,48.0,49.0,4.0625
5.0,Learned_UNet_N1,seq_train_44b6_t45_p02_crowded,train,44b6_d29c9ab2,61.0,83.0,48.0,49.0,4.89189779763437
5.0,Learned_UNet_N1,seq_train_44b6_t45_p02_crowded,train,44b6_d29c9ab2,62.0,78.0,48.0,49.0,3.7454399357752353
5.0,Learned_UNet_N1,seq_train_44b6_t45_p02_crowded,train,44b6_d29c9ab2,65.0,81.0,48.0,49.0,4.162823748671087
5.0,Learned_UNet_N1,seq_train_44b6_t45_p02_crowded,train,44b6_d29c9ab2,67.0,84.0,48.0,49.0,4.021669817998489
5.0,Learned_UNet_N1,seq_train_44b6_t45_p02_crowded,train,44b6_d29c9ab2,69.0,80.0,48.0,49.0,4.596194077712559
5.0,Learned_UNet_N1,seq_train_44b6_t45_p02_crowded,train,44b6_d29c9ab2,74.0,88.0,48.0,49.0,4.0625
5.0,Learned_UNet_N1,seq_train_44b6_t45_p02_crowded,train,44b6_d29c9ab2,75.0,87.0,48.0,49.0,4.33756303988772
5.0,Learned_UNet_N1,seq_train_44b6_t40_p04_crowded,train,44b6_d29c9ab2,0.0,19.0,40.0,41.0,0.8125
5.0,Learned_UNet_N1,seq_train_44b6_t40_p04_crowded,train,44b6_d29c9ab2,1.0,20.0,40.0,41.0,0.40625
5.0,Learned_UNet_N1,seq_train_44b6_t40_p04_crowded,train,44b6_d29c9ab2,2.0,21.0,40.0,41.0,1.21875
5.0,Learned_UNet_N1,seq_train_44b6_t40_p04_crowded,train,44b6_d29c9ab2,3.0,26.0,40.0,41.0,1.1490485194281397
5.0,Learned_UNet_N1,seq_train_44b6_t40_p04_crowded,train,44b6_d29c9ab2,4.0,28.0,40.0,41.0,1.8168052317185792
5.0,Learned_UNet_N1,seq_train_44b6_t40_p04_crowded,train,44b6_d29c9ab2,5.0,23.0,40.0,41.0,1.625
5.0,Learned_UNet_N1,seq_train_44b6_t40_p04_crowded,train,44b6_d29c9ab2,6.0,31.0,40.0,41.0,0.8125
5.0,Learned_UNet_N1,seq_train_44b6_t40_p04_crowded,train,44b6_d29c9ab2,7.0,22.0,40.0,41.0,0.5745242597140698
5.0,Learned_UNet_N1,seq_train_44b6_t40_p04_crowded,train,44b6_d29c9ab2,8.0,25.0,40.0,41.0,3.65625
5.0,Learned_UNet_N1,seq_train_44b6_t40_p04_crowded,train,44b6_d29c9ab2,9.0,27.0,40.0,41.0,1.1490485194281397
5.0,Learned_UNet_N1,seq_train_44b6_t40_p04_crowded,train,44b6_d29c9ab2,10.0,35.0,40.0,41.0,3.350023320814349
5.0,Learned_UNet_N1,seq_train_44b6_t40_p04_crowded,train,44b6_d29c9ab2,11.0,30.0,40.0,41.0,1.284675299443404
5.0,Learned_UNet_N1,seq_train_44b6_t40_p04_crowded,train,44b6_d29c9ab2,12.0,24.0,40.0,41.0,0.0
5.0,Learned_UNet_N1,seq_train_44b6_t40_p04_crowded,train,44b6_d29c9ab2,13.0,32.0,40.0,41.0,0.40625
5.0,Learned_UNet_N1,seq_train_44b6_t40_p04_crowded,train,44b6_d29c9ab2,14.0,29.0,40.0,41.0,2.4375
5.0,Learned_UNet_N1,seq_train_44b6_t40_p04_crowded,train,44b6_d29c9ab2,15.0,33.0,40.0,41.0,3.494694639736067
5.0,Learned_UNet_N1,seq_train_44b6_t40_p04_crowded,train,44b6_d29c9ab2,16.0,37.0,40.0,41.0,3.494694639736067
5.0,Learned_UNet_N1,seq_train_44b6_t40_p04_crowded,train,44b6_d29c9ab2,17.0,34.0,40.0,41.0,0.40625
5.0,Learned_UNet_N1,seq_train_44b6_t40_p04_crowded,train,44b6_d29c9ab2,18.0,36.0,40.0,41.0,0.0
5.0,Learned_UNet_N1,seq_train_44b6_t40_p04_crowded,train,44b6_d29c9ab2,19.0,38.0,41.0,42.0,1.21875
5.0,Learned_UNet_N1,seq_train_44b6_t40_p04_crowded,train,44b6_d29c9ab2,20.0,39.0,41.0,42.0,1.625
5.0,Learned_UNet_N1,seq_train_44b6_t40_p04_crowded,train,44b6_d29c9ab2,21.0,40.0,41.0,42.0,0.9084026158592896
5.0,Learned_UNet_N1,seq_train_44b6_t40_p04_crowded,train,44b6_d29c9ab2,22.0,43.0,41.0,42.0,0.40625
5.0,Learned_UNet_N1,seq_train_44b6_t40_p04_crowded,train,44b6_d29c9ab2,23.0,42.0,41.0,42.0,3.447145558284419
5.0,Learned_UNet_N1,seq_train_44b6_t40_p04_crowded,train,44b6_d29c9ab2,25.0,41.0,41.0,42.0,1.625
5.0,Learned_UNet_N1,seq_train_44b6_t40_p04_crowded,train,44b6_d29c9ab2,26.0,55.0,41.0,42.0,3.5648292823780494
5.0,Learned_UNet_N1,seq_train_44b6_t40_p04_crowded,train,44b6_d29c9ab2,27.0,48.0,41.0,42.0,1.284675299443404
5.0,Learned_UNet_N1,seq_train_44b6_t40_p04_crowded,train,44b6_d29c9ab2,29.0,45.0,41.0,42.0,3.350023320814349
5.0,Learned_UNet_N1,seq_train_44b6_t40_p04_crowded,train,44b6_d29c9ab2,30.0,49.0,41.0,42.0,0.5745242597140698
5.0,Learned_UNet_N1,seq_train_44b6_t40_p04_crowded,train,44b6_d29c9ab2,31.0,47.0,41.0,42.0,1.625
5.0,Learned_UNet_N1,seq_train_44b6_t40_p04_crowded,train,44b6_d29c9ab2,32.0,52.0,41.0,42.0,0.0
5.0,Learned_UNet_N1,seq_train_44b6_t40_p04_crowded,train,44b6_d29c9ab2,33.0,46.0,41.0,42.0,3.374565944310468
5.0,Learned_UNet_N1,seq_train_44b6_t40_p04_crowded,train,44b6_d29c9ab2,34.0,50.0,41.0,42.0,1.284675299443404
5.0,Learned_UNet_N1,seq_train_44b6_t40_p04_crowded,train,44b6_d29c9ab2,35.0,51.0,41.0,42.0,3.8540258983302125
5.0,Learned_UNet_N1,seq_train_44b6_t40_p04_crowded,train,44b6_d29c9ab2,36.0,44.0,41.0,42.0,0.0
5.0,Learned_UNet_N1,seq_train_44b6_t40_p04_crowded,train,44b6_d29c9ab2,37.0,56.0,41.0,42.0,3.6336104634371584
5.0,Learned_UNet_N1,seq_train_44b6_t40_p04_crowded,train,44b6_d29c9ab2,38.0,57.0,42.0,43.0,0.9084026158592896
5.0,Learned_UNet_N1,seq_train_44b6_t40_p04_crowded,train,44b6_d29c9ab2,39.0,58.0,42.0,43.0,0.8125
5.0,Learned_UNet_N1,seq_train_44b6_t40_p04_crowded,train,44b6_d29c9ab2,40.0,59.0,42.0,43.0,1.284675299443404
5.0,Learned_UNet_N1,seq_train_44b6_t40_p04_crowded,train,44b6_d29c9ab2,41.0,60.0,42.0,43.0,0.0
5.0,Learned_UNet_N1,seq_train_44b6_t40_p04_crowded,train,44b6_d29c9ab2,42.0,61.0,42.0,43.0,4.1429533547941375
5.0,Learned_UNet_N1,seq_train_44b6_t40_p04_crowded,train,44b6_d29c9ab2,43.0,65.0,42.0,43.0,1.21875
5.0,Learned_UNet_N1,seq_train_44b6_t40_p04_crowded,train,44b6_d29c9ab2,44.0,64.0,42.0,43.0,1.284675299443404
5.0,Learned_UNet_N1,seq_train_44b6_t40_p04_crowded,train,44b6_d29c9ab2,45.0,68.0,42.0,43.0,3.350023320814349
5.0,Learned_UNet_N1,seq_train_44b6_t40_p04_crowded,train,44b6_d29c9ab2,46.0,62.0,42.0,43.0,3.917733121653388
5.0,Learned_UNet_N1,seq_train_44b6_t40_p04_crowded,train,44b6_d29c9ab2,47.0,63.0,42.0,43.0,1.1490485194281397
5.0,Learned_UNet_N1,seq_train_44b6_t40_p04_crowded,train,44b6_d29c9ab2,48.0,66.0,42.0,43.0,0.0
5.0,Learned_UNet_N1,seq_train_44b6_t40_p04_crowded,train,44b6_d29c9ab2,49.0,72.0,42.0,43.0,1.8168052317185792
5.0,Learned_UNet_N1,seq_train_44b6_t40_p04_crowded,train,44b6_d29c9ab2,50.0,71.0,42.0,43.0,0.0
5.0,Learned_UNet_N1,seq_train_44b6_t40_p04_crowded,train,44b6_d29c9ab2,51.0,67.0,42.0,43.0,0.0
5.0,Learned_UNet_N1,seq_train_44b6_t40_p04_crowded,train,44b6_d29c9ab2,52.0,70.0,42.0,43.0,0.8125
5.0,Learned_UNet_N1,seq_train_44b6_t40_p04_crowded,train,44b6_d29c9ab2,53.0,75.0,42.0,43.0,2.4375
5.0,Learned_UNet_N1,seq_train_44b6_t40_p04_crowded,train,44b6_d29c9ab2,54.0,69.0,42.0,43.0,3.300390601883359
5.0,Learned_UNet_N1,seq_train_44b6_t40_p04_crowded,train,44b6_d29c9ab2,55.0,73.0,42.0,43.0,0.8125
5.0,Learned_UNet_N1,seq_train_44b6_t40_p04_crowded,train,44b6_d29c9ab2,56.0,74.0,42.0,43.0,0.8125
5.0,Learned_UNet_N1,seq_train_44b6_t40_p04_crowded,train,44b6_d29c9ab2,57.0,76.0,43.0,44.0,1.1490485194281397
5.0,Learned_UNet_N1,seq_train_44b6_t40_p04_crowded,train,44b6_d29c9ab2,58.0,77.0,43.0,44.0,1.284675299443404
5.0,Learned_UNet_N1,seq_train_44b6_t40_p04_crowded,train,44b6_d29c9ab2,59.0,80.0,43.0,44.0,1.7235727791422095
5.0,Learned_UNet_N1,seq_train_44b6_t40_p04_crowded,train,44b6_d29c9ab2,60.0,78.0,43.0,44.0,0.9084026158592896
5.0,Learned_UNet_N1,seq_train_44b6_t40_p04_crowded,train,44b6_d29c9ab2,61.0,79.0,43.0,44.0,0.40625
5.0,Learned_UNet_N1,seq_train_44b6_t40_p04_crowded,train,44b6_d29c9ab2,62.0,83.0,43.0,44.0,0.5745242597140698
5.0,Learned_UNet_N1,seq_train_44b6_t40_p04_crowded,train,44b6_d29c9ab2,63.0,86.0,43.0,44.0,0.8125
5.0,Learned_UNet_N1,seq_train_44b6_t40_p04_crowded,train,44b6_d29c9ab2,64.0,85.0,43.0,44.0,0.0
5.0,Learned_UNet_N1,seq_train_44b6_t40_p04_crowded,train,44b6_d29c9ab2,65.0,84.0,43.0,44.0,0.8125
5.0,Learned_UNet_N1,seq_train_44b6_t40_p04_crowded,train,44b6_d29c9ab2,66.0,82.0,43.0,44.0,1.284675299443404
5.0,Learned_UNet_N1,seq_train_44b6_t40_p04_crowded,train,44b6_d29c9ab2,67.0,81.0,43.0,44.0,1.4647552056572457
5.0,Learned_UNet_N1,seq_train_44b6_t40_p04_crowded,train,44b6_d29c9ab2,68.0,87.0,43.0,44.0,0.8125
5.0,Learned_UNet_N1,seq_train_44b6_t40_p04_crowded,train,44b6_d29c9ab2,69.0,90.0,43.0,44.0,2.2980970388562794
5.0,Learned_UNet_N1,seq_train_44b6_t40_p04_crowded,train,44b6_d29c9ab2,70.0,88.0,43.0,44.0,0.0
5.0,Learned_UNet_N1,seq_train_44b6_t40_p04_crowded,train,44b6_d29c9ab2,71.0,91.0,43.0,44.0,1.625
5.0,Learned_UNet_N1,seq_train_44b6_t40_p04_crowded,train,44b6_d29c9ab2,72.0,93.0,43.0,44.0,1.625
5.0,Learned_UNet_N1,seq_train_44b6_t40_p04_crowded,train,44b6_d29c9ab2,73.0,95.0,43.0,44.0,4.021669817998489
5.0,Learned_UNet_N1,seq_train_44b6_t40_p04_crowded,train,44b6_d29c9ab2,75.0,92.0,43.0,44.0,3.8540258983302125
5.0,Learned_UNet_N1,seq_train_44b6_t15_p05_crowded,train,44b6_d29c9ab2,0.0,20.0,15.0,16.0,1.1490485194281397
5.0,Learned_UNet_N1,seq_train_44b6_t15_p05_crowded,train,44b6_d29c9ab2,1.0,19.0,15.0,16.0,2.569350598886808
5.0,Learned_UNet_N1,seq_train_44b6_t15_p05_crowded,train,44b6_d29c9ab2,2.0,21.0,15.0,16.0,3.6336104634371584
5.0,Learned_UNet_N1,seq_train_44b6_t15_p05_crowded,train,44b6_d29c9ab2,3.0,23.0,15.0,16.0,1.8168052317185792
5.0,Learned_UNet_N1,seq_train_44b6_t15_p05_crowded,train,44b6_d29c9ab2,4.0,22.0,15.0,16.0,2.4375
5.0,Learned_UNet_N1,seq_train_44b6_t15_p05_crowded,train,44b6_d29c9ab2,5.0,29.0,15.0,16.0,1.1490485194281397
5.0,Learned_UNet_N1,seq_train_44b6_t15_p05_crowded,train,44b6_d29c9ab2,6.0,26.0,15.0,16.0,3.72334275215162
5.0,Learned_UNet_N1,seq_train_44b6_t15_p05_crowded,train,44b6_d29c9ab2,7.0,25.0,15.0,16.0,4.021669817998489
5.0,Learned_UNet_N1,seq_train_44b6_t15_p05_crowded,train,44b6_d29c9ab2,8.0,30.0,15.0,16.0,1.6750116604071745
5.0,Learned_UNet_N1,seq_train_44b6_t15_p05_crowded,train,44b6_d29c9ab2,9.0,24.0,15.0,16.0,3.300390601883359
5.0,Learned_UNet_N1,seq_train_44b6_t15_p05_crowded,train,44b6_d29c9ab2,10.0,35.0,15.0,16.0,2.4375
5.0,Learned_UNet_N1,seq_train_44b6_t15_p05_crowded,train,44b6_d29c9ab2,11.0,28.0,15.0,16.0,0.40625
5.0,Learned_UNet_N1,seq_train_44b6_t15_p05_crowded,train,44b6_d29c9ab2,12.0,33.0,15.0,16.0,3.8109628048565365
5.0,Learned_UNet_N1,seq_train_44b6_t15_p05_crowded,train,44b6_d29c9ab2,13.0,34.0,15.0,16.0,2.7252078475778685
5.0,Learned_UNet_N1,seq_train_44b6_t15_p05_crowded,train,44b6_d29c9ab2,14.0,27.0,15.0,16.0,3.65625
5.0,Learned_UNet_N1,seq_train_44b6_t15_p05_crowded,train,44b6_d29c9ab2,16.0,32.0,15.0,16.0,1.1490485194281397
5.0,Learned_UNet_N1,seq_train_44b6_t15_p05_crowded,train,44b6_d29c9ab2,17.0,31.0,15.0,16.0,3.6336104634371584
5.0,Learned_UNet_N1,seq_train_44b6_t15_p05_crowded,train,44b6_d29c9ab2,18.0,36.0,15.0,16.0,2.2980970388562794
5.0,Learned_UNet_N1,seq_train_44b6_t15_p05_crowded,train,44b6_d29c9ab2,19.0,39.0,16.0,17.0,1.8168052317185792
5.0,Learned_UNet_N1,seq_train_44b6_t15_p05_crowded,train,44b6_d29c9ab2,20.0,37.0,16.0,17.0,1.7235727791422095
5.0,Learned_UNet_N1,seq_train_44b6_t15_p05_crowded,train,44b6_d29c9ab2,21.0,41.0,16.0,17.0,3.494694639736067
5.0,Learned_UNet_N1,seq_train_44b6_t15_p05_crowded,train,44b6_d29c9ab2,22.0,42.0,16.0,17.0,1.1490485194281397
5.0,Learned_UNet_N1,seq_train_44b6_t15_p05_crowded,train,44b6_d29c9ab2,23.0,43.0,16.0,17.0,1.7235727791422095
5.0,Learned_UNet_N1,seq_train_44b6_t15_p05_crowded,train,44b6_d29c9ab2,24.0,38.0,16.0,17.0,0.9084026158592896
5.0,Learned_UNet_N1,seq_train_44b6_t15_p05_crowded,train,44b6_d29c9ab2,25.0,40.0,16.0,17.0,2.368824207280903
5.0,Learned_UNet_N1,seq_train_44b6_t15_p05_crowded,train,44b6_d29c9ab2,26.0,46.0,16.0,17.0,0.9084026158592896
5.0,Learned_UNet_N1,seq_train_44b6_t15_p05_crowded,train,44b6_d29c9ab2,27.0,48.0,16.0,17.0,1.7235727791422095
5.0,Learned_UNet_N1,seq_train_44b6_t15_p05_crowded,train,44b6_d29c9ab2,29.0,45.0,16.0,17.0,1.8168052317185792
5.0,Learned_UNet_N1,seq_train_44b6_t15_p05_crowded,train,44b6_d29c9ab2,34.0,44.0,16.0,17.0,2.368824207280903
5.0,Learned_UNet_N1,seq_train_44b6_t15_p05_crowded,train,44b6_d29c9ab2,37.0,57.0,17.0,18.0,1.284675299443404
5.0,Learned_UNet_N1,seq_train_44b6_t15_p05_crowded,train,44b6_d29c9ab2,38.0,55.0,17.0,18.0,1.21875
5.0,Learned_UNet_N1,seq_train_44b6_t15_p05_crowded,train,44b6_d29c9ab2,39.0,54.0,17.0,18.0,0.8125
5.0,Learned_UNet_N1,seq_train_44b6_t15_p05_crowded,train,44b6_d29c9ab2,40.0,64.0,17.0,18.0,2.471122277933652
5.0,Learned_UNet_N1,seq_train_44b6_t15_p05_crowded,train,44b6_d29c9ab2,41.0,61.0,17.0,18.0,1.284675299443404
5.0,Learned_UNet_N1,seq_train_44b6_t15_p05_crowded,train,44b6_d29c9ab2,42.0,60.0,17.0,18.0,1.625
5.0,Learned_UNet_N1,seq_train_44b6_t15_p05_crowded,train,44b6_d29c9ab2,43.0,62.0,17.0,18.0,2.03125
5.0,Learned_UNet_N1,seq_train_44b6_t15_p05_crowded,train,44b6_d29c9ab2,44.0,63.0,17.0,18.0,3.72334275215162
5.0,Learned_UNet_N1,seq_train_44b6_t15_p05_crowded,train,44b6_d29c9ab2,45.0,59.0,17.0,18.0,2.03125
5.0,Learned_UNet_N1,seq_train_44b6_t15_p05_crowded,train,44b6_d29c9ab2,47.0,65.0,17.0,18.0,1.6750116604071745
5.0,Learned_UNet_N1,seq_train_44b6_t15_p05_crowded,train,44b6_d29c9ab2,48.0,68.0,17.0,18.0,1.8168052317185792
5.0,Learned_UNet_N1,seq_train_44b6_t15_p05_crowded,train,44b6_d29c9ab2,49.0,56.0,17.0,18.0,1.86167137607581
5.0,Learned_UNet_N1,seq_train_44b6_t15_p05_crowded,train,44b6_d29c9ab2,50.0,69.0,17.0,18.0,3.6336104634371584
5.0,Learned_UNet_N1,seq_train_44b6_t15_p05_crowded,train,44b6_d29c9ab2,51.0,67.0,17.0,18.0,0.8125
5.0,Learned_UNet_N1,seq_train_44b6_t15_p05_crowded,train,44b6_d29c9ab2,52.0,66.0,17.0,18.0,1.4647552056572457
5.0,Learned_UNet_N1,seq_train_44b6_t15_p05_crowded,train,44b6_d29c9ab2,58.0,75.0,18.0,19.0,4.875
5.0,Learned_UNet_N1,seq_train_44b6_t15_p05_crowded,train,44b6_d29c9ab2,61.0,81.0,18.0,19.0,3.494694639736067
5.0,Learned_UNet_N1,seq_train_44b6_t15_p05_crowded,train,44b6_d29c9ab2,62.0,80.0,18.0,19.0,4.021669817998489
5.0,Learned_UNet_N1,seq_train_44b6_t15_p05_crowded,train,44b6_d29c9ab2,65.0,86.0,18.0,19.0,3.65625
5.0,Learned_UNet_N1,seq_train_44b6_t15_p05_crowded,train,44b6_d29c9ab2,66.0,85.0,18.0,19.0,4.755034338729848
5.0,Learned_UNet_N1,seq_train_44b6_t20_p06_crowded,train,44b6_d29c9ab2,0.0,21.0,20.0,21.0,1.6750116604071745
5.0,Learned_UNet_N1,seq_train_44b6_t20_p06_crowded,train,44b6_d29c9ab2,1.0,22.0,20.0,21.0,1.1490485194281397
5.0,Learned_UNet_N1,seq_train_44b6_t20_p06_crowded,train,44b6_d29c9ab2,3.0,23.0,20.0,21.0,0.0
5.0,Learned_UNet_N1,seq_train_44b6_t20_p06_crowded,train,44b6_d29c9ab2,4.0,28.0,20.0,21.0,0.8125
5.0,Learned_UNet_N1,seq_train_44b6_t20_p06_crowded,train,44b6_d29c9ab2,5.0,24.0,20.0,21.0,0.40625
5.0,Learned_UNet_N1,seq_train_44b6_t20_p06_crowded,train,44b6_d29c9ab2,6.0,25.0,20.0,21.0,0.8125
5.0,Learned_UNet_N1,seq_train_44b6_t20_p06_crowded,train,44b6_d29c9ab2,7.0,27.0,20.0,21.0,0.40625
5.0,Learned_UNet_N1,seq_train_44b6_t20_p06_crowded,train,44b6_d29c9ab2,8.0,30.0,20.0,21.0,0.8125
5.0,Learned_UNet_N1,seq_train_44b6_t20_p06_crowded,train,44b6_d29c9ab2,9.0,36.0,20.0,21.0,3.447145558284419
5.0,Learned_UNet_N1,seq_train_44b6_t20_p06_crowded,train,44b6_d29c9ab2,10.0,29.0,20.0,21.0,0.8125
5.0,Learned_UNet_N1,seq_train_44b6_t20_p06_crowded,train,44b6_d29c9ab2,11.0,26.0,20.0,21.0,3.374565944310468
5.0,Learned_UNet_N1,seq_train_44b6_t20_p06_crowded,train,44b6_d29c9ab2,13.0,37.0,20.0,21.0,3.832554834897995
5.0,Learned_UNet_N1,seq_train_44b6_t20_p06_crowded,train,44b6_d29c9ab2,15.0,34.0,20.0,21.0,1.4647552056572457
5.0,Learned_UNet_N1,seq_train_44b6_t20_p06_crowded,train,44b6_d29c9ab2,16.0,33.0,20.0,21.0,0.5745242597140698
5.0,Learned_UNet_N1,seq_train_44b6_t20_p06_crowded,train,44b6_d29c9ab2,17.0,32.0,20.0,21.0,1.8168052317185792
5.0,Learned_UNet_N1,seq_train_44b6_t20_p06_crowded,train,44b6_d29c9ab2,18.0,31.0,20.0,21.0,0.0
5.0,Learned_UNet_N1,seq_train_44b6_t20_p06_crowded,train,44b6_d29c9ab2,19.0,35.0,20.0,21.0,0.40625
5.0,Learned_UNet_N1,seq_train_44b6_t20_p06_crowded,train,44b6_d29c9ab2,21.0,39.0,21.0,22.0,3.2752922102462856
5.0,Learned_UNet_N1,seq_train_44b6_t20_p06_crowded,train,44b6_d29c9ab2,22.0,40.0,21.0,22.0,3.917733121653388
5.0,Learned_UNet_N1,seq_train_44b6_t20_p06_crowded,train,44b6_d29c9ab2,23.0,41.0,21.0,22.0,0.0
5.0,Learned_UNet_N1,seq_train_44b6_t20_p06_crowded,train,44b6_d29c9ab2,24.0,44.0,21.0,22.0,0.9084026158592896
5.0,Learned_UNet_N1,seq_train_44b6_t20_p06_crowded,train,44b6_d29c9ab2,25.0,42.0,21.0,22.0,0.9084026158592896
5.0,Learned_UNet_N1,seq_train_44b6_t20_p06_crowded,train,44b6_d29c9ab2,26.0,47.0,21.0,22.0,2.1877232028983924
5.0,Learned_UNet_N1,seq_train_44b6_t20_p06_crowded,train,44b6_d29c9ab2,27.0,48.0,21.0,22.0,3.5648292823780494
5.0,Learned_UNet_N1,seq_train_44b6_t20_p06_crowded,train,44b6_d29c9ab2,28.0,43.0,21.0,22.0,0.40625
5.0,Learned_UNet_N1,seq_train_44b6_t20_p06_crowded,train,44b6_d29c9ab2,29.0,50.0,21.0,22.0,0.8125
5.0,Learned_UNet_N1,seq_train_44b6_t20_p06_crowded,train,44b6_d29c9ab2,30.0,49.0,21.0,22.0,0.8125
5.0,Learned_UNet_N1,seq_train_44b6_t20_p06_crowded,train,44b6_d29c9ab2,31.0,51.0,21.0,22.0,3.72334275215162
5.0,Learned_UNet_N1,seq_train_44b6_t20_p06_crowded,train,44b6_d29c9ab2,32.0,53.0,21.0,22.0,1.1490485194281397
5.0,Learned_UNet_N1,seq_train_44b6_t20_p06_crowded,train,44b6_d29c9ab2,33.0,52.0,21.0,22.0,0.8125
5.0,Learned_UNet_N1,seq_train_44b6_t20_p06_crowded,train,44b6_d29c9ab2,34.0,54.0,21.0,22.0,0.8125
5.0,Learned_UNet_N1,seq_train_44b6_t20_p06_crowded,train,44b6_d29c9ab2,35.0,56.0,21.0,22.0,1.21875
5.0,Learned_UNet_N1,seq_train_44b6_t20_p06_crowded,train,44b6_d29c9ab2,37.0,45.0,21.0,22.0,3.6787502123683256
5.0,Learned_UNet_N1,seq_train_44b6_t20_p06_crowded,train,44b6_d29c9ab2,38.0,59.0,22.0,23.0,0.40625
5.0,Learned_UNet_N1,seq_train_44b6_t20_p06_crowded,train,44b6_d29c9ab2,39.0,61.0,22.0,23.0,1.6750116604071745
5.0,Learned_UNet_N1,seq_train_44b6_t20_p06_crowded,train,44b6_d29c9ab2,40.0,58.0,22.0,23.0,3.2752922102462856
5.0,Learned_UNet_N1,seq_train_44b6_t20_p06_crowded,train,44b6_d29c9ab2,41.0,62.0,22.0,23.0,0.8125
5.0,Learned_UNet_N1,seq_train_44b6_t20_p06_crowded,train,44b6_d29c9ab2,42.0,57.0,22.0,23.0,0.9084026158592896
5.0,Learned_UNet_N1,seq_train_44b6_t20_p06_crowded,train,44b6_d29c9ab2,43.0,65.0,22.0,23.0,0.40625
5.0,Learned_UNet_N1,seq_train_44b6_t20_p06_crowded,train,44b6_d29c9ab2,44.0,66.0,22.0,23.0,0.5745242597140698
5.0,Learned_UNet_N1,seq_train_44b6_t20_p06_crowded,train,44b6_d29c9ab2,45.0,60.0,22.0,23.0,1.284675299443404
5.0,Learned_UNet_N1,seq_train_44b6_t20_p06_crowded,train,44b6_d29c9ab2,46.0,63.0,22.0,23.0,3.832554834897995
5.0,Learned_UNet_N1,seq_train_44b6_t20_p06_crowded,train,44b6_d29c9ab2,47.0,64.0,22.0,23.0,0.9084026158592896
5.0,Learned_UNet_N1,seq_train_44b6_t20_p06_crowded,train,44b6_d29c9ab2,48.0,67.0,22.0,23.0,1.4647552056572457
5.0,Learned_UNet_N1,seq_train_44b6_t20_p06_crowded,train,44b6_d29c9ab2,49.0,70.0,22.0,23.0,1.4647552056572457
5.0,Learned_UNet_N1,seq_train_44b6_t20_p06_crowded,train,44b6_d29c9ab2,50.0,71.0,22.0,23.0,0.5745242597140698
5.0,Learned_UNet_N1,seq_train_44b6_t20_p06_crowded,train,44b6_d29c9ab2,51.0,68.0,22.0,23.0,3.494694639736067
5.0,Learned_UNet_N1,seq_train_44b6_t20_p06_crowded,train,44b6_d29c9ab2,52.0,69.0,22.0,23.0,0.5745242597140698
5.0,Learned_UNet_N1,seq_train_44b6_t20_p06_crowded,train,44b6_d29c9ab2,53.0,72.0,22.0,23.0,4.33756303988772
5.0,Learned_UNet_N1,seq_train_44b6_t20_p06_crowded,train,44b6_d29c9ab2,54.0,73.0,22.0,23.0,0.5745242597140698
5.0,Learned_UNet_N1,seq_train_44b6_t20_p06_crowded,train,44b6_d29c9ab2,55.0,75.0,22.0,23.0,0.0
5.0,Learned_UNet_N1,seq_train_44b6_t20_p06_crowded,train,44b6_d29c9ab2,56.0,74.0,22.0,23.0,1.8168052317185792
5.0,Learned_UNet_N1,seq_train_44b6_t20_p06_crowded,train,44b6_d29c9ab2,57.0,77.0,23.0,24.0,1.1490485194281397
5.0,Learned_UNet_N1,seq_train_44b6_t20_p06_crowded,train,44b6_d29c9ab2,58.0,78.0,23.0,24.0,0.9084026158592896
5.0,Learned_UNet_N1,seq_train_44b6_t20_p06_crowded,train,44b6_d29c9ab2,59.0,76.0,23.0,24.0,0.9084026158592896
5.0,Learned_UNet_N1,seq_train_44b6_t20_p06_crowded,train,44b6_d29c9ab2,60.0,81.0,23.0,24.0,1.1490485194281397
5.0,Learned_UNet_N1,seq_train_44b6_t20_p06_crowded,train,44b6_d29c9ab2,62.0,82.0,23.0,24.0,0.0
5.0,Learned_UNet_N1,seq_train_44b6_t20_p06_crowded,train,44b6_d29c9ab2,63.0,83.0,23.0,24.0,0.9084026158592896
5.0,Learned_UNet_N1,seq_train_44b6_t20_p06_crowded,train,44b6_d29c9ab2,64.0,80.0,23.0,24.0,0.8125
5.0,Learned_UNet_N1,seq_train_44b6_t20_p06_crowded,train,44b6_d29c9ab2,66.0,84.0,23.0,24.0,0.5745242597140698
5.0,Learned_UNet_N1,seq_train_44b6_t20_p06_crowded,train,44b6_d29c9ab2,67.0,87.0,23.0,24.0,1.284675299443404
5.0,Learned_UNet_N1,seq_train_44b6_t20_p06_crowded,train,44b6_d29c9ab2,68.0,85.0,23.0,24.0,0.40625
5.0,Learned_UNet_N1,seq_train_44b6_t20_p06_crowded,train,44b6_d29c9ab2,69.0,89.0,23.0,24.0,0.9084026158592896
5.0,Learned_UNet_N1,seq_train_44b6_t20_p06_crowded,train,44b6_d29c9ab2,70.0,88.0,23.0,24.0,3.5648292823780494
5.0,Learned_UNet_N1,seq_train_44b6_t20_p06_crowded,train,44b6_d29c9ab2,71.0,90.0,23.0,24.0,1.284675299443404
5.0,Learned_UNet_N1,seq_train_44b6_t20_p06_crowded,train,44b6_d29c9ab2,72.0,91.0,23.0,24.0,2.0714766773970688
5.0,Learned_UNet_N1,seq_train_44b6_t20_p06_crowded,train,44b6_d29c9ab2,73.0,86.0,23.0,24.0,1.284675299443404
5.0,Learned_UNet_N1,seq_train_44b6_t20_p06_crowded,train,44b6_d29c9ab2,74.0,92.0,23.0,24.0,1.1490485194281397
5.0,Learned_UNet_N1,seq_train_44b6_t20_p06_crowded,train,44b6_d29c9ab2,75.0,94.0,23.0,24.0,0.5745242597140698
5.0,Learned_UNet_N1,seq_train_6bba_t15_p01_crowded,train,6bba_bb9f20c3,0.0,19.0,15.0,16.0,3.2752922102462856
5.0,Learned_UNet_N1,seq_train_6bba_t15_p01_crowded,train,6bba_bb9f20c3,1.0,20.0,15.0,16.0,1.6750116604071745
5.0,Learned_UNet_N1,seq_train_6bba_t15_p01_crowded,train,6bba_bb9f20c3,2.0,24.0,15.0,16.0,0.40625
5.0,Learned_UNet_N1,seq_train_6bba_t15_p01_crowded,train,6bba_bb9f20c3,3.0,21.0,15.0,16.0,0.8125
5.0,Learned_UNet_N1,seq_train_6bba_t15_p01_crowded,train,6bba_bb9f20c3,4.0,22.0,15.0,16.0,0.40625
5.0,Learned_UNet_N1,seq_train_6bba_t15_p01_crowded,train,6bba_bb9f20c3,5.0,23.0,15.0,16.0,0.9084026158592896
5.0,Learned_UNet_N1,seq_train_6bba_t15_p01_crowded,train,6bba_bb9f20c3,6.0,25.0,15.0,16.0,0.8125
5.0,Learned_UNet_N1,seq_train_6bba_t15_p01_crowded,train,6bba_bb9f20c3,7.0,18.0,15.0,16.0,3.471001521535247
5.0,Learned_UNet_N1,seq_train_6bba_t15_p01_crowded,train,6bba_bb9f20c3,9.0,26.0,15.0,16.0,1.625
5.0,Learned_UNet_N1,seq_train_6bba_t15_p01_crowded,train,6bba_bb9f20c3,10.0,29.0,15.0,16.0,2.569350598886808
5.0,Learned_UNet_N1,seq_train_6bba_t15_p01_crowded,train,6bba_bb9f20c3,11.0,30.0,15.0,16.0,2.0714766773970688
5.0,Learned_UNet_N1,seq_train_6bba_t15_p01_crowded,train,6bba_bb9f20c3,12.0,28.0,15.0,16.0,0.5745242597140698
5.0,Learned_UNet_N1,seq_train_6bba_t15_p01_crowded,train,6bba_bb9f20c3,14.0,31.0,15.0,16.0,4.596194077712559
5.0,Learned_UNet_N1,seq_train_6bba_t15_p01_crowded,train,6bba_bb9f20c3,15.0,27.0,15.0,16.0,1.284675299443404
5.0,Learned_UNet_N1,seq_train_6bba_t15_p01_crowded,train,6bba_bb9f20c3,16.0,32.0,15.0,16.0,0.0
5.0,Learned_UNet_N1,seq_train_6bba_t15_p01_crowded,train,6bba_bb9f20c3,18.0,33.0,16.0,17.0,0.40625
5.0,Learned_UNet_N1,seq_train_6bba_t15_p01_crowded,train,6bba_bb9f20c3,19.0,34.0,16.0,17.0,0.9084026158592896
5.0,Learned_UNet_N1,seq_train_6bba_t15_p01_crowded,train,6bba_bb9f20c3,20.0,39.0,16.0,17.0,0.40625
5.0,Learned_UNet_N1,seq_train_6bba_t15_p01_crowded,train,6bba_bb9f20c3,21.0,36.0,16.0,17.0,1.284675299443404
5.0,Learned_UNet_N1,seq_train_6bba_t15_p01_crowded,train,6bba_bb9f20c3,22.0,37.0,16.0,17.0,0.5745242597140698
5.0,Learned_UNet_N1,seq_train_6bba_t15_p01_crowded,train,6bba_bb9f20c3,23.0,38.0,16.0,17.0,1.8168052317185792
5.0,Learned_UNet_N1,seq_train_6bba_t15_p01_crowded,train,6bba_bb9f20c3,24.0,35.0,16.0,17.0,0.9084026158592896
5.0,Learned_UNet_N1,seq_train_6bba_t15_p01_crowded,train,6bba_bb9f20c3,25.0,42.0,16.0,17.0,1.1490485194281397
5.0,Learned_UNet_N1,seq_train_6bba_t15_p01_crowded,train,6bba_bb9f20c3,27.0,44.0,16.0,17.0,0.8125
5.0,Learned_UNet_N1,seq_train_6bba_t15_p01_crowded,train,6bba_bb9f20c3,28.0,46.0,16.0,17.0,1.284675299443404
5.0,Learned_UNet_N1,seq_train_6bba_t15_p01_crowded,train,6bba_bb9f20c3,29.0,47.0,16.0,17.0,0.5745242597140698
5.0,Learned_UNet_N1,seq_train_6bba_t15_p01_crowded,train,6bba_bb9f20c3,30.0,45.0,16.0,17.0,0.5745242597140698
5.0,Learned_UNet_N1,seq_train_6bba_t15_p01_crowded,train,6bba_bb9f20c3,31.0,43.0,16.0,17.0,4.0625
5.0,Learned_UNet_N1,seq_train_6bba_t15_p01_crowded,train,6bba_bb9f20c3,32.0,49.0,16.0,17.0,3.25
5.0,Learned_UNet_N1,seq_train_6bba_t15_p01_crowded,train,6bba_bb9f20c3,33.0,50.0,17.0,18.0,0.0
5.0,Learned_UNet_N1,seq_train_6bba_t15_p01_crowded,train,6bba_bb9f20c3,34.0,51.0,17.0,18.0,0.0
5.0,Learned_UNet_N1,seq_train_6bba_t15_p01_crowded,train,6bba_bb9f20c3,35.0,52.0,17.0,18.0,0.0
5.0,Learned_UNet_N1,seq_train_6bba_t15_p01_crowded,train,6bba_bb9f20c3,36.0,53.0,17.0,18.0,0.0
5.0,Learned_UNet_N1,seq_train_6bba_t15_p01_crowded,train,6bba_bb9f20c3,37.0,54.0,17.0,18.0,0.0
5.0,Learned_UNet_N1,seq_train_6bba_t15_p01_crowded,train,6bba_bb9f20c3,38.0,55.0,17.0,18.0,0.0
5.0,Learned_UNet_N1,seq_train_6bba_t15_p01_crowded,train,6bba_bb9f20c3,39.0,56.0,17.0,18.0,0.0
5.0,Learned_UNet_N1,seq_train_6bba_t15_p01_crowded,train,6bba_bb9f20c3,40.0,57.0,17.0,18.0,0.0
5.0,Learned_UNet_N1,seq_train_6bba_t15_p01_crowded,train,6bba_bb9f20c3,41.0,58.0,17.0,18.0,0.0
5.0,Learned_UNet_N1,seq_train_6bba_t15_p01_crowded,train,6bba_bb9f20c3,42.0,59.0,17.0,18.0,0.0
5.0,Learned_UNet_N1,seq_train_6bba_t15_p01_crowded,train,6bba_bb9f20c3,43.0,60.0,17.0,18.0,0.0
5.0,Learned_UNet_N1,seq_train_6bba_t15_p01_crowded,train,6bba_bb9f20c3,44.0,61.0,17.0,18.0,0.0
5.0,Learned_UNet_N1,seq_train_6bba_t15_p01_crowded,train,6bba_bb9f20c3,45.0,62.0,17.0,18.0,0.0
5.0,Learned_UNet_N1,seq_train_6bba_t15_p01_crowded,train,6bba_bb9f20c3,46.0,63.0,17.0,18.0,0.0
5.0,Learned_UNet_N1,seq_train_6bba_t15_p01_crowded,train,6bba_bb9f20c3,47.0,64.0,17.0,18.0,0.0
5.0,Learned_UNet_N1,seq_train_6bba_t15_p01_crowded,train,6bba_bb9f20c3,48.0,65.0,17.0,18.0,0.0
5.0,Learned_UNet_N1,seq_train_6bba_t15_p01_crowded,train,6bba_bb9f20c3,49.0,66.0,17.0,18.0,0.0
5.0,Learned_UNet_N1,seq_train_6bba_t15_p01_crowded,train,6bba_bb9f20c3,50.0,68.0,18.0,19.0,3.5648292823780494
5.0,Learned_UNet_N1,seq_train_6bba_t15_p01_crowded,train,6bba_bb9f20c3,51.0,67.0,18.0,19.0,0.8125
5.0,Learned_UNet_N1,seq_train_6bba_t15_p01_crowded,train,6bba_bb9f20c3,52.0,71.0,18.0,19.0,4.0827619710803615
5.0,Learned_UNet_N1,seq_train_6bba_t15_p01_crowded,train,6bba_bb9f20c3,53.0,70.0,18.0,19.0,3.494694639736067
5.0,Learned_UNet_N1,seq_train_6bba_t15_p01_crowded,train,6bba_bb9f20c3,54.0,74.0,18.0,19.0,4.0827619710803615
5.0,Learned_UNet_N1,seq_train_6bba_t15_p01_crowded,train,6bba_bb9f20c3,55.0,72.0,18.0,19.0,1.6750116604071745
5.0,Learned_UNet_N1,seq_train_6bba_t15_p01_crowded,train,6bba_bb9f20c3,56.0,80.0,18.0,19.0,0.0
5.0,Learned_UNet_N1,seq_train_6bba_t15_p01_crowded,train,6bba_bb9f20c3,57.0,69.0,18.0,19.0,4.614113030962723
5.0,Learned_UNet_N1,seq_train_6bba_t15_p01_crowded,train,6bba_bb9f20c3,58.0,75.0,18.0,19.0,0.5745242597140698
5.0,Learned_UNet_N1,seq_train_6bba_t15_p01_crowded,train,6bba_bb9f20c3,59.0,73.0,18.0,19.0,1.625
5.0,Learned_UNet_N1,seq_train_6bba_t15_p01_crowded,train,6bba_bb9f20c3,60.0,79.0,18.0,19.0,3.72334275215162
5.0,Learned_UNet_N1,seq_train_6bba_t15_p01_crowded,train,6bba_bb9f20c3,61.0,76.0,18.0,19.0,1.7235727791422095
5.0,Learned_UNet_N1,seq_train_6bba_t15_p01_crowded,train,6bba_bb9f20c3,64.0,77.0,18.0,19.0,2.368824207280903
5.0,Learned_UNet_N1,seq_train_6bba_t15_p01_crowded,train,6bba_bb9f20c3,65.0,78.0,18.0,19.0,2.0714766773970688
5.0,Learned_UNet_N1,seq_train_6bba_t35_p02_crowded,train,6bba_bb9f20c3,0.0,17.0,35.0,36.0,0.5745242597140698
5.0,Learned_UNet_N1,seq_train_6bba_t35_p02_crowded,train,6bba_bb9f20c3,1.0,18.0,35.0,36.0,3.300390601883359
5.0,Learned_UNet_N1,seq_train_6bba_t35_p02_crowded,train,6bba_bb9f20c3,2.0,21.0,35.0,36.0,0.0
5.0,Learned_UNet_N1,seq_train_6bba_t35_p02_crowded,train,6bba_bb9f20c3,3.0,19.0,35.0,36.0,2.569350598886808
5.0,Learned_UNet_N1,seq_train_6bba_t35_p02_crowded,train,6bba_bb9f20c3,4.0,20.0,35.0,36.0,0.9084026158592896
5.0,Learned_UNet_N1,seq_train_6bba_t35_p02_crowded,train,6bba_bb9f20c3,5.0,22.0,35.0,36.0,3.471001521535247
5.0,Learned_UNet_N1,seq_train_6bba_t35_p02_crowded,train,6bba_bb9f20c3,6.0,23.0,35.0,36.0,0.8125
5.0,Learned_UNet_N1,seq_train_6bba_t35_p02_crowded,train,6bba_bb9f20c3,7.0,24.0,35.0,36.0,0.40625
5.0,Learned_UNet_N1,seq_train_6bba_t35_p02_crowded,train,6bba_bb9f20c3,8.0,27.0,35.0,36.0,0.9084026158592896
5.0,Learned_UNet_N1,seq_train_6bba_t35_p02_crowded,train,6bba_bb9f20c3,9.0,26.0,35.0,36.0,0.40625
5.0,Learned_UNet_N1,seq_train_6bba_t35_p02_crowded,train,6bba_bb9f20c3,10.0,28.0,35.0,36.0,1.284675299443404
5.0,Learned_UNet_N1,seq_train_6bba_t35_p02_crowded,train,6bba_bb9f20c3,13.0,29.0,35.0,36.0,0.5745242597140698
5.0,Learned_UNet_N1,seq_train_6bba_t35_p02_crowded,train,6bba_bb9f20c3,14.0,30.0,35.0,36.0,1.8168052317185792
5.0,Learned_UNet_N1,seq_train_6bba_t35_p02_crowded,train,6bba_bb9f20c3,17.0,32.0,36.0,37.0,0.5745242597140698
5.0,Learned_UNet_N1,seq_train_6bba_t35_p02_crowded,train,6bba_bb9f20c3,18.0,31.0,36.0,37.0,1.1490485194281397
5.0,Learned_UNet_N1,seq_train_6bba_t35_p02_crowded,train,6bba_bb9f20c3,19.0,33.0,36.0,37.0,0.0
5.0,Learned_UNet_N1,seq_train_6bba_t35_p02_crowded,train,6bba_bb9f20c3,20.0,36.0,36.0,37.0,0.40625
5.0,Learned_UNet_N1,seq_train_6bba_t35_p02_crowded,train,6bba_bb9f20c3,21.0,34.0,36.0,37.0,0.0
5.0,Learned_UNet_N1,seq_train_6bba_t35_p02_crowded,train,6bba_bb9f20c3,22.0,35.0,36.0,37.0,0.40625
5.0,Learned_UNet_N1,seq_train_6bba_t35_p02_crowded,train,6bba_bb9f20c3,24.0,37.0,36.0,37.0,0.40625
5.0,Learned_UNet_N1,seq_train_6bba_t35_p02_crowded,train,6bba_bb9f20c3,25.0,38.0,36.0,37.0,3.6336104634371584
5.0,Learned_UNet_N1,seq_train_6bba_t35_p02_crowded,train,6bba_bb9f20c3,26.0,42.0,36.0,37.0,0.0
5.0,Learned_UNet_N1,seq_train_6bba_t35_p02_crowded,train,6bba_bb9f20c3,27.0,39.0,36.0,37.0,1.1490485194281397
5.0,Learned_UNet_N1,seq_train_6bba_t35_p02_crowded,train,6bba_bb9f20c3,28.0,43.0,36.0,37.0,1.1490485194281397
5.0,Learned_UNet_N1,seq_train_6bba_t35_p02_crowded,train,6bba_bb9f20c3,30.0,44.0,36.0,37.0,1.8168052317185792
5.0,Learned_UNet_N1,seq_train_6bba_t35_p02_crowded,train,6bba_bb9f20c3,32.0,47.0,37.0,38.0,4.021669817998489
5.0,Learned_UNet_N1,seq_train_6bba_t35_p02_crowded,train,6bba_bb9f20c3,33.0,51.0,37.0,38.0,1.8168052317185792
5.0,Learned_UNet_N1,seq_train_6bba_t35_p02_crowded,train,6bba_bb9f20c3,34.0,45.0,37.0,38.0,3.2752922102462856
5.0,Learned_UNet_N1,seq_train_6bba_t35_p02_crowded,train,6bba_bb9f20c3,35.0,49.0,37.0,38.0,1.8168052317185792
5.0,Learned_UNet_N1,seq_train_6bba_t35_p02_crowded,train,6bba_bb9f20c3,37.0,48.0,37.0,38.0,3.471001521535247
5.0,Learned_UNet_N1,seq_train_6bba_t35_p02_crowded,train,6bba_bb9f20c3,38.0,46.0,37.0,38.0,2.8726212985703494
5.0,Learned_UNet_N1,seq_train_6bba_t35_p02_crowded,train,6bba_bb9f20c3,39.0,54.0,37.0,38.0,2.7252078475778685
5.0,Learned_UNet_N1,seq_train_6bba_t35_p02_crowded,train,6bba_bb9f20c3,40.0,53.0,37.0,38.0,4.394265616971737
5.0,Learned_UNet_N1,seq_train_6bba_t35_p02_crowded,train,6bba_bb9f20c3,42.0,56.0,37.0,38.0,0.8125
5.0,Learned_UNet_N1,seq_train_6bba_t35_p02_crowded,train,6bba_bb9f20c3,43.0,55.0,37.0,38.0,1.284675299443404
5.0,Learned_UNet_N1,seq_train_6bba_t35_p02_crowded,train,6bba_bb9f20c3,45.0,63.0,38.0,39.0,0.8125
5.0,Learned_UNet_N1,seq_train_6bba_t35_p02_crowded,train,6bba_bb9f20c3,46.0,64.0,38.0,39.0,1.7235727791422095
5.0,Learned_UNet_N1,seq_train_6bba_t35_p02_crowded,train,6bba_bb9f20c3,47.0,67.0,38.0,39.0,1.6750116604071745
5.0,Learned_UNet_N1,seq_train_6bba_t35_p02_crowded,train,6bba_bb9f20c3,48.0,66.0,38.0,39.0,0.9084026158592896
5.0,Learned_UNet_N1,seq_train_6bba_t35_p02_crowded,train,6bba_bb9f20c3,49.0,65.0,38.0,39.0,1.4647552056572457
5.0,Learned_UNet_N1,seq_train_6bba_t35_p02_crowded,train,6bba_bb9f20c3,50.0,71.0,38.0,39.0,2.0714766773970688
5.0,Learned_UNet_N1,seq_train_6bba_t35_p02_crowded,train,6bba_bb9f20c3,51.0,68.0,38.0,39.0,3.300390601883359
5.0,Learned_UNet_N1,seq_train_6bba_t35_p02_crowded,train,6bba_bb9f20c3,52.0,69.0,38.0,39.0,2.6012692214570947
5.0,Learned_UNet_N1,seq_train_6bba_t35_p02_crowded,train,6bba_bb9f20c3,53.0,70.0,38.0,39.0,2.333728575156074
5.0,Learned_UNet_N1,seq_train_6bba_t35_p02_crowded,train,6bba_bb9f20c3,55.0,73.0,38.0,39.0,1.284675299443404
5.0,Learned_UNet_N1,seq_train_6bba_t35_p02_crowded,train,6bba_bb9f20c3,56.0,76.0,38.0,39.0,3.25
5.0,Learned_UNet_N1,seq_train_6bba_t35_p02_crowded,train,6bba_bb9f20c3,57.0,72.0,38.0,39.0,3.72334275215162
5.0,Learned_UNet_N1,seq_train_6bba_t35_p02_crowded,train,6bba_bb9f20c3,58.0,75.0,38.0,39.0,3.8540258983302125
5.0,Learned_UNet_N1,seq_train_6bba_t35_p02_crowded,train,6bba_bb9f20c3,59.0,74.0,38.0,39.0,0.5745242597140698
5.0,Learned_UNet_N1,seq_train_6bba_t40_p03_crowded,train,6bba_bb9f20c3,0.0,19.0,40.0,41.0,0.0
5.0,Learned_UNet_N1,seq_train_6bba_t40_p03_crowded,train,6bba_bb9f20c3,1.0,18.0,40.0,41.0,0.8125
5.0,Learned_UNet_N1,seq_train_6bba_t40_p03_crowded,train,6bba_bb9f20c3,2.0,21.0,40.0,41.0,0.40625
5.0,Learned_UNet_N1,seq_train_6bba_t40_p03_crowded,train,6bba_bb9f20c3,3.0,22.0,40.0,41.0,0.0
5.0,Learned_UNet_N1,seq_train_6bba_t40_p03_crowded,train,6bba_bb9f20c3,4.0,20.0,40.0,41.0,0.8125
5.0,Learned_UNet_N1,seq_train_6bba_t40_p03_crowded,train,6bba_bb9f20c3,5.0,25.0,40.0,41.0,0.0
5.0,Learned_UNet_N1,seq_train_6bba_t40_p03_crowded,train,6bba_bb9f20c3,6.0,23.0,40.0,41.0,0.0
5.0,Learned_UNet_N1,seq_train_6bba_t40_p03_crowded,train,6bba_bb9f20c3,7.0,26.0,40.0,41.0,0.5745242597140698
5.0,Learned_UNet_N1,seq_train_6bba_t40_p03_crowded,train,6bba_bb9f20c3,8.0,28.0,40.0,41.0,1.625
5.0,Learned_UNet_N1,seq_train_6bba_t40_p03_crowded,train,6bba_bb9f20c3,9.0,27.0,40.0,41.0,3.300390601883359
5.0,Learned_UNet_N1,seq_train_6bba_t40_p03_crowded,train,6bba_bb9f20c3,10.0,29.0,40.0,41.0,3.300390601883359
5.0,Learned_UNet_N1,seq_train_6bba_t40_p03_crowded,train,6bba_bb9f20c3,11.0,24.0,40.0,41.0,3.6336104634371584
5.0,Learned_UNet_N1,seq_train_6bba_t40_p03_crowded,train,6bba_bb9f20c3,12.0,32.0,40.0,41.0,0.5745242597140698
5.0,Learned_UNet_N1,seq_train_6bba_t40_p03_crowded,train,6bba_bb9f20c3,13.0,31.0,40.0,41.0,3.471001521535247
5.0,Learned_UNet_N1,seq_train_6bba_t40_p03_crowded,train,6bba_bb9f20c3,14.0,33.0,40.0,41.0,0.5745242597140698
5.0,Learned_UNet_N1,seq_train_6bba_t40_p03_crowded,train,6bba_bb9f20c3,15.0,34.0,40.0,41.0,3.2752922102462856
5.0,Learned_UNet_N1,seq_train_6bba_t40_p03_crowded,train,6bba_bb9f20c3,16.0,35.0,40.0,41.0,0.8125
5.0,Learned_UNet_N1,seq_train_6bba_t40_p03_crowded,train,6bba_bb9f20c3,17.0,36.0,40.0,41.0,3.2752922102462856
5.0,Learned_UNet_N1,seq_train_6bba_t40_p03_crowded,train,6bba_bb9f20c3,18.0,39.0,41.0,42.0,0.8125
5.0,Learned_UNet_N1,seq_train_6bba_t40_p03_crowded,train,6bba_bb9f20c3,19.0,38.0,41.0,42.0,3.300390601883359
5.0,Learned_UNet_N1,seq_train_6bba_t40_p03_crowded,train,6bba_bb9f20c3,20.0,41.0,41.0,42.0,1.1490485194281397
5.0,Learned_UNet_N1,seq_train_6bba_t40_p03_crowded,train,6bba_bb9f20c3,21.0,37.0,41.0,42.0,0.8125
5.0,Learned_UNet_N1,seq_train_6bba_t40_p03_crowded,train,6bba_bb9f20c3,23.0,40.0,41.0,42.0,0.8125
5.0,Learned_UNet_N1,seq_train_6bba_t40_p03_crowded,train,6bba_bb9f20c3,24.0,43.0,41.0,42.0,0.0
5.0,Learned_UNet_N1,seq_train_6bba_t40_p03_crowded,train,6bba_bb9f20c3,25.0,45.0,41.0,42.0,1.284675299443404
5.0,Learned_UNet_N1,seq_train_6bba_t40_p03_crowded,train,6bba_bb9f20c3,26.0,46.0,41.0,42.0,0.5745242597140698
5.0,Learned_UNet_N1,seq_train_6bba_t40_p03_crowded,train,6bba_bb9f20c3,27.0,42.0,41.0,42.0,0.5745242597140698
5.0,Learned_UNet_N1,seq_train_6bba_t40_p03_crowded,train,6bba_bb9f20c3,28.0,50.0,41.0,42.0,1.284675299443404
5.0,Learned_UNet_N1,seq_train_6bba_t40_p03_crowded,train,6bba_bb9f20c3,29.0,44.0,41.0,42.0,3.471001521535247
5.0,Learned_UNet_N1,seq_train_6bba_t40_p03_crowded,train,6bba_bb9f20c3,30.0,49.0,41.0,42.0,3.72334275215162
5.0,Learned_UNet_N1,seq_train_6bba_t40_p03_crowded,train,6bba_bb9f20c3,31.0,51.0,41.0,42.0,0.0
5.0,Learned_UNet_N1,seq_train_6bba_t40_p03_crowded,train,6bba_bb9f20c3,32.0,47.0,41.0,42.0,0.0
5.0,Learned_UNet_N1,seq_train_6bba_t40_p03_crowded,train,6bba_bb9f20c3,35.0,54.0,41.0,42.0,3.374565944310468
5.0,Learned_UNet_N1,seq_train_6bba_t40_p03_crowded,train,6bba_bb9f20c3,37.0,59.0,42.0,43.0,1.1490485194281397
5.0,Learned_UNet_N1,seq_train_6bba_t40_p03_crowded,train,6bba_bb9f20c3,38.0,55.0,42.0,43.0,1.625
5.0,Learned_UNet_N1,seq_train_6bba_t40_p03_crowded,train,6bba_bb9f20c3,39.0,56.0,42.0,43.0,0.8125
5.0,Learned_UNet_N1,seq_train_6bba_t40_p03_crowded,train,6bba_bb9f20c3,40.0,57.0,42.0,43.0,0.40625
5.0,Learned_UNet_N1,seq_train_6bba_t40_p03_crowded,train,6bba_bb9f20c3,41.0,61.0,42.0,43.0,2.4375
5.0,Learned_UNet_N1,seq_train_6bba_t40_p03_crowded,train,6bba_bb9f20c3,42.0,62.0,42.0,43.0,0.40625
5.0,Learned_UNet_N1,seq_train_6bba_t40_p03_crowded,train,6bba_bb9f20c3,43.0,63.0,42.0,43.0,0.8125
5.0,Learned_UNet_N1,seq_train_6bba_t40_p03_crowded,train,6bba_bb9f20c3,44.0,60.0,42.0,43.0,1.21875
5.0,Learned_UNet_N1,seq_train_6bba_t40_p03_crowded,train,6bba_bb9f20c3,45.0,66.0,42.0,43.0,0.8125
5.0,Learned_UNet_N1,seq_train_6bba_t40_p03_crowded,train,6bba_bb9f20c3,46.0,69.0,42.0,43.0,2.0714766773970688
5.0,Learned_UNet_N1,seq_train_6bba_t40_p03_crowded,train,6bba_bb9f20c3,47.0,64.0,42.0,43.0,0.8125
5.0,Learned_UNet_N1,seq_train_6bba_t40_p03_crowded,train,6bba_bb9f20c3,48.0,65.0,42.0,43.0,2.0714766773970688
5.0,Learned_UNet_N1,seq_train_6bba_t40_p03_crowded,train,6bba_bb9f20c3,49.0,58.0,42.0,43.0,3.8540258983302125
5.0,Learned_UNet_N1,seq_train_6bba_t40_p03_crowded,train,6bba_bb9f20c3,50.0,70.0,42.0,43.0,3.6336104634371584
5.0,Learned_UNet_N1,seq_train_6bba_t40_p03_crowded,train,6bba_bb9f20c3,51.0,68.0,42.0,43.0,0.8125
5.0,Learned_UNet_N1,seq_train_6bba_t40_p03_crowded,train,6bba_bb9f20c3,53.0,71.0,42.0,43.0,1.284675299443404
5.0,Learned_UNet_N1,seq_train_6bba_t40_p03_crowded,train,6bba_bb9f20c3,54.0,67.0,42.0,43.0,0.40625
5.0,Learned_UNet_N1,seq_train_6bba_t40_p03_crowded,train,6bba_bb9f20c3,55.0,74.0,43.0,44.0,0.8125
5.0,Learned_UNet_N1,seq_train_6bba_t40_p03_crowded,train,6bba_bb9f20c3,56.0,72.0,43.0,44.0,0.0
5.0,Learned_UNet_N1,seq_train_6bba_t40_p03_crowded,train,6bba_bb9f20c3,57.0,77.0,43.0,44.0,0.40625
5.0,Learned_UNet_N1,seq_train_6bba_t40_p03_crowded,train,6bba_bb9f20c3,58.0,73.0,43.0,44.0,4.318496736423452
5.0,Learned_UNet_N1,seq_train_6bba_t40_p03_crowded,train,6bba_bb9f20c3,59.0,75.0,43.0,44.0,3.2752922102462856
5.0,Learned_UNet_N1,seq_train_6bba_t40_p03_crowded,train,6bba_bb9f20c3,60.0,78.0,43.0,44.0,0.8125
5.0,Learned_UNet_N1,seq_train_6bba_t40_p03_crowded,train,6bba_bb9f20c3,61.0,76.0,43.0,44.0,1.86167137607581
5.0,Learned_UNet_N1,seq_train_6bba_t40_p03_crowded,train,6bba_bb9f20c3,62.0,81.0,43.0,44.0,0.40625
5.0,Learned_UNet_N1,seq_train_6bba_t40_p03_crowded,train,6bba_bb9f20c3,63.0,79.0,43.0,44.0,3.350023320814349
5.0,Learned_UNet_N1,seq_train_6bba_t40_p03_crowded,train,6bba_bb9f20c3,64.0,88.0,43.0,44.0,1.7235727791422095
5.0,Learned_UNet_N1,seq_train_6bba_t40_p03_crowded,train,6bba_bb9f20c3,65.0,85.0,43.0,44.0,2.569350598886808
5.0,Learned_UNet_N1,seq_train_6bba_t40_p03_crowded,train,6bba_bb9f20c3,66.0,83.0,43.0,44.0,3.350023320814349
5.0,Learned_UNet_N1,seq_train_6bba_t40_p03_crowded,train,6bba_bb9f20c3,67.0,82.0,43.0,44.0,0.40625
5.0,Learned_UNet_N1,seq_train_6bba_t40_p03_crowded,train,6bba_bb9f20c3,68.0,86.0,43.0,44.0,0.8125
5.0,Learned_UNet_N1,seq_train_6bba_t40_p03_crowded,train,6bba_bb9f20c3,69.0,87.0,43.0,44.0,1.625
5.0,Learned_UNet_N1,seq_train_6bba_t40_p03_crowded,train,6bba_bb9f20c3,70.0,80.0,43.0,44.0,1.1490485194281397
5.0,Learned_UNet_N1,seq_train_6bba_t40_p03_crowded,train,6bba_bb9f20c3,71.0,84.0,43.0,44.0,2.368824207280903
5.0,Learned_UNet_N1,seq_train_6bba_t45_p04_crowded,train,6bba_bb9f20c3,0.0,15.0,45.0,46.0,0.8125
5.0,Learned_UNet_N1,seq_train_6bba_t45_p04_crowded,train,6bba_bb9f20c3,1.0,16.0,45.0,46.0,1.21875
5.0,Learned_UNet_N1,seq_train_6bba_t45_p04_crowded,train,6bba_bb9f20c3,4.0,18.0,45.0,46.0,3.2752922102462856
5.0,Learned_UNet_N1,seq_train_6bba_t45_p04_crowded,train,6bba_bb9f20c3,5.0,17.0,45.0,46.0,3.350023320814349
5.0,Learned_UNet_N1,seq_train_6bba_t45_p04_crowded,train,6bba_bb9f20c3,6.0,20.0,45.0,46.0,1.21875
5.0,Learned_UNet_N1,seq_train_6bba_t45_p04_crowded,train,6bba_bb9f20c3,8.0,23.0,45.0,46.0,4.0625
5.0,Learned_UNet_N1,seq_train_6bba_t45_p04_crowded,train,6bba_bb9f20c3,9.0,19.0,45.0,46.0,2.9575446425202108
5.0,Learned_UNet_N1,seq_train_6bba_t45_p04_crowded,train,6bba_bb9f20c3,10.0,22.0,45.0,46.0,1.8168052317185792
5.0,Learned_UNet_N1,seq_train_6bba_t45_p04_crowded,train,6bba_bb9f20c3,11.0,21.0,45.0,46.0,3.0671202393287422
5.0,Learned_UNet_N1,seq_train_6bba_t45_p04_crowded,train,6bba_bb9f20c3,12.0,26.0,45.0,46.0,4.33756303988772
5.0,Learned_UNet_N1,seq_train_6bba_t45_p04_crowded,train,6bba_bb9f20c3,13.0,25.0,45.0,46.0,2.8726212985703494
5.0,Learned_UNet_N1,seq_train_6bba_t45_p04_crowded,train,6bba_bb9f20c3,15.0,28.0,46.0,47.0,1.1490485194281397
5.0,Learned_UNet_N1,seq_train_6bba_t45_p04_crowded,train,6bba_bb9f20c3,16.0,30.0,46.0,47.0,0.40625
5.0,Learned_UNet_N1,seq_train_6bba_t45_p04_crowded,train,6bba_bb9f20c3,17.0,29.0,46.0,47.0,1.21875
5.0,Learned_UNet_N1,seq_train_6bba_t45_p04_crowded,train,6bba_bb9f20c3,18.0,31.0,46.0,47.0,0.8125
5.0,Learned_UNet_N1,seq_train_6bba_t45_p04_crowded,train,6bba_bb9f20c3,19.0,34.0,46.0,47.0,0.9084026158592896
5.0,Learned_UNet_N1,seq_train_6bba_t45_p04_crowded,train,6bba_bb9f20c3,20.0,33.0,46.0,47.0,0.40625
5.0,Learned_UNet_N1,seq_train_6bba_t45_p04_crowded,train,6bba_bb9f20c3,21.0,35.0,46.0,47.0,1.7235727791422095
5.0,Learned_UNet_N1,seq_train_6bba_t45_p04_crowded,train,6bba_bb9f20c3,22.0,32.0,46.0,47.0,0.8125
5.0,Learned_UNet_N1,seq_train_6bba_t45_p04_crowded,train,6bba_bb9f20c3,23.0,39.0,46.0,47.0,1.21875
5.0,Learned_UNet_N1,seq_train_6bba_t45_p04_crowded,train,6bba_bb9f20c3,24.0,36.0,46.0,47.0,3.350023320814349
5.0,Learned_UNet_N1,seq_train_6bba_t45_p04_crowded,train,6bba_bb9f20c3,25.0,38.0,46.0,47.0,1.7235727791422095
5.0,Learned_UNet_N1,seq_train_6bba_t45_p04_crowded,train,6bba_bb9f20c3,26.0,37.0,46.0,47.0,1.8168052317185792
5.0,Learned_UNet_N1,seq_train_6bba_t45_p04_crowded,train,6bba_bb9f20c3,27.0,40.0,46.0,47.0,1.625
5.0,Learned_UNet_N1,seq_train_6bba_t45_p04_crowded,train,6bba_bb9f20c3,28.0,43.0,47.0,48.0,1.284675299443404
5.0,Learned_UNet_N1,seq_train_6bba_t45_p04_crowded,train,6bba_bb9f20c3,29.0,44.0,47.0,48.0,0.9084026158592896
5.0,Learned_UNet_N1,seq_train_6bba_t45_p04_crowded,train,6bba_bb9f20c3,30.0,46.0,47.0,48.0,0.40625
5.0,Learned_UNet_N1,seq_train_6bba_t45_p04_crowded,train,6bba_bb9f20c3,32.0,49.0,47.0,48.0,3.65625
5.0,Learned_UNet_N1,seq_train_6bba_t45_p04_crowded,train,6bba_bb9f20c3,35.0,52.0,47.0,48.0,4.375446405796785
5.0,Learned_UNet_N1,seq_train_6bba_t45_p04_crowded,train,6bba_bb9f20c3,36.0,45.0,47.0,48.0,0.9084026158592896
5.0,Learned_UNet_N1,seq_train_6bba_t45_p04_crowded,train,6bba_bb9f20c3,37.0,53.0,47.0,48.0,0.5745242597140698
5.0,Learned_UNet_N1,seq_train_6bba_t45_p04_crowded,train,6bba_bb9f20c3,38.0,51.0,47.0,48.0,1.1490485194281397
5.0,Learned_UNet_N1,seq_train_6bba_t45_p04_crowded,train,6bba_bb9f20c3,39.0,50.0,47.0,48.0,2.1877232028983924
5.0,Learned_UNet_N1,seq_train_6bba_t45_p04_crowded,train,6bba_bb9f20c3,41.0,55.0,47.0,48.0,0.8125
5.0,Learned_UNet_N1,seq_train_6bba_t45_p04_crowded,train,6bba_bb9f20c3,42.0,56.0,47.0,48.0,3.374565944310468
5.0,Learned_UNet_N1,seq_train_6bba_t45_p04_crowded,train,6bba_bb9f20c3,43.0,58.0,48.0,49.0,1.284675299443404
5.0,Learned_UNet_N1,seq_train_6bba_t45_p04_crowded,train,6bba_bb9f20c3,44.0,57.0,48.0,49.0,1.8168052317185792
5.0,Learned_UNet_N1,seq_train_6bba_t45_p04_crowded,train,6bba_bb9f20c3,45.0,59.0,48.0,49.0,0.40625
5.0,Learned_UNet_N1,seq_train_6bba_t45_p04_crowded,train,6bba_bb9f20c3,46.0,60.0,48.0,49.0,1.625
5.0,Learned_UNet_N1,seq_train_6bba_t45_p04_crowded,train,6bba_bb9f20c3,47.0,62.0,48.0,49.0,1.284675299443404
5.0,Learned_UNet_N1,seq_train_6bba_t45_p04_crowded,train,6bba_bb9f20c3,48.0,61.0,48.0,49.0,1.625
5.0,Learned_UNet_N1,seq_train_6bba_t45_p04_crowded,train,6bba_bb9f20c3,50.0,64.0,48.0,49.0,2.632800908728193
5.0,Learned_UNet_N1,seq_train_6bba_t45_p04_crowded,train,6bba_bb9f20c3,51.0,66.0,48.0,49.0,4.33756303988772
5.0,Learned_UNet_N1,seq_train_6bba_t45_p04_crowded,train,6bba_bb9f20c3,52.0,63.0,48.0,49.0,1.7235727791422095
5.0,Learned_UNet_N1,seq_train_6bba_t45_p04_crowded,train,6bba_bb9f20c3,54.0,71.0,48.0,49.0,1.6750116604071745
5.0,Learned_UNet_N1,seq_train_6bba_t45_p04_crowded,train,6bba_bb9f20c3,55.0,68.0,48.0,49.0,1.625
5.0,Learned_UNet_N1,seq_train_6bba_t45_p04_crowded,train,6bba_bb9f20c3,56.0,72.0,48.0,49.0,0.40625
5.0,Learned_UNet_N1,seq_train_6bba_t15_p07_crowded,train,6bba_bb9f20c3,0.0,27.0,15.0,16.0,0.9084026158592896
5.0,Learned_UNet_N1,seq_train_6bba_t15_p07_crowded,train,6bba_bb9f20c3,1.0,28.0,15.0,16.0,0.8125
5.0,Learned_UNet_N1,seq_train_6bba_t15_p07_crowded,train,6bba_bb9f20c3,2.0,25.0,15.0,16.0,3.350023320814349
5.0,Learned_UNet_N1,seq_train_6bba_t15_p07_crowded,train,6bba_bb9f20c3,3.0,26.0,15.0,16.0,0.40625
5.0,Learned_UNet_N1,seq_train_6bba_t15_p07_crowded,train,6bba_bb9f20c3,4.0,23.0,15.0,16.0,0.8125
5.0,Learned_UNet_N1,seq_train_6bba_t15_p07_crowded,train,6bba_bb9f20c3,5.0,30.0,15.0,16.0,3.2752922102462856
5.0,Learned_UNet_N1,seq_train_6bba_t15_p07_crowded,train,6bba_bb9f20c3,6.0,24.0,15.0,16.0,1.284675299443404
5.0,Learned_UNet_N1,seq_train_6bba_t15_p07_crowded,train,6bba_bb9f20c3,7.0,45.0,15.0,16.0,0.5745242597140698
5.0,Learned_UNet_N1,seq_train_6bba_t15_p07_crowded,train,6bba_bb9f20c3,8.0,32.0,15.0,16.0,0.8125
5.0,Learned_UNet_N1,seq_train_6bba_t15_p07_crowded,train,6bba_bb9f20c3,9.0,29.0,15.0,16.0,0.40625
5.0,Learned_UNet_N1,seq_train_6bba_t15_p07_crowded,train,6bba_bb9f20c3,10.0,31.0,15.0,16.0,0.0
5.0,Learned_UNet_N1,seq_train_6bba_t15_p07_crowded,train,6bba_bb9f20c3,11.0,35.0,15.0,16.0,1.6750116604071745
5.0,Learned_UNet_N1,seq_train_6bba_t15_p07_crowded,train,6bba_bb9f20c3,12.0,39.0,15.0,16.0,0.8125
5.0,Learned_UNet_N1,seq_train_6bba_t15_p07_crowded,train,6bba_bb9f20c3,13.0,33.0,15.0,16.0,0.9084026158592896
5.0,Learned_UNet_N1,seq_train_6bba_t15_p07_crowded,train,6bba_bb9f20c3,15.0,38.0,15.0,16.0,0.8125
5.0,Learned_UNet_N1,seq_train_6bba_t15_p07_crowded,train,6bba_bb9f20c3,16.0,42.0,15.0,16.0,0.8125
5.0,Learned_UNet_N1,seq_train_6bba_t15_p07_crowded,train,6bba_bb9f20c3,17.0,37.0,15.0,16.0,1.6750116604071745
5.0,Learned_UNet_N1,seq_train_6bba_t15_p07_crowded,train,6bba_bb9f20c3,18.0,43.0,15.0,16.0,0.40625
5.0,Learned_UNet_N1,seq_train_6bba_t15_p07_crowded,train,6bba_bb9f20c3,19.0,44.0,15.0,16.0,1.8168052317185792
5.0,Learned_UNet_N1,seq_train_6bba_t15_p07_crowded,train,6bba_bb9f20c3,21.0,34.0,15.0,16.0,1.6750116604071745
5.0,Learned_UNet_N1,seq_train_6bba_t15_p07_crowded,train,6bba_bb9f20c3,22.0,40.0,15.0,16.0,4.0625
5.0,Learned_UNet_N1,seq_train_6bba_t15_p07_crowded,train,6bba_bb9f20c3,23.0,46.0,16.0,17.0,0.8125
5.0,Learned_UNet_N1,seq_train_6bba_t15_p07_crowded,train,6bba_bb9f20c3,24.0,47.0,16.0,17.0,1.284675299443404
5.0,Learned_UNet_N1,seq_train_6bba_t15_p07_crowded,train,6bba_bb9f20c3,25.0,50.0,16.0,17.0,2.569350598886808
5.0,Learned_UNet_N1,seq_train_6bba_t15_p07_crowded,train,6bba_bb9f20c3,26.0,48.0,16.0,17.0,3.374565944310468
5.0,Learned_UNet_N1,seq_train_6bba_t15_p07_crowded,train,6bba_bb9f20c3,27.0,49.0,16.0,17.0,2.0714766773970688
5.0,Learned_UNet_N1,seq_train_6bba_t15_p07_crowded,train,6bba_bb9f20c3,28.0,51.0,16.0,17.0,3.832554834897995
5.0,Learned_UNet_N1,seq_train_6bba_t15_p07_crowded,train,6bba_bb9f20c3,29.0,54.0,16.0,17.0,3.350023320814349
5.0,Learned_UNet_N1,seq_train_6bba_t15_p07_crowded,train,6bba_bb9f20c3,30.0,58.0,16.0,17.0,0.9084026158592896
5.0,Learned_UNet_N1,seq_train_6bba_t15_p07_crowded,train,6bba_bb9f20c3,32.0,57.0,16.0,17.0,3.6336104634371584
5.0,Learned_UNet_N1,seq_train_6bba_t15_p07_crowded,train,6bba_bb9f20c3,33.0,66.0,16.0,17.0,2.03125
5.0,Learned_UNet_N1,seq_train_6bba_t15_p07_crowded,train,6bba_bb9f20c3,34.0,56.0,16.0,17.0,0.8125
5.0,Learned_UNet_N1,seq_train_6bba_t15_p07_crowded,train,6bba_bb9f20c3,36.0,60.0,16.0,17.0,0.0
5.0,Learned_UNet_N1,seq_train_6bba_t15_p07_crowded,train,6bba_bb9f20c3,37.0,53.0,16.0,17.0,2.2980970388562794
5.0,Learned_UNet_N1,seq_train_6bba_t15_p07_crowded,train,6bba_bb9f20c3,38.0,61.0,16.0,17.0,2.2980970388562794
5.0,Learned_UNet_N1,seq_train_6bba_t15_p07_crowded,train,6bba_bb9f20c3,39.0,62.0,16.0,17.0,2.2980970388562794
5.0,Learned_UNet_N1,seq_train_6bba_t15_p07_crowded,train,6bba_bb9f20c3,40.0,68.0,16.0,17.0,3.72334275215162
5.0,Learned_UNet_N1,seq_train_6bba_t15_p07_crowded,train,6bba_bb9f20c3,42.0,63.0,16.0,17.0,2.569350598886808
5.0,Learned_UNet_N1,seq_train_6bba_t15_p07_crowded,train,6bba_bb9f20c3,43.0,65.0,16.0,17.0,2.4375
5.0,Learned_UNet_N1,seq_train_6bba_t15_p07_crowded,train,6bba_bb9f20c3,44.0,64.0,16.0,17.0,1.86167137607581
5.0,Learned_UNet_N1,seq_train_6bba_t15_p07_crowded,train,6bba_bb9f20c3,45.0,52.0,16.0,17.0,0.40625
5.0,Learned_UNet_N1,seq_train_6bba_t15_p07_crowded,train,6bba_bb9f20c3,46.0,69.0,17.0,18.0,0.0
5.0,Learned_UNet_N1,seq_train_6bba_t15_p07_crowded,train,6bba_bb9f20c3,47.0,70.0,17.0,18.0,0.0
5.0,Learned_UNet_N1,seq_train_6bba_t15_p07_crowded,train,6bba_bb9f20c3,48.0,71.0,17.0,18.0,0.0
5.0,Learned_UNet_N1,seq_train_6bba_t15_p07_crowded,train,6bba_bb9f20c3,49.0,72.0,17.0,18.0,0.0
5.0,Learned_UNet_N1,seq_train_6bba_t15_p07_crowded,train,6bba_bb9f20c3,50.0,73.0,17.0,18.0,0.0
5.0,Learned_UNet_N1,seq_train_6bba_t15_p07_crowded,train,6bba_bb9f20c3,51.0,74.0,17.0,18.0,0.0
5.0,Learned_UNet_N1,seq_train_6bba_t15_p07_crowded,train,6bba_bb9f20c3,52.0,75.0,17.0,18.0,0.0
5.0,Learned_UNet_N1,seq_train_6bba_t15_p07_crowded,train,6bba_bb9f20c3,53.0,76.0,17.0,18.0,0.0
5.0,Learned_UNet_N1,seq_train_6bba_t15_p07_crowded,train,6bba_bb9f20c3,54.0,77.0,17.0,18.0,0.0
5.0,Learned_UNet_N1,seq_train_6bba_t15_p07_crowded,train,6bba_bb9f20c3,55.0,78.0,17.0,18.0,0.0
5.0,Learned_UNet_N1,seq_train_6bba_t15_p07_crowded,train,6bba_bb9f20c3,56.0,79.0,17.0,18.0,0.0
5.0,Learned_UNet_N1,seq_train_6bba_t15_p07_crowded,train,6bba_bb9f20c3,57.0,80.0,17.0,18.0,0.0
5.0,Learned_UNet_N1,seq_train_6bba_t15_p07_crowded,train,6bba_bb9f20c3,58.0,81.0,17.0,18.0,0.0
5.0,Learned_UNet_N1,seq_train_6bba_t15_p07_crowded,train,6bba_bb9f20c3,59.0,82.0,17.0,18.0,0.0
5.0,Learned_UNet_N1,seq_train_6bba_t15_p07_crowded,train,6bba_bb9f20c3,60.0,83.0,17.0,18.0,0.0
5.0,Learned_UNet_N1,seq_train_6bba_t15_p07_crowded,train,6bba_bb9f20c3,61.0,84.0,17.0,18.0,0.0
5.0,Learned_UNet_N1,seq_train_6bba_t15_p07_crowded,train,6bba_bb9f20c3,62.0,85.0,17.0,18.0,0.0
5.0,Learned_UNet_N1,seq_train_6bba_t15_p07_crowded,train,6bba_bb9f20c3,63.0,86.0,17.0,18.0,0.0
5.0,Learned_UNet_N1,seq_train_6bba_t15_p07_crowded,train,6bba_bb9f20c3,64.0,87.0,17.0,18.0,0.0
5.0,Learned_UNet_N1,seq_train_6bba_t15_p07_crowded,train,6bba_bb9f20c3,65.0,88.0,17.0,18.0,0.0
5.0,Learned_UNet_N1,seq_train_6bba_t15_p07_crowded,train,6bba_bb9f20c3,66.0,89.0,17.0,18.0,0.0
5.0,Learned_UNet_N1,seq_train_6bba_t15_p07_crowded,train,6bba_bb9f20c3,67.0,90.0,17.0,18.0,0.0
5.0,Learned_UNet_N1,seq_train_6bba_t15_p07_crowded,train,6bba_bb9f20c3,68.0,91.0,17.0,18.0,0.0
5.0,Learned_UNet_N1,seq_train_6bba_t15_p07_crowded,train,6bba_bb9f20c3,69.0,92.0,18.0,19.0,2.7252078475778685
5.0,Learned_UNet_N1,seq_train_6bba_t15_p07_crowded,train,6bba_bb9f20c3,70.0,97.0,18.0,19.0,3.093907824257213
5.0,Learned_UNet_N1,seq_train_6bba_t15_p07_crowded,train,6bba_bb9f20c3,71.0,95.0,18.0,19.0,1.8168052317185792
5.0,Learned_UNet_N1,seq_train_6bba_t15_p07_crowded,train,6bba_bb9f20c3,72.0,101.0,18.0,19.0,0.40625
5.0,Learned_UNet_N1,seq_train_6bba_t15_p07_crowded,train,6bba_bb9f20c3,73.0,93.0,18.0,19.0,3.350023320814349
5.0,Learned_UNet_N1,seq_train_6bba_t15_p07_crowded,train,6bba_bb9f20c3,74.0,100.0,18.0,19.0,2.9575446425202108
5.0,Learned_UNet_N1,seq_train_6bba_t15_p07_crowded,train,6bba_bb9f20c3,75.0,110.0,18.0,19.0,0.8125
5.0,Learned_UNet_N1,seq_train_6bba_t15_p07_crowded,train,6bba_bb9f20c3,77.0,94.0,18.0,19.0,3.65625
5.0,Learned_UNet_N1,seq_train_6bba_t15_p07_crowded,train,6bba_bb9f20c3,78.0,99.0,18.0,19.0,3.8540258983302125
5.0,Learned_UNet_N1,seq_train_6bba_t15_p07_crowded,train,6bba_bb9f20c3,79.0,114.0,18.0,19.0,0.9084026158592896
5.0,Learned_UNet_N1,seq_train_6bba_t15_p07_crowded,train,6bba_bb9f20c3,80.0,96.0,18.0,19.0,3.350023320814349
5.0,Learned_UNet_N1,seq_train_6bba_t15_p07_crowded,train,6bba_bb9f20c3,81.0,102.0,18.0,19.0,4.162823748671087
5.0,Learned_UNet_N1,seq_train_6bba_t15_p07_crowded,train,6bba_bb9f20c3,82.0,109.0,18.0,19.0,3.494694639736067
5.0,Learned_UNet_N1,seq_train_6bba_t15_p07_crowded,train,6bba_bb9f20c3,83.0,103.0,18.0,19.0,4.487177913232324
5.0,Learned_UNet_N1,seq_train_6bba_t15_p07_crowded,train,6bba_bb9f20c3,84.0,111.0,18.0,19.0,3.9804208320226646
5.0,Learned_UNet_N1,seq_train_6bba_t15_p07_crowded,train,6bba_bb9f20c3,85.0,107.0,18.0,19.0,3.040096626753827
5.0,Learned_UNet_N1,seq_train_6bba_t15_p07_crowded,train,6bba_bb9f20c3,86.0,112.0,18.0,19.0,3.6336104634371584
5.0,Learned_UNet_N1,seq_train_6bba_t15_p07_crowded,train,6bba_bb9f20c3,87.0,105.0,18.0,19.0,0.9084026158592896
5.0,Learned_UNet_N1,seq_train_6bba_t15_p07_crowded,train,6bba_bb9f20c3,88.0,108.0,18.0,19.0,2.03125
5.0,Learned_UNet_N1,seq_train_6bba_t15_p07_crowded,train,6bba_bb9f20c3,90.0,104.0,18.0,19.0,0.8125
