variant,patch_id,split,sample_id,t,category,threshold,num_gt,num_peaks,matched_1_0,matched_2_0,matched_3_0,mean_dist_all_um,median_dist_all_um,mean_dist_matched_2_0_um,count_matched_2_0,mean_dist_matched_3_0_um,count_matched_3_0,mean_conf,detected_coords,detected_scores
F1_N0,train_6bba_t15_p01_crowded,train,6bba_bb9f20c3,15,crowded,0.3,2,20,0,0,1,2.673384428024292,2.673384428024292,,0,2.071476697921753,1,,"[[ 6. 25. 40.]
 [ 8. 47. 32.]
 [16. 23. 19.]
 [18. 47. 24.]
 [12. 19. 18.]
 [ 2. 53. 55.]
 [12.  5. 48.]
 [ 8. 46.  5.]
 [18. 59.  4.]
 [ 2.  7. 48.]
 [16. 62. 56.]
 [ 2. 10.  6.]
 [12. 54. 11.]
 [ 6.  7. 63.]
 [16.  1. 16.]
 [20. 19. 32.]
 [ 5. 62.  7.]
 [ 3. 59. 34.]
 [12. 31. 63.]
 [ 1. 47.  3.]]","[0.8638104796409607, 0.7883265614509583, 0.7590256929397583, 0.7336786985397339, 0.721149206161499, 0.6964479088783264, 0.6822447180747986, 0.6810724139213562, 0.6783408522605896, 0.663783073425293, 0.6426449418067932, 0.616420328617096, 0.5904181599617004, 0.5744378566741943, 0.5469924807548523, 0.5468060374259949, 0.4543386995792389, 0.4505477547645569, 0.3915819525718689, 0.37214532494544983]"
F1_N0,train_6bba_t35_p02_crowded,train,6bba_bb9f20c3,35,crowded,0.3,2,21,0,1,2,1.8975247144699097,1.8975247144699097,1.7235727310180664,1,1.8975247144699097,2,0.5424632430076599,"[[14. 19. 14.]
 [10. 35. 54.]
 [10. 50. 25.]
 [14.  9. 39.]
 [18. 30. 36.]
 [16. 51. 52.]
 [12. 15. 63.]
 [20.  5. 58.]
 [24. 23.  5.]
 [24.  5.  4.]
 [22. 25. 17.]
 [14. 59.  4.]
 [ 9. 63.  7.]
 [ 8. 33. 27.]
 [ 6. 53. 63.]
 [12. 61. 63.]
 [ 7. 33. 37.]
 [ 2. 11. 54.]
 [ 2.  9. 24.]
 [20. 44.  3.]
 [ 1. 62. 16.]]","[0.8528422117233276, 0.8331872820854187, 0.8181840777397156, 0.814824640750885, 0.7892058491706848, 0.7388136386871338, 0.7344632148742676, 0.6460056900978088, 0.6302070617675781, 0.572224497795105, 0.5655279755592346, 0.5424632430076599, 0.5410662889480591, 0.5173899531364441, 0.4943097233772278, 0.48456135392189026, 0.476141095161438, 0.4575650990009308, 0.3475516438484192, 0.34125885367393494, 0.30337026715278625]"
F1_N0,train_6bba_t40_p03_crowded,train,6bba_bb9f20c3,40,crowded,0.3,2,24,2,2,2,0.6573263108730316,0.6573263108730316,0.6573263108730316,2,0.6573263108730316,2,0.6511996984481812,"[[14. 30. 56.]
 [10. 29. 56.]
 [16. 33. 34.]
 [24. 33.  4.]
 [10. 41. 34.]
 [24. 14. 14.]
 [18. 45. 29.]
 [22. 21. 35.]
 [14. 62. 48.]
 [22. 51.  7.]
 [14. 62. 58.]
 [12. 35. 19.]
 [20.  3. 35.]
 [16.  1. 38.]
 [20. 15.  3.]
 [24. 62. 14.]
 [27. 49. 31.]
 [ 4. 62. 52.]
 [ 6. 37. 25.]
 [16.  2. 12.]
 [ 9. 62. 18.]
 [ 5. 61.  5.]
 [ 4. 62. 14.]
 [12. 62.  4.]]","[0.7865159511566162, 0.7560837864875793, 0.7297236919403076, 0.6636054515838623, 0.6589410305023193, 0.6211663484573364, 0.6068571209907532, 0.5893264412879944, 0.5815179347991943, 0.5726757049560547, 0.5698742866516113, 0.5645931363105774, 0.502938985824585, 0.49202483892440796, 0.47213268280029297, 0.4693482220172882, 0.44382667541503906, 0.4254204034805298, 0.4193740487098694, 0.41114380955696106, 0.41110914945602417, 0.40138009190559387, 0.39002659916877747, 0.367402583360672]"
F1_N0,train_6bba_t45_p04_crowded,train,6bba_bb9f20c3,45,crowded,0.3,3,22,2,2,2,2.1873780886332193,0.8125,0.609375,2,0.609375,2,0.7161381244659424,"[[24. 25. 14.]
 [10. 47. 53.]
 [24. 11. 42.]
 [14. 33. 32.]
 [16. 22. 50.]
 [22. 60. 15.]
 [16. 19. 10.]
 [16. 38. 17.]
 [16.  3. 63.]
 [14.  5. 48.]
 [24. 59.  4.]
 [22.  3. 63.]
 [24. 49. 62.]
 [12. 62.  6.]
 [22. 62. 50.]
 [18. 49. 62.]
 [14. 60. 43.]
 [18. 62. 28.]
 [22. 39. 34.]
 [20.  1. 32.]
 [31. 11.  4.]
 [ 4. 62.  4.]]","[0.8476540446281433, 0.8342163562774658, 0.7941672801971436, 0.7802774906158447, 0.7520683407783508, 0.65199875831604, 0.6493666768074036, 0.6412183046340942, 0.6178432106971741, 0.6109632253646851, 0.5893875956535339, 0.5867577791213989, 0.5823147892951965, 0.5704490542411804, 0.5537964701652527, 0.5434255003929138, 0.5081096291542053, 0.5018171072006226, 0.48891791701316833, 0.39999303221702576, 0.3886941969394684, 0.3770749568939209]"
F1_N0,train_6bba_t55_p05_crowded,train,6bba_bb9f20c3,55,crowded,0.3,2,18,1,1,2,1.2388633489608765,1.2388633489608765,0.40625,1,1.2388633489608765,2,0.7615885138511658,"[[ 4. 15. 56.]
 [ 4. 32. 31.]
 [14. 11. 21.]
 [ 8. 37. 50.]
 [10. 29. 21.]
 [ 2. 43. 55.]
 [ 8. 11. 14.]
 [10. 53. 20.]
 [ 2.  8. 36.]
 [12. 43.  3.]
 [ 2. 34. 11.]
 [18.  9.  6.]
 [14. 61.  4.]
 [ 2.  9.  9.]
 [ 6. 63. 35.]
 [ 6.  1. 28.]
 [ 6. 61. 63.]
 [ 5. 62.  4.]]","[0.8209554553031921, 0.7615885138511658, 0.7558452486991882, 0.7298916578292847, 0.7046895027160645, 0.7013682126998901, 0.6860612630844116, 0.6725102066993713, 0.6260992288589478, 0.6207631230354309, 0.5241408944129944, 0.519680380821228, 0.4969555735588074, 0.49503594636917114, 0.4906531870365143, 0.48261702060699463, 0.46114856004714966, 0.4044668972492218]"
F1_N0,train_6bba_t55_p06_crowded,train,6bba_bb9f20c3,55,crowded,0.3,3,25,0,2,2,2.0414836406707764,1.6750116348266602,1.4120301008224487,2,1.4120301008224487,2,0.6421172618865967,"[[12. 18. 42.]
 [26. 51. 27.]
 [16. 30. 34.]
 [22. 31. 14.]
 [16. 51. 52.]
 [24.  7. 46.]
 [12. 41.  4.]
 [18. 27.  4.]
 [10. 54. 36.]
 [16. 15. 63.]
 [16.  5.  5.]
 [ 8. 51. 59.]
 [26. 15. 16.]
 [20. 53. 30.]
 [ 8. 23. 60.]
 [22. 11.  4.]
 [18. 54.  3.]
 [29. 62.  3.]
 [24.  1. 22.]
 [12.  1. 63.]
 [24. 62.  4.]
 [12. 59. 63.]
 [26. 49.  3.]
 [ 4. 62.  4.]
 [30. 33.  3.]]","[0.7849458456039429, 0.7294151782989502, 0.7201180458068848, 0.7192003726959229, 0.656231701374054, 0.6467604637145996, 0.63913494348526, 0.6216554641723633, 0.6083359122276306, 0.5765501856803894, 0.5745963454246521, 0.5726425647735596, 0.567194938659668, 0.5641164779663086, 0.5142554044723511, 0.508372962474823, 0.49116823077201843, 0.4503119885921478, 0.4445500671863556, 0.4130769371986389, 0.4128274619579315, 0.37954333424568176, 0.3617212474346161, 0.3603407144546509, 0.34107908606529236]"
F1_N0,train_6bba_t15_p07_crowded,train,6bba_bb9f20c3,15,crowded,0.3,3,28,1,2,2,2.680606166521708,1.8616713285446167,1.1339606642723083,2,1.1339606642723083,2,0.7091235518455505,"[[14. 11.  4.]
 [22. 27. 33.]
 [10.  6. 54.]
 [24. 37. 31.]
 [ 8. 37. 54.]
 [28. 25.  9.]
 [14. 37. 56.]
 [ 8. 31. 34.]
 [10. 43. 16.]
 [16. 22. 48.]
 [22. 44. 51.]
 [20. 55. 38.]
 [18.  4. 47.]
 [ 4. 60. 53.]
 [14. 43.  4.]
 [12. 62. 59.]
 [22. 41.  4.]
 [26. 62. 33.]
 [14. 62. 42.]
 [28. 51. 42.]
 [18. 62. 59.]
 [29. 45.  4.]
 [ 9. 62. 26.]
 [27.  1.  4.]
 [13.  1. 28.]
 [19. 62. 10.]
 [29. 33. 32.]
 [10. 62.  4.]]","[0.7716426253318787, 0.7704781889915466, 0.7190836071968079, 0.718794047832489, 0.7017789483070374, 0.6811005473136902, 0.6556167006492615, 0.6466044783592224, 0.6373206377029419, 0.6371118426322937, 0.5693015456199646, 0.5588253140449524, 0.5577719807624817, 0.5516207218170166, 0.5512990951538086, 0.5488658547401428, 0.5424081683158875, 0.5361086130142212, 0.5072306990623474, 0.47989627718925476, 0.4666634202003479, 0.42460229992866516, 0.4228825569152832, 0.42032307386398315, 0.4018116891384125, 0.39318713545799255, 0.3631300926208496, 0.35050445795059204]"
F1_N0,train_6bba_t25_p08_crowded,train,6bba_bb9f20c3,25,crowded,0.3,4,27,0,2,2,3.3520653545856476,2.584853172302246,1.4798434376716614,2,1.4798434376716614,2,0.6132918000221252,"[[22. 51. 22.]
 [ 6. 41. 26.]
 [16. 11. 14.]
 [ 6.  6. 50.]
 [14. 33. 19.]
 [24. 33. 33.]
 [14. 60. 30.]
 [ 8. 39. 49.]
 [18. 19. 48.]
 [18. 59. 35.]
 [ 6. 29. 58.]
 [10. 61. 59.]
 [16. 33.  5.]
 [12.  3. 42.]
 [14. 27. 43.]
 [30. 53.  4.]
 [10. 53.  3.]
 [30. 11.  7.]
 [28. 28.  6.]
 [ 2. 49. 57.]
 [ 6.  4. 33.]
 [ 5. 62. 24.]
 [ 2. 62. 36.]
 [17. 35. 63.]
 [17.  1. 36.]
 [10. 45. 63.]
 [23.  2. 35.]]","[0.7762101888656616, 0.7616222500801086, 0.7583648562431335, 0.7411575317382812, 0.7142578363418579, 0.7053446769714355, 0.6664291620254517, 0.663686990737915, 0.6544190645217896, 0.6436184048652649, 0.6375002861022949, 0.588786780834198, 0.5829651951789856, 0.5733846426010132, 0.565623939037323, 0.5429026484489441, 0.5202722549438477, 0.5194769501686096, 0.5191094875335693, 0.511783242225647, 0.4915781319141388, 0.4231083393096924, 0.41562625765800476, 0.4113747477531433, 0.4079038202762604, 0.3804599642753601, 0.3067871928215027]"
F1_N0,train_6bba_t10_p09_crowded,train,6bba_bb9f20c3,10,crowded,0.3,2,15,0,1,1,3.537707805633545,3.537707805633545,1.625,1,1.625,1,0.6142109632492065,"[[ 4. 13. 54.]
 [ 2. 31. 29.]
 [12. 23. 36.]
 [ 4. 53. 54.]
 [ 8. 13. 14.]
 [ 6. 43.  4.]
 [10. 37. 12.]
 [ 6. 27. 57.]
 [ 2. 59.  4.]
 [18. 27. 22.]
 [ 8. 62. 20.]
 [ 8.  1. 36.]
 [ 0. 27. 63.]
 [14.  1. 34.]
 [ 2. 13.  6.]]","[0.8535256385803223, 0.8337748646736145, 0.8130038380622864, 0.788685142993927, 0.7539299726486206, 0.7273284792900085, 0.6986339688301086, 0.6593889594078064, 0.6142109632492065, 0.6120077967643738, 0.5846205353736877, 0.5792708992958069, 0.5497235655784607, 0.3885442912578583, 0.3797394633293152]"
F1_N0,train_6bba_t40_p10_crowded,train,6bba_bb9f20c3,40,crowded,0.3,2,19,1,1,1,1.7231732606887817,1.7231732606887817,0.40625,1,0.40625,1,0.6374067664146423,"[[16. 49. 26.]
 [12. 13. 16.]
 [18. 13. 18.]
 [12. 53. 19.]
 [ 8. 29. 54.]
 [ 6. 39. 36.]
 [10. 59. 53.]
 [12. 19. 56.]
 [ 8. 59. 16.]
 [14. 33. 32.]
 [ 6. 11. 54.]
 [18. 33.  3.]
 [ 3. 59. 63.]
 [24.  1.  3.]
 [12. 11. 38.]
 [ 4. 62. 26.]
 [17.  3. 63.]
 [11. 47.  4.]
 [21.  1. 40.]]","[0.8195324540138245, 0.7934564352035522, 0.7407823204994202, 0.7321895956993103, 0.7248451113700867, 0.6965469717979431, 0.6917139291763306, 0.6661620140075684, 0.6488065719604492, 0.6374067664146423, 0.6084891557693481, 0.5780179500579834, 0.566554844379425, 0.5318862795829773, 0.5262313485145569, 0.5054454803466797, 0.38353684544563293, 0.3580862879753113, 0.3206597566604614]"
F1_N0,train_6bba_t35_p11_crowded,train,6bba_bb9f20c3,35,crowded,0.3,3,28,2,2,2,1.8787421385447185,0.5745242834091187,0.5745242834091187,2,0.5745242834091187,2,0.7240835726261139,"[[22. 25. 11.]
 [ 8. 45. 52.]
 [16. 33. 31.]
 [12. 10. 18.]
 [12. 39. 27.]
 [14. 60. 55.]
 [ 8. 15. 45.]
 [ 2.  7. 44.]
 [ 6. 15. 16.]
 [20. 45. 22.]
 [ 2. 41. 21.]
 [20.  9. 22.]
 [18. 45.  4.]
 [26. 61. 13.]
 [ 4.  6. 57.]
 [14. 31.  8.]
 [10. 61. 33.]
 [16.  9. 58.]
 [ 5. 59. 46.]
 [10. 21. 62.]
 [17. 59. 22.]
 [18. 29. 62.]
 [18.  1. 44.]
 [14.  1. 42.]
 [ 1. 62. 20.]
 [ 5. 61. 63.]
 [25. 11.  3.]
 [10. 62.  4.]]","[0.8556729555130005, 0.7766237258911133, 0.7362290024757385, 0.7313396334648132, 0.7297325134277344, 0.7162284255027771, 0.7119381427764893, 0.7031342387199402, 0.6776284575462341, 0.6615771055221558, 0.6403171420097351, 0.606399416923523, 0.6059337854385376, 0.5585987567901611, 0.5542247891426086, 0.5472025275230408, 0.5365538001060486, 0.5274215340614319, 0.508014976978302, 0.5044456720352173, 0.5019721984863281, 0.49924802780151367, 0.47243165969848633, 0.4600706398487091, 0.4429582953453064, 0.3794337809085846, 0.3658100366592407, 0.3134659230709076]"
F1_N0,train_6bba_t45_p12_crowded,train,6bba_bb9f20c3,45,crowded,0.3,3,24,1,2,2,2.311792810757955,1.8616713285446167,1.1339606642723083,2,1.1339606642723083,2,0.7952702045440674,"[[22. 34.  6.]
 [14. 14. 16.]
 [16. 31. 32.]
 [ 8. 43. 44.]
 [10. 11. 35.]
 [22. 13. 22.]
 [10. 26. 57.]
 [12. 45. 25.]
 [16. 31. 57.]
 [ 2. 31. 24.]
 [ 6.  5. 59.]
 [12. 55. 57.]
 [ 2. 25. 57.]
 [ 2. 60. 29.]
 [18. 62. 40.]
 [10. 62. 34.]
 [14. 39.  3.]
 [ 6. 60. 51.]
 [16.  7. 52.]
 [18. 59. 19.]
 [20. 43. 21.]
 [11.  1. 58.]
 [ 7. 62.  4.]
 [24. 62. 14.]]","[0.8287744522094727, 0.8069330453872681, 0.8039456605911255, 0.7943444848060608, 0.7865947484970093, 0.7824940085411072, 0.7158578634262085, 0.6944456100463867, 0.6845073103904724, 0.637484610080719, 0.6264719367027283, 0.6194782853126526, 0.6060954928398132, 0.6032991409301758, 0.5270178318023682, 0.5071781277656555, 0.505386233329773, 0.49729809165000916, 0.49425008893013, 0.4886033535003662, 0.48673006892204285, 0.4305325448513031, 0.430388867855072, 0.4062119424343109]"
F1_N0,train_6bba_t20_p13_crowded,train,6bba_bb9f20c3,20,crowded,0.3,3,22,1,2,3,1.6230635245641072,1.8616713285446167,1.1339606642723083,2,1.6230635245641072,3,0.583996057510376,"[[12.  9. 43.]
 [12. 39. 11.]
 [12. 59. 29.]
 [ 4. 22. 57.]
 [ 4. 26. 26.]
 [ 8. 33. 48.]
 [10.  7. 16.]
 [10. 23. 22.]
 [ 4. 51. 63.]
 [16. 33. 32.]
 [ 2. 54. 10.]
 [14. 19. 60.]
 [16. 59.  3.]
 [ 4. 58. 33.]
 [18. 43. 10.]
 [ 2.  7. 54.]
 [ 6. 34.  3.]
 [ 1. 44. 51.]
 [ 7. 54.  7.]
 [15. 11.  4.]
 [ 8. 62. 50.]
 [21. 17.  3.]]","[0.8418101668357849, 0.8144659996032715, 0.813083291053772, 0.7798808813095093, 0.742209792137146, 0.6903429627418518, 0.6756657361984253, 0.6599950194358826, 0.6098466515541077, 0.6029421091079712, 0.5966339111328125, 0.5703607201576233, 0.5670911073684692, 0.5650500059127808, 0.5601924657821655, 0.534686267375946, 0.49511927366256714, 0.494731605052948, 0.4916442930698395, 0.4598352015018463, 0.4254131615161896, 0.3159239888191223]"
F1_N0,train_6bba_t20_p14_crowded,train,6bba_bb9f20c3,20,crowded,0.3,3,27,1,2,2,1.9236754179000854,1.9902104139328003,1.1982302069664001,2,1.1982302069664001,2,0.791388601064682,"[[16. 33.  9.]
 [ 8. 39. 59.]
 [12. 10. 46.]
 [20. 51. 27.]
 [10. 38. 31.]
 [ 4. 42. 39.]
 [ 8. 11. 36.]
 [ 4.  9. 34.]
 [20. 62.  6.]
 [24. 13.  5.]
 [12. 19.  4.]
 [ 4.  5. 52.]
 [ 8. 45.  7.]
 [12. 49. 49.]
 [ 2. 47. 13.]
 [ 4. 59. 57.]
 [20. 19. 23.]
 [18.  4. 35.]
 [14. 18. 24.]
 [18.  3.  7.]
 [12. 62.  4.]
 [ 3. 17. 13.]
 [20. 31. 21.]
 [14. 62. 18.]
 [16. 62. 60.]
 [ 2. 23. 63.]
 [10. 15. 63.]]","[0.8132189512252808, 0.7706764936447144, 0.7695582509040833, 0.7350994348526001, 0.7311228513717651, 0.7216050624847412, 0.7192410826683044, 0.7149973511695862, 0.6660144329071045, 0.6340931057929993, 0.5938090682029724, 0.5884044766426086, 0.5883424878120422, 0.5871325135231018, 0.5818828344345093, 0.5808043479919434, 0.5353274345397949, 0.5287816524505615, 0.522344172000885, 0.5037708282470703, 0.4755610525608063, 0.46709710359573364, 0.443959504365921, 0.42087990045547485, 0.41895580291748047, 0.4145554006099701, 0.3597840964794159]"
F1_N0,train_6bba_t15_p15_crowded,train,6bba_bb9f20c3,15,crowded,0.3,2,25,0,0,0,3.813664674758911,3.813664674758911,,0,,0,,"[[22.  9. 12.]
 [10. 13. 36.]
 [14. 35. 30.]
 [12. 19. 59.]
 [ 8. 35. 46.]
 [ 4. 59. 32.]
 [ 6. 33. 27.]
 [10. 30.  8.]
 [16.  7.  5.]
 [ 8. 62. 40.]
 [ 8. 17. 63.]
 [ 2. 51. 63.]
 [18.  5. 43.]
 [ 8. 51.  4.]
 [12. 62.  4.]
 [15.  1. 24.]
 [ 2. 33. 22.]
 [14. 59. 32.]
 [ 6. 11.  4.]
 [ 4. 31.  4.]
 [29.  1.  6.]
 [ 8.  1. 56.]
 [12. 41. 63.]
 [18. 51.  3.]
 [ 2. 62. 12.]]","[0.8531579971313477, 0.8075055480003357, 0.7902028560638428, 0.7611285448074341, 0.7583793997764587, 0.7549403309822083, 0.7293996214866638, 0.6725993752479553, 0.6647313833236694, 0.6579307317733765, 0.6167583465576172, 0.5991969108581543, 0.5875962972640991, 0.5834141969680786, 0.4736449420452118, 0.4662424325942993, 0.44258204102516174, 0.44125840067863464, 0.4380606412887573, 0.4380374550819397, 0.42008084058761597, 0.41650140285491943, 0.4105885326862335, 0.3995080590248108, 0.34371766448020935]"
F1_N0,train_6bba_t30_p16_crowded,train,6bba_bb9f20c3,30,crowded,0.3,2,23,0,1,1,4.314445734024048,4.314445734024048,1.6750116348266602,1,1.6750116348266602,1,0.7438215613365173,"[[10. 18. 34.]
 [14.  9. 14.]
 [ 6. 42. 31.]
 [16. 33. 36.]
 [16. 53.  6.]
 [ 4. 45. 48.]
 [10.  9. 52.]
 [22.  5. 12.]
 [ 6. 23. 63.]
 [ 8. 49.  3.]
 [18.  6. 41.]
 [12. 43. 41.]
 [ 6. 31.  4.]
 [12. 21. 63.]
 [18.  5.  5.]
 [ 8. 60. 55.]
 [ 8. 17.  4.]
 [ 1. 63. 53.]
 [ 6. 62. 22.]
 [21. 21.  3.]
 [14. 33.  3.]
 [12. 45. 63.]
 [ 4. 18. 29.]]","[0.8161414861679077, 0.765763521194458, 0.7555148005485535, 0.7438215613365173, 0.7393324375152588, 0.7246253490447998, 0.7204756736755371, 0.7125681638717651, 0.6914398074150085, 0.6687754392623901, 0.666857898235321, 0.6657525897026062, 0.6572202444076538, 0.5999085903167725, 0.5602063536643982, 0.5093876123428345, 0.5058004856109619, 0.48109444975852966, 0.4351193308830261, 0.4107115566730499, 0.3968794643878937, 0.3905951678752899, 0.3581218719482422]"
F1_N0,train_6bba_t50_p17_crowded,train,6bba_bb9f20c3,50,crowded,0.3,3,25,1,3,3,1.3716340859731038,1.7235727310180664,1.3716340859731038,3,1.3716340859731038,3,0.6162032087643942,"[[16. 33. 33.]
 [10. 44. 30.]
 [14. 11. 32.]
 [ 8. 21. 58.]
 [20. 17. 50.]
 [10. 34. 50.]
 [20. 15.  3.]
 [24.  6. 45.]
 [ 4. 62. 54.]
 [16. 19. 63.]
 [28. 50. 28.]
 [20. 61. 31.]
 [22. 38. 13.]
 [30. 33.  4.]
 [24. 17. 14.]
 [24. 55. 23.]
 [16. 57. 50.]
 [24.  5. 21.]
 [13. 62. 36.]
 [24. 61.  4.]
 [13. 59. 63.]
 [14. 41.  3.]
 [17. 62.  4.]
 [ 4. 62.  6.]
 [11. 62. 12.]]","[0.7573975920677185, 0.7518355250358582, 0.720423698425293, 0.6298586130142212, 0.6281678676605225, 0.6144921183586121, 0.6034695506095886, 0.599192202091217, 0.5974786281585693, 0.5894532203674316, 0.5743693113327026, 0.559365451335907, 0.5318465828895569, 0.5214716196060181, 0.5181030631065369, 0.5052074193954468, 0.4985819160938263, 0.490317702293396, 0.4683232605457306, 0.46065986156463623, 0.4502498209476471, 0.4335487484931946, 0.4012918174266815, 0.3660050332546234, 0.3458818793296814]"
F1_N0,train_6bba_t55_p18_crowded,train,6bba_bb9f20c3,55,crowded,0.3,2,17,0,0,1,2.8762762546539307,2.8762762546539307,,0,2.187723159790039,1,,"[[12. 57. 37.]
 [ 6. 33. 21.]
 [ 4.  9. 56.]
 [16.  7. 22.]
 [ 2. 43. 38.]
 [14. 41.  6.]
 [ 4. 60.  9.]
 [12. 15. 62.]
 [ 8.  5. 32.]
 [ 8. 30. 54.]
 [ 4. 60. 56.]
 [ 6. 62. 24.]
 [10. 35. 34.]
 [ 9. 19.  4.]
 [16. 62. 14.]
 [11.  1.  4.]
 [ 2. 34. 63.]]","[0.8412155508995056, 0.8314553499221802, 0.8183570504188538, 0.7878792881965637, 0.7145407199859619, 0.7070953845977783, 0.6402806043624878, 0.6384592056274414, 0.6345146298408508, 0.6109830737113953, 0.6107959747314453, 0.5936323404312134, 0.5748376250267029, 0.567413330078125, 0.5641648769378662, 0.4549558162689209, 0.43411436676979065]"
F1_N0,train_6bba_t45_p19_crowded,train,6bba_bb9f20c3,45,crowded,0.3,2,21,1,1,1,2.622982829809189,2.622982829809189,0.9084026217460632,1,0.9084026217460632,1,0.5995675921440125,"[[ 8. 25. 44.]
 [18. 11. 30.]
 [ 4. 25. 34.]
 [ 4. 61. 58.]
 [ 4.  5. 46.]
 [ 2. 55. 34.]
 [ 5. 13. 14.]
 [18. 43. 23.]
 [18. 27. 27.]
 [22. 27. 12.]
 [ 0.  7. 63.]
 [12. 29. 22.]
 [ 0.  7. 37.]
 [10. 61. 18.]
 [ 2. 62.  4.]
 [ 1. 39. 14.]
 [10.  7.  4.]
 [ 6. 62.  4.]
 [15. 10.  9.]
 [12. 62.  4.]
 [ 6. 38.  3.]]","[0.7242165803909302, 0.7184574007987976, 0.7076022624969482, 0.6576734781265259, 0.6471517086029053, 0.6182525753974915, 0.5995675921440125, 0.5841551423072815, 0.5779491066932678, 0.5426269173622131, 0.5402154922485352, 0.5384354591369629, 0.5178711414337158, 0.5104163885116577, 0.4931762218475342, 0.48845699429512024, 0.4600057601928711, 0.4588976204395294, 0.4461704194545746, 0.35978958010673523, 0.33045610785484314]"
F1_N0,train_6bba_t15_p20_crowded,train,6bba_bb9f20c3,15,crowded,0.3,2,26,1,1,1,5.479236215353012,5.479236215353012,0.9084026217460632,1,0.9084026217460632,1,0.7504327893257141,"[[24. 15. 10.]
 [12. 13. 44.]
 [18. 10. 44.]
 [22. 30. 29.]
 [ 8. 42. 42.]
 [14. 31. 34.]
 [24. 57. 46.]
 [14. 19.  7.]
 [14. 57. 20.]
 [20. 50. 33.]
 [26. 37.  5.]
 [ 8. 45. 10.]
 [12. 51. 60.]
 [14.  5. 63.]
 [28. 11. 20.]
 [16. 27. 63.]
 [20. 62.  4.]
 [12. 55.  4.]
 [16.  1. 24.]
 [13. 57. 43.]
 [20. 13. 63.]
 [ 8. 62. 34.]
 [22.  1. 12.]
 [20. 29.  4.]
 [ 5. 62. 14.]
 [ 3. 61. 63.]]","[0.7774227261543274, 0.7713043093681335, 0.7528640627861023, 0.7515691518783569, 0.7515310645103455, 0.7504327893257141, 0.6829596161842346, 0.6635929346084595, 0.6429049968719482, 0.6202617883682251, 0.6171480417251587, 0.6077866554260254, 0.607210636138916, 0.6046763062477112, 0.5619191527366638, 0.5278393626213074, 0.5256780982017517, 0.49528416991233826, 0.4918493628501892, 0.4879269599914551, 0.47805336117744446, 0.44142279028892517, 0.4198930263519287, 0.4170911908149719, 0.41028517484664917, 0.3643553853034973]"
F1_N0,train_6bba_t30_p21_crowded,train,6bba_bb9f20c3,30,crowded,0.3,3,28,2,2,2,2.8362151781717935,0.8125,0.609375,2,0.609375,2,0.7612382173538208,"[[16. 33. 28.]
 [14. 41. 55.]
 [ 4. 13. 52.]
 [22. 13.  5.]
 [18.  5. 23.]
 [16. 31.  5.]
 [ 8. 29. 50.]
 [ 8. 59. 33.]
 [10. 19.  9.]
 [ 4. 49. 30.]
 [18. 59. 39.]
 [10. 50. 56.]
 [24. 59. 15.]
 [20. 29. 42.]
 [14. 19. 47.]
 [12. 11. 63.]
 [ 4. 62. 58.]
 [18.  7. 43.]
 [24. 61.  3.]
 [22. 19. 18.]
 [ 8. 53.  3.]
 [ 1. 37. 63.]
 [ 2. 27. 39.]
 [14. 61.  3.]
 [24. 62. 42.]
 [25.  4. 43.]
 [11.  1. 44.]
 [26. 35. 12.]]","[0.7997124791145325, 0.7542946934700012, 0.7350473999977112, 0.7227639555931091, 0.7129294276237488, 0.6931430697441101, 0.681906521320343, 0.6707177758216858, 0.6699944138526917, 0.6594922542572021, 0.6360687613487244, 0.6238401532173157, 0.6185057759284973, 0.6103754043579102, 0.5778358578681946, 0.5754174590110779, 0.563460111618042, 0.5581657290458679, 0.5544331669807434, 0.5542864203453064, 0.5073411464691162, 0.5024372339248657, 0.4763064384460449, 0.46856188774108887, 0.42566636204719543, 0.4099959135055542, 0.3949984908103943, 0.37824806571006775]"
F1_N0,train_6bba_t50_p22_crowded,train,6bba_bb9f20c3,50,crowded,0.3,2,21,1,1,1,2.2366159856319427,2.2366159856319427,0.9084026217460632,1,0.9084026217460632,1,0.7610204815864563,"[[14. 24. 50.]
 [18. 10. 25.]
 [16. 33. 14.]
 [12. 55. 13.]
 [12. 47. 34.]
 [ 8. 51. 55.]
 [28. 15. 25.]
 [14.  7. 63.]
 [24. 37. 25.]
 [22.  1. 10.]
 [29. 33. 33.]
 [ 8. 33.  6.]
 [28. 23.  4.]
 [ 4. 61. 63.]
 [29. 53. 29.]
 [20. 22.  3.]
 [14. 62. 38.]
 [ 8. 63. 37.]
 [19. 62.  4.]
 [ 4. 62.  4.]
 [23.  1. 46.]]","[0.8277252316474915, 0.7624043226242065, 0.7610204815864563, 0.701289176940918, 0.6708246469497681, 0.6581322550773621, 0.5750898718833923, 0.5663394331932068, 0.5604450106620789, 0.5072837471961975, 0.4654150903224945, 0.45017582178115845, 0.4381364583969116, 0.43143463134765625, 0.428401380777359, 0.40068331360816956, 0.3953239321708679, 0.3733898401260376, 0.34254613518714905, 0.33833327889442444, 0.33771809935569763]"
F1_N0,train_6bba_t10_p23_crowded,train,6bba_bb9f20c3,10,crowded,0.3,3,26,3,3,3,0.6858170628547668,0.5745242834091187,0.6858170628547668,3,0.6858170628547668,3,0.6575157841046652,"[[26. 15. 24.]
 [10. 43. 50.]
 [ 4. 47. 47.]
 [10. 17. 36.]
 [22. 11.  7.]
 [14. 55. 34.]
 [16. 31. 27.]
 [16. 29. 53.]
 [ 8. 55. 21.]
 [14. 21. 27.]
 [12. 11. 57.]
 [16. 11.  4.]
 [20. 19. 20.]
 [ 2. 21. 59.]
 [22. 31. 36.]
 [28. 47. 15.]
 [22. 60. 39.]
 [12. 43.  3.]
 [23. 60. 13.]
 [ 7. 37. 35.]
 [22. 35. 62.]
 [16.  1. 30.]
 [12. 62.  4.]
 [17.  3. 52.]
 [23.  1. 28.]
 [ 3. 62. 58.]]","[0.8401558995246887, 0.8022324442863464, 0.7561399936676025, 0.7059234976768494, 0.6840561628341675, 0.6826699376106262, 0.6805558204650879, 0.6674493551254272, 0.6530856490135193, 0.6511194705963135, 0.6353586316108704, 0.6281875371932983, 0.6073673963546753, 0.6039104461669922, 0.5921214818954468, 0.5809264779090881, 0.5748880505561829, 0.5527474880218506, 0.5358515381813049, 0.5295268297195435, 0.4806102514266968, 0.46631988883018494, 0.4111114740371704, 0.38174372911453247, 0.34002113342285156, 0.33526912331581116]"
F1_N0,train_6bba_t10_p24_crowded,train,6bba_bb9f20c3,10,crowded,0.3,2,25,1,2,2,0.7776492834091187,0.7776492834091187,0.7776492834091187,2,0.7776492834091187,2,0.6607725918292999,"[[10. 25. 46.]
 [10. 35. 10.]
 [16. 33. 32.]
 [22. 30. 22.]
 [12.  5. 22.]
 [ 4. 33. 59.]
 [18. 45.  4.]
 [14. 57. 34.]
 [20. 15.  8.]
 [22. 57. 37.]
 [12. 45. 59.]
 [18.  5. 27.]
 [26. 61. 49.]
 [22. 62.  4.]
 [10.  4. 59.]
 [ 4. 50. 41.]
 [ 6. 15. 33.]
 [26. 41.  4.]
 [ 7. 60. 11.]
 [ 8. 62. 58.]
 [20.  7. 55.]
 [ 1. 61. 63.]
 [24.  1. 36.]
 [17. 19. 63.]
 [16. 63. 47.]]","[0.7604150772094727, 0.7236366868019104, 0.7209697365760803, 0.7205259799957275, 0.7133557200431824, 0.7046194076538086, 0.6877085566520691, 0.6749064922332764, 0.6665878295898438, 0.6438639163970947, 0.6398718953132629, 0.6151682734489441, 0.6057775020599365, 0.6030966639518738, 0.6005754470825195, 0.5988091826438904, 0.5946521759033203, 0.5796839594841003, 0.5651745796203613, 0.5319936871528625, 0.5285184979438782, 0.4257030487060547, 0.37526121735572815, 0.3722560405731201, 0.3017607033252716]"
F1_N0,train_6bba_t10_p25_isolated,train,6bba_bb9f20c3,10,isolated,0.3,1,20,0,1,1,1.6750116348266602,1.6750116348266602,1.6750116348266602,1,1.6750116348266602,1,0.6051419973373413,"[[10. 17.  8.]
 [ 6. 41. 20.]
 [ 6. 33. 53.]
 [10. 41. 19.]
 [14. 15. 11.]
 [16.  5. 51.]
 [10. 39. 49.]
 [18. 43. 26.]
 [14. 49. 20.]
 [ 2. 53. 63.]
 [ 8. 13. 60.]
 [ 6. 32. 33.]
 [ 8. 62. 55.]
 [ 3. 59.  4.]
 [12. 54. 33.]
 [ 8.  1. 31.]
 [ 4.  6. 59.]
 [ 2. 63. 33.]
 [ 9. 62.  4.]
 [17. 42.  3.]]","[0.8466907143592834, 0.7979488968849182, 0.7854613661766052, 0.7721839547157288, 0.7687994241714478, 0.7559937834739685, 0.7402081489562988, 0.7254490256309509, 0.7173718810081482, 0.6134652495384216, 0.6087153553962708, 0.6051419973373413, 0.5758946537971497, 0.568018913269043, 0.5558564066886902, 0.5346222519874573, 0.5250139236450195, 0.5200205445289612, 0.43554234504699707, 0.3456951379776001]"
F1_N0,train_6bba_t20_p26_isolated,train,6bba_bb9f20c3,20,isolated,0.3,1,23,0,1,1,1.8616713285446167,1.8616713285446167,1.8616713285446167,1,1.8616713285446167,1,0.6212817430496216,"[[18. 29. 28.]
 [14. 31. 59.]
 [14. 13. 10.]
 [14. 33. 31.]
 [16. 53. 21.]
 [ 8. 57. 51.]
 [10. 11. 47.]
 [16.  9. 57.]
 [ 6. 33. 34.]
 [10. 30. 28.]
 [14. 61. 59.]
 [24. 13.  7.]
 [ 6. 61. 19.]
 [20. 30.  6.]
 [ 4.  4. 25.]
 [ 4. 30. 13.]
 [26. 15. 23.]
 [ 0. 35. 48.]
 [10. 55.  3.]
 [12. 42.  3.]
 [14.  3. 32.]
 [ 8. 11.  3.]
 [17. 62. 33.]]","[0.7637149095535278, 0.7616429924964905, 0.7595834136009216, 0.735637366771698, 0.7353013753890991, 0.7175082564353943, 0.686216413974762, 0.6800952553749084, 0.6212817430496216, 0.6049832105636597, 0.6049504280090332, 0.5940293669700623, 0.5831736326217651, 0.5681729912757874, 0.5666577816009521, 0.5628450512886047, 0.5286763310432434, 0.44630053639411926, 0.4413008689880371, 0.42079663276672363, 0.41711416840553284, 0.3593045175075531, 0.3317567706108093]"
F1_N0,train_6bba_t35_p27_isolated,train,6bba_bb9f20c3,35,isolated,0.3,1,26,1,1,1,0.0,0.0,0.0,1,0.0,1,0.8171823620796204,"[[10. 32. 32.]
 [16. 27. 31.]
 [18. 31. 10.]
 [14. 50.  4.]
 [18. 50. 26.]
 [20. 29. 47.]
 [ 4. 37. 45.]
 [ 8. 33. 62.]
 [12. 23.  9.]
 [ 4. 17. 25.]
 [14. 41. 59.]
 [16.  5. 48.]
 [10.  6.  3.]
 [14. 35.  7.]
 [24. 18. 31.]
 [ 8. 62. 24.]
 [ 8.  4. 45.]
 [ 4. 39.  3.]
 [14.  4. 28.]
 [12.  3. 63.]
 [ 0. 25. 57.]
 [ 2. 62. 22.]
 [ 8. 34. 10.]
 [ 4. 62. 58.]
 [ 8. 47. 41.]
 [20. 47.  3.]]","[0.8171823620796204, 0.8132743239402771, 0.7384119629859924, 0.6784645318984985, 0.6589459776878357, 0.6490528583526611, 0.6435933113098145, 0.6355804204940796, 0.6287498474121094, 0.6146124005317688, 0.6048811674118042, 0.6046145558357239, 0.5683726668357849, 0.5660218000411987, 0.563664436340332, 0.5533053278923035, 0.4916771352291107, 0.48526155948638916, 0.4803707003593445, 0.4801732897758484, 0.47276148200035095, 0.4673469066619873, 0.45134928822517395, 0.44279295206069946, 0.4026826024055481, 0.3169112503528595]"
F1_N0,train_6bba_t40_p28_isolated,train,6bba_bb9f20c3,40,isolated,0.3,1,26,0,0,1,2.3688242435455322,2.3688242435455322,,0,2.3688242435455322,1,,"[[ 6. 14. 34.]
 [14. 15. 20.]
 [20. 13. 33.]
 [ 8. 45. 46.]
 [20. 41. 10.]
 [18. 15. 50.]
 [14. 55. 15.]
 [ 8.  5.  4.]
 [16. 41. 35.]
 [24. 17. 12.]
 [10. 22. 59.]
 [12. 50. 63.]
 [14. 49. 46.]
 [ 2. 23. 59.]
 [22. 51. 30.]
 [16. 37.  3.]
 [12.  7. 63.]
 [ 2. 62. 36.]
 [18. 62. 40.]
 [ 4. 41. 23.]
 [24. 55. 57.]
 [24.  1.  8.]
 [ 4. 59.  3.]
 [ 2. 39. 38.]
 [24. 61.  3.]
 [23.  3. 59.]]","[0.7961264252662659, 0.7722455859184265, 0.7222226858139038, 0.7092596292495728, 0.6848123073577881, 0.6441863775253296, 0.6364173889160156, 0.5954850316047668, 0.5907508134841919, 0.5877331495285034, 0.571477472782135, 0.5638301372528076, 0.5625019669532776, 0.5184299945831299, 0.5138258337974548, 0.510093092918396, 0.4859042465686798, 0.4804786145687103, 0.4787014424800873, 0.47125545144081116, 0.4575258791446686, 0.4488077461719513, 0.42684242129325867, 0.4200437366962433, 0.3877890706062317, 0.38426458835601807]"
F1_N0,train_6bba_t25_p29_isolated,train,6bba_bb9f20c3,25,isolated,0.3,1,27,0,0,0,6.563169479370117,6.563169479370117,,0,,0,,"[[18. 31. 34.]
 [ 4. 22. 56.]
 [18. 39.  5.]
 [14. 12. 19.]
 [18.  7. 47.]
 [ 2. 48. 54.]
 [ 6. 41. 19.]
 [22. 39. 12.]
 [14. 49. 35.]
 [18. 11. 12.]
 [24. 51. 45.]
 [ 8. 19. 63.]
 [22. 60. 26.]
 [ 6.  4. 23.]
 [12. 21. 63.]
 [22. 37. 59.]
 [ 8. 49. 63.]
 [ 8. 37. 49.]
 [26. 28. 42.]
 [10.  1. 42.]
 [ 4. 62. 12.]
 [16. 45. 59.]
 [10. 62. 14.]
 [14. 53.  3.]
 [12. 37. 60.]
 [28. 33.  3.]
 [25.  4. 11.]]","[0.8271731734275818, 0.7587504386901855, 0.7314577698707581, 0.70473313331604, 0.6636176705360413, 0.6598111391067505, 0.6386196613311768, 0.638298749923706, 0.6232889294624329, 0.6215060949325562, 0.5890849828720093, 0.5599377155303955, 0.5558833479881287, 0.5541853308677673, 0.5392032861709595, 0.5174612998962402, 0.49618852138519287, 0.4955846667289734, 0.49497437477111816, 0.4920048415660858, 0.4911996126174927, 0.4845857620239258, 0.45899447798728943, 0.4553532004356384, 0.44758158922195435, 0.35434362292289734, 0.3489628732204437]"
F1_N0,train_6bba_t25_p30_isolated,train,6bba_bb9f20c3,25,isolated,0.3,1,18,0,0,1,2.4711222648620605,2.4711222648620605,,0,2.4711222648620605,1,,"[[14. 29. 46.]
 [20. 31. 33.]
 [12. 51. 40.]
 [16.  6. 46.]
 [16. 50. 14.]
 [18. 18. 15.]
 [20. 59. 50.]
 [18. 39. 62.]
 [26. 19. 10.]
 [12. 54. 20.]
 [ 9. 49. 63.]
 [11. 33. 26.]
 [22. 62.  4.]
 [26.  1.  4.]
 [ 4. 15. 59.]
 [ 2. 62.  4.]
 [ 1. 62. 30.]
 [23.  1. 63.]]","[0.8659265637397766, 0.826908528804779, 0.8264610171318054, 0.8186764717102051, 0.7955188751220703, 0.7299460172653198, 0.7100715637207031, 0.6496834754943848, 0.6410877108573914, 0.6058599352836609, 0.5742233395576477, 0.5226598978042603, 0.5052975416183472, 0.4540250301361084, 0.374153196811676, 0.33931249380111694, 0.33652299642562866, 0.30075201392173767]"
F1_N0,train_6bba_t45_p31_isolated,train,6bba_bb9f20c3,45,isolated,0.3,1,17,0,0,1,2.725207805633545,2.725207805633545,,0,2.725207805633545,1,,"[[ 8. 23. 58.]
 [12. 11. 25.]
 [18.  7. 58.]
 [10. 49. 35.]
 [18. 27. 16.]
 [ 6. 51. 56.]
 [ 8. 53.  4.]
 [22.  9.  4.]
 [16. 31. 43.]
 [ 5. 59. 40.]
 [20. 31.  6.]
 [ 6. 29. 38.]
 [ 6. 39. 30.]
 [14. 15.  5.]
 [14. 62. 10.]
 [ 4. 15. 22.]
 [ 5. 62. 24.]]","[0.8364658355712891, 0.777690052986145, 0.7094916701316833, 0.7064409255981445, 0.7060009837150574, 0.7053020596504211, 0.6902590394020081, 0.6685779094696045, 0.6492605209350586, 0.619007408618927, 0.6046284437179565, 0.5587151646614075, 0.5383985042572021, 0.5252790451049805, 0.4958410859107971, 0.4029746949672699, 0.33856549859046936]"
F1_N0,train_6bba_t30_p32_isolated,train,6bba_bb9f20c3,30,isolated,0.3,1,24,1,1,1,0.5745242834091187,0.5745242834091187,0.5745242834091187,1,0.5745242834091187,1,0.7800934910774231,"[[12. 42. 44.]
 [16. 31. 29.]
 [18. 27.  8.]
 [20.  8. 34.]
 [20. 49. 15.]
 [18. 59. 45.]
 [24. 23. 22.]
 [28. 11. 28.]
 [16.  9. 20.]
 [12. 53. 11.]
 [31. 45. 29.]
 [24.  6.  3.]
 [24.  1. 24.]
 [11. 37. 63.]
 [ 7. 62. 59.]
 [ 6. 61.  7.]
 [ 6. 62. 26.]
 [ 2. 62. 20.]
 [12. 25.  4.]
 [ 7. 37.  4.]
 [ 5. 51. 63.]
 [19.  1. 60.]
 [ 6. 19. 25.]
 [29. 20.  3.]]","[0.8158435821533203, 0.7800934910774231, 0.698172926902771, 0.6761122345924377, 0.6439713835716248, 0.6098731160163879, 0.5927817821502686, 0.577735185623169, 0.542566180229187, 0.5136936902999878, 0.4480169117450714, 0.44731488823890686, 0.4408060908317566, 0.434610515832901, 0.4114750325679779, 0.4045840799808502, 0.39857906103134155, 0.38425412774086, 0.3578290045261383, 0.3398645222187042, 0.3271399736404419, 0.3113216459751129, 0.30603376030921936, 0.30583691596984863]"
F1_N0,train_6bba_t55_p33_isolated,train,6bba_bb9f20c3,55,isolated,0.3,1,15,0,0,0,4.542013168334961,4.542013168334961,,0,,0,,"[[ 6. 15. 12.]
 [ 8.  7. 50.]
 [16. 14. 38.]
 [ 6. 29. 48.]
 [ 2. 20. 34.]
 [10. 41. 20.]
 [14. 45. 34.]
 [ 4. 37.  4.]
 [18. 27. 25.]
 [15. 23. 15.]
 [ 5. 51. 36.]
 [12. 62.  4.]
 [ 0. 50. 15.]
 [15.  1.  8.]
 [ 1. 62. 22.]]","[0.8344969749450684, 0.7619288563728333, 0.7227014303207397, 0.6898807287216187, 0.6814923286437988, 0.6449397802352905, 0.6178439259529114, 0.592431366443634, 0.5627879500389099, 0.554105818271637, 0.5511093735694885, 0.45247024297714233, 0.4328140914440155, 0.3793357014656067, 0.32134807109832764]"
F1_N0,train_6bba_t25_p34_isolated,train,6bba_bb9f20c3,25,isolated,0.3,1,23,0,1,1,1.2846752405166626,1.2846752405166626,1.2846752405166626,1,1.2846752405166626,1,0.7240168452262878,"[[12. 45. 37.]
 [16. 31. 20.]
 [18. 58. 42.]
 [18.  5. 33.]
 [18. 58.  6.]
 [18. 31.  4.]
 [22. 31. 14.]
 [16. 13. 15.]
 [24. 39. 25.]
 [10. 41. 56.]
 [28. 11. 27.]
 [31. 51. 23.]
 [11. 60.  4.]
 [ 2. 59. 63.]
 [ 8. 33. 14.]
 [ 7. 55. 63.]
 [ 8. 19.  7.]
 [24.  6.  3.]
 [ 2. 62.  6.]
 [ 2. 62. 24.]
 [ 8. 21. 32.]
 [19.  1. 54.]
 [14. 53. 63.]]","[0.8395757079124451, 0.7240168452262878, 0.6844922304153442, 0.656815767288208, 0.6360909938812256, 0.6244465708732605, 0.6097703576087952, 0.609422504901886, 0.5704866647720337, 0.5510486364364624, 0.5501706004142761, 0.5061447620391846, 0.5017869472503662, 0.4472285211086273, 0.42048007249832153, 0.4195522367954254, 0.4100039303302765, 0.3894553482532501, 0.3574866056442261, 0.34558138251304626, 0.34143999218940735, 0.33800724148750305, 0.3208053410053253]"
F1_N0,train_6bba_t25_p35_isolated,train,6bba_bb9f20c3,25,isolated,0.3,1,19,0,0,0,3.6787502765655518,3.6787502765655518,,0,,0,,"[[ 8. 41. 35.]
 [12. 29.  8.]
 [ 4. 49. 32.]
 [ 8. 21.  9.]
 [10. 60. 57.]
 [12. 59. 13.]
 [10. 11. 38.]
 [ 4.  9. 18.]
 [ 6. 41.  4.]
 [ 8. 25. 61.]
 [ 4. 61. 63.]
 [ 2.  9. 43.]
 [ 2. 29. 52.]
 [ 2. 15. 63.]
 [12.  3. 15.]
 [16.  7. 22.]
 [ 3. 62.  4.]
 [ 9.  1.  4.]
 [ 7.  1. 62.]]","[0.7534246444702148, 0.7490760684013367, 0.7109562158584595, 0.7043232321739197, 0.6873431205749512, 0.676965594291687, 0.6735294461250305, 0.6683520078659058, 0.6424140334129333, 0.6023092865943909, 0.5194311738014221, 0.5005260705947876, 0.49321219325065613, 0.4688951373100281, 0.41524407267570496, 0.3954393267631531, 0.3938455581665039, 0.37183040380477905, 0.3386005461215973]"
F1_N0,train_6bba_t15_p36_isolated,train,6bba_bb9f20c3,15,isolated,0.3,1,24,0,0,0,3.3003907203674316,3.3003907203674316,,0,,0,,"[[ 8. 21. 40.]
 [ 4. 17. 52.]
 [18. 53. 24.]
 [20. 27. 25.]
 [14. 33. 31.]
 [10. 37. 23.]
 [10. 37. 57.]
 [22. 47. 11.]
 [ 4. 41. 54.]
 [16.  9. 10.]
 [12.  5. 17.]
 [10. 62. 54.]
 [ 7. 59. 23.]
 [ 6.  7. 17.]
 [16. 43.  8.]
 [ 4. 43.  4.]
 [ 4. 62. 56.]
 [ 2. 60. 31.]
 [13. 59. 15.]
 [24.  5. 35.]
 [12.  1. 48.]
 [16. 31. 63.]
 [11. 18.  3.]
 [20. 23.  2.]]","[0.7974786162376404, 0.7861935496330261, 0.7836684584617615, 0.7743285894393921, 0.7707135677337646, 0.7303848266601562, 0.712912380695343, 0.7041093111038208, 0.6826491355895996, 0.6483633518218994, 0.6461766362190247, 0.6442542672157288, 0.5664709210395813, 0.5517491698265076, 0.53668612241745, 0.5351372957229614, 0.5346732139587402, 0.5022567510604858, 0.45493704080581665, 0.42454251646995544, 0.361743301153183, 0.31730082631111145, 0.30830270051956177, 0.3043292760848999]"
F1_N0,train_6bba_t50_p37_isolated,train,6bba_bb9f20c3,50,isolated,0.3,1,20,1,1,1,0.9084026217460632,0.9084026217460632,0.9084026217460632,1,0.9084026217460632,1,0.8051767945289612,"[[ 6. 35. 54.]
 [16. 31. 34.]
 [18.  7. 32.]
 [ 6. 53. 37.]
 [14.  6. 21.]
 [16. 37.  4.]
 [14. 49. 48.]
 [12. 23. 25.]
 [10. 49.  4.]
 [ 4. 51. 18.]
 [12. 29. 63.]
 [ 8. 31. 34.]
 [16. 59.  9.]
 [10. 60. 59.]
 [16.  9. 60.]
 [12.  1. 48.]
 [ 2. 61. 63.]
 [16. 11.  3.]
 [24.  9.  3.]
 [22. 22.  3.]]","[0.8149048686027527, 0.8051767945289612, 0.7804905772209167, 0.7713388204574585, 0.7561789155006409, 0.7335976958274841, 0.7310462594032288, 0.7016627192497253, 0.6911157965660095, 0.6270530223846436, 0.6238927841186523, 0.5940911769866943, 0.582169234752655, 0.5804499983787537, 0.5661514401435852, 0.5644012689590454, 0.4701976776123047, 0.43677109479904175, 0.39134493470191956, 0.33662039041519165]"
F1_N0,train_6bba_t50_p38_isolated,train,6bba_bb9f20c3,50,isolated,0.3,1,24,1,1,1,0.40625,0.40625,0.40625,1,0.40625,1,0.812754213809967,"[[18. 59. 31.]
 [ 6. 31. 32.]
 [ 8.  9. 30.]
 [18. 29. 37.]
 [10. 51. 18.]
 [16. 15. 59.]
 [20. 24. 19.]
 [12. 49. 56.]
 [20. 45.  6.]
 [12. 19. 15.]
 [12. 33. 45.]
 [ 2. 45. 56.]
 [ 6. 49.  8.]
 [14.  9. 37.]
 [18. 62. 58.]
 [ 8. 35. 56.]
 [14. 62.  8.]
 [12.  4.  3.]
 [ 3. 47. 32.]
 [21.  3. 30.]
 [22. 62.  6.]
 [ 8.  1. 52.]
 [ 1. 21. 63.]
 [ 7. 62. 40.]]","[0.8127604722976685, 0.812754213809967, 0.8048318028450012, 0.7201055884361267, 0.702853262424469, 0.6907336711883545, 0.689521312713623, 0.6895134449005127, 0.6870754361152649, 0.6697538495063782, 0.6630327105522156, 0.6611361503601074, 0.6348307132720947, 0.6272856593132019, 0.6044585108757019, 0.5988550186157227, 0.5084142088890076, 0.4291532039642334, 0.4258618652820587, 0.3894391357898712, 0.38210606575012207, 0.36912983655929565, 0.3603074848651886, 0.32333603501319885]"
F1_N0,train_6bba_t30_p39_isolated,train,6bba_bb9f20c3,30,isolated,0.3,1,22,1,1,1,0.5745242834091187,0.5745242834091187,0.5745242834091187,1,0.5745242834091187,1,0.7837725877761841,"[[12. 31. 33.]
 [18. 29. 31.]
 [16. 33.  7.]
 [ 4. 49. 21.]
 [ 2. 26. 57.]
 [20. 59. 22.]
 [ 8.  4. 31.]
 [16. 51.  3.]
 [12. 29. 59.]
 [12. 49. 35.]
 [12.  9. 21.]
 [18.  4. 45.]
 [ 2. 53. 56.]
 [22. 15. 50.]
 [16. 45. 59.]
 [ 8. 33. 49.]
 [18.  9.  9.]
 [12. 62. 18.]
 [ 7. 62. 56.]
 [ 7. 49. 63.]
 [14.  3. 63.]
 [ 3. 60.  3.]]","[0.7837725877761841, 0.7538526058197021, 0.7262603640556335, 0.6785733699798584, 0.67328280210495, 0.6439919471740723, 0.6397501230239868, 0.6234646439552307, 0.6085894703865051, 0.5925883650779724, 0.5852936506271362, 0.5757492780685425, 0.5544902086257935, 0.5221198797225952, 0.5153520107269287, 0.5078661441802979, 0.45560261607170105, 0.43406030535697937, 0.4219842553138733, 0.3945271670818329, 0.38874202966690063, 0.36158397793769836]"
F1_N0,train_6bba_t20_p40_boundary,train,6bba_bb9f20c3,20,boundary,0.3,1,22,0,1,1,1.1490485668182373,1.1490485668182373,1.1490485668182373,1,1.1490485668182373,1,0.8026044964790344,"[[10. 35. 31.]
 [16. 13. 15.]
 [ 8. 32. 50.]
 [ 4. 59. 51.]
 [24. 11. 23.]
 [16. 57.  4.]
 [ 7. 60. 29.]
 [14. 57. 42.]
 [12. 45. 60.]
 [14. 53. 30.]
 [28. 47. 11.]
 [22. 23.  4.]
 [19.  1.  4.]
 [30. 62.  4.]
 [ 4.  9.  8.]
 [ 4. 37. 23.]
 [22. 39.  4.]
 [ 9. 61. 59.]
 [ 5. 43. 11.]
 [ 6. 14. 30.]
 [16.  1. 36.]
 [14. 42.  3.]]","[0.8061651587486267, 0.8026044964790344, 0.7384577393531799, 0.6503658890724182, 0.6044232845306396, 0.6011530756950378, 0.5608338713645935, 0.5549066662788391, 0.5209129452705383, 0.4975711703300476, 0.4971303939819336, 0.4690556526184082, 0.4637754559516907, 0.44272005558013916, 0.4415920376777649, 0.4152967929840088, 0.3905028700828552, 0.38325047492980957, 0.3763664662837982, 0.36911913752555847, 0.3524487316608429, 0.31917378306388855]"
F1_N0,train_6bba_t55_p41_boundary,train,6bba_bb9f20c3,55,boundary,0.3,1,20,1,1,1,0.5745242834091187,0.5745242834091187,0.5745242834091187,1,0.5745242834091187,1,0.5982668995857239,"[[10.  7. 14.]
 [ 4. 42.  9.]
 [ 4. 25. 29.]
 [ 8. 33. 54.]
 [14. 11. 44.]
 [18. 11. 28.]
 [ 6.  1. 34.]
 [16. 19. 31.]
 [ 2.  5. 30.]
 [ 0. 43. 41.]
 [ 2.  6. 11.]
 [ 1. 62.  5.]
 [ 2. 11. 50.]
 [ 3.  1. 62.]
 [ 2. 62. 56.]
 [ 2. 62. 24.]
 [ 8. 47. 38.]
 [ 1. 27. 63.]
 [ 4. 62. 40.]
 [ 2. 25.  6.]]","[0.7942704558372498, 0.7942355871200562, 0.7381772398948669, 0.72214674949646, 0.7034062743186951, 0.6201759576797485, 0.6192891001701355, 0.5982668995857239, 0.5308479070663452, 0.5305710434913635, 0.44732701778411865, 0.43706274032592773, 0.3923349678516388, 0.38026273250579834, 0.3740505278110504, 0.36729204654693604, 0.3605545163154602, 0.35812458395957947, 0.3507673740386963, 0.34689223766326904]"
F1_N0,train_6bba_t15_p42_boundary,train,6bba_bb9f20c3,15,boundary,0.3,1,23,1,1,1,0.0,0.0,0.0,1,0.0,1,0.7880961894989014,"[[16.  6. 22.]
 [10. 25. 34.]
 [ 8. 25. 56.]
 [ 8. 51. 26.]
 [ 4. 51. 48.]
 [22.  9. 32.]
 [12. 11.  7.]
 [22. 31.  4.]
 [12. 43. 58.]
 [14. 60. 17.]
 [ 9. 62.  4.]
 [14. 59. 48.]
 [29. 59.  4.]
 [28. 49.  4.]
 [ 4. 29. 25.]
 [ 4.  9.  6.]
 [16. 31. 38.]
 [16. 51.  4.]
 [ 2. 49. 20.]
 [27.  1.  4.]
 [14. 40. 35.]
 [ 9. 62. 58.]
 [18. 49. 18.]]","[0.7880961894989014, 0.7754899263381958, 0.770817220211029, 0.7651644945144653, 0.72903972864151, 0.6826236844062805, 0.60773766040802, 0.602903425693512, 0.5761871337890625, 0.5303725004196167, 0.5034211277961731, 0.5017939209938049, 0.4787493646144867, 0.4780067801475525, 0.4771275222301483, 0.4580279588699341, 0.4464898705482483, 0.41837432980537415, 0.41148605942726135, 0.39180266857147217, 0.37253159284591675, 0.3433392345905304, 0.33778849244117737]"
F1_N0,train_6bba_t55_p43_boundary,train,6bba_bb9f20c3,55,boundary,0.3,1,29,0,1,1,1.6750116348266602,1.6750116348266602,1.6750116348266602,1,1.6750116348266602,1,0.7288200259208679,"[[16. 43. 36.]
 [16. 18. 30.]
 [14.  9. 55.]
 [ 2. 31. 32.]
 [10. 23. 45.]
 [ 4.  7. 33.]
 [ 8. 41. 22.]
 [10. 41. 55.]
 [18. 11. 14.]
 [14. 51.  8.]
 [10. 52.  7.]
 [20. 61.  7.]
 [10.  6. 16.]
 [18. 35.  3.]
 [ 4. 51.  6.]
 [16. 59. 54.]
 [14. 19. 20.]
 [ 2. 38. 58.]
 [ 6. 58. 44.]
 [ 4. 17. 58.]
 [ 2.  4. 54.]
 [ 7. 23. 34.]
 [ 8.  4.  4.]
 [ 9.  3. 63.]
 [12.  7.  4.]
 [14. 62. 22.]
 [ 5. 61. 63.]
 [ 5. 53. 63.]
 [ 6. 62. 22.]]","[0.7863598465919495, 0.7596234083175659, 0.7454694509506226, 0.7288200259208679, 0.6977286338806152, 0.6955932974815369, 0.6840459704399109, 0.6794558763504028, 0.6746081709861755, 0.6678844094276428, 0.6628708839416504, 0.6585127711296082, 0.6417940258979797, 0.639931857585907, 0.6303384900093079, 0.6089270114898682, 0.6031138300895691, 0.5314892530441284, 0.5102678537368774, 0.5091186165809631, 0.48911699652671814, 0.4710478186607361, 0.46072015166282654, 0.415702223777771, 0.414933443069458, 0.38435274362564087, 0.3840762674808502, 0.38086432218551636, 0.324384868144989]"
F1_N0,train_44b6_t40_p01_crowded,train,44b6_d29c9ab2,40,crowded,0.3,2,33,0,2,2,1.6992921829223633,1.6992921829223633,1.6992921829223633,2,1.6992921829223633,2,0.6392342150211334,"[[18. 29.  4.]
 [28. 55. 46.]
 [12. 15. 40.]
 [24. 17. 19.]
 [28. 20. 21.]
 [18. 53. 41.]
 [ 8. 31. 29.]
 [14. 55. 39.]
 [20.  5. 54.]
 [24. 38. 27.]
 [ 2. 33. 30.]
 [ 4. 51. 26.]
 [18. 15. 44.]
 [28. 27. 47.]
 [ 6. 14. 57.]
 [22. 27. 59.]
 [22. 45. 58.]
 [14. 33. 32.]
 [31. 18. 63.]
 [31. 41. 62.]
 [26. 43.  5.]
 [22. 63. 25.]
 [24. 61. 63.]
 [ 6. 22.  3.]
 [31.  1. 32.]
 [24.  1. 24.]
 [ 4. 47. 63.]
 [ 9.  1. 16.]
 [10. 11.  3.]
 [11.  1. 54.]
 [19.  3.  6.]
 [15. 13. 63.]
 [27.  3. 63.]]","[0.7926226854324341, 0.7555675506591797, 0.7456023693084717, 0.7333758473396301, 0.6965453028678894, 0.6870787739753723, 0.684913158416748, 0.6753425598144531, 0.674369752407074, 0.6726951003074646, 0.6660835146903992, 0.6532593369483948, 0.6455751061439514, 0.6438227295875549, 0.6369537711143494, 0.6318672895431519, 0.5925808548927307, 0.5819231271743774, 0.5019324421882629, 0.47717082500457764, 0.4708937704563141, 0.4458208680152893, 0.4158562123775482, 0.4103580415248871, 0.4036535322666168, 0.39278843998908997, 0.3849503695964813, 0.38357678055763245, 0.38216620683670044, 0.3707209825515747, 0.35268011689186096, 0.336198091506958, 0.3293225169181824]"
F1_N0,train_44b6_t45_p02_crowded,train,44b6_d29c9ab2,45,crowded,0.3,2,28,1,2,2,1.1982302069664001,1.1982302069664001,1.1982302069664001,2,1.1982302069664001,2,0.6860001683235168,"[[24. 18. 38.]
 [16. 49. 33.]
 [ 8. 37. 33.]
 [16.  6. 42.]
 [20. 27. 56.]
 [ 4. 39. 13.]
 [14. 42. 51.]
 [20. 37. 23.]
 [ 6. 14. 22.]
 [30. 41. 10.]
 [28. 58. 18.]
 [22. 13. 12.]
 [22. 37.  4.]
 [14. 57.  6.]
 [30. 22. 49.]
 [30. 21. 24.]
 [14. 35.  3.]
 [31.  4. 21.]
 [10. 61. 34.]
 [31. 33. 56.]
 [30. 48. 43.]
 [ 4. 62. 14.]
 [31. 45. 63.]
 [14. 13.  3.]
 [21. 61. 63.]
 [27.  1. 34.]
 [ 3.  7.  3.]
 [22. 63.  4.]]","[0.8190940022468567, 0.8183854222297668, 0.789374828338623, 0.7638273239135742, 0.7405322194099426, 0.7381981015205383, 0.7322484254837036, 0.7300862669944763, 0.721086323261261, 0.7107135057449341, 0.6729062795639038, 0.6582004427909851, 0.6569791436195374, 0.6175273060798645, 0.6118414402008057, 0.6059317588806152, 0.6025175452232361, 0.6012805700302124, 0.5536149144172668, 0.5158461928367615, 0.5070871114730835, 0.4838031232357025, 0.4540938436985016, 0.4227040708065033, 0.4223371744155884, 0.36084413528442383, 0.35195496678352356, 0.31604689359664917]"
F1_N0,train_44b6_t55_p03_crowded,train,44b6_d29c9ab2,55,crowded,0.3,3,32,2,2,3,1.0561658143997192,0.5745242834091187,0.4903871417045593,2,1.0561658143997192,3,0.6544238924980164,"[[10. 53. 50.]
 [20.  9. 14.]
 [18. 21. 50.]
 [ 4. 24. 10.]
 [22. 43. 18.]
 [ 8. 23. 26.]
 [ 8. 12. 48.]
 [ 6. 47.  8.]
 [18. 37. 11.]
 [28. 47.  8.]
 [16. 53. 28.]
 [22.  9. 41.]
 [16. 31. 32.]
 [26. 41. 32.]
 [30. 37. 44.]
 [26. 19. 29.]
 [30. 11. 29.]
 [ 6. 40. 21.]
 [30. 19. 59.]
 [31. 59. 44.]
 [ 4.  1. 28.]
 [24.  1. 58.]
 [29.  1. 46.]
 [ 2.  7. 62.]
 [31. 34. 63.]
 [16. 21. 63.]
 [16. 62.  4.]
 [24. 23.  3.]
 [23. 62. 42.]
 [ 6. 62. 38.]
 [ 0. 21. 38.]
 [28.  5.  2.]]","[0.738722026348114, 0.7265117168426514, 0.7214510440826416, 0.7213831543922424, 0.7107982635498047, 0.7064313292503357, 0.6973690390586853, 0.6911851167678833, 0.68046635389328, 0.670481264591217, 0.6605414152145386, 0.6596421599388123, 0.6580182909965515, 0.6517320871353149, 0.6508294939994812, 0.6442846655845642, 0.6138401627540588, 0.5472702980041504, 0.541854739189148, 0.503869354724884, 0.4963453710079193, 0.48788097500801086, 0.43509554862976074, 0.4036415219306946, 0.39246422052383423, 0.3908003568649292, 0.37183576822280884, 0.3326832950115204, 0.32203683257102966, 0.3130820393562317, 0.31154027581214905, 0.30416974425315857]"
F1_N0,train_44b6_t40_p04_crowded,train,44b6_d29c9ab2,40,crowded,0.3,3,23,3,3,3,0.40625,0.40625,0.40625,3,0.40625,3,0.7866483330726624,"[[16. 33. 32.]
 [16. 11. 38.]
 [ 6. 11. 12.]
 [ 4. 33. 28.]
 [12. 39. 56.]
 [12. 39. 13.]
 [ 2. 31. 54.]
 [10. 50. 40.]
 [18. 49. 60.]
 [ 8. 19. 46.]
 [ 2. 55. 47.]
 [10. 18.  4.]
 [ 6. 55. 13.]
 [ 8.  7. 58.]
 [ 2. 35. 10.]
 [12.  1. 20.]
 [20.  3. 63.]
 [ 2. 62. 26.]
 [24. 18. 59.]
 [16. 54. 11.]
 [ 4.  1. 44.]
 [ 2. 61. 63.]
 [ 0. 51.  4.]]","[0.9087445139884949, 0.8373507261276245, 0.8213409185409546, 0.8174741268157959, 0.8035791516304016, 0.7705203890800476, 0.7673845291137695, 0.7586615085601807, 0.7362741231918335, 0.7225250005722046, 0.673789381980896, 0.6608340740203857, 0.6390630602836609, 0.6337263584136963, 0.6179662346839905, 0.6122987270355225, 0.5910037755966187, 0.5482593178749084, 0.5418633818626404, 0.5241240859031677, 0.4330745041370392, 0.4124603867530823, 0.37996959686279297]"
F1_N0,train_44b6_t15_p05_crowded,train,44b6_d29c9ab2,15,crowded,0.3,3,25,1,2,2,3.221545855204264,1.7235727310180664,1.0649113655090332,2,1.0649113655090332,2,0.6620466709136963,"[[16. 33. 35.]
 [22. 10. 18.]
 [24. 42. 30.]
 [24.  5. 44.]
 [30. 37. 32.]
 [20. 53.  8.]
 [28. 11. 12.]
 [10. 13. 22.]
 [14. 27. 55.]
 [30. 19. 55.]
 [20. 23. 59.]
 [ 6. 53. 40.]
 [16. 32.  3.]
 [28. 54. 58.]
 [26. 41. 59.]
 [16.  1. 32.]
 [26. 59. 30.]
 [10. 43. 63.]
 [18. 62. 60.]
 [ 6. 62. 24.]
 [ 2. 45. 17.]
 [ 8. 62.  4.]
 [31.  3. 63.]
 [26.  1. 63.]
 [ 9.  1.  4.]]","[0.8108757734298706, 0.7969383597373962, 0.7938179969787598, 0.7424843907356262, 0.7424060702323914, 0.740423858165741, 0.7173551917076111, 0.7155871987342834, 0.7061407566070557, 0.6965186595916748, 0.6403086185455322, 0.6187931895256042, 0.6092904210090637, 0.5866929292678833, 0.5614727139472961, 0.5573154091835022, 0.5238119959831238, 0.513217568397522, 0.4929446578025818, 0.47715672850608826, 0.4412069618701935, 0.4388437867164612, 0.40161269903182983, 0.35537558794021606, 0.34287381172180176]"
F1_N0,train_44b6_t20_p06_crowded,train,44b6_d29c9ab2,20,crowded,0.3,2,31,1,1,1,3.943974018096924,3.943974018096924,0.0,1,0.0,1,0.7405174970626831,"[[10. 27. 24.]
 [18. 51. 45.]
 [20. 27. 43.]
 [14. 53. 29.]
 [22.  5. 53.]
 [26. 21. 26.]
 [12.  4. 38.]
 [30. 26. 43.]
 [24.  5.  6.]
 [26. 45. 25.]
 [ 4. 41. 37.]
 [30.  6. 44.]
 [24. 47. 59.]
 [ 8. 49.  4.]
 [28. 39.  8.]
 [ 6.  5. 20.]
 [ 2. 33.  6.]
 [24. 27. 63.]
 [24. 62.  6.]
 [30. 61. 39.]
 [12. 49. 63.]
 [29.  1. 63.]
 [10. 62. 54.]
 [ 1. 62.  6.]
 [23. 63. 23.]
 [23. 62. 50.]
 [22. 29.  1.]
 [12.  4.  4.]
 [ 9. 63. 27.]
 [12. 62.  4.]
 [20. 47.  4.]]","[0.7917685508728027, 0.7653400897979736, 0.7405174970626831, 0.7338650226593018, 0.7250411510467529, 0.7198954820632935, 0.705635130405426, 0.701674222946167, 0.6923762559890747, 0.6854087710380554, 0.6498177647590637, 0.6343846917152405, 0.6274832487106323, 0.6117791533470154, 0.6113714575767517, 0.5974248051643372, 0.5893200635910034, 0.5497205853462219, 0.48131218552589417, 0.4617573916912079, 0.4417702853679657, 0.42899149656295776, 0.4242163598537445, 0.41794052720069885, 0.399973601102829, 0.3722689747810364, 0.3706192374229431, 0.35763871669769287, 0.3535773754119873, 0.3259947597980499, 0.3218545913696289]"
F1_N0,train_44b6_t40_p07_crowded,train,44b6_d29c9ab2,40,crowded,0.3,2,26,1,2,2,1.04063081741333,1.04063081741333,1.04063081741333,2,1.04063081741333,2,0.7191520035266876,"[[12. 17. 46.]
 [10. 41. 32.]
 [26. 13. 54.]
 [24. 41. 49.]
 [ 4. 51.  5.]
 [10. 59. 13.]
 [26. 27. 20.]
 [22. 31. 34.]
 [16. 32. 33.]
 [18. 51. 25.]
 [30. 60. 25.]
 [31. 15. 36.]
 [30. 53.  4.]
 [20.  1. 14.]
 [24. 57.  9.]
 [31. 22. 13.]
 [31. 33. 52.]
 [31. 43. 22.]
 [31. 11. 54.]
 [24. 62. 38.]
 [30. 55. 63.]
 [10. 62. 42.]
 [31.  1.  4.]
 [25. 33.  4.]
 [15.  3.  3.]
 [30. 62. 46.]]","[0.838117241859436, 0.8295791149139404, 0.7883580923080444, 0.7424640655517578, 0.7320944666862488, 0.7311102747917175, 0.7285109162330627, 0.7230655550956726, 0.7152384519577026, 0.6404889225959778, 0.6304855942726135, 0.5872289538383484, 0.5776551961898804, 0.569901704788208, 0.5672038197517395, 0.5451158285140991, 0.5287556052207947, 0.5192868113517761, 0.5126018524169922, 0.4819348454475403, 0.4765356779098511, 0.37872421741485596, 0.3532467186450958, 0.3434045910835266, 0.3397934138774872, 0.32705825567245483]"
F1_N0,train_44b6_t50_p08_crowded,train,44b6_d29c9ab2,50,crowded,0.3,3,33,2,2,2,3.131457964579264,0.8125,0.609375,2,0.609375,2,0.7388168573379517,"[[24. 30. 47.]
 [ 8. 21. 46.]
 [18.  7. 22.]
 [ 4. 42. 20.]
 [26. 30. 21.]
 [16. 31. 46.]
 [24. 43.  4.]
 [12. 43.  4.]
 [16. 30. 21.]
 [20.  9. 55.]
 [ 6. 42. 46.]
 [26. 50. 59.]
 [28.  4. 40.]
 [ 2. 25. 30.]
 [12.  5.  5.]
 [20. 17.  4.]
 [14. 62. 22.]
 [26.  3.  9.]
 [ 6. 11. 63.]
 [ 6.  5.  4.]
 [14. 51. 50.]
 [20. 62. 10.]
 [20. 45. 28.]
 [16. 17. 63.]
 [10. 53. 63.]
 [23. 45. 47.]
 [30. 53. 63.]
 [21. 62. 60.]
 [10. 62.  6.]
 [ 1. 42.  3.]
 [ 4.  1. 40.]
 [29.  3. 63.]
 [11. 22.  3.]]","[0.7819753885269165, 0.7692348957061768, 0.7539971470832825, 0.7396944165229797, 0.7092428207397461, 0.7083988189697266, 0.7028939127922058, 0.6971901655197144, 0.6735453605651855, 0.6698223948478699, 0.663979172706604, 0.657866895198822, 0.6483146548271179, 0.6360020637512207, 0.6299846768379211, 0.5967931747436523, 0.58262699842453, 0.57086181640625, 0.5694391131401062, 0.5655756592750549, 0.5637449026107788, 0.5322058796882629, 0.4903348386287689, 0.4823569655418396, 0.4533662796020508, 0.43457725644111633, 0.42275169491767883, 0.40026551485061646, 0.39163121581077576, 0.36210253834724426, 0.3614780604839325, 0.34878966212272644, 0.3063689172267914]"
F1_N0,train_44b6_t10_p09_crowded,train,44b6_d29c9ab2,10,crowded,0.3,2,28,1,2,2,0.8375058174133301,0.8375058174133301,0.8375058174133301,2,0.8375058174133301,2,0.747304767370224,"[[16. 23. 32.]
 [10. 19. 15.]
 [ 6. 49. 33.]
 [12. 47. 16.]
 [20. 49. 16.]
 [14. 47. 35.]
 [26. 13. 20.]
 [14.  7. 45.]
 [20.  7. 59.]
 [26. 11. 55.]
 [ 4. 31. 42.]
 [26. 57. 43.]
 [ 4. 53. 52.]
 [18. 48. 59.]
 [ 8.  5.  7.]
 [22. 23. 26.]
 [20. 28. 60.]
 [14. 61. 63.]
 [18.  1. 22.]
 [22. 39.  2.]
 [30. 35. 57.]
 [23. 62. 58.]
 [ 8. 63. 13.]
 [21. 63. 49.]
 [10. 25. 63.]
 [ 1.  1. 28.]
 [ 7. 20.  3.]
 [ 7. 37.  3.]]","[0.8366280198097229, 0.7782468199729919, 0.7722967267036438, 0.7696546316146851, 0.7693564891815186, 0.752649188041687, 0.7272223234176636, 0.6840686798095703, 0.6804895401000977, 0.6804391741752625, 0.6785961985588074, 0.6579815149307251, 0.6544986963272095, 0.649565577507019, 0.6437804698944092, 0.6347756385803223, 0.5768205523490906, 0.5738706588745117, 0.5639682412147522, 0.5277065634727478, 0.5227585434913635, 0.44983163475990295, 0.4457266330718994, 0.44127240777015686, 0.36692994832992554, 0.3580549657344818, 0.34965500235557556, 0.32913878560066223]"
F1_N0,train_44b6_t30_p10_crowded,train,44b6_d29c9ab2,30,crowded,0.3,3,33,3,3,3,0.43821754058202106,0.40625,0.43821754058202106,3,0.43821754058202106,3,0.7060758471488953,"[[18. 17. 54.]
 [16. 33. 32.]
 [18.  7. 31.]
 [ 6. 15. 26.]
 [24. 10. 31.]
 [ 8. 25. 46.]
 [10. 50. 15.]
 [16. 29. 11.]
 [14. 61. 38.]
 [ 6. 51.  6.]
 [26. 31. 26.]
 [22. 35. 36.]
 [30. 15. 38.]
 [24. 43.  4.]
 [12. 21.  4.]
 [18. 43. 63.]
 [26.  1. 48.]
 [24. 57. 43.]
 [22. 51. 14.]
 [14. 62. 26.]
 [ 6. 55. 59.]
 [ 6.  3. 47.]
 [31. 12. 59.]
 [ 2. 25. 18.]
 [ 2. 62. 36.]
 [ 2. 37. 37.]
 [ 2.  1.  4.]
 [17. 61. 63.]
 [ 1. 62. 10.]
 [27. 62. 13.]
 [27. 59.  6.]
 [13.  1. 10.]
 [26.  2.  5.]]","[0.7927114367485046, 0.760658323764801, 0.75507652759552, 0.7395371198654175, 0.7142366766929626, 0.7118633389472961, 0.6842765808105469, 0.6778908371925354, 0.6775196194648743, 0.6603002548217773, 0.6477419137954712, 0.647655725479126, 0.6457058787345886, 0.6383840441703796, 0.6380711793899536, 0.6096801161766052, 0.6048753261566162, 0.5851269364356995, 0.5508460998535156, 0.5385007858276367, 0.5229862928390503, 0.5135189890861511, 0.504856526851654, 0.4917776882648468, 0.48881420493125916, 0.4780517816543579, 0.4492560029029846, 0.43141409754753113, 0.3873004913330078, 0.37745916843414307, 0.3738134205341339, 0.36811143159866333, 0.3453458547592163]"
F1_N0,train_44b6_t35_p11_crowded,train,44b6_d29c9ab2,35,crowded,0.3,4,30,3,4,4,0.5623839795589447,0.2872621417045593,0.5623839795589447,4,0.5623839795589447,4,0.7616209536790848,"[[24. 40. 19.]
 [20. 53. 52.]
 [16. 33. 50.]
 [26. 29. 38.]
 [14. 31. 29.]
 [ 2. 43. 23.]
 [14. 27.  5.]
 [10. 49. 40.]
 [22. 15. 22.]
 [ 6. 49. 51.]
 [ 2. 29.  4.]
 [30. 15. 59.]
 [12. 49. 14.]
 [20. 51.  4.]
 [ 2. 17. 30.]
 [12. 15. 47.]
 [18. 10. 60.]
 [27. 61. 63.]
 [31. 39. 54.]
 [28.  4. 22.]
 [26.  1. 48.]
 [12. 61. 63.]
 [16. 57.  4.]
 [ 2. 41. 63.]
 [13.  1.  4.]
 [ 2. 62. 36.]
 [24. 27. 63.]
 [18.  1. 32.]
 [ 3.  1. 26.]
 [ 5.  1. 42.]]","[0.8176101446151733, 0.8025621771812439, 0.7977076768875122, 0.7880354523658752, 0.7676817774772644, 0.7672693729400635, 0.7471093535423279, 0.7186295986175537, 0.7127732634544373, 0.7111402750015259, 0.6829240918159485, 0.6795969009399414, 0.6638966202735901, 0.6473603248596191, 0.6411911845207214, 0.6186845302581787, 0.5992140173912048, 0.5785803198814392, 0.5638080835342407, 0.5400336980819702, 0.5342993140220642, 0.4549270272254944, 0.43790939450263977, 0.4266553819179535, 0.4250773787498474, 0.4220147430896759, 0.41220059990882874, 0.38461926579475403, 0.346964031457901, 0.343737930059433]"
F1_N0,train_44b6_t45_p12_crowded,train,44b6_d29c9ab2,45,crowded,0.3,2,29,1,2,2,0.8375058174133301,0.8375058174133301,0.8375058174133301,2,0.8375058174133301,2,0.7497618198394775,"[[10. 35. 28.]
 [ 6. 35. 20.]
 [16. 32. 32.]
 [24. 37. 40.]
 [20. 14. 45.]
 [26.  9. 48.]
 [10. 23. 50.]
 [28. 30. 18.]
 [30. 60. 23.]
 [26. 43. 57.]
 [12. 57. 15.]
 [22. 61. 44.]
 [31. 10. 32.]
 [20. 50. 27.]
 [30. 51.  4.]
 [24. 61. 10.]
 [ 4. 53.  4.]
 [28.  1. 14.]
 [31.  9. 48.]
 [31. 37. 59.]
 [20.  1. 14.]
 [10. 62. 40.]
 [31. 48. 29.]
 [26. 28.  3.]
 [26. 37.  4.]
 [30. 61. 59.]
 [29.  1. 63.]
 [16.  3.  3.]
 [14. 21.  3.]]","[0.8814256191253662, 0.7883986830711365, 0.7559896111488342, 0.7435340285301208, 0.7233323454856873, 0.7149267792701721, 0.698157012462616, 0.6818851232528687, 0.6596483588218689, 0.6452062129974365, 0.6217045783996582, 0.6016601324081421, 0.591961145401001, 0.5912235975265503, 0.5785635709762573, 0.5767002701759338, 0.5489236116409302, 0.5057201981544495, 0.5020312666893005, 0.48541173338890076, 0.4723868668079376, 0.464200496673584, 0.44208869338035583, 0.409652978181839, 0.4085710048675537, 0.40440458059310913, 0.38276368379592896, 0.3494558334350586, 0.34814539551734924]"
F1_N0,train_44b6_t25_p13_crowded,train,44b6_d29c9ab2,25,crowded,0.3,2,25,2,2,2,0.4903871417045593,0.4903871417045593,0.4903871417045593,2,0.4903871417045593,2,0.783303290605545,"[[16. 33. 33.]
 [10. 33. 25.]
 [24. 47. 15.]
 [22. 37. 42.]
 [14. 11. 43.]
 [24.  5. 48.]
 [14. 55. 20.]
 [ 6. 45. 37.]
 [ 2. 37.  7.]
 [18. 53. 38.]
 [30. 13. 41.]
 [26. 27. 22.]
 [24. 24. 59.]
 [26. 46. 54.]
 [31. 31. 39.]
 [28. 20.  3.]
 [30. 55.  9.]
 [12. 55. 63.]
 [ 8. 61.  4.]
 [14.  1.  4.]
 [ 2. 62. 16.]
 [30. 62. 30.]
 [31.  1. 24.]
 [31. 61. 59.]
 [ 9.  1. 34.]]","[0.8040118217468262, 0.7997251152992249, 0.7701625227928162, 0.7625947594642639, 0.7460565567016602, 0.7181947231292725, 0.7152160406112671, 0.7147177457809448, 0.7058223485946655, 0.6922600865364075, 0.6840595602989197, 0.6746959686279297, 0.674262523651123, 0.6550644040107727, 0.5898749232292175, 0.5852604508399963, 0.5658741593360901, 0.4903552830219269, 0.48964157700538635, 0.41546157002449036, 0.4028284251689911, 0.3845399022102356, 0.38232842087745667, 0.37172994017601013, 0.36945027112960815]"
F1_N0,train_44b6_t10_p14_crowded,train,44b6_d29c9ab2,10,crowded,0.3,2,28,2,2,2,0.6573263108730316,0.6573263108730316,0.6573263108730316,2,0.6573263108730316,2,0.7583594024181366,"[[14. 37. 24.]
 [22. 11. 44.]
 [ 6. 35. 12.]
 [16. 11. 30.]
 [22. 23.  9.]
 [28. 11. 12.]
 [28. 22. 39.]
 [12. 11. 20.]
 [24. 37. 59.]
 [20. 53.  9.]
 [28. 50. 30.]
 [26. 47. 40.]
 [ 6. 55.  8.]
 [18. 30. 45.]
 [12. 53. 44.]
 [12. 55. 12.]
 [ 4. 19. 27.]
 [18. 57. 40.]
 [28.  1. 38.]
 [ 2. 47.  4.]
 [21. 55. 63.]
 [24. 15. 63.]
 [12. 27. 63.]
 [22.  1.  3.]
 [31. 37. 59.]
 [ 3. 63.  4.]
 [12. 53. 63.]
 [30. 62. 56.]]","[0.816464364528656, 0.7829160690307617, 0.7828494906425476, 0.7338027358055115, 0.7259489893913269, 0.7027376890182495, 0.6983211636543274, 0.6881666779518127, 0.6879570484161377, 0.6864187121391296, 0.6794062256813049, 0.6441650390625, 0.6405073404312134, 0.6314009428024292, 0.6286952495574951, 0.619330883026123, 0.5922721028327942, 0.5886083841323853, 0.4836373031139374, 0.4392777681350708, 0.43489670753479004, 0.4274672865867615, 0.426655113697052, 0.4259880483150482, 0.3917732834815979, 0.3702886402606964, 0.3596712350845337, 0.339950829744339]"
F1_N0,train_44b6_t25_p15_crowded,train,44b6_d29c9ab2,25,crowded,0.3,4,28,3,4,4,0.723440408706665,0.609375,0.723440408706665,4,0.723440408706665,4,0.733084037899971,"[[20. 45. 21.]
 [12. 29. 38.]
 [24. 17. 24.]
 [ 2. 31. 39.]
 [12. 17. 18.]
 [20. 43. 44.]
 [20. 17. 26.]
 [12. 47. 20.]
 [16. 33. 59.]
 [14.  9. 54.]
 [ 2. 25. 16.]
 [22.  6. 46.]
 [12. 53. 52.]
 [26. 19. 50.]
 [ 2.  9. 30.]
 [16. 55.  8.]
 [ 2. 55.  3.]
 [30. 39. 58.]
 [22. 60.  4.]
 [ 2. 62. 52.]
 [21.  4.  4.]
 [19. 63. 43.]
 [ 8. 62. 16.]
 [ 8. 62.  6.]
 [ 2. 61. 63.]
 [12. 39.  3.]
 [ 9.  3.  3.]
 [29.  1. 44.]]","[0.8146414160728455, 0.7942604422569275, 0.7603226900100708, 0.7567155361175537, 0.751094400882721, 0.7337250709533691, 0.719009280204773, 0.7143540382385254, 0.7009438872337341, 0.7000438570976257, 0.6943625807762146, 0.6874868869781494, 0.6848050355911255, 0.6641040444374084, 0.6185898184776306, 0.5447405576705933, 0.5436574816703796, 0.5327748656272888, 0.4883272051811218, 0.4863516092300415, 0.46511006355285645, 0.46416133642196655, 0.42738768458366394, 0.4122127294540405, 0.39857807755470276, 0.35997891426086426, 0.3402233123779297, 0.3270931839942932]"
F1_N0,train_44b6_t30_p16_crowded,train,44b6_d29c9ab2,30,crowded,0.3,2,26,2,2,2,0.6573263108730316,0.6573263108730316,0.6573263108730316,2,0.6573263108730316,2,0.7372559607028961,"[[16. 33. 32.]
 [26. 23. 28.]
 [ 6. 15. 42.]
 [ 8. 54. 16.]
 [18. 47.  4.]
 [28. 51. 25.]
 [ 4. 33. 30.]
 [20. 21. 54.]
 [20. 43. 50.]
 [10. 31. 28.]
 [ 2. 59.  5.]
 [22. 27. 18.]
 [24. 14.  3.]
 [28. 17. 48.]
 [12. 17. 47.]
 [26. 60. 39.]
 [16.  5. 42.]
 [14. 46. 23.]
 [26. 53.  4.]
 [31. 10. 31.]
 [12.  1.  3.]
 [18. 62. 36.]
 [29. 42. 63.]
 [27.  1. 63.]
 [24.  1. 50.]
 [24. 39. 63.]]","[0.7849563360214233, 0.7650347352027893, 0.7589402794837952, 0.753803551197052, 0.7314362525939941, 0.7253665328025818, 0.718733549118042, 0.7107221484184265, 0.7034794688224792, 0.6895555853843689, 0.6732019186019897, 0.6691256761550903, 0.6622085571289062, 0.6512805223464966, 0.6469629406929016, 0.6347287893295288, 0.6006723642349243, 0.5704658627510071, 0.5554439425468445, 0.4779691994190216, 0.4666353166103363, 0.46080756187438965, 0.39792314171791077, 0.33822476863861084, 0.3351120352745056, 0.3272690773010254]"
F1_N0,train_44b6_t15_p17_crowded,train,44b6_d29c9ab2,15,crowded,0.3,2,30,2,2,2,0.4903871417045593,0.4903871417045593,0.4903871417045593,2,0.4903871417045593,2,0.7878723442554474,"[[22. 25. 44.]
 [ 6. 51. 17.]
 [12. 27. 25.]
 [16. 50. 30.]
 [16. 22. 32.]
 [22. 41.  6.]
 [10.  6. 26.]
 [18. 41. 41.]
 [28.  9. 31.]
 [30. 27. 15.]
 [28. 35. 34.]
 [ 4. 29. 32.]
 [24. 20.  4.]
 [10. 61. 58.]
 [24. 43. 59.]
 [31. 19. 47.]
 [24. 55. 34.]
 [31. 60. 36.]
 [31. 55. 49.]
 [20.  2. 36.]
 [26. 21. 63.]
 [ 5. 62.  8.]
 [11. 62. 40.]
 [22. 62. 58.]
 [11.  3. 63.]
 [28. 62. 12.]
 [22.  1. 54.]
 [14.  1.  4.]
 [ 6.  1. 16.]
 [12. 43. 63.]]","[0.8162441253662109, 0.7762962579727173, 0.7723391056060791, 0.765701413154602, 0.7595005631446838, 0.7137013673782349, 0.6944031715393066, 0.6915950179100037, 0.6851718425750732, 0.6564033627510071, 0.649238646030426, 0.633622944355011, 0.6234053373336792, 0.6074944734573364, 0.6053274869918823, 0.5887675285339355, 0.5826178193092346, 0.5232437252998352, 0.5205416083335876, 0.4909819960594177, 0.48663002252578735, 0.4689134657382965, 0.4668658375740051, 0.4556311070919037, 0.39830586314201355, 0.38983353972435, 0.38480955362319946, 0.34313473105430603, 0.31819650530815125, 0.31770145893096924]"
F1_N0,train_44b6_t55_p18_crowded,train,44b6_d29c9ab2,55,crowded,0.3,2,28,1,2,2,1.1956647634506226,1.1956647634506226,1.1956647634506226,2,1.1956647634506226,2,0.7239573001861572,"[[24.  9. 20.]
 [16. 33. 33.]
 [ 2. 35. 24.]
 [22. 51. 20.]
 [20. 39. 49.]
 [12. 46. 20.]
 [26. 47. 26.]
 [10. 29. 26.]
 [22. 27. 12.]
 [28. 33. 22.]
 [12. 13. 37.]
 [16. 55. 44.]
 [18.  4. 48.]
 [28.  5. 47.]
 [28. 20. 39.]
 [22. 19. 60.]
 [24. 48.  3.]
 [30. 61. 63.]
 [ 4. 21. 40.]
 [30.  6. 28.]
 [ 5. 58. 11.]
 [ 4. 47. 57.]
 [22. 62. 58.]
 [31. 47. 48.]
 [ 9.  3. 63.]
 [30. 62. 42.]
 [11. 62. 12.]
 [ 9. 13.  3.]]","[0.8407501578330994, 0.764938473701477, 0.754793643951416, 0.7370898723602295, 0.7247413992881775, 0.7132558822631836, 0.7106010317802429, 0.6829761266708374, 0.6706157326698303, 0.6510177850723267, 0.648288905620575, 0.6230904459953308, 0.6195662021636963, 0.5972395539283752, 0.586239755153656, 0.5844303369522095, 0.5824641585350037, 0.5689765810966492, 0.546920657157898, 0.5179983973503113, 0.5093895792961121, 0.484080970287323, 0.42575836181640625, 0.4216170608997345, 0.3720579147338867, 0.36201146245002747, 0.3461174964904785, 0.31902778148651123]"
F1_N0,train_44b6_t35_p19_crowded,train,44b6_d29c9ab2,35,crowded,0.3,2,23,1,2,2,1.1247679591178894,1.1247679591178894,1.1247679591178894,2,1.1247679591178894,2,0.7974111437797546,"[[22. 37. 38.]
 [12. 37. 32.]
 [12. 19. 47.]
 [20.  6. 14.]
 [26. 20. 58.]
 [16. 33. 33.]
 [ 6. 39. 30.]
 [26. 45. 53.]
 [24. 49.  9.]
 [28. 33. 22.]
 [12. 59. 16.]
 [22.  4. 44.]
 [ 4. 51.  9.]
 [31. 32. 22.]
 [30. 53.  4.]
 [31. 54. 27.]
 [18. 51. 28.]
 [31. 18. 40.]
 [31.  4. 15.]
 [24. 62. 44.]
 [31. 61. 59.]
 [31. 39. 63.]
 [26. 13. 24.]]","[0.8345853686332703, 0.8188091516494751, 0.7896506190299988, 0.7614291906356812, 0.7613933086395264, 0.760236918926239, 0.7511411309242249, 0.7316603660583496, 0.725658655166626, 0.7167347073554993, 0.6348137855529785, 0.6225183010101318, 0.5646503567695618, 0.5645744204521179, 0.5642460584640503, 0.5518037676811218, 0.5207709670066833, 0.5160043835639954, 0.41607990860939026, 0.41329535841941833, 0.3595694303512573, 0.3551979660987854, 0.3207320272922516]"
F1_N0,train_44b6_t35_p20_crowded,train,44b6_d29c9ab2,35,crowded,0.3,2,25,2,2,2,0.5745242834091187,0.5745242834091187,0.5745242834091187,2,0.5745242834091187,2,0.7716446220874786,"[[20. 13. 20.]
 [10. 21. 25.]
 [18. 35. 38.]
 [26. 36.  7.]
 [26.  4. 40.]
 [20. 13. 55.]
 [24. 53. 42.]
 [14. 45. 33.]
 [30. 55. 22.]
 [18. 42.  8.]
 [ 6. 45. 18.]
 [20. 27.  4.]
 [30. 34. 49.]
 [31. 13. 11.]
 [31.  1. 28.]
 [16. 25. 59.]
 [20. 62. 58.]
 [10.  1. 14.]
 [24.  7.  3.]
 [20. 63. 23.]
 [ 6. 17.  1.]
 [31. 19. 63.]
 [31.  5. 52.]
 [10. 62.  3.]
 [16.  1.  4.]]","[0.824822187423706, 0.8218372464179993, 0.8204169273376465, 0.7695428729057312, 0.7519029378890991, 0.7475378513336182, 0.7356091141700745, 0.7228723168373108, 0.685156524181366, 0.660774827003479, 0.6270302534103394, 0.6197938919067383, 0.5853635668754578, 0.568252682685852, 0.5546205639839172, 0.5283977389335632, 0.48109814524650574, 0.4538137912750244, 0.40766051411628723, 0.4052302837371826, 0.3655932545661926, 0.36437341570854187, 0.3559707999229431, 0.35449716448783875, 0.3167714476585388]"
F1_N0,train_44b6_t20_p21_crowded,train,44b6_d29c9ab2,20,crowded,0.3,2,25,2,2,2,0.40625,0.40625,0.40625,2,0.40625,2,0.7608473300933838,"[[ 8. 33. 13.]
 [24. 37. 42.]
 [26. 21. 20.]
 [10. 53. 19.]
 [16. 33. 46.]
 [14. 11. 32.]
 [22. 42. 23.]
 [28. 13. 52.]
 [24. 39.  4.]
 [14. 60. 49.]
 [24. 51. 60.]
 [30. 52. 12.]
 [16. 53.  4.]
 [31. 41. 39.]
 [28. 35. 63.]
 [31.  1.  4.]
 [22. 62. 23.]
 [31. 62. 52.]
 [10.  3.  4.]
 [31. 21. 34.]
 [ 3. 36. 21.]
 [ 6. 44.  3.]
 [31.  1. 38.]
 [24. 62. 34.]
 [31. 35.  3.]]","[0.8210754990577698, 0.8184410929679871, 0.8157566785812378, 0.7794655561447144, 0.7778908014297485, 0.7622880339622498, 0.743803858757019, 0.7314181923866272, 0.7044978737831116, 0.6825522780418396, 0.6500175595283508, 0.6398270130157471, 0.5972515940666199, 0.569700300693512, 0.5475913882255554, 0.4891037046909332, 0.4743286371231079, 0.4399421811103821, 0.43974754214286804, 0.42445334792137146, 0.40851420164108276, 0.4023841917514801, 0.3996032774448395, 0.36966434121131897, 0.3292749226093292]"
F1_N0,train_44b6_t30_p22_crowded,train,44b6_d29c9ab2,30,crowded,0.3,2,25,2,2,2,0.203125,0.203125,0.203125,2,0.203125,2,0.7842459082603455,"[[18. 27. 39.]
 [24. 49. 47.]
 [26. 25. 13.]
 [14. 37. 33.]
 [28. 52. 25.]
 [20.  7. 26.]
 [20. 21.  4.]
 [10. 13. 22.]
 [28. 25. 53.]
 [20.  7. 59.]
 [ 8. 55. 58.]
 [20. 59. 30.]
 [16. 33.  4.]
 [ 2. 43. 18.]
 [14. 15. 57.]
 [ 6. 60.  4.]
 [18. 61. 63.]
 [31.  4.  9.]
 [31.  4. 51.]
 [24.  1. 41.]
 [16. 62.  5.]
 [31. 51. 63.]
 [ 4. 62. 26.]
 [ 5.  4.  3.]
 [ 8. 45.  3.]]","[0.7980584502220154, 0.7937185168266296, 0.778819739818573, 0.7704333662986755, 0.7650436758995056, 0.7535432577133179, 0.700327455997467, 0.6849339604377747, 0.6806666254997253, 0.6720559000968933, 0.6653871536254883, 0.6305626630783081, 0.6203912496566772, 0.619274377822876, 0.6076112389564514, 0.6055840849876404, 0.5782713890075684, 0.5652354955673218, 0.4938912093639374, 0.478160560131073, 0.4498494863510132, 0.41536790132522583, 0.3694519102573395, 0.3232297897338867, 0.3079538643360138]"
F1_N0,train_44b6_t50_p23_crowded,train,44b6_d29c9ab2,50,crowded,0.3,2,27,1,1,1,2.5654983520507812,2.5654983520507812,0.8125,1,0.8125,1,0.7535171508789062,"[[ 6. 21. 37.]
 [16. 47. 16.]
 [24.  6. 45.]
 [10. 46. 38.]
 [ 4. 27. 11.]
 [18. 25. 32.]
 [12. 25. 56.]
 [30. 28. 13.]
 [22. 60. 33.]
 [28. 34. 40.]
 [14. 25.  4.]
 [24.  7. 19.]
 [20. 53. 60.]
 [30.  8. 29.]
 [28. 62. 46.]
 [26. 46. 30.]
 [20. 19. 14.]
 [ 6. 59. 22.]
 [31. 15. 58.]
 [ 8. 61. 59.]
 [24. 38.  3.]
 [19.  3. 63.]
 [ 7.  1. 36.]
 [ 2. 11.  3.]
 [31.  1. 44.]
 [20. 58.  1.]
 [16. 62. 46.]]","[0.799687922000885, 0.7788316607475281, 0.77324378490448, 0.7535171508789062, 0.7281593084335327, 0.7273555397987366, 0.7266000509262085, 0.7129971385002136, 0.6653413772583008, 0.6623463034629822, 0.6561421155929565, 0.6460734009742737, 0.6422641277313232, 0.6372117400169373, 0.629404604434967, 0.6216339468955994, 0.5513625144958496, 0.515376091003418, 0.4973466098308563, 0.4789464473724365, 0.47207731008529663, 0.46775949001312256, 0.4424028694629669, 0.43758150935173035, 0.43361005187034607, 0.3606075644493103, 0.355265349149704]"
F1_N0,train_44b6_t40_p24_crowded,train,44b6_d29c9ab2,40,crowded,0.3,2,22,1,2,2,1.1339606642723083,1.1339606642723083,1.1339606642723083,2,1.1339606642723083,2,0.7114858329296112,"[[18. 11. 11.]
 [10. 45.  5.]
 [26. 38. 46.]
 [24. 26. 15.]
 [24.  7. 47.]
 [16. 32. 48.]
 [20. 35. 30.]
 [18.  7. 44.]
 [28.  7.  4.]
 [28.  6. 22.]
 [18. 57. 11.]
 [31. 17. 59.]
 [20. 62. 46.]
 [31. 31. 24.]
 [14. 53. 30.]
 [30. 45. 57.]
 [18.  9. 59.]
 [31. 62. 26.]
 [31. 26.  4.]
 [24. 61. 19.]
 [24. 62. 60.]
 [31.  5. 42.]]","[0.8837469220161438, 0.8102303147315979, 0.8017855882644653, 0.7982766032218933, 0.7787209749221802, 0.7646858096122742, 0.7442253828048706, 0.7427296042442322, 0.6685823202133179, 0.6586703658103943, 0.6582858562469482, 0.6510323882102966, 0.6448822021484375, 0.6045101284980774, 0.6022904515266418, 0.5865347981452942, 0.5517760515213013, 0.5117408037185669, 0.46628183126449585, 0.43667787313461304, 0.42940622568130493, 0.35872504115104675]"
F1_N0,train_44b6_t55_p25_isolated,train,44b6_d29c9ab2,55,isolated,0.3,1,22,0,1,1,1.6750116348266602,1.6750116348266602,1.6750116348266602,1,1.6750116348266602,1,0.7166523933410645,"[[20. 45. 18.]
 [28. 33. 40.]
 [16. 29.  4.]
 [16.  7. 24.]
 [14. 32. 31.]
 [22. 18. 30.]
 [28. 14. 20.]
 [18.  7. 47.]
 [30. 31.  4.]
 [24.  5. 36.]
 [28. 60. 63.]
 [26. 47.  5.]
 [28. 15. 63.]
 [31. 62. 46.]
 [31.  6.  9.]
 [28. 62. 27.]
 [31. 60. 55.]
 [25.  9.  7.]
 [ 7. 62.  4.]
 [16. 62. 32.]
 [17. 62. 10.]
 [ 8. 62. 28.]]","[0.8275327682495117, 0.7891108393669128, 0.7749432325363159, 0.7570084929466248, 0.7166523933410645, 0.6850306391716003, 0.6747985482215881, 0.6670556664466858, 0.6148093938827515, 0.6142580509185791, 0.5915738940238953, 0.5782687067985535, 0.5246900916099548, 0.5092133283615112, 0.49508994817733765, 0.48235318064689636, 0.46744659543037415, 0.4261045753955841, 0.40003669261932373, 0.3686521053314209, 0.3369579315185547, 0.32196399569511414]"
F1_N0,train_44b6_t50_p26_isolated,train,44b6_d29c9ab2,50,isolated,0.3,1,27,1,1,1,0.40625,0.40625,0.40625,1,0.40625,1,0.7509201169013977,"[[20. 38. 54.]
 [ 6. 43. 34.]
 [16. 31. 32.]
 [12. 58. 25.]
 [16.  4. 26.]
 [10. 45. 56.]
 [18. 22. 38.]
 [10.  6. 51.]
 [ 2. 59. 17.]
 [ 6.  4. 38.]
 [ 6. 23. 54.]
 [ 4. 21. 28.]
 [10. 27. 63.]
 [18. 62. 59.]
 [26. 29. 53.]
 [ 6. 57.  4.]
 [16. 54. 36.]
 [ 8.  4.  3.]
 [ 2. 33. 18.]
 [ 1. 42. 39.]
 [18. 61. 15.]
 [28.  9. 63.]
 [ 4.  1. 16.]
 [ 8. 20.  3.]
 [24. 15. 63.]
 [23.  1. 60.]
 [16. 11.  4.]]","[0.8575043082237244, 0.8039345741271973, 0.7509201169013977, 0.7162082195281982, 0.7133182883262634, 0.6976862549781799, 0.6793175339698792, 0.6635376214981079, 0.6473629474639893, 0.6353037357330322, 0.6032385230064392, 0.5946237444877625, 0.47687262296676636, 0.4665704369544983, 0.46187546849250793, 0.4530239999294281, 0.44963616132736206, 0.4122859835624695, 0.4027015268802643, 0.38184741139411926, 0.3790362477302551, 0.37609487771987915, 0.36274296045303345, 0.34234192967414856, 0.339884489774704, 0.3138083219528198, 0.3127959370613098]"
F1_N0,train_44b6_t15_p27_isolated,train,44b6_d29c9ab2,15,isolated,0.3,1,20,1,1,1,0.40625,0.40625,0.40625,1,0.40625,1,0.8737592697143555,"[[18. 32. 33.]
 [ 4. 39. 24.]
 [10. 14. 50.]
 [18.  5. 26.]
 [16. 19. 53.]
 [ 2. 55. 47.]
 [12. 35. 38.]
 [ 6.  6. 19.]
 [12. 19.  6.]
 [12. 49.  4.]
 [12. 57. 51.]
 [ 4. 33. 53.]
 [22. 11. 59.]
 [14. 62. 34.]
 [22. 55. 58.]
 [ 6. 21. 42.]
 [ 2. 57.  9.]
 [ 1. 13. 26.]
 [ 7. 62. 14.]
 [ 7. 61. 63.]]","[0.8737592697143555, 0.7913380265235901, 0.7847895622253418, 0.7632265686988831, 0.7590571045875549, 0.7557836771011353, 0.7351900935173035, 0.7281777858734131, 0.7095215916633606, 0.6976802945137024, 0.6730406880378723, 0.6708697080612183, 0.6647876501083374, 0.6532483696937561, 0.6349581480026245, 0.6207217574119568, 0.602803111076355, 0.4523468315601349, 0.44636180996894836, 0.41112783551216125]"
F1_N0,train_44b6_t30_p28_isolated,train,44b6_d29c9ab2,30,isolated,0.3,1,26,1,1,1,0.40625,0.40625,0.40625,1,0.40625,1,0.9100538492202759,"[[16. 31. 32.]
 [ 4. 11. 40.]
 [ 6. 31. 48.]
 [ 6.  5. 12.]
 [18. 25. 58.]
 [10. 13. 59.]
 [ 4. 52. 51.]
 [12.  5. 16.]
 [14. 57. 43.]
 [22.  7. 60.]
 [12. 38. 47.]
 [ 6. 60. 18.]
 [10. 37. 22.]
 [10. 39. 63.]
 [10. 26. 11.]
 [ 8. 62. 62.]
 [ 2. 62.  6.]
 [12. 47.  4.]
 [14. 35.  4.]
 [ 1. 45. 26.]
 [ 1. 15. 53.]
 [12. 62. 20.]
 [ 2. 31.  1.]
 [20. 47. 63.]
 [ 2. 62. 36.]
 [23. 61. 63.]]","[0.9100538492202759, 0.8549362421035767, 0.8190151453018188, 0.8183859586715698, 0.759914219379425, 0.7513096928596497, 0.7282575964927673, 0.7234004735946655, 0.711103618144989, 0.7028208374977112, 0.6907658576965332, 0.6756792664527893, 0.6744735240936279, 0.5990755558013916, 0.5736605525016785, 0.569590151309967, 0.5504258275032043, 0.5107169151306152, 0.5018134117126465, 0.48739612102508545, 0.4868258535861969, 0.4810638129711151, 0.4059365391731262, 0.3735423684120178, 0.36612841486930847, 0.3140600621700287]"
F1_N0,train_44b6_t30_p29_isolated,train,44b6_d29c9ab2,30,isolated,0.3,1,23,0,1,1,1.8616713285446167,1.8616713285446167,1.8616713285446167,1,1.8616713285446167,1,0.7461101412773132,"[[ 4.  9. 40.]
 [ 8. 11. 50.]
 [ 6. 53. 33.]
 [12. 31. 30.]
 [ 6. 23. 16.]
 [18. 19. 42.]
 [ 4. 31. 42.]
 [12. 59. 44.]
 [16. 49. 60.]
 [14.  4. 25.]
 [ 8.  1.  3.]
 [22. 13. 34.]
 [25.  3. 63.]
 [14. 11. 63.]
 [ 4. 59. 63.]
 [ 8. 41. 63.]
 [ 0. 51. 12.]
 [18.  1. 48.]
 [14. 13.  4.]
 [12. 62. 20.]
 [ 6. 61.  4.]
 [14. 41.  4.]
 [ 0. 15.  4.]]","[0.8160402178764343, 0.7944945693016052, 0.7680442333221436, 0.7461101412773132, 0.7401747703552246, 0.7165262699127197, 0.7091842293739319, 0.7075096368789673, 0.6965069770812988, 0.6264826655387878, 0.5858536958694458, 0.5767529606819153, 0.5758079886436462, 0.5625565648078918, 0.547258198261261, 0.48078402876853943, 0.464664101600647, 0.45840781927108765, 0.4062936305999756, 0.4023406207561493, 0.38193464279174805, 0.327337384223938, 0.32540708780288696]"
F1_N0,train_44b6_t20_p30_isolated,train,44b6_d29c9ab2,20,isolated,0.3,1,25,1,1,1,0.40625,0.40625,0.40625,1,0.40625,1,0.8155004382133484,"[[18. 19. 55.]
 [ 4. 50. 41.]
 [10. 17. 14.]
 [16. 32. 33.]
 [ 4. 29. 38.]
 [10. 51. 33.]
 [ 8. 43.  8.]
 [18.  5. 25.]
 [12. 31. 42.]
 [ 2. 30. 59.]
 [ 2.  5. 16.]
 [ 8.  5. 36.]
 [20. 61. 50.]
 [12. 13. 59.]
 [ 2. 22. 18.]
 [24. 41. 60.]
 [ 8. 59. 63.]
 [ 2. 62.  4.]
 [16.  1. 41.]
 [18. 43. 63.]
 [ 1. 41. 29.]
 [10. 62.  4.]
 [ 6. 63. 11.]
 [17. 47. 18.]
 [17. 15.  4.]]","[0.8376508951187134, 0.8356790542602539, 0.827620804309845, 0.8155004382133484, 0.790820837020874, 0.7899004220962524, 0.7669513821601868, 0.7635142803192139, 0.7599869966506958, 0.738838255405426, 0.7287929654121399, 0.7253745198249817, 0.7084755301475525, 0.6582284569740295, 0.6496584415435791, 0.5788171887397766, 0.5680828094482422, 0.5313335061073303, 0.47668102383613586, 0.46046602725982666, 0.45963162183761597, 0.44315940141677856, 0.427241712808609, 0.38983067870140076, 0.3888612985610962]"
F1_N0,train_44b6_t20_p31_isolated,train,44b6_d29c9ab2,20,isolated,0.3,1,24,1,1,1,0.40625,0.40625,0.40625,1,0.40625,1,0.8094226717948914,"[[ 6. 41. 56.]
 [ 4. 23. 42.]
 [18. 35. 56.]
 [16. 31. 32.]
 [10. 46. 34.]
 [18.  6. 36.]
 [ 8. 19. 12.]
 [ 8.  6. 42.]
 [12. 15. 59.]
 [ 4. 13. 26.]
 [10.  1.  4.]
 [ 8. 43.  8.]
 [18. 11. 12.]
 [16. 63. 45.]
 [ 2. 60. 63.]
 [ 1. 55.  8.]
 [ 2. 31.  4.]
 [26. 13. 63.]
 [ 2. 62. 38.]
 [16. 51. 14.]
 [ 8. 62. 20.]
 [23.  1. 56.]
 [ 1.  1. 12.]
 [16. 61. 20.]]","[0.8158506155014038, 0.810257077217102, 0.8098733425140381, 0.8094226717948914, 0.7980138063430786, 0.770675539970398, 0.7285860776901245, 0.7185967564582825, 0.6986948251724243, 0.6587115526199341, 0.6484517455101013, 0.6144687533378601, 0.6119427680969238, 0.6062811613082886, 0.5493623614311218, 0.5249012112617493, 0.5248110890388489, 0.5246943235397339, 0.4211636483669281, 0.3854101002216339, 0.38451215624809265, 0.3650590777397156, 0.3449939489364624, 0.3209679424762726]"
F1_N0,train_44b6_t10_p32_isolated,train,44b6_d29c9ab2,10,isolated,0.3,1,24,1,1,1,0.40625,0.40625,0.40625,1,0.40625,1,0.7709535956382751,"[[ 8. 11. 40.]
 [ 8. 33. 32.]
 [ 2.  7.  6.]
 [ 2. 57. 38.]
 [ 2. 29. 34.]
 [10. 44. 57.]
 [ 2. 45. 13.]
 [ 4.  6. 57.]
 [16. 17. 63.]
 [14.  3. 63.]
 [ 0. 31. 50.]
 [ 1. 61. 63.]
 [18. 59. 63.]
 [16. 41. 41.]
 [10. 61. 32.]
 [22.  6. 53.]
 [24.  3. 63.]
 [24. 61. 59.]
 [24. 37. 54.]
 [ 1. 52. 63.]
 [14. 33. 22.]
 [22. 13. 33.]
 [16. 61. 40.]
 [24. 10. 41.]]","[0.8426939845085144, 0.7709535956382751, 0.7362987399101257, 0.7331374287605286, 0.7087258100509644, 0.6899521946907043, 0.6896834969520569, 0.6830708980560303, 0.6662726998329163, 0.5763369798660278, 0.5076204538345337, 0.43751466274261475, 0.4317057728767395, 0.41129788756370544, 0.38486045598983765, 0.3723639249801636, 0.3713493347167969, 0.36208856105804443, 0.34356561303138733, 0.33073487877845764, 0.32441478967666626, 0.31405940651893616, 0.3076407313346863, 0.3030811548233032]"
F1_N0,train_44b6_t45_p33_isolated,train,44b6_d29c9ab2,45,isolated,0.3,1,26,1,1,1,0.40625,0.40625,0.40625,1,0.40625,1,0.7211629748344421,"[[20. 45. 48.]
 [20. 14. 44.]
 [14.  5. 25.]
 [ 6. 47. 31.]
 [10. 15. 53.]
 [ 2. 23. 30.]
 [16. 31. 30.]
 [10. 53. 50.]
 [ 6. 29. 51.]
 [ 8.  1. 38.]
 [16. 55. 28.]
 [12. 60. 25.]
 [12. 39. 63.]
 [ 2. 62. 13.]
 [23. 43. 63.]
 [26. 23. 59.]
 [ 8. 19.  3.]
 [27. 38. 55.]
 [25. 61. 52.]
 [17. 62. 58.]
 [14. 27.  4.]
 [ 5. 61. 63.]
 [ 0.  7.  4.]
 [ 6.  3.  3.]
 [ 0. 32. 16.]
 [ 2.  1. 63.]]","[0.8568220138549805, 0.8317497372627258, 0.8026454448699951, 0.7879734039306641, 0.7431370615959167, 0.728786051273346, 0.7211629748344421, 0.6397322416305542, 0.6274362206459045, 0.6102244853973389, 0.600672721862793, 0.5896978378295898, 0.5123410224914551, 0.49902796745300293, 0.4860638678073883, 0.428215354681015, 0.4222511351108551, 0.40916958451271057, 0.39910992980003357, 0.39063671231269836, 0.38297417759895325, 0.37984493374824524, 0.3734263777732849, 0.34151342511177063, 0.32017168402671814, 0.3026515245437622]"
F1_N0,train_44b6_t25_p34_isolated,train,44b6_d29c9ab2,25,isolated,0.3,1,23,1,1,1,0.40625,0.40625,0.40625,1,0.40625,1,0.8525475859642029,"[[ 2.  9. 21.]
 [16. 21. 52.]
 [ 6. 34. 42.]
 [16. 33. 32.]
 [18.  7. 38.]
 [ 6. 53. 11.]
 [ 2. 29. 28.]
 [12. 37. 42.]
 [10. 55. 37.]
 [ 8. 25. 13.]
 [ 8. 10. 49.]
 [ 4. 59. 46.]
 [12. 15. 63.]
 [18. 43. 63.]
 [20. 62. 59.]
 [ 6. 37. 63.]
 [24. 29. 60.]
 [ 2. 47. 34.]
 [18. 17. 18.]
 [ 6.  1.  3.]
 [ 1. 63.  4.]
 [16. 31.  4.]
 [ 2.  1. 50.]]","[0.8643449544906616, 0.8542952537536621, 0.8536912798881531, 0.8525475859642029, 0.8491540551185608, 0.8100888729095459, 0.7756943702697754, 0.749293327331543, 0.7309648394584656, 0.7276216149330139, 0.7159926295280457, 0.6887770295143127, 0.6352902054786682, 0.6336930394172668, 0.6072694659233093, 0.555090606212616, 0.5196804404258728, 0.5087390542030334, 0.39542219042778015, 0.38844427466392517, 0.3553387224674225, 0.3279324471950531, 0.3044012486934662]"
F1_N0,train_44b6_t10_p35_isolated,train,44b6_d29c9ab2,10,isolated,0.3,1,30,1,1,1,0.40625,0.40625,0.40625,1,0.40625,1,0.5297071933746338,"[[10. 15. 14.]
 [24. 34. 30.]
 [18. 15. 27.]
 [22.  9. 45.]
 [12. 55. 28.]
 [20. 41. 59.]
 [22. 15. 12.]
 [16. 54.  3.]
 [ 8. 27. 53.]
 [24. 55. 30.]
 [24. 23. 59.]
 [18.  5. 59.]
 [ 6. 49. 17.]
 [30. 35. 52.]
 [28. 55. 59.]
 [ 8. 51. 44.]
 [30.  5. 29.]
 [ 6.  7.  4.]
 [ 4. 30. 19.]
 [15. 33. 32.]
 [12. 59. 60.]
 [18. 62. 58.]
 [31. 17. 50.]
 [ 1. 62. 22.]
 [10. 11. 57.]
 [ 7. 62. 14.]
 [24. 61.  5.]
 [14. 38.  3.]
 [28. 23.  3.]
 [24. 49.  4.]]","[0.7853127121925354, 0.7454202771186829, 0.7288721799850464, 0.7079652547836304, 0.6868494749069214, 0.6739119291305542, 0.6724213361740112, 0.662864089012146, 0.6501163840293884, 0.6451131105422974, 0.6317605972290039, 0.6123285889625549, 0.6119326949119568, 0.6084348559379578, 0.5694040656089783, 0.5692111253738403, 0.5691547393798828, 0.541039764881134, 0.5331306457519531, 0.5297071933746338, 0.4766402840614319, 0.46782857179641724, 0.46247580647468567, 0.4239690601825714, 0.42150557041168213, 0.3634827733039856, 0.36169004440307617, 0.34175044298171997, 0.3314613699913025, 0.3186242878437042]"
F1_N0,train_44b6_t25_p36_isolated,train,44b6_d29c9ab2,25,isolated,0.3,1,28,0,0,0,3.25,3.25,,0,,0,,"[[26. 37. 44.]
 [20. 47. 26.]
 [26.  7. 46.]
 [14. 25. 32.]
 [ 8. 25. 14.]
 [ 6. 46. 13.]
 [ 2. 13. 18.]
 [ 8. 39. 54.]
 [16.  4. 31.]
 [14. 53. 48.]
 [18. 25. 52.]
 [20. 27. 32.]
 [16. 42. 14.]
 [24.  6. 21.]
 [ 2. 62. 38.]
 [14.  5.  8.]
 [24. 61. 39.]
 [22. 59. 63.]
 [ 4. 25.  3.]
 [ 2. 27. 44.]
 [11. 62. 17.]
 [25. 10. 31.]
 [12. 60. 37.]
 [20.  1. 54.]
 [20. 27.  3.]
 [14. 63.  1.]
 [ 7.  1. 36.]
 [ 6.  3. 63.]]","[0.8056041598320007, 0.8044202923774719, 0.796016275882721, 0.7899409532546997, 0.7766340970993042, 0.7745645046234131, 0.7691159248352051, 0.727279782295227, 0.7173100709915161, 0.7135754227638245, 0.7090202569961548, 0.7079976201057434, 0.6486203074455261, 0.6171011924743652, 0.5971795916557312, 0.5879051685333252, 0.5777652859687805, 0.5260961055755615, 0.5254305005073547, 0.5028454661369324, 0.4837472140789032, 0.4724295139312744, 0.46941208839416504, 0.46489235758781433, 0.43309345841407776, 0.4052658677101135, 0.376282274723053, 0.35386887192726135]"
F1_N0,train_44b6_t25_p37_isolated,train,44b6_d29c9ab2,25,isolated,0.3,1,23,1,1,1,0.40625,0.40625,0.40625,1,0.40625,1,0.7908509373664856,"[[ 8. 13. 42.]
 [16. 33. 32.]
 [18. 38. 57.]
 [ 8. 47. 58.]
 [ 4. 13. 31.]
 [ 8. 21. 14.]
 [18.  9. 36.]
 [24.  4. 57.]
 [ 6. 29. 38.]
 [ 8. 54. 31.]
 [16. 61. 40.]
 [ 2. 39.  6.]
 [16. 17. 63.]
 [20. 17. 20.]
 [ 8. 47. 11.]
 [ 2. 29. 32.]
 [11.  4.  5.]
 [ 5. 61. 63.]
 [ 2.  1. 22.]
 [15.  1. 22.]
 [16. 61. 18.]
 [16. 49.  4.]
 [16. 51. 16.]]","[0.8024252653121948, 0.7908509373664856, 0.7876846790313721, 0.7847707271575928, 0.7655221223831177, 0.7276939153671265, 0.7183798551559448, 0.6880906224250793, 0.6855668425559998, 0.6607834100723267, 0.6541737914085388, 0.6195411086082458, 0.5867707133293152, 0.5699869990348816, 0.5432922840118408, 0.5403562188148499, 0.44585204124450684, 0.436161607503891, 0.42854827642440796, 0.3863948881626129, 0.3704547882080078, 0.36044806241989136, 0.3548003137111664]"
F1_N0,train_44b6_t55_p38_isolated,train,44b6_d29c9ab2,55,isolated,0.3,1,32,0,1,1,1.6750116348266602,1.6750116348266602,1.6750116348266602,1,1.6750116348266602,1,0.780505895614624,"[[14. 14. 45.]
 [14. 32. 31.]
 [ 2. 35. 54.]
 [26.  6. 54.]
 [22. 14. 14.]
 [12. 53. 36.]
 [22. 39. 50.]
 [12. 17.  8.]
 [ 8. 37.  6.]
 [18. 17. 48.]
 [26. 29. 58.]
 [28. 47. 36.]
 [28.  9. 26.]
 [ 4. 51. 39.]
 [30. 38. 53.]
 [24. 60.  6.]
 [28. 31. 17.]
 [18. 53. 38.]
 [24. 62. 57.]
 [ 2. 49.  5.]
 [31. 21. 36.]
 [16.  1.  4.]
 [ 7. 25. 41.]
 [15.  3. 63.]
 [ 7. 33. 41.]
 [24. 63. 31.]
 [15. 51.  3.]
 [14. 62.  3.]
 [19. 34.  5.]
 [31. 17. 63.]
 [ 6. 17. 63.]
 [ 2. 12. 34.]]","[0.7836040258407593, 0.780505895614624, 0.760877251625061, 0.7464026808738708, 0.7324398159980774, 0.7078627943992615, 0.6818459630012512, 0.6793846487998962, 0.6776810884475708, 0.6701527237892151, 0.668444812297821, 0.6654341816902161, 0.6585999727249146, 0.6487364172935486, 0.6084743738174438, 0.6042993664741516, 0.5749756097793579, 0.5742923617362976, 0.5489850044250488, 0.5467767119407654, 0.47351062297821045, 0.43787693977355957, 0.4239366054534912, 0.42016997933387756, 0.418148934841156, 0.3879811465740204, 0.37505245208740234, 0.3747212886810303, 0.35864782333374023, 0.34697064757347107, 0.3411046862602234, 0.32733437418937683]"
F1_N0,train_44b6_t15_p39_isolated,train,44b6_d29c9ab2,15,isolated,0.3,1,29,1,1,1,0.5745242834091187,0.5745242834091187,0.5745242834091187,1,0.5745242834091187,1,0.526606559753418,"[[ 4. 21.  5.]
 [22. 49. 34.]
 [12. 13. 29.]
 [18. 24. 38.]
 [20. 27. 19.]
 [ 8. 19. 17.]
 [22.  6. 48.]
 [30. 10. 35.]
 [22. 25.  4.]
 [28. 40. 49.]
 [10. 59. 30.]
 [10. 54. 51.]
 [ 6. 55. 21.]
 [30. 12. 55.]
 [20. 44. 59.]
 [22. 27. 59.]
 [ 2. 31. 30.]
 [14. 62.  4.]
 [28. 62. 56.]
 [20.  1. 13.]
 [18.  6. 60.]
 [13. 33. 31.]
 [ 2. 44.  3.]
 [ 2. 49. 34.]
 [16. 62. 59.]
 [ 6.  3. 27.]
 [21. 63. 27.]
 [14. 42.  4.]
 [ 1.  2. 43.]]","[0.7601582407951355, 0.7284680008888245, 0.7079890966415405, 0.7018625140190125, 0.6967135071754456, 0.6567919254302979, 0.6452643871307373, 0.6246060729026794, 0.6069689989089966, 0.605351984500885, 0.6013787984848022, 0.5872467160224915, 0.5817373394966125, 0.5813206434249878, 0.5780234336853027, 0.5778852701187134, 0.576861560344696, 0.5741176009178162, 0.5697867274284363, 0.5578660368919373, 0.5384378433227539, 0.526606559753418, 0.5194787383079529, 0.5119765400886536, 0.4611233174800873, 0.44396159052848816, 0.42699775099754333, 0.36199989914894104, 0.3120899200439453]"
F1_N0,train_44b6_t40_p40_isolated,train,44b6_d29c9ab2,40,isolated,0.3,1,24,1,1,1,0.8125,0.8125,0.8125,1,0.8125,1,0.6668766736984253,"[[20. 49. 52.]
 [ 8.  9. 36.]
 [18. 19. 43.]
 [12.  6. 12.]
 [ 6. 50. 36.]
 [ 2. 47. 37.]
 [10. 13. 54.]
 [ 4. 23. 34.]
 [14. 45. 21.]
 [16. 30. 32.]
 [10. 57. 57.]
 [22.  1. 56.]
 [14. 63. 33.]
 [ 8. 63.  7.]
 [ 8. 31. 58.]
 [ 2. 61. 15.]
 [ 1. 30. 22.]
 [24. 23. 63.]
 [18. 62. 34.]
 [ 8.  8.  3.]
 [27. 59. 57.]
 [14. 37. 63.]
 [ 0.  4.  5.]
 [ 4.  1. 22.]]","[0.8837896585464478, 0.820684552192688, 0.7995045781135559, 0.7877835631370544, 0.7444344758987427, 0.7174636721611023, 0.6969656348228455, 0.686978816986084, 0.6752784252166748, 0.6668766736984253, 0.6458152532577515, 0.5759527087211609, 0.5718793272972107, 0.5484124422073364, 0.5414343476295471, 0.4742739200592041, 0.4425211548805237, 0.4382826089859009, 0.4335412085056305, 0.39915457367897034, 0.3941592872142792, 0.357024222612381, 0.3275130093097687, 0.3231329023838043]"
F1_N0,train_44b6_t15_p41_boundary,train,44b6_d29c9ab2,15,boundary,0.3,1,24,0,1,1,1.4647551774978638,1.4647551774978638,1.4647551774978638,1,1.4647551774978638,1,0.7719746828079224,"[[ 4. 21. 22.]
 [ 4. 47. 30.]
 [16.  9. 63.]
 [12. 51. 63.]
 [ 8. 18. 42.]
 [ 6. 39. 46.]
 [14.  4. 40.]
 [ 2. 27. 52.]
 [20.  7. 43.]
 [ 2. 51. 12.]
 [ 2.  6. 35.]
 [ 1. 58. 19.]
 [ 2.  4. 12.]
 [20. 37. 49.]
 [14. 21. 12.]
 [12. 61. 34.]
 [ 8. 62. 24.]
 [14. 43. 31.]
 [14. 33. 18.]
 [21. 13. 21.]
 [ 9.  1. 40.]
 [ 7. 43.  4.]
 [15. 27. 42.]
 [ 9. 15.  4.]]","[0.8282738327980042, 0.7719746828079224, 0.7330776453018188, 0.7146316766738892, 0.6938678622245789, 0.6865347623825073, 0.629486620426178, 0.6163318157196045, 0.5785912275314331, 0.5583945512771606, 0.5042498707771301, 0.5025039315223694, 0.4925646185874939, 0.3973022401332855, 0.3951950967311859, 0.39381709694862366, 0.3767354488372803, 0.3685808479785919, 0.36247947812080383, 0.34750446677207947, 0.3268442451953888, 0.3194311857223511, 0.3126320242881775, 0.3086985945701599]"
F1_N0,train_44b6_t45_p42_boundary,train,44b6_d29c9ab2,45,boundary,0.3,1,24,0,1,1,1.9902104139328003,1.9902104139328003,1.9902104139328003,1,1.9902104139328003,1,0.7144895792007446,"[[18. 19. 50.]
 [ 4. 25. 43.]
 [ 2. 11. 54.]
 [ 2. 42. 45.]
 [ 8. 27. 28.]
 [ 6. 59. 30.]
 [18. 41. 54.]
 [14. 31. 35.]
 [16.  4. 27.]
 [ 4. 31. 15.]
 [ 4. 41.  4.]
 [14. 54. 40.]
 [24. 15. 63.]
 [10. 22.  3.]
 [24. 39. 49.]
 [ 8. 31. 62.]
 [ 2. 62. 16.]
 [ 6. 61. 63.]
 [21. 58. 45.]
 [21. 51. 40.]
 [16. 29. 12.]
 [24. 13. 42.]
 [13. 13. 63.]
 [ 4.  4.  4.]]","[0.8662235736846924, 0.7915397882461548, 0.7655591368675232, 0.7481729388237, 0.7276735901832581, 0.7144895792007446, 0.6815261840820312, 0.6802572011947632, 0.6682536602020264, 0.6389714479446411, 0.6125100255012512, 0.612126350402832, 0.592872679233551, 0.5821747183799744, 0.5558751225471497, 0.5550029873847961, 0.5256737470626831, 0.4695245921611786, 0.4368676245212555, 0.4333692789077759, 0.4024224877357483, 0.3837670683860779, 0.3521650731563568, 0.35195931792259216]"
F1_N0,train_44b6_t10_p43_boundary,train,44b6_d29c9ab2,10,boundary,0.3,1,22,0,1,1,1.6750116348266602,1.6750116348266602,1.6750116348266602,1,1.6750116348266602,1,0.7869775891304016,"[[10. 34. 54.]
 [ 6. 13. 22.]
 [ 6. 33. 32.]
 [ 2. 38.  9.]
 [ 8.  9. 45.]
 [ 2. 24. 56.]
 [ 2.  5. 34.]
 [11. 59. 63.]
 [20.  7. 44.]
 [16.  7. 35.]
 [16. 45. 63.]
 [ 4. 41. 63.]
 [ 2. 63. 35.]
 [24. 22. 55.]
 [16. 23. 18.]
 [ 8. 61. 25.]
 [16. 39. 35.]
 [ 6. 62. 55.]
 [17.  2. 55.]
 [ 9. 29.  4.]
 [16. 21. 56.]
 [ 9. 45.  4.]]","[0.8016325831413269, 0.7990981340408325, 0.7869775891304016, 0.7725967168807983, 0.7462520003318787, 0.7086843848228455, 0.6265684962272644, 0.5697395205497742, 0.5505484342575073, 0.5491975545883179, 0.48575589060783386, 0.44990459084510803, 0.43693265318870544, 0.41676849126815796, 0.40972012281417847, 0.3988003134727478, 0.37991470098495483, 0.3765189051628113, 0.33173832297325134, 0.31515491008758545, 0.3145062029361725, 0.3036254644393921]"
F1_N0,inner_val_6bba_t85_p01_crowded,inner_val,6bba_bb9f20c3,85,crowded,0.3,5,29,0,2,2,4.256956171989441,3.3003907203674316,1.7683414816856384,2,1.7683414816856384,2,0.6012415289878845,"[[22. 35. 26.]
 [22.  6. 30.]
 [12.  5. 30.]
 [14. 39. 48.]
 [14. 47. 33.]
 [16. 31.  4.]
 [12. 13. 59.]
 [26. 39.  6.]
 [ 6. 60. 49.]
 [26. 19.  4.]
 [18. 55.  4.]
 [10. 62. 24.]
 [20. 45. 61.]
 [ 6. 33. 57.]
 [28. 60.  9.]
 [20. 19. 49.]
 [20. 62. 36.]
 [10. 62. 60.]
 [26.  4.  5.]
 [14. 62. 28.]
 [16. 61. 63.]
 [28.  2. 14.]
 [16.  3. 63.]
 [23. 53. 36.]
 [17. 12.  3.]
 [27. 25. 34.]
 [ 4. 62.  4.]
 [ 4. 62. 14.]
 [21. 27. 63.]]","[0.8028013706207275, 0.7530272006988525, 0.7407770752906799, 0.7208537459373474, 0.6739131808280945, 0.644347608089447, 0.635307788848877, 0.6171950101852417, 0.6114891767501831, 0.5968568921089172, 0.5890516042709351, 0.587509274482727, 0.5737097263336182, 0.5647152066230774, 0.5344909429550171, 0.5285698771476746, 0.48566848039627075, 0.48006847500801086, 0.4602034091949463, 0.4524580240249634, 0.4466528594493866, 0.4460543990135193, 0.44357985258102417, 0.44185522198677063, 0.39563173055648804, 0.38295266032218933, 0.3675173819065094, 0.36283305287361145, 0.31737440824508667]"
F1_N0,inner_val_6bba_t75_p02_crowded,inner_val,6bba_bb9f20c3,75,crowded,0.3,2,20,1,2,2,1.04063081741333,1.04063081741333,1.04063081741333,2,1.04063081741333,2,0.6430028676986694,"[[12.  9. 52.]
 [12. 33. 56.]
 [16. 41. 17.]
 [16. 33. 61.]
 [14. 31. 32.]
 [16.  6. 10.]
 [12. 11. 27.]
 [ 8. 19. 30.]
 [14. 62. 58.]
 [ 6. 50. 22.]
 [20. 53. 19.]
 [ 4.  9. 55.]
 [10. 60. 45.]
 [20. 41.  9.]
 [12. 39.  4.]
 [12.  5.  4.]
 [ 6. 60. 59.]
 [16. 62. 38.]
 [ 2. 51. 57.]
 [15. 62.  3.]]","[0.7844574451446533, 0.778266429901123, 0.7460117340087891, 0.7380094528198242, 0.7198823094367981, 0.7192228436470032, 0.71625155210495, 0.7129003405570984, 0.700401246547699, 0.6894481778144836, 0.6746094226837158, 0.6672264337539673, 0.6532477736473083, 0.6409118175506592, 0.6330231428146362, 0.5813955068588257, 0.5661234259605408, 0.5465776324272156, 0.5405782461166382, 0.40517231822013855]"
F1_N0,inner_val_6bba_t85_p03_crowded,inner_val,6bba_bb9f20c3,85,crowded,0.3,2,17,0,0,0,4.977924823760986,4.977924823760986,,0,,0,,"[[ 6. 47. 54.]
 [18. 11. 28.]
 [14. 17. 60.]
 [10. 29. 20.]
 [14. 61. 57.]
 [ 8. 19. 44.]
 [10.  7. 19.]
 [10. 50. 48.]
 [18. 43.  4.]
 [ 7. 59. 18.]
 [14. 23. 40.]
 [20. 29.  4.]
 [24.  1.  4.]
 [12. 46. 25.]
 [15. 62.  8.]
 [14. 62. 32.]
 [15. 15.  3.]]","[0.8479361534118652, 0.7849499583244324, 0.7491318583488464, 0.7131574749946594, 0.6975446939468384, 0.6904310584068298, 0.6890183091163635, 0.6589726209640503, 0.6564359664916992, 0.6519104838371277, 0.6426753401756287, 0.638045608997345, 0.6343622207641602, 0.6235055923461914, 0.48734211921691895, 0.4063297510147095, 0.40482276678085327]"
F1_N0,inner_val_6bba_t80_p04_crowded,inner_val,6bba_bb9f20c3,80,crowded,0.3,3,26,1,2,3,1.3489742279052734,1.2846752405166626,0.9295997619628906,2,1.3489742279052734,3,0.7250980138778687,"[[24. 45.  5.]
 [18. 23. 31.]
 [10. 27. 39.]
 [14. 23. 24.]
 [14. 43. 57.]
 [20. 55. 29.]
 [24. 19. 14.]
 [ 4. 55. 54.]
 [16. 59. 47.]
 [16. 31.  4.]
 [10. 60. 22.]
 [16.  6. 50.]
 [12. 59. 38.]
 [ 8. 15. 63.]
 [22. 41. 52.]
 [12. 61. 63.]
 [30. 51.  4.]
 [30. 59.  5.]
 [ 8. 15.  4.]
 [ 3. 61.  7.]
 [27.  1.  4.]
 [16. 15. 63.]
 [25. 62.  8.]
 [18.  3.  4.]
 [12. 42.  7.]
 [ 4. 39. 63.]]","[0.8022703528404236, 0.7986581325531006, 0.791437566280365, 0.7726976275444031, 0.7671531438827515, 0.7645607590675354, 0.687685489654541, 0.67472904920578, 0.6594879031181335, 0.6587584614753723, 0.6323965787887573, 0.6310775279998779, 0.627791702747345, 0.6158916354179382, 0.597560465335846, 0.5100474953651428, 0.4681800305843353, 0.4634426236152649, 0.42445382475852966, 0.4122183918952942, 0.3815818428993225, 0.3695591390132904, 0.36008524894714355, 0.3568277657032013, 0.3519957661628723, 0.3350388705730438]"
F1_N0,inner_val_6bba_t75_p05_isolated,inner_val,6bba_bb9f20c3,75,isolated,0.3,1,21,1,1,1,0.8125,0.8125,0.8125,1,0.8125,1,0.670694887638092,"[[18.  7. 38.]
 [12. 60. 36.]
 [14. 19. 56.]
 [22. 41. 30.]
 [16. 34. 32.]
 [18. 61. 55.]
 [26. 39.  4.]
 [18. 33. 13.]
 [ 7. 58. 57.]
 [26. 59.  3.]
 [20. 22. 46.]
 [16. 62. 10.]
 [20. 35. 63.]
 [24.  3. 63.]
 [21. 62. 12.]
 [ 3. 59.  6.]
 [ 4. 61. 29.]
 [12. 17.  4.]
 [30.  5.  3.]
 [23.  3.  4.]
 [10. 39.  4.]]","[0.7826369404792786, 0.7575410604476929, 0.7278799414634705, 0.7153475880622864, 0.670694887638092, 0.638192892074585, 0.6280142068862915, 0.6098567843437195, 0.5186677575111389, 0.5094447135925293, 0.5078694820404053, 0.507100522518158, 0.5027080774307251, 0.44925037026405334, 0.4396326541900635, 0.43405231833457947, 0.40800991654396057, 0.40796902775764465, 0.38977137207984924, 0.36180198192596436, 0.3418234884738922]"
F1_N0,inner_val_6bba_t75_p06_isolated,inner_val,6bba_bb9f20c3,75,isolated,0.3,1,21,0,0,0,3.275292158126831,3.275292158126831,,0,,0,,"[[14. 15. 33.]
 [10. 43.  4.]
 [16. 23. 26.]
 [ 6. 27. 63.]
 [ 8. 23. 34.]
 [12. 37. 40.]
 [ 2.  5. 55.]
 [ 2. 49. 32.]
 [ 2. 33. 46.]
 [ 6. 39. 33.]
 [ 6. 15. 16.]
 [ 2. 11. 22.]
 [14. 39. 28.]
 [ 4. 62. 48.]
 [10.  7. 24.]
 [10. 61. 20.]
 [ 3. 60. 10.]
 [12. 18.  3.]
 [ 1. 46. 17.]
 [12. 62.  4.]
 [ 5.  1.  4.]]","[0.7444372177124023, 0.7435216903686523, 0.7345246076583862, 0.7040799260139465, 0.7010483741760254, 0.667237401008606, 0.6455650925636292, 0.5894762873649597, 0.5726908445358276, 0.5605283379554749, 0.5558245182037354, 0.5403916239738464, 0.5285339951515198, 0.5103577375411987, 0.5074408054351807, 0.5064916610717773, 0.43203678727149963, 0.4077526926994324, 0.38172921538352966, 0.3515060544013977, 0.3420458137989044]"
F1_N0,inner_val_6bba_t90_p07_isolated,inner_val,6bba_bb9f20c3,90,isolated,0.3,1,15,0,0,0,4.891897678375244,4.891897678375244,,0,,0,,"[[ 6. 45. 28.]
 [ 2.  4. 41.]
 [12. 41. 42.]
 [ 2. 62. 50.]
 [18. 16. 30.]
 [14. 27.  6.]
 [18. 32. 23.]
 [ 6.  1. 12.]
 [ 4. 30.  3.]
 [ 2. 31. 28.]
 [ 2.  6.  6.]
 [ 3. 62.  4.]
 [ 8. 62.  4.]
 [ 4. 27. 52.]
 [14. 62.  4.]]","[0.7728626728057861, 0.7355172634124756, 0.7317277789115906, 0.6658223867416382, 0.6400085091590881, 0.6233227849006653, 0.6139073371887207, 0.6118273138999939, 0.47600406408309937, 0.4713456332683563, 0.46455618739128113, 0.45669955015182495, 0.45563095808029175, 0.4124550521373749, 0.402326762676239]"
F1_N0,inner_val_6bba_t90_p08_boundary,inner_val,6bba_bb9f20c3,90,boundary,0.3,1,14,0,0,0,3.471001625061035,3.471001625061035,,0,,0,,"[[18. 11. 32.]
 [12. 37. 55.]
 [16. 34. 13.]
 [12. 51. 26.]
 [18. 10.  4.]
 [26. 47.  4.]
 [12.  9. 53.]
 [ 8. 59. 40.]
 [31.  5. 32.]
 [ 6. 35. 52.]
 [10. 15. 30.]
 [10. 33. 11.]
 [ 5. 23. 18.]
 [12.  7.  4.]]","[0.8577437996864319, 0.8207132816314697, 0.7981950044631958, 0.7965012788772583, 0.7751292586326599, 0.6968154907226562, 0.6859298348426819, 0.6387503743171692, 0.6275575160980225, 0.5276737213134766, 0.4811059832572937, 0.376825213432312, 0.36692509055137634, 0.3236769139766693]"
F1_N0,inner_val_6bba_t90_p09_zero_annotation,inner_val,6bba_bb9f20c3,90,zero_annotation,0.3,0,17,0,0,0,,,,0,,0,,"[[ 4.  6.  6.]
 [ 0.  7. 44.]
 [ 1. 58. 59.]
 [ 0. 59. 27.]
 [ 0. 61.  4.]
 [ 3. 33.  4.]
 [12. 62. 18.]
 [10. 45. 38.]
 [10. 46. 45.]
 [ 5. 57. 15.]
 [10. 31. 48.]
 [12. 62. 46.]
 [ 9. 62. 58.]
 [10.  9.  4.]
 [ 5. 26. 27.]
 [12. 36.  3.]
 [ 5. 34. 23.]]","[0.7988449931144714, 0.6882350444793701, 0.645885169506073, 0.48934030532836914, 0.47604694962501526, 0.4349045753479004, 0.4315507709980011, 0.40559497475624084, 0.4014537036418915, 0.39236536622047424, 0.37964174151420593, 0.37121057510375977, 0.3674190640449524, 0.360086053609848, 0.3140951991081238, 0.31033387780189514, 0.30455806851387024]"
F1_N0,inner_val_6bba_t90_p10_zero_annotation,inner_val,6bba_bb9f20c3,90,zero_annotation,0.3,0,21,0,0,0,,,,0,,0,,"[[ 0.  6. 55.]
 [ 1. 46. 11.]
 [ 0.  5.  4.]
 [ 0. 25. 14.]
 [12. 39. 36.]
 [14. 33. 18.]
 [10. 19. 31.]
 [14. 39. 26.]
 [12. 62. 32.]
 [12. 62. 17.]
 [12. 25. 50.]
 [ 8. 62. 54.]
 [14. 62.  4.]
 [12. 43. 52.]
 [14. 43.  4.]
 [ 2. 48. 53.]
 [ 7. 19.  6.]
 [ 6. 62. 27.]
 [12. 11. 18.]
 [ 5. 61. 42.]
 [14. 17.  4.]]","[0.705208957195282, 0.6609681844711304, 0.6015492677688599, 0.5736843943595886, 0.42415115237236023, 0.4205920696258545, 0.41453877091407776, 0.4068974554538727, 0.37434259057044983, 0.36298781633377075, 0.3599078357219696, 0.350990891456604, 0.3471822142601013, 0.3429625928401947, 0.3366034924983978, 0.3331911861896515, 0.31951308250427246, 0.3152799904346466, 0.3146895170211792, 0.31353795528411865, 0.3111813962459564]"
F1_N0,inner_val_44b6_t80_p01_crowded,inner_val,44b6_d29c9ab2,80,crowded,0.3,3,32,1,2,2,2.1557952562967935,1.7235727310180664,1.0649113655090332,2,1.0649113655090332,2,0.7348443567752838,"[[22. 43. 54.]
 [ 8. 21.  9.]
 [ 8. 10. 34.]
 [14. 47. 31.]
 [ 6. 49. 22.]
 [12. 29. 57.]
 [18. 17. 48.]
 [24. 10. 22.]
 [16. 31.  4.]
 [26. 60. 15.]
 [30. 31. 20.]
 [16. 32. 33.]
 [ 6.  4. 18.]
 [22. 27. 14.]
 [24. 60. 48.]
 [ 6.  4. 55.]
 [30. 12.  9.]
 [16. 61. 14.]
 [22.  3. 48.]
 [31. 60.  4.]
 [31. 60. 31.]
 [30. 47.  4.]
 [31.  5. 34.]
 [31. 14. 32.]
 [22. 40.  3.]
 [ 0. 51. 15.]
 [ 0. 29. 22.]
 [30. 11. 63.]
 [24. 34. 33.]
 [17. 53. 63.]
 [30. 49. 63.]
 [14.  8. 63.]]","[0.8250128030776978, 0.7997661232948303, 0.7678860425949097, 0.7677499651908875, 0.762475848197937, 0.7580537796020508, 0.7485795617103577, 0.7268688082695007, 0.6911798715591431, 0.67156982421875, 0.6702744364738464, 0.6699225902557373, 0.6658251881599426, 0.657617449760437, 0.6542650461196899, 0.6325384974479675, 0.6198592782020569, 0.614284098148346, 0.570142388343811, 0.5257890224456787, 0.516930103302002, 0.5007583498954773, 0.4781397879123688, 0.4772201478481293, 0.42058995366096497, 0.38016214966773987, 0.35094982385635376, 0.34332120418548584, 0.3336969316005707, 0.31688088178634644, 0.31468793749809265, 0.30177998542785645]"
F1_N0,inner_val_44b6_t85_p02_crowded,inner_val,44b6_d29c9ab2,85,crowded,0.3,3,31,2,2,3,1.3158178130785625,0.9084026217460632,0.6573263108730316,2,1.3158178130785625,3,0.7193962037563324,"[[16. 29.  8.]
 [ 8. 15.  8.]
 [12. 29. 54.]
 [22. 23. 17.]
 [24. 53. 51.]
 [16. 50. 26.]
 [ 6. 43. 23.]
 [16. 31. 32.]
 [24.  7. 33.]
 [28. 34. 59.]
 [28. 54. 13.]
 [20. 15. 47.]
 [22. 39. 59.]
 [30.  7.  8.]
 [ 8.  7. 35.]
 [ 4. 35. 50.]
 [20. 62. 42.]
 [31. 21. 19.]
 [31. 40. 13.]
 [14. 62. 18.]
 [22.  1.  4.]
 [ 6. 62. 10.]
 [31. 62. 29.]
 [ 4.  1. 52.]
 [14. 62. 52.]
 [24.  1. 54.]
 [ 9. 36.  3.]
 [ 5.  1. 20.]
 [24. 39.  3.]
 [31. 54. 51.]
 [ 3. 24.  3.]]","[0.7782627940177917, 0.7538127303123474, 0.7200239896774292, 0.7101922035217285, 0.7067216038703918, 0.688973069190979, 0.688306987285614, 0.6849796772003174, 0.6644161939620972, 0.6618781089782715, 0.6556790471076965, 0.6457880139350891, 0.6407187581062317, 0.5851128697395325, 0.5678134560585022, 0.5313081741333008, 0.5303757190704346, 0.5285603404045105, 0.5236588716506958, 0.5211076736450195, 0.5197709202766418, 0.5063696503639221, 0.468149334192276, 0.46530330181121826, 0.4292251169681549, 0.42895010113716125, 0.342886358499527, 0.33327680826187134, 0.3242006301879883, 0.3072144091129303, 0.30520451068878174]"
F1_N0,inner_val_44b6_t90_p03_crowded,inner_val,44b6_d29c9ab2,90,crowded,0.3,2,26,0,1,2,2.0022642016410828,2.0022642016410828,1.8168052434921265,1,2.0022642016410828,2,0.738699734210968,"[[18. 37. 14.]
 [26. 59. 44.]
 [24. 34. 32.]
 [20. 15. 31.]
 [18.  5.  4.]
 [26. 31. 46.]
 [16. 14. 30.]
 [10. 51. 34.]
 [10. 46.  3.]
 [10. 45. 50.]
 [28. 45. 58.]
 [12. 31. 41.]
 [ 4. 30. 42.]
 [26. 21. 63.]
 [24.  4. 35.]
 [16. 17. 54.]
 [ 4. 61. 46.]
 [22. 33.  4.]
 [20. 60. 19.]
 [22. 59. 10.]
 [ 9. 29. 63.]
 [30.  1. 58.]
 [10. 62.  8.]
 [16.  1. 63.]
 [26. 49.  4.]
 [18. 39. 63.]]","[0.8152357339859009, 0.7615342736244202, 0.738699734210968, 0.7043086886405945, 0.6870845556259155, 0.6724162101745605, 0.6688272953033447, 0.6559248566627502, 0.6445257663726807, 0.6362826824188232, 0.6263867616653442, 0.6116533279418945, 0.6090618968009949, 0.6083749532699585, 0.6030341386795044, 0.6030221581459045, 0.5900458693504333, 0.5791633129119873, 0.5748043060302734, 0.5534812808036804, 0.5140604376792908, 0.5011035203933716, 0.4936075210571289, 0.41954490542411804, 0.4072946608066559, 0.3913486897945404]"
F1_N0,inner_val_44b6_t70_p04_crowded,inner_val,44b6_d29c9ab2,70,crowded,0.3,2,24,0,0,0,4.870584726333618,4.870584726333618,,0,,0,,"[[24. 33. 38.]
 [10. 15. 32.]
 [16. 13.  6.]
 [16. 51. 52.]
 [28. 29. 59.]
 [24.  7. 45.]
 [26. 51. 57.]
 [24. 11. 21.]
 [ 4. 25. 24.]
 [10. 17.  4.]
 [14. 11. 50.]
 [ 2. 17. 52.]
 [16. 33.  4.]
 [ 8. 62. 34.]
 [20. 49.  6.]
 [28.  9. 60.]
 [ 8. 39. 63.]
 [16. 47. 14.]
 [ 2. 58. 21.]
 [18. 18. 22.]
 [ 8.  1. 54.]
 [ 6. 62.  4.]
 [ 2.  1. 12.]
 [23. 63. 48.]]","[0.8640586733818054, 0.772498369216919, 0.7642660737037659, 0.7568020820617676, 0.756415069103241, 0.7467492818832397, 0.73887699842453, 0.7386946082115173, 0.715264618396759, 0.6571237444877625, 0.6554996371269226, 0.6264301538467407, 0.615537166595459, 0.5986659526824951, 0.5842663645744324, 0.5834229588508606, 0.5688498020172119, 0.5620340704917908, 0.5580921173095703, 0.5333746075630188, 0.4609873592853546, 0.44815221428871155, 0.418675035238266, 0.3265328109264374]"
F1_N0,inner_val_44b6_t90_p05_isolated,inner_val,44b6_d29c9ab2,90,isolated,0.3,1,22,1,1,1,0.40625,0.40625,0.40625,1,0.40625,1,0.7841700911521912,"[[ 4. 11. 28.]
 [16. 11. 35.]
 [10. 32. 16.]
 [10. 49. 28.]
 [ 4. 39. 46.]
 [16. 33. 32.]
 [20. 35. 55.]
 [10.  9. 10.]
 [10. 59.  8.]
 [14. 35. 47.]
 [18. 61. 63.]
 [22.  1. 50.]
 [ 8. 49. 63.]
 [16. 29. 63.]
 [ 6. 16. 59.]
 [20. 11. 19.]
 [22.  7. 26.]
 [14. 18.  3.]
 [ 4. 63. 39.]
 [ 1. 19.  4.]
 [ 5. 38.  3.]
 [ 7. 63. 23.]]","[0.8614689111709595, 0.8533399105072021, 0.8455265760421753, 0.814046323299408, 0.811435878276825, 0.7841700911521912, 0.759718656539917, 0.7168173789978027, 0.7166124582290649, 0.7158834934234619, 0.6430512070655823, 0.6425172686576843, 0.6350781917572021, 0.6210179328918457, 0.6048465371131897, 0.5887516736984253, 0.5801595449447632, 0.5298192501068115, 0.4975651502609253, 0.47969451546669006, 0.41839951276779175, 0.39286479353904724]"
F1_N0,inner_val_44b6_t75_p06_isolated,inner_val,44b6_d29c9ab2,75,isolated,0.3,1,31,0,1,1,1.625,1.625,1.625,1,1.625,1,0.7594022750854492,"[[22. 32. 32.]
 [14. 33. 45.]
 [28. 51. 36.]
 [28.  5. 51.]
 [12. 22.  5.]
 [ 6.  7. 55.]
 [26. 27. 28.]
 [ 8. 46. 34.]
 [26. 41. 15.]
 [20.  7. 14.]
 [28. 22. 53.]
 [12. 42.  7.]
 [24.  4.  5.]
 [ 8. 50. 59.]
 [14.  5. 24.]
 [20. 47.  8.]
 [14. 21. 24.]
 [16.  3. 48.]
 [22. 57. 22.]
 [12. 60. 37.]
 [12. 57. 12.]
 [28. 38. 45.]
 [10. 62. 50.]
 [18. 43. 63.]
 [30. 51. 63.]
 [ 6. 62. 53.]
 [27. 56. 21.]
 [19. 28. 13.]
 [ 4. 13.  7.]
 [14. 27. 63.]
 [15. 61. 63.]]","[0.7594022750854492, 0.7414231896400452, 0.7093860507011414, 0.7078427672386169, 0.6952834725379944, 0.6946327686309814, 0.6831145286560059, 0.6785291433334351, 0.666256308555603, 0.644490659236908, 0.6355232000350952, 0.6241508722305298, 0.6078457832336426, 0.5936906337738037, 0.5931116342544556, 0.5885976552963257, 0.5838829874992371, 0.5777685046195984, 0.5723007917404175, 0.5459508299827576, 0.5382223725318909, 0.4983232319355011, 0.4875390827655792, 0.4770752191543579, 0.47565197944641113, 0.4717206358909607, 0.45375683903694153, 0.4023880958557129, 0.39059677720069885, 0.38763228058815, 0.3382593095302582]"
F1_N0,inner_val_44b6_t70_p07_isolated,inner_val,44b6_d29c9ab2,70,isolated,0.3,1,29,1,1,1,0.9084026217460632,0.9084026217460632,0.9084026217460632,1,0.9084026217460632,1,0.8843949437141418,"[[16. 33. 30.]
 [ 4. 51. 34.]
 [18. 50. 43.]
 [12. 25. 14.]
 [ 4. 23. 44.]
 [18. 11. 37.]
 [12.  4. 10.]
 [ 8. 59. 52.]
 [12. 15. 50.]
 [24.  9. 63.]
 [14. 59. 26.]
 [20. 61. 63.]
 [ 4. 21. 14.]
 [22. 33. 63.]
 [ 4.  4. 19.]
 [ 2. 30. 59.]
 [20.  4. 51.]
 [ 2.  3. 63.]
 [ 1. 60. 59.]
 [24. 27. 44.]
 [24. 38. 45.]
 [11. 62. 18.]
 [10. 35. 63.]
 [13.  1. 63.]
 [20. 62.  6.]
 [20. 62. 14.]
 [26. 62. 30.]
 [ 5. 45.  3.]
 [ 0. 51. 16.]]","[0.8843949437141418, 0.8180687427520752, 0.8093799352645874, 0.788303554058075, 0.7713668346405029, 0.7667336463928223, 0.7657272815704346, 0.7055985927581787, 0.6433768272399902, 0.6393488645553589, 0.621863067150116, 0.6192751526832581, 0.6011010408401489, 0.5978082418441772, 0.5626326203346252, 0.5190014243125916, 0.4756857454776764, 0.4595930874347687, 0.4336809813976288, 0.4197547733783722, 0.4186514616012573, 0.4133114516735077, 0.40002739429473877, 0.35284051299095154, 0.3477575182914734, 0.3450928330421448, 0.3430818021297455, 0.33993667364120483, 0.32175540924072266]"
F1_N0,inner_val_44b6_t70_p08_boundary,inner_val,44b6_d29c9ab2,70,boundary,0.3,1,31,1,1,1,0.5745242834091187,0.5745242834091187,0.5745242834091187,1,0.5745242834091187,1,0.7324121594429016,"[[ 6. 35. 14.]
 [ 2.  6. 43.]
 [16. 11. 33.]
 [10. 25. 25.]
 [24. 39.  7.]
 [20. 35. 11.]
 [20. 21. 56.]
 [12. 39. 18.]
 [16. 51. 32.]
 [ 4. 41. 36.]
 [20.  9.  6.]
 [26. 53. 54.]
 [ 2. 25. 56.]
 [30.  5. 46.]
 [18. 41. 54.]
 [31. 33. 50.]
 [22. 33. 30.]
 [ 8. 55.  4.]
 [28. 29. 16.]
 [20. 56. 59.]
 [28.  5.  8.]
 [ 4. 62. 56.]
 [20. 62.  4.]
 [24. 62. 26.]
 [ 9. 13. 42.]
 [24.  1. 30.]
 [27. 15. 63.]
 [28. 27. 40.]
 [ 2. 61. 10.]
 [22.  1. 63.]
 [12.  1.  3.]]","[0.7521940469741821, 0.7331283092498779, 0.7324121594429016, 0.7243033647537231, 0.7223845720291138, 0.6924532055854797, 0.6892975568771362, 0.6773539781570435, 0.6696311235427856, 0.6688922643661499, 0.6634249091148376, 0.6513929963111877, 0.641191840171814, 0.6362238526344299, 0.6320371627807617, 0.6180405616760254, 0.6020050644874573, 0.5832878947257996, 0.5806724429130554, 0.5611745715141296, 0.5595188140869141, 0.5510138869285583, 0.5305925607681274, 0.5054062008857727, 0.5031729340553284, 0.4887255132198334, 0.4858770966529846, 0.4825011193752289, 0.4650210738182068, 0.4192742705345154, 0.3564504384994507]"
F1_N0,inner_val_44b6_t90_p09_zero_annotation,inner_val,44b6_d29c9ab2,90,zero_annotation,0.3,0,36,0,0,0,,,,0,,0,,"[[14. 42. 29.]
 [20. 15. 51.]
 [10. 21. 22.]
 [18.  7.  8.]
 [12.  9. 33.]
 [ 6. 23. 21.]
 [28. 43. 14.]
 [10. 25. 58.]
 [ 2. 35. 17.]
 [30. 51. 46.]
 [ 8. 39. 53.]
 [14. 62. 14.]
 [30. 31. 32.]
 [28. 17.  9.]
 [30.  4. 36.]
 [ 2. 12. 17.]
 [24. 10.  4.]
 [24. 62.  4.]
 [24. 33.  7.]
 [20. 50. 34.]
 [ 5. 59.  8.]
 [31. 17. 43.]
 [24. 47. 54.]
 [31. 37. 53.]
 [24. 27. 63.]
 [31. 60. 59.]
 [20. 61. 37.]
 [12.  7. 63.]
 [26. 63. 25.]
 [15. 21.  4.]
 [ 2. 53. 57.]
 [31. 63. 33.]
 [10. 50.  3.]
 [ 3.  2. 37.]
 [13. 39.  4.]
 [31.  1. 10.]]","[0.8128839731216431, 0.7876424789428711, 0.7135055661201477, 0.71029132604599, 0.6989765167236328, 0.6804967522621155, 0.6770923733711243, 0.6450392007827759, 0.6414685249328613, 0.6286322474479675, 0.5870421528816223, 0.5745105147361755, 0.5710976719856262, 0.565936267375946, 0.5635300278663635, 0.5561195015907288, 0.5540323257446289, 0.5349090099334717, 0.5342766642570496, 0.5311728715896606, 0.529158353805542, 0.5258976817131042, 0.48923248052597046, 0.4767947196960449, 0.47010985016822815, 0.4692680835723877, 0.4491303563117981, 0.43997347354888916, 0.39396747946739197, 0.37748950719833374, 0.3446856737136841, 0.3406372666358948, 0.31902801990509033, 0.3170416057109833, 0.3155994117259979, 0.31092369556427]"
F1_N0,inner_val_44b6_t70_p10_zero_annotation,inner_val,44b6_d29c9ab2,70,zero_annotation,0.3,0,10,0,0,0,,,,0,,0,,"[[12.  9. 56.]
 [ 8. 25. 55.]
 [12.  9. 18.]
 [16. 11.  4.]
 [ 3. 59. 56.]
 [ 3. 10. 21.]
 [12. 45.  4.]
 [14. 29.  4.]
 [ 5. 23. 30.]
 [14. 47. 19.]]","[0.6455468535423279, 0.39261701703071594, 0.3675888776779175, 0.364546000957489, 0.3598778545856476, 0.35572031140327454, 0.3369309604167938, 0.3213173747062683, 0.3124591112136841, 0.3101542592048645]"
F1_N0,held_out_val_6bba_t20_p01_crowded,held_out_val,6bba_43fea39d,20,crowded,0.3,3,15,0,0,0,4.433818340301514,4.142953395843506,,0,,0,,"[[20. 39. 56.]
 [20. 33. 30.]
 [24. 49. 13.]
 [ 8. 53. 18.]
 [14. 30. 38.]
 [12. 59. 18.]
 [30. 33. 36.]
 [10. 51. 59.]
 [ 2. 60. 43.]
 [ 6. 55. 46.]
 [ 2. 49. 58.]
 [31. 51.  6.]
 [30. 39.  3.]
 [31. 15.  4.]
 [ 1. 62. 22.]]","[0.772384762763977, 0.729197084903717, 0.7259888052940369, 0.636513888835907, 0.6292619705200195, 0.6099549531936646, 0.6032633185386658, 0.5677056908607483, 0.5388553142547607, 0.5338821411132812, 0.525292158126831, 0.5128644108772278, 0.4960204064846039, 0.3205435276031494, 0.31120026111602783]"
F1_N0,held_out_val_6bba_t35_p02_crowded,held_out_val,6bba_43fea39d,35,crowded,0.3,3,13,0,0,1,4.246896346410115,3.65625,,0,2.071476697921753,1,,"[[28. 40. 28.]
 [ 2. 41. 19.]
 [18. 44. 50.]
 [22. 51. 10.]
 [ 2. 61. 45.]
 [30. 27. 57.]
 [20. 25. 35.]
 [28.  8. 25.]
 [10. 55. 14.]
 [12. 31. 41.]
 [14. 35. 17.]
 [31. 43. 10.]
 [11. 51. 63.]]","[0.7216761112213135, 0.68723064661026, 0.6570976972579956, 0.6300287842750549, 0.6081408262252808, 0.5606310963630676, 0.5440115332603455, 0.5286878347396851, 0.5235262513160706, 0.5047461986541748, 0.45041340589523315, 0.3133912980556488, 0.30103540420532227]"
F1_N0,held_out_val_6bba_t50_p03_crowded,held_out_val,6bba_43fea39d,50,crowded,0.3,2,11,0,0,0,3.564658999443054,3.564658999443054,,0,,0,,"[[28. 51. 42.]
 [26. 19. 50.]
 [28. 23. 42.]
 [ 2. 25. 57.]
 [20. 26. 46.]
 [10. 61. 24.]
 [20. 51. 63.]
 [ 8. 59. 46.]
 [18. 61. 31.]
 [12. 41. 56.]
 [20. 63. 13.]]","[0.7522487044334412, 0.6739895343780518, 0.6682195663452148, 0.6042470335960388, 0.6041751503944397, 0.5714225769042969, 0.5609135627746582, 0.5378308296203613, 0.5331379175186157, 0.469664067029953, 0.30650463700294495]"
F1_N0,held_out_val_6bba_t20_p04_crowded,held_out_val,6bba_43fea39d,20,crowded,0.3,2,14,0,0,1,5.860700726509094,5.860700726509094,,0,2.3688242435455322,1,,"[[ 2. 23. 58.]
 [ 6. 51. 24.]
 [18. 54. 35.]
 [24. 51. 63.]
 [ 2. 43. 14.]
 [13. 59. 63.]
 [31. 59. 40.]
 [31. 55. 24.]
 [ 7. 58. 63.]
 [16. 62.  4.]
 [ 3. 61. 63.]
 [ 6. 53. 55.]
 [ 2. 63. 56.]
 [22. 62.  4.]]","[0.7179623246192932, 0.688041627407074, 0.6865972876548767, 0.6713345050811768, 0.6471697688102722, 0.5959556698799133, 0.5801125168800354, 0.5607844591140747, 0.5243694186210632, 0.49775969982147217, 0.47418999671936035, 0.4658372402191162, 0.4351962208747864, 0.4178128242492676]"
F1_N0,held_out_val_6bba_t80_p05_isolated,held_out_val,6bba_43fea39d,80,isolated,0.3,1,9,0,0,1,2.601269245147705,2.601269245147705,,0,2.601269245147705,1,,"[[18. 29. 36.]
 [20. 35. 26.]
 [14. 30. 41.]
 [ 6. 61. 14.]
 [30. 57. 25.]
 [26. 53. 58.]
 [31. 57. 63.]
 [ 8. 43. 56.]
 [ 2. 59. 36.]]","[0.7845070362091064, 0.7730863094329834, 0.7431932091712952, 0.6856934428215027, 0.5502375960350037, 0.5492863059043884, 0.5352704524993896, 0.44238653779029846, 0.4393253028392792]"
F1_N0,held_out_val_6bba_t35_p06_isolated,held_out_val,6bba_43fea39d,35,isolated,0.3,1,10,0,0,0,4.958913326263428,4.958913326263428,,0,,0,,"[[22. 26. 46.]
 [ 8. 13. 19.]
 [ 6. 33. 34.]
 [22. 35.  8.]
 [28. 30. 16.]
 [12. 31. 38.]
 [20. 13. 22.]
 [31. 30. 10.]
 [12. 29. 56.]
 [ 0. 35.  4.]]","[0.8159177899360657, 0.6848754286766052, 0.6794077157974243, 0.6421763300895691, 0.6382055878639221, 0.5866203904151917, 0.5226492285728455, 0.48390570282936096, 0.4706546664237976, 0.31711792945861816]"
F1_N0,held_out_val_6bba_t35_p07_isolated,held_out_val,6bba_43fea39d,35,isolated,0.3,1,10,0,0,1,2.4711222648620605,2.4711222648620605,,0,2.4711222648620605,1,,"[[24. 43. 44.]
 [12. 46. 46.]
 [16. 31. 38.]
 [22. 51.  7.]
 [10. 25. 34.]
 [ 8. 60. 15.]
 [ 2. 33. 26.]
 [18. 63.  7.]
 [ 2. 51. 52.]
 [31. 29. 58.]]","[0.7770675420761108, 0.7518696784973145, 0.6960914731025696, 0.6955747008323669, 0.668425977230072, 0.5349578857421875, 0.49494704604148865, 0.4044992923736572, 0.37073856592178345, 0.35142484307289124]"
F1_N0,held_out_val_6bba_t80_p08_isolated,held_out_val,6bba_43fea39d,80,isolated,0.3,1,13,0,0,0,4.241374492645264,4.241374492645264,,0,,0,,"[[20. 32. 26.]
 [18. 29. 38.]
 [23. 60. 57.]
 [24. 59. 46.]
 [14. 37. 24.]
 [ 8. 25. 28.]
 [31. 36. 45.]
 [12. 62. 38.]
 [26. 62.  7.]
 [ 8. 40. 55.]
 [ 4. 62. 56.]
 [13. 61. 63.]
 [10. 62. 60.]]","[0.7240835428237915, 0.7039937376976013, 0.6933278441429138, 0.687613844871521, 0.6497470736503601, 0.5376048684120178, 0.5287716388702393, 0.5100017189979553, 0.4980812072753906, 0.4805639982223511, 0.46500900387763977, 0.3711368143558502, 0.3469094932079315]"
F1_N0,held_out_val_6bba_t20_p09_boundary,held_out_val,6bba_43fea39d,20,boundary,0.3,1,15,0,0,0,4.082761764526367,4.082761764526367,,0,,0,,"[[16. 61. 63.]
 [14. 59. 54.]
 [31. 23. 44.]
 [ 6. 51. 53.]
 [31. 35. 63.]
 [28. 26. 53.]
 [ 7. 57. 34.]
 [31. 58. 51.]
 [29. 62. 16.]
 [31. 59. 44.]
 [31. 59. 35.]
 [25. 62. 27.]
 [22. 46. 55.]
 [20. 62. 12.]
 [30. 63.  5.]]","[0.7739107012748718, 0.7708617448806763, 0.6005860567092896, 0.5964885950088501, 0.5919045209884644, 0.5818650126457214, 0.5329731702804565, 0.4691650867462158, 0.4577832520008087, 0.45121192932128906, 0.444608598947525, 0.4434739947319031, 0.4144502878189087, 0.3951452374458313, 0.3773600459098816]"
F1_N0,held_out_val_6bba_t50_p10_boundary,held_out_val,6bba_43fea39d,50,boundary,0.3,1,8,0,1,1,1.2846752405166626,1.2846752405166626,1.2846752405166626,1,1.2846752405166626,1,0.8102430105209351,"[[28. 31. 35.]
 [24. 60. 55.]
 [31. 59. 28.]
 [14. 62. 51.]
 [ 4. 61. 60.]
 [21. 48. 35.]
 [21. 61. 28.]
 [26. 47. 63.]]","[0.8102430105209351, 0.4998313784599304, 0.4862186014652252, 0.46601173281669617, 0.46043482422828674, 0.42491254210472107, 0.40663793683052063, 0.3649020493030548]"
F1_N0,held_out_val_6bba_t35_p11_zero_annotation,held_out_val,6bba_43fea39d,35,zero_annotation,0.3,0,28,0,0,0,,,,0,,0,,"[[31. 58. 14.]
 [31. 59. 59.]
 [ 8. 50. 57.]
 [31. 57. 43.]
 [20. 33. 39.]
 [10. 50. 38.]
 [26. 12. 40.]
 [25. 60. 57.]
 [ 8. 27. 62.]
 [31. 30. 57.]
 [13. 57. 60.]
 [31. 23. 59.]
 [22. 54. 61.]
 [ 7. 35. 20.]
 [20. 41. 15.]
 [20. 30. 61.]
 [24. 27. 60.]
 [10. 60. 12.]
 [16. 33. 62.]
 [ 8. 13. 34.]
 [ 2. 33. 62.]
 [28. 15. 19.]
 [ 5. 60. 38.]
 [28. 21.  6.]
 [29. 33. 17.]
 [13. 29. 32.]
 [17. 29. 22.]
 [28.  8. 60.]]","[0.6479761004447937, 0.6315106153488159, 0.6267468929290771, 0.5924771428108215, 0.5231435298919678, 0.4874161183834076, 0.48155447840690613, 0.4728701114654541, 0.4690621495246887, 0.4519241154193878, 0.44766470789909363, 0.44661182165145874, 0.42104095220565796, 0.4146484136581421, 0.41464751958847046, 0.3943517208099365, 0.39034587144851685, 0.3894115686416626, 0.3820032477378845, 0.3796512186527252, 0.3709031939506531, 0.3700360059738159, 0.3633683919906616, 0.3526088297367096, 0.3510966897010803, 0.34856581687927246, 0.31849101185798645, 0.3115200102329254]"
F1_N0,held_out_val_6bba_t65_p12_zero_annotation,held_out_val,6bba_43fea39d,65,zero_annotation,0.3,0,24,0,0,0,,,,0,,0,,"[[10.  7. 58.]
 [ 6. 10. 38.]
 [16.  8.  7.]
 [14.  9. 20.]
 [ 9. 11.  7.]
 [ 6.  7. 10.]
 [ 4.  8. 55.]
 [10.  9. 18.]
 [28.  6. 23.]
 [24.  5. 19.]
 [31.  7. 15.]
 [31.  8.  7.]
 [ 4. 10. 22.]
 [31.  6. 25.]
 [30.  4. 39.]
 [28.  7. 59.]
 [ 7. 21. 17.]
 [24.  8.  7.]
 [24.  4. 39.]
 [31. 23. 41.]
 [28. 47.  4.]
 [23.  4. 60.]
 [24. 43. 20.]
 [ 8. 23. 44.]]","[0.5706996321678162, 0.5511200428009033, 0.5454831123352051, 0.5122582316398621, 0.4957979619503021, 0.48963356018066406, 0.48492398858070374, 0.4793221950531006, 0.4769638776779175, 0.4600520730018616, 0.45391422510147095, 0.44386038184165955, 0.440189003944397, 0.436845064163208, 0.4262401759624481, 0.4253200590610504, 0.4210203289985657, 0.39451852440834045, 0.37301182746887207, 0.35370612144470215, 0.3366485834121704, 0.3311074376106262, 0.3252161741256714, 0.3011690676212311]"
F1_N1,train_6bba_t15_p01_crowded,train,6bba_bb9f20c3,15,crowded,0.3,2,22,0,1,2,2.0798842310905457,2.0798842310905457,1.8616713285446167,1,2.0798842310905457,2,0.5283782482147217,"[[16. 23. 20.]
 [ 6. 25. 40.]
 [12.  6. 47.]
 [16. 51. 24.]
 [ 6.  8. 62.]
 [ 2.  7. 48.]
 [ 2. 53. 55.]
 [14. 43. 40.]
 [22. 18. 30.]
 [19. 60.  4.]
 [12. 55. 10.]
 [ 9.  8.  5.]
 [ 3.  7.  4.]
 [ 9. 47. 30.]
 [18.  2. 18.]
 [15. 62. 58.]
 [ 3. 59. 34.]
 [ 9. 46.  5.]
 [ 5. 62.  8.]
 [ 1. 47.  4.]
 [ 1. 39. 18.]
 [ 9. 62. 46.]]","[0.7812158465385437, 0.7520745396614075, 0.7432155013084412, 0.7416612505912781, 0.6743837594985962, 0.6559174060821533, 0.6466875672340393, 0.6429073214530945, 0.6359559297561646, 0.5909549593925476, 0.5413443446159363, 0.5393274426460266, 0.5356112718582153, 0.5283782482147217, 0.5237173438072205, 0.5222801566123962, 0.5194212794303894, 0.5087433457374573, 0.47743362188339233, 0.4337013363838196, 0.37813565135002136, 0.36879169940948486]"
F1_N1,train_6bba_t35_p02_crowded,train,6bba_bb9f20c3,35,crowded,0.3,2,19,0,0,1,3.00368332862854,3.00368332862854,,0,2.632800817489624,1,,"[[18. 31. 36.]
 [14. 20. 13.]
 [20.  6. 58.]
 [16. 53. 52.]
 [14.  9. 39.]
 [24. 23.  6.]
 [10. 36. 53.]
 [24.  5.  4.]
 [12. 15. 63.]
 [ 9. 62.  7.]
 [10. 51. 25.]
 [13. 59.  5.]
 [ 7. 34. 37.]
 [ 9. 31. 27.]
 [ 9. 59. 48.]
 [ 9. 60. 59.]
 [ 1. 27. 54.]
 [ 2. 13. 53.]
 [ 2.  4. 26.]]","[0.8221020102500916, 0.8186286091804504, 0.7754820585250854, 0.7384296655654907, 0.7262651920318604, 0.7153327465057373, 0.6554102897644043, 0.6199471354484558, 0.6005567908287048, 0.5814892649650574, 0.5738018751144409, 0.5418390035629272, 0.49772071838378906, 0.48175251483917236, 0.47390395402908325, 0.43300342559814453, 0.392813503742218, 0.3506511449813843, 0.32531723380088806]"
F1_N1,train_6bba_t40_p03_crowded,train,6bba_bb9f20c3,40,crowded,0.3,2,22,1,1,2,1.4419883489608765,1.4419883489608765,0.8125,1,1.4419883489608765,2,0.6659824848175049,"[[24. 15. 15.]
 [14. 31. 56.]
 [24. 33.  5.]
 [15. 60. 47.]
 [22. 53.  6.]
 [18. 47. 24.]
 [22. 21. 36.]
 [ 8. 37. 56.]
 [12. 38. 17.]
 [28. 48. 32.]
 [18.  3. 36.]
 [24. 62. 14.]
 [20. 15.  4.]
 [24.  5. 36.]
 [17. 31. 35.]
 [11. 39. 34.]
 [ 5. 61.  4.]
 [ 9. 62. 18.]
 [11. 62.  6.]
 [16.  2. 12.]
 [ 5. 62. 38.]
 [ 5. 48.  4.]]","[0.7216442227363586, 0.7193261981010437, 0.7163875699043274, 0.6740995645523071, 0.6659824848175049, 0.6100368499755859, 0.6075989007949829, 0.5979151129722595, 0.5862151980400085, 0.5776219964027405, 0.5447796583175659, 0.5382463335990906, 0.5315151214599609, 0.4844803810119629, 0.47792622447013855, 0.4719473719596863, 0.42399048805236816, 0.4073686897754669, 0.39391621947288513, 0.37452432513237, 0.36889752745628357, 0.3257874846458435]"
F1_N1,train_6bba_t45_p04_crowded,train,6bba_bb9f20c3,45,crowded,0.3,3,21,0,1,1,4.653090635935466,5.773897171020508,1.7235727310180664,1,1.7235727310180664,1,0.5149824023246765,"[[24. 13. 42.]
 [24. 26. 14.]
 [24. 50. 60.]
 [16. 50. 60.]
 [25. 59.  5.]
 [14.  5. 48.]
 [13. 62.  6.]
 [15. 60. 43.]
 [22.  6. 59.]
 [17. 62. 32.]
 [20. 30.  5.]
 [16. 24. 49.]
 [10. 47. 54.]
 [15. 31. 33.]
 [17. 30. 13.]
 [16. 38. 15.]
 [23. 62. 48.]
 [16.  3. 63.]
 [22. 40. 34.]
 [20.  1. 30.]
 [31. 11.  4.]]","[0.8286071419715881, 0.7793990969657898, 0.6714217066764832, 0.6480609774589539, 0.6372561454772949, 0.6323245763778687, 0.5938332676887512, 0.5856859683990479, 0.5800414085388184, 0.5602797269821167, 0.5575329661369324, 0.5494917035102844, 0.5204578042030334, 0.5149824023246765, 0.5132154226303101, 0.5126004815101624, 0.4693584144115448, 0.4689677953720093, 0.4467700123786926, 0.44329023361206055, 0.37262025475502014]"
F1_N1,train_6bba_t55_p05_crowded,train,6bba_bb9f20c3,55,crowded,0.3,2,20,1,1,1,2.2139599323272705,2.2139599323272705,0.40625,1,0.40625,1,0.7571775317192078,"[[ 4. 17. 56.]
 [ 4. 33. 32.]
 [12. 47.  4.]
 [ 6. 37. 50.]
 [16. 15. 22.]
 [18. 19.  6.]
 [10. 31. 20.]
 [10. 55. 20.]
 [19.  5.  6.]
 [ 6.  4. 29.]
 [ 7. 15. 14.]
 [ 5. 59.  4.]
 [ 2. 43. 56.]
 [ 1.  9. 37.]
 [ 7. 29.  4.]
 [ 4. 53. 22.]
 [ 1. 33. 11.]
 [ 6. 62. 63.]
 [ 7. 62. 35.]
 [ 1. 17.  6.]]","[0.8744388222694397, 0.7571775317192078, 0.7149851322174072, 0.683933675289154, 0.6624338626861572, 0.6485028862953186, 0.637864887714386, 0.6377454996109009, 0.561017632484436, 0.5373769402503967, 0.5235222578048706, 0.5142290592193604, 0.5062713027000427, 0.49377667903900146, 0.4902273714542389, 0.47572728991508484, 0.46576932072639465, 0.42612117528915405, 0.38873645663261414, 0.3813469707965851]"
F1_N1,train_6bba_t55_p06_crowded,train,6bba_bb9f20c3,55,crowded,0.3,3,23,1,1,1,2.7312728563944497,3.3003907203674316,0.40625,1,0.40625,1,0.5463204383850098,"[[22. 31. 14.]
 [26. 53. 26.]
 [16. 17. 62.]
 [12. 19. 42.]
 [26. 21. 18.]
 [ 8. 24. 60.]
 [24.  7. 46.]
 [16. 53. 52.]
 [18. 27.  4.]
 [19. 60. 28.]
 [16. 32. 31.]
 [ 7. 50. 59.]
 [12. 43.  4.]
 [16.  4.  7.]
 [ 9. 53. 36.]
 [20. 22. 37.]
 [19. 59.  4.]
 [23. 11.  4.]
 [29. 62.  4.]
 [24.  1. 22.]
 [21. 11. 52.]
 [12.  1. 62.]
 [30. 35.  4.]]","[0.7723702192306519, 0.6873642206192017, 0.65810626745224, 0.631016731262207, 0.625318169593811, 0.624333381652832, 0.6173864006996155, 0.6011469960212708, 0.5730345845222473, 0.5524937510490417, 0.5463204383850098, 0.5437183976173401, 0.5352631211280823, 0.5298538208007812, 0.49652528762817383, 0.47257453203201294, 0.4697161316871643, 0.45400485396385193, 0.4532206356525421, 0.45113563537597656, 0.44839751720428467, 0.4171740710735321, 0.37260159850120544]"
F1_N1,train_6bba_t15_p07_crowded,train,6bba_bb9f20c3,15,crowded,0.3,3,26,1,2,2,2.9795570969581604,1.7235727310180664,1.3159876763820648,2,1.3159876763820648,2,0.5815842151641846,"[[24. 37. 31.]
 [14. 13.  4.]
 [28. 27.  8.]
 [10.  6. 54.]
 [14. 39. 54.]
 [22. 45. 52.]
 [20. 29. 30.]
 [16. 22. 48.]
 [22. 41.  4.]
 [18.  4. 46.]
 [ 5. 59. 46.]
 [15. 62. 42.]
 [13. 62. 59.]
 [27. 62. 32.]
 [ 8. 31. 33.]
 [14. 47.  4.]
 [ 6. 39. 54.]
 [ 9. 61. 26.]
 [11. 39. 14.]
 [21. 55. 38.]
 [28. 51. 43.]
 [ 7. 19. 36.]
 [30. 43.  4.]
 [14.  3. 28.]
 [27.  3.  4.]
 [30. 33. 31.]]","[0.6743353009223938, 0.6724950671195984, 0.6691851615905762, 0.6505143046379089, 0.6260398030281067, 0.6051905155181885, 0.6015309691429138, 0.5829461812973022, 0.5473790764808655, 0.5367050766944885, 0.5261543393135071, 0.5168580412864685, 0.5022711753845215, 0.4978305399417877, 0.49067336320877075, 0.4823240637779236, 0.48072361946105957, 0.4805087745189667, 0.4671558737754822, 0.45989781618118286, 0.4566357135772705, 0.40923479199409485, 0.40864717960357666, 0.4025379717350006, 0.38253289461135864, 0.3174368143081665]"
F1_N1,train_6bba_t25_p08_crowded,train,6bba_bb9f20c3,25,crowded,0.3,4,27,2,3,3,1.4155011475086212,0.8454626202583313,0.6990584135055542,3,0.6990584135055542,3,0.6097410321235657,"[[ 8. 39. 48.]
 [24. 34. 32.]
 [ 6.  6. 48.]
 [20. 19. 49.]
 [20. 13. 20.]
 [22. 53. 22.]
 [ 6. 41. 26.]
 [19. 59. 35.]
 [12.  3. 42.]
 [11. 61. 59.]
 [16. 33.  5.]
 [13. 59. 28.]
 [ 6.  5. 33.]
 [28. 29.  6.]
 [14. 27. 43.]
 [30. 12.  8.]
 [30. 53.  4.]
 [ 2. 49. 57.]
 [ 5. 62. 24.]
 [13. 34. 19.]
 [ 1. 60. 37.]
 [16. 51. 14.]
 [10. 55.  4.]
 [11. 20. 11.]
 [18.  1. 36.]
 [17. 36. 63.]
 [21. 62.  4.]]","[0.6990161538124084, 0.6976719498634338, 0.6936851143836975, 0.6803984642028809, 0.6694880127906799, 0.6405838131904602, 0.6134575009346008, 0.6081035137176514, 0.5605688691139221, 0.5597372651100159, 0.5516315698623657, 0.5377459526062012, 0.5174692273139954, 0.5096907019615173, 0.5084878206253052, 0.5014339685440063, 0.4931047856807709, 0.4901082217693329, 0.48086604475975037, 0.4774298071861267, 0.4471702575683594, 0.44384604692459106, 0.43671396374702454, 0.4053269624710083, 0.36032840609550476, 0.35266411304473877, 0.30093348026275635]"
F1_N1,train_6bba_t10_p09_crowded,train,6bba_bb9f20c3,10,crowded,0.3,2,15,1,1,1,2.234375,2.234375,0.40625,1,0.40625,1,0.6053561568260193,"[[ 6. 29. 58.]
 [ 6. 52. 56.]
 [ 4. 13. 54.]
 [18. 29. 22.]
 [12. 43.  8.]
 [16. 39. 26.]
 [14. 37. 34.]
 [ 1. 59.  5.]
 [ 2. 31. 29.]
 [11.  9.  4.]
 [ 8.  1. 36.]
 [ 9. 13. 14.]
 [ 6. 43.  4.]
 [ 0. 29. 63.]
 [14.  1. 32.]]","[0.8252848386764526, 0.7340360283851624, 0.6765977144241333, 0.6677403450012207, 0.6565074324607849, 0.643604576587677, 0.6296257972717285, 0.6053561568260193, 0.5989105105400085, 0.569567859172821, 0.5692229866981506, 0.5413540601730347, 0.5112115144729614, 0.46290484070777893, 0.3846364915370941]"
F1_N1,train_6bba_t40_p10_crowded,train,6bba_bb9f20c3,40,crowded,0.3,2,20,0,1,1,5.26968115568161,5.26968115568161,1.8168052434921265,1,1.8168052434921265,1,0.5556182861328125,"[[18. 13. 18.]
 [16. 51. 26.]
 [10. 59. 54.]
 [12. 22. 56.]
 [ 3. 59. 59.]
 [24.  4.  4.]
 [ 7. 59. 14.]
 [ 6. 39. 36.]
 [12. 55. 18.]
 [ 3. 62. 30.]
 [10. 19. 16.]
 [20. 59. 16.]
 [15. 14.  5.]
 [ 7.  9. 58.]
 [ 8. 30. 53.]
 [18. 34.  3.]
 [12. 13. 42.]
 [11. 49.  4.]
 [22.  3. 28.]
 [17.  3. 63.]]","[0.7821816205978394, 0.7435433864593506, 0.6554646492004395, 0.6295394897460938, 0.6083295941352844, 0.6022888422012329, 0.5997297167778015, 0.5821936130523682, 0.5742467641830444, 0.5700725317001343, 0.5620093941688538, 0.5579554438591003, 0.5577911734580994, 0.5556182861328125, 0.550818145275116, 0.5326250791549683, 0.5131967663764954, 0.47921615839004517, 0.43479275703430176, 0.4043864905834198]"
F1_N1,train_6bba_t35_p11_crowded,train,6bba_bb9f20c3,35,crowded,0.3,3,27,1,1,1,2.585700790087382,3.3500232696533203,0.5745242834091187,1,0.5745242834091187,1,0.6904787421226501,"[[22. 26. 11.]
 [16. 33. 31.]
 [ 6. 18. 44.]
 [ 8. 46. 51.]
 [20. 45. 22.]
 [18. 45.  4.]
 [20.  6. 22.]
 [15. 60. 53.]
 [11. 60. 30.]
 [12. 10. 15.]
 [ 2.  7. 44.]
 [19. 61. 43.]
 [17. 60. 21.]
 [ 5. 59. 46.]
 [25. 62. 14.]
 [ 4.  6. 58.]
 [18. 31. 62.]
 [10. 21. 62.]
 [ 3. 41. 20.]
 [ 5. 18. 13.]
 [14.  3. 42.]
 [ 1. 62. 18.]
 [13. 32.  5.]
 [21. 23. 55.]
 [18.  1. 44.]
 [16.  7. 59.]
 [25. 12.  3.]]","[0.7322070002555847, 0.6904787421226501, 0.6862033009529114, 0.6387368440628052, 0.6158396601676941, 0.6018344163894653, 0.5921211242675781, 0.5856415629386902, 0.5765842795372009, 0.5687740445137024, 0.5647803544998169, 0.5408817529678345, 0.5313759446144104, 0.521892786026001, 0.4835716187953949, 0.4823758006095886, 0.48212453722953796, 0.4762552082538605, 0.46862444281578064, 0.46455812454223633, 0.4625890254974365, 0.4507427215576172, 0.4399857819080353, 0.4359038174152374, 0.43392500281333923, 0.42131298780441284, 0.3106978237628937]"
F1_N1,train_6bba_t45_p12_crowded,train,6bba_bb9f20c3,45,crowded,0.3,3,27,1,2,2,2.4050935904184976,1.8168052434921265,1.1956647634506226,2,1.1956647634506226,2,0.6945712268352509,"[[22. 13. 22.]
 [16. 33. 31.]
 [10. 27. 58.]
 [22. 35.  6.]
 [ 6.  5. 58.]
 [16. 31. 57.]
 [ 8. 43. 42.]
 [14. 15. 16.]
 [12. 58. 58.]
 [10. 12. 35.]
 [14.  9. 38.]
 [ 2. 25. 58.]
 [ 2. 62. 28.]
 [ 7. 60. 51.]
 [17. 59. 18.]
 [12. 47. 24.]
 [ 9. 62. 34.]
 [ 5. 27. 22.]
 [ 7. 60.  4.]
 [19. 62. 38.]
 [ 2. 33. 22.]
 [13. 39.  4.]
 [17. 49.  6.]
 [18.  4. 52.]
 [22. 43. 23.]
 [24. 62. 16.]
 [12.  1. 58.]]","[0.7722479104995728, 0.7659912705421448, 0.7268778085708618, 0.7209845781326294, 0.7076719403266907, 0.6954199075698853, 0.640737771987915, 0.6284443140029907, 0.6278424263000488, 0.6231511831283569, 0.6202453970909119, 0.5933744311332703, 0.5781322121620178, 0.5357975959777832, 0.5294913649559021, 0.5278534293174744, 0.5194928646087646, 0.4880724251270294, 0.48055827617645264, 0.47974422574043274, 0.475698322057724, 0.473251610994339, 0.4479145407676697, 0.4262826442718506, 0.42508694529533386, 0.4085982143878937, 0.3742561340332031]"
F1_N1,train_6bba_t20_p13_crowded,train,6bba_bb9f20c3,20,crowded,0.3,3,18,0,1,1,5.953343987464905,6.410516738891602,1.8616713285446167,1,1.8616713285446167,1,0.5519733428955078,"[[12.  9. 42.]
 [ 8. 33. 48.]
 [12. 41. 10.]
 [12. 60. 29.]
 [ 4. 22. 57.]
 [10. 26. 21.]
 [ 6. 51. 62.]
 [17. 61.  5.]
 [ 4. 59. 34.]
 [ 7. 56.  7.]
 [10.  7. 16.]
 [ 7. 33.  4.]
 [ 3. 53. 10.]
 [ 1. 46. 51.]
 [15. 11.  4.]
 [ 4. 27. 27.]
 [14. 19. 62.]
 [18. 45. 14.]]","[0.8466183543205261, 0.8267325758934021, 0.795737087726593, 0.6966486573219299, 0.6619175672531128, 0.6210422515869141, 0.6167986392974854, 0.5832977294921875, 0.5519733428955078, 0.546693742275238, 0.5303615927696228, 0.5097382664680481, 0.508528470993042, 0.5037868618965149, 0.5030432939529419, 0.4738607406616211, 0.4388515055179596, 0.3955235481262207]"
F1_N1,train_6bba_t20_p14_crowded,train,6bba_bb9f20c3,20,crowded,0.3,3,25,1,2,2,1.9466756184895833,1.9902104139328003,1.2823673486709595,2,1.2823673486709595,2,0.773363322019577,"[[16. 33. 10.]
 [12. 10. 46.]
 [ 8. 41. 58.]
 [ 8. 13. 34.]
 [10. 39. 30.]
 [16. 32. 34.]
 [24. 13.  5.]
 [18.  4. 36.]
 [ 4. 44. 37.]
 [ 5. 59. 58.]
 [20. 53. 26.]
 [21. 62.  6.]
 [12. 47. 51.]
 [14. 19. 23.]
 [12. 19.  4.]
 [ 4.  5. 52.]
 [11. 59.  4.]
 [ 9. 45.  6.]
 [18.  3.  7.]
 [ 3. 47. 13.]
 [ 3. 15. 12.]
 [ 2. 24. 63.]
 [20. 18. 24.]
 [ 1. 15. 56.]
 [17. 62. 58.]]","[0.7881825566291809, 0.7585440874099731, 0.7216065526008606, 0.6603822112083435, 0.6543712019920349, 0.614666759967804, 0.5933176875114441, 0.5879995226860046, 0.5792402029037476, 0.5650454163551331, 0.5573118925094604, 0.5527527928352356, 0.5358843803405762, 0.5185079574584961, 0.5170659422874451, 0.513338565826416, 0.4991546869277954, 0.4950322210788727, 0.4597657322883606, 0.45718514919281006, 0.44470569491386414, 0.40888795256614685, 0.39848634600639343, 0.3945435881614685, 0.3285196125507355]"
F1_N1,train_6bba_t15_p15_crowded,train,6bba_bb9f20c3,15,crowded,0.3,2,18,1,1,1,4.578571319580078,4.578571319580078,0.40625,1,0.40625,1,0.6977503299713135,"[[12. 21. 59.]
 [22.  9. 12.]
 [16.  7.  5.]
 [16. 33. 32.]
 [12. 39. 24.]
 [ 9. 61. 40.]
 [18.  4. 42.]
 [ 5. 59. 31.]
 [10. 32.  7.]
 [15. 60. 31.]
 [ 8. 37. 46.]
 [ 7. 31. 27.]
 [10. 14. 35.]
 [ 2. 52. 59.]
 [ 8. 55.  4.]
 [ 9.  4. 59.]
 [12. 40. 63.]
 [19. 56.  3.]]","[0.8211890459060669, 0.7801520228385925, 0.7056264281272888, 0.6977503299713135, 0.6974298357963562, 0.6747414469718933, 0.6593837738037109, 0.649264931678772, 0.6475436687469482, 0.6342682838439941, 0.6188445687294006, 0.6081498861312866, 0.5773178339004517, 0.5748497843742371, 0.5734267830848694, 0.4658944308757782, 0.3909823000431061, 0.3738987445831299]"
F1_N1,train_6bba_t30_p16_crowded,train,6bba_bb9f20c3,30,crowded,0.3,2,21,0,2,2,1.6750116348266602,1.6750116348266602,1.6750116348266602,2,1.6750116348266602,2,0.6552430689334869,"[[22.  5. 12.]
 [18.  5. 42.]
 [16. 33. 36.]
 [14. 11. 14.]
 [16. 53.  6.]
 [16.  6.  5.]
 [ 6. 26. 59.]
 [12. 45. 40.]
 [ 7. 60. 53.]
 [10.  8. 51.]
 [10. 19. 34.]
 [12. 22. 63.]
 [ 7. 31.  4.]
 [13. 59. 42.]
 [ 5. 45. 48.]
 [10. 54.  5.]
 [ 8. 43. 32.]
 [13. 58.  5.]
 [ 5. 62. 26.]
 [ 1. 62. 52.]
 [14. 32.  3.]]","[0.7846108675003052, 0.7709352374076843, 0.7623460292816162, 0.6996340751647949, 0.6712700724601746, 0.626819372177124, 0.6252878904342651, 0.6218781471252441, 0.6146565079689026, 0.6134545207023621, 0.6053426861763, 0.5937123894691467, 0.5870060920715332, 0.5771633386611938, 0.5580381155014038, 0.5544630885124207, 0.5537986159324646, 0.5481401085853577, 0.5374481678009033, 0.5270704627037048, 0.38394662737846375]"
F1_N1,train_6bba_t50_p17_crowded,train,6bba_bb9f20c3,50,crowded,0.3,3,22,1,2,2,1.7932742436726887,1.7235727310180664,0.8617863655090332,2,0.8617863655090332,2,0.6552092432975769,"[[22. 39. 14.]
 [14. 11. 31.]
 [24.  7. 44.]
 [21. 60. 32.]
 [24.  5. 21.]
 [16. 59. 50.]
 [28. 50. 28.]
 [ 4. 62. 54.]
 [30. 35.  4.]
 [26. 18. 16.]
 [18. 36. 33.]
 [18. 16.  4.]
 [ 7. 24. 59.]
 [16. 20. 63.]
 [10. 45. 28.]
 [13. 62. 35.]
 [10. 35. 50.]
 [20. 19. 50.]
 [17. 59.  4.]
 [11. 62. 14.]
 [23. 62.  4.]
 [16.  1. 14.]]","[0.6915180087089539, 0.6741631627082825, 0.620796799659729, 0.6189004778862, 0.5794039368629456, 0.5724802613258362, 0.5718778371810913, 0.56214439868927, 0.5585768222808838, 0.552174985408783, 0.5489827394485474, 0.5328037738800049, 0.5314698219299316, 0.521993100643158, 0.5204156637191772, 0.5036447644233704, 0.4989570677280426, 0.48370903730392456, 0.42657676339149475, 0.36887770891189575, 0.340274453163147, 0.31035277247428894]"
F1_N1,train_6bba_t55_p18_crowded,train,6bba_bb9f20c3,55,crowded,0.3,2,18,0,1,1,2.5730066299438477,2.5730066299438477,1.6750116348266602,1,1.6750116348266602,1,0.4365587830543518,"[[18. 10. 14.]
 [ 8.  6. 32.]
 [14. 43.  6.]
 [14. 18. 17.]
 [ 6. 33. 54.]
 [ 4. 11. 56.]
 [12. 60. 37.]
 [12. 17. 62.]
 [ 5. 59.  8.]
 [ 4. 62. 56.]
 [ 6. 62. 24.]
 [ 6. 35. 20.]
 [10. 21.  4.]
 [15. 62. 14.]
 [ 2. 43. 38.]
 [10. 33. 32.]
 [11.  1.  4.]
 [ 1. 29. 58.]]","[0.7707661986351013, 0.7520456314086914, 0.7331445217132568, 0.7204289436340332, 0.6824091076850891, 0.655167818069458, 0.6448544263839722, 0.641798198223114, 0.637972354888916, 0.6235940456390381, 0.6104123592376709, 0.5967238545417786, 0.550646960735321, 0.51633220911026, 0.4787519872188568, 0.4365587830543518, 0.43214043974876404, 0.3954070806503296]"
F1_N1,train_6bba_t45_p19_crowded,train,6bba_bb9f20c3,45,crowded,0.3,2,20,1,1,1,2.7612577378749847,2.7612577378749847,0.9084026217460632,1,0.9084026217460632,1,0.5135591626167297,"[[ 8. 27. 46.]
 [10. 31. 22.]
 [ 4.  5. 46.]
 [22. 33. 14.]
 [18. 45. 22.]
 [ 2. 58. 35.]
 [18. 13. 30.]
 [ 4. 62. 60.]
 [ 5. 15. 14.]
 [ 1. 39. 15.]
 [16. 11.  7.]
 [ 2. 25. 34.]
 [ 1. 62.  4.]
 [16. 11. 20.]
 [ 1.  7. 63.]
 [11.  6.  5.]
 [ 1.  6. 35.]
 [ 6. 38.  3.]
 [ 9.  4. 15.]
 [ 6. 62.  4.]]","[0.7846145629882812, 0.6874189972877502, 0.6184603571891785, 0.5987374186515808, 0.5960833430290222, 0.5849155187606812, 0.563679575920105, 0.5470712780952454, 0.5135591626167297, 0.51154625415802, 0.5055724382400513, 0.5027729272842407, 0.5022377967834473, 0.4998302459716797, 0.4819777011871338, 0.4803413450717926, 0.4534420073032379, 0.4371487498283386, 0.4330318570137024, 0.4097140431404114]"
F1_N1,train_6bba_t15_p20_crowded,train,6bba_bb9f20c3,15,crowded,0.3,2,27,1,1,1,4.767791748046875,4.767791748046875,0.40625,1,0.40625,1,0.6207015514373779,"[[12. 14. 43.]
 [24. 16. 11.]
 [24. 59. 46.]
 [20. 12. 46.]
 [14. 32. 33.]
 [24. 33. 28.]
 [28. 38.  4.]
 [12. 53. 60.]
 [28. 15. 21.]
 [14.  6. 59.]
 [18. 26. 62.]
 [14. 56. 15.]
 [ 9. 42. 41.]
 [13. 59. 44.]
 [15. 19.  7.]
 [12. 55.  4.]
 [ 9. 41.  8.]
 [20. 53. 34.]
 [19. 62. 10.]
 [19.  5.  4.]
 [16.  1. 24.]
 [20. 29.  4.]
 [20. 13. 63.]
 [ 9. 62. 34.]
 [22.  1. 12.]
 [ 3. 61. 63.]
 [ 7. 62. 18.]]","[0.7115820646286011, 0.7044639587402344, 0.6800523400306702, 0.6677091121673584, 0.6207015514373779, 0.6014230847358704, 0.5925439596176147, 0.5665685534477234, 0.5652533173561096, 0.5548572540283203, 0.552455484867096, 0.5432782769203186, 0.5405241250991821, 0.5336917042732239, 0.5330607295036316, 0.514534056186676, 0.5102131962776184, 0.49441275000572205, 0.49184614419937134, 0.46452388167381287, 0.458130806684494, 0.4552138149738312, 0.43431031703948975, 0.419009804725647, 0.3665628433227539, 0.34147295355796814, 0.3292102515697479]"
F1_N1,train_6bba_t30_p21_crowded,train,6bba_bb9f20c3,30,crowded,0.3,3,29,2,3,3,0.6990584135055542,0.8125,0.6990584135055542,3,0.6990584135055542,3,0.6474969387054443,"[[22. 13.  5.]
 [14. 42. 54.]
 [18.  5. 22.]
 [16. 32. 28.]
 [20. 29. 43.]
 [24. 21. 19.]
 [ 8. 31. 50.]
 [19. 60. 40.]
 [10. 51. 56.]
 [11. 59. 21.]
 [ 9. 59. 32.]
 [24. 60. 14.]
 [12. 35. 12.]
 [ 5. 62. 58.]
 [25. 60.  4.]
 [16. 32.  4.]
 [ 5. 11. 50.]
 [14. 10. 59.]
 [18.  5. 42.]
 [11. 16.  5.]
 [ 1. 38. 59.]
 [14. 18. 47.]
 [ 5. 43. 30.]
 [ 9. 59.  4.]
 [ 3. 25. 36.]
 [15. 62.  4.]
 [24.  4. 44.]
 [11.  1. 44.]
 [25. 62. 42.]]","[0.6966723203659058, 0.6954838633537292, 0.683025062084198, 0.6819940805435181, 0.6075764894485474, 0.5960103869438171, 0.591510534286499, 0.577086865901947, 0.5746095180511475, 0.5638244152069092, 0.558282732963562, 0.5521836876869202, 0.5423615574836731, 0.5399261713027954, 0.5338993668556213, 0.5198323130607605, 0.4965062439441681, 0.4928607940673828, 0.49039164185523987, 0.4826188087463379, 0.48259371519088745, 0.47981271147727966, 0.4682106375694275, 0.4472505450248718, 0.4210796356201172, 0.38671180605888367, 0.3781293034553528, 0.354709655046463, 0.3017658293247223]"
F1_N1,train_6bba_t50_p22_crowded,train,6bba_bb9f20c3,50,crowded,0.3,2,20,1,1,2,1.7706017196178436,1.7706017196178436,0.9084026217460632,1,1.7706017196178436,2,0.6303932666778564,"[[20. 24. 48.]
 [14. 25. 49.]
 [16. 33. 14.]
 [18. 11. 24.]
 [24. 37. 22.]
 [ 8. 51. 56.]
 [12. 56. 13.]
 [22.  4. 10.]
 [28. 15. 24.]
 [30. 36. 29.]
 [14.  6. 63.]
 [13. 46. 33.]
 [29. 25. 34.]
 [21. 23.  4.]
 [29. 52. 28.]
 [14. 62. 38.]
 [ 9. 62. 36.]
 [28. 21.  4.]
 [19. 62.  4.]
 [ 7. 36.  4.]]","[0.7485210299491882, 0.6788535714149475, 0.6303932666778564, 0.598116397857666, 0.5932156443595886, 0.5772042870521545, 0.5509300827980042, 0.5447820425033569, 0.5300558805465698, 0.5054699778556824, 0.5032341480255127, 0.5026720762252808, 0.48823636770248413, 0.46855783462524414, 0.45388227701187134, 0.4380829334259033, 0.4370957016944885, 0.42906373739242554, 0.3994584381580353, 0.3793674409389496]"
F1_N1,train_6bba_t10_p23_crowded,train,6bba_bb9f20c3,10,crowded,0.3,3,26,3,3,3,0.7410184144973755,0.9084026217460632,0.7410184144973755,3,0.7410184144973755,3,0.6146176258722941,"[[26. 15. 22.]
 [10. 43. 50.]
 [16. 31. 26.]
 [ 2. 22. 59.]
 [16. 29. 52.]
 [12. 13. 57.]
 [22. 11.  6.]
 [28. 47. 15.]
 [23. 60. 13.]
 [23. 60. 39.]
 [ 8. 54. 17.]
 [ 4. 48. 47.]
 [16. 59. 36.]
 [22. 31. 36.]
 [10. 17. 35.]
 [ 7. 38. 35.]
 [15. 11.  4.]
 [12. 43.  4.]
 [16.  3. 30.]
 [22. 34. 62.]
 [10. 19.  4.]
 [11. 62.  4.]
 [17.  4. 52.]
 [ 3. 62.  6.]
 [ 1. 39. 14.]
 [ 3. 62. 59.]]","[0.8155678510665894, 0.7797050476074219, 0.7048124074935913, 0.6790720224380493, 0.6635972857475281, 0.6365380883216858, 0.6298601627349854, 0.599242091178894, 0.5878587365150452, 0.5837938189506531, 0.5659201145172119, 0.5511817336082458, 0.5401469469070435, 0.5244280099868774, 0.5083357691764832, 0.5057898163795471, 0.49856480956077576, 0.49286705255508423, 0.4737450182437897, 0.44430264830589294, 0.4209635853767395, 0.41114214062690735, 0.3756929039955139, 0.3290082812309265, 0.3003810942173004, 0.3003275692462921]"
F1_N1,train_6bba_t10_p24_crowded,train,6bba_bb9f20c3,10,crowded,0.3,2,24,1,2,2,0.7323775887489319,0.7323775887489319,0.7323775887489319,2,0.7323775887489319,2,0.6857783198356628,"[[16. 32. 32.]
 [22. 30. 22.]
 [10.  4. 58.]
 [20. 15.  8.]
 [12.  5. 20.]
 [18.  5. 26.]
 [12. 46. 59.]
 [ 4. 32. 59.]
 [10. 25. 44.]
 [20.  7. 56.]
 [18. 46.  4.]
 [27. 61. 47.]
 [14. 57. 34.]
 [ 7. 59. 11.]
 [ 8. 62. 58.]
 [22. 59. 38.]
 [21. 62.  4.]
 [26. 41.  4.]
 [ 6. 17. 30.]
 [10. 34.  7.]
 [ 5. 46. 37.]
 [ 1. 61. 63.]
 [17. 21. 63.]
 [24.  1. 36.]]","[0.7133931517601013, 0.6808339357376099, 0.6581634879112244, 0.6291491389274597, 0.6256266832351685, 0.6206353306770325, 0.6136254668235779, 0.603270411491394, 0.5985872745513916, 0.5863909125328064, 0.5818052291870117, 0.578270673751831, 0.5711619257926941, 0.5378491878509521, 0.5204365849494934, 0.5133890509605408, 0.5059757232666016, 0.5006193518638611, 0.49665403366088867, 0.4909641742706299, 0.4840146601200104, 0.3653967082500458, 0.3601788878440857, 0.33892858028411865]"
F1_N1,train_6bba_t10_p25_isolated,train,6bba_bb9f20c3,10,isolated,0.3,1,19,1,1,1,0.40625,0.40625,0.40625,1,0.40625,1,0.5903353691101074,"[[10. 19.  8.]
 [10. 41. 48.]
 [14. 51. 18.]
 [16.  6. 50.]
 [16. 17. 12.]
 [14. 36. 59.]
 [18. 44. 26.]
 [ 3. 59.  6.]
 [ 7. 61. 56.]
 [ 6. 43. 19.]
 [ 8. 14. 59.]
 [10.  4. 32.]
 [ 7. 31. 32.]
 [ 3. 62. 34.]
 [10. 42. 19.]
 [11. 59. 32.]
 [ 2. 56. 63.]
 [ 5. 32. 53.]
 [17. 42.  3.]]","[0.7844958901405334, 0.7764256000518799, 0.7219058871269226, 0.7210164666175842, 0.7023739218711853, 0.6714783310890198, 0.6653878092765808, 0.6528450846672058, 0.6447315812110901, 0.633855938911438, 0.60870760679245, 0.594178318977356, 0.5903353691101074, 0.5532881617546082, 0.5531861782073975, 0.5529555082321167, 0.5154010057449341, 0.4875892400741577, 0.3433602750301361]"
F1_N1,train_6bba_t20_p26_isolated,train,6bba_bb9f20c3,20,isolated,0.3,1,24,0,1,1,1.9902104139328003,1.9902104139328003,1.9902104139328003,1,1.9902104139328003,1,0.6791019439697266,"[[14. 32. 59.]
 [10. 33. 56.]
 [16.  9. 58.]
 [ 6. 34. 34.]
 [14. 13. 10.]
 [14. 34. 29.]
 [16. 52. 20.]
 [18. 30. 27.]
 [ 8. 13. 44.]
 [ 4.  4. 24.]
 [ 7. 61. 21.]
 [28. 16. 22.]
 [14. 62. 59.]
 [20. 31.  6.]
 [24. 14.  6.]
 [ 7. 59. 46.]
 [ 9. 59.  4.]
 [ 3. 31. 14.]
 [ 1. 35. 46.]
 [ 2.  7. 58.]
 [13. 41.  4.]
 [14.  3. 32.]
 [17. 62. 33.]
 [ 1. 62. 12.]]","[0.7569069266319275, 0.7449999451637268, 0.6877453923225403, 0.6791019439697266, 0.6611159443855286, 0.6504955291748047, 0.6497642397880554, 0.6440587043762207, 0.6163374781608582, 0.615668773651123, 0.5934447050094604, 0.5883327722549438, 0.555534303188324, 0.5433008074760437, 0.5377731919288635, 0.5109401941299438, 0.48949265480041504, 0.48192253708839417, 0.47669142484664917, 0.4667096734046936, 0.42433977127075195, 0.40146708488464355, 0.36277514696121216, 0.34694793820381165]"
F1_N1,train_6bba_t35_p27_isolated,train,6bba_bb9f20c3,35,isolated,0.3,1,25,1,1,1,0.9084026217460632,0.9084026217460632,0.9084026217460632,1,0.9084026217460632,1,0.6208682656288147,"[[16. 27. 30.]
 [12. 45. 58.]
 [20. 29. 46.]
 [20. 30. 10.]
 [16.  5. 48.]
 [10. 33. 30.]
 [24. 19. 31.]
 [14. 50.  4.]
 [ 7. 62. 23.]
 [ 8. 35. 62.]
 [18. 50. 26.]
 [10.  7.  4.]
 [ 4. 39. 46.]
 [ 5. 11. 24.]
 [ 8.  4. 46.]
 [12.  3. 63.]
 [14.  4. 28.]
 [ 1. 60. 23.]
 [13. 21. 10.]
 [ 1. 27. 58.]
 [14. 35.  6.]
 [ 7. 35. 10.]
 [ 8. 48. 41.]
 [ 5. 62. 59.]
 [ 1. 62.  4.]]","[0.7410749197006226, 0.6705827713012695, 0.669868528842926, 0.6421974897384644, 0.6284653544425964, 0.6208682656288147, 0.5517268776893616, 0.5508512854576111, 0.54576176404953, 0.5325153470039368, 0.5297438502311707, 0.5278517007827759, 0.5070039629936218, 0.49910473823547363, 0.49110880494117737, 0.4733388125896454, 0.4718499183654785, 0.45978403091430664, 0.4561462104320526, 0.44371792674064636, 0.43960607051849365, 0.4253237843513489, 0.38864120841026306, 0.3879272937774658, 0.364699125289917]"
F1_N1,train_6bba_t40_p28_isolated,train,6bba_bb9f20c3,40,isolated,0.3,1,29,0,0,1,2.3688242435455322,2.3688242435455322,,0,2.3688242435455322,1,,"[[20. 14. 32.]
 [14. 16. 19.]
 [20. 42. 10.]
 [24. 19. 11.]
 [ 8.  7.  4.]
 [ 6. 14. 31.]
 [12. 23. 59.]
 [18. 21. 50.]
 [ 2. 23. 59.]
 [16. 41. 35.]
 [14. 56. 15.]
 [22. 51. 30.]
 [14.  6. 39.]
 [ 4. 43. 22.]
 [ 9. 43. 46.]
 [19. 62. 38.]
 [ 3. 60. 35.]
 [ 3. 59.  4.]
 [12. 50. 63.]
 [14. 51. 44.]
 [25. 55. 59.]
 [16. 37.  4.]
 [22.  4. 59.]
 [13.  7. 59.]
 [ 1. 38. 41.]
 [11. 47. 23.]
 [24.  4.  9.]
 [23. 62.  4.]
 [15.  4.  4.]]","[0.7295565009117126, 0.6828586459159851, 0.6580161452293396, 0.6217092871665955, 0.5952141880989075, 0.5848652720451355, 0.5775033235549927, 0.550093412399292, 0.5353320240974426, 0.5037338137626648, 0.4997933804988861, 0.49409183859825134, 0.4851256310939789, 0.48183685541152954, 0.4777389168739319, 0.46850571036338806, 0.45913922786712646, 0.45500072836875916, 0.44850289821624756, 0.4377250373363495, 0.4335038363933563, 0.4230726361274719, 0.4144704341888428, 0.41060370206832886, 0.4021272659301758, 0.39624035358428955, 0.3953920602798462, 0.38185885548591614, 0.35457178950309753]"
F1_N1,train_6bba_t25_p29_isolated,train,6bba_bb9f20c3,25,isolated,0.3,1,29,0,0,0,6.512682914733887,6.512682914733887,,0,,0,,"[[18. 32. 33.]
 [18.  7. 47.]
 [14. 13. 18.]
 [22. 39. 13.]
 [18. 39.  5.]
 [ 6.  5. 20.]
 [24. 50. 44.]
 [18. 11. 12.]
 [14. 49. 34.]
 [22. 39. 59.]
 [26. 27. 44.]
 [22. 62. 26.]
 [ 4. 22. 55.]
 [16. 45. 59.]
 [ 8. 37. 48.]
 [ 8. 19. 59.]
 [ 9. 62. 14.]
 [ 5. 43. 20.]
 [ 2. 49. 54.]
 [12. 21. 63.]
 [ 8. 49. 63.]
 [10.  3. 42.]
 [ 9. 35. 14.]
 [12. 39. 62.]
 [ 5. 62.  8.]
 [13. 33.  8.]
 [15. 54.  4.]
 [28. 35.  4.]
 [25.  4. 10.]]","[0.7384594082832336, 0.6838011145591736, 0.6643552780151367, 0.6278194785118103, 0.6190191507339478, 0.6171661615371704, 0.6032289266586304, 0.5642733573913574, 0.5606434345245361, 0.5470182299613953, 0.5459741353988647, 0.5300278067588806, 0.5283765196800232, 0.5216538310050964, 0.503994345664978, 0.4975428283214569, 0.49552711844444275, 0.48703476786613464, 0.48559141159057617, 0.47727444767951965, 0.4686485230922699, 0.46538233757019043, 0.4627501964569092, 0.45641976594924927, 0.4520723819732666, 0.4363131523132324, 0.41827836632728577, 0.3900110125541687, 0.3574388921260834]"
F1_N1,train_6bba_t25_p30_isolated,train,6bba_bb9f20c3,25,isolated,0.3,1,17,0,0,0,3.0939078330993652,3.0939078330993652,,0,,0,,"[[20. 32. 33.]
 [26. 19.  8.]
 [16. 22. 15.]
 [20. 61. 50.]
 [18. 41. 62.]
 [16.  7. 46.]
 [14. 30. 43.]
 [16. 51. 12.]
 [16. 58. 39.]
 [12. 51. 39.]
 [11. 35. 25.]
 [11. 55. 20.]
 [ 9. 50. 63.]
 [21. 62.  4.]
 [27.  1.  4.]
 [23.  1.  4.]
 [22.  2. 63.]]","[0.8502212762832642, 0.7802980542182922, 0.7546241283416748, 0.7227779030799866, 0.7218449711799622, 0.6624717116355896, 0.6436189413070679, 0.6269716024398804, 0.5964019894599915, 0.5912743806838989, 0.5569614768028259, 0.5192620158195496, 0.5097034573554993, 0.45601293444633484, 0.4360266625881195, 0.3796861171722412, 0.30272600054740906]"
F1_N1,train_6bba_t45_p31_isolated,train,6bba_bb9f20c3,45,isolated,0.3,1,18,0,0,0,3.5648293495178223,3.5648293495178223,,0,,0,,"[[18.  7. 58.]
 [ 8. 25. 58.]
 [20. 32.  6.]
 [22.  9.  4.]
 [12. 57. 58.]
 [10. 50. 33.]
 [14. 15.  6.]
 [18. 27. 16.]
 [ 5. 62. 40.]
 [16. 34. 42.]
 [ 7. 47. 58.]
 [ 8. 55.  4.]
 [ 7. 27. 38.]
 [11. 15. 24.]
 [13. 62.  6.]
 [ 3. 62. 63.]
 [ 5. 62. 24.]
 [18. 53.  3.]]","[0.861502468585968, 0.8131799101829529, 0.7454174160957336, 0.7447696924209595, 0.7028911113739014, 0.7009121775627136, 0.6978449821472168, 0.6821917295455933, 0.656710684299469, 0.6418240070343018, 0.6160835027694702, 0.5943625569343567, 0.5697814226150513, 0.5572806000709534, 0.5245019793510437, 0.48405593633651733, 0.46064454317092896, 0.37511324882507324]"
F1_N1,train_6bba_t30_p32_isolated,train,6bba_bb9f20c3,30,isolated,0.3,1,17,1,1,1,0.40625,0.40625,0.40625,1,0.40625,1,0.5659489631652832,"[[20.  7. 32.]
 [28. 13. 28.]
 [24. 35. 28.]
 [20. 49. 14.]
 [11. 59. 10.]
 [20. 26.  7.]
 [11. 39. 46.]
 [19. 60. 45.]
 [16. 32. 29.]
 [18.  6. 21.]
 [24.  7.  4.]
 [31. 45. 28.]
 [ 7. 61. 59.]
 [24.  1. 24.]
 [ 5. 51. 63.]
 [ 7. 37.  4.]
 [ 7. 62. 28.]]","[0.6879374384880066, 0.6861698627471924, 0.6684830188751221, 0.6373358368873596, 0.6153441667556763, 0.6031017899513245, 0.596907913684845, 0.5758983492851257, 0.5659489631652832, 0.5655691027641296, 0.5271115899085999, 0.5259406566619873, 0.5072028636932373, 0.47485607862472534, 0.4069364070892334, 0.35009968280792236, 0.3211345374584198]"
F1_N1,train_6bba_t55_p33_isolated,train,6bba_bb9f20c3,55,isolated,0.3,1,14,0,0,0,5.915089130401611,5.915089130401611,,0,,0,,"[[ 8.  7. 50.]
 [ 6. 31. 48.]
 [16. 46. 27.]
 [ 2. 39. 56.]
 [10. 43. 19.]
 [ 6. 14. 11.]
 [ 4. 41.  5.]
 [ 1. 19. 35.]
 [16. 23. 12.]
 [18. 17. 30.]
 [ 1. 47. 18.]
 [11. 62.  4.]
 [15.  1. 10.]
 [ 6. 51. 36.]]","[0.7830839157104492, 0.7774589657783508, 0.6869440078735352, 0.681704580783844, 0.6347981691360474, 0.6316871047019958, 0.5918981432914734, 0.5877101421356201, 0.5689690709114075, 0.5631700158119202, 0.4816758334636688, 0.3942320942878723, 0.39404380321502686, 0.37958547472953796]"
F1_N1,train_6bba_t25_p34_isolated,train,6bba_bb9f20c3,25,isolated,0.3,1,19,0,0,1,2.8726212978363037,2.8726212978363037,,0,2.8726212978363037,1,,"[[18.  6. 32.]
 [24. 39. 24.]
 [28. 11. 28.]
 [18. 58. 37.]
 [11. 44. 39.]
 [11. 59.  5.]
 [18. 31.  6.]
 [18. 58.  6.]
 [17. 27. 20.]
 [ 3. 60. 59.]
 [31. 51. 19.]
 [17. 14. 11.]
 [24.  9.  3.]
 [11. 39. 57.]
 [ 7. 29.  4.]
 [ 1. 62.  6.]
 [ 1. 62. 14.]
 [19.  1. 54.]
 [ 1. 62. 22.]]","[0.742691159248352, 0.7375718951225281, 0.7040473222732544, 0.6284133195877075, 0.609671950340271, 0.6095234155654907, 0.6065860390663147, 0.6063863039016724, 0.5750011205673218, 0.570728063583374, 0.5614678859710693, 0.5570558905601501, 0.48992255330085754, 0.47693005204200745, 0.41023024916648865, 0.36265090107917786, 0.3588109314441681, 0.3501170873641968, 0.34423455595970154]"
F1_N1,train_6bba_t25_p35_isolated,train,6bba_bb9f20c3,25,isolated,0.3,1,19,0,0,0,4.394265651702881,4.394265651702881,,0,,0,,"[[16. 37. 12.]
 [10. 13. 37.]
 [ 6. 27. 60.]
 [10. 62. 58.]
 [10. 46. 35.]
 [12. 59. 12.]
 [ 4. 51. 30.]
 [ 8. 21.  8.]
 [ 7. 41.  4.]
 [ 3. 12. 19.]
 [ 2. 16. 59.]
 [ 1.  9. 46.]
 [ 7. 62. 46.]
 [ 3.  7.  6.]
 [ 3. 62.  6.]
 [14.  1.  4.]
 [12.  1. 14.]
 [ 9.  1.  4.]
 [ 8.  1. 62.]]","[0.793407142162323, 0.7482790946960449, 0.7190775871276855, 0.703525722026825, 0.6483961939811707, 0.6226559281349182, 0.5248907804489136, 0.523167073726654, 0.5148153901100159, 0.5077235102653503, 0.5061358213424683, 0.47852346301078796, 0.46636858582496643, 0.4612498879432678, 0.4488091766834259, 0.44597765803337097, 0.4348779618740082, 0.40951594710350037, 0.3086552917957306]"
F1_N1,train_6bba_t15_p36_isolated,train,6bba_bb9f20c3,15,isolated,0.3,1,23,0,0,0,3.374565839767456,3.374565839767456,,0,,0,,"[[20. 29. 25.]
 [10. 39. 57.]
 [22. 47. 12.]
 [14. 33. 30.]
 [18. 53. 22.]
 [ 8. 22. 40.]
 [ 4. 43. 53.]
 [ 7. 59. 22.]
 [16. 11. 10.]
 [10. 37. 22.]
 [ 6. 20. 31.]
 [ 4. 62. 55.]
 [16. 45.  7.]
 [10. 62. 54.]
 [ 4. 18. 53.]
 [ 1. 59. 32.]
 [13. 60. 14.]
 [ 6.  9. 16.]
 [ 5. 41.  4.]
 [ 9. 59.  4.]
 [24.  4. 36.]
 [12.  1. 48.]
 [11. 18.  3.]]","[0.7585330605506897, 0.7282782793045044, 0.6923773288726807, 0.6890801191329956, 0.6731166839599609, 0.6540428400039673, 0.614664614200592, 0.6117884516716003, 0.6082702279090881, 0.5686743855476379, 0.5522863864898682, 0.5465796589851379, 0.5407998561859131, 0.5259835124015808, 0.5169551968574524, 0.49551984667778015, 0.4747260510921478, 0.47390058636665344, 0.4662152826786041, 0.4327869713306427, 0.427426815032959, 0.3093011677265167, 0.3058033585548401]"
F1_N1,train_6bba_t50_p37_isolated,train,6bba_bb9f20c3,50,isolated,0.3,1,19,1,1,1,0.40625,0.40625,0.40625,1,0.40625,1,0.7794413566589355,"[[18.  7. 30.]
 [16. 33. 32.]
 [16. 39.  6.]
 [14. 51. 48.]
 [16. 59. 10.]
 [14.  6. 21.]
 [ 9. 60. 59.]
 [12. 29. 63.]
 [12.  4. 47.]
 [12. 55. 26.]
 [16.  7. 63.]
 [ 4. 55. 20.]
 [ 9. 51.  4.]
 [11. 22. 23.]
 [ 6. 38. 55.]
 [ 6. 54. 37.]
 [16. 11.  4.]
 [ 7. 34. 38.]
 [24.  7.  3.]]","[0.8169070482254028, 0.7794413566589355, 0.6747624278068542, 0.6622122526168823, 0.6401985287666321, 0.6265274286270142, 0.6062194108963013, 0.6027673482894897, 0.5871310830116272, 0.5805887579917908, 0.5545435547828674, 0.5479113459587097, 0.5391165614128113, 0.5389117002487183, 0.5369665026664734, 0.5301859974861145, 0.4911646544933319, 0.4600354731082916, 0.42436689138412476]"
F1_N1,train_6bba_t50_p38_isolated,train,6bba_bb9f20c3,50,isolated,0.3,1,24,1,1,1,0.40625,0.40625,0.40625,1,0.40625,1,0.5315825939178467,"[[16. 17. 59.]
 [20. 25. 20.]
 [12. 33. 42.]
 [22. 46.  6.]
 [18. 30. 37.]
 [18. 59. 30.]
 [10. 51. 18.]
 [14.  7. 38.]
 [10. 51. 54.]
 [15. 62.  8.]
 [19. 61. 58.]
 [ 2. 47. 54.]
 [ 6. 32. 31.]
 [12. 20. 15.]
 [14. 22.  5.]
 [ 8.  7. 30.]
 [ 7. 47.  6.]
 [14. 62. 54.]
 [ 8. 36. 55.]
 [ 2. 49. 34.]
 [13.  4.  4.]
 [ 8.  1. 52.]
 [ 1. 23. 63.]
 [25. 62.  8.]]","[0.7476574778556824, 0.6701309680938721, 0.668607234954834, 0.6555706262588501, 0.6543769836425781, 0.6027204394340515, 0.5715072154998779, 0.5705161094665527, 0.5587329268455505, 0.5406056642532349, 0.5386956930160522, 0.5330259799957275, 0.5315825939178467, 0.5286117196083069, 0.523219645023346, 0.5200228095054626, 0.5168458819389343, 0.49210166931152344, 0.48819079995155334, 0.43209755420684814, 0.42612898349761963, 0.39606261253356934, 0.35122179985046387, 0.3021889925003052]"
F1_N1,train_6bba_t30_p39_isolated,train,6bba_bb9f20c3,30,isolated,0.3,1,26,1,1,1,0.40625,0.40625,0.40625,1,0.40625,1,0.6500594615936279,"[[18. 29. 31.]
 [12. 33. 32.]
 [12.  9. 20.]
 [16. 46. 59.]
 [12. 31. 58.]
 [18.  4. 45.]
 [12. 49. 34.]
 [ 6.  5. 28.]
 [20. 32. 10.]
 [16. 33.  6.]
 [20. 61. 22.]
 [24. 32. 44.]
 [16. 51.  4.]
 [ 3. 26. 57.]
 [22. 17. 49.]
 [ 9. 38. 14.]
 [ 1. 53. 55.]
 [ 4. 49. 19.]
 [ 7. 35. 46.]
 [11. 62. 18.]
 [ 3. 59.  4.]
 [ 9. 13. 63.]
 [ 7. 62. 56.]
 [18.  7.  9.]
 [ 8. 49. 63.]
 [14.  3. 63.]]","[0.693658173084259, 0.6500594615936279, 0.6468129754066467, 0.6353470087051392, 0.6196291446685791, 0.6161952614784241, 0.6088270545005798, 0.599822461605072, 0.5922042727470398, 0.5780086517333984, 0.5686240792274475, 0.5531007647514343, 0.5444693565368652, 0.5217686891555786, 0.49302637577056885, 0.4894000291824341, 0.4865981638431549, 0.4854111671447754, 0.47062066197395325, 0.45053914189338684, 0.4334392547607422, 0.40715286135673523, 0.395771324634552, 0.3857754170894623, 0.38015374541282654, 0.37265849113464355]"
F1_N1,train_6bba_t20_p40_boundary,train,6bba_bb9f20c3,20,boundary,0.3,1,20,1,1,1,0.9084026217460632,0.9084026217460632,0.9084026217460632,1,0.9084026217460632,1,0.6397441625595093,"[[24. 11. 23.]
 [16. 16. 15.]
 [16. 59. 44.]
 [14. 55. 32.]
 [ 5. 59. 49.]
 [20. 24.  5.]
 [ 7. 62. 28.]
 [10. 39. 28.]
 [16. 57.  4.]
 [12. 46. 62.]
 [30. 43.  6.]
 [30. 61.  5.]
 [ 8. 33. 50.]
 [20.  4.  5.]
 [ 9. 61.  7.]
 [ 5. 17.  6.]
 [11. 62. 24.]
 [ 5. 43.  6.]
 [ 3. 59. 12.]
 [16.  1. 36.]]","[0.646608829498291, 0.6397441625595093, 0.6236417889595032, 0.6198402643203735, 0.6138550639152527, 0.593568742275238, 0.5876200199127197, 0.5856381058692932, 0.5823007822036743, 0.564730167388916, 0.5216860771179199, 0.5151268839836121, 0.5115261077880859, 0.4679136574268341, 0.45590776205062866, 0.45114168524742126, 0.44991472363471985, 0.4209521412849426, 0.4071289896965027, 0.3790034055709839]"
F1_N1,train_6bba_t55_p41_boundary,train,6bba_bb9f20c3,55,boundary,0.3,1,17,0,0,0,4.241374492645264,4.241374492645264,,0,,0,,"[[ 8. 35. 54.]
 [ 3. 23. 29.]
 [ 5. 41.  7.]
 [16. 28. 23.]
 [12.  7.  4.]
 [ 6.  6. 35.]
 [16. 12. 43.]
 [10.  7. 11.]
 [18. 12. 29.]
 [ 0. 43. 41.]
 [ 2.  5. 30.]
 [ 1. 62. 28.]
 [ 1. 59.  1.]
 [ 4.  3. 63.]
 [ 2. 11. 14.]
 [ 1. 27. 63.]
 [ 1. 62. 58.]]","[0.8206207752227783, 0.6612910628318787, 0.647905170917511, 0.6131610870361328, 0.5900301933288574, 0.5890660285949707, 0.5864196419715881, 0.581189751625061, 0.57586270570755, 0.5660240650177002, 0.5222013592720032, 0.5028821229934692, 0.4934459626674652, 0.4826849102973938, 0.4699432849884033, 0.46090149879455566, 0.32588690519332886]"
F1_N1,train_6bba_t15_p42_boundary,train,6bba_bb9f20c3,15,boundary,0.3,1,22,1,1,1,0.8125,0.8125,0.8125,1,0.8125,1,0.817724347114563,"[[16.  6. 20.]
 [22.  9. 31.]
 [22. 33.  4.]
 [12. 45. 58.]
 [14. 10.  7.]
 [ 5. 51. 47.]
 [ 7. 51. 27.]
 [ 8. 25. 56.]
 [13. 59. 19.]
 [16. 31. 38.]
 [11. 20. 37.]
 [ 9. 62.  5.]
 [14. 61. 49.]
 [16. 53.  4.]
 [29. 60.  4.]
 [ 5. 11.  5.]
 [ 3. 59. 12.]
 [ 5. 35.  4.]
 [ 9. 62. 56.]
 [ 2. 51. 20.]
 [ 1. 62. 42.]
 [27.  1.  4.]]","[0.817724347114563, 0.7860931754112244, 0.7113597989082336, 0.6828151941299438, 0.607685923576355, 0.6062196493148804, 0.6005586385726929, 0.5965309739112854, 0.5904701948165894, 0.5839306712150574, 0.5774799585342407, 0.570667028427124, 0.5427553057670593, 0.494925320148468, 0.47952884435653687, 0.44317591190338135, 0.4097413420677185, 0.4018550217151642, 0.37561336159706116, 0.3707886338233948, 0.36588582396507263, 0.34717899560928345]"
F1_N1,train_6bba_t55_p43_boundary,train,6bba_bb9f20c3,55,boundary,0.3,1,25,1,1,1,0.9084026217460632,0.9084026217460632,0.9084026217460632,1,0.9084026217460632,1,0.5256505608558655,"[[14.  9. 56.]
 [16. 44. 36.]
 [16. 18. 30.]
 [12. 39. 36.]
 [10. 42. 56.]
 [14. 20. 15.]
 [10. 23. 44.]
 [17. 60. 52.]
 [ 8. 42. 25.]
 [18. 35.  4.]
 [21. 61.  7.]
 [10. 53.  6.]
 [18. 13. 14.]
 [ 5. 58. 43.]
 [ 2. 39. 58.]
 [ 3. 53.  6.]
 [10.  7. 16.]
 [ 3. 31. 30.]
 [ 5.  5. 32.]
 [ 4. 17. 58.]
 [12.  9.  4.]
 [ 9.  5.  4.]
 [ 3.  4. 53.]
 [ 7. 61. 59.]
 [ 1. 61. 59.]]","[0.7641280293464661, 0.7274442315101624, 0.6812244057655334, 0.6695334911346436, 0.6631748676300049, 0.6581625938415527, 0.656479001045227, 0.6308918595314026, 0.6043781042098999, 0.6035292148590088, 0.5850144624710083, 0.5797015428543091, 0.567671537399292, 0.564071536064148, 0.5295056104660034, 0.5277782082557678, 0.5263538956642151, 0.5256505608558655, 0.5060445666313171, 0.4970802962779999, 0.4693569839000702, 0.4469785988330841, 0.4457657039165497, 0.4444774091243744, 0.3335748612880707]"
F1_N1,train_44b6_t40_p01_crowded,train,44b6_d29c9ab2,40,crowded,0.3,2,32,0,2,2,1.8392382860183716,1.8392382860183716,1.8392382860183716,2,1.8392382860183716,2,0.5634317100048065,"[[12. 17. 40.]
 [ 8. 31. 29.]
 [18. 31.  4.]
 [ 6. 15. 56.]
 [ 2. 33. 30.]
 [20.  5. 54.]
 [22. 28. 59.]
 [18. 55. 40.]
 [18. 21. 44.]
 [ 4. 51. 26.]
 [22. 46. 58.]
 [24. 39. 27.]
 [16. 33. 34.]
 [14. 57. 38.]
 [28. 30. 47.]
 [24. 18. 18.]
 [31. 18. 59.]
 [28. 57. 46.]
 [28. 21. 20.]
 [ 7. 62. 30.]
 [28. 47. 11.]
 [31. 41. 58.]
 [ 5. 45. 62.]
 [23. 62. 26.]
 [ 6. 24.  4.]
 [10. 15.  4.]
 [25. 61. 63.]
 [10.  1. 16.]
 [31.  1. 32.]
 [20.  1.  4.]
 [10.  1. 54.]
 [24.  1. 24.]]","[0.7371212840080261, 0.7160022258758545, 0.6918019652366638, 0.6892640590667725, 0.6822090744972229, 0.6608127355575562, 0.6382232904434204, 0.6361954808235168, 0.6232588291168213, 0.6135485768318176, 0.610479474067688, 0.6088095903396606, 0.5962551832199097, 0.5863111615180969, 0.5575565099716187, 0.548326849937439, 0.5481682419776917, 0.5381218791007996, 0.5306082367897034, 0.5214166045188904, 0.48313549160957336, 0.46300357580184937, 0.44783854484558105, 0.4449704587459564, 0.42948049306869507, 0.4245235025882721, 0.40016821026802063, 0.37806984782218933, 0.3768148720264435, 0.35193517804145813, 0.34333595633506775, 0.3345542550086975]"
F1_N1,train_44b6_t45_p02_crowded,train,44b6_d29c9ab2,45,crowded,0.3,2,26,1,2,2,0.861786425113678,0.861786425113678,0.861786425113678,2,0.861786425113678,2,0.6411454081535339,"[[20. 27. 56.]
 [ 4. 39. 13.]
 [ 6. 14. 22.]
 [ 8. 37. 32.]
 [16.  7. 42.]
 [14. 43. 51.]
 [22. 13. 12.]
 [24. 20. 37.]
 [30. 22. 49.]
 [11. 61. 34.]
 [30. 42.  9.]
 [16. 50. 33.]
 [20. 39. 22.]
 [30. 18. 18.]
 [31. 34. 55.]
 [31.  4. 21.]
 [29. 59. 18.]
 [21. 37.  4.]
 [14. 36.  3.]
 [15. 57.  8.]
 [ 4. 62. 14.]
 [31. 47. 59.]
 [30. 50. 40.]
 [21. 61. 63.]
 [26. 47.  4.]
 [27.  1. 36.]]","[0.8225614428520203, 0.793350100517273, 0.7851724624633789, 0.7821434140205383, 0.778685986995697, 0.7542642951011658, 0.7052993774414062, 0.7021188735961914, 0.695867657661438, 0.6497262716293335, 0.6376125812530518, 0.6325645446777344, 0.6102669835090637, 0.5914727449417114, 0.5801410675048828, 0.5611501932144165, 0.5582613945007324, 0.5477217435836792, 0.5456176400184631, 0.535503089427948, 0.5113707184791565, 0.49847176671028137, 0.46537187695503235, 0.42738261818885803, 0.356076717376709, 0.3541969656944275]"
F1_N1,train_44b6_t55_p03_crowded,train,44b6_d29c9ab2,55,crowded,0.3,3,29,2,3,3,0.9474818706512451,0.5745242834091187,0.9474818706512451,3,0.9474818706512451,3,0.6130061149597168,"[[20.  9. 14.]
 [18. 39. 11.]
 [ 8. 12. 48.]
 [16. 31. 32.]
 [ 4. 25. 10.]
 [ 6. 49.  7.]
 [10. 53. 50.]
 [22. 44. 18.]
 [16. 55. 28.]
 [10. 24. 27.]
 [28. 48.  8.]
 [30. 19. 59.]
 [26. 42. 31.]
 [18. 22. 49.]
 [30. 37. 42.]
 [26. 21. 28.]
 [31. 60. 45.]
 [22.  9. 40.]
 [ 6. 40. 21.]
 [31.  9. 24.]
 [24.  4. 59.]
 [ 4.  3. 28.]
 [ 3. 11. 62.]
 [30.  1. 48.]
 [31. 35. 63.]
 [24. 27.  4.]
 [17. 22. 63.]
 [ 6. 62. 36.]
 [16. 62.  6.]]","[0.7233784794807434, 0.6912057399749756, 0.6872900724411011, 0.6871761679649353, 0.6684849262237549, 0.6576862335205078, 0.6544678807258606, 0.6313404440879822, 0.6311134099960327, 0.5957038402557373, 0.5864120125770569, 0.5681971907615662, 0.561394214630127, 0.5596197247505188, 0.5561383366584778, 0.5385072827339172, 0.537326455116272, 0.5168602466583252, 0.515474796295166, 0.513768196105957, 0.49952730536460876, 0.47100043296813965, 0.44923335313796997, 0.4062676429748535, 0.39242681860923767, 0.3405325412750244, 0.33975091576576233, 0.338454008102417, 0.31502237915992737]"
F1_N1,train_44b6_t40_p04_crowded,train,44b6_d29c9ab2,40,crowded,0.3,3,21,3,3,3,0.2708333333333333,0.40625,0.2708333333333333,3,0.2708333333333333,3,0.7878268162409464,"[[16. 33. 32.]
 [16. 11. 37.]
 [ 4. 34. 28.]
 [10. 50. 40.]
 [12. 39. 56.]
 [ 6. 13. 12.]
 [12. 39. 12.]
 [18. 49. 60.]
 [ 8.  7. 58.]
 [ 8. 18. 43.]
 [12.  3. 20.]
 [ 2. 35. 10.]
 [10. 19.  4.]
 [24. 19. 59.]
 [ 7. 59. 16.]
 [ 2. 31. 54.]
 [ 3. 58. 47.]
 [15. 60.  8.]
 [20.  4. 59.]
 [ 3. 62. 27.]
 [ 4.  1. 44.]]","[0.8516284227371216, 0.8281471729278564, 0.8165256381034851, 0.7329155206680298, 0.7120120525360107, 0.7013139128684998, 0.6964185237884521, 0.695659339427948, 0.6953263878822327, 0.6881821751594543, 0.6337019205093384, 0.6329245567321777, 0.6293777823448181, 0.6181855797767639, 0.6007744669914246, 0.5871654748916626, 0.5808752775192261, 0.577366828918457, 0.5482606887817383, 0.5456485152244568, 0.3947030007839203]"
F1_N1,train_44b6_t15_p05_crowded,train,44b6_d29c9ab2,15,crowded,0.3,3,26,1,3,3,1.4497276544570923,1.6750116348266602,1.4497276544570923,3,1.4497276544570923,3,0.6551083127657572,"[[24.  7. 44.]
 [10. 15. 22.]
 [16. 34. 35.]
 [14. 27. 54.]
 [28. 11. 12.]
 [20. 25. 59.]
 [14. 45. 26.]
 [30. 38. 31.]
 [20. 55.  8.]
 [22. 11. 18.]
 [28. 55. 58.]
 [16. 34.  3.]
 [10. 45. 62.]
 [ 6. 53. 40.]
 [26. 41. 59.]
 [24. 43. 29.]
 [16.  4. 32.]
 [27. 59. 30.]
 [30. 20. 55.]
 [17. 62. 59.]
 [ 2. 45. 17.]
 [ 7. 62. 24.]
 [ 8. 62.  4.]
 [31.  3. 63.]
 [26.  3. 63.]
 [10.  1.  4.]]","[0.7325257658958435, 0.729343831539154, 0.7182211875915527, 0.6920042037963867, 0.6767671704292297, 0.6635623574256897, 0.6463662385940552, 0.6406974196434021, 0.6369783878326416, 0.6330408453941345, 0.6140518188476562, 0.6056063175201416, 0.6007375121116638, 0.5985549092292786, 0.5889996886253357, 0.5872539281845093, 0.581450879573822, 0.5763793587684631, 0.569824755191803, 0.544132649898529, 0.5009111762046814, 0.48345479369163513, 0.4596603810787201, 0.38115617632865906, 0.37423279881477356, 0.32639503479003906]"
F1_N1,train_44b6_t20_p06_crowded,train,44b6_d29c9ab2,20,crowded,0.3,2,31,2,2,2,0.2872621417045593,0.2872621417045593,0.2872621417045593,2,0.2872621417045593,2,0.7620168030261993,"[[20. 28. 42.]
 [10. 27. 24.]
 [16. 27. 32.]
 [18. 51. 44.]
 [24. 49. 58.]
 [22.  5. 52.]
 [12.  5. 36.]
 [24.  6.  6.]
 [26. 23. 26.]
 [ 6.  5. 20.]
 [30. 27. 42.]
 [ 4. 40. 38.]
 [16.  6. 38.]
 [ 2. 34.  6.]
 [24. 27. 60.]
 [30.  6. 44.]
 [14. 53. 28.]
 [28. 39.  8.]
 [ 8. 51.  4.]
 [25. 62.  8.]
 [25. 43. 24.]
 [31. 62. 38.]
 [23. 62. 22.]
 [12. 49. 63.]
 [ 1. 62.  6.]
 [ 9. 62. 52.]
 [29.  3. 63.]
 [23. 62. 50.]
 [22. 29.  1.]
 [31. 15. 27.]
 [12.  4.  4.]]","[0.7852516770362854, 0.757201075553894, 0.7387819290161133, 0.7340942621231079, 0.701134443283081, 0.6906453967094421, 0.6885874271392822, 0.6574739813804626, 0.6569000482559204, 0.645403265953064, 0.6407970190048218, 0.6382004022598267, 0.5706171989440918, 0.5642112493515015, 0.5542105436325073, 0.5471972227096558, 0.5354654788970947, 0.5353691577911377, 0.5334574580192566, 0.5259813666343689, 0.49716904759407043, 0.4351712465286255, 0.4351227879524231, 0.4249660074710846, 0.4153811037540436, 0.39365631341934204, 0.38394543528556824, 0.36628493666648865, 0.33630135655403137, 0.33035293221473694, 0.32263582944869995]"
F1_N1,train_44b6_t40_p07_crowded,train,44b6_d29c9ab2,40,crowded,0.3,2,23,1,2,2,1.38503697514534,1.38503697514534,1.38503697514534,2,1.38503697514534,2,0.667140394449234,"[[12. 17. 46.]
 [ 8. 41. 30.]
 [ 4. 51.  5.]
 [24. 43. 48.]
 [16. 33. 34.]
 [10. 59. 13.]
 [24. 13. 52.]
 [20.  4. 14.]
 [22. 33. 34.]
 [18. 51. 24.]
 [26. 28. 19.]
 [31. 21. 14.]
 [31. 15. 36.]
 [31. 35. 52.]
 [31. 17.  6.]
 [24. 62. 38.]
 [29. 59. 60.]
 [30. 55.  4.]
 [31. 60. 26.]
 [31. 43. 22.]
 [31. 11. 54.]
 [25. 59. 10.]
 [11. 62. 40.]]","[0.8179861903190613, 0.8165770769119263, 0.7219304442405701, 0.7111735343933105, 0.7027006149291992, 0.6677964329719543, 0.6628413200378418, 0.6422451734542847, 0.6315801739692688, 0.602692723274231, 0.5939217209815979, 0.5669847726821899, 0.5663495659828186, 0.5615820288658142, 0.5559936761856079, 0.5544939637184143, 0.5542834401130676, 0.5495959520339966, 0.5408339500427246, 0.5145072937011719, 0.5089392066001892, 0.48452815413475037, 0.30424726009368896]"
F1_N1,train_44b6_t50_p08_crowded,train,44b6_d29c9ab2,50,crowded,0.3,3,32,2,3,3,0.9965547521909078,0.9084026217460632,0.9965547521909078,3,0.9965547521909078,3,0.6439626812934875,"[[18.  7. 22.]
 [ 8. 22. 46.]
 [ 4. 42. 20.]
 [16. 33. 46.]
 [16. 31. 22.]
 [24. 30. 46.]
 [ 6. 43. 46.]
 [26. 49. 58.]
 [20. 10. 55.]
 [26. 30. 21.]
 [12.  5.  6.]
 [14. 45.  4.]
 [16. 55. 52.]
 [ 6.  7.  4.]
 [28.  5. 40.]
 [ 2. 24. 30.]
 [24. 45.  4.]
 [26.  4.  9.]
 [15. 62. 22.]
 [21. 62. 10.]
 [30. 32. 49.]
 [20. 19.  4.]
 [ 6. 12. 63.]
 [30. 47. 17.]
 [16. 17. 60.]
 [20. 47. 28.]
 [30. 55. 63.]
 [24. 46. 48.]
 [11. 53. 63.]
 [29.  3. 63.]
 [ 4.  1. 40.]
 [11. 62.  4.]]","[0.7571306228637695, 0.7289358377456665, 0.6979743838310242, 0.6979444026947021, 0.6778805255889893, 0.6354758143424988, 0.6348259449005127, 0.6260241270065308, 0.625001847743988, 0.5930254459381104, 0.592951774597168, 0.5923360586166382, 0.5798082947731018, 0.5705159306526184, 0.5659379959106445, 0.5522018671035767, 0.5427321195602417, 0.5364347696304321, 0.5347853302955627, 0.5206013321876526, 0.505007803440094, 0.49338552355766296, 0.49031320214271545, 0.45328959822654724, 0.4484998285770416, 0.4455745816230774, 0.42445656657218933, 0.4166126847267151, 0.4160778224468231, 0.36624374985694885, 0.34817469120025635, 0.3189854025840759]"
F1_N1,train_44b6_t10_p09_crowded,train,44b6_d29c9ab2,10,crowded,0.3,2,27,2,2,2,0.609375,0.609375,0.609375,2,0.609375,2,0.7043332755565643,"[[16. 24. 32.]
 [ 6. 49. 33.]
 [14. 47. 35.]
 [10. 19. 15.]
 [14.  7. 45.]
 [12. 49. 16.]
 [ 4. 31. 42.]
 [26. 13. 54.]
 [20.  8. 59.]
 [20. 29. 59.]
 [ 4. 53. 52.]
 [18. 48. 59.]
 [27. 58. 43.]
 [ 8.  6.  6.]
 [30. 35. 57.]
 [30. 16. 54.]
 [20. 51. 16.]
 [26. 13. 18.]
 [22. 25. 26.]
 [21. 62. 48.]
 [15. 62. 59.]
 [18.  1. 22.]
 [22. 41.  1.]
 [ 9. 62. 14.]
 [ 1.  1. 28.]
 [10. 23. 63.]
 [ 1. 37. 27.]]","[0.8024575710296631, 0.7935195565223694, 0.7779682874679565, 0.7661566138267517, 0.7636604309082031, 0.7591361403465271, 0.7488598823547363, 0.7238268852233887, 0.6745023131370544, 0.6731098294258118, 0.6618470549583435, 0.6170056462287903, 0.6062089800834656, 0.5988255143165588, 0.591863751411438, 0.5887627601623535, 0.5786676406860352, 0.57220858335495, 0.54472416639328, 0.5229294300079346, 0.5164834856987, 0.4678013324737549, 0.4632699489593506, 0.4624616205692291, 0.38952404260635376, 0.35241302847862244, 0.3445441722869873]"
F1_N1,train_44b6_t30_p10_crowded,train,44b6_d29c9ab2,30,crowded,0.3,3,32,3,3,3,0.5416666666666666,0.40625,0.5416666666666666,3,0.5416666666666666,3,0.6665191451708475,"[[18. 18. 54.]
 [ 6. 15. 26.]
 [18.  9. 30.]
 [16. 33. 32.]
 [16. 30. 12.]
 [ 8. 27. 46.]
 [ 6. 51.  6.]
 [24. 10. 29.]
 [30. 17. 38.]
 [10. 51. 14.]
 [14. 62. 38.]
 [22. 35. 36.]
 [18. 43. 59.]
 [26. 31. 26.]
 [30. 11. 56.]
 [25. 59. 44.]
 [ 6. 55. 59.]
 [ 6.  3. 47.]
 [21. 54. 13.]
 [13. 62. 22.]
 [ 2. 62. 36.]
 [26.  4. 49.]
 [25. 43.  4.]
 [27. 61. 12.]
 [17. 61. 63.]
 [ 2. 26. 18.]
 [ 4.  4.  4.]
 [30. 49. 18.]
 [ 2. 37. 36.]
 [ 1. 62. 12.]
 [27.  1.  4.]
 [13.  1.  8.]]","[0.7608940601348877, 0.7307333946228027, 0.7297695875167847, 0.7288875579833984, 0.6961050629615784, 0.667668342590332, 0.6095073223114014, 0.6056042909622192, 0.6030015349388123, 0.5994161367416382, 0.5874919891357422, 0.5797098875045776, 0.5770063400268555, 0.572502851486206, 0.5633063316345215, 0.5608755946159363, 0.5417223572731018, 0.529731273651123, 0.5260450839996338, 0.5248182415962219, 0.5202555060386658, 0.49635040760040283, 0.4808960258960724, 0.4792986214160919, 0.4661208391189575, 0.44314730167388916, 0.4314863383769989, 0.41003555059432983, 0.37279564142227173, 0.36646735668182373, 0.32905933260917664, 0.31627601385116577]"
F1_N1,train_44b6_t35_p11_crowded,train,44b6_d29c9ab2,35,crowded,0.3,4,30,4,4,4,0.6159252971410751,0.5745242834091187,0.6159252971410751,4,0.6159252971410751,4,0.7595110684633255,"[[16. 33. 50.]
 [24. 41. 20.]
 [ 2. 45. 22.]
 [26. 29. 38.]
 [30. 15. 58.]
 [18. 11. 59.]
 [14. 13. 44.]
 [10. 50. 39.]
 [ 2. 18. 30.]
 [14. 33. 28.]
 [14. 29.  4.]
 [ 6. 49. 50.]
 [11. 49. 14.]
 [ 2. 29.  4.]
 [20. 54. 51.]
 [22. 14. 19.]
 [31. 39. 52.]
 [28.  5. 22.]
 [21. 52.  5.]
 [17. 58.  5.]
 [27. 61. 63.]
 [26.  1. 48.]
 [13. 60. 63.]
 [ 1. 41. 63.]
 [14.  3.  5.]
 [24. 27. 63.]
 [ 2. 62. 36.]
 [18.  1. 32.]
 [ 3.  1. 26.]
 [25. 62.  4.]]","[0.8267249464988708, 0.793643593788147, 0.7832090258598328, 0.7598831057548523, 0.6924728751182556, 0.6791232824325562, 0.6706641316413879, 0.6679626703262329, 0.6670868396759033, 0.6582924127578735, 0.6532590389251709, 0.6456254720687866, 0.6344667077064514, 0.6240707635879517, 0.6176096796989441, 0.6092711091041565, 0.5894100666046143, 0.5769945979118347, 0.5248406529426575, 0.5183362364768982, 0.5145949721336365, 0.47039687633514404, 0.4566269516944885, 0.4421014189720154, 0.42645731568336487, 0.4222795069217682, 0.3805835545063019, 0.3671729564666748, 0.321461021900177, 0.30584916472435]"
F1_N1,train_44b6_t45_p12_crowded,train,44b6_d29c9ab2,45,crowded,0.3,2,26,1,2,2,0.8375058174133301,0.8375058174133301,0.8375058174133301,2,0.8375058174133301,2,0.6839407682418823,"[[10. 36. 28.]
 [ 6. 35. 20.]
 [16. 32. 32.]
 [10. 23. 50.]
 [20. 15. 44.]
 [24. 10. 46.]
 [24. 37. 40.]
 [23. 60. 45.]
 [26. 45. 58.]
 [30. 31. 19.]
 [25. 62. 11.]
 [31. 62. 24.]
 [30. 53.  4.]
 [12. 59. 14.]
 [20. 51. 26.]
 [20.  3. 14.]
 [31. 35. 55.]
 [31. 10. 32.]
 [31.  8. 47.]
 [28.  1. 15.]
 [ 4. 53.  4.]
 [31. 59. 59.]
 [11. 62. 40.]
 [26. 33.  1.]
 [19.  3. 63.]
 [31. 28.  4.]]","[0.8213860392570496, 0.8138978481292725, 0.7418882250785828, 0.715918779373169, 0.687903881072998, 0.6452929973602295, 0.6259933114051819, 0.5915669798851013, 0.5838529467582703, 0.573928713798523, 0.5645352602005005, 0.5617058873176575, 0.5579965114593506, 0.5556654334068298, 0.5394102931022644, 0.5312954187393188, 0.5265039801597595, 0.5150181651115417, 0.4919319152832031, 0.4663044512271881, 0.45966991782188416, 0.45702630281448364, 0.40636616945266724, 0.3833251893520355, 0.3353981375694275, 0.3140924572944641]"
F1_N1,train_44b6_t25_p13_crowded,train,44b6_d29c9ab2,25,crowded,0.3,2,26,2,2,2,0.4903871417045593,0.4903871417045593,0.4903871417045593,2,0.4903871417045593,2,0.7778774499893188,"[[16. 33. 32.]
 [10. 33. 24.]
 [ 6. 46. 37.]
 [24. 25. 58.]
 [12. 13. 42.]
 [22. 38. 42.]
 [ 2. 37.  7.]
 [26. 47. 54.]
 [18. 53. 36.]
 [28. 29. 24.]
 [22.  5. 46.]
 [30. 13. 40.]
 [31. 32. 39.]
 [28. 21.  4.]
 [29. 56.  7.]
 [24. 49. 14.]
 [14. 57. 18.]
 [ 9. 61.  4.]
 [12. 55. 63.]
 [31. 61. 59.]
 [14.  1.  4.]
 [30.  1. 54.]
 [31.  1. 22.]
 [ 2. 62. 16.]
 [31. 60. 42.]
 [31. 43. 63.]]","[0.8232567310333252, 0.812432050704956, 0.7625746726989746, 0.7600518465042114, 0.7561266422271729, 0.7324981689453125, 0.7152138948440552, 0.6974785923957825, 0.692207396030426, 0.6316078901290894, 0.631351113319397, 0.6107602119445801, 0.5794937610626221, 0.5370151400566101, 0.5250641703605652, 0.5241736769676208, 0.5227144956588745, 0.4991745352745056, 0.4975191056728363, 0.4234139621257782, 0.40641269087791443, 0.3989102840423584, 0.39374828338623047, 0.3923046588897705, 0.3582245111465454, 0.3345601558685303]"
F1_N1,train_44b6_t10_p14_crowded,train,44b6_d29c9ab2,10,crowded,0.3,2,27,2,2,2,0.7414634525775909,0.7414634525775909,0.7414634525775909,2,0.7414634525775909,2,0.7666333913803101,"[[ 6. 36. 11.]
 [14. 37. 24.]
 [22. 12. 44.]
 [16. 11. 30.]
 [24. 38. 59.]
 [22. 25.  8.]
 [12. 11. 19.]
 [ 4. 19. 27.]
 [18. 30. 44.]
 [28. 13. 11.]
 [28. 23. 38.]
 [12. 55. 44.]
 [19. 59. 40.]
 [20. 55.  8.]
 [28. 50. 27.]
 [12. 57. 12.]
 [ 7. 57.  6.]
 [21. 57. 63.]
 [12. 23. 63.]
 [25. 47. 39.]
 [31. 39. 52.]
 [ 1. 47.  4.]
 [28.  1. 38.]
 [ 3. 62.  4.]
 [24.  4.  4.]
 [26. 15. 63.]
 [12. 53. 63.]]","[0.7753546833992004, 0.7686450481414795, 0.7675644755363464, 0.7657023072242737, 0.7613469958305359, 0.7505289316177368, 0.7123351097106934, 0.706573486328125, 0.675513744354248, 0.6465443968772888, 0.6168836951255798, 0.6017729043960571, 0.6009483933448792, 0.5909478664398193, 0.5781201720237732, 0.5622692704200745, 0.5182817578315735, 0.492767870426178, 0.4684982895851135, 0.4600452184677124, 0.452675998210907, 0.4447755217552185, 0.436142235994339, 0.3996707499027252, 0.3977128565311432, 0.39732035994529724, 0.38777658343315125]"
F1_N1,train_44b6_t25_p15_crowded,train,44b6_d29c9ab2,25,crowded,0.3,4,25,3,4,4,0.8489785641431808,0.6573263108730316,0.8489785641431808,4,0.8489785641431808,4,0.7186199575662613,"[[14. 10. 54.]
 [ 2. 33. 38.]
 [16. 33. 59.]
 [12. 19. 18.]
 [26. 19. 50.]
 [20. 46. 20.]
 [10. 47. 20.]
 [ 2. 25. 16.]
 [ 2.  9. 30.]
 [12. 30. 38.]
 [24. 18. 22.]
 [18. 45. 42.]
 [23. 59.  4.]
 [30. 39. 58.]
 [20. 17. 26.]
 [12. 55. 52.]
 [22.  6. 45.]
 [ 3. 59.  4.]
 [15. 55.  6.]
 [19. 62. 43.]
 [ 2. 62. 52.]
 [ 3. 61. 63.]
 [22.  4.  4.]
 [12. 40.  4.]
 [29.  1. 44.]]","[0.7593071460723877, 0.7564879059791565, 0.7525640726089478, 0.7392673492431641, 0.7309805154800415, 0.725147545337677, 0.7022121548652649, 0.6964660882949829, 0.6910884976387024, 0.6846776008605957, 0.663215696811676, 0.6476061344146729, 0.596559464931488, 0.5939520597457886, 0.5829234719276428, 0.5598786473274231, 0.5416306257247925, 0.5309688448905945, 0.5269667506217957, 0.4949478507041931, 0.4689486622810364, 0.4151308536529541, 0.38089072704315186, 0.34838730096817017, 0.3285518288612366]"
F1_N1,train_44b6_t30_p16_crowded,train,44b6_d29c9ab2,30,crowded,0.3,2,26,2,2,2,0.6935121417045593,0.6935121417045593,0.6935121417045593,2,0.6935121417045593,2,0.7056553661823273,"[[ 6. 15. 42.]
 [20. 43. 50.]
 [16. 34. 32.]
 [ 4. 34. 30.]
 [20. 22. 54.]
 [12. 17. 46.]
 [ 8. 54. 16.]
 [22. 29. 18.]
 [10. 30. 28.]
 [14. 47. 22.]
 [26. 24. 27.]
 [16.  5. 41.]
 [18. 49.  4.]
 [24. 16.  3.]
 [ 2. 59.  5.]
 [28. 52. 25.]
 [25. 62. 39.]
 [28. 18. 47.]
 [31. 12. 31.]
 [26. 55.  4.]
 [31. 61. 45.]
 [17. 62. 36.]
 [31. 43. 63.]
 [12.  1.  4.]
 [26.  3. 63.]
 [24. 38. 63.]]","[0.7881970405578613, 0.769498884677887, 0.7625254392623901, 0.7265749573707581, 0.7102655172348022, 0.6665773987770081, 0.6609997153282166, 0.6521903276443481, 0.6487852931022644, 0.6466153264045715, 0.6357114911079407, 0.6243064403533936, 0.5982460379600525, 0.5681766271591187, 0.5630120635032654, 0.5507885217666626, 0.5393050909042358, 0.5384610891342163, 0.5093258023262024, 0.48247435688972473, 0.4807659387588501, 0.46503394842147827, 0.4055130183696747, 0.40548089146614075, 0.3499046266078949, 0.3186365067958832]"
F1_N1,train_44b6_t15_p17_crowded,train,44b6_d29c9ab2,15,crowded,0.3,2,30,2,2,2,0.7414634525775909,0.7414634525775909,0.7414634525775909,2,0.7414634525775909,2,0.7448364496231079,"[[16. 23. 31.]
 [12. 28. 24.]
 [ 6. 51. 16.]
 [10.  6. 26.]
 [24. 43. 59.]
 [ 4. 29. 32.]
 [22. 25. 44.]
 [22. 41.  6.]
 [14. 51. 26.]
 [10. 61. 59.]
 [28. 11. 30.]
 [28. 27. 10.]
 [18. 42. 40.]
 [24. 21.  4.]
 [31. 19. 47.]
 [20.  3. 36.]
 [31. 57. 50.]
 [27. 31. 30.]
 [25. 55. 34.]
 [23. 62. 58.]
 [31. 62. 30.]
 [ 1. 59.  7.]
 [11. 62. 38.]
 [ 5. 62.  6.]
 [26. 22. 63.]
 [11.  3. 63.]
 [11. 62.  9.]
 [22.  1. 52.]
 [29. 62.  6.]
 [12. 43. 63.]]","[0.7684449553489685, 0.759985089302063, 0.7459297776222229, 0.7400549054145813, 0.7394125461578369, 0.7318829298019409, 0.7212279438972473, 0.7049770355224609, 0.6771804094314575, 0.6279428601264954, 0.6271381974220276, 0.6216065883636475, 0.6162817478179932, 0.5968654751777649, 0.5891267657279968, 0.5878621935844421, 0.5775128602981567, 0.5427570939064026, 0.5337682366371155, 0.5286037921905518, 0.5159860849380493, 0.49401047825813293, 0.4925961494445801, 0.47675418853759766, 0.46921032667160034, 0.41356202960014343, 0.3981216251850128, 0.39049699902534485, 0.3501439392566681, 0.3288207948207855]"
F1_N1,train_44b6_t55_p18_crowded,train,44b6_d29c9ab2,55,crowded,0.3,2,27,1,2,2,1.015625,1.015625,1.015625,2,1.015625,2,0.7285714447498322,"[[16. 33. 32.]
 [20. 39. 48.]
 [12. 47. 19.]
 [ 2. 35. 24.]
 [22. 19. 59.]
 [10. 27. 26.]
 [24. 10. 19.]
 [12. 13. 36.]
 [18.  4. 47.]
 [22. 28. 11.]
 [ 5. 59. 11.]
 [26. 50. 25.]
 [ 4. 21. 40.]
 [16. 57. 42.]
 [29. 34. 21.]
 [24. 49.  4.]
 [22. 52. 19.]
 [30.  7. 28.]
 [ 4. 47. 57.]
 [29. 61. 63.]
 [28.  5. 47.]
 [31. 47. 48.]
 [28. 21. 40.]
 [ 6. 59. 59.]
 [ 9.  3. 63.]
 [31. 62. 46.]
 [23. 62. 58.]]","[0.7712110280990601, 0.7494499683380127, 0.7434653043746948, 0.7395408749580383, 0.7176939249038696, 0.6859318614006042, 0.6821045875549316, 0.6708732843399048, 0.6440860033035278, 0.6384496688842773, 0.6104100942611694, 0.5740976333618164, 0.5531132221221924, 0.5520178079605103, 0.5424454808235168, 0.5272805094718933, 0.4999775290489197, 0.49859383702278137, 0.49710386991500854, 0.49494314193725586, 0.4917794167995453, 0.4664737582206726, 0.4156014323234558, 0.41193094849586487, 0.38113218545913696, 0.3643125891685486, 0.35358795523643494]"
F1_N1,train_44b6_t35_p19_crowded,train,44b6_d29c9ab2,35,crowded,0.3,2,22,1,2,2,1.24375581741333,1.24375581741333,1.24375581741333,2,1.24375581741333,2,0.7427162528038025,"[[12. 19. 46.]
 [ 6. 39. 30.]
 [12. 39. 32.]
 [16. 34. 32.]
 [22. 37. 38.]
 [26. 47. 53.]
 [18.  5. 12.]
 [26. 21. 58.]
 [20. 21. 54.]
 [13. 59. 13.]
 [31. 25. 10.]
 [22.  5. 44.]
 [31. 55. 28.]
 [30. 55.  4.]
 [18. 53. 28.]
 [31. 19. 40.]
 [31. 17. 52.]
 [24. 50.  9.]
 [25. 62. 40.]
 [ 4. 51.  8.]
 [31. 60. 59.]
 [31.  4. 10.]]","[0.8296237587928772, 0.7680542469024658, 0.7660281658172607, 0.7467027306556702, 0.7387297749519348, 0.7212750911712646, 0.6809476613998413, 0.6619701981544495, 0.6064227223396301, 0.592716634273529, 0.5844924449920654, 0.5585430264472961, 0.5548171401023865, 0.550811767578125, 0.537171483039856, 0.5321969985961914, 0.5259952545166016, 0.499154269695282, 0.49762287735939026, 0.45980408787727356, 0.4195270240306854, 0.4185435175895691]"
F1_N1,train_44b6_t35_p20_crowded,train,44b6_d29c9ab2,35,crowded,0.3,2,26,2,2,2,0.609375,0.609375,0.609375,2,0.609375,2,0.6786885261535645,"[[10. 20. 24.]
 [20. 15. 55.]
 [24. 53. 42.]
 [20. 14. 20.]
 [26. 37.  8.]
 [18. 36. 37.]
 [ 6. 45. 18.]
 [14. 47. 32.]
 [26.  6. 40.]
 [16. 29. 59.]
 [31. 15. 10.]
 [30. 36.  6.]
 [30. 36. 47.]
 [31.  4. 27.]
 [29. 56. 19.]
 [16. 43.  6.]
 [20. 28.  4.]
 [19. 62. 58.]
 [10.  1. 14.]
 [31.  5. 50.]
 [21. 62. 24.]
 [25.  9.  4.]
 [31. 18. 62.]
 [ 7. 17.  4.]
 [17.  4.  4.]
 [19. 62.  4.]]","[0.8178315162658691, 0.7519581913948059, 0.7402281761169434, 0.7245228290557861, 0.6911208629608154, 0.6827635765075684, 0.6762748956680298, 0.6746134757995605, 0.6503865718841553, 0.6495683789253235, 0.6364247798919678, 0.6106221079826355, 0.606656014919281, 0.5993140935897827, 0.5887589454650879, 0.5765621662139893, 0.5119648575782776, 0.4930383563041687, 0.4900856018066406, 0.4630175828933716, 0.45958539843559265, 0.4287920594215393, 0.412178099155426, 0.40536993741989136, 0.34795114398002625, 0.3231236934661865]"
F1_N1,train_44b6_t20_p21_crowded,train,44b6_d29c9ab2,20,crowded,0.3,2,24,1,2,2,1.015625,1.015625,1.015625,2,1.015625,2,0.7013342380523682,"[[ 8. 33. 12.]
 [10. 54. 18.]
 [16. 35. 46.]
 [26. 22. 19.]
 [12. 21. 23.]
 [22. 43. 23.]
 [24. 38. 41.]
 [28. 15. 50.]
 [14. 12. 31.]
 [24. 52. 59.]
 [14. 62. 50.]
 [30. 52.  9.]
 [30. 43. 39.]
 [17. 57.  5.]
 [28. 37. 62.]
 [24. 39.  4.]
 [31. 21. 34.]
 [31. 62. 52.]
 [23. 62. 16.]
 [31.  5.  4.]
 [31. 13.  4.]
 [10.  1.  4.]
 [ 6. 47.  4.]
 [23. 62. 34.]]","[0.8013903498649597, 0.7860225439071655, 0.7179206013679504, 0.7060353755950928, 0.6894150972366333, 0.6847478747367859, 0.6825861930847168, 0.6768026947975159, 0.6544245481491089, 0.6401455998420715, 0.6022855043411255, 0.5962734222412109, 0.5960286855697632, 0.5934711694717407, 0.5580700039863586, 0.5400970578193665, 0.5094709396362305, 0.4846866726875305, 0.48374006152153015, 0.4744453728199005, 0.4472533166408539, 0.3899686336517334, 0.345624715089798, 0.33699265122413635]"
F1_N1,train_44b6_t30_p22_crowded,train,44b6_d29c9ab2,30,crowded,0.3,2,25,2,2,2,0.6573263108730316,0.6573263108730316,0.6573263108730316,2,0.6573263108730316,2,0.6779921054840088,"[[24. 49. 46.]
 [20.  7. 58.]
 [26. 25. 12.]
 [14. 38. 32.]
 [ 8. 56. 59.]
 [20.  7. 25.]
 [28. 53. 24.]
 [14. 15. 58.]
 [18. 29. 38.]
 [19. 59. 59.]
 [ 8. 13. 22.]
 [12. 12. 20.]
 [21. 58. 29.]
 [31.  5. 10.]
 [28. 26. 52.]
 [ 2. 42. 18.]
 [16. 33.  4.]
 [ 6. 62.  5.]
 [20. 21.  4.]
 [24.  1. 40.]
 [31.  4. 50.]
 [31. 49. 63.]
 [19. 62.  4.]
 [ 4. 62. 26.]
 [31. 11. 63.]]","[0.7619867920875549, 0.7543933987617493, 0.7272590398788452, 0.71043860912323, 0.6966967582702637, 0.6826159358024597, 0.6754770874977112, 0.6601167917251587, 0.6455456018447876, 0.6244798898696899, 0.6029917597770691, 0.5998752117156982, 0.5915547609329224, 0.5780606269836426, 0.5674827098846436, 0.5669363141059875, 0.5615045428276062, 0.5594392418861389, 0.5507369637489319, 0.4882712662220001, 0.45548731088638306, 0.44546133279800415, 0.4052232801914215, 0.35734686255455017, 0.3312118351459503]"
F1_N1,train_44b6_t50_p23_crowded,train,44b6_d29c9ab2,50,crowded,0.3,2,29,2,2,2,0.7414634525775909,0.7414634525775909,0.7414634525775909,2,0.7414634525775909,2,0.6334925293922424,"[[10. 47. 37.]
 [12. 25. 56.]
 [ 6. 21. 36.]
 [16. 48. 16.]
 [20. 53. 59.]
 [ 4. 27. 10.]
 [24.  7. 44.]
 [30. 29. 13.]
 [24.  7. 19.]
 [29. 62. 46.]
 [30.  8. 29.]
 [20. 21. 14.]
 [21. 60. 33.]
 [14. 27.  4.]
 [26. 46. 29.]
 [31. 15. 58.]
 [30. 35. 39.]
 [ 9. 59. 62.]
 [20. 24. 33.]
 [16. 30. 31.]
 [ 5. 53. 19.]
 [ 7. 61. 25.]
 [19.  3. 63.]
 [ 6.  3. 38.]
 [24. 41.  1.]
 [31.  4. 49.]
 [21. 59.  4.]
 [ 4. 12.  4.]
 [15. 62. 46.]]","[0.7792574763298035, 0.7666464447975159, 0.7584019303321838, 0.7295423746109009, 0.7142507433891296, 0.7038977146148682, 0.6659858226776123, 0.637519896030426, 0.6200333833694458, 0.6186100840568542, 0.585055947303772, 0.581042468547821, 0.5450579524040222, 0.5434381365776062, 0.5310887098312378, 0.5177092552185059, 0.5076243281364441, 0.4983403980731964, 0.49085575342178345, 0.4877275824546814, 0.4871710538864136, 0.4849165976047516, 0.47492554783821106, 0.43696966767311096, 0.42524904012680054, 0.4198511242866516, 0.4103187918663025, 0.36455482244491577, 0.33264321088790894]"
F1_N1,train_44b6_t40_p24_crowded,train,44b6_d29c9ab2,40,crowded,0.3,2,22,1,1,1,1.9374575018882751,1.9374575018882751,0.5745242834091187,1,0.5745242834091187,1,0.7766243815422058,"[[16. 33. 48.]
 [18.  7. 44.]
 [10. 46.  4.]
 [18. 12. 10.]
 [26. 40. 45.]
 [30. 45. 57.]
 [30. 16. 59.]
 [24.  7. 46.]
 [20. 37. 30.]
 [18.  9. 59.]
 [31. 31. 24.]
 [20. 62. 46.]
 [24. 27. 14.]
 [15. 59. 32.]
 [19. 59.  8.]
 [28.  7.  4.]
 [29. 59. 21.]
 [31. 27.  4.]
 [28.  6. 21.]
 [31.  5. 40.]
 [23. 61. 63.]
 [25. 49.  4.]]","[0.7766243815422058, 0.7464168071746826, 0.7322840094566345, 0.7101894021034241, 0.6996120810508728, 0.6987758278846741, 0.6962553262710571, 0.6845346689224243, 0.6483701467514038, 0.6222371459007263, 0.5877349376678467, 0.5792077779769897, 0.5764635801315308, 0.5697223544120789, 0.5523462891578674, 0.5445427894592285, 0.5156983733177185, 0.5143407583236694, 0.4597403407096863, 0.4324510395526886, 0.37066400051116943, 0.3523820638656616]"
F1_N1,train_44b6_t55_p25_isolated,train,44b6_d29c9ab2,55,isolated,0.3,1,22,0,1,1,1.7235727310180664,1.7235727310180664,1.7235727310180664,1,1.7235727310180664,1,0.7785257697105408,"[[16.  7. 24.]
 [14. 33. 31.]
 [20. 47. 18.]
 [18.  7. 47.]
 [22. 19. 30.]
 [28. 34. 39.]
 [31. 62. 46.]
 [27. 62. 58.]
 [30. 32.  4.]
 [31. 13. 59.]
 [28. 17. 63.]
 [31.  7.  9.]
 [31. 60. 18.]
 [29. 14. 19.]
 [18. 33.  1.]
 [31.  6. 31.]
 [24.  7. 36.]
 [26. 47.  5.]
 [31. 43. 20.]
 [19. 62.  9.]
 [18.  4.  4.]
 [ 7. 62.  4.]]","[0.8231292963027954, 0.7785257697105408, 0.7743853330612183, 0.75459223985672, 0.6989756226539612, 0.691448450088501, 0.6433160305023193, 0.612152099609375, 0.6072784662246704, 0.6026586294174194, 0.5655039548873901, 0.5620314478874207, 0.5561425685882568, 0.5560459494590759, 0.5513051152229309, 0.544819176197052, 0.5047222375869751, 0.4527842104434967, 0.4409205913543701, 0.42217206954956055, 0.3300754725933075, 0.3155905604362488]"
F1_N1,train_44b6_t50_p26_isolated,train,44b6_d29c9ab2,50,isolated,0.3,1,25,1,1,1,0.40625,0.40625,0.40625,1,0.40625,1,0.6666443347930908,"[[ 6. 43. 34.]
 [10. 46. 56.]
 [10.  6. 52.]
 [20. 40. 53.]
 [16.  4. 26.]
 [ 6.  4. 38.]
 [16. 31. 32.]
 [12. 59. 25.]
 [ 6. 23. 54.]
 [ 4. 22. 30.]
 [18. 22. 38.]
 [ 2. 59. 17.]
 [12. 28. 63.]
 [18. 55. 38.]
 [25. 33. 52.]
 [26. 46. 57.]
 [29. 11. 62.]
 [ 6. 59.  4.]
 [ 2. 33. 18.]
 [ 1. 41. 39.]
 [ 4.  1. 16.]
 [19. 62. 58.]
 [ 8.  4.  4.]
 [17. 62. 18.]
 [27. 62. 58.]]","[0.7992819547653198, 0.7483810782432556, 0.7322385311126709, 0.7084782719612122, 0.6953558921813965, 0.676526665687561, 0.6666443347930908, 0.6549254059791565, 0.613986074924469, 0.6074981689453125, 0.596165120601654, 0.5753478407859802, 0.4967021644115448, 0.4956139922142029, 0.4760544002056122, 0.46726298332214355, 0.42522603273391724, 0.3958243131637573, 0.3857402801513672, 0.37137505412101746, 0.3559110760688782, 0.35441309213638306, 0.34978848695755005, 0.33755508065223694, 0.3270597457885742]"
F1_N1,train_44b6_t15_p27_isolated,train,44b6_d29c9ab2,15,isolated,0.3,1,19,1,1,1,0.40625,0.40625,0.40625,1,0.40625,1,0.8454074859619141,"[[18. 33. 32.]
 [18.  5. 26.]
 [ 4. 41. 24.]
 [ 6.  7. 18.]
 [22. 12. 59.]
 [12. 36. 37.]
 [21. 60. 58.]
 [ 4. 36. 53.]
 [12. 18. 54.]
 [16. 21. 52.]
 [10. 19.  4.]
 [ 2. 55. 46.]
 [13. 62. 34.]
 [ 2. 59.  8.]
 [11. 59. 50.]
 [12. 51.  4.]
 [ 1. 13. 26.]
 [ 7. 61. 63.]
 [ 5. 20. 43.]]","[0.8454074859619141, 0.8233184218406677, 0.8197810649871826, 0.7904623746871948, 0.7559763789176941, 0.7191481590270996, 0.7172302007675171, 0.7032811641693115, 0.701329231262207, 0.6958876252174377, 0.6835799217224121, 0.655716598033905, 0.6266313791275024, 0.6143399477005005, 0.6002507209777832, 0.5946307182312012, 0.4806745946407318, 0.4476766884326935, 0.41479599475860596]"
F1_N1,train_44b6_t30_p28_isolated,train,44b6_d29c9ab2,30,isolated,0.3,1,25,1,1,1,0.40625,0.40625,0.40625,1,0.40625,1,0.9083898663520813,"[[16. 33. 32.]
 [ 4. 11. 40.]
 [ 6.  6. 11.]
 [ 6. 32. 49.]
 [10. 13. 58.]
 [18. 26. 58.]
 [12.  5. 16.]
 [22.  8. 59.]
 [12. 39. 46.]
 [ 7. 62. 19.]
 [ 4. 53. 50.]
 [ 9. 41. 63.]
 [13. 57. 42.]
 [13. 31.  4.]
 [12. 47.  4.]
 [ 1. 62.  5.]
 [ 9. 62. 59.]
 [ 1. 45. 26.]
 [ 1. 16. 54.]
 [ 9. 27. 10.]
 [10. 40. 21.]
 [ 2. 33.  1.]
 [23. 61. 63.]
 [ 1. 62. 36.]
 [20. 47. 63.]]","[0.9083898663520813, 0.8534768223762512, 0.816636860370636, 0.7895841002464294, 0.7741888761520386, 0.7571872472763062, 0.7564048171043396, 0.7322552800178528, 0.6931279301643372, 0.6370235681533813, 0.628020703792572, 0.607666552066803, 0.5925582051277161, 0.5665706992149353, 0.5590184926986694, 0.5580666661262512, 0.5576157569885254, 0.5465561747550964, 0.5440821647644043, 0.5392515063285828, 0.5303601026535034, 0.4100892245769501, 0.4005912244319916, 0.3383919894695282, 0.3138909935951233]"
F1_N1,train_44b6_t30_p29_isolated,train,44b6_d29c9ab2,30,isolated,0.3,1,22,0,1,1,1.8616713285446167,1.8616713285446167,1.8616713285446167,1,1.8616713285446167,1,0.7451299428939819,"[[ 8. 11. 50.]
 [ 4. 32. 42.]
 [12. 31. 30.]
 [ 4. 10. 40.]
 [ 6. 25. 16.]
 [16. 49. 59.]
 [ 6. 53. 32.]
 [14. 12. 63.]
 [14.  4. 25.]
 [11. 59. 44.]
 [22. 16. 35.]
 [18. 21. 44.]
 [ 8.  4.  4.]
 [ 5. 60. 59.]
 [26.  4. 63.]
 [ 1. 22. 35.]
 [ 8. 41. 63.]
 [ 1. 52. 11.]
 [20.  1. 52.]
 [ 3. 59.  4.]
 [14. 14.  4.]
 [ 0. 33. 26.]]","[0.7745057344436646, 0.7583634257316589, 0.7451299428939819, 0.7425694465637207, 0.7277783751487732, 0.6887356638908386, 0.6437063813209534, 0.6302623748779297, 0.6206563115119934, 0.6183605194091797, 0.6059768795967102, 0.5814415812492371, 0.5795403718948364, 0.5559406876564026, 0.5508350133895874, 0.5279092192649841, 0.5205989480018616, 0.47279587388038635, 0.46052417159080505, 0.44547146558761597, 0.3303111493587494, 0.3085068166255951]"
F1_N1,train_44b6_t20_p30_isolated,train,44b6_d29c9ab2,20,isolated,0.3,1,24,1,1,1,0.40625,0.40625,0.40625,1,0.40625,1,0.8254050612449646,"[[10. 19. 14.]
 [16. 33. 32.]
 [18. 21. 54.]
 [ 2. 31. 59.]
 [ 6.  6. 34.]
 [ 4. 30. 38.]
 [ 8. 44.  7.]
 [18.  5. 25.]
 [ 2.  5. 14.]
 [10. 51. 34.]
 [ 2. 23. 18.]
 [21. 61. 52.]
 [24. 43. 60.]
 [ 4. 51. 41.]
 [10. 14. 59.]
 [12. 32. 41.]
 [ 9. 60. 63.]
 [ 3. 62.  4.]
 [ 1. 42. 29.]
 [ 1. 23.  4.]
 [25. 13. 63.]
 [16.  1. 42.]
 [11. 62.  4.]
 [15. 62. 28.]]","[0.8397206664085388, 0.8254050612449646, 0.8249481916427612, 0.7949938178062439, 0.7864503860473633, 0.7782573103904724, 0.772111713886261, 0.7575350403785706, 0.7362633943557739, 0.7284088730812073, 0.7284032702445984, 0.721769392490387, 0.7203493714332581, 0.7014349699020386, 0.6739263534545898, 0.6456425786018372, 0.6034619212150574, 0.5944210886955261, 0.5691268444061279, 0.4848996102809906, 0.441646546125412, 0.4387379288673401, 0.3874259293079376, 0.3059248924255371]"
F1_N1,train_44b6_t20_p31_isolated,train,44b6_d29c9ab2,20,isolated,0.3,1,21,0,1,1,1.21875,1.21875,1.21875,1,1.21875,1,0.6817975640296936,"[[ 6. 41. 56.]
 [12. 15. 59.]
 [ 8.  7. 40.]
 [18. 36. 57.]
 [10. 47. 34.]
 [ 8. 43.  8.]
 [ 4. 25. 42.]
 [ 8. 21. 12.]
 [18.  6. 36.]
 [16. 35. 32.]
 [ 1. 55.  8.]
 [18. 13. 12.]
 [ 2. 17. 24.]
 [ 2. 61. 63.]
 [16. 62. 46.]
 [10.  4.  5.]
 [ 3. 34.  7.]
 [26. 13. 63.]
 [ 1. 62. 40.]
 [ 1.  1. 12.]
 [ 9. 62. 16.]]","[0.8682217001914978, 0.7789886593818665, 0.7777931690216064, 0.7538715600967407, 0.7185209393501282, 0.7032930254936218, 0.7018333673477173, 0.6918249726295471, 0.6891674995422363, 0.6817975640296936, 0.6106513738632202, 0.6084060072898865, 0.6016875505447388, 0.5643728375434875, 0.5554100275039673, 0.5489806532859802, 0.5013040900230408, 0.4828128516674042, 0.40014249086380005, 0.34390687942504883, 0.30069753527641296]"
F1_N1,train_44b6_t10_p32_isolated,train,44b6_d29c9ab2,10,isolated,0.3,1,22,0,1,1,1.21875,1.21875,1.21875,1,1.21875,1,0.7784656882286072,"[[ 8. 12. 40.]
 [ 8. 35. 32.]
 [ 2. 29. 34.]
 [ 4.  6. 58.]
 [ 2.  7.  6.]
 [10. 46. 57.]
 [ 4. 50. 14.]
 [16. 18. 63.]
 [ 2. 58. 39.]
 [14.  3. 63.]
 [18. 59. 62.]
 [ 6.  9.  5.]
 [ 1. 31. 50.]
 [ 1. 62. 63.]
 [24.  3. 63.]
 [ 1. 53. 63.]
 [ 9. 62. 30.]
 [16. 34. 42.]
 [13.  6. 36.]
 [ 8.  1. 22.]
 [24. 39. 59.]
 [24. 29. 63.]]","[0.786674976348877, 0.7784656882286072, 0.7074667811393738, 0.697474479675293, 0.6940264105796814, 0.6711515188217163, 0.6680545210838318, 0.6404885649681091, 0.6330417394638062, 0.5570250749588013, 0.5429336428642273, 0.49208295345306396, 0.48146218061447144, 0.42690524458885193, 0.4231411814689636, 0.4042856991291046, 0.3844138979911804, 0.37533262372016907, 0.37026098370552063, 0.3174246847629547, 0.31287726759910583, 0.30271482467651367]"
F1_N1,train_44b6_t45_p33_isolated,train,44b6_d29c9ab2,45,isolated,0.3,1,24,0,1,1,1.4647551774978638,1.4647551774978638,1.4647551774978638,1,1.4647551774978638,1,0.6875794529914856,"[[ 6. 47. 31.]
 [14.  6. 25.]
 [ 2. 23. 30.]
 [10. 15. 53.]
 [20. 45. 48.]
 [20. 16. 45.]
 [16. 35. 32.]
 [ 6. 29. 50.]
 [10. 53. 50.]
 [ 8.  4. 38.]
 [11. 62. 24.]
 [12. 39. 62.]
 [16. 58. 28.]
 [ 1. 62. 12.]
 [26. 45. 58.]
 [25. 60. 52.]
 [ 8. 21.  4.]
 [23. 44. 63.]
 [28. 21. 62.]
 [ 5. 61. 63.]
 [ 1. 33. 15.]
 [ 0.  7.  4.]
 [ 2.  1. 62.]
 [ 4.  1. 24.]]","[0.771408200263977, 0.7508475184440613, 0.7479917407035828, 0.7397091388702393, 0.7257107496261597, 0.6992896199226379, 0.6875794529914856, 0.6854074001312256, 0.6472529768943787, 0.6384532451629639, 0.5922350287437439, 0.587399423122406, 0.5303292870521545, 0.5102031826972961, 0.4864983856678009, 0.4718317985534668, 0.4667561650276184, 0.4616616368293762, 0.42833212018013, 0.3998152017593384, 0.3503781855106354, 0.3428824543952942, 0.3114921748638153, 0.31147679686546326]"
F1_N1,train_44b6_t25_p34_isolated,train,44b6_d29c9ab2,25,isolated,0.3,1,19,1,1,1,0.40625,0.40625,0.40625,1,0.40625,1,0.8680455088615417,"[[ 6. 35. 42.]
 [16. 33. 32.]
 [ 2.  9. 20.]
 [18.  8. 38.]
 [ 2. 30. 28.]
 [16. 23. 52.]
 [ 6. 53. 10.]
 [ 8. 11. 46.]
 [21. 61. 59.]
 [ 5. 62. 45.]
 [ 8. 27. 14.]
 [12. 37. 42.]
 [10. 56. 37.]
 [ 6. 37. 63.]
 [18. 44. 63.]
 [12. 17. 63.]
 [ 2. 48. 34.]
 [24. 29. 63.]
 [ 6.  1.  4.]]","[0.884643018245697, 0.8680455088615417, 0.8532186150550842, 0.8314932584762573, 0.8169789910316467, 0.8095993399620056, 0.7252168655395508, 0.7247942686080933, 0.710810661315918, 0.6813315153121948, 0.662253201007843, 0.6419327855110168, 0.6194108724594116, 0.6145442128181458, 0.601564347743988, 0.5862963795661926, 0.5243600606918335, 0.5065310597419739, 0.42479419708251953]"
F1_N1,train_44b6_t10_p35_isolated,train,44b6_d29c9ab2,10,isolated,0.3,1,28,0,1,1,1.6750116348266602,1.6750116348266602,1.6750116348266602,1,1.6750116348266602,1,0.5198211669921875,"[[22.  9. 44.]
 [12. 15. 18.]
 [20. 41. 59.]
 [ 8. 27. 52.]
 [18.  6. 59.]
 [24. 24. 59.]
 [12. 55. 28.]
 [24. 35. 28.]
 [ 6. 49. 16.]
 [30. 35. 48.]
 [ 8. 51. 44.]
 [18. 16. 27.]
 [30.  7. 30.]
 [16. 55.  4.]
 [29. 56. 59.]
 [24. 55. 30.]
 [16. 33. 32.]
 [ 3. 33. 19.]
 [ 6.  7.  4.]
 [20. 18.  9.]
 [12. 59. 62.]
 [17. 62. 58.]
 [ 1. 61. 23.]
 [31. 16. 50.]
 [10.  9. 57.]
 [27. 25.  4.]
 [ 7. 62. 14.]
 [ 1. 11.  4.]]","[0.7584109902381897, 0.7572404742240906, 0.6774580478668213, 0.6751698851585388, 0.671531617641449, 0.66780686378479, 0.6648267507553101, 0.6612611413002014, 0.6594415307044983, 0.6396401524543762, 0.6287540197372437, 0.5953536033630371, 0.589405357837677, 0.5355982780456543, 0.5343413949012756, 0.5216330289840698, 0.5198211669921875, 0.5105209946632385, 0.5066074728965759, 0.5053607821464539, 0.4926207363605499, 0.47922518849372864, 0.44782423973083496, 0.4143347442150116, 0.3859494626522064, 0.3667276203632355, 0.35130465030670166, 0.33913999795913696]"
F1_N1,train_44b6_t25_p36_isolated,train,44b6_d29c9ab2,25,isolated,0.3,1,28,0,0,0,3.3500232696533203,3.3500232696533203,,0,,0,,"[[20. 48. 25.]
 [26.  8. 45.]
 [14. 27. 32.]
 [ 8. 39. 54.]
 [ 2. 13. 18.]
 [26. 38. 44.]
 [ 6. 47. 12.]
 [18. 27. 54.]
 [ 8. 25. 14.]
 [16.  5. 30.]
 [24.  5. 16.]
 [14. 53. 48.]
 [12.  5.  6.]
 [20. 27. 32.]
 [16. 43. 14.]
 [ 3. 62. 36.]
 [25. 62. 40.]
 [ 2. 27. 44.]
 [11. 60. 17.]
 [23. 59. 63.]
 [20.  1. 54.]
 [ 4. 26.  4.]
 [11. 62. 36.]
 [ 2. 35. 63.]
 [15. 62.  4.]
 [20. 29.  4.]
 [ 6.  3. 63.]
 [ 8.  1. 32.]]","[0.8121749758720398, 0.7643588185310364, 0.7637015581130981, 0.7575790882110596, 0.7542992234230042, 0.7476532459259033, 0.6955227851867676, 0.6926043629646301, 0.6534426808357239, 0.6461548209190369, 0.6405913829803467, 0.6303644776344299, 0.6265813112258911, 0.6203020811080933, 0.6067110896110535, 0.5958002805709839, 0.5947380661964417, 0.5734919905662537, 0.5235002040863037, 0.4943479895591736, 0.4768739640712738, 0.46554991602897644, 0.45529651641845703, 0.44081252813339233, 0.4390502870082855, 0.4175805151462555, 0.36557766795158386, 0.3006170988082886]"
F1_N1,train_44b6_t25_p37_isolated,train,44b6_d29c9ab2,25,isolated,0.3,1,20,0,1,1,1.21875,1.21875,1.21875,1,1.21875,1,0.7109540104866028,"[[ 8. 47. 58.]
 [ 8. 14. 41.]
 [18. 39. 57.]
 [24.  4. 56.]
 [16. 35. 32.]
 [ 8. 23. 14.]
 [ 6. 30. 37.]
 [16. 17. 63.]
 [15. 62. 40.]
 [ 4. 14. 31.]
 [ 8. 50. 12.]
 [ 4. 48. 10.]
 [19. 25. 22.]
 [18. 10. 36.]
 [10. 58. 35.]
 [ 2. 29. 30.]
 [ 2.  1. 22.]
 [ 3. 61. 63.]
 [15.  1. 22.]
 [12.  5.  4.]]","[0.8740490674972534, 0.7794888019561768, 0.7521645426750183, 0.7155282497406006, 0.7109540104866028, 0.7060863971710205, 0.6919499039649963, 0.6521732211112976, 0.6489949226379395, 0.6332763433456421, 0.614281177520752, 0.6130879521369934, 0.5803704261779785, 0.5769945979118347, 0.5669270753860474, 0.5559341311454773, 0.46073755621910095, 0.4478534162044525, 0.43095335364341736, 0.42995455861091614]"
F1_N1,train_44b6_t55_p38_isolated,train,44b6_d29c9ab2,55,isolated,0.3,1,34,0,1,1,1.8168052434921265,1.8168052434921265,1.8168052434921265,1,1.8168052434921265,1,0.8013573288917542,"[[14. 32. 30.]
 [14. 15. 44.]
 [ 8. 37.  6.]
 [ 2. 35. 54.]
 [24.  7. 52.]
 [12. 18.  7.]
 [12. 54. 35.]
 [18. 17. 48.]
 [ 4. 51. 38.]
 [22. 42. 49.]
 [30. 39. 52.]
 [24. 29. 58.]
 [ 9. 61. 28.]
 [19. 57. 38.]
 [24. 18. 15.]
 [25. 62. 58.]
 [28. 33. 17.]
 [ 2. 49.  4.]
 [28. 10. 26.]
 [24. 60.  6.]
 [31. 23. 35.]
 [26. 49. 34.]
 [16.  4.  4.]
 [16.  3. 63.]
 [23. 62. 31.]
 [31. 57. 59.]
 [31. 31. 15.]
 [ 6. 17. 63.]
 [20. 33.  4.]
 [31. 17. 62.]
 [ 8. 24. 42.]
 [ 1. 12. 32.]
 [ 8. 32. 42.]
 [15. 62.  3.]]","[0.8013573288917542, 0.7804404497146606, 0.7328622937202454, 0.7271390557289124, 0.6978780627250671, 0.6887652277946472, 0.6823004484176636, 0.6644208431243896, 0.6518844366073608, 0.6360509991645813, 0.6248301863670349, 0.6077888607978821, 0.5811473727226257, 0.5456347465515137, 0.5447125434875488, 0.5396327376365662, 0.5262486338615417, 0.5249238014221191, 0.5226076245307922, 0.5164692997932434, 0.49847355484962463, 0.4934474229812622, 0.46719107031822205, 0.3981934189796448, 0.3952876627445221, 0.3948146402835846, 0.3948100507259369, 0.3848418891429901, 0.3819720149040222, 0.37080278992652893, 0.3243313431739807, 0.3208017945289612, 0.3193858563899994, 0.3139423429965973]"
F1_N1,train_44b6_t15_p39_isolated,train,44b6_d29c9ab2,15,isolated,0.3,1,30,1,1,1,0.9084026217460632,0.9084026217460632,0.9084026217460632,1,0.9084026217460632,1,0.49342048168182373,"[[ 4. 21.  5.]
 [12. 13. 28.]
 [22.  7. 47.]
 [ 8. 19. 18.]
 [18. 26. 38.]
 [22. 27. 59.]
 [20. 45. 59.]
 [18.  8. 60.]
 [30. 11. 34.]
 [ 2. 31. 30.]
 [12. 60. 32.]
 [10. 55. 51.]
 [20. 28. 19.]
 [ 6. 54. 20.]
 [15. 62.  5.]
 [22. 50. 33.]
 [29. 62. 57.]
 [30. 41. 51.]
 [30. 15. 54.]
 [ 2. 48. 34.]
 [22. 27.  4.]
 [13. 33. 30.]
 [20.  1. 12.]
 [ 2. 44.  3.]
 [26. 29.  6.]
 [17. 62. 50.]
 [ 8.  3. 28.]
 [21. 62. 26.]
 [ 1.  4. 42.]
 [14. 42.  4.]]","[0.7114993333816528, 0.696762204170227, 0.6892161965370178, 0.6755989193916321, 0.6742730140686035, 0.6438910961151123, 0.6374307870864868, 0.5934824347496033, 0.5817705392837524, 0.5808244347572327, 0.5788378715515137, 0.5535985231399536, 0.5529013872146606, 0.5496898889541626, 0.5445991158485413, 0.5445157289505005, 0.5418198108673096, 0.5277109742164612, 0.5248962640762329, 0.512274444103241, 0.5112519264221191, 0.49342048168182373, 0.49199655652046204, 0.488023579120636, 0.47384291887283325, 0.43951407074928284, 0.433329701423645, 0.43212029337882996, 0.3392629027366638, 0.3173496127128601]"
F1_N1,train_44b6_t40_p40_isolated,train,44b6_d29c9ab2,40,isolated,0.3,1,22,0,1,1,1.1490485668182373,1.1490485668182373,1.1490485668182373,1,1.1490485668182373,1,0.6398452520370483,"[[12.  7. 11.]
 [ 6. 51. 36.]
 [ 8. 11. 36.]
 [14. 46. 21.]
 [10. 13. 54.]
 [ 2. 47. 36.]
 [ 4. 23. 34.]
 [20. 21. 44.]
 [20. 51. 52.]
 [16. 30. 30.]
 [10. 57. 57.]
 [ 8. 31. 58.]
 [13. 62. 29.]
 [ 1. 60. 15.]
 [22.  2. 57.]
 [25. 59. 58.]
 [ 8. 62.  6.]
 [24. 24. 63.]
 [ 8. 14.  4.]
 [14. 37. 63.]
 [ 4.  1. 21.]
 [ 1.  4.  4.]]","[0.8238894939422607, 0.7545619606971741, 0.7293864488601685, 0.7151204943656921, 0.7127642631530762, 0.7022127509117126, 0.6830463409423828, 0.6808960437774658, 0.6794543266296387, 0.6398452520370483, 0.6317516565322876, 0.6179888844490051, 0.5917800068855286, 0.5559560060501099, 0.545957624912262, 0.5421928763389587, 0.529018223285675, 0.4480494558811188, 0.3766661286354065, 0.3726400136947632, 0.3239158093929291, 0.3068716824054718]"
F1_N1,train_44b6_t15_p41_boundary,train,44b6_d29c9ab2,15,boundary,0.3,1,17,0,1,1,1.8168052434921265,1.8168052434921265,1.8168052434921265,1,1.8168052434921265,1,0.7903069257736206,"[[12. 52. 59.]
 [ 4. 22. 23.]
 [20.  7. 44.]
 [ 4. 48. 30.]
 [ 6. 43. 46.]
 [16.  9. 59.]
 [14.  6. 40.]
 [ 8. 18. 41.]
 [ 1. 51. 10.]
 [ 1. 28. 52.]
 [ 2.  5. 36.]
 [ 2.  5. 11.]
 [ 8. 19.  4.]
 [ 5. 61. 15.]
 [ 3. 47. 63.]
 [11. 62. 32.]
 [14. 23. 22.]]","[0.8435125350952148, 0.8079689145088196, 0.799216091632843, 0.7903069257736206, 0.7219491004943848, 0.7188442945480347, 0.6811436414718628, 0.6263139843940735, 0.603559672832489, 0.5900936126708984, 0.5616081953048706, 0.5338882207870483, 0.4329630434513092, 0.4224173128604889, 0.4017883241176605, 0.3191826045513153, 0.3095118999481201]"
F1_N1,train_44b6_t45_p42_boundary,train,44b6_d29c9ab2,45,boundary,0.3,1,20,1,1,1,0.9084026217460632,0.9084026217460632,0.9084026217460632,1,0.9084026217460632,1,0.6505156755447388,"[[ 2. 11. 54.]
 [16. 18. 48.]
 [ 4. 26. 43.]
 [16.  5. 27.]
 [12. 33. 34.]
 [ 2. 43. 44.]
 [10. 23.  4.]
 [ 7. 59. 31.]
 [ 8. 31. 63.]
 [ 4. 42.  4.]
 [ 8.  6. 62.]
 [24. 40. 49.]
 [14. 54. 39.]
 [21. 59. 44.]
 [24. 15. 63.]
 [ 2. 62. 16.]
 [ 7. 61. 63.]
 [19. 40. 51.]
 [11. 15. 63.]
 [ 4.  4.  4.]]","[0.7812974452972412, 0.7463909387588501, 0.7380642294883728, 0.733528733253479, 0.7310587763786316, 0.7088364362716675, 0.656928539276123, 0.6505156755447388, 0.6276758909225464, 0.5908673405647278, 0.5897220969200134, 0.5874373316764832, 0.5742778778076172, 0.5599737167358398, 0.5444392561912537, 0.5173097252845764, 0.5050698518753052, 0.49667274951934814, 0.39078518748283386, 0.3189128041267395]"
F1_N1,train_44b6_t10_p43_boundary,train,44b6_d29c9ab2,10,boundary,0.3,1,17,0,1,1,1.8168052434921265,1.8168052434921265,1.8168052434921265,1,1.8168052434921265,1,0.7963816523551941,"[[ 6. 34. 32.]
 [10. 36. 55.]
 [ 8. 11. 43.]
 [20.  7. 44.]
 [ 2. 25. 55.]
 [ 4. 13. 18.]
 [ 2. 39.  9.]
 [ 2.  6. 35.]
 [11. 61. 63.]
 [ 2. 62. 36.]
 [16. 46. 63.]
 [ 2. 48. 59.]
 [ 1. 24. 43.]
 [ 7. 31.  4.]
 [ 3. 62. 59.]
 [ 5. 62. 50.]
 [16. 19. 59.]]","[0.7963816523551941, 0.7846928834915161, 0.738291323184967, 0.716033935546875, 0.7024406790733337, 0.7005114555358887, 0.6604450941085815, 0.5598041415214539, 0.5477142333984375, 0.5373154282569885, 0.5176096558570862, 0.50537109375, 0.4619564414024353, 0.431914359331131, 0.42019692063331604, 0.39162299036979675, 0.35779333114624023]"
F1_N1,inner_val_6bba_t85_p01_crowded,inner_val,6bba_bb9f20c3,85,crowded,0.3,5,27,0,3,4,2.102876567840576,1.8168052434921265,1.5921640396118164,3,1.8034980297088623,4,0.5619568924109141,"[[22. 35. 26.]
 [14. 39. 48.]
 [22.  6. 30.]
 [12. 19. 58.]
 [ 7. 59. 46.]
 [22. 20. 50.]
 [ 6. 35. 56.]
 [18.  6. 23.]
 [29. 60.  8.]
 [14. 49. 32.]
 [12.  6. 29.]
 [26. 39.  6.]
 [20. 46. 62.]
 [17. 59.  6.]
 [ 9. 62. 23.]
 [26. 19.  4.]
 [28.  4. 14.]
 [ 9.  6. 59.]
 [15. 62. 32.]
 [15. 31.  4.]
 [10. 62. 60.]
 [17. 62. 62.]
 [17.  3. 63.]
 [28. 24. 32.]
 [19. 62. 38.]
 [23. 54. 36.]
 [ 5. 62.  4.]]","[0.802527904510498, 0.6747051477432251, 0.6669092178344727, 0.6377596259117126, 0.6143441200256348, 0.6109372973442078, 0.6004273891448975, 0.6001247763633728, 0.5916634798049927, 0.5906891226768494, 0.5820353031158447, 0.5778554677963257, 0.5554530620574951, 0.5542147755622864, 0.5483730435371399, 0.5233096480369568, 0.5147791504859924, 0.4842442572116852, 0.4663606584072113, 0.4582083821296692, 0.4330303370952606, 0.4072044789791107, 0.37754207849502563, 0.370938241481781, 0.36612048745155334, 0.32585322856903076, 0.30886024236679077]"
F1_N1,inner_val_6bba_t75_p02_crowded,inner_val,6bba_bb9f20c3,75,crowded,0.3,2,20,2,2,2,0.6573263108730316,0.6573263108730316,0.6573263108730316,2,0.6573263108730316,2,0.5843713879585266,"[[12. 10. 52.]
 [16. 34. 60.]
 [16.  6. 10.]
 [ 8. 38. 59.]
 [14. 62. 58.]
 [14. 31. 32.]
 [ 4.  9. 55.]
 [20. 55. 18.]
 [12. 11. 26.]
 [11. 59. 46.]
 [12.  5.  4.]
 [16. 43. 18.]
 [ 6. 51. 22.]
 [ 2. 53. 56.]
 [ 7. 59. 58.]
 [22. 39.  8.]
 [ 8. 23. 28.]
 [15. 62. 38.]
 [12. 39.  4.]
 [15. 59.  4.]]","[0.8052862286567688, 0.714941143989563, 0.6839431524276733, 0.6383858919143677, 0.6311071515083313, 0.6272711157798767, 0.6253596544265747, 0.6188151240348816, 0.5936224460601807, 0.5841241478919983, 0.5624509453773499, 0.5541543364524841, 0.5482824444770813, 0.5480092763900757, 0.5414716601371765, 0.5414102077484131, 0.5185501575469971, 0.5132510662078857, 0.5042885541915894, 0.41512003540992737]"
F1_N1,inner_val_6bba_t85_p03_crowded,inner_val,6bba_bb9f20c3,85,crowded,0.3,2,15,0,0,0,6.407545566558838,6.407545566558838,,0,,0,,"[[12. 21. 59.]
 [18. 13. 28.]
 [24.  4.  6.]
 [14. 61. 58.]
 [ 7. 59. 18.]
 [18. 46.  4.]
 [14. 23. 40.]
 [12. 44. 23.]
 [10.  7. 16.]
 [ 5. 47. 54.]
 [15. 15.  4.]
 [11. 16. 19.]
 [17. 61.  8.]
 [20. 29.  4.]
 [ 7. 27. 63.]]","[0.7900099754333496, 0.761296808719635, 0.7107070684432983, 0.7024158239364624, 0.6525723338127136, 0.6475306749343872, 0.6164442300796509, 0.5660037398338318, 0.5397173166275024, 0.5320769548416138, 0.5318213701248169, 0.5213561654090881, 0.50471431016922, 0.4687129557132721, 0.42403554916381836]"
F1_N1,inner_val_6bba_t80_p04_crowded,inner_val,6bba_bb9f20c3,80,crowded,0.3,3,22,1,2,3,1.6224824984868367,1.7235727310180664,1.1490485072135925,2,1.6224824984868367,3,0.5523444712162018,"[[18. 24. 30.]
 [24. 21. 14.]
 [14. 43. 57.]
 [22. 42. 52.]
 [16.  7. 50.]
 [10. 30. 38.]
 [24. 46.  5.]
 [20. 55. 27.]
 [ 5. 58. 53.]
 [ 9. 62. 21.]
 [ 8. 18. 59.]
 [14. 25. 24.]
 [17. 59. 46.]
 [12. 59. 38.]
 [30. 59.  5.]
 [17. 31.  4.]
 [13. 62. 59.]
 [ 3. 60.  6.]
 [20. 45.  4.]
 [17. 17. 63.]
 [25. 62.  8.]
 [28.  3.  4.]]","[0.7986438870429993, 0.7675120830535889, 0.7126836776733398, 0.6966914534568787, 0.6658215522766113, 0.6479905843734741, 0.6241826415061951, 0.6055240631103516, 0.5954080820083618, 0.5934213399887085, 0.5797505378723145, 0.5437039732933044, 0.5416608452796936, 0.527008593082428, 0.514227569103241, 0.5112676024436951, 0.47563350200653076, 0.4627341628074646, 0.4505212903022766, 0.40449514985084534, 0.3655102550983429, 0.32572028040885925]"
F1_N1,inner_val_6bba_t75_p05_isolated,inner_val,6bba_bb9f20c3,75,isolated,0.3,1,17,0,1,1,1.6750116348266602,1.6750116348266602,1.6750116348266602,1,1.6750116348266602,1,0.5596432685852051,"[[22. 42. 30.]
 [18.  7. 36.]
 [11. 60. 37.]
 [26. 41.  4.]
 [18. 62. 56.]
 [ 7. 59. 58.]
 [27. 59.  4.]
 [18. 41. 12.]
 [14. 17. 57.]
 [15. 62. 10.]
 [15. 32. 33.]
 [20. 35. 62.]
 [24.  4. 59.]
 [20. 23. 45.]
 [21. 62. 12.]
 [ 3. 59.  8.]
 [30.  6.  3.]]","[0.7972255945205688, 0.6586134433746338, 0.6547577977180481, 0.6497081518173218, 0.6459112167358398, 0.6077344417572021, 0.5964400768280029, 0.5876443386077881, 0.5811940431594849, 0.5708070397377014, 0.5596432685852051, 0.5566105246543884, 0.5493583083152771, 0.5460670590400696, 0.5288118124008179, 0.5172436833381653, 0.4314069449901581]"
F1_N1,inner_val_6bba_t75_p06_isolated,inner_val,6bba_bb9f20c3,75,isolated,0.3,1,21,0,0,0,4.0010986328125,4.0010986328125,,0,,0,,"[[ 4.  5. 58.]
 [ 6. 29. 62.]
 [10. 45.  4.]
 [14. 41. 28.]
 [16. 24. 25.]
 [12. 39. 40.]
 [ 9. 61. 20.]
 [ 7. 16. 15.]
 [ 9. 26. 31.]
 [ 2. 50. 32.]
 [11. 19.  4.]
 [ 3. 62.  8.]
 [ 3. 62. 48.]
 [12.  6. 23.]
 [ 5. 39. 32.]
 [ 1. 49. 16.]
 [ 3. 59. 63.]
 [ 1. 10. 22.]
 [10. 44. 24.]
 [ 1.  7. 32.]
 [ 5.  1.  4.]]","[0.7588700652122498, 0.7434776425361633, 0.7338867783546448, 0.6846141815185547, 0.6474921703338623, 0.60308837890625, 0.576581597328186, 0.5404055714607239, 0.5238890647888184, 0.520979642868042, 0.514235258102417, 0.4970247149467468, 0.4806823134422302, 0.47764766216278076, 0.4723789393901825, 0.4642540216445923, 0.46242842078208923, 0.4616602659225464, 0.4546732008457184, 0.43696901202201843, 0.3459905683994293]"
F1_N1,inner_val_6bba_t90_p07_isolated,inner_val,6bba_bb9f20c3,90,isolated,0.3,1,14,0,0,0,5.52559757232666,5.52559757232666,,0,,0,,"[[ 6.  5. 14.]
 [ 2.  1. 39.]
 [14. 40.  5.]
 [12. 43. 42.]
 [16. 40. 21.]
 [18. 32. 21.]
 [ 2. 62. 50.]
 [ 4. 35.  4.]
 [ 6. 48. 29.]
 [17. 17. 32.]
 [ 3. 62.  4.]
 [ 1. 33. 31.]
 [10.  5.  4.]
 [ 2.  7.  6.]]","[0.6827041506767273, 0.6814680099487305, 0.6588760018348694, 0.6437562704086304, 0.6240618228912354, 0.6174730062484741, 0.6065618395805359, 0.6064766645431519, 0.6064441204071045, 0.5982630848884583, 0.5863505601882935, 0.5708272457122803, 0.55945885181427, 0.4636978805065155]"
F1_N1,inner_val_6bba_t90_p08_boundary,inner_val,6bba_bb9f20c3,90,boundary,0.3,1,13,0,0,0,3.471001625061035,3.471001625061035,,0,,0,,"[[26. 49.  6.]
 [12. 38. 55.]
 [ 7. 59. 40.]
 [14.  8. 57.]
 [30.  5. 30.]
 [16. 34. 11.]
 [18. 11. 32.]
 [12. 53. 26.]
 [19.  9.  5.]
 [ 4. 29. 51.]
 [ 6. 27. 23.]
 [ 5. 11. 48.]
 [ 5. 31.  4.]]","[0.8429247736930847, 0.791963517665863, 0.7616190910339355, 0.7463741302490234, 0.7282871007919312, 0.7135714292526245, 0.6785297989845276, 0.6580408811569214, 0.6521599292755127, 0.41407614946365356, 0.4035547077655792, 0.3985269367694855, 0.3364397883415222]"
F1_N1,inner_val_6bba_t90_p09_zero_annotation,inner_val,6bba_bb9f20c3,90,zero_annotation,0.3,0,18,0,0,0,,,,0,,0,,"[[ 0. 57. 59.]
 [ 2.  4.  5.]
 [ 0.  4. 44.]
 [ 5. 60. 58.]
 [ 5. 59. 20.]
 [ 0. 62.  4.]
 [ 0. 59. 27.]
 [ 6.  9. 29.]
 [ 9.  4.  5.]
 [ 5. 43.  6.]
 [ 5. 35.  9.]
 [ 4. 43. 16.]
 [ 5. 35. 16.]
 [ 4. 29. 25.]
 [ 2. 39. 36.]
 [ 2. 40. 43.]
 [ 4.  7. 60.]
 [ 7. 19.  5.]]","[0.8542941212654114, 0.7725358605384827, 0.7282077670097351, 0.5471301078796387, 0.5380582809448242, 0.44938167929649353, 0.4470572769641876, 0.4214169681072235, 0.41496148705482483, 0.4104755222797394, 0.40629681944847107, 0.3982732594013214, 0.39400726556777954, 0.3911633789539337, 0.38936880230903625, 0.3793632388114929, 0.3719559609889984, 0.3662581741809845]"
F1_N1,inner_val_6bba_t90_p10_zero_annotation,inner_val,6bba_bb9f20c3,90,zero_annotation,0.3,0,18,0,0,0,,,,0,,0,,"[[ 0.  5. 59.]
 [ 1. 45. 13.]
 [ 0.  4.  5.]
 [ 0. 21. 15.]
 [ 5. 59. 26.]
 [ 2. 45. 56.]
 [ 1. 59. 56.]
 [ 7. 60. 11.]
 [ 3. 59. 36.]
 [ 3. 59. 46.]
 [ 7. 47.  6.]
 [ 7. 23.  6.]
 [ 1.  7. 31.]
 [ 4.  9. 23.]
 [ 5.  5.  7.]
 [ 4. 21. 29.]
 [ 5. 47. 23.]
 [ 5. 39. 23.]]","[0.9247190356254578, 0.7503837943077087, 0.6343419551849365, 0.5270559191703796, 0.48685574531555176, 0.4637889266014099, 0.45497366786003113, 0.4509212076663971, 0.450113981962204, 0.44676509499549866, 0.4344900846481323, 0.4170167148113251, 0.4128192663192749, 0.39185425639152527, 0.3862544000148773, 0.3813936412334442, 0.38054323196411133, 0.3733258545398712]"
F1_N1,inner_val_44b6_t80_p01_crowded,inner_val,44b6_d29c9ab2,80,crowded,0.3,3,27,1,2,3,1.435937484105428,1.6750116348266602,0.8375058174133301,2,1.435937484105428,3,0.7167333662509918,"[[22. 45. 54.]
 [12. 29. 56.]
 [ 6. 49. 22.]
 [ 8. 21.  8.]
 [ 8.  9. 34.]
 [ 6.  4. 18.]
 [ 6.  4. 55.]
 [16. 32. 32.]
 [20. 19. 48.]
 [14. 47. 30.]
 [24. 11. 22.]
 [24. 62. 48.]
 [30. 32. 18.]
 [16. 62. 14.]
 [22. 29. 16.]
 [31. 59. 25.]
 [16. 33.  4.]
 [30. 13.  8.]
 [27. 60. 13.]
 [31. 60.  4.]
 [31.  5. 34.]
 [22.  4. 47.]
 [30. 47.  4.]
 [22. 41.  4.]
 [ 1. 27. 24.]
 [ 0. 51. 14.]
 [30. 11. 63.]]","[0.8107100129127502, 0.7855716943740845, 0.7810966968536377, 0.7541240453720093, 0.7127053737640381, 0.7006308436393738, 0.692020058631897, 0.6793426871299744, 0.6609672904014587, 0.6565709114074707, 0.6271290183067322, 0.6255514025688171, 0.6208769083023071, 0.5869919657707214, 0.5848304629325867, 0.5791202783584595, 0.5779823660850525, 0.5434150695800781, 0.5432844758033752, 0.5332958698272705, 0.4902050197124481, 0.4840202331542969, 0.4708452522754669, 0.4049915671348572, 0.36243975162506104, 0.35017600655555725, 0.3291322588920593]"
F1_N1,inner_val_44b6_t85_p02_crowded,inner_val,44b6_d29c9ab2,85,crowded,0.3,3,29,2,2,3,0.9932931065559387,0.9084026217460632,0.4542013108730316,2,0.9932931065559387,3,0.7600001990795135,"[[12. 29. 54.]
 [ 8. 15.  8.]
 [16. 32. 32.]
 [ 6. 43. 23.]
 [28. 35. 59.]
 [16. 30.  7.]
 [24. 53. 50.]
 [ 8.  6. 36.]
 [22. 25. 17.]
 [ 4. 35. 50.]
 [22. 41. 58.]
 [20. 17. 47.]
 [24.  9. 32.]
 [ 5. 62. 12.]
 [18. 55. 25.]
 [21. 62. 42.]
 [29.  7.  6.]
 [ 4.  3. 52.]
 [30. 54.  5.]
 [15. 62. 18.]
 [31. 22. 18.]
 [31. 59. 22.]
 [31. 40. 13.]
 [ 1. 59. 23.]
 [13. 62. 50.]
 [22.  1.  4.]
 [24.  1. 54.]
 [31. 52. 50.]
 [23. 39.  3.]]","[0.7726094722747803, 0.768101155757904, 0.751899242401123, 0.7257474064826965, 0.6749104857444763, 0.6649735569953918, 0.6575829386711121, 0.6426710486412048, 0.6261126399040222, 0.6064785122871399, 0.5740835666656494, 0.5707486271858215, 0.5704846978187561, 0.559332013130188, 0.5390742421150208, 0.5299762487411499, 0.5270993709564209, 0.5223145484924316, 0.5189869403839111, 0.5154528617858887, 0.5116972923278809, 0.5022047162055969, 0.5009180307388306, 0.46848300099372864, 0.4590173363685608, 0.43909260630607605, 0.40476924180984497, 0.3533608019351959, 0.3470522463321686]"
F1_N1,inner_val_44b6_t90_p03_crowded,inner_val,44b6_d29c9ab2,90,crowded,0.3,2,26,0,1,2,2.1495856642723083,2.1495856642723083,1.8616713285446167,1,2.1495856642723083,2,0.6819592714309692,"[[18.  5.  4.]
 [24. 34. 31.]
 [28. 45. 58.]
 [18. 38. 15.]
 [10. 47.  4.]
 [14. 19. 56.]
 [ 4. 30. 42.]
 [24.  5. 34.]
 [ 5. 61. 44.]
 [26. 33. 46.]
 [26. 59. 44.]
 [19. 60. 19.]
 [21. 59.  6.]
 [20. 17. 30.]
 [22. 34.  5.]
 [14. 12. 22.]
 [25. 59.  5.]
 [10. 51. 32.]
 [11. 62.  8.]
 [26. 22. 63.]
 [12. 32. 41.]
 [10. 46. 51.]
 [30.  3. 58.]
 [ 9. 29. 63.]
 [18. 37. 63.]
 [16.  1. 56.]]","[0.6877267360687256, 0.6819592714309692, 0.6605443954467773, 0.6588883996009827, 0.6482570171356201, 0.6462809443473816, 0.6446625590324402, 0.6379190683364868, 0.6283889412879944, 0.6272651553153992, 0.609596848487854, 0.5971962213516235, 0.5803990960121155, 0.5790262222290039, 0.5737870335578918, 0.5705185532569885, 0.5704154372215271, 0.5690779685974121, 0.5408238768577576, 0.5291451811790466, 0.5208349823951721, 0.5157109498977661, 0.5081440210342407, 0.4722948372364044, 0.3872516453266144, 0.35980138182640076]"
F1_N1,inner_val_44b6_t70_p04_crowded,inner_val,44b6_d29c9ab2,70,crowded,0.3,2,26,1,2,2,1.0649113655090332,1.0649113655090332,1.0649113655090332,2,1.0649113655090332,2,0.6361739933490753,"[[28. 29. 58.]
 [24.  7. 46.]
 [24. 34. 39.]
 [22. 33. 32.]
 [26. 51. 58.]
 [10. 17. 32.]
 [16. 52. 52.]
 [28.  9. 58.]
 [16. 11. 50.]
 [ 2. 17. 52.]
 [ 8. 39. 62.]
 [20. 50.  6.]
 [16. 13.  6.]
 [24. 11. 21.]
 [ 6. 26. 25.]
 [10. 19.  4.]
 [ 8. 62. 36.]
 [20. 16. 17.]
 [ 2. 58. 21.]
 [ 2. 37. 20.]
 [15. 35.  4.]
 [15. 47. 14.]
 [ 8.  1. 54.]
 [ 5. 62.  6.]
 [ 2.  1. 12.]
 [ 9. 51.  3.]]","[0.7720464468002319, 0.7715396285057068, 0.7638996243476868, 0.7636357545852661, 0.7336037158966064, 0.7313047647476196, 0.7225033640861511, 0.6961050629615784, 0.6772462725639343, 0.6611745357513428, 0.6170433759689331, 0.6117850542068481, 0.6027998924255371, 0.5937499403953552, 0.5842182636260986, 0.5624975562095642, 0.5553684234619141, 0.5358107686042786, 0.5217223167419434, 0.5087122321128845, 0.5020266771316528, 0.4659397602081299, 0.451585054397583, 0.42624369263648987, 0.40750208497047424, 0.32685354351997375]"
F1_N1,inner_val_44b6_t90_p05_isolated,inner_val,44b6_d29c9ab2,90,isolated,0.3,1,22,1,1,1,0.8125,0.8125,0.8125,1,0.8125,1,0.727922797203064,"[[ 4. 13. 28.]
 [20. 35. 55.]
 [16. 34. 32.]
 [10. 33. 16.]
 [ 4. 43. 46.]
 [ 6. 20. 59.]
 [10.  8. 11.]
 [16. 11. 35.]
 [ 8. 49. 62.]
 [14. 36. 47.]
 [10. 49. 28.]
 [22.  4. 50.]
 [22. 12. 29.]
 [11. 59.  6.]
 [20. 23. 18.]
 [17. 61. 63.]
 [21. 25. 26.]
 [14. 19.  4.]
 [ 5. 62. 40.]
 [ 1. 19.  4.]
 [ 1. 25. 59.]
 [ 7. 62. 24.]]","[0.8667438626289368, 0.7590782046318054, 0.727922797203064, 0.7044035792350769, 0.697304368019104, 0.6880888342857361, 0.6721668243408203, 0.6518176794052124, 0.6472669243812561, 0.6363601088523865, 0.6181980967521667, 0.6170389652252197, 0.6125811338424683, 0.612434446811676, 0.5741928815841675, 0.5681982636451721, 0.5670879483222961, 0.5372297167778015, 0.5179300904273987, 0.5166906714439392, 0.494497150182724, 0.4526554048061371]"
F1_N1,inner_val_44b6_t75_p06_isolated,inner_val,44b6_d29c9ab2,75,isolated,0.3,1,28,0,1,1,1.8616713285446167,1.8616713285446167,1.8616713285446167,1,1.8616713285446167,1,0.5704202055931091,"[[14. 33. 45.]
 [ 6.  8. 56.]
 [12. 23.  5.]
 [ 8. 46. 34.]
 [16.  4. 48.]
 [14. 23. 24.]
 [28. 53. 34.]
 [24.  6.  5.]
 [14.  5. 24.]
 [12. 43.  7.]
 [20. 34. 31.]
 [ 8. 50. 59.]
 [20.  7. 14.]
 [13. 61. 38.]
 [13. 59. 11.]
 [28. 23. 54.]
 [23. 59. 22.]
 [26. 27. 28.]
 [28.  6. 51.]
 [ 7. 62. 54.]
 [30. 52. 60.]
 [24. 39. 10.]
 [20. 47.  6.]
 [18. 43. 63.]
 [28. 38. 45.]
 [14. 27. 63.]
 [20. 27.  8.]
 [15. 61. 63.]]","[0.7511299252510071, 0.716852068901062, 0.6886138916015625, 0.6652553677558899, 0.622565746307373, 0.6146789193153381, 0.6076931953430176, 0.5984758138656616, 0.5770004391670227, 0.5767636895179749, 0.5704202055931091, 0.5610249638557434, 0.5552771687507629, 0.5543026328086853, 0.5315045118331909, 0.5312305688858032, 0.5275148153305054, 0.5227507948875427, 0.5122358798980713, 0.5016788244247437, 0.4961916506290436, 0.48407235741615295, 0.45926433801651, 0.4512753188610077, 0.4159417450428009, 0.3963291049003601, 0.3751721680164337, 0.32064634561538696]"
F1_N1,inner_val_44b6_t70_p07_isolated,inner_val,44b6_d29c9ab2,70,isolated,0.3,1,28,0,1,1,1.2846752405166626,1.2846752405166626,1.2846752405166626,1,1.2846752405166626,1,0.8037711381912231,"[[16. 33. 29.]
 [ 4. 52. 35.]
 [12. 26. 15.]
 [12.  4. 10.]
 [ 4. 24. 44.]
 [18. 11. 36.]
 [12. 16. 50.]
 [ 4. 22. 14.]
 [18. 51. 43.]
 [ 8. 60. 52.]
 [ 4.  4. 19.]
 [14. 59. 26.]
 [21. 61. 63.]
 [22.  7. 63.]
 [ 2. 31. 63.]
 [22. 34. 63.]
 [27. 25. 59.]
 [ 1. 59. 59.]
 [28. 11. 59.]
 [ 2.  4. 59.]
 [25. 61. 58.]
 [24. 41. 46.]
 [20.  4. 52.]
 [24. 31. 46.]
 [10. 35. 63.]
 [11. 62. 16.]
 [14.  3. 63.]
 [ 0. 51. 16.]]","[0.8037711381912231, 0.7688555717468262, 0.7500982880592346, 0.7397634387016296, 0.6894304752349854, 0.6889241337776184, 0.6805018186569214, 0.6582574248313904, 0.6511507630348206, 0.6259922385215759, 0.6127870678901672, 0.5673972964286804, 0.5410459637641907, 0.5293686985969543, 0.5162618160247803, 0.5092833042144775, 0.5085338950157166, 0.48897331953048706, 0.4822237491607666, 0.4763742685317993, 0.47002243995666504, 0.45198050141334534, 0.4450775384902954, 0.4299800395965576, 0.41783878207206726, 0.407095730304718, 0.36685317754745483, 0.352382630109787]"
F1_N1,inner_val_44b6_t70_p08_boundary,inner_val,44b6_d29c9ab2,70,boundary,0.3,1,34,1,1,1,0.40625,0.40625,0.40625,1,0.40625,1,0.753564178943634,"[[16. 11. 32.]
 [20. 23. 57.]
 [ 6. 35. 14.]
 [ 2.  6. 42.]
 [20. 11.  6.]
 [10. 25. 24.]
 [12. 39. 18.]
 [ 4. 41. 36.]
 [ 4. 24. 58.]
 [30.  6. 45.]
 [16. 50. 31.]
 [31. 33. 50.]
 [28. 31. 16.]
 [22. 45. 32.]
 [ 5. 62. 54.]
 [24. 41.  6.]
 [18. 41. 52.]
 [19. 35. 12.]
 [22. 35. 30.]
 [28.  5.  8.]
 [10. 11. 44.]
 [ 8. 57.  4.]
 [21. 62.  5.]
 [19. 57. 58.]
 [28. 30. 40.]
 [30. 57. 59.]
 [ 1. 60. 11.]
 [26. 53. 52.]
 [25. 62. 26.]
 [24.  1. 30.]
 [27. 15. 63.]
 [22.  3. 63.]
 [12.  4.  4.]
 [27. 18. 40.]]","[0.753564178943634, 0.7311790585517883, 0.7149140238761902, 0.703652560710907, 0.6761096715927124, 0.6729848384857178, 0.661444902420044, 0.6563763618469238, 0.6184165477752686, 0.6102465391159058, 0.6009948253631592, 0.5850182175636292, 0.5788450241088867, 0.5700204372406006, 0.5638339519500732, 0.5602781772613525, 0.5532597303390503, 0.5497646331787109, 0.5479981899261475, 0.5284438133239746, 0.5218279957771301, 0.5102541446685791, 0.5061882138252258, 0.5051335692405701, 0.5028286576271057, 0.49132201075553894, 0.4912011921405792, 0.4811157286167145, 0.4664854407310486, 0.45755288004875183, 0.4422702193260193, 0.4216144382953644, 0.35313156247138977, 0.33469733595848083]"
F1_N1,inner_val_44b6_t90_p09_zero_annotation,inner_val,44b6_d29c9ab2,90,zero_annotation,0.3,0,33,0,0,0,,,,0,,0,,"[[20. 16. 50.]
 [14. 43. 28.]
 [10. 25. 58.]
 [28. 44. 14.]
 [ 8. 41. 54.]
 [ 5. 59.  8.]
 [24. 33.  6.]
 [12.  9. 34.]
 [18.  8.  7.]
 [30. 31. 28.]
 [20. 49. 35.]
 [30. 51. 44.]
 [28. 19. 10.]
 [12. 23. 21.]
 [ 2. 11. 16.]
 [ 4. 36. 15.]
 [15. 62. 16.]
 [31. 18. 42.]
 [12.  7. 62.]
 [31. 62. 58.]
 [24. 62.  4.]
 [26. 27. 63.]
 [31.  6. 33.]
 [31. 37. 53.]
 [ 6. 25. 20.]
 [24. 11.  4.]
 [21. 61. 37.]
 [24. 47. 54.]
 [15. 21.  4.]
 [27. 62. 24.]
 [31. 62. 32.]
 [14. 40.  4.]
 [ 2. 53. 57.]]","[0.8170291185379028, 0.7783560156822205, 0.719730794429779, 0.6684732437133789, 0.5916048884391785, 0.5877401828765869, 0.5747627019882202, 0.5660308003425598, 0.5626922249794006, 0.5558120608329773, 0.5512553453445435, 0.5399008393287659, 0.5334500670433044, 0.529394805431366, 0.5241033434867859, 0.5210422873497009, 0.5156473517417908, 0.5139009356498718, 0.5072304606437683, 0.5012127757072449, 0.4955686926841736, 0.4931512773036957, 0.4929887056350708, 0.4844508767127991, 0.47362878918647766, 0.46530845761299133, 0.43680766224861145, 0.4305301606655121, 0.41383126378059387, 0.3958991765975952, 0.36146071553230286, 0.3315390944480896, 0.3172336220741272]"
F1_N1,inner_val_44b6_t70_p10_zero_annotation,inner_val,44b6_d29c9ab2,70,zero_annotation,0.3,0,17,0,0,0,,,,0,,0,,"[[14.  9. 57.]
 [ 5. 61. 59.]
 [12.  9. 35.]
 [12. 10. 22.]
 [ 1. 36. 63.]
 [12. 39. 54.]
 [ 3. 61. 21.]
 [ 3. 59. 31.]
 [ 3. 59. 43.]
 [ 3.  7. 56.]
 [ 5. 35. 58.]
 [ 5. 43. 58.]
 [ 5.  7. 26.]
 [ 5. 31. 46.]
 [ 5. 43. 47.]
 [ 3. 47. 35.]
 [ 5. 23. 42.]]","[0.5143910050392151, 0.4158383011817932, 0.3868676722049713, 0.3867802023887634, 0.3739677965641022, 0.36871272325515747, 0.368120938539505, 0.3674347698688507, 0.3663683235645294, 0.3525528311729431, 0.3485927879810333, 0.3429558575153351, 0.328609436750412, 0.31443196535110474, 0.3134435713291168, 0.3132528066635132, 0.31266891956329346]"
F1_N1,held_out_val_6bba_t20_p01_crowded,held_out_val,6bba_43fea39d,20,crowded,0.3,3,16,0,0,0,6.199717839558919,6.525341033935547,,0,,0,,"[[20. 41. 56.]
 [30. 35. 36.]
 [22. 51. 12.]
 [20. 33. 30.]
 [10. 54. 59.]
 [30. 42. 59.]
 [19. 59. 27.]
 [ 7. 57. 46.]
 [31. 47.  4.]
 [15. 62. 23.]
 [ 3. 62. 43.]
 [ 8. 55. 14.]
 [31. 50. 21.]
 [ 1. 50. 59.]
 [31. 19.  4.]
 [ 1. 62. 24.]]","[0.7999812364578247, 0.6352083683013916, 0.631952166557312, 0.6233564615249634, 0.6219176650047302, 0.6167080402374268, 0.5515952706336975, 0.5281602740287781, 0.5225790143013, 0.5210620760917664, 0.515289306640625, 0.5053146481513977, 0.42032480239868164, 0.40654197335243225, 0.386086106300354, 0.38237231969833374]"
F1_N1,held_out_val_6bba_t35_p02_crowded,held_out_val,6bba_43fea39d,35,crowded,0.3,3,13,0,1,2,3.6416361729303994,2.4375,1.8616713285446167,1,2.1495856642723083,2,0.5122341513633728,"[[16. 44. 48.]
 [26. 40. 28.]
 [30. 27. 56.]
 [ 2. 62. 44.]
 [31. 15. 13.]
 [ 2. 43. 18.]
 [30.  9. 27.]
 [22. 51. 10.]
 [20. 29. 33.]
 [31. 43. 10.]
 [ 9. 57. 14.]
 [11. 35. 19.]
 [11. 49. 63.]]","[0.690635621547699, 0.6505319476127625, 0.6323406100273132, 0.5669177174568176, 0.5142456293106079, 0.5122341513633728, 0.5068308115005493, 0.47637978196144104, 0.4728074371814728, 0.4409938454627991, 0.43926459550857544, 0.4327634871006012, 0.3842470347881317]"
F1_N1,held_out_val_6bba_t50_p03_crowded,held_out_val,6bba_43fea39d,50,crowded,0.3,2,13,0,1,2,2.0049415230751038,2.0049415230751038,1.2846752405166626,1,2.0049415230751038,2,0.7251983284950256,"[[ 2. 35. 54.]
 [ 9. 60. 45.]
 [26. 52. 40.]
 [14. 49. 58.]
 [30. 23. 47.]
 [19. 62. 31.]
 [10. 62. 24.]
 [20. 53. 63.]
 [24. 51. 63.]
 [21. 23. 50.]
 [15. 19. 46.]
 [23. 11. 56.]
 [ 1. 62. 41.]]","[0.7251983284950256, 0.6990124583244324, 0.6955099701881409, 0.6505261063575745, 0.6016951203346252, 0.597687840461731, 0.5494698882102966, 0.5237715840339661, 0.4917255640029907, 0.4600066542625427, 0.45409736037254333, 0.4391252100467682, 0.4282548427581787]"
F1_N1,held_out_val_6bba_t20_p04_crowded,held_out_val,6bba_43fea39d,20,crowded,0.3,2,12,1,1,1,5.148251056671143,5.148251056671143,0.8125,1,0.8125,1,0.48075437545776367,"[[ 2. 25. 58.]
 [18. 57. 34.]
 [31. 59. 28.]
 [20. 47. 58.]
 [ 2. 45. 13.]
 [ 8. 55. 56.]
 [13. 60. 63.]
 [ 7. 56. 21.]
 [31. 54. 59.]
 [ 3. 63. 57.]
 [ 3. 59. 48.]
 [17. 62.  5.]]","[0.7914042472839355, 0.7417780160903931, 0.6801873445510864, 0.6649795770645142, 0.5942434668540955, 0.5821418762207031, 0.5379886627197266, 0.48075437545776367, 0.4652325510978699, 0.45859354734420776, 0.4542188346385956, 0.4269092381000519]"
F1_N1,held_out_val_6bba_t80_p05_isolated,held_out_val,6bba_43fea39d,80,isolated,0.3,1,8,0,0,0,5.1547346115112305,5.1547346115112305,,0,,0,,"[[28. 55. 59.]
 [14. 38. 22.]
 [ 9. 61. 15.]
 [29. 59. 27.]
 [14. 33. 36.]
 [14. 32. 43.]
 [ 1. 61. 42.]
 [ 9. 41. 58.]]","[0.635311484336853, 0.620206892490387, 0.6041269898414612, 0.5953696370124817, 0.5047107338905334, 0.5041249990463257, 0.49341583251953125, 0.4480784237384796]"
F1_N1,held_out_val_6bba_t35_p06_isolated,held_out_val,6bba_43fea39d,35,isolated,0.3,1,12,0,0,0,8.325647354125977,8.325647354125977,,0,,0,,"[[20. 27. 44.]
 [ 4. 36. 30.]
 [14. 32. 38.]
 [24. 35. 10.]
 [ 8. 15. 16.]
 [31. 29. 10.]
 [30. 31. 26.]
 [28. 30. 15.]
 [21. 15. 25.]
 [31. 27. 34.]
 [16. 18. 19.]
 [15. 29. 59.]]","[0.6514419913291931, 0.6408769488334656, 0.6033108830451965, 0.5702744722366333, 0.5334099531173706, 0.5120933055877686, 0.4968479573726654, 0.49614569544792175, 0.4893462359905243, 0.47631314396858215, 0.4761137366294861, 0.36489319801330566]"
F1_N1,held_out_val_6bba_t35_p07_isolated,held_out_val,6bba_43fea39d,35,isolated,0.3,1,14,0,0,1,2.725207805633545,2.725207805633545,,0,2.725207805633545,1,,"[[24. 46. 39.]
 [24. 54.  6.]
 [10. 49. 44.]
 [31. 39. 40.]
 [ 9. 62. 16.]
 [ 2. 39. 24.]
 [16. 38. 29.]
 [12. 29. 35.]
 [17. 62.  8.]
 [ 3. 62. 22.]
 [ 3. 62.  9.]
 [30. 62.  6.]
 [31. 30. 59.]
 [ 2. 52. 57.]]","[0.6311925053596497, 0.5983330011367798, 0.5954258441925049, 0.59128338098526, 0.5769433975219727, 0.5735485553741455, 0.5606778264045715, 0.5567925572395325, 0.5220052003860474, 0.5170857310295105, 0.5110383033752441, 0.4713711738586426, 0.44905683398246765, 0.3775641918182373]"
F1_N1,held_out_val_6bba_t80_p08_isolated,held_out_val,6bba_43fea39d,80,isolated,0.3,1,15,0,0,0,7.141223430633545,7.141223430633545,,0,,0,,"[[23. 59. 47.]
 [20. 35. 22.]
 [14. 39. 18.]
 [10. 39. 17.]
 [20. 31. 40.]
 [31. 43. 42.]
 [11. 62. 42.]
 [27. 62.  6.]
 [ 5. 62. 58.]
 [11. 30. 37.]
 [11. 27. 24.]
 [ 9. 43. 54.]
 [31. 59. 42.]
 [31. 61.  5.]
 [13. 61. 63.]]","[0.655053973197937, 0.612263023853302, 0.6000089049339294, 0.5701203346252441, 0.5672999024391174, 0.5536879897117615, 0.5201258659362793, 0.4903751313686371, 0.48013216257095337, 0.4730486571788788, 0.469629168510437, 0.4530675411224365, 0.4390772581100464, 0.4296166002750397, 0.324283242225647]"
F1_N1,held_out_val_6bba_t20_p09_boundary,held_out_val,6bba_43fea39d,20,boundary,0.3,1,12,1,1,1,0.9084026217460632,0.9084026217460632,0.9084026217460632,1,0.9084026217460632,1,0.6390268802642822,"[[15. 61. 59.]
 [30. 30. 53.]
 [31. 18. 59.]
 [31. 25. 38.]
 [ 7. 62. 31.]
 [31. 36. 63.]
 [25. 59. 46.]
 [31. 61. 28.]
 [31. 59. 36.]
 [31. 59. 54.]
 [ 6. 53. 53.]
 [21. 44. 59.]]","[0.8712064027786255, 0.6390268802642822, 0.6022366285324097, 0.598581075668335, 0.582009494304657, 0.5763834714889526, 0.5746191740036011, 0.5685995817184448, 0.5557446479797363, 0.5344493389129639, 0.49911418557167053, 0.45361852645874023]"
F1_N1,held_out_val_6bba_t50_p10_boundary,held_out_val,6bba_43fea39d,50,boundary,0.3,1,10,0,0,0,3.6787502765655518,3.6787502765655518,,0,,0,,"[[30. 35. 29.]
 [25. 61. 56.]
 [20. 35. 24.]
 [31. 62. 34.]
 [31. 62. 27.]
 [25. 19. 25.]
 [27. 45. 63.]
 [15. 62. 56.]
 [21. 62. 22.]
 [ 2. 62. 62.]]","[0.7051730751991272, 0.6369208097457886, 0.6354500651359558, 0.5906039476394653, 0.5880430936813354, 0.46514907479286194, 0.457731157541275, 0.4390279948711395, 0.43402186036109924, 0.3990934491157532]"
F1_N1,held_out_val_6bba_t35_p11_zero_annotation,held_out_val,6bba_43fea39d,35,zero_annotation,0.3,0,38,0,0,0,,,,0,,0,,"[[31. 59. 59.]
 [31. 58. 19.]
 [10. 52. 59.]
 [31. 60.  5.]
 [31. 55. 42.]
 [31. 44. 33.]
 [31. 47. 50.]
 [31. 24. 57.]
 [13. 59. 61.]
 [31. 35. 39.]
 [31. 38. 57.]
 [10. 60. 12.]
 [ 5. 60. 59.]
 [10. 59. 41.]
 [17. 60. 55.]
 [10. 61. 27.]
 [20. 32. 40.]
 [ 5. 59. 42.]
 [25. 59. 58.]
 [27. 13. 39.]
 [ 8. 27. 62.]
 [31. 31. 28.]
 [21. 60. 60.]
 [29.  5. 61.]
 [ 2. 35. 62.]
 [31. 16. 28.]
 [17. 45. 61.]
 [28. 18.  4.]
 [31. 23. 30.]
 [21. 56. 33.]
 [15. 60. 22.]
 [31. 15. 14.]
 [ 9. 37. 21.]
 [22. 31. 49.]
 [15. 30. 62.]
 [25. 61.  5.]
 [20. 38.  8.]
 [21. 34. 29.]]","[0.6226596236228943, 0.6002984642982483, 0.5963144302368164, 0.5899824500083923, 0.5839117765426636, 0.5458571314811707, 0.526979386806488, 0.5244560837745667, 0.5019736886024475, 0.49136948585510254, 0.4902971684932709, 0.4895079731941223, 0.4858763813972473, 0.4688481092453003, 0.46786949038505554, 0.46479663252830505, 0.4475345015525818, 0.4443863034248352, 0.4412041902542114, 0.43516355752944946, 0.4283977150917053, 0.42515838146209717, 0.4050348997116089, 0.3859404921531677, 0.3832296133041382, 0.38287803530693054, 0.3778254985809326, 0.37730729579925537, 0.3760583698749542, 0.36058637499809265, 0.3573814928531647, 0.35690152645111084, 0.34545716643333435, 0.3351329565048218, 0.3222551643848419, 0.3204268217086792, 0.31897178292274475, 0.31522709131240845]"
F1_N1,held_out_val_6bba_t65_p12_zero_annotation,held_out_val,6bba_43fea39d,65,zero_annotation,0.3,0,20,0,0,0,,,,0,,0,,"[[10.  9. 58.]
 [ 7.  5.  6.]
 [31.  9.  7.]
 [16.  7.  5.]
 [ 7.  5. 23.]
 [31.  6. 25.]
 [ 2.  5. 10.]
 [29.  7. 59.]
 [16.  9. 20.]
 [31.  5. 43.]
 [31. 23. 41.]
 [31. 28. 26.]
 [ 8. 28. 29.]
 [ 7. 23. 21.]
 [ 5. 10. 60.]
 [31. 28.  6.]
 [31. 22. 16.]
 [22.  8. 38.]
 [10. 21. 46.]
 [24. 31.  4.]]","[0.5468448996543884, 0.5231356024742126, 0.5217992067337036, 0.4972718358039856, 0.4647180140018463, 0.4594140350818634, 0.4530756175518036, 0.4452684819698334, 0.4447610080242157, 0.43063005805015564, 0.41157907247543335, 0.3789139688014984, 0.37598052620887756, 0.3682183027267456, 0.35677778720855713, 0.3567202687263489, 0.35598722100257874, 0.3412809669971466, 0.3181004524230957, 0.3038458526134491]"
F1_N2,train_6bba_t15_p01_crowded,train,6bba_bb9f20c3,15,crowded,0.3,2,22,0,1,1,2.6544083952903748,2.6544083952903748,1.8616713285446167,1,1.8616713285446167,1,0.6230151653289795,"[[ 6. 24. 40.]
 [ 2.  6. 48.]
 [14. 42. 40.]
 [18. 48. 24.]
 [12. 19. 16.]
 [16. 22. 20.]
 [14.  4. 46.]
 [ 8. 48. 30.]
 [20. 61.  5.]
 [ 6.  6. 62.]
 [ 2. 52. 54.]
 [12. 53. 12.]
 [20. 16. 29.]
 [ 2.  9.  6.]
 [16. 62. 56.]
 [ 3. 61. 33.]
 [ 9. 46.  5.]
 [18.  1. 16.]
 [ 5. 62.  6.]
 [ 9. 62. 44.]
 [12. 30. 63.]
 [ 1. 50.  3.]]","[0.7384573221206665, 0.6964989304542542, 0.6590673327445984, 0.6559237241744995, 0.6511082649230957, 0.6499682068824768, 0.6230151653289795, 0.6103670597076416, 0.6090314984321594, 0.5944913625717163, 0.5837793350219727, 0.5405548214912415, 0.5312480926513672, 0.5057467222213745, 0.47086939215660095, 0.459787517786026, 0.45502302050590515, 0.44361618161201477, 0.43538281321525574, 0.3627821207046509, 0.35368162393569946, 0.3107437491416931]"
F1_N2,train_6bba_t35_p02_crowded,train,6bba_bb9f20c3,35,crowded,0.3,2,20,0,1,2,2.1663967967033386,2.1663967967033386,1.8616713285446167,1,2.1663967967033386,2,0.4850090444087982,"[[10. 51. 25.]
 [10. 35. 53.]
 [14.  7. 39.]
 [12. 14. 62.]
 [14. 18. 14.]
 [18. 31. 35.]
 [16. 52. 51.]
 [20.  5. 56.]
 [24. 22.  6.]
 [ 9. 62.  8.]
 [24.  5.  5.]
 [22. 24. 18.]
 [ 8. 31. 38.]
 [16. 59.  5.]
 [13. 62. 62.]
 [ 9. 60. 47.]
 [ 6. 52. 63.]
 [ 1. 27. 54.]
 [ 2. 11. 54.]
 [21. 45.  4.]]","[0.8011829257011414, 0.7562132477760315, 0.7526582479476929, 0.7477818131446838, 0.7407020926475525, 0.7180962562561035, 0.6662393808364868, 0.6389140486717224, 0.6246089935302734, 0.5336118936538696, 0.5253491997718811, 0.4980691373348236, 0.4893275201320648, 0.4850090444087982, 0.46911126375198364, 0.4524763226509094, 0.45044487714767456, 0.34605318307876587, 0.3311662971973419, 0.3281647861003876]"
F1_N2,train_6bba_t40_p03_crowded,train,6bba_bb9f20c3,40,crowded,0.3,2,20,2,2,2,0.6573263108730316,0.6573263108730316,0.6573263108730316,2,0.6573263108730316,2,0.6126382052898407,"[[24. 14. 15.]
 [15. 61. 47.]
 [14. 30. 55.]
 [ 8. 34. 55.]
 [18. 45. 27.]
 [24. 32.  4.]
 [22. 52.  6.]
 [12. 37. 18.]
 [16. 34. 33.]
 [22. 20. 34.]
 [24. 62. 14.]
 [27. 48. 32.]
 [27. 59. 27.]
 [10. 42. 34.]
 [24.  6. 35.]
 [16.  2. 38.]
 [16.  3. 13.]
 [20. 16.  3.]
 [20.  4. 36.]
 [ 5. 62.  4.]]","[0.7040844559669495, 0.6829590797424316, 0.6752395629882812, 0.664280116558075, 0.6603980660438538, 0.6451661586761475, 0.6387761831283569, 0.6359871625900269, 0.5865002274513245, 0.5724262595176697, 0.5718785524368286, 0.5340855717658997, 0.5063424706459045, 0.4847792088985443, 0.4666142463684082, 0.45765402913093567, 0.4496661424636841, 0.4324040412902832, 0.4236336052417755, 0.3140719532966614]"
F1_N2,train_6bba_t45_p04_crowded,train,6bba_bb9f20c3,45,crowded,0.3,3,20,1,2,2,2.6908419926961265,1.6750116348266602,1.24375581741333,2,1.24375581741333,2,0.583465188741684,"[[24. 25. 13.]
 [24. 12. 42.]
 [10. 47. 53.]
 [16. 23. 49.]
 [14.  5. 49.]
 [15. 61. 43.]
 [22.  4. 62.]
 [16.  3. 62.]
 [16. 50. 62.]
 [25. 60.  6.]
 [14. 32. 34.]
 [23. 61. 15.]
 [22. 39. 34.]
 [16. 38. 17.]
 [23. 50. 62.]
 [13. 62.  6.]
 [21. 62. 50.]
 [17. 62. 30.]
 [20.  3. 32.]
 [31. 12.  3.]]","[0.7290540337562561, 0.727039635181427, 0.6780350208282471, 0.6714553236961365, 0.6094275712966919, 0.6008341312408447, 0.5972858667373657, 0.5947612524032593, 0.5910034775733948, 0.5885189771652222, 0.5873097777366638, 0.5796205997467041, 0.5707224011421204, 0.5671132802963257, 0.5655086040496826, 0.48521047830581665, 0.4464813768863678, 0.44321781396865845, 0.40532711148262024, 0.31527793407440186]"
F1_N2,train_6bba_t55_p05_crowded,train,6bba_bb9f20c3,55,crowded,0.3,2,18,1,1,1,2.4375,2.4375,0.0,1,0.0,1,0.7008506059646606,"[[ 4. 32. 32.]
 [ 4. 14. 55.]
 [14. 12. 21.]
 [ 8. 27. 19.]
 [ 2. 43. 53.]
 [19. 18.  5.]
 [ 8. 36. 50.]
 [ 8. 51. 21.]
 [12. 45.  4.]
 [ 2.  9. 35.]
 [ 6. 62. 62.]
 [ 7. 14. 13.]
 [ 3. 36. 11.]
 [ 5. 63. 34.]
 [ 6.  1. 28.]
 [14. 62.  8.]
 [ 5. 62.  4.]
 [ 7. 30.  5.]]","[0.7008506059646606, 0.6941558718681335, 0.6327372789382935, 0.6245698928833008, 0.6210246086120605, 0.5170338153839111, 0.5119472146034241, 0.501577615737915, 0.5013831853866577, 0.4796806871891022, 0.45743802189826965, 0.4565315842628479, 0.42133229970932007, 0.4199310839176178, 0.3964371383190155, 0.3711625039577484, 0.37069419026374817, 0.3622727394104004]"
F1_N2,train_6bba_t55_p06_crowded,train,6bba_bb9f20c3,55,crowded,0.3,3,22,2,2,2,1.260271946589152,0.40625,0.203125,2,0.203125,2,0.5840749442577362,"[[22. 30. 14.]
 [16. 31. 32.]
 [16. 53. 51.]
 [24.  7. 45.]
 [26. 52. 27.]
 [12. 18. 42.]
 [16. 14. 62.]
 [26. 18. 17.]
 [18. 25.  4.]
 [ 7. 51. 62.]
 [10. 54. 36.]
 [21. 53. 31.]
 [ 7. 24. 62.]
 [16.  4. 10.]
 [19. 60.  4.]
 [25.  4. 24.]
 [13. 42.  3.]
 [23. 11.  4.]
 [29. 62.  4.]
 [13.  2. 63.]
 [13. 60. 63.]
 [30. 34.  3.]]","[0.6650683283805847, 0.6588132381439209, 0.6355961561203003, 0.6332996487617493, 0.6306356191635132, 0.6125771999359131, 0.592509388923645, 0.5621345639228821, 0.543876051902771, 0.5126212239265442, 0.5125350952148438, 0.5093366503715515, 0.5042458772659302, 0.48897188901901245, 0.48301059007644653, 0.450101763010025, 0.43046170473098755, 0.42593157291412354, 0.38681986927986145, 0.37828242778778076, 0.3730909526348114, 0.30725955963134766]"
F1_N2,train_6bba_t15_p07_crowded,train,6bba_bb9f20c3,15,crowded,0.3,3,27,1,2,2,2.7697611649831138,1.8616713285446167,1.2180978059768677,2,1.2180978059768677,2,0.5938128530979156,"[[14. 12.  4.]
 [10.  5. 54.]
 [24. 36. 31.]
 [22. 27. 32.]
 [28. 25.  8.]
 [16. 21. 51.]
 [10. 31. 34.]
 [ 5. 60. 48.]
 [ 6. 40. 53.]
 [27. 61. 33.]
 [13. 62. 62.]
 [14. 46.  5.]
 [12. 40. 17.]
 [14. 38. 54.]
 [20.  3. 47.]
 [22. 44. 51.]
 [21. 56. 38.]
 [21. 42.  3.]
 [15. 62. 42.]
 [28. 51. 42.]
 [ 7. 18. 37.]
 [29. 45.  4.]
 [27.  4.  4.]
 [13.  4. 31.]
 [ 9. 62. 24.]
 [13. 60. 23.]
 [10. 62.  4.]]","[0.6555582880973816, 0.6492947340011597, 0.6262446045875549, 0.6043317317962646, 0.5999426245689392, 0.57899010181427, 0.5320674180984497, 0.5104259252548218, 0.5058990716934204, 0.505068302154541, 0.500953733921051, 0.49187999963760376, 0.4818516969680786, 0.4715751111507416, 0.4682762622833252, 0.45872244238853455, 0.4572121202945709, 0.4395947754383087, 0.43379324674606323, 0.4277293384075165, 0.4205264747142792, 0.4121733605861664, 0.40278860926628113, 0.3823736608028412, 0.38035163283348083, 0.35373446345329285, 0.3121613562107086]"
F1_N2,train_6bba_t25_p08_crowded,train,6bba_bb9f20c3,25,crowded,0.3,4,29,3,4,4,0.7349131554365158,0.8604513108730316,0.7349131554365158,4,0.7349131554365158,4,0.6180798262357712,"[[ 6. 40. 26.]
 [ 6.  5. 50.]
 [20. 12. 20.]
 [22. 51. 21.]
 [20. 17. 48.]
 [10. 38. 50.]
 [19. 61. 35.]
 [24. 33. 33.]
 [14. 33. 19.]
 [16. 32.  5.]
 [11. 61. 59.]
 [18. 51. 17.]
 [27. 28.  5.]
 [13. 61. 27.]
 [ 2. 48. 57.]
 [10. 54.  3.]
 [ 6.  5. 33.]
 [12.  3. 42.]
 [29. 12.  7.]
 [30. 53.  5.]
 [11. 20. 11.]
 [ 5. 62. 22.]
 [15. 27. 44.]
 [ 1. 62. 34.]
 [17. 36. 63.]
 [19.  4. 37.]
 [10.  2. 63.]
 [28. 46. 39.]
 [17. 52. 63.]]","[0.7080506682395935, 0.6695656180381775, 0.6671237349510193, 0.6525321006774902, 0.6436720490455627, 0.628864049911499, 0.6254497170448303, 0.585792064666748, 0.5646013021469116, 0.5508818030357361, 0.5220980048179626, 0.5149906277656555, 0.5142565369606018, 0.4979928433895111, 0.48310086131095886, 0.4630287289619446, 0.4627189040184021, 0.4528639316558838, 0.4434453547000885, 0.4430699646472931, 0.4176870882511139, 0.3997885584831238, 0.37741702795028687, 0.3760647177696228, 0.35433879494667053, 0.35301506519317627, 0.317375123500824, 0.3046264052391052, 0.3044995367527008]"
F1_N2,train_6bba_t10_p09_crowded,train,6bba_bb9f20c3,10,crowded,0.3,2,13,1,1,1,2.974916309118271,2.974916309118271,0.9084026217460632,1,0.9084026217460632,1,0.5529822707176208,"[[ 2. 31. 27.]
 [ 4. 11. 53.]
 [ 4. 52. 53.]
 [18. 28. 23.]
 [14. 22. 39.]
 [ 6. 28. 55.]
 [ 8. 13. 13.]
 [ 1. 61.  5.]
 [12. 36. 11.]
 [ 0. 28. 63.]
 [ 9. 62. 16.]
 [ 8.  1. 36.]
 [15.  3. 34.]]","[0.6455370187759399, 0.6454278230667114, 0.6328244209289551, 0.6229256391525269, 0.6155083179473877, 0.575315535068512, 0.5630728602409363, 0.5529822707176208, 0.5479297041893005, 0.5041980743408203, 0.46732649207115173, 0.4095612168312073, 0.33831360936164856]"
F1_N2,train_6bba_t40_p10_crowded,train,6bba_bb9f20c3,40,crowded,0.3,2,20,0,1,2,1.8975247144699097,1.8975247144699097,1.7235727310180664,1,1.8975247144699097,2,0.5548100471496582,"[[16. 50. 26.]
 [18. 12. 16.]
 [10. 18. 16.]
 [ 6. 39. 35.]
 [ 8. 30. 54.]
 [ 3. 60. 62.]
 [11. 60. 53.]
 [15. 31. 33.]
 [12. 55. 18.]
 [ 7. 61. 15.]
 [12. 19. 54.]
 [19. 60. 18.]
 [12. 10. 40.]
 [ 7. 10. 55.]
 [18. 33.  3.]
 [ 3. 62. 30.]
 [24.  3.  3.]
 [22.  3. 27.]
 [22. 41.  4.]
 [18.  4. 63.]]","[0.7071076035499573, 0.68671053647995, 0.6489920616149902, 0.6452385783195496, 0.6410585045814514, 0.5970583558082581, 0.5689748525619507, 0.5548100471496582, 0.551979124546051, 0.5463784337043762, 0.5386239290237427, 0.512816309928894, 0.5061089992523193, 0.4515751302242279, 0.44049352407455444, 0.42486175894737244, 0.4241546392440796, 0.41311973333358765, 0.39469072222709656, 0.3648187220096588]"
F1_N2,train_6bba_t35_p11_crowded,train,6bba_bb9f20c3,35,crowded,0.3,3,26,2,2,2,1.9580673774083455,0.8125,0.6935121417045593,2,0.6935121417045593,2,0.706946611404419,"[[22. 24. 10.]
 [16. 33. 31.]
 [ 8. 16. 46.]
 [ 8. 44. 50.]
 [ 2.  6. 44.]
 [12. 10. 18.]
 [15. 61. 51.]
 [ 4.  6. 54.]
 [11. 61. 31.]
 [ 2. 41. 20.]
 [ 6. 16. 14.]
 [20. 44. 22.]
 [21.  7. 23.]
 [18. 44.  4.]
 [17. 61. 23.]
 [ 5. 60. 45.]
 [13. 32.  7.]
 [27. 61. 13.]
 [10. 20. 62.]
 [17. 28. 62.]
 [ 1. 62. 20.]
 [18.  1. 44.]
 [16.  6. 62.]
 [21. 24. 55.]
 [14.  3. 42.]
 [ 5. 62. 62.]]","[0.7614047527313232, 0.7077235579490662, 0.7061696648597717, 0.6960398554801941, 0.6667037606239319, 0.6579994559288025, 0.6331051588058472, 0.5811994075775146, 0.5566368699073792, 0.5500218868255615, 0.5429533123970032, 0.5408698320388794, 0.5367990136146545, 0.536494791507721, 0.5306439995765686, 0.5265649557113647, 0.4644385874271393, 0.46386054158210754, 0.46047690510749817, 0.44548240303993225, 0.4338573217391968, 0.395127534866333, 0.3885839879512787, 0.38646408915519714, 0.36495324969291687, 0.3480690121650696]"
F1_N2,train_6bba_t45_p12_crowded,train,6bba_bb9f20c3,45,crowded,0.3,3,27,1,2,2,2.0928392807642617,1.7235727310180664,1.1490485072135925,2,1.1490485072135925,2,0.7277114689350128,"[[16. 31. 31.]
 [22. 34.  6.]
 [ 8. 43. 43.]
 [10. 11. 34.]
 [22. 12. 22.]
 [14. 14. 14.]
 [14.  8. 38.]
 [12. 46. 23.]
 [ 6.  4. 58.]
 [10. 25. 57.]
 [ 3. 61. 27.]
 [ 2. 32. 22.]
 [ 7. 61. 51.]
 [17. 61. 19.]
 [10. 62. 34.]
 [ 0. 23. 62.]
 [13. 60. 58.]
 [19. 62. 36.]
 [16. 30. 57.]
 [18.  7. 51.]
 [18. 50.  5.]
 [21. 42. 23.]
 [23. 62. 14.]
 [13. 42.  3.]
 [ 7. 62.  4.]
 [11.  2. 63.]
 [22. 31. 48.]]","[0.7546889781951904, 0.7540827393531799, 0.7262305617332458, 0.7007339596748352, 0.6776522994041443, 0.660456120967865, 0.6256318688392639, 0.6140517592430115, 0.5864459276199341, 0.5657522678375244, 0.5480808615684509, 0.5476637482643127, 0.5227693319320679, 0.5157288908958435, 0.5049943923950195, 0.49729040265083313, 0.49439921975135803, 0.4841201901435852, 0.4626927673816681, 0.45529019832611084, 0.4469551146030426, 0.4390820562839508, 0.4270453155040741, 0.4162450432777405, 0.41400378942489624, 0.3184109926223755, 0.3074148893356323]"
F1_N2,train_6bba_t20_p13_crowded,train,6bba_bb9f20c3,20,crowded,0.3,3,19,2,2,2,2.315580209096273,0.40625,0.40625,2,0.40625,2,0.5337844789028168,"[[12.  9. 41.]
 [ 4. 21. 57.]
 [12. 39.  9.]
 [ 8. 32. 48.]
 [12. 60. 29.]
 [10. 23. 20.]
 [ 4. 26. 26.]
 [10.  7. 16.]
 [ 4. 50. 63.]
 [16. 32. 33.]
 [17. 62.  4.]
 [ 3. 60. 33.]
 [ 2. 47. 54.]
 [19. 45. 13.]
 [ 7. 55.  8.]
 [ 3. 55.  8.]
 [15. 16.  3.]
 [14. 20. 63.]
 [21. 17.  4.]]","[0.7286688685417175, 0.6902827024459839, 0.6749239563941956, 0.6426364183425903, 0.6321536302566528, 0.6060874462127686, 0.5930898189544678, 0.577771782875061, 0.5487722754478455, 0.5357102155685425, 0.5346081256866455, 0.5318587422370911, 0.5071107745170593, 0.5006445050239563, 0.4861140251159668, 0.47569578886032104, 0.40997859835624695, 0.38348090648651123, 0.32401901483535767]"
F1_N2,train_6bba_t20_p14_crowded,train,6bba_bb9f20c3,20,crowded,0.3,3,30,1,2,2,1.699379523595174,1.7235727310180664,0.8617863655090332,2,0.8617863655090332,2,0.6898486316204071,"[[12.  9. 47.]
 [16. 32.  9.]
 [ 4.  8. 33.]
 [ 4. 42. 37.]
 [ 8. 12. 35.]
 [16. 31. 34.]
 [ 8. 39. 58.]
 [10. 38. 30.]
 [21. 62.  6.]
 [24. 13.  4.]
 [ 5. 60. 55.]
 [ 2. 47. 13.]
 [ 4.  4. 51.]
 [20. 52. 27.]
 [13. 18. 23.]
 [10. 44.  9.]
 [23. 60. 30.]
 [12. 17.  5.]
 [18.  4. 35.]
 [ 3. 19. 12.]
 [21. 32. 21.]
 [21. 19. 23.]
 [11. 61.  3.]
 [18.  3.  8.]
 [12. 48. 51.]
 [ 1. 24. 63.]
 [ 1. 17. 54.]
 [ 3. 62. 14.]
 [25. 27.  4.]
 [17. 62. 58.]]","[0.7026249170303345, 0.6770723462104797, 0.6655638217926025, 0.6347169280052185, 0.634355902671814, 0.6199989318847656, 0.6016960740089417, 0.5894791483879089, 0.5757585167884827, 0.5381486415863037, 0.5260801315307617, 0.518985390663147, 0.5106754302978516, 0.5033831000328064, 0.49584275484085083, 0.4924977123737335, 0.4924437403678894, 0.4910016357898712, 0.48619285225868225, 0.4746066927909851, 0.4742797017097473, 0.4642588198184967, 0.4613737463951111, 0.4175836741924286, 0.40751856565475464, 0.4069668650627136, 0.40425336360931396, 0.3616836965084076, 0.3217739760875702, 0.31655338406562805]"
F1_N2,train_6bba_t15_p15_crowded,train,6bba_bb9f20c3,15,crowded,0.3,2,18,1,1,1,4.507266521453857,4.507266521453857,0.40625,1,0.40625,1,0.6794328689575195,"[[22.  8. 12.]
 [10. 31.  9.]
 [16. 33. 32.]
 [12. 20. 62.]
 [10. 12. 36.]
 [ 9. 61. 39.]
 [ 8. 35. 47.]
 [ 2. 51. 62.]
 [ 5. 61. 31.]
 [ 8. 16. 62.]
 [18.  4. 43.]
 [16.  6.  6.]
 [11. 61.  9.]
 [15. 60. 31.]
 [ 7. 32. 27.]
 [12. 38. 63.]
 [19. 60.  4.]
 [ 9. 60. 63.]]","[0.7496067881584167, 0.7104106545448303, 0.6794328689575195, 0.6763398051261902, 0.667205274105072, 0.6646228432655334, 0.6473707556724548, 0.6350392699241638, 0.627167284488678, 0.6002786159515381, 0.589938223361969, 0.5722636580467224, 0.5676096677780151, 0.5674399733543396, 0.5161886811256409, 0.4314712882041931, 0.41274183988571167, 0.34586578607559204]"
F1_N2,train_6bba_t30_p16_crowded,train,6bba_bb9f20c3,30,crowded,0.3,2,21,0,2,2,1.3417525887489319,1.3417525887489319,1.3417525887489319,2,1.3417525887489319,2,0.6029562950134277,"[[14.  9. 15.]
 [10.  9. 51.]
 [ 6. 24. 62.]
 [ 8. 42. 32.]
 [10. 17. 33.]
 [16. 32. 35.]
 [12. 42. 39.]
 [22.  4. 12.]
 [18.  5. 41.]
 [12. 20. 62.]
 [16. 52.  6.]
 [12. 56.  7.]
 [ 7. 60. 53.]
 [18.  4.  5.]
 [ 4. 46. 49.]
 [ 3. 60. 51.]
 [ 7. 31.  4.]
 [21. 25.  4.]
 [ 5. 62. 26.]
 [12. 42. 63.]
 [15. 29.  4.]]","[0.7160112261772156, 0.6937437653541565, 0.6828698515892029, 0.6778877377510071, 0.6583156585693359, 0.6538461446762085, 0.6521270871162415, 0.6307035088539124, 0.609488844871521, 0.5816321969032288, 0.5739927887916565, 0.552066445350647, 0.54530930519104, 0.5006528496742249, 0.4882798194885254, 0.48083990812301636, 0.4611940085887909, 0.43148744106292725, 0.4147529900074005, 0.3926141560077667, 0.3864878714084625]"
F1_N2,train_6bba_t50_p17_crowded,train,6bba_bb9f20c3,50,crowded,0.3,3,23,1,2,2,1.9137842655181885,1.8168052434921265,1.1956647634506226,2,1.1956647634506226,2,0.5683338642120361,"[[18. 34. 32.]
 [10. 44. 30.]
 [14. 10. 31.]
 [10. 35. 51.]
 [22. 38. 13.]
 [21. 61. 31.]
 [24.  6. 42.]
 [15. 60. 48.]
 [20. 18. 49.]
 [16. 19. 62.]
 [ 4. 62. 54.]
 [18. 15.  3.]
 [13. 62. 34.]
 [28. 49. 29.]
 [24.  4. 20.]
 [ 7. 24. 57.]
 [24. 58. 23.]
 [13. 60. 63.]
 [25. 17. 14.]
 [29. 34.  3.]
 [18. 62.  4.]
 [25. 60.  4.]
 [17.  3. 15.]]","[0.6608957052230835, 0.6359577775001526, 0.6181005835533142, 0.5921205282211304, 0.5741837620735168, 0.5624839663505554, 0.5564373731613159, 0.5561515688896179, 0.5548180341720581, 0.5343133211135864, 0.5266578793525696, 0.517397403717041, 0.5092538595199585, 0.5033127665519714, 0.49793297052383423, 0.4968423545360565, 0.49659088253974915, 0.4762376546859741, 0.4752136468887329, 0.4660376012325287, 0.43562546372413635, 0.3797246515750885, 0.33148545026779175]"
F1_N2,train_6bba_t55_p18_crowded,train,6bba_bb9f20c3,55,crowded,0.3,2,17,1,1,1,2.126637279987335,2.126637279987335,0.5745242834091187,1,0.5745242834091187,1,0.5770757794380188,"[[ 4.  8. 56.]
 [18.  7. 15.]
 [ 6. 33. 21.]
 [12. 18. 15.]
 [12. 56. 36.]
 [ 8.  5. 31.]
 [ 6. 32. 53.]
 [14. 42.  6.]
 [11. 33. 33.]
 [ 7. 61. 25.]
 [ 3. 61.  7.]
 [ 2. 43. 38.]
 [ 5. 61. 53.]
 [15. 62. 14.]
 [12. 16. 62.]
 [ 2. 32. 63.]
 [11.  1.  3.]]","[0.7812539339065552, 0.6684127449989319, 0.663735032081604, 0.6522597074508667, 0.6511461734771729, 0.6058875918388367, 0.58711177110672, 0.5783944725990295, 0.5770757794380188, 0.5674445033073425, 0.5633089542388916, 0.5473056435585022, 0.5323319435119629, 0.5085216164588928, 0.5055022835731506, 0.4033817648887634, 0.35554274916648865]"
F1_N2,train_6bba_t45_p19_crowded,train,6bba_bb9f20c3,45,crowded,0.3,2,13,0,0,1,3.6131056547164917,3.6131056547164917,,0,2.071476697921753,1,,"[[ 8. 25. 43.]
 [18. 12. 29.]
 [ 4.  4. 46.]
 [22. 28. 13.]
 [ 3. 62. 50.]
 [ 3. 60. 37.]
 [ 1.  6. 63.]
 [ 4. 15. 13.]
 [11. 30. 21.]
 [ 2. 62.  4.]
 [ 0. 40. 15.]
 [ 7. 62.  4.]
 [ 7. 42.  3.]]","[0.725643515586853, 0.6375757455825806, 0.5978521108627319, 0.5786651372909546, 0.5637432932853699, 0.5444400906562805, 0.5240460634231567, 0.5028467178344727, 0.4836141765117645, 0.4274219870567322, 0.4170156419277191, 0.32763323187828064, 0.31528663635253906]"
F1_N2,train_6bba_t15_p20_crowded,train,6bba_bb9f20c3,15,crowded,0.3,2,25,1,1,1,5.158735275268555,5.158735275268555,0.0,1,0.0,1,0.641754686832428,"[[14.  4. 62.]
 [24. 15. 11.]
 [14. 32. 32.]
 [12. 13. 44.]
 [24. 30. 29.]
 [24. 57. 45.]
 [20. 10. 46.]
 [10. 41. 42.]
 [15. 57. 17.]
 [13. 57. 43.]
 [20. 50. 34.]
 [28. 12. 21.]
 [16. 24. 63.]
 [12. 50. 62.]
 [26. 36.  5.]
 [15. 20.  5.]
 [ 9. 44. 11.]
 [12. 56.  5.]
 [18.  3. 26.]
 [20. 62.  4.]
 [20. 10. 63.]
 [ 8. 62. 34.]
 [21. 30.  5.]
 [ 3. 60. 63.]
 [21. 47.  3.]]","[0.6884625554084778, 0.6735593676567078, 0.641754686832428, 0.6371182203292847, 0.6164105534553528, 0.6120777130126953, 0.6025376319885254, 0.5481847524642944, 0.5397550463676453, 0.539067804813385, 0.5266945958137512, 0.5057083964347839, 0.4992580711841583, 0.49048563838005066, 0.4767472445964813, 0.47624748945236206, 0.4727172553539276, 0.44895991683006287, 0.44345661997795105, 0.44301697611808777, 0.44231218099594116, 0.35884711146354675, 0.3389698565006256, 0.3303956687450409, 0.318762868642807]"
F1_N2,train_6bba_t30_p21_crowded,train,6bba_bb9f20c3,30,crowded,0.3,3,28,1,3,3,0.9865622917811075,1.2846752405166626,0.9865622917811075,3,0.9865622917811075,3,0.6030478278795878,"[[16. 32. 28.]
 [18.  4. 22.]
 [22. 12.  4.]
 [12. 37. 13.]
 [ 8. 30. 50.]
 [14. 40. 54.]
 [ 9. 60. 32.]
 [19. 60. 40.]
 [ 4. 13. 51.]
 [ 4. 48. 29.]
 [25. 61.  5.]
 [11. 60. 21.]
 [14. 17. 47.]
 [14.  6. 62.]
 [20. 28. 42.]
 [17. 30.  5.]
 [25. 37. 14.]
 [23. 20. 19.]
 [10. 21.  8.]
 [ 5. 62. 56.]
 [ 3. 26. 35.]
 [ 1. 37. 62.]
 [ 9. 54.  3.]
 [25.  5. 43.]
 [18.  5. 42.]
 [10. 50. 55.]
 [15. 62.  4.]
 [11. 62. 58.]]","[0.6755885481834412, 0.6552368402481079, 0.6198084354400635, 0.5925903916358948, 0.5779617428779602, 0.5750465989112854, 0.5611042380332947, 0.5572196245193481, 0.5568324327468872, 0.5422425866127014, 0.5313579440116882, 0.5137465000152588, 0.5069690346717834, 0.4973108768463135, 0.4922142028808594, 0.48930445313453674, 0.48285961151123047, 0.482724130153656, 0.4821675419807434, 0.4785713255405426, 0.46570777893066406, 0.4631122052669525, 0.44670382142066956, 0.43226930499076843, 0.43013331294059753, 0.41443389654159546, 0.3637655973434448, 0.33391013741493225]"
F1_N2,train_6bba_t50_p22_crowded,train,6bba_bb9f20c3,50,crowded,0.3,2,23,1,1,1,1.9374575018882751,1.9374575018882751,0.5745242834091187,1,0.5745242834091187,1,0.6959775686264038,"[[14. 23. 49.]
 [16. 33. 15.]
 [18. 10. 24.]
 [14.  4. 62.]
 [12. 55. 13.]
 [18. 24. 50.]
 [ 8. 51. 55.]
 [12. 20. 37.]
 [12. 47. 35.]
 [28. 16. 24.]
 [30. 14. 33.]
 [25. 36. 23.]
 [29. 32. 31.]
 [14. 62. 36.]
 [ 5. 60. 63.]
 [22.  1. 10.]
 [21. 23.  3.]
 [29. 54. 29.]
 [ 9. 62. 36.]
 [29. 23.  4.]
 [ 9. 62. 46.]
 [23.  3. 45.]
 [19. 62.  4.]]","[0.7351105809211731, 0.6959775686264038, 0.6584100723266602, 0.6427104473114014, 0.6374332308769226, 0.6343436241149902, 0.6298784613609314, 0.5924050211906433, 0.5735981464385986, 0.5715360045433044, 0.551540732383728, 0.5512294173240662, 0.519014835357666, 0.496908575296402, 0.44670718908309937, 0.43447810411453247, 0.4324314594268799, 0.42617979645729065, 0.42102938890457153, 0.41556379199028015, 0.4088214933872223, 0.40643882751464844, 0.3813632130622864]"
F1_N2,train_6bba_t10_p23_crowded,train,6bba_bb9f20c3,10,crowded,0.3,3,26,3,3,3,0.6538495222727457,0.5745242834091187,0.6538495222727457,3,0.6538495222727457,3,0.6474741101264954,"[[26. 14. 22.]
 [10. 42. 50.]
 [16. 31. 27.]
 [ 4. 47. 47.]
 [22. 11.  7.]
 [ 8. 54. 18.]
 [15. 58. 34.]
 [ 8. 37. 35.]
 [23. 60. 14.]
 [23. 61. 39.]
 [10. 16. 36.]
 [18. 28. 52.]
 [12. 11. 57.]
 [ 2. 20. 59.]
 [23. 32. 37.]
 [28. 46. 16.]
 [13. 44.  3.]
 [16. 13.  5.]
 [22. 34. 62.]
 [17.  3. 30.]
 [17.  4. 51.]
 [13. 62.  4.]
 [10. 19.  3.]
 [23.  3. 29.]
 [ 3. 62. 50.]
 [21. 37.  4.]]","[0.7765213847160339, 0.6998183727264404, 0.6757247447967529, 0.66997230052948, 0.6641466617584229, 0.6420091390609741, 0.5994707942008972, 0.5990437865257263, 0.5967252850532532, 0.5867961645126343, 0.5661876797676086, 0.5489910840988159, 0.5219651460647583, 0.519625186920166, 0.5132949948310852, 0.5034589767456055, 0.4922855496406555, 0.4804910123348236, 0.42468029260635376, 0.4028889238834381, 0.3783043622970581, 0.36797112226486206, 0.356223464012146, 0.32880687713623047, 0.3182269334793091, 0.30804944038391113]"
F1_N2,train_6bba_t10_p24_crowded,train,6bba_bb9f20c3,10,crowded,0.3,2,24,2,2,2,0.7414634525775909,0.7414634525775909,0.7414634525775909,2,0.7414634525775909,2,0.5963217914104462,"[[12. 24. 45.]
 [16. 33. 31.]
 [ 4. 32. 59.]
 [12.  4. 21.]
 [27. 61. 47.]
 [18.  5. 27.]
 [ 6. 16. 31.]
 [12. 35.  9.]
 [20. 15.  7.]
 [14. 57. 33.]
 [22. 62.  4.]
 [22. 29. 23.]
 [10.  3. 59.]
 [ 7. 61. 11.]
 [27. 41.  4.]
 [20.  4. 55.]
 [ 6. 46. 35.]
 [12. 44. 59.]
 [ 8. 62. 62.]
 [19. 44.  5.]
 [ 1. 61. 63.]
 [25.  3. 37.]
 [18. 44. 63.]
 [17. 22. 63.]]","[0.7057054042816162, 0.6594399809837341, 0.6578769683837891, 0.6107813715934753, 0.6042090654373169, 0.5489710569381714, 0.5393719673156738, 0.5389979481697083, 0.5387235283851624, 0.5371800065040588, 0.5363000631332397, 0.5361813902854919, 0.5332036018371582, 0.5308061242103577, 0.5116035342216492, 0.5047399997711182, 0.5006421804428101, 0.49543312191963196, 0.48722559213638306, 0.484587162733078, 0.4143679141998291, 0.39648935198783875, 0.3755631446838379, 0.3736869990825653]"
F1_N2,train_6bba_t10_p25_isolated,train,6bba_bb9f20c3,10,isolated,0.3,1,19,1,1,1,0.5745242834091187,0.5745242834091187,0.5745242834091187,1,0.5745242834091187,1,0.5182408690452576,"[[16.  4. 50.]
 [ 6. 42. 18.]
 [10. 18.  7.]
 [18. 44. 26.]
 [10. 39. 49.]
 [14. 51. 18.]
 [ 2. 53. 62.]
 [ 8. 12. 62.]
 [10. 41. 19.]
 [16. 16. 12.]
 [ 3. 61.  5.]
 [ 6. 32. 53.]
 [ 7. 31. 33.]
 [11. 57. 33.]
 [ 7. 62. 54.]
 [ 3. 62. 32.]
 [10.  3. 33.]
 [17. 45.  4.]
 [11. 62.  4.]]","[0.7302923798561096, 0.7227222323417664, 0.6932618021965027, 0.6705183386802673, 0.6628277897834778, 0.6617616415023804, 0.6579684615135193, 0.6547237634658813, 0.6317354440689087, 0.6283373832702637, 0.5499885678291321, 0.547234058380127, 0.5182408690452576, 0.5125216245651245, 0.5051774382591248, 0.49164602160453796, 0.4628164768218994, 0.3662495017051697, 0.34977173805236816]"
F1_N2,train_6bba_t20_p26_isolated,train,6bba_bb9f20c3,20,isolated,0.3,1,26,0,1,1,1.6750116348266602,1.6750116348266602,1.6750116348266602,1,1.6750116348266602,1,0.5394949316978455,"[[14. 31. 59.]
 [10. 32. 54.]
 [16. 51. 19.]
 [16. 12. 11.]
 [14. 33. 28.]
 [16.  7. 57.]
 [18. 28. 26.]
 [15. 62. 62.]
 [10. 11. 45.]
 [ 8. 56. 50.]
 [ 4.  4. 25.]
 [ 6. 33. 32.]
 [ 7. 62. 20.]
 [27. 12. 23.]
 [11. 61. 51.]
 [ 2.  8. 57.]
 [24. 13.  6.]
 [21. 30.  6.]
 [ 4. 31. 12.]
 [ 1. 36. 47.]
 [18.  5. 39.]
 [ 9. 58.  3.]
 [17. 62. 32.]
 [14.  4. 33.]
 [20. 49.  4.]
 [13. 43.  3.]]","[0.6603696346282959, 0.6432827711105347, 0.6378684639930725, 0.6306482553482056, 0.6219649314880371, 0.6204261183738708, 0.6062890291213989, 0.5930036306381226, 0.5810917615890503, 0.5628282427787781, 0.5404460430145264, 0.5394949316978455, 0.5369198322296143, 0.5352888107299805, 0.534191906452179, 0.5152882933616638, 0.49505290389060974, 0.49200329184532166, 0.4852811098098755, 0.47478392720222473, 0.4373275935649872, 0.43576422333717346, 0.3961898386478424, 0.38645440340042114, 0.3777035176753998, 0.3741157054901123]"
F1_N2,train_6bba_t35_p27_isolated,train,6bba_bb9f20c3,35,isolated,0.3,1,26,1,1,1,0.5745242834091187,0.5745242834091187,0.5745242834091187,1,0.5745242834091187,1,0.7157220840454102,"[[10. 33. 31.]
 [16. 26. 30.]
 [14. 49.  5.]
 [ 4. 37. 45.]
 [20. 29. 11.]
 [20. 28. 46.]
 [16.  4. 48.]
 [18. 50. 26.]
 [23. 18. 31.]
 [ 8. 32. 62.]
 [14. 43. 59.]
 [ 4. 17. 24.]
 [ 7. 62. 22.]
 [13. 21. 10.]
 [11.  6.  3.]
 [12.  3. 63.]
 [ 8.  4. 47.]
 [ 8. 33. 10.]
 [ 1. 26. 55.]
 [14. 36.  7.]
 [ 1. 62. 20.]
 [14.  3. 29.]
 [ 9. 48. 41.]
 [21.  5. 46.]
 [ 3. 62. 58.]
 [21. 49.  3.]]","[0.7157220840454102, 0.6030131578445435, 0.5997617244720459, 0.5913938283920288, 0.5904861688613892, 0.5889317393302917, 0.5599545836448669, 0.5472723245620728, 0.5408696532249451, 0.5334310531616211, 0.5310049057006836, 0.5011299252510071, 0.47768282890319824, 0.468445748090744, 0.4488596022129059, 0.4477218985557556, 0.43546175956726074, 0.42292580008506775, 0.4116763472557068, 0.4052480161190033, 0.4035712480545044, 0.39764878153800964, 0.3721604645252228, 0.3510027527809143, 0.34582310914993286, 0.3193122446537018]"
F1_N2,train_6bba_t40_p28_isolated,train,6bba_bb9f20c3,40,isolated,0.3,1,27,1,1,1,0.9084026217460632,0.9084026217460632,0.9084026217460632,1,0.9084026217460632,1,0.5165120363235474,"[[20. 12. 32.]
 [ 6. 13. 33.]
 [11. 23. 62.]
 [14. 15. 19.]
 [10. 44. 46.]
 [20. 40. 10.]
 [10.  6.  6.]
 [24. 18. 12.]
 [14. 55. 15.]
 [15. 40. 33.]
 [12. 48. 62.]
 [16. 12. 47.]
 [14. 50. 46.]
 [12.  7. 62.]
 [ 3. 61. 35.]
 [23. 52. 30.]
 [19. 62. 40.]
 [ 4. 40. 23.]
 [25. 54. 55.]
 [ 2. 20. 62.]
 [ 3. 60.  3.]
 [23. 61.  3.]
 [24.  4.  9.]
 [16. 36.  3.]
 [ 1. 40. 39.]
 [23.  4. 62.]
 [17. 12.  3.]]","[0.6783778667449951, 0.6664729118347168, 0.6506194472312927, 0.5909026861190796, 0.583167314529419, 0.5383529663085938, 0.5301151275634766, 0.5279217958450317, 0.5236678123474121, 0.5165120363235474, 0.5123395919799805, 0.5119544863700867, 0.49521130323410034, 0.4750646650791168, 0.47013935446739197, 0.4557955861091614, 0.4452354311943054, 0.44358956813812256, 0.4180222451686859, 0.41667628288269043, 0.40281713008880615, 0.39534705877304077, 0.3934367299079895, 0.3820379078388214, 0.3569242060184479, 0.3446193337440491, 0.31204408407211304]"
F1_N2,train_6bba_t25_p29_isolated,train,6bba_bb9f20c3,25,isolated,0.3,1,26,0,0,0,6.525341033935547,6.525341033935547,,0,,0,,"[[18. 31. 33.]
 [ 4. 21. 54.]
 [18.  6. 47.]
 [22. 39. 13.]
 [14. 12. 18.]
 [ 2. 48. 53.]
 [14. 48. 34.]
 [25. 50. 44.]
 [22. 61. 27.]
 [18. 38.  5.]
 [ 8. 18. 62.]
 [ 6. 42. 19.]
 [25. 26. 45.]
 [14. 53.  5.]
 [ 8. 37. 49.]
 [ 6.  4. 21.]
 [21. 38. 62.]
 [ 5. 62.  8.]
 [ 8. 48. 63.]
 [10.  3. 42.]
 [ 9. 62. 12.]
 [20. 11. 14.]
 [16. 44. 62.]
 [10. 32. 62.]
 [25.  5. 13.]
 [28. 34.  3.]]","[0.6660239696502686, 0.6434376835823059, 0.6234467625617981, 0.5916730165481567, 0.5908318758010864, 0.5892683267593384, 0.587654173374176, 0.5806357264518738, 0.5599613785743713, 0.5361011028289795, 0.5305631756782532, 0.5171647667884827, 0.4994544982910156, 0.4965376853942871, 0.4840826988220215, 0.469359815120697, 0.4466382563114166, 0.43983882665634155, 0.4384012520313263, 0.4310283958911896, 0.42860108613967896, 0.4278911054134369, 0.40266868472099304, 0.3924470841884613, 0.37317267060279846, 0.3191061019897461]"
F1_N2,train_6bba_t25_p30_isolated,train,6bba_bb9f20c3,25,isolated,0.3,1,16,0,1,1,1.21875,1.21875,1.21875,1,1.21875,1,0.46641209721565247,"[[14. 29. 45.]
 [16.  6. 46.]
 [20. 31. 31.]
 [12. 51. 40.]
 [26. 18.  8.]
 [20. 60. 50.]
 [18. 49. 11.]
 [18. 18. 15.]
 [18. 38. 62.]
 [10. 48. 63.]
 [16. 55. 39.]
 [12. 54. 19.]
 [15. 62. 62.]
 [11. 32. 29.]
 [22. 62.  4.]
 [22.  2. 63.]]","[0.8164073824882507, 0.7577464580535889, 0.738852322101593, 0.6982494592666626, 0.6727699041366577, 0.6689900159835815, 0.6547130346298218, 0.6415393948554993, 0.6060917377471924, 0.5541905760765076, 0.5491030216217041, 0.5371021628379822, 0.5195251703262329, 0.46641209721565247, 0.38433441519737244, 0.304943710565567]"
F1_N2,train_6bba_t45_p31_isolated,train,6bba_bb9f20c3,45,isolated,0.3,1,18,0,0,0,3.275292158126831,3.275292158126831,,0,,0,,"[[ 8. 23. 57.]
 [ 6. 50. 56.]
 [10. 50. 34.]
 [ 5. 61. 40.]
 [18.  6. 58.]
 [12. 11. 25.]
 [ 6. 40. 29.]
 [16. 32. 43.]
 [22.  8.  4.]
 [20. 29.  7.]
 [19. 27. 15.]
 [ 8. 53.  4.]
 [ 6. 28. 39.]
 [14. 14.  6.]
 [ 3. 61. 63.]
 [13. 61. 11.]
 [18. 59.  4.]
 [ 5. 62. 24.]]","[0.7630424499511719, 0.6670974493026733, 0.6626330614089966, 0.6464887857437134, 0.6463200449943542, 0.6381442546844482, 0.6063206195831299, 0.5979033708572388, 0.5913897156715393, 0.581721305847168, 0.575542688369751, 0.5317040681838989, 0.5198460817337036, 0.49666285514831543, 0.48755815625190735, 0.4737052619457245, 0.40374305844306946, 0.3535236716270447]"
F1_N2,train_6bba_t30_p32_isolated,train,6bba_bb9f20c3,30,isolated,0.3,1,17,1,1,1,0.5745242834091187,0.5745242834091187,0.5745242834091187,1,0.5745242834091187,1,0.7331974506378174,"[[20.  7. 33.]
 [12. 42. 44.]
 [16. 31. 29.]
 [20. 27.  9.]
 [20. 48. 13.]
 [19. 60. 44.]
 [24. 24. 22.]
 [18.  6. 20.]
 [28. 10. 28.]
 [11. 60. 11.]
 [31. 48. 27.]
 [25.  7.  3.]
 [ 6. 62. 62.]
 [17. 60.  3.]
 [24.  1. 24.]
 [ 5. 52. 63.]
 [ 7. 14. 33.]]","[0.7799493670463562, 0.7652774453163147, 0.7331974506378174, 0.7303233742713928, 0.6761701703071594, 0.6533197164535522, 0.6492482423782349, 0.6105884909629822, 0.5876857042312622, 0.4774084985256195, 0.4674805700778961, 0.448106050491333, 0.4450532793998718, 0.3879130482673645, 0.36431771516799927, 0.3424094319343567, 0.3055395185947418]"
F1_N2,train_6bba_t55_p33_isolated,train,6bba_bb9f20c3,55,isolated,0.3,1,14,0,0,0,5.13870096206665,5.13870096206665,,0,,0,,"[[ 6. 15. 11.]
 [ 8.  6. 50.]
 [16. 44. 27.]
 [ 6. 29. 46.]
 [18. 18. 29.]
 [ 2. 36. 53.]
 [ 2. 21. 34.]
 [10. 40. 19.]
 [16. 23. 12.]
 [ 4. 41.  5.]
 [ 5. 54. 39.]
 [ 1. 50. 15.]
 [11. 62.  4.]
 [14. 62. 28.]]","[0.7022879719734192, 0.624091386795044, 0.6142085194587708, 0.5916544198989868, 0.5668436288833618, 0.5507965087890625, 0.548100471496582, 0.5386791825294495, 0.5263884663581848, 0.4810068905353546, 0.4364798367023468, 0.4174783527851105, 0.33639535307884216, 0.32326722145080566]"
F1_N2,train_6bba_t25_p34_isolated,train,6bba_bb9f20c3,25,isolated,0.3,1,16,1,1,1,0.40625,0.40625,0.40625,1,0.40625,1,0.6058285236358643,"[[12. 45. 37.]
 [20. 31.  7.]
 [20.  5. 31.]
 [24. 37. 23.]
 [18. 57. 39.]
 [19. 59.  7.]
 [28. 11. 27.]
 [16. 32. 22.]
 [17. 14. 11.]
 [ 3. 60. 62.]
 [11. 62.  4.]
 [31. 50. 21.]
 [ 7. 59. 63.]
 [24. 10.  3.]
 [24.  3. 42.]
 [19.  3. 54.]]","[0.7606731653213501, 0.6992347836494446, 0.66667640209198, 0.651604413986206, 0.6503906846046448, 0.6473268866539001, 0.6368096470832825, 0.6058285236358643, 0.539006233215332, 0.5126630663871765, 0.5055745840072632, 0.4698493778705597, 0.4340854585170746, 0.42899370193481445, 0.3566397428512573, 0.34487056732177734]"
F1_N2,train_6bba_t25_p35_isolated,train,6bba_bb9f20c3,25,isolated,0.3,1,17,0,0,0,3.7233426570892334,3.7233426570892334,,0,,0,,"[[ 4. 48. 30.]
 [10. 11. 37.]
 [16. 35. 13.]
 [ 6. 26. 62.]
 [13. 61. 13.]
 [11. 61. 55.]
 [ 8. 20.  9.]
 [ 2. 29. 52.]
 [ 4.  9. 18.]
 [ 2. 14. 63.]
 [ 5. 62. 62.]
 [ 7. 62. 44.]
 [ 2. 10. 43.]
 [ 7. 42.  3.]
 [17.  4. 23.]
 [15.  4.  5.]
 [ 3. 62.  6.]]","[0.7179291248321533, 0.6685155034065247, 0.6588618755340576, 0.6133336424827576, 0.5979461073875427, 0.5898526310920715, 0.5725085139274597, 0.5475597977638245, 0.5236650109291077, 0.5112692713737488, 0.5061063766479492, 0.4450683891773224, 0.44371411204338074, 0.43314221501350403, 0.42608708143234253, 0.3988749086856842, 0.3799859583377838]"
F1_N2,train_6bba_t15_p36_isolated,train,6bba_bb9f20c3,15,isolated,0.3,1,25,1,1,1,0.40625,0.40625,0.40625,1,0.40625,1,0.652728259563446,"[[10. 21. 41.]
 [18. 53. 21.]
 [ 6. 20. 32.]
 [20. 28. 24.]
 [16. 32. 31.]
 [ 4. 17. 53.]
 [ 4. 43. 53.]
 [10. 37. 21.]
 [24. 45. 11.]
 [10. 36. 55.]
 [16.  9. 10.]
 [ 7. 60. 21.]
 [16. 43.  7.]
 [ 6.  9. 16.]
 [11. 62. 54.]
 [12.  4. 17.]
 [25.  5. 35.]
 [ 5. 62. 54.]
 [13. 62. 14.]
 [ 5. 43.  6.]
 [ 3. 61. 33.]
 [13.  3. 51.]
 [ 9. 62.  4.]
 [16. 30. 63.]
 [11. 18.  3.]]","[0.7335759997367859, 0.7223677635192871, 0.7010180950164795, 0.6924192905426025, 0.652728259563446, 0.6307681202888489, 0.6294835805892944, 0.6172130107879639, 0.6127992868423462, 0.6088823080062866, 0.5606397986412048, 0.5566219687461853, 0.5358943939208984, 0.5263761281967163, 0.5223743915557861, 0.5123012065887451, 0.5015279054641724, 0.48200723528862, 0.4745987057685852, 0.4541087746620178, 0.42876267433166504, 0.37047186493873596, 0.3595774173736572, 0.34305667877197266, 0.32733505964279175]"
F1_N2,train_6bba_t50_p37_isolated,train,6bba_bb9f20c3,50,isolated,0.3,1,21,1,1,1,0.40625,0.40625,0.40625,1,0.40625,1,0.6911439895629883,"[[18.  6. 30.]
 [16. 32. 33.]
 [ 6. 54. 38.]
 [14.  5. 20.]
 [ 6. 37. 55.]
 [14. 53. 43.]
 [16. 37.  5.]
 [12. 23. 23.]
 [15. 60.  9.]
 [ 4. 53. 19.]
 [12. 26. 63.]
 [13. 58. 25.]
 [ 9. 60. 62.]
 [12.  1. 48.]
 [16.  4. 63.]
 [10. 50.  5.]
 [ 8. 32. 34.]
 [ 2. 61. 63.]
 [17. 10.  3.]
 [24.  9.  4.]
 [10.  2. 63.]]","[0.7182852625846863, 0.6911439895629883, 0.6148748993873596, 0.6120721697807312, 0.6041492223739624, 0.5972359776496887, 0.5914899110794067, 0.590175211429596, 0.5776588320732117, 0.5664277672767639, 0.5603905916213989, 0.5249686241149902, 0.522070586681366, 0.4928216338157654, 0.4910682141780853, 0.48074936866760254, 0.4627569317817688, 0.4587881863117218, 0.39739537239074707, 0.35209155082702637, 0.35088595747947693]"
F1_N2,train_6bba_t50_p38_isolated,train,6bba_bb9f20c3,50,isolated,0.3,1,23,1,1,1,0.5745242834091187,0.5745242834091187,0.5745242834091187,1,0.5745242834091187,1,0.7072484493255615,"[[ 6. 31. 31.]
 [12. 32. 42.]
 [18. 58. 30.]
 [10. 50. 17.]
 [ 8.  8. 30.]
 [ 2. 45. 54.]
 [20. 24. 20.]
 [16. 14. 59.]
 [12. 19. 15.]
 [20. 44.  5.]
 [20. 28. 38.]
 [12. 49. 54.]
 [15. 20.  3.]
 [19. 62. 58.]
 [14.  8. 37.]
 [15. 62.  8.]
 [ 2. 48. 33.]
 [15. 62. 54.]
 [19.  3. 45.]
 [13.  5.  4.]
 [ 1. 22. 63.]
 [21.  4. 31.]
 [ 8.  3. 52.]]","[0.7072484493255615, 0.6421377062797546, 0.6352159976959229, 0.6155478358268738, 0.6116002202033997, 0.6103749871253967, 0.5856310725212097, 0.5746649503707886, 0.5577424168586731, 0.5571467876434326, 0.5059217810630798, 0.4921644926071167, 0.4887640178203583, 0.47915539145469666, 0.47644197940826416, 0.46768856048583984, 0.4498305916786194, 0.43479272723197937, 0.41042590141296387, 0.3785261809825897, 0.3553251326084137, 0.3454970121383667, 0.32728272676467896]"
F1_N2,train_6bba_t30_p39_isolated,train,6bba_bb9f20c3,30,isolated,0.3,1,22,1,1,1,0.0,0.0,0.0,1,0.0,1,0.6626383662223816,"[[12. 32. 32.]
 [ 8.  3. 31.]
 [21. 61. 21.]
 [15. 51.  6.]
 [ 4. 48. 20.]
 [12. 28. 59.]
 [20. 32. 10.]
 [14. 48. 35.]
 [ 2. 27. 55.]
 [18. 28. 32.]
 [18.  4. 45.]
 [23. 28. 47.]
 [ 2. 52. 55.]
 [14.  7. 22.]
 [ 8. 34. 49.]
 [16. 46. 62.]
 [19.  7.  8.]
 [ 3. 61.  3.]
 [11. 62. 18.]
 [ 8. 48. 63.]
 [15.  2. 63.]
 [ 7. 62. 54.]]","[0.6626383662223816, 0.5974308252334595, 0.5971975922584534, 0.5806571841239929, 0.5684806108474731, 0.5646517276763916, 0.551086962223053, 0.5484985113143921, 0.5402803421020508, 0.5331615805625916, 0.5288407206535339, 0.5261012315750122, 0.49761083722114563, 0.4948693811893463, 0.49227845668792725, 0.4586973786354065, 0.4270733892917633, 0.3804989755153656, 0.3777788579463959, 0.37036824226379395, 0.34737658500671387, 0.32378101348876953]"
F1_N2,train_6bba_t20_p40_boundary,train,6bba_bb9f20c3,20,boundary,0.3,1,20,0,1,1,1.1490485668182373,1.1490485668182373,1.1490485668182373,1,1.1490485668182373,1,0.75030118227005,"[[16. 13. 15.]
 [10. 37. 29.]
 [14. 54. 32.]
 [16. 57.  5.]
 [ 7. 61. 27.]
 [ 8. 32. 50.]
 [ 5. 61. 49.]
 [15. 58. 42.]
 [24. 10. 23.]
 [21. 24.  5.]
 [12. 44. 62.]
 [28. 47. 11.]
 [30. 62.  4.]
 [20.  3.  7.]
 [21. 18. 33.]
 [ 9. 62.  4.]
 [ 3. 60. 15.]
 [ 5. 42. 13.]
 [ 3. 18.  5.]
 [16.  1. 38.]]","[0.75030118227005, 0.712581992149353, 0.6424401998519897, 0.6346726417541504, 0.6096633672714233, 0.6071295142173767, 0.6051083207130432, 0.5638813376426697, 0.5510756373405457, 0.5142675638198853, 0.48802822828292847, 0.4741915166378021, 0.46709439158439636, 0.43010351061820984, 0.37263748049736023, 0.35013824701309204, 0.3392243981361389, 0.32478636503219604, 0.3197833299636841, 0.3049338459968567]"
F1_N2,train_6bba_t55_p41_boundary,train,6bba_bb9f20c3,55,boundary,0.3,1,15,0,0,0,5.52559757232666,5.52559757232666,,0,,0,,"[[ 6. 41.  9.]
 [10.  6. 12.]
 [ 4. 25. 29.]
 [ 8. 34. 53.]
 [18. 10. 23.]
 [16. 26. 21.]
 [ 6.  1. 34.]
 [ 0. 42. 41.]
 [ 3. 62.  4.]
 [ 3.  4. 63.]
 [ 2.  6. 31.]
 [ 1. 62. 28.]
 [ 0. 30. 63.]
 [ 1. 19. 14.]
 [ 4. 62. 42.]]","[0.6785709857940674, 0.6758553385734558, 0.6664167642593384, 0.6364852786064148, 0.585759699344635, 0.5649783611297607, 0.5168302059173584, 0.45288482308387756, 0.43878015875816345, 0.4343850016593933, 0.4309817850589752, 0.398100882768631, 0.3896789848804474, 0.33489057421684265, 0.3336855471134186]"
F1_N2,train_6bba_t15_p42_boundary,train,6bba_bb9f20c3,15,boundary,0.3,1,19,1,1,1,0.5745242834091187,0.5745242834091187,0.5745242834091187,1,0.5745242834091187,1,0.7905306220054626,"[[16.  5. 21.]
 [22.  8. 31.]
 [12. 24. 35.]
 [ 8. 52. 26.]
 [ 8. 23. 56.]
 [ 6. 51. 49.]
 [14.  9.  7.]
 [22. 32.  4.]
 [ 9. 61.  5.]
 [13. 60. 20.]
 [16. 30. 39.]
 [15. 60. 48.]
 [10. 42. 62.]
 [14. 42. 35.]
 [29. 62.  4.]
 [27.  4.  5.]
 [29. 51.  4.]
 [19. 47. 17.]
 [ 2. 54. 19.]]","[0.7905306220054626, 0.6770782470703125, 0.6728227734565735, 0.6636105179786682, 0.6195667386054993, 0.6142276525497437, 0.6086937785148621, 0.5757191777229309, 0.5655360221862793, 0.5578966736793518, 0.5377684831619263, 0.5157220363616943, 0.48840808868408203, 0.4706440567970276, 0.42215463519096375, 0.42035242915153503, 0.41397619247436523, 0.4078086316585541, 0.3498750925064087]"
F1_N2,train_6bba_t55_p43_boundary,train,6bba_bb9f20c3,55,boundary,0.3,1,24,0,1,1,1.6750116348266602,1.6750116348266602,1.6750116348266602,1,1.6750116348266602,1,0.6096970438957214,"[[14.  7. 55.]
 [10. 23. 44.]
 [ 2. 32. 31.]
 [12. 38. 36.]
 [16. 43. 37.]
 [16. 16. 30.]
 [ 8. 41. 23.]
 [17. 60. 52.]
 [ 4.  6. 33.]
 [21. 61.  7.]
 [10.  5. 16.]
 [10. 41. 54.]
 [14. 19. 17.]
 [18. 11. 16.]
 [ 5. 58. 43.]
 [18. 34.  3.]
 [ 2. 36. 57.]
 [10. 52.  6.]
 [ 3. 55.  6.]
 [ 4.  5. 54.]
 [ 4. 16. 57.]
 [ 5. 60. 63.]
 [13. 10.  3.]
 [15. 61. 21.]]","[0.653274655342102, 0.6483568549156189, 0.6096970438957214, 0.5993756651878357, 0.5894659757614136, 0.5792288184165955, 0.57860267162323, 0.572014331817627, 0.5708074569702148, 0.5642259120941162, 0.563310980796814, 0.5586268305778503, 0.55572509765625, 0.546689510345459, 0.5325080156326294, 0.5210750102996826, 0.5037041902542114, 0.5029198527336121, 0.49014797806739807, 0.4594303369522095, 0.4502938985824585, 0.3988421559333801, 0.38690757751464844, 0.32466551661491394]"
F1_N2,train_44b6_t40_p01_crowded,train,44b6_d29c9ab2,40,crowded,0.3,2,34,1,2,2,1.04063081741333,1.04063081741333,1.04063081741333,2,1.04063081741333,2,0.5900196731090546,"[[18. 29.  5.]
 [12. 16. 39.]
 [20.  4. 53.]
 [28. 21. 21.]
 [28. 55. 45.]
 [13. 56. 37.]
 [18. 54. 40.]
 [24. 38. 27.]
 [24. 28. 62.]
 [ 2. 32. 30.]
 [24. 17. 19.]
 [ 6. 14. 56.]
 [18. 17. 43.]
 [ 4. 50. 26.]
 [28. 27. 47.]
 [15. 33. 32.]
 [ 8. 30. 29.]
 [31. 18. 62.]
 [22. 45. 57.]
 [ 7. 62. 30.]
 [27. 46.  7.]
 [24. 61. 63.]
 [31. 42. 62.]
 [ 5. 46. 62.]
 [ 2. 16. 63.]
 [23. 62. 26.]
 [19.  3.  6.]
 [10.  1. 16.]
 [15. 14. 63.]
 [31.  1. 32.]
 [ 6. 24.  3.]
 [11. 16.  3.]
 [24.  1. 24.]
 [11.  1. 54.]]","[0.7046090364456177, 0.6311191916465759, 0.6275713443756104, 0.6253408193588257, 0.6063179969787598, 0.6008307337760925, 0.5981584191322327, 0.5970182418823242, 0.5910719037055969, 0.5904178619384766, 0.5807390213012695, 0.566189169883728, 0.5656630992889404, 0.5576204061508179, 0.5564852356910706, 0.5546985268592834, 0.5545003414154053, 0.5357655882835388, 0.5209863781929016, 0.49897393584251404, 0.4822046756744385, 0.45853009819984436, 0.4261329472064972, 0.41823890805244446, 0.41724056005477905, 0.39628374576568604, 0.3589679002761841, 0.3553774654865265, 0.35302022099494934, 0.34977835416793823, 0.3442728817462921, 0.3425860106945038, 0.32730376720428467, 0.3146113157272339]"
F1_N2,train_44b6_t45_p02_crowded,train,44b6_d29c9ab2,45,crowded,0.3,2,27,2,2,2,0.6573263108730316,0.6573263108730316,0.6573263108730316,2,0.6573263108730316,2,0.6111285984516144,"[[16.  5. 41.]
 [24. 18. 37.]
 [30. 41.  9.]
 [ 4. 38. 13.]
 [16. 49. 31.]
 [14. 42. 51.]
 [ 8. 36. 32.]
 [20. 26. 56.]
 [30. 22. 49.]
 [ 6. 13. 21.]
 [20. 38. 22.]
 [30. 19. 21.]
 [22. 12. 11.]
 [11. 61. 33.]
 [29. 60. 18.]
 [16. 56.  8.]
 [31. 48. 63.]
 [21. 37.  4.]
 [30.  3. 20.]
 [30. 49. 43.]
 [31. 34. 55.]
 [21. 62. 62.]
 [ 4. 62. 14.]
 [14. 36.  3.]
 [ 3.  8.  4.]
 [15. 14.  3.]
 [27.  1. 36.]]","[0.7307634353637695, 0.7277584671974182, 0.7040278911590576, 0.6919732689857483, 0.6848106980323792, 0.6601090431213379, 0.6597857475280762, 0.6555566787719727, 0.64013671875, 0.6337401270866394, 0.6255357265472412, 0.6071248650550842, 0.5567055940628052, 0.5374464988708496, 0.5257558226585388, 0.5160618424415588, 0.49328771233558655, 0.47035735845565796, 0.46042507886886597, 0.4594500660896301, 0.4251650273799896, 0.4156492054462433, 0.4127961993217468, 0.3779536783695221, 0.34724175930023193, 0.3171786963939667, 0.3089905381202698]"
F1_N2,train_44b6_t55_p03_crowded,train,44b6_d29c9ab2,55,crowded,0.3,3,31,2,3,3,0.9474818706512451,0.5745242834091187,0.9474818706512451,3,0.9474818706512451,3,0.5778229832649231,"[[20.  8. 12.]
 [18. 21. 47.]
 [16. 54. 27.]
 [28. 47.  7.]
 [30. 37. 42.]
 [ 4. 24. 10.]
 [18. 37. 10.]
 [10. 53. 49.]
 [30. 20. 62.]
 [26. 20. 28.]
 [ 8. 11. 49.]
 [10. 23. 28.]
 [ 6. 47.  7.]
 [26. 41. 32.]
 [16. 31. 32.]
 [22.  9. 40.]
 [22. 43. 18.]
 [30. 11. 28.]
 [31. 61. 47.]
 [25.  3. 62.]
 [ 8. 39. 21.]
 [ 4.  3. 29.]
 [ 3. 11. 61.]
 [ 5. 23. 29.]
 [31. 37. 63.]
 [29.  4. 47.]
 [17. 22. 63.]
 [ 6. 62. 38.]
 [ 0. 62. 10.]
 [25. 30. 63.]
 [ 0. 23. 38.]]","[0.6477526426315308, 0.6151095628738403, 0.614967405796051, 0.6054385900497437, 0.6024818420410156, 0.5911486148834229, 0.5886611342430115, 0.5837814807891846, 0.580402135848999, 0.5771617889404297, 0.5762054920196533, 0.5728030800819397, 0.5697233080863953, 0.5679337978363037, 0.558184027671814, 0.5344632267951965, 0.5178012847900391, 0.4924824833869934, 0.47772151231765747, 0.4580949544906616, 0.45429322123527527, 0.4481557607650757, 0.43283379077911377, 0.4273013770580292, 0.3952304720878601, 0.3679514527320862, 0.36324992775917053, 0.3203301429748535, 0.31519412994384766, 0.30895325541496277, 0.3048308789730072]"
F1_N2,train_44b6_t40_p04_crowded,train,44b6_d29c9ab2,40,crowded,0.3,3,24,3,3,3,0.5745242834091187,0.5745242834091187,0.5745242834091187,3,0.5745242834091187,3,0.684428075949351,"[[16. 33. 31.]
 [16. 10. 36.]
 [18. 48. 62.]
 [ 6. 11. 11.]
 [12. 38. 55.]
 [ 4. 33. 27.]
 [12. 38. 12.]
 [ 8. 18. 44.]
 [10. 49. 40.]
 [ 2. 30. 52.]
 [20.  3. 62.]
 [ 8.  6. 58.]
 [15. 60.  7.]
 [ 3. 58. 47.]
 [ 6. 56. 13.]
 [23. 20. 59.]
 [14.  3. 21.]
 [10. 18.  4.]
 [14. 53. 63.]
 [ 3. 62. 26.]
 [ 2. 35. 10.]
 [ 2. 62. 62.]
 [ 5.  3. 47.]
 [15. 12. 63.]]","[0.8039731979370117, 0.7201403379440308, 0.7029655575752258, 0.6629905104637146, 0.6599451303482056, 0.6559076905250549, 0.6507489085197449, 0.6427559852600098, 0.6260769367218018, 0.6223484873771667, 0.6136042475700378, 0.5934033393859863, 0.5927621126174927, 0.5855982303619385, 0.5786102414131165, 0.5731185078620911, 0.5707506537437439, 0.5266879200935364, 0.5253838300704956, 0.4911848306655884, 0.4799658954143524, 0.3882484436035156, 0.3701862692832947, 0.3272019624710083]"
F1_N2,train_44b6_t15_p05_crowded,train,44b6_d29c9ab2,15,crowded,0.3,3,26,3,3,3,0.2708333333333333,0.40625,0.2708333333333333,3,0.2708333333333333,3,0.6000745495160421,"[[24.  5. 43.]
 [16. 32. 34.]
 [30. 37. 31.]
 [22. 10. 18.]
 [24. 42. 30.]
 [30. 18. 54.]
 [28. 10. 10.]
 [20. 23. 59.]
 [10. 14. 21.]
 [20. 53.  8.]
 [13. 29. 52.]
 [13. 44. 25.]
 [27. 60. 29.]
 [28. 54. 57.]
 [26. 41. 59.]
 [ 9. 44. 62.]
 [ 6. 54. 41.]
 [16. 32.  3.]
 [16.  3. 32.]
 [ 1. 46. 17.]
 [17. 62. 62.]
 [ 7. 62.  4.]
 [ 6. 62. 24.]
 [31.  4. 63.]
 [26.  3. 63.]
 [10.  3.  5.]]","[0.6861008405685425, 0.6855270266532898, 0.6675891876220703, 0.6616033911705017, 0.6601614356040955, 0.6157487630844116, 0.611503541469574, 0.5956530570983887, 0.5919334292411804, 0.5825533270835876, 0.5733888149261475, 0.5659147500991821, 0.559794545173645, 0.5573544502258301, 0.5557422637939453, 0.5487818717956543, 0.5132631659507751, 0.4963591694831848, 0.4793876111507416, 0.46011224389076233, 0.4490768313407898, 0.4046687185764313, 0.4042679965496063, 0.3652563691139221, 0.3577822148799896, 0.34019696712493896]"
F1_N2,train_44b6_t20_p06_crowded,train,44b6_d29c9ab2,20,crowded,0.3,2,29,2,2,2,0.2872621417045593,0.2872621417045593,0.2872621417045593,2,0.2872621417045593,2,0.651059478521347,"[[22.  4. 52.]
 [20. 28. 42.]
 [18. 50. 44.]
 [10. 26. 24.]
 [16. 27. 32.]
 [12.  4. 36.]
 [24. 48. 58.]
 [30. 27. 43.]
 [26.  5.  8.]
 [26. 22. 26.]
 [30.  6. 44.]
 [26. 45. 25.]
 [24. 26. 62.]
 [14. 53. 28.]
 [ 4. 40. 37.]
 [28. 39.  8.]
 [ 6.  5. 19.]
 [25. 61.  8.]
 [ 2. 34.  6.]
 [10. 48. 63.]
 [28.  3. 63.]
 [ 8. 49.  3.]
 [ 9. 62. 56.]
 [23. 62. 22.]
 [23. 62. 48.]
 [ 1. 62.  6.]
 [30. 62. 36.]
 [ 7. 62.  4.]
 [13.  3.  4.]]","[0.6873891949653625, 0.6573460102081299, 0.6528908610343933, 0.6495075225830078, 0.6447729468345642, 0.6298490166664124, 0.6263574361801147, 0.6162390112876892, 0.6148569583892822, 0.6081079244613647, 0.6007304787635803, 0.5928306579589844, 0.590385913848877, 0.5780245661735535, 0.5757511854171753, 0.5718899965286255, 0.5479463934898376, 0.5279155969619751, 0.45145371556282043, 0.4445151090621948, 0.44318944215774536, 0.42065298557281494, 0.3965461850166321, 0.37130844593048096, 0.35143575072288513, 0.3513917028903961, 0.3506644666194916, 0.3403386175632477, 0.309764564037323]"
F1_N2,train_44b6_t40_p07_crowded,train,44b6_d29c9ab2,40,crowded,0.3,2,23,1,2,2,1.015625,1.015625,1.015625,2,1.015625,2,0.653233528137207,"[[10. 40. 30.]
 [26. 13. 53.]
 [12. 17. 45.]
 [26. 27. 19.]
 [22. 31. 33.]
 [24. 41. 47.]
 [11. 60. 12.]
 [ 4. 50.  5.]
 [16. 32. 33.]
 [18. 51. 24.]
 [18. 14. 46.]
 [31. 61. 25.]
 [29. 56. 62.]
 [23. 62. 36.]
 [30. 53.  4.]
 [31. 15. 35.]
 [20.  2. 14.]
 [31. 21. 11.]
 [25. 61.  9.]
 [31. 36. 51.]
 [31. 44. 23.]
 [29. 34. 63.]
 [10. 62. 40.]]","[0.7499232292175293, 0.738760232925415, 0.7367206811904907, 0.69585782289505, 0.6808887720108032, 0.6701962351799011, 0.6341452598571777, 0.626821756362915, 0.6255782842636108, 0.6071837544441223, 0.5950838327407837, 0.5836284160614014, 0.5570595860481262, 0.5393664836883545, 0.5386342406272888, 0.5359435081481934, 0.5348023772239685, 0.4938468337059021, 0.4918941855430603, 0.4577997028827667, 0.43658414483070374, 0.41504165530204773, 0.346881240606308]"
F1_N2,train_44b6_t50_p08_crowded,train,44b6_d29c9ab2,50,crowded,0.3,3,32,2,3,3,0.7099409103393555,0.40625,0.7099409103393555,3,0.7099409103393555,3,0.5772696733474731,"[[ 8. 21. 44.]
 [18.  6. 22.]
 [ 4. 42. 20.]
 [26. 49. 58.]
 [24. 30. 46.]
 [20.  8. 54.]
 [ 6. 10. 62.]
 [26. 30. 21.]
 [16. 33. 46.]
 [16. 30. 21.]
 [14. 43.  4.]
 [22. 17.  6.]
 [28.  4. 40.]
 [15. 54. 51.]
 [ 6. 41. 45.]
 [15. 61. 22.]
 [14.  4.  7.]
 [26.  3.  9.]
 [30. 32. 50.]
 [17. 18. 62.]
 [30. 54. 63.]
 [ 3. 25. 30.]
 [24. 44.  3.]
 [ 9. 54. 63.]
 [28. 47.  8.]
 [21. 61.  9.]
 [ 6.  6.  5.]
 [22. 45. 29.]
 [29.  4. 63.]
 [ 4.  3. 42.]
 [11. 62.  4.]
 [31. 30. 63.]]","[0.6754209399223328, 0.6532201170921326, 0.6349676847457886, 0.6031292676925659, 0.6029803156852722, 0.5937632918357849, 0.5836557745933533, 0.5778639912605286, 0.554095983505249, 0.54774010181427, 0.5334293842315674, 0.5317090153694153, 0.5296698212623596, 0.5294262170791626, 0.527616024017334, 0.5180076956748962, 0.5059217810630798, 0.5030438303947449, 0.5022920966148376, 0.4796668589115143, 0.47040286660194397, 0.4656699299812317, 0.4571525752544403, 0.45661816000938416, 0.4561757743358612, 0.44690820574760437, 0.42655107378959656, 0.39089328050613403, 0.36509034037590027, 0.3609403073787689, 0.30401912331581116, 0.3006921410560608]"
F1_N2,train_44b6_t10_p09_crowded,train,44b6_d29c9ab2,10,crowded,0.3,2,25,2,2,2,0.609375,0.609375,0.609375,2,0.609375,2,0.6315726339817047,"[[20.  8. 62.]
 [16. 23. 31.]
 [ 6. 49. 33.]
 [26. 12. 53.]
 [20. 50. 16.]
 [12. 19. 16.]
 [26. 12. 19.]
 [14.  7. 45.]
 [14. 46. 35.]
 [22. 23. 25.]
 [12. 49. 16.]
 [ 4. 30. 42.]
 [27. 58. 43.]
 [20. 28. 62.]
 [ 8.  5.  7.]
 [ 4. 54. 51.]
 [18. 48. 59.]
 [15. 62. 62.]
 [18.  1. 22.]
 [30. 34. 57.]
 [24. 40.  3.]
 [ 9. 62. 14.]
 [21. 62. 48.]
 [ 2.  3. 28.]
 [10. 24. 63.]]","[0.6893327832221985, 0.6622926592826843, 0.657532811164856, 0.6491746306419373, 0.6408160924911499, 0.6401359438896179, 0.6327356696128845, 0.6264230608940125, 0.6233060956001282, 0.6174687147140503, 0.6121029853820801, 0.6027757525444031, 0.6008526086807251, 0.6003232598304749, 0.6001394987106323, 0.5709197521209717, 0.5708431601524353, 0.541951060295105, 0.45662248134613037, 0.4499085545539856, 0.4256665110588074, 0.4065456688404083, 0.391658753156662, 0.37230193614959717, 0.3597513735294342]"
F1_N2,train_44b6_t30_p10_crowded,train,44b6_d29c9ab2,30,crowded,0.3,3,31,3,3,3,0.5745242834091187,0.5745242834091187,0.5745242834091187,3,0.5745242834091187,3,0.5855078101158142,"[[18.  8. 30.]
 [18. 16. 54.]
 [ 6. 15. 26.]
 [30. 16. 38.]
 [16. 28. 11.]
 [18. 42. 62.]
 [26. 10. 32.]
 [16. 33. 31.]
 [ 8. 26. 45.]
 [10. 50. 15.]
 [26. 30. 26.]
 [ 7. 60. 62.]
 [15. 61. 39.]
 [26.  3. 49.]
 [22. 35. 36.]
 [13. 61. 21.]
 [25. 60. 43.]
 [ 7.  4. 47.]
 [21. 54. 13.]
 [31. 14. 62.]
 [24. 43.  3.]
 [ 6. 51.  6.]
 [17. 60. 62.]
 [ 2. 62. 36.]
 [27. 60.  9.]
 [ 3.  5.  4.]
 [ 2. 25. 18.]
 [ 3. 37. 38.]
 [13.  3.  9.]
 [ 1. 62. 12.]
 [27.  1.  4.]]","[0.636873722076416, 0.6263120174407959, 0.6161825656890869, 0.6101818680763245, 0.598567008972168, 0.5932353138923645, 0.5904152393341064, 0.5759778618812561, 0.5703637003898621, 0.5646735429763794, 0.561693012714386, 0.5290740728378296, 0.5273021459579468, 0.5222181677818298, 0.5160642862319946, 0.5070472359657288, 0.49451348185539246, 0.47879454493522644, 0.47767308354377747, 0.4700556695461273, 0.4679737985134125, 0.4641759395599365, 0.45546090602874756, 0.4457451403141022, 0.4316670298576355, 0.4209786355495453, 0.40344640612602234, 0.392611563205719, 0.3472055196762085, 0.34097930788993835, 0.30703023076057434]"
F1_N2,train_44b6_t35_p11_crowded,train,44b6_d29c9ab2,35,crowded,0.3,4,31,4,4,4,0.1015625,0.0,0.1015625,4,0.1015625,4,0.6552121490240097,"[[24. 40. 19.]
 [ 2. 43. 23.]
 [26. 28. 37.]
 [20. 53. 51.]
 [16. 32. 49.]
 [14. 32. 28.]
 [18. 10. 62.]
 [30. 16. 62.]
 [22. 15. 21.]
 [10. 49. 39.]
 [27. 60. 62.]
 [11. 50. 13.]
 [20. 34. 10.]
 [ 2. 18. 31.]
 [13. 14. 43.]
 [ 6. 48. 50.]
 [14. 29.  4.]
 [28.  4. 22.]
 [30. 38. 51.]
 [20. 52.  5.]
 [ 4. 29.  4.]
 [13. 60. 63.]
 [17. 60.  5.]
 [26.  1. 48.]
 [13.  4.  5.]
 [24. 26. 63.]
 [ 1. 42. 63.]
 [ 2. 62. 36.]
 [ 3.  3. 27.]
 [ 5.  3. 43.]
 [19.  1. 32.]]","[0.7402614951133728, 0.6653442978858948, 0.6524043083190918, 0.6419795155525208, 0.6325877904891968, 0.6244376301765442, 0.6225213408470154, 0.6181328892707825, 0.6124044060707092, 0.6078434586524963, 0.5971408486366272, 0.5826550126075745, 0.5772457718849182, 0.5722599625587463, 0.5563826560974121, 0.5355701446533203, 0.524798572063446, 0.503351628780365, 0.49433717131614685, 0.4908212423324585, 0.4820788502693176, 0.4672577977180481, 0.45804792642593384, 0.4217434227466583, 0.421021431684494, 0.41649800539016724, 0.41507554054260254, 0.37453824281692505, 0.3492608964443207, 0.33445867896080017, 0.3316803574562073]"
F1_N2,train_44b6_t45_p12_crowded,train,44b6_d29c9ab2,45,crowded,0.3,2,25,1,2,2,0.8125,0.8125,0.8125,2,0.8125,2,0.6729356348514557,"[[10. 35. 27.]
 [24. 36. 40.]
 [ 6. 35. 19.]
 [26.  9. 47.]
 [16. 32. 32.]
 [20. 14. 42.]
 [10. 22. 50.]
 [26. 43. 57.]
 [31. 61. 23.]
 [30. 30. 19.]
 [23. 61. 43.]
 [25. 61. 11.]
 [20. 50. 26.]
 [13. 61. 13.]
 [30. 52.  3.]
 [31. 11. 32.]
 [28.  1. 15.]
 [ 4. 53.  4.]
 [21.  3. 14.]
 [31.  8. 48.]
 [31. 56. 63.]
 [30.  4. 63.]
 [10. 62. 40.]
 [25. 32.  2.]
 [19.  4. 63.]]","[0.808286190032959, 0.6960074305534363, 0.6956683397293091, 0.689712643623352, 0.6498638391494751, 0.6458865404129028, 0.6331135630607605, 0.6210095286369324, 0.6183760166168213, 0.6151596307754517, 0.5983778834342957, 0.5804087519645691, 0.5758143067359924, 0.5399770140647888, 0.5094764828681946, 0.4872421324253082, 0.46076661348342896, 0.44816067814826965, 0.44356057047843933, 0.42797431349754333, 0.412762314081192, 0.4108791947364807, 0.4033808708190918, 0.33805370330810547, 0.31287601590156555]"
F1_N2,train_44b6_t25_p13_crowded,train,44b6_d29c9ab2,25,crowded,0.3,2,25,2,2,2,0.2872621417045593,0.2872621417045593,0.2872621417045593,2,0.2872621417045593,2,0.6978632211685181,"[[22. 37. 41.]
 [10. 32. 24.]
 [16. 33. 33.]
 [12. 12. 42.]
 [ 6. 44. 37.]
 [24. 24. 58.]
 [24. 48. 14.]
 [22.  4. 46.]
 [18. 52. 36.]
 [30. 12. 40.]
 [28. 28. 24.]
 [26. 46. 54.]
 [ 2. 37.  6.]
 [14. 55. 19.]
 [31. 31. 39.]
 [30. 55.  9.]
 [11. 56. 62.]
 [28. 20.  3.]
 [30.  1. 54.]
 [ 9. 62.  4.]
 [ 2. 62. 16.]
 [15.  1.  6.]
 [31. 61. 59.]
 [31.  1. 24.]
 [31. 44. 63.]]","[0.7051069140434265, 0.7011736631393433, 0.6906195282936096, 0.6537753343582153, 0.6509541869163513, 0.6460482478141785, 0.6411610841751099, 0.6384562849998474, 0.6281775832176208, 0.6204941868782043, 0.6130269169807434, 0.6102246046066284, 0.5623559355735779, 0.5434133410453796, 0.5257739424705505, 0.5237221717834473, 0.5120649933815002, 0.49484819173812866, 0.38497745990753174, 0.38432008028030396, 0.3585411310195923, 0.35045918822288513, 0.34450531005859375, 0.3239191174507141, 0.31005561351776123]"
F1_N2,train_44b6_t10_p14_crowded,train,44b6_d29c9ab2,10,crowded,0.3,2,26,2,2,2,0.4542013108730316,0.4542013108730316,0.4542013108730316,2,0.4542013108730316,2,0.6521092653274536,"[[28. 50. 28.]
 [22. 11. 43.]
 [16. 36. 24.]
 [ 6. 35. 11.]
 [28. 22. 37.]
 [24. 37. 59.]
 [28. 13. 12.]
 [16. 11. 30.]
 [22. 24.  8.]
 [12. 11. 19.]
 [18. 30. 43.]
 [ 4. 19. 27.]
 [20. 54.  8.]
 [19. 60. 39.]
 [12. 55. 12.]
 [11. 56. 43.]
 [21. 56. 62.]
 [ 8. 55.  7.]
 [12. 26. 63.]
 [24. 16. 63.]
 [28.  1. 38.]
 [12. 52. 63.]
 [ 1. 46.  5.]
 [ 3. 62.  4.]
 [31. 42. 51.]
 [22.  1.  3.]]","[0.6954092979431152, 0.6878493428230286, 0.6632210612297058, 0.6373961567878723, 0.635647177696228, 0.6191319823265076, 0.6179457902908325, 0.6163691878318787, 0.5953379273414612, 0.5895732641220093, 0.5708084106445312, 0.5577598214149475, 0.5570944547653198, 0.5314253568649292, 0.5297163724899292, 0.5051286816596985, 0.4793018102645874, 0.47922074794769287, 0.4355861246585846, 0.42724478244781494, 0.3983207643032074, 0.3808501362800598, 0.3756727874279022, 0.3696887791156769, 0.3614027798175812, 0.33252716064453125]"
F1_N2,train_44b6_t25_p15_crowded,train,44b6_d29c9ab2,25,crowded,0.3,4,23,4,4,4,0.3888246417045593,0.4903871417045593,0.3888246417045593,4,0.3888246417045593,4,0.6265934258699417,"[[20. 45. 20.]
 [24. 16. 23.]
 [ 2. 32. 38.]
 [12. 29. 37.]
 [ 2. 25. 16.]
 [20. 43. 44.]
 [24.  5. 49.]
 [14.  9. 54.]
 [26. 18. 49.]
 [12. 18. 17.]
 [16. 32. 59.]
 [ 2.  9. 30.]
 [11. 47. 20.]
 [30. 38. 57.]
 [12. 53. 52.]
 [23. 60.  5.]
 [15. 56.  7.]
 [ 3. 62.  4.]
 [19. 62. 42.]
 [ 2. 60. 63.]
 [ 2. 62. 50.]
 [ 8. 62. 14.]
 [21.  5.  3.]]","[0.6919689178466797, 0.6572745442390442, 0.6548244953155518, 0.6434285044670105, 0.6402342915534973, 0.6391226053237915, 0.6380454301834106, 0.6308436393737793, 0.6226617693901062, 0.6103355288505554, 0.6044266819953918, 0.5954895615577698, 0.589847981929779, 0.5328008532524109, 0.527672529220581, 0.5191475749015808, 0.49706241488456726, 0.4916287362575531, 0.4705817997455597, 0.439685195684433, 0.4308049976825714, 0.3330676853656769, 0.3108144998550415]"
F1_N2,train_44b6_t30_p16_crowded,train,44b6_d29c9ab2,30,crowded,0.3,2,24,1,1,1,5.098366916179657,5.098366916179657,0.5745242834091187,1,0.5745242834091187,1,0.7116623520851135,"[[26. 23. 27.]
 [16. 33. 31.]
 [20. 21. 53.]
 [20. 42. 50.]
 [ 7. 15. 42.]
 [28. 17. 46.]
 [ 8. 54. 15.]
 [ 4. 34. 29.]
 [28. 51. 25.]
 [14. 46. 23.]
 [22. 28. 18.]
 [18. 48.  5.]
 [16.  4. 41.]
 [12. 17. 46.]
 [ 3. 60.  5.]
 [27. 61. 43.]
 [24. 16.  3.]
 [30. 42. 63.]
 [26. 54.  5.]
 [17. 62. 36.]
 [24. 38. 63.]
 [12.  1.  3.]
 [27.  3. 63.]
 [23.  1. 54.]]","[0.7297281622886658, 0.7116623520851135, 0.6836702823638916, 0.6585361957550049, 0.6579385995864868, 0.6086658239364624, 0.6086493730545044, 0.5983297228813171, 0.5869848728179932, 0.575049638748169, 0.5743988156318665, 0.5741156935691833, 0.5729361772537231, 0.5622146725654602, 0.5433121919631958, 0.5265792012214661, 0.5233491063117981, 0.46067196130752563, 0.43312087655067444, 0.4069589674472809, 0.37532055377960205, 0.3683156371116638, 0.3541296422481537, 0.3009116053581238]"
F1_N2,train_44b6_t15_p17_crowded,train,44b6_d29c9ab2,15,crowded,0.3,2,31,2,2,2,0.4903871417045593,0.4903871417045593,0.4903871417045593,2,0.4903871417045593,2,0.7142454385757446,"[[22. 25. 43.]
 [16. 22. 31.]
 [30. 29. 15.]
 [ 6. 50. 16.]
 [12. 26. 24.]
 [16. 49. 29.]
 [28. 10. 30.]
 [12.  5. 25.]
 [24. 42. 59.]
 [28. 35. 33.]
 [18. 41. 39.]
 [ 4. 29. 31.]
 [22. 41.  5.]
 [11. 61. 59.]
 [31. 62. 34.]
 [26. 22. 62.]
 [24. 55. 33.]
 [20.  3. 36.]
 [24. 20.  3.]
 [31. 57. 48.]
 [31. 19. 47.]
 [11. 62. 38.]
 [ 5. 62.  6.]
 [11.  4. 63.]
 [23. 62. 58.]
 [ 1. 61.  6.]
 [11. 44. 63.]
 [ 5.  3. 15.]
 [24.  1. 54.]
 [29. 62.  4.]
 [15.  1.  4.]]","[0.7278933525085449, 0.7005975246429443, 0.6911267638206482, 0.690327525138855, 0.6743742823600769, 0.6592676639556885, 0.6551099419593811, 0.6531513333320618, 0.6401069760322571, 0.6352186799049377, 0.6141940951347351, 0.610954999923706, 0.6051412224769592, 0.6021059155464172, 0.5595946311950684, 0.5508195757865906, 0.5455164909362793, 0.51668781042099, 0.5096256732940674, 0.5077986717224121, 0.5024664998054504, 0.4464535117149353, 0.4289587736129761, 0.42458605766296387, 0.41381239891052246, 0.4015101194381714, 0.3679737448692322, 0.33256176114082336, 0.3185255825519562, 0.3039780557155609, 0.30286192893981934]"
F1_N2,train_44b6_t55_p18_crowded,train,44b6_d29c9ab2,55,crowded,0.3,2,25,2,2,2,0.203125,0.203125,0.203125,2,0.203125,2,0.6129589378833771,"[[24.  9. 19.]
 [16. 32. 32.]
 [26. 48. 26.]
 [ 4. 35. 24.]
 [29. 61. 62.]
 [12. 46. 19.]
 [18.  3. 47.]
 [20. 39. 49.]
 [22. 51. 19.]
 [22. 18. 59.]
 [11. 28. 26.]
 [28. 34. 21.]
 [30.  7. 27.]
 [28.  5. 47.]
 [12. 14. 37.]
 [22. 27. 11.]
 [ 5. 60. 11.]
 [17. 57. 42.]
 [24. 50.  3.]
 [ 4. 21. 40.]
 [28. 20. 39.]
 [ 3. 49. 57.]
 [ 9.  4. 63.]
 [ 5. 59. 59.]
 [21. 62. 58.]]","[0.7039269804954529, 0.6536486148834229, 0.6481642127037048, 0.6362268924713135, 0.6320188045501709, 0.6304205656051636, 0.630040168762207, 0.6229326725006104, 0.5918481945991516, 0.577125072479248, 0.5722692608833313, 0.5594951510429382, 0.5541113018989563, 0.5502203106880188, 0.5491113066673279, 0.5344048738479614, 0.5299533605575562, 0.5231646299362183, 0.48317021131515503, 0.4760020077228546, 0.39032793045043945, 0.3902123272418976, 0.3792690634727478, 0.3614603877067566, 0.3065788149833679]"
F1_N2,train_44b6_t35_p19_crowded,train,44b6_d29c9ab2,35,crowded,0.3,2,23,1,2,2,1.2680363655090332,1.2680363655090332,1.2680363655090332,2,1.2680363655090332,2,0.7093969285488129,"[[22. 37. 37.]
 [26. 19. 57.]
 [12. 19. 46.]
 [20.  4. 14.]
 [12. 37. 31.]
 [26. 45. 51.]
 [16. 34. 32.]
 [ 6. 40. 29.]
 [28. 33. 21.]
 [22.  4. 43.]
 [13. 60. 13.]
 [18. 51. 28.]
 [18. 18. 51.]
 [31. 61. 35.]
 [24. 50.  9.]
 [31. 60.  6.]
 [31. 26. 10.]
 [ 5. 52.  9.]
 [23. 62. 36.]
 [31. 17. 35.]
 [30. 60. 63.]
 [25. 62.  8.]
 [31.  1. 12.]]","[0.756140947341919, 0.7118874192237854, 0.7086313366889954, 0.7014223337173462, 0.6951648592948914, 0.6846843957901001, 0.6626529097557068, 0.6605870127677917, 0.6312301158905029, 0.5980679392814636, 0.5739925503730774, 0.5490756630897522, 0.5384564995765686, 0.5383540987968445, 0.5320568680763245, 0.5315440893173218, 0.5250544548034668, 0.48361000418663025, 0.4699119031429291, 0.4263230264186859, 0.3901462256908417, 0.3813152313232422, 0.31907159090042114]"
F1_N2,train_44b6_t35_p20_crowded,train,44b6_d29c9ab2,35,crowded,0.3,2,21,2,2,2,0.40625,0.40625,0.40625,2,0.40625,2,0.7045798897743225,"[[18. 35. 37.]
 [20. 13. 19.]
 [26.  4. 40.]
 [26. 36.  7.]
 [20. 13. 54.]
 [10. 19. 23.]
 [14. 45. 32.]
 [24. 53. 42.]
 [ 5. 46. 19.]
 [30. 35. 47.]
 [28. 55. 17.]
 [18. 42.  8.]
 [16. 26. 59.]
 [31. 14. 11.]
 [20. 28.  3.]
 [31.  1. 26.]
 [ 7. 21.  4.]
 [10.  1. 14.]
 [21. 62. 26.]
 [19. 62. 58.]
 [31. 18. 63.]]","[0.7595258951187134, 0.7478848695755005, 0.728523850440979, 0.6905025243759155, 0.6720871925354004, 0.6641422510147095, 0.6496338844299316, 0.6481027603149414, 0.6176024675369263, 0.6047651767730713, 0.5989328622817993, 0.5497210025787354, 0.5353259444236755, 0.5289474129676819, 0.4615074098110199, 0.43648549914360046, 0.4083205759525299, 0.40219351649284363, 0.39914655685424805, 0.38823288679122925, 0.33359214663505554]"
F1_N2,train_44b6_t20_p21_crowded,train,44b6_d29c9ab2,20,crowded,0.3,2,22,2,2,2,0.40625,0.40625,0.40625,2,0.40625,2,0.7129152119159698,"[[24. 37. 41.]
 [26. 21. 19.]
 [16. 34. 46.]
 [10. 54. 18.]
 [ 8. 32. 12.]
 [16. 10. 32.]
 [30. 51.  9.]
 [28. 13. 50.]
 [22. 41. 23.]
 [24. 50. 62.]
 [12. 20. 23.]
 [14. 61. 49.]
 [28. 36. 62.]
 [30. 42. 42.]
 [17. 57.  4.]
 [24. 38.  4.]
 [11.  3.  5.]
 [23. 62. 16.]
 [31.  1.  4.]
 [31. 62. 50.]
 [31.  3. 38.]
 [ 6. 47.  3.]]","[0.7661688923835754, 0.7524181008338928, 0.7405155301094055, 0.7284848690032959, 0.7065364122390747, 0.7030695676803589, 0.7005917429924011, 0.6875842809677124, 0.6853148937225342, 0.6754048466682434, 0.6634812951087952, 0.6198307871818542, 0.5943653583526611, 0.5607267618179321, 0.5457467436790466, 0.5278113484382629, 0.4902128279209137, 0.44440987706184387, 0.38564467430114746, 0.3843463063240051, 0.35488107800483704, 0.34263330698013306]"
F1_N2,train_44b6_t30_p22_crowded,train,44b6_d29c9ab2,30,crowded,0.3,2,25,2,2,2,0.203125,0.203125,0.203125,2,0.203125,2,0.6687238812446594,"[[24. 48. 46.]
 [26. 24. 12.]
 [20.  6. 26.]
 [28. 52. 24.]
 [18. 27. 38.]
 [14. 37. 32.]
 [20.  7. 58.]
 [19. 60. 62.]
 [ 8. 55. 58.]
 [11. 60. 58.]
 [21. 59. 29.]
 [ 7. 61.  5.]
 [28. 25. 51.]
 [ 3. 44. 19.]
 [14. 14. 57.]
 [16. 32.  3.]
 [20. 21.  4.]
 [12. 11. 19.]
 [31.  5. 10.]
 [ 8. 12. 22.]
 [31. 46. 63.]
 [24.  1. 40.]
 [31.  5. 49.]
 [18. 62.  4.]
 [ 4. 62. 24.]]","[0.7305260896682739, 0.7278211712837219, 0.7168142795562744, 0.7006434798240662, 0.6746957302093506, 0.6627520322799683, 0.6621122360229492, 0.6305821537971497, 0.6000933051109314, 0.5902590751647949, 0.5816325545310974, 0.5738371014595032, 0.557503342628479, 0.540359377861023, 0.5226343274116516, 0.49295932054519653, 0.4779292643070221, 0.47725674510002136, 0.47588059306144714, 0.45080921053886414, 0.4443931579589844, 0.40948835015296936, 0.39162158966064453, 0.33578693866729736, 0.3155856728553772]"
F1_N2,train_44b6_t50_p23_crowded,train,44b6_d29c9ab2,50,crowded,0.3,2,27,2,2,2,0.6573263108730316,0.6573263108730316,0.6573263108730316,2,0.6573263108730316,2,0.6068207323551178,"[[24.  6. 44.]
 [16. 47. 15.]
 [ 6. 20. 36.]
 [10. 46. 37.]
 [30. 28. 13.]
 [12. 24. 56.]
 [30.  8. 28.]
 [20. 52. 62.]
 [ 4. 26. 10.]
 [20. 19. 13.]
 [24.  6. 19.]
 [16. 30. 31.]
 [29. 62. 44.]
 [30. 34. 40.]
 [23. 61. 33.]
 [20. 24. 33.]
 [ 5. 54. 19.]
 [26. 46. 28.]
 [19.  3. 63.]
 [ 8. 60. 62.]
 [31. 16. 55.]
 [14. 26.  3.]
 [21. 60.  4.]
 [ 7.  3. 37.]
 [ 4. 12.  3.]
 [31.  1. 48.]
 [26. 40.  3.]]","[0.7077227830886841, 0.6842851638793945, 0.6755035519599915, 0.6696828603744507, 0.6604299545288086, 0.6237496137619019, 0.6148332357406616, 0.6090372800827026, 0.5954293608665466, 0.5534150004386902, 0.5481082797050476, 0.5439586043357849, 0.540323793888092, 0.539463996887207, 0.5252642035484314, 0.5243768095970154, 0.49055975675582886, 0.48753222823143005, 0.44781047105789185, 0.4395388662815094, 0.42973652482032776, 0.4266810715198517, 0.39490392804145813, 0.39367151260375977, 0.3553248941898346, 0.3520444929599762, 0.3434084951877594]"
F1_N2,train_44b6_t40_p24_crowded,train,44b6_d29c9ab2,40,crowded,0.3,2,21,1,1,1,1.890407919883728,1.890407919883728,0.40625,1,0.40625,1,0.6812622547149658,"[[18. 11. 11.]
 [24. 26. 14.]
 [26. 37. 45.]
 [18.  7. 43.]
 [24.  6. 46.]
 [16. 32. 48.]
 [20. 35. 29.]
 [31. 16. 62.]
 [30. 45. 55.]
 [10. 44.  4.]
 [18.  8. 59.]
 [28.  5. 21.]
 [19. 60.  8.]
 [30. 29. 23.]
 [15. 56. 31.]
 [28.  6.  4.]
 [21. 62. 46.]
 [30. 61. 23.]
 [23. 60. 63.]
 [31. 28.  3.]
 [25. 24. 63.]]","[0.7791430950164795, 0.7278449535369873, 0.7223743200302124, 0.7169309258460999, 0.6939144730567932, 0.6812622547149658, 0.6721502542495728, 0.6439071893692017, 0.6363618969917297, 0.6201526522636414, 0.5870597958564758, 0.5826966166496277, 0.5802123546600342, 0.5756120085716248, 0.5735482573509216, 0.5628795027732849, 0.5449610352516174, 0.5370703935623169, 0.37824490666389465, 0.36971262097358704, 0.31030023097991943]"
F1_N2,train_44b6_t55_p25_isolated,train,44b6_d29c9ab2,55,isolated,0.3,1,17,1,1,1,0.5745242834091187,0.5745242834091187,0.5745242834091187,1,0.5745242834091187,1,0.6635234951972961,"[[20. 45. 17.]
 [28. 33. 39.]
 [16.  7. 23.]
 [22. 17. 29.]
 [15. 33. 31.]
 [18.  8. 47.]
 [27. 61. 62.]
 [28. 14. 18.]
 [16. 29.  4.]
 [28. 14. 63.]
 [30. 31.  5.]
 [26. 47.  5.]
 [31. 62. 46.]
 [30. 60. 17.]
 [31.  8.  7.]
 [19. 62. 10.]
 [25. 14. 55.]]","[0.762683093547821, 0.7312865257263184, 0.6968561410903931, 0.6765019297599792, 0.6635234951972961, 0.6589801907539368, 0.6303683519363403, 0.61879563331604, 0.587337851524353, 0.5438719987869263, 0.5376521348953247, 0.5316283702850342, 0.47727736830711365, 0.4761841595172882, 0.3745971918106079, 0.343176931142807, 0.3270009160041809]"
F1_N2,train_44b6_t50_p26_isolated,train,44b6_d29c9ab2,50,isolated,0.3,1,25,1,1,1,0.5745242834091187,0.5745242834091187,0.5745242834091187,1,0.5745242834091187,1,0.6984099745750427,"[[20. 39. 53.]
 [16.  3. 27.]
 [ 6. 43. 33.]
 [16. 31. 31.]
 [10.  5. 51.]
 [ 6.  4. 38.]
 [10. 45. 55.]
 [12. 58. 25.]
 [18. 21. 37.]
 [ 4. 21. 29.]
 [ 5. 23. 53.]
 [ 3. 60. 18.]
 [16. 54. 36.]
 [11. 28. 62.]
 [26. 32. 55.]
 [28. 12. 62.]
 [24. 15. 63.]
 [ 5.  4. 19.]
 [ 2. 32. 19.]
 [ 1. 43. 39.]
 [19. 62. 56.]
 [ 6. 58.  3.]
 [16.  9.  4.]
 [ 4. 60. 63.]
 [ 5. 14.  5.]]","[0.7601476907730103, 0.7490605711936951, 0.7057498693466187, 0.6984099745750427, 0.6861338019371033, 0.6743513345718384, 0.6550702452659607, 0.6403552293777466, 0.635680079460144, 0.5887799263000488, 0.5851799845695496, 0.5576147437095642, 0.5408610701560974, 0.5371184349060059, 0.509387731552124, 0.4386160671710968, 0.42749595642089844, 0.41143321990966797, 0.39887380599975586, 0.38423940539360046, 0.3777337670326233, 0.3414469063282013, 0.3166428804397583, 0.3153100311756134, 0.3086922764778137]"
F1_N2,train_44b6_t15_p27_isolated,train,44b6_d29c9ab2,15,isolated,0.3,1,20,1,1,1,0.0,0.0,0.0,1,0.0,1,0.7941857576370239,"[[18. 32. 32.]
 [18.  5. 25.]
 [10. 14. 50.]
 [12. 35. 37.]
 [ 4. 40. 24.]
 [ 6.  6. 18.]
 [ 2. 55. 45.]
 [22. 10. 59.]
 [21. 60. 57.]
 [12. 18.  6.]
 [16. 20. 52.]
 [13. 61. 33.]
 [ 4. 35. 52.]
 [13. 60. 52.]
 [12. 50.  4.]
 [ 3. 60.  9.]
 [ 1. 16. 27.]
 [ 7. 60. 63.]
 [ 9. 63. 12.]
 [ 5. 18. 63.]]","[0.7941857576370239, 0.7246526479721069, 0.7138409614562988, 0.6917551755905151, 0.6846468448638916, 0.6705574989318848, 0.6582234501838684, 0.6343688368797302, 0.632577121257782, 0.6309139132499695, 0.6166360378265381, 0.6069286465644836, 0.6000750064849854, 0.5752034187316895, 0.5684376955032349, 0.5110334157943726, 0.44935429096221924, 0.43950366973876953, 0.35580897331237793, 0.3331006169319153]"
F1_N2,train_44b6_t30_p28_isolated,train,44b6_d29c9ab2,30,isolated,0.3,1,25,1,1,1,0.0,0.0,0.0,1,0.0,1,0.8412141799926758,"[[16. 32. 32.]
 [ 4. 11. 39.]
 [22.  8. 62.]
 [ 6.  5. 11.]
 [ 6. 31. 47.]
 [18. 25. 57.]
 [12.  5. 15.]
 [10. 11. 59.]
 [12. 38. 47.]
 [ 9. 40. 62.]
 [ 7. 61. 19.]
 [14. 56. 42.]
 [ 2. 31. 36.]
 [ 4. 52. 50.]
 [13. 44.  5.]
 [ 1. 46. 27.]
 [10. 27. 11.]
 [ 8. 39. 19.]
 [ 1. 16. 53.]
 [ 7. 62. 62.]
 [ 1. 62.  4.]
 [21. 46. 63.]
 [23. 60. 63.]
 [ 3. 35.  4.]
 [ 2. 62. 36.]]","[0.8412141799926758, 0.7636404633522034, 0.7458211779594421, 0.7183082103729248, 0.6708391308784485, 0.6681085824966431, 0.6567435264587402, 0.6499167680740356, 0.6392924785614014, 0.6132513880729675, 0.5950314402580261, 0.5633782148361206, 0.5427640676498413, 0.5416999459266663, 0.5326646566390991, 0.5185431838035583, 0.5106661319732666, 0.5066581964492798, 0.49729010462760925, 0.49072957038879395, 0.48263269662857056, 0.393976628780365, 0.36061105132102966, 0.31253135204315186, 0.3050958216190338]"
F1_N2,train_44b6_t30_p29_isolated,train,44b6_d29c9ab2,30,isolated,0.3,1,21,0,1,1,1.8616713285446167,1.8616713285446167,1.8616713285446167,1,1.8616713285446167,1,0.6834384202957153,"[[10. 11. 51.]
 [16. 48. 62.]
 [12. 31. 30.]
 [ 4.  9. 39.]
 [ 4. 31. 41.]
 [18. 20. 42.]
 [14. 10. 62.]
 [14.  3. 25.]
 [ 6. 24. 16.]
 [ 6. 53. 32.]
 [ 4. 60. 62.]
 [12. 60. 44.]
 [25.  3. 63.]
 [22. 14. 35.]
 [ 7. 40. 63.]
 [ 8.  1.  3.]
 [ 1. 21. 34.]
 [ 1. 56. 13.]
 [20.  3. 51.]
 [ 3. 62.  4.]
 [ 0. 34. 27.]]","[0.7308601140975952, 0.7178453803062439, 0.6834384202957153, 0.6395111680030823, 0.6368117928504944, 0.6241480112075806, 0.6153160333633423, 0.6133629679679871, 0.6066538095474243, 0.6046887040138245, 0.6001215577125549, 0.594468355178833, 0.574474036693573, 0.5434598922729492, 0.4941333830356598, 0.4706314206123352, 0.4538347125053406, 0.4107138216495514, 0.3926411271095276, 0.3666272759437561, 0.32699084281921387]"
F1_N2,train_44b6_t20_p30_isolated,train,44b6_d29c9ab2,20,isolated,0.3,1,26,1,1,1,0.0,0.0,0.0,1,0.0,1,0.7561174035072327,"[[16. 32. 32.]
 [10. 19. 13.]
 [ 8. 43.  7.]
 [ 2.  4. 14.]
 [18. 20. 54.]
 [ 2. 30. 59.]
 [ 4. 50. 41.]
 [10. 51. 33.]
 [18.  3. 25.]
 [21. 61. 51.]
 [12. 14. 62.]
 [ 9. 60. 62.]
 [12. 32. 41.]
 [ 8.  5. 35.]
 [24. 40. 62.]
 [ 4. 29. 38.]
 [ 2. 22. 18.]
 [18. 43. 63.]
 [ 1. 43. 25.]
 [24. 14. 63.]
 [ 3. 62.  4.]
 [16.  1. 42.]
 [ 1. 24.  5.]
 [11. 62.  4.]
 [17. 46. 17.]
 [17. 44. 53.]]","[0.7561174035072327, 0.755723237991333, 0.7171784043312073, 0.7078445553779602, 0.6999330520629883, 0.6979333758354187, 0.6889604330062866, 0.6660661697387695, 0.6632522344589233, 0.661329448223114, 0.648875892162323, 0.6340380907058716, 0.6332969665527344, 0.6248719096183777, 0.6133333444595337, 0.6021336317062378, 0.5694824457168579, 0.511110246181488, 0.5014580488204956, 0.4725324213504791, 0.4695148766040802, 0.3987051546573639, 0.3714514374732971, 0.34315675497055054, 0.3326926529407501, 0.33155035972595215]"
F1_N2,train_44b6_t20_p31_isolated,train,44b6_d29c9ab2,20,isolated,0.3,1,21,1,1,1,0.5745242834091187,0.5745242834091187,0.5745242834091187,1,0.5745242834091187,1,0.6825206279754639,"[[18.  5. 35.]
 [18. 35. 57.]
 [ 6. 41. 56.]
 [ 8.  6. 40.]
 [16. 33. 31.]
 [10. 46. 32.]
 [ 8. 19. 12.]
 [14. 14. 62.]
 [ 4. 23. 41.]
 [18. 14. 13.]
 [ 3. 60. 62.]
 [10.  3.  5.]
 [26. 12. 63.]
 [ 8. 43.  8.]
 [16. 62. 46.]
 [ 3. 60. 11.]
 [ 3. 16. 25.]
 [ 3. 35.  6.]
 [ 1. 62. 40.]
 [17. 48. 15.]
 [ 9. 62. 16.]]","[0.7256792783737183, 0.7184868454933167, 0.7013744115829468, 0.6907248497009277, 0.6825206279754639, 0.658652663230896, 0.6317211985588074, 0.626620352268219, 0.6189537644386292, 0.5927795171737671, 0.5898786783218384, 0.5759339928627014, 0.5476856827735901, 0.5461280941963196, 0.5119380354881287, 0.4795154631137848, 0.47903281450271606, 0.46291762590408325, 0.32208094000816345, 0.3174990713596344, 0.3115510046482086]"
F1_N2,train_44b6_t10_p32_isolated,train,44b6_d29c9ab2,10,isolated,0.3,1,19,1,1,1,0.5745242834091187,0.5745242834091187,0.5745242834091187,1,0.5745242834091187,1,0.6838205456733704,"[[ 8. 11. 39.]
 [16. 18. 62.]
 [ 4.  5. 57.]
 [ 2. 28. 34.]
 [ 2.  6.  6.]
 [ 8. 33. 31.]
 [ 2. 46. 12.]
 [12. 52. 62.]
 [ 2. 56. 38.]
 [14.  3. 62.]
 [18. 60. 62.]
 [ 1. 61. 63.]
 [ 1. 34. 51.]
 [ 1. 53. 63.]
 [ 9. 61. 23.]
 [23.  6. 55.]
 [24. 37. 54.]
 [15. 38. 41.]
 [ 9.  3. 24.]]","[0.7856136560440063, 0.7810621857643127, 0.76126629114151, 0.7419993281364441, 0.7109217643737793, 0.6838205456733704, 0.6544086337089539, 0.6461962461471558, 0.6250402331352234, 0.588819682598114, 0.5273888111114502, 0.5013628602027893, 0.43832653760910034, 0.4316823184490204, 0.3932473659515381, 0.3718477785587311, 0.36215177178382874, 0.34064480662345886, 0.3014339804649353]"
F1_N2,train_44b6_t45_p33_isolated,train,44b6_d29c9ab2,45,isolated,0.3,1,25,1,1,1,0.5745242834091187,0.5745242834091187,0.5745242834091187,1,0.5745242834091187,1,0.6898056268692017,"[[14.  5. 25.]
 [20. 15. 45.]
 [20. 45. 47.]
 [ 6. 46. 30.]
 [16. 33. 31.]
 [10. 15. 53.]
 [ 2. 22. 30.]
 [ 8.  3. 37.]
 [12. 38. 62.]
 [23. 43. 63.]
 [12. 61. 25.]
 [ 6. 28. 50.]
 [10. 52. 50.]
 [16. 56. 28.]
 [ 2. 62. 14.]
 [25. 60. 51.]
 [28. 22. 62.]
 [ 5. 60. 63.]
 [ 5.  3. 25.]
 [ 8. 21.  3.]
 [ 1. 35. 17.]
 [ 1.  5.  3.]
 [ 2.  2. 63.]
 [15. 26.  5.]
 [17. 63. 57.]]","[0.8305972814559937, 0.8249441385269165, 0.7641314268112183, 0.7051936388015747, 0.6898056268692017, 0.6588516235351562, 0.6584784984588623, 0.6152206659317017, 0.6128940582275391, 0.5729501843452454, 0.5688962936401367, 0.5683907866477966, 0.5677750110626221, 0.5514765381813049, 0.5168830752372742, 0.49094727635383606, 0.46855637431144714, 0.45155075192451477, 0.4075751006603241, 0.4072554111480713, 0.3790046274662018, 0.33520349860191345, 0.33148494362831116, 0.32502731680870056, 0.30711135268211365]"
F1_N2,train_44b6_t25_p34_isolated,train,44b6_d29c9ab2,25,isolated,0.3,1,20,1,1,1,0.0,0.0,0.0,1,0.0,1,0.8190852403640747,"[[16. 32. 32.]
 [ 2.  8. 20.]
 [18.  7. 37.]
 [ 2. 29. 27.]
 [16. 21. 51.]
 [ 6. 34. 42.]
 [ 8.  9. 47.]
 [ 6. 52. 10.]
 [12. 37. 42.]
 [12. 16. 62.]
 [ 5. 61. 45.]
 [ 8. 25. 13.]
 [10. 55. 37.]
 [21. 61. 59.]
 [18. 42. 62.]
 [ 5. 38. 63.]
 [24. 28. 63.]
 [ 2. 47. 34.]
 [17. 22. 15.]
 [ 5.  5.  4.]]","[0.8190852403640747, 0.8012087941169739, 0.773967444896698, 0.7230751514434814, 0.7178349494934082, 0.7061101198196411, 0.6735560894012451, 0.6610710620880127, 0.6591678261756897, 0.6555400490760803, 0.6424540281295776, 0.6348575353622437, 0.6171183586120605, 0.6165082454681396, 0.6025276184082031, 0.5575458407402039, 0.47754591703414917, 0.4493975341320038, 0.33526933193206787, 0.3137466013431549]"
F1_N2,train_44b6_t10_p35_isolated,train,44b6_d29c9ab2,10,isolated,0.3,1,30,1,1,1,0.5745242834091187,0.5745242834091187,0.5745242834091187,1,0.5745242834091187,1,0.5136945843696594,"[[24. 35. 29.]
 [12. 14. 17.]
 [24.  7. 45.]
 [30. 56. 62.]
 [12. 54. 28.]
 [30. 35. 49.]
 [18. 15. 27.]
 [20. 17.  9.]
 [18.  5. 59.]
 [ 7. 48. 16.]
 [24. 24. 62.]
 [20. 40. 59.]
 [ 8. 26. 52.]
 [24. 55. 31.]
 [30.  6. 30.]
 [ 3. 34. 19.]
 [15. 33. 31.]
 [16. 54.  3.]
 [10. 50. 44.]
 [13. 56. 62.]
 [ 6.  7.  4.]
 [ 1. 62. 24.]
 [31. 37. 63.]
 [17. 62. 62.]
 [ 9. 11. 55.]
 [31. 15. 49.]
 [23. 60. 63.]
 [27. 27.  4.]
 [ 1. 12.  3.]
 [ 7. 62. 12.]]","[0.6564381718635559, 0.6564254760742188, 0.6415642499923706, 0.617792546749115, 0.6145637631416321, 0.6098756790161133, 0.6047344207763672, 0.5828391313552856, 0.5784808993339539, 0.5746150612831116, 0.572515070438385, 0.5715839862823486, 0.5703445076942444, 0.5673233866691589, 0.5495479702949524, 0.5178074836730957, 0.5136945843696594, 0.5041140913963318, 0.4785248637199402, 0.46461760997772217, 0.4518272876739502, 0.4304250180721283, 0.4213026762008667, 0.40117377042770386, 0.38003435730934143, 0.34363970160484314, 0.3310422897338867, 0.328814834356308, 0.31611013412475586, 0.30883878469467163]"
F1_N2,train_44b6_t25_p36_isolated,train,44b6_d29c9ab2,25,isolated,0.3,1,27,0,0,0,3.275292158126831,3.275292158126831,,0,,0,,"[[26. 37. 43.]
 [20. 47. 25.]
 [26.  7. 45.]
 [14. 26. 32.]
 [24.  4. 16.]
 [ 8. 25. 14.]
 [16.  4. 32.]
 [ 2. 12. 18.]
 [14. 53. 47.]
 [14. 41.  9.]
 [22. 28. 36.]
 [ 8. 38. 54.]
 [ 6. 46. 12.]
 [18. 26. 53.]
 [13.  6.  7.]
 [ 3. 62. 36.]
 [ 1. 26. 45.]
 [25. 62. 40.]
 [22. 60. 62.]
 [11. 60. 16.]
 [ 3. 34. 63.]
 [20.  3. 55.]
 [15. 62.  4.]
 [ 4. 26.  3.]
 [20. 28.  3.]
 [ 7.  4. 63.]
 [ 7.  3. 32.]]","[0.7429808974266052, 0.7229868173599243, 0.6927733421325684, 0.6656372547149658, 0.6511395573616028, 0.645134687423706, 0.6436295509338379, 0.6404412388801575, 0.6312217712402344, 0.6213521361351013, 0.6180943846702576, 0.6105493903160095, 0.6079295873641968, 0.5785412788391113, 0.5534293055534363, 0.5416662096977234, 0.5385636687278748, 0.5368879437446594, 0.5337234139442444, 0.463361918926239, 0.4284142553806305, 0.41876131296157837, 0.4086715579032898, 0.40067848563194275, 0.3906964063644409, 0.35531607270240784, 0.3402704894542694]"
F1_N2,train_44b6_t25_p37_isolated,train,44b6_d29c9ab2,25,isolated,0.3,1,19,1,1,1,0.5745242834091187,0.5745242834091187,0.5745242834091187,1,0.5745242834091187,1,0.6865744590759277,"[[24.  3. 55.]
 [ 8. 13. 41.]
 [16. 33. 31.]
 [ 8. 46. 57.]
 [18. 38. 56.]
 [ 8. 23. 13.]
 [16. 18. 62.]
 [18.  9. 35.]
 [15. 62. 40.]
 [ 6. 29. 37.]
 [ 4. 13. 31.]
 [20. 18. 21.]
 [ 2. 43.  7.]
 [ 1. 29. 30.]
 [ 9. 57. 33.]
 [ 8. 48. 11.]
 [ 4. 61. 63.]
 [10.  1.  3.]
 [15.  3. 22.]]","[0.7067970633506775, 0.6937405467033386, 0.6865744590759277, 0.6849133968353271, 0.683201253414154, 0.6275572180747986, 0.6196526885032654, 0.5944181084632874, 0.5940288305282593, 0.5859249830245972, 0.5659179091453552, 0.5642547607421875, 0.5213760733604431, 0.5119320750236511, 0.49380505084991455, 0.48051005601882935, 0.45577290654182434, 0.3860653340816498, 0.34829047322273254]"
F1_N2,train_44b6_t55_p38_isolated,train,44b6_d29c9ab2,55,isolated,0.3,1,30,0,1,1,1.8168052434921265,1.8168052434921265,1.8168052434921265,1,1.8168052434921265,1,0.6920844912528992,"[[26.  6. 54.]
 [14. 32. 30.]
 [ 2. 35. 53.]
 [14. 14. 44.]
 [28.  9. 25.]
 [12. 54. 35.]
 [24. 15. 15.]
 [26. 29. 59.]
 [12. 17.  7.]
 [18. 17. 48.]
 [30. 38. 52.]
 [ 8. 36.  6.]
 [22. 41. 49.]
 [ 4. 50. 38.]
 [28. 49. 36.]
 [28. 32. 18.]
 [24. 61.  9.]
 [ 2. 48.  5.]
 [18. 53. 37.]
 [25. 62. 56.]
 [31. 22. 33.]
 [ 7. 28. 43.]
 [16.  2. 63.]
 [25. 61. 31.]
 [ 7. 16. 63.]
 [16.  1.  4.]
 [ 2. 13. 34.]
 [31. 18. 63.]
 [21. 33.  3.]
 [ 3. 62. 32.]]","[0.7019126415252686, 0.6920844912528992, 0.6878067255020142, 0.6724112033843994, 0.6541629433631897, 0.6325589418411255, 0.6135861277580261, 0.594559907913208, 0.5931443572044373, 0.5897917151451111, 0.5850121378898621, 0.5837457776069641, 0.5808959007263184, 0.5763550996780396, 0.5677775740623474, 0.5508631467819214, 0.5256361961364746, 0.4921291470527649, 0.4915207624435425, 0.4600704610347748, 0.4320535361766815, 0.39739951491355896, 0.3939879238605499, 0.3903059661388397, 0.3591957986354828, 0.3545750677585602, 0.33920273184776306, 0.33849430084228516, 0.30971649289131165, 0.30757936835289]"
F1_N2,train_44b6_t15_p39_isolated,train,44b6_d29c9ab2,15,isolated,0.3,1,29,1,1,1,0.9084026217460632,0.9084026217460632,0.9084026217460632,1,0.9084026217460632,1,0.4749230742454529,"[[ 4. 19.  5.]
 [20. 27. 19.]
 [18. 25. 37.]
 [30. 10. 35.]
 [12. 12. 29.]
 [30. 40. 50.]
 [22.  6. 48.]
 [22. 49. 33.]
 [11. 60. 31.]
 [18.  8. 62.]
 [ 7. 56. 20.]
 [24. 26. 62.]
 [15. 61.  5.]
 [10. 17. 19.]
 [ 3. 48. 35.]
 [20. 44. 62.]
 [22. 26.  4.]
 [29. 61. 57.]
 [30. 14. 55.]
 [10. 54. 51.]
 [ 3. 31. 30.]
 [20.  1. 12.]
 [13. 34. 31.]
 [ 7.  4. 27.]
 [ 2. 44.  3.]
 [21. 61. 27.]
 [17. 62. 54.]
 [ 1.  4. 43.]
 [14. 41.  3.]]","[0.6341637372970581, 0.6316126585006714, 0.6304091811180115, 0.6109244227409363, 0.6080146431922913, 0.5990357995033264, 0.5878105759620667, 0.5867124795913696, 0.5801287293434143, 0.5759517550468445, 0.5595951080322266, 0.5565567016601562, 0.543073296546936, 0.5420565009117126, 0.5409003496170044, 0.5378990173339844, 0.5378220677375793, 0.5325461030006409, 0.5271327495574951, 0.49364417791366577, 0.48939213156700134, 0.4817582666873932, 0.4749230742454529, 0.458735853433609, 0.42963024973869324, 0.4195135831832886, 0.38791897892951965, 0.33272039890289307, 0.30285221338272095]"
F1_N2,train_44b6_t40_p40_isolated,train,44b6_d29c9ab2,40,isolated,0.3,1,23,0,1,1,1.2846752405166626,1.2846752405166626,1.2846752405166626,1,1.2846752405166626,1,0.6566551327705383,"[[12.  7. 11.]
 [18. 19. 41.]
 [20. 50. 52.]
 [ 8.  9. 37.]
 [ 4. 23. 33.]
 [ 6. 50. 36.]
 [16. 29. 31.]
 [14. 45. 21.]
 [ 2. 47. 36.]
 [10. 55. 57.]
 [ 7. 30. 58.]
 [ 1. 61. 15.]
 [26. 50. 59.]
 [23.  3. 62.]
 [10. 12. 54.]
 [13. 62. 30.]
 [24. 22. 62.]
 [ 9. 62.  6.]
 [13. 38. 63.]
 [ 5.  3. 21.]
 [ 1. 31. 21.]
 [ 0.  4.  5.]
 [ 8. 13.  4.]]","[0.8301701545715332, 0.7730443477630615, 0.7635157704353333, 0.7508370280265808, 0.712456226348877, 0.6805143356323242, 0.6566551327705383, 0.6429134011268616, 0.6289151310920715, 0.5993059277534485, 0.5799557566642761, 0.5752368569374084, 0.5698667764663696, 0.569765567779541, 0.5690901875495911, 0.5241808295249939, 0.523786723613739, 0.502228856086731, 0.41631874442100525, 0.41079777479171753, 0.37847891449928284, 0.3416248559951782, 0.3407970070838928]"
F1_N2,train_44b6_t15_p41_boundary,train,44b6_d29c9ab2,15,boundary,0.3,1,18,0,1,1,1.1490485668182373,1.1490485668182373,1.1490485668182373,1,1.1490485668182373,1,0.7606867551803589,"[[16.  8. 62.]
 [ 4. 21. 21.]
 [12. 50. 62.]
 [ 4. 46. 30.]
 [ 6. 41. 45.]
 [20.  6. 44.]
 [ 8. 19. 41.]
 [14.  4. 40.]
 [ 2.  5. 11.]
 [ 2. 51. 11.]
 [ 1. 28. 51.]
 [ 1.  6. 35.]
 [21. 32. 53.]
 [ 7. 62. 20.]
 [ 1. 50. 63.]
 [21. 25. 36.]
 [15. 29. 49.]
 [21. 16. 23.]]","[0.8335556387901306, 0.8255186676979065, 0.7683790326118469, 0.7606867551803589, 0.7037087678909302, 0.7014345526695251, 0.6767750978469849, 0.6669827103614807, 0.5692743062973022, 0.5339927077293396, 0.4834219217300415, 0.4488730728626251, 0.44829705357551575, 0.39064013957977295, 0.38045477867126465, 0.3693976104259491, 0.3650592565536499, 0.3510085344314575]"
F1_N2,train_44b6_t45_p42_boundary,train,44b6_d29c9ab2,45,boundary,0.3,1,21,1,1,1,0.9084026217460632,0.9084026217460632,0.9084026217460632,1,0.9084026217460632,1,0.605828046798706,"[[18. 18. 50.]
 [ 4. 25. 43.]
 [ 8. 27. 27.]
 [16.  4. 27.]
 [ 2. 42. 43.]
 [14. 31. 35.]
 [ 2. 11. 54.]
 [24. 14. 62.]
 [ 7. 60. 30.]
 [ 6. 31. 17.]
 [ 8. 32. 62.]
 [14. 55. 39.]
 [24. 40. 49.]
 [18. 40. 52.]
 [10. 22.  5.]
 [ 6.  6. 62.]
 [ 4. 42.  4.]
 [21. 57. 44.]
 [ 5. 60. 63.]
 [ 3. 62. 16.]
 [12. 14. 63.]]","[0.778066873550415, 0.6848154067993164, 0.6808204054832458, 0.6780596971511841, 0.6479670405387878, 0.645667314529419, 0.6389299035072327, 0.6335458755493164, 0.605828046798706, 0.6028032302856445, 0.5811167359352112, 0.5694493651390076, 0.5668070912361145, 0.5599547624588013, 0.5485740303993225, 0.5477292537689209, 0.5146060585975647, 0.5038314461708069, 0.5037313103675842, 0.4733366370201111, 0.3837875723838806]"
F1_N2,train_44b6_t10_p43_boundary,train,44b6_d29c9ab2,10,boundary,0.3,1,15,0,1,1,1.7235727310180664,1.7235727310180664,1.7235727310180664,1,1.7235727310180664,1,0.7456895709037781,"[[10. 35. 55.]
 [ 6. 13. 21.]
 [ 6. 33. 31.]
 [ 2. 39.  9.]
 [ 8.  9. 43.]
 [ 2. 24. 54.]
 [11. 60. 62.]
 [18.  7. 39.]
 [ 2.  5. 34.]
 [16. 44. 63.]
 [ 2. 62. 34.]
 [ 4. 41. 63.]
 [24. 20. 53.]
 [ 9. 50. 21.]
 [ 3. 62. 58.]]","[0.7868808507919312, 0.7594340443611145, 0.7456895709037781, 0.7402105331420898, 0.7220438122749329, 0.6454659104347229, 0.6247414946556091, 0.5817815661430359, 0.5158203840255737, 0.4940759241580963, 0.44884979724884033, 0.43862104415893555, 0.4294988811016083, 0.3946946859359741, 0.3198358714580536]"
F1_N2,inner_val_6bba_t85_p01_crowded,inner_val,6bba_bb9f20c3,85,crowded,0.3,5,24,1,2,2,4.204516792297364,3.3500232696533203,1.24375581741333,2,1.24375581741333,2,0.510721743106842,"[[22. 34. 26.]
 [22.  5. 29.]
 [ 7. 61. 47.]
 [12.  4. 30.]
 [14. 38. 48.]
 [12. 16. 58.]
 [18. 31.  8.]
 [16. 47. 33.]
 [18. 55.  5.]
 [28. 38.  6.]
 [ 6. 33. 55.]
 [27. 19.  4.]
 [28. 61.  9.]
 [20. 44. 62.]
 [21. 19. 50.]
 [ 9. 62. 24.]
 [28.  3. 13.]
 [23. 53. 37.]
 [15. 62. 32.]
 [26.  4.  5.]
 [16. 62. 62.]
 [27. 25. 35.]
 [19. 62. 36.]
 [17.  3. 63.]]","[0.6803597211837769, 0.646391749382019, 0.6144328713417053, 0.6114381551742554, 0.6066797375679016, 0.597190797328949, 0.5539426803588867, 0.5284131169319153, 0.5271236896514893, 0.5270812511444092, 0.5236450433731079, 0.5191863179206848, 0.5167557597160339, 0.5155949592590332, 0.4930303692817688, 0.48328641057014465, 0.45827919244766235, 0.4519668221473694, 0.44737008213996887, 0.44243499636650085, 0.41363269090652466, 0.4077303409576416, 0.385731965303421, 0.3585473299026489]"
F1_N2,inner_val_6bba_t75_p02_crowded,inner_val,6bba_bb9f20c3,75,crowded,0.3,2,23,1,1,2,1.421875,1.421875,0.8125,1,1.421875,2,0.6597670316696167,"[[12.  9. 52.]
 [14. 30. 32.]
 [16. 41. 17.]
 [12. 11. 26.]
 [16. 32. 62.]
 [ 6. 51. 22.]
 [18.  6. 10.]
 [ 4.  8. 54.]
 [12. 33. 55.]
 [ 8. 20. 27.]
 [14. 62. 58.]
 [20. 53. 18.]
 [22. 39.  8.]
 [11. 60. 45.]
 [ 8. 37. 58.]
 [12. 38.  4.]
 [ 2. 54. 55.]
 [15. 62. 38.]
 [ 6. 61. 62.]
 [17.  6. 41.]
 [ 5. 28. 63.]
 [15. 61.  3.]
 [21. 40. 47.]]","[0.6669327020645142, 0.6597670316696167, 0.651599645614624, 0.6397120952606201, 0.6348251104354858, 0.6173822283744812, 0.614826500415802, 0.6093598008155823, 0.6081268191337585, 0.5929297208786011, 0.582572877407074, 0.5647211670875549, 0.5637276768684387, 0.5597109794616699, 0.558536171913147, 0.5505930781364441, 0.5452238917350769, 0.5334441065788269, 0.5133190751075745, 0.41956013441085815, 0.4041040539741516, 0.3868388533592224, 0.37488606572151184]"
F1_N2,inner_val_6bba_t85_p03_crowded,inner_val,6bba_bb9f20c3,85,crowded,0.3,2,17,0,0,0,5.4513561725616455,5.4513561725616455,,0,,0,,"[[18. 12. 28.]
 [12. 18. 62.]
 [ 6. 50. 48.]
 [14. 61. 55.]
 [ 7. 61. 17.]
 [12. 47. 24.]
 [10. 29. 19.]
 [14. 24. 35.]
 [10. 20. 45.]
 [10.  7. 16.]
 [18. 43.  4.]
 [24.  1.  6.]
 [21. 26. 11.]
 [17. 61.  9.]
 [ 7. 24. 63.]
 [15. 17.  4.]
 [13. 62. 28.]]","[0.670907735824585, 0.6257374286651611, 0.6044538617134094, 0.6017484068870544, 0.5917300581932068, 0.5838977098464966, 0.5633057951927185, 0.5498449206352234, 0.546708345413208, 0.5285596251487732, 0.5218392610549927, 0.5037489533424377, 0.49423691630363464, 0.46720606088638306, 0.41125085949897766, 0.382994145154953, 0.3703441321849823]"
F1_N2,inner_val_6bba_t80_p04_crowded,inner_val,6bba_bb9f20c3,80,crowded,0.3,3,24,0,3,3,1.491001049677531,1.4647551774978638,1.491001049677531,3,1.491001049677531,3,0.6085780262947083,"[[18. 22. 30.]
 [10. 27. 39.]
 [20. 54. 26.]
 [24. 45.  5.]
 [14. 25. 23.]
 [24. 19. 13.]
 [ 8. 14. 62.]
 [14. 42. 56.]
 [16.  6. 50.]
 [17. 60. 46.]
 [ 9. 61. 23.]
 [ 5. 60. 53.]
 [11. 61. 35.]
 [22. 40. 52.]
 [17. 31.  4.]
 [11. 62. 62.]
 [30. 60.  5.]
 [ 3. 61.  5.]
 [25. 62.  8.]
 [19.  3.  4.]
 [ 9. 12.  5.]
 [28.  3.  3.]
 [13. 45.  4.]
 [ 3. 38. 63.]]","[0.7523520588874817, 0.7345634698867798, 0.6874812841415405, 0.6618398427963257, 0.6562784910202026, 0.6556776762008667, 0.6395646929740906, 0.6257386803627014, 0.6189794540405273, 0.5996366143226624, 0.5990044474601746, 0.5958206653594971, 0.5300943851470947, 0.5180314183235168, 0.4921661615371704, 0.4554409384727478, 0.45133960247039795, 0.3701520264148712, 0.3661356568336487, 0.3405810594558716, 0.3346402645111084, 0.33443522453308105, 0.3143855631351471, 0.31424954533576965]"
F1_N2,inner_val_6bba_t75_p05_isolated,inner_val,6bba_bb9f20c3,75,isolated,0.3,1,19,1,1,1,0.5745242834091187,0.5745242834091187,0.5745242834091187,1,0.5745242834091187,1,0.5886967778205872,"[[18.  7. 37.]
 [22. 41. 29.]
 [12. 61. 37.]
 [18. 35. 13.]
 [26. 40.  4.]
 [19. 61. 53.]
 [14. 18. 56.]
 [20. 22. 44.]
 [27. 61.  5.]
 [10. 48. 62.]
 [16. 33. 33.]
 [20. 32. 62.]
 [ 7. 60. 55.]
 [15. 62. 10.]
 [21. 62. 12.]
 [24.  4. 62.]
 [ 3. 60.  9.]
 [30.  6.  3.]
 [23.  7.  4.]]","[0.8298952579498291, 0.7662661075592041, 0.7465408444404602, 0.682788074016571, 0.6792600154876709, 0.6754112839698792, 0.6653408408164978, 0.6523751616477966, 0.6434617638587952, 0.595707893371582, 0.5886967778205872, 0.57231605052948, 0.57010418176651, 0.5474492311477661, 0.48131608963012695, 0.47652363777160645, 0.4675791263580322, 0.3846573829650879, 0.35847020149230957]"
F1_N2,inner_val_6bba_t75_p06_isolated,inner_val,6bba_bb9f20c3,75,isolated,0.3,1,20,0,0,0,3.832554817199707,3.832554817199707,,0,,0,,"[[16. 24. 25.]
 [ 6. 26. 62.]
 [14. 40. 27.]
 [ 2.  4. 54.]
 [12. 44.  5.]
 [ 2. 33. 52.]
 [10. 38. 39.]
 [ 2. 49. 31.]
 [ 6. 17. 15.]
 [ 8. 24. 31.]
 [ 9. 62. 20.]
 [10.  6. 23.]
 [ 3. 62. 46.]
 [ 6. 39. 32.]
 [ 3. 62.  8.]
 [ 3. 58. 63.]
 [ 1. 49. 18.]
 [12. 20.  3.]
 [ 1. 13. 22.]
 [13. 61.  5.]]","[0.6803836822509766, 0.6407374739646912, 0.6180768609046936, 0.6060974597930908, 0.5838020443916321, 0.5685131549835205, 0.5476560592651367, 0.543739914894104, 0.5407013893127441, 0.5265766978263855, 0.5021352171897888, 0.5008395910263062, 0.46125292778015137, 0.4611664116382599, 0.45253604650497437, 0.43699589371681213, 0.3969261646270752, 0.357734739780426, 0.3568117618560791, 0.33872902393341064]"
F1_N2,inner_val_6bba_t90_p07_isolated,inner_val,6bba_bb9f20c3,90,isolated,0.3,1,13,0,0,0,6.201137065887451,6.201137065887451,,0,,0,,"[[ 2.  3. 41.]
 [ 6. 47. 28.]
 [18. 27. 20.]
 [12. 41. 42.]
 [14. 33.  8.]
 [ 6.  2. 14.]
 [ 2. 62. 50.]
 [ 3. 62.  4.]
 [ 5. 22. 49.]
 [ 5. 34.  3.]
 [ 1. 35. 30.]
 [ 2.  7.  6.]
 [15. 60.  5.]]","[0.7203671932220459, 0.6669188737869263, 0.6557003259658813, 0.6138448119163513, 0.6054708361625671, 0.5979999303817749, 0.5963406562805176, 0.4843716621398926, 0.45614853501319885, 0.42914122343063354, 0.39888104796409607, 0.3254809081554413, 0.31258100271224976]"
F1_N2,inner_val_6bba_t90_p08_boundary,inner_val,6bba_bb9f20c3,90,boundary,0.3,1,11,0,0,0,3.494694709777832,3.494694709777832,,0,,0,,"[[12. 36. 54.]
 [16. 34. 12.]
 [18. 11. 31.]
 [12. 51. 25.]
 [20.  9.  5.]
 [14.  7. 53.]
 [26. 47.  5.]
 [ 7. 60. 39.]
 [31.  5. 29.]
 [ 3. 22. 53.]
 [15. 62.  4.]]","[0.8299127817153931, 0.8271621465682983, 0.8267719745635986, 0.7721558809280396, 0.768476128578186, 0.7356807589530945, 0.6987908482551575, 0.6921852827072144, 0.6220092177391052, 0.42396631836891174, 0.32215309143066406]"
F1_N2,inner_val_6bba_t90_p09_zero_annotation,inner_val,6bba_bb9f20c3,90,zero_annotation,0.3,0,10,0,0,0,,,,0,,0,,"[[ 0. 57. 62.]
 [ 4.  4.  8.]
 [ 0.  3. 43.]
 [ 6.  9. 24.]
 [ 5. 58. 19.]
 [ 3. 59. 30.]
 [ 4. 10. 51.]
 [ 5. 26. 35.]
 [ 5. 60. 49.]
 [10. 13. 48.]]","[0.6487427353858948, 0.6401605606079102, 0.5537378787994385, 0.4337227940559387, 0.41693124175071716, 0.3871171772480011, 0.36339470744132996, 0.3630671203136444, 0.34632065892219543, 0.32720285654067993]"
F1_N2,inner_val_6bba_t90_p10_zero_annotation,inner_val,6bba_bb9f20c3,90,zero_annotation,0.3,0,9,0,0,0,,,,0,,0,,"[[ 0.  5. 62.]
 [ 0. 45. 15.]
 [ 5. 58. 25.]
 [ 2. 47. 52.]
 [ 0.  4.  5.]
 [ 5. 24. 23.]
 [ 4. 10. 23.]
 [ 3. 32. 37.]
 [ 0. 22. 13.]]","[0.7977876663208008, 0.6033217906951904, 0.5414367914199829, 0.5145574808120728, 0.46113017201423645, 0.42431941628456116, 0.4212374687194824, 0.41510945558547974, 0.3815693259239197]"
F1_N2,inner_val_44b6_t80_p01_crowded,inner_val,44b6_d29c9ab2,80,crowded,0.3,3,30,1,2,3,1.450069268544515,1.625,0.8125,2,1.450069268544515,3,0.6476745307445526,"[[22. 44. 52.]
 [ 8. 20.  8.]
 [12. 28. 56.]
 [ 6.  4. 18.]
 [14. 46. 30.]
 [18. 17. 47.]
 [ 6. 48. 22.]
 [24. 10. 22.]
 [25. 61. 49.]
 [30. 31. 19.]
 [27. 61. 13.]
 [22. 28. 14.]
 [30. 12.  8.]
 [ 8. 10. 34.]
 [ 6.  4. 54.]
 [16. 32. 32.]
 [16. 32.  5.]
 [17. 61. 13.]
 [31. 61.  5.]
 [22.  3. 46.]
 [31. 60. 25.]
 [31. 15. 30.]
 [ 1. 29. 25.]
 [31. 45.  3.]
 [23. 40.  3.]
 [ 1. 55. 16.]
 [17. 56. 63.]
 [29. 12. 63.]
 [29. 50. 63.]
 [ 7.  1.  3.]]","[0.729155421257019, 0.7074333429336548, 0.6576365232467651, 0.6512539386749268, 0.6497160196304321, 0.645115852355957, 0.6444695591926575, 0.6392884254455566, 0.62469083070755, 0.6195635795593262, 0.6183843016624451, 0.6063908338546753, 0.6023780107498169, 0.5934094190597534, 0.5930173993110657, 0.5879157185554504, 0.5634132623672485, 0.547978401184082, 0.4995819926261902, 0.49001866579055786, 0.4882163107395172, 0.38945794105529785, 0.3827334940433502, 0.38167399168014526, 0.3511962592601776, 0.3323003649711609, 0.3320139944553375, 0.3311691880226135, 0.309945285320282, 0.3044761121273041]"
F1_N2,inner_val_44b6_t85_p02_crowded,inner_val,44b6_d29c9ab2,85,crowded,0.3,3,28,2,2,3,1.0174169937769573,0.5745242834091187,0.4903871417045593,2,1.0174169937769573,3,0.6335210800170898,"[[ 8. 14.  6.]
 [22. 23. 16.]
 [12. 28. 54.]
 [24. 54. 49.]
 [24.  8. 32.]
 [30. 54. 11.]
 [16. 32. 33.]
 [30.  7.  8.]
 [16. 29.  7.]
 [ 6. 42. 22.]
 [18. 52. 25.]
 [28. 35. 59.]
 [22. 40. 58.]
 [15. 61. 17.]
 [20. 15. 46.]
 [ 5. 62. 12.]
 [21. 62. 42.]
 [ 4. 35. 50.]
 [ 8.  6. 36.]
 [ 1. 60. 23.]
 [31. 22. 18.]
 [ 4.  3. 52.]
 [31. 38.  7.]
 [13. 62. 50.]
 [22.  1.  3.]
 [24.  1. 54.]
 [ 7.  3. 22.]
 [25. 62.  4.]]","[0.6671188473701477, 0.6366926431655884, 0.6333253383636475, 0.61555415391922, 0.6143170595169067, 0.6126589179039001, 0.599923312664032, 0.5923137664794922, 0.5877355337142944, 0.5871705412864685, 0.5680538415908813, 0.5647020936012268, 0.5356566309928894, 0.5315327048301697, 0.5251933336257935, 0.5096064805984497, 0.488411545753479, 0.48179250955581665, 0.47231537103652954, 0.43747904896736145, 0.42708513140678406, 0.4250132143497467, 0.418222576379776, 0.3835420608520508, 0.3762359321117401, 0.36318352818489075, 0.3363293409347534, 0.3301128149032593]"
F1_N2,inner_val_44b6_t90_p03_crowded,inner_val,44b6_d29c9ab2,90,crowded,0.3,2,25,0,1,2,1.8975247144699097,1.8975247144699097,1.7235727310180664,1,1.8975247144699097,2,0.6910324096679688,"[[24. 33. 31.]
 [18.  4.  5.]
 [18. 37. 15.]
 [26. 58. 43.]
 [26. 32. 45.]
 [28. 20. 62.]
 [22. 34.  6.]
 [28. 44. 57.]
 [20. 15. 30.]
 [16. 17. 55.]
 [10. 52. 34.]
 [21. 58.  7.]
 [19. 62. 20.]
 [ 3. 31. 42.]
 [ 9. 30. 62.]
 [12. 31. 40.]
 [ 4. 62. 46.]
 [13. 11. 20.]
 [10. 45. 50.]
 [11. 62.  8.]
 [31.  3. 63.]
 [10. 46.  3.]
 [18. 36. 63.]
 [26. 49.  4.]
 [16.  2. 63.]]","[0.6910324096679688, 0.6207253932952881, 0.6192529797554016, 0.5949380993843079, 0.5916193127632141, 0.5859232544898987, 0.5843166708946228, 0.579873263835907, 0.5475625991821289, 0.5410777926445007, 0.5341163277626038, 0.5332258939743042, 0.5299273133277893, 0.5290213823318481, 0.5204328894615173, 0.5066848397254944, 0.5014545321464539, 0.4879906475543976, 0.4747205972671509, 0.4695371389389038, 0.4488318860530853, 0.44269293546676636, 0.4214862287044525, 0.4107271432876587, 0.3284441828727722]"
F1_N2,inner_val_44b6_t70_p04_crowded,inner_val,44b6_d29c9ab2,70,crowded,0.3,2,25,1,1,1,2.4476308822631836,2.4476308822631836,0.8125,1,0.8125,1,0.5316158533096313,"[[24. 33. 38.]
 [28. 28. 58.]
 [10. 15. 31.]
 [24.  7. 45.]
 [ 4. 26. 23.]
 [26. 51. 56.]
 [ 8. 38. 62.]
 [16. 12.  6.]
 [28.  7. 56.]
 [16. 12. 50.]
 [16. 52. 52.]
 [20. 36. 15.]
 [ 2. 18. 51.]
 [ 3. 36. 21.]
 [ 3. 60. 21.]
 [24. 12. 24.]
 [20. 49.  6.]
 [ 8. 62. 34.]
 [10. 18.  4.]
 [16. 34.  6.]
 [16. 47. 13.]
 [ 2.  3. 13.]
 [ 8.  1. 54.]
 [ 5. 62.  4.]
 [11. 22. 63.]]","[0.7439712285995483, 0.6784723997116089, 0.6568751931190491, 0.6334421634674072, 0.5952498316764832, 0.5951846241950989, 0.5901129841804504, 0.5757914781570435, 0.5697205662727356, 0.5616819858551025, 0.5598363876342773, 0.5471780300140381, 0.5386084318161011, 0.5316158533096313, 0.515005350112915, 0.5058097243309021, 0.4855543076992035, 0.47478753328323364, 0.4639310836791992, 0.4516178369522095, 0.41830721497535706, 0.40766629576683044, 0.3922344744205475, 0.33686691522598267, 0.33496958017349243]"
F1_N2,inner_val_44b6_t90_p05_isolated,inner_val,44b6_d29c9ab2,90,isolated,0.3,1,21,1,1,1,0.0,0.0,0.0,1,0.0,1,0.7000659108161926,"[[ 4. 11. 28.]
 [16. 32. 32.]
 [20. 34. 55.]
 [10. 32. 16.]
 [16. 11. 35.]
 [ 4. 41. 46.]
 [17. 61. 62.]
 [10. 49. 28.]
 [ 8. 48. 62.]
 [11. 60.  7.]
 [22.  8. 27.]
 [10.  8. 11.]
 [14. 35. 47.]
 [22.  3. 51.]
 [ 6. 18. 59.]
 [ 5. 62. 42.]
 [ 1. 18. 63.]
 [ 1. 21.  4.]
 [14. 18.  3.]
 [ 7. 63. 23.]
 [21. 48. 39.]]","[0.7148778438568115, 0.7000659108161926, 0.6924064755439758, 0.6692072749137878, 0.6648258566856384, 0.655393660068512, 0.6489108800888062, 0.6339829564094543, 0.6143844127655029, 0.6115425825119019, 0.5934781432151794, 0.5715739727020264, 0.5666519403457642, 0.5645892024040222, 0.5622506737709045, 0.45621705055236816, 0.45600029826164246, 0.4502464830875397, 0.4289625585079193, 0.35440725088119507, 0.31387728452682495]"
F1_N2,inner_val_44b6_t75_p06_isolated,inner_val,44b6_d29c9ab2,75,isolated,0.3,1,27,0,1,1,1.7235727310180664,1.7235727310180664,1.7235727310180664,1,1.7235727310180664,1,0.5386435985565186,"[[ 6.  7. 55.]
 [14. 33. 45.]
 [28.  5. 51.]
 [28. 52. 34.]
 [26. 41. 15.]
 [20.  6. 14.]
 [22. 31. 31.]
 [24.  5.  5.]
 [12. 22.  5.]
 [13. 61. 39.]
 [ 8. 45. 34.]
 [30. 21. 53.]
 [26. 26. 27.]
 [16.  6. 26.]
 [ 8. 50. 59.]
 [29. 52. 62.]
 [16.  3. 48.]
 [23. 60. 21.]
 [13. 59. 11.]
 [13. 21. 24.]
 [12. 42.  7.]
 [20. 48.  7.]
 [29. 37. 44.]
 [19. 44. 62.]
 [ 9. 62. 56.]
 [13. 26. 63.]
 [22. 25. 12.]]","[0.6270219683647156, 0.6259896159172058, 0.585381269454956, 0.5814801454544067, 0.5607733726501465, 0.5476949214935303, 0.5386435985565186, 0.5376539826393127, 0.5323475003242493, 0.5315884947776794, 0.523772120475769, 0.5203237533569336, 0.5149451494216919, 0.5136939883232117, 0.5106184482574463, 0.5057690143585205, 0.5025863647460938, 0.49970364570617676, 0.49851104617118835, 0.497996985912323, 0.48829594254493713, 0.4437597990036011, 0.43765825033187866, 0.4337170422077179, 0.4007101356983185, 0.3764456510543823, 0.3100506067276001]"
F1_N2,inner_val_44b6_t70_p07_isolated,inner_val,44b6_d29c9ab2,70,isolated,0.3,1,24,1,1,1,0.8125,0.8125,0.8125,1,0.8125,1,0.8198437094688416,"[[16. 32. 30.]
 [12.  3.  9.]
 [12. 24. 14.]
 [ 4. 51. 34.]
 [18. 50. 43.]
 [18. 10. 36.]
 [24.  8. 62.]
 [ 6. 22. 45.]
 [12. 15. 51.]
 [21. 61. 62.]
 [23. 34. 62.]
 [ 4.  4. 19.]
 [ 7. 60. 51.]
 [15. 60. 27.]
 [ 4. 22. 14.]
 [ 3. 30. 62.]
 [27. 23. 56.]
 [ 2.  3. 63.]
 [ 1. 60. 62.]
 [ 9. 36. 63.]
 [20.  1. 48.]
 [11. 62. 16.]
 [14.  3. 63.]
 [ 0. 53. 18.]]","[0.8198437094688416, 0.7582806348800659, 0.7372490763664246, 0.7134813070297241, 0.7098873257637024, 0.7004948854446411, 0.6691827774047852, 0.6313459873199463, 0.6250497102737427, 0.6110617518424988, 0.6004283428192139, 0.6001401543617249, 0.5858723521232605, 0.5596328973770142, 0.5416727066040039, 0.5391902327537537, 0.49602845311164856, 0.47555458545684814, 0.4600382447242737, 0.456234872341156, 0.449629008769989, 0.39741629362106323, 0.39551764726638794, 0.3553425073623657]"
F1_N2,inner_val_44b6_t70_p08_boundary,inner_val,44b6_d29c9ab2,70,boundary,0.3,1,32,1,1,1,0.5745242834091187,0.5745242834091187,0.5745242834091187,1,0.5745242834091187,1,0.650580644607544,"[[30.  5. 45.]
 [ 2.  6. 42.]
 [16. 11. 31.]
 [20. 22. 56.]
 [24. 39.  6.]
 [28. 31. 16.]
 [ 4. 41. 36.]
 [10. 25. 24.]
 [22. 34. 29.]
 [ 6. 34. 14.]
 [31. 33. 49.]
 [ 2. 24. 55.]
 [12. 39. 17.]
 [20. 10.  6.]
 [21. 61.  5.]
 [18. 50. 32.]
 [17. 41. 50.]
 [20. 55. 59.]
 [30. 58. 62.]
 [26. 52. 53.]
 [ 8. 56.  5.]
 [27. 14. 63.]
 [ 5. 62. 54.]
 [28.  5.  7.]
 [ 9. 14. 43.]
 [ 1. 61. 11.]
 [25. 62. 28.]
 [22.  3. 63.]
 [28. 29. 40.]
 [19. 35. 10.]
 [26.  3. 32.]
 [13.  4.  3.]]","[0.6655230522155762, 0.6513046026229858, 0.650580644607544, 0.6061650514602661, 0.6053930521011353, 0.6033189296722412, 0.6001317501068115, 0.5938833355903625, 0.586066484451294, 0.5858902335166931, 0.5806664824485779, 0.5635513067245483, 0.5546062588691711, 0.5481696724891663, 0.5360139608383179, 0.5282430052757263, 0.5245459675788879, 0.523264467716217, 0.518318772315979, 0.5156360268592834, 0.5147210955619812, 0.4982220232486725, 0.4920008182525635, 0.4758721590042114, 0.4583836495876312, 0.4582161009311676, 0.45335254073143005, 0.4497750699520111, 0.4445332884788513, 0.43086981773376465, 0.40009942650794983, 0.36630779504776]"
F1_N2,inner_val_44b6_t90_p09_zero_annotation,inner_val,44b6_d29c9ab2,90,zero_annotation,0.3,0,32,0,0,0,,,,0,,0,,"[[20. 14. 50.]
 [14. 42. 28.]
 [18.  7.  7.]
 [12.  8. 33.]
 [ 4. 35. 16.]
 [28. 43. 13.]
 [10. 24. 58.]
 [ 5. 60.  7.]
 [10. 20. 21.]
 [30. 50. 44.]
 [28. 17.  8.]
 [23. 61.  3.]
 [ 6. 25. 19.]
 [20. 51. 35.]
 [30.  5. 35.]
 [30. 30. 30.]
 [26. 26. 62.]
 [15. 62. 14.]
 [24. 32.  6.]
 [ 8. 39. 53.]
 [ 2. 12. 17.]
 [12.  6. 62.]
 [31. 62. 62.]
 [31. 18. 42.]
 [31. 62. 54.]
 [27. 62. 26.]
 [23. 48. 55.]
 [31. 37. 52.]
 [14. 41.  4.]
 [16. 20.  3.]
 [ 3.  3. 39.]
 [31. 62. 36.]]","[0.7031109929084778, 0.6850273013114929, 0.6300215125083923, 0.5997914671897888, 0.5856309533119202, 0.5830438137054443, 0.569055438041687, 0.5544637441635132, 0.552657961845398, 0.549358606338501, 0.5226854681968689, 0.5141887664794922, 0.5132956504821777, 0.5124596953392029, 0.5041437745094299, 0.49927061796188354, 0.4937385320663452, 0.48743996024131775, 0.48379993438720703, 0.4808039665222168, 0.45145800709724426, 0.44054025411605835, 0.43912655115127563, 0.43816906213760376, 0.4095163345336914, 0.3852032423019409, 0.38161343336105347, 0.37035664916038513, 0.3319053053855896, 0.33175188302993774, 0.3210183084011078, 0.31875044107437134]"
F1_N2,inner_val_44b6_t70_p10_zero_annotation,inner_val,44b6_d29c9ab2,70,zero_annotation,0.3,0,12,0,0,0,,,,0,,0,,"[[12.  8. 54.]
 [ 3. 60. 51.]
 [ 3. 12. 19.]
 [15. 40. 15.]
 [ 0. 43. 62.]
 [ 3. 37. 34.]
 [ 4. 45. 54.]
 [16. 46. 39.]
 [17. 20. 15.]
 [19. 24. 39.]
 [18. 18. 27.]
 [16. 15.  4.]]","[0.5357315540313721, 0.4225640892982483, 0.3962208926677704, 0.3901751935482025, 0.37365496158599854, 0.3710293173789978, 0.34331732988357544, 0.33627253770828247, 0.33509916067123413, 0.321826696395874, 0.316130667924881, 0.3108437955379486]"
F1_N2,held_out_val_6bba_t20_p01_crowded,held_out_val,6bba_43fea39d,20,crowded,0.3,3,10,0,0,0,5.359373490015666,6.512682914733887,,0,,0,,"[[22. 41. 56.]
 [20. 32. 31.]
 [22. 51. 12.]
 [30. 35. 36.]
 [ 8. 54. 21.]
 [ 7. 60. 11.]
 [ 3. 60. 43.]
 [15. 60. 29.]
 [12. 34. 27.]
 [31. 15.  6.]]","[0.6487171649932861, 0.5705218315124512, 0.5346718430519104, 0.5161354541778564, 0.49012094736099243, 0.48680511116981506, 0.4793095886707306, 0.4792528450489044, 0.4400518536567688, 0.32838737964630127]"
F1_N2,held_out_val_6bba_t35_p02_crowded,held_out_val,6bba_43fea39d,35,crowded,0.3,3,10,0,0,0,4.953313906987508,4.082761764526367,,0,,0,,"[[16. 42. 53.]
 [ 3. 61. 47.]
 [28. 39. 30.]
 [30. 28. 55.]
 [28. 10. 27.]
 [ 4. 42. 23.]
 [10. 36. 33.]
 [ 5. 61. 17.]
 [20. 26. 39.]
 [15. 60. 17.]]","[0.5011187195777893, 0.48292043805122375, 0.47378402948379517, 0.45562249422073364, 0.45271065831184387, 0.43201905488967896, 0.41619545221328735, 0.3776111602783203, 0.3682704567909241, 0.3532697856426239]"
F1_N2,held_out_val_6bba_t50_p03_crowded,held_out_val,6bba_43fea39d,50,crowded,0.3,2,8,0,1,1,3.7009097933769226,3.7009097933769226,1.8168052434921265,1,1.8168052434921265,1,0.5917306542396545,"[[ 2. 36. 51.]
 [28. 51. 46.]
 [28. 20. 49.]
 [16. 50. 59.]
 [ 7. 61. 48.]
 [20. 32. 43.]
 [19. 62. 30.]
 [11. 62. 24.]]","[0.5917306542396545, 0.5477616190910339, 0.5424345135688782, 0.48742592334747314, 0.46686387062072754, 0.42695415019989014, 0.4267926514148712, 0.38398995995521545]"
F1_N2,held_out_val_6bba_t20_p04_crowded,held_out_val,6bba_43fea39d,20,crowded,0.3,2,11,0,0,0,7.0870020389556885,7.0870020389556885,,0,,0,,"[[ 2. 25. 56.]
 [18. 56. 35.]
 [10. 52. 19.]
 [ 8. 54. 55.]
 [22. 48. 59.]
 [ 2. 44. 13.]
 [29. 60. 43.]
 [31. 60. 23.]
 [ 3. 60. 53.]
 [13. 60. 57.]
 [18. 62.  4.]]","[0.6256316304206848, 0.6129539012908936, 0.5794008374214172, 0.5549960136413574, 0.5525029301643372, 0.5073586702346802, 0.48491254448890686, 0.48224779963493347, 0.4723033010959625, 0.46669086813926697, 0.3042982816696167]"
F1_N2,held_out_val_6bba_t80_p05_isolated,held_out_val,6bba_43fea39d,80,isolated,0.3,1,9,0,0,0,5.52559757232666,5.52559757232666,,0,,0,,"[[18. 37. 20.]
 [30. 54. 62.]
 [ 7. 61. 13.]
 [ 3. 61. 13.]
 [30. 61. 29.]
 [ 9. 31. 42.]
 [ 2. 61. 41.]
 [ 9. 44. 55.]
 [ 9. 42. 63.]]","[0.6339423656463623, 0.5814092755317688, 0.564411997795105, 0.5482317209243774, 0.5373818278312683, 0.4895360767841339, 0.4148963987827301, 0.38576599955558777, 0.36938783526420593]"
F1_N2,held_out_val_6bba_t35_p06_isolated,held_out_val,6bba_43fea39d,35,isolated,0.3,1,10,0,0,0,8.608283042907715,8.608283042907715,,0,,0,,"[[22. 26. 51.]
 [ 2. 37. 26.]
 [16. 28. 49.]
 [30. 28. 33.]
 [ 4. 32. 39.]
 [26. 30. 23.]
 [14. 36. 13.]
 [ 7. 14. 15.]
 [14. 18. 15.]
 [22. 14. 25.]]","[0.5361537337303162, 0.5007314085960388, 0.4862401783466339, 0.47866860032081604, 0.47835907340049744, 0.4745944142341614, 0.4409257471561432, 0.4310011565685272, 0.3996778726577759, 0.3598814010620117]"
F1_N2,held_out_val_6bba_t35_p07_isolated,held_out_val,6bba_43fea39d,35,isolated,0.3,1,10,0,0,1,2.84375,2.84375,,0,2.84375,1,,"[[22. 42. 45.]
 [ 8. 50. 45.]
 [24. 54.  7.]
 [ 7. 60. 17.]
 [18. 37. 28.]
 [16. 32. 39.]
 [11. 32. 31.]
 [ 1. 41. 22.]
 [ 2. 50. 63.]
 [31. 29. 63.]]","[0.6217500567436218, 0.5977222323417664, 0.575070321559906, 0.5481148958206177, 0.5396510362625122, 0.510380208492279, 0.49593594670295715, 0.48753514885902405, 0.3720164895057678, 0.3496060371398926]"
F1_N2,held_out_val_6bba_t80_p08_isolated,held_out_val,6bba_43fea39d,80,isolated,0.3,1,10,0,0,0,5.8730878829956055,5.8730878829956055,,0,,0,,"[[18. 35. 18.]
 [14. 33. 44.]
 [21. 60. 45.]
 [31. 41. 46.]
 [ 9. 45. 52.]
 [30. 51. 63.]
 [11. 62. 36.]
 [ 3. 62. 56.]
 [26. 62.  4.]
 [13. 61. 63.]]","[0.6938549876213074, 0.6002161502838135, 0.5627961754798889, 0.49819859862327576, 0.4416426420211792, 0.4286229610443115, 0.418735146522522, 0.3998018205165863, 0.3821864128112793, 0.3163326680660248]"
F1_N2,held_out_val_6bba_t20_p09_boundary,held_out_val,6bba_43fea39d,20,boundary,0.3,1,9,0,0,1,2.9295103549957275,2.9295103549957275,,0,2.9295103549957275,1,,"[[ 7. 57. 33.]
 [14. 55. 55.]
 [19. 61. 49.]
 [31. 32. 63.]
 [25. 57. 46.]
 [29. 26. 41.]
 [29. 36. 41.]
 [27. 60. 63.]
 [31. 38. 54.]]","[0.6542729735374451, 0.6101284027099609, 0.6083417534828186, 0.5546973347663879, 0.5464202761650085, 0.5411233901977539, 0.5206684470176697, 0.4851279854774475, 0.46254995465278625]"
F1_N2,held_out_val_6bba_t50_p10_boundary,held_out_val,6bba_43fea39d,50,boundary,0.3,1,10,0,0,0,3.374565839767456,3.374565839767456,,0,,0,,"[[28. 41. 24.]
 [26. 30. 43.]
 [25. 61. 55.]
 [21. 41. 18.]
 [29. 25. 30.]
 [31. 62. 28.]
 [27. 46. 63.]
 [ 4. 61. 63.]
 [21. 62. 24.]
 [15. 62. 52.]]","[0.6776425838470459, 0.6140380501747131, 0.6008160710334778, 0.5560612082481384, 0.49795088171958923, 0.4904102087020874, 0.4865696132183075, 0.3906015157699585, 0.3821585476398468, 0.36213067173957825]"
F1_N2,held_out_val_6bba_t35_p11_zero_annotation,held_out_val,6bba_43fea39d,35,zero_annotation,0.3,0,32,0,0,0,,,,0,,0,,"[[ 9. 37. 21.]
 [31. 59. 18.]
 [31. 59. 58.]
 [ 7. 15. 36.]
 [31. 59. 42.]
 [31. 59. 49.]
 [ 8. 41. 35.]
 [12. 32. 35.]
 [10. 49. 38.]
 [27. 13. 43.]
 [ 9. 60. 22.]
 [19. 25. 48.]
 [17. 60. 50.]
 [ 5. 60. 40.]
 [30. 31. 22.]
 [19. 33. 39.]
 [15. 34. 23.]
 [25. 16. 28.]
 [25. 60.  9.]
 [20. 16. 28.]
 [31. 35. 39.]
 [23. 60. 36.]
 [15. 60. 22.]
 [14. 44. 47.]
 [13. 18. 27.]
 [ 5. 60. 55.]
 [31. 37. 57.]
 [20. 41. 15.]
 [13. 34. 11.]
 [10. 51. 59.]
 [14. 49. 20.]
 [31.  4. 56.]]","[0.726524293422699, 0.6669982075691223, 0.6532920002937317, 0.6513209939002991, 0.646464467048645, 0.6268633604049683, 0.6126044988632202, 0.6028350591659546, 0.5895353555679321, 0.5742678046226501, 0.5197232961654663, 0.49589410424232483, 0.48146185278892517, 0.47197043895721436, 0.44391459226608276, 0.4398634731769562, 0.41323330998420715, 0.41107264161109924, 0.4067855179309845, 0.3998339772224426, 0.3903965651988983, 0.387905478477478, 0.38386934995651245, 0.38016650080680847, 0.3773224949836731, 0.3720208704471588, 0.3642958402633667, 0.3579685389995575, 0.3479282557964325, 0.33631807565689087, 0.30285122990608215, 0.3012196719646454]"
F1_N2,held_out_val_6bba_t65_p12_zero_annotation,held_out_val,6bba_43fea39d,65,zero_annotation,0.3,0,19,0,0,0,,,,0,,0,,"[[16.  8.  6.]
 [10.  9. 15.]
 [ 9. 43. 39.]
 [10.  9. 36.]
 [10. 26. 48.]
 [30.  9. 19.]
 [ 7. 36. 48.]
 [11. 47. 16.]
 [10. 24. 33.]
 [30.  8. 41.]
 [ 6. 23. 21.]
 [18. 25. 21.]
 [ 7. 48. 21.]
 [29. 41. 38.]
 [31. 23. 41.]
 [24. 44. 22.]
 [23. 50.  7.]
 [21. 18. 39.]
 [29. 34. 50.]]","[0.5189306139945984, 0.5110912322998047, 0.4828466475009918, 0.46571946144104004, 0.4530395567417145, 0.4458790421485901, 0.4416384994983673, 0.4128813147544861, 0.4046885669231415, 0.3837108910083771, 0.3752598464488983, 0.34137222170829773, 0.33996179699897766, 0.33531540632247925, 0.3326988220214844, 0.32676970958709717, 0.3159104585647583, 0.3143198788166046, 0.3030208945274353]"
F1_N3,train_6bba_t15_p01_crowded,train,6bba_bb9f20c3,15,crowded,0.3,2,22,0,0,2,2.3162596225738525,2.3162596225738525,,0,2.3162596225738525,2,,"[[12. 19. 15.]
 [ 4. 25. 38.]
 [16. 50. 25.]
 [12.  5. 47.]
 [ 2.  5. 46.]
 [ 2.  9.  6.]
 [20. 19. 32.]
 [10. 41. 36.]
 [ 2. 52. 53.]
 [16. 22. 17.]
 [ 8. 44.  5.]
 [12. 54. 11.]
 [18. 59.  2.]
 [18.  1. 18.]
 [16. 62. 55.]
 [ 6.  7. 62.]
 [ 3. 60. 33.]
 [ 1. 33. 23.]
 [ 5. 63.  5.]
 [ 8. 63. 43.]
 [ 1. 51.  2.]
 [10. 28. 59.]]","[0.6892605423927307, 0.6689666509628296, 0.6546620726585388, 0.6436150074005127, 0.5947681665420532, 0.5836130976676941, 0.5789707899093628, 0.5748630166053772, 0.5698724389076233, 0.5610233545303345, 0.5363433361053467, 0.5268442630767822, 0.5095659494400024, 0.4681830108165741, 0.46373283863067627, 0.43821510672569275, 0.4025851786136627, 0.40045028924942017, 0.3823423385620117, 0.36657702922821045, 0.3405267298221588, 0.319358229637146]"
F1_N3,train_6bba_t35_p02_crowded,train,6bba_bb9f20c3,35,crowded,0.3,2,25,0,1,2,2.273816466331482,2.273816466331482,1.6750116348266602,1,2.273816466331482,2,0.5162017345428467,"[[18. 30. 35.]
 [10. 35. 54.]
 [18. 52. 50.]
 [14. 19. 14.]
 [10. 50. 25.]
 [14.  8. 39.]
 [20.  5. 56.]
 [24. 22.  5.]
 [ 2. 13. 53.]
 [24.  1.  4.]
 [22. 25. 18.]
 [ 2.  7. 27.]
 [12. 15. 62.]
 [ 8. 31. 39.]
 [16. 57.  3.]
 [ 9. 30. 26.]
 [ 9. 62.  7.]
 [ 8. 56. 45.]
 [ 2. 59. 19.]
 [ 1. 45. 61.]
 [21. 44.  2.]
 [ 1. 61. 36.]
 [13. 63. 61.]
 [ 6. 52. 62.]
 [24. 63.  3.]]","[0.7902936339378357, 0.732275664806366, 0.7270433306694031, 0.7221741676330566, 0.7193203568458557, 0.6687163710594177, 0.6261264681816101, 0.6167364120483398, 0.6099338531494141, 0.5677434802055359, 0.5454202890396118, 0.5336703658103943, 0.5321348309516907, 0.5192317962646484, 0.5162017345428467, 0.512014627456665, 0.5033556818962097, 0.44860824942588806, 0.4159584641456604, 0.35797375440597534, 0.35224613547325134, 0.3449360132217407, 0.3428882956504822, 0.3321174085140228, 0.3129328787326813]"
F1_N3,train_6bba_t40_p03_crowded,train,6bba_bb9f20c3,40,crowded,0.3,2,20,2,2,2,0.7414634525775909,0.7414634525775909,0.7414634525775909,2,0.7414634525775909,2,0.6124746799468994,"[[24. 31.  6.]
 [22. 52.  7.]
 [24. 13. 13.]
 [18. 16.  3.]
 [18.  1. 36.]
 [ 6. 35. 54.]
 [16. 33. 34.]
 [14. 62. 47.]
 [10. 40. 35.]
 [22. 21. 38.]
 [18. 44. 27.]
 [12. 37. 22.]
 [14. 30. 55.]
 [24.  1. 36.]
 [14. 62. 59.]
 [28. 47. 32.]
 [18. 45. 40.]
 [16.  1. 12.]
 [ 4. 62. 51.]
 [10. 62. 13.]]","[0.7133995890617371, 0.6518171429634094, 0.6215764284133911, 0.6074742078781128, 0.5980646014213562, 0.587629497051239, 0.5731322169303894, 0.5679564476013184, 0.5672802329063416, 0.5556580424308777, 0.555167555809021, 0.5488768815994263, 0.5484787225723267, 0.5458596348762512, 0.5422013998031616, 0.5361354351043701, 0.5133032202720642, 0.4473152160644531, 0.3690199851989746, 0.3392198979854584]"
F1_N3,train_6bba_t45_p04_crowded,train,6bba_bb9f20c3,45,crowded,0.3,3,25,1,2,2,2.674019992351532,1.8168052434921265,1.3626039326190948,2,1.3626039326190948,2,0.6383298337459564,"[[22. 40. 35.]
 [10. 47. 53.]
 [24. 13. 42.]
 [16. 22. 51.]
 [24. 26. 13.]
 [14. 33. 34.]
 [24. 58.  5.]
 [16. 37. 18.]
 [20. 29.  6.]
 [14. 62. 43.]
 [24. 47. 62.]
 [14.  1. 46.]
 [21. 62. 17.]
 [30. 15. 25.]
 [22.  1. 59.]
 [13. 62.  5.]
 [16. 49. 62.]
 [28. 29.  2.]
 [20.  1. 31.]
 [21. 63. 49.]
 [17. 62. 27.]
 [31. 19.  4.]
 [31. 11.  4.]
 [ 4. 60. 62.]
 [10. 62. 29.]]","[0.7597169280052185, 0.7086674571037292, 0.6934679746627808, 0.6873993873596191, 0.6861802935600281, 0.6840916872024536, 0.6838334202766418, 0.6650571227073669, 0.637785792350769, 0.6074830889701843, 0.6065022349357605, 0.604973316192627, 0.5925679802894592, 0.5669382214546204, 0.5618572235107422, 0.5248150825500488, 0.4982825219631195, 0.443611204624176, 0.4344922602176666, 0.426317036151886, 0.4256592392921448, 0.38562142848968506, 0.38464367389678955, 0.3634331226348877, 0.30140259861946106]"
F1_N3,train_6bba_t55_p05_crowded,train,6bba_bb9f20c3,55,crowded,0.3,2,21,1,1,1,1.8533203601837158,1.8533203601837158,0.40625,1,0.40625,1,0.7074108719825745,"[[ 4. 16. 55.]
 [ 2. 43. 55.]
 [ 4. 31. 32.]
 [ 8. 29. 21.]
 [16. 13. 23.]
 [12. 44.  3.]
 [ 2.  8. 35.]
 [ 2. 35. 12.]
 [ 6. 36. 49.]
 [ 6. 13. 14.]
 [18. 18.  5.]
 [ 8. 50. 23.]
 [18.  5.  4.]
 [ 6. 30.  7.]
 [ 2. 49. 22.]
 [14. 60.  7.]
 [ 6. 60.  5.]
 [ 6. 62. 33.]
 [12. 56. 62.]
 [14. 60. 47.]
 [ 5. 63. 61.]]","[0.7633950710296631, 0.7095803618431091, 0.7074108719825745, 0.6986405253410339, 0.6579118371009827, 0.6525312662124634, 0.652113676071167, 0.6506689190864563, 0.6436480283737183, 0.6351274847984314, 0.6263088583946228, 0.5838676691055298, 0.5749298930168152, 0.5719870924949646, 0.5181261897087097, 0.4607982337474823, 0.4498918652534485, 0.4138443171977997, 0.3931608200073242, 0.3563552796840668, 0.33830368518829346]"
F1_N3,train_6bba_t55_p06_crowded,train,6bba_bb9f20c3,55,crowded,0.3,3,21,1,3,3,1.0767700672149658,1.1490485668182373,1.0767700672149658,3,1.0767700672149658,3,0.5991934140523275,"[[24. 30. 17.]
 [16. 50. 51.]
 [16. 32. 33.]
 [12. 41.  4.]
 [24.  7. 47.]
 [26. 18. 17.]
 [18. 23.  4.]
 [26. 51. 26.]
 [ 8. 49. 60.]
 [12. 18. 43.]
 [10. 53. 37.]
 [16. 15. 62.]
 [ 8. 25. 62.]
 [16.  1.  8.]
 [20. 52. 31.]
 [20. 52.  3.]
 [24.  1. 20.]
 [30. 33.  3.]
 [22.  9.  2.]
 [29. 62.  3.]
 [14. 60. 39.]]","[0.654248058795929, 0.6500366926193237, 0.6295578479766846, 0.6219561100006104, 0.6136936545372009, 0.612758994102478, 0.610783576965332, 0.6086320877075195, 0.604951798915863, 0.5955038666725159, 0.5804604887962341, 0.5747753977775574, 0.5617088079452515, 0.5330533385276794, 0.5137743353843689, 0.4889823794364929, 0.44904398918151855, 0.44468560814857483, 0.44432514905929565, 0.4320337176322937, 0.3894685208797455]"
F1_N3,train_6bba_t15_p07_crowded,train,6bba_bb9f20c3,15,crowded,0.3,3,28,1,2,2,2.881053944428762,1.8616713285446167,1.38503697514534,2,1.38503697514534,2,0.6461690962314606,"[[14. 12.  5.]
 [18.  1. 46.]
 [ 6. 39. 53.]
 [28. 25.  8.]
 [24. 37. 31.]
 [22. 40.  3.]
 [10. 41. 16.]
 [14. 44.  3.]
 [16. 23. 51.]
 [ 8. 30. 33.]
 [20. 27. 32.]
 [10.  5. 52.]
 [ 4. 62. 51.]
 [14. 37. 53.]
 [12. 62. 61.]
 [28. 49. 46.]
 [22. 44. 51.]
 [28. 45.  2.]
 [20. 54. 37.]
 [25. 62. 33.]
 [26. 10. 51.]
 [ 7. 18. 35.]
 [14.  1. 30.]
 [14. 63. 43.]
 [26.  1.  4.]
 [30. 27. 31.]
 [ 7. 63. 27.]
 [ 9. 63.  5.]]","[0.7119857668876648, 0.6636664867401123, 0.633620023727417, 0.6297394633293152, 0.6246927380561829, 0.6197375655174255, 0.589285671710968, 0.58315110206604, 0.5818412899971008, 0.5803524255752563, 0.5782491564750671, 0.5773252248764038, 0.5742977261543274, 0.5578494668006897, 0.5533269643783569, 0.5511378645896912, 0.5435241460800171, 0.537754237651825, 0.524006187915802, 0.499611496925354, 0.48667111992836, 0.4770503640174866, 0.4658786952495575, 0.4611078202724457, 0.422071248292923, 0.4216477572917938, 0.40442797541618347, 0.3820015788078308]"
F1_N3,train_6bba_t25_p08_crowded,train,6bba_bb9f20c3,25,crowded,0.3,4,29,3,4,4,0.8844269663095474,0.6573263108730316,0.8844269663095474,4,0.8844269663095474,4,0.579931452870369,"[[ 6. 40. 27.]
 [ 6.  5. 50.]
 [20. 12. 19.]
 [18. 18. 49.]
 [12. 32. 19.]
 [10. 51.  2.]
 [24. 31. 32.]
 [12.  1. 42.]
 [10. 36. 49.]
 [22. 51. 21.]
 [26. 28.  7.]
 [16. 50. 13.]
 [16. 33.  6.]
 [14. 27. 44.]
 [16. 10. 11.]
 [30. 52.  7.]
 [12. 62. 29.]
 [ 6. 29. 58.]
 [ 1. 48. 59.]
 [10. 62. 59.]
 [18. 59. 36.]
 [28. 12.  7.]
 [ 8.  1. 24.]
 [28. 43. 38.]
 [24.  1. 34.]
 [18. 33. 62.]
 [ 1. 62. 31.]
 [ 3. 63. 23.]
 [20. 63. 19.]]","[0.6939421892166138, 0.659408688545227, 0.6500329971313477, 0.648077130317688, 0.6361842155456543, 0.6131020188331604, 0.5965035557746887, 0.5947479605674744, 0.5914410352706909, 0.5903955698013306, 0.5884707570075989, 0.5763427019119263, 0.57469242811203, 0.5701600909233093, 0.566378116607666, 0.5606557130813599, 0.556174099445343, 0.5444504618644714, 0.5243366956710815, 0.5134446620941162, 0.5035593509674072, 0.5029793381690979, 0.49909839034080505, 0.47495564818382263, 0.43569642305374146, 0.39305993914604187, 0.37742578983306885, 0.3713422119617462, 0.3656991124153137]"
F1_N3,train_6bba_t10_p09_crowded,train,6bba_bb9f20c3,10,crowded,0.3,2,19,0,1,1,3.627906024456024,3.627906024456024,1.9902104139328003,1,1.9902104139328003,1,0.5912129878997803,"[[ 6. 26. 59.]
 [ 4. 11. 53.]
 [ 6. 42.  5.]
 [ 2. 30. 29.]
 [ 8. 13. 14.]
 [10. 38. 11.]
 [ 4. 52. 53.]
 [ 2. 57.  6.]
 [12. 23. 36.]
 [18. 22. 23.]
 [18. 29. 22.]
 [16. 17. 36.]
 [11.  9.  4.]
 [ 8.  1. 37.]
 [16. 24.  5.]
 [ 0. 29. 62.]
 [ 9. 62. 17.]
 [14.  1. 33.]
 [ 0. 11.  5.]]","[0.7110615372657776, 0.7056666612625122, 0.6927239894866943, 0.6772359609603882, 0.658679723739624, 0.6561551094055176, 0.6484036445617676, 0.5912129878997803, 0.5661125183105469, 0.5589194893836975, 0.5558232069015503, 0.5515419244766235, 0.5307357311248779, 0.5296749472618103, 0.4410935640335083, 0.41636940836906433, 0.36393675208091736, 0.3627152442932129, 0.31408146023750305]"
F1_N3,train_6bba_t40_p10_crowded,train,6bba_bb9f20c3,40,crowded,0.3,2,19,1,1,2,1.21875,1.21875,0.40625,1,1.21875,2,0.635763943195343,"[[ 6. 38. 35.]
 [18. 13. 18.]
 [10. 18. 17.]
 [16. 12.  5.]
 [18. 33.  2.]
 [14. 31. 32.]
 [18. 49. 28.]
 [24.  4.  3.]
 [ 8. 30. 53.]
 [ 6.  5. 59.]
 [12. 55. 18.]
 [10. 58. 53.]
 [12. 21. 54.]
 [ 6. 62. 17.]
 [ 3. 58. 59.]
 [10.  7. 39.]
 [16. 62.  5.]
 [16. 60. 62.]
 [11. 43.  1.]]","[0.7170782089233398, 0.7082125544548035, 0.6835342645645142, 0.6414703726768494, 0.6376121640205383, 0.635763943195343, 0.6354970335960388, 0.6132542490959167, 0.5935792326927185, 0.5865424275398254, 0.5621532201766968, 0.5620815753936768, 0.5489465594291687, 0.547534704208374, 0.5450231432914734, 0.5336636304855347, 0.3961603343486786, 0.33588141202926636, 0.3130923807621002]"
F1_N3,train_6bba_t35_p11_crowded,train,6bba_bb9f20c3,35,crowded,0.3,3,27,2,2,2,1.4591097831726074,0.40625,0.40625,2,0.40625,2,0.5953157544136047,"[[ 8. 43. 50.]
 [ 2. 40. 21.]
 [22. 25. 12.]
 [ 8. 15. 44.]
 [16. 31. 32.]
 [12.  9. 14.]
 [10. 40. 27.]
 [20. 44. 23.]
 [ 6. 14. 15.]
 [20.  6. 23.]
 [18. 44.  4.]
 [ 2.  6. 45.]
 [14. 62. 51.]
 [10. 62. 31.]
 [12. 28.  5.]
 [18. 29. 62.]
 [ 1. 62. 19.]
 [ 6.  1. 60.]
 [18.  1. 43.]
 [ 6. 62. 45.]
 [16.  9. 62.]
 [24. 62. 15.]
 [16. 62. 21.]
 [10. 19. 62.]
 [28. 59.  4.]
 [24. 10.  1.]
 [20. 63. 59.]]","[0.6811418533325195, 0.6686335802078247, 0.6095501780509949, 0.6094871163368225, 0.581144392490387, 0.572052538394928, 0.5617280602455139, 0.5583276152610779, 0.5461924076080322, 0.5455709099769592, 0.5241156220436096, 0.5190725922584534, 0.5117236971855164, 0.5098934173583984, 0.4970102608203888, 0.48825496435165405, 0.48778748512268066, 0.4708758592605591, 0.4652566909790039, 0.4600658416748047, 0.4600104093551636, 0.4573245942592621, 0.44632065296173096, 0.42627090215682983, 0.38729947805404663, 0.3619477450847626, 0.3298671543598175]"
F1_N3,train_6bba_t45_p12_crowded,train,6bba_bb9f20c3,45,crowded,0.3,3,26,1,2,2,2.200876255830129,1.8616713285446167,1.38503697514534,2,1.38503697514534,2,0.6926923990249634,"[[10. 11. 35.]
 [16. 30. 31.]
 [14. 13. 14.]
 [ 8. 43. 46.]
 [22. 13. 22.]
 [22. 34.  7.]
 [ 6.  4. 59.]
 [12. 45. 24.]
 [ 2. 59. 28.]
 [ 2. 31. 23.]
 [12. 54. 61.]
 [12. 39.  2.]
 [ 2. 24. 53.]
 [20. 28. 51.]
 [20. 44. 24.]
 [16.  1. 52.]
 [ 6. 62. 51.]
 [10. 25. 62.]
 [ 8. 59.  4.]
 [ 9. 63. 33.]
 [16. 59. 18.]
 [18. 49.  4.]
 [16. 31. 56.]
 [17. 63. 39.]
 [29. 18.  4.]
 [23. 63. 13.]]","[0.6952563524246216, 0.6901284456253052, 0.6562796235084534, 0.6501868963241577, 0.6455095410346985, 0.6056308746337891, 0.5804508924484253, 0.551123321056366, 0.5506330132484436, 0.5435191988945007, 0.5205439329147339, 0.5104038119316101, 0.49685579538345337, 0.48604682087898254, 0.47572827339172363, 0.46436917781829834, 0.4618680775165558, 0.4592762291431427, 0.44706642627716064, 0.4356149733066559, 0.42513003945350647, 0.42285868525505066, 0.3918246030807495, 0.3857557475566864, 0.3820360600948334, 0.33776330947875977]"
F1_N3,train_6bba_t20_p13_crowded,train,6bba_bb9f20c3,20,crowded,0.3,3,20,2,2,3,1.0487428506215413,0.40625,0.40625,2,1.0487428506215413,3,0.6225042641162872,"[[12. 39. 10.]
 [ 8. 32. 49.]
 [10. 23. 22.]
 [ 4. 26. 27.]
 [16. 31. 32.]
 [ 4. 20. 59.]
 [12. 10. 43.]
 [ 2. 47. 55.]
 [10.  4. 17.]
 [ 2. 12. 49.]
 [18. 46. 13.]
 [14. 14.  3.]
 [ 4. 56. 33.]
 [11. 59. 30.]
 [ 2. 54. 11.]
 [ 6. 33.  4.]
 [16. 59.  2.]
 [14. 21. 62.]
 [ 8.  1. 41.]
 [22. 11.  2.]]","[0.7492908239364624, 0.7245228290557861, 0.7226966619491577, 0.6590907573699951, 0.6538348197937012, 0.6356871724128723, 0.6297764182090759, 0.6094756126403809, 0.6013975143432617, 0.5911737084388733, 0.5739361643791199, 0.5628991723060608, 0.5619988441467285, 0.5598055720329285, 0.557410717010498, 0.5473238825798035, 0.5108471512794495, 0.4936010539531708, 0.42126044631004333, 0.418201208114624]"
F1_N3,train_6bba_t20_p14_crowded,train,6bba_bb9f20c3,20,crowded,0.3,3,27,1,2,2,1.7454123894373577,1.8616713285446167,0.9308356642723083,2,0.9308356642723083,2,0.6080028116703033,"[[16. 32.  9.]
 [ 2. 46. 13.]
 [ 4. 42. 37.]
 [12. 10. 47.]
 [ 2. 17. 14.]
 [10. 37. 30.]
 [24. 12.  5.]
 [12. 47. 50.]
 [14. 34. 35.]
 [12. 17.  4.]
 [ 8. 13. 34.]
 [ 8. 44.  7.]
 [ 8. 38. 59.]
 [22. 53. 29.]
 [20. 19. 24.]
 [20. 62.  5.]
 [ 3.  6. 33.]
 [18.  1. 35.]
 [10. 62.  3.]
 [ 2. 21. 62.]
 [ 4. 60. 55.]
 [14. 16. 23.]
 [ 4.  1. 49.]
 [16.  1.  5.]
 [16. 62. 59.]
 [26. 30.  1.]
 [ 1. 63.  4.]]","[0.6317102909088135, 0.6080454587936401, 0.5961273908615112, 0.5842953324317932, 0.5678598284721375, 0.5615553259849548, 0.545528769493103, 0.5195198059082031, 0.5174674391746521, 0.5078610181808472, 0.5047933459281921, 0.5023501515388489, 0.4934488534927368, 0.48116573691368103, 0.46921664476394653, 0.44846707582473755, 0.44742491841316223, 0.44253095984458923, 0.4329332411289215, 0.43268078565597534, 0.4324648380279541, 0.4284960925579071, 0.42345529794692993, 0.4229471981525421, 0.3997032940387726, 0.38417792320251465, 0.3105352520942688]"
F1_N3,train_6bba_t15_p15_crowded,train,6bba_bb9f20c3,15,crowded,0.3,2,19,0,0,0,7.161909818649292,7.161909818649292,,0,,0,,"[[10. 12. 37.]
 [10. 30.  9.]
 [ 2. 50. 59.]
 [ 4. 59. 31.]
 [ 8. 34. 47.]
 [22. 10. 11.]
 [ 8. 52.  3.]
 [14. 39. 24.]
 [12. 19. 60.]
 [ 6. 33. 28.]
 [18.  1. 42.]
 [ 8. 62. 39.]
 [16.  1.  6.]
 [16.  1. 29.]
 [14. 59. 31.]
 [18. 52.  2.]
 [10. 39. 59.]
 [ 1. 59. 18.]
 [ 4. 28.  4.]]","[0.7347663640975952, 0.7067243456840515, 0.6627382636070251, 0.6578328609466553, 0.6458494067192078, 0.6307222843170166, 0.621235191822052, 0.6112216711044312, 0.6053932309150696, 0.6012738347053528, 0.5978372097015381, 0.5836556553840637, 0.5652623772621155, 0.5276398062705994, 0.5016912817955017, 0.4638710021972656, 0.4348903298377991, 0.33991026878356934, 0.33323055505752563]"
F1_N3,train_6bba_t30_p16_crowded,train,6bba_bb9f20c3,30,crowded,0.3,2,25,0,2,2,1.3417525887489319,1.3417525887489319,1.3417525887489319,2,1.3417525887489319,2,0.6309751868247986,"[[10. 18. 33.]
 [18.  5. 42.]
 [22.  5. 12.]
 [10.  9. 52.]
 [16. 32. 35.]
 [14.  9. 16.]
 [12. 41. 38.]
 [16. 53.  6.]
 [ 8. 42. 31.]
 [ 6. 23. 60.]
 [ 8. 51.  4.]
 [ 4. 44. 49.]
 [12. 56.  7.]
 [ 4. 15. 32.]
 [16.  4.  5.]
 [ 7. 60. 55.]
 [12. 21. 62.]
 [ 6. 30.  3.]
 [14. 56. 41.]
 [ 1. 62. 51.]
 [ 4. 63. 27.]
 [ 4. 63. 11.]
 [20. 23.  2.]
 [13. 30.  2.]
 [ 4. 12.  4.]]","[0.6903412342071533, 0.6894432902336121, 0.6796863079071045, 0.672127902507782, 0.6562144160270691, 0.6560393571853638, 0.6534432172775269, 0.6522619128227234, 0.6483972668647766, 0.6476460099220276, 0.6433133482933044, 0.6216750144958496, 0.6057359576225281, 0.5913857221603394, 0.5840340256690979, 0.5653908848762512, 0.5534918904304504, 0.5126675367355347, 0.5060779452323914, 0.49365997314453125, 0.41366490721702576, 0.38628876209259033, 0.38314348459243774, 0.3277326822280884, 0.32249054312705994]"
F1_N3,train_6bba_t50_p17_crowded,train,6bba_bb9f20c3,50,crowded,0.3,3,22,1,3,3,1.4650246500968933,1.625,1.4650246500968933,3,1.4650246500968933,3,0.5667844812075297,"[[14.  9. 32.]
 [18. 15.  4.]
 [10. 44. 31.]
 [16. 34. 33.]
 [28. 35.  4.]
 [20. 17. 50.]
 [10. 33. 50.]
 [24. 55. 23.]
 [24. 18. 17.]
 [ 4. 62. 53.]
 [22. 38. 15.]
 [20. 62. 31.]
 [16. 19. 62.]
 [16. 53. 50.]
 [24.  6. 45.]
 [28. 49. 30.]
 [28. 40. 35.]
 [24.  1. 19.]
 [ 8. 17. 62.]
 [13. 62. 35.]
 [17. 55.  2.]
 [25. 60.  5.]]","[0.699680507183075, 0.6721023917198181, 0.6375643014907837, 0.6315857172012329, 0.621756374835968, 0.6119072437286377, 0.6084916591644287, 0.5840440988540649, 0.5612553358078003, 0.5449554920196533, 0.5361717343330383, 0.5325959920883179, 0.529262363910675, 0.5262455344200134, 0.5248481631278992, 0.5227924585342407, 0.5005825757980347, 0.4953661561012268, 0.4910116493701935, 0.47580382227897644, 0.37808120250701904, 0.3043667674064636]"
F1_N3,train_6bba_t55_p18_crowded,train,6bba_bb9f20c3,55,crowded,0.3,2,19,0,1,1,2.66563081741333,2.66563081741333,1.6750116348266602,1,1.6750116348266602,1,0.6978476643562317,"[[ 6. 32. 53.]
 [ 4. 10. 57.]
 [ 2. 43. 40.]
 [10. 33. 32.]
 [ 6. 32. 23.]
 [ 8. 19.  4.]
 [ 6.  4. 31.]
 [12. 42.  5.]
 [18.  9. 15.]
 [14. 18. 17.]
 [ 4. 60.  7.]
 [12. 15. 62.]
 [ 4. 62. 57.]
 [12. 56. 37.]
 [ 7. 62. 23.]
 [16. 62. 37.]
 [12.  1. 10.]
 [ 2. 31. 62.]
 [12. 63. 15.]]","[0.7511997222900391, 0.727260172367096, 0.7191857099533081, 0.6978476643562317, 0.6910855770111084, 0.6820210218429565, 0.6758342385292053, 0.6581936478614807, 0.6462060809135437, 0.6330093145370483, 0.5705218315124512, 0.5657917857170105, 0.5606205463409424, 0.5524240136146545, 0.500556468963623, 0.47707846760749817, 0.4714110195636749, 0.4680072069168091, 0.41757169365882874]"
F1_N3,train_6bba_t45_p19_crowded,train,6bba_bb9f20c3,45,crowded,0.3,2,24,0,1,1,2.9967541694641113,2.9967541694641113,1.6750116348266602,1,1.6750116348266602,1,0.5914692878723145,"[[ 2. 25. 34.]
 [ 2. 55. 35.]
 [ 4. 14. 15.]
 [10. 55. 20.]
 [16.  9.  7.]
 [18. 32. 29.]
 [ 4.  1. 46.]
 [18. 45. 23.]
 [18. 12. 31.]
 [ 8. 24. 45.]
 [10. 31. 22.]
 [ 1. 40. 15.]
 [16. 11. 20.]
 [10.  4.  5.]
 [ 1.  1. 36.]
 [ 1. 62.  3.]
 [ 4. 59. 62.]
 [ 8.  1. 20.]
 [ 2. 62. 55.]
 [ 6. 38.  3.]
 [ 1.  7. 62.]
 [ 6. 62.  3.]
 [ 0. 33. 62.]
 [13. 60.  5.]]","[0.6828933358192444, 0.6049493551254272, 0.5914692878723145, 0.5736732482910156, 0.5684586763381958, 0.5657781958580017, 0.5614253878593445, 0.5593091249465942, 0.5512246489524841, 0.547095537185669, 0.5452654361724854, 0.528540849685669, 0.5117942690849304, 0.5045074820518494, 0.46608659625053406, 0.45103919506073, 0.4432109594345093, 0.43898287415504456, 0.42049238085746765, 0.41890740394592285, 0.4034254550933838, 0.3666633665561676, 0.3648231327533722, 0.3354934751987457]"
F1_N3,train_6bba_t15_p20_crowded,train,6bba_bb9f20c3,15,crowded,0.3,2,24,2,2,2,0.6935121417045593,0.6935121417045593,0.6935121417045593,2,0.6935121417045593,2,0.6300302147865295,"[[14. 31. 33.]
 [22. 15.  9.]
 [ 8. 41. 42.]
 [28. 37.  4.]
 [18.  8. 43.]
 [12. 13. 44.]
 [22. 29. 30.]
 [28. 12. 21.]
 [18. 51. 32.]
 [16. 14.  5.]
 [24. 56. 47.]
 [12. 55.  4.]
 [14. 55. 19.]
 [ 8. 43. 10.]
 [20. 49. 62.]
 [14.  1. 60.]
 [20. 29.  4.]
 [18.  1.  5.]
 [18.  1. 26.]
 [ 7. 63. 33.]
 [16. 23. 62.]
 [20. 62.  3.]
 [14. 52. 44.]
 [12. 49. 62.]]","[0.7371938824653625, 0.695801317691803, 0.6811888217926025, 0.6674396991729736, 0.6663568615913391, 0.6326566338539124, 0.6312476992607117, 0.6115753054618835, 0.5917972922325134, 0.5789089202880859, 0.5753774642944336, 0.5404472947120667, 0.5312941074371338, 0.5289025902748108, 0.5228665471076965, 0.5050051212310791, 0.47858351469039917, 0.4634816348552704, 0.4529111385345459, 0.43650540709495544, 0.43082574009895325, 0.40462204813957214, 0.4045572578907013, 0.3802623152732849]"
F1_N3,train_6bba_t30_p21_crowded,train,6bba_bb9f20c3,30,crowded,0.3,3,30,2,2,3,1.1287097732226055,0.9084026217460632,0.6573263108730316,2,1.1287097732226055,3,0.5941979289054871,"[[ 8. 30. 49.]
 [16. 32. 27.]
 [12. 34. 17.]
 [10. 17.  8.]
 [22. 19. 20.]
 [ 4. 12. 51.]
 [22. 12.  5.]
 [14. 41. 54.]
 [18. 57. 38.]
 [18.  1. 22.]
 [ 4. 45. 29.]
 [12. 11. 62.]
 [18. 29.  4.]
 [ 4. 21. 33.]
 [ 8. 53.  3.]
 [ 4. 62. 59.]
 [ 8. 57. 32.]
 [12. 53. 21.]
 [ 1. 39. 62.]
 [20. 28. 43.]
 [22. 57. 14.]
 [24.  1. 44.]
 [18.  1. 44.]
 [14. 18. 47.]
 [26. 35. 12.]
 [24. 62. 43.]
 [10. 50. 55.]
 [16. 60.  4.]
 [24. 61.  3.]
 [10. 62. 59.]]","[0.6299755573272705, 0.6196579933166504, 0.6124866008758545, 0.5961592197418213, 0.5709542036056519, 0.5694999098777771, 0.5687378644943237, 0.5621030330657959, 0.5471110939979553, 0.5418952107429504, 0.5396589040756226, 0.5210945010185242, 0.5195503234863281, 0.4937189519405365, 0.49145033955574036, 0.49074485898017883, 0.48714613914489746, 0.48411092162132263, 0.4790025055408478, 0.4720728099346161, 0.4620838761329651, 0.4608166217803955, 0.45598310232162476, 0.44524621963500977, 0.4349823296070099, 0.43319740891456604, 0.415109246969223, 0.4062254726886749, 0.38934171199798584, 0.369975209236145]"
F1_N3,train_6bba_t50_p22_crowded,train,6bba_bb9f20c3,50,crowded,0.3,2,23,1,1,2,1.6394356489181519,1.6394356489181519,0.40625,1,1.6394356489181519,2,0.6945551633834839,"[[12. 47. 36.]
 [18. 10. 25.]
 [16. 31. 16.]
 [14. 23. 50.]
 [20. 23. 48.]
 [12. 54. 15.]
 [ 8. 50. 59.]
 [12. 19. 39.]
 [28. 53. 30.]
 [22.  1. 12.]
 [30. 15. 36.]
 [24. 37. 24.]
 [28. 15. 22.]
 [14.  5. 62.]
 [30. 26. 33.]
 [30. 37. 28.]
 [20. 24.  3.]
 [18. 62.  3.]
 [13. 62. 39.]
 [ 7. 63. 37.]
 [22.  1. 46.]
 [19. 48. 35.]
 [28. 22.  1.]]","[0.7113766670227051, 0.7107793688774109, 0.6945551633834839, 0.6927863955497742, 0.6888108849525452, 0.6220921874046326, 0.6105067133903503, 0.5731448531150818, 0.5722449421882629, 0.5652682185173035, 0.5591691732406616, 0.5356755256652832, 0.5182469487190247, 0.5110301971435547, 0.5092208981513977, 0.4984608590602875, 0.4919516444206238, 0.44029611349105835, 0.4290805160999298, 0.42617449164390564, 0.42373913526535034, 0.3999256193637848, 0.39583179354667664]"
F1_N3,train_6bba_t10_p23_crowded,train,6bba_bb9f20c3,10,crowded,0.3,3,25,3,3,3,0.46234142780303955,0.40625,0.46234142780303955,3,0.46234142780303955,3,0.6413488388061523,"[[ 4. 47. 47.]
 [16. 32. 27.]
 [10. 43. 50.]
 [22. 31. 36.]
 [ 8. 53. 20.]
 [26. 15. 24.]
 [ 2. 20. 59.]
 [14. 12.  3.]
 [16. 28. 53.]
 [28. 45. 16.]
 [22. 10.  5.]
 [12. 11. 58.]
 [14. 54. 33.]
 [ 8. 37. 36.]
 [12. 43.  3.]
 [10. 15. 36.]
 [20. 38. 62.]
 [20. 20. 19.]
 [22. 59. 39.]
 [16.  1. 30.]
 [26. 37. 52.]
 [23. 62. 13.]
 [16.  1. 51.]
 [23.  1. 30.]
 [10. 63.  3.]]","[0.7312989830970764, 0.7293027639389038, 0.6843163371086121, 0.6413587331771851, 0.6355449557304382, 0.6349248290061951, 0.628166675567627, 0.626974880695343, 0.5960233807563782, 0.5933688282966614, 0.585659384727478, 0.5672740340232849, 0.5637645721435547, 0.5452278256416321, 0.5447084903717041, 0.5368282794952393, 0.5261194109916687, 0.5181068778038025, 0.5108984112739563, 0.4989228844642639, 0.4710341691970825, 0.4634447693824768, 0.4196676015853882, 0.3889565169811249, 0.3112294673919678]"
F1_N3,train_6bba_t10_p24_crowded,train,6bba_bb9f20c3,10,crowded,0.3,2,25,2,2,2,0.6573263108730316,0.6573263108730316,0.6573263108730316,2,0.6573263108730316,2,0.6448222398757935,"[[20. 14.  7.]
 [16. 31. 32.]
 [18. 44.  5.]
 [10. 34. 11.]
 [ 4. 31. 60.]
 [18.  4. 27.]
 [10. 25. 46.]
 [22. 28. 23.]
 [10.  5. 22.]
 [ 6. 44. 37.]
 [26. 41.  4.]
 [10.  1. 59.]
 [14. 56. 33.]
 [12. 41. 58.]
 [ 6. 15. 32.]
 [20. 62.  4.]
 [ 6. 62. 13.]
 [ 8. 62. 59.]
 [20. 56. 37.]
 [20.  7. 54.]
 [26. 62. 51.]
 [24.  1. 35.]
 [18. 15. 62.]
 [18. 47. 63.]
 [30. 25. 14.]]","[0.7142950296401978, 0.7068591713905334, 0.6396147608757019, 0.6336678266525269, 0.6306005716323853, 0.630253255367279, 0.6237249374389648, 0.6163371205329895, 0.6155256032943726, 0.5978443622589111, 0.5962239503860474, 0.5827853083610535, 0.5748322606086731, 0.5693644881248474, 0.568845808506012, 0.5499325394630432, 0.5129135251045227, 0.5070615410804749, 0.4970112144947052, 0.47033393383026123, 0.46241456270217896, 0.43292829394340515, 0.38451850414276123, 0.3488391041755676, 0.3334117531776428]"
F1_N3,train_6bba_t10_p25_isolated,train,6bba_bb9f20c3,10,isolated,0.3,1,23,1,1,1,0.40625,0.40625,0.40625,1,0.40625,1,0.5504142642021179,"[[10. 17.  8.]
 [ 6. 41. 18.]
 [10. 39. 48.]
 [16.  4. 49.]
 [ 6. 32. 53.]
 [14. 51. 19.]
 [16. 18. 13.]
 [14. 16. 47.]
 [ 2. 61.  3.]
 [18. 42. 29.]
 [10.  1. 34.]
 [ 8. 12. 61.]
 [ 7. 32. 33.]
 [ 2. 51. 62.]
 [14. 35. 58.]
 [ 2. 63. 35.]
 [12. 54. 33.]
 [ 7. 62. 53.]
 [20. 17.  2.]
 [ 1. 34. 29.]
 [ 1. 25. 20.]
 [ 4. 16.  4.]
 [ 9. 62.  3.]]","[0.7284853458404541, 0.683929443359375, 0.6674292087554932, 0.6565089821815491, 0.6431330442428589, 0.6405392289161682, 0.6294851899147034, 0.6104647517204285, 0.5903844833374023, 0.5846264958381653, 0.5803917050361633, 0.5538538694381714, 0.5504142642021179, 0.5478186011314392, 0.523145318031311, 0.5094227194786072, 0.5013300776481628, 0.4870307445526123, 0.46982842683792114, 0.4143979549407959, 0.3984503149986267, 0.36802423000335693, 0.31234756112098694]"
F1_N3,train_6bba_t20_p26_isolated,train,6bba_bb9f20c3,20,isolated,0.3,1,23,0,1,1,1.6750116348266602,1.6750116348266602,1.6750116348266602,1,1.6750116348266602,1,0.559043824672699,"[[14. 12. 11.]
 [14. 33. 30.]
 [ 8. 12. 47.]
 [10. 32. 55.]
 [ 2. 35. 16.]
 [14. 31. 58.]
 [ 4.  1. 25.]
 [ 6. 33. 32.]
 [16. 51. 19.]
 [14.  6. 57.]
 [20. 31.  6.]
 [14. 62. 59.]
 [ 6. 62. 21.]
 [26. 15. 25.]
 [ 8. 55. 48.]
 [ 2.  5. 62.]
 [10. 55.  2.]
 [24. 13.  6.]
 [12. 62. 51.]
 [ 1. 33. 48.]
 [12. 41.  2.]
 [14.  1. 30.]
 [ 1. 62.  9.]]","[0.6495832204818726, 0.6285410523414612, 0.6150485277175903, 0.6012333035469055, 0.5770913362503052, 0.5756639242172241, 0.5619346499443054, 0.559043824672699, 0.5266234278678894, 0.5139241218566895, 0.5131504535675049, 0.500912070274353, 0.4997701644897461, 0.4968322515487671, 0.476663738489151, 0.4681638181209564, 0.45213109254837036, 0.4503012001514435, 0.4481690526008606, 0.44107741117477417, 0.4132254123687744, 0.37062162160873413, 0.3661934733390808]"
F1_N3,train_6bba_t35_p27_isolated,train,6bba_bb9f20c3,35,isolated,0.3,1,25,0,0,0,3.3003907203674316,3.3003907203674316,,0,,0,,"[[ 8. 33. 31.]
 [ 8. 29. 62.]
 [20. 27. 48.]
 [16.  4. 47.]
 [18. 51. 25.]
 [ 4. 14. 27.]
 [14. 26. 29.]
 [ 4. 36. 45.]
 [18. 29. 10.]
 [12. 20.  7.]
 [ 8.  1. 43.]
 [14. 41. 59.]
 [24. 17. 30.]
 [22. 27. 36.]
 [14. 50.  7.]
 [10.  1.  4.]
 [14. 35.  6.]
 [ 6. 62. 21.]
 [ 6. 35.  6.]
 [ 1. 62. 21.]
 [14.  1. 26.]
 [ 1. 27. 54.]
 [12.  1. 62.]
 [10. 48. 41.]
 [ 2. 63. 59.]]","[0.6821391582489014, 0.6075363755226135, 0.6017700433731079, 0.5878476500511169, 0.58477383852005, 0.5703285336494446, 0.5702641010284424, 0.5630378127098083, 0.5483142137527466, 0.5421348214149475, 0.5342966318130493, 0.5008321404457092, 0.4910205602645874, 0.4778478741645813, 0.4754398763179779, 0.47460827231407166, 0.4712089002132416, 0.46247538924217224, 0.4590331017971039, 0.44743821024894714, 0.4437796175479889, 0.4369857907295227, 0.40973982214927673, 0.39557868242263794, 0.36573347449302673]"
F1_N3,train_6bba_t40_p28_isolated,train,6bba_bb9f20c3,40,isolated,0.3,1,28,0,1,1,1.8616713285446167,1.8616713285446167,1.8616713285446167,1,1.8616713285446167,1,0.5531113743782043,"[[14. 15. 19.]
 [16. 17. 50.]
 [ 4. 14. 35.]
 [20. 13. 32.]
 [ 8. 44. 45.]
 [20. 39. 10.]
 [24. 17. 12.]
 [ 4. 38. 23.]
 [10. 23. 62.]
 [14. 37. 30.]
 [ 2. 62. 35.]
 [22. 49. 30.]
 [24. 51. 58.]
 [12. 54. 15.]
 [ 8.  1.  6.]
 [16. 50. 45.]
 [12.  9. 62.]
 [ 2. 21. 62.]
 [16. 35.  3.]
 [14.  1. 38.]
 [12. 49. 62.]
 [ 4. 58.  2.]
 [18. 63. 39.]
 [22.  1. 60.]
 [ 2. 38. 33.]
 [23. 62.  3.]
 [23.  1.  7.]
 [26. 62. 23.]]","[0.7199516892433167, 0.6872106790542603, 0.6739292740821838, 0.6446523666381836, 0.611884355545044, 0.6105162501335144, 0.5951526165008545, 0.582257866859436, 0.5667901039123535, 0.5531113743782043, 0.5414575338363647, 0.5331701636314392, 0.5301869511604309, 0.5094857215881348, 0.5087294578552246, 0.49617356061935425, 0.4914768934249878, 0.4795576333999634, 0.4778124988079071, 0.4512186646461487, 0.4505693316459656, 0.4484510123729706, 0.4407784342765808, 0.43818503618240356, 0.4153870642185211, 0.41276857256889343, 0.3662942945957184, 0.32709673047065735]"
F1_N3,train_6bba_t25_p29_isolated,train,6bba_bb9f20c3,25,isolated,0.3,1,28,0,0,0,3.275292158126831,3.275292158126831,,0,,0,,"[[ 2. 48. 53.]
 [16. 31. 32.]
 [12. 49. 35.]
 [ 4. 21. 54.]
 [24. 51. 48.]
 [18. 38.  5.]
 [18. 10. 13.]
 [18.  6. 47.]
 [ 8. 36. 47.]
 [14. 11. 18.]
 [ 4. 43. 22.]
 [24. 24. 49.]
 [22. 38. 11.]
 [12. 21. 62.]
 [22. 35. 62.]
 [ 6.  1. 21.]
 [ 4. 62. 11.]
 [ 8. 49. 62.]
 [21. 62. 27.]
 [10.  1. 42.]
 [26. 33.  2.]
 [10. 35. 62.]
 [ 9. 63. 13.]
 [14. 56.  5.]
 [16. 45. 62.]
 [12. 32.  5.]
 [24.  1. 11.]
 [ 1. 63. 33.]]","[0.6919081211090088, 0.6863041520118713, 0.6647350788116455, 0.6585710048675537, 0.6531981229782104, 0.6477137207984924, 0.6221717000007629, 0.611497700214386, 0.6081157922744751, 0.5983989834785461, 0.5887544751167297, 0.5594249367713928, 0.5472864508628845, 0.5277295708656311, 0.5266507267951965, 0.5157001614570618, 0.5121347904205322, 0.5043341517448425, 0.5003348588943481, 0.47880083322525024, 0.4581504762172699, 0.4567491412162781, 0.4472428262233734, 0.4361593723297119, 0.41712772846221924, 0.41298380494117737, 0.3280346989631653, 0.3050749897956848]"
F1_N3,train_6bba_t25_p30_isolated,train,6bba_bb9f20c3,25,isolated,0.3,1,20,0,0,0,3.3003907203674316,3.3003907203674316,,0,,0,,"[[20. 32. 33.]
 [16.  7. 47.]
 [16. 51. 14.]
 [16. 21. 16.]
 [14. 29. 47.]
 [12. 51. 40.]
 [12. 53. 18.]
 [20. 59. 50.]
 [16. 39. 60.]
 [26. 19. 11.]
 [ 8. 48. 61.]
 [16. 55. 38.]
 [22. 61.  5.]
 [12. 25. 31.]
 [26.  1.  4.]
 [ 4. 15. 62.]
 [15. 63. 61.]
 [22. 18.  1.]
 [ 1. 48. 51.]
 [ 1. 37. 30.]]","[0.8349713087081909, 0.8194703459739685, 0.7463203072547913, 0.7411439418792725, 0.7217479348182678, 0.7195951342582703, 0.7075752019882202, 0.7065099477767944, 0.6913452744483948, 0.6787307858467102, 0.6595885157585144, 0.6006579995155334, 0.5855463147163391, 0.5748916864395142, 0.5151357054710388, 0.462704062461853, 0.4265383183956146, 0.3895537257194519, 0.38332897424697876, 0.3331942558288574]"
F1_N3,train_6bba_t45_p31_isolated,train,6bba_bb9f20c3,45,isolated,0.3,1,19,0,0,1,2.725207805633545,2.725207805633545,,0,2.725207805633545,1,,"[[10. 50. 35.]
 [22.  9.  4.]
 [ 8. 24. 59.]
 [ 6. 39. 28.]
 [16. 32. 43.]
 [20. 32.  5.]
 [12. 10. 27.]
 [ 8. 52.  5.]
 [ 6. 47. 58.]
 [18.  6. 59.]
 [ 6. 29. 38.]
 [18. 26. 17.]
 [14. 16.  5.]
 [ 5. 62. 41.]
 [18. 53.  2.]
 [14. 57. 62.]
 [ 2. 13. 17.]
 [ 1. 15. 62.]
 [13. 62.  5.]]","[0.7236253023147583, 0.7190055847167969, 0.7119171619415283, 0.7030328512191772, 0.6706500053405762, 0.6652830839157104, 0.6582402586936951, 0.6523706912994385, 0.6411137580871582, 0.6099282503128052, 0.5853530764579773, 0.5824101567268372, 0.5326158404350281, 0.5198754072189331, 0.47453221678733826, 0.4621823728084564, 0.3963978886604309, 0.37945565581321716, 0.3774031698703766]"
F1_N3,train_6bba_t30_p32_isolated,train,6bba_bb9f20c3,30,isolated,0.3,1,23,1,1,1,0.40625,0.40625,0.40625,1,0.40625,1,0.7239962220191956,"[[16. 31. 30.]
 [20. 48. 15.]
 [20. 26.  9.]
 [18.  5. 18.]
 [24. 23. 21.]
 [12. 39. 48.]
 [20.  8. 35.]
 [24. 37. 30.]
 [12. 53. 10.]
 [28. 11. 30.]
 [12. 35. 62.]
 [18. 57. 48.]
 [24.  1.  4.]
 [30. 42. 31.]
 [18. 45. 62.]
 [24.  1. 25.]
 [25. 62. 15.]
 [ 6. 60. 62.]
 [30. 21.  2.]
 [12. 26.  3.]
 [ 8. 34. 16.]
 [20.  1. 61.]
 [ 8. 39.  6.]]","[0.7239962220191956, 0.7113510370254517, 0.6850001811981201, 0.6281305551528931, 0.6270642876625061, 0.6188462972640991, 0.6083029508590698, 0.5924106240272522, 0.5807421207427979, 0.5781678557395935, 0.5759249329566956, 0.5574701428413391, 0.5008225440979004, 0.4734031856060028, 0.45356056094169617, 0.4436061680316925, 0.4196426570415497, 0.41949576139450073, 0.4097955822944641, 0.4025689959526062, 0.37042897939682007, 0.3506757915019989, 0.31420186161994934]"
F1_N3,train_6bba_t55_p33_isolated,train,6bba_bb9f20c3,55,isolated,0.3,1,17,0,0,0,4.7376484870910645,4.7376484870910645,,0,,0,,"[[ 6. 15. 14.]
 [ 8.  5. 50.]
 [ 2. 20. 35.]
 [16. 44. 29.]
 [ 4. 38.  5.]
 [ 8. 28. 43.]
 [ 2.  4. 45.]
 [10. 40. 19.]
 [ 6. 52. 37.]
 [16. 13. 38.]
 [ 2. 35. 52.]
 [16. 23. 11.]
 [18. 26. 25.]
 [10. 61.  2.]
 [ 1. 51. 19.]
 [ 1. 12.  6.]
 [15.  1. 10.]]","[0.7548069357872009, 0.6963422298431396, 0.6755368113517761, 0.6753425598144531, 0.6598597764968872, 0.6548213362693787, 0.6390092372894287, 0.6113921403884888, 0.5941256284713745, 0.5864282250404358, 0.572949230670929, 0.567680835723877, 0.5041564106941223, 0.4119561016559601, 0.4067856967449188, 0.3293164074420929, 0.3108488619327545]"
F1_N3,train_6bba_t25_p34_isolated,train,6bba_bb9f20c3,25,isolated,0.3,1,21,1,1,1,0.40625,0.40625,0.40625,1,0.40625,1,0.6803244948387146,"[[18. 32.  5.]
 [16. 31. 23.]
 [18.  5. 34.]
 [10. 37. 62.]
 [18. 58.  7.]
 [12. 42. 43.]
 [28. 12. 27.]
 [18. 57. 36.]
 [17. 13. 12.]
 [18. 54. 51.]
 [12. 59.  2.]
 [30. 51. 26.]
 [24. 41. 26.]
 [24.  8.  3.]
 [24. 31. 14.]
 [ 8. 36. 11.]
 [ 4. 60. 59.]
 [18.  1. 59.]
 [24.  1. 44.]
 [31. 59. 11.]
 [15. 49. 62.]]","[0.682020902633667, 0.6803244948387146, 0.6568760275840759, 0.6364073157310486, 0.6056659817695618, 0.5990564823150635, 0.5969353318214417, 0.5828580856323242, 0.5652679204940796, 0.561558187007904, 0.5523310899734497, 0.5409250855445862, 0.5325148105621338, 0.5294358134269714, 0.5262711644172668, 0.47827479243278503, 0.4607067406177521, 0.4110971689224243, 0.39320114254951477, 0.3913465738296509, 0.3339329957962036]"
F1_N3,train_6bba_t25_p35_isolated,train,6bba_bb9f20c3,25,isolated,0.3,1,20,0,1,1,1.21875,1.21875,1.21875,1,1.21875,1,0.7047079801559448,"[[ 6. 39. 34.]
 [ 6. 47. 32.]
 [ 8. 11. 39.]
 [ 8. 19. 10.]
 [ 6. 41.  4.]
 [12. 29.  8.]
 [18. 38. 13.]
 [12. 57. 11.]
 [ 6. 27. 60.]
 [ 2. 11. 18.]
 [ 4. 28. 53.]
 [16.  4. 23.]
 [10. 62. 57.]
 [ 2.  7. 42.]
 [ 1. 11. 59.]
 [ 2. 60.  5.]
 [ 4. 63. 61.]
 [ 6.  1. 34.]
 [ 4.  1.  4.]
 [ 6. 63. 43.]]","[0.7141185998916626, 0.7047079801559448, 0.6589652895927429, 0.6393957734107971, 0.6377260684967041, 0.6270742416381836, 0.6125317811965942, 0.5996356010437012, 0.5985562205314636, 0.5985493659973145, 0.5822781920433044, 0.5816404819488525, 0.5641924738883972, 0.5505638122558594, 0.465590238571167, 0.4457385241985321, 0.43518221378326416, 0.39396417140960693, 0.35791662335395813, 0.3438692092895508]"
F1_N3,train_6bba_t15_p36_isolated,train,6bba_bb9f20c3,15,isolated,0.3,1,24,0,0,0,3.275292158126831,3.275292158126831,,0,,0,,"[[ 4. 42. 51.]
 [20. 28. 25.]
 [10. 38. 21.]
 [ 4. 43.  4.]
 [22. 46. 11.]
 [14. 33. 32.]
 [ 6. 19. 32.]
 [ 2. 17. 52.]
 [18. 52. 25.]
 [10. 38. 57.]
 [16. 10. 11.]
 [ 6. 59. 22.]
 [ 6.  5. 14.]
 [12.  1. 16.]
 [14. 40.  5.]
 [24.  4. 37.]
 [ 2. 60. 31.]
 [ 4. 62. 53.]
 [10. 62. 51.]
 [12. 62. 15.]
 [ 8. 60.  5.]
 [27. 34.  1.]
 [12.  1. 51.]
 [16. 28. 63.]]","[0.6527742743492126, 0.6334201693534851, 0.6328662633895874, 0.6144575476646423, 0.597102165222168, 0.5848377346992493, 0.5822812914848328, 0.571518063545227, 0.5672802329063416, 0.5444509387016296, 0.5233393311500549, 0.5153588056564331, 0.5145885348320007, 0.4974617063999176, 0.49635618925094604, 0.4937290847301483, 0.47444021701812744, 0.47169825434684753, 0.4509352147579193, 0.43309926986694336, 0.41048896312713623, 0.3188501000404358, 0.30474114418029785, 0.30165982246398926]"
F1_N3,train_6bba_t50_p37_isolated,train,6bba_bb9f20c3,50,isolated,0.3,1,21,0,1,1,1.21875,1.21875,1.21875,1,1.21875,1,0.6868797540664673,"[[16. 37.  4.]
 [14.  5. 20.]
 [18.  6. 33.]
 [ 6. 53. 38.]
 [ 4. 51. 18.]
 [16. 32. 35.]
 [16. 59. 10.]
 [ 6. 35. 54.]
 [10. 51.  4.]
 [14. 52. 45.]
 [ 8. 32. 35.]
 [12. 54. 31.]
 [11. 22. 27.]
 [12.  1. 52.]
 [12. 27. 62.]
 [24.  7.  2.]
 [16.  7. 62.]
 [16. 12.  3.]
 [ 9. 61. 62.]
 [ 2. 28. 29.]
 [ 2. 63. 61.]]","[0.8027803301811218, 0.7549154758453369, 0.7172337174415588, 0.7082406878471375, 0.6899442672729492, 0.6868797540664673, 0.6842339038848877, 0.6836512088775635, 0.6721408367156982, 0.6695419549942017, 0.661846935749054, 0.6334675550460815, 0.6220589280128479, 0.619142472743988, 0.5876591801643372, 0.5409420728683472, 0.5144158005714417, 0.5055317878723145, 0.4887045621871948, 0.4346814453601837, 0.39635440707206726]"
F1_N3,train_6bba_t50_p38_isolated,train,6bba_bb9f20c3,50,isolated,0.3,1,24,1,1,1,0.40625,0.40625,0.40625,1,0.40625,1,0.7360313534736633,"[[ 6. 31. 32.]
 [ 8.  8. 31.]
 [20. 44.  7.]
 [18. 59. 32.]
 [10. 50. 19.]
 [18. 29. 37.]
 [12. 49. 52.]
 [ 2. 46. 53.]
 [12. 18. 15.]
 [14.  8. 37.]
 [12. 33. 44.]
 [18. 26. 17.]
 [18. 61. 59.]
 [ 8. 45.  8.]
 [ 7. 29. 60.]
 [16. 16. 59.]
 [ 2. 49. 32.]
 [14. 62.  7.]
 [15. 21.  6.]
 [12. 62. 49.]
 [ 8.  1. 52.]
 [24. 63.  7.]
 [ 7. 63. 41.]
 [21.  1. 30.]]","[0.7360313534736633, 0.641953706741333, 0.6409559845924377, 0.6309219598770142, 0.6022359728813171, 0.584967851638794, 0.5838560461997986, 0.5825941562652588, 0.5824229121208191, 0.5800130367279053, 0.552444338798523, 0.5465076565742493, 0.5266209840774536, 0.5242003202438354, 0.5240551829338074, 0.5139210224151611, 0.4925214648246765, 0.4885837733745575, 0.4730624258518219, 0.39395084977149963, 0.38481613993644714, 0.3380669355392456, 0.31646662950515747, 0.30730175971984863]"
F1_N3,train_6bba_t30_p39_isolated,train,6bba_bb9f20c3,30,isolated,0.3,1,23,1,1,1,0.40625,0.40625,0.40625,1,0.40625,1,0.7305999398231506,"[[12. 31. 32.]
 [12. 49. 34.]
 [ 4. 48. 21.]
 [18. 28. 31.]
 [18. 32.  7.]
 [12. 27. 60.]
 [20. 56. 23.]
 [ 2. 52. 53.]
 [ 8. 33. 48.]
 [18.  1. 46.]
 [16. 45. 60.]
 [ 3. 24. 55.]
 [12.  8. 21.]
 [22. 15. 50.]
 [ 8.  1. 34.]
 [22. 37. 50.]
 [15. 52.  5.]
 [18.  5. 10.]
 [ 9. 33. 20.]
 [10. 63. 17.]
 [ 3. 62.  4.]
 [ 8. 47. 62.]
 [ 6. 61. 60.]]","[0.7305999398231506, 0.6510622501373291, 0.6440068483352661, 0.63404381275177, 0.625217080116272, 0.5881380438804626, 0.5802680253982544, 0.5599571466445923, 0.5563734769821167, 0.5522570013999939, 0.5472367405891418, 0.5426290035247803, 0.5337609648704529, 0.5138123631477356, 0.5135763883590698, 0.5112854838371277, 0.5078385472297668, 0.4848441183567047, 0.4530622065067291, 0.45049312710762024, 0.36876147985458374, 0.35109132528305054, 0.3477669060230255]"
F1_N3,train_6bba_t20_p40_boundary,train,6bba_bb9f20c3,20,boundary,0.3,1,24,1,1,1,0.40625,0.40625,0.40625,1,0.40625,1,0.6057239770889282,"[[10. 38. 29.]
 [24.  9. 24.]
 [ 8. 32. 51.]
 [16. 14. 17.]
 [14. 56. 47.]
 [ 4. 58. 51.]
 [12. 45. 62.]
 [ 4. 13.  3.]
 [30. 40.  7.]
 [28. 47. 14.]
 [22. 42.  5.]
 [22. 27.  5.]
 [ 6. 62. 29.]
 [16. 57.  4.]
 [14. 54. 31.]
 [20.  1.  8.]
 [14. 14.  5.]
 [30. 62.  5.]
 [16.  1. 38.]
 [ 6. 33.  6.]
 [ 6. 17. 29.]
 [21.  1. 38.]
 [ 2. 31. 44.]
 [ 8. 63.  4.]]","[0.6496638655662537, 0.6466414332389832, 0.6263889670372009, 0.6057239770889282, 0.5920285582542419, 0.5856274366378784, 0.5836600065231323, 0.5820333361625671, 0.5736528038978577, 0.561943769454956, 0.5521858334541321, 0.5515987873077393, 0.5489599704742432, 0.5402637124061584, 0.52498459815979, 0.5247821807861328, 0.5067834854125977, 0.45827582478523254, 0.43178772926330566, 0.41120612621307373, 0.3914194107055664, 0.37542495131492615, 0.369300901889801, 0.35699594020843506]"
F1_N3,train_6bba_t55_p41_boundary,train,6bba_bb9f20c3,55,boundary,0.3,1,17,0,0,0,4.614112854003906,4.614112854003906,,0,,0,,"[[ 4. 43. 11.]
 [ 8. 33. 52.]
 [10.  6. 13.]
 [ 4. 25. 30.]
 [ 6.  4. 37.]
 [16. 12. 43.]
 [18. 11. 28.]
 [ 1. 45. 40.]
 [ 2. 61.  2.]
 [ 0. 63. 25.]
 [ 2.  8.  7.]
 [ 0. 29. 62.]
 [12. 61.  4.]
 [ 2.  1. 60.]
 [ 2.  1. 10.]
 [12. 60. 22.]
 [ 4. 63. 41.]]","[0.7866858839988708, 0.7348255515098572, 0.7190449237823486, 0.7185097336769104, 0.7117917537689209, 0.6978490948677063, 0.6664355397224426, 0.6022002100944519, 0.5374625325202942, 0.4802745580673218, 0.4053109884262085, 0.40200820565223694, 0.3997236490249634, 0.38848334550857544, 0.3777385652065277, 0.3588728904724121, 0.30331891775131226]"
F1_N3,train_6bba_t15_p42_boundary,train,6bba_bb9f20c3,15,boundary,0.3,1,21,1,1,1,0.40625,0.40625,0.40625,1,0.40625,1,0.7319773435592651,"[[16.  5. 22.]
 [ 6. 50. 49.]
 [14. 10.  7.]
 [22. 32.  5.]
 [ 8. 51. 26.]
 [12. 26. 31.]
 [22. 10. 32.]
 [ 8. 23. 58.]
 [10. 41. 62.]
 [16. 30. 39.]
 [16. 50.  3.]
 [ 8. 62.  4.]
 [28. 50.  5.]
 [ 6. 11.  4.]
 [12. 58. 21.]
 [14. 59. 48.]
 [14. 42. 33.]
 [18. 48. 19.]
 [ 2. 25. 48.]
 [26.  1.  7.]
 [ 2. 53. 17.]]","[0.7319773435592651, 0.7139348983764648, 0.6897735595703125, 0.6817001700401306, 0.6304292678833008, 0.6257358193397522, 0.6114339828491211, 0.6067110896110535, 0.5922200679779053, 0.5736660957336426, 0.5580577254295349, 0.5515615344047546, 0.5478976368904114, 0.5246313214302063, 0.513730525970459, 0.4857839047908783, 0.4823412001132965, 0.47503069043159485, 0.4572696387767792, 0.4068482220172882, 0.37617769837379456]"
F1_N3,train_6bba_t55_p43_boundary,train,6bba_bb9f20c3,55,boundary,0.3,1,25,0,1,1,1.6750116348266602,1.6750116348266602,1.6750116348266602,1,1.6750116348266602,1,0.6157084107398987,"[[18. 35.  4.]
 [10. 23. 44.]
 [ 2. 32. 33.]
 [ 4.  5. 33.]
 [10. 52.  7.]
 [14.  7. 54.]
 [ 8. 40. 25.]
 [10. 41. 53.]
 [ 4. 15. 59.]
 [14. 20. 17.]
 [10.  1. 16.]
 [16. 18. 29.]
 [12. 39. 38.]
 [ 2. 37. 60.]
 [ 4. 50.  5.]
 [ 6. 57. 42.]
 [ 4.  1. 52.]
 [16. 58. 53.]
 [ 8. 21. 34.]
 [18. 11. 14.]
 [16. 44. 37.]
 [20. 62.  7.]
 [12.  1.  4.]
 [ 1. 58. 57.]
 [ 6. 56. 63.]]","[0.6715487837791443, 0.6453908681869507, 0.6157084107398987, 0.6031505465507507, 0.6029676795005798, 0.5999101996421814, 0.5977588295936584, 0.5900835990905762, 0.5759503245353699, 0.569517195224762, 0.5501507520675659, 0.5451695322990417, 0.5433182120323181, 0.5345683693885803, 0.533737301826477, 0.514539897441864, 0.4899436831474304, 0.4863043427467346, 0.4838846027851105, 0.47297677397727966, 0.4658968150615692, 0.45784053206443787, 0.4194483458995819, 0.3290797173976898, 0.3096935451030731]"
F1_N3,train_44b6_t40_p01_crowded,train,44b6_d29c9ab2,40,crowded,0.3,2,31,0,2,2,1.6992921829223633,1.6992921829223633,1.6992921829223633,2,1.6992921829223633,2,0.5645647644996643,"[[18. 29.  4.]
 [12. 15. 38.]
 [18. 53. 40.]
 [ 8. 30. 29.]
 [24. 38. 27.]
 [ 2. 32. 31.]
 [12. 54. 39.]
 [22. 27. 62.]
 [28. 20. 21.]
 [20.  1. 53.]
 [ 6. 14. 55.]
 [ 2. 51. 26.]
 [18. 15. 42.]
 [26. 27. 46.]
 [28. 55. 46.]
 [22. 45. 60.]
 [22. 15. 18.]
 [ 6. 23.  2.]
 [14. 33. 32.]
 [30. 17. 62.]
 [22. 63. 27.]
 [23.  4. 23.]
 [ 7. 62. 29.]
 [26. 47.  4.]
 [31. 43. 62.]
 [10. 13.  1.]
 [30. 42. 15.]
 [24. 63. 61.]
 [ 5. 44. 63.]
 [10.  1. 52.]
 [ 8.  1. 16.]]","[0.7056564092636108, 0.6633565425872803, 0.6531774401664734, 0.6388923525810242, 0.6360139846801758, 0.6322079300880432, 0.6217750906944275, 0.6152831315994263, 0.6151862144470215, 0.6122861504554749, 0.5852998495101929, 0.5832496285438538, 0.5749667286872864, 0.574043333530426, 0.5732477307319641, 0.5375081300735474, 0.5360445976257324, 0.5262239575386047, 0.5139433145523071, 0.48713818192481995, 0.47321876883506775, 0.45837754011154175, 0.44579800963401794, 0.433501273393631, 0.4284767806529999, 0.4052491784095764, 0.39931753277778625, 0.3663035035133362, 0.36281147599220276, 0.35650965571403503, 0.33007121086120605]"
F1_N3,train_44b6_t45_p02_crowded,train,44b6_d29c9ab2,45,crowded,0.3,2,26,1,1,2,1.0357383489608765,1.0357383489608765,0.0,1,1.0357383489608765,2,0.7346786856651306,"[[24. 17. 38.]
 [16. 49. 32.]
 [ 6. 13. 22.]
 [30. 19. 22.]
 [20. 38. 23.]
 [22. 12. 11.]
 [30. 40.  9.]
 [20. 37.  3.]
 [ 8. 36. 33.]
 [16.  5. 41.]
 [30. 21. 50.]
 [ 2. 37. 12.]
 [28. 52. 43.]
 [14. 42. 51.]
 [28. 58. 17.]
 [14. 56.  7.]
 [20. 26. 57.]
 [30.  1. 22.]
 [14. 35.  2.]
 [10. 62. 35.]
 [ 3. 62. 15.]
 [ 2. 12.  4.]
 [31. 37. 60.]
 [20. 63. 61.]
 [31. 49. 62.]
 [27.  1. 36.]]","[0.744518518447876, 0.7346786856651306, 0.7167218327522278, 0.6954073905944824, 0.6925995349884033, 0.6729550361633301, 0.672618567943573, 0.6708241105079651, 0.6623769402503967, 0.6614393591880798, 0.6498066782951355, 0.6446356773376465, 0.602950930595398, 0.6004202961921692, 0.5719324946403503, 0.5670861601829529, 0.5517386794090271, 0.5452367067337036, 0.5279345512390137, 0.5262816548347473, 0.49815893173217773, 0.40403062105178833, 0.3971129059791565, 0.384121835231781, 0.37307143211364746, 0.3203599452972412]"
F1_N3,train_44b6_t55_p03_crowded,train,44b6_d29c9ab2,55,crowded,0.3,3,25,2,3,3,0.6937538782755533,0.40625,0.6937538782755533,3,0.6937538782755533,3,0.609875500202179,"[[20.  8. 13.]
 [ 6. 12. 49.]
 [16. 31. 32.]
 [28. 46.  7.]
 [ 8. 52. 49.]
 [ 4. 24.  9.]
 [26. 20. 29.]
 [16. 37.  8.]
 [16. 53. 27.]
 [18. 20. 49.]
 [30. 36. 43.]
 [30. 10. 27.]
 [ 4. 48.  7.]
 [ 6. 39. 22.]
 [ 8. 25. 30.]
 [22. 44. 17.]
 [30. 16. 61.]
 [22.  9. 40.]
 [ 4.  1. 28.]
 [26.  1. 59.]
 [ 2.  9. 62.]
 [30. 62. 47.]
 [28.  1. 46.]
 [18. 21. 62.]
 [ 6. 63. 39.]]","[0.6989684700965881, 0.6742931008338928, 0.6524757146835327, 0.6486465930938721, 0.6374937891960144, 0.6347432136535645, 0.6308837532997131, 0.6292096972465515, 0.6248423457145691, 0.6216994524002075, 0.6023582816123962, 0.6021851301193237, 0.6019230484962463, 0.5883579254150391, 0.5747925043106079, 0.5555111169815063, 0.5502978563308716, 0.538591206073761, 0.5102154016494751, 0.5048196315765381, 0.5000895261764526, 0.4930861294269562, 0.4258701503276825, 0.37732502818107605, 0.32040199637413025]"
F1_N3,train_44b6_t40_p04_crowded,train,44b6_d29c9ab2,40,crowded,0.3,3,24,3,3,3,0.40625,0.40625,0.40625,3,0.40625,3,0.6952566305796305,"[[ 4. 33. 28.]
 [16. 33. 32.]
 [10. 49. 40.]
 [16. 11. 37.]
 [10. 18.  5.]
 [12. 37. 12.]
 [ 8.  6. 59.]
 [ 6. 11. 12.]
 [12. 38. 55.]
 [ 6. 19. 44.]
 [ 2. 34.  9.]
 [ 2. 53. 46.]
 [ 2. 30. 53.]
 [18. 47. 62.]
 [ 6. 54. 13.]
 [16. 53. 10.]
 [12.  1. 20.]
 [12. 55. 62.]
 [22. 23. 60.]
 [ 2. 62. 27.]
 [20.  1. 60.]
 [ 1.  1.  4.]
 [ 4.  1. 46.]
 [ 1. 62. 62.]]","[0.7430618405342102, 0.7273104190826416, 0.6856030225753784, 0.6651826500892639, 0.6524121165275574, 0.6321685910224915, 0.6153976321220398, 0.6150659918785095, 0.6002233028411865, 0.5948387980461121, 0.5947880148887634, 0.5922693610191345, 0.5889749526977539, 0.5647433996200562, 0.5602471828460693, 0.5503522157669067, 0.5391901135444641, 0.5133893489837646, 0.492423415184021, 0.4845455586910248, 0.4687404930591583, 0.43557077646255493, 0.3868810832500458, 0.3318246304988861]"
F1_N3,train_44b6_t15_p05_crowded,train,44b6_d29c9ab2,15,crowded,0.3,3,24,1,2,3,1.23542054494222,1.6750116348266602,0.8375058174133301,2,1.23542054494222,3,0.6325416266918182,"[[16. 32. 35.]
 [20. 53.  8.]
 [24. 41. 30.]
 [20.  9. 18.]
 [28. 11. 12.]
 [24.  4. 43.]
 [28. 38. 31.]
 [26. 39. 60.]
 [12. 27. 52.]
 [ 6. 52. 41.]
 [10. 13. 22.]
 [16. 32.  3.]
 [30. 19. 54.]
 [20. 22. 59.]
 [16.  1. 32.]
 [10. 43. 62.]
 [26. 62. 27.]
 [12. 46. 25.]
 [28. 54. 57.]
 [17. 62. 61.]
 [ 6. 55.  1.]
 [ 2. 44. 17.]
 [ 6. 63. 25.]
 [ 1. 63.  4.]]","[0.7066708207130432, 0.6955963373184204, 0.685083270072937, 0.6812015175819397, 0.6565852761268616, 0.6544110774993896, 0.6514191031455994, 0.6368873119354248, 0.6311410665512085, 0.6242293119430542, 0.618272602558136, 0.6113065481185913, 0.5913365483283997, 0.5854660272598267, 0.5728033185005188, 0.5584124326705933, 0.5525075793266296, 0.5377438068389893, 0.5079922676086426, 0.4859779477119446, 0.4595440924167633, 0.43285495042800903, 0.41232046484947205, 0.3397684395313263]"
F1_N3,train_44b6_t20_p06_crowded,train,44b6_d29c9ab2,20,crowded,0.3,2,30,2,2,2,0.203125,0.203125,0.203125,2,0.203125,2,0.6754451990127563,"[[ 4. 40. 38.]
 [20. 27. 44.]
 [10. 27. 24.]
 [18. 50. 45.]
 [ 2. 33.  6.]
 [24.  5.  6.]
 [22.  1. 52.]
 [24. 47. 59.]
 [12.  4. 37.]
 [16. 27. 32.]
 [30. 26. 43.]
 [26. 21. 26.]
 [ 6.  4. 19.]
 [ 8. 50.  3.]
 [26. 45. 25.]
 [14. 52. 29.]
 [28. 40.  9.]
 [28.  5. 42.]
 [18.  5. 39.]
 [24. 25. 62.]
 [24. 63.  7.]
 [23. 62. 23.]
 [30. 59. 36.]
 [14. 49. 63.]
 [ 9. 63. 55.]
 [ 9. 63. 29.]
 [ 1. 62.  4.]
 [22. 27.  1.]
 [31. 13. 20.]
 [21. 63. 49.]]","[0.7232425212860107, 0.7171305418014526, 0.7095739841461182, 0.7066771388053894, 0.6773186922073364, 0.6549835801124573, 0.6522576808929443, 0.6485546231269836, 0.6346341371536255, 0.6337598562240601, 0.6330887079238892, 0.630059540271759, 0.6298060417175293, 0.6231626272201538, 0.6152690649032593, 0.5900953412055969, 0.5486798882484436, 0.5455560088157654, 0.5288276672363281, 0.5200963616371155, 0.4729788303375244, 0.43016332387924194, 0.41146835684776306, 0.39643898606300354, 0.38442933559417725, 0.3706502318382263, 0.36035075783729553, 0.3476913273334503, 0.33557721972465515, 0.32799649238586426]"
F1_N3,train_44b6_t40_p07_crowded,train,44b6_d29c9ab2,40,crowded,0.3,2,22,1,2,2,1.04063081741333,1.04063081741333,1.04063081741333,2,1.04063081741333,2,0.6228519976139069,"[[ 4. 50.  5.]
 [12. 17. 46.]
 [24. 13. 52.]
 [26. 27. 20.]
 [24. 41. 46.]
 [18. 14. 45.]
 [10. 41. 31.]
 [30. 52.  3.]
 [22. 32. 33.]
 [16. 32. 33.]
 [18. 51. 26.]
 [20.  1. 14.]
 [30. 14. 35.]
 [30. 23. 12.]
 [10. 58. 13.]
 [ 4. 38. 25.]
 [23. 62. 37.]
 [30. 57. 24.]
 [30. 53. 62.]
 [24. 58.  9.]
 [31. 33. 53.]
 [ 9. 63. 41.]]","[0.7082926034927368, 0.6955869793891907, 0.6831291317939758, 0.6820966005325317, 0.676254153251648, 0.6696913838386536, 0.6407400965690613, 0.6348856091499329, 0.6308279037475586, 0.6148760914802551, 0.5909945964813232, 0.5696128606796265, 0.5637461543083191, 0.5602970123291016, 0.5510733127593994, 0.5496801733970642, 0.4799403250217438, 0.47571247816085815, 0.47239378094673157, 0.4531569182872772, 0.38982123136520386, 0.3175780475139618]"
F1_N3,train_44b6_t50_p08_crowded,train,44b6_d29c9ab2,50,crowded,0.3,3,31,2,3,3,0.8291705449422201,0.8125,0.8291705449422201,3,0.8291705449422201,3,0.6715037624041239,"[[24. 28. 47.]
 [ 8. 21. 46.]
 [16. 32. 46.]
 [12. 42.  3.]
 [18.  6. 23.]
 [20. 17.  4.]
 [26. 48. 59.]
 [14. 52. 50.]
 [24. 43.  2.]
 [14. 30. 21.]
 [ 2. 21. 31.]
 [28.  1. 40.]
 [ 6. 42. 45.]
 [ 4. 41. 20.]
 [20.  8. 53.]
 [16. 17. 62.]
 [26. 29. 20.]
 [20. 45. 28.]
 [30. 31. 48.]
 [12.  1.  6.]
 [26.  1.  9.]
 [20. 62.  9.]
 [14. 62. 23.]
 [30. 39. 14.]
 [ 6. 11. 62.]
 [ 6.  6.  2.]
 [28. 50. 13.]
 [10. 63.  5.]
 [12. 53. 63.]
 [22. 63. 59.]
 [31. 54. 63.]]","[0.7550036907196045, 0.7303198575973511, 0.7104671001434326, 0.7063392400741577, 0.6920320987701416, 0.6799532771110535, 0.6734995245933533, 0.6569210290908813, 0.6322517395019531, 0.6267634034156799, 0.6226886510848999, 0.6035909056663513, 0.600750207901001, 0.586147129535675, 0.5816299319267273, 0.5771331787109375, 0.5761304497718811, 0.574407160282135, 0.5737243294715881, 0.5726417303085327, 0.5601885914802551, 0.5167409777641296, 0.5160502791404724, 0.5055065155029297, 0.4966224133968353, 0.4961868226528168, 0.4628228545188904, 0.39768046140670776, 0.3830658197402954, 0.37073227763175964, 0.338882178068161]"
F1_N3,train_44b6_t10_p09_crowded,train,44b6_d29c9ab2,10,crowded,0.3,2,24,1,2,2,0.8125,0.8125,0.8125,2,0.8125,2,0.7038909792900085,"[[16. 23. 32.]
 [10. 19. 16.]
 [ 6. 48. 33.]
 [26. 13. 52.]
 [14. 46. 35.]
 [22. 23. 25.]
 [12. 48. 15.]
 [26. 56. 43.]
 [ 4. 27. 44.]
 [18. 51. 14.]
 [18. 47. 60.]
 [14.  7. 45.]
 [ 4. 52. 51.]
 [20.  7. 62.]
 [26. 13. 20.]
 [20. 27. 62.]
 [ 8.  1.  7.]
 [18.  1. 22.]
 [30. 34. 57.]
 [14. 62. 61.]
 [22. 39.  1.]
 [21. 63. 47.]
 [ 8. 63. 13.]
 [10. 24. 63.]]","[0.7284388542175293, 0.7212205529212952, 0.7061154842376709, 0.6882471442222595, 0.6861845850944519, 0.6833610534667969, 0.6799924373626709, 0.6793431043624878, 0.678007185459137, 0.6646395921707153, 0.646013617515564, 0.6399112343788147, 0.6253094673156738, 0.5919700264930725, 0.5825204253196716, 0.5763919353485107, 0.5586839914321899, 0.5384931564331055, 0.4958452582359314, 0.49571099877357483, 0.46580955386161804, 0.450573593378067, 0.4027425944805145, 0.3506718873977661]"
F1_N3,train_44b6_t30_p10_crowded,train,44b6_d29c9ab2,30,crowded,0.3,3,31,3,3,3,0.2708333333333333,0.40625,0.2708333333333333,3,0.2708333333333333,3,0.6897773742675781,"[[16. 33. 32.]
 [18. 17. 53.]
 [24. 10. 29.]
 [18.  8. 31.]
 [26. 30. 25.]
 [16. 29. 10.]
 [ 6. 14. 25.]
 [30. 16. 37.]
 [20. 52. 15.]
 [ 8. 25. 46.]
 [24. 43.  2.]
 [ 4. 50.  5.]
 [10. 48. 15.]
 [26.  1. 49.]
 [24. 34. 37.]
 [30. 12. 59.]
 [12. 19.  2.]
 [24. 57. 43.]
 [14. 62. 39.]
 [ 6. 55. 62.]
 [18. 43. 62.]
 [ 6.  1. 48.]
 [13. 62. 25.]
 [ 2. 36. 37.]
 [ 2. 62. 37.]
 [ 2.  1.  4.]
 [28. 51. 16.]
 [ 1. 25. 18.]
 [ 1. 63. 13.]
 [26. 62.  5.]
 [17. 60. 63.]]","[0.7423218488693237, 0.7142699360847473, 0.7000607848167419, 0.6954699754714966, 0.6912208795547485, 0.682451605796814, 0.6762949228286743, 0.6744030117988586, 0.6560916304588318, 0.652607262134552, 0.6452731490135193, 0.6446087956428528, 0.631838858127594, 0.6314497590065002, 0.6298623085021973, 0.6220359206199646, 0.6207625865936279, 0.619816780090332, 0.6023605465888977, 0.5753779411315918, 0.5554774403572083, 0.5487728714942932, 0.5353943109512329, 0.534151017665863, 0.5046877861022949, 0.5044201016426086, 0.41061320900917053, 0.366213858127594, 0.355523020029068, 0.3359188437461853, 0.33478066325187683]"
F1_N3,train_44b6_t35_p11_crowded,train,44b6_d29c9ab2,35,crowded,0.3,4,27,3,4,4,0.6639464795589447,0.4903871417045593,0.6639464795589447,4,0.6639464795589447,4,0.700109452009201,"[[10. 50. 39.]
 [24. 40. 19.]
 [14. 31. 28.]
 [20. 53. 52.]
 [16. 33. 50.]
 [20. 51.  5.]
 [14. 27.  4.]
 [ 2. 44. 23.]
 [30. 14. 59.]
 [ 2. 28.  3.]
 [10. 48. 13.]
 [14. 11. 42.]
 [26. 28. 37.]
 [20. 34. 11.]
 [ 2. 18. 31.]
 [ 4. 49. 51.]
 [18.  9. 62.]
 [22. 15. 20.]
 [24.  1. 48.]
 [28.  1. 22.]
 [26. 62. 61.]
 [30. 39. 52.]
 [ 1. 63. 37.]
 [ 2. 42. 63.]
 [18.  1. 32.]
 [14. 61. 62.]
 [10. 60. 63.]]","[0.7810657620429993, 0.7586531043052673, 0.7362592220306396, 0.7293532490730286, 0.7131639122962952, 0.6995421051979065, 0.6868529319763184, 0.6862197518348694, 0.6681742072105408, 0.6432145833969116, 0.6424010396003723, 0.6246859431266785, 0.6094562411308289, 0.5966326594352722, 0.5868934392929077, 0.586279034614563, 0.5847784280776978, 0.5830220580101013, 0.5487815141677856, 0.5289539694786072, 0.5005410313606262, 0.4873502552509308, 0.4263826608657837, 0.4146817922592163, 0.3664831221103668, 0.3597157299518585, 0.35144785046577454]"
F1_N3,train_44b6_t45_p12_crowded,train,44b6_d29c9ab2,45,crowded,0.3,2,25,1,2,2,1.04063081741333,1.04063081741333,1.04063081741333,2,1.04063081741333,2,0.6385752856731415,"[[10. 24. 51.]
 [10. 35. 28.]
 [20. 14. 43.]
 [20. 49. 26.]
 [24. 36. 39.]
 [ 6. 35. 20.]
 [26.  9. 48.]
 [16. 31. 32.]
 [30. 50.  3.]
 [10. 57. 14.]
 [ 2. 52.  3.]
 [28. 29. 18.]
 [24. 62. 43.]
 [20.  1. 14.]
 [30. 62. 23.]
 [24. 62. 11.]
 [26. 43. 59.]
 [30. 12. 33.]
 [28.  1. 14.]
 [ 8. 63. 41.]
 [30. 34. 57.]
 [31. 48. 29.]
 [31. 23. 31.]
 [26. 33.  3.]
 [31. 58. 59.]]","[0.7423544526100159, 0.7373997569084167, 0.6771571636199951, 0.6707423329353333, 0.6570495367050171, 0.6423963904380798, 0.6285058856010437, 0.6201010346412659, 0.6200268864631653, 0.5932032465934753, 0.5816798210144043, 0.5708162784576416, 0.5594601631164551, 0.5583999752998352, 0.5217149257659912, 0.4992225468158722, 0.49379661679267883, 0.482072114944458, 0.4522426724433899, 0.4206046164035797, 0.40689435601234436, 0.38978999853134155, 0.3852253556251526, 0.328829288482666, 0.3197344243526459]"
F1_N3,train_44b6_t25_p13_crowded,train,44b6_d29c9ab2,25,crowded,0.3,2,22,2,2,2,0.203125,0.203125,0.203125,2,0.203125,2,0.6382245421409607,"[[10. 33. 25.]
 [ 2. 35.  8.]
 [12. 14. 43.]
 [24. 22. 59.]
 [16. 32. 33.]
 [26. 46. 53.]
 [ 6. 44. 37.]
 [18. 52. 37.]
 [22. 37. 41.]
 [14. 55. 20.]
 [22.  1. 47.]
 [28. 19.  2.]
 [26. 27. 22.]
 [30. 11. 40.]
 [24. 47. 14.]
 [ 8. 59.  4.]
 [28. 53.  6.]
 [30. 30. 39.]
 [ 1. 63. 15.]
 [12. 54. 63.]
 [14.  1.  4.]
 [21. 63.  5.]]","[0.7408522963523865, 0.7124760746955872, 0.6946631073951721, 0.6671181917190552, 0.6491742730140686, 0.6465966701507568, 0.6363397240638733, 0.6302205324172974, 0.6272748112678528, 0.5997434258460999, 0.5977882146835327, 0.5878080129623413, 0.580498993396759, 0.5749340653419495, 0.564470112323761, 0.5485344529151917, 0.5148717164993286, 0.4908750653266907, 0.37807968258857727, 0.36804041266441345, 0.36067450046539307, 0.3008396029472351]"
F1_N3,train_44b6_t10_p14_crowded,train,44b6_d29c9ab2,10,crowded,0.3,2,27,2,2,2,0.40625,0.40625,0.40625,2,0.40625,2,0.6652089953422546,"[[14. 36. 25.]
 [22. 11. 44.]
 [ 6. 35. 12.]
 [24. 36. 59.]
 [10. 12. 21.]
 [28. 50. 29.]
 [16.  9. 32.]
 [22. 23.  8.]
 [20. 53.  8.]
 [ 4. 19. 28.]
 [18. 57. 40.]
 [28. 11. 12.]
 [28. 20. 39.]
 [10. 53. 42.]
 [ 6. 55.  9.]
 [18. 30. 45.]
 [12. 55. 12.]
 [26. 45. 41.]
 [28.  1. 37.]
 [ 2. 62.  3.]
 [21. 53. 62.]
 [31. 41. 52.]
 [24.  1.  4.]
 [ 1. 46.  1.]
 [14. 27. 63.]
 [11. 20. 63.]
 [24. 13. 63.]]","[0.7479702830314636, 0.693693220615387, 0.6818332076072693, 0.668242335319519, 0.661615788936615, 0.6450638771057129, 0.6367247700691223, 0.6319597363471985, 0.6278870105743408, 0.61770099401474, 0.6097640991210938, 0.5940250754356384, 0.5903480052947998, 0.5820315480232239, 0.5579317212104797, 0.5559213757514954, 0.5239923596382141, 0.46807822585105896, 0.42328593134880066, 0.3919515311717987, 0.39184024930000305, 0.3843168616294861, 0.37744322419166565, 0.3579150438308716, 0.3451756536960602, 0.3338397145271301, 0.32211431860923767]"
F1_N3,train_44b6_t25_p15_crowded,train,44b6_d29c9ab2,25,crowded,0.3,4,21,3,4,4,0.6639464795589447,0.4903871417045593,0.6639464795589447,4,0.6639464795589447,4,0.6696000099182129,"[[10. 29. 36.]
 [20. 44. 21.]
 [12. 17. 18.]
 [16. 32. 59.]
 [ 2. 32. 39.]
 [18. 44. 45.]
 [24. 16. 23.]
 [14.  9. 54.]
 [10. 46. 19.]
 [26. 18. 49.]
 [22.  5. 46.]
 [16. 54.  7.]
 [ 2. 24. 15.]
 [ 2. 55.  2.]
 [12. 54. 51.]
 [ 2.  9. 31.]
 [30. 34. 59.]
 [22. 60.  2.]
 [18. 62. 41.]
 [ 1. 62. 49.]
 [ 9. 63. 51.]]","[0.7482128739356995, 0.7226219773292542, 0.7028626203536987, 0.687333881855011, 0.6803908944129944, 0.6710846424102783, 0.6690855622291565, 0.6473451852798462, 0.6415897011756897, 0.6393354535102844, 0.6323822140693665, 0.5890927910804749, 0.5680829286575317, 0.56352299451828, 0.5596081018447876, 0.5584027767181396, 0.5572200417518616, 0.5032012462615967, 0.4931858479976654, 0.41036754846572876, 0.39665210247039795]"
F1_N3,train_44b6_t30_p16_crowded,train,44b6_d29c9ab2,30,crowded,0.3,2,22,2,2,2,0.40625,0.40625,0.40625,2,0.40625,2,0.6177559792995453,"[[ 4. 33. 30.]
 [20. 43. 50.]
 [18. 47.  4.]
 [24. 14.  2.]
 [ 6. 15. 44.]
 [ 8. 53. 16.]
 [16. 33. 32.]
 [22. 28. 17.]
 [ 2. 59.  5.]
 [26. 23. 28.]
 [24. 51.  2.]
 [20. 21. 52.]
 [16.  1. 41.]
 [10. 30. 27.]
 [12. 17. 46.]
 [14. 46. 23.]
 [28. 17. 48.]
 [26. 62. 43.]
 [28. 51. 24.]
 [30. 11. 30.]
 [17. 63. 35.]
 [12.  1.  4.]]","[0.7110170722007751, 0.7105164527893066, 0.6831216216087341, 0.6827617883682251, 0.6740847826004028, 0.6646065711975098, 0.6517431139945984, 0.6319668292999268, 0.6277259588241577, 0.6178290843963623, 0.6098379492759705, 0.6040889620780945, 0.6029932498931885, 0.5837688446044922, 0.5804093480110168, 0.5599412322044373, 0.5270615816116333, 0.511772871017456, 0.4790252149105072, 0.4317546784877777, 0.4256345331668854, 0.36781781911849976]"
F1_N3,train_44b6_t15_p17_crowded,train,44b6_d29c9ab2,15,crowded,0.3,2,26,2,2,2,0.0,0.0,0.0,2,0.0,2,0.6339040696620941,"[[ 6. 50. 17.]
 [ 4. 29. 32.]
 [22. 24. 43.]
 [10.  5. 26.]
 [12. 27. 24.]
 [24. 43. 60.]
 [22. 40.  5.]
 [16. 49. 28.]
 [24. 55. 34.]
 [22. 17.  2.]
 [26.  8. 29.]
 [30. 30. 15.]
 [16. 21. 32.]
 [28. 34. 33.]
 [18. 41. 42.]
 [30. 59. 48.]
 [20.  1. 36.]
 [10. 62. 59.]
 [22. 62. 59.]
 [31. 19. 50.]
 [24. 19. 62.]
 [30. 63. 33.]
 [10. 63. 39.]
 [ 5. 63.  5.]
 [ 1. 62.  5.]
 [10. 63.  9.]]","[0.7097637057304382, 0.6946620941162109, 0.6696546077728271, 0.6536110043525696, 0.6522936224937439, 0.6492785215377808, 0.6395896077156067, 0.6304513812065125, 0.6261009573936462, 0.6145647168159485, 0.6088079810142517, 0.5992665886878967, 0.5981535315513611, 0.598103404045105, 0.5590735673904419, 0.5495489835739136, 0.5188242197036743, 0.48481664061546326, 0.4703792333602905, 0.46301135420799255, 0.4592476189136505, 0.45166003704071045, 0.4239756166934967, 0.41924047470092773, 0.4049457609653473, 0.3429153561592102]"
F1_N3,train_44b6_t55_p18_crowded,train,44b6_d29c9ab2,55,crowded,0.3,2,25,1,2,2,1.015625,1.015625,1.015625,2,1.015625,2,0.6289817690849304,"[[24.  9. 20.]
 [16. 32. 33.]
 [20. 39. 48.]
 [ 2. 36. 25.]
 [12. 47. 20.]
 [22. 15. 60.]
 [28. 33. 21.]
 [26. 48. 27.]
 [22. 50. 19.]
 [12. 14. 37.]
 [24. 48.  3.]
 [ 4. 19. 40.]
 [18.  1. 48.]
 [22. 27. 10.]
 [26.  1. 46.]
 [10. 27. 26.]
 [16. 55. 44.]
 [ 4. 57. 11.]
 [ 2. 48. 57.]
 [28. 61. 62.]
 [19. 63.  7.]
 [26. 20. 41.]
 [21. 63. 59.]
 [ 5. 59. 62.]
 [ 2. 63. 35.]]","[0.7204607725143433, 0.7029627561569214, 0.6997382640838623, 0.6847476363182068, 0.6698768138885498, 0.6652034521102905, 0.6631196737289429, 0.6440200209617615, 0.6420791149139404, 0.6339477896690369, 0.6183682680130005, 0.5990070700645447, 0.5965353846549988, 0.5944156646728516, 0.5765382051467896, 0.5550007820129395, 0.5514379143714905, 0.5293872356414795, 0.4065628945827484, 0.39978137612342834, 0.36635398864746094, 0.36312100291252136, 0.3435458540916443, 0.3310278654098511, 0.323425829410553]"
F1_N3,train_44b6_t35_p19_crowded,train,44b6_d29c9ab2,35,crowded,0.3,2,23,1,2,2,1.04063081741333,1.04063081741333,1.04063081741333,2,1.04063081741333,2,0.6590734124183655,"[[26. 43. 50.]
 [ 4. 49.  9.]
 [12. 18. 47.]
 [22. 37. 38.]
 [12. 37. 32.]
 [28. 33. 22.]
 [ 6. 42. 31.]
 [16. 33. 32.]
 [26. 19. 58.]
 [20.  3. 14.]
 [22.  1. 44.]
 [30. 53.  2.]
 [18. 53. 30.]
 [22. 50.  7.]
 [18. 17. 49.]
 [14. 56. 15.]
 [30. 62. 33.]
 [30. 25. 11.]
 [23. 63. 39.]
 [31. 18. 37.]
 [ 7. 63. 15.]
 [ 6.  1. 41.]
 [24. 63.  9.]]","[0.7130073308944702, 0.693569004535675, 0.6889775395393372, 0.679507315158844, 0.6773019433021545, 0.6575080156326294, 0.6514193415641785, 0.638639509677887, 0.6162851452827454, 0.6117104291915894, 0.6100457310676575, 0.5679834485054016, 0.561815083026886, 0.547328770160675, 0.5099808573722839, 0.5066637992858887, 0.47913452982902527, 0.4622994363307953, 0.4311977028846741, 0.41962099075317383, 0.4041160047054291, 0.3871448338031769, 0.35500165820121765]"
F1_N3,train_44b6_t35_p20_crowded,train,44b6_d29c9ab2,35,crowded,0.3,2,21,1,1,1,2.0438960790634155,2.0438960790634155,0.8125,1,0.8125,1,0.7285477519035339,"[[26. 36.  7.]
 [20. 13. 20.]
 [18. 34. 39.]
 [24. 53. 42.]
 [10. 20. 25.]
 [12. 46. 33.]
 [20. 13. 54.]
 [26.  1. 40.]
 [20. 27.  4.]
 [16. 42.  5.]
 [28. 35. 48.]
 [ 4. 46. 19.]
 [28. 56. 17.]
 [16. 25. 62.]
 [20. 63. 25.]
 [ 8.  1. 13.]
 [31.  1. 28.]
 [18. 63. 59.]
 [31. 14. 11.]
 [ 6. 18.  1.]
 [24.  4.  4.]]","[0.7653652429580688, 0.7645061612129211, 0.7285477519035339, 0.7193921208381653, 0.7103938460350037, 0.6817035675048828, 0.6760208010673523, 0.675058901309967, 0.6677747964859009, 0.6291369199752808, 0.6077760457992554, 0.5994958281517029, 0.5814611911773682, 0.5224100947380066, 0.5024460554122925, 0.4776735007762909, 0.4542692005634308, 0.4386569857597351, 0.43796297907829285, 0.42539575695991516, 0.3668973743915558]"
F1_N3,train_44b6_t20_p21_crowded,train,44b6_d29c9ab2,20,crowded,0.3,2,22,2,2,2,0.40625,0.40625,0.40625,2,0.40625,2,0.6529839634895325,"[[26. 20. 19.]
 [10. 53. 19.]
 [26. 12. 51.]
 [22. 34. 41.]
 [ 8. 32. 13.]
 [22. 41. 22.]
 [14. 11. 30.]
 [30. 51. 10.]
 [22. 37.  2.]
 [16. 33. 46.]
 [16. 54.  5.]
 [30. 42. 39.]
 [24. 51. 62.]
 [13. 62. 49.]
 [21. 63. 15.]
 [31. 24. 35.]
 [31. 63. 49.]
 [10.  1.  4.]
 [ 3. 37. 19.]
 [27. 35. 62.]
 [ 8. 12. 63.]
 [ 6. 48.  3.]]","[0.7585230469703674, 0.7406242489814758, 0.7193005681037903, 0.7124807834625244, 0.7056480050086975, 0.6791101694107056, 0.6460530757904053, 0.6414399743080139, 0.6285377144813538, 0.6268577575683594, 0.6145563721656799, 0.6026320457458496, 0.5784894824028015, 0.5605794787406921, 0.504337728023529, 0.4400224983692169, 0.42387840151786804, 0.4174787700176239, 0.3976585865020752, 0.38920462131500244, 0.34797996282577515, 0.3010284900665283]"
F1_N3,train_44b6_t30_p22_crowded,train,44b6_d29c9ab2,30,crowded,0.3,2,25,2,2,2,0.203125,0.203125,0.203125,2,0.203125,2,0.6993886530399323,"[[24. 48. 47.]
 [26. 24. 13.]
 [18. 27. 38.]
 [14. 37. 32.]
 [20.  5. 26.]
 [10. 12. 23.]
 [16. 33.  4.]
 [20. 21.  4.]
 [28. 53. 24.]
 [ 2. 42. 19.]
 [28. 25. 52.]
 [ 6. 62.  5.]
 [20.  7. 59.]
 [20. 58. 29.]
 [18. 59. 62.]
 [ 8. 54. 59.]
 [12. 62. 57.]
 [14. 13. 58.]
 [31.  1. 10.]
 [24.  1. 40.]
 [16. 63.  4.]
 [15. 63. 48.]
 [ 2. 14. 32.]
 [ 3. 63. 25.]
 [31. 50. 63.]]","[0.7292463183403015, 0.7230331301689148, 0.7191897630691528, 0.6795875430107117, 0.6762900948524475, 0.6620679497718811, 0.6386799812316895, 0.6322213411331177, 0.6254329085350037, 0.6143269538879395, 0.6117880940437317, 0.5793567895889282, 0.5698439478874207, 0.5682607293128967, 0.5129964351654053, 0.5001038312911987, 0.4522848129272461, 0.4505143463611603, 0.43617716431617737, 0.4309758245944977, 0.4034222960472107, 0.3646601140499115, 0.3605591356754303, 0.3597317039966583, 0.3325537443161011]"
F1_N3,train_44b6_t50_p23_crowded,train,44b6_d29c9ab2,50,crowded,0.3,2,26,1,2,2,1.04063081741333,1.04063081741333,1.04063081741333,2,1.04063081741333,2,0.6806235313415527,"[[24.  6. 45.]
 [16. 47. 16.]
 [10. 46. 37.]
 [28. 27. 12.]
 [12. 24. 57.]
 [ 6. 20. 39.]
 [20. 18. 11.]
 [30.  9. 30.]
 [16. 28. 31.]
 [ 4. 26. 11.]
 [14. 25.  2.]
 [22. 60. 33.]
 [20. 51. 60.]
 [28. 35. 41.]
 [26. 46. 29.]
 [22.  5. 17.]
 [28. 62. 43.]
 [24. 41.  2.]
 [ 4. 54. 19.]
 [20. 55.  2.]
 [20.  1. 62.]
 [ 2. 10.  1.]
 [ 6.  1. 37.]
 [ 8. 55. 62.]
 [31. 17. 62.]
 [15. 63. 47.]]","[0.7141844630241394, 0.7001162171363831, 0.6961615085601807, 0.6940728425979614, 0.6901817321777344, 0.6877086758613586, 0.6821102499961853, 0.676201343536377, 0.6650855541229248, 0.6472241878509521, 0.6217929720878601, 0.6118936538696289, 0.6073963046073914, 0.5902239680290222, 0.5886206030845642, 0.5753834247589111, 0.5718766450881958, 0.5464454889297485, 0.4795713722705841, 0.4730308949947357, 0.4517175555229187, 0.45033779740333557, 0.4373953640460968, 0.43345123529434204, 0.41852208971977234, 0.36744174361228943]"
F1_N3,train_44b6_t40_p24_crowded,train,44b6_d29c9ab2,40,crowded,0.3,2,22,1,2,2,1.1490485072135925,1.1490485072135925,1.1490485072135925,2,1.1490485072135925,2,0.6313078999519348,"[[16. 11. 11.]
 [24. 26. 15.]
 [16. 33. 48.]
 [10. 45.  5.]
 [18.  6. 43.]
 [24.  7. 46.]
 [30. 16. 59.]
 [24. 37. 45.]
 [20. 35. 30.]
 [30. 44. 55.]
 [18. 57. 10.]
 [28.  4.  3.]
 [26.  1. 22.]
 [20. 62. 45.]
 [18.  9. 62.]
 [14. 53. 30.]
 [30. 30. 25.]
 [30. 62. 23.]
 [ 2. 56. 11.]
 [31. 25.  4.]
 [24. 62. 59.]
 [31.  7. 35.]]","[0.7396300435066223, 0.7306795120239258, 0.6803069710731506, 0.6802771091461182, 0.6603383421897888, 0.6419371962547302, 0.641716480255127, 0.6348128914833069, 0.6326136589050293, 0.5887600779533386, 0.582308828830719, 0.5794543027877808, 0.5594388842582703, 0.5505195260047913, 0.5252166986465454, 0.5235782265663147, 0.4981042742729187, 0.4942789673805237, 0.44736340641975403, 0.36142319440841675, 0.34787026047706604, 0.31479066610336304]"
F1_N3,train_44b6_t55_p25_isolated,train,44b6_d29c9ab2,55,isolated,0.3,1,21,0,1,1,1.6750116348266602,1.6750116348266602,1.6750116348266602,1,1.6750116348266602,1,0.6299881935119629,"[[20. 45. 18.]
 [28. 14. 19.]
 [16.  5. 24.]
 [18.  7. 48.]
 [26. 45.  6.]
 [28. 33. 40.]
 [14. 33. 32.]
 [22. 18. 29.]
 [16. 29.  4.]
 [28. 33.  4.]
 [27. 62. 59.]
 [24.  1. 36.]
 [ 8. 59. 32.]
 [30. 62. 47.]
 [26. 17. 62.]
 [ 4. 62.  9.]
 [16. 63. 13.]
 [23. 63. 41.]
 [15. 63. 33.]
 [31. 45. 49.]
 [ 2. 30.  1.]]","[0.7052262425422668, 0.68995600938797, 0.6741282343864441, 0.6634541749954224, 0.6606983542442322, 0.6599361896514893, 0.6299881935119629, 0.6172400712966919, 0.5834856033325195, 0.5743062496185303, 0.5363522171974182, 0.535997748374939, 0.4738899767398834, 0.47024133801460266, 0.455315500497818, 0.44285017251968384, 0.41375109553337097, 0.4100973904132843, 0.37723949551582336, 0.3554585874080658, 0.3325720727443695]"
F1_N3,train_44b6_t50_p26_isolated,train,44b6_d29c9ab2,50,isolated,0.3,1,25,1,1,1,0.40625,0.40625,0.40625,1,0.40625,1,0.7083642482757568,"[[ 6. 41. 34.]
 [10.  5. 50.]
 [16.  1. 26.]
 [ 6.  2. 39.]
 [10. 45. 56.]
 [16. 31. 32.]
 [ 6. 22. 55.]
 [16. 53. 36.]
 [ 2. 20. 31.]
 [ 2. 58. 17.]
 [12. 56. 27.]
 [20. 38. 53.]
 [10. 27. 62.]
 [18. 63. 57.]
 [26. 38. 59.]
 [ 2. 26. 19.]
 [24. 32. 47.]
 [ 1. 41. 38.]
 [ 6. 60.  4.]
 [18. 62. 12.]
 [ 4.  1. 14.]
 [29. 11. 62.]
 [ 2.  1. 62.]
 [18. 11. 62.]
 [ 4. 59. 62.]]","[0.8158800601959229, 0.7860879898071289, 0.7283567190170288, 0.7164044976234436, 0.7122762203216553, 0.7083642482757568, 0.7042890191078186, 0.6909982562065125, 0.6825523972511292, 0.6684084534645081, 0.6616220474243164, 0.6569808125495911, 0.559687077999115, 0.48681607842445374, 0.4726354479789734, 0.47086358070373535, 0.46320703625679016, 0.4621734917163849, 0.4260319769382477, 0.42117762565612793, 0.3759557008743286, 0.3727405369281769, 0.3699524402618408, 0.359798401594162, 0.3132731020450592]"
F1_N3,train_44b6_t15_p27_isolated,train,44b6_d29c9ab2,15,isolated,0.3,1,20,1,1,1,0.40625,0.40625,0.40625,1,0.40625,1,0.7339024543762207,"[[18. 32. 33.]
 [ 4. 40. 23.]
 [10. 17.  4.]
 [ 6.  5. 18.]
 [ 2. 55. 46.]
 [ 4. 33. 52.]
 [18.  4. 25.]
 [12. 49.  4.]
 [16. 21. 52.]
 [12. 36. 39.]
 [10. 13. 50.]
 [12. 57. 50.]
 [ 2. 57.  8.]
 [22. 10. 59.]
 [22. 53. 58.]
 [12. 62. 33.]
 [ 4. 18. 39.]
 [ 2. 12.  5.]
 [ 9. 63. 13.]
 [ 6. 61. 60.]]","[0.7339024543762207, 0.7174572944641113, 0.7143236398696899, 0.692574143409729, 0.676997184753418, 0.6424548029899597, 0.639523983001709, 0.6392539739608765, 0.6362503170967102, 0.6275627017021179, 0.5782830119132996, 0.5659947991371155, 0.5523696541786194, 0.5257983803749084, 0.5121753811836243, 0.5034283399581909, 0.496351957321167, 0.4786299765110016, 0.4239048361778259, 0.31201785802841187]"
F1_N3,train_44b6_t30_p28_isolated,train,44b6_d29c9ab2,30,isolated,0.3,1,22,1,1,1,0.40625,0.40625,0.40625,1,0.40625,1,0.7428368330001831,"[[16. 32. 33.]
 [ 4. 10. 39.]
 [ 6.  5. 12.]
 [ 6. 30. 47.]
 [10. 11. 60.]
 [12. 38. 47.]
 [18. 25. 58.]
 [12.  4. 15.]
 [12. 56. 43.]
 [ 8. 59. 61.]
 [ 2. 51. 50.]
 [10. 36. 19.]
 [10. 39. 62.]
 [20.  7. 60.]
 [ 6. 62. 19.]
 [12. 43.  2.]
 [ 1. 62.  5.]
 [ 1. 45. 28.]
 [10. 26. 13.]
 [ 2. 31.  2.]
 [ 1. 60. 39.]
 [ 1. 16. 53.]]","[0.7428368330001831, 0.7273786664009094, 0.7230209112167358, 0.6316356658935547, 0.6244539618492126, 0.6233147382736206, 0.604810357093811, 0.5921945571899414, 0.5908347368240356, 0.5853368639945984, 0.5830848217010498, 0.5798571109771729, 0.5630044341087341, 0.558711051940918, 0.5397958755493164, 0.520775318145752, 0.48857375979423523, 0.4787735044956207, 0.4630776345729828, 0.43165549635887146, 0.4312012493610382, 0.4194868206977844]"
F1_N3,train_44b6_t30_p29_isolated,train,44b6_d29c9ab2,30,isolated,0.3,1,19,0,1,1,1.6750116348266602,1.6750116348266602,1.6750116348266602,1,1.6750116348266602,1,0.7457296848297119,"[[12. 32. 31.]
 [ 4. 32. 43.]
 [10. 10. 51.]
 [ 4.  9. 40.]
 [ 6. 26. 17.]
 [ 6. 53. 33.]
 [14.  1. 25.]
 [18. 20. 43.]
 [12. 57. 44.]
 [16. 49. 60.]
 [14. 13. 62.]
 [ 2. 55. 14.]
 [ 8.  1.  4.]
 [ 4. 59. 62.]
 [22. 19. 38.]
 [24.  1. 62.]
 [18.  1. 49.]
 [ 2. 16.  7.]
 [ 8. 38. 59.]]","[0.7457296848297119, 0.7298478484153748, 0.7150139212608337, 0.7018654942512512, 0.6905925273895264, 0.6528065800666809, 0.5939958095550537, 0.5905566215515137, 0.585147500038147, 0.5782206654548645, 0.5614997148513794, 0.5409520864486694, 0.522748589515686, 0.4974903166294098, 0.4765215814113617, 0.43167200684547424, 0.4070088565349579, 0.40573057532310486, 0.3974270224571228]"
F1_N3,train_44b6_t20_p30_isolated,train,44b6_d29c9ab2,20,isolated,0.3,1,20,1,1,1,0.40625,0.40625,0.40625,1,0.40625,1,0.7629069089889526,"[[10. 19. 14.]
 [ 2. 51. 40.]
 [16. 32. 33.]
 [10. 51. 34.]
 [ 8. 42.  7.]
 [ 8.  4. 35.]
 [ 2. 21. 18.]
 [ 2. 29. 60.]
 [ 2.  1. 16.]
 [ 4. 28. 37.]
 [18. 19. 54.]
 [18.  4. 25.]
 [10.  9. 62.]
 [12. 32. 41.]
 [20. 62. 49.]
 [ 2. 62.  4.]
 [ 2. 36. 27.]
 [24. 39. 62.]
 [16.  1. 40.]
 [ 9. 59. 62.]]","[0.7884281277656555, 0.763643741607666, 0.7629069089889526, 0.761983335018158, 0.7476385831832886, 0.7280561923980713, 0.7063248157501221, 0.7027313113212585, 0.7018011212348938, 0.7017455697059631, 0.6822360754013062, 0.665037989616394, 0.6617274284362793, 0.6522455811500549, 0.5934014916419983, 0.5900961756706238, 0.5571357011795044, 0.5537201762199402, 0.4940733313560486, 0.45275425910949707]"
F1_N3,train_44b6_t20_p31_isolated,train,44b6_d29c9ab2,20,isolated,0.3,1,20,1,1,1,0.40625,0.40625,0.40625,1,0.40625,1,0.7235308289527893,"[[ 8. 19. 12.]
 [16. 31. 32.]
 [12. 14. 59.]
 [ 4. 24. 41.]
 [ 6. 40. 57.]
 [ 8.  5. 42.]
 [10. 47. 34.]
 [18. 35. 58.]
 [16.  5. 34.]
 [ 8. 42.  7.]
 [10.  1.  6.]
 [ 2. 33.  6.]
 [ 2. 53. 10.]
 [ 2. 13. 24.]
 [16. 17.  8.]
 [16. 62. 47.]
 [ 2. 59. 62.]
 [ 1. 63. 39.]
 [26. 13. 62.]
 [ 2.  1. 10.]]","[0.7767565250396729, 0.7235308289527893, 0.6969358325004578, 0.6922165155410767, 0.6917819380760193, 0.663904070854187, 0.6597485542297363, 0.6591046452522278, 0.6451572775840759, 0.638569176197052, 0.6222056746482849, 0.5748718976974487, 0.538724958896637, 0.5365649461746216, 0.5108086466789246, 0.5105801820755005, 0.4952930510044098, 0.33981218934059143, 0.33709970116615295, 0.31626129150390625]"
F1_N3,train_44b6_t10_p32_isolated,train,44b6_d29c9ab2,10,isolated,0.3,1,22,1,1,1,0.40625,0.40625,0.40625,1,0.40625,1,0.7503172159194946,"[[ 8. 33. 32.]
 [ 2. 47. 13.]
 [ 8. 11. 40.]
 [ 8. 15.  4.]
 [ 2. 56. 39.]
 [ 2.  7.  6.]
 [ 4.  2. 59.]
 [ 2. 29. 34.]
 [10. 46. 59.]
 [24. 50. 59.]
 [14. 17. 62.]
 [24. 35. 60.]
 [16. 37. 43.]
 [14. 36. 20.]
 [14.  6. 61.]
 [ 2. 32. 49.]
 [ 9. 60. 27.]
 [14.  5. 31.]
 [ 1. 55. 60.]
 [17. 59. 62.]
 [24. 61. 39.]
 [23.  4. 62.]]","[0.7503172159194946, 0.7482150197029114, 0.6970093250274658, 0.6887335181236267, 0.6672791242599487, 0.6624147891998291, 0.635998010635376, 0.618239164352417, 0.5636436343193054, 0.5494279861450195, 0.5355409383773804, 0.5074647665023804, 0.4822457432746887, 0.4752032458782196, 0.47033578157424927, 0.45188185572624207, 0.4372173547744751, 0.41369086503982544, 0.4077301025390625, 0.394049733877182, 0.3882582187652588, 0.3682563304901123]"
F1_N3,train_44b6_t45_p33_isolated,train,44b6_d29c9ab2,45,isolated,0.3,1,24,1,1,1,0.40625,0.40625,0.40625,1,0.40625,1,0.7124541401863098,"[[10. 14. 53.]
 [ 4. 46. 31.]
 [14.  5. 24.]
 [20. 16. 46.]
 [ 2. 22. 31.]
 [ 6. 28. 51.]
 [16. 31. 30.]
 [20. 45. 47.]
 [10. 51. 50.]
 [ 8.  1. 38.]
 [12. 37. 62.]
 [16. 55. 28.]
 [ 8. 21.  2.]
 [11. 62. 23.]
 [26. 45. 57.]
 [ 1. 62. 11.]
 [26. 55. 52.]
 [16. 60. 60.]
 [ 4. 63. 61.]
 [28. 20. 63.]
 [ 1.  1.  4.]
 [ 3.  1. 62.]
 [ 6. 60.  6.]
 [14. 26.  1.]]","[0.7667341828346252, 0.7601252794265747, 0.7533780336380005, 0.7525646090507507, 0.7444285750389099, 0.7275861501693726, 0.7124541401863098, 0.7113654613494873, 0.7083092331886292, 0.6569758653640747, 0.6402505040168762, 0.6086562275886536, 0.6068800687789917, 0.5627371668815613, 0.5609311461448669, 0.5469752550125122, 0.47002112865448, 0.4539814889431, 0.4175499677658081, 0.3473342955112457, 0.34347328543663025, 0.33904707431793213, 0.333551287651062, 0.32116106152534485]"
F1_N3,train_44b6_t25_p34_isolated,train,44b6_d29c9ab2,25,isolated,0.3,1,20,1,1,1,0.40625,0.40625,0.40625,1,0.40625,1,0.7735205888748169,"[[16. 22. 51.]
 [16. 33. 32.]
 [ 6. 34. 41.]
 [ 2.  7. 20.]
 [18.  7. 38.]
 [ 8. 25. 14.]
 [ 2. 28. 27.]
 [10. 55. 38.]
 [ 6. 53. 10.]
 [12. 37. 42.]
 [ 8. 10. 47.]
 [ 2. 44. 33.]
 [ 4. 62. 45.]
 [12. 15. 62.]
 [20. 62. 59.]
 [ 6. 37. 62.]
 [16. 44. 59.]
 [ 2. 33. 59.]
 [ 6.  1.  4.]
 [22. 31. 61.]]","[0.7829448580741882, 0.7735205888748169, 0.7658125162124634, 0.7602301836013794, 0.732867419719696, 0.7147963047027588, 0.7017781734466553, 0.6933707594871521, 0.6651957035064697, 0.6404060125350952, 0.6134536266326904, 0.5847861766815186, 0.5816507935523987, 0.5297470688819885, 0.524886429309845, 0.43391141295433044, 0.4283503592014313, 0.3980880379676819, 0.3924991190433502, 0.38933974504470825]"
F1_N3,train_44b6_t10_p35_isolated,train,44b6_d29c9ab2,10,isolated,0.3,1,26,0,1,1,1.8616713285446167,1.8616713285446167,1.8616713285446167,1,1.8616713285446167,1,0.5338273048400879,"[[22.  8. 45.]
 [ 8. 17. 12.]
 [ 6. 49. 18.]
 [20. 40. 59.]
 [24. 34. 29.]
 [12. 55. 28.]
 [16. 54.  3.]
 [30. 34. 49.]
 [ 8. 26. 53.]
 [18. 15. 28.]
 [20. 16.  9.]
 [ 4. 28. 19.]
 [24. 23. 62.]
 [ 8. 50. 45.]
 [28. 55. 62.]
 [24. 55. 30.]
 [16. 31. 34.]
 [18.  7. 62.]
 [ 6.  6.  2.]
 [12. 55. 62.]
 [30.  6. 29.]
 [17. 63. 57.]
 [31. 17. 50.]
 [27. 24.  1.]
 [ 0. 63. 23.]
 [10.  8. 63.]]","[0.7168677449226379, 0.6942626237869263, 0.6700806021690369, 0.6519856452941895, 0.6498487591743469, 0.6437085866928101, 0.6327293515205383, 0.6265801191329956, 0.6232938766479492, 0.6198630332946777, 0.6064253449440002, 0.5933578610420227, 0.5770518183708191, 0.5694988965988159, 0.5440958738327026, 0.5347161293029785, 0.5338273048400879, 0.5191388726234436, 0.4988192915916443, 0.49481427669525146, 0.4934733510017395, 0.46354198455810547, 0.381756067276001, 0.3500177562236786, 0.34894320368766785, 0.32278522849082947]"
F1_N3,train_44b6_t25_p36_isolated,train,44b6_d29c9ab2,25,isolated,0.3,1,25,0,0,0,3.3003907203674316,3.3003907203674316,,0,,0,,"[[20. 47. 25.]
 [ 8. 24. 15.]
 [14. 26. 33.]
 [26. 37. 44.]
 [16.  1. 31.]
 [ 4. 45. 12.]
 [14. 41. 10.]
 [ 2. 13. 18.]
 [26.  7. 46.]
 [ 8. 38. 53.]
 [14. 52. 49.]
 [20. 26. 31.]
 [16. 26. 53.]
 [14.  3.  6.]
 [ 2. 62. 35.]
 [24. 62. 39.]
 [24.  1. 14.]
 [ 2. 25.  2.]
 [10. 62. 15.]
 [18. 27.  1.]
 [ 1. 26. 45.]
 [14. 63.  4.]
 [11. 63. 35.]
 [22. 59. 62.]
 [21.  1. 54.]]","[0.7672086358070374, 0.7365450859069824, 0.7283691167831421, 0.7221291661262512, 0.7135265469551086, 0.6969467401504517, 0.6820749640464783, 0.6726192235946655, 0.6705383658409119, 0.6674476265907288, 0.6506342887878418, 0.6417719125747681, 0.6371869444847107, 0.6360790729522705, 0.5886231660842896, 0.569959282875061, 0.5313624739646912, 0.5165680050849915, 0.4839068353176117, 0.4683905243873596, 0.42975693941116333, 0.4295320510864258, 0.4198084771633148, 0.41670137643814087, 0.38580167293548584]"
F1_N3,train_44b6_t25_p37_isolated,train,44b6_d29c9ab2,25,isolated,0.3,1,18,1,1,1,0.9084026217460632,0.9084026217460632,0.9084026217460632,1,0.9084026217460632,1,0.7333618998527527,"[[ 8. 23. 14.]
 [16. 34. 31.]
 [ 4. 13. 31.]
 [ 8. 13. 44.]
 [ 6. 30. 37.]
 [ 2. 46.  9.]
 [ 8. 46. 59.]
 [18. 38. 57.]
 [24.  1. 58.]
 [14. 17. 59.]
 [ 2. 27. 32.]
 [18. 10. 37.]
 [ 8. 55. 32.]
 [14. 62. 39.]
 [ 8. 47. 10.]
 [22. 17. 26.]
 [ 3. 62. 62.]
 [10.  1.  4.]]","[0.7577108144760132, 0.7333618998527527, 0.7224657535552979, 0.7221488952636719, 0.7085741758346558, 0.7078978419303894, 0.6947316527366638, 0.6453723311424255, 0.6431756019592285, 0.6166082620620728, 0.6137277483940125, 0.604659914970398, 0.5886629819869995, 0.5662468671798706, 0.5623312592506409, 0.46348482370376587, 0.42131778597831726, 0.36268138885498047]"
F1_N3,train_44b6_t55_p38_isolated,train,44b6_d29c9ab2,55,isolated,0.3,1,31,0,1,1,1.6750116348266602,1.6750116348266602,1.6750116348266602,1,1.6750116348266602,1,0.6776515245437622,"[[12. 17.  8.]
 [ 2. 36. 53.]
 [ 8. 36.  7.]
 [14. 32. 31.]
 [24.  5. 52.]
 [22. 40. 49.]
 [26. 47. 34.]
 [12. 13. 43.]
 [12. 52. 35.]
 [ 2. 46.  5.]
 [22. 13. 14.]
 [26. 32. 17.]
 [ 4. 51. 38.]
 [30. 38. 51.]
 [24. 28. 59.]
 [26.  7. 24.]
 [18. 17. 48.]
 [22. 60.  4.]
 [18. 52. 37.]
 [24. 63. 57.]
 [ 8. 22. 41.]
 [16.  1.  4.]
 [31. 21. 34.]
 [ 8. 62. 25.]
 [24. 63. 33.]
 [20. 31.  2.]
 [ 2.  9. 34.]
 [31. 17. 63.]
 [16.  1. 62.]
 [ 3. 63. 33.]
 [13. 63.  3.]]","[0.7225887775421143, 0.6969363689422607, 0.6844778060913086, 0.6776515245437622, 0.6609293222427368, 0.6468946933746338, 0.64174884557724, 0.6272603273391724, 0.6268808245658875, 0.5964771509170532, 0.5916939973831177, 0.5870046019554138, 0.5796419382095337, 0.5689193606376648, 0.5685428977012634, 0.5603522062301636, 0.5534538626670837, 0.544468879699707, 0.534146249294281, 0.4783995449542999, 0.47771066427230835, 0.43603551387786865, 0.4177558720111847, 0.415963351726532, 0.40148183703422546, 0.38742706179618835, 0.37711235880851746, 0.36388781666755676, 0.34746053814888, 0.3356555998325348, 0.30279818177223206]"
F1_N3,train_44b6_t15_p39_isolated,train,44b6_d29c9ab2,15,isolated,0.3,1,27,0,1,1,1.6750116348266602,1.6750116348266602,1.6750116348266602,1,1.6750116348266602,1,0.5834180116653442,"[[22.  5. 48.]
 [ 4. 20.  5.]
 [20. 27. 20.]
 [ 2. 29. 30.]
 [22. 25.  2.]
 [18. 25. 38.]
 [30.  9. 34.]
 [ 8. 17. 18.]
 [28. 40. 49.]
 [20. 43. 62.]
 [ 6. 54. 21.]
 [22. 49. 34.]
 [ 2. 49. 38.]
 [14. 32. 31.]
 [12. 11. 31.]
 [18.  7. 62.]
 [24. 25. 62.]
 [ 8. 54. 51.]
 [ 6.  1. 28.]
 [14. 62.  5.]
 [20.  1. 12.]
 [ 2. 45.  2.]
 [30. 14. 55.]
 [28. 62. 57.]
 [16. 63. 49.]
 [11. 59. 30.]
 [21. 63. 27.]]","[0.7129232287406921, 0.6922518610954285, 0.6549251675605774, 0.6489071249961853, 0.6352351903915405, 0.6259669661521912, 0.6184147596359253, 0.6112185716629028, 0.6109004020690918, 0.6027950644493103, 0.6011335253715515, 0.5935331583023071, 0.5879788398742676, 0.5834180116653442, 0.5833444595336914, 0.5726515650749207, 0.5721056461334229, 0.5679757595062256, 0.5634030103683472, 0.5596007108688354, 0.5506058931350708, 0.5466520190238953, 0.5390599370002747, 0.49924880266189575, 0.4501895010471344, 0.436443954706192, 0.412745863199234]"
F1_N3,train_44b6_t40_p40_isolated,train,44b6_d29c9ab2,40,isolated,0.3,1,20,1,1,1,0.40625,0.40625,0.40625,1,0.40625,1,0.646453857421875,"[[18. 19. 42.]
 [12.  6. 13.]
 [ 8.  9. 36.]
 [ 6. 51. 36.]
 [ 2. 47. 37.]
 [20. 49. 52.]
 [ 8. 29. 60.]
 [ 4. 23. 34.]
 [14. 44. 21.]
 [16. 31. 32.]
 [10. 12. 53.]
 [ 8. 55. 56.]
 [ 1. 62. 15.]
 [13. 62. 29.]
 [ 8. 62.  5.]
 [26. 49. 59.]
 [22.  1. 60.]
 [ 8. 14.  3.]
 [16. 14. 62.]
 [14. 37. 62.]]","[0.7965994477272034, 0.7713413834571838, 0.7693074345588684, 0.751246452331543, 0.7481698393821716, 0.7230426073074341, 0.7209620475769043, 0.6870786547660828, 0.6789218783378601, 0.646453857421875, 0.6116543412208557, 0.6087563037872314, 0.5488442778587341, 0.5481799244880676, 0.5438371896743774, 0.5293777585029602, 0.5062074065208435, 0.450236439704895, 0.39032819867134094, 0.3283262252807617]"
F1_N3,train_44b6_t15_p41_boundary,train,44b6_d29c9ab2,15,boundary,0.3,1,26,0,1,1,1.4647551774978638,1.4647551774978638,1.4647551774978638,1,1.4647551774978638,1,0.7130388021469116,"[[ 4. 21. 22.]
 [12. 51. 60.]
 [ 4. 47. 30.]
 [ 6. 39. 46.]
 [ 8. 19. 42.]
 [ 2. 51. 11.]
 [14.  4. 41.]
 [ 2.  4. 11.]
 [16.  8. 61.]
 [15. 30. 37.]
 [20.  6. 45.]
 [ 1. 27. 52.]
 [21. 34. 59.]
 [ 8. 15.  5.]
 [21. 37. 44.]
 [14. 21. 11.]
 [ 1.  1. 36.]
 [28.  7. 62.]
 [21. 33. 34.]
 [ 0. 26.  7.]
 [ 7. 62. 23.]
 [ 8. 44. 16.]
 [21. 10. 21.]
 [ 1. 51. 60.]
 [ 0. 63. 39.]
 [16. 62. 47.]]","[0.7810320258140564, 0.7490501403808594, 0.7130388021469116, 0.7128558158874512, 0.7067179083824158, 0.6481749415397644, 0.6391821503639221, 0.6244794130325317, 0.6223279237747192, 0.605708658695221, 0.600398600101471, 0.5892670750617981, 0.5147600769996643, 0.499410480260849, 0.49576982855796814, 0.46918535232543945, 0.45294496417045593, 0.45111462473869324, 0.3769293427467346, 0.35954275727272034, 0.35040581226348877, 0.3406147360801697, 0.34057924151420593, 0.33201614022254944, 0.3256423771381378, 0.3207409083843231]"
F1_N3,train_44b6_t45_p42_boundary,train,44b6_d29c9ab2,45,boundary,0.3,1,20,0,1,1,1.9902104139328003,1.9902104139328003,1.9902104139328003,1,1.9902104139328003,1,0.5792199969291687,"[[18. 18. 51.]
 [ 8. 29. 28.]
 [ 2. 42. 47.]
 [ 4. 25. 44.]
 [ 2. 11. 52.]
 [12. 33. 34.]
 [16.  1. 27.]
 [ 4. 32. 15.]
 [10. 21.  2.]
 [14. 53. 38.]
 [20. 42. 51.]
 [ 6. 59. 30.]
 [ 4. 41.  4.]
 [ 2. 62. 17.]
 [ 8. 31. 62.]
 [24. 40. 49.]
 [ 6.  1. 60.]
 [21. 62. 45.]
 [ 4.  1.  4.]
 [ 8. 59. 62.]]","[0.7046497464179993, 0.6781689524650574, 0.6746012568473816, 0.6674287915229797, 0.6654807925224304, 0.6479529142379761, 0.6202583909034729, 0.6098523736000061, 0.6034137010574341, 0.6007882952690125, 0.5918761491775513, 0.5792199969291687, 0.5736276507377625, 0.5389280319213867, 0.5371066331863403, 0.4983746409416199, 0.49046269059181213, 0.37991800904273987, 0.35258522629737854, 0.3514528274536133]"
F1_N3,train_44b6_t10_p43_boundary,train,44b6_d29c9ab2,10,boundary,0.3,1,25,0,1,1,1.6750116348266602,1.6750116348266602,1.6750116348266602,1,1.6750116348266602,1,0.727465808391571,"[[ 8. 10. 45.]
 [ 2. 39. 10.]
 [ 6. 13. 21.]
 [ 6. 33. 32.]
 [10. 35. 56.]
 [ 2.  4. 34.]
 [ 2. 22. 55.]
 [10. 53. 27.]
 [18. 10. 39.]
 [24. 21. 59.]
 [24. 13. 59.]
 [16. 32. 43.]
 [ 2. 60. 35.]
 [ 1. 25. 42.]
 [ 1. 43. 58.]
 [11. 62. 61.]
 [16. 19. 12.]
 [17. 23. 60.]
 [18. 60. 47.]
 [15. 45. 62.]
 [17. 51. 42.]
 [10. 33. 22.]
 [19. 44. 63.]
 [24. 26. 36.]
 [23. 13. 20.]]","[0.7899920344352722, 0.7855960726737976, 0.7306943535804749, 0.727465808391571, 0.716899037361145, 0.6904383897781372, 0.6646233201026917, 0.6381145119667053, 0.604885458946228, 0.5579115748405457, 0.5515424013137817, 0.5395559668540955, 0.5018141865730286, 0.4947865903377533, 0.45811450481414795, 0.4519484043121338, 0.44703108072280884, 0.4463837742805481, 0.36074021458625793, 0.34875911474227905, 0.3395726978778839, 0.33319389820098877, 0.3287368416786194, 0.3260849416255951, 0.30172187089920044]"
F1_N3,inner_val_6bba_t85_p01_crowded,inner_val,6bba_bb9f20c3,85,crowded,0.3,5,24,0,3,3,3.0765346765518187,1.8168052434921265,1.7217926581700642,3,1.7217926581700642,3,0.5711872577667236,"[[18. 54.  5.]
 [14. 32.  5.]
 [14. 38. 49.]
 [12.  4. 31.]
 [12. 17. 60.]
 [14. 47. 32.]
 [26. 38.  7.]
 [26. 17.  4.]
 [22.  5. 30.]
 [18.  1. 24.]
 [20. 19. 50.]
 [18. 45. 62.]
 [ 7. 59. 48.]
 [28. 22. 35.]
 [22. 35. 27.]
 [28. 62.  9.]
 [ 6. 33. 58.]
 [28.  1. 14.]
 [ 9. 62. 25.]
 [22. 53. 38.]
 [10. 62. 59.]
 [14. 63. 31.]
 [17.  1. 62.]
 [15. 63. 61.]]","[0.652702808380127, 0.6490024328231812, 0.6381229758262634, 0.6232799887657166, 0.6064730882644653, 0.6043568849563599, 0.5838325619697571, 0.5836504101753235, 0.5824095606803894, 0.5638428926467896, 0.5453619956970215, 0.534877359867096, 0.5334504246711731, 0.5331742763519287, 0.5321914553642273, 0.5226368308067322, 0.5150622725486755, 0.5094923377037048, 0.49220365285873413, 0.4899301826953888, 0.3775821328163147, 0.377017617225647, 0.36578369140625, 0.32963359355926514]"
F1_N3,inner_val_6bba_t75_p02_crowded,inner_val,6bba_bb9f20c3,75,crowded,0.3,2,24,1,1,2,1.5480628907680511,1.5480628907680511,0.9084026217460632,1,1.5480628907680511,2,0.5947861671447754,"[[12. 11. 26.]
 [12.  9. 52.]
 [ 8. 17. 28.]
 [20. 54. 19.]
 [22. 37.  6.]
 [14. 30. 31.]
 [16.  6. 13.]
 [ 6. 50. 23.]
 [13. 62. 59.]
 [10. 59. 46.]
 [20. 38. 51.]
 [ 4.  7. 52.]
 [14. 33. 52.]
 [16.  7. 43.]
 [ 8. 37. 60.]
 [16. 41. 18.]
 [16. 31. 62.]
 [ 6. 59. 62.]
 [12. 38.  3.]
 [ 2. 53. 53.]
 [ 8. 59. 35.]
 [12.  1.  4.]
 [15. 63. 37.]
 [15. 61.  2.]]","[0.6275367736816406, 0.6142827868461609, 0.6063562631607056, 0.6016321182250977, 0.5970257520675659, 0.5947861671447754, 0.5926044583320618, 0.5827024579048157, 0.5686075687408447, 0.561149537563324, 0.5584399700164795, 0.5518264174461365, 0.5514546632766724, 0.5363097786903381, 0.5322232246398926, 0.5209778547286987, 0.5201641917228699, 0.51739501953125, 0.5128888487815857, 0.4949943721294403, 0.47523486614227295, 0.4445092976093292, 0.42886120080947876, 0.3956312835216522]"
F1_N3,inner_val_6bba_t85_p03_crowded,inner_val,6bba_bb9f20c3,85,crowded,0.3,2,18,0,0,1,2.922321319580078,2.922321319580078,,0,2.569350481033325,1,,"[[14. 17. 59.]
 [18. 44.  5.]
 [18. 13. 30.]
 [12. 45. 24.]
 [10. 27. 22.]
 [ 8. 20. 45.]
 [ 6. 49. 52.]
 [16. 24. 33.]
 [24.  1.  8.]
 [20. 29.  4.]
 [10.  6. 17.]
 [14. 62. 57.]
 [ 8. 57. 18.]
 [11. 53. 48.]
 [15. 13.  4.]
 [16. 40. 35.]
 [ 1. 22. 59.]
 [17. 62. 11.]]","[0.7412559390068054, 0.726484477519989, 0.7198883891105652, 0.7146037817001343, 0.7086763978004456, 0.6935809850692749, 0.6672252416610718, 0.6305354833602905, 0.6256200075149536, 0.6253513693809509, 0.6242859959602356, 0.6005712151527405, 0.5888999104499817, 0.5719940662384033, 0.5319885611534119, 0.43125197291374207, 0.4158802926540375, 0.38875308632850647]"
F1_N3,inner_val_6bba_t80_p04_crowded,inner_val,6bba_bb9f20c3,80,crowded,0.3,3,21,1,2,3,1.4431156714757283,1.7235727310180664,1.1490485072135925,2,1.4431156714757283,3,0.5910085439682007,"[[24. 44.  5.]
 [20. 54. 29.]
 [24. 19. 14.]
 [16.  5. 48.]
 [18. 25. 32.]
 [22. 40. 51.]
 [14. 24. 23.]
 [10. 29. 40.]
 [14. 41. 56.]
 [16. 31.  4.]
 [10. 62. 21.]
 [ 8. 15. 62.]
 [16. 57. 50.]
 [ 5. 54. 53.]
 [30. 51.  4.]
 [12. 62. 37.]
 [16. 15. 59.]
 [28.  1.  3.]
 [12. 61. 62.]
 [12. 41.  1.]
 [23. 63.  9.]]","[0.6860558986663818, 0.6613322496414185, 0.6526751518249512, 0.6356604695320129, 0.6323586106300354, 0.6284540295600891, 0.6187726259231567, 0.6085494756698608, 0.6066356301307678, 0.5925213694572449, 0.5894957184791565, 0.5742368698120117, 0.5597760677337646, 0.557198166847229, 0.5379343628883362, 0.4580199420452118, 0.4527575671672821, 0.43372780084609985, 0.4305432438850403, 0.40739935636520386, 0.34522801637649536]"
F1_N3,inner_val_6bba_t75_p05_isolated,inner_val,6bba_bb9f20c3,75,isolated,0.3,1,23,1,1,1,0.9084026217460632,0.9084026217460632,0.9084026217460632,1,0.9084026217460632,1,0.6563780307769775,"[[22. 42. 31.]
 [20. 22. 45.]
 [18.  7. 38.]
 [26. 40.  5.]
 [28. 25. 19.]
 [16. 33. 34.]
 [18. 35. 14.]
 [11. 62. 39.]
 [14. 15. 60.]
 [18. 62. 55.]
 [26. 59.  4.]
 [20. 33. 60.]
 [ 8. 55. 58.]
 [24.  1. 60.]
 [15. 63.  9.]
 [30.  7.  2.]
 [21. 62. 13.]
 [26. 62. 51.]
 [24.  1.  4.]
 [21. 62. 39.]
 [ 3. 62.  4.]
 [ 3. 61. 28.]
 [12. 26.  5.]]","[0.7459741830825806, 0.7195486426353455, 0.7160776257514954, 0.7006767988204956, 0.6847107410430908, 0.6563780307769775, 0.6499935984611511, 0.6321424245834351, 0.6319342255592346, 0.6232793927192688, 0.6006367206573486, 0.5942836999893188, 0.590488076210022, 0.5391595959663391, 0.5107825994491577, 0.507782518863678, 0.4446961283683777, 0.42257678508758545, 0.41333797574043274, 0.378703773021698, 0.3733366131782532, 0.31755873560905457, 0.3153858184814453]"
F1_N3,inner_val_6bba_t75_p06_isolated,inner_val,6bba_bb9f20c3,75,isolated,0.3,1,20,0,0,0,3.275292158126831,3.275292158126831,,0,,0,,"[[ 6. 42.  4.]
 [ 2. 50. 33.]
 [ 8. 23. 33.]
 [ 2.  1. 54.]
 [ 2.  4. 45.]
 [14. 39. 28.]
 [16. 27. 25.]
 [12.  1. 24.]
 [ 8. 62. 19.]
 [ 6. 39. 32.]
 [ 6. 15. 15.]
 [12. 35. 40.]
 [ 6. 27. 62.]
 [ 2. 34. 47.]
 [ 1. 12. 23.]
 [ 1. 54. 12.]
 [ 1. 60. 55.]
 [ 8. 49. 20.]
 [11. 21.  2.]
 [ 5. 54. 63.]]","[0.7402888536453247, 0.6669179797172546, 0.6111531257629395, 0.6101770401000977, 0.6028862595558167, 0.5884573459625244, 0.5875206589698792, 0.5836955904960632, 0.5685360431671143, 0.5673677921295166, 0.5648965239524841, 0.5589215159416199, 0.5567237138748169, 0.5491771101951599, 0.5487101674079895, 0.5076775550842285, 0.4543818235397339, 0.4441039264202118, 0.3837660551071167, 0.31207501888275146]"
F1_N3,inner_val_6bba_t90_p07_isolated,inner_val,6bba_bb9f20c3,90,isolated,0.3,1,16,0,0,0,5.585014343261719,5.585014343261719,,0,,0,,"[[14. 29.  6.]
 [ 6. 46. 31.]
 [12. 39. 43.]
 [ 2.  3. 42.]
 [16. 18. 35.]
 [18. 27. 22.]
 [ 4. 31.  2.]
 [ 8.  1. 20.]
 [ 2. 62. 49.]
 [ 2. 62.  3.]
 [ 1. 27. 29.]
 [ 6. 25. 62.]
 [ 1.  1.  8.]
 [ 0. 15. 62.]
 [10. 63.  3.]
 [ 6. 60. 61.]]","[0.7584412097930908, 0.7548013925552368, 0.7133051753044128, 0.6956061720848083, 0.6752802133560181, 0.6662254333496094, 0.6514200568199158, 0.6425466537475586, 0.5915241837501526, 0.5740188360214233, 0.519369900226593, 0.4804278314113617, 0.3381562829017639, 0.333367258310318, 0.3054024875164032, 0.3021349310874939]"
F1_N3,inner_val_6bba_t90_p08_boundary,inner_val,6bba_bb9f20c3,90,boundary,0.3,1,19,1,1,1,0.40625,0.40625,0.40625,1,0.40625,1,0.6113501191139221,"[[ 6. 11. 48.]
 [12. 50. 27.]
 [ 4. 36. 52.]
 [18. 12.  5.]
 [26. 47.  6.]
 [12. 36. 55.]
 [16. 14. 33.]
 [ 6. 23. 20.]
 [16. 34. 15.]
 [ 8. 28. 11.]
 [14. 25. 62.]
 [14.  7. 52.]
 [10. 16. 31.]
 [ 8. 58. 41.]
 [11.  9.  4.]
 [30.  6. 31.]
 [30.  1. 38.]
 [ 2. 47. 62.]
 [ 6. 48. 12.]]","[0.7317240238189697, 0.6931584477424622, 0.6798493266105652, 0.6749886274337769, 0.6378458142280579, 0.6299902200698853, 0.6113501191139221, 0.5949453115463257, 0.5931454300880432, 0.5888461470603943, 0.5840751528739929, 0.5658191442489624, 0.5213642120361328, 0.5190746188163757, 0.474506676197052, 0.4584634304046631, 0.4581320583820343, 0.4183957874774933, 0.38242852687835693]"
F1_N3,inner_val_6bba_t90_p09_zero_annotation,inner_val,6bba_bb9f20c3,90,zero_annotation,0.3,0,43,0,0,0,,,,0,,0,,"[[ 2. 31.  5.]
 [ 2.  4. 13.]
 [10. 22. 10.]
 [ 1. 58. 59.]
 [10. 62.  5.]
 [ 1.  5. 44.]
 [10. 43. 10.]
 [ 9. 38. 53.]
 [10. 59. 47.]
 [20. 61.  8.]
 [ 0. 20. 27.]
 [ 1. 57. 27.]
 [14. 62. 23.]
 [10. 13. 49.]
 [12. 51. 62.]
 [ 5. 29. 39.]
 [22. 55. 62.]
 [26. 41. 61.]
 [14. 43. 51.]
 [11. 41. 39.]
 [12. 60. 60.]
 [20. 14. 62.]
 [17. 61. 49.]
 [ 0. 63.  7.]
 [ 5. 59. 21.]
 [ 6. 13. 37.]
 [22. 53. 49.]
 [ 5. 62. 55.]
 [22. 40. 61.]
 [15. 60.  7.]
 [24. 62. 30.]
 [14. 37. 62.]
 [26. 43. 52.]
 [27. 16. 62.]
 [26. 26. 62.]
 [20. 53. 26.]
 [16. 50. 10.]
 [22. 62. 51.]
 [21. 61. 43.]
 [17. 31. 62.]
 [10.  1.  4.]
 [15. 11. 54.]
 [21. 11.  4.]]","[0.9526233673095703, 0.8387246131896973, 0.7017866969108582, 0.6764899492263794, 0.6408933401107788, 0.5959978103637695, 0.591102123260498, 0.5391311645507812, 0.5263032913208008, 0.5211899876594543, 0.5188539624214172, 0.4830126464366913, 0.4667104184627533, 0.44511863589286804, 0.44450318813323975, 0.43354251980781555, 0.42978397011756897, 0.424587607383728, 0.42435547709465027, 0.4210558831691742, 0.42002439498901367, 0.4049881100654602, 0.3994883894920349, 0.39945319294929504, 0.3976256549358368, 0.3917107880115509, 0.3913479447364807, 0.3860680162906647, 0.382473886013031, 0.3800225257873535, 0.3705642521381378, 0.3675781190395355, 0.3644348382949829, 0.3601922392845154, 0.3580661118030548, 0.35609784722328186, 0.35575854778289795, 0.3557419180870056, 0.3505396246910095, 0.3500663638114929, 0.3363933861255646, 0.32008296251296997, 0.30517247319221497]"
F1_N3,inner_val_6bba_t90_p10_zero_annotation,inner_val,6bba_bb9f20c3,90,zero_annotation,0.3,0,27,0,0,0,,,,0,,0,,"[[ 2. 49. 12.]
 [10. 20.  9.]
 [ 1. 46. 43.]
 [10. 61. 30.]
 [12. 62. 17.]
 [12. 61.  4.]
 [ 0. 24. 13.]
 [10. 29. 46.]
 [ 1.  7. 58.]
 [ 8. 61. 54.]
 [10. 38.  5.]
 [24. 48. 61.]
 [10. 19. 36.]
 [21. 52. 15.]
 [ 0.  5. 13.]
 [ 0. 56. 60.]
 [22. 62.  7.]
 [12. 35. 60.]
 [21. 61. 60.]
 [15. 13.  3.]
 [18. 21. 10.]
 [27. 33. 61.]
 [19. 23. 62.]
 [14. 43. 35.]
 [20. 62. 34.]
 [26. 62. 17.]
 [19. 62. 25.]]","[0.9643406271934509, 0.7207854986190796, 0.590907096862793, 0.5892675518989563, 0.5828549265861511, 0.5738824009895325, 0.5595417022705078, 0.5583251714706421, 0.5345436334609985, 0.5303130745887756, 0.5046834349632263, 0.49190640449523926, 0.48039188981056213, 0.47808676958084106, 0.46831247210502625, 0.4583088159561157, 0.4486788809299469, 0.42529335618019104, 0.41539016366004944, 0.3717350661754608, 0.3693333566188812, 0.36769551038742065, 0.34856271743774414, 0.34830665588378906, 0.33213189244270325, 0.31133750081062317, 0.30843374133110046]"
F1_N3,inner_val_44b6_t80_p01_crowded,inner_val,44b6_d29c9ab2,80,crowded,0.3,3,27,1,2,2,2.1894798278808594,1.6750116348266602,1.04063081741333,2,1.04063081741333,2,0.6357635855674744,"[[22. 27. 14.]
 [22. 44. 53.]
 [18. 17. 48.]
 [30. 31. 18.]
 [ 6. 48. 23.]
 [16. 31. 32.]
 [28. 12.  7.]
 [12. 28. 55.]
 [ 8. 10. 34.]
 [14. 31.  4.]
 [14. 47. 30.]
 [24. 11. 22.]
 [ 8. 20.  9.]
 [ 6.  1. 18.]
 [ 4.  4. 53.]
 [22.  1. 47.]
 [26. 62. 15.]
 [16. 62. 13.]
 [24. 62. 49.]
 [22. 40.  1.]
 [30. 45.  4.]
 [31. 60. 29.]
 [ 1. 27. 25.]
 [ 4. 42. 55.]
 [ 6. 47. 62.]
 [31. 11. 33.]
 [ 2. 25.  1.]]","[0.7135389447212219, 0.6817543506622314, 0.6800819039344788, 0.6721048951148987, 0.6698420643806458, 0.6608766317367554, 0.6477379202842712, 0.6416825652122498, 0.6381979584693909, 0.6325512528419495, 0.6166708469390869, 0.6114493608474731, 0.6106505393981934, 0.6082995533943176, 0.5967857837677002, 0.5748468041419983, 0.5734791159629822, 0.5582594275474548, 0.5517478585243225, 0.47990912199020386, 0.46415671706199646, 0.45380425453186035, 0.38260552287101746, 0.3639865815639496, 0.3504338264465332, 0.3038288652896881, 0.30110859870910645]"
F1_N3,inner_val_44b6_t85_p02_crowded,inner_val,44b6_d29c9ab2,85,crowded,0.3,3,26,2,2,3,1.1484336058298747,0.40625,0.40625,2,1.1484336058298747,3,0.6421147882938385,"[[22. 23. 16.]
 [24. 53. 50.]
 [ 4. 37. 50.]
 [16. 31. 32.]
 [12. 30. 53.]
 [16. 29.  8.]
 [18. 17. 49.]
 [30. 21. 19.]
 [ 4.  1. 52.]
 [16. 50. 25.]
 [ 8. 14.  7.]
 [ 6. 43. 24.]
 [28.  6.  7.]
 [24.  2. 29.]
 [20. 40. 59.]
 [30. 39. 14.]
 [26. 34. 59.]
 [ 8.  6. 35.]
 [28. 54. 13.]
 [14. 62. 17.]
 [ 4. 62. 11.]
 [21. 62. 41.]
 [12. 63. 49.]
 [31. 62. 25.]
 [22.  1.  4.]
 [22. 38.  1.]]","[0.7448413968086243, 0.7006660103797913, 0.699311375617981, 0.6735349297523499, 0.6681965589523315, 0.663200855255127, 0.6479644775390625, 0.643006443977356, 0.6426397562026978, 0.6151049137115479, 0.6106946468353271, 0.6072397828102112, 0.5928722620010376, 0.5822417140007019, 0.5800934433937073, 0.5738587379455566, 0.5576193928718567, 0.5466306805610657, 0.5443907380104065, 0.5226246118545532, 0.5005513429641724, 0.45897775888442993, 0.4342530071735382, 0.42649027705192566, 0.41951170563697815, 0.3827846050262451]"
F1_N3,inner_val_44b6_t90_p03_crowded,inner_val,44b6_d29c9ab2,90,crowded,0.3,2,25,0,2,2,1.7926220297813416,1.7926220297813416,1.7926220297813416,2,1.7926220297813416,2,0.6510482430458069,"[[24. 34. 31.]
 [22. 32.  4.]
 [12. 29. 40.]
 [18.  4.  4.]
 [18. 37. 15.]
 [10. 51. 32.]
 [28. 45. 58.]
 [26. 58. 43.]
 [22. 58. 11.]
 [10. 45. 50.]
 [18. 62. 21.]
 [10. 46.  3.]
 [26. 45.  2.]
 [26. 31. 46.]
 [24.  1. 35.]
 [14. 17. 54.]
 [20. 16. 31.]
 [14. 14. 27.]
 [26. 19. 62.]
 [ 8. 31. 62.]
 [ 2. 30. 47.]
 [ 4. 62. 45.]
 [10. 62.  9.]
 [30.  1. 58.]
 [ 1. 52. 63.]]","[0.6578444242477417, 0.6553422808647156, 0.6442520618438721, 0.6341176629066467, 0.608979344367981, 0.5969398021697998, 0.5820977091789246, 0.5790433287620544, 0.5668087005615234, 0.5652858018875122, 0.5605138540267944, 0.5602905750274658, 0.5588170886039734, 0.5381211042404175, 0.5365390777587891, 0.5305230617523193, 0.5178478956222534, 0.516514241695404, 0.5162778496742249, 0.4846297800540924, 0.48043161630630493, 0.477463960647583, 0.4609186053276062, 0.44387099146842957, 0.3269907534122467]"
F1_N3,inner_val_44b6_t70_p04_crowded,inner_val,44b6_d29c9ab2,70,crowded,0.3,2,24,0,1,1,3.0210347175598145,3.0210347175598145,1.7235727310180664,1,1.7235727310180664,1,0.5094389915466309,"[[24.  6. 45.]
 [10. 15. 31.]
 [10. 16.  4.]
 [24. 32. 39.]
 [16. 12.  7.]
 [16. 52. 52.]
 [20. 49.  6.]
 [16. 33.  4.]
 [28. 28. 59.]
 [20. 36. 15.]
 [ 4. 26. 23.]
 [14. 12. 49.]
 [ 2. 16. 51.]
 [20. 13. 16.]
 [26.  9. 62.]
 [ 2. 58. 21.]
 [26. 51. 57.]
 [16. 47. 14.]
 [ 8. 39. 62.]
 [ 2. 37. 20.]
 [ 8. 62. 35.]
 [ 6.  1. 52.]
 [ 4. 62.  4.]
 [ 8. 50.  3.]]","[0.7130110859870911, 0.6894468069076538, 0.6804524660110474, 0.6766645312309265, 0.6734140515327454, 0.6541446447372437, 0.6437371373176575, 0.6339371800422668, 0.62324458360672, 0.6205974221229553, 0.6148017048835754, 0.61396324634552, 0.6135385036468506, 0.6061028838157654, 0.5761401057243347, 0.5566944479942322, 0.5542397499084473, 0.5140913724899292, 0.5105670690536499, 0.5094389915466309, 0.47042229771614075, 0.4589531123638153, 0.36398863792419434, 0.316424697637558]"
F1_N3,inner_val_44b6_t90_p05_isolated,inner_val,44b6_d29c9ab2,90,isolated,0.3,1,20,1,1,1,0.40625,0.40625,0.40625,1,0.40625,1,0.6744312047958374,"[[ 4. 11. 28.]
 [ 4. 40. 45.]
 [10. 48. 29.]
 [16. 33. 32.]
 [16. 10. 35.]
 [ 8. 30. 15.]
 [ 6. 19. 60.]
 [ 8. 49. 62.]
 [12. 35. 46.]
 [10. 59.  8.]
 [10.  8. 11.]
 [20. 35. 54.]
 [22.  1. 50.]
 [14. 18.  2.]
 [22. 14. 29.]
 [ 1. 19.  2.]
 [ 4. 63. 41.]
 [17. 62. 62.]
 [ 7. 63. 23.]
 [ 1. 23. 59.]]","[0.7896324992179871, 0.707390308380127, 0.6956896781921387, 0.6744312047958374, 0.6606280207633972, 0.6506900787353516, 0.6447071433067322, 0.6217442154884338, 0.6150754690170288, 0.6064140200614929, 0.5996368527412415, 0.5844343304634094, 0.5839712023735046, 0.5765519142150879, 0.5419058799743652, 0.4879472851753235, 0.4683225154876709, 0.42352068424224854, 0.403633713722229, 0.34041306376457214]"
F1_N3,inner_val_44b6_t75_p06_isolated,inner_val,44b6_d29c9ab2,75,isolated,0.3,1,30,0,1,1,1.6750116348266602,1.6750116348266602,1.6750116348266602,1,1.6750116348266602,1,0.6080284118652344,"[[ 8. 45. 34.]
 [14. 32. 45.]
 [22. 32. 33.]
 [12. 22.  5.]
 [28.  1. 51.]
 [16.  1. 48.]
 [ 2. 11.  5.]
 [28. 51. 36.]
 [12. 41.  6.]
 [26. 27. 28.]
 [12. 21. 23.]
 [24.  4.  5.]
 [28. 23. 52.]
 [16.  1. 24.]
 [20.  7. 15.]
 [24. 36. 17.]
 [ 8. 47. 62.]
 [20. 48.  7.]
 [ 4.  8. 55.]
 [12. 57. 12.]
 [22. 59. 21.]
 [28. 51. 62.]
 [28. 36. 47.]
 [12. 62. 37.]
 [22. 15. 48.]
 [26. 55. 22.]
 [18. 25.  6.]
 [ 6. 62. 51.]
 [14. 26. 63.]
 [20. 41. 63.]]","[0.630054771900177, 0.6185387372970581, 0.6080284118652344, 0.5983127355575562, 0.5846490859985352, 0.5836806297302246, 0.5776423811912537, 0.5711057186126709, 0.5367327332496643, 0.534878671169281, 0.531148374080658, 0.5246229767799377, 0.5233057737350464, 0.511727511882782, 0.5095052123069763, 0.4951905906200409, 0.49154093861579895, 0.4880344867706299, 0.48410385847091675, 0.48188573122024536, 0.46313712000846863, 0.45672670006752014, 0.44659680128097534, 0.43496257066726685, 0.41855043172836304, 0.41058114171028137, 0.3998539447784424, 0.38349878787994385, 0.33031192421913147, 0.3111262023448944]"
F1_N3,inner_val_44b6_t70_p07_isolated,inner_val,44b6_d29c9ab2,70,isolated,0.3,1,26,1,1,1,0.40625,0.40625,0.40625,1,0.40625,1,0.8213000297546387,"[[16. 32. 31.]
 [ 4. 51. 34.]
 [12. 15. 50.]
 [12.  1. 10.]
 [18. 50. 43.]
 [18. 10. 37.]
 [ 4. 23. 44.]
 [ 4.  4. 19.]
 [ 2. 21. 14.]
 [ 2. 30. 61.]
 [12. 25. 16.]
 [ 8. 59. 51.]
 [14. 59. 26.]
 [22.  7. 62.]
 [ 2. 59. 62.]
 [ 2.  1. 59.]
 [10. 63. 17.]
 [26. 13. 54.]
 [22. 29. 39.]
 [20. 62. 61.]
 [22. 33. 62.]
 [10. 28.  4.]
 [13. 51. 62.]
 [16. 24. 62.]
 [13. 60. 62.]
 [27. 62. 59.]]","[0.8213000297546387, 0.770135760307312, 0.7202799320220947, 0.7092179656028748, 0.703258752822876, 0.6989685893058777, 0.6869288086891174, 0.6609330773353577, 0.6358078122138977, 0.589637041091919, 0.5866106748580933, 0.566456139087677, 0.5492813587188721, 0.525840699672699, 0.5191702842712402, 0.515504002571106, 0.483894944190979, 0.46806904673576355, 0.44262072443962097, 0.439175009727478, 0.4188818335533142, 0.40652772784233093, 0.3673790395259857, 0.36020952463150024, 0.32353004813194275, 0.30473220348358154]"
F1_N3,inner_val_44b6_t70_p08_boundary,inner_val,44b6_d29c9ab2,70,boundary,0.3,1,28,1,1,1,0.40625,0.40625,0.40625,1,0.40625,1,0.7069407105445862,"[[16. 11. 32.]
 [10. 24. 25.]
 [16. 50. 31.]
 [24. 39.  6.]
 [20. 10.  5.]
 [ 6. 35. 14.]
 [30.  5. 46.]
 [ 4. 41. 37.]
 [18. 22. 55.]
 [22. 42. 31.]
 [22. 32. 29.]
 [12. 39. 16.]
 [18. 39. 49.]
 [ 8. 54.  3.]
 [ 2. 23. 56.]
 [20. 62.  5.]
 [28. 30. 15.]
 [31. 37. 48.]
 [20. 51. 60.]
 [26. 52. 53.]
 [28.  1.  7.]
 [ 2.  5. 44.]
 [ 4. 62. 55.]
 [ 8. 11. 42.]
 [ 2. 62. 11.]
 [23. 63. 25.]
 [26. 15. 62.]
 [24.  1. 30.]]","[0.7069407105445862, 0.6731587052345276, 0.6718325018882751, 0.6664097905158997, 0.6638448238372803, 0.6542243957519531, 0.6359013915061951, 0.6121074557304382, 0.6112402677536011, 0.6051664352416992, 0.5879209041595459, 0.5846858024597168, 0.5736796259880066, 0.5695632100105286, 0.5600406527519226, 0.5576589107513428, 0.5300185084342957, 0.5183709263801575, 0.5103210806846619, 0.5080305933952332, 0.5023285746574402, 0.4974581003189087, 0.489058256149292, 0.4592508375644684, 0.4575483798980713, 0.4035665988922119, 0.40261006355285645, 0.38157281279563904]"
F1_N3,inner_val_44b6_t90_p09_zero_annotation,inner_val,44b6_d29c9ab2,90,zero_annotation,0.3,0,32,0,0,0,,,,0,,0,,"[[14. 42. 29.]
 [20. 13. 50.]
 [10. 20. 21.]
 [28. 43. 13.]
 [28. 50. 45.]
 [ 6. 23. 20.]
 [12.  8. 33.]
 [18.  7.  8.]
 [30. 16. 43.]
 [30.  1. 36.]
 [ 2. 36. 17.]
 [16. 21. 41.]
 [24. 32.  6.]
 [30. 30. 29.]
 [ 4. 58.  9.]
 [28. 16.  7.]
 [23. 62.  3.]
 [20. 51. 35.]
 [10. 24. 57.]
 [ 8. 41. 53.]
 [14. 21.  2.]
 [24. 11.  2.]
 [24. 27. 62.]
 [14. 63. 15.]
 [26. 63. 25.]
 [20. 62. 37.]
 [12.  5. 63.]
 [ 2. 11. 16.]
 [24. 48. 53.]
 [31. 63. 57.]
 [ 2.  1. 36.]
 [ 2. 51. 62.]]","[0.7082165479660034, 0.6495662927627563, 0.6414871215820312, 0.630942165851593, 0.6109387278556824, 0.586988627910614, 0.5833767056465149, 0.568717896938324, 0.5617881417274475, 0.5601279139518738, 0.5520520210266113, 0.5480340719223022, 0.5298395752906799, 0.5237367153167725, 0.5204203128814697, 0.5161996483802795, 0.5048013925552368, 0.4912773072719574, 0.4852534234523773, 0.4799595773220062, 0.47717225551605225, 0.46492406725883484, 0.46477022767066956, 0.4432641863822937, 0.42189574241638184, 0.4158020317554474, 0.39871272444725037, 0.393057644367218, 0.381452351808548, 0.376071959733963, 0.3702904284000397, 0.32016435265541077]"
F1_N3,inner_val_44b6_t70_p10_zero_annotation,inner_val,44b6_d29c9ab2,70,zero_annotation,0.3,0,21,0,0,0,,,,0,,0,,"[[ 4.  6. 49.]
 [12. 15. 15.]
 [ 2. 33. 15.]
 [ 2. 50. 35.]
 [ 1. 53. 19.]
 [12. 17. 59.]
 [10.  4. 54.]
 [12. 33. 61.]
 [ 4. 22. 30.]
 [12. 23. 40.]
 [12. 38. 32.]
 [ 1. 37. 60.]
 [ 4.  8. 15.]
 [ 7. 37. 48.]
 [12. 43. 51.]
 [12. 50. 22.]
 [28. 53. 62.]
 [12. 53. 61.]
 [22. 35. 62.]
 [27. 29. 62.]
 [20. 17. 62.]]","[0.7374027371406555, 0.5748595595359802, 0.5260836482048035, 0.5056555271148682, 0.4850052297115326, 0.4622880220413208, 0.4480631649494171, 0.4456266164779663, 0.4273870587348938, 0.41728729009628296, 0.4112493395805359, 0.4035123288631439, 0.3993413746356964, 0.38355493545532227, 0.3753804862499237, 0.36683788895606995, 0.3315967321395874, 0.3271641433238983, 0.31660446524620056, 0.30850833654403687, 0.3001402020454407]"
F1_N3,held_out_val_6bba_t20_p01_crowded,held_out_val,6bba_43fea39d,20,crowded,0.3,3,15,0,0,0,6.359648068745931,6.550584316253662,,0,,0,,"[[22. 50. 13.]
 [30. 34. 37.]
 [20. 32. 29.]
 [20. 41. 54.]
 [ 6. 52. 19.]
 [ 2. 62. 43.]
 [ 6. 55. 46.]
 [14. 62. 23.]
 [30. 48.  3.]
 [30. 41. 62.]
 [20. 55. 25.]
 [10. 52. 59.]
 [14. 60. 50.]
 [16. 52. 60.]
 [31. 17.  4.]]","[0.6034910678863525, 0.5920196175575256, 0.556364119052887, 0.5353557467460632, 0.5313858985900879, 0.5070575475692749, 0.4895345866680145, 0.4668130576610565, 0.44337692856788635, 0.41687366366386414, 0.40619605779647827, 0.40367886424064636, 0.3468160033226013, 0.3436374068260193, 0.3417668342590332]"
F1_N3,held_out_val_6bba_t35_p02_crowded,held_out_val,6bba_43fea39d,35,crowded,0.3,3,14,0,0,1,4.312036514282227,4.082761764526367,,0,2.03125,1,,"[[26. 40. 29.]
 [ 2. 42. 19.]
 [16. 42. 49.]
 [12. 34. 15.]
 [ 2. 62. 45.]
 [28. 15. 16.]
 [28. 10. 27.]
 [20. 51. 10.]
 [ 8. 57. 14.]
 [30. 27. 56.]
 [20. 27. 33.]
 [12. 29. 42.]
 [12. 47. 62.]
 [30. 44.  5.]]","[0.5750505328178406, 0.5673362016677856, 0.5549752116203308, 0.5216295123100281, 0.518706202507019, 0.501670241355896, 0.49946627020835876, 0.471752792596817, 0.4711388349533081, 0.466978520154953, 0.46596068143844604, 0.4300697147846222, 0.4044031798839569, 0.3367418944835663]"
F1_N3,held_out_val_6bba_t50_p03_crowded,held_out_val,6bba_43fea39d,50,crowded,0.3,2,11,0,1,2,2.0480611324310303,2.0480611324310303,1.625,1,2.0480611324310303,2,0.5687229037284851,"[[26. 20. 51.]
 [22. 20. 51.]
 [ 2. 32. 57.]
 [14. 47. 59.]
 [18. 23. 51.]
 [26. 53. 43.]
 [ 8. 59. 48.]
 [20. 62. 31.]
 [10. 62. 23.]
 [30. 62. 11.]
 [19. 62.  4.]]","[0.5906992554664612, 0.5786119103431702, 0.5687229037284851, 0.5685892105102539, 0.5651402473449707, 0.5495342016220093, 0.455237478017807, 0.44783884286880493, 0.44373011589050293, 0.32679447531700134, 0.3128536343574524]"
F1_N3,held_out_val_6bba_t20_p04_crowded,held_out_val,6bba_43fea39d,20,crowded,0.3,2,10,0,0,0,7.258855104446411,7.258855104446411,,0,,0,,"[[ 4. 54. 25.]
 [ 2. 25. 58.]
 [10. 53. 25.]
 [20. 49. 60.]
 [18. 56. 37.]
 [30. 60. 43.]
 [ 8. 55. 58.]
 [30. 60. 24.]
 [24. 60.  4.]
 [18. 62.  5.]]","[0.693967342376709, 0.6782888174057007, 0.6705743074417114, 0.6550456285476685, 0.6165183782577515, 0.5859919190406799, 0.5755603313446045, 0.5491047501564026, 0.5100454688072205, 0.43641242384910583]"
F1_N3,held_out_val_6bba_t80_p05_isolated,held_out_val,6bba_43fea39d,80,isolated,0.3,1,12,0,0,0,4.082761764526367,4.082761764526367,,0,,0,,"[[ 2. 54. 43.]
 [14. 30. 43.]
 [18. 38. 25.]
 [30. 62. 31.]
 [ 6. 62. 13.]
 [26. 54. 59.]
 [ 6. 49. 60.]
 [26. 32. 19.]
 [16. 61.  5.]
 [17. 62. 45.]
 [26. 23. 32.]
 [31. 27. 62.]]","[0.6708161234855652, 0.6534336805343628, 0.6408153176307678, 0.5848789811134338, 0.5724279284477234, 0.5329391956329346, 0.5108184814453125, 0.48523277044296265, 0.47353115677833557, 0.4075832664966583, 0.39678671956062317, 0.3715178370475769]"
F1_N3,held_out_val_6bba_t35_p06_isolated,held_out_val,6bba_43fea39d,35,isolated,0.3,1,13,0,0,0,8.492471694946289,8.492471694946289,,0,,0,,"[[12. 17. 14.]
 [22. 36.  9.]
 [ 2. 32. 41.]
 [20. 27. 46.]
 [20. 12. 19.]
 [18. 38. 11.]
 [26. 31. 15.]
 [14. 31. 38.]
 [ 6. 12. 13.]
 [30. 28. 33.]
 [30. 30.  5.]
 [10. 27. 59.]
 [ 1. 35. 12.]]","[0.6197518706321716, 0.614311933517456, 0.593792200088501, 0.5926609039306641, 0.573137104511261, 0.5608633160591125, 0.5534379482269287, 0.5465561151504517, 0.5430164933204651, 0.4873581826686859, 0.44988036155700684, 0.4433870315551758, 0.4419424533843994]"
F1_N3,held_out_val_6bba_t35_p07_isolated,held_out_val,6bba_43fea39d,35,isolated,0.3,1,16,0,0,1,2.03125,2.03125,,0,2.03125,1,,"[[10. 47. 46.]
 [22. 54.  7.]
 [22. 45. 44.]
 [14. 30. 35.]
 [16. 35. 28.]
 [ 2. 35. 25.]
 [24. 21. 30.]
 [ 8. 25. 28.]
 [ 6. 62. 17.]
 [30. 44. 41.]
 [28. 61.  7.]
 [31. 33. 34.]
 [31. 39. 60.]
 [31. 28. 55.]
 [31. 57. 21.]
 [ 2. 49. 62.]]","[0.6896769404411316, 0.6385787725448608, 0.6277275085449219, 0.5643267035484314, 0.5611044764518738, 0.5547453165054321, 0.544867217540741, 0.5119726061820984, 0.496560662984848, 0.48546040058135986, 0.4659460783004761, 0.3983606994152069, 0.39026394486427307, 0.38476040959358215, 0.38155704736709595, 0.3694148659706116]"
F1_N3,held_out_val_6bba_t80_p08_isolated,held_out_val,6bba_43fea39d,80,isolated,0.3,1,14,0,0,0,5.52559757232666,5.52559757232666,,0,,0,,"[[14. 33. 48.]
 [24. 62. 47.]
 [30. 39. 46.]
 [ 8. 41. 54.]
 [20. 32. 25.]
 [16. 36. 19.]
 [20. 62. 49.]
 [12. 32. 34.]
 [ 4. 60. 61.]
 [26. 62.  5.]
 [12. 62. 39.]
 [31. 60.  6.]
 [31. 43.  7.]
 [16. 62. 61.]]","[0.6220287680625916, 0.5986166000366211, 0.5932576060295105, 0.5729638934135437, 0.5675148963928223, 0.563276469707489, 0.5600169897079468, 0.5510830879211426, 0.4812149405479431, 0.4683513939380646, 0.46424299478530884, 0.43537208437919617, 0.3526386022567749, 0.34777209162712097]"
F1_N3,held_out_val_6bba_t20_p09_boundary,held_out_val,6bba_43fea39d,20,boundary,0.3,1,25,0,1,1,1.21875,1.21875,1.21875,1,1.21875,1,0.8608346581459045,"[[30. 32. 57.]
 [ 8. 60. 53.]
 [26. 60. 59.]
 [16. 60. 57.]
 [24. 22. 25.]
 [22. 25. 34.]
 [22. 10. 60.]
 [14. 22. 61.]
 [20. 60.  8.]
 [22. 62. 21.]
 [26. 61. 29.]
 [16. 38. 19.]
 [14. 13.  5.]
 [ 1. 27. 62.]
 [25. 61. 16.]
 [10. 13. 13.]
 [14. 24. 33.]
 [16. 19. 22.]
 [16. 10. 62.]
 [13.  9. 62.]
 [24. 52.  7.]
 [15. 13. 50.]
 [ 1. 53.  9.]
 [ 2. 62. 12.]
 [14. 62.  8.]]","[0.8608346581459045, 0.7884909510612488, 0.7880528569221497, 0.7843865752220154, 0.5852311849594116, 0.5848056674003601, 0.5726239085197449, 0.5386999845504761, 0.5106534361839294, 0.5003305673599243, 0.4938720166683197, 0.47918516397476196, 0.4787063002586365, 0.4725176692008972, 0.46764758229255676, 0.4482554793357849, 0.4342321455478668, 0.4214614927768707, 0.39192670583724976, 0.39061257243156433, 0.3771666884422302, 0.35827314853668213, 0.3575158715248108, 0.34694331884384155, 0.34083813428878784]"
F1_N3,held_out_val_6bba_t50_p10_boundary,held_out_val,6bba_43fea39d,50,boundary,0.3,1,16,0,0,0,3.471001625061035,3.471001625061035,,0,,0,,"[[28. 29. 40.]
 [14. 61. 46.]
 [ 8. 61. 59.]
 [26. 61. 61.]
 [16. 43. 62.]
 [ 1. 62. 49.]
 [16. 22. 62.]
 [21. 62. 21.]
 [31. 62. 33.]
 [14. 61.  8.]
 [ 8. 37. 62.]
 [12. 31. 61.]
 [10. 19. 62.]
 [31. 11.  5.]
 [ 6. 62. 26.]
 [ 8. 62.  4.]]","[0.8151779770851135, 0.7113917469978333, 0.6263065934181213, 0.623590886592865, 0.5055394768714905, 0.4988732635974884, 0.490795373916626, 0.46872377395629883, 0.44271358847618103, 0.44145679473876953, 0.4341017007827759, 0.4228351414203644, 0.3806096017360687, 0.3794965147972107, 0.3565632998943329, 0.35509607195854187]"
F1_N3,held_out_val_6bba_t35_p11_zero_annotation,held_out_val,6bba_43fea39d,35,zero_annotation,0.3,0,45,0,0,0,,,,0,,0,,"[[16. 59. 48.]
 [ 8. 27. 61.]
 [22. 53. 61.]
 [20. 31. 29.]
 [ 8. 50. 51.]
 [14. 53. 61.]
 [28. 61. 40.]
 [18. 29. 41.]
 [28. 50. 60.]
 [10. 59. 41.]
 [10. 52. 61.]
 [15. 61. 24.]
 [20. 11. 25.]
 [ 8. 14. 37.]
 [24. 61. 22.]
 [22. 35. 13.]
 [ 4. 61. 40.]
 [27. 13. 40.]
 [16. 39. 62.]
 [ 4. 33. 13.]
 [16. 28. 15.]
 [14. 50. 16.]
 [14. 26. 62.]
 [22. 57. 32.]
 [10.  6. 62.]
 [ 6. 53. 62.]
 [14. 30. 29.]
 [28. 31. 62.]
 [ 8. 62. 23.]
 [ 8. 43. 21.]
 [30. 51. 43.]
 [24. 27. 62.]
 [14. 42. 49.]
 [ 2. 49. 38.]
 [ 8. 38. 37.]
 [ 2. 37. 62.]
 [ 4.  9. 62.]
 [12. 31. 48.]
 [28.  7. 62.]
 [10. 62. 14.]
 [22. 28. 52.]
 [23. 11. 15.]
 [24. 10. 25.]
 [22.  9. 62.]
 [ 1. 62. 14.]]","[0.7438074350357056, 0.6653716564178467, 0.6110044717788696, 0.59367835521698, 0.5809268951416016, 0.5740130543708801, 0.5733398795127869, 0.5438845157623291, 0.5370630025863647, 0.5335475206375122, 0.5163533687591553, 0.514319658279419, 0.5136179327964783, 0.508368968963623, 0.4914339780807495, 0.4893360733985901, 0.48810717463493347, 0.48689308762550354, 0.4812956750392914, 0.47524604201316833, 0.4714183211326599, 0.46866244077682495, 0.4510217308998108, 0.44254744052886963, 0.42703068256378174, 0.4267314374446869, 0.41844642162323, 0.4180111587047577, 0.41583579778671265, 0.40866780281066895, 0.40551576018333435, 0.40470415353775024, 0.39495643973350525, 0.3852699100971222, 0.38203322887420654, 0.3816181421279907, 0.37156450748443604, 0.3683736324310303, 0.3553749918937683, 0.35505130887031555, 0.3494340777397156, 0.34418603777885437, 0.32847774028778076, 0.3258114159107208, 0.32088184356689453]"
F1_N3,held_out_val_6bba_t65_p12_zero_annotation,held_out_val,6bba_43fea39d,65,zero_annotation,0.3,0,47,0,0,0,,,,0,,0,,"[[ 8.  4.  7.]
 [10. 14. 51.]
 [ 6. 27. 22.]
 [24. 22.  7.]
 [ 4.  3. 16.]
 [24. 45. 21.]
 [ 4. 14. 25.]
 [28. 52. 20.]
 [16.  5.  4.]
 [16. 13.  8.]
 [ 7. 14. 35.]
 [ 7. 26. 39.]
 [23.  4. 37.]
 [12. 15. 62.]
 [24. 50.  9.]
 [18. 53. 22.]
 [30. 11. 14.]
 [17. 43. 38.]
 [22. 19. 62.]
 [ 8. 35. 61.]
 [11. 46. 21.]
 [ 6. 52. 62.]
 [28. 38. 61.]
 [ 9. 47. 50.]
 [ 6. 61. 19.]
 [18. 23. 22.]
 [13. 51. 62.]
 [24. 24. 51.]
 [21. 14. 26.]
 [ 6. 53. 21.]
 [22. 49. 61.]
 [ 3. 12. 53.]
 [22. 61.  6.]
 [17. 62. 40.]
 [21. 18. 40.]
 [28. 24. 52.]
 [16. 46.  8.]
 [18. 40. 62.]
 [31. 54. 61.]
 [28. 23. 60.]
 [13. 62. 40.]
 [ 4. 11. 61.]
 [31. 33.  6.]
 [ 2. 48. 38.]
 [31. 27. 40.]
 [23. 62. 27.]
 [14. 23. 50.]]","[0.7302946448326111, 0.7152027487754822, 0.7146647572517395, 0.6968111395835876, 0.6877830624580383, 0.6228035688400269, 0.6220971345901489, 0.6100342273712158, 0.5910266041755676, 0.5823700428009033, 0.5619189143180847, 0.5487434267997742, 0.5377634763717651, 0.5297749042510986, 0.5197262167930603, 0.5183959007263184, 0.5053126215934753, 0.5047571063041687, 0.49898412823677063, 0.497653990983963, 0.47103172540664673, 0.46936124563217163, 0.46819522976875305, 0.46722063422203064, 0.46463096141815186, 0.4511852562427521, 0.44770392775535583, 0.4460480511188507, 0.4292643368244171, 0.42496126890182495, 0.41376760601997375, 0.40710633993148804, 0.4067060649394989, 0.402218222618103, 0.40196871757507324, 0.40046486258506775, 0.4001542627811432, 0.38345566391944885, 0.38285648822784424, 0.382516473531723, 0.37811407446861267, 0.37135666608810425, 0.35083505511283875, 0.34029537439346313, 0.31951993703842163, 0.3158363103866577, 0.3068859279155731]"
classical_dog,train_6bba_t15_p01_crowded,train,6bba_bb9f20c3,15,crowded,0.0,2,5,0,0,0,9.678592463149597,9.678592463149597,,0,,0,0.25651758909225464,"[[8.0, 46.0, 32.0], [5.0, 24.0, 39.0], [8.0, 45.0, 5.0], [17.0, 48.0, 23.0], [12.0, 53.0, 10.0]]","[0.3222005367279053, 0.25880739092826843, 0.25183963775634766, 0.23075802624225616, 0.21898218989372253]"
classical_dog,train_6bba_t35_p02_crowded,train,6bba_bb9f20c3,35,crowded,0.0,2,3,0,0,0,10.95685074478388,10.95685074478388,,0,,0,0.32294419407844543,"[[9.0, 51.0, 25.0], [13.0, 9.0, 39.0], [9.0, 36.0, 54.0]]","[0.4044254422187805, 0.3047850728034973, 0.25962206721305847]"
classical_dog,train_6bba_t40_p03_crowded,train,6bba_bb9f20c3,40,crowded,0.0,2,5,0,0,0,8.542022781417897,8.542022781417897,,0,,0,0.26210957765579224,"[[12.0, 35.0, 17.0], [8.0, 32.0, 55.0], [18.0, 45.0, 24.0], [10.0, 40.0, 34.0], [14.0, 29.0, 57.0]]","[0.3033924996852875, 0.2962719202041626, 0.24573026597499847, 0.24070361256599426, 0.22444967925548553]"
classical_dog,train_6bba_t45_p04_crowded,train,6bba_bb9f20c3,45,crowded,0.0,3,4,1,1,1,7.543311758525397,7.001185725468223,0.0,1,0.0,1,0.33824020624160767,"[[10.0, 46.0, 53.0], [14.0, 32.0, 32.0], [15.0, 22.0, 48.0], [16.0, 32.0, 13.0]]","[0.37943464517593384, 0.3539879024028778, 0.3154686987400055, 0.3040696084499359]"
classical_dog,train_6bba_t55_p05_crowded,train,6bba_bb9f20c3,55,crowded,0.0,2,3,0,1,1,9.495969558869604,9.495969558869604,1.6750116604071745,1,1.6750116604071745,1,0.26557859778404236,"[[8.0, 30.0, 20.0], [7.0, 51.0, 24.0], [3.0, 31.0, 32.0]]","[0.32056280970573425, 0.24249209463596344, 0.2336808443069458]"
classical_dog,train_6bba_t55_p06_crowded,train,6bba_bb9f20c3,55,crowded,0.0,3,5,0,1,1,8.607116157179798,11.497664504693986,1.86167137607581,1,1.86167137607581,1,0.2934108376502991,"[[9.0, 53.0, 35.0], [12.0, 17.0, 41.0], [15.0, 30.0, 33.0], [19.0, 22.0, 36.0], [16.0, 52.0, 51.0]]","[0.36115923523902893, 0.30563125014305115, 0.2975635528564453, 0.2586258351802826, 0.24407429993152618]"
classical_dog,train_6bba_t15_p07_crowded,train,6bba_bb9f20c3,15,crowded,0.0,3,6,1,1,1,8.659371893623808,10.756039364584902,0.5745242597140698,1,0.5745242597140698,1,0.27513810992240906,"[[16.0, 21.0, 48.0], [24.0, 37.0, 30.0], [10.0, 41.0, 15.0], [9.0, 31.0, 33.0], [6.0, 39.0, 53.0], [21.0, 27.0, 33.0]]","[0.3665812313556671, 0.2847459316253662, 0.28029191493988037, 0.2577982246875763, 0.23707498610019684, 0.22433647513389587]"
classical_dog,train_6bba_t25_p08_crowded,train,6bba_bb9f20c3,25,crowded,0.0,4,5,0,0,0,8.334234714895086,9.090337696569161,,0,,0,0.24646875262260437,"[[6.0, 40.0, 25.0], [12.0, 61.0, 28.0], [8.0, 39.0, 49.0], [19.0, 15.0, 48.0], [13.0, 33.0, 19.0]]","[0.30854344367980957, 0.24888990819454193, 0.2329743355512619, 0.22747491300106049, 0.21446117758750916]"
classical_dog,train_6bba_t10_p09_crowded,train,6bba_bb9f20c3,10,crowded,0.0,2,3,0,1,1,12.033648500129788,12.033648500129788,1.284675299443404,1,1.284675299443404,1,0.26963332295417786,"[[2.0, 31.0, 29.0], [1.0, 56.0, 5.0], [4.0, 10.0, 53.0]]","[0.3394947946071625, 0.25320589542388916, 0.21619929373264313]"
classical_dog,train_6bba_t40_p10_crowded,train,6bba_bb9f20c3,40,crowded,0.0,2,3,0,0,0,10.602692099236439,10.602692099236439,,0,,0,0.353122740983963,"[[7.0, 30.0, 53.0], [11.0, 13.0, 17.0], [6.0, 39.0, 35.0]]","[0.38937318325042725, 0.3618781566619873, 0.3081169128417969]"
classical_dog,train_6bba_t35_p11_crowded,train,6bba_bb9f20c3,35,crowded,0.0,3,8,0,1,1,5.603598970730108,5.984436194204096,1.625,1,1.625,1,0.25949934124946594,"[[21.0, 24.0, 11.0], [2.0, 40.0, 20.0], [2.0, 6.0, 43.0], [7.0, 16.0, 44.0], [11.0, 40.0, 25.0], [4.0, 18.0, 14.0], [11.0, 10.0, 19.0], [7.0, 44.0, 49.0]]","[0.347189337015152, 0.2844342589378357, 0.27804213762283325, 0.27426183223724365, 0.23339439928531647, 0.22304384410381317, 0.22193072736263275, 0.21369823813438416]"
classical_dog,train_6bba_t45_p12_crowded,train,6bba_bb9f20c3,45,crowded,0.0,3,5,0,1,1,5.449920799218415,3.9804208320226646,1.86167137607581,1,1.86167137607581,1,0.2793029844760895,"[[7.0, 42.0, 43.0], [22.0, 33.0, 7.0], [10.0, 10.0, 34.0], [14.0, 14.0, 14.0], [11.0, 45.0, 22.0]]","[0.3190362751483917, 0.3185071349143982, 0.2638767957687378, 0.26113608479499817, 0.23395855724811554]"
classical_dog,train_6bba_t20_p13_crowded,train,6bba_bb9f20c3,20,crowded,0.0,3,4,0,0,0,9.621920631743821,8.760317577719428,,0,,0,0.3118971586227417,"[[4.0, 21.0, 58.0], [4.0, 26.0, 27.0], [11.0, 59.0, 28.0], [2.0, 53.0, 12.0]]","[0.359552800655365, 0.3283165693283081, 0.2818954288959503, 0.277823805809021]"
classical_dog,train_6bba_t20_p14_crowded,train,6bba_bb9f20c3,20,crowded,0.0,3,5,0,2,2,6.094470607919175,1.86167137607581,1.7926220776090096,2,1.7926220776090096,2,0.24214406311511993,"[[2.0, 46.0, 12.0], [3.0, 4.0, 32.0], [5.0, 42.0, 37.0], [10.0, 37.0, 30.0], [15.0, 33.0, 8.0]]","[0.2782110273838043, 0.26630550622940063, 0.25526919960975647, 0.20857317745685577, 0.2023613303899765]"
classical_dog,train_6bba_t15_p15_crowded,train,6bba_bb9f20c3,15,crowded,0.0,2,3,0,0,0,21.214622080314566,21.214622080314566,,0,,0,0.32580363750457764,"[[6.0, 32.0, 27.0], [10.0, 12.0, 36.0], [10.0, 29.0, 7.0]]","[0.3656943142414093, 0.35626545548439026, 0.25545114278793335]"
classical_dog,train_6bba_t30_p16_crowded,train,6bba_bb9f20c3,30,crowded,0.0,2,3,0,0,0,14.296143731873853,14.296143731873853,,0,,0,0.34810006618499756,"[[9.0, 17.0, 33.0], [6.0, 42.0, 30.0], [9.0, 9.0, 51.0]]","[0.36302709579467773, 0.3576858639717102, 0.32358720898628235]"
classical_dog,train_6bba_t50_p17_crowded,train,6bba_bb9f20c3,50,crowded,0.0,3,3,0,1,1,8.973479264858533,12.194268953590454,1.625,1,1.625,1,0.32576367259025574,"[[10.0, 43.0, 29.0], [17.0, 32.0, 32.0], [9.0, 34.0, 49.0]]","[0.40174978971481323, 0.29262492060661316, 0.2829163670539856]"
classical_dog,train_6bba_t55_p18_crowded,train,6bba_bb9f20c3,55,crowded,0.0,2,3,0,0,0,7.407880441074486,7.407880441074486,,0,,0,0.28200817108154297,"[[4.0, 12.0, 59.0], [2.0, 42.0, 38.0], [5.0, 33.0, 21.0]]","[0.3205174207687378, 0.26602596044540405, 0.25948116183280945]"
classical_dog,train_6bba_t45_p19_crowded,train,6bba_bb9f20c3,45,crowded,0.0,2,2,0,1,1,14.588632010674473,14.588632010674473,1.86167137607581,1,1.86167137607581,1,0.2973267436027527,"[[4.0, 13.0, 14.0], [2.0, 25.0, 32.0]]","[0.3169567286968231, 0.27769672870635986]"
classical_dog,train_6bba_t15_p20_crowded,train,6bba_bb9f20c3,15,crowded,0.0,2,9,1,1,1,6.615287606221529,6.615287606221529,0.9084026158592896,1,0.9084026158592896,1,0.26513758301734924,"[[19.0, 49.0, 32.0], [14.0, 18.0, 8.0], [12.0, 12.0, 44.0], [23.0, 28.0, 29.0], [14.0, 55.0, 19.0], [14.0, 30.0, 33.0], [23.0, 15.0, 10.0], [9.0, 40.0, 42.0], [19.0, 11.0, 44.0]]","[0.3374309837818146, 0.2880886197090149, 0.286091148853302, 0.2788880467414856, 0.26150017976760864, 0.24197930097579956, 0.23532608151435852, 0.23065467178821564, 0.22627924382686615]"
classical_dog,train_6bba_t30_p21_crowded,train,6bba_bb9f20c3,30,crowded,0.0,3,8,0,0,0,11.571419947904488,9.758459871439754,,0,,0,0.23335500061511993,"[[4.0, 12.0, 50.0], [11.0, 35.0, 13.0], [8.0, 61.0, 32.0], [4.0, 45.0, 28.0], [7.0, 28.0, 48.0], [15.0, 41.0, 54.0], [13.0, 20.0, 45.0], [22.0, 56.0, 15.0]]","[0.2880178689956665, 0.25943875312805176, 0.23627081513404846, 0.22721727192401886, 0.22387821972370148, 0.22073228657245636, 0.20564277470111847, 0.205641970038414]"
classical_dog,train_6bba_t50_p22_crowded,train,6bba_bb9f20c3,50,crowded,0.0,2,6,0,1,1,12.344899327319927,12.344899327319927,1.8168052317185792,1,1.8168052317185792,1,0.3159651458263397,"[[12.0, 54.0, 13.0], [18.0, 10.0, 25.0], [12.0, 46.0, 34.0], [15.0, 32.0, 14.0], [13.0, 25.0, 49.0], [8.0, 50.0, 55.0]]","[0.3563481569290161, 0.33975932002067566, 0.3264680504798889, 0.31707632541656494, 0.2845218777656555, 0.2716168761253357]"
classical_dog,train_6bba_t10_p23_crowded,train,6bba_bb9f20c3,10,crowded,0.0,3,6,1,2,2,6.57931804424634,1.6750116604071745,1.0406308302035874,2,1.0406308302035874,2,0.28326383233070374,"[[7.0, 55.0, 19.0], [3.0, 47.0, 46.0], [7.0, 35.0, 34.0], [26.0, 14.0, 22.0], [10.0, 16.0, 33.0], [16.0, 31.0, 26.0]]","[0.3299136757850647, 0.3028305172920227, 0.2890101969242096, 0.27262428402900696, 0.25871798396110535, 0.24648641049861908]"
classical_dog,train_6bba_t10_p24_crowded,train,6bba_bb9f20c3,10,crowded,0.0,2,3,0,0,0,10.695535788549886,10.695535788549886,,0,,0,0.30297473073005676,"[[11.0, 24.0, 45.0], [4.0, 48.0, 39.0], [10.0, 33.0, 9.0]]","[0.33706897497177124, 0.3034193217754364, 0.2684359550476074]"
classical_dog,train_6bba_t10_p25_isolated,train,6bba_bb9f20c3,10,isolated,0.0,1,6,0,1,1,1.7235727791422095,1.7235727791422095,1.7235727791422095,1,1.7235727791422095,1,0.2796972692012787,"[[6.0, 31.0, 33.0], [5.0, 32.0, 53.0], [6.0, 42.0, 18.0], [15.0, 18.0, 13.0], [10.0, 40.0, 48.0], [10.0, 41.0, 19.0]]","[0.35198974609375, 0.2887389063835144, 0.2853884696960449, 0.26846954226493835, 0.24304811656475067, 0.24054893851280212]"
classical_dog,train_6bba_t20_p26_isolated,train,6bba_bb9f20c3,20,isolated,0.0,1,5,0,0,0,10.436751470165417,10.436751470165417,,0,,0,0.2831438481807709,"[[17.0, 29.0, 28.0], [3.0, 30.0, 12.0], [14.0, 11.0, 11.0], [15.0, 9.0, 57.0], [7.0, 53.0, 51.0]]","[0.313883513212204, 0.3132314383983612, 0.2754290699958801, 0.25873246788978577, 0.25444287061691284]"
classical_dog,train_6bba_t35_p27_isolated,train,6bba_bb9f20c3,35,isolated,0.0,1,3,0,1,1,1.7235727791422095,1.7235727791422095,1.7235727791422095,1,1.7235727791422095,1,0.29560616612434387,"[[12.0, 50.0, 3.0], [9.0, 33.0, 31.0], [4.0, 12.0, 26.0]]","[0.32833606004714966, 0.3102290630340576, 0.24825333058834076]"
classical_dog,train_6bba_t40_p28_isolated,train,6bba_bb9f20c3,40,isolated,0.0,1,3,0,0,0,11.272980001978182,11.272980001978182,,0,,0,0.2655724287033081,"[[5.0, 13.0, 32.0], [9.0, 43.0, 45.0], [20.0, 14.0, 33.0]]","[0.36619842052459717, 0.24117572605609894, 0.1893431842327118]"
classical_dog,train_6bba_t25_p29_isolated,train,6bba_bb9f20c3,25,isolated,0.0,1,6,0,0,0,6.5253412267099105,6.5253412267099105,,0,,0,0.26479801535606384,"[[5.0, 42.0, 19.0], [13.0, 48.0, 34.0], [3.0, 21.0, 56.0], [1.0, 48.0, 52.0], [13.0, 11.0, 19.0], [18.0, 31.0, 33.0]]","[0.3403856158256531, 0.2874184548854828, 0.2803022563457489, 0.23585198819637299, 0.22671112418174744, 0.21811866760253906]"
classical_dog,train_6bba_t25_p30_isolated,train,6bba_bb9f20c3,25,isolated,0.0,1,3,0,0,0,7.289895618251334,7.289895618251334,,0,,0,0.3598267138004303,"[[14.0, 29.0, 45.0], [11.0, 50.0, 40.0], [16.0, 5.0, 46.0]]","[0.39014288783073425, 0.3882279694080353, 0.30110934376716614]"
classical_dog,train_6bba_t45_p31_isolated,train,6bba_bb9f20c3,45,isolated,0.0,1,4,0,0,0,11.403980938689788,11.403980938689788,,0,,0,0.3041313588619232,"[[6.0, 47.0, 60.0], [8.0, 24.0, 58.0], [11.0, 14.0, 24.0], [8.0, 51.0, 2.0]]","[0.32592812180519104, 0.3150223195552826, 0.3142445683479309, 0.2613304555416107]"
classical_dog,train_6bba_t30_p32_isolated,train,6bba_bb9f20c3,30,isolated,0.0,1,4,0,1,1,1.86167137607581,1.86167137607581,1.86167137607581,1,1.86167137607581,1,0.309345006942749,"[[11.0, 41.0, 44.0], [15.0, 31.0, 28.0], [18.0, 27.0, 8.0], [19.0, 8.0, 33.0]]","[0.36257922649383545, 0.32680201530456543, 0.3200032114982605, 0.2279956042766571]"
classical_dog,train_6bba_t55_p33_isolated,train,6bba_bb9f20c3,55,isolated,0.0,1,2,0,0,0,19.58445253894017,19.58445253894017,,0,,0,0.35367050766944885,"[[6.0, 14.0, 11.0], [1.0, 19.0, 35.0]]","[0.381289005279541, 0.3260520100593567]"
classical_dog,train_6bba_t25_p34_isolated,train,6bba_bb9f20c3,25,isolated,0.0,1,2,0,1,1,1.4647552056572457,1.4647552056572457,1.4647552056572457,1,1.4647552056572457,1,0.3367515802383423,"[[11.0, 45.0, 37.0], [16.0, 29.0, 21.0]]","[0.3663027286529541, 0.30720043182373047]"
classical_dog,train_6bba_t25_p35_isolated,train,6bba_bb9f20c3,25,isolated,0.0,1,3,0,0,1,2.8726212985703494,2.8726212985703494,,0,2.8726212985703494,1,0.30095815658569336,"[[4.0, 49.0, 32.0], [6.0, 37.0, 33.0], [9.0, 13.0, 38.0]]","[0.33702898025512695, 0.32011330127716064, 0.2457321584224701]"
classical_dog,train_6bba_t15_p36_isolated,train,6bba_bb9f20c3,15,isolated,0.0,1,5,0,1,1,1.7235727791422095,1.7235727791422095,1.7235727791422095,1,1.7235727791422095,1,0.29446035623550415,"[[3.0, 17.0, 51.0], [8.0, 20.0, 40.0], [5.0, 19.0, 29.0], [18.0, 52.0, 23.0], [15.0, 31.0, 31.0]]","[0.3118174076080322, 0.3070591688156128, 0.306624174118042, 0.3017573356628418, 0.24504372477531433]"
classical_dog,train_6bba_t50_p37_isolated,train,6bba_bb9f20c3,50,isolated,0.0,1,4,0,0,0,9.95105208005666,9.95105208005666,,0,,0,0.32679104804992676,"[[5.0, 53.0, 38.0], [11.0, 22.0, 22.0], [5.0, 37.0, 54.0], [8.0, 31.0, 34.0]]","[0.37608662247657776, 0.33651652932167053, 0.30479946732521057, 0.28976160287857056]"
classical_dog,train_6bba_t50_p38_isolated,train,6bba_bb9f20c3,50,isolated,0.0,1,5,0,1,1,1.6750116604071745,1.6750116604071745,1.6750116604071745,1,1.6750116604071745,1,0.2982347011566162,"[[5.0, 31.0, 32.0], [18.0, 58.0, 31.0], [7.0, 7.0, 31.0], [7.0, 45.0, 6.0], [12.0, 18.0, 14.0]]","[0.3601415753364563, 0.35342180728912354, 0.3023853302001953, 0.24023501574993134, 0.23498980700969696]"
classical_dog,train_6bba_t30_p39_isolated,train,6bba_bb9f20c3,30,isolated,0.0,1,3,0,1,1,1.6750116604071745,1.6750116604071745,1.6750116604071745,1,1.6750116604071745,1,0.24364091455936432,"[[4.0, 46.0, 18.0], [11.0, 31.0, 32.0], [3.0, 23.0, 54.0]]","[0.2943183481693268, 0.223543182015419, 0.21306121349334717]"
classical_dog,train_6bba_t20_p40_boundary,train,6bba_bb9f20c3,20,boundary,0.0,1,2,0,1,1,1.86167137607581,1.86167137607581,1.86167137607581,1,1.86167137607581,1,0.34317588806152344,"[[15.0, 14.0, 15.0], [10.0, 35.0, 29.0]]","[0.35198986530303955, 0.33436188101768494]"
classical_dog,train_6bba_t55_p41_boundary,train,6bba_bb9f20c3,55,boundary,0.0,1,3,0,0,0,14.585449995200696,14.585449995200696,,0,,0,0.35072359442710876,"[[3.0, 24.0, 28.0], [4.0, 42.0, 9.0], [9.0, 6.0, 13.0]]","[0.3954457640647888, 0.38210925459861755, 0.2746158242225647]"
classical_dog,train_6bba_t15_p42_boundary,train,6bba_bb9f20c3,15,boundary,0.0,1,4,0,0,0,12.827468390625642,12.827468390625642,,0,,0,0.3273896276950836,"[[7.0, 50.0, 25.0], [10.0, 20.0, 37.0], [5.0, 50.0, 47.0], [7.0, 23.0, 56.0]]","[0.37062594294548035, 0.3327956795692444, 0.3312689960002899, 0.2748678922653198]"
classical_dog,train_6bba_t55_p43_boundary,train,6bba_bb9f20c3,55,boundary,0.0,1,3,0,1,1,1.7235727791422095,1.7235727791422095,1.7235727791422095,1,1.7235727791422095,1,0.30872902274131775,"[[2.0, 31.0, 31.0], [15.0, 44.0, 36.0], [3.0, 51.0, 4.0]]","[0.34547844529151917, 0.3300653398036957, 0.2506432831287384]"
classical_dog,train_44b6_t40_p01_crowded,train,44b6_d29c9ab2,40,crowded,0.0,2,5,0,1,1,8.380155820920566,8.380155820920566,1.7235727791422095,1,1.7235727791422095,1,0.32933714985847473,"[[28.0, 55.0, 46.0], [23.0, 17.0, 19.0], [28.0, 20.0, 21.0], [27.0, 28.0, 46.0], [24.0, 39.0, 27.0]]","[0.3909105360507965, 0.36001890897750854, 0.35225528478622437, 0.28443166613578796, 0.2590692937374115]"
classical_dog,train_44b6_t45_p02_crowded,train,44b6_d29c9ab2,45,crowded,0.0,2,6,1,1,1,4.958913218891817,4.958913218891817,0.0,1,0.0,1,0.32672062516212463,"[[24.0, 18.0, 37.0], [16.0, 49.0, 32.0], [29.0, 51.0, 42.0], [30.0, 41.0, 9.0], [14.0, 56.0, 7.0], [7.0, 13.0, 21.0]]","[0.38604000210762024, 0.36652201414108276, 0.3451456129550934, 0.30929285287857056, 0.2882905602455139, 0.26503267884254456]"
classical_dog,train_44b6_t55_p03_crowded,train,44b6_d29c9ab2,55,crowded,0.0,3,12,0,0,0,8.659780188794569,8.225935547097363,,0,,0,0.2788502871990204,"[[9.0, 52.0, 49.0], [7.0, 12.0, 48.0], [27.0, 48.0, 8.0], [18.0, 21.0, 47.0], [4.0, 23.0, 9.0], [5.0, 22.0, 26.0], [26.0, 20.0, 28.0], [22.0, 45.0, 17.0], [30.0, 10.0, 27.0], [21.0, 9.0, 40.0], [5.0, 49.0, 8.0], [6.0, 39.0, 21.0]]","[0.3380516469478607, 0.3367132246494293, 0.2948566675186157, 0.28126704692840576, 0.2777973711490631, 0.2754812240600586, 0.2725456655025482, 0.26338788866996765, 0.2570861577987671, 0.25642290711402893, 0.24728302657604218, 0.24531026184558868]"
classical_dog,train_44b6_t40_p04_crowded,train,44b6_d29c9ab2,40,crowded,0.0,3,5,1,1,1,6.1779002011930375,7.971200603579112,0.40625,1,0.40625,1,0.33300185203552246,"[[16.0, 33.0, 32.0], [7.0, 19.0, 44.0], [3.0, 32.0, 54.0], [12.0, 37.0, 11.0], [9.0, 50.0, 39.0]]","[0.41944336891174316, 0.33157894015312195, 0.3094369173049927, 0.303211510181427, 0.30133843421936035]"
classical_dog,train_44b6_t15_p05_crowded,train,44b6_d29c9ab2,15,crowded,0.0,3,7,1,1,1,8.436582678742434,7.803807664371284,0.5745242597140698,1,0.5745242597140698,1,0.3215198516845703,"[[23.0, 43.0, 30.0], [21.0, 10.0, 17.0], [29.0, 19.0, 54.0], [29.0, 37.0, 31.0], [10.0, 10.0, 21.0], [16.0, 31.0, 34.0], [28.0, 53.0, 56.0]]","[0.3986072242259979, 0.3800014555454254, 0.3470291197299957, 0.3400324285030365, 0.26426392793655396, 0.2620430290699005, 0.25866174697875977]"
classical_dog,train_44b6_t20_p06_crowded,train,44b6_d29c9ab2,20,crowded,0.0,2,6,0,0,0,10.820429433706291,10.820429433706291,,0,,0,0.2799551784992218,"[[13.0, 52.0, 29.0], [25.0, 43.0, 24.0], [25.0, 5.0, 8.0], [28.0, 38.0, 8.0], [18.0, 51.0, 45.0], [29.0, 4.0, 42.0]]","[0.30979210138320923, 0.2916852533817291, 0.2829197347164154, 0.2752268612384796, 0.26219385862350464, 0.2579133212566376]"
classical_dog,train_44b6_t40_p07_crowded,train,44b6_d29c9ab2,40,crowded,0.0,2,6,1,1,1,4.072643586326945,4.072643586326945,0.0,1,0.0,1,0.2805638015270233,"[[25.0, 12.0, 52.0], [21.0, 31.0, 33.0], [10.0, 41.0, 31.0], [24.0, 58.0, 10.0], [26.0, 26.0, 20.0], [11.0, 18.0, 45.0]]","[0.3143084943294525, 0.2968241572380066, 0.2911049425601959, 0.2850261330604553, 0.2562980353832245, 0.23982112109661102]"
classical_dog,train_44b6_t50_p08_crowded,train,44b6_d29c9ab2,50,crowded,0.0,3,6,1,1,1,7.520535755271491,9.587844273479831,0.40625,1,0.40625,1,0.30651363730430603,"[[25.0, 29.0, 20.0], [21.0, 16.0, 4.0], [3.0, 42.0, 21.0], [6.0, 43.0, 47.0], [21.0, 46.0, 27.0], [29.0, 31.0, 48.0]]","[0.3304693400859833, 0.32409846782684326, 0.3121955990791321, 0.305976003408432, 0.28417500853538513, 0.2821674346923828]"
classical_dog,train_44b6_t10_p09_crowded,train,44b6_d29c9ab2,10,crowded,0.0,2,4,1,1,1,5.222327553699117,5.222327553699117,0.0,1,0.0,1,0.36696791648864746,"[[19.0, 51.0, 15.0], [11.0, 18.0, 15.0], [27.0, 56.0, 43.0], [22.0, 21.0, 23.0]]","[0.39305028319358826, 0.3757154643535614, 0.36346155405044556, 0.33564436435699463]"
classical_dog,train_44b6_t30_p10_crowded,train,44b6_d29c9ab2,30,crowded,0.0,3,7,1,1,1,6.236264363453425,7.501887783251626,0.0,1,0.0,1,0.28693825006484985,"[[27.0, 31.0, 26.0], [25.0, 8.0, 28.0], [4.0, 18.0, 52.0], [30.0, 17.0, 37.0], [9.0, 49.0, 17.0], [21.0, 52.0, 14.0], [18.0, 16.0, 53.0]]","[0.3316051661968231, 0.3045501112937927, 0.29282626509666443, 0.2832798659801483, 0.2708285450935364, 0.26917606592178345, 0.25630179047584534]"
classical_dog,train_44b6_t35_p11_crowded,train,44b6_d29c9ab2,35,crowded,0.0,4,7,1,1,1,7.853420094197223,9.582697231773903,0.0,1,0.0,1,0.3474090099334717,"[[22.0, 15.0, 20.0], [24.0, 40.0, 19.0], [14.0, 33.0, 29.0], [5.0, 49.0, 50.0], [20.0, 53.0, 51.0], [11.0, 51.0, 39.0], [25.0, 29.0, 38.0]]","[0.4022831618785858, 0.3558477759361267, 0.3546313941478729, 0.3465867042541504, 0.34571149945259094, 0.32339945435523987, 0.3034031391143799]"
classical_dog,train_44b6_t45_p12_crowded,train,44b6_d29c9ab2,45,crowded,0.0,2,3,0,1,1,5.833720217429679,5.833720217429679,1.6750116604071745,1,1.6750116604071745,1,0.27087703347206116,"[[24.0, 36.0, 39.0], [29.0, 30.0, 19.0], [10.0, 34.0, 27.0]]","[0.2926056981086731, 0.2624938189983368, 0.25753164291381836]"
classical_dog,train_44b6_t25_p13_crowded,train,44b6_d29c9ab2,25,crowded,0.0,2,2,0,0,0,11.56738963776641,11.56738963776641,,0,,0,0.3218793570995331,"[[24.0, 48.0, 15.0], [14.0, 55.0, 19.0]]","[0.3582627475261688, 0.28549596667289734]"
classical_dog,train_44b6_t10_p14_crowded,train,44b6_d29c9ab2,10,crowded,0.0,2,6,1,1,1,5.752796898980729,5.752796898980729,0.5745242597140698,1,0.5745242597140698,1,0.30596962571144104,"[[28.0, 49.0, 26.0], [15.0, 36.0, 24.0], [28.0, 13.0, 12.0], [27.0, 20.0, 35.0], [20.0, 54.0, 9.0], [22.0, 12.0, 44.0]]","[0.3863929510116577, 0.3510389029979706, 0.2942015528678894, 0.29237085580825806, 0.25975465774536133, 0.25205883383750916]"
classical_dog,train_44b6_t25_p15_crowded,train,44b6_d29c9ab2,25,crowded,0.0,4,3,0,0,0,10.506852300632676,10.953462031547442,,0,,0,0.3680974245071411,"[[21.0, 17.0, 28.0], [20.0, 45.0, 21.0], [11.0, 29.0, 37.0]]","[0.38478073477745056, 0.36691829562187195, 0.35259321331977844]"
classical_dog,train_44b6_t30_p16_crowded,train,44b6_d29c9ab2,30,crowded,0.0,2,7,1,1,1,5.248645329027027,5.248645329027027,0.40625,1,0.40625,1,0.312479704618454,"[[27.0, 51.0, 25.0], [27.0, 24.0, 28.0], [19.0, 50.0, 5.0], [16.0, 33.0, 32.0], [8.0, 53.0, 15.0], [20.0, 21.0, 52.0], [28.0, 17.0, 47.0]]","[0.38107970356941223, 0.3734908401966095, 0.30223348736763, 0.2946646809577942, 0.2912100553512573, 0.2749447524547577, 0.26973435282707214]"
classical_dog,train_44b6_t15_p17_crowded,train,44b6_d29c9ab2,15,crowded,0.0,2,5,1,1,1,5.6875,5.6875,0.40625,1,0.40625,1,0.3013586401939392,"[[29.0, 28.0, 12.0], [24.0, 54.0, 33.0], [27.0, 33.0, 31.0], [22.0, 24.0, 44.0], [15.0, 50.0, 28.0]]","[0.3352668881416321, 0.30255991220474243, 0.3015042245388031, 0.30109116435050964, 0.2663709223270416]"
classical_dog,train_44b6_t55_p18_crowded,train,44b6_d29c9ab2,55,crowded,0.0,2,5,0,0,0,16.626388678420525,16.626388678420525,,0,,0,0.3157676160335541,"[[25.0, 11.0, 19.0], [27.0, 20.0, 40.0], [26.0, 48.0, 26.0], [22.0, 50.0, 21.0], [29.0, 33.0, 21.0]]","[0.35446950793266296, 0.32709062099456787, 0.3141472041606903, 0.3110777735710144, 0.27205297350883484]"
classical_dog,train_44b6_t35_p19_crowded,train,44b6_d29c9ab2,35,crowded,0.0,2,6,0,1,1,4.409212007624991,4.409212007624991,1.7235727791422095,1,1.7235727791422095,1,0.29458168148994446,"[[19.0, 5.0, 14.0], [24.0, 49.0, 9.0], [22.0, 37.0, 37.0], [27.0, 21.0, 59.0], [12.0, 39.0, 32.0], [28.0, 33.0, 22.0]]","[0.3369302451610565, 0.31133610010147095, 0.3112018406391144, 0.305854856967926, 0.2550300359725952, 0.2471371442079544]"
classical_dog,train_44b6_t35_p20_crowded,train,44b6_d29c9ab2,35,crowded,0.0,2,6,1,1,1,4.275768586326945,4.275768586326945,0.40625,1,0.40625,1,0.29630208015441895,"[[18.0, 35.0, 37.0], [28.0, 56.0, 17.0], [30.0, 34.0, 45.0], [10.0, 20.0, 23.0], [20.0, 12.0, 19.0], [17.0, 42.0, 7.0]]","[0.3482801616191864, 0.3109453618526459, 0.29278039932250977, 0.29199713468551636, 0.27490872144699097, 0.2589006721973419]"
classical_dog,train_44b6_t20_p21_crowded,train,44b6_d29c9ab2,20,crowded,0.0,2,3,0,0,0,10.739562124401024,10.739562124401024,,0,,0,0.31527629494667053,"[[24.0, 37.0, 41.0], [29.0, 51.0, 10.0], [26.0, 20.0, 18.0]]","[0.35433441400527954, 0.32094240188598633, 0.2705520689487457]"
classical_dog,train_44b6_t30_p22_crowded,train,44b6_d29c9ab2,30,crowded,0.0,2,6,0,1,1,4.637281940217346,4.637281940217346,1.8168052317185792,1,1.8168052317185792,1,0.2975235879421234,"[[11.0, 11.0, 20.0], [17.0, 25.0, 39.0], [28.0, 53.0, 23.0], [24.0, 48.0, 46.0], [29.0, 25.0, 51.0], [20.0, 6.0, 24.0]]","[0.3094765841960907, 0.30411386489868164, 0.30300596356391907, 0.2969735860824585, 0.2958031892776489, 0.2757682800292969]"
classical_dog,train_44b6_t50_p23_crowded,train,44b6_d29c9ab2,50,crowded,0.0,2,6,0,0,1,7.236875457203494,7.236875457203494,,0,2.0714766773970688,1,0.29935312271118164,"[[29.0, 34.0, 39.0], [29.0, 28.0, 12.0], [16.0, 46.0, 15.0], [19.0, 21.0, 32.0], [16.0, 27.0, 31.0], [6.0, 20.0, 36.0]]","[0.3799629509449005, 0.3645886480808258, 0.26779624819755554, 0.26735618710517883, 0.2599276602268219, 0.2564871311187744]"
classical_dog,train_44b6_t40_p24_crowded,train,44b6_d29c9ab2,40,crowded,0.0,2,5,0,0,0,14.559342511414455,14.559342511414455,,0,,0,0.32767796516418457,"[[17.0, 11.0, 11.0], [24.0, 26.0, 14.0], [25.0, 38.0, 44.0], [9.0, 45.0, 3.0], [24.0, 6.0, 47.0]]","[0.4014113247394562, 0.3678779602050781, 0.3132231533527374, 0.2868664264678955, 0.2690110504627228]"
classical_dog,train_44b6_t55_p25_isolated,train,44b6_d29c9ab2,55,isolated,0.0,1,4,0,0,0,11.640320885289203,11.640320885289203,,0,,0,0.2731776237487793,"[[29.0, 31.0, 4.0], [28.0, 34.0, 39.0], [29.0, 13.0, 20.0], [20.0, 46.0, 17.0]]","[0.3067169487476349, 0.2994939088821411, 0.2537164092063904, 0.232783243060112]"
classical_dog,train_44b6_t50_p26_isolated,train,44b6_d29c9ab2,50,isolated,0.0,1,5,1,1,1,0.0,0.0,0.0,1,0.0,1,0.33667272329330444,"[[19.0, 39.0, 53.0], [18.0, 22.0, 39.0], [16.0, 32.0, 32.0], [12.0, 59.0, 25.0], [5.0, 2.0, 38.0]]","[0.40279287099838257, 0.34618571400642395, 0.342152863740921, 0.3289449214935303, 0.26328736543655396]"
classical_dog,train_44b6_t15_p27_isolated,train,44b6_d29c9ab2,15,isolated,0.0,1,6,1,1,1,0.40625,0.40625,0.40625,1,0.40625,1,0.279594749212265,"[[18.0, 33.0, 32.0], [12.0, 36.0, 38.0], [11.0, 18.0, 5.0], [2.0, 54.0, 46.0], [5.0, 20.0, 43.0], [16.0, 21.0, 51.0]]","[0.30477815866470337, 0.29612892866134644, 0.2821001708507538, 0.27779483795166016, 0.2615092098712921, 0.2552572190761566]"
classical_dog,train_44b6_t30_p28_isolated,train,44b6_d29c9ab2,30,isolated,0.0,1,8,1,1,1,0.0,0.0,0.0,1,0.0,1,0.320334792137146,"[[16.0, 32.0, 32.0], [13.0, 56.0, 42.0], [9.0, 26.0, 10.0], [13.0, 37.0, 47.0], [4.0, 11.0, 39.0], [6.0, 2.0, 11.0], [3.0, 52.0, 51.0], [17.0, 24.0, 56.0]]","[0.4021711051464081, 0.3751848042011261, 0.3291984796524048, 0.3010658323764801, 0.2938978672027588, 0.28822067379951477, 0.28780820965766907, 0.2851315140724182]"
classical_dog,train_44b6_t30_p29_isolated,train,44b6_d29c9ab2,30,isolated,0.0,1,6,1,1,1,0.40625,0.40625,0.40625,1,0.40625,1,0.34359803795814514,"[[13.0, 32.0, 31.0], [17.0, 19.0, 42.0], [6.0, 52.0, 32.0], [5.0, 32.0, 42.0], [6.0, 26.0, 17.0], [12.0, 58.0, 44.0]]","[0.38170912861824036, 0.37134259939193726, 0.3532145917415619, 0.34135082364082336, 0.3208043575286865, 0.2931666374206543]"
classical_dog,train_44b6_t20_p30_isolated,train,44b6_d29c9ab2,20,isolated,0.0,1,6,0,1,1,1.625,1.625,1.625,1,1.625,1,0.32225877046585083,"[[3.0, 50.0, 41.0], [10.0, 51.0, 33.0], [17.0, 32.0, 32.0], [8.0, 42.0, 7.0], [12.0, 31.0, 41.0], [11.0, 17.0, 15.0]]","[0.40421831607818604, 0.36872923374176025, 0.33581092953681946, 0.2798837423324585, 0.2739761769771576, 0.27093419432640076]"
classical_dog,train_44b6_t20_p31_isolated,train,44b6_d29c9ab2,20,isolated,0.0,1,5,1,1,1,0.40625,0.40625,0.40625,1,0.40625,1,0.33214715123176575,"[[10.0, 45.0, 32.0], [18.0, 36.0, 58.0], [16.0, 33.0, 32.0], [8.0, 19.0, 12.0], [4.0, 23.0, 43.0]]","[0.3522273898124695, 0.3489989936351776, 0.34164994955062866, 0.31403669714927673, 0.30382275581359863]"
classical_dog,train_44b6_t10_p32_isolated,train,44b6_d29c9ab2,10,isolated,0.0,1,6,1,1,1,0.5745242597140698,0.5745242597140698,0.5745242597140698,1,0.5745242597140698,1,0.31602707505226135,"[[9.0, 44.0, 57.0], [8.0, 11.0, 39.0], [2.0, 57.0, 38.0], [3.0, 4.0, 56.0], [2.0, 29.0, 35.0], [8.0, 33.0, 31.0]]","[0.3462199866771698, 0.34151414036750793, 0.333737313747406, 0.30487942695617676, 0.29971927404403687, 0.27009227871894836]"
classical_dog,train_44b6_t45_p33_isolated,train,44b6_d29c9ab2,45,isolated,0.0,1,4,0,1,1,1.1490485194281397,1.1490485194281397,1.1490485194281397,1,1.1490485194281397,1,0.38288503885269165,"[[19.0, 15.0, 45.0], [19.0, 46.0, 48.0], [14.0, 4.0, 24.0], [16.0, 34.0, 32.0]]","[0.42394715547561646, 0.39564603567123413, 0.38258177042007446, 0.3293652832508087]"
classical_dog,train_44b6_t25_p34_isolated,train,44b6_d29c9ab2,25,isolated,0.0,1,8,1,1,1,0.40625,0.40625,0.40625,1,0.40625,1,0.32532572746276855,"[[11.0, 54.0, 37.0], [18.0, 7.0, 38.0], [16.0, 33.0, 32.0], [7.0, 53.0, 11.0], [7.0, 9.0, 48.0], [12.0, 36.0, 42.0], [10.0, 17.0, 7.0], [2.0, 8.0, 20.0]]","[0.3868294954299927, 0.3767680525779724, 0.3585289418697357, 0.33584290742874146, 0.2948252260684967, 0.2892148494720459, 0.28588879108428955, 0.27470746636390686]"
classical_dog,train_44b6_t10_p35_isolated,train,44b6_d29c9ab2,10,isolated,0.0,1,4,0,0,0,14.317070776698703,14.317070776698703,,0,,0,0.2973345220088959,"[[23.0, 54.0, 28.0], [21.0, 17.0, 11.0], [24.0, 34.0, 28.0], [23.0, 8.0, 45.0]]","[0.3543420433998108, 0.31963884830474854, 0.2643864154815674, 0.2509708106517792]"
classical_dog,train_44b6_t25_p36_isolated,train,44b6_d29c9ab2,25,isolated,0.0,1,6,0,1,1,1.7235727791422095,1.7235727791422095,1.7235727791422095,1,1.7235727791422095,1,0.3185887634754181,"[[15.0, 41.0, 12.0], [9.0, 24.0, 14.0], [25.0, 37.0, 43.0], [27.0, 8.0, 48.0], [21.0, 26.0, 32.0], [15.0, 26.0, 33.0]]","[0.3537853956222534, 0.3528963029384613, 0.3523332178592682, 0.31400367617607117, 0.28218358755111694, 0.2563304007053375]"
classical_dog,train_44b6_t25_p37_isolated,train,44b6_d29c9ab2,25,isolated,0.0,1,7,1,1,1,0.5745242597140698,0.5745242597140698,0.5745242597140698,1,0.5745242597140698,1,0.32588300108909607,"[[18.0, 9.0, 36.0], [16.0, 33.0, 31.0], [9.0, 54.0, 31.0], [9.0, 21.0, 14.0], [18.0, 40.0, 59.0], [6.0, 31.0, 37.0], [9.0, 13.0, 42.0]]","[0.3569111227989197, 0.34140029549598694, 0.3377062976360321, 0.3311781883239746, 0.3266579806804657, 0.296023964881897, 0.29130318760871887]"
classical_dog,train_44b6_t55_p38_isolated,train,44b6_d29c9ab2,55,isolated,0.0,1,8,0,0,0,16.436816763366927,16.436816763366927,,0,,0,0.2654339373111725,"[[27.0, 33.0, 17.0], [2.0, 35.0, 53.0], [23.0, 15.0, 14.0], [27.0, 8.0, 25.0], [30.0, 38.0, 52.0], [25.0, 6.0, 52.0], [27.0, 48.0, 35.0], [5.0, 51.0, 39.0]]","[0.3343653678894043, 0.30001285672187805, 0.2922472655773163, 0.25513845682144165, 0.2549685537815094, 0.23204876482486725, 0.2291082739830017, 0.22558195888996124]"
classical_dog,train_44b6_t15_p39_isolated,train,44b6_d29c9ab2,15,isolated,0.0,1,5,0,0,0,7.845990715805111,7.845990715805111,,0,,0,0.3118363320827484,"[[23.0, 48.0, 33.0], [21.0, 27.0, 21.0], [29.0, 39.0, 48.0], [30.0, 10.0, 35.0], [17.0, 23.0, 38.0]]","[0.3336172103881836, 0.32643282413482666, 0.3194955289363861, 0.2991485595703125, 0.2804874777793884]"
classical_dog,train_44b6_t40_p40_isolated,train,44b6_d29c9ab2,40,isolated,0.0,1,6,1,1,1,0.5745242597140698,0.5745242597140698,0.5745242597140698,1,0.5745242597140698,1,0.370098739862442,"[[19.0, 50.0, 52.0], [19.0, 19.0, 42.0], [13.0, 5.0, 14.0], [7.0, 10.0, 36.0], [16.0, 33.0, 33.0], [3.0, 23.0, 33.0]]","[0.42078861594200134, 0.39019355177879333, 0.38958457112312317, 0.3490149974822998, 0.33770817518234253, 0.3333026170730591]"
classical_dog,train_44b6_t15_p41_boundary,train,44b6_d29c9ab2,15,boundary,0.0,1,3,0,0,1,2.1877232028983924,2.1877232028983924,,0,2.1877232028983924,1,0.3356327712535858,"[[3.0, 21.0, 20.0], [3.0, 46.0, 29.0], [6.0, 38.0, 44.0]]","[0.3875587284564972, 0.3124222457408905, 0.30691730976104736]"
classical_dog,train_44b6_t45_p42_boundary,train,44b6_d29c9ab2,45,boundary,0.0,1,6,0,0,0,10.539036438996689,10.539036438996689,,0,,0,0.3572174310684204,"[[17.0, 18.0, 48.0], [13.0, 32.0, 35.0], [13.0, 52.0, 36.0], [19.0, 41.0, 52.0], [8.0, 26.0, 28.0], [5.0, 32.0, 15.0]]","[0.4388171136379242, 0.3570697605609894, 0.34904757142066956, 0.3384685814380646, 0.3314231336116791, 0.3284783661365509]"
classical_dog,train_44b6_t10_p43_boundary,train,44b6_d29c9ab2,10,boundary,0.0,1,4,1,1,1,0.5745242597140698,0.5745242597140698,0.5745242597140698,1,0.5745242597140698,1,0.3765539228916168,"[[5.0, 13.0, 20.0], [9.0, 35.0, 54.0], [2.0, 40.0, 10.0], [5.0, 33.0, 31.0]]","[0.39904651045799255, 0.3827407658100128, 0.3647328317165375, 0.35969555377960205]"
classical_dog,inner_val_6bba_t85_p01_crowded,inner_val,6bba_bb9f20c3,85,crowded,0.0,5,0,0,0,0,,,,0,,0,,[],[]
classical_dog,inner_val_6bba_t75_p02_crowded,inner_val,6bba_bb9f20c3,75,crowded,0.0,2,6,0,1,1,4.231226289921263,4.231226289921263,1.86167137607581,1,1.86167137607581,1,0.27950647473335266,"[[5.0, 50.0, 22.0], [13.0, 30.0, 31.0], [7.0, 19.0, 28.0], [21.0, 54.0, 17.0], [16.0, 5.0, 12.0], [9.0, 59.0, 45.0]]","[0.35101035237312317, 0.3380555212497711, 0.274060994386673, 0.24441877007484436, 0.23883609473705292, 0.23065714538097382]"
classical_dog,inner_val_6bba_t85_p03_crowded,inner_val,6bba_bb9f20c3,85,crowded,0.0,2,3,0,0,0,11.132229466533065,11.132229466533065,,0,,0,0.34081563353538513,"[[5.0, 48.0, 52.0], [10.0, 25.0, 20.0], [8.0, 19.0, 44.0]]","[0.3534355163574219, 0.34721970558166504, 0.32179170846939087]"
classical_dog,inner_val_6bba_t80_p04_crowded,inner_val,6bba_bb9f20c3,80,crowded,0.0,3,2,0,0,1,11.916999115700753,15.864569654185392,,0,2.1877232028983924,1,0.29901599884033203,"[[4.0, 57.0, 53.0], [9.0, 27.0, 38.0]]","[0.3414881229400635, 0.2565438449382782]"
classical_dog,inner_val_6bba_t75_p05_isolated,inner_val,6bba_bb9f20c3,75,isolated,0.0,1,3,0,1,1,1.7235727791422095,1.7235727791422095,1.7235727791422095,1,1.7235727791422095,1,0.3012706935405731,"[[18.0, 5.0, 36.0], [15.0, 33.0, 31.0], [13.0, 18.0, 56.0]]","[0.30506521463394165, 0.30257144570350647, 0.29617542028427124]"
classical_dog,inner_val_6bba_t75_p06_isolated,inner_val,6bba_bb9f20c3,75,isolated,0.0,1,4,0,0,0,10.41300456460574,10.41300456460574,,0,,0,0.26192793250083923,"[[6.0, 16.0, 15.0], [8.0, 23.0, 32.0], [2.0, 49.0, 33.0], [10.0, 45.0, 2.0]]","[0.2832512855529785, 0.2620791792869568, 0.26074767112731934, 0.2416335493326187]"
classical_dog,inner_val_6bba_t90_p07_isolated,inner_val,6bba_bb9f20c3,90,isolated,0.0,1,1,0,0,0,17.086664436410636,17.086664436410636,,0,,0,0.29003697633743286,"[[6.0, 44.0, 27.0]]",[0.29003697633743286]
classical_dog,inner_val_6bba_t90_p08_boundary,inner_val,6bba_bb9f20c3,90,boundary,0.0,1,4,0,0,1,2.1877232028983924,2.1877232028983924,,0,2.1877232028983924,1,0.32836034893989563,"[[15.0, 33.0, 13.0], [17.0, 11.0, 30.0], [12.0, 49.0, 26.0], [12.0, 36.0, 53.0]]","[0.38433340191841125, 0.33703792095184326, 0.2978454530239105, 0.2942246198654175]"
classical_dog,inner_val_6bba_t90_p09_zero_annotation,inner_val,6bba_bb9f20c3,90,zero_annotation,0.0,0,0,0,0,0,,,,0,,0,,[],[]
classical_dog,inner_val_6bba_t90_p10_zero_annotation,inner_val,6bba_bb9f20c3,90,zero_annotation,0.0,0,0,0,0,0,,,,0,,0,,[],[]
classical_dog,inner_val_44b6_t80_p01_crowded,inner_val,44b6_d29c9ab2,80,crowded,0.0,3,5,0,0,0,10.9080572021146,11.809234006170763,,0,,0,0.2293616533279419,"[[19.0, 18.0, 48.0], [14.0, 47.0, 30.0], [6.0, 49.0, 22.0], [29.0, 13.0, 9.0], [29.0, 32.0, 18.0]]","[0.25639185309410095, 0.24396726489067078, 0.22000451385974884, 0.21816162765026093, 0.2082829624414444]"
classical_dog,inner_val_44b6_t85_p02_crowded,inner_val,44b6_d29c9ab2,85,crowded,0.0,3,8,0,1,1,8.690584331460684,10.033634841123131,1.6750116604071745,1,1.6750116604071745,1,0.2067461609840393,"[[29.0, 54.0, 12.0], [16.0, 28.0, 6.0], [19.0, 15.0, 46.0], [7.0, 45.0, 25.0], [29.0, 7.0, 7.0], [22.0, 21.0, 15.0], [24.0, 52.0, 49.0], [13.0, 27.0, 53.0]]","[0.2760058641433716, 0.23325467109680176, 0.2202088087797165, 0.19378022849559784, 0.18931297957897186, 0.18087387084960938, 0.18066510558128357, 0.17986774444580078]"
classical_dog,inner_val_44b6_t90_p03_crowded,inner_val,44b6_d29c9ab2,90,crowded,0.0,2,5,1,1,2,1.21875,1.21875,0.40625,1,1.21875,2,0.3451043665409088,"[[18.0, 37.0, 15.0], [24.0, 32.0, 29.0], [26.0, 58.0, 44.0], [27.0, 30.0, 45.0], [13.0, 29.0, 39.0]]","[0.37711241841316223, 0.3631688058376312, 0.35752061009407043, 0.3470141589641571, 0.28070586919784546]"
classical_dog,inner_val_44b6_t70_p04_crowded,inner_val,44b6_d29c9ab2,70,crowded,0.0,2,6,0,0,0,14.266929701383036,14.266929701383036,,0,,0,0.3085404932498932,"[[24.0, 10.0, 21.0], [24.0, 32.0, 39.0], [28.0, 28.0, 61.0], [16.0, 12.0, 6.0], [15.0, 53.0, 53.0], [25.0, 52.0, 55.0]]","[0.3843471109867096, 0.3514885902404785, 0.31193041801452637, 0.2871556878089905, 0.26024916768074036, 0.2560719847679138]"
classical_dog,inner_val_44b6_t90_p05_isolated,inner_val,44b6_d29c9ab2,90,isolated,0.0,1,6,1,1,1,0.0,0.0,0.0,1,0.0,1,0.33927425742149353,"[[16.0, 11.0, 35.0], [16.0, 32.0, 32.0], [9.0, 31.0, 16.0], [10.0, 48.0, 28.0], [4.0, 37.0, 45.0], [20.0, 35.0, 54.0]]","[0.39067843556404114, 0.38847076892852783, 0.37750062346458435, 0.32750049233436584, 0.28178828954696655, 0.2697068452835083]"
classical_dog,inner_val_44b6_t75_p06_isolated,inner_val,44b6_d29c9ab2,75,isolated,0.0,1,8,1,1,1,0.0,0.0,0.0,1,0.0,1,0.29216521978378296,"[[21.0, 32.0, 32.0], [26.0, 26.0, 27.0], [29.0, 21.0, 51.0], [25.0, 40.0, 15.0], [14.0, 32.0, 44.0], [13.0, 57.0, 12.0], [20.0, 7.0, 15.0], [5.0, 8.0, 54.0]]","[0.35426685214042664, 0.3282459080219269, 0.31450071930885315, 0.28845125436782837, 0.2820103168487549, 0.26679039001464844, 0.25716695189476013, 0.24588921666145325]"
classical_dog,inner_val_44b6_t70_p07_isolated,inner_val,44b6_d29c9ab2,70,isolated,0.0,1,4,1,1,1,0.40625,0.40625,0.40625,1,0.40625,1,0.3972981572151184,"[[18.0, 50.0, 43.0], [16.0, 32.0, 31.0], [12.0, 25.0, 14.0], [17.0, 11.0, 35.0]]","[0.4392772316932678, 0.4074932932853699, 0.40469515323638916, 0.33772701025009155]"
classical_dog,inner_val_44b6_t70_p08_boundary,inner_val,44b6_d29c9ab2,70,boundary,0.0,1,12,1,1,1,0.40625,0.40625,0.40625,1,0.40625,1,0.26831039786338806,"[[24.0, 41.0, 7.0], [19.0, 55.0, 58.0], [19.0, 35.0, 11.0], [5.0, 36.0, 14.0], [17.0, 50.0, 31.0], [16.0, 10.0, 31.0], [25.0, 51.0, 52.0], [26.0, 27.0, 39.0], [10.0, 22.0, 24.0], [28.0, 3.0, 9.0], [21.0, 11.0, 7.0], [12.0, 39.0, 15.0]]","[0.30590134859085083, 0.2899511158466339, 0.2898561954498291, 0.2882879376411438, 0.2802676856517792, 0.278291255235672, 0.2689250111579895, 0.257918119430542, 0.24562297761440277, 0.23871545493602753, 0.23852089047431946, 0.23746682703495026]"
classical_dog,inner_val_44b6_t90_p09_zero_annotation,inner_val,44b6_d29c9ab2,90,zero_annotation,0.0,0,6,0,0,0,,,,0,,0,0.28887394070625305,"[[15.0, 43.0, 28.0], [29.0, 50.0, 44.0], [3.0, 34.0, 15.0], [27.0, 44.0, 13.0], [11.0, 20.0, 21.0], [18.0, 8.0, 9.0]]","[0.31471315026283264, 0.3052617609500885, 0.30279049277305603, 0.29082778096199036, 0.2641383707523346, 0.2555122971534729]"
classical_dog,inner_val_44b6_t70_p10_zero_annotation,inner_val,44b6_d29c9ab2,70,zero_annotation,0.0,0,0,0,0,0,,,,0,,0,,[],[]
classical_dog,held_out_val_6bba_t20_p01_crowded,held_out_val,6bba_43fea39d,20,crowded,0.0,3,1,1,1,1,13.473558450015142,19.58445253894017,0.40625,1,0.40625,1,0.23663365840911865,"[[26.0, 52.0, 14.0]]",[0.23663365840911865]
classical_dog,held_out_val_6bba_t35_p02_crowded,held_out_val,6bba_43fea39d,35,crowded,0.0,3,4,0,0,0,13.528872533374413,13.889948310288991,,0,,0,0.30317169427871704,"[[27.0, 40.0, 29.0], [22.0, 51.0, 11.0], [19.0, 45.0, 52.0], [12.0, 57.0, 15.0]]","[0.3503456711769104, 0.3266364336013794, 0.2852466106414795, 0.25045812129974365]"
classical_dog,held_out_val_6bba_t50_p03_crowded,held_out_val,6bba_43fea39d,50,crowded,0.0,2,0,0,0,0,,,,0,,0,,[],[]
classical_dog,held_out_val_6bba_t20_p04_crowded,held_out_val,6bba_43fea39d,20,crowded,0.0,2,0,0,0,0,,,,0,,0,,[],[]
classical_dog,held_out_val_6bba_t80_p05_isolated,held_out_val,6bba_43fea39d,80,isolated,0.0,1,2,0,0,0,5.296851954227152,5.296851954227152,,0,,0,0.3147937059402466,"[[19.0, 37.0, 23.0], [12.0, 30.0, 45.0]]","[0.3263465464115143, 0.30324089527130127]"
classical_dog,held_out_val_6bba_t35_p06_isolated,held_out_val,6bba_43fea39d,35,isolated,0.0,1,3,0,0,0,16.194044285245734,16.194044285245734,,0,,0,0.3093816041946411,"[[22.0, 26.0, 47.0], [29.0, 30.0, 20.0], [17.0, 38.0, 9.0]]","[0.3608379065990448, 0.28593772649765015, 0.28136923909187317]"
classical_dog,held_out_val_6bba_t35_p07_isolated,held_out_val,6bba_43fea39d,35,isolated,0.0,1,2,0,0,0,11.640320885289203,11.640320885289203,,0,,0,0.36126431822776794,"[[25.0, 45.0, 42.0], [11.0, 47.0, 46.0]]","[0.37824520468711853, 0.34428343176841736]"
classical_dog,held_out_val_6bba_t80_p08_isolated,held_out_val,6bba_43fea39d,80,isolated,0.0,1,0,0,0,0,,,,0,,0,,[],[]
classical_dog,held_out_val_6bba_t20_p09_boundary,held_out_val,6bba_43fea39d,20,boundary,0.0,1,0,0,0,0,,,,0,,0,,[],[]
classical_dog,held_out_val_6bba_t50_p10_boundary,held_out_val,6bba_43fea39d,50,boundary,0.0,1,1,0,0,1,2.632800908728193,2.632800908728193,,0,2.632800908728193,1,0.3031621277332306,"[[27.0, 33.0, 37.0]]",[0.3031621277332306]
classical_dog,held_out_val_6bba_t35_p11_zero_annotation,held_out_val,6bba_43fea39d,35,zero_annotation,0.0,0,0,0,0,0,,,,0,,0,,[],[]
classical_dog,held_out_val_6bba_t65_p12_zero_annotation,held_out_val,6bba_43fea39d,65,zero_annotation,0.0,0,0,0,0,0,,,,0,,0,,[],[]
