patch_id,split,category,num_gt,num_peaks,cov_1_0um,cov_2_0um,cov_3_0um,mean_dist_um,median_dist_um,mean_conf,pred_mean,pred_std,pred_min,pred_max,sat_fraction,detected_coords,detected_scores
train_6bba_t45_p01_crowded,train,crowded,4,69,1.0,1.0,1.0,0.4904,0.4904,0.8928,0.4836,0.1543,0.1676,0.9576,0.0,"[[16.0, 32.0, 31.0], [24.0, 55.0, 32.0], [24.0, 35.0, 48.0], [26.0, 12.0, 47.0], [10.0, 33.0, 58.0], [17.0, 54.0, 57.0], [30.0, 13.0, 48.0], [17.0, 5.0, 6.0], [28.0, 34.0, 9.0], [19.0, 8.0, 17.0], [30.0, 61.0, 42.0], [28.0, 61.0, 60.0], [19.0, 15.0, 60.0], [28.0, 37.0, 58.0], [30.0, 61.0, 4.0], [26.0, 53.0, 18.0], [5.0, 7.0, 44.0], [24.0, 3.0, 26.0], [10.0, 51.0, 15.0], [31.0, 1.0, 60.0], [26.0, 29.0, 34.0], [22.0, 49.0, 60.0], [22.0, 3.0, 60.0], [7.0, 8.0, 59.0], [25.0, 7.0, 6.0], [20.0, 47.0, 44.0], [14.0, 15.0, 48.0], [30.0, 5.0, 2.0], [25.0, 17.0, 6.0], [24.0, 43.0, 2.0], [23.0, 23.0, 60.0], [29.0, 47.0, 6.0], [0.0, 9.0, 58.0], [6.0, 47.0, 49.0], [15.0, 62.0, 26.0], [0.0, 3.0, 40.0], [3.0, 62.0, 6.0], [12.0, 19.0, 16.0], [20.0, 53.0, 4.0], [0.0, 3.0, 28.0], [6.0, 7.0, 2.0], [0.0, 3.0, 2.0], [1.0, 62.0, 32.0], [14.0, 3.0, 60.0], [18.0, 62.0, 44.0], [12.0, 62.0, 59.0], [0.0, 31.0, 56.0], [7.0, 62.0, 58.0], [14.0, 62.0, 49.0], [4.0, 45.0, 2.0], [16.0, 39.0, 16.0], [0.0, 21.0, 16.0], [0.0, 31.0, 2.0], [0.0, 35.0, 40.0], [0.0, 62.0, 58.0], [6.0, 62.0, 29.0], [0.0, 23.0, 26.0], [0.0, 31.0, 26.0], [9.0, 23.0, 6.0], [14.0, 49.0, 6.0], [7.0, 3.0, 18.0], [9.0, 62.0, 46.0], [10.0, 62.0, 1.0], [12.0, 28.0, 1.0], [8.0, 21.0, 31.0], [8.0, 30.0, 26.0], [1.0, 54.0, 47.0], [14.0, 50.0, 30.0], [11.0, 53.0, 40.0]]","[0.9576021432876587, 0.9494394659996033, 0.9420921206474304, 0.9401202201843262, 0.9022023677825928, 0.8883495926856995, 0.8718183040618896, 0.870078444480896, 0.8659233450889587, 0.8626624941825867, 0.8578376173973083, 0.8525118231773376, 0.8501158356666565, 0.848410964012146, 0.8445649147033691, 0.8268359303474426, 0.8242270350456238, 0.8231065273284912, 0.8180633187294006, 0.8081879615783691, 0.801719605922699, 0.7921004295349121, 0.7831891775131226, 0.7728970646858215, 0.7722131609916687, 0.7703100442886353, 0.7679851651191711, 0.7644555568695068, 0.7616778016090393, 0.7601885199546814, 0.7597388029098511, 0.7574155926704407, 0.7561109066009521, 0.7518370151519775, 0.7480583190917969, 0.7427017092704773, 0.7418067455291748, 0.7379094958305359, 0.7268782258033752, 0.725805938243866, 0.7161731719970703, 0.7136077880859375, 0.69886714220047, 0.6959363222122192, 0.6951355934143066, 0.6923246383666992, 0.6905978918075562, 0.6879297494888306, 0.6865114569664001, 0.6838502883911133, 0.6772394776344299, 0.6765586733818054, 0.6721780300140381, 0.6721096038818359, 0.6708434820175171, 0.6707707047462463, 0.6624272465705872, 0.6578549146652222, 0.644542932510376, 0.6229218244552612, 0.6159812808036804, 0.6109782457351685, 0.6011569499969482, 0.5919399261474609, 0.5752673149108887, 0.567279577255249, 0.5422235131263733, 0.5376104712486267, 0.4401163160800934]"
train_6bba_t15_p02_crowded,train,crowded,4,65,1.0,1.0,1.0,0.3888,0.4904,0.8989,0.482,0.1606,0.216,0.9471,0.0,"[[6.0, 36.0, 57.0], [14.0, 56.0, 47.0], [16.0, 32.0, 17.0], [24.0, 13.0, 22.0], [9.0, 7.0, 31.0], [3.0, 8.0, 61.0], [3.0, 56.0, 6.0], [24.0, 48.0, 11.0], [22.0, 19.0, 58.0], [14.0, 62.0, 14.0], [3.0, 6.0, 6.0], [18.0, 23.0, 59.0], [18.0, 61.0, 18.0], [7.0, 17.0, 6.0], [3.0, 57.0, 47.0], [30.0, 17.0, 28.0], [28.0, 61.0, 58.0], [16.0, 27.0, 46.0], [20.0, 61.0, 58.0], [16.0, 5.0, 44.0], [28.0, 61.0, 18.0], [30.0, 61.0, 46.0], [28.0, 47.0, 58.0], [26.0, 17.0, 2.0], [29.0, 3.0, 58.0], [30.0, 17.0, 14.0], [16.0, 34.0, 7.0], [30.0, 23.0, 48.0], [11.0, 41.0, 6.0], [22.0, 61.0, 48.0], [20.0, 39.0, 5.0], [3.0, 35.0, 19.0], [1.0, 7.0, 39.0], [20.0, 7.0, 38.0], [31.0, 1.0, 18.0], [31.0, 3.0, 6.0], [15.0, 3.0, 6.0], [18.0, 7.0, 16.0], [14.0, 39.0, 38.0], [19.0, 3.0, 6.0], [8.0, 55.0, 26.0], [19.0, 62.0, 6.0], [10.0, 41.0, 50.0], [17.0, 49.0, 30.0], [14.0, 25.0, 32.0], [14.0, 17.0, 32.0], [14.0, 37.0, 58.0], [14.0, 3.0, 58.0], [3.0, 62.0, 22.0], [12.0, 15.0, 50.0], [0.0, 16.0, 39.0], [6.0, 62.0, 57.0], [0.0, 62.0, 59.0], [2.0, 26.0, 57.0], [1.0, 45.0, 48.0], [10.0, 16.0, 15.0], [14.0, 17.0, 1.0], [1.0, 27.0, 34.0], [10.0, 19.0, 1.0], [0.0, 25.0, 22.0], [1.0, 32.0, 6.0], [9.0, 19.0, 49.0], [3.0, 50.0, 59.0], [4.0, 16.0, 39.0], [10.0, 2.0, 15.0]]","[0.9471399188041687, 0.9197199940681458, 0.9158509969711304, 0.9131097793579102, 0.8918598294258118, 0.8799477815628052, 0.8566242456436157, 0.8480707406997681, 0.84788978099823, 0.8407357335090637, 0.8382770419120789, 0.83793705701828, 0.8087856769561768, 0.8052706122398376, 0.7991943359375, 0.7987563610076904, 0.7974287271499634, 0.7969415187835693, 0.7935061454772949, 0.7888422012329102, 0.7880906462669373, 0.7861822843551636, 0.7821084260940552, 0.7803575396537781, 0.7723845839500427, 0.7720924019813538, 0.770550549030304, 0.7681373357772827, 0.7651199102401733, 0.7612261176109314, 0.7605804204940796, 0.7598243355751038, 0.7461126446723938, 0.7433437705039978, 0.7388268709182739, 0.7365301251411438, 0.7342283129692078, 0.7250851392745972, 0.7244840264320374, 0.7233861088752747, 0.7130258679389954, 0.7081512808799744, 0.7070339322090149, 0.6991558074951172, 0.6987646222114563, 0.6950247287750244, 0.6815407276153564, 0.6721768975257874, 0.6703889966011047, 0.6612362861633301, 0.6538783311843872, 0.6495621800422668, 0.5627536773681641, 0.5592032670974731, 0.5418699383735657, 0.53109210729599, 0.525867760181427, 0.5255686640739441, 0.5156247019767761, 0.5149609446525574, 0.5094073414802551, 0.4802020788192749, 0.471316397190094, 0.4626217782497406, 0.45725733041763306]"
train_6bba_t55_p03_boundary,train,boundary,1,67,1.0,1.0,1.0,0.4062,0.4062,0.9373,0.4826,0.1598,0.1782,0.9373,0.0,"[[3.0, 32.0, 31.0], [13.0, 7.0, 56.0], [20.0, 62.0, 7.0], [9.0, 4.0, 6.0], [18.0, 12.0, 15.0], [16.0, 53.0, 6.0], [16.0, 62.0, 53.0], [6.0, 50.0, 5.0], [5.0, 5.0, 33.0], [18.0, 44.0, 36.0], [3.0, 21.0, 59.0], [16.0, 17.0, 30.0], [6.0, 57.0, 42.0], [3.0, 36.0, 59.0], [3.0, 56.0, 60.0], [10.0, 41.0, 58.0], [20.0, 5.0, 58.0], [28.0, 61.0, 4.0], [22.0, 61.0, 58.0], [22.0, 35.0, 4.0], [24.0, 61.0, 48.0], [28.0, 61.0, 58.0], [7.0, 10.0, 59.0], [30.0, 61.0, 46.0], [26.0, 15.0, 58.0], [30.0, 61.0, 26.0], [28.0, 45.0, 58.0], [24.0, 17.0, 24.0], [29.0, 3.0, 38.0], [22.0, 5.0, 16.0], [20.0, 7.0, 2.0], [29.0, 3.0, 50.0], [29.0, 3.0, 24.0], [18.0, 53.0, 24.0], [28.0, 43.0, 50.0], [28.0, 27.0, 46.0], [1.0, 62.0, 34.0], [18.0, 7.0, 48.0], [28.0, 27.0, 38.0], [31.0, 9.0, 6.0], [30.0, 33.0, 6.0], [3.0, 8.0, 57.0], [1.0, 8.0, 24.0], [12.0, 22.0, 44.0], [9.0, 62.0, 59.0], [9.0, 18.0, 33.0], [18.0, 35.0, 48.0], [18.0, 29.0, 20.0], [6.0, 39.0, 21.0], [14.0, 38.0, 39.0], [10.0, 33.0, 40.0], [0.0, 5.0, 2.0], [13.0, 62.0, 31.0], [0.0, 3.0, 10.0], [0.0, 39.0, 2.0], [6.0, 62.0, 27.0], [13.0, 20.0, 15.0], [0.0, 21.0, 2.0], [6.0, 21.0, 32.0], [0.0, 20.0, 33.0], [6.0, 62.0, 57.0], [9.0, 4.0, 17.0], [3.0, 23.0, 2.0], [7.0, 29.0, 1.0], [6.0, 16.0, 19.0], [4.0, 26.0, 47.0], [13.0, 43.0, 0.0]]","[0.9373047947883606, 0.9137285351753235, 0.9056582450866699, 0.9026962518692017, 0.8936896324157715, 0.8762711882591248, 0.8664179444313049, 0.8652368783950806, 0.8620256781578064, 0.8588791489601135, 0.8484894633293152, 0.8356364965438843, 0.8336062431335449, 0.8248769044876099, 0.7982727289199829, 0.7960922718048096, 0.793806254863739, 0.7731822729110718, 0.7722183465957642, 0.7656612992286682, 0.7571187019348145, 0.7554892897605896, 0.7500539422035217, 0.749721884727478, 0.7460969686508179, 0.745884120464325, 0.7439244389533997, 0.7415274381637573, 0.7364673018455505, 0.7364371418952942, 0.7352946400642395, 0.7350665926933289, 0.7310367822647095, 0.7301921248435974, 0.7294543385505676, 0.7287116646766663, 0.7272070050239563, 0.7271942496299744, 0.7257973551750183, 0.7240029573440552, 0.7190265655517578, 0.714232861995697, 0.7103407382965088, 0.6977905035018921, 0.6948403716087341, 0.6742282509803772, 0.6730867624282837, 0.6710651516914368, 0.6661035418510437, 0.6613153219223022, 0.6576008200645447, 0.6380156874656677, 0.6372432708740234, 0.6356680989265442, 0.6340493559837341, 0.6332212686538696, 0.6150087714195251, 0.6132654547691345, 0.6089941263198853, 0.608165442943573, 0.5900744199752808, 0.5867112278938293, 0.5851943492889404, 0.5605449080467224, 0.49356958270072937, 0.4686223566532135, 0.4606197476387024]"
train_6bba_t35_p04_boundary,train,boundary,1,76,0.0,1.0,1.0,1.675,1.675,0.9297,0.486,0.1504,0.1511,0.9444,0.0,"[[3.0, 13.0, 7.0], [18.0, 28.0, 7.0], [9.0, 8.0, 6.0], [6.0, 34.0, 23.0], [6.0, 56.0, 7.0], [1.0, 8.0, 52.0], [6.0, 57.0, 42.0], [12.0, 61.0, 58.0], [3.0, 38.0, 6.0], [11.0, 62.0, 7.0], [14.0, 62.0, 49.0], [10.0, 25.0, 58.0], [31.0, 61.0, 60.0], [12.0, 33.0, 58.0], [6.0, 22.0, 48.0], [31.0, 11.0, 52.0], [10.0, 7.0, 58.0], [31.0, 33.0, 58.0], [31.0, 23.0, 58.0], [1.0, 8.0, 20.0], [31.0, 9.0, 26.0], [24.0, 62.0, 11.0], [3.0, 10.0, 31.0], [31.0, 43.0, 58.0], [30.0, 62.0, 49.0], [26.0, 41.0, 14.0], [28.0, 32.0, 5.0], [31.0, 51.0, 58.0], [30.0, 62.0, 37.0], [3.0, 62.0, 58.0], [31.0, 11.0, 6.0], [22.0, 61.0, 48.0], [30.0, 62.0, 7.0], [20.0, 43.0, 58.0], [24.0, 33.0, 58.0], [31.0, 35.0, 34.0], [24.0, 62.0, 37.0], [30.0, 62.0, 15.0], [31.0, 52.0, 39.0], [20.0, 33.0, 58.0], [31.0, 54.0, 29.0], [23.0, 3.0, 54.0], [31.0, 54.0, 5.0], [31.0, 52.0, 19.0], [31.0, 41.0, 6.0], [18.0, 25.0, 58.0], [24.0, 27.0, 48.0], [21.0, 3.0, 40.0], [16.0, 49.0, 58.0], [3.0, 62.0, 18.0], [10.0, 25.0, 48.0], [3.0, 54.0, 6.0], [9.0, 62.0, 35.0], [14.0, 25.0, 48.0], [1.0, 43.0, 58.0], [7.0, 62.0, 26.0], [3.0, 20.0, 35.0], [10.0, 7.0, 48.0], [21.0, 17.0, 20.0], [21.0, 3.0, 8.0], [12.0, 7.0, 34.0], [1.0, 28.0, 41.0], [0.0, 55.0, 44.0], [0.0, 18.0, 47.0], [0.0, 25.0, 20.0], [12.0, 3.0, 24.0], [0.0, 50.0, 27.0], [0.0, 62.0, 58.0], [0.0, 62.0, 32.0], [14.0, 5.0, 1.0], [0.0, 38.0, 0.0], [3.0, 3.0, 0.0], [0.0, 3.0, 0.0], [6.0, 50.0, 22.0], [8.0, 25.0, 15.0], [6.0, 7.0, 21.0]]","[0.9444167613983154, 0.929724931716919, 0.8560070395469666, 0.8224322199821472, 0.8059688210487366, 0.7828708291053772, 0.7612665891647339, 0.7582008242607117, 0.7361435890197754, 0.7317323684692383, 0.7287469506263733, 0.7247211337089539, 0.7228976488113403, 0.7226845622062683, 0.721635103225708, 0.718705952167511, 0.7186179161071777, 0.7147908210754395, 0.7132723331451416, 0.7118480205535889, 0.7112296223640442, 0.7112131714820862, 0.7110954523086548, 0.7097788453102112, 0.7084543108940125, 0.7078896164894104, 0.7075928449630737, 0.7067035436630249, 0.7058513760566711, 0.703678548336029, 0.7029003500938416, 0.7028276920318604, 0.7026828527450562, 0.7017298340797424, 0.7005129456520081, 0.6979696154594421, 0.6970656514167786, 0.6966357827186584, 0.6963510513305664, 0.6951083540916443, 0.6927265524864197, 0.6916533708572388, 0.6915591359138489, 0.6876749992370605, 0.6856515407562256, 0.684914767742157, 0.6848888993263245, 0.6830472946166992, 0.6816737651824951, 0.6799725294113159, 0.6687068939208984, 0.6626840829849243, 0.655264675617218, 0.6482962965965271, 0.6481000781059265, 0.642920196056366, 0.6407179236412048, 0.6397672891616821, 0.639104425907135, 0.6368143558502197, 0.6320210695266724, 0.6273441910743713, 0.6269049048423767, 0.6202631592750549, 0.6197121143341064, 0.6144194006919861, 0.6122845411300659, 0.5747167468070984, 0.5386135578155518, 0.5384390354156494, 0.5368691682815552, 0.5103009939193726, 0.49924126267433167, 0.4954761266708374, 0.4891534447669983, 0.47854211926460266]"
train_6bba_t25_p05_crowded,train,crowded,3,70,1.0,1.0,1.0,0.2708,0.4062,0.9137,0.4827,0.1594,0.2298,0.9245,0.0,"[[16.0, 32.0, 31.0], [7.0, 9.0, 47.0], [13.0, 5.0, 6.0], [22.0, 46.0, 35.0], [28.0, 26.0, 5.0], [20.0, 23.0, 20.0], [14.0, 51.0, 60.0], [6.0, 37.0, 58.0], [20.0, 7.0, 31.0], [8.0, 55.0, 23.0], [28.0, 19.0, 34.0], [16.0, 62.0, 23.0], [3.0, 13.0, 24.0], [30.0, 61.0, 4.0], [3.0, 50.0, 58.0], [30.0, 61.0, 60.0], [24.0, 61.0, 58.0], [18.0, 27.0, 58.0], [26.0, 53.0, 48.0], [22.0, 62.0, 21.0], [9.0, 6.0, 17.0], [28.0, 61.0, 30.0], [22.0, 21.0, 2.0], [28.0, 51.0, 58.0], [30.0, 61.0, 50.0], [18.0, 7.0, 58.0], [28.0, 33.0, 58.0], [30.0, 17.0, 60.0], [22.0, 17.0, 58.0], [29.0, 3.0, 58.0], [3.0, 62.0, 7.0], [16.0, 7.0, 46.0], [28.0, 5.0, 2.0], [3.0, 42.0, 17.0], [16.0, 62.0, 46.0], [31.0, 45.0, 6.0], [12.0, 19.0, 58.0], [20.0, 33.0, 2.0], [23.0, 41.0, 2.0], [24.0, 7.0, 20.0], [12.0, 4.0, 42.0], [25.0, 19.0, 18.0], [22.0, 47.0, 14.0], [12.0, 35.0, 58.0], [22.0, 62.0, 7.0], [18.0, 7.0, 16.0], [10.0, 2.0, 57.0], [9.0, 26.0, 6.0], [18.0, 61.0, 2.0], [10.0, 21.0, 42.0], [3.0, 6.0, 6.0], [8.0, 62.0, 8.0], [13.0, 25.0, 46.0], [14.0, 49.0, 40.0], [3.0, 62.0, 58.0], [1.0, 37.0, 7.0], [11.0, 62.0, 29.0], [14.0, 51.0, 10.0], [14.0, 47.0, 22.0], [6.0, 27.0, 58.0], [13.0, 62.0, 7.0], [3.0, 4.0, 57.0], [17.0, 31.0, 14.0], [9.0, 50.0, 1.0], [0.0, 32.0, 23.0], [0.0, 15.0, 58.0], [3.0, 14.0, 59.0], [1.0, 62.0, 31.0], [1.0, 54.0, 45.0], [4.0, 29.0, 16.0]]","[0.9244649410247803, 0.9156118035316467, 0.9009217619895935, 0.8952375650405884, 0.8877608180046082, 0.8795472383499146, 0.871990442276001, 0.8654670119285583, 0.8592178821563721, 0.8482667207717896, 0.8450818061828613, 0.8366987109184265, 0.8335222601890564, 0.8265873789787292, 0.8166790008544922, 0.812619149684906, 0.8082202076911926, 0.8051767945289612, 0.8042171597480774, 0.8039131760597229, 0.8038853406906128, 0.802946925163269, 0.8006892800331116, 0.800256073474884, 0.799588143825531, 0.7994287610054016, 0.7953925132751465, 0.7935085892677307, 0.7929396033287048, 0.7863948941230774, 0.7785730957984924, 0.7727214694023132, 0.7697780132293701, 0.7678964138031006, 0.761962354183197, 0.7569185495376587, 0.7422205805778503, 0.7392680644989014, 0.7358996272087097, 0.7326263785362244, 0.7297954559326172, 0.7297652959823608, 0.7244178652763367, 0.7235125303268433, 0.7228039503097534, 0.7188761234283447, 0.6974071860313416, 0.6968852281570435, 0.6926600933074951, 0.6908724308013916, 0.68715500831604, 0.6853166818618774, 0.6848992109298706, 0.6814021468162537, 0.6720927953720093, 0.6690298318862915, 0.6638622879981995, 0.630689263343811, 0.6257333159446716, 0.62408846616745, 0.6188061833381653, 0.6187649965286255, 0.6005128622055054, 0.5902125835418701, 0.5588812232017517, 0.553475022315979, 0.5174870491027832, 0.5156081318855286, 0.5015403628349304, 0.4494779109954834]"
train_6bba_t15_p06_crowded,train,crowded,2,76,0.5,0.5,0.5,3.7564,3.7564,0.9254,0.4826,0.1587,0.1551,0.9728,0.0,"[[8.0, 30.0, 27.0], [16.0, 32.0, 31.0], [3.0, 51.0, 60.0], [10.0, 18.0, 61.0], [23.0, 8.0, 11.0], [10.0, 30.0, 6.0], [11.0, 62.0, 7.0], [4.0, 59.0, 32.0], [8.0, 33.0, 48.0], [10.0, 62.0, 38.0], [22.0, 61.0, 4.0], [17.0, 5.0, 5.0], [7.0, 62.0, 37.0], [10.0, 12.0, 36.0], [3.0, 62.0, 59.0], [20.0, 3.0, 42.0], [18.0, 25.0, 18.0], [20.0, 61.0, 38.0], [28.0, 61.0, 58.0], [30.0, 61.0, 34.0], [30.0, 61.0, 44.0], [30.0, 61.0, 20.0], [30.0, 61.0, 12.0], [22.0, 61.0, 58.0], [24.0, 61.0, 46.0], [30.0, 15.0, 30.0], [22.0, 37.0, 38.0], [28.0, 35.0, 58.0], [28.0, 43.0, 58.0], [29.0, 3.0, 58.0], [22.0, 51.0, 58.0], [26.0, 51.0, 58.0], [28.0, 15.0, 58.0], [29.0, 31.0, 6.0], [22.0, 7.0, 58.0], [30.0, 47.0, 50.0], [14.0, 61.0, 58.0], [28.0, 39.0, 50.0], [30.0, 21.0, 48.0], [30.0, 31.0, 42.0], [30.0, 49.0, 38.0], [4.0, 8.0, 57.0], [28.0, 51.0, 2.0], [13.0, 39.0, 23.0], [30.0, 35.0, 26.0], [30.0, 51.0, 12.0], [14.0, 43.0, 58.0], [16.0, 17.0, 50.0], [19.0, 29.0, 2.0], [1.0, 62.0, 21.0], [16.0, 57.0, 16.0], [15.0, 33.0, 4.0], [3.0, 23.0, 58.0], [13.0, 10.0, 36.0], [15.0, 3.0, 58.0], [1.0, 62.0, 7.0], [4.0, 8.0, 33.0], [2.0, 62.0, 46.0], [9.0, 52.0, 6.0], [0.0, 36.0, 57.0], [1.0, 38.0, 22.0], [6.0, 45.0, 15.0], [3.0, 5.0, 2.0], [2.0, 47.0, 1.0], [3.0, 34.0, 6.0], [9.0, 7.0, 6.0], [0.0, 28.0, 43.0], [3.0, 53.0, 21.0], [11.0, 7.0, 25.0], [3.0, 15.0, 1.0], [9.0, 2.0, 45.0], [8.0, 17.0, 2.0], [0.0, 27.0, 25.0], [0.0, 50.0, 34.0], [5.0, 18.0, 29.0], [3.0, 11.0, 16.0]]","[0.9727904200553894, 0.9720643162727356, 0.9142501354217529, 0.9141771197319031, 0.8787166476249695, 0.8740366697311401, 0.8245512247085571, 0.8239467740058899, 0.8171988129615784, 0.8162726759910583, 0.794073760509491, 0.7794572114944458, 0.7791993021965027, 0.77913498878479, 0.7736390233039856, 0.77214115858078, 0.7716287970542908, 0.7700492143630981, 0.7586284279823303, 0.7568747401237488, 0.7549778819084167, 0.7541905641555786, 0.7521862983703613, 0.7520473599433899, 0.7512532472610474, 0.7482272982597351, 0.7474845051765442, 0.7435533404350281, 0.7424592971801758, 0.7397878766059875, 0.7382610440254211, 0.7380800843238831, 0.7380176782608032, 0.7345510125160217, 0.7338874936103821, 0.7317689061164856, 0.7317149639129639, 0.7283170223236084, 0.7274938821792603, 0.7267631888389587, 0.726036548614502, 0.7257192134857178, 0.7230302095413208, 0.7207280397415161, 0.7199959754943848, 0.7188516855239868, 0.7102211713790894, 0.710188090801239, 0.7008046507835388, 0.6967850923538208, 0.6954638361930847, 0.6855645775794983, 0.6842208504676819, 0.6827890276908875, 0.6711893677711487, 0.6641736030578613, 0.6620142459869385, 0.6597995162010193, 0.6379684805870056, 0.6157163977622986, 0.5971710681915283, 0.5754252672195435, 0.5717434287071228, 0.5702623128890991, 0.5698680877685547, 0.5659390091896057, 0.5624067187309265, 0.5413692593574524, 0.5236539840698242, 0.5098669528961182, 0.5009950995445251, 0.4910517632961273, 0.47153735160827637, 0.46848127245903015, 0.4311786890029907, 0.41108253598213196]"
train_6bba_t15_p07_isolated,train,isolated,1,71,1.0,1.0,1.0,0.4062,0.4062,0.968,0.4828,0.1601,0.1793,0.968,0.0,"[[16.0, 32.0, 31.0], [20.0, 28.0, 25.0], [22.0, 45.0, 11.0], [10.0, 37.0, 57.0], [17.0, 7.0, 6.0], [4.0, 16.0, 51.0], [3.0, 42.0, 57.0], [10.0, 62.0, 51.0], [10.0, 21.0, 41.0], [16.0, 29.0, 56.0], [3.0, 57.0, 32.0], [24.0, 61.0, 34.0], [14.0, 62.0, 36.0], [3.0, 44.0, 6.0], [5.0, 7.0, 15.0], [3.0, 7.0, 7.0], [28.0, 61.0, 58.0], [8.0, 39.0, 20.0], [16.0, 61.0, 58.0], [30.0, 61.0, 16.0], [28.0, 3.0, 28.0], [30.0, 61.0, 48.0], [26.0, 35.0, 58.0], [28.0, 27.0, 58.0], [30.0, 61.0, 32.0], [28.0, 43.0, 58.0], [24.0, 47.0, 58.0], [13.0, 7.0, 14.0], [3.0, 9.0, 59.0], [26.0, 33.0, 32.0], [30.0, 49.0, 14.0], [30.0, 41.0, 4.0], [30.0, 43.0, 50.0], [30.0, 17.0, 50.0], [27.0, 61.0, 2.0], [29.0, 3.0, 6.0], [31.0, 11.0, 22.0], [16.0, 3.0, 58.0], [24.0, 23.0, 14.0], [14.0, 3.0, 38.0], [20.0, 37.0, 46.0], [8.0, 57.0, 22.0], [20.0, 9.0, 44.0], [8.0, 7.0, 58.0], [20.0, 52.0, 25.0], [3.0, 31.0, 6.0], [7.0, 55.0, 6.0], [21.0, 7.0, 6.0], [15.0, 51.0, 42.0], [3.0, 55.0, 58.0], [8.0, 21.0, 60.0], [20.0, 61.0, 2.0], [1.0, 62.0, 17.0], [13.0, 62.0, 14.0], [0.0, 31.0, 58.0], [20.0, 37.0, 1.0], [16.0, 36.0, 11.0], [10.0, 35.0, 2.0], [1.0, 26.0, 20.0], [8.0, 29.0, 23.0], [9.0, 62.0, 35.0], [16.0, 24.0, 2.0], [17.0, 45.0, 8.0], [4.0, 12.0, 41.0], [7.0, 19.0, 32.0], [4.0, 33.0, 47.0], [1.0, 21.0, 30.0], [0.0, 11.0, 27.0], [10.0, 15.0, 5.0], [0.0, 45.0, 30.0], [1.0, 38.0, 17.0]]","[0.9680029153823853, 0.9421513080596924, 0.9335204362869263, 0.8902674913406372, 0.8407920002937317, 0.8398705720901489, 0.834714412689209, 0.8312971591949463, 0.8276242017745972, 0.8179590106010437, 0.8024929165840149, 0.7948200702667236, 0.7921398282051086, 0.7914688587188721, 0.7840806245803833, 0.7815518975257874, 0.7739315032958984, 0.7701027393341064, 0.76790851354599, 0.7671884894371033, 0.766751766204834, 0.7640007734298706, 0.7634519338607788, 0.7629883289337158, 0.7618937492370605, 0.760547399520874, 0.758763313293457, 0.7552582621574402, 0.7546722888946533, 0.7538551688194275, 0.7519256472587585, 0.7500462532043457, 0.7467362284660339, 0.7459193468093872, 0.7451967000961304, 0.7437742948532104, 0.7422915101051331, 0.7414644956588745, 0.7408043742179871, 0.7334955334663391, 0.7324433326721191, 0.7238243818283081, 0.7208568453788757, 0.7119190692901611, 0.7114991545677185, 0.7101864814758301, 0.709198534488678, 0.6897403597831726, 0.6890221238136292, 0.6688740253448486, 0.653324544429779, 0.6531230211257935, 0.6324422955513, 0.6171826720237732, 0.6112963557243347, 0.5952064990997314, 0.5941527485847473, 0.5873188376426697, 0.5797331929206848, 0.5783963203430176, 0.5686191320419312, 0.5659912824630737, 0.5652981400489807, 0.549038827419281, 0.5408163666725159, 0.5255321860313416, 0.5180515646934509, 0.5090899467468262, 0.5046575665473938, 0.4878944158554077, 0.4476891756057739]"
train_6bba_t15_p08_isolated,train,isolated,1,73,1.0,1.0,1.0,0.4062,0.4062,0.9664,0.4828,0.1575,0.1751,0.9664,0.0,"[[16.0, 32.0, 31.0], [22.0, 56.0, 41.0], [28.0, 29.0, 20.0], [4.0, 33.0, 61.0], [20.0, 13.0, 7.0], [14.0, 62.0, 13.0], [26.0, 37.0, 36.0], [28.0, 15.0, 4.0], [14.0, 53.0, 43.0], [12.0, 18.0, 47.0], [22.0, 33.0, 26.0], [24.0, 5.0, 58.0], [28.0, 3.0, 30.0], [18.0, 39.0, 9.0], [6.0, 57.0, 5.0], [24.0, 7.0, 24.0], [16.0, 13.0, 62.0], [30.0, 57.0, 60.0], [7.0, 7.0, 29.0], [31.0, 3.0, 16.0], [3.0, 62.0, 46.0], [30.0, 61.0, 18.0], [31.0, 61.0, 32.0], [28.0, 57.0, 48.0], [22.0, 19.0, 58.0], [31.0, 47.0, 10.0], [18.0, 21.0, 50.0], [23.0, 19.0, 50.0], [14.0, 13.0, 32.0], [26.0, 43.0, 2.0], [11.0, 15.0, 24.0], [22.0, 62.0, 58.0], [18.0, 43.0, 58.0], [23.0, 3.0, 6.0], [29.0, 61.0, 6.0], [20.0, 47.0, 28.0], [3.0, 8.0, 35.0], [31.0, 33.0, 6.0], [3.0, 7.0, 58.0], [22.0, 61.0, 22.0], [0.0, 3.0, 58.0], [6.0, 41.0, 19.0], [3.0, 62.0, 6.0], [0.0, 15.0, 58.0], [23.0, 61.0, 6.0], [5.0, 62.0, 58.0], [21.0, 31.0, 2.0], [0.0, 3.0, 2.0], [0.0, 3.0, 12.0], [8.0, 62.0, 59.0], [17.0, 62.0, 22.0], [1.0, 62.0, 34.0], [12.0, 33.0, 5.0], [16.0, 55.0, 2.0], [19.0, 41.0, 42.0], [11.0, 3.0, 44.0], [6.0, 18.0, 26.0], [15.0, 25.0, 2.0], [13.0, 62.0, 57.0], [0.0, 41.0, 2.0], [7.0, 62.0, 34.0], [13.0, 36.0, 14.0], [13.0, 18.0, 58.0], [3.0, 45.0, 7.0], [7.0, 62.0, 19.0], [0.0, 55.0, 58.0], [0.0, 38.0, 19.0], [8.0, 30.0, 21.0], [0.0, 54.0, 49.0], [3.0, 41.0, 19.0], [6.0, 40.0, 46.0], [0.0, 45.0, 29.0], [3.0, 49.0, 58.0]]","[0.9664492011070251, 0.9369025826454163, 0.9316574931144714, 0.9242337346076965, 0.9065706729888916, 0.8959906101226807, 0.8874046802520752, 0.853739857673645, 0.8510494232177734, 0.8353167176246643, 0.8330094814300537, 0.8204764127731323, 0.8166281580924988, 0.8114257454872131, 0.8100685477256775, 0.8070329427719116, 0.8026629686355591, 0.8003741502761841, 0.799791157245636, 0.7979552149772644, 0.7968865633010864, 0.7945383787155151, 0.7922670841217041, 0.7870199680328369, 0.7805411219596863, 0.7780026197433472, 0.775278627872467, 0.7740703225135803, 0.7740606069564819, 0.7719766497612, 0.7664883732795715, 0.7655240297317505, 0.7625157237052917, 0.7609387636184692, 0.760539174079895, 0.7563908696174622, 0.7532092332839966, 0.7522525191307068, 0.7468911409378052, 0.7414986491203308, 0.7413706183433533, 0.7374466061592102, 0.7364578247070312, 0.7332985401153564, 0.7317637205123901, 0.7291269898414612, 0.7261359095573425, 0.723111629486084, 0.7215949296951294, 0.7191992998123169, 0.7161313891410828, 0.7154918313026428, 0.7093213200569153, 0.6962586045265198, 0.6959719657897949, 0.6862150430679321, 0.6781735420227051, 0.6734254360198975, 0.6453555226325989, 0.6357225179672241, 0.625130832195282, 0.6132472157478333, 0.6027947664260864, 0.5973851084709167, 0.5780813097953796, 0.5573657751083374, 0.5562430620193481, 0.5518307685852051, 0.5447290539741516, 0.5237818360328674, 0.48851239681243896, 0.45552659034729004, 0.4381885528564453]"
train_6bba_t45_p09_isolated,train,isolated,1,82,1.0,1.0,1.0,0.4062,0.4062,0.92,0.4834,0.1555,0.1412,0.9775,0.0,"[[8.0, 23.0, 59.0], [8.0, 45.0, 58.0], [11.0, 55.0, 59.0], [6.0, 32.0, 31.0], [6.0, 62.0, 39.0], [17.0, 8.0, 59.0], [11.0, 48.0, 35.0], [2.0, 62.0, 61.0], [20.0, 26.0, 17.0], [12.0, 13.0, 23.0], [22.0, 7.0, 5.0], [20.0, 3.0, 44.0], [10.0, 49.0, 5.0], [22.0, 3.0, 58.0], [19.0, 9.0, 6.0], [18.0, 53.0, 58.0], [16.0, 33.0, 42.0], [30.0, 61.0, 48.0], [30.0, 61.0, 38.0], [24.0, 61.0, 4.0], [28.0, 61.0, 26.0], [28.0, 61.0, 58.0], [26.0, 27.0, 14.0], [29.0, 3.0, 52.0], [26.0, 61.0, 38.0], [30.0, 61.0, 18.0], [26.0, 15.0, 58.0], [29.0, 3.0, 28.0], [1.0, 62.0, 20.0], [26.0, 43.0, 58.0], [26.0, 43.0, 44.0], [22.0, 37.0, 48.0], [31.0, 33.0, 60.0], [28.0, 33.0, 58.0], [31.0, 21.0, 60.0], [31.0, 11.0, 58.0], [31.0, 53.0, 60.0], [26.0, 7.0, 4.0], [24.0, 51.0, 48.0], [28.0, 17.0, 12.0], [8.0, 9.0, 2.0], [28.0, 21.0, 50.0], [12.0, 36.0, 45.0], [30.0, 47.0, 22.0], [31.0, 53.0, 6.0], [13.0, 62.0, 8.0], [18.0, 17.0, 44.0], [1.0, 62.0, 39.0], [23.0, 43.0, 2.0], [15.0, 62.0, 39.0], [14.0, 41.0, 18.0], [16.0, 45.0, 30.0], [15.0, 3.0, 30.0], [6.0, 6.0, 15.0], [12.0, 14.0, 10.0], [7.0, 25.0, 2.0], [8.0, 40.0, 45.0], [14.0, 55.0, 18.0], [12.0, 62.0, 21.0], [1.0, 50.0, 59.0], [10.0, 9.0, 48.0], [3.0, 23.0, 58.0], [3.0, 23.0, 2.0], [0.0, 62.0, 48.0], [8.0, 16.0, 13.0], [4.0, 9.0, 58.0], [4.0, 51.0, 1.0], [0.0, 41.0, 58.0], [4.0, 35.0, 59.0], [4.0, 43.0, 1.0], [1.0, 44.0, 21.0], [4.0, 3.0, 46.0], [1.0, 42.0, 30.0], [0.0, 53.0, 35.0], [10.0, 18.0, 45.0], [1.0, 38.0, 37.0], [4.0, 16.0, 49.0], [1.0, 30.0, 50.0], [3.0, 50.0, 47.0], [3.0, 26.0, 42.0], [1.0, 8.0, 19.0], [6.0, 52.0, 19.0]]","[0.9774558544158936, 0.9212354421615601, 0.9203417897224426, 0.9199798107147217, 0.9092578887939453, 0.880479097366333, 0.8572244048118591, 0.8346596956253052, 0.8184680938720703, 0.8133179545402527, 0.78349769115448, 0.7830760478973389, 0.779274046421051, 0.7594777345657349, 0.756287157535553, 0.7532644867897034, 0.7507565021514893, 0.7478838562965393, 0.7463646531105042, 0.7436355948448181, 0.7431663870811462, 0.7429686188697815, 0.7424986958503723, 0.7424129843711853, 0.7412024736404419, 0.7391238808631897, 0.7328804731369019, 0.7317293286323547, 0.7301283478736877, 0.7298679351806641, 0.7283613085746765, 0.7275283336639404, 0.7273825407028198, 0.7270076274871826, 0.7260544896125793, 0.726037859916687, 0.7255577445030212, 0.7254197001457214, 0.7233242392539978, 0.7230146527290344, 0.7217590808868408, 0.7216398119926453, 0.7134965062141418, 0.7128220200538635, 0.7102157473564148, 0.697439432144165, 0.6954254508018494, 0.6903877258300781, 0.6846349239349365, 0.6776379942893982, 0.6723278760910034, 0.670443594455719, 0.6588407158851624, 0.6521727442741394, 0.6447232365608215, 0.6438125967979431, 0.6325551271438599, 0.6293925642967224, 0.6226956844329834, 0.6174699068069458, 0.6014570593833923, 0.5973828434944153, 0.5937376618385315, 0.5883969068527222, 0.5851764678955078, 0.5834735631942749, 0.5814040303230286, 0.5805912613868713, 0.5805106163024902, 0.5761673450469971, 0.5702464580535889, 0.5680037140846252, 0.5586328506469727, 0.5579861998558044, 0.542475700378418, 0.5364675521850586, 0.5178403258323669, 0.48390480875968933, 0.4783034920692444, 0.4657784700393677, 0.4396609663963318, 0.41086629033088684]"
train_6bba_t55_p10_isolated,train,isolated,1,78,1.0,1.0,1.0,0.4062,0.4062,0.9437,0.4841,0.1525,0.1714,0.9717,0.0,"[[18.0, 13.0, 43.0], [10.0, 62.0, 58.0], [16.0, 32.0, 31.0], [22.0, 20.0, 5.0], [24.0, 27.0, 50.0], [18.0, 62.0, 57.0], [26.0, 34.0, 17.0], [30.0, 24.0, 5.0], [30.0, 29.0, 60.0], [28.0, 25.0, 48.0], [23.0, 53.0, 60.0], [30.0, 33.0, 20.0], [17.0, 38.0, 61.0], [25.0, 61.0, 58.0], [30.0, 61.0, 60.0], [28.0, 61.0, 34.0], [26.0, 3.0, 46.0], [28.0, 3.0, 18.0], [21.0, 54.0, 7.0], [29.0, 3.0, 58.0], [31.0, 51.0, 58.0], [28.0, 53.0, 60.0], [9.0, 23.0, 58.0], [31.0, 47.0, 42.0], [24.0, 43.0, 38.0], [22.0, 9.0, 58.0], [20.0, 17.0, 58.0], [0.0, 3.0, 58.0], [0.0, 3.0, 48.0], [25.0, 19.0, 18.0], [3.0, 62.0, 8.0], [0.0, 13.0, 56.0], [16.0, 62.0, 16.0], [22.0, 45.0, 24.0], [6.0, 62.0, 32.0], [8.0, 13.0, 58.0], [0.0, 3.0, 38.0], [12.0, 46.0, 25.0], [3.0, 62.0, 58.0], [4.0, 15.0, 58.0], [0.0, 39.0, 58.0], [15.0, 53.0, 48.0], [10.0, 62.0, 42.0], [7.0, 62.0, 6.0], [4.0, 27.0, 58.0], [0.0, 37.0, 48.0], [19.0, 62.0, 29.0], [20.0, 15.0, 24.0], [0.0, 3.0, 14.0], [4.0, 37.0, 58.0], [0.0, 7.0, 2.0], [12.0, 57.0, 19.0], [19.0, 7.0, 2.0], [4.0, 62.0, 49.0], [0.0, 62.0, 49.0], [14.0, 19.0, 62.0], [0.0, 17.0, 2.0], [0.0, 62.0, 41.0], [12.0, 35.0, 54.0], [3.0, 7.0, 2.0], [8.0, 41.0, 44.0], [15.0, 3.0, 56.0], [7.0, 7.0, 4.0], [14.0, 7.0, 2.0], [5.0, 51.0, 38.0], [16.0, 22.0, 2.0], [15.0, 38.0, 1.0], [3.0, 40.0, 1.0], [3.0, 54.0, 1.0], [8.0, 27.0, 22.0], [15.0, 7.0, 31.0], [9.0, 20.0, 1.0], [9.0, 28.0, 1.0], [7.0, 45.0, 1.0], [16.0, 3.0, 22.0], [0.0, 46.0, 1.0], [12.0, 7.0, 16.0], [31.0, 46.0, 0.0]]","[0.9716524481773376, 0.961145281791687, 0.9437156319618225, 0.9280508756637573, 0.9059333801269531, 0.8965502977371216, 0.891493022441864, 0.8876693844795227, 0.8630792498588562, 0.8533340096473694, 0.8499230742454529, 0.8419700264930725, 0.8292434811592102, 0.8211591839790344, 0.8177937865257263, 0.8154253363609314, 0.8128036856651306, 0.8118708729743958, 0.8096081018447876, 0.8093680739402771, 0.8057349324226379, 0.8040534853935242, 0.8022856116294861, 0.7972738742828369, 0.79721599817276, 0.795198380947113, 0.7788762450218201, 0.7671915292739868, 0.7609724402427673, 0.7607244253158569, 0.7580791711807251, 0.757803201675415, 0.752081036567688, 0.7506069540977478, 0.7499992251396179, 0.7496457099914551, 0.7492210268974304, 0.7462169528007507, 0.7425188422203064, 0.7295811176300049, 0.726783037185669, 0.7224908471107483, 0.7213612794876099, 0.7207480072975159, 0.71975177526474, 0.7081475853919983, 0.7070969343185425, 0.7040002346038818, 0.6989017724990845, 0.6948797702789307, 0.6921553611755371, 0.6903155446052551, 0.6895826458930969, 0.688285768032074, 0.6865971684455872, 0.6856304407119751, 0.6819646954536438, 0.6778755784034729, 0.676709771156311, 0.6687588691711426, 0.6459255814552307, 0.6375094652175903, 0.635239839553833, 0.6200718879699707, 0.6168920397758484, 0.61293625831604, 0.6097970604896545, 0.6052711009979248, 0.5994405150413513, 0.5985820889472961, 0.5977917909622192, 0.5890543460845947, 0.5729432106018066, 0.5547149181365967, 0.5475940108299255, 0.5442295074462891, 0.5364342927932739, 0.46592196822166443]"
train_44b6_t55_p01_isolated,train,isolated,1,78,1.0,1.0,1.0,0.4062,0.4062,0.9387,0.4829,0.1571,0.1514,0.9387,0.0,"[[15.0, 32.0, 31.0], [14.0, 13.0, 44.0], [20.0, 53.0, 37.0], [22.0, 40.0, 49.0], [10.0, 35.0, 7.0], [12.0, 53.0, 35.0], [12.0, 17.0, 8.0], [26.0, 28.0, 59.0], [25.0, 6.0, 53.0], [26.0, 62.0, 57.0], [24.0, 16.0, 15.0], [6.0, 51.0, 39.0], [3.0, 35.0, 55.0], [0.0, 57.0, 48.0], [0.0, 3.0, 12.0], [0.0, 13.0, 58.0], [0.0, 17.0, 14.0], [0.0, 17.0, 50.0], [0.0, 49.0, 58.0], [0.0, 17.0, 22.0], [0.0, 29.0, 30.0], [24.0, 62.0, 6.0], [4.0, 11.0, 28.0], [10.0, 62.0, 26.0], [6.0, 13.0, 2.0], [18.0, 27.0, 20.0], [0.0, 61.0, 12.0], [8.0, 35.0, 60.0], [4.0, 31.0, 40.0], [29.0, 50.0, 35.0], [6.0, 47.0, 26.0], [6.0, 47.0, 12.0], [26.0, 62.0, 31.0], [8.0, 15.0, 58.0], [6.0, 35.0, 50.0], [4.0, 61.0, 60.0], [6.0, 62.0, 30.0], [10.0, 62.0, 46.0], [3.0, 47.0, 6.0], [9.0, 39.0, 36.0], [16.0, 47.0, 58.0], [9.0, 3.0, 14.0], [9.0, 39.0, 26.0], [5.0, 61.0, 2.0], [14.0, 25.0, 58.0], [28.0, 62.0, 22.0], [18.0, 15.0, 47.0], [8.0, 61.0, 2.0], [16.0, 41.0, 6.0], [20.0, 62.0, 24.0], [27.0, 8.0, 23.0], [14.0, 43.0, 18.0], [28.0, 32.0, 17.0], [22.0, 17.0, 58.0], [22.0, 44.0, 25.0], [30.0, 29.0, 4.0], [16.0, 62.0, 57.0], [16.0, 62.0, 47.0], [21.0, 41.0, 14.0], [30.0, 43.0, 6.0], [17.0, 62.0, 13.0], [26.0, 29.0, 2.0], [30.0, 55.0, 2.0], [30.0, 38.0, 51.0], [22.0, 23.0, 32.0], [21.0, 3.0, 36.0], [30.0, 19.0, 2.0], [21.0, 7.0, 6.0], [30.0, 7.0, 2.0], [24.0, 6.0, 1.0], [15.0, 2.0, 0.0], [30.0, 6.0, 41.0], [26.0, 26.0, 45.0], [27.0, 1.0, 13.0], [30.0, 33.0, 34.0], [30.0, 18.0, 49.0], [31.0, 22.0, 35.0], [31.0, 48.0, 60.0]]","[0.9387008547782898, 0.9317106008529663, 0.9299541711807251, 0.9291340708732605, 0.9263379573822021, 0.924673855304718, 0.9210405349731445, 0.911477267742157, 0.8982449173927307, 0.8949459195137024, 0.8647960424423218, 0.8626595139503479, 0.859082043170929, 0.8246145844459534, 0.8235529065132141, 0.8209790587425232, 0.820846438407898, 0.8202032446861267, 0.8200851082801819, 0.8200327754020691, 0.8199834823608398, 0.8095154762268066, 0.8053199648857117, 0.8023186326026917, 0.7986187934875488, 0.7948721051216125, 0.7934321761131287, 0.7906606793403625, 0.7906345725059509, 0.7903545498847961, 0.7876616716384888, 0.7866166234016418, 0.7841308116912842, 0.7795228958129883, 0.7784911394119263, 0.774142324924469, 0.7732006311416626, 0.7666643261909485, 0.7665284276008606, 0.7511529922485352, 0.7508044838905334, 0.7505851984024048, 0.7497766613960266, 0.7442646026611328, 0.7420861721038818, 0.7414171099662781, 0.741378664970398, 0.7344048023223877, 0.7342821359634399, 0.7313280701637268, 0.7239381074905396, 0.7227513790130615, 0.7019479274749756, 0.697979211807251, 0.6950822472572327, 0.6832493543624878, 0.6818844676017761, 0.6785099506378174, 0.6666824221611023, 0.6548759937286377, 0.6546705961227417, 0.6508949995040894, 0.6447193026542664, 0.6341753602027893, 0.6339282989501953, 0.629540205001831, 0.6293815970420837, 0.6216164231300354, 0.6168140172958374, 0.6049351692199707, 0.5387622117996216, 0.5337747931480408, 0.5197085738182068, 0.49880552291870117, 0.4925660192966461, 0.47609201073646545, 0.4228266179561615, 0.3863668143749237]"
train_44b6_t45_p02_isolated,train,isolated,1,75,1.0,1.0,1.0,0.5745,0.5745,0.9517,0.4841,0.1549,0.13,0.9849,0.0,"[[10.0, 33.0, 12.0], [18.0, 13.0, 50.0], [16.0, 10.0, 25.0], [16.0, 30.0, 31.0], [18.0, 41.0, 50.0], [22.0, 38.0, 5.0], [24.0, 34.0, 45.0], [24.0, 9.0, 41.0], [12.0, 62.0, 8.0], [13.0, 4.0, 5.0], [3.0, 56.0, 60.0], [4.0, 30.0, 3.0], [3.0, 43.0, 58.0], [29.0, 37.0, 36.0], [14.0, 55.0, 32.0], [6.0, 15.0, 10.0], [0.0, 5.0, 24.0], [0.0, 61.0, 4.0], [6.0, 45.0, 22.0], [22.0, 47.0, 31.0], [27.0, 6.0, 30.0], [0.0, 7.0, 58.0], [30.0, 61.0, 4.0], [30.0, 47.0, 6.0], [4.0, 39.0, 46.0], [4.0, 13.0, 30.0], [6.0, 33.0, 58.0], [30.0, 3.0, 16.0], [3.0, 18.0, 45.0], [30.0, 35.0, 20.0], [0.0, 31.0, 50.0], [3.0, 13.0, 4.0], [10.0, 53.0, 58.0], [10.0, 21.0, 30.0], [0.0, 29.0, 32.0], [3.0, 53.0, 6.0], [13.0, 62.0, 60.0], [27.0, 61.0, 60.0], [31.0, 23.0, 16.0], [30.0, 47.0, 56.0], [28.0, 47.0, 22.0], [6.0, 23.0, 58.0], [5.0, 35.0, 34.0], [31.0, 11.0, 6.0], [30.0, 61.0, 40.0], [0.0, 43.0, 30.0], [30.0, 61.0, 52.0], [2.0, 61.0, 32.0], [30.0, 29.0, 32.0], [28.0, 35.0, 58.0], [6.0, 51.0, 46.0], [5.0, 10.0, 47.0], [26.0, 3.0, 4.0], [19.0, 62.0, 42.0], [24.0, 49.0, 58.0], [26.0, 17.0, 16.0], [16.0, 29.0, 2.0], [14.0, 27.0, 58.0], [4.0, 62.0, 45.0], [24.0, 3.0, 58.0], [15.0, 1.0, 58.0], [20.0, 7.0, 12.0], [31.0, 3.0, 58.0], [27.0, 22.0, 59.0], [31.0, 3.0, 46.0], [18.0, 55.0, 18.0], [22.0, 29.0, 58.0], [10.0, 21.0, 40.0], [18.0, 46.0, 21.0], [12.0, 5.0, 40.0], [10.0, 33.0, 41.0], [20.0, 31.0, 18.0], [22.0, 23.0, 30.0], [1.0, 35.0, 12.0], [15.0, 0.0, 17.0]]","[0.9848821759223938, 0.9672896862030029, 0.9583415389060974, 0.9517132639884949, 0.9509136080741882, 0.8962290287017822, 0.8891191482543945, 0.8541969060897827, 0.8501673340797424, 0.8351446390151978, 0.8262926936149597, 0.82183438539505, 0.8111833333969116, 0.8103023171424866, 0.8092480897903442, 0.8015536665916443, 0.8012309670448303, 0.801077663898468, 0.7940897941589355, 0.7878857851028442, 0.7876048684120178, 0.7874630093574524, 0.7862539887428284, 0.7845463156700134, 0.7838291525840759, 0.7818480730056763, 0.7812160849571228, 0.7776005864143372, 0.7766550183296204, 0.7733633518218994, 0.7730581164360046, 0.7728250026702881, 0.7716657519340515, 0.7688825130462646, 0.7688549160957336, 0.7678554654121399, 0.7670960426330566, 0.7648090720176697, 0.7628861665725708, 0.7625076770782471, 0.7613447904586792, 0.7612380981445312, 0.7586656212806702, 0.7541390061378479, 0.7528401017189026, 0.7496119737625122, 0.7494466304779053, 0.7396100163459778, 0.7389652132987976, 0.736534833908081, 0.7341833114624023, 0.7310938835144043, 0.7263581156730652, 0.7245040535926819, 0.7230908870697021, 0.7206917405128479, 0.709730327129364, 0.7073655128479004, 0.700039267539978, 0.6892914772033691, 0.6809033155441284, 0.677173376083374, 0.6744771003723145, 0.6708269119262695, 0.6630303859710693, 0.6629295945167542, 0.6602299213409424, 0.6585370302200317, 0.6541342735290527, 0.6462588310241699, 0.6382627487182617, 0.6280877590179443, 0.6219326853752136, 0.6072430610656738, 0.4410439431667328]"
train_44b6_t15_p03_isolated,train,isolated,1,72,1.0,1.0,1.0,0.4062,0.4062,0.8543,0.4835,0.1542,0.1712,0.9571,0.0,"[[18.0, 23.0, 37.0], [14.0, 12.0, 29.0], [17.0, 8.0, 61.0], [28.0, 62.0, 56.0], [20.0, 44.0, 61.0], [10.0, 54.0, 51.0], [16.0, 62.0, 5.0], [4.0, 18.0, 5.0], [12.0, 59.0, 30.0], [30.0, 38.0, 47.0], [24.0, 48.0, 33.0], [6.0, 29.0, 26.0], [24.0, 26.0, 61.0], [6.0, 54.0, 21.0], [13.0, 32.0, 31.0], [0.0, 9.0, 58.0], [0.0, 61.0, 58.0], [0.0, 29.0, 58.0], [0.0, 25.0, 50.0], [0.0, 53.0, 58.0], [21.0, 7.0, 47.0], [30.0, 15.0, 55.0], [0.0, 29.0, 14.0], [22.0, 62.0, 26.0], [8.0, 51.0, 6.0], [30.0, 9.0, 33.0], [4.0, 61.0, 58.0], [0.0, 11.0, 30.0], [10.0, 27.0, 58.0], [0.0, 3.0, 20.0], [10.0, 15.0, 2.0], [4.0, 47.0, 36.0], [8.0, 17.0, 17.0], [18.0, 62.0, 50.0], [25.0, 26.0, 6.0], [8.0, 62.0, 40.0], [0.0, 55.0, 8.0], [10.0, 3.0, 50.0], [0.0, 45.0, 18.0], [20.0, 18.0, 57.0], [16.0, 43.0, 24.0], [5.0, 3.0, 14.0], [5.0, 62.0, 30.0], [17.0, 62.0, 20.0], [3.0, 62.0, 5.0], [8.0, 49.0, 40.0], [17.0, 29.0, 58.0], [15.0, 7.0, 6.0], [3.0, 43.0, 20.0], [26.0, 61.0, 4.0], [26.0, 5.0, 2.0], [26.0, 25.0, 42.0], [16.0, 12.0, 17.0], [25.0, 47.0, 2.0], [26.0, 61.0, 20.0], [23.0, 62.0, 50.0], [23.0, 62.0, 58.0], [22.0, 39.0, 50.0], [26.0, 43.0, 20.0], [30.0, 62.0, 41.0], [24.0, 53.0, 58.0], [28.0, 21.0, 22.0], [18.0, 43.0, 44.0], [22.0, 7.0, 28.0], [26.0, 1.0, 60.0], [25.0, 14.0, 27.0], [26.0, 3.0, 14.0], [19.0, 6.0, 37.0], [27.0, 62.0, 33.0], [30.0, 19.0, 4.0], [23.0, 2.0, 15.0], [23.0, 27.0, 22.0]]","[0.9570973515510559, 0.9417544603347778, 0.9271076321601868, 0.9241175651550293, 0.9110080003738403, 0.9109973311424255, 0.9068950414657593, 0.9040250182151794, 0.8792569637298584, 0.878508985042572, 0.8733630180358887, 0.8732094764709473, 0.8685146570205688, 0.8605698943138123, 0.8543433547019958, 0.84904545545578, 0.8485468626022339, 0.8482545614242554, 0.8470439314842224, 0.8437331914901733, 0.8376344442367554, 0.8363324999809265, 0.8362643718719482, 0.8342776894569397, 0.8328566551208496, 0.825172483921051, 0.8236882090568542, 0.8132991194725037, 0.8132275938987732, 0.8041055202484131, 0.8015331029891968, 0.7934610843658447, 0.7921271324157715, 0.7919306755065918, 0.7887759804725647, 0.7796317338943481, 0.7757166028022766, 0.775282084941864, 0.7702729105949402, 0.7596197724342346, 0.7566512227058411, 0.7501580119132996, 0.7472670674324036, 0.7439575791358948, 0.7413439154624939, 0.7409746050834656, 0.7397368550300598, 0.7380465865135193, 0.7344390153884888, 0.726845383644104, 0.7202985286712646, 0.7121905088424683, 0.70602947473526, 0.7019924521446228, 0.7013793587684631, 0.6991957426071167, 0.6873143315315247, 0.6716383695602417, 0.6688499450683594, 0.6653456091880798, 0.6597776412963867, 0.6510715484619141, 0.6496574282646179, 0.6436972618103027, 0.634353756904602, 0.6316002607345581, 0.6304503679275513, 0.6287193894386292, 0.6252720355987549, 0.6144790649414062, 0.5812713503837585, 0.5421672463417053]"
train_44b6_t45_p04_crowded,train,crowded,3,74,1.0,1.0,1.0,0.2708,0.4062,0.9515,0.4824,0.1583,0.1748,0.9847,0.0,"[[16.0, 32.0, 31.0], [18.0, 43.0, 58.0], [9.0, 10.0, 59.0], [3.0, 34.0, 31.0], [8.0, 9.0, 39.0], [15.0, 8.0, 61.0], [6.0, 56.0, 11.0], [10.0, 49.0, 36.0], [3.0, 56.0, 43.0], [6.0, 9.0, 13.0], [12.0, 35.0, 5.0], [4.0, 25.0, 53.0], [12.0, 31.0, 42.0], [18.0, 3.0, 29.0], [1.0, 35.0, 9.0], [22.0, 41.0, 48.0], [12.0, 53.0, 55.0], [20.0, 41.0, 4.0], [16.0, 45.0, 7.0], [17.0, 62.0, 57.0], [22.0, 61.0, 14.0], [28.0, 7.0, 58.0], [28.0, 61.0, 4.0], [1.0, 62.0, 21.0], [30.0, 61.0, 18.0], [19.0, 61.0, 6.0], [30.0, 61.0, 32.0], [20.0, 3.0, 16.0], [30.0, 61.0, 48.0], [24.0, 61.0, 58.0], [30.0, 61.0, 58.0], [26.0, 41.0, 2.0], [28.0, 49.0, 4.0], [29.0, 3.0, 6.0], [20.0, 57.0, 46.0], [26.0, 21.0, 2.0], [29.0, 3.0, 28.0], [30.0, 31.0, 18.0], [3.0, 62.0, 58.0], [26.0, 45.0, 28.0], [30.0, 15.0, 32.0], [22.0, 3.0, 44.0], [26.0, 53.0, 36.0], [30.0, 47.0, 48.0], [30.0, 51.0, 58.0], [30.0, 39.0, 48.0], [1.0, 62.0, 4.0], [29.0, 31.0, 58.0], [0.0, 43.0, 58.0], [14.0, 62.0, 37.0], [19.0, 29.0, 54.0], [0.0, 3.0, 32.0], [8.0, 62.0, 61.0], [0.0, 9.0, 56.0], [12.0, 25.0, 58.0], [0.0, 9.0, 46.0], [11.0, 62.0, 7.0], [3.0, 5.0, 4.0], [13.0, 2.0, 6.0], [16.0, 17.0, 50.0], [6.0, 29.0, 2.0], [13.0, 3.0, 16.0], [14.0, 3.0, 46.0], [14.0, 15.0, 40.0], [13.0, 15.0, 14.0], [8.0, 27.0, 36.0], [0.0, 26.0, 19.0], [0.0, 43.0, 40.0], [10.0, 28.0, 29.0], [9.0, 12.0, 7.0], [12.0, 62.0, 49.0], [10.0, 50.0, 0.0], [0.0, 51.0, 18.0], [10.0, 1.0, 29.0]]","[0.9847092628479004, 0.9520635604858398, 0.9397215843200684, 0.9299532771110535, 0.9142352938652039, 0.9064098000526428, 0.8771905303001404, 0.8713008761405945, 0.8616482019424438, 0.8574408292770386, 0.8549221158027649, 0.8501577973365784, 0.8148471117019653, 0.8073388934135437, 0.7934508323669434, 0.7898461818695068, 0.7791314721107483, 0.7776488065719604, 0.7765071988105774, 0.7654678821563721, 0.7652586698532104, 0.7617664337158203, 0.7548165321350098, 0.7523572444915771, 0.7508781552314758, 0.7449412941932678, 0.743610680103302, 0.7388358116149902, 0.7375161051750183, 0.7361212372779846, 0.7344038486480713, 0.7341840863227844, 0.7337486743927002, 0.7332558035850525, 0.7315161824226379, 0.7309953570365906, 0.728192925453186, 0.7273538708686829, 0.7225332260131836, 0.7198732495307922, 0.7179623246192932, 0.7134217023849487, 0.7124511003494263, 0.7104620337486267, 0.7103175520896912, 0.7081452012062073, 0.7071013450622559, 0.7005909085273743, 0.6888667345046997, 0.6818050742149353, 0.671504020690918, 0.6708135604858398, 0.6685091257095337, 0.6619182229042053, 0.6530143022537231, 0.6525566577911377, 0.6375001072883606, 0.6326156258583069, 0.6310925483703613, 0.6293143630027771, 0.6163570880889893, 0.6089140176773071, 0.6078732013702393, 0.6015251278877258, 0.5933421850204468, 0.5805884003639221, 0.5696064829826355, 0.5634396076202393, 0.5631512999534607, 0.5509678721427917, 0.5240287184715271, 0.48581159114837646, 0.48376941680908203, 0.4702398180961609]"
train_44b6_t15_p05_crowded,train,crowded,2,74,1.0,1.0,1.0,0.4062,0.4062,0.9339,0.4836,0.1542,0.1463,0.9508,0.0,"[[16.0, 24.0, 33.0], [6.0, 27.0, 13.0], [10.0, 49.0, 17.0], [28.0, 18.0, 37.0], [30.0, 46.0, 51.0], [10.0, 21.0, 20.0], [5.0, 40.0, 59.0], [14.0, 40.0, 31.0], [22.0, 9.0, 19.0], [4.0, 62.0, 49.0], [6.0, 62.0, 26.0], [5.0, 6.0, 15.0], [16.0, 62.0, 47.0], [0.0, 33.0, 50.0], [0.0, 11.0, 26.0], [17.0, 8.0, 61.0], [0.0, 3.0, 34.0], [18.0, 40.0, 51.0], [0.0, 15.0, 60.0], [0.0, 41.0, 38.0], [0.0, 51.0, 60.0], [1.0, 7.0, 50.0], [28.0, 62.0, 21.0], [1.0, 8.0, 8.0], [0.0, 61.0, 58.0], [8.0, 33.0, 48.0], [10.0, 7.0, 58.0], [10.0, 35.0, 58.0], [1.0, 25.0, 4.0], [10.0, 7.0, 50.0], [28.0, 55.0, 38.0], [26.0, 55.0, 58.0], [8.0, 3.0, 2.0], [30.0, 7.0, 27.0], [12.0, 47.0, 2.0], [18.0, 62.0, 20.0], [10.0, 61.0, 58.0], [13.0, 11.0, 60.0], [26.0, 25.0, 58.0], [5.0, 4.0, 57.0], [6.0, 3.0, 34.0], [7.0, 15.0, 56.0], [19.0, 5.0, 4.0], [6.0, 17.0, 2.0], [14.0, 53.0, 58.0], [7.0, 51.0, 54.0], [3.0, 51.0, 6.0], [12.0, 19.0, 4.0], [11.0, 11.0, 36.0], [20.0, 53.0, 24.0], [18.0, 22.0, 54.0], [13.0, 51.0, 48.0], [23.0, 32.0, 19.0], [5.0, 62.0, 6.0], [30.0, 27.0, 4.0], [24.0, 33.0, 44.0], [20.0, 62.0, 9.0], [14.0, 3.0, 10.0], [21.0, 25.0, 57.0], [27.0, 53.0, 2.0], [24.0, 7.0, 58.0], [30.0, 3.0, 10.0], [22.0, 3.0, 50.0], [20.0, 5.0, 34.0], [18.0, 22.0, 21.0], [20.0, 47.0, 6.0], [15.0, 62.0, 5.0], [10.0, 62.0, 3.0], [26.0, 25.0, 24.0], [30.0, 29.0, 24.0], [30.0, 17.0, 14.0], [30.0, 49.0, 24.0], [14.0, 2.0, 26.0], [31.0, 63.0, 49.0]]","[0.950825035572052, 0.9498987197875977, 0.9455724358558655, 0.9427465796470642, 0.9201279878616333, 0.9170231819152832, 0.8991156816482544, 0.8969411253929138, 0.878239095211029, 0.8676497936248779, 0.8623616099357605, 0.852222204208374, 0.8517429828643799, 0.8517287373542786, 0.8459551334381104, 0.8441298604011536, 0.840021014213562, 0.8394646048545837, 0.8377593755722046, 0.8368824124336243, 0.8336594104766846, 0.8258281350135803, 0.824658215045929, 0.8224196434020996, 0.8169848918914795, 0.805503785610199, 0.7980199456214905, 0.7974549531936646, 0.797170102596283, 0.7948431968688965, 0.7932549118995667, 0.7897036671638489, 0.7885040640830994, 0.78684401512146, 0.7846096158027649, 0.781234860420227, 0.7802121043205261, 0.77544766664505, 0.7731181979179382, 0.7680002450942993, 0.7671694755554199, 0.7655864953994751, 0.7649890184402466, 0.7647359371185303, 0.7614090442657471, 0.7610750198364258, 0.754474937915802, 0.7532886266708374, 0.7404945492744446, 0.735869288444519, 0.7336552739143372, 0.7291677594184875, 0.7272239327430725, 0.7221487164497375, 0.7182274460792542, 0.7176029086112976, 0.7052328586578369, 0.70197993516922, 0.7018593549728394, 0.6994104981422424, 0.6942614316940308, 0.688648521900177, 0.6848548650741577, 0.6825497150421143, 0.6733609437942505, 0.6662075519561768, 0.6629764437675476, 0.6602845191955566, 0.6377457976341248, 0.6273322701454163, 0.6207820773124695, 0.6133999824523926, 0.5892587304115295, 0.49345993995666504]"
train_44b6_t25_p06_crowded,train,crowded,3,68,0.6667,0.6667,0.6667,1.2188,0.4062,0.9164,0.4825,0.1568,0.1688,0.9533,0.0,"[[14.0, 22.0, 41.0], [30.0, 23.0, 48.0], [20.0, 13.0, 50.0], [12.0, 62.0, 53.0], [20.0, 57.0, 53.0], [21.0, 28.0, 27.0], [14.0, 37.0, 18.0], [13.0, 32.0, 61.0], [10.0, 12.0, 7.0], [26.0, 43.0, 40.0], [21.0, 7.0, 15.0], [30.0, 56.0, 59.0], [8.0, 52.0, 40.0], [30.0, 45.0, 23.0], [4.0, 61.0, 46.0], [6.0, 27.0, 14.0], [20.0, 62.0, 6.0], [0.0, 7.0, 58.0], [0.0, 3.0, 46.0], [0.0, 27.0, 50.0], [0.0, 61.0, 58.0], [0.0, 61.0, 46.0], [10.0, 49.0, 26.0], [0.0, 47.0, 32.0], [30.0, 11.0, 6.0], [26.0, 33.0, 58.0], [0.0, 61.0, 18.0], [4.0, 47.0, 30.0], [30.0, 62.0, 46.0], [4.0, 47.0, 8.0], [25.0, 62.0, 58.0], [0.0, 39.0, 2.0], [16.0, 62.0, 28.0], [24.0, 47.0, 16.0], [4.0, 7.0, 2.0], [25.0, 62.0, 16.0], [0.0, 31.0, 10.0], [0.0, 3.0, 2.0], [3.0, 27.0, 2.0], [15.0, 62.0, 15.0], [0.0, 3.0, 12.0], [6.0, 61.0, 18.0], [30.0, 57.0, 10.0], [9.0, 42.0, 7.0], [15.0, 43.0, 58.0], [17.0, 7.0, 6.0], [26.0, 56.0, 33.0], [27.0, 39.0, 2.0], [10.0, 62.0, 4.0], [9.0, 1.0, 2.0], [27.0, 62.0, 2.0], [30.0, 39.0, 2.0], [30.0, 3.0, 22.0], [24.0, 4.0, 2.0], [15.0, 45.0, 46.0], [26.0, 7.0, 58.0], [22.0, 62.0, 17.0], [27.0, 3.0, 37.0], [26.0, 16.0, 6.0], [19.0, 27.0, 6.0], [31.0, 37.0, 58.0], [18.0, 44.0, 16.0], [30.0, 20.0, 29.0], [30.0, 2.0, 33.0], [30.0, 2.0, 40.0], [27.0, 21.0, 26.0], [21.0, 44.0, 1.0], [31.0, 48.0, 49.0]]","[0.9533296823501587, 0.9408504962921143, 0.93861323595047, 0.9385866522789001, 0.9288709163665771, 0.9258711934089661, 0.9181817770004272, 0.9052821397781372, 0.9044334888458252, 0.8881478309631348, 0.8703302145004272, 0.8698371052742004, 0.8636409640312195, 0.8504138588905334, 0.8351724147796631, 0.8331412076950073, 0.8246020078659058, 0.8169041872024536, 0.8168786764144897, 0.8150083422660828, 0.8083372712135315, 0.8079642653465271, 0.8063198328018188, 0.8035951256752014, 0.8028066754341125, 0.7889752984046936, 0.7840356230735779, 0.7830440998077393, 0.7786126732826233, 0.7761460542678833, 0.7626737356185913, 0.758673369884491, 0.7549071907997131, 0.7539340257644653, 0.7528809905052185, 0.7516884207725525, 0.7514134645462036, 0.7441041469573975, 0.743998110294342, 0.7405444383621216, 0.7294971346855164, 0.7197538614273071, 0.7154017090797424, 0.7117794752120972, 0.6995254755020142, 0.6901339292526245, 0.6661565899848938, 0.6530573964118958, 0.6450135111808777, 0.6422852873802185, 0.641829252243042, 0.6393197774887085, 0.637607216835022, 0.6347896456718445, 0.6295590400695801, 0.6259646415710449, 0.6244372129440308, 0.621199369430542, 0.610721230506897, 0.6050288677215576, 0.5912122130393982, 0.5855295658111572, 0.5827801823616028, 0.5794132351875305, 0.5729203224182129, 0.5691288709640503, 0.5588507056236267, 0.5277578234672546]"
train_44b6_t15_p07_crowded,train,crowded,2,81,1.0,1.0,1.0,0.4062,0.4062,0.9491,0.4836,0.1547,0.1344,0.962,0.0,"[[12.0, 53.0, 16.0], [16.0, 32.0, 31.0], [8.0, 26.0, 57.0], [16.0, 20.0, 45.0], [18.0, 56.0, 23.0], [28.0, 23.0, 50.0], [4.0, 25.0, 23.0], [26.0, 59.0, 32.0], [26.0, 31.0, 13.0], [16.0, 38.0, 60.0], [30.0, 45.0, 58.0], [18.0, 62.0, 44.0], [10.0, 51.0, 58.0], [18.0, 23.0, 9.0], [0.0, 61.0, 58.0], [0.0, 5.0, 30.0], [0.0, 5.0, 50.0], [0.0, 15.0, 44.0], [0.0, 3.0, 14.0], [19.0, 6.0, 23.0], [0.0, 61.0, 26.0], [0.0, 33.0, 32.0], [0.0, 45.0, 56.0], [3.0, 61.0, 50.0], [8.0, 61.0, 46.0], [24.0, 61.0, 58.0], [6.0, 3.0, 60.0], [22.0, 39.0, 58.0], [4.0, 47.0, 24.0], [9.0, 4.0, 39.0], [6.0, 37.0, 42.0], [6.0, 61.0, 26.0], [6.0, 51.0, 38.0], [6.0, 23.0, 12.0], [3.0, 57.0, 38.0], [0.0, 49.0, 2.0], [12.0, 43.0, 38.0], [20.0, 61.0, 8.0], [14.0, 47.0, 48.0], [25.0, 46.0, 50.0], [5.0, 11.0, 33.0], [12.0, 3.0, 26.0], [30.0, 55.0, 20.0], [21.0, 3.0, 53.0], [9.0, 25.0, 42.0], [16.0, 62.0, 59.0], [7.0, 62.0, 6.0], [13.0, 62.0, 59.0], [19.0, 49.0, 58.0], [27.0, 3.0, 38.0], [14.0, 53.0, 58.0], [31.0, 61.0, 52.0], [26.0, 5.0, 60.0], [30.0, 3.0, 20.0], [31.0, 61.0, 2.0], [10.0, 15.0, 36.0], [24.0, 39.0, 40.0], [29.0, 49.0, 6.0], [27.0, 62.0, 10.0], [12.0, 46.0, 2.0], [23.0, 15.0, 58.0], [31.0, 47.0, 34.0], [31.0, 43.0, 42.0], [30.0, 39.0, 22.0], [30.0, 28.0, 33.0], [16.0, 49.0, 2.0], [22.0, 7.0, 2.0], [19.0, 3.0, 6.0], [31.0, 31.0, 14.0], [30.0, 15.0, 24.0], [14.0, 62.0, 1.0], [23.0, 21.0, 22.0], [26.0, 3.0, 18.0], [22.0, 16.0, 1.0], [22.0, 23.0, 30.0], [28.0, 17.0, 4.0], [30.0, 28.0, 2.0], [22.0, 1.0, 40.0], [23.0, 27.0, 1.0], [29.0, 2.0, 0.0], [31.0, 33.0, 60.0]]","[0.9620458483695984, 0.9524399042129517, 0.9456623792648315, 0.9262368083000183, 0.9198445677757263, 0.9124817252159119, 0.8933376669883728, 0.8926447629928589, 0.891725480556488, 0.870519757270813, 0.8607789278030396, 0.8561544418334961, 0.8513277173042297, 0.8341071605682373, 0.8300719261169434, 0.82785564661026, 0.8261333703994751, 0.8259940147399902, 0.8248599767684937, 0.8227985501289368, 0.8213295936584473, 0.8211419582366943, 0.8174220323562622, 0.805377721786499, 0.7964712381362915, 0.7959270477294922, 0.7920613288879395, 0.7907148599624634, 0.7900026440620422, 0.776142418384552, 0.7752419114112854, 0.7747817039489746, 0.7719974517822266, 0.7712531089782715, 0.7626775503158569, 0.7611188888549805, 0.7602313160896301, 0.7503119707107544, 0.7472077012062073, 0.7466222643852234, 0.7465921640396118, 0.7465877532958984, 0.7335864901542664, 0.7328384518623352, 0.7308506369590759, 0.7210988402366638, 0.7210244536399841, 0.7209497690200806, 0.7190006971359253, 0.7161608934402466, 0.7150257229804993, 0.714655339717865, 0.7019684910774231, 0.6985583901405334, 0.6979401111602783, 0.6928026676177979, 0.6920223236083984, 0.6877954602241516, 0.676409900188446, 0.6762632727622986, 0.6724960803985596, 0.670312762260437, 0.6679292917251587, 0.667302668094635, 0.6656904816627502, 0.663507342338562, 0.6614829301834106, 0.6609973907470703, 0.6583614945411682, 0.6364350914955139, 0.6283225417137146, 0.6179143190383911, 0.6120593547821045, 0.6115952134132385, 0.6092239618301392, 0.6064285635948181, 0.6044098734855652, 0.5422871708869934, 0.508483350276947, 0.5024206042289734, 0.4911194443702698]"
train_44b6_t25_p08_isolated,train,isolated,1,68,1.0,1.0,1.0,0.0,0.0,0.9642,0.4835,0.1559,0.1456,0.9744,0.0,"[[10.0, 24.0, 13.0], [6.0, 45.0, 13.0], [26.0, 38.0, 43.0], [16.0, 25.0, 32.0], [26.0, 7.0, 46.0], [24.0, 62.0, 40.0], [12.0, 62.0, 35.0], [4.0, 62.0, 33.0], [8.0, 37.0, 55.0], [17.0, 3.0, 31.0], [18.0, 25.0, 53.0], [10.0, 62.0, 15.0], [14.0, 51.0, 48.0], [30.0, 7.0, 20.0], [21.0, 47.0, 26.0], [0.0, 37.0, 8.0], [30.0, 61.0, 4.0], [0.0, 3.0, 42.0], [26.0, 47.0, 30.0], [2.0, 57.0, 18.0], [13.0, 4.0, 7.0], [0.0, 9.0, 58.0], [30.0, 61.0, 60.0], [25.0, 3.0, 15.0], [1.0, 61.0, 4.0], [8.0, 31.0, 42.0], [0.0, 41.0, 34.0], [30.0, 51.0, 4.0], [30.0, 43.0, 8.0], [31.0, 49.0, 30.0], [28.0, 3.0, 4.0], [31.0, 19.0, 6.0], [30.0, 39.0, 18.0], [30.0, 31.0, 4.0], [0.0, 51.0, 58.0], [1.0, 13.0, 18.0], [8.0, 61.0, 58.0], [30.0, 37.0, 58.0], [1.0, 7.0, 4.0], [22.0, 49.0, 50.0], [4.0, 21.0, 36.0], [17.0, 62.0, 60.0], [24.0, 19.0, 56.0], [1.0, 25.0, 45.0], [1.0, 47.0, 48.0], [24.0, 43.0, 12.0], [10.0, 7.0, 58.0], [4.0, 15.0, 58.0], [1.0, 35.0, 62.0], [9.0, 8.0, 29.0], [9.0, 7.0, 4.0], [22.0, 62.0, 61.0], [15.0, 9.0, 58.0], [26.0, 21.0, 18.0], [5.0, 23.0, 48.0], [19.0, 62.0, 5.0], [10.0, 11.0, 40.0], [24.0, 29.0, 58.0], [8.0, 37.0, 2.0], [18.0, 51.0, 58.0], [8.0, 3.0, 20.0], [24.0, 3.0, 58.0], [12.0, 16.0, 2.0], [31.0, 2.0, 59.0], [15.0, 40.0, 8.0], [16.0, 17.0, 18.0], [18.0, 19.0, 10.0], [18.0, 1.0, 17.0]]","[0.9743911027908325, 0.9729176759719849, 0.9672693014144897, 0.9641746878623962, 0.9192112684249878, 0.9141467213630676, 0.9123475551605225, 0.9005431532859802, 0.8935452103614807, 0.8751993179321289, 0.861098051071167, 0.8301674723625183, 0.8059277534484863, 0.8003091812133789, 0.7982277870178223, 0.7975972890853882, 0.7954999804496765, 0.794587254524231, 0.7936756014823914, 0.7933401465415955, 0.7919052243232727, 0.7902249693870544, 0.7846823930740356, 0.7843784689903259, 0.7806538343429565, 0.7752020359039307, 0.7741738557815552, 0.7729341387748718, 0.7728680968284607, 0.771922767162323, 0.7716673016548157, 0.7694557905197144, 0.7691771984100342, 0.767345130443573, 0.7670170664787292, 0.7645505666732788, 0.7620634436607361, 0.7584884762763977, 0.7566632628440857, 0.754435658454895, 0.7537206411361694, 0.7505066394805908, 0.7454047203063965, 0.743851363658905, 0.7419824600219727, 0.7406035661697388, 0.7402376532554626, 0.7329780459403992, 0.731724202632904, 0.7284746766090393, 0.7283744215965271, 0.727325439453125, 0.7254374623298645, 0.7249830961227417, 0.7140212655067444, 0.7137525677680969, 0.7070565819740295, 0.7015012502670288, 0.6922167539596558, 0.6821677684783936, 0.6743057370185852, 0.6662046909332275, 0.6470486521720886, 0.6419618725776672, 0.6236230731010437, 0.5938360095024109, 0.5855695009231567, 0.5066208243370056]"
train_44b6_t55_p09_boundary,train,boundary,1,81,1.0,1.0,1.0,0.5745,0.5745,0.9253,0.4836,0.1556,0.1357,0.9688,0.0,"[[6.0, 41.0, 44.0], [30.0, 45.0, 16.0], [30.0, 51.0, 44.0], [16.0, 46.0, 31.0], [4.0, 15.0, 24.0], [10.0, 62.0, 37.0], [28.0, 62.0, 36.0], [20.0, 39.0, 41.0], [14.0, 41.0, 60.0], [22.0, 18.0, 51.0], [20.0, 27.0, 17.0], [27.0, 5.0, 51.0], [26.0, 18.0, 25.0], [18.0, 62.0, 19.0], [0.0, 51.0, 50.0], [26.0, 57.0, 5.0], [0.0, 61.0, 58.0], [0.0, 61.0, 46.0], [15.0, 5.0, 51.0], [2.0, 43.0, 19.0], [0.0, 3.0, 58.0], [0.0, 27.0, 34.0], [0.0, 23.0, 50.0], [0.0, 39.0, 36.0], [30.0, 25.0, 23.0], [24.0, 62.0, 56.0], [14.0, 24.0, 5.0], [10.0, 17.0, 58.0], [0.0, 3.0, 32.0], [0.0, 3.0, 40.0], [5.0, 61.0, 32.0], [8.0, 39.0, 28.0], [10.0, 61.0, 58.0], [0.0, 9.0, 2.0], [11.0, 62.0, 19.0], [8.0, 33.0, 2.0], [26.0, 57.0, 22.0], [13.0, 27.0, 58.0], [4.0, 3.0, 2.0], [1.0, 61.0, 4.0], [9.0, 29.0, 58.0], [4.0, 3.0, 10.0], [0.0, 9.0, 16.0], [18.0, 3.0, 36.0], [20.0, 21.0, 2.0], [8.0, 15.0, 45.0], [6.0, 61.0, 2.0], [14.0, 5.0, 26.0], [6.0, 51.0, 30.0], [3.0, 13.0, 2.0], [0.0, 39.0, 6.0], [14.0, 51.0, 50.0], [17.0, 61.0, 56.0], [14.0, 15.0, 38.0], [0.0, 27.0, 2.0], [23.0, 62.0, 33.0], [8.0, 61.0, 14.0], [2.0, 51.0, 2.0], [12.0, 38.0, 49.0], [31.0, 61.0, 60.0], [18.0, 7.0, 2.0], [18.0, 25.0, 36.0], [18.0, 61.0, 2.0], [28.0, 45.0, 58.0], [19.0, 24.0, 43.0], [30.0, 3.0, 22.0], [17.0, 39.0, 6.0], [14.0, 49.0, 12.0], [18.0, 49.0, 12.0], [27.0, 36.0, 1.0], [30.0, 7.0, 2.0], [26.0, 44.0, 35.0], [26.0, 7.0, 2.0], [20.0, 1.0, 60.0], [29.0, 15.0, 1.0], [26.0, 16.0, 38.0], [26.0, 37.0, 14.0], [28.0, 1.0, 37.0], [28.0, 16.0, 13.0], [28.0, 0.0, 63.0], [31.0, 18.0, 63.0]]","[0.9688304662704468, 0.9545111060142517, 0.9478904008865356, 0.9252532720565796, 0.9189011454582214, 0.9124881029129028, 0.9054765105247498, 0.892728865146637, 0.885830283164978, 0.8827483057975769, 0.8756266832351685, 0.8563603758811951, 0.8548128008842468, 0.8487042188644409, 0.8465030193328857, 0.8449361324310303, 0.8440590500831604, 0.8433332443237305, 0.8414102792739868, 0.8405184745788574, 0.8391554355621338, 0.8388863205909729, 0.8314972519874573, 0.8305553197860718, 0.827574610710144, 0.8242678046226501, 0.8218427300453186, 0.8100751042366028, 0.8091803193092346, 0.8082715272903442, 0.8055228590965271, 0.8031920194625854, 0.7960443496704102, 0.7849141955375671, 0.7844836711883545, 0.7841142416000366, 0.7783090472221375, 0.7740357518196106, 0.7713404297828674, 0.7712810039520264, 0.7711494565010071, 0.769305944442749, 0.7627614736557007, 0.7588616609573364, 0.7588501572608948, 0.7586493492126465, 0.7565810680389404, 0.7545731663703918, 0.7530246376991272, 0.7515292167663574, 0.7478639483451843, 0.7449682950973511, 0.7423613667488098, 0.7342333793640137, 0.7312954068183899, 0.7283797264099121, 0.723569929599762, 0.720798134803772, 0.7151232361793518, 0.6952663064002991, 0.6866821646690369, 0.6859630346298218, 0.6833540797233582, 0.6826723217964172, 0.679761528968811, 0.6667994856834412, 0.6494846940040588, 0.6492506861686707, 0.6447294354438782, 0.6341993808746338, 0.6208518147468567, 0.6093461513519287, 0.6077090501785278, 0.6030625700950623, 0.5719794034957886, 0.5564972162246704, 0.5230128169059753, 0.5208766460418701, 0.5169206261634827, 0.3953542113304138, 0.36507147550582886]"
train_44b6_t55_p10_boundary,train,boundary,1,84,1.0,1.0,1.0,0.4062,0.4062,0.9658,0.4841,0.1554,0.1227,0.9658,0.0,"[[16.0, 14.0, 31.0], [12.0, 18.0, 9.0], [22.0, 62.0, 35.0], [24.0, 14.0, 13.0], [12.0, 50.0, 21.0], [14.0, 62.0, 45.0], [30.0, 24.0, 53.0], [14.0, 39.0, 34.0], [6.0, 8.0, 39.0], [27.0, 3.0, 55.0], [22.0, 36.0, 27.0], [16.0, 26.0, 57.0], [4.0, 45.0, 14.0], [28.0, 19.0, 35.0], [6.0, 15.0, 58.0], [21.0, 7.0, 60.0], [6.0, 61.0, 26.0], [16.0, 13.0, 4.0], [6.0, 35.0, 58.0], [0.0, 61.0, 14.0], [0.0, 5.0, 32.0], [0.0, 61.0, 4.0], [6.0, 39.0, 28.0], [0.0, 25.0, 36.0], [0.0, 51.0, 12.0], [30.0, 62.0, 41.0], [1.0, 38.0, 61.0], [30.0, 61.0, 32.0], [12.0, 39.0, 58.0], [30.0, 47.0, 22.0], [0.0, 23.0, 16.0], [0.0, 31.0, 48.0], [0.0, 27.0, 56.0], [24.0, 47.0, 20.0], [0.0, 35.0, 2.0], [30.0, 47.0, 14.0], [22.0, 25.0, 39.0], [0.0, 49.0, 42.0], [30.0, 13.0, 24.0], [31.0, 61.0, 14.0], [9.0, 25.0, 30.0], [20.0, 61.0, 58.0], [24.0, 25.0, 2.0], [28.0, 11.0, 4.0], [8.0, 55.0, 60.0], [5.0, 31.0, 42.0], [10.0, 34.0, 6.0], [4.0, 19.0, 26.0], [7.0, 57.0, 14.0], [14.0, 59.0, 6.0], [28.0, 37.0, 2.0], [10.0, 5.0, 30.0], [11.0, 3.0, 6.0], [15.0, 47.0, 60.0], [10.0, 23.0, 48.0], [22.0, 39.0, 58.0], [1.0, 62.0, 49.0], [18.0, 37.0, 48.0], [30.0, 37.0, 42.0], [3.0, 14.0, 49.0], [6.0, 7.0, 10.0], [6.0, 55.0, 42.0], [11.0, 13.0, 58.0], [28.0, 29.0, 24.0], [12.0, 3.0, 44.0], [0.0, 61.0, 60.0], [24.0, 55.0, 6.0], [19.0, 61.0, 14.0], [0.0, 3.0, 60.0], [25.0, 62.0, 59.0], [18.0, 23.0, 18.0], [1.0, 5.0, 2.0], [2.0, 62.0, 31.0], [31.0, 47.0, 48.0], [3.0, 3.0, 54.0], [17.0, 62.0, 25.0], [30.0, 3.0, 36.0], [16.0, 35.0, 18.0], [25.0, 49.0, 42.0], [21.0, 3.0, 42.0], [21.0, 3.0, 18.0], [18.0, 52.0, 31.0], [16.0, 3.0, 60.0], [18.0, 36.0, 0.0]]","[0.9658110737800598, 0.9540882110595703, 0.9514998197555542, 0.9451621174812317, 0.9366840720176697, 0.9355490207672119, 0.9226420521736145, 0.9205018877983093, 0.9130566120147705, 0.854386568069458, 0.8522794246673584, 0.8392407298088074, 0.8274198770523071, 0.8206309080123901, 0.8149089813232422, 0.806709885597229, 0.8062790036201477, 0.8059400916099548, 0.8034368753433228, 0.8029397130012512, 0.8016713261604309, 0.8010731339454651, 0.7998965382575989, 0.7995444536209106, 0.7987143993377686, 0.7965578436851501, 0.7927858233451843, 0.7914589643478394, 0.7881318926811218, 0.7871460914611816, 0.7831615805625916, 0.7830531597137451, 0.781398594379425, 0.7801252007484436, 0.780096173286438, 0.7795455455780029, 0.7790919542312622, 0.7766366600990295, 0.7765733003616333, 0.7715854644775391, 0.7644239068031311, 0.7644110321998596, 0.7628645300865173, 0.7624819874763489, 0.7622664570808411, 0.7575971484184265, 0.755800724029541, 0.7555766701698303, 0.7527691125869751, 0.7510694861412048, 0.7503495216369629, 0.750278890132904, 0.749581515789032, 0.7490600347518921, 0.7487519383430481, 0.7486266493797302, 0.7485158443450928, 0.7406423091888428, 0.7382217049598694, 0.7380099892616272, 0.7371426224708557, 0.7353511452674866, 0.7285714149475098, 0.7281798720359802, 0.7243430018424988, 0.724117636680603, 0.7236683368682861, 0.7226386070251465, 0.7214319705963135, 0.7209040522575378, 0.718612015247345, 0.7183807492256165, 0.710378885269165, 0.7100396752357483, 0.705328643321991, 0.6974853873252869, 0.6973690986633301, 0.6897626519203186, 0.6796861886978149, 0.6590749621391296, 0.6492677330970764, 0.6102271676063538, 0.5504682064056396, 0.5342466831207275]"
inner_val_6bba_t70_p01_zero_annotation,inner_val,zero_annotation,0,94,1.0,1.0,1.0,,,,0.4852,0.1493,0.0889,0.9374,0.0,"[[3.0, 20.0, 6.0], [4.0, 37.0, 62.0], [3.0, 8.0, 58.0], [7.0, 4.0, 6.0], [3.0, 7.0, 7.0], [3.0, 52.0, 7.0], [24.0, 62.0, 4.0], [31.0, 27.0, 58.0], [18.0, 62.0, 28.0], [31.0, 46.0, 58.0], [31.0, 4.0, 6.0], [31.0, 14.0, 60.0], [31.0, 61.0, 60.0], [29.0, 3.0, 60.0], [3.0, 8.0, 42.0], [31.0, 5.0, 46.0], [31.0, 13.0, 48.0], [29.0, 3.0, 38.0], [22.0, 62.0, 15.0], [18.0, 62.0, 45.0], [30.0, 62.0, 33.0], [30.0, 62.0, 43.0], [31.0, 4.0, 25.0], [31.0, 39.0, 50.0], [26.0, 62.0, 47.0], [31.0, 8.0, 13.0], [30.0, 62.0, 5.0], [31.0, 39.0, 26.0], [22.0, 62.0, 31.0], [31.0, 26.0, 44.0], [26.0, 62.0, 39.0], [31.0, 44.0, 6.0], [23.0, 62.0, 58.0], [31.0, 27.0, 6.0], [25.0, 5.0, 56.0], [31.0, 36.0, 7.0], [27.0, 62.0, 58.0], [31.0, 29.0, 34.0], [31.0, 15.0, 22.0], [20.0, 7.0, 2.0], [31.0, 41.0, 14.0], [14.0, 49.0, 58.0], [16.0, 62.0, 58.0], [12.0, 37.0, 58.0], [31.0, 55.0, 26.0], [31.0, 50.0, 19.0], [10.0, 62.0, 58.0], [12.0, 15.0, 58.0], [24.0, 44.0, 3.0], [21.0, 3.0, 58.0], [3.0, 62.0, 38.0], [16.0, 11.0, 58.0], [24.0, 17.0, 4.0], [27.0, 53.0, 36.0], [16.0, 35.0, 56.0], [26.0, 21.0, 16.0], [20.0, 49.0, 48.0], [14.0, 25.0, 56.0], [28.0, 29.0, 22.0], [1.0, 62.0, 24.0], [24.0, 37.0, 26.0], [20.0, 51.0, 38.0], [18.0, 7.0, 20.0], [23.0, 23.0, 22.0], [15.0, 11.0, 40.0], [1.0, 62.0, 16.0], [20.0, 51.0, 20.0], [3.0, 62.0, 60.0], [15.0, 21.0, 36.0], [18.0, 9.0, 28.0], [14.0, 45.0, 48.0], [19.0, 41.0, 16.0], [10.0, 62.0, 49.0], [19.0, 19.0, 14.0], [17.0, 43.0, 36.0], [17.0, 27.0, 18.0], [18.0, 19.0, 22.0], [1.0, 50.0, 36.0], [3.0, 22.0, 58.0], [17.0, 62.0, 9.0], [7.0, 62.0, 29.0], [1.0, 8.0, 20.0], [14.0, 16.0, 2.0], [10.0, 41.0, 48.0], [12.0, 43.0, 34.0], [12.0, 6.0, 18.0], [12.0, 29.0, 2.0], [8.0, 44.0, 2.0], [3.0, 22.0, 44.0], [3.0, 40.0, 34.0], [0.0, 48.0, 50.0], [8.0, 28.0, 18.0], [3.0, 20.0, 28.0], [8.0, 18.0, 19.0]]","[0.9374390840530396, 0.8846753239631653, 0.8803638815879822, 0.8607566356658936, 0.8450981974601746, 0.8385343551635742, 0.7565729022026062, 0.7508571743965149, 0.7424054145812988, 0.7408766150474548, 0.7402525544166565, 0.7388614416122437, 0.7385866641998291, 0.7368625402450562, 0.7347830533981323, 0.7344757318496704, 0.7335464358329773, 0.7328999042510986, 0.731005847454071, 0.7309988737106323, 0.7288615703582764, 0.7278980612754822, 0.7274402976036072, 0.7250398397445679, 0.7249042987823486, 0.7247382998466492, 0.7246963381767273, 0.7246131300926208, 0.7235419154167175, 0.7229800224304199, 0.7208971977233887, 0.7197070121765137, 0.7168586850166321, 0.715810239315033, 0.7157458066940308, 0.7144441604614258, 0.7142870426177979, 0.7137877345085144, 0.7130129337310791, 0.7106249928474426, 0.7086134552955627, 0.7080157995223999, 0.703497588634491, 0.7027473449707031, 0.7021034359931946, 0.7012784481048584, 0.6999157667160034, 0.6996558904647827, 0.6992039680480957, 0.6979361772537231, 0.6960070133209229, 0.6959210634231567, 0.69513338804245, 0.6934618353843689, 0.6915450096130371, 0.6892397999763489, 0.6885432600975037, 0.6844035387039185, 0.6786490082740784, 0.6779318451881409, 0.6774969100952148, 0.6740943789482117, 0.6681163311004639, 0.6646450757980347, 0.659186601638794, 0.655972421169281, 0.6558428406715393, 0.6517893671989441, 0.6509684920310974, 0.6498969197273254, 0.649653971195221, 0.649223268032074, 0.6474752426147461, 0.6469354629516602, 0.6453043222427368, 0.6427330374717712, 0.6386776566505432, 0.6340007185935974, 0.6260008215904236, 0.6245279312133789, 0.6144540905952454, 0.6140384674072266, 0.6087464094161987, 0.6064266562461853, 0.5800498723983765, 0.5771967172622681, 0.5589925646781921, 0.5421150326728821, 0.5284181833267212, 0.4998323321342468, 0.4522456228733063, 0.4268314838409424, 0.41950464248657227, 0.41349950432777405]"
inner_val_6bba_t90_p02_boundary,inner_val,boundary,1,82,0.0,0.0,0.0,5.2969,5.2969,0.8647,0.4832,0.1559,0.1113,0.9774,0.0,"[[12.0, 51.0, 25.0], [26.0, 48.0, 5.0], [21.0, 7.0, 6.0], [12.0, 37.0, 55.0], [16.0, 32.0, 13.0], [19.0, 9.0, 31.0], [15.0, 28.0, 59.0], [26.0, 15.0, 38.0], [20.0, 61.0, 12.0], [8.0, 62.0, 33.0], [26.0, 9.0, 50.0], [30.0, 61.0, 12.0], [20.0, 27.0, 60.0], [3.0, 62.0, 24.0], [24.0, 3.0, 20.0], [30.0, 61.0, 60.0], [30.0, 61.0, 40.0], [27.0, 8.0, 20.0], [30.0, 61.0, 50.0], [30.0, 61.0, 32.0], [22.0, 23.0, 50.0], [12.0, 62.0, 6.0], [18.0, 61.0, 36.0], [30.0, 5.0, 30.0], [20.0, 7.0, 60.0], [28.0, 45.0, 58.0], [26.0, 31.0, 58.0], [22.0, 61.0, 28.0], [24.0, 47.0, 58.0], [22.0, 45.0, 24.0], [23.0, 37.0, 14.0], [28.0, 41.0, 50.0], [23.0, 25.0, 6.0], [30.0, 51.0, 48.0], [16.0, 61.0, 58.0], [22.0, 29.0, 22.0], [27.0, 19.0, 20.0], [12.0, 16.0, 32.0], [26.0, 7.0, 2.0], [29.0, 3.0, 12.0], [26.0, 15.0, 2.0], [29.0, 23.0, 48.0], [0.0, 61.0, 58.0], [12.0, 61.0, 58.0], [17.0, 61.0, 20.0], [15.0, 7.0, 5.0], [10.0, 6.0, 2.0], [11.0, 8.0, 57.0], [4.0, 62.0, 58.0], [0.0, 62.0, 46.0], [4.0, 5.0, 2.0], [12.0, 29.0, 40.0], [12.0, 53.0, 48.0], [3.0, 62.0, 48.0], [8.0, 21.0, 58.0], [10.0, 28.0, 2.0], [6.0, 51.0, 58.0], [15.0, 5.0, 41.0], [9.0, 51.0, 2.0], [10.0, 7.0, 20.0], [3.0, 51.0, 58.0], [1.0, 51.0, 2.0], [6.0, 43.0, 40.0], [3.0, 20.0, 2.0], [7.0, 17.0, 1.0], [1.0, 8.0, 58.0], [16.0, 28.0, 0.0], [17.0, 4.0, 19.0], [1.0, 8.0, 50.0], [1.0, 9.0, 30.0], [6.0, 6.0, 46.0], [6.0, 6.0, 37.0], [1.0, 19.0, 44.0], [6.0, 7.0, 58.0], [1.0, 8.0, 21.0], [14.0, 20.0, 15.0], [1.0, 34.0, 27.0], [1.0, 27.0, 44.0], [1.0, 24.0, 17.0], [1.0, 26.0, 31.0], [0.0, 51.0, 23.0], [0.0, 0.0, 34.0]]","[0.9774351119995117, 0.9606853127479553, 0.9255719184875488, 0.9174472093582153, 0.8937399387359619, 0.8646757006645203, 0.8331267237663269, 0.805858314037323, 0.805793821811676, 0.8000486493110657, 0.7878702878952026, 0.7792040109634399, 0.7702996730804443, 0.76872318983078, 0.7678572535514832, 0.765970766544342, 0.7642360329627991, 0.7641761898994446, 0.7620071768760681, 0.7598618268966675, 0.7566381692886353, 0.7565756440162659, 0.7544915080070496, 0.7528087496757507, 0.7527610659599304, 0.751126229763031, 0.7490336298942566, 0.7486769556999207, 0.7479664087295532, 0.7443934082984924, 0.7409936785697937, 0.7404171824455261, 0.7401043772697449, 0.7389736175537109, 0.7292901277542114, 0.7287555932998657, 0.7285252213478088, 0.7279101610183716, 0.7230502367019653, 0.7214646935462952, 0.7203851342201233, 0.7197633385658264, 0.7181083559989929, 0.7144209742546082, 0.7129243016242981, 0.7127859592437744, 0.7041177153587341, 0.7018006443977356, 0.6995338201522827, 0.690983235836029, 0.6908347606658936, 0.682020902633667, 0.6739421486854553, 0.6714319586753845, 0.6653971076011658, 0.6574561595916748, 0.6569815874099731, 0.6492903828620911, 0.6483088135719299, 0.6239279508590698, 0.6198058128356934, 0.614812970161438, 0.6026934385299683, 0.5914621949195862, 0.5761106014251709, 0.5729539394378662, 0.5588490962982178, 0.549423098564148, 0.536220908164978, 0.5325161218643188, 0.5264170169830322, 0.5108627080917358, 0.5094871520996094, 0.49739545583724976, 0.49056771397590637, 0.4809153378009796, 0.47955530881881714, 0.4731456935405731, 0.47117576003074646, 0.4655999541282654, 0.459219366312027, 0.4419284462928772]"
inner_val_6bba_t70_p03_crowded,inner_val,crowded,5,74,0.2,0.4,0.4,3.5543,5.025,0.7775,0.4824,0.1584,0.2147,0.9514,0.0,"[[22.0, 42.0, 45.0], [16.0, 32.0, 31.0], [6.0, 62.0, 7.0], [14.0, 52.0, 49.0], [12.0, 19.0, 57.0], [22.0, 62.0, 7.0], [12.0, 27.0, 5.0], [3.0, 62.0, 56.0], [16.0, 62.0, 33.0], [20.0, 25.0, 6.0], [28.0, 23.0, 4.0], [11.0, 4.0, 19.0], [11.0, 62.0, 61.0], [24.0, 41.0, 30.0], [3.0, 8.0, 49.0], [16.0, 19.0, 28.0], [18.0, 56.0, 5.0], [26.0, 48.0, 3.0], [18.0, 5.0, 58.0], [28.0, 61.0, 58.0], [10.0, 57.0, 18.0], [18.0, 23.0, 58.0], [26.0, 47.0, 58.0], [24.0, 61.0, 58.0], [28.0, 61.0, 48.0], [12.0, 37.0, 41.0], [28.0, 15.0, 58.0], [29.0, 3.0, 56.0], [28.0, 27.0, 58.0], [3.0, 7.0, 37.0], [29.0, 3.0, 28.0], [1.0, 62.0, 8.0], [14.0, 7.0, 42.0], [28.0, 15.0, 38.0], [19.0, 62.0, 34.0], [24.0, 15.0, 48.0], [30.0, 49.0, 6.0], [30.0, 27.0, 34.0], [22.0, 19.0, 38.0], [29.0, 3.0, 6.0], [13.0, 4.0, 6.0], [22.0, 3.0, 16.0], [19.0, 31.0, 34.0], [6.0, 37.0, 29.0], [0.0, 25.0, 58.0], [1.0, 16.0, 41.0], [14.0, 49.0, 26.0], [7.0, 4.0, 5.0], [0.0, 52.0, 57.0], [16.0, 7.0, 16.0], [20.0, 42.0, 2.0], [9.0, 9.0, 47.0], [0.0, 37.0, 58.0], [14.0, 3.0, 26.0], [3.0, 5.0, 2.0], [14.0, 43.0, 2.0], [3.0, 45.0, 2.0], [6.0, 43.0, 58.0], [8.0, 15.0, 2.0], [10.0, 48.0, 2.0], [3.0, 35.0, 58.0], [10.0, 21.0, 38.0], [4.0, 29.0, 2.0], [1.0, 62.0, 30.0], [0.0, 27.0, 28.0], [24.0, 35.0, 1.0], [5.0, 21.0, 17.0], [0.0, 37.0, 40.0], [0.0, 44.0, 39.0], [16.0, 26.0, 17.0], [6.0, 32.0, 15.0], [1.0, 48.0, 19.0], [13.0, 18.0, 18.0], [6.0, 52.0, 45.0]]","[0.9514333605766296, 0.914715588092804, 0.9138767123222351, 0.9010140895843506, 0.8965167999267578, 0.8801279067993164, 0.8610330820083618, 0.8605350255966187, 0.8539434671401978, 0.8531590700149536, 0.8353904485702515, 0.8188830614089966, 0.8145202994346619, 0.8133375644683838, 0.7981008291244507, 0.7909687757492065, 0.790542721748352, 0.7899322509765625, 0.785119891166687, 0.7846934199333191, 0.7787556648254395, 0.7782397270202637, 0.7753521203994751, 0.7734611630439758, 0.7707388997077942, 0.7701719403266907, 0.769750714302063, 0.7679643034934998, 0.7673561573028564, 0.7628614902496338, 0.7610944509506226, 0.7561944723129272, 0.7546396851539612, 0.754266619682312, 0.7530407905578613, 0.7520416378974915, 0.7509802579879761, 0.7477940917015076, 0.7464417815208435, 0.7294089198112488, 0.7283810973167419, 0.7176967263221741, 0.7168987393379211, 0.7147225141525269, 0.7076644897460938, 0.6943098306655884, 0.6879773139953613, 0.6746043562889099, 0.6700915694236755, 0.6685830950737, 0.662864625453949, 0.6620391607284546, 0.6538429856300354, 0.6483806371688843, 0.6471800208091736, 0.6398489475250244, 0.6196119785308838, 0.6138646006584167, 0.6102651953697205, 0.6099023222923279, 0.6071583032608032, 0.6008244156837463, 0.5962871313095093, 0.5546582341194153, 0.5520337224006653, 0.5459665060043335, 0.5373198390007019, 0.5184932947158813, 0.5134148001670837, 0.5033560991287231, 0.49873483180999756, 0.43308159708976746, 0.40676984190940857, 0.37426117062568665]"
inner_val_6bba_t70_p04_crowded,inner_val,crowded,2,80,0.0,0.5,1.0,2.3956,2.3956,0.7408,0.4826,0.1598,0.1681,0.96,0.0,"[[3.0, 54.0, 58.0], [3.0, 12.0, 61.0], [8.0, 35.0, 58.0], [5.0, 6.0, 39.0], [16.0, 49.0, 27.0], [10.0, 40.0, 21.0], [16.0, 13.0, 40.0], [20.0, 15.0, 32.0], [10.0, 45.0, 6.0], [12.0, 62.0, 57.0], [12.0, 8.0, 31.0], [8.0, 36.0, 32.0], [20.0, 15.0, 16.0], [20.0, 29.0, 58.0], [24.0, 15.0, 28.0], [28.0, 61.0, 58.0], [20.0, 61.0, 58.0], [20.0, 25.0, 18.0], [28.0, 61.0, 40.0], [28.0, 61.0, 26.0], [24.0, 61.0, 48.0], [22.0, 61.0, 36.0], [26.0, 35.0, 58.0], [22.0, 23.0, 50.0], [3.0, 31.0, 27.0], [26.0, 47.0, 58.0], [29.0, 3.0, 58.0], [12.0, 62.0, 40.0], [30.0, 61.0, 6.0], [28.0, 19.0, 58.0], [29.0, 3.0, 44.0], [29.0, 3.0, 36.0], [24.0, 11.0, 58.0], [16.0, 3.0, 58.0], [31.0, 25.0, 60.0], [29.0, 3.0, 18.0], [26.0, 37.0, 4.0], [31.0, 35.0, 60.0], [28.0, 47.0, 48.0], [31.0, 7.0, 6.0], [31.0, 53.0, 60.0], [28.0, 35.0, 40.0], [31.0, 45.0, 30.0], [31.0, 53.0, 40.0], [16.0, 12.0, 5.0], [22.0, 53.0, 32.0], [28.0, 43.0, 18.0], [31.0, 31.0, 6.0], [31.0, 45.0, 6.0], [12.0, 16.0, 9.0], [22.0, 45.0, 16.0], [11.0, 62.0, 18.0], [4.0, 62.0, 14.0], [23.0, 31.0, 22.0], [16.0, 62.0, 13.0], [7.0, 62.0, 14.0], [19.0, 3.0, 42.0], [19.0, 62.0, 7.0], [12.0, 18.0, 30.0], [1.0, 62.0, 48.0], [22.0, 3.0, 14.0], [15.0, 45.0, 56.0], [9.0, 62.0, 7.0], [6.0, 7.0, 2.0], [3.0, 43.0, 23.0], [0.0, 7.0, 2.0], [1.0, 42.0, 60.0], [12.0, 26.0, 3.0], [6.0, 16.0, 33.0], [3.0, 52.0, 7.0], [0.0, 62.0, 31.0], [1.0, 29.0, 1.0], [2.0, 41.0, 2.0], [9.0, 24.0, 59.0], [4.0, 29.0, 48.0], [7.0, 20.0, 0.0], [0.0, 1.0, 53.0], [0.0, 17.0, 47.0], [1.0, 26.0, 47.0], [1.0, 25.0, 58.0]]","[0.9599819183349609, 0.9456908702850342, 0.8955909609794617, 0.8891721963882446, 0.880706787109375, 0.8797609806060791, 0.8661797642707825, 0.8516653180122375, 0.8193973898887634, 0.8016507625579834, 0.7819696068763733, 0.7819600105285645, 0.7669228315353394, 0.7578323483467102, 0.7557007670402527, 0.7517035007476807, 0.7516436576843262, 0.7478083968162537, 0.7455191016197205, 0.7446157932281494, 0.7441625595092773, 0.7432078719139099, 0.7424382567405701, 0.7395488619804382, 0.7393272519111633, 0.7375805974006653, 0.7375198602676392, 0.7370330691337585, 0.7363029718399048, 0.7346422672271729, 0.7342134714126587, 0.731671154499054, 0.7310380339622498, 0.7291443347930908, 0.7242724895477295, 0.7240662574768066, 0.7240569591522217, 0.7237786054611206, 0.722671389579773, 0.7223250269889832, 0.7215408682823181, 0.7200548052787781, 0.7126100659370422, 0.7120476365089417, 0.7115453481674194, 0.7094558477401733, 0.7089278101921082, 0.7081906795501709, 0.7045058012008667, 0.6996446251869202, 0.6967558264732361, 0.6956371068954468, 0.6887677907943726, 0.6844910979270935, 0.681269645690918, 0.6789200901985168, 0.6728270053863525, 0.6705290675163269, 0.6688161492347717, 0.6676673293113708, 0.6658905148506165, 0.6602888703346252, 0.6516106128692627, 0.649284303188324, 0.6325915455818176, 0.628959596157074, 0.625594437122345, 0.6198835372924805, 0.6044653654098511, 0.5986080169677734, 0.5736685395240784, 0.5570566654205322, 0.536941409111023, 0.529725968837738, 0.4697216749191284, 0.4509148895740509, 0.44810307025909424, 0.4407136142253876, 0.39642757177352905, 0.39612388610839844]"
inner_val_6bba_t90_p05_isolated,inner_val,isolated,1,87,0.0,0.0,0.0,5.1547,5.1547,0.89,0.4844,0.1562,0.1692,0.9545,0.0,"[[3.0, 20.0, 61.0], [4.0, 35.0, 24.0], [9.0, 7.0, 29.0], [16.0, 28.0, 23.0], [4.0, 29.0, 59.0], [3.0, 62.0, 61.0], [3.0, 11.0, 61.0], [6.0, 14.0, 4.0], [6.0, 51.0, 7.0], [16.0, 19.0, 27.0], [3.0, 54.0, 7.0], [12.0, 27.0, 41.0], [6.0, 62.0, 61.0], [1.0, 5.0, 41.0], [18.0, 61.0, 44.0], [20.0, 43.0, 48.0], [22.0, 61.0, 48.0], [30.0, 61.0, 38.0], [20.0, 61.0, 58.0], [1.0, 48.0, 50.0], [20.0, 61.0, 4.0], [30.0, 61.0, 18.0], [22.0, 37.0, 40.0], [30.0, 61.0, 46.0], [30.0, 61.0, 6.0], [30.0, 61.0, 58.0], [18.0, 47.0, 58.0], [18.0, 39.0, 58.0], [24.0, 61.0, 26.0], [24.0, 61.0, 18.0], [29.0, 3.0, 56.0], [20.0, 19.0, 18.0], [29.0, 3.0, 6.0], [20.0, 21.0, 4.0], [24.0, 15.0, 58.0], [18.0, 29.0, 8.0], [29.0, 3.0, 36.0], [16.0, 61.0, 58.0], [29.0, 3.0, 44.0], [31.0, 9.0, 28.0], [24.0, 51.0, 58.0], [9.0, 25.0, 7.0], [28.0, 39.0, 58.0], [31.0, 11.0, 48.0], [12.0, 61.0, 58.0], [28.0, 21.0, 58.0], [28.0, 31.0, 58.0], [24.0, 31.0, 58.0], [9.0, 62.0, 28.0], [16.0, 43.0, 10.0], [31.0, 49.0, 60.0], [30.0, 31.0, 48.0], [30.0, 47.0, 26.0], [31.0, 41.0, 50.0], [31.0, 29.0, 16.0], [31.0, 53.0, 48.0], [26.0, 15.0, 50.0], [31.0, 33.0, 6.0], [30.0, 35.0, 30.0], [23.0, 3.0, 48.0], [26.0, 23.0, 48.0], [28.0, 51.0, 2.0], [30.0, 47.0, 12.0], [24.0, 47.0, 6.0], [16.0, 9.0, 58.0], [1.0, 62.0, 32.0], [0.0, 29.0, 27.0], [17.0, 3.0, 34.0], [13.0, 62.0, 7.0], [17.0, 5.0, 22.0], [17.0, 11.0, 46.0], [14.0, 3.0, 48.0], [1.0, 6.0, 28.0], [0.0, 62.0, 46.0], [0.0, 3.0, 2.0], [9.0, 41.0, 58.0], [7.0, 62.0, 8.0], [0.0, 62.0, 20.0], [6.0, 30.0, 49.0], [3.0, 41.0, 1.0], [0.0, 30.0, 8.0], [0.0, 45.0, 11.0], [3.0, 21.0, 26.0], [8.0, 39.0, 1.0], [0.0, 28.0, 0.0], [8.0, 16.0, 15.0], [3.0, 48.0, 25.0]]","[0.9545167088508606, 0.9249239563941956, 0.9173998832702637, 0.8900007009506226, 0.885626494884491, 0.8765536546707153, 0.8594239950180054, 0.8417494893074036, 0.8339173197746277, 0.8119549751281738, 0.7923678755760193, 0.7814486026763916, 0.7676631212234497, 0.7604278326034546, 0.7262164950370789, 0.7246615886688232, 0.7189133763313293, 0.7174140810966492, 0.7171015739440918, 0.7168555855751038, 0.7166998386383057, 0.7156493663787842, 0.7137309908866882, 0.7126567363739014, 0.7125687599182129, 0.7117372751235962, 0.7090731859207153, 0.7086935043334961, 0.7080073356628418, 0.7077516317367554, 0.7046217918395996, 0.7040430903434753, 0.7038597464561462, 0.7028288841247559, 0.7025079131126404, 0.7021865248680115, 0.7018645405769348, 0.7009843587875366, 0.7009495496749878, 0.7008894085884094, 0.7004669904708862, 0.6995649933815002, 0.6990103721618652, 0.6983757615089417, 0.697749137878418, 0.6977399587631226, 0.6976881623268127, 0.6972229480743408, 0.6950390338897705, 0.6936212778091431, 0.6927751898765564, 0.6888708472251892, 0.6881740689277649, 0.687722384929657, 0.687207043170929, 0.6869388818740845, 0.6863787770271301, 0.6863648295402527, 0.6859982013702393, 0.6857615113258362, 0.6852717995643616, 0.6849388480186462, 0.6827232837677002, 0.6761451363563538, 0.6726875901222229, 0.6621534824371338, 0.6533179879188538, 0.6521610617637634, 0.6513372659683228, 0.6512282490730286, 0.6418125629425049, 0.6384746432304382, 0.6300371289253235, 0.6280813217163086, 0.5966728329658508, 0.593394935131073, 0.5888827443122864, 0.5851283073425293, 0.5829628705978394, 0.5455790758132935, 0.5216034650802612, 0.5042782425880432, 0.4921942949295044, 0.4869549870491028, 0.47412508726119995, 0.4245365560054779, 0.4061926603317261]"
inner_val_44b6_t80_p01_crowded,inner_val,crowded,2,67,0.0,0.0,0.0,4.092,4.092,0.7822,0.4828,0.1569,0.1753,0.9333,0.0,"[[29.0, 10.0, 59.0], [10.0, 36.0, 53.0], [14.0, 58.0, 11.0], [12.0, 19.0, 43.0], [2.0, 49.0, 41.0], [17.0, 6.0, 11.0], [28.0, 13.0, 18.0], [10.0, 54.0, 49.0], [14.0, 43.0, 17.0], [22.0, 30.0, 39.0], [24.0, 44.0, 31.0], [0.0, 15.0, 58.0], [0.0, 17.0, 50.0], [0.0, 3.0, 44.0], [0.0, 3.0, 36.0], [0.0, 29.0, 28.0], [0.0, 29.0, 48.0], [0.0, 59.0, 50.0], [28.0, 29.0, 58.0], [0.0, 3.0, 58.0], [18.0, 13.0, 40.0], [0.0, 3.0, 4.0], [0.0, 47.0, 14.0], [18.0, 37.0, 2.0], [18.0, 62.0, 58.0], [13.0, 6.0, 4.0], [6.0, 17.0, 34.0], [4.0, 31.0, 46.0], [26.0, 62.0, 43.0], [4.0, 15.0, 8.0], [4.0, 62.0, 58.0], [4.0, 19.0, 16.0], [20.0, 38.0, 34.0], [26.0, 27.0, 25.0], [5.0, 3.0, 8.0], [26.0, 62.0, 59.0], [3.0, 62.0, 35.0], [7.0, 27.0, 6.0], [19.0, 62.0, 8.0], [29.0, 6.0, 41.0], [31.0, 51.0, 25.0], [8.0, 62.0, 20.0], [13.0, 33.0, 33.0], [11.0, 62.0, 58.0], [28.0, 62.0, 4.0], [18.0, 62.0, 39.0], [15.0, 62.0, 34.0], [16.0, 55.0, 40.0], [12.0, 16.0, 13.0], [19.0, 11.0, 60.0], [16.0, 19.0, 2.0], [18.0, 21.0, 58.0], [23.0, 5.0, 2.0], [18.0, 53.0, 2.0], [10.0, 62.0, 35.0], [19.0, 25.0, 6.0], [24.0, 62.0, 29.0], [20.0, 7.0, 26.0], [25.0, 7.0, 34.0], [31.0, 3.0, 6.0], [30.0, 54.0, 2.0], [24.0, 45.0, 58.0], [26.0, 17.0, 44.0], [31.0, 31.0, 1.0], [30.0, 39.0, 46.0], [27.0, 46.0, 6.0], [30.0, 16.0, 0.0]]","[0.9332727193832397, 0.9201577305793762, 0.915015459060669, 0.9133393168449402, 0.9048964381217957, 0.9047495722770691, 0.8867121338844299, 0.8556260466575623, 0.8533352613449097, 0.8377085328102112, 0.8309096693992615, 0.828774094581604, 0.8286630511283875, 0.8285940289497375, 0.8284343481063843, 0.825892448425293, 0.8243570327758789, 0.8210982084274292, 0.8179484009742737, 0.8166369795799255, 0.8157092332839966, 0.8156556487083435, 0.812212347984314, 0.8025505542755127, 0.7949259281158447, 0.7876108884811401, 0.7862656712532043, 0.786084771156311, 0.7851060032844543, 0.781182587146759, 0.7806023955345154, 0.7791242599487305, 0.7774298191070557, 0.7768941521644592, 0.7601016759872437, 0.7534950971603394, 0.7524458765983582, 0.7465262413024902, 0.7443284392356873, 0.7430055141448975, 0.7401455640792847, 0.7371143698692322, 0.7334781289100647, 0.6991902589797974, 0.6956572532653809, 0.6932960152626038, 0.6929176449775696, 0.6901420950889587, 0.6892924308776855, 0.6888650059700012, 0.6881266236305237, 0.6771922707557678, 0.6771173477172852, 0.6762192249298096, 0.6707608699798584, 0.6601656079292297, 0.6498247981071472, 0.6489595174789429, 0.6387323141098022, 0.6045905351638794, 0.563242495059967, 0.5571756958961487, 0.5570846796035767, 0.546471357345581, 0.5370678901672363, 0.506123423576355, 0.4772455394268036]"
inner_val_44b6_t80_p02_zero_annotation,inner_val,zero_annotation,0,84,1.0,1.0,1.0,,,,0.4846,0.1538,0.1396,0.9749,0.0,"[[8.0, 51.0, 49.0], [10.0, 26.0, 41.0], [8.0, 8.0, 23.0], [20.0, 16.0, 19.0], [22.0, 42.0, 45.0], [10.0, 43.0, 26.0], [18.0, 48.0, 27.0], [26.0, 28.0, 55.0], [4.0, 62.0, 53.0], [22.0, 22.0, 33.0], [16.0, 57.0, 58.0], [0.0, 61.0, 24.0], [8.0, 26.0, 10.0], [28.0, 25.0, 42.0], [0.0, 23.0, 58.0], [0.0, 19.0, 50.0], [0.0, 27.0, 48.0], [0.0, 3.0, 48.0], [1.0, 33.0, 36.0], [4.0, 19.0, 30.0], [14.0, 23.0, 58.0], [30.0, 5.0, 40.0], [0.0, 51.0, 58.0], [4.0, 37.0, 18.0], [28.0, 61.0, 4.0], [30.0, 61.0, 12.0], [8.0, 62.0, 37.0], [25.0, 3.0, 32.0], [22.0, 7.0, 52.0], [22.0, 53.0, 2.0], [2.0, 42.0, 49.0], [28.0, 61.0, 58.0], [30.0, 61.0, 48.0], [8.0, 11.0, 58.0], [3.0, 39.0, 6.0], [28.0, 41.0, 2.0], [28.0, 3.0, 18.0], [0.0, 51.0, 10.0], [0.0, 61.0, 4.0], [30.0, 31.0, 4.0], [0.0, 23.0, 24.0], [28.0, 3.0, 2.0], [31.0, 53.0, 50.0], [0.0, 53.0, 36.0], [30.0, 15.0, 6.0], [4.0, 62.0, 4.0], [7.0, 23.0, 58.0], [0.0, 3.0, 24.0], [31.0, 15.0, 18.0], [14.0, 36.0, 37.0], [18.0, 56.0, 9.0], [27.0, 61.0, 46.0], [8.0, 62.0, 28.0], [1.0, 62.0, 44.0], [11.0, 35.0, 58.0], [14.0, 62.0, 6.0], [9.0, 7.0, 40.0], [3.0, 12.0, 16.0], [21.0, 61.0, 60.0], [20.0, 9.0, 6.0], [24.0, 53.0, 30.0], [27.0, 11.0, 58.0], [15.0, 36.0, 59.0], [11.0, 61.0, 60.0], [16.0, 25.0, 48.0], [14.0, 21.0, 30.0], [11.0, 3.0, 58.0], [1.0, 7.0, 8.0], [20.0, 27.0, 6.0], [9.0, 62.0, 13.0], [17.0, 34.0, 25.0], [12.0, 49.0, 2.0], [12.0, 51.0, 36.0], [15.0, 31.0, 18.0], [15.0, 15.0, 2.0], [14.0, 40.0, 19.0], [19.0, 1.0, 16.0], [14.0, 8.0, 11.0], [1.0, 12.0, 34.0], [12.0, 7.0, 2.0], [16.0, 44.0, 9.0], [7.0, 5.0, 2.0], [18.0, 41.0, 60.0], [8.0, 20.0, 1.0]]","[0.9748796224594116, 0.9672137498855591, 0.9575625658035278, 0.9508376121520996, 0.9476696848869324, 0.916378915309906, 0.909889817237854, 0.8818269371986389, 0.8774158358573914, 0.8675586581230164, 0.8252899646759033, 0.8201821446418762, 0.8142843246459961, 0.8089554905891418, 0.7980507016181946, 0.795458197593689, 0.795119047164917, 0.7929632663726807, 0.7877134680747986, 0.7856491208076477, 0.7824741005897522, 0.7813389301300049, 0.7776433825492859, 0.7769275307655334, 0.7764802575111389, 0.7736706137657166, 0.7685726881027222, 0.7663309574127197, 0.7658333778381348, 0.7644121050834656, 0.7626416087150574, 0.7585867643356323, 0.7567185759544373, 0.7551172971725464, 0.7543720602989197, 0.7535958290100098, 0.7529983520507812, 0.7507252097129822, 0.7500110864639282, 0.7481746673583984, 0.7465618848800659, 0.7465288043022156, 0.7443984746932983, 0.7429481744766235, 0.741989254951477, 0.7408034801483154, 0.7403490543365479, 0.7396196126937866, 0.7327210307121277, 0.7319793701171875, 0.7317714691162109, 0.7296367883682251, 0.7266004085540771, 0.72225421667099, 0.7204852104187012, 0.7186056971549988, 0.7121906280517578, 0.7040988206863403, 0.7040391564369202, 0.703685462474823, 0.7024170160293579, 0.6999329924583435, 0.6987856030464172, 0.6959627866744995, 0.6948390007019043, 0.690000593662262, 0.6742384433746338, 0.6702468395233154, 0.6700973510742188, 0.6671969294548035, 0.6656544208526611, 0.6548582315444946, 0.6547704339027405, 0.6498591303825378, 0.637139618396759, 0.6327007412910461, 0.6258093118667603, 0.624441385269165, 0.6237711310386658, 0.6216643452644348, 0.6029741168022156, 0.6017116904258728, 0.5955454707145691, 0.4934117794036865]"
inner_val_44b6_t70_p03_isolated,inner_val,isolated,1,82,1.0,1.0,1.0,0.4062,0.4062,0.934,0.4848,0.1546,0.1248,0.9565,0.0,"[[12.0, 53.0, 11.0], [20.0, 33.0, 32.0], [28.0, 23.0, 53.0], [14.0, 30.0, 47.0], [14.0, 16.0, 25.0], [20.0, 50.0, 7.0], [18.0, 46.0, 61.0], [14.0, 40.0, 37.0], [29.0, 5.0, 45.0], [22.0, 11.0, 17.0], [30.0, 29.0, 4.0], [0.0, 15.0, 58.0], [0.0, 41.0, 50.0], [0.0, 61.0, 38.0], [5.0, 45.0, 60.0], [30.0, 39.0, 20.0], [10.0, 57.0, 37.0], [0.0, 3.0, 18.0], [12.0, 9.0, 58.0], [0.0, 41.0, 12.0], [30.0, 51.0, 4.0], [23.0, 62.0, 49.0], [30.0, 41.0, 8.0], [30.0, 62.0, 29.0], [30.0, 19.0, 36.0], [18.0, 61.0, 48.0], [10.0, 25.0, 36.0], [5.0, 61.0, 4.0], [6.0, 62.0, 17.0], [0.0, 3.0, 42.0], [6.0, 55.0, 59.0], [6.0, 13.0, 2.0], [6.0, 51.0, 4.0], [30.0, 19.0, 20.0], [12.0, 18.0, 9.0], [18.0, 62.0, 21.0], [31.0, 17.0, 4.0], [20.0, 21.0, 46.0], [18.0, 47.0, 38.0], [30.0, 45.0, 58.0], [16.0, 62.0, 60.0], [9.0, 22.0, 59.0], [6.0, 39.0, 28.0], [9.0, 15.0, 42.0], [8.0, 3.0, 44.0], [30.0, 3.0, 30.0], [18.0, 23.0, 58.0], [26.0, 39.0, 2.0], [26.0, 25.0, 28.0], [10.0, 35.0, 6.0], [26.0, 18.0, 42.0], [7.0, 29.0, 16.0], [12.0, 48.0, 37.0], [6.0, 3.0, 57.0], [7.0, 25.0, 4.0], [13.0, 53.0, 58.0], [17.0, 35.0, 2.0], [17.0, 10.0, 47.0], [19.0, 33.0, 50.0], [20.0, 7.0, 36.0], [23.0, 53.0, 38.0], [9.0, 3.0, 6.0], [17.0, 51.0, 26.0], [28.0, 62.0, 50.0], [16.0, 37.0, 16.0], [22.0, 9.0, 58.0], [23.0, 7.0, 41.0], [11.0, 62.0, 58.0], [18.0, 21.0, 4.0], [31.0, 61.0, 60.0], [16.0, 28.0, 23.0], [30.0, 42.0, 47.0], [11.0, 7.0, 18.0], [27.0, 10.0, 59.0], [12.0, 45.0, 2.0], [15.0, 62.0, 7.0], [22.0, 25.0, 16.0], [27.0, 44.0, 47.0], [19.0, 6.0, 5.0], [30.0, 1.0, 58.0], [23.0, 2.0, 0.0], [23.0, 63.0, 12.0]]","[0.9564875364303589, 0.9340003132820129, 0.9189739227294922, 0.915239155292511, 0.9071533679962158, 0.8934262990951538, 0.8810091614723206, 0.8682836294174194, 0.8655996918678284, 0.8525478839874268, 0.85213303565979, 0.8356001377105713, 0.8325799703598022, 0.8284560441970825, 0.8258696794509888, 0.8242552280426025, 0.8201032876968384, 0.8144453763961792, 0.8094885349273682, 0.8088418245315552, 0.8075460195541382, 0.8047775030136108, 0.8024019598960876, 0.801745593547821, 0.7933845520019531, 0.7918436527252197, 0.7911567091941833, 0.7813792824745178, 0.7812677025794983, 0.7756760120391846, 0.7708645462989807, 0.769475519657135, 0.7681174874305725, 0.7607553005218506, 0.7603724002838135, 0.7592744827270508, 0.7564335465431213, 0.7554011940956116, 0.7509356737136841, 0.7468720078468323, 0.7416452169418335, 0.7412465214729309, 0.7372252941131592, 0.7349929809570312, 0.7323089838027954, 0.7304111123085022, 0.7280237078666687, 0.724955141544342, 0.721897304058075, 0.721024215221405, 0.7200376987457275, 0.7175155282020569, 0.7161840796470642, 0.7160243988037109, 0.7142810225486755, 0.7087664604187012, 0.7051421999931335, 0.7046980857849121, 0.6982551217079163, 0.6982375979423523, 0.6975647807121277, 0.6970837712287903, 0.6968223452568054, 0.6901953816413879, 0.6854726076126099, 0.6843780279159546, 0.6842952370643616, 0.6838042140007019, 0.6826784610748291, 0.6814849972724915, 0.6750653982162476, 0.6746658086776733, 0.6699649095535278, 0.6471903324127197, 0.6438663601875305, 0.6428500413894653, 0.6334440112113953, 0.6275341510772705, 0.6195991635322571, 0.5424906015396118, 0.5247846245765686, 0.47975993156433105]"
inner_val_44b6_t90_p04_crowded,inner_val,crowded,2,78,0.5,0.5,0.5,3.35,3.35,0.8067,0.4828,0.1559,0.1682,0.9714,0.0,"[[10.0, 31.0, 41.0], [14.0, 11.0, 44.0], [14.0, 57.0, 9.0], [24.0, 62.0, 48.0], [10.0, 49.0, 37.0], [30.0, 57.0, 41.0], [22.0, 41.0, 35.0], [20.0, 9.0, 46.0], [14.0, 6.0, 17.0], [1.0, 56.0, 51.0], [0.0, 29.0, 34.0], [0.0, 13.0, 50.0], [0.0, 3.0, 48.0], [0.0, 31.0, 48.0], [0.0, 19.0, 58.0], [10.0, 51.0, 60.0], [30.0, 21.0, 49.0], [17.0, 45.0, 21.0], [0.0, 11.0, 12.0], [0.0, 61.0, 18.0], [4.0, 27.0, 32.0], [14.0, 43.0, 21.0], [5.0, 55.0, 59.0], [29.0, 3.0, 15.0], [4.0, 11.0, 58.0], [25.0, 26.0, 37.0], [6.0, 9.0, 38.0], [6.0, 19.0, 22.0], [29.0, 4.0, 41.0], [6.0, 61.0, 16.0], [6.0, 62.0, 29.0], [20.0, 31.0, 4.0], [18.0, 41.0, 2.0], [5.0, 21.0, 6.0], [8.0, 5.0, 4.0], [18.0, 3.0, 4.0], [25.0, 8.0, 60.0], [31.0, 4.0, 5.0], [8.0, 35.0, 58.0], [5.0, 46.0, 29.0], [19.0, 62.0, 7.0], [16.0, 61.0, 42.0], [20.0, 7.0, 28.0], [18.0, 62.0, 57.0], [30.0, 53.0, 62.0], [18.0, 62.0, 50.0], [20.0, 32.0, 36.0], [11.0, 62.0, 58.0], [24.0, 37.0, 10.0], [20.0, 5.0, 14.0], [18.0, 17.0, 58.0], [19.0, 19.0, 6.0], [14.0, 39.0, 58.0], [10.0, 24.0, 29.0], [18.0, 33.0, 58.0], [18.0, 43.0, 58.0], [19.0, 62.0, 30.0], [12.0, 17.0, 22.0], [13.0, 27.0, 58.0], [4.0, 62.0, 46.0], [22.0, 19.0, 42.0], [25.0, 62.0, 9.0], [13.0, 62.0, 48.0], [27.0, 62.0, 59.0], [0.0, 61.0, 62.0], [26.0, 46.0, 57.0], [30.0, 62.0, 15.0], [21.0, 54.0, 1.0], [27.0, 23.0, 14.0], [31.0, 21.0, 2.0], [28.0, 55.0, 1.0], [30.0, 27.0, 36.0], [30.0, 37.0, 28.0], [26.0, 54.0, 13.0], [22.0, 55.0, 22.0], [24.0, 55.0, 34.0], [27.0, 2.0, 31.0], [30.0, 16.0, 37.0]]","[0.9714340567588806, 0.9639818668365479, 0.9366084337234497, 0.9099310636520386, 0.902536928653717, 0.8879148364067078, 0.8837803602218628, 0.8579545021057129, 0.8485126495361328, 0.8409501314163208, 0.8395387530326843, 0.8378069400787354, 0.8375074863433838, 0.8352884650230408, 0.834932267665863, 0.8319407105445862, 0.8319033980369568, 0.8296769261360168, 0.8253240585327148, 0.8194494247436523, 0.8165625929832458, 0.8135727643966675, 0.8084937930107117, 0.8057481050491333, 0.8023143410682678, 0.798535168170929, 0.7914978861808777, 0.7914925217628479, 0.7866277694702148, 0.7792831063270569, 0.7773115038871765, 0.7747827172279358, 0.7743272185325623, 0.7722858786582947, 0.7695345282554626, 0.7636328339576721, 0.7610853910446167, 0.7534609436988831, 0.7499407529830933, 0.7418251633644104, 0.7402525544166565, 0.739008903503418, 0.7347181439399719, 0.7307208776473999, 0.7303369045257568, 0.7302389144897461, 0.7296416759490967, 0.7255707383155823, 0.7198562026023865, 0.7100327610969543, 0.7099924683570862, 0.7067628502845764, 0.7029420137405396, 0.7008470296859741, 0.6983855366706848, 0.6963911652565002, 0.6842115521430969, 0.6811835169792175, 0.6780107021331787, 0.6776474714279175, 0.6735162138938904, 0.6717205047607422, 0.6630094647407532, 0.6588471531867981, 0.65185546875, 0.6500155329704285, 0.6429532170295715, 0.6276848316192627, 0.5920054316520691, 0.5717963576316833, 0.5710797905921936, 0.542747437953949, 0.542717456817627, 0.5327894687652588, 0.5138974785804749, 0.5006476044654846, 0.4793374240398407, 0.4353048503398895]"
inner_val_44b6_t70_p05_boundary,inner_val,boundary,1,82,1.0,1.0,1.0,0.5745,0.5745,0.8927,0.4837,0.1555,0.1456,0.956,0.0,"[[22.0, 18.0, 5.0], [24.0, 32.0, 61.0], [26.0, 8.0, 33.0], [26.0, 14.0, 59.0], [20.0, 51.0, 17.0], [30.0, 62.0, 48.0], [16.0, 16.0, 61.0], [16.0, 55.0, 31.0], [4.0, 47.0, 13.0], [6.0, 21.0, 22.0], [10.0, 11.0, 57.0], [18.0, 31.0, 12.0], [0.0, 61.0, 32.0], [0.0, 3.0, 50.0], [0.0, 3.0, 30.0], [0.0, 5.0, 58.0], [0.0, 35.0, 50.0], [4.0, 62.0, 48.0], [0.0, 57.0, 22.0], [20.0, 39.0, 27.0], [0.0, 45.0, 58.0], [4.0, 27.0, 42.0], [6.0, 45.0, 4.0], [8.0, 54.0, 57.0], [16.0, 49.0, 61.0], [0.0, 61.0, 60.0], [22.0, 33.0, 35.0], [0.0, 23.0, 2.0], [0.0, 33.0, 24.0], [0.0, 31.0, 12.0], [8.0, 25.0, 44.0], [10.0, 9.0, 34.0], [1.0, 61.0, 4.0], [7.0, 29.0, 59.0], [5.0, 43.0, 46.0], [1.0, 9.0, 11.0], [10.0, 62.0, 42.0], [5.0, 23.0, 2.0], [20.0, 9.0, 50.0], [18.0, 41.0, 42.0], [10.0, 53.0, 20.0], [14.0, 11.0, 2.0], [8.0, 51.0, 42.0], [6.0, 3.0, 2.0], [5.0, 35.0, 18.0], [18.0, 62.0, 4.0], [25.0, 62.0, 15.0], [11.0, 62.0, 21.0], [5.0, 61.0, 6.0], [24.0, 62.0, 56.0], [20.0, 51.0, 2.0], [19.0, 25.0, 22.0], [14.0, 62.0, 4.0], [19.0, 12.0, 24.0], [19.0, 62.0, 58.0], [20.0, 53.0, 58.0], [1.0, 62.0, 46.0], [30.0, 28.0, 50.0], [19.0, 35.0, 58.0], [26.0, 62.0, 37.0], [19.0, 43.0, 6.0], [30.0, 62.0, 20.0], [14.0, 35.0, 58.0], [16.0, 27.0, 50.0], [21.0, 3.0, 14.0], [29.0, 51.0, 58.0], [26.0, 29.0, 20.0], [15.0, 52.0, 16.0], [31.0, 19.0, 7.0], [31.0, 45.0, 29.0], [26.0, 47.0, 52.0], [21.0, 62.0, 39.0], [19.0, 4.0, 1.0], [30.0, 3.0, 46.0], [31.0, 2.0, 61.0], [30.0, 15.0, 49.0], [31.0, 3.0, 1.0], [30.0, 54.0, 22.0], [30.0, 1.0, 14.0], [29.0, 38.0, 5.0], [30.0, 29.0, 1.0], [26.0, 38.0, 0.0]]","[0.955960214138031, 0.9496893286705017, 0.9306740164756775, 0.9268394708633423, 0.9160405993461609, 0.9084798097610474, 0.8978564143180847, 0.8926925659179688, 0.8701962232589722, 0.8677643537521362, 0.8560323119163513, 0.853878378868103, 0.8353557586669922, 0.83467036485672, 0.8335498571395874, 0.8328406810760498, 0.8314762711524963, 0.8283393979072571, 0.8281274437904358, 0.8271201848983765, 0.821971595287323, 0.8155727982521057, 0.8115242719650269, 0.8097022771835327, 0.8034297823905945, 0.8004701137542725, 0.8004210591316223, 0.7870239615440369, 0.7802028059959412, 0.7799423933029175, 0.7785587310791016, 0.7759935259819031, 0.7756481766700745, 0.773257315158844, 0.7721560597419739, 0.7611661553382874, 0.7609829306602478, 0.7586237192153931, 0.7586175203323364, 0.7568286061286926, 0.7557470798492432, 0.7542380094528198, 0.7537662982940674, 0.7500648498535156, 0.7487912178039551, 0.7467855215072632, 0.7320814728736877, 0.7304546236991882, 0.7265607118606567, 0.7246520519256592, 0.7239634990692139, 0.7214354872703552, 0.7213125228881836, 0.7211216688156128, 0.718327522277832, 0.7050182819366455, 0.70476895570755, 0.7003034949302673, 0.6989644765853882, 0.6961774230003357, 0.6930343508720398, 0.6884850859642029, 0.6803852319717407, 0.6726625561714172, 0.6714892983436584, 0.6661275625228882, 0.6655791401863098, 0.6652137637138367, 0.6579168438911438, 0.646921694278717, 0.6442641615867615, 0.6423353552818298, 0.61552494764328, 0.5600701570510864, 0.5399008989334106, 0.5379324555397034, 0.530095100402832, 0.5294944047927856, 0.5189126133918762, 0.518227219581604, 0.4974144399166107, 0.4821585416793823]"
held_out_val_6bba_t50_p01_zero_annotation,held_out_val,zero_annotation,0,105,1.0,1.0,1.0,,,,0.4835,0.1576,0.2066,0.9437,0.0,"[[3.0, 5.0, 7.0], [17.0, 5.0, 6.0], [27.0, 5.0, 7.0], [23.0, 7.0, 58.0], [0.0, 61.0, 50.0], [3.0, 7.0, 58.0], [0.0, 53.0, 58.0], [8.0, 62.0, 14.0], [12.0, 62.0, 4.0], [22.0, 62.0, 4.0], [8.0, 62.0, 4.0], [4.0, 49.0, 58.0], [20.0, 62.0, 24.0], [0.0, 59.0, 30.0], [0.0, 61.0, 8.0], [30.0, 62.0, 24.0], [22.0, 62.0, 58.0], [26.0, 55.0, 58.0], [30.0, 62.0, 58.0], [0.0, 45.0, 44.0], [18.0, 62.0, 32.0], [16.0, 62.0, 50.0], [8.0, 55.0, 58.0], [12.0, 62.0, 17.0], [4.0, 62.0, 5.0], [20.0, 51.0, 58.0], [30.0, 62.0, 44.0], [4.0, 62.0, 48.0], [26.0, 62.0, 50.0], [28.0, 62.0, 32.0], [12.0, 62.0, 58.0], [26.0, 62.0, 4.0], [30.0, 62.0, 4.0], [20.0, 43.0, 58.0], [22.0, 62.0, 44.0], [28.0, 62.0, 16.0], [10.0, 62.0, 50.0], [18.0, 55.0, 40.0], [24.0, 62.0, 32.0], [6.0, 55.0, 46.0], [24.0, 41.0, 58.0], [13.0, 55.0, 50.0], [22.0, 49.0, 50.0], [6.0, 62.0, 32.0], [29.0, 55.0, 38.0], [3.0, 47.0, 30.0], [14.0, 45.0, 58.0], [31.0, 53.0, 60.0], [6.0, 53.0, 36.0], [18.0, 47.0, 32.0], [12.0, 41.0, 2.0], [12.0, 51.0, 38.0], [17.0, 7.0, 58.0], [30.0, 30.0, 3.0], [10.0, 53.0, 28.0], [28.0, 22.0, 4.0], [16.0, 16.0, 3.0], [17.0, 7.0, 42.0], [6.0, 33.0, 58.0], [31.0, 54.0, 5.0], [12.0, 53.0, 2.0], [12.0, 22.0, 3.0], [28.0, 38.0, 2.0], [1.0, 7.0, 41.0], [3.0, 23.0, 7.0], [30.0, 6.0, 50.0], [6.0, 28.0, 2.0], [12.0, 39.0, 50.0], [22.0, 31.0, 58.0], [3.0, 26.0, 23.0], [26.0, 18.0, 41.0], [20.0, 41.0, 2.0], [18.0, 35.0, 22.0], [18.0, 24.0, 2.0], [20.0, 16.0, 3.0], [12.0, 38.0, 31.0], [3.0, 32.0, 7.0], [25.0, 7.0, 40.0], [3.0, 18.0, 57.0], [30.0, 29.0, 46.0], [25.0, 31.0, 22.0], [4.0, 27.0, 40.0], [16.0, 26.0, 22.0], [1.0, 6.0, 30.0], [30.0, 6.0, 40.0], [17.0, 6.0, 30.0], [10.0, 25.0, 58.0], [12.0, 35.0, 12.0], [0.0, 23.0, 34.0], [10.0, 33.0, 60.0], [20.0, 17.0, 58.0], [30.0, 19.0, 28.0], [30.0, 27.0, 14.0], [30.0, 5.0, 30.0], [11.0, 6.0, 49.0], [11.0, 4.0, 41.0], [23.0, 6.0, 31.0], [16.0, 16.0, 49.0], [10.0, 16.0, 56.0], [6.0, 16.0, 56.0], [7.0, 4.0, 48.0], [9.0, 5.0, 31.0], [9.0, 4.0, 21.0], [27.0, 7.0, 27.0], [6.0, 16.0, 40.0]]","[0.9436696767807007, 0.9364311099052429, 0.90227872133255, 0.8945112228393555, 0.8779866695404053, 0.8726181983947754, 0.8658632636070251, 0.8600178360939026, 0.8595583438873291, 0.8527485132217407, 0.8501320481300354, 0.8480706810951233, 0.8442404866218567, 0.8437396287918091, 0.8407116532325745, 0.8404099941253662, 0.8402368426322937, 0.839964747428894, 0.8391203284263611, 0.8390518426895142, 0.8387091755867004, 0.8370546698570251, 0.8368613123893738, 0.8361428380012512, 0.8336540460586548, 0.8330704569816589, 0.8322744965553284, 0.8321635723114014, 0.8301814794540405, 0.8278236985206604, 0.8275219202041626, 0.8274397850036621, 0.8272561430931091, 0.8265491724014282, 0.8263834118843079, 0.8257157206535339, 0.8254595398902893, 0.8251928091049194, 0.8248974084854126, 0.8227933049201965, 0.8217313885688782, 0.8210367560386658, 0.8159300088882446, 0.8140701055526733, 0.8037317991256714, 0.8009263873100281, 0.7994717955589294, 0.79349285364151, 0.7907760143280029, 0.7881826162338257, 0.7835937738418579, 0.7812447547912598, 0.7799437046051025, 0.7779536247253418, 0.7728038430213928, 0.7675370573997498, 0.7665441036224365, 0.7615237832069397, 0.7591956257820129, 0.7569564580917358, 0.7565126419067383, 0.7545966506004333, 0.7528594136238098, 0.7521618604660034, 0.7512000799179077, 0.7414858341217041, 0.733810544013977, 0.7283965945243835, 0.7281088829040527, 0.7232749462127686, 0.7200152277946472, 0.7132900953292847, 0.7122218608856201, 0.709808349609375, 0.7044515609741211, 0.7003204822540283, 0.6979653239250183, 0.6975588798522949, 0.6969086527824402, 0.6952269673347473, 0.6904539465904236, 0.6900911331176758, 0.6764678955078125, 0.6748666763305664, 0.6709998250007629, 0.6653743982315063, 0.6629427075386047, 0.6589063405990601, 0.6585028171539307, 0.6582774519920349, 0.6424405574798584, 0.6373785734176636, 0.6304745674133301, 0.6100868582725525, 0.5504038333892822, 0.5475108027458191, 0.5442149043083191, 0.5402628779411316, 0.531982421875, 0.5253442525863647, 0.510749101638794, 0.5073909163475037, 0.49707454442977905, 0.4812619686126709, 0.46550557017326355]"
held_out_val_6bba_t75_p02_isolated,held_out_val,isolated,1,63,0.0,0.0,0.0,4.6141,4.6141,0.6895,0.4868,0.1492,0.0842,0.9089,0.0,"[[20.0, 24.0, 39.0], [7.0, 58.0, 7.0], [14.0, 27.0, 41.0], [6.0, 27.0, 45.0], [9.0, 62.0, 59.0], [20.0, 27.0, 10.0], [26.0, 62.0, 59.0], [16.0, 51.0, 8.0], [6.0, 53.0, 17.0], [0.0, 35.0, 58.0], [21.0, 61.0, 6.0], [0.0, 3.0, 24.0], [0.0, 3.0, 16.0], [0.0, 3.0, 44.0], [28.0, 62.0, 36.0], [0.0, 21.0, 16.0], [0.0, 19.0, 32.0], [18.0, 55.0, 58.0], [25.0, 62.0, 45.0], [0.0, 3.0, 60.0], [14.0, 19.0, 4.0], [0.0, 53.0, 58.0], [5.0, 36.0, 5.0], [20.0, 45.0, 58.0], [0.0, 61.0, 58.0], [30.0, 48.0, 57.0], [11.0, 3.0, 6.0], [5.0, 3.0, 24.0], [11.0, 3.0, 16.0], [6.0, 19.0, 12.0], [7.0, 11.0, 6.0], [15.0, 3.0, 18.0], [21.0, 3.0, 4.0], [13.0, 62.0, 31.0], [15.0, 3.0, 32.0], [30.0, 37.0, 32.0], [3.0, 62.0, 39.0], [13.0, 3.0, 42.0], [13.0, 62.0, 38.0], [29.0, 9.0, 6.0], [9.0, 11.0, 58.0], [5.0, 3.0, 44.0], [9.0, 3.0, 58.0], [30.0, 23.0, 24.0], [1.0, 38.0, 31.0], [14.0, 36.0, 25.0], [29.0, 3.0, 34.0], [21.0, 3.0, 46.0], [29.0, 11.0, 58.0], [29.0, 3.0, 60.0], [29.0, 3.0, 42.0], [25.0, 54.0, 49.0], [23.0, 17.0, 28.0], [24.0, 17.0, 58.0], [24.0, 3.0, 56.0], [21.0, 3.0, 58.0], [23.0, 34.0, 28.0], [20.0, 62.0, 48.0], [19.0, 51.0, 48.0], [27.0, 54.0, 33.0], [31.0, 62.0, 61.0], [0.0, 62.0, 26.0], [8.0, 34.0, 58.0]]","[0.9088660478591919, 0.887207567691803, 0.870568037033081, 0.8529528379440308, 0.7987450957298279, 0.7963259816169739, 0.7882030010223389, 0.7791648507118225, 0.7790704369544983, 0.7574814558029175, 0.7568141222000122, 0.7524440884590149, 0.7517496943473816, 0.7429102063179016, 0.7424099445343018, 0.73855060338974, 0.7384680509567261, 0.7369710803031921, 0.7364627122879028, 0.7296464443206787, 0.7290887832641602, 0.7277079820632935, 0.7211250066757202, 0.7176313996315002, 0.7176077365875244, 0.7146419882774353, 0.7144191265106201, 0.7137471437454224, 0.7127862572669983, 0.7108539342880249, 0.7107094526290894, 0.7095575928688049, 0.7082453370094299, 0.7051480412483215, 0.705068051815033, 0.703671395778656, 0.701447606086731, 0.6990230679512024, 0.6982021331787109, 0.697794497013092, 0.694923460483551, 0.6927918791770935, 0.692605197429657, 0.691834032535553, 0.6912188529968262, 0.6895400285720825, 0.6768410205841064, 0.676243782043457, 0.6746423840522766, 0.6712371706962585, 0.6665509343147278, 0.6664057970046997, 0.6662724018096924, 0.6594527363777161, 0.6584903001785278, 0.6550194025039673, 0.6391937136650085, 0.6369637846946716, 0.6363983154296875, 0.6081066131591797, 0.5347617864608765, 0.5155808329582214, 0.48475009202957153]"
held_out_val_6bba_t25_p03_isolated,held_out_val,isolated,1,70,0.0,0.0,0.0,4.8919,4.8919,0.5922,0.4839,0.1569,0.1508,0.9306,0.0,"[[26.0, 49.0, 20.0], [20.0, 38.0, 45.0], [7.0, 56.0, 7.0], [14.0, 23.0, 37.0], [3.0, 55.0, 6.0], [14.0, 46.0, 49.0], [30.0, 17.0, 41.0], [4.0, 37.0, 45.0], [12.0, 19.0, 12.0], [28.0, 42.0, 49.0], [12.0, 45.0, 13.0], [0.0, 5.0, 8.0], [13.0, 61.0, 60.0], [25.0, 61.0, 58.0], [0.0, 3.0, 56.0], [0.0, 3.0, 48.0], [29.0, 61.0, 38.0], [0.0, 61.0, 48.0], [29.0, 61.0, 48.0], [1.0, 61.0, 60.0], [22.0, 51.0, 58.0], [23.0, 61.0, 38.0], [0.0, 15.0, 18.0], [0.0, 3.0, 32.0], [8.0, 19.0, 2.0], [30.0, 7.0, 22.0], [12.0, 3.0, 58.0], [25.0, 3.0, 6.0], [29.0, 3.0, 6.0], [1.0, 62.0, 26.0], [18.0, 17.0, 2.0], [11.0, 27.0, 2.0], [20.0, 3.0, 2.0], [12.0, 3.0, 2.0], [26.0, 17.0, 2.0], [6.0, 3.0, 2.0], [11.0, 3.0, 26.0], [3.0, 62.0, 40.0], [29.0, 3.0, 14.0], [9.0, 3.0, 14.0], [11.0, 3.0, 38.0], [15.0, 3.0, 2.0], [5.0, 61.0, 60.0], [14.0, 11.0, 58.0], [30.0, 53.0, 32.0], [8.0, 29.0, 58.0], [21.0, 3.0, 16.0], [26.0, 37.0, 36.0], [20.0, 1.0, 56.0], [30.0, 37.0, 4.0], [16.0, 61.0, 32.0], [15.0, 29.0, 27.0], [6.0, 25.0, 29.0], [29.0, 62.0, 6.0], [30.0, 1.0, 62.0], [19.0, 54.0, 11.0], [30.0, 34.0, 62.0], [26.0, 62.0, 5.0], [27.0, 30.0, 61.0], [16.0, 49.0, 28.0], [11.0, 50.0, 37.0], [3.0, 38.0, 58.0], [22.0, 27.0, 58.0], [10.0, 32.0, 23.0], [1.0, 46.0, 30.0], [1.0, 43.0, 45.0], [0.0, 45.0, 6.0], [6.0, 44.0, 32.0], [30.0, 32.0, 51.0], [4.0, 50.0, 19.0]]","[0.9306057691574097, 0.8813071846961975, 0.8723530769348145, 0.8707372546195984, 0.8657853603363037, 0.857915997505188, 0.8452494740486145, 0.8062931895256042, 0.8022878766059875, 0.7996406555175781, 0.7872467041015625, 0.7864391207695007, 0.7845151424407959, 0.7812941670417786, 0.7812770009040833, 0.7805739641189575, 0.7798600196838379, 0.779121994972229, 0.7784709334373474, 0.7750110626220703, 0.7692708373069763, 0.7688106298446655, 0.7666944861412048, 0.7662056684494019, 0.7591040134429932, 0.7512737512588501, 0.7481842637062073, 0.7477898001670837, 0.7469472885131836, 0.7467092871665955, 0.7448329925537109, 0.7446008920669556, 0.7433688044548035, 0.743262529373169, 0.7426078915596008, 0.7423796653747559, 0.741381049156189, 0.741359293460846, 0.7408904433250427, 0.7400243878364563, 0.7396377921104431, 0.7395768761634827, 0.7369017601013184, 0.7359330654144287, 0.7348074913024902, 0.7340604066848755, 0.7326264381408691, 0.726245105266571, 0.7204374670982361, 0.7120376229286194, 0.7097342610359192, 0.6828842163085938, 0.6798646450042725, 0.6758760213851929, 0.6640869379043579, 0.6593583822250366, 0.6548871397972107, 0.646992564201355, 0.6313522458076477, 0.6160129904747009, 0.6137569546699524, 0.6063424348831177, 0.6018816232681274, 0.5921943187713623, 0.5651403069496155, 0.5583483576774597, 0.5446228981018066, 0.5243476629257202, 0.4590412676334381, 0.4256795346736908]"
held_out_val_6bba_t75_p04_boundary,held_out_val,boundary,1,71,0.0,0.0,0.0,3.1729,3.1729,0.8307,0.4855,0.1535,0.0534,0.9285,0.0,"[[30.0, 53.0, 46.0], [10.0, 62.0, 61.0], [30.0, 56.0, 13.0], [3.0, 47.0, 7.0], [21.0, 34.0, 6.0], [16.0, 27.0, 21.0], [22.0, 58.0, 52.0], [3.0, 62.0, 35.0], [26.0, 52.0, 13.0], [3.0, 62.0, 47.0], [18.0, 62.0, 33.0], [0.0, 15.0, 50.0], [0.0, 5.0, 50.0], [0.0, 3.0, 22.0], [0.0, 7.0, 42.0], [0.0, 7.0, 34.0], [24.0, 62.0, 5.0], [0.0, 15.0, 38.0], [3.0, 62.0, 4.0], [0.0, 23.0, 58.0], [26.0, 29.0, 2.0], [29.0, 9.0, 4.0], [29.0, 3.0, 16.0], [6.0, 62.0, 36.0], [27.0, 11.0, 58.0], [17.0, 7.0, 6.0], [25.0, 9.0, 4.0], [4.0, 55.0, 58.0], [29.0, 3.0, 28.0], [9.0, 3.0, 46.0], [4.0, 3.0, 58.0], [4.0, 11.0, 58.0], [13.0, 3.0, 48.0], [21.0, 9.0, 6.0], [10.0, 13.0, 58.0], [25.0, 3.0, 30.0], [7.0, 9.0, 6.0], [23.0, 3.0, 16.0], [6.0, 17.0, 50.0], [31.0, 10.0, 33.0], [21.0, 3.0, 48.0], [17.0, 3.0, 40.0], [21.0, 3.0, 26.0], [20.0, 11.0, 58.0], [13.0, 62.0, 29.0], [11.0, 62.0, 39.0], [14.0, 19.0, 58.0], [17.0, 3.0, 22.0], [29.0, 33.0, 58.0], [14.0, 11.0, 58.0], [26.0, 27.0, 30.0], [13.0, 3.0, 22.0], [23.0, 37.0, 58.0], [11.0, 33.0, 58.0], [31.0, 22.0, 35.0], [31.0, 22.0, 45.0], [24.0, 27.0, 58.0], [31.0, 30.0, 49.0], [29.0, 35.0, 40.0], [30.0, 44.0, 31.0], [9.0, 62.0, 2.0], [21.0, 39.0, 48.0], [22.0, 62.0, 21.0], [16.0, 62.0, 4.0], [6.0, 42.0, 14.0], [18.0, 57.0, 18.0], [12.0, 38.0, 40.0], [29.0, 62.0, 59.0], [31.0, 52.0, 0.0], [21.0, 51.0, 1.0], [30.0, 49.0, 60.0]]","[0.9284874200820923, 0.9227887392044067, 0.8918715715408325, 0.8727617263793945, 0.8493838310241699, 0.8306536674499512, 0.8229522109031677, 0.8220544457435608, 0.7936387658119202, 0.7649009227752686, 0.7542921304702759, 0.7386643290519714, 0.7369365692138672, 0.7361297011375427, 0.7347346544265747, 0.734491765499115, 0.7339478135108948, 0.7333049178123474, 0.7255560755729675, 0.7223798036575317, 0.71250981092453, 0.7099030613899231, 0.7094698548316956, 0.7073337435722351, 0.7048294544219971, 0.7039908766746521, 0.7039370536804199, 0.7017262578010559, 0.7015752196311951, 0.7008931636810303, 0.7006632685661316, 0.6986721754074097, 0.6974729895591736, 0.6974694132804871, 0.6968615055084229, 0.6938555240631104, 0.6937150955200195, 0.6935455203056335, 0.6926103830337524, 0.6916717886924744, 0.6916036605834961, 0.6912608742713928, 0.6908420920372009, 0.6901491284370422, 0.6899950504302979, 0.6884282827377319, 0.6882772445678711, 0.6880538463592529, 0.6875241994857788, 0.6869863867759705, 0.6856259703636169, 0.6817989349365234, 0.6799280047416687, 0.6779301762580872, 0.6769338846206665, 0.6756808757781982, 0.6742491126060486, 0.6721990704536438, 0.6709635853767395, 0.670157790184021, 0.6630998253822327, 0.6538969278335571, 0.6232505440711975, 0.6057744026184082, 0.5998662114143372, 0.5932160019874573, 0.5646857619285583, 0.542889416217804, 0.47570836544036865, 0.46486490964889526, 0.4398597776889801]"
held_out_val_6bba_t25_p05_crowded,held_out_val,crowded,4,65,0.25,0.5,0.5,2.6793,2.8483,0.8471,0.4853,0.1548,0.0787,0.9501,0.0,"[[24.0, 50.0, 17.0], [3.0, 52.0, 45.0], [18.0, 28.0, 39.0], [24.0, 41.0, 57.0], [8.0, 47.0, 58.0], [27.0, 61.0, 44.0], [24.0, 35.0, 4.0], [17.0, 45.0, 57.0], [16.0, 53.0, 7.0], [0.0, 3.0, 16.0], [30.0, 41.0, 30.0], [0.0, 3.0, 24.0], [8.0, 24.0, 33.0], [0.0, 5.0, 38.0], [0.0, 3.0, 58.0], [0.0, 17.0, 22.0], [14.0, 23.0, 8.0], [0.0, 19.0, 14.0], [0.0, 21.0, 30.0], [18.0, 58.0, 41.0], [13.0, 62.0, 42.0], [30.0, 51.0, 50.0], [17.0, 3.0, 6.0], [3.0, 11.0, 6.0], [28.0, 62.0, 3.0], [4.0, 3.0, 2.0], [13.0, 3.0, 42.0], [11.0, 3.0, 8.0], [12.0, 3.0, 58.0], [11.0, 3.0, 20.0], [16.0, 3.0, 16.0], [29.0, 3.0, 24.0], [29.0, 3.0, 54.0], [19.0, 3.0, 30.0], [12.0, 11.0, 58.0], [18.0, 3.0, 58.0], [29.0, 3.0, 14.0], [18.0, 3.0, 50.0], [21.0, 3.0, 18.0], [13.0, 3.0, 30.0], [29.0, 3.0, 6.0], [12.0, 38.0, 48.0], [24.0, 17.0, 2.0], [15.0, 21.0, 58.0], [17.0, 11.0, 24.0], [27.0, 11.0, 4.0], [7.0, 62.0, 6.0], [16.0, 59.0, 58.0], [19.0, 21.0, 58.0], [16.0, 44.0, 17.0], [23.0, 19.0, 58.0], [28.0, 39.0, 44.0], [3.0, 62.0, 39.0], [26.0, 25.0, 22.0], [27.0, 23.0, 34.0], [6.0, 49.0, 26.0], [12.0, 53.0, 34.0], [0.0, 62.0, 59.0], [19.0, 33.0, 25.0], [3.0, 56.0, 6.0], [0.0, 62.0, 19.0], [3.0, 62.0, 57.0], [30.0, 41.0, 13.0], [0.0, 49.0, 6.0], [30.0, 48.0, 13.0]]","[0.9501371383666992, 0.8958699107170105, 0.8941315412521362, 0.8886521458625793, 0.8362154960632324, 0.7881009578704834, 0.77712082862854, 0.776974618434906, 0.7671580910682678, 0.7633842825889587, 0.761265218257904, 0.7573937177658081, 0.7556267976760864, 0.754217803478241, 0.7537546157836914, 0.750619113445282, 0.7456303238868713, 0.7447124123573303, 0.7422086000442505, 0.7407583594322205, 0.7358720302581787, 0.7257664203643799, 0.7229920029640198, 0.7189411520957947, 0.7158332467079163, 0.7151307463645935, 0.7138682007789612, 0.7138369083404541, 0.7135987877845764, 0.7130316495895386, 0.7124970555305481, 0.7121309041976929, 0.7120166420936584, 0.7105037569999695, 0.7101236581802368, 0.7099460959434509, 0.708770215511322, 0.7085782289505005, 0.7083103060722351, 0.7068102359771729, 0.7052351236343384, 0.7045344114303589, 0.7026044130325317, 0.7021870613098145, 0.7015185952186584, 0.6986647844314575, 0.6984235048294067, 0.6937193274497986, 0.6934176683425903, 0.6904428005218506, 0.682051420211792, 0.6718282699584961, 0.668976366519928, 0.6633620262145996, 0.6548591256141663, 0.653029203414917, 0.6468132138252258, 0.6450022459030151, 0.6403888463973999, 0.6390479803085327, 0.6228118538856506, 0.6013277173042297, 0.5681238770484924, 0.5624014139175415, 0.5490273237228394]"
held_out_val_6bba_t50_p06_crowded,held_out_val,crowded,2,55,0.0,0.0,0.0,6.4024,6.4024,0.6264,0.4865,0.1524,0.1308,0.868,0.0,"[[12.0, 50.0, 20.0], [13.0, 53.0, 7.0], [23.0, 62.0, 29.0], [26.0, 27.0, 49.0], [27.0, 52.0, 58.0], [20.0, 62.0, 59.0], [30.0, 61.0, 36.0], [15.0, 62.0, 14.0], [20.0, 37.0, 21.0], [29.0, 61.0, 6.0], [28.0, 23.0, 8.0], [0.0, 3.0, 46.0], [0.0, 3.0, 18.0], [0.0, 3.0, 36.0], [10.0, 55.0, 58.0], [0.0, 19.0, 40.0], [0.0, 23.0, 58.0], [0.0, 19.0, 12.0], [29.0, 31.0, 27.0], [3.0, 62.0, 58.0], [6.0, 62.0, 43.0], [21.0, 11.0, 4.0], [29.0, 11.0, 6.0], [13.0, 9.0, 4.0], [4.0, 19.0, 58.0], [10.0, 3.0, 58.0], [8.0, 3.0, 34.0], [4.0, 31.0, 58.0], [8.0, 3.0, 48.0], [6.0, 17.0, 48.0], [23.0, 3.0, 32.0], [14.0, 3.0, 50.0], [7.0, 25.0, 6.0], [23.0, 3.0, 40.0], [21.0, 9.0, 18.0], [17.0, 3.0, 26.0], [29.0, 3.0, 30.0], [6.0, 17.0, 24.0], [30.0, 44.0, 5.0], [14.0, 11.0, 58.0], [15.0, 62.0, 48.0], [9.0, 11.0, 34.0], [25.0, 11.0, 58.0], [15.0, 62.0, 60.0], [29.0, 30.0, 42.0], [29.0, 3.0, 52.0], [1.0, 62.0, 8.0], [22.0, 25.0, 41.0], [3.0, 50.0, 7.0], [6.0, 62.0, 4.0], [0.0, 62.0, 26.0], [20.0, 41.0, 57.0], [22.0, 48.0, 47.0], [20.0, 50.0, 57.0], [26.0, 62.0, 49.0]]","[0.8680270910263062, 0.8511568903923035, 0.8215429782867432, 0.8055921196937561, 0.7999971508979797, 0.7902981638908386, 0.7842139601707458, 0.7825561761856079, 0.7748739123344421, 0.7713915705680847, 0.7576218843460083, 0.7393599152565002, 0.7387276887893677, 0.737438976764679, 0.7365831136703491, 0.7339038252830505, 0.7242786288261414, 0.7242168188095093, 0.7187087535858154, 0.7156354188919067, 0.708906352519989, 0.7073553204536438, 0.7010079026222229, 0.6995351910591125, 0.6987718343734741, 0.6980060935020447, 0.6980039477348328, 0.6965859532356262, 0.6963722109794617, 0.6926626563072205, 0.6898345947265625, 0.6863443851470947, 0.685729444026947, 0.6852505207061768, 0.6848194599151611, 0.6828856468200684, 0.682727575302124, 0.6825536489486694, 0.6807188391685486, 0.6806260943412781, 0.6802035570144653, 0.6743919849395752, 0.6732261776924133, 0.6726992726325989, 0.6708126664161682, 0.6617531180381775, 0.647074282169342, 0.6370651125907898, 0.6306666135787964, 0.615695059299469, 0.614452600479126, 0.6088839173316956, 0.560524582862854, 0.5602596998214722, 0.5503904223442078]"
