variant,patch_id,split,sample_id,t,category,overall_mean,overall_std,overall_min,overall_max,overall_p10,overall_p50,overall_p90,frac_below_0_01,frac_near_zero,frac_near_sat,pos_mean,pos_median,pos_min,pos_max,unlabeled_mean,unlabeled_median,unlabeled_min,unlabeled_max
variant_F1,train_6bba_t15_p01_crowded,train,6bba_bb9f20c3,15,crowded,0.08000641316175461,0.12885157763957977,0.0014924349961802363,0.7833857536315918,0.005266095511615276,0.012180188670754433,0.29682841897010803,0.46112060546875,0.7048110961914062,0.0,0.4330552816390991,0.42393848299980164,0.14931322634220123,0.6675490140914917,0.07521981000900269,0.011454748921096325,0.0014924349961802363,0.7833857536315918
variant_F1,train_6bba_t35_p02_crowded,train,6bba_bb9f20c3,35,crowded,0.07932732999324799,0.1247415542602539,0.002092143287882209,0.7850094437599182,0.005597535986453295,0.011922860518097878,0.2871546745300293,0.4425811767578125,0.6941986083984375,0.0,0.42020443081855774,0.43871065974235535,0.15346190333366394,0.5537680387496948,0.07388878613710403,0.011488496325910091,0.002092143287882209,0.7850094437599182
variant_F1,train_6bba_t40_p03_crowded,train,6bba_bb9f20c3,40,crowded,0.07939320057630539,0.1281728893518448,0.0018106048228219151,0.7225884795188904,0.005347744096070528,0.012599226087331772,0.29199761152267456,0.43009185791015625,0.70245361328125,0.0,0.4462622404098511,0.4386807680130005,0.21988128125667572,0.6108232736587524,0.07212813198566437,0.011845314875245094,0.0018106048228219151,0.7225884795188904
variant_F1,train_6bba_t45_p04_crowded,train,6bba_bb9f20c3,45,crowded,0.07856258004903793,0.11975188553333282,0.0013098438503220677,0.6885436177253723,0.0055923196487128735,0.010860909707844257,0.2804393172264099,0.4765777587890625,0.68780517578125,0.0,0.3932383358478546,0.38611775636672974,0.20075391232967377,0.5621621012687683,0.07088083028793335,0.010145389474928379,0.0013098438503220677,0.6885436177253723
variant_F1,train_6bba_t55_p05_crowded,train,6bba_bb9f20c3,55,crowded,0.07808384299278259,0.12153001874685287,0.001034997054375708,0.7577539682388306,0.004911406897008419,0.010657604783773422,0.28650155663490295,0.4830780029296875,0.7010345458984375,0.0,0.4400351941585541,0.45049235224723816,0.2351003736257553,0.717758297920227,0.07168224453926086,0.010074395686388016,0.001034997054375708,0.7577539682388306
variant_F1,train_6bba_t55_p06_crowded,train,6bba_bb9f20c3,55,crowded,0.07881993055343628,0.12189469486474991,0.0014228156069293618,0.6831004023551941,0.00521466787904501,0.01172568742185831,0.28801608085632324,0.452880859375,0.6933517456054688,0.0,0.43229940533638,0.4152272343635559,0.13091424107551575,0.6831004023551941,0.07101614773273468,0.01078096404671669,0.0014228156069293618,0.6580753922462463
variant_F1,train_6bba_t15_p07_crowded,train,6bba_bb9f20c3,15,crowded,0.07739000022411346,0.11454945802688599,0.0015680455835536122,0.6550820469856262,0.005021137651056051,0.012156326323747635,0.2737598419189453,0.45757293701171875,0.6812667846679688,0.0,0.37305551767349243,0.37532877922058105,0.15457208454608917,0.6531339883804321,0.07132925093173981,0.0110776387155056,0.0015680455835536122,0.6550820469856262
variant_F1,train_6bba_t25_p08_crowded,train,6bba_bb9f20c3,25,crowded,0.0792013555765152,0.12404610216617584,0.0019570402801036835,0.7512835264205933,0.005137105006724596,0.012556479312479496,0.291662335395813,0.43769073486328125,0.696533203125,0.0,0.4503609538078308,0.4442645013332367,0.18218082189559937,0.7512835264205933,0.0711417943239212,0.011593285016715527,0.0019570402801036835,0.6741111874580383
variant_F1,train_6bba_t10_p09_crowded,train,6bba_bb9f20c3,10,crowded,0.08062794804573059,0.1332891285419464,0.0013204015558585525,0.7630908489227295,0.005494569428265095,0.01162819191813469,0.3113795518875122,0.46343231201171875,0.7215042114257812,0.0,0.4493085741996765,0.4688909649848938,0.19235987961292267,0.5515578389167786,0.07357174903154373,0.011076878756284714,0.0013204015558585525,0.7630908489227295
variant_F1,train_6bba_t40_p10_crowded,train,6bba_bb9f20c3,40,crowded,0.0790577083826065,0.12124059349298477,0.0016353483079001307,0.6745210289955139,0.005474309902638197,0.011450376361608505,0.2841663956642151,0.472503662109375,0.691680908203125,0.0,0.39657431840896606,0.3957962095737457,0.13695862889289856,0.5827398300170898,0.07511018216609955,0.010792984627187252,0.0016353483079001307,0.6745210289955139
variant_F1,train_6bba_t35_p11_crowded,train,6bba_bb9f20c3,35,crowded,0.07953095436096191,0.12511953711509705,0.0022661390248686075,0.8173943758010864,0.0053862761706113815,0.012274191714823246,0.294832319021225,0.44644927978515625,0.6978912353515625,0.0,0.45261093974113464,0.4489150643348694,0.2012423872947693,0.6949271559715271,0.07329992949962616,0.011397081427276134,0.0022661390248686075,0.8173943758010864
variant_F1,train_6bba_t45_p12_crowded,train,6bba_bb9f20c3,45,crowded,0.07987833023071289,0.1257127970457077,0.0020414898172020912,0.7496089935302734,0.005654360167682171,0.011703791096806526,0.29652664065361023,0.45197296142578125,0.6984100341796875,0.0,0.4551733434200287,0.44850218296051025,0.2155851125717163,0.7112168669700623,0.07247786968946457,0.010815540328621864,0.0020414898172020912,0.7496089935302734
variant_F1,train_6bba_t20_p13_crowded,train,6bba_bb9f20c3,20,crowded,0.07844161987304688,0.1222195252776146,0.0010665017180144787,0.7805174589157104,0.005120282992720604,0.011060750111937523,0.2871331572532654,0.48036956787109375,0.697021484375,0.0,0.3856681287288666,0.3887619376182556,0.13239285349845886,0.5661042332649231,0.07292991876602173,0.010160192847251892,0.0010665017180144787,0.7805174589157104
variant_F1,train_6bba_t20_p14_crowded,train,6bba_bb9f20c3,20,crowded,0.07861216366291046,0.12206326425075531,0.001167090842500329,0.784404456615448,0.005004546605050564,0.012142647057771683,0.2885233461856842,0.45528411865234375,0.6948013305664062,0.0,0.4467950463294983,0.4324723780155182,0.1868295669555664,0.784404456615448,0.07313721626996994,0.011301825754344463,0.001167090842500329,0.6360153555870056
variant_F1,train_6bba_t15_p15_crowded,train,6bba_bb9f20c3,15,crowded,0.08112761378288269,0.13447824120521545,0.0017284423811361194,0.7631118893623352,0.005635560490190983,0.01224108412861824,0.30864426493644714,0.4572906494140625,0.7156143188476562,0.0,0.45135068893432617,0.44824856519699097,0.2618590295314789,0.6817381978034973,0.07593091577291489,0.011611697264015675,0.0017284423811361194,0.7631118893623352
variant_F1,train_6bba_t30_p16_crowded,train,6bba_bb9f20c3,30,crowded,0.08094148337841034,0.13125163316726685,0.0012631929712370038,0.7626424431800842,0.005700952373445034,0.011039849370718002,0.3081318438053131,0.47757720947265625,0.7108840942382812,0.0,0.4525876045227051,0.4568418264389038,0.20195063948631287,0.6385229229927063,0.07546958327293396,0.010428313165903091,0.0012631929712370038,0.7626424431800842
variant_F1,train_6bba_t50_p17_crowded,train,6bba_bb9f20c3,50,crowded,0.07868969440460205,0.12088417261838913,0.0013318178243935108,0.6630829572677612,0.005234237294644117,0.01180184818804264,0.2852228283882141,0.446868896484375,0.6938323974609375,0.0,0.4420200288295746,0.4388822019100189,0.1415087729692459,0.6512288451194763,0.07011556625366211,0.010999125428497791,0.0013318178243935108,0.6630829572677612
variant_F1,train_6bba_t55_p18_crowded,train,6bba_bb9f20c3,55,crowded,0.07974344491958618,0.1269066035747528,0.0017558250110596418,0.8024235367774963,0.005371516104787588,0.01046934723854065,0.2943400740623474,0.4885406494140625,0.7037277221679688,0.0,0.44603145122528076,0.44824928045272827,0.24953517317771912,0.642773449420929,0.07376246899366379,0.009917866438627243,0.0017558250110596418,0.769408643245697
variant_F1,train_6bba_t45_p19_crowded,train,6bba_bb9f20c3,45,crowded,0.0794781893491745,0.12609001994132996,0.001351541723124683,0.6810849905014038,0.005327110178768635,0.011489341035485268,0.293580561876297,0.46335601806640625,0.7092742919921875,0.0,0.43260785937309265,0.43186700344085693,0.2824295461177826,0.6653695702552795,0.07192011922597885,0.010801443830132484,0.001351541723124683,0.6810849905014038
variant_F1,train_6bba_t15_p20_crowded,train,6bba_bb9f20c3,15,crowded,0.07876220345497131,0.12126731872558594,0.0018062811577692628,0.7056668400764465,0.005267704837024212,0.011530553922057152,0.28572380542755127,0.46218109130859375,0.6915969848632812,0.0,0.2971051335334778,0.34463876485824585,0.010851677507162094,0.6019371151924133,0.07567655295133591,0.011072392575442791,0.0018062811577692628,0.7056668400764465
variant_F1,train_6bba_t30_p21_crowded,train,6bba_bb9f20c3,30,crowded,0.07957395911216736,0.1257069855928421,0.0015329899033531547,0.7385484576225281,0.005294028203934431,0.012425042688846588,0.29827043414115906,0.4424591064453125,0.701263427734375,0.0,0.43940651416778564,0.43524911999702454,0.12198897451162338,0.7385484576225281,0.07174310833215714,0.011365799233317375,0.0015329899033531547,0.6422188878059387
variant_F1,train_6bba_t50_p22_crowded,train,6bba_bb9f20c3,50,crowded,0.078898586332798,0.1245502158999443,0.0014441655948758125,0.7512343525886536,0.005372660234570503,0.012138856574892998,0.2875326871871948,0.444915771484375,0.6951675415039062,0.0,0.4539838135242462,0.45365244150161743,0.26011160016059875,0.7212617993354797,0.07242794334888458,0.011446984484791756,0.0014441655948758125,0.7512343525886536
variant_F1,train_6bba_t10_p23_crowded,train,6bba_bb9f20c3,10,crowded,0.07817663252353668,0.12178532034158707,0.0018731501186266541,0.7746564149856567,0.00495186960324645,0.0131456907838583,0.2824947237968445,0.4376220703125,0.689544677734375,0.0,0.4060520827770233,0.40392953157424927,0.0728907659649849,0.6627289056777954,0.07210397720336914,0.011890904046595097,0.0018731501186266541,0.7746564149856567
variant_F1,train_6bba_t10_p24_crowded,train,6bba_bb9f20c3,10,crowded,0.07936455309391022,0.12383394688367844,0.0022561089135706425,0.6912392377853394,0.005304060410708189,0.011761642061173916,0.2891097068786621,0.4587860107421875,0.6936569213867188,0.0,0.44452011585235596,0.446857213973999,0.2550724744796753,0.635155975818634,0.07601620256900787,0.011257883161306381,0.0022561089135706425,0.6912392377853394
variant_F1,train_6bba_t10_p25_isolated,train,6bba_bb9f20c3,10,isolated,0.07964833825826645,0.1263432651758194,0.0017321942141279578,0.7943092584609985,0.005266450345516205,0.012094558216631413,0.29631829261779785,0.4630584716796875,0.7016830444335938,0.0,0.3956170976161957,0.39735525846481323,0.28544023633003235,0.5127572417259216,0.07636436074972153,0.011624334380030632,0.0017321942141279578,0.7943092584609985
variant_F1,train_6bba_t20_p26_isolated,train,6bba_bb9f20c3,20,isolated,0.07902118563652039,0.12354463338851929,0.0018643740331754088,0.7563962340354919,0.005388577468693256,0.012203441932797432,0.28726667165756226,0.450897216796875,0.692138671875,0.0,0.37315699458122253,0.39998871088027954,0.06494065374135971,0.5306300520896912,0.07689639925956726,0.011709105223417282,0.0018643740331754088,0.7563962340354919
variant_F1,train_6bba_t35_p27_isolated,train,6bba_bb9f20c3,35,isolated,0.0788932666182518,0.1212284043431282,0.0017003231914713979,0.7195102572441101,0.005229736212641001,0.01144348457455635,0.2875153422355652,0.4525604248046875,0.6933517456054688,0.0,0.4287947416305542,0.4053348898887634,0.24720317125320435,0.7195102572441101,0.07527328282594681,0.011182339861989021,0.0017003231914713979,0.6823171973228455
variant_F1,train_6bba_t40_p28_isolated,train,6bba_bb9f20c3,40,isolated,0.07766808569431305,0.1165064349770546,0.002020169049501419,0.701699435710907,0.005051327869296074,0.012531253509223461,0.2779608964920044,0.453582763671875,0.68060302734375,0.0,0.41981688141822815,0.42742714285850525,0.22498749196529388,0.5686076879501343,0.07530961185693741,0.012037085369229317,0.002020169049501419,0.701699435710907
variant_F1,train_6bba_t25_p29_isolated,train,6bba_bb9f20c3,25,isolated,0.07837305217981339,0.12024751305580139,0.001539191696792841,0.711371898651123,0.005260296631604433,0.011889373883605003,0.2833566963672638,0.45845794677734375,0.6869354248046875,0.0,0.3958028554916382,0.3881097137928009,0.22176334261894226,0.6016870737075806,0.07593981921672821,0.011458132416009903,0.001539191696792841,0.711371898651123
variant_F1,train_6bba_t25_p30_isolated,train,6bba_bb9f20c3,25,isolated,0.07898011803627014,0.12565000355243683,0.0017562947468832135,0.7941914796829224,0.005537154618650675,0.012603419832885265,0.29027557373046875,0.43862152099609375,0.7045364379882812,0.0,0.37930354475975037,0.39260369539260864,0.11732791364192963,0.5412619709968567,0.07525546103715897,0.012156695127487183,0.0017562947468832135,0.7941914796829224
variant_F1,train_6bba_t45_p31_isolated,train,6bba_bb9f20c3,45,isolated,0.08034481108188629,0.12965063750743866,0.0019043321954086423,0.8177902102470398,0.0055977655574679375,0.01249493844807148,0.2997865676879883,0.45013427734375,0.7082748413085938,0.0,0.44201382994651794,0.4443742036819458,0.2768506109714508,0.6037229895591736,0.07516327500343323,0.01205027662217617,0.0019043321954086423,0.8177902102470398
variant_F1,train_6bba_t30_p32_isolated,train,6bba_bb9f20c3,30,isolated,0.07825557887554169,0.12422945350408554,0.001886916346848011,0.7367578744888306,0.005019838456064463,0.013610509224236012,0.2846594452857971,0.42791748046875,0.6945724487304688,0.0,0.46921223402023315,0.4528900980949402,0.32038864493370056,0.6923184394836426,0.07542287558317184,0.013148201629519463,0.001886916346848011,0.7367578744888306
variant_F1,train_6bba_t55_p33_isolated,train,6bba_bb9f20c3,55,isolated,0.08050578832626343,0.13155248761177063,0.001440852414816618,0.767780601978302,0.005531883332878351,0.011856239289045334,0.3078429698944092,0.46303558349609375,0.7157821655273438,0.0,0.3924582004547119,0.40342018008232117,0.2667500674724579,0.4878578782081604,0.07493600994348526,0.011280976235866547,0.001440852414816618,0.767780601978302
variant_F1,train_6bba_t25_p34_isolated,train,6bba_bb9f20c3,25,isolated,0.07970379292964935,0.13025440275669098,0.00179435801692307,0.7824642658233643,0.005391043145209551,0.012713643722236156,0.2951927185058594,0.43369293212890625,0.706085205078125,0.0,0.42087283730506897,0.4102061092853546,0.28672853112220764,0.6004800796508789,0.07566486299037933,0.012217419221997261,0.00179435801692307,0.7824642658233643
variant_F1,train_6bba_t25_p35_isolated,train,6bba_bb9f20c3,25,isolated,0.07997577637434006,0.12810717523097992,0.0018699157517403364,0.7583132982254028,0.0050222123973071575,0.010762394405901432,0.30064278841018677,0.48096466064453125,0.7110214233398438,0.0,0.4614845812320709,0.4237521290779114,0.30443790555000305,0.6443611979484558,0.07607945799827576,0.010444342158734798,0.0018699157517403364,0.7583132982254028
variant_F1,train_6bba_t15_p36_isolated,train,6bba_bb9f20c3,15,isolated,0.07993397861719131,0.12781941890716553,0.001219067256897688,0.7503739595413208,0.005246724002063274,0.012274937704205513,0.3006002902984619,0.45526885986328125,0.7074813842773438,0.0,0.3887699842453003,0.38579699397087097,0.1583523154258728,0.6289650201797485,0.07643307745456696,0.011827598325908184,0.001219067256897688,0.7503739595413208
variant_F1,train_6bba_t50_p37_isolated,train,6bba_bb9f20c3,50,isolated,0.08076174557209015,0.12742815911769867,0.002341311890631914,0.6678977608680725,0.0057762665674090385,0.01030195876955986,0.2992362082004547,0.492584228515625,0.706268310546875,0.0,0.5112601518630981,0.5081939101219177,0.35249727964401245,0.6301249265670776,0.07654570788145065,0.009965243749320507,0.002341311890631914,0.6678977608680725
variant_F1,train_6bba_t50_p38_isolated,train,6bba_bb9f20c3,50,isolated,0.07920169830322266,0.1219831258058548,0.001738393446430564,0.7123414874076843,0.005270680412650108,0.011729810386896133,0.2904127240180969,0.47034454345703125,0.6930389404296875,0.0,0.4193304479122162,0.3994750380516052,0.2546224892139435,0.6914878487586975,0.07686646282672882,0.01126239262521267,0.001738393446430564,0.7123414874076843
variant_F1,train_6bba_t30_p39_isolated,train,6bba_bb9f20c3,30,isolated,0.07899168133735657,0.12143866717815399,0.0021660742349922657,0.7132347822189331,0.005395587533712387,0.011430973187088966,0.28748857975006104,0.4635162353515625,0.6910934448242188,0.0,0.45929640531539917,0.4395041763782501,0.2878759503364563,0.7132347822189331,0.07545097917318344,0.011017020791769028,0.0021660742349922657,0.6485242247581482
variant_F1,train_6bba_t20_p40_boundary,train,6bba_bb9f20c3,20,boundary,0.07895860821008682,0.1241779774427414,0.0011140820570290089,0.7698620557785034,0.005319439340382814,0.012229498475790024,0.29073911905288696,0.449188232421875,0.6950836181640625,0.0,0.46020564436912537,0.4321863055229187,0.28746840357780457,0.7304607033729553,0.07558997720479965,0.01186097040772438,0.0011140820570290089,0.7698620557785034
variant_F1,train_6bba_t55_p41_boundary,train,6bba_bb9f20c3,55,boundary,0.07862862944602966,0.12262456864118576,0.0015763674164190888,0.716509997844696,0.005578971933573484,0.011285602115094662,0.28624555468559265,0.4741973876953125,0.6978302001953125,0.0,0.46369504928588867,0.47257164120674133,0.3321983516216278,0.5183913111686707,0.07371833175420761,0.010890759527683258,0.0015763674164190888,0.716509997844696
variant_F1,train_6bba_t15_p42_boundary,train,6bba_bb9f20c3,15,boundary,0.07940801978111267,0.1265021711587906,0.0009430961217731237,0.8061147928237915,0.0054288324899971485,0.012351581826806068,0.296253502368927,0.44969940185546875,0.698394775390625,0.0,0.4666585326194763,0.42834386229515076,0.2568645477294922,0.8061147928237915,0.07704773545265198,0.012053119949996471,0.0009430961217731237,0.7199289798736572
variant_F1,train_6bba_t55_p43_boundary,train,6bba_bb9f20c3,55,boundary,0.07900723814964294,0.12260006368160248,0.0011124149896204472,0.6523637771606445,0.005149927921593189,0.01183265820145607,0.2914779782295227,0.46953582763671875,0.6996383666992188,0.0,0.4343045651912689,0.4138076603412628,0.24958281219005585,0.6469820141792297,0.07655409723520279,0.011217174120247364,0.0011124149896204472,0.6523637771606445
variant_F1,train_44b6_t40_p01_crowded,train,44b6_d29c9ab2,40,crowded,0.07697603851556778,0.11574247479438782,0.001239765784703195,0.6752792596817017,0.005166596733033657,0.012800246477127075,0.27102330327033997,0.44918060302734375,0.680511474609375,0.0,0.40482935309410095,0.4041363596916199,0.2549682557582855,0.6063504219055176,0.0731450542807579,0.011898298747837543,0.001239765784703195,0.6752792596817017
variant_F1,train_44b6_t45_p02_crowded,train,44b6_d29c9ab2,45,crowded,0.07825838029384613,0.1221214011311531,0.0017206454649567604,0.75674968957901,0.00533657893538475,0.012163132429122925,0.2781262695789337,0.45670318603515625,0.6876068115234375,0.0,0.4181373417377472,0.4062240421772003,0.2020561844110489,0.681318461894989,0.07493851333856583,0.011562688276171684,0.0017206454649567604,0.75674968957901
variant_F1,train_44b6_t55_p03_crowded,train,44b6_d29c9ab2,55,crowded,0.07700520008802414,0.11583632230758667,0.0014166381442919374,0.7010831832885742,0.004951616283506155,0.012864494696259499,0.27079370617866516,0.44411468505859375,0.6799697875976562,0.0,0.3965705335140228,0.40064236521720886,0.1887720227241516,0.5385159254074097,0.06983217597007751,0.011456439271569252,0.0014166381442919374,0.7010831832885742
variant_F1,train_44b6_t40_p04_crowded,train,44b6_d29c9ab2,40,crowded,0.0798148363828659,0.12728603184223175,0.0019590072333812714,0.8531335592269897,0.005389464553445578,0.01121496967971325,0.29192012548446655,0.47528076171875,0.70123291015625,0.0,0.43996313214302063,0.4226120710372925,0.23519615828990936,0.8531335592269897,0.0743672251701355,0.010244902223348618,0.0019590072333812714,0.7391966581344604
variant_F1,train_44b6_t15_p05_crowded,train,44b6_d29c9ab2,15,crowded,0.07775900512933731,0.1189737617969513,0.0018702022498473525,0.725951611995697,0.005392519291490316,0.012221762910485268,0.2728150188922882,0.459259033203125,0.6821670532226562,0.0,0.4377124011516571,0.4396991431713104,0.19751746952533722,0.6823042035102844,0.07160847634077072,0.01117607019841671,0.0018702022498473525,0.725951611995697
variant_F1,train_44b6_t20_p06_crowded,train,44b6_d29c9ab2,20,crowded,0.07743750512599945,0.11636513471603394,0.001453250297345221,0.6898316144943237,0.0052700527012348175,0.011473555117845535,0.26463425159454346,0.46938323974609375,0.6768798828125,0.0,0.4543817639350891,0.45264750719070435,0.226495623588562,0.6784496307373047,0.07390709966421127,0.010882535949349403,0.001453250297345221,0.6898316144943237
variant_F1,train_44b6_t40_p07_crowded,train,44b6_d29c9ab2,40,crowded,0.07965558767318726,0.12617310881614685,0.0018476942786946893,0.7778531312942505,0.005362758878618479,0.011563426814973354,0.2933011054992676,0.46408843994140625,0.69793701171875,0.0,0.3942771553993225,0.38759469985961914,0.2146192044019699,0.6680927276611328,0.07673350721597672,0.010891103185713291,0.0018476942786946893,0.7778531312942505
variant_F1,train_44b6_t50_p08_crowded,train,44b6_d29c9ab2,50,crowded,0.07733769714832306,0.11641348153352737,0.0011786293471232057,0.6859210729598999,0.005297006107866764,0.012305033393204212,0.27379804849624634,0.45075225830078125,0.6837692260742188,0.0,0.4001620411872864,0.4034143388271332,0.16170549392700195,0.641393780708313,0.07175978273153305,0.011318674311041832,0.0011786293471232057,0.6859210729598999
variant_F1,train_44b6_t10_p09_crowded,train,44b6_d29c9ab2,10,crowded,0.0780821219086647,0.12125057727098465,0.0020380595233291388,0.706099271774292,0.00529376370832324,0.01265161857008934,0.2765001654624939,0.45220184326171875,0.6866531372070312,0.0,0.41482532024383545,0.4172849655151367,0.2182391881942749,0.6900157928466797,0.07495640218257904,0.011928929947316647,0.0020380595233291388,0.706099271774292
variant_F1,train_44b6_t30_p10_crowded,train,44b6_d29c9ab2,30,crowded,0.0777798593044281,0.1183515191078186,0.0013835415011271834,0.6750580668449402,0.005372609011828899,0.01209532842040062,0.2753533124923706,0.45531463623046875,0.6880111694335938,0.0,0.38312986493110657,0.3722090423107147,0.12885084748268127,0.6286630630493164,0.07307702302932739,0.011081845499575138,0.0013835415011271834,0.6750580668449402
variant_F1,train_44b6_t35_p11_crowded,train,44b6_d29c9ab2,35,crowded,0.07837080210447311,0.12191492319107056,0.0014987140893936157,0.7892099618911743,0.005425206385552883,0.012288922443985939,0.2791956067085266,0.45394134521484375,0.6918182373046875,0.0,0.4269369840621948,0.41223448514938354,0.20348991453647614,0.7892099618911743,0.07133165001869202,0.010946218855679035,0.0014987140893936157,0.7104295492172241
variant_F1,train_44b6_t45_p12_crowded,train,44b6_d29c9ab2,45,crowded,0.07895489037036896,0.12209928780794144,0.001679617096669972,0.8115554451942444,0.005248016677796841,0.011423173360526562,0.2883337736129761,0.46733856201171875,0.6904144287109375,0.0,0.4262154996395111,0.42239910364151,0.2259121984243393,0.7190660834312439,0.0752326175570488,0.010734880343079567,0.001679617096669972,0.8115554451942444
variant_F1,train_44b6_t25_p13_crowded,train,44b6_d29c9ab2,25,crowded,0.07849355041980743,0.12126484513282776,0.0016305643366649747,0.7159967422485352,0.00535988574847579,0.01163509115576744,0.2795794606208801,0.46634674072265625,0.6878204345703125,0.0,0.4711371064186096,0.46736377477645874,0.21817588806152344,0.7159967422485352,0.07381843775510788,0.010907324030995369,0.0016305643366649747,0.7038255929946899
variant_F1,train_44b6_t10_p14_crowded,train,44b6_d29c9ab2,10,crowded,0.07782118022441864,0.11823287606239319,0.0016918288310989738,0.709745466709137,0.005399301648139954,0.011759727261960506,0.2687859833240509,0.4662017822265625,0.6799545288085938,0.0,0.43374931812286377,0.4232829213142395,0.2090747207403183,0.6656582355499268,0.07421043515205383,0.011015595868229866,0.0016918288310989738,0.709745466709137
variant_F1,train_44b6_t25_p15_crowded,train,44b6_d29c9ab2,25,crowded,0.0786687433719635,0.12326604127883911,0.001301110489293933,0.7637953162193298,0.005528573412448168,0.01190340705215931,0.28207042813301086,0.45847320556640625,0.6920242309570312,0.0,0.42495477199554443,0.4159846305847168,0.21051980555057526,0.721650242805481,0.07138831913471222,0.01077716238796711,0.001301110489293933,0.7637953162193298
variant_F1,train_44b6_t30_p16_crowded,train,44b6_d29c9ab2,30,crowded,0.07743868976831436,0.11755676567554474,0.0011277419980615377,0.7153158783912659,0.005321890581399202,0.012274757958948612,0.27180495858192444,0.45672607421875,0.6830520629882812,0.0,0.38603129982948303,0.38002490997314453,0.06256832182407379,0.7053443193435669,0.07442108541727066,0.011598816141486168,0.0011277419980615377,0.7153158783912659
variant_F1,train_44b6_t15_p17_crowded,train,44b6_d29c9ab2,15,crowded,0.07820436358451843,0.11997880786657333,0.0015991865657269955,0.6981409192085266,0.005393302999436855,0.011527171358466148,0.2743755877017975,0.4698333740234375,0.6816635131835938,0.0,0.4405038058757782,0.43103277683258057,0.1527990996837616,0.6847493052482605,0.0742601677775383,0.010810873471200466,0.0015991865657269955,0.6981409192085266
variant_F1,train_44b6_t55_p18_crowded,train,44b6_d29c9ab2,55,crowded,0.07689236104488373,0.11501259356737137,0.0015449669444933534,0.7513294219970703,0.005130014382302761,0.01281580701470375,0.2644535005092621,0.45468902587890625,0.6744842529296875,0.0,0.4310372769832611,0.4273022711277008,0.19325198233127594,0.6695014238357544,0.0735706314444542,0.011935807764530182,0.0015449669444933534,0.7513294219970703
variant_F1,train_44b6_t35_p19_crowded,train,44b6_d29c9ab2,35,crowded,0.07984239608049393,0.1252540498971939,0.0021992914844304323,0.783018946647644,0.005475063342601061,0.011167468503117561,0.29137662053108215,0.47431182861328125,0.6978073120117188,0.0,0.4400918483734131,0.42794322967529297,0.23128752410411835,0.783018946647644,0.07565796375274658,0.010492613539099693,0.0021992914844304323,0.7315014600753784
variant_F1,train_44b6_t35_p20_crowded,train,44b6_d29c9ab2,35,crowded,0.07832413911819458,0.12217135727405548,0.001877108123153448,0.7349362373352051,0.00539604714140296,0.012256236746907234,0.2791738212108612,0.45897674560546875,0.6880264282226562,0.0,0.4535881280899048,0.4442642331123352,0.25517547130584717,0.7115575671195984,0.07313404232263565,0.011394491419196129,0.001877108123153448,0.7349362373352051
variant_F1,train_44b6_t20_p21_crowded,train,44b6_d29c9ab2,20,crowded,0.078937828540802,0.12376021593809128,0.0016378852305933833,0.7508366703987122,0.005481652915477753,0.012033926323056221,0.2861320972442627,0.45722198486328125,0.6926651000976562,0.0,0.44016292691230774,0.4328915476799011,0.21561236679553986,0.6725544333457947,0.0744112953543663,0.011253610253334045,0.0016378852305933833,0.7508366703987122
variant_F1,train_44b6_t30_p22_crowded,train,44b6_d29c9ab2,30,crowded,0.07843399047851562,0.12219905108213425,0.00215349392965436,0.7608449459075928,0.0053769792430102825,0.012386681511998177,0.2796568274497986,0.4547882080078125,0.6886978149414062,0.0,0.43223991990089417,0.41909027099609375,0.2759213149547577,0.6595006585121155,0.0736326202750206,0.011521544307470322,0.00215349392965436,0.7608449459075928
variant_F1,train_44b6_t50_p23_crowded,train,44b6_d29c9ab2,50,crowded,0.07767173647880554,0.11924833804368973,0.0017894061747938395,0.7104707956314087,0.0052489954978227615,0.012550045736134052,0.2747856378555298,0.450164794921875,0.68402099609375,0.0,0.4146632254123688,0.40198636054992676,0.2249746173620224,0.6402782201766968,0.07367510348558426,0.011690860614180565,0.0017894061747938395,0.7104707956314087
variant_F1,train_44b6_t40_p24_crowded,train,44b6_d29c9ab2,40,crowded,0.0805034413933754,0.12753012776374817,0.0019378378055989742,0.7862188220024109,0.00566903268918395,0.010684081353247166,0.30011534690856934,0.4825897216796875,0.7028045654296875,0.0,0.4193252623081207,0.41865646839141846,0.09546179324388504,0.7001413702964783,0.07694560289382935,0.010217342525720596,0.0019378378055989742,0.7862188220024109
variant_F1,train_44b6_t55_p25_isolated,train,44b6_d29c9ab2,55,isolated,0.08045828342437744,0.1276247352361679,0.0019933690782636404,0.7525742650032043,0.005502481013536453,0.010301996022462845,0.3007206916809082,0.49207305908203125,0.7058258056640625,0.0,0.46261221170425415,0.4587280750274658,0.25380098819732666,0.6860556602478027,0.07914551347494125,0.010057803243398666,0.0019933690782636404,0.7525742650032043
variant_F1,train_44b6_t50_p26_isolated,train,44b6_d29c9ab2,50,isolated,0.07482650876045227,0.1105455681681633,0.0012082378380000591,0.7331959009170532,0.004713196773082018,0.015370748937129974,0.25481492280960083,0.42304229736328125,0.670013427734375,0.0,0.44015440344810486,0.4160807728767395,0.24821706116199493,0.7063249349594116,0.07221866399049759,0.014688471332192421,0.0012082378380000591,0.7331959009170532
variant_F1,train_44b6_t15_p27_isolated,train,44b6_d29c9ab2,15,isolated,0.07930035889148712,0.1256101429462433,0.001627366989850998,0.8446139097213745,0.005498801823705435,0.011991268023848534,0.2872145473957062,0.4653778076171875,0.696624755859375,0.0,0.434922993183136,0.40972718596458435,0.09754912555217743,0.8446139097213745,0.07680391520261765,0.011388680897653103,0.001627366989850998,0.7634623050689697
variant_F1,train_44b6_t30_p28_isolated,train,44b6_d29c9ab2,30,isolated,0.0773928314447403,0.11835058778524399,0.001718261162750423,0.8391560912132263,0.005212733987718821,0.01227940060198307,0.2732698619365692,0.451568603515625,0.6833953857421875,0.0,0.43281498551368713,0.3879803419113159,0.2620781660079956,0.8391560912132263,0.0744657889008522,0.011721532791852951,0.001718261162750423,0.762912392616272
variant_F1,train_44b6_t30_p29_isolated,train,44b6_d29c9ab2,30,isolated,0.07714343816041946,0.11639204621315002,0.001520116813480854,0.7221895456314087,0.005150211974978447,0.012511678971350193,0.27162301540374756,0.4527130126953125,0.6796722412109375,0.0,0.4035133123397827,0.40262383222579956,0.0974331796169281,0.7221895456314087,0.07405642420053482,0.011944321915507317,0.001520116813480854,0.718258261680603
variant_F1,train_44b6_t20_p30_isolated,train,44b6_d29c9ab2,20,isolated,0.07757361233234406,0.12088368088006973,0.0017738549504429102,0.7826470136642456,0.005155459046363831,0.012835383415222168,0.2726549506187439,0.437835693359375,0.683563232421875,0.0,0.4342462718486786,0.3865070343017578,0.2607573866844177,0.7826470136642456,0.07525300234556198,0.012425949797034264,0.0017738549504429102,0.7649844884872437
variant_F1,train_44b6_t20_p31_isolated,train,44b6_d29c9ab2,20,isolated,0.07743655145168304,0.11896250396966934,0.001739076105877757,0.7738637328147888,0.005209106951951981,0.012395871803164482,0.27282485365867615,0.4499053955078125,0.6811981201171875,0.0,0.435754656791687,0.4110962450504303,0.2523834705352783,0.6742085814476013,0.07459139823913574,0.011977377347648144,0.001739076105877757,0.7738637328147888
variant_F1,train_44b6_t10_p32_isolated,train,44b6_d29c9ab2,10,isolated,0.07519052177667618,0.11047787219285965,0.0010612093610689044,0.7794656753540039,0.004796834196895361,0.014646684750914574,0.25390174984931946,0.4296112060546875,0.6658477783203125,0.0,0.42246949672698975,0.41061586141586304,0.2294517159461975,0.7101964354515076,0.07275309413671494,0.014003980904817581,0.0010612093610689044,0.7794656753540039
variant_F1,train_44b6_t45_p33_isolated,train,44b6_d29c9ab2,45,isolated,0.07492705434560776,0.1128106415271759,0.0009398167603649199,0.7701020836830139,0.004546893294900656,0.015833992511034012,0.25803467631340027,0.4100341796875,0.6739349365234375,0.0,0.4235819876194,0.4112947881221771,0.21367916464805603,0.6726428270339966,0.07248900085687637,0.015365701168775558,0.0009398167603649199,0.7701020836830139
variant_F1,train_44b6_t25_p34_isolated,train,44b6_d29c9ab2,25,isolated,0.0770496279001236,0.11738055944442749,0.001747315051034093,0.8206075429916382,0.005120925139635801,0.012635837309062481,0.2688022255897522,0.444610595703125,0.6794967651367188,0.0,0.4540007710456848,0.42087194323539734,0.26496243476867676,0.8206075429916382,0.07470127195119858,0.01219042856246233,0.001747315051034093,0.7813145518302917
variant_F1,train_44b6_t10_p35_isolated,train,44b6_d29c9ab2,10,isolated,0.07708094269037247,0.11645065993070602,0.0015879491111263633,0.7185286283493042,0.005268735345453024,0.012549906969070435,0.2656729221343994,0.4556427001953125,0.6744232177734375,0.0,0.3802894353866577,0.37997308373451233,0.20981746912002563,0.5110970735549927,0.07562518864870071,0.012057510204613209,0.0015879491111263633,0.7185286283493042
variant_F1,train_44b6_t25_p36_isolated,train,44b6_d29c9ab2,25,isolated,0.07859465479850769,0.12217076122760773,0.002130824374035001,0.7717103362083435,0.005488022230565548,0.011709729209542274,0.28138887882232666,0.4629974365234375,0.689727783203125,0.0,0.4149036705493927,0.40385881066322327,0.24285946786403656,0.6435363292694092,0.07654863595962524,0.011319589801132679,0.002130824374035001,0.7717103362083435
variant_F1,train_44b6_t25_p37_isolated,train,44b6_d29c9ab2,25,isolated,0.07805785536766052,0.12122941017150879,0.0016196928918361664,0.7415063381195068,0.005302276462316513,0.01239545363932848,0.2793138027191162,0.44840240478515625,0.6902008056640625,0.0,0.4372294843196869,0.4383147656917572,0.25198033452033997,0.675881564617157,0.07528016716241837,0.011980004608631134,0.0016196928918361664,0.7415063381195068
variant_F1,train_44b6_t55_p38_isolated,train,44b6_d29c9ab2,55,isolated,0.07709484547376633,0.11568783223628998,0.0011931947665289044,0.7064412236213684,0.005269513465464115,0.012307613156735897,0.2689889967441559,0.459014892578125,0.6784210205078125,0.0,0.4769412577152252,0.4735080897808075,0.2571266293525696,0.6987302303314209,0.07474564015865326,0.011830081231892109,0.0011931947665289044,0.7064412236213684
variant_F1,train_44b6_t15_p39_isolated,train,44b6_d29c9ab2,15,isolated,0.07687083631753922,0.11460898071527481,0.0012514371192082763,0.6846867203712463,0.005088248290121555,0.012584814801812172,0.26646700501441956,0.454498291015625,0.674072265625,0.0,0.37363290786743164,0.3746799826622009,0.22732862830162048,0.5061254501342773,0.07575908303260803,0.012166833505034447,0.0012514371192082763,0.6846867203712463
variant_F1,train_44b6_t40_p40_isolated,train,44b6_d29c9ab2,40,isolated,0.07427753508090973,0.11254456639289856,0.0007837302982807159,0.8141553997993469,0.004432966932654381,0.0168685894459486,0.25597479939460754,0.396484375,0.6736602783203125,0.0,0.41822466254234314,0.39193785190582275,0.2544114887714386,0.6907218098640442,0.07171832025051117,0.016292234882712364,0.0007837302982807159,0.8141553997993469
variant_F1,train_44b6_t15_p41_boundary,train,44b6_d29c9ab2,15,boundary,0.07579851150512695,0.11385189741849899,0.001082838512957096,0.8161320090293884,0.004687148611992598,0.014908663928508759,0.2617383599281311,0.42111968994140625,0.6740493774414062,0.0,0.4015762507915497,0.3723168969154358,0.12060912698507309,0.7475545406341553,0.07344925403594971,0.014331808313727379,0.001082838512957096,0.8161320090293884
variant_F1,train_44b6_t45_p42_boundary,train,44b6_d29c9ab2,45,boundary,0.07645725458860397,0.11698020994663239,0.0013694427907466888,0.8058674335479736,0.0051611727103590965,0.013743341900408268,0.2735236883163452,0.434478759765625,0.6784744262695312,0.0,0.4310447871685028,0.4384361207485199,0.24896873533725739,0.6077106595039368,0.07479459792375565,0.013399723917245865,0.0013694427907466888,0.8058674335479736
variant_F1,train_44b6_t10_p43_boundary,train,44b6_d29c9ab2,10,boundary,0.07538150250911713,0.11066191643476486,0.0012129279784858227,0.7786523103713989,0.004729492124170065,0.014356793835759163,0.2562367618083954,0.43526458740234375,0.6658477783203125,0.0,0.40054094791412354,0.3819495439529419,0.22896362841129303,0.7288233041763306,0.07368210703134537,0.013769872486591339,0.0012129279784858227,0.7786523103713989
variant_F1,inner_val_6bba_t85_p01_crowded,inner_val,6bba_bb9f20c3,85,crowded,0.07950778305530548,0.12495607137680054,0.0027515997644513845,0.6966425180435181,0.005319324787706137,0.012032699771225452,0.2933718264102936,0.43878173828125,0.7003860473632812,0.0,0.40907949209213257,0.4127810001373291,0.12319021672010422,0.672850489616394,0.06876442581415176,0.010928315110504627,0.0027515997644513845,0.6966425180435181
variant_F1,inner_val_6bba_t75_p02_crowded,inner_val,6bba_bb9f20c3,75,crowded,0.08088323473930359,0.1284407079219818,0.0019934126175940037,0.6960241198539734,0.005697708576917648,0.010867761448025703,0.30243346095085144,0.48192596435546875,0.7064666748046875,0.0,0.4274821877479553,0.4149976372718811,0.155363067984581,0.6960241198539734,0.07578226178884506,0.010220181196928024,0.0019934126175940037,0.6669999957084656
variant_F1,inner_val_6bba_t85_p03_crowded,inner_val,6bba_bb9f20c3,85,crowded,0.07903765141963959,0.12172803282737732,0.0018573594279587269,0.6695288419723511,0.005338539369404316,0.01160945650190115,0.29197484254837036,0.47306060791015625,0.6954421997070312,0.0,0.3376113772392273,0.3268733024597168,0.21442030370235443,0.4717104434967041,0.07402408123016357,0.010768283158540726,0.0018573594279587269,0.6695288419723511
variant_F1,inner_val_6bba_t80_p04_crowded,inner_val,6bba_bb9f20c3,80,crowded,0.07890842854976654,0.12513524293899536,0.0014961845008656383,0.7125534415245056,0.0053812190890312195,0.012833109125494957,0.2885921597480774,0.44039154052734375,0.6963348388671875,0.0,0.4215708076953888,0.40472614765167236,0.20297791063785553,0.690584659576416,0.07005440443754196,0.011650984175503254,0.0014961845008656383,0.7125534415245056
variant_F1,inner_val_6bba_t75_p05_isolated,inner_val,6bba_bb9f20c3,75,isolated,0.07844658195972443,0.12249893695116043,0.0012031421065330505,0.7435881495475769,0.005251385271549225,0.01245511882007122,0.28489983081817627,0.43645477294921875,0.6914138793945312,0.0,0.4244817793369293,0.433743953704834,0.12236819416284561,0.5963528156280518,0.0738692581653595,0.01195945218205452,0.0012031421065330505,0.7435881495475769
variant_F1,inner_val_6bba_t75_p06_isolated,inner_val,6bba_bb9f20c3,75,isolated,0.07939590513706207,0.12705163657665253,0.0008624179172329605,0.7191833257675171,0.0051150331273674965,0.011009585112333298,0.30366528034210205,0.4705810546875,0.7149887084960938,0.0,0.42440265417099,0.4228632152080536,0.3049941658973694,0.5476062297821045,0.07490774989128113,0.010691488161683083,0.0008624179172329605,0.7191833257675171
variant_F1,inner_val_6bba_t90_p07_isolated,inner_val,6bba_bb9f20c3,90,isolated,0.07902902364730835,0.1272471398115158,0.001028063939884305,0.7738896608352661,0.005347525235265493,0.013146148063242435,0.2951929271221161,0.4526214599609375,0.7061080932617188,0.0,0.4464072585105896,0.44629883766174316,0.3580358624458313,0.5465863943099976,0.07412873953580856,0.01251753605902195,0.001028063939884305,0.7738896608352661
variant_F1,inner_val_6bba_t90_p08_boundary,inner_val,6bba_bb9f20c3,90,boundary,0.07920132577419281,0.1343766450881958,0.0024710267316550016,0.8961467146873474,0.005480428226292133,0.01403883472084999,0.28704118728637695,0.4076385498046875,0.7056045532226562,0.0,0.5585171580314636,0.5637600421905518,0.3026813268661499,0.7942504286766052,0.07351154088973999,0.01343094278126955,0.0024710267316550016,0.8961467146873474
variant_F1,inner_val_6bba_t90_p09_zero_annotation,inner_val,6bba_bb9f20c3,90,zero_annotation,0.07811327278614044,0.11565536260604858,0.002095621544867754,0.7560507655143738,0.005942866206169128,0.010150674730539322,0.2837269604206085,0.4969635009765625,0.6910324096679688,0.0,,,,,0.0780959501862526,0.010148880071938038,0.002095621544867754,0.7560507655143738
variant_F1,inner_val_6bba_t90_p10_zero_annotation,inner_val,6bba_bb9f20c3,90,zero_annotation,0.07793138176202774,0.11481472849845886,0.002178562106564641,0.7313194870948792,0.005620517767965794,0.011342608369886875,0.28274405002593994,0.4776611328125,0.685577392578125,0.0,,,,,0.07776906341314316,0.011329829692840576,0.002178562106564641,0.7313194870948792
variant_F1,inner_val_44b6_t80_p01_crowded,inner_val,44b6_d29c9ab2,80,crowded,0.07817717641592026,0.12150866538286209,0.0021815712098032236,0.7301444411277771,0.005137117579579353,0.01257297582924366,0.2824089527130127,0.44878387451171875,0.6876907348632812,0.0,0.401592880487442,0.40514662861824036,0.11577967554330826,0.6659998893737793,0.07266029715538025,0.011493295431137085,0.0021815712098032236,0.7301444411277771
variant_F1,inner_val_44b6_t85_p02_crowded,inner_val,44b6_d29c9ab2,85,crowded,0.07726778090000153,0.1165526732802391,0.0014808295527473092,0.6792446374893188,0.005174566991627216,0.01240016333758831,0.2745935320854187,0.45565032958984375,0.679473876953125,0.0,0.4170522689819336,0.41306254267692566,0.06972409784793854,0.6792446374893188,0.0711599588394165,0.011286966502666473,0.0014808295527473092,0.6778643727302551
variant_F1,inner_val_44b6_t90_p03_crowded,inner_val,44b6_d29c9ab2,90,crowded,0.07829980552196503,0.12014846503734589,0.001071705250069499,0.7177382707595825,0.005557292141020298,0.011436276137828827,0.28392457962036133,0.46224212646484375,0.6913299560546875,0.0,0.41902148723602295,0.405506432056427,0.07673109322786331,0.7177382707595825,0.07325287163257599,0.010820078663527966,0.001071705250069499,0.7045302391052246
variant_F1,inner_val_44b6_t70_p04_crowded,inner_val,44b6_d29c9ab2,70,crowded,0.07828298211097717,0.12196853011846542,0.0017031804891303182,0.7942925691604614,0.005385821219533682,0.012170705944299698,0.28155994415283203,0.44852447509765625,0.6917037963867188,0.0,0.4234296977519989,0.4063730239868164,0.1152268648147583,0.7800180912017822,0.07378564774990082,0.011435547843575478,0.0017031804891303182,0.7416896224021912
variant_F1,inner_val_44b6_t90_p05_isolated,inner_val,44b6_d29c9ab2,90,isolated,0.07903264462947845,0.1238502785563469,0.0017847021808847785,0.7625153660774231,0.005657515488564968,0.011746088974177837,0.2880280315876007,0.4622344970703125,0.6938323974609375,0.0,0.40916261076927185,0.37363767623901367,0.27069467306137085,0.7625153660774231,0.07704680413007736,0.011388956569135189,0.0017847021808847785,0.7543278336524963
variant_F1,inner_val_44b6_t75_p06_isolated,inner_val,44b6_d29c9ab2,75,isolated,0.07754185795783997,0.11620693653821945,0.0008378124912269413,0.649224042892456,0.00523800915107131,0.011982613243162632,0.2764301002025604,0.45847320556640625,0.6838455200195312,0.0,0.36613476276397705,0.3612661063671112,0.2083992213010788,0.5618327260017395,0.07605006545782089,0.011636409908533096,0.0008378124912269413,0.649224042892456
variant_F1,inner_val_44b6_t70_p07_isolated,inner_val,44b6_d29c9ab2,70,isolated,0.0771460235118866,0.11564766615629196,0.0011659630108624697,0.813971757888794,0.005376216024160385,0.012077750638127327,0.2699097692966461,0.4584197998046875,0.6808395385742188,0.0,0.45107826590538025,0.41909855604171753,0.2394007444381714,0.813971757888794,0.07460880279541016,0.011658311821520329,0.0011659630108624697,0.7535675764083862
variant_F1,inner_val_44b6_t70_p08_boundary,inner_val,44b6_d29c9ab2,70,boundary,0.07780976593494415,0.11899354308843613,0.0013984858524054289,0.6856288909912109,0.005268798675388098,0.01253074873238802,0.27916842699050903,0.450927734375,0.6879653930664062,0.0,0.41974109411239624,0.4034053385257721,0.24726833403110504,0.6623021960258484,0.07620185613632202,0.012070411816239357,0.0013984858524054289,0.6856288909912109
variant_F1,inner_val_44b6_t90_p09_zero_annotation,inner_val,44b6_d29c9ab2,90,zero_annotation,0.07737653702497482,0.11666828393936157,0.00108618033118546,0.7414804100990295,0.005083543248474598,0.012428089044988155,0.2723627984523773,0.4505767822265625,0.6819381713867188,0.0,,,,,0.07737653702497482,0.012428089044988155,0.00108618033118546,0.7414804100990295
variant_F1,inner_val_44b6_t70_p10_zero_annotation,inner_val,44b6_d29c9ab2,70,zero_annotation,0.07587755471467972,0.10804185271263123,0.0016510102432221174,0.4835599660873413,0.004291369579732418,0.012054285034537315,0.27217572927474976,0.46488189697265625,0.6770401000976562,0.0,,,,,0.07587755471467972,0.012054285034537315,0.0016510102432221174,0.4835599660873413
variant_F1,held_out_val_6bba_t20_p01_crowded,held_out_val,6bba_43fea39d,20,crowded,0.08034919202327728,0.12724101543426514,0.0016467432724311948,0.7483001947402954,0.005544236395508051,0.01060977391898632,0.30455467104911804,0.47518157958984375,0.7098846435546875,0.0,0.39426299929618835,0.4098750352859497,0.07114604860544205,0.731489360332489,0.07201992720365524,0.010164513252675533,0.0016467432724311948,0.7094970941543579
variant_F1,held_out_val_6bba_t35_p02_crowded,held_out_val,6bba_43fea39d,35,crowded,0.08023802191019058,0.1250106245279312,0.0016371789388358593,0.6650310754776001,0.0053164116106927395,0.011422542855143547,0.3051387667655945,0.46337127685546875,0.7091827392578125,0.0,0.418245792388916,0.42296409606933594,0.257968544960022,0.504686176776886,0.07009164988994598,0.010606085881590843,0.0016371789388358593,0.6650310754776001
variant_F1,held_out_val_6bba_t50_p03_crowded,held_out_val,6bba_43fea39d,50,crowded,0.0798606425523758,0.12507349252700806,0.0010866625234484673,0.7219551205635071,0.0056352028623223305,0.010530206374824047,0.30544236302375793,0.480010986328125,0.7076873779296875,0.0,0.42318278551101685,0.41608670353889465,0.2768019735813141,0.5677390098571777,0.07205140590667725,0.010126171633601189,0.0010866625234484673,0.7219551205635071
variant_F1,held_out_val_6bba_t20_p04_crowded,held_out_val,6bba_43fea39d,20,crowded,0.08158650994300842,0.13234232366085052,0.0016214888310059905,0.6904255151748657,0.006208681967109442,0.010524041950702667,0.31991222500801086,0.444488525390625,0.719451904296875,0.0,0.406215637922287,0.4071674942970276,0.09269408136606216,0.6262863278388977,0.07549552619457245,0.010384243912994862,0.0016214888310059905,0.6904255151748657
variant_F1,held_out_val_6bba_t80_p05_isolated,held_out_val,6bba_43fea39d,80,isolated,0.07745491713285446,0.11692234128713608,0.0018346719443798065,0.7065664529800415,0.005609550047665834,0.011651970446109772,0.27490004897117615,0.4736175537109375,0.6846771240234375,0.0,0.42499828338623047,0.4101525843143463,0.27367669343948364,0.6282879710197449,0.07295011729001999,0.011075261980295181,0.0018346719443798065,0.6734975576400757
variant_F1,held_out_val_6bba_t35_p06_isolated,held_out_val,6bba_43fea39d,35,isolated,0.08005028963088989,0.12908047437667847,0.0013858124148100615,0.764008641242981,0.005306679755449295,0.012121329084038734,0.3063207268714905,0.45401763916015625,0.715179443359375,0.0,0.3721199035644531,0.37612199783325195,0.12326426059007645,0.5241672396659851,0.07748878002166748,0.011718240566551685,0.0013858124148100615,0.764008641242981
variant_F1,held_out_val_6bba_t35_p07_isolated,held_out_val,6bba_43fea39d,35,isolated,0.07951156049966812,0.1254211664199829,0.0018743585096672177,0.7441346049308777,0.005454587750136852,0.011273995973169804,0.2964366376399994,0.4626312255859375,0.7064285278320312,0.0,0.4316311478614807,0.4357909560203552,0.26950448751449585,0.5736387968063354,0.07562611997127533,0.011038295924663544,0.0018743585096672177,0.7441346049308777
variant_F1,held_out_val_6bba_t80_p08_isolated,held_out_val,6bba_43fea39d,80,isolated,0.07945079356431961,0.12449132651090622,0.0017073123017325997,0.7046627998352051,0.005977898370474577,0.010741585865616798,0.30005282163619995,0.48116302490234375,0.7006454467773438,0.0,0.41226527094841003,0.4043068587779999,0.3017687499523163,0.5374768972396851,0.07507838308811188,0.010436356998980045,0.0017073123017325997,0.7046627998352051
variant_F1,held_out_val_6bba_t20_p09_boundary,held_out_val,6bba_43fea39d,20,boundary,0.08306195586919785,0.14080949127674103,0.0033592383842915297,0.8271322846412659,0.006947622634470463,0.010658671148121357,0.33666902780532837,0.47321319580078125,0.7306671142578125,0.0,0.42860209941864014,0.45074114203453064,0.28097349405288696,0.5712448954582214,0.07823916524648666,0.01047155074775219,0.0033592383842915297,0.8271322846412659
variant_F1,held_out_val_6bba_t50_p10_boundary,held_out_val,6bba_43fea39d,50,boundary,0.07943118363618851,0.12498711794614792,0.002539757639169693,0.7149810194969177,0.006196809466928244,0.010386578738689423,0.29758787155151367,0.49137115478515625,0.6949691772460938,0.0,0.5412331223487854,0.5375457406044006,0.3864248991012573,0.7149810194969177,0.07400819659233093,0.010051305405795574,0.002539757639169693,0.6026275753974915
variant_F1,held_out_val_6bba_t35_p11_zero_annotation,held_out_val,6bba_43fea39d,35,zero_annotation,0.07659927010536194,0.12041466683149338,0.0011231942335143685,0.7181965708732605,0.004591449163854122,0.01508267316967249,0.2817043662071228,0.38620758056640625,0.689605712890625,0.0,,,,,0.07659927010536194,0.01508267316967249,0.0011231942335143685,0.7181965708732605
variant_F1,held_out_val_6bba_t65_p12_zero_annotation,held_out_val,6bba_43fea39d,65,zero_annotation,0.07687035948038101,0.11017991602420807,0.0014765432570129633,0.5420722961425781,0.005137369502335787,0.012416418641805649,0.27799829840660095,0.44910430908203125,0.6757278442382812,0.0,,,,,0.07687035948038101,0.012416418641805649,0.0014765432570129633,0.5420722961425781
variant_F2,train_6bba_t15_p01_crowded,train,6bba_bb9f20c3,15,crowded,0.46729081869125366,0.15571698546409607,0.18539486825466156,0.9226167798042297,0.3002719581127167,0.4042736291885376,0.7042310237884521,0.0,0.0,0.0,0.4162750244140625,0.394282728433609,0.23689624667167664,0.8929728269577026,0.4707622230052948,0.40917301177978516,0.18539486825466156,0.9226167798042297
variant_F2,train_6bba_t35_p02_crowded,train,6bba_bb9f20c3,35,crowded,0.4684142470359802,0.14945031702518463,0.1204630583524704,0.8655187487602234,0.30950605869293213,0.4167727828025818,0.7103629112243652,0.0,0.0,0.0,0.4014476239681244,0.38913416862487793,0.2735106647014618,0.6056517362594604,0.47047626972198486,0.4197159707546234,0.1204630583524704,0.8655187487602234
variant_F2,train_6bba_t40_p03_crowded,train,6bba_bb9f20c3,40,crowded,0.46673309803009033,0.14863954484462738,0.21610750257968903,0.8501291871070862,0.31144511699676514,0.41823604702949524,0.7248051762580872,0.0,0.0,0.0,0.4185256063938141,0.40122243762016296,0.2391442358493805,0.7290246486663818,0.47036874294281006,0.42259931564331055,0.21610750257968903,0.8501291871070862
variant_F2,train_6bba_t45_p04_crowded,train,6bba_bb9f20c3,45,crowded,0.4674060344696045,0.14340493083000183,0.17930305004119873,0.8906356692314148,0.3029923141002655,0.44399207830429077,0.6912768483161926,0.0,0.0,0.0,0.4078403413295746,0.3944477438926697,0.2307748794555664,0.7402481436729431,0.4726036489009857,0.45289331674575806,0.17930305004119873,0.8906356692314148
variant_F2,train_6bba_t55_p05_crowded,train,6bba_bb9f20c3,55,crowded,0.46968650817871094,0.14638389647006989,0.11466828733682632,0.8788750767707825,0.2925621569156647,0.45803070068359375,0.671485424041748,0.0,0.0,0.0,0.3988867402076721,0.38819995522499084,0.21227382123470306,0.8788750767707825,0.473408043384552,0.4696636497974396,0.11466828733682632,0.8766568303108215
variant_F2,train_6bba_t55_p06_crowded,train,6bba_bb9f20c3,55,crowded,0.4657168984413147,0.1465306133031845,0.19162732362747192,0.8654125928878784,0.3098949193954468,0.4267479181289673,0.7097504138946533,0.0,0.0,0.0,0.41397222876548767,0.3906497359275818,0.24825000762939453,0.7860069274902344,0.4713524878025055,0.43577760457992554,0.19162732362747192,0.8654125928878784
variant_F2,train_6bba_t15_p07_crowded,train,6bba_bb9f20c3,15,crowded,0.46603429317474365,0.1507784128189087,0.1582227498292923,0.8905227184295654,0.30551761388778687,0.4166105389595032,0.6979515552520752,0.0,0.0,0.0,0.4315084218978882,0.4009522795677185,0.2673613131046295,0.8615589737892151,0.47006097435951233,0.42348313331604004,0.1582227498292923,0.8905227184295654
variant_F2,train_6bba_t25_p08_crowded,train,6bba_bb9f20c3,25,crowded,0.46531054377555847,0.15314196050167084,0.22710593044757843,0.9036235213279724,0.31250473856925964,0.4049307107925415,0.7249112725257874,0.0,0.0,0.0,0.3860953748226166,0.3779815435409546,0.2513861060142517,0.630859375,0.470267653465271,0.41051185131073,0.22710593044757843,0.9036235213279724
variant_F2,train_6bba_t10_p09_crowded,train,6bba_bb9f20c3,10,crowded,0.4691714644432068,0.14971907436847687,0.19239351153373718,0.876794159412384,0.29169705510139465,0.4423171877861023,0.6784268617630005,0.0,0.0,0.0,0.42736342549324036,0.4171034097671509,0.3014727234840393,0.680270791053772,0.4714803695678711,0.4501004219055176,0.19239351153373718,0.876794159412384
variant_F2,train_6bba_t40_p10_crowded,train,6bba_bb9f20c3,40,crowded,0.4677429795265198,0.15108926594257355,0.15352405607700348,0.8724120855331421,0.3055282533168793,0.4160626530647278,0.7055704593658447,0.0,0.0,0.0,0.47534170746803284,0.4515819549560547,0.32745563983917236,0.706988513469696,0.46950244903564453,0.41848620772361755,0.15352405607700348,0.8724120855331421
variant_F2,train_6bba_t35_p11_crowded,train,6bba_bb9f20c3,35,crowded,0.4652429223060608,0.15734972059726715,0.2111862599849701,0.8884790539741516,0.3080742359161377,0.39602500200271606,0.7250556945800781,0.0,0.0,0.0,0.42472243309020996,0.385937362909317,0.23799413442611694,0.866581380367279,0.4699343144893646,0.40065598487854004,0.2111862599849701,0.8884790539741516
variant_F2,train_6bba_t45_p12_crowded,train,6bba_bb9f20c3,45,crowded,0.46547752618789673,0.15687678754329681,0.20363175868988037,0.8951210379600525,0.30862995982170105,0.39599448442459106,0.7251436710357666,0.0,0.0,0.0,0.4277757704257965,0.3974142372608185,0.2675647735595703,0.8951210379600525,0.47053855657577515,0.40197959542274475,0.20363175868988037,0.8763477206230164
variant_F2,train_6bba_t20_p13_crowded,train,6bba_bb9f20c3,20,crowded,0.4688429534435272,0.15006743371486664,0.17032526433467865,0.8782751560211182,0.2951843738555908,0.4315054416656494,0.6828376054763794,0.0,0.0,0.0,0.41849252581596375,0.4095703959465027,0.25025078654289246,0.6132118701934814,0.4724363088607788,0.4420388340950012,0.17032526433467865,0.8782751560211182
variant_F2,train_6bba_t20_p14_crowded,train,6bba_bb9f20c3,20,crowded,0.4657108783721924,0.1580854058265686,0.20466013252735138,0.8373512029647827,0.30237987637519836,0.3954256772994995,0.7150396108627319,0.0,0.0,0.0,0.42421582341194153,0.39092931151390076,0.2528868615627289,0.8170451521873474,0.4706327021121979,0.401189386844635,0.2087276428937912,0.8373512029647827
variant_F2,train_6bba_t15_p15_crowded,train,6bba_bb9f20c3,15,crowded,0.4681529402732849,0.15275052189826965,0.1773543357849121,0.9224027991294861,0.30002203583717346,0.41391122341156006,0.6945038437843323,0.0,0.0,0.0,0.38805967569351196,0.3666504919528961,0.2281530648469925,0.8276501893997192,0.47119519114494324,0.4201899766921997,0.1773543357849121,0.9224027991294861
variant_F2,train_6bba_t30_p16_crowded,train,6bba_bb9f20c3,30,crowded,0.46840351819992065,0.15234030783176422,0.15899010002613068,0.9001246094703674,0.29991355538368225,0.4158063232898712,0.6894493699073792,0.0,0.0,0.0,0.42735740542411804,0.41203218698501587,0.2408885955810547,0.8431413173675537,0.4713004529476166,0.4214661717414856,0.15899010002613068,0.9001246094703674
variant_F2,train_6bba_t50_p17_crowded,train,6bba_bb9f20c3,50,crowded,0.4665190577507019,0.146636500954628,0.19923953711986542,0.8549225926399231,0.3143061399459839,0.42183589935302734,0.7199271321296692,0.0,0.0,0.0,0.4153897762298584,0.3956523835659027,0.265313982963562,0.7569682598114014,0.4711731970310211,0.4278244078159332,0.19923953711986542,0.8549225926399231
variant_F2,train_6bba_t55_p18_crowded,train,6bba_bb9f20c3,55,crowded,0.4693705439567566,0.1513781100511551,0.1733514368534088,0.9546241760253906,0.29493406414985657,0.4303606152534485,0.6846649050712585,0.0,0.0,7.62939453125e-06,0.4116441011428833,0.41972166299819946,0.21220503747463226,0.6296193599700928,0.4722479581832886,0.43845492601394653,0.1733514368534088,0.8640592694282532
variant_F2,train_6bba_t45_p19_crowded,train,6bba_bb9f20c3,45,crowded,0.46822139620780945,0.15117913484573364,0.1971251219511032,0.815944254398346,0.2924644947052002,0.43163567781448364,0.6820616722106934,0.0,0.0,0.0,0.44617727398872375,0.42581331729888916,0.2807621359825134,0.815944254398346,0.4716661870479584,0.43985798954963684,0.20873743295669556,0.7605908513069153
variant_F2,train_6bba_t15_p20_crowded,train,6bba_bb9f20c3,15,crowded,0.46599966287612915,0.14737825095653534,0.1957375854253769,0.9178027510643005,0.30526918172836304,0.42799854278564453,0.7049930691719055,0.0,0.0,0.0,0.4628535211086273,0.43336138129234314,0.2587926685810089,0.9178027510643005,0.4676232933998108,0.4301378130912781,0.1957375854253769,0.8893612027168274
variant_F2,train_6bba_t30_p21_crowded,train,6bba_bb9f20c3,30,crowded,0.46541041135787964,0.15648207068443298,0.22022971510887146,0.8304745554924011,0.3064601719379425,0.40005889534950256,0.7247207164764404,0.0,0.0,0.0,0.3990388810634613,0.3845757246017456,0.26800838112831116,0.6478368639945984,0.47040992975234985,0.40537208318710327,0.22022971510887146,0.8304745554924011
variant_F2,train_6bba_t50_p22_crowded,train,6bba_bb9f20c3,50,crowded,0.4676836133003235,0.1456560641527176,0.17435254156589508,0.8469554781913757,0.3067782521247864,0.43303412199020386,0.704090416431427,0.0,0.0,0.0,0.4182066321372986,0.4064272344112396,0.2657521367073059,0.8469554781913757,0.4712499976158142,0.43804287910461426,0.17435254156589508,0.8456761837005615
variant_F2,train_6bba_t10_p23_crowded,train,6bba_bb9f20c3,10,crowded,0.46556952595710754,0.1504167914390564,0.22495900094509125,0.8661594390869141,0.3140559196472168,0.4124179482460022,0.7170088291168213,0.0,0.0,0.0,0.415284663438797,0.38701415061950684,0.2685143053531647,0.8220406174659729,0.47078362107276917,0.4190223813056946,0.22495900094509125,0.8661594390869141
variant_F2,train_6bba_t10_p24_crowded,train,6bba_bb9f20c3,10,crowded,0.46530646085739136,0.1528259813785553,0.17803454399108887,0.8771355748176575,0.3100629448890686,0.4060179591178894,0.7222964763641357,0.0,0.0,0.0,0.42839112877845764,0.4069029688835144,0.2562083899974823,0.870810329914093,0.4678819179534912,0.40948885679244995,0.17803454399108887,0.8771355748176575
variant_F2,train_6bba_t10_p25_isolated,train,6bba_bb9f20c3,10,isolated,0.46860605478286743,0.1526189148426056,0.15819710493087769,0.8737786412239075,0.301932156085968,0.4114868640899658,0.6975796818733215,0.0,0.0,0.0,0.4284164011478424,0.3840930759906769,0.2373514026403427,0.8628365397453308,0.47065111994743347,0.4150760769844055,0.15819710493087769,0.8737786412239075
variant_F2,train_6bba_t20_p26_isolated,train,6bba_bb9f20c3,20,isolated,0.4653131067752838,0.15627305209636688,0.18935945630073547,0.9201984405517578,0.31136471033096313,0.3951873183250427,0.7254471182823181,0.0,0.0,0.0,0.3947189450263977,0.36776620149612427,0.2770327627658844,0.6595433354377747,0.4677852690219879,0.39802494645118713,0.18935945630073547,0.9201984405517578
variant_F2,train_6bba_t35_p27_isolated,train,6bba_bb9f20c3,35,isolated,0.46569353342056274,0.15565486252307892,0.17597609758377075,0.8692759871482849,0.30770376324653625,0.3984931707382202,0.7164236307144165,0.0,0.0,0.0,0.4190773665904999,0.3803955018520355,0.251887708902359,0.8692759871482849,0.4680449664592743,0.4015841782093048,0.17597609758377075,0.859760046005249
variant_F2,train_6bba_t40_p28_isolated,train,6bba_bb9f20c3,40,isolated,0.46469008922576904,0.15245743095874786,0.20280280709266663,0.8525718450546265,0.31769859790802,0.40301603078842163,0.739721417427063,0.0,0.0,0.0,0.4266665577888489,0.39365947246551514,0.2913309931755066,0.7747610807418823,0.4662497937679291,0.40465444326400757,0.20280280709266663,0.8525718450546265
variant_F2,train_6bba_t25_p29_isolated,train,6bba_bb9f20c3,25,isolated,0.46489986777305603,0.15247614681720734,0.21572597324848175,0.9044711589813232,0.3109489679336548,0.406156063079834,0.7240379452705383,0.0,0.0,0.0,0.4398892819881439,0.3932683765888214,0.26644474267959595,0.8461329936981201,0.4665709137916565,0.4083622694015503,0.21572597324848175,0.9044711589813232
variant_F2,train_6bba_t25_p30_isolated,train,6bba_bb9f20c3,25,isolated,0.4691189229488373,0.1439678817987442,0.10533076524734497,0.8743230700492859,0.30755603313446045,0.43854862451553345,0.7053735256195068,0.0,0.0,0.0,0.4219769835472107,0.4175862669944763,0.24449457228183746,0.6119611263275146,0.4708349108695984,0.4409225583076477,0.10533076524734497,0.8743230700492859
variant_F2,train_6bba_t45_p31_isolated,train,6bba_bb9f20c3,45,isolated,0.4687848389148712,0.15040645003318787,0.15119512379169464,0.8560826778411865,0.30487021803855896,0.4158909320831299,0.6964702010154724,0.0,0.0,0.0,0.3882458209991455,0.38490813970565796,0.3039388358592987,0.4892180263996124,0.47106316685676575,0.4202285706996918,0.15119512379169464,0.8560826778411865
variant_F2,train_6bba_t30_p32_isolated,train,6bba_bb9f20c3,30,isolated,0.4669564366340637,0.14648279547691345,0.184126079082489,0.866786777973175,0.312705397605896,0.422293096780777,0.7099007368087769,0.0,0.0,0.0,0.41437897086143494,0.36757826805114746,0.2783326506614685,0.866786777973175,0.46900418400764465,0.42480358481407166,0.184126079082489,0.8407024145126343
variant_F2,train_6bba_t55_p33_isolated,train,6bba_bb9f20c3,55,isolated,0.4683321714401245,0.15312615036964417,0.19054511189460754,0.8605999946594238,0.2939715087413788,0.41978079080581665,0.6858724355697632,0.0,0.0,0.0,0.38407352566719055,0.38673681020736694,0.2982892692089081,0.4458482563495636,0.4703581929206848,0.4259642958641052,0.19054511189460754,0.8605999946594238
variant_F2,train_6bba_t25_p34_isolated,train,6bba_bb9f20c3,25,isolated,0.4671490788459778,0.14744560420513153,0.1894703060388565,0.8274927139282227,0.3107941150665283,0.4205847978591919,0.7132910490036011,0.0,0.0,0.0,0.3884836435317993,0.3710770606994629,0.28910771012306213,0.6443495750427246,0.4694022238254547,0.4237816035747528,0.1894703060388565,0.8274927139282227
variant_F2,train_6bba_t25_p35_isolated,train,6bba_bb9f20c3,25,isolated,0.46972423791885376,0.14915986359119415,0.1396571397781372,0.8633466958999634,0.29535943269729614,0.4397616982460022,0.6829946041107178,0.0,0.0,0.0,0.4541511535644531,0.4257170557975769,0.23547416925430298,0.8633466958999634,0.4718918800354004,0.44475898146629333,0.1396571397781372,0.7445601224899292
variant_F2,train_6bba_t15_p36_isolated,train,6bba_bb9f20c3,15,isolated,0.46652287244796753,0.15767855942249298,0.20370164513587952,0.8952321410179138,0.2992984354496002,0.39823320508003235,0.7082170248031616,0.0,0.0,0.0,0.4097382724285126,0.38429513573646545,0.2591562569141388,0.7833338379859924,0.46927201747894287,0.4020000100135803,0.20370164513587952,0.8952321410179138
variant_F2,train_6bba_t50_p37_isolated,train,6bba_bb9f20c3,50,isolated,0.46868038177490234,0.1514558047056198,0.16448922455310822,0.9222438335418701,0.3002329468727112,0.4190959334373474,0.691948652267456,0.0,0.0,0.0,0.4917207360267639,0.44398418068885803,0.2879743278026581,0.8959591388702393,0.47076791524887085,0.4227408766746521,0.16448922455310822,0.9222438335418701
variant_F2,train_6bba_t50_p38_isolated,train,6bba_bb9f20c3,50,isolated,0.46620339155197144,0.15483538806438446,0.1703374832868576,0.9090355038642883,0.3044145703315735,0.40418654680252075,0.7133855223655701,0.0,0.0,0.0,0.4216482937335968,0.3712245225906372,0.2534933090209961,0.8921533226966858,0.46849989891052246,0.4074366092681885,0.1703374832868576,0.9090355038642883
variant_F2,train_6bba_t30_p39_isolated,train,6bba_bb9f20c3,30,isolated,0.46534430980682373,0.15353894233703613,0.17548100650310516,0.9253053069114685,0.31014013290405273,0.40414977073669434,0.7217664122581482,0.0,0.0,0.0,0.4452010989189148,0.3902961015701294,0.2593874931335449,0.9253053069114685,0.46738356351852417,0.4069276452064514,0.17548100650310516,0.821702241897583
variant_F2,train_6bba_t20_p40_boundary,train,6bba_bb9f20c3,20,boundary,0.4677719473838806,0.15199923515319824,0.19156542420387268,0.8886827826499939,0.3065817356109619,0.40910762548446655,0.7075380086898804,0.0,0.0,0.0,0.38255563378334045,0.35891833901405334,0.24912479519844055,0.7372288107872009,0.4700040817260742,0.4123235046863556,0.19156542420387268,0.8886827826499939
variant_F2,train_6bba_t55_p41_boundary,train,6bba_bb9f20c3,55,boundary,0.47010231018066406,0.14426957070827484,0.10325096547603607,0.9125574827194214,0.2936531901359558,0.45826271176338196,0.6688408851623535,0.0,0.0,0.0,0.4194186329841614,0.42480194568634033,0.308443158864975,0.516543447971344,0.4715890884399414,0.46328455209732056,0.10325096547603607,0.9125574827194214
variant_F2,train_6bba_t15_p42_boundary,train,6bba_bb9f20c3,15,boundary,0.46781864762306213,0.15236040949821472,0.1920541375875473,0.8185880780220032,0.30282890796661377,0.4128360152244568,0.7026101350784302,0.0,0.0,0.0,0.38389623165130615,0.36331936717033386,0.26477348804473877,0.6849957704544067,0.4696238934993744,0.4158332049846649,0.1920541375875473,0.8185880780220032
variant_F2,train_6bba_t55_p43_boundary,train,6bba_bb9f20c3,55,boundary,0.4675038158893585,0.15723253786563873,0.15033027529716492,0.885057806968689,0.2998617887496948,0.3990095853805542,0.7009191513061523,0.0,0.0,0.0,0.43752703070640564,0.3890092968940735,0.25400519371032715,0.885057806968689,0.46970033645629883,0.40240243077278137,0.15033027529716492,0.8378720879554749
variant_F2,train_44b6_t40_p01_crowded,train,44b6_d29c9ab2,40,crowded,0.466951847076416,0.14958061277866364,0.1676500290632248,0.8938959240913391,0.3053770959377289,0.4235747754573822,0.7041721343994141,0.0,0.0,0.0,0.4144526422023773,0.3875202238559723,0.2547723650932312,0.690578043460846,0.4709663987159729,0.4303514361381531,0.1676500290632248,0.8938959240913391
variant_F2,train_44b6_t45_p02_crowded,train,44b6_d29c9ab2,45,crowded,0.4671691954135895,0.14991945028305054,0.1774357408285141,0.9237399101257324,0.30531787872314453,0.41977936029434204,0.707131028175354,0.0,0.0,0.0,0.4031927287578583,0.3778430223464966,0.2545383870601654,0.7738892436027527,0.47029638290405273,0.424377977848053,0.1774357408285141,0.9237399101257324
variant_F2,train_44b6_t55_p03_crowded,train,44b6_d29c9ab2,55,crowded,0.4667496979236603,0.14793841540813446,0.16075734794139862,0.8573602437973022,0.3030282258987427,0.4306536316871643,0.6888135075569153,0.0,0.0,0.0,0.4325212836265564,0.4057022035121918,0.2648678719997406,0.8259775042533875,0.4728311002254486,0.44126591086387634,0.16075734794139862,0.8573602437973022
variant_F2,train_44b6_t40_p04_crowded,train,44b6_d29c9ab2,40,crowded,0.46713370084762573,0.15383101999759674,0.16229623556137085,0.9513195157051086,0.30191582441329956,0.4078100919723511,0.7038683891296387,0.0,0.0,7.62939453125e-06,0.4370288550853729,0.40142735838890076,0.23988698422908783,0.9513195157051086,0.4722566306591034,0.4169996380805969,0.18590766191482544,0.8806000351905823
variant_F2,train_44b6_t15_p05_crowded,train,44b6_d29c9ab2,15,crowded,0.46702080965042114,0.14940901100635529,0.1557329148054123,0.9344806671142578,0.30586934089660645,0.4201158285140991,0.7042825222015381,0.0,0.0,0.0,0.45011404156684875,0.4152987003326416,0.25990837812423706,0.9344806671142578,0.47101324796676636,0.4264705777168274,0.1557329148054123,0.8976386189460754
variant_F2,train_44b6_t20_p06_crowded,train,44b6_d29c9ab2,20,crowded,0.4671210050582886,0.15098409354686737,0.18916718661785126,0.8881313800811768,0.30531126260757446,0.4164603352546692,0.7097388505935669,0.0,0.0,0.0,0.4487547278404236,0.39992406964302063,0.2498091161251068,0.8881313800811768,0.470167338848114,0.4215830862522125,0.18916718661785126,0.8510497808456421
variant_F2,train_44b6_t40_p07_crowded,train,44b6_d29c9ab2,40,crowded,0.4670637845993042,0.15250545740127563,0.187350794672966,0.9134828448295593,0.30323895812034607,0.415227472782135,0.7103830575942993,0.0,0.0,0.0,0.3929152190685272,0.3586273193359375,0.22602921724319458,0.818917453289032,0.47129687666893005,0.4223417043685913,0.18818996846675873,0.9134828448295593
variant_F2,train_44b6_t50_p08_crowded,train,44b6_d29c9ab2,50,crowded,0.4677380323410034,0.14835678040981293,0.1652190238237381,0.9331331849098206,0.2967725992202759,0.43791308999061584,0.6880989074707031,0.0,0.0,0.0,0.43643563985824585,0.4026103913784027,0.2399267852306366,0.8573550581932068,0.47365501523017883,0.4489239454269409,0.1652190238237381,0.9331331849098206
variant_F2,train_44b6_t10_p09_crowded,train,44b6_d29c9ab2,10,crowded,0.46844756603240967,0.14876019954681396,0.16389694809913635,0.9033075571060181,0.2964742183685303,0.4392589032649994,0.6856415867805481,0.0,0.0,0.0,0.4381082355976105,0.3943790793418884,0.22693920135498047,0.9033075571060181,0.47191357612609863,0.4458824694156647,0.16389694809913635,0.8822687864303589
variant_F2,train_44b6_t30_p10_crowded,train,44b6_d29c9ab2,30,crowded,0.46810704469680786,0.14754948019981384,0.13587884604930878,0.8943244814872742,0.2926689088344574,0.44748812913894653,0.6804829835891724,0.0,0.0,0.0,0.3994317352771759,0.36947330832481384,0.23545190691947937,0.8422028422355652,0.47366419434547424,0.458462119102478,0.13587884604930878,0.8943244814872742
variant_F2,train_44b6_t35_p11_crowded,train,44b6_d29c9ab2,35,crowded,0.4675874710083008,0.14874696731567383,0.1769755333662033,0.9412965774536133,0.2978192865848541,0.4373258352279663,0.6883825063705444,0.0,0.0,0.0,0.4294632375240326,0.3855482339859009,0.23432224988937378,0.9412965774536133,0.4755927324295044,0.4520777761936188,0.1769755333662033,0.8761837482452393
variant_F2,train_44b6_t45_p12_crowded,train,44b6_d29c9ab2,45,crowded,0.4668365716934204,0.15216262638568878,0.17681215703487396,0.9354896545410156,0.3056895434856415,0.4126816987991333,0.713229238986969,0.0,0.0,0.0,0.41341879963874817,0.38342344760894775,0.24618904292583466,0.8557144999504089,0.47075289487838745,0.41918644309043884,0.17681215703487396,0.9354896545410156
variant_F2,train_44b6_t25_p13_crowded,train,44b6_d29c9ab2,25,crowded,0.46693557500839233,0.15171507000923157,0.17555031180381775,0.8987249732017517,0.305219441652298,0.41474658250808716,0.710166335105896,0.0,0.0,0.0,0.42162543535232544,0.3842388987541199,0.2331540882587433,0.8654375076293945,0.47063201665878296,0.4211936891078949,0.17555031180381775,0.8987249732017517
variant_F2,train_44b6_t10_p14_crowded,train,44b6_d29c9ab2,10,crowded,0.46733105182647705,0.15051697194576263,0.1615089774131775,0.9047454595565796,0.3048003017902374,0.41938626766204834,0.7087961435317993,0.0,0.0,0.0,0.4419490396976471,0.4073132574558258,0.24771690368652344,0.8342261910438538,0.4702344536781311,0.42338430881500244,0.1615089774131775,0.9047454595565796
variant_F2,train_44b6_t25_p15_crowded,train,44b6_d29c9ab2,25,crowded,0.4682009220123291,0.14893069863319397,0.14482873678207397,0.9068227410316467,0.2969394624233246,0.4374837875366211,0.6903589963912964,0.0,0.0,0.0,0.4460756778717041,0.4160684645175934,0.25641658902168274,0.9068227410316467,0.47530871629714966,0.450918585062027,0.14482873678207397,0.8618527054786682
variant_F2,train_44b6_t30_p16_crowded,train,44b6_d29c9ab2,30,crowded,0.4673687219619751,0.1512116640806198,0.16080449521541595,0.9024960398674011,0.30591878294944763,0.4143884479999542,0.7017723321914673,0.0,0.0,0.0,0.41370564699172974,0.38039523363113403,0.2772475779056549,0.8177233338356018,0.47088780999183655,0.42017844319343567,0.16080449521541595,0.9024960398674011
variant_F2,train_44b6_t15_p17_crowded,train,44b6_d29c9ab2,15,crowded,0.467044860124588,0.15226244926452637,0.18155346810817719,0.9146907925605774,0.3059106469154358,0.41015946865081787,0.7083641290664673,0.0,0.0,0.0,0.4334508180618286,0.39260125160217285,0.26418063044548035,0.8682342171669006,0.4704825282096863,0.41556215286254883,0.18155346810817719,0.9146907925605774
variant_F2,train_44b6_t55_p18_crowded,train,44b6_d29c9ab2,55,crowded,0.46796858310699463,0.14992114901542664,0.14935512840747833,0.892902672290802,0.3058268427848816,0.42124199867248535,0.698330819606781,0.0,0.0,0.0,0.44018301367759705,0.40980061888694763,0.2573063373565674,0.8236755132675171,0.47117072343826294,0.4265933036804199,0.14935512840747833,0.892902672290802
variant_F2,train_44b6_t35_p19_crowded,train,44b6_d29c9ab2,35,crowded,0.46797728538513184,0.15249495208263397,0.14360040426254272,0.8757842779159546,0.3034204840660095,0.41371601819992065,0.7050897479057312,0.0,0.0,0.0,0.4172638952732086,0.3787604868412018,0.22411662340164185,0.8539402484893799,0.47222602367401123,0.4206807017326355,0.14360040426254272,0.8757842779159546
variant_F2,train_44b6_t35_p20_crowded,train,44b6_d29c9ab2,35,crowded,0.46717098355293274,0.15199105441570282,0.17415092885494232,0.8896094560623169,0.3054279386997223,0.41263750195503235,0.701069712638855,0.0,0.0,0.0,0.4369843304157257,0.41242098808288574,0.2553023099899292,0.883544921875,0.47120043635368347,0.4185590445995331,0.17415092885494232,0.8896094560623169
variant_F2,train_44b6_t20_p21_crowded,train,44b6_d29c9ab2,20,crowded,0.466965913772583,0.15214721858501434,0.15697742998600006,0.873397171497345,0.3068133592605591,0.41100969910621643,0.7135373950004578,0.0,0.0,0.0,0.4247458875179291,0.39044463634490967,0.2548684775829315,0.86902916431427,0.4708559513092041,0.4172550439834595,0.15697742998600006,0.873397171497345
variant_F2,train_44b6_t30_p22_crowded,train,44b6_d29c9ab2,30,crowded,0.4670226573944092,0.1497221291065216,0.19073523581027985,0.9109490513801575,0.3059305250644684,0.4203113615512848,0.7038574814796448,0.0,0.0,0.0,0.43135306239128113,0.39386940002441406,0.2236594259738922,0.9109490513801575,0.47101205587387085,0.42649155855178833,0.1966133415699005,0.8598281145095825
variant_F2,train_44b6_t50_p23_crowded,train,44b6_d29c9ab2,50,crowded,0.4672471284866333,0.14780309796333313,0.1701587587594986,0.8913050293922424,0.30284833908081055,0.4328134059906006,0.704688310623169,0.0,0.0,0.0,0.4317791759967804,0.40087902545928955,0.2469455450773239,0.8913050293922424,0.4711262583732605,0.4392244517803192,0.1701587587594986,0.855108916759491
variant_F2,train_44b6_t40_p24_crowded,train,44b6_d29c9ab2,40,crowded,0.468611478805542,0.1527690440416336,0.1606290489435196,0.8424744009971619,0.30346500873565674,0.4096892476081848,0.6948546171188354,0.0,0.0,0.0,0.42525818943977356,0.4143321216106415,0.23903025686740875,0.7617005109786987,0.4717927873134613,0.4150879979133606,0.1606290489435196,0.8424744009971619
variant_F2,train_44b6_t55_p25_isolated,train,44b6_d29c9ab2,55,isolated,0.46907684206962585,0.1493002325296402,0.15247032046318054,0.8842908143997192,0.29789426922798157,0.4289206862449646,0.679354727268219,0.0,0.0,0.0,0.41089046001434326,0.3673434555530548,0.24031050503253937,0.859890878200531,0.47133126854896545,0.43344247341156006,0.15247032046318054,0.8842908143997192
variant_F2,train_44b6_t50_p26_isolated,train,44b6_d29c9ab2,50,isolated,0.4715927839279175,0.1398528814315796,0.09025174379348755,0.8903563618659973,0.30136704444885254,0.46000468730926514,0.6597393751144409,0.0,0.0,0.0,0.4379199743270874,0.3960932195186615,0.2134544551372528,0.8714016675949097,0.47403743863105774,0.46306610107421875,0.09025174379348755,0.8903563618659973
variant_F2,train_44b6_t15_p27_isolated,train,44b6_d29c9ab2,15,isolated,0.467831015586853,0.15128996968269348,0.16012230515480042,0.9444403648376465,0.30329930782318115,0.4170111119747162,0.7019100785255432,0.0,0.0,0.0,0.42951127886772156,0.37257158756256104,0.24087387323379517,0.9444403648376465,0.47041234374046326,0.4210283160209656,0.16012230515480042,0.8783776164054871
variant_F2,train_44b6_t30_p28_isolated,train,44b6_d29c9ab2,30,isolated,0.46802935004234314,0.14705394208431244,0.160085991024971,0.9511171579360962,0.30104008316993713,0.43505382537841797,0.6923462152481079,0.0,0.0,7.62939453125e-06,0.4401285648345947,0.40257272124290466,0.23204754292964935,0.9511171579360962,0.4706610441207886,0.4401255249977112,0.160085991024971,0.9042869806289673
variant_F2,train_44b6_t30_p29_isolated,train,44b6_d29c9ab2,30,isolated,0.46886754035949707,0.14616304636001587,0.1421234905719757,0.8798911571502686,0.30075883865356445,0.4405789375305176,0.688033938407898,0.0,0.0,0.0,0.4215005040168762,0.3911946713924408,0.21113231778144836,0.7760357856750488,0.471691370010376,0.4454565644264221,0.1421234905719757,0.8798911571502686
variant_F2,train_44b6_t20_p30_isolated,train,44b6_d29c9ab2,20,isolated,0.46802955865859985,0.14881770312786102,0.13071656227111816,0.9199070930480957,0.3058617413043976,0.4223078191280365,0.7030690312385559,0.0,0.0,0.0,0.43154963850975037,0.38122016191482544,0.24376605451107025,0.9150384068489075,0.4700866639614105,0.4253882169723511,0.13071656227111816,0.9199070930480957
variant_F2,train_44b6_t20_p31_isolated,train,44b6_d29c9ab2,20,isolated,0.4690222144126892,0.1463901847600937,0.1274142563343048,0.9419771432876587,0.30091357231140137,0.44038087129592896,0.6858097910881042,0.0,0.0,0.0,0.45685869455337524,0.40490204095840454,0.24780471622943878,0.9419771432876587,0.4711752235889435,0.4441468119621277,0.1274142563343048,0.8844496011734009
variant_F2,train_44b6_t10_p32_isolated,train,44b6_d29c9ab2,10,isolated,0.4702935814857483,0.14261087775230408,0.1298178732395172,0.9240859150886536,0.3050598204135895,0.4488171339035034,0.6883248090744019,0.0,0.0,0.0,0.4503919184207916,0.39514151215553284,0.26652806997299194,0.9240859150886536,0.4726015031337738,0.45190152525901794,0.1298178732395172,0.8146895170211792
variant_F2,train_44b6_t45_p33_isolated,train,44b6_d29c9ab2,45,isolated,0.4707852602005005,0.14093394577503204,0.09110154211521149,0.9219892621040344,0.3059844970703125,0.451377272605896,0.6705090403556824,0.0,0.0,0.0,0.4314124584197998,0.38658440113067627,0.21337848901748657,0.8646812438964844,0.47301429510116577,0.4543033540248871,0.09110154211521149,0.9219892621040344
variant_F2,train_44b6_t25_p34_isolated,train,44b6_d29c9ab2,25,isolated,0.46771207451820374,0.1471366137266159,0.1502576321363449,0.9381867051124573,0.3053489923477173,0.4283154010772705,0.7013827562332153,0.0,0.0,0.0,0.44207602739334106,0.38872456550598145,0.2420922815799713,0.9381867051124573,0.46968692541122437,0.43119218945503235,0.1502576321363449,0.8357287645339966
variant_F2,train_44b6_t10_p35_isolated,train,44b6_d29c9ab2,10,isolated,0.4668775796890259,0.14862890541553497,0.16598781943321228,0.8805551528930664,0.31043532490730286,0.42062193155288696,0.7176069021224976,0.0,0.0,0.0,0.4328160285949707,0.3843197524547577,0.26949602365493774,0.8357498049736023,0.4683544933795929,0.4224766194820404,0.16598781943321228,0.8805551528930664
variant_F2,train_44b6_t25_p36_isolated,train,44b6_d29c9ab2,25,isolated,0.4679471254348755,0.14893801510334015,0.14472542703151703,0.9046669006347656,0.30056440830230713,0.4310186803340912,0.6877065300941467,0.0,0.0,0.0,0.3999965488910675,0.37379324436187744,0.25290942192077637,0.7556877136230469,0.46996060013771057,0.4345725476741791,0.14472542703151703,0.9046669006347656
variant_F2,train_44b6_t25_p37_isolated,train,44b6_d29c9ab2,25,isolated,0.4694368541240692,0.1468759924173355,0.14578859508037567,0.9004088044166565,0.299103319644928,0.4414088726043701,0.684064507484436,0.0,0.0,0.0,0.447289377450943,0.39384323358535767,0.25367510318756104,0.9004088044166565,0.47171398997306824,0.44530391693115234,0.14578859508037567,0.8561325669288635
variant_F2,train_44b6_t55_p38_isolated,train,44b6_d29c9ab2,55,isolated,0.4666547179222107,0.15181663632392883,0.20086972415447235,0.8714242577552795,0.30503931641578674,0.4153032898902893,0.7107451558113098,0.0,0.0,0.0,0.45598849654197693,0.42251142859458923,0.28146442770957947,0.8701083064079285,0.4684099555015564,0.417752206325531,0.20086972415447235,0.8714242577552795
variant_F2,train_44b6_t15_p39_isolated,train,44b6_d29c9ab2,15,isolated,0.4667308032512665,0.14802983403205872,0.1917915642261505,0.9261001944541931,0.3107489347457886,0.422065794467926,0.7102813124656677,0.0,0.0,0.0,0.4542939364910126,0.3988897204399109,0.2759585976600647,0.8425018191337585,0.4676054120063782,0.4230952560901642,0.1917915642261505,0.9261001944541931
variant_F2,train_44b6_t40_p40_isolated,train,44b6_d29c9ab2,40,isolated,0.4709848165512085,0.13986243307590485,0.10090448707342148,0.9061490893363953,0.30495792627334595,0.4541468620300293,0.6675621867179871,0.0,0.0,0.0,0.4438982307910919,0.4007737338542938,0.24680036306381226,0.9003152251243591,0.4732896089553833,0.4568881094455719,0.10090448707342148,0.9061490893363953
variant_F2,train_44b6_t15_p41_boundary,train,44b6_d29c9ab2,15,boundary,0.46884632110595703,0.14574550092220306,0.13344646990299225,0.8254760503768921,0.31131625175476074,0.4318404793739319,0.7002816200256348,0.0,0.0,0.0,0.3855156898498535,0.3644312024116516,0.21560989320278168,0.7550655007362366,0.47102266550064087,0.4345940351486206,0.13344646990299225,0.8254760503768921
variant_F2,train_44b6_t45_p42_boundary,train,44b6_d29c9ab2,45,boundary,0.4697605073451996,0.1442689150571823,0.1379067748785019,0.8735032677650452,0.29762953519821167,0.4534524381160736,0.6810150146484375,0.0,0.0,0.0,0.4625075161457062,0.43928927183151245,0.2614932954311371,0.7704778909683228,0.4710792601108551,0.45561909675598145,0.1379067748785019,0.8735032677650452
variant_F2,train_44b6_t10_p43_boundary,train,44b6_d29c9ab2,10,boundary,0.4691111743450165,0.14535222947597504,0.12715677917003632,0.9378467798233032,0.3115924298763275,0.43214166164398193,0.6966558694839478,0.0,0.0,0.0,0.41405513882637024,0.36174246668815613,0.21991907060146332,0.918294370174408,0.47131308913230896,0.4351881146430969,0.12715677917003632,0.9378467798233032
variant_F2,inner_val_6bba_t85_p01_crowded,inner_val,6bba_bb9f20c3,85,crowded,0.4661191701889038,0.14664064347743988,0.211151584982872,0.8616034984588623,0.31551116704940796,0.4231472909450531,0.7163140773773193,0.0,0.0,0.0,0.39726293087005615,0.3808457851409912,0.2628336250782013,0.8013885021209717,0.47264766693115234,0.4305567741394043,0.211151584982872,0.8616034984588623
variant_F2,inner_val_6bba_t75_p02_crowded,inner_val,6bba_bb9f20c3,75,crowded,0.4669938087463379,0.1562383770942688,0.2012782245874405,0.8994694948196411,0.30348533391952515,0.40074193477630615,0.7049421072006226,0.0,0.0,0.0,0.4126848578453064,0.39654019474983215,0.2604207396507263,0.7925276756286621,0.47032538056373596,0.4057076573371887,0.2012782245874405,0.8994694948196411
variant_F2,inner_val_6bba_t85_p03_crowded,inner_val,6bba_bb9f20c3,85,crowded,0.46866846084594727,0.1495901495218277,0.14247652888298035,0.8401365280151367,0.30165421962738037,0.4284713566303253,0.6933706998825073,0.0,0.0,0.0,0.3372397720813751,0.32512781023979187,0.20862729847431183,0.5526988506317139,0.47228991985321045,0.43568265438079834,0.14959418773651123,0.8401365280151367
variant_F2,inner_val_6bba_t80_p04_crowded,inner_val,6bba_bb9f20c3,80,crowded,0.46620702743530273,0.15130193531513214,0.20965327322483063,0.9195531606674194,0.30931028723716736,0.414375364780426,0.7235923409461975,0.0,0.0,0.0,0.43081215023994446,0.3941439688205719,0.2754308879375458,0.9195531606674194,0.4712253212928772,0.4216747581958771,0.20965327322483063,0.8853840231895447
variant_F2,inner_val_6bba_t75_p05_isolated,inner_val,6bba_bb9f20c3,75,isolated,0.46708303689956665,0.1464785486459732,0.1891239583492279,0.8782078623771667,0.3153066039085388,0.422430157661438,0.7307599782943726,0.0,0.0,0.0,0.39119184017181396,0.3788471221923828,0.2675146162509918,0.6318215131759644,0.47000250220298767,0.42558416724205017,0.1891239583492279,0.8782078623771667
variant_F2,inner_val_6bba_t75_p06_isolated,inner_val,6bba_bb9f20c3,75,isolated,0.4692518413066864,0.1489461213350296,0.1519191712141037,0.8172640800476074,0.28956279158592224,0.4485695958137512,0.6765932440757751,0.0,0.0,0.0,0.4012565314769745,0.40322333574295044,0.3056344985961914,0.5104534029960632,0.4708447754383087,0.4551750123500824,0.1519191712141037,0.8172640800476074
variant_F2,inner_val_6bba_t90_p07_isolated,inner_val,6bba_bb9f20c3,90,isolated,0.4682671129703522,0.15112152695655823,0.1914784163236618,0.8920406103134155,0.29616546630859375,0.42783233523368835,0.6859132051467896,0.0,0.0,0.0,0.42538586258888245,0.43016836047172546,0.33655160665512085,0.48699280619621277,0.46948182582855225,0.4304637908935547,0.1914784163236618,0.8920406103134155
variant_F2,inner_val_6bba_t90_p08_boundary,inner_val,6bba_bb9f20c3,90,boundary,0.4697866439819336,0.14785856008529663,0.16119134426116943,0.8499739766120911,0.3074912130832672,0.4213775396347046,0.6957322359085083,0.0,0.0,0.0,0.43617281317710876,0.41858991980552673,0.27693524956703186,0.760491669178009,0.4724632799625397,0.42421025037765503,0.16119134426116943,0.8499739766120911
variant_F2,inner_val_6bba_t90_p09_zero_annotation,inner_val,6bba_bb9f20c3,90,zero_annotation,0.4681520164012909,0.14105984568595886,0.14260660111904144,0.7775780558586121,0.2948472499847412,0.45988190174102783,0.6712855100631714,0.0,0.0,0.0,,,,,0.4681602418422699,0.45991355180740356,0.14260660111904144,0.7775780558586121
variant_F2,inner_val_6bba_t90_p10_zero_annotation,inner_val,6bba_bb9f20c3,90,zero_annotation,0.4686857759952545,0.14418205618858337,0.1180124506354332,0.7786460518836975,0.2983849048614502,0.44566017389297485,0.6805773973464966,0.0,0.0,0.0,,,,,0.4687536358833313,0.44581741094589233,0.1180124506354332,0.7786460518836975
variant_F2,inner_val_44b6_t80_p01_crowded,inner_val,44b6_d29c9ab2,80,crowded,0.46605637669563293,0.1498061567544937,0.17762422561645508,0.9071082472801208,0.30744731426239014,0.41920220851898193,0.7091521620750427,0.0,0.0,0.0,0.4351019561290741,0.4026990234851837,0.25492602586746216,0.9071082472801208,0.4703949987888336,0.4259914457798004,0.17762422561645508,0.8805148601531982
variant_F2,inner_val_44b6_t85_p02_crowded,inner_val,44b6_d29c9ab2,85,crowded,0.46611130237579346,0.15113963186740875,0.16201689839363098,0.9107140302658081,0.3047049343585968,0.41585296392440796,0.7074207663536072,0.0,0.0,0.0,0.41891974210739136,0.39894890785217285,0.22529347240924835,0.8059042096138,0.4705411195755005,0.4236244857311249,0.16201689839363098,0.9107140302658081
variant_F2,inner_val_44b6_t90_p03_crowded,inner_val,44b6_d29c9ab2,90,crowded,0.4684668779373169,0.1482992172241211,0.15173737704753876,0.8211572766304016,0.2973593473434448,0.43941712379455566,0.6771783828735352,0.0,0.0,0.0,0.42747899889945984,0.3967515528202057,0.22948597371578217,0.807508647441864,0.4725871980190277,0.4477534294128418,0.15173737704753876,0.8211572766304016
variant_F2,inner_val_44b6_t70_p04_crowded,inner_val,44b6_d29c9ab2,70,crowded,0.46832987666130066,0.1475566327571869,0.13589410483837128,0.95924311876297,0.2982920706272125,0.4386230409145355,0.6884233355522156,0.0,0.0,7.62939453125e-06,0.41138631105422974,0.3826974630355835,0.2464345395565033,0.8366109728813171,0.4723890423774719,0.44618120789527893,0.13589410483837128,0.8887917995452881
variant_F2,inner_val_44b6_t90_p05_isolated,inner_val,44b6_d29c9ab2,90,isolated,0.4686988592147827,0.1472054272890091,0.14382407069206238,0.928051233291626,0.2977388799190521,0.4443133771419525,0.6838018298149109,0.0,0.0,0.0,0.3914821445941925,0.3461539149284363,0.20735152065753937,0.8183836340904236,0.47114497423171997,0.44851478934288025,0.14382407069206238,0.928051233291626
variant_F2,inner_val_44b6_t75_p06_isolated,inner_val,44b6_d29c9ab2,75,isolated,0.4680913984775543,0.14864027500152588,0.15166909992694855,0.8345879316329956,0.29655882716178894,0.4389457106590271,0.692939817905426,0.0,0.0,0.0,0.43796131014823914,0.4124753773212433,0.24193252623081207,0.7442603707313538,0.47034376859664917,0.44255656003952026,0.15166909992694855,0.8345879316329956
variant_F2,inner_val_44b6_t70_p07_isolated,inner_val,44b6_d29c9ab2,70,isolated,0.4720648229122162,0.14153127372264862,0.08702932298183441,0.9498996138572693,0.2952762842178345,0.464496374130249,0.667467474937439,0.0,0.0,0.0,0.4255792200565338,0.36736780405044556,0.16052407026290894,0.9498996138572693,0.47440892457962036,0.468058705329895,0.08702932298183441,0.8702983260154724
variant_F2,inner_val_44b6_t70_p08_boundary,inner_val,44b6_d29c9ab2,70,boundary,0.4677477478981018,0.1509866565465927,0.14633183181285858,0.900010883808136,0.29943469166755676,0.42538487911224365,0.6957040429115295,0.0,0.0,0.0,0.42094486951828003,0.3935200273990631,0.27262017130851746,0.7604925036430359,0.4696798622608185,0.4286551773548126,0.14633183181285858,0.900010883808136
variant_F2,inner_val_44b6_t90_p09_zero_annotation,inner_val,44b6_d29c9ab2,90,zero_annotation,0.4660807251930237,0.14837399125099182,0.19614320993423462,0.8811012506484985,0.3074883222579956,0.4241182208061218,0.7025665044784546,0.0,0.0,0.0,,,,,0.4660807251930237,0.4241182208061218,0.19614320993423462,0.8811012506484985
variant_F2,inner_val_44b6_t70_p10_zero_annotation,inner_val,44b6_d29c9ab2,70,zero_annotation,0.46596837043762207,0.16353435814380646,0.1843838393688202,0.8042944669723511,0.29308658838272095,0.3966812491416931,0.71684730052948,0.0,0.0,0.0,,,,,0.46596837043762207,0.3966812491416931,0.1843838393688202,0.8042944669723511
variant_F2,held_out_val_6bba_t20_p01_crowded,held_out_val,6bba_43fea39d,20,crowded,0.4700992703437805,0.14981743693351746,0.12313421815633774,0.752856969833374,0.29322904348373413,0.4452052712440491,0.6731575727462769,0.0,0.0,0.0,0.3736666440963745,0.3635992407798767,0.21391019225120544,0.6733973026275635,0.4755425751209259,0.4615427553653717,0.12313421815633774,0.752856969833374
variant_F2,held_out_val_6bba_t35_p02_crowded,held_out_val,6bba_43fea39d,35,crowded,0.46948766708374023,0.15247872471809387,0.1370358169078827,0.8152835369110107,0.29838165640830994,0.4258304536342621,0.6921548843383789,0.0,0.0,0.0,0.4358719289302826,0.4106748104095459,0.24928796291351318,0.8152835369110107,0.47372332215309143,0.43602505326271057,0.1370358169078827,0.8127250075340271
variant_F2,held_out_val_6bba_t50_p03_crowded,held_out_val,6bba_43fea39d,50,crowded,0.47137367725372314,0.14913131296634674,0.0943293571472168,0.7498906850814819,0.2926563024520874,0.4622955918312073,0.6677515506744385,0.0,0.0,0.0,0.4309963285923004,0.43917378783226013,0.24193911254405975,0.6994977593421936,0.47421932220458984,0.4744833707809448,0.0943293571472168,0.7498906850814819
variant_F2,held_out_val_6bba_t20_p04_crowded,held_out_val,6bba_43fea39d,20,crowded,0.4731096625328064,0.1447119563817978,0.1071535274386406,0.7271093726158142,0.28611278533935547,0.4934871196746826,0.6550960540771484,0.0,0.0,0.0,0.35560381412506104,0.34338077902793884,0.19030798971652985,0.6154544353485107,0.47676539421081543,0.5015106201171875,0.1071535274386406,0.7271093726158142
variant_F2,held_out_val_6bba_t80_p05_isolated,held_out_val,6bba_43fea39d,80,isolated,0.47243884205818176,0.1415761262178421,0.10719126462936401,0.8019325137138367,0.29518410563468933,0.47480258345603943,0.661206841468811,0.0,0.0,0.0,0.4589223861694336,0.4533107578754425,0.2510485351085663,0.7759919762611389,0.4743199944496155,0.47854965925216675,0.11584509164094925,0.8019325137138367
variant_F2,held_out_val_6bba_t35_p06_isolated,held_out_val,6bba_43fea39d,35,isolated,0.47057044506073,0.14905501902103424,0.15413184463977814,0.7886143922805786,0.29102060198783875,0.4555480182170868,0.6803667545318604,0.0,0.0,0.0,0.33415502309799194,0.3316539525985718,0.23518872261047363,0.45976293087005615,0.47293201088905334,0.46037307381629944,0.15413184463977814,0.7886143922805786
variant_F2,held_out_val_6bba_t35_p07_isolated,held_out_val,6bba_43fea39d,35,isolated,0.4713612496852875,0.14829957485198975,0.13230691850185394,0.8552833795547485,0.2957293689250946,0.4484666585922241,0.6792498826980591,0.0,0.0,0.0,0.42722633481025696,0.4296644926071167,0.2545650899410248,0.6243599057197571,0.47302526235580444,0.4524013102054596,0.13230691850185394,0.8552833795547485
variant_F2,held_out_val_6bba_t80_p08_isolated,held_out_val,6bba_43fea39d,80,isolated,0.4720780849456787,0.1434611976146698,0.06401531398296356,0.7638682126998901,0.29483774304389954,0.47548842430114746,0.6609475612640381,0.0,0.0,0.0,0.4327615201473236,0.44719627499580383,0.29059433937072754,0.5281412601470947,0.4734657108783722,0.4790966808795929,0.06401531398296356,0.7638682126998901
variant_F2,held_out_val_6bba_t20_p09_boundary,held_out_val,6bba_43fea39d,20,boundary,0.47413909435272217,0.13811920583248138,0.11051096767187119,0.7521430850028992,0.28752514719963074,0.4968900680541992,0.6447093486785889,0.0,0.0,0.0,0.3964788317680359,0.40719839930534363,0.20165729522705078,0.5983318090438843,0.4760361611843109,0.5005685091018677,0.11051096767187119,0.7521430850028992
variant_F2,held_out_val_6bba_t50_p10_boundary,held_out_val,6bba_43fea39d,50,boundary,0.47580498456954956,0.1320108324289322,0.03451061248779297,0.8397517800331116,0.29925674200057983,0.504419207572937,0.6282020807266235,0.0,0.0001983642578125,0.0,0.45592647790908813,0.46045246720314026,0.2192000299692154,0.7307142019271851,0.4777524471282959,0.5066685676574707,0.03451061248779297,0.7881154417991638
variant_F2,held_out_val_6bba_t35_p11_zero_annotation,held_out_val,6bba_43fea39d,35,zero_annotation,0.46757158637046814,0.15725094079971313,0.16725178062915802,0.9379246830940247,0.29006898403167725,0.42993712425231934,0.7006774544715881,0.0,0.0,0.0,,,,,0.46757158637046814,0.42993712425231934,0.16725178062915802,0.9379246830940247
variant_F2,held_out_val_6bba_t65_p12_zero_annotation,held_out_val,6bba_43fea39d,65,zero_annotation,0.4659588634967804,0.15445813536643982,0.16656804084777832,0.8960849642753601,0.30065053701400757,0.41779980063438416,0.7065368890762329,0.0,0.0,0.0,,,,,0.4659588634967804,0.41779980063438416,0.16656804084777832,0.8960849642753601
variant_F3,train_6bba_t15_p01_crowded,train,6bba_bb9f20c3,15,crowded,0.08166227489709854,0.12746381759643555,0.0026367628015577793,0.7449984550476074,0.005518114194273949,0.011443005874752998,0.30012789368629456,0.4655914306640625,0.6952285766601562,0.0,0.4267132878303528,0.4194841682910919,0.1309996098279953,0.6543010473251343,0.07657882571220398,0.010900003835558891,0.0026367628015577793,0.7449984550476074
variant_F3,train_6bba_t35_p02_crowded,train,6bba_bb9f20c3,35,crowded,0.08027692884206772,0.12148652970790863,0.0031595402397215366,0.7111803889274597,0.005686971824616194,0.011831240728497505,0.28437215089797974,0.45552825927734375,0.6804046630859375,0.0,0.38488098978996277,0.3947151303291321,0.1265784353017807,0.5122495889663696,0.07497891038656235,0.01141281146556139,0.0031595402397215366,0.7111803889274597
variant_F3,train_6bba_t40_p03_crowded,train,6bba_bb9f20c3,40,crowded,0.0794164165854454,0.11974353343248367,0.0027915823739022017,0.7339459657669067,0.0053221313282847404,0.013212913647294044,0.28108423948287964,0.4334869384765625,0.6793212890625,0.0,0.40966716408729553,0.3946712613105774,0.14909212291240692,0.6400192975997925,0.07270091027021408,0.012119883671402931,0.0027915823739022017,0.7339459657669067
variant_F3,train_6bba_t45_p04_crowded,train,6bba_bb9f20c3,45,crowded,0.08167050778865814,0.12504366040229797,0.004338458646088839,0.7174504399299622,0.00594590837135911,0.010814076289534569,0.294918954372406,0.4751129150390625,0.6896896362304688,0.0,0.41765540838241577,0.4056645631790161,0.23431839048862457,0.680966854095459,0.07306597381830215,0.010165753774344921,0.004338458646088839,0.7174504399299622
variant_F3,train_6bba_t55_p05_crowded,train,6bba_bb9f20c3,55,crowded,0.07927867770195007,0.11641225963830948,0.001822926220484078,0.7524677515029907,0.004702779930084944,0.010468868538737297,0.27708059549331665,0.46245574951171875,0.6798019409179688,0.0,0.4173547327518463,0.39809945225715637,0.265896201133728,0.7524677515029907,0.07314541935920715,0.010205875150859356,0.001822926220484078,0.7061957120895386
variant_F3,train_6bba_t55_p06_crowded,train,6bba_bb9f20c3,55,crowded,0.08070279657840729,0.12284223735332489,0.0037350989878177643,0.6871652007102966,0.00547567754983902,0.011762000620365143,0.2904569208621979,0.45580291748046875,0.6853103637695312,0.0,0.41152215003967285,0.393577516078949,0.14258237183094025,0.6871652007102966,0.07302489131689072,0.010747890919446945,0.0037350989878177643,0.6780388951301575
variant_F3,train_6bba_t15_p07_crowded,train,6bba_bb9f20c3,15,crowded,0.07962527871131897,0.11789607256650925,0.0031130309216678143,0.6814782023429871,0.005272750277072191,0.012032309547066689,0.2801894545555115,0.45792388916015625,0.6763763427734375,0.0,0.37747079133987427,0.3795716166496277,0.08822175860404968,0.6712046265602112,0.07347126305103302,0.010993141680955887,0.0031130309216678143,0.6814782023429871
variant_F3,train_6bba_t25_p08_crowded,train,6bba_bb9f20c3,25,crowded,0.07983098179101944,0.11876485496759415,0.0028319021221250296,0.6969331502914429,0.00535556860268116,0.012393445707857609,0.27977392077445984,0.44676971435546875,0.6772994995117188,0.0,0.37468335032463074,0.3681410849094391,0.12667380273342133,0.6402560472488403,0.07322228699922562,0.011373958550393581,0.0028319021221250296,0.6969331502914429
variant_F3,train_6bba_t10_p09_crowded,train,6bba_bb9f20c3,10,crowded,0.08291800320148468,0.13300083577632904,0.0025468922685831785,0.7650721669197083,0.005652746185660362,0.01109423115849495,0.3113665282726288,0.45484161376953125,0.70953369140625,0.0,0.4313259422779083,0.43576014041900635,0.1621411144733429,0.562233030796051,0.07631688565015793,0.010739162564277649,0.0025468922685831785,0.7650721669197083
variant_F3,train_6bba_t40_p10_crowded,train,6bba_bb9f20c3,40,crowded,0.08128565549850464,0.12380232661962509,0.003425800474360585,0.7319342494010925,0.005619097035378218,0.011048262938857079,0.28963154554367065,0.47844696044921875,0.6886062622070312,0.0,0.41601401567459106,0.41145238280296326,0.2076745629310608,0.5974945425987244,0.07718349993228912,0.01039708312600851,0.003425800474360585,0.7319342494010925
variant_F3,train_6bba_t35_p11_crowded,train,6bba_bb9f20c3,35,crowded,0.08031229674816132,0.12141776084899902,0.0026240551378577948,0.7496057152748108,0.005503167863935232,0.012323152273893356,0.2857644557952881,0.4502716064453125,0.6829833984375,0.0,0.3898477554321289,0.377102255821228,0.11711444705724716,0.6645740866661072,0.0750841498374939,0.011299052275717258,0.0026240551378577948,0.7496057152748108
variant_F3,train_6bba_t45_p12_crowded,train,6bba_bb9f20c3,45,crowded,0.08081938326358795,0.12329668551683426,0.0027025395538657904,0.7640730738639832,0.005655262619256973,0.012044645845890045,0.28917351365089417,0.44775390625,0.6846771240234375,0.0,0.43206724524497986,0.41837647557258606,0.16307836771011353,0.7640730738639832,0.07386212050914764,0.011173209175467491,0.0027025395538657904,0.7325704097747803
variant_F3,train_6bba_t20_p13_crowded,train,6bba_bb9f20c3,20,crowded,0.07994983345270157,0.11969351768493652,0.0022023573983460665,0.750700056552887,0.004967149347066879,0.010410642251372337,0.283316045999527,0.4896240234375,0.6843719482421875,0.0,0.32630106806755066,0.33291447162628174,0.04648790508508682,0.5753009915351868,0.07534240186214447,0.009914116933941841,0.0022023573983460665,0.750700056552887
variant_F3,train_6bba_t20_p14_crowded,train,6bba_bb9f20c3,20,crowded,0.08003850281238556,0.12049046903848648,0.002232893602922559,0.7105846405029297,0.0051840306259691715,0.011638134717941284,0.2874317765235901,0.4655303955078125,0.6822891235351562,0.0,0.40660518407821655,0.3892562687397003,0.1701105684041977,0.7105846405029297,0.07498348504304886,0.010666636750102043,0.002232893602922559,0.679787278175354
variant_F3,train_6bba_t15_p15_crowded,train,6bba_bb9f20c3,15,crowded,0.08194313943386078,0.129864901304245,0.003007258055731654,0.7560210824012756,0.005570686887949705,0.011333359405398369,0.302275687456131,0.47289276123046875,0.6975860595703125,0.0,0.4164881706237793,0.382412314414978,0.2635425627231598,0.7041775584220886,0.07740280777215958,0.010736985132098198,0.003007258055731654,0.7560210824012756
variant_F3,train_6bba_t30_p16_crowded,train,6bba_bb9f20c3,30,crowded,0.0820370689034462,0.12797725200653076,0.0033576791174709797,0.7768738865852356,0.005479910876601934,0.011035401374101639,0.3018673062324524,0.47552490234375,0.7013092041015625,0.0,0.4173474609851837,0.4147130250930786,0.14985811710357666,0.6431558132171631,0.07715587317943573,0.010462054051458836,0.0033576791174709797,0.7768738865852356
variant_F3,train_6bba_t50_p17_crowded,train,6bba_bb9f20c3,50,crowded,0.08039972931146622,0.12200755625963211,0.0033188487868756056,0.7425408959388733,0.005418137647211552,0.012405585497617722,0.28722837567329407,0.44202423095703125,0.6877365112304688,0.0,0.43098363280296326,0.4143969416618347,0.09965993463993073,0.7425408959388733,0.07208892703056335,0.011420529335737228,0.0033188487868756056,0.6484042406082153
variant_F3,train_6bba_t55_p18_crowded,train,6bba_bb9f20c3,55,crowded,0.08082528412342072,0.12359200417995453,0.0026266025379300117,0.7969160079956055,0.005193639546632767,0.010332025587558746,0.28741562366485596,0.4857635498046875,0.6909942626953125,0.0,0.42803820967674255,0.4491645097732544,0.22145763039588928,0.6026217341423035,0.07540405541658401,0.010002912022173405,0.0026266025379300117,0.7959533333778381
variant_F3,train_6bba_t45_p19_crowded,train,6bba_bb9f20c3,45,crowded,0.08198859542608261,0.12693174183368683,0.0024136134888976812,0.6739763617515564,0.005365375429391861,0.011170435696840286,0.3041849732398987,0.46108245849609375,0.7031021118164062,0.0,0.4336085915565491,0.4180208444595337,0.280166357755661,0.579367458820343,0.07442501187324524,0.010610414668917656,0.0024136134888976812,0.6739763617515564
variant_F3,train_6bba_t15_p20_crowded,train,6bba_bb9f20c3,15,crowded,0.08037561923265457,0.11962669342756271,0.0037776934914290905,0.7003333568572998,0.005372453480958939,0.011254902929067612,0.28177767992019653,0.46563720703125,0.6822662353515625,0.0,0.2598623037338257,0.3364531993865967,0.005323219578713179,0.6104145050048828,0.07756098359823227,0.010963590815663338,0.0037776934914290905,0.7003333568572998
variant_F3,train_6bba_t30_p21_crowded,train,6bba_bb9f20c3,30,crowded,0.08082856237888336,0.1224740743637085,0.0027443887665867805,0.769877552986145,0.005753824487328529,0.011827606707811356,0.2914706766605377,0.45572662353515625,0.6844329833984375,0.0,0.41098424792289734,0.39858701825141907,0.11901373416185379,0.769877552986145,0.0731733962893486,0.010787444189190865,0.0027443887665867805,0.6194204092025757
variant_F3,train_6bba_t50_p22_crowded,train,6bba_bb9f20c3,50,crowded,0.07932640612125397,0.11812500655651093,0.0031621349044144154,0.7311875224113464,0.005254971329122782,0.0131391491740942,0.2799035906791687,0.4425201416015625,0.67840576171875,0.0,0.42082878947257996,0.4097406268119812,0.2937265634536743,0.665910005569458,0.07294142246246338,0.0121522918343544,0.0031621349044144154,0.7311875224113464
variant_F3,train_6bba_t10_p23_crowded,train,6bba_bb9f20c3,10,crowded,0.07966131716966629,0.11963945627212524,0.002773381769657135,0.7700561285018921,0.005156967788934708,0.013219061307609081,0.27958232164382935,0.438629150390625,0.67913818359375,0.0,0.40260621905326843,0.38204747438430786,0.10754866153001785,0.7058406472206116,0.07322265952825546,0.011940864846110344,0.002773381769657135,0.7700561285018921
variant_F3,train_6bba_t10_p24_crowded,train,6bba_bb9f20c3,10,crowded,0.0798872709274292,0.11955220252275467,0.0030805435962975025,0.7364065051078796,0.005299557466059923,0.012089768424630165,0.2802056670188904,0.45531463623046875,0.67864990234375,0.0,0.434175968170166,0.4154267907142639,0.2458132654428482,0.7364065051078796,0.07666606456041336,0.011546042747795582,0.0030805435962975025,0.6764928698539734
variant_F3,train_6bba_t10_p25_isolated,train,6bba_bb9f20c3,10,isolated,0.08119670301675797,0.12508320808410645,0.003102733753621578,0.8179965019226074,0.005422127898782492,0.01138294953852892,0.2942867577075958,0.4725799560546875,0.6934127807617188,0.0,0.4053391218185425,0.3975294828414917,0.27940061688423157,0.5660942792892456,0.0775858536362648,0.010977588593959808,0.003102733753621578,0.8179965019226074
variant_F3,train_6bba_t20_p26_isolated,train,6bba_bb9f20c3,20,isolated,0.08033466339111328,0.12255582958459854,0.002676103264093399,0.7766981720924377,0.005477618426084518,0.012097818776965141,0.28629881143569946,0.45029449462890625,0.6812820434570312,0.0,0.3693494200706482,0.38040852546691895,0.050675708800554276,0.5600987076759338,0.07813312858343124,0.011563096195459366,0.002676103264093399,0.7766981720924377
variant_F3,train_6bba_t35_p27_isolated,train,6bba_bb9f20c3,35,isolated,0.08001668751239777,0.11926314979791641,0.002739736344665289,0.6924183368682861,0.005287689156830311,0.011461671441793442,0.28387418389320374,0.45787811279296875,0.6797332763671875,0.0,0.412565141916275,0.39274486899375916,0.22014255821704865,0.6924183368682861,0.07653307169675827,0.011148229241371155,0.002739736344665289,0.6746703386306763
variant_F3,train_6bba_t40_p28_isolated,train,6bba_bb9f20c3,40,isolated,0.07878295332193375,0.11530545353889465,0.002874461468309164,0.6637873649597168,0.005170400254428387,0.013239347375929356,0.273966521024704,0.4446868896484375,0.6700439453125,0.0,0.38909047842025757,0.3792644143104553,0.27746662497520447,0.5485208630561829,0.07678766548633575,0.012704656459391117,0.002874461468309164,0.6637873649597168
variant_F3,train_6bba_t25_p29_isolated,train,6bba_bb9f20c3,25,isolated,0.07914422452449799,0.1168411374092102,0.002528723794966936,0.7018706798553467,0.0051319794729352,0.012294875457882881,0.27645450830459595,0.4532012939453125,0.673492431640625,0.0,0.40060511231422424,0.36956095695495605,0.23548133671283722,0.6505748629570007,0.07682336866855621,0.011749004013836384,0.002528723794966936,0.7018706798553467
variant_F3,train_6bba_t25_p30_isolated,train,6bba_bb9f20c3,25,isolated,0.08096085488796234,0.1248442754149437,0.003628195496276021,0.7808095812797546,0.005746328737586737,0.011864226311445236,0.28957515954971313,0.44521331787109375,0.6929779052734375,0.0,0.37192726135253906,0.3685580790042877,0.09060440957546234,0.552854061126709,0.07708819210529327,0.011495238170027733,0.003628195496276021,0.7808095812797546
variant_F3,train_6bba_t45_p31_isolated,train,6bba_bb9f20c3,45,isolated,0.08216480910778046,0.12789015471935272,0.0032792496494948864,0.7856450080871582,0.005779738537967205,0.011415453627705574,0.29995012283325195,0.469085693359375,0.7010650634765625,0.0,0.42859363555908203,0.4315972328186035,0.28683382272720337,0.5135969519615173,0.07674352079629898,0.010867539793252945,0.0032792496494948864,0.7856450080871582
variant_F3,train_6bba_t30_p32_isolated,train,6bba_bb9f20c3,30,isolated,0.07915645837783813,0.11887755990028381,0.0029456806369125843,0.7745877504348755,0.0052219233475625515,0.013585252687335014,0.2785124182701111,0.4380950927734375,0.675933837890625,0.0,0.45754626393318176,0.4525875151157379,0.3161991238594055,0.6462498903274536,0.07604902237653732,0.012992185540497303,0.0029456806369125843,0.7745877504348755
variant_F3,train_6bba_t55_p33_isolated,train,6bba_bb9f20c3,55,isolated,0.08236072957515717,0.12949196994304657,0.0023292710538953543,0.7335094213485718,0.005584963597357273,0.011325078085064888,0.3074900805950165,0.46457672119140625,0.7035446166992188,0.0,0.37867429852485657,0.3698543906211853,0.1900964081287384,0.518464207649231,0.07705144584178925,0.010860553942620754,0.0023292710538953543,0.7335094213485718
variant_F3,train_6bba_t25_p34_isolated,train,6bba_bb9f20c3,25,isolated,0.08057096600532532,0.12385028600692749,0.0029546699952334166,0.7695336937904358,0.005664818920195103,0.012261980213224888,0.2863158881664276,0.44512939453125,0.6849136352539062,0.0,0.4039434492588043,0.39307069778442383,0.19288146495819092,0.6239445805549622,0.0765232965350151,0.011776316910982132,0.0029546699952334166,0.7695336937904358
variant_F3,train_6bba_t25_p35_isolated,train,6bba_bb9f20c3,25,isolated,0.08025579154491425,0.12122415006160736,0.0021629412658512592,0.7855291962623596,0.004870094824582338,0.010562427341938019,0.2864958643913269,0.46329498291015625,0.6876068115234375,0.0,0.4533073306083679,0.40963056683540344,0.2900383174419403,0.7855291962623596,0.07635249942541122,0.010374655947089195,0.0021629412658512592,0.6753182411193848
variant_F3,train_6bba_t15_p36_isolated,train,6bba_bb9f20c3,15,isolated,0.08162848651409149,0.12560053169727325,0.0026042030658572912,0.7402973771095276,0.005497823469340801,0.011187993921339512,0.29464834928512573,0.46846771240234375,0.6946182250976562,0.0,0.3963356018066406,0.3884175717830658,0.09320540726184845,0.709730327129364,0.07812486588954926,0.0108127910643816,0.0026042030658572912,0.7402973771095276
variant_F3,train_6bba_t50_p37_isolated,train,6bba_bb9f20c3,50,isolated,0.0826285257935524,0.12835228443145752,0.0034001136664301157,0.700018584728241,0.005645961966365576,0.010745862498879433,0.3023608922958374,0.47994232177734375,0.7039413452148438,0.0,0.45397117733955383,0.439113587141037,0.2845582962036133,0.6986619234085083,0.0790824443101883,0.010397367179393768,0.0034001136664301157,0.700018584728241
variant_F3,train_6bba_t50_p38_isolated,train,6bba_bb9f20c3,50,isolated,0.08033481985330582,0.12091218680143356,0.002930098446086049,0.7187722325325012,0.005211565177887678,0.011753149330615997,0.284244179725647,0.4650421142578125,0.6835174560546875,0.0,0.4182564318180084,0.3902599513530731,0.26005426049232483,0.711195170879364,0.07779854536056519,0.011419436894357204,0.002930098446086049,0.7187722325325012
variant_F3,train_6bba_t30_p39_isolated,train,6bba_bb9f20c3,30,isolated,0.07976309955120087,0.11840231716632843,0.0029579787515103817,0.7886812686920166,0.00533544085919857,0.011595109477639198,0.28094616532325745,0.4540557861328125,0.6771926879882812,0.0,0.4722694158554077,0.439322829246521,0.2705993354320526,0.7886812686920166,0.07625886052846909,0.011189312674105167,0.0029579787515103817,0.6573566794395447
variant_F3,train_6bba_t20_p40_boundary,train,6bba_bb9f20c3,20,boundary,0.0796595960855484,0.11836088448762894,0.0027449552435427904,0.7694689631462097,0.005267823114991188,0.011570869013667107,0.27724623680114746,0.4673614501953125,0.6772842407226562,0.0,0.4456697702407837,0.41881707310676575,0.27012521028518677,0.7121260166168213,0.07660038024187088,0.0111355260014534,0.0027449552435427904,0.7694689631462097
variant_F3,train_6bba_t55_p41_boundary,train,6bba_bb9f20c3,55,boundary,0.0817265585064888,0.1257256269454956,0.0030755451880395412,0.7162166833877563,0.00570687185972929,0.010600505396723747,0.29991579055786133,0.49005889892578125,0.6946029663085938,0.0,0.45724284648895264,0.4065125584602356,0.2949022650718689,0.6237064599990845,0.07697378098964691,0.010164283215999603,0.0030755451880395412,0.7162166833877563
variant_F3,train_6bba_t15_p42_boundary,train,6bba_bb9f20c3,15,boundary,0.08041843771934509,0.12252037227153778,0.002619061851873994,0.7368693947792053,0.005506069399416447,0.011804867535829544,0.28741851449012756,0.462493896484375,0.6838607788085938,0.0,0.4315834641456604,0.40301355719566345,0.24722187221050262,0.7368693947792053,0.07828044146299362,0.011479245498776436,0.002619061851873994,0.728455662727356
variant_F3,train_6bba_t55_p43_boundary,train,6bba_bb9f20c3,55,boundary,0.08074299991130829,0.1232152059674263,0.0023854917380958796,0.6806583404541016,0.005125909112393856,0.011430110782384872,0.29219263792037964,0.4693145751953125,0.6897811889648438,0.0,0.45629656314849854,0.45118778944015503,0.21875397861003876,0.6670278906822205,0.07795019447803497,0.011004485189914703,0.0023854917380958796,0.6806583404541016
variant_F3,train_44b6_t40_p01_crowded,train,44b6_d29c9ab2,40,crowded,0.08015616983175278,0.12187424302101135,0.0034029053058475256,0.7774335741996765,0.005476078949868679,0.011939886026084423,0.28471049666404724,0.45900726318359375,0.6808547973632812,0.0,0.4035688638687134,0.39926862716674805,0.2469242960214615,0.5669516324996948,0.07614105194807053,0.011167863383889198,0.0034029053058475256,0.7774335741996765
variant_F3,train_44b6_t45_p02_crowded,train,44b6_d29c9ab2,45,crowded,0.08025383949279785,0.12317841500043869,0.0031114318408071995,0.7843313217163086,0.0054782601073384285,0.011981467716395855,0.2805594205856323,0.46454620361328125,0.6810302734375,0.0,0.4347856640815735,0.4105123281478882,0.2405775785446167,0.7407634258270264,0.07648678869009018,0.011256495490670204,0.0031114318408071995,0.7843313217163086
variant_F3,train_44b6_t55_p03_crowded,train,44b6_d29c9ab2,55,crowded,0.08024215698242188,0.12258562445640564,0.003279539290815592,0.7020373940467834,0.005328713916242123,0.012092533521354198,0.2849661409854889,0.45084381103515625,0.6821670532226562,0.0,0.41065898537635803,0.40286964178085327,0.18837329745292664,0.6110520362854004,0.0729767233133316,0.010936884209513664,0.003279539290815592,0.7020373940467834
variant_F3,train_44b6_t40_p04_crowded,train,44b6_d29c9ab2,40,crowded,0.08156955242156982,0.12838968634605408,0.0029663171153515577,0.8453139066696167,0.005320061929523945,0.011502554640173912,0.2946477234363556,0.44867706298828125,0.6986160278320312,0.0,0.42466074228286743,0.4115668833255768,0.19468389451503754,0.8453139066696167,0.07666105031967163,0.010787955485284328,0.0029663171153515577,0.7498086094856262
variant_F3,train_44b6_t15_p05_crowded,train,44b6_d29c9ab2,15,crowded,0.08061175048351288,0.12397436797618866,0.003321070224046707,0.7837036848068237,0.0056580305099487305,0.011683950200676918,0.2850573658943176,0.46543121337890625,0.6850128173828125,0.0,0.4494137763977051,0.4315251111984253,0.19971050322055817,0.7837036848068237,0.07421978563070297,0.0107656791806221,0.003321070224046707,0.7540279030799866
variant_F3,train_44b6_t20_p06_crowded,train,44b6_d29c9ab2,20,crowded,0.07995983958244324,0.12033172696828842,0.0031414213590323925,0.6948609948158264,0.005470670759677887,0.011095625348389149,0.2762189209461212,0.47641754150390625,0.6760406494140625,0.0,0.41288191080093384,0.40690478682518005,0.18029877543449402,0.6552280187606812,0.07725782692432404,0.010585648007690907,0.0031414213590323925,0.6948609948158264
variant_F3,train_44b6_t40_p07_crowded,train,44b6_d29c9ab2,40,crowded,0.08213035762310028,0.12815037369728088,0.0033165591303259134,0.7565686106681824,0.0057441131211817265,0.011066846549510956,0.2956632971763611,0.46854400634765625,0.6963729858398438,0.0,0.40107136964797974,0.3845226764678955,0.21783773601055145,0.6876503229141235,0.07923909276723862,0.010581224225461483,0.0033165591303259134,0.7565686106681824
variant_F3,train_44b6_t50_p08_crowded,train,44b6_d29c9ab2,50,crowded,0.08064376562833786,0.12376918643712997,0.0028303673025220633,0.7497349381446838,0.005452529061585665,0.011722610332071781,0.2906484007835388,0.45551300048828125,0.6867141723632812,0.0,0.42701250314712524,0.42025208473205566,0.19072003662586212,0.7353376150131226,0.07458707690238953,0.010882869362831116,0.0028303673025220633,0.7497349381446838
variant_F3,train_44b6_t10_p09_crowded,train,44b6_d29c9ab2,10,crowded,0.08100955188274384,0.12572354078292847,0.003413330065086484,0.743114173412323,0.005600680131465197,0.012062955647706985,0.2895140051841736,0.45177459716796875,0.6897201538085938,0.0,0.4386732280254364,0.42868518829345703,0.23663568496704102,0.743114173412323,0.07732294499874115,0.011515718884766102,0.003413330065086484,0.7366628646850586
variant_F3,train_44b6_t30_p10_crowded,train,44b6_d29c9ab2,30,crowded,0.08143621683120728,0.12666983902454376,0.00307762180455029,0.7324959635734558,0.005538534373044968,0.011503631249070168,0.2946716845035553,0.4556121826171875,0.6943359375,0.0,0.38898152112960815,0.384009450674057,0.10924097895622253,0.6284157037734985,0.07702728360891342,0.010838895104825497,0.00307762180455029,0.7324959635734558
variant_F3,train_44b6_t35_p11_crowded,train,44b6_d29c9ab2,35,crowded,0.08078105747699738,0.12488396465778351,0.0027749992441385984,0.754393994808197,0.00548938661813736,0.011638710275292397,0.287936270236969,0.456878662109375,0.6875152587890625,0.0,0.4196784496307373,0.4079509377479553,0.18655018508434296,0.754393994808197,0.07430922985076904,0.010600208304822445,0.0027749992441385984,0.6718218326568604
variant_F3,train_44b6_t45_p12_crowded,train,44b6_d29c9ab2,45,crowded,0.08146502077579498,0.12498562037944794,0.0035542496480047703,0.8316078782081604,0.005588297266513109,0.010903134942054749,0.292572021484375,0.4733734130859375,0.6887893676757812,0.0,0.3798977732658386,0.36860644817352295,0.12851938605308533,0.6573426127433777,0.0783790722489357,0.01043558306992054,0.0035542496480047703,0.8316078782081604
variant_F3,train_44b6_t25_p13_crowded,train,44b6_d29c9ab2,25,crowded,0.08067920804023743,0.1242368072271347,0.0034247965086251497,0.7755382657051086,0.005550749134272337,0.011310206726193428,0.28251078724861145,0.46973419189453125,0.6843719482421875,0.0,0.4244333505630493,0.4095690846443176,0.25627198815345764,0.6999400854110718,0.07691194862127304,0.010636478662490845,0.0034247965086251497,0.7755382657051086
variant_F3,train_44b6_t10_p14_crowded,train,44b6_d29c9ab2,10,crowded,0.08099505305290222,0.12523333728313446,0.0032621470745652914,0.740074872970581,0.005738409236073494,0.011359555646777153,0.28660064935684204,0.4701995849609375,0.6859054565429688,0.0,0.4642070233821869,0.4575675129890442,0.26054123044013977,0.740074872970581,0.07725492864847183,0.01070184726268053,0.0032621470745652914,0.7360272407531738
variant_F3,train_44b6_t25_p15_crowded,train,44b6_d29c9ab2,25,crowded,0.08144450187683105,0.12744297087192535,0.00277943373657763,0.7283587455749512,0.005680094473063946,0.011505884118378162,0.2916884124279022,0.46038055419921875,0.691497802734375,0.0,0.43595370650291443,0.4306226968765259,0.08440101146697998,0.7250546813011169,0.07409173995256424,0.010580592788755894,0.00277943373657763,0.7283587455749512
variant_F3,train_44b6_t30_p16_crowded,train,44b6_d29c9ab2,30,crowded,0.0810789167881012,0.12617214024066925,0.0033987597562372684,0.7693370580673218,0.005612121894955635,0.011538784950971603,0.2908684313297272,0.46294403076171875,0.690032958984375,0.0,0.39854174852371216,0.39065882563591003,0.10322544723749161,0.7255317568778992,0.07829567790031433,0.011042261496186256,0.0033987597562372684,0.7693370580673218
variant_F3,train_44b6_t15_p17_crowded,train,44b6_d29c9ab2,15,crowded,0.08069983124732971,0.12306545674800873,0.002799430163577199,0.7442639470100403,0.005680705886334181,0.010968081653118134,0.2835967242717743,0.479522705078125,0.6810836791992188,0.0,0.4211684465408325,0.4021657109260559,0.15901756286621094,0.7442639470100403,0.0772697702050209,0.010313400067389011,0.002799430163577199,0.6665332913398743
variant_F3,train_44b6_t55_p18_crowded,train,44b6_d29c9ab2,55,crowded,0.08010652661323547,0.12151122093200684,0.00320149096660316,0.7116020321846008,0.005521836690604687,0.011900665238499641,0.28051891922950745,0.46332550048828125,0.6799545288085938,0.0,0.43040749430656433,0.426023006439209,0.21615229547023773,0.6468653678894043,0.07717839628458023,0.011221067979931831,0.00320149096660316,0.7116020321846008
variant_F3,train_44b6_t35_p19_crowded,train,44b6_d29c9ab2,35,crowded,0.08145716786384583,0.1246848776936531,0.003473300486803055,0.7505033016204834,0.005688586737960577,0.010814839042723179,0.28938740491867065,0.4775543212890625,0.6895751953125,0.0,0.4094845652580261,0.38669008016586304,0.20244772732257843,0.7153535485267639,0.07780314981937408,0.010309159755706787,0.003473300486803055,0.7505033016204834
variant_F3,train_44b6_t35_p20_crowded,train,44b6_d29c9ab2,35,crowded,0.08050263673067093,0.12512557208538055,0.0029641222208738327,0.7972084879875183,0.0055809300392866135,0.012102197855710983,0.28564974665641785,0.462066650390625,0.6840744018554688,0.0,0.45935070514678955,0.4413498640060425,0.23283147811889648,0.7972084879875183,0.07530565559864044,0.011248951777815819,0.0029641222208738327,0.7749223709106445
variant_F3,train_44b6_t20_p21_crowded,train,44b6_d29c9ab2,20,crowded,0.08101636171340942,0.12487546354532242,0.003227034816518426,0.7802587747573853,0.005655806511640549,0.011271131224930286,0.28741025924682617,0.46875,0.6855316162109375,0.0,0.4473186433315277,0.4375419616699219,0.24935899674892426,0.7231764197349548,0.07628844678401947,0.010616006329655647,0.003227034816518426,0.7802587747573853
variant_F3,train_44b6_t30_p22_crowded,train,44b6_d29c9ab2,30,crowded,0.0809503123164177,0.12673719227313995,0.0033977359998971224,0.8171619772911072,0.005588782485574484,0.01203366369009018,0.2900512218475342,0.45523834228515625,0.6889724731445312,0.0,0.4533250033855438,0.43339523673057556,0.25655853748321533,0.8038599491119385,0.07610513269901276,0.011272295378148556,0.0033977359998971224,0.8171619772911072
variant_F3,train_44b6_t50_p23_crowded,train,44b6_d29c9ab2,50,crowded,0.08065061271190643,0.12486925721168518,0.003475900972262025,0.7893493175506592,0.0055796904489398,0.012059338390827179,0.28693506121635437,0.45841217041015625,0.6863937377929688,0.0,0.4248898923397064,0.41043105721473694,0.23127971589565277,0.6515285968780518,0.07665036618709564,0.011282499879598618,0.003475900972262025,0.7893493175506592
variant_F3,train_44b6_t40_p24_crowded,train,44b6_d29c9ab2,40,crowded,0.0820615142583847,0.127286896109581,0.0032375722657889128,0.8025168180465698,0.0057952869683504105,0.010152613744139671,0.29383420944213867,0.49549102783203125,0.6930007934570312,0.0,0.42007890343666077,0.41585299372673035,0.0783032476902008,0.6398863196372986,0.07814380526542664,0.009808868169784546,0.0032375722657889128,0.8025168180465698
variant_F3,train_44b6_t55_p25_isolated,train,44b6_d29c9ab2,55,isolated,0.08214690536260605,0.12499059736728668,0.003363519674167037,0.7238782644271851,0.0056100692600011826,0.009915080852806568,0.292269766330719,0.50531005859375,0.6944732666015625,0.0,0.38514867424964905,0.37261414527893066,0.19038821756839752,0.6303414702415466,0.08120283484458923,0.009838195517659187,0.003363519674167037,0.7238782644271851
variant_F3,train_44b6_t50_p26_isolated,train,44b6_d29c9ab2,50,isolated,0.0776573047041893,0.11523262411355972,0.0035016110632568598,0.7841350436210632,0.005084233358502388,0.013824041932821274,0.2659314274787903,0.43614959716796875,0.6665878295898438,0.0,0.4561406970024109,0.4503982663154602,0.28291937708854675,0.689518928527832,0.07489876449108124,0.01330544613301754,0.0035016110632568598,0.7841350436210632
variant_F3,train_44b6_t15_p27_isolated,train,44b6_d29c9ab2,15,isolated,0.08147254586219788,0.12863025069236755,0.003203315893188119,0.8255696892738342,0.005449716001749039,0.01183854416012764,0.2923452854156494,0.45900726318359375,0.6968917846679688,0.0,0.43734997510910034,0.4117085337638855,0.1397404968738556,0.8255696892738342,0.07883261889219284,0.011397168040275574,0.003203315893188119,0.7457920908927917
variant_F3,train_44b6_t30_p28_isolated,train,44b6_d29c9ab2,30,isolated,0.08037156611680984,0.12392885982990265,0.0034979740157723427,0.8750686645507812,0.00540622603148222,0.0115529615432024,0.28502127528190613,0.46134185791015625,0.6851806640625,0.0,0.4657112658023834,0.41789311170578003,0.27399662137031555,0.8750686645507812,0.07703591883182526,0.011079221963882446,0.0034979740157723427,0.7440512180328369
variant_F3,train_44b6_t30_p29_isolated,train,44b6_d29c9ab2,30,isolated,0.07959327101707458,0.12005986273288727,0.003384294221177697,0.7713397741317749,0.005278212483972311,0.0120733343064785,0.27962377667427063,0.45883941650390625,0.6781692504882812,0.0,0.4167293310165405,0.41344478726387024,0.07524973154067993,0.7713397741317749,0.07638182491064072,0.011546021327376366,0.003384294221177697,0.7334052920341492
variant_F3,train_44b6_t20_p30_isolated,train,44b6_d29c9ab2,20,isolated,0.08027903735637665,0.1264977604150772,0.0035442612133920193,0.8257312774658203,0.005503554828464985,0.01246771402657032,0.2827819287776947,0.4365386962890625,0.6862716674804688,0.0,0.4554808735847473,0.41473686695098877,0.2658502459526062,0.8257312774658203,0.07781442999839783,0.01214925292879343,0.0035442612133920193,0.789236843585968
variant_F3,train_44b6_t20_p31_isolated,train,44b6_d29c9ab2,20,isolated,0.08009728044271469,0.12338355928659439,0.003632201813161373,0.7993510365486145,0.005382842384278774,0.012029515579342842,0.28145670890808105,0.45813751220703125,0.681854248046875,0.0,0.46980905532836914,0.4318541884422302,0.23432788252830505,0.7993510365486145,0.07699786871671677,0.011612320318818092,0.003632201813161373,0.7796688675880432
variant_F3,train_44b6_t10_p32_isolated,train,44b6_d29c9ab2,10,isolated,0.07795785367488861,0.11388745158910751,0.0035457804333418608,0.7461053729057312,0.0052010295912623405,0.012791157700121403,0.261798620223999,0.4491729736328125,0.6677322387695312,0.0,0.40133070945739746,0.395463764667511,0.21293583512306213,0.6646437644958496,0.0753730833530426,0.012257077731192112,0.0035457804333418608,0.7461053729057312
variant_F3,train_44b6_t45_p33_isolated,train,44b6_d29c9ab2,45,isolated,0.0779140442609787,0.11642201989889145,0.0034005448687821627,0.7825779318809509,0.005110654514282942,0.01374811865389347,0.2654394507408142,0.43157958984375,0.6702880859375,0.0,0.44191497564315796,0.42799901962280273,0.22504331171512604,0.7086465358734131,0.07546728104352951,0.01328530814498663,0.0034005448687821627,0.7825779318809509
variant_F3,train_44b6_t25_p34_isolated,train,44b6_d29c9ab2,25,isolated,0.08009747415781021,0.12462373077869415,0.003641122719272971,0.8381960391998291,0.00549288559705019,0.012086009606719017,0.2822742462158203,0.44512939453125,0.6840591430664062,0.0,0.47341105341911316,0.44793930649757385,0.26209941506385803,0.8381960391998291,0.07747203856706619,0.011744643561542034,0.003641122719272971,0.8010658621788025
variant_F3,train_44b6_t10_p35_isolated,train,44b6_d29c9ab2,10,isolated,0.07985003292560577,0.1210375428199768,0.0033502515871077776,0.745750367641449,0.005546692758798599,0.012165290303528309,0.2780568599700928,0.45781707763671875,0.6764984130859375,0.0,0.4143882393836975,0.4060329794883728,0.25471779704093933,0.5899060964584351,0.07806367427110672,0.011754943057894707,0.0033502515871077776,0.745750367641449
variant_F3,train_44b6_t25_p36_isolated,train,44b6_d29c9ab2,25,isolated,0.08134359121322632,0.12702791392803192,0.003314526518806815,0.7815366983413696,0.005690383724868298,0.011409414932131767,0.2933245301246643,0.461700439453125,0.6914215087890625,0.0,0.4502634108066559,0.4268988370895386,0.25840502977371216,0.7484015226364136,0.07906369119882584,0.011068223975598812,0.003314526518806815,0.7815366983413696
variant_F3,train_44b6_t25_p37_isolated,train,44b6_d29c9ab2,25,isolated,0.08033878356218338,0.12348281592130661,0.0035740716848522425,0.7585645318031311,0.005528534296900034,0.011890735477209091,0.280673623085022,0.45806121826171875,0.686065673828125,0.0,0.45245733857154846,0.43998289108276367,0.2241835594177246,0.7551544904708862,0.07742886245250702,0.011449318379163742,0.0035740716848522425,0.7585645318031311
variant_F3,train_44b6_t55_p38_isolated,train,44b6_d29c9ab2,55,isolated,0.08024358749389648,0.12150518596172333,0.003310234984382987,0.7119240760803223,0.005477245897054672,0.011335508897900581,0.28192082047462463,0.468841552734375,0.6802749633789062,0.0,0.4634414613246918,0.46070557832717896,0.25010353326797485,0.662358820438385,0.07805948704481125,0.011017467826604843,0.003310234984382987,0.7119240760803223
variant_F3,train_44b6_t15_p39_isolated,train,44b6_d29c9ab2,15,isolated,0.07962516695261002,0.11925555020570755,0.0033297277987003326,0.6744880676269531,0.005397791042923927,0.012209832668304443,0.278964638710022,0.4573211669921875,0.6767807006835938,0.0,0.3948332369327545,0.38298124074935913,0.19209203124046326,0.5705280303955078,0.07828647643327713,0.011815696954727173,0.0033297277987003326,0.6744880676269531
variant_F3,train_44b6_t40_p40_isolated,train,44b6_d29c9ab2,40,isolated,0.07784403860569,0.11929834634065628,0.003205682849511504,0.8190261721611023,0.004996667616069317,0.014819485135376453,0.2710309326648712,0.41363525390625,0.6763458251953125,0.0,0.4229181110858917,0.41069355607032776,0.235518217086792,0.6716127991676331,0.07522347569465637,0.01427712757140398,0.003205682849511504,0.8190261721611023
variant_F3,train_44b6_t15_p41_boundary,train,44b6_d29c9ab2,15,boundary,0.07724399864673615,0.1110832542181015,0.0031271311454474926,0.7264336943626404,0.004816660191863775,0.013729842379689217,0.2550319731235504,0.43878173828125,0.6619796752929688,0.0,0.3641830086708069,0.34791299700737,0.07628028094768524,0.677727222442627,0.07496113330125809,0.013244576752185822,0.0031271311454474926,0.7264336943626404
variant_F3,train_44b6_t45_p42_boundary,train,44b6_d29c9ab2,45,boundary,0.08024969696998596,0.12452194839715958,0.0035843669902533293,0.784406304359436,0.00558299059048295,0.01246999017894268,0.2895517945289612,0.4468994140625,0.68975830078125,0.0,0.45299094915390015,0.4402211606502533,0.24102845788002014,0.7201416492462158,0.07828662544488907,0.012165219523012638,0.0035843669902533293,0.784406304359436
variant_F3,train_44b6_t10_p43_boundary,train,44b6_d29c9ab2,10,boundary,0.07758617401123047,0.11203797161579132,0.003262254176661372,0.7591248154640198,0.004951623734086752,0.013027621433138847,0.25630584359169006,0.45281982421875,0.6622314453125,0.0,0.38808318972587585,0.3696367144584656,0.21249523758888245,0.6734713315963745,0.07576844841241837,0.012425165623426437,0.003262254176661372,0.7591248154640198
variant_F3,inner_val_6bba_t85_p01_crowded,inner_val,6bba_bb9f20c3,85,crowded,0.08033277094364166,0.12265167385339737,0.003288556355983019,0.7013484239578247,0.005323687568306923,0.012710953131318092,0.2870785593986511,0.435302734375,0.6867904663085938,0.0,0.3762999475002289,0.3697855472564697,0.049551475793123245,0.6384729743003845,0.07094346731901169,0.011307611130177975,0.003288556355983019,0.7013484239578247
variant_F3,inner_val_6bba_t75_p02_crowded,inner_val,6bba_bb9f20c3,75,crowded,0.08258028328418732,0.12915639579296112,0.0032231095246970654,0.7158650755882263,0.005742513108998537,0.010859061032533646,0.30297672748565674,0.4762115478515625,0.7008056640625,0.0,0.4094778001308441,0.3917744755744934,0.10369237512350082,0.6517536640167236,0.07744427770376205,0.010345054790377617,0.0032231095246970654,0.7158650755882263
variant_F3,inner_val_6bba_t85_p03_crowded,inner_val,6bba_bb9f20c3,85,crowded,0.08151239156723022,0.12406249344348907,0.003676146734505892,0.8036506175994873,0.005468021612614393,0.010703528299927711,0.2935526371002197,0.482574462890625,0.6935653686523438,0.0,0.3142624795436859,0.3063083291053772,0.07909489423036575,0.49521252512931824,0.07694239914417267,0.010173743590712547,0.003676146734505892,0.8036506175994873
variant_F3,inner_val_6bba_t80_p04_crowded,inner_val,6bba_bb9f20c3,80,crowded,0.08072531968355179,0.12344260513782501,0.003006294835358858,0.7206926345825195,0.005693755112588406,0.011968787759542465,0.28974851965904236,0.45059967041015625,0.6844711303710938,0.0,0.45093050599098206,0.42693984508514404,0.1697126179933548,0.7206926345825195,0.07058536261320114,0.010991492308676243,0.003006294835358858,0.6816100478172302
variant_F3,inner_val_6bba_t75_p05_isolated,inner_val,6bba_bb9f20c3,75,isolated,0.07973235100507736,0.11965794861316681,0.003054047003388405,0.7480596899986267,0.005470850504934788,0.012522343546152115,0.2808521091938019,0.4375152587890625,0.6807861328125,0.0,0.4123918414115906,0.41818907856941223,0.11204180866479874,0.5410435199737549,0.0751040130853653,0.011920479126274586,0.003054047003388405,0.7480596899986267
variant_F3,inner_val_6bba_t75_p06_isolated,inner_val,6bba_bb9f20c3,75,isolated,0.0811377465724945,0.12354154139757156,0.0017772611463442445,0.6618982553482056,0.005045827478170395,0.010827962309122086,0.2965945601463318,0.42450714111328125,0.698486328125,0.0,0.3838037848472595,0.3696769177913666,0.24098503589630127,0.5212118029594421,0.07736947387456894,0.01065758801996708,0.0017772611463442445,0.6618982553482056
variant_F3,inner_val_6bba_t90_p07_isolated,inner_val,6bba_bb9f20c3,90,isolated,0.08218702673912048,0.1304101049900055,0.00209231860935688,0.7187727689743042,0.005598350428044796,0.011827989481389523,0.3055521547794342,0.4610137939453125,0.7005767822265625,0.0,0.477277547121048,0.4178168475627899,0.32689544558525085,0.6172055006027222,0.0769323855638504,0.011480453424155712,0.00209231860935688,0.7187727689743042
variant_F3,inner_val_6bba_t90_p08_boundary,inner_val,6bba_bb9f20c3,90,boundary,0.08023893088102341,0.12407972663640976,0.0029993425123393536,0.7715782523155212,0.0059279100969433784,0.012785835191607475,0.28263553977012634,0.44831085205078125,0.6835708618164062,0.0,0.49874886870384216,0.49433183670043945,0.2743125855922699,0.7587243318557739,0.07508473843336105,0.012214893475174904,0.0029993425123393536,0.7333184480667114
variant_F3,inner_val_6bba_t90_p09_zero_annotation,inner_val,6bba_bb9f20c3,90,zero_annotation,0.07940486073493958,0.11343680322170258,0.003742178436368704,0.7962737679481506,0.005497046746313572,0.009802695363759995,0.26892465353012085,0.5043487548828125,0.6646499633789062,0.0,,,,,0.0793893113732338,0.009802221320569515,0.003742178436368704,0.7962737679481506
variant_F3,inner_val_6bba_t90_p10_zero_annotation,inner_val,6bba_bb9f20c3,90,zero_annotation,0.07981714606285095,0.11438047140836716,0.0036924337036907673,0.7013330459594727,0.00544336810708046,0.010572361759841442,0.27525794506073,0.486602783203125,0.67169189453125,0.0,,,,,0.07967828959226608,0.010563556104898453,0.0036924337036907673,0.7013330459594727
variant_F3,inner_val_44b6_t80_p01_crowded,inner_val,44b6_d29c9ab2,80,crowded,0.08023077249526978,0.12349175661802292,0.0030951842200011015,0.726804792881012,0.00533266318961978,0.012475624680519104,0.2841343879699707,0.44829559326171875,0.6850509643554688,0.0,0.44069841504096985,0.43755558133125305,0.1893201619386673,0.726804792881012,0.07406071573495865,0.011433807201683521,0.0030951842200011015,0.6983704566955566
variant_F3,inner_val_44b6_t85_p02_crowded,inner_val,44b6_d29c9ab2,85,crowded,0.08039437979459763,0.1225290447473526,0.002953191287815571,0.6840112209320068,0.005464253947138786,0.01214731577783823,0.28698495030403137,0.45673370361328125,0.6839141845703125,0.0,0.42365774512290955,0.4248385429382324,0.07254202663898468,0.6348438262939453,0.07368497550487518,0.011146425269544125,0.002953191287815571,0.6840112209320068
variant_F3,inner_val_44b6_t90_p03_crowded,inner_val,44b6_d29c9ab2,90,crowded,0.08099240064620972,0.12399428337812424,0.0029583245050162077,0.7477173209190369,0.0054656341671943665,0.011026117950677872,0.29158085584640503,0.4684600830078125,0.6890182495117188,0.0,0.40830016136169434,0.38968417048454285,0.13175244629383087,0.6668757200241089,0.07598649710416794,0.01051047071814537,0.0029583245050162077,0.7477173209190369
variant_F3,inner_val_44b6_t70_p04_crowded,inner_val,44b6_d29c9ab2,70,crowded,0.08128347247838974,0.12684766948223114,0.003162739332765341,0.8178013563156128,0.005597924347966909,0.011551848612725735,0.2945280969142914,0.4546356201171875,0.692169189453125,0.0,0.4004403054714203,0.3892291486263275,0.09032149612903595,0.7434870004653931,0.0770886018872261,0.010989315807819366,0.003162739332765341,0.7794240117073059
variant_F3,inner_val_44b6_t90_p05_isolated,inner_val,44b6_d29c9ab2,90,isolated,0.08140142261981964,0.1280120313167572,0.0035324401687830687,0.7666611075401306,0.0056328861974179745,0.01183560211211443,0.2957385182380676,0.45746612548828125,0.6952667236328125,0.0,0.40544846653938293,0.37843000888824463,0.2344295084476471,0.7645508050918579,0.07932282239198685,0.011492271907627583,0.0035324401687830687,0.7666611075401306
variant_F3,inner_val_44b6_t75_p06_isolated,inner_val,44b6_d29c9ab2,75,isolated,0.08078645169734955,0.12245010584592819,0.002988982480019331,0.6903082132339478,0.005425266455858946,0.011273913085460663,0.2897012531757355,0.46710205078125,0.6867141723632812,0.0,0.4399248957633972,0.4416932761669159,0.24264934659004211,0.6794071793556213,0.07898574322462082,0.010967276059091091,0.002988982480019331,0.6903082132339478
variant_F3,inner_val_44b6_t70_p07_isolated,inner_val,44b6_d29c9ab2,70,isolated,0.0799628347158432,0.12069220840930939,0.003743455046787858,0.7961261868476868,0.005694665014743805,0.011550048366189003,0.2803118824958801,0.46413421630859375,0.683624267578125,0.0,0.4671952426433563,0.4536774158477783,0.2535454332828522,0.7961261868476868,0.07739181816577911,0.011178663931787014,0.003743455046787858,0.7725076675415039
variant_F3,inner_val_44b6_t70_p08_boundary,inner_val,44b6_d29c9ab2,70,boundary,0.08111713826656342,0.12571310997009277,0.0029844671953469515,0.7380369901657104,0.005521608516573906,0.011720563285052776,0.29358959197998047,0.459625244140625,0.6904373168945312,0.0,0.41163983941078186,0.4063296914100647,0.23421168327331543,0.6009138822555542,0.07958784699440002,0.01139247789978981,0.0029844671953469515,0.7380369901657104
variant_F3,inner_val_44b6_t90_p09_zero_annotation,inner_val,44b6_d29c9ab2,90,zero_annotation,0.08015516400337219,0.12123480439186096,0.00327122351154685,0.7173092365264893,0.005223651882261038,0.012014670297503471,0.28373199701309204,0.45505523681640625,0.682373046875,0.0,,,,,0.08015516400337219,0.012014670297503471,0.00327122351154685,0.7173092365264893
variant_F3,inner_val_44b6_t70_p10_zero_annotation,inner_val,44b6_d29c9ab2,70,zero_annotation,0.07737020403146744,0.10809880495071411,0.002304578898474574,0.6563662886619568,0.00457455450668931,0.011464018374681473,0.26521268486976624,0.47391510009765625,0.6601333618164062,0.0,,,,,0.07737020403146744,0.011464018374681473,0.002304578898474574,0.6563662886619568
variant_F3,held_out_val_6bba_t20_p01_crowded,held_out_val,6bba_43fea39d,20,crowded,0.08249829709529877,0.12772686779499054,0.002585142618045211,0.7139183878898621,0.005395905114710331,0.010601426474750042,0.3065926432609558,0.4581298828125,0.7057266235351562,0.0,0.37537702918052673,0.3717777132987976,0.0293904859572649,0.6121623516082764,0.07440605759620667,0.010300329886376858,0.002585142618045211,0.7139183878898621
variant_F3,held_out_val_6bba_t35_p02_crowded,held_out_val,6bba_43fea39d,35,crowded,0.08175794780254364,0.12340106070041656,0.00233343243598938,0.656375527381897,0.005417256150394678,0.010665761306881905,0.30068981647491455,0.48233795166015625,0.6968841552734375,0.0,0.41174930334091187,0.394234836101532,0.18242335319519043,0.656375527381897,0.07232261449098587,0.009925691410899162,0.00233343243598938,0.6003682613372803
variant_F3,held_out_val_6bba_t50_p03_crowded,held_out_val,6bba_43fea39d,50,crowded,0.08348201215267181,0.13219483196735382,0.002665202133357525,0.6445568203926086,0.005637488793581724,0.011127952486276627,0.32186460494995117,0.41326904296875,0.7141876220703125,0.0,0.4394140839576721,0.4269716739654541,0.320149302482605,0.6002731919288635,0.0752292051911354,0.01088824775069952,0.002665202133357525,0.6445568203926086
variant_F3,held_out_val_6bba_t20_p04_crowded,held_out_val,6bba_43fea39d,20,crowded,0.08469333499670029,0.13455919921398163,0.0032756715081632137,0.6736910939216614,0.006014866754412651,0.011245387606322765,0.3255288004875183,0.348968505859375,0.72711181640625,0.0,0.40066027641296387,0.38473090529441833,0.09491529315710068,0.6736910939216614,0.07861748337745667,0.01117895357310772,0.0032756715081632137,0.6411449909210205
variant_F3,held_out_val_6bba_t80_p05_isolated,held_out_val,6bba_43fea39d,80,isolated,0.08261268585920334,0.1299319565296173,0.004036901984363794,0.7057462334632874,0.006101162172853947,0.010712194256484509,0.3048059642314911,0.47971343994140625,0.7050018310546875,0.0,0.49091053009033203,0.4416135251522064,0.29047176241874695,0.6961232423782349,0.07781041413545609,0.010409398935735226,0.004036901984363794,0.6594570875167847
variant_F3,held_out_val_6bba_t35_p06_isolated,held_out_val,6bba_43fea39d,35,isolated,0.08323632180690765,0.13109806180000305,0.002695875009521842,0.7761572599411011,0.0056785233318805695,0.010797562077641487,0.31195351481437683,0.462554931640625,0.7124710083007812,0.0,0.3405521810054779,0.3194999396800995,0.25885799527168274,0.49806690216064453,0.08034095168113708,0.010574787855148315,0.002695875009521842,0.7761572599411011
variant_F3,held_out_val_6bba_t35_p07_isolated,held_out_val,6bba_43fea39d,35,isolated,0.08246760070323944,0.12736690044403076,0.0027569103986024857,0.6692684292793274,0.005591719876974821,0.010594089515507221,0.3056163787841797,0.47809600830078125,0.7052764892578125,0.0,0.41312506794929504,0.38968366384506226,0.2774317264556885,0.6359813213348389,0.07879261672496796,0.0103681031614542,0.0027569103986024857,0.6692684292793274
variant_F3,held_out_val_6bba_t80_p08_isolated,held_out_val,6bba_43fea39d,80,isolated,0.08359269797801971,0.1315906047821045,0.0037172839511185884,0.6412243843078613,0.0061501627787947655,0.010339513421058655,0.3184122145175934,0.48694610595703125,0.7116851806640625,0.0,0.4132038950920105,0.3801858425140381,0.2990480661392212,0.5622199773788452,0.07916640490293503,0.01014168281108141,0.0037172839511185884,0.6273133754730225
variant_F3,held_out_val_6bba_t20_p09_boundary,held_out_val,6bba_43fea39d,20,boundary,0.0877724215388298,0.14810147881507874,0.005638760514557362,0.7893854379653931,0.007873227819800377,0.01014319621026516,0.350468248128891,0.48935699462890625,0.7434539794921875,0.0,0.38724374771118164,0.38817960023880005,0.26000863313674927,0.5307404398918152,0.08318837732076645,0.01004612073302269,0.005638760514557362,0.7893854379653931
variant_F3,held_out_val_6bba_t50_p10_boundary,held_out_val,6bba_43fea39d,50,boundary,0.08345594257116318,0.13066652417182922,0.005651916842907667,0.7014639377593994,0.007111798040568829,0.009562065824866295,0.30812209844589233,0.5163040161132812,0.7095184326171875,0.0,0.5193383097648621,0.5048568248748779,0.37348473072052,0.6580426692962646,0.07832793891429901,0.009396970272064209,0.005651916842907667,0.6198159456253052
variant_F3,held_out_val_6bba_t35_p11_zero_annotation,held_out_val,6bba_43fea39d,35,zero_annotation,0.0773276686668396,0.11727482080459595,0.0013239148538559675,0.7672490477561951,0.004568945616483688,0.015279920771718025,0.26919126510620117,0.3823699951171875,0.6757049560546875,0.0,,,,,0.0773276686668396,0.015279920771718025,0.0013239148538559675,0.7672490477561951
variant_F3,held_out_val_6bba_t65_p12_zero_annotation,held_out_val,6bba_43fea39d,65,zero_annotation,0.07985857874155045,0.12459034472703934,0.0021693913731724024,0.7660641670227051,0.005259575322270393,0.013671031221747398,0.2747654914855957,0.41715240478515625,0.680694580078125,0.0,,,,,0.07985857874155045,0.013671031221747398,0.0021693913731724024,0.7660641670227051
