variant,patch_id,split,sample_id,t,category,threshold,num_gt,num_peaks,matched_1_0,matched_2_0,matched_3_0,mean_dist_all_um,median_dist_all_um,mean_dist_matched_2_0_um,count_matched_2_0,mean_dist_matched_3_0_um,count_matched_3_0,mean_conf,detected_coords,detected_scores
variant_F1,train_6bba_t15_p01_crowded,train,6bba_bb9f20c3,15,crowded,0.3,2,22,0,1,1,2.618118660193139,2.618118660193139,1.86167137607581,1,1.86167137607581,1,0.6523866057395935,"[[16.0, 23.0, 19.0], [6.0, 26.0, 39.0], [18.0, 49.0, 24.0], [2.0, 6.0, 47.0], [14.0, 4.0, 46.0], [10.0, 25.0, 46.0], [8.0, 48.0, 31.0], [22.0, 17.0, 30.0], [12.0, 54.0, 10.0], [14.0, 42.0, 40.0], [2.0, 53.0, 55.0], [6.0, 8.0, 63.0], [20.0, 61.0, 6.0], [2.0, 9.0, 4.0], [18.0, 1.0, 16.0], [8.0, 46.0, 5.0], [9.0, 8.0, 7.0], [16.0, 62.0, 58.0], [3.0, 60.0, 33.0], [9.0, 62.0, 44.0], [5.0, 62.0, 7.0], [1.0, 47.0, 4.0]]","[0.7833857536315918, 0.7566519379615784, 0.7340938448905945, 0.6715662479400635, 0.6675490140914917, 0.6459029912948608, 0.6372241973876953, 0.6132373809814453, 0.6063342690467834, 0.6015664339065552, 0.5984548926353455, 0.5948081016540527, 0.5923674702644348, 0.5890000462532043, 0.5877127051353455, 0.58140629529953, 0.5526492595672607, 0.5461313128471375, 0.4903685450553894, 0.44110307097435, 0.4231811463832855, 0.30239012837409973]"
variant_F1,train_6bba_t35_p02_crowded,train,6bba_bb9f20c3,35,crowded,0.3,2,19,0,1,2,1.89924189040666,1.89924189040666,1.4647552056572457,1,1.89924189040666,2,0.531133621931076,"[[10.0, 35.0, 52.0], [14.0, 19.0, 13.0], [18.0, 30.0, 36.0], [12.0, 15.0, 63.0], [14.0, 8.0, 39.0], [10.0, 50.0, 24.0], [18.0, 52.0, 50.0], [20.0, 5.0, 58.0], [24.0, 22.0, 5.0], [24.0, 1.0, 4.0], [9.0, 62.0, 7.0], [16.0, 59.0, 7.0], [13.0, 61.0, 63.0], [8.0, 30.0, 35.0], [8.0, 33.0, 27.0], [23.0, 24.0, 17.0], [7.0, 62.0, 49.0], [6.0, 53.0, 63.0], [3.0, 9.0, 56.0]]","[0.7850094437599182, 0.7437910437583923, 0.7330020666122437, 0.7276813983917236, 0.7271835803985596, 0.7271103262901306, 0.6994422078132629, 0.6162253618240356, 0.5760990977287292, 0.5614060163497925, 0.5591156482696533, 0.5537680387496948, 0.528727114200592, 0.5084992051124573, 0.5079036355018616, 0.47565391659736633, 0.45548099279403687, 0.4463479816913605, 0.3136940002441406]"
variant_F1,train_6bba_t40_p03_crowded,train,6bba_bb9f20c3,40,crowded,0.3,2,20,0,2,2,1.5177776158592895,1.5177776158592895,1.5177776158592895,2,1.5177776158592895,2,0.5889498591423035,"[[24.0, 14.0, 15.0], [15.0, 60.0, 47.0], [12.0, 38.0, 16.0], [18.0, 46.0, 23.0], [14.0, 30.0, 57.0], [10.0, 30.0, 55.0], [24.0, 33.0, 4.0], [25.0, 61.0, 14.0], [16.0, 1.0, 38.0], [23.0, 53.0, 6.0], [16.0, 32.0, 35.0], [24.0, 22.0, 34.0], [10.0, 42.0, 34.0], [27.0, 49.0, 31.0], [20.0, 15.0, 4.0], [15.0, 2.0, 14.0], [25.0, 1.0, 36.0], [9.0, 62.0, 19.0], [5.0, 62.0, 50.0], [3.0, 62.0, 6.0]]","[0.7225884795188904, 0.7124955654144287, 0.7071878910064697, 0.6963780522346497, 0.6847562193870544, 0.678072988986969, 0.6756395697593689, 0.6166724562644958, 0.6117687225341797, 0.6108232736587524, 0.5670764446258545, 0.5637832283973694, 0.539631187915802, 0.5176652669906616, 0.4957086741924286, 0.49350371956825256, 0.4761424958705902, 0.4091542363166809, 0.38891416788101196, 0.373780220746994]"
variant_F1,train_6bba_t45_p04_crowded,train,6bba_bb9f20c3,45,crowded,0.3,3,20,1,2,2,2.4837670086837744,1.625,1.015625,2,1.015625,2,0.5765151778856913,"[[24.0, 13.0, 42.0], [10.0, 47.0, 52.0], [24.0, 26.0, 13.0], [16.0, 22.0, 49.0], [14.0, 5.0, 48.0], [24.0, 49.0, 62.0], [16.0, 1.0, 62.0], [20.0, 27.0, 5.0], [25.0, 59.0, 5.0], [16.0, 35.0, 14.0], [15.0, 60.0, 44.0], [16.0, 51.0, 63.0], [14.0, 32.0, 33.0], [21.0, 41.0, 34.0], [22.0, 3.0, 63.0], [23.0, 62.0, 15.0], [13.0, 62.0, 6.0], [20.0, 1.0, 32.0], [22.0, 62.0, 51.0], [31.0, 11.0, 4.0]]","[0.6885436177253723, 0.6712209582328796, 0.63722825050354, 0.6271651983261108, 0.6230570077896118, 0.6145522594451904, 0.5956401228904724, 0.5941124558448792, 0.5770909786224365, 0.5665599703788757, 0.5640383958816528, 0.5637232065200806, 0.5621621012687683, 0.5551988482475281, 0.5500257015228271, 0.5402182340621948, 0.5179559588432312, 0.48214614391326904, 0.427735835313797, 0.30977770686149597]"
variant_F1,train_6bba_t55_p05_crowded,train,6bba_bb9f20c3,55,crowded,0.3,2,20,1,1,1,1.9504723198680336,1.9504723198680336,0.40625,1,0.40625,1,0.6290542483329773,"[[4.0, 15.0, 56.0], [4.0, 32.0, 31.0], [8.0, 27.0, 21.0], [2.0, 44.0, 53.0], [8.0, 36.0, 51.0], [15.0, 11.0, 19.0], [4.0, 50.0, 23.0], [18.0, 17.0, 6.0], [2.0, 8.0, 35.0], [2.0, 34.0, 11.0], [15.0, 47.0, 10.0], [6.0, 1.0, 28.0], [6.0, 17.0, 14.0], [7.0, 62.0, 33.0], [12.0, 44.0, 4.0], [3.0, 13.0, 10.0], [4.0, 62.0, 63.0], [8.0, 50.0, 22.0], [13.0, 61.0, 21.0], [7.0, 30.0, 5.0]]","[0.7577539682388306, 0.717758297920227, 0.7113659381866455, 0.6764816641807556, 0.6445269584655762, 0.5759259462356567, 0.5525392889976501, 0.5403501987457275, 0.5400659441947937, 0.5278226137161255, 0.523064136505127, 0.5080446600914001, 0.49898430705070496, 0.49559199810028076, 0.4943668246269226, 0.4853364825248718, 0.4662325084209442, 0.46263402700424194, 0.42721566557884216, 0.3830459713935852]"
variant_F1,train_6bba_t55_p06_crowded,train,6bba_bb9f20c3,55,crowded,0.3,3,23,3,3,3,0.5736342052864298,0.40625,0.5736342052864298,3,0.5736342052864298,3,0.6083005666732788,"[[16.0, 31.0, 32.0], [12.0, 18.0, 42.0], [26.0, 52.0, 25.0], [24.0, 30.0, 14.0], [16.0, 53.0, 51.0], [24.0, 7.0, 45.0], [16.0, 15.0, 63.0], [7.0, 56.0, 59.0], [18.0, 27.0, 4.0], [10.0, 55.0, 34.0], [8.0, 23.0, 62.0], [26.0, 17.0, 16.0], [23.0, 11.0, 4.0], [17.0, 4.0, 8.0], [21.0, 52.0, 31.0], [12.0, 41.0, 4.0], [19.0, 61.0, 29.0], [25.0, 2.0, 25.0], [19.0, 62.0, 4.0], [15.0, 62.0, 34.0], [12.0, 1.0, 62.0], [29.0, 62.0, 4.0], [31.0, 33.0, 3.0]]","[0.6831004023551941, 0.6580753922462463, 0.6531160473823547, 0.6320958137512207, 0.6026138067245483, 0.57002192735672, 0.5609503388404846, 0.5570086240768433, 0.5552386045455933, 0.5517216920852661, 0.5470200181007385, 0.5350302457809448, 0.5287951231002808, 0.5143432021141052, 0.5097054839134216, 0.5039598941802979, 0.47552287578582764, 0.47304993867874146, 0.4458763599395752, 0.4442442059516907, 0.42535245418548584, 0.40069380402565, 0.3148971199989319]"
variant_F1,train_6bba_t15_p07_crowded,train,6bba_bb9f20c3,15,crowded,0.3,3,28,2,3,3,1.0268071253586033,0.8125,1.0268071253586033,3,1.0268071253586033,3,0.5487793783346812,"[[24.0, 37.0, 31.0], [14.0, 11.0, 4.0], [10.0, 5.0, 54.0], [22.0, 28.0, 33.0], [28.0, 26.0, 8.0], [14.0, 38.0, 54.0], [16.0, 22.0, 49.0], [5.0, 60.0, 49.0], [18.0, 1.0, 46.0], [8.0, 30.0, 33.0], [13.0, 61.0, 63.0], [14.0, 43.0, 4.0], [27.0, 62.0, 34.0], [6.0, 39.0, 53.0], [25.0, 18.0, 14.0], [23.0, 45.0, 52.0], [22.0, 41.0, 4.0], [11.0, 41.0, 14.0], [15.0, 62.0, 44.0], [13.0, 1.0, 28.0], [9.0, 62.0, 26.0], [27.0, 1.0, 4.0], [28.0, 51.0, 43.0], [13.0, 60.0, 25.0], [21.0, 55.0, 38.0], [7.0, 19.0, 34.0], [17.0, 62.0, 12.0], [29.0, 45.0, 4.0]]","[0.6550820469856262, 0.6531339883804321, 0.6313130259513855, 0.6035934090614319, 0.5989378094673157, 0.552533745765686, 0.5476206541061401, 0.5402148962020874, 0.5171626806259155, 0.5136168599128723, 0.5135578513145447, 0.49581536650657654, 0.4950622022151947, 0.4830121397972107, 0.47958728671073914, 0.470598042011261, 0.457340806722641, 0.45545458793640137, 0.4490603804588318, 0.44876235723495483, 0.44504350423812866, 0.43248218297958374, 0.4323834776878357, 0.4321087598800659, 0.43062925338745117, 0.42777711153030396, 0.38923537731170654, 0.37989625334739685]"
variant_F1,train_6bba_t25_p08_crowded,train,6bba_bb9f20c3,25,crowded,0.3,4,25,4,4,4,0.6159252838218573,0.5745242597140698,0.6159252838218573,4,0.6159252838218573,4,0.6559089571237564,"[[20.0, 13.0, 21.0], [24.0, 51.0, 23.0], [24.0, 33.0, 33.0], [6.0, 41.0, 26.0], [10.0, 37.0, 50.0], [19.0, 60.0, 35.0], [20.0, 17.0, 48.0], [6.0, 6.0, 48.0], [12.0, 2.0, 42.0], [11.0, 61.0, 59.0], [16.0, 33.0, 6.0], [13.0, 60.0, 27.0], [2.0, 49.0, 57.0], [31.0, 53.0, 6.0], [10.0, 51.0, 4.0], [18.0, 50.0, 15.0], [13.0, 34.0, 19.0], [7.0, 4.0, 30.0], [30.0, 11.0, 9.0], [11.0, 20.0, 11.0], [28.0, 28.0, 8.0], [3.0, 62.0, 24.0], [17.0, 34.0, 63.0], [17.0, 1.0, 36.0], [10.0, 1.0, 63.0]]","[0.7512835264205933, 0.6741111874580383, 0.6695687770843506, 0.6639502644538879, 0.6565337181091309, 0.6517758369445801, 0.6386637091636658, 0.6323925256729126, 0.5757635831832886, 0.573103666305542, 0.5640427470207214, 0.5636628866195679, 0.5627866387367249, 0.5356966257095337, 0.5326520204544067, 0.5273120403289795, 0.49827688932418823, 0.47811493277549744, 0.4725686013698578, 0.4707777500152588, 0.46659108996391296, 0.4428960978984833, 0.42534297704696655, 0.40260010957717896, 0.3007700443267822]"
variant_F1,train_6bba_t10_p09_crowded,train,6bba_bb9f20c3,10,crowded,0.3,2,14,0,0,0,4.415215549917217,4.415215549917217,,0,,0,0.6010643243789673,"[[4.0, 13.0, 54.0], [2.0, 31.0, 26.0], [6.0, 51.0, 56.0], [6.0, 27.0, 57.0], [12.0, 27.0, 34.0], [18.0, 29.0, 22.0], [6.0, 41.0, 4.0], [8.0, 1.0, 36.0], [12.0, 35.0, 10.0], [9.0, 61.0, 16.0], [8.0, 13.0, 14.0], [3.0, 62.0, 6.0], [0.0, 28.0, 63.0], [14.0, 1.0, 36.0]]","[0.7630908489227295, 0.7460397481918335, 0.7260270118713379, 0.6798731684684753, 0.6341599225997925, 0.626258373260498, 0.6026310920715332, 0.5989247560501099, 0.5963531136512756, 0.5923424363136292, 0.5781810283660889, 0.5758702754974365, 0.5106829404830933, 0.3422909080982208]"
variant_F1,train_6bba_t40_p10_crowded,train,6bba_bb9f20c3,40,crowded,0.3,2,21,0,1,2,1.9240276158592895,1.9240276158592895,1.8168052317185792,1,1.9240276158592895,2,0.5385317653417587,"[[10.0, 18.0, 15.0], [6.0, 39.0, 36.0], [12.0, 59.0, 54.0], [16.0, 50.0, 26.0], [8.0, 29.0, 54.0], [3.0, 60.0, 59.0], [7.0, 62.0, 17.0], [15.0, 29.0, 32.0], [18.0, 14.0, 17.0], [16.0, 11.0, 5.0], [24.0, 1.0, 4.0], [14.0, 15.0, 54.0], [19.0, 59.0, 18.0], [3.0, 62.0, 29.0], [12.0, 55.0, 18.0], [7.0, 9.0, 58.0], [12.0, 11.0, 42.0], [18.0, 33.0, 4.0], [22.0, 1.0, 28.0], [11.0, 49.0, 4.0], [17.0, 1.0, 62.0]]","[0.6745210289955139, 0.6595283150672913, 0.6534180045127869, 0.63140469789505, 0.5978145599365234, 0.596590518951416, 0.5884047150611877, 0.5827398300170898, 0.5731378197669983, 0.5700858235359192, 0.5679543018341064, 0.5570170879364014, 0.5109295845031738, 0.5053631067276001, 0.5022273659706116, 0.4943237006664276, 0.4841615855693817, 0.447871595621109, 0.4157486855983734, 0.3642921447753906, 0.3520711064338684]"
variant_F1,train_6bba_t35_p11_crowded,train,6bba_bb9f20c3,35,crowded,0.3,3,26,3,3,3,0.5184328398093799,0.5745242597140698,0.5184328398093799,3,0.5184328398093799,3,0.6670232017834982,"[[22.0, 25.0, 11.0], [8.0, 17.0, 45.0], [8.0, 44.0, 50.0], [16.0, 33.0, 31.0], [2.0, 8.0, 43.0], [14.0, 8.0, 11.0], [15.0, 60.0, 54.0], [20.0, 45.0, 22.0], [11.0, 60.0, 32.0], [18.0, 45.0, 4.0], [17.0, 59.0, 22.0], [3.0, 41.0, 20.0], [21.0, 7.0, 23.0], [5.0, 59.0, 46.0], [18.0, 29.0, 62.0], [10.0, 20.0, 63.0], [6.0, 15.0, 15.0], [18.0, 1.0, 44.0], [25.0, 62.0, 14.0], [14.0, 1.0, 42.0], [1.0, 62.0, 21.0], [16.0, 8.0, 59.0], [14.0, 30.0, 8.0], [5.0, 4.0, 59.0], [5.0, 61.0, 63.0], [25.0, 12.0, 4.0]]","[0.8173943758010864, 0.6949271559715271, 0.6883495450019836, 0.6625816226005554, 0.6504260301589966, 0.6435608267784119, 0.6255075335502625, 0.6055259108543396, 0.5952183604240417, 0.5590524673461914, 0.5365955233573914, 0.5296486616134644, 0.5263774991035461, 0.5198044180870056, 0.5145360231399536, 0.5022826790809631, 0.49970346689224243, 0.4949902594089508, 0.48658475279808044, 0.48629263043403625, 0.48147958517074585, 0.4717382490634918, 0.47065597772598267, 0.4475553035736084, 0.3588944971561432, 0.35718661546707153]"
variant_F1,train_6bba_t45_p12_crowded,train,6bba_bb9f20c3,45,crowded,0.3,3,26,1,2,3,1.7042265337185682,1.7235727791422095,1.1490485194281397,2,1.7042265337185682,3,0.6757055918375651,"[[22.0, 34.0, 6.0], [16.0, 31.0, 31.0], [22.0, 13.0, 22.0], [8.0, 43.0, 44.0], [14.0, 14.0, 10.0], [10.0, 11.0, 34.0], [2.0, 25.0, 57.0], [14.0, 55.0, 58.0], [6.0, 5.0, 59.0], [10.0, 26.0, 58.0], [16.0, 32.0, 57.0], [11.0, 60.0, 33.0], [2.0, 62.0, 29.0], [14.0, 9.0, 37.0], [19.0, 61.0, 22.0], [12.0, 46.0, 24.0], [7.0, 61.0, 52.0], [5.0, 30.0, 20.0], [21.0, 43.0, 21.0], [19.0, 62.0, 38.0], [17.0, 4.0, 53.0], [16.0, 47.0, 1.0], [15.0, 62.0, 46.0], [13.0, 39.0, 4.0], [11.0, 1.0, 62.0], [7.0, 62.0, 4.0]]","[0.7496089935302734, 0.7112168669700623, 0.697094738483429, 0.6681622862815857, 0.6621529459953308, 0.6537469625473022, 0.6296027302742004, 0.6215618252754211, 0.6176012754440308, 0.6065754294395447, 0.6040786504745483, 0.573700487613678, 0.5603777766227722, 0.5573215484619141, 0.5551744699478149, 0.5432031750679016, 0.5241974592208862, 0.4944361746311188, 0.4702884256839752, 0.4565741717815399, 0.44989821314811707, 0.4299832284450531, 0.42378708720207214, 0.4231041371822357, 0.4184136986732483, 0.406370609998703]"
variant_F1,train_6bba_t20_p13_crowded,train,6bba_bb9f20c3,20,crowded,0.3,3,20,1,2,2,2.8928127492624944,1.86167137607581,1.133960688037905,2,1.133960688037905,2,0.6200732390085856,"[[4.0, 22.0, 57.0], [12.0, 9.0, 42.0], [12.0, 60.0, 29.0], [12.0, 39.0, 9.0], [4.0, 27.0, 26.0], [8.0, 32.0, 48.0], [4.0, 51.0, 63.0], [2.0, 54.0, 8.0], [19.0, 45.0, 14.0], [17.0, 61.0, 5.0], [3.0, 59.0, 32.0], [10.0, 24.0, 20.0], [10.0, 7.0, 16.0], [15.0, 33.0, 34.0], [1.0, 46.0, 51.0], [14.0, 19.0, 62.0], [7.0, 55.0, 8.0], [6.0, 31.0, 1.0], [15.0, 15.0, 4.0], [15.0, 1.0, 4.0]]","[0.7805174589157104, 0.7519983053207397, 0.6961234211921692, 0.689349353313446, 0.6742604970932007, 0.6538875102996826, 0.6229874491691589, 0.5924124717712402, 0.5825002193450928, 0.5729630589485168, 0.5661042332649231, 0.5569213032722473, 0.5490052103996277, 0.5135980248451233, 0.509556233882904, 0.46122393012046814, 0.45953282713890076, 0.4539912939071655, 0.3825950622558594, 0.35311540961265564]"
variant_F1,train_6bba_t20_p14_crowded,train,6bba_bb9f20c3,20,crowded,0.3,3,29,1,2,2,1.7206873259863897,1.86167137607581,0.930835688037905,2,0.930835688037905,2,0.6884939471880595,"[[16.0, 32.0, 9.0], [12.0, 10.0, 47.0], [4.0, 43.0, 37.0], [4.0, 9.0, 32.0], [16.0, 31.0, 34.0], [8.0, 41.0, 59.0], [10.0, 38.0, 30.0], [8.0, 12.0, 34.0], [5.0, 59.0, 58.0], [20.0, 53.0, 27.0], [12.0, 47.0, 50.0], [21.0, 62.0, 8.0], [12.0, 19.0, 4.0], [24.0, 13.0, 5.0], [2.0, 47.0, 12.0], [14.0, 19.0, 23.0], [18.0, 4.0, 35.0], [4.0, 4.0, 51.0], [18.0, 1.0, 9.0], [10.0, 44.0, 7.0], [3.0, 17.0, 10.0], [11.0, 62.0, 4.0], [20.0, 19.0, 26.0], [2.0, 23.0, 63.0], [21.0, 29.0, 24.0], [1.0, 18.0, 55.0], [9.0, 1.0, 4.0], [11.0, 14.0, 63.0], [16.0, 62.0, 62.0]]","[0.784404456615448, 0.6418418884277344, 0.6392354965209961, 0.6360153555870056, 0.6314271092414856, 0.6311666965484619, 0.6183344125747681, 0.6158978343009949, 0.5689358711242676, 0.5657563209533691, 0.564412534236908, 0.5638254284858704, 0.5479130148887634, 0.5371600985527039, 0.5284100770950317, 0.5219104290008545, 0.5152349472045898, 0.48867323994636536, 0.4836612939834595, 0.48140305280685425, 0.4763340353965759, 0.45939505100250244, 0.4436672329902649, 0.42628803849220276, 0.389538437128067, 0.38771456480026245, 0.359261691570282, 0.3359129726886749, 0.309413880109787]"
variant_F1,train_6bba_t15_p15_crowded,train,6bba_bb9f20c3,15,crowded,0.3,2,21,1,1,1,4.662632487520343,4.662632487520343,0.40625,1,0.40625,1,0.704719215631485,"[[12.0, 20.0, 59.0], [10.0, 31.0, 8.0], [22.0, 10.0, 11.0], [9.0, 62.0, 40.0], [10.0, 13.0, 35.0], [5.0, 60.0, 32.0], [12.0, 39.0, 24.0], [16.0, 33.0, 32.0], [6.0, 34.0, 27.0], [2.0, 52.0, 59.0], [15.0, 60.0, 31.0], [18.0, 4.0, 43.0], [8.0, 17.0, 63.0], [11.0, 62.0, 10.0], [16.0, 5.0, 4.0], [8.0, 34.0, 47.0], [15.0, 1.0, 28.0], [8.0, 51.0, 4.0], [8.0, 1.0, 56.0], [12.0, 39.0, 63.0], [19.0, 61.0, 4.0]]","[0.7631118893623352, 0.7594283819198608, 0.7277002334594727, 0.712349534034729, 0.711618185043335, 0.6918466687202454, 0.6843506097793579, 0.6817381978034973, 0.67950439453125, 0.6724133491516113, 0.6397460103034973, 0.6335859298706055, 0.6049259305000305, 0.602339506149292, 0.597593367099762, 0.5944482088088989, 0.5630685687065125, 0.5016859173774719, 0.45318716764450073, 0.4263875186443329, 0.36977019906044006]"
variant_F1,train_6bba_t30_p16_crowded,train,6bba_bb9f20c3,30,crowded,0.3,2,22,0,0,0,3.6142959213203403,3.6142959213203403,,0,,0,0.5988040268421173,"[[6.0, 42.0, 31.0], [6.0, 24.0, 63.0], [10.0, 19.0, 32.0], [10.0, 9.0, 52.0], [14.0, 19.0, 62.0], [14.0, 8.0, 13.0], [9.0, 59.0, 54.0], [22.0, 4.0, 13.0], [18.0, 31.0, 30.0], [18.0, 51.0, 6.0], [18.0, 5.0, 42.0], [16.0, 1.0, 4.0], [12.0, 41.0, 38.0], [13.0, 59.0, 42.0], [3.0, 60.0, 51.0], [7.0, 31.0, 4.0], [10.0, 54.0, 4.0], [4.0, 45.0, 48.0], [5.0, 62.0, 27.0], [15.0, 29.0, 4.0], [21.0, 21.0, 3.0], [12.0, 42.0, 63.0]]","[0.7626424431800842, 0.7235603332519531, 0.678301215171814, 0.6665216088294983, 0.6567351818084717, 0.6560221910476685, 0.6534924507141113, 0.6493973135948181, 0.6483114957809448, 0.6123939752578735, 0.6067178249359131, 0.6067118644714355, 0.5899752974510193, 0.5763426423072815, 0.5531290769577026, 0.5506554245948792, 0.5492965579032898, 0.5328865647315979, 0.43409428000450134, 0.4191116988658905, 0.3687088191509247, 0.3599984049797058]"
variant_F1,train_6bba_t50_p17_crowded,train,6bba_bb9f20c3,50,crowded,0.3,3,23,2,3,3,0.8773251316671664,0.9084026158592896,0.8773251316671664,3,0.8773251316671664,3,0.6088185906410217,"[[14.0, 11.0, 31.0], [10.0, 44.0, 27.0], [16.0, 34.0, 31.0], [21.0, 60.0, 32.0], [24.0, 39.0, 14.0], [5.0, 62.0, 57.0], [24.0, 7.0, 42.0], [28.0, 50.0, 29.0], [15.0, 59.0, 49.0], [16.0, 19.0, 63.0], [10.0, 34.0, 51.0], [25.0, 59.0, 23.0], [13.0, 62.0, 35.0], [30.0, 33.0, 4.0], [25.0, 16.0, 13.0], [8.0, 22.0, 59.0], [18.0, 15.0, 4.0], [25.0, 4.0, 21.0], [20.0, 20.0, 47.0], [23.0, 61.0, 4.0], [17.0, 1.0, 14.0], [17.0, 62.0, 4.0], [11.0, 62.0, 16.0]]","[0.6630829572677612, 0.6628620624542236, 0.6512288451194763, 0.5944327712059021, 0.5807941555976868, 0.557624340057373, 0.5535560250282288, 0.5505013465881348, 0.5482808947563171, 0.5431294441223145, 0.5397764444351196, 0.535791277885437, 0.5297225713729858, 0.5164309740066528, 0.5138983130455017, 0.49967214465141296, 0.4912196397781372, 0.48424863815307617, 0.4754519462585449, 0.4171549081802368, 0.3908882737159729, 0.38982072472572327, 0.30058175325393677]"
variant_F1,train_6bba_t55_p18_crowded,train,6bba_bb9f20c3,55,crowded,0.3,2,20,1,1,1,1.9855396411890247,1.9855396411890247,0.40625,1,0.40625,1,0.7225984930992126,"[[4.0, 9.0, 56.0], [6.0, 34.0, 20.0], [3.0, 60.0, 9.0], [18.0, 9.0, 14.0], [11.0, 33.0, 32.0], [12.0, 57.0, 36.0], [12.0, 17.0, 62.0], [8.0, 4.0, 31.0], [14.0, 42.0, 7.0], [14.0, 13.0, 18.0], [2.0, 44.0, 37.0], [6.0, 31.0, 54.0], [17.0, 62.0, 38.0], [7.0, 62.0, 24.0], [5.0, 62.0, 55.0], [6.0, 62.0, 63.0], [10.0, 19.0, 4.0], [16.0, 62.0, 14.0], [17.0, 59.0, 4.0], [12.0, 1.0, 4.0]]","[0.8024235367774963, 0.6787470579147339, 0.6529595255851746, 0.6431130170822144, 0.642773449420929, 0.6379103660583496, 0.6219820380210876, 0.6175285577774048, 0.6162481904029846, 0.5954563617706299, 0.5925676226615906, 0.5841253995895386, 0.5840945839881897, 0.5726239085197449, 0.562778890132904, 0.5591561198234558, 0.5133917927742004, 0.4864175319671631, 0.4725208580493927, 0.4658794105052948]"
variant_F1,train_6bba_t45_p19_crowded,train,6bba_bb9f20c3,45,crowded,0.3,2,17,0,0,1,3.17527347578474,3.17527347578474,,0,2.1877232028983924,1,0.5844224989414215,"[[8.0, 25.0, 44.0], [4.0, 16.0, 13.0], [4.0, 1.0, 46.0], [3.0, 60.0, 37.0], [4.0, 26.0, 34.0], [22.0, 33.0, 12.0], [16.0, 11.0, 20.0], [3.0, 61.0, 46.0], [11.0, 30.0, 21.0], [4.0, 61.0, 63.0], [1.0, 7.0, 63.0], [18.0, 27.0, 26.0], [1.0, 41.0, 14.0], [1.0, 62.0, 5.0], [9.0, 1.0, 16.0], [7.0, 62.0, 4.0], [6.0, 10.0, 63.0]]","[0.6810849905014038, 0.6653695702552795, 0.6425099968910217, 0.6312752962112427, 0.6153583526611328, 0.5859643816947937, 0.5854793190956116, 0.5770739912986755, 0.5727365612983704, 0.5344401001930237, 0.5200759172439575, 0.5034754276275635, 0.4437047839164734, 0.43973684310913086, 0.3810760974884033, 0.35237452387809753, 0.30979853868484497]"
variant_F1,train_6bba_t15_p20_crowded,train,6bba_bb9f20c3,15,crowded,0.3,2,24,1,1,1,5.445166959604101,5.445166959604101,0.40625,1,0.40625,1,0.5966348648071289,"[[24.0, 15.0, 10.0], [12.0, 14.0, 43.0], [20.0, 50.0, 33.0], [14.0, 5.0, 63.0], [20.0, 11.0, 46.0], [14.0, 32.0, 33.0], [24.0, 31.0, 28.0], [24.0, 58.0, 45.0], [9.0, 42.0, 41.0], [19.0, 61.0, 10.0], [28.0, 15.0, 21.0], [15.0, 58.0, 19.0], [9.0, 41.0, 8.0], [14.0, 19.0, 6.0], [17.0, 24.0, 63.0], [12.0, 52.0, 63.0], [12.0, 55.0, 4.0], [27.0, 37.0, 4.0], [18.0, 1.0, 26.0], [13.0, 57.0, 43.0], [22.0, 1.0, 12.0], [7.0, 62.0, 34.0], [20.0, 29.0, 4.0], [3.0, 61.0, 63.0]]","[0.7056668400764465, 0.6864226460456848, 0.6332502961158752, 0.6078314781188965, 0.6022475957870483, 0.6019371151924133, 0.5940531492233276, 0.5913326144218445, 0.582186758518219, 0.5641257166862488, 0.5569838881492615, 0.5396949648857117, 0.5342968702316284, 0.5273786783218384, 0.5260412096977234, 0.5238674879074097, 0.5087759494781494, 0.503945529460907, 0.49330127239227295, 0.49117207527160645, 0.3986997902393341, 0.3538006544113159, 0.34166795015335083, 0.3172034025192261]"
variant_F1,train_6bba_t30_p21_crowded,train,6bba_bb9f20c3,30,crowded,0.3,3,28,2,3,3,0.5636417664811347,0.40625,0.5636417664811347,3,0.5636417664811347,3,0.6595689455668131,"[[16.0, 32.0, 28.0], [16.0, 40.0, 55.0], [18.0, 4.0, 23.0], [8.0, 30.0, 48.0], [11.0, 59.0, 21.0], [22.0, 13.0, 6.0], [9.0, 59.0, 32.0], [19.0, 60.0, 41.0], [20.0, 29.0, 43.0], [4.0, 13.0, 51.0], [12.0, 35.0, 12.0], [10.0, 50.0, 55.0], [24.0, 59.0, 15.0], [17.0, 30.0, 5.0], [24.0, 21.0, 19.0], [4.0, 49.0, 28.0], [5.0, 62.0, 58.0], [25.0, 61.0, 5.0], [11.0, 19.0, 7.0], [3.0, 25.0, 36.0], [13.0, 9.0, 63.0], [18.0, 6.0, 43.0], [1.0, 38.0, 63.0], [8.0, 53.0, 4.0], [14.0, 17.0, 47.0], [24.0, 4.0, 45.0], [15.0, 61.0, 4.0], [11.0, 1.0, 46.0]]","[0.7385484576225281, 0.6422188878059387, 0.6389066576957703, 0.6306494474411011, 0.6209506988525391, 0.6192076802253723, 0.6121331453323364, 0.5939827561378479, 0.5858854651451111, 0.5851737856864929, 0.5820444226264954, 0.5587457418441772, 0.5513525009155273, 0.5496367812156677, 0.5421410202980042, 0.538892388343811, 0.5380379557609558, 0.537523090839386, 0.5245411992073059, 0.5016975998878479, 0.4882551431655884, 0.46681490540504456, 0.46481049060821533, 0.4645652770996094, 0.46305927634239197, 0.4003655016422272, 0.3938208520412445, 0.3105212152004242]"
variant_F1,train_6bba_t50_p22_crowded,train,6bba_bb9f20c3,50,crowded,0.3,2,22,1,1,1,1.9742496213065583,1.9742496213065583,0.9084026158592896,1,0.9084026158592896,1,0.6197906732559204,"[[14.0, 23.0, 49.0], [16.0, 33.0, 14.0], [12.0, 55.0, 13.0], [18.0, 10.0, 24.0], [18.0, 24.0, 49.0], [22.0, 1.0, 10.0], [8.0, 51.0, 55.0], [25.0, 36.0, 23.0], [14.0, 5.0, 63.0], [12.0, 47.0, 34.0], [28.0, 17.0, 25.0], [30.0, 37.0, 28.0], [29.0, 51.0, 28.0], [5.0, 59.0, 63.0], [13.0, 60.0, 35.0], [28.0, 21.0, 4.0], [21.0, 21.0, 3.0], [9.0, 62.0, 36.0], [19.0, 62.0, 4.0], [8.0, 49.0, 4.0], [9.0, 21.0, 4.0], [23.0, 1.0, 44.0]]","[0.7512343525886536, 0.7212617993354797, 0.6889476180076599, 0.6747204661369324, 0.6616772413253784, 0.610714316368103, 0.6062908172607422, 0.5973705649375916, 0.5947685837745667, 0.5547134876251221, 0.5405780076980591, 0.5183195471763611, 0.4933772385120392, 0.48019543290138245, 0.4617936909198761, 0.4465859532356262, 0.4373892545700073, 0.4068736732006073, 0.3918546438217163, 0.36930349469184875, 0.34910738468170166, 0.345395028591156]"
variant_F1,train_6bba_t10_p23_crowded,train,6bba_bb9f20c3,10,crowded,0.3,3,24,3,3,3,0.5736342052864298,0.40625,0.5736342052864298,3,0.5736342052864298,3,0.6327099005381266,"[[26.0, 15.0, 21.0], [10.0, 43.0, 49.0], [22.0, 11.0, 6.0], [16.0, 31.0, 26.0], [4.0, 47.0, 46.0], [12.0, 11.0, 57.0], [18.0, 29.0, 53.0], [2.0, 21.0, 59.0], [23.0, 60.0, 13.0], [8.0, 54.0, 18.0], [15.0, 57.0, 31.0], [23.0, 60.0, 39.0], [8.0, 36.0, 34.0], [22.0, 31.0, 35.0], [16.0, 13.0, 4.0], [28.0, 46.0, 16.0], [10.0, 16.0, 36.0], [12.0, 42.0, 4.0], [16.0, 1.0, 30.0], [22.0, 35.0, 62.0], [12.0, 61.0, 4.0], [3.0, 61.0, 58.0], [17.0, 2.0, 52.0], [23.0, 1.0, 28.0]]","[0.7746564149856567, 0.6942583918571472, 0.6791816353797913, 0.6627289056777954, 0.6380952596664429, 0.6371190547943115, 0.6316370964050293, 0.6231474280357361, 0.5973055362701416, 0.5927790403366089, 0.5901671051979065, 0.5666540265083313, 0.5543220043182373, 0.5525510907173157, 0.5478968024253845, 0.5370107293128967, 0.514711856842041, 0.5009035468101501, 0.4830177426338196, 0.47418031096458435, 0.43287622928619385, 0.3763257563114166, 0.3625335097312927, 0.3255953788757324]"
variant_F1,train_6bba_t10_p24_crowded,train,6bba_bb9f20c3,10,crowded,0.3,2,24,1,2,2,0.8617863895711048,0.8617863895711048,0.8617863895711048,2,0.8617863895711048,2,0.6148735880851746,"[[4.0, 33.0, 59.0], [12.0, 25.0, 43.0], [12.0, 4.0, 21.0], [16.0, 33.0, 31.0], [27.0, 61.0, 47.0], [20.0, 15.0, 8.0], [12.0, 45.0, 59.0], [22.0, 30.0, 22.0], [10.0, 4.0, 59.0], [10.0, 35.0, 9.0], [18.0, 45.0, 4.0], [7.0, 60.0, 11.0], [18.0, 4.0, 27.0], [22.0, 62.0, 4.0], [16.0, 56.0, 34.0], [7.0, 15.0, 30.0], [24.0, 59.0, 38.0], [9.0, 62.0, 59.0], [20.0, 7.0, 55.0], [26.0, 43.0, 4.0], [5.0, 48.0, 34.0], [1.0, 61.0, 63.0], [24.0, 1.0, 36.0], [17.0, 19.0, 63.0]]","[0.6912392377853394, 0.6831650733947754, 0.647328794002533, 0.635155975818634, 0.6340183019638062, 0.6189908981323242, 0.6161757707595825, 0.598583459854126, 0.5945912003517151, 0.5904508829116821, 0.5793400406837463, 0.5765269994735718, 0.5761979818344116, 0.5657168030738831, 0.556232750415802, 0.5503690838813782, 0.5481953024864197, 0.538968026638031, 0.5206580758094788, 0.5088842511177063, 0.4861769676208496, 0.41988781094551086, 0.3967306315898895, 0.3676982820034027]"
variant_F1,train_6bba_t10_p25_isolated,train,6bba_bb9f20c3,10,isolated,0.3,1,19,0,1,1,1.6750116604071745,1.6750116604071745,1.6750116604071745,1,1.6750116604071745,1,0.5127572417259216,"[[6.0, 42.0, 19.0], [10.0, 18.0, 7.0], [16.0, 16.0, 13.0], [14.0, 51.0, 19.0], [16.0, 5.0, 50.0], [10.0, 41.0, 47.0], [2.0, 53.0, 63.0], [9.0, 61.0, 54.0], [10.0, 1.0, 32.0], [18.0, 43.0, 26.0], [6.0, 32.0, 53.0], [14.0, 35.0, 59.0], [8.0, 13.0, 63.0], [3.0, 62.0, 4.0], [11.0, 55.0, 32.0], [3.0, 62.0, 34.0], [6.0, 32.0, 33.0], [17.0, 43.0, 4.0], [9.0, 62.0, 4.0]]","[0.7943092584609985, 0.7401266694068909, 0.7383069396018982, 0.6841666102409363, 0.6683413982391357, 0.6678061485290527, 0.6385923624038696, 0.6151078939437866, 0.6110433340072632, 0.606319010257721, 0.5949028730392456, 0.594206690788269, 0.5889768004417419, 0.5733208060264587, 0.5260948538780212, 0.514369010925293, 0.5127572417259216, 0.3471490442752838, 0.3372550904750824]"
variant_F1,train_6bba_t20_p26_isolated,train,6bba_bb9f20c3,20,isolated,0.3,1,24,1,1,1,0.5745242597140698,0.5745242597140698,0.5745242597140698,1,0.5745242597140698,1,0.5306300520896912,"[[14.0, 31.0, 59.0], [16.0, 52.0, 19.0], [16.0, 8.0, 57.0], [14.0, 33.0, 29.0], [16.0, 12.0, 11.0], [10.0, 59.0, 51.0], [10.0, 10.0, 44.0], [7.0, 62.0, 20.0], [14.0, 62.0, 59.0], [4.0, 1.0, 26.0], [21.0, 30.0, 7.0], [7.0, 33.0, 33.0], [24.0, 15.0, 6.0], [4.0, 30.0, 11.0], [28.0, 13.0, 23.0], [13.0, 1.0, 34.0], [2.0, 7.0, 58.0], [1.0, 35.0, 46.0], [10.0, 54.0, 4.0], [13.0, 43.0, 4.0], [17.0, 62.0, 32.0], [18.0, 4.0, 38.0], [19.0, 47.0, 4.0], [1.0, 62.0, 12.0]]","[0.7563962340354919, 0.6901149153709412, 0.6793134808540344, 0.6678177714347839, 0.6299717426300049, 0.624139666557312, 0.6186172366142273, 0.5619837045669556, 0.5571249723434448, 0.5545874238014221, 0.5452476143836975, 0.5306300520896912, 0.5238876342773438, 0.5126618146896362, 0.5064018368721008, 0.45065057277679443, 0.45034584403038025, 0.4389941692352295, 0.4330911636352539, 0.410737544298172, 0.3869569003582001, 0.360408216714859, 0.34549394249916077, 0.3064095973968506]"
variant_F1,train_6bba_t35_p27_isolated,train,6bba_bb9f20c3,35,isolated,0.3,1,25,1,1,1,0.5745242597140698,0.5745242597140698,0.5745242597140698,1,0.5745242597140698,1,0.7195102572441101,"[[10.0, 33.0, 31.0], [20.0, 29.0, 10.0], [16.0, 27.0, 30.0], [14.0, 43.0, 59.0], [18.0, 49.0, 25.0], [24.0, 18.0, 31.0], [16.0, 4.0, 47.0], [8.0, 33.0, 62.0], [20.0, 29.0, 47.0], [14.0, 50.0, 7.0], [4.0, 38.0, 46.0], [4.0, 17.0, 22.0], [8.0, 1.0, 44.0], [11.0, 4.0, 4.0], [9.0, 62.0, 26.0], [8.0, 34.0, 11.0], [14.0, 35.0, 6.0], [13.0, 21.0, 10.0], [14.0, 3.0, 29.0], [12.0, 1.0, 62.0], [9.0, 47.0, 40.0], [1.0, 62.0, 22.0], [3.0, 62.0, 60.0], [1.0, 26.0, 59.0], [21.0, 4.0, 45.0]]","[0.7195102572441101, 0.6823171973228455, 0.6430531740188599, 0.6212403178215027, 0.6096497178077698, 0.5768569111824036, 0.5768001079559326, 0.5744845867156982, 0.5682227611541748, 0.5618636012077332, 0.5512181520462036, 0.5400976538658142, 0.506497323513031, 0.49483901262283325, 0.48447951674461365, 0.4752231538295746, 0.47449958324432373, 0.47186875343322754, 0.47156333923339844, 0.46744269132614136, 0.450909286737442, 0.4353351891040802, 0.40931403636932373, 0.3955097198486328, 0.33556315302848816]"
variant_F1,train_6bba_t40_p28_isolated,train,6bba_bb9f20c3,40,isolated,0.3,1,28,0,0,1,2.368824207280903,2.368824207280903,,0,2.368824207280903,1,0.5686076879501343,"[[20.0, 13.0, 32.0], [14.0, 15.0, 20.0], [6.0, 14.0, 33.0], [20.0, 41.0, 10.0], [8.0, 45.0, 45.0], [16.0, 41.0, 35.0], [10.0, 22.0, 59.0], [24.0, 19.0, 11.0], [10.0, 4.0, 5.0], [2.0, 24.0, 59.0], [14.0, 55.0, 15.0], [21.0, 61.0, 40.0], [18.0, 17.0, 49.0], [12.0, 50.0, 63.0], [23.0, 51.0, 30.0], [15.0, 7.0, 41.0], [25.0, 55.0, 59.0], [14.0, 51.0, 44.0], [3.0, 62.0, 36.0], [24.0, 1.0, 10.0], [4.0, 41.0, 22.0], [16.0, 35.0, 4.0], [3.0, 59.0, 4.0], [22.0, 13.0, 56.0], [13.0, 1.0, 8.0], [23.0, 4.0, 62.0], [23.0, 62.0, 4.0], [16.0, 62.0, 58.0]]","[0.701699435710907, 0.6567197442054749, 0.643024206161499, 0.6007685661315918, 0.6001171469688416, 0.5686076879501343, 0.563991367816925, 0.5598869323730469, 0.5355111360549927, 0.5143004059791565, 0.5097974538803101, 0.5013109445571899, 0.500988781452179, 0.49215731024742126, 0.4902896583080292, 0.4865075945854187, 0.47792813181877136, 0.4706267714500427, 0.46645113825798035, 0.46540164947509766, 0.43162643909454346, 0.4129524827003479, 0.4124366343021393, 0.40079358220100403, 0.39600232243537903, 0.3950955271720886, 0.38300225138664246, 0.3498596251010895]"
variant_F1,train_6bba_t25_p29_isolated,train,6bba_bb9f20c3,25,isolated,0.3,1,28,0,0,0,6.512682938889317,6.512682938889317,,0,,0,0.711371898651123,"[[18.0, 32.0, 33.0], [4.0, 22.0, 54.0], [18.0, 39.0, 5.0], [22.0, 39.0, 12.0], [14.0, 12.0, 19.0], [18.0, 6.0, 47.0], [2.0, 48.0, 53.0], [25.0, 51.0, 45.0], [14.0, 48.0, 34.0], [20.0, 10.0, 14.0], [8.0, 19.0, 63.0], [22.0, 61.0, 27.0], [8.0, 48.0, 63.0], [12.0, 21.0, 63.0], [6.0, 42.0, 18.0], [6.0, 4.0, 21.0], [10.0, 1.0, 42.0], [8.0, 37.0, 49.0], [23.0, 38.0, 59.0], [17.0, 45.0, 62.0], [5.0, 62.0, 10.0], [26.0, 27.0, 45.0], [11.0, 62.0, 14.0], [9.0, 38.0, 15.0], [14.0, 54.0, 1.0], [14.0, 27.0, 10.0], [25.0, 2.0, 12.0], [28.0, 32.0, 3.0]]","[0.711371898651123, 0.6513900756835938, 0.6168381571769714, 0.6166272163391113, 0.6160382032394409, 0.6085919737815857, 0.6064261198043823, 0.5760941505432129, 0.572959303855896, 0.5609492659568787, 0.5599840879440308, 0.5570728778839111, 0.5375322103500366, 0.5240598917007446, 0.5141683220863342, 0.5127232670783997, 0.5102100372314453, 0.501283586025238, 0.5011581182479858, 0.49844416975975037, 0.49318504333496094, 0.4916837215423584, 0.47072359919548035, 0.44418099522590637, 0.3893144428730011, 0.38560447096824646, 0.36163657903671265, 0.3259776532649994]"
variant_F1,train_6bba_t25_p30_isolated,train,6bba_bb9f20c3,25,isolated,0.3,1,17,0,0,1,2.471122277933652,2.471122277933652,,0,2.471122277933652,1,0.5412619709968567,"[[14.0, 30.0, 44.0], [16.0, 6.0, 46.0], [20.0, 31.0, 32.0], [12.0, 51.0, 40.0], [21.0, 59.0, 50.0], [12.0, 54.0, 19.0], [26.0, 18.0, 8.0], [18.0, 39.0, 63.0], [18.0, 50.0, 10.0], [18.0, 19.0, 14.0], [18.0, 57.0, 38.0], [15.0, 61.0, 63.0], [9.0, 51.0, 63.0], [11.0, 33.0, 26.0], [21.0, 61.0, 4.0], [26.0, 1.0, 4.0], [3.0, 19.0, 62.0]]","[0.7941914796829224, 0.7497333884239197, 0.7318180203437805, 0.714435338973999, 0.6966667771339417, 0.6703019738197327, 0.6600083112716675, 0.6472684144973755, 0.6450372934341431, 0.6345741152763367, 0.5890889763832092, 0.5672183632850647, 0.5519808530807495, 0.5412619709968567, 0.4864778518676758, 0.45259717106819153, 0.33363068103790283]"
variant_F1,train_6bba_t45_p31_isolated,train,6bba_bb9f20c3,45,isolated,0.3,1,19,0,0,0,3.5648292823780494,3.5648292823780494,,0,,0,0.5342128872871399,"[[8.0, 25.0, 58.0], [10.0, 50.0, 33.0], [18.0, 7.0, 58.0], [5.0, 62.0, 40.0], [16.0, 35.0, 42.0], [14.0, 59.0, 60.0], [6.0, 50.0, 57.0], [12.0, 12.0, 24.0], [10.0, 55.0, 57.0], [13.0, 61.0, 10.0], [22.0, 8.0, 4.0], [3.0, 61.0, 63.0], [8.0, 53.0, 4.0], [6.0, 41.0, 28.0], [20.0, 31.0, 6.0], [19.0, 27.0, 15.0], [7.0, 27.0, 38.0], [14.0, 15.0, 6.0], [5.0, 62.0, 24.0]]","[0.8177902102470398, 0.712557315826416, 0.7096644043922424, 0.6598352789878845, 0.6500462293624878, 0.6329813599586487, 0.6324193477630615, 0.6300150156021118, 0.6225076913833618, 0.6037229895591736, 0.5939022302627563, 0.5828999280929565, 0.5756152272224426, 0.5752143263816833, 0.5618653893470764, 0.5597995519638062, 0.5342128872871399, 0.5018624663352966, 0.3274173438549042]"
variant_F1,train_6bba_t30_p32_isolated,train,6bba_bb9f20c3,30,isolated,0.3,1,20,1,1,1,0.9084026158592896,0.9084026158592896,0.9084026158592896,1,0.9084026158592896,1,0.6923184394836426,"[[18.0, 27.0, 8.0], [12.0, 44.0, 42.0], [20.0, 7.0, 32.0], [16.0, 31.0, 28.0], [19.0, 60.0, 45.0], [24.0, 23.0, 21.0], [28.0, 11.0, 28.0], [20.0, 48.0, 13.0], [18.0, 6.0, 19.0], [31.0, 45.0, 28.0], [24.0, 1.0, 24.0], [11.0, 59.0, 10.0], [11.0, 37.0, 63.0], [7.0, 62.0, 60.0], [24.0, 5.0, 4.0], [17.0, 62.0, 4.0], [3.0, 62.0, 5.0], [19.0, 1.0, 62.0], [31.0, 13.0, 4.0], [7.0, 13.0, 30.0]]","[0.7367578744888306, 0.7235318422317505, 0.7005064487457275, 0.6923184394836426, 0.6654056310653687, 0.6632197499275208, 0.633659303188324, 0.6283020973205566, 0.5982049703598022, 0.554111659526825, 0.5539186000823975, 0.5467896461486816, 0.507003128528595, 0.5000230669975281, 0.4555635154247284, 0.3597213327884674, 0.35955479741096497, 0.3359476327896118, 0.30493178963661194, 0.30119484663009644]"
variant_F1,train_6bba_t55_p33_isolated,train,6bba_bb9f20c3,55,isolated,0.3,1,15,0,0,0,4.631962664465248,4.631962664465248,,0,,0,0.5357149839401245,"[[6.0, 16.0, 11.0], [8.0, 6.0, 50.0], [2.0, 21.0, 34.0], [2.0, 1.0, 44.0], [11.0, 42.0, 19.0], [16.0, 23.0, 12.0], [2.0, 37.0, 54.0], [6.0, 29.0, 46.0], [16.0, 45.0, 26.0], [4.0, 37.0, 4.0], [16.0, 21.0, 34.0], [1.0, 48.0, 13.0], [5.0, 53.0, 42.0], [15.0, 1.0, 10.0], [11.0, 62.0, 4.0]]","[0.767780601978302, 0.6896712779998779, 0.681077778339386, 0.6526361703872681, 0.6473332643508911, 0.6465364694595337, 0.6286971569061279, 0.6225423216819763, 0.6039550304412842, 0.5858870148658752, 0.5357149839401245, 0.43362781405448914, 0.4168775677680969, 0.3952488899230957, 0.3828226327896118]"
variant_F1,train_6bba_t25_p34_isolated,train,6bba_bb9f20c3,25,isolated,0.3,1,21,0,1,1,1.284675299443404,1.284675299443404,1.284675299443404,1,1.284675299443404,1,0.6004800796508789,"[[12.0, 47.0, 34.0], [18.0, 59.0, 37.0], [18.0, 31.0, 4.0], [20.0, 4.0, 31.0], [28.0, 11.0, 27.0], [24.0, 31.0, 12.0], [19.0, 58.0, 6.0], [31.0, 51.0, 23.0], [16.0, 31.0, 20.0], [3.0, 59.0, 63.0], [17.0, 14.0, 11.0], [11.0, 62.0, 4.0], [7.0, 55.0, 63.0], [11.0, 38.0, 58.0], [19.0, 1.0, 56.0], [24.0, 9.0, 4.0], [14.0, 50.0, 63.0], [24.0, 1.0, 40.0], [3.0, 62.0, 20.0], [2.0, 62.0, 8.0], [8.0, 21.0, 34.0]]","[0.7824642658233643, 0.7167019248008728, 0.710156261920929, 0.7024797797203064, 0.6869115233421326, 0.6796343922615051, 0.6454254984855652, 0.6030429005622864, 0.6004800796508789, 0.5770636200904846, 0.5700659155845642, 0.540215253829956, 0.5178637504577637, 0.468744158744812, 0.4393467307090759, 0.4294436573982239, 0.388691782951355, 0.32680246233940125, 0.32300257682800293, 0.31751197576522827, 0.30719515681266785]"
variant_F1,train_6bba_t25_p35_isolated,train,6bba_bb9f20c3,25,isolated,0.3,1,20,0,0,0,3.917733121653388,3.917733121653388,,0,,0,0.6633888483047485,"[[16.0, 35.0, 12.0], [10.0, 11.0, 39.0], [6.0, 27.0, 63.0], [4.0, 49.0, 30.0], [8.0, 20.0, 9.0], [13.0, 60.0, 13.0], [11.0, 62.0, 59.0], [10.0, 45.0, 35.0], [6.0, 41.0, 4.0], [5.0, 62.0, 63.0], [4.0, 10.0, 17.0], [2.0, 16.0, 63.0], [3.0, 6.0, 7.0], [7.0, 62.0, 45.0], [3.0, 9.0, 41.0], [13.0, 1.0, 16.0], [15.0, 1.0, 8.0], [16.0, 1.0, 24.0], [3.0, 62.0, 7.0], [7.0, 1.0, 63.0]]","[0.7583132982254028, 0.7432782649993896, 0.679107129573822, 0.6633888483047485, 0.6337454319000244, 0.6242086887359619, 0.6222100257873535, 0.619390070438385, 0.5843319296836853, 0.5644785165786743, 0.5269421339035034, 0.5153433084487915, 0.5123766660690308, 0.5083060264587402, 0.49314409494400024, 0.44812262058258057, 0.4443116784095764, 0.4160293638706207, 0.4002651572227478, 0.3140323758125305]"
variant_F1,train_6bba_t15_p36_isolated,train,6bba_bb9f20c3,15,isolated,0.3,1,22,1,1,1,0.9084026158592896,0.9084026158592896,0.9084026158592896,1,0.9084026158592896,1,0.6289650201797485,"[[10.0, 21.0, 40.0], [18.0, 52.0, 21.0], [10.0, 37.0, 56.0], [24.0, 46.0, 12.0], [20.0, 29.0, 25.0], [6.0, 21.0, 28.0], [16.0, 33.0, 30.0], [4.0, 43.0, 53.0], [16.0, 45.0, 8.0], [7.0, 60.0, 23.0], [10.0, 37.0, 22.0], [11.0, 62.0, 56.0], [16.0, 9.0, 10.0], [4.0, 18.0, 53.0], [5.0, 62.0, 56.0], [4.0, 43.0, 4.0], [3.0, 61.0, 31.0], [12.0, 1.0, 16.0], [6.0, 9.0, 16.0], [13.0, 60.0, 15.0], [25.0, 4.0, 37.0], [12.0, 1.0, 50.0]]","[0.7503739595413208, 0.6972777247428894, 0.6810123920440674, 0.6792804598808289, 0.6761892437934875, 0.6561890244483948, 0.6289650201797485, 0.6214860081672668, 0.6069737672805786, 0.5838791131973267, 0.5706786513328552, 0.5669536590576172, 0.5658382177352905, 0.5650992393493652, 0.5114473700523376, 0.5083785653114319, 0.5047184228897095, 0.4996125102043152, 0.49777311086654663, 0.48535388708114624, 0.46693310141563416, 0.3577592968940735]"
variant_F1,train_6bba_t50_p37_isolated,train,6bba_bb9f20c3,50,isolated,0.3,1,20,1,1,1,0.40625,0.40625,0.40625,1,0.40625,1,0.6301249265670776,"[[14.0, 5.0, 20.0], [18.0, 7.0, 28.0], [6.0, 54.0, 37.0], [12.0, 23.0, 20.0], [16.0, 31.0, 32.0], [17.0, 59.0, 10.0], [12.0, 1.0, 48.0], [6.0, 38.0, 54.0], [16.0, 37.0, 4.0], [9.0, 59.0, 62.0], [12.0, 28.0, 63.0], [10.0, 51.0, 4.0], [4.0, 55.0, 20.0], [14.0, 49.0, 47.0], [11.0, 59.0, 30.0], [16.0, 7.0, 63.0], [8.0, 34.0, 33.0], [3.0, 61.0, 63.0], [16.0, 11.0, 4.0], [24.0, 2.0, 3.0]]","[0.6678977608680725, 0.6612563133239746, 0.6571161150932312, 0.6371473670005798, 0.6301249265670776, 0.629711925983429, 0.6136404275894165, 0.6066401600837708, 0.6018720269203186, 0.5889939069747925, 0.5777890086174011, 0.5757057666778564, 0.5651502013206482, 0.5625952482223511, 0.5610406994819641, 0.5106073021888733, 0.48210805654525757, 0.46359148621559143, 0.3377548158168793, 0.3276272714138031]"
variant_F1,train_6bba_t50_p38_isolated,train,6bba_bb9f20c3,50,isolated,0.3,1,25,1,1,1,0.40625,0.40625,0.40625,1,0.40625,1,0.6914878487586975,"[[18.0, 59.0, 30.0], [6.0, 32.0, 31.0], [16.0, 17.0, 59.0], [20.0, 25.0, 20.0], [8.0, 8.0, 30.0], [22.0, 45.0, 6.0], [15.0, 20.0, 5.0], [8.0, 47.0, 8.0], [13.0, 33.0, 44.0], [12.0, 50.0, 55.0], [18.0, 30.0, 37.0], [2.0, 46.0, 55.0], [10.0, 51.0, 17.0], [12.0, 20.0, 16.0], [14.0, 7.0, 38.0], [19.0, 62.0, 59.0], [15.0, 62.0, 10.0], [8.0, 39.0, 55.0], [14.0, 62.0, 55.0], [3.0, 47.0, 32.0], [13.0, 1.0, 4.0], [6.0, 28.0, 63.0], [8.0, 1.0, 52.0], [22.0, 62.0, 10.0], [1.0, 21.0, 63.0]]","[0.7123414874076843, 0.6914878487586975, 0.6092468500137329, 0.6021448969841003, 0.5973393321037292, 0.5789210796356201, 0.5758486390113831, 0.5721008777618408, 0.5709224343299866, 0.5650514960289001, 0.5634780526161194, 0.5629425644874573, 0.5460772514343262, 0.5250245332717896, 0.488871693611145, 0.478615939617157, 0.47772857546806335, 0.47009751200675964, 0.46525514125823975, 0.4407147169113159, 0.4380796253681183, 0.416157603263855, 0.3844192922115326, 0.3310756981372833, 0.31951817870140076]"
variant_F1,train_6bba_t30_p39_isolated,train,6bba_bb9f20c3,30,isolated,0.3,1,25,1,1,1,0.40625,0.40625,0.40625,1,0.40625,1,0.7132347822189331,"[[12.0, 32.0, 31.0], [18.0, 29.0, 31.0], [12.0, 31.0, 58.0], [4.0, 48.0, 19.0], [20.0, 31.0, 10.0], [21.0, 61.0, 23.0], [16.0, 33.0, 5.0], [16.0, 45.0, 59.0], [8.0, 1.0, 30.0], [14.0, 8.0, 22.0], [19.0, 4.0, 46.0], [2.0, 53.0, 54.0], [4.0, 24.0, 55.0], [16.0, 51.0, 4.0], [14.0, 48.0, 35.0], [23.0, 31.0, 46.0], [8.0, 34.0, 50.0], [9.0, 38.0, 15.0], [18.0, 7.0, 9.0], [8.0, 48.0, 63.0], [5.0, 62.0, 59.0], [11.0, 62.0, 18.0], [9.0, 14.0, 63.0], [14.0, 1.0, 63.0], [3.0, 62.0, 4.0]]","[0.7132347822189331, 0.6485242247581482, 0.6199643015861511, 0.6028535962104797, 0.6016420722007751, 0.6005673408508301, 0.5954564213752747, 0.5941647291183472, 0.5879777073860168, 0.5645572543144226, 0.553957462310791, 0.5474375486373901, 0.5388545989990234, 0.5365793704986572, 0.5331615805625916, 0.5237451791763306, 0.47446975111961365, 0.4490020275115967, 0.4486100673675537, 0.43634259700775146, 0.42618855834007263, 0.41805025935173035, 0.40466803312301636, 0.3987072706222534, 0.37954583764076233]"
variant_F1,train_6bba_t20_p40_boundary,train,6bba_bb9f20c3,20,boundary,0.3,1,19,0,1,1,1.284675299443404,1.284675299443404,1.284675299443404,1,1.284675299443404,1,0.7304607033729553,"[[10.0, 38.0, 27.0], [16.0, 14.0, 14.0], [7.0, 62.0, 30.0], [16.0, 53.0, 30.0], [12.0, 45.0, 60.0], [24.0, 11.0, 23.0], [5.0, 59.0, 50.0], [21.0, 23.0, 4.0], [20.0, 1.0, 6.0], [16.0, 57.0, 44.0], [16.0, 57.0, 4.0], [29.0, 47.0, 11.0], [8.0, 32.0, 49.0], [31.0, 59.0, 5.0], [9.0, 59.0, 59.0], [3.0, 51.0, 16.0], [5.0, 35.0, 14.0], [16.0, 1.0, 36.0], [3.0, 13.0, 6.0]]","[0.7698620557785034, 0.7304607033729553, 0.6448351740837097, 0.6426746845245361, 0.6390891075134277, 0.6367989778518677, 0.6330211758613586, 0.5854949951171875, 0.5843299627304077, 0.576170027256012, 0.5662330389022827, 0.5200360417366028, 0.5051603317260742, 0.5028480291366577, 0.4985228478908539, 0.4729926586151123, 0.44010844826698303, 0.42344120144844055, 0.35250183939933777]"
variant_F1,train_6bba_t55_p41_boundary,train,6bba_bb9f20c3,55,boundary,0.3,1,18,0,1,1,1.6750116604071745,1.6750116604071745,1.6750116604071745,1,1.6750116604071745,1,0.5183913111686707,"[[10.0, 7.0, 12.0], [4.0, 42.0, 9.0], [2.0, 25.0, 27.0], [8.0, 35.0, 54.0], [6.0, 1.0, 34.0], [18.0, 11.0, 22.0], [16.0, 23.0, 20.0], [2.0, 5.0, 30.0], [15.0, 18.0, 33.0], [16.0, 12.0, 43.0], [2.0, 57.0, 1.0], [0.0, 44.0, 39.0], [3.0, 1.0, 62.0], [3.0, 61.0, 46.0], [1.0, 19.0, 12.0], [1.0, 62.0, 27.0], [7.0, 61.0, 14.0], [1.0, 27.0, 63.0]]","[0.716509997844696, 0.711409866809845, 0.7102656960487366, 0.6570298671722412, 0.6538691520690918, 0.5625882148742676, 0.5557126402854919, 0.5196275115013123, 0.5183913111686707, 0.5069352388381958, 0.4730316400527954, 0.45578905940055847, 0.4400067925453186, 0.4248352348804474, 0.4232763648033142, 0.4044974744319916, 0.370520681142807, 0.3621094822883606]"
variant_F1,train_6bba_t15_p42_boundary,train,6bba_bb9f20c3,15,boundary,0.3,1,18,1,1,1,0.9084026158592896,0.9084026158592896,0.9084026158592896,1,0.9084026158592896,1,0.8061147928237915,"[[16.0, 5.0, 20.0], [8.0, 52.0, 25.0], [12.0, 27.0, 31.0], [22.0, 10.0, 30.0], [15.0, 60.0, 17.0], [14.0, 10.0, 6.0], [16.0, 31.0, 39.0], [8.0, 25.0, 56.0], [22.0, 31.0, 4.0], [12.0, 43.0, 58.0], [4.0, 53.0, 46.0], [14.0, 60.0, 49.0], [9.0, 62.0, 5.0], [9.0, 61.0, 58.0], [29.0, 61.0, 4.0], [3.0, 48.0, 15.0], [29.0, 51.0, 4.0], [27.0, 1.0, 6.0]]","[0.8061147928237915, 0.7199289798736572, 0.7006698250770569, 0.6860662698745728, 0.6293467283248901, 0.6259374618530273, 0.6236234903335571, 0.6186610460281372, 0.6012609004974365, 0.5924906134605408, 0.5867288708686829, 0.5852697491645813, 0.5663853883743286, 0.4769130051136017, 0.4689583480358124, 0.4563427269458771, 0.44661933183670044, 0.4429118037223816]"
variant_F1,train_6bba_t55_p43_boundary,train,6bba_bb9f20c3,55,boundary,0.3,1,25,0,1,1,1.6750116604071745,1.6750116604071745,1.6750116604071745,1,1.6750116604071745,1,0.6469820141792297,"[[14.0, 8.0, 55.0], [2.0, 32.0, 31.0], [17.0, 59.0, 54.0], [16.0, 42.0, 39.0], [10.0, 23.0, 43.0], [21.0, 61.0, 9.0], [16.0, 17.0, 30.0], [12.0, 38.0, 37.0], [14.0, 19.0, 16.0], [18.0, 12.0, 15.0], [10.0, 52.0, 7.0], [8.0, 42.0, 21.0], [5.0, 58.0, 43.0], [4.0, 51.0, 6.0], [4.0, 6.0, 32.0], [10.0, 41.0, 55.0], [4.0, 35.0, 59.0], [4.0, 17.0, 58.0], [18.0, 35.0, 4.0], [10.0, 5.0, 16.0], [3.0, 1.0, 52.0], [13.0, 10.0, 4.0], [8.0, 1.0, 4.0], [5.0, 52.0, 63.0], [5.0, 59.0, 63.0]]","[0.6523637771606445, 0.6469820141792297, 0.6420695781707764, 0.6341776251792908, 0.617223858833313, 0.6109328866004944, 0.6072353720664978, 0.5945883393287659, 0.5875738859176636, 0.5848657488822937, 0.5800458788871765, 0.5573111772537231, 0.54591304063797, 0.537845253944397, 0.5343062281608582, 0.5301806330680847, 0.504274845123291, 0.488051176071167, 0.4821055829524994, 0.4809384346008301, 0.4808722138404846, 0.4530450701713562, 0.4157610535621643, 0.4134349226951599, 0.40918177366256714]"
variant_F1,train_44b6_t40_p01_crowded,train,44b6_d29c9ab2,40,crowded,0.3,2,34,1,2,2,1.1115276158592895,1.1115276158592895,1.1115276158592895,2,1.1115276158592895,2,0.5811645090579987,"[[28.0, 55.0, 46.0], [18.0, 30.0, 4.0], [12.0, 16.0, 39.0], [2.0, 33.0, 30.0], [24.0, 38.0, 27.0], [20.0, 4.0, 53.0], [4.0, 51.0, 26.0], [28.0, 21.0, 20.0], [24.0, 18.0, 18.0], [6.0, 14.0, 56.0], [22.0, 46.0, 58.0], [18.0, 54.0, 40.0], [13.0, 56.0, 37.0], [8.0, 30.0, 29.0], [15.0, 33.0, 32.0], [23.0, 28.0, 63.0], [28.0, 28.0, 47.0], [18.0, 16.0, 43.0], [31.0, 18.0, 63.0], [7.0, 62.0, 31.0], [27.0, 43.0, 6.0], [31.0, 41.0, 62.0], [2.0, 16.0, 63.0], [5.0, 45.0, 63.0], [31.0, 1.0, 32.0], [25.0, 61.0, 63.0], [9.0, 1.0, 16.0], [6.0, 24.0, 4.0], [23.0, 62.0, 26.0], [24.0, 1.0, 24.0], [10.0, 1.0, 54.0], [19.0, 4.0, 6.0], [10.0, 8.0, 4.0], [15.0, 13.0, 63.0]]","[0.6752792596817017, 0.6671510338783264, 0.6491745114326477, 0.6379180550575256, 0.6295446157455444, 0.6275753378868103, 0.6238117218017578, 0.6063504219055176, 0.594383180141449, 0.5825320482254028, 0.582170844078064, 0.5811952948570251, 0.5721161961555481, 0.5718616843223572, 0.5559785962104797, 0.5449607372283936, 0.543876588344574, 0.5333410501480103, 0.5242289304733276, 0.5221012234687805, 0.4838065803050995, 0.4595761299133301, 0.43539899587631226, 0.43324950337409973, 0.4310563802719116, 0.4245935380458832, 0.4015692472457886, 0.39884087443351746, 0.3940761089324951, 0.39002081751823425, 0.388765424489975, 0.38530898094177246, 0.34889355301856995, 0.3210335969924927]"
variant_F1,train_44b6_t45_p02_crowded,train,44b6_d29c9ab2,45,crowded,0.3,2,29,1,2,2,0.929599779578737,0.929599779578737,0.929599779578737,2,0.929599779578737,2,0.6314316689968109,"[[4.0, 39.0, 13.0], [24.0, 18.0, 37.0], [16.0, 6.0, 41.0], [8.0, 36.0, 33.0], [30.0, 41.0, 9.0], [16.0, 50.0, 31.0], [6.0, 14.0, 22.0], [20.0, 27.0, 56.0], [14.0, 42.0, 51.0], [30.0, 19.0, 19.0], [31.0, 22.0, 49.0], [24.0, 13.0, 12.0], [31.0, 1.0, 22.0], [11.0, 62.0, 35.0], [20.0, 39.0, 22.0], [28.0, 59.0, 18.0], [14.0, 56.0, 7.0], [22.0, 38.0, 4.0], [31.0, 33.0, 55.0], [30.0, 48.0, 44.0], [31.0, 48.0, 63.0], [4.0, 62.0, 14.0], [3.0, 5.0, 4.0], [21.0, 61.0, 63.0], [14.0, 35.0, 3.0], [26.0, 41.0, 3.0], [25.0, 43.0, 30.0], [15.0, 13.0, 4.0], [27.0, 1.0, 36.0]]","[0.75674968957901, 0.7508814334869385, 0.7238273024559021, 0.6975803971290588, 0.6851642727851868, 0.681318461894989, 0.6757111549377441, 0.6582589149475098, 0.6182201504707336, 0.6176009774208069, 0.603783905506134, 0.6012110114097595, 0.5996448993682861, 0.5815448760986328, 0.5777193903923035, 0.5726156830787659, 0.5567991733551025, 0.5488232970237732, 0.5471808314323425, 0.5298164486885071, 0.5072594881057739, 0.48918482661247253, 0.4494558572769165, 0.435635507106781, 0.4235440790653229, 0.41412675380706787, 0.38725122809410095, 0.3579942286014557, 0.3542969822883606]"
variant_F1,train_44b6_t55_p03_crowded,train,44b6_d29c9ab2,55,crowded,0.3,3,28,2,2,3,1.056165820870821,0.5745242597140698,0.4903871298570349,2,1.056165820870821,3,0.5369837284088135,"[[4.0, 25.0, 10.0], [10.0, 53.0, 50.0], [8.0, 12.0, 49.0], [18.0, 38.0, 11.0], [22.0, 43.0, 18.0], [26.0, 20.0, 28.0], [18.0, 21.0, 46.0], [6.0, 47.0, 8.0], [28.0, 47.0, 7.0], [20.0, 8.0, 13.0], [16.0, 54.0, 27.0], [26.0, 41.0, 30.0], [22.0, 10.0, 40.0], [8.0, 23.0, 26.0], [30.0, 37.0, 42.0], [16.0, 31.0, 32.0], [31.0, 18.0, 59.0], [4.0, 1.0, 28.0], [31.0, 60.0, 45.0], [30.0, 11.0, 28.0], [6.0, 39.0, 20.0], [25.0, 1.0, 58.0], [30.0, 1.0, 48.0], [3.0, 11.0, 62.0], [31.0, 34.0, 63.0], [17.0, 22.0, 63.0], [24.0, 25.0, 4.0], [15.0, 62.0, 8.0]]","[0.7010831832885742, 0.6696289777755737, 0.6392782330513, 0.6266404986381531, 0.6074380874633789, 0.5867374539375305, 0.5759664177894592, 0.5680027604103088, 0.5668398141860962, 0.563109278678894, 0.5615216493606567, 0.5468300580978394, 0.5434626340866089, 0.5385159254074097, 0.5368025302886963, 0.5356327295303345, 0.5344183444976807, 0.5318462252616882, 0.5317720174789429, 0.5190335512161255, 0.5108547806739807, 0.5011768937110901, 0.4609297513961792, 0.43128645420074463, 0.40669822692871094, 0.3511448800563812, 0.32159939408302307, 0.3131038546562195]"
variant_F1,train_44b6_t40_p04_crowded,train,44b6_d29c9ab2,40,crowded,0.3,3,22,3,3,3,0.2708333333333333,0.40625,0.2708333333333333,3,0.2708333333333333,3,0.7044411897659302,"[[16.0, 33.0, 32.0], [16.0, 10.0, 36.0], [12.0, 38.0, 11.0], [18.0, 49.0, 63.0], [4.0, 34.0, 28.0], [12.0, 39.0, 56.0], [10.0, 50.0, 40.0], [8.0, 18.0, 43.0], [2.0, 31.0, 52.0], [12.0, 1.0, 20.0], [6.0, 11.0, 10.0], [20.0, 1.0, 62.0], [3.0, 57.0, 46.0], [10.0, 18.0, 4.0], [23.0, 21.0, 60.0], [15.0, 60.0, 9.0], [8.0, 6.0, 59.0], [7.0, 58.0, 13.0], [2.0, 35.0, 10.0], [3.0, 62.0, 26.0], [3.0, 61.0, 63.0], [3.0, 1.0, 44.0]]","[0.8531335592269897, 0.7391966581344604, 0.7149182558059692, 0.7112686038017273, 0.6963585615158081, 0.6865293979644775, 0.6862940788269043, 0.6621549725532532, 0.633988082408905, 0.6308326721191406, 0.6199979186058044, 0.6089231371879578, 0.5917204022407532, 0.5807095170021057, 0.5683056712150574, 0.5652803182601929, 0.5638314485549927, 0.5611406564712524, 0.5571516752243042, 0.5211638808250427, 0.4315243065357208, 0.3996134102344513]"
variant_F1,train_44b6_t15_p05_crowded,train,44b6_d29c9ab2,15,crowded,0.3,3,26,3,3,3,0.6297256251911199,0.5745242597140698,0.6297256251911199,3,0.6297256251911199,3,0.5978170037269592,"[[24.0, 42.0, 29.0], [20.0, 10.0, 17.0], [16.0, 33.0, 34.0], [30.0, 38.0, 31.0], [24.0, 5.0, 43.0], [28.0, 54.0, 57.0], [28.0, 10.0, 10.0], [20.0, 54.0, 8.0], [30.0, 18.0, 55.0], [20.0, 24.0, 59.0], [26.0, 40.0, 59.0], [10.0, 15.0, 22.0], [14.0, 27.0, 54.0], [9.0, 44.0, 63.0], [13.0, 44.0, 23.0], [27.0, 59.0, 30.0], [16.0, 1.0, 32.0], [7.0, 55.0, 42.0], [16.0, 33.0, 1.0], [17.0, 61.0, 63.0], [7.0, 62.0, 26.0], [1.0, 45.0, 18.0], [7.0, 62.0, 4.0], [31.0, 4.0, 63.0], [9.0, 1.0, 4.0], [25.0, 1.0, 63.0]]","[0.725951611995697, 0.7074106335639954, 0.6823042035102844, 0.6716733574867249, 0.6550319790840149, 0.6476098299026489, 0.6452268958091736, 0.6449787616729736, 0.63138347864151, 0.6110295057296753, 0.5990265011787415, 0.5919504761695862, 0.5631093978881836, 0.5616903901100159, 0.5494564175605774, 0.5479069948196411, 0.5400391817092896, 0.532036542892456, 0.4932541251182556, 0.4738548696041107, 0.45553916692733765, 0.4343937039375305, 0.42434799671173096, 0.38820067048072815, 0.3772202730178833, 0.35193586349487305]"
variant_F1,train_44b6_t20_p06_crowded,train,44b6_d29c9ab2,20,crowded,0.3,2,31,2,2,2,0.203125,0.203125,0.203125,2,0.203125,2,0.6628026068210602,"[[18.0, 51.0, 44.0], [16.0, 27.0, 32.0], [22.0, 4.0, 52.0], [30.0, 26.0, 43.0], [10.0, 27.0, 22.0], [24.0, 5.0, 6.0], [26.0, 21.0, 26.0], [20.0, 28.0, 43.0], [12.0, 4.0, 35.0], [28.0, 39.0, 7.0], [30.0, 6.0, 44.0], [14.0, 53.0, 28.0], [6.0, 4.0, 20.0], [4.0, 40.0, 37.0], [24.0, 47.0, 59.0], [24.0, 26.0, 63.0], [18.0, 6.0, 41.0], [2.0, 33.0, 6.0], [25.0, 62.0, 8.0], [24.0, 42.0, 21.0], [8.0, 49.0, 4.0], [29.0, 1.0, 63.0], [9.0, 62.0, 58.0], [23.0, 62.0, 23.0], [10.0, 50.0, 63.0], [31.0, 62.0, 42.0], [23.0, 62.0, 50.0], [1.0, 62.0, 6.0], [22.0, 26.0, 5.0], [9.0, 62.0, 27.0], [13.0, 1.0, 4.0]]","[0.6898316144943237, 0.6784496307373047, 0.6608898043632507, 0.652353823184967, 0.6523025631904602, 0.6514214277267456, 0.6473742723464966, 0.6471555829048157, 0.630953848361969, 0.6029375791549683, 0.590416431427002, 0.587407648563385, 0.5729814171791077, 0.5624020099639893, 0.5551490187644958, 0.5455889105796814, 0.5347306132316589, 0.5078475475311279, 0.5032027363777161, 0.4941898584365845, 0.4574226438999176, 0.4552326798439026, 0.4309628903865814, 0.4175029993057251, 0.41463473439216614, 0.4103398621082306, 0.3914182484149933, 0.3756220042705536, 0.32176288962364197, 0.3204810619354248, 0.3128504157066345]"
variant_F1,train_44b6_t40_p07_crowded,train,44b6_d29c9ab2,40,crowded,0.3,2,26,1,2,2,1.0406308302035874,1.0406308302035874,1.0406308302035874,2,1.0406308302035874,2,0.6321308612823486,"[[10.0, 40.0, 31.0], [12.0, 17.0, 45.0], [24.0, 12.0, 51.0], [4.0, 50.0, 5.0], [22.0, 32.0, 33.0], [26.0, 27.0, 19.0], [20.0, 1.0, 14.0], [11.0, 59.0, 13.0], [16.0, 32.0, 33.0], [31.0, 15.0, 36.0], [31.0, 17.0, 6.0], [18.0, 14.0, 46.0], [25.0, 41.0, 47.0], [20.0, 52.0, 25.0], [31.0, 60.0, 25.0], [23.0, 62.0, 37.0], [30.0, 53.0, 4.0], [31.0, 35.0, 52.0], [29.0, 57.0, 63.0], [31.0, 43.0, 22.0], [24.0, 58.0, 9.0], [31.0, 13.0, 56.0], [31.0, 1.0, 4.0], [9.0, 62.0, 42.0], [31.0, 62.0, 48.0], [25.0, 33.0, 4.0]]","[0.7778531312942505, 0.7417203187942505, 0.7198968529701233, 0.6846562027931213, 0.6680927276611328, 0.6337546110153198, 0.6249179840087891, 0.604907214641571, 0.5961689949035645, 0.5857889652252197, 0.5820417404174805, 0.5750831365585327, 0.570624828338623, 0.5666469931602478, 0.5638194680213928, 0.551242470741272, 0.5473281741142273, 0.5435944199562073, 0.5345064997673035, 0.5309302806854248, 0.5062968730926514, 0.48889732360839844, 0.3639218509197235, 0.3461960554122925, 0.32030975818634033, 0.3082122504711151]"
variant_F1,train_44b6_t50_p08_crowded,train,44b6_d29c9ab2,50,crowded,0.3,3,35,2,3,3,0.964587220135725,0.8125,0.964587220135725,3,0.964587220135725,3,0.5812772313753763,"[[4.0, 42.0, 20.0], [24.0, 30.0, 46.0], [8.0, 21.0, 42.0], [18.0, 6.0, 22.0], [6.0, 42.0, 46.0], [28.0, 4.0, 39.0], [26.0, 30.0, 21.0], [26.0, 50.0, 59.0], [16.0, 31.0, 22.0], [20.0, 9.0, 54.0], [12.0, 43.0, 4.0], [16.0, 33.0, 46.0], [6.0, 11.0, 63.0], [30.0, 32.0, 49.0], [2.0, 25.0, 30.0], [26.0, 2.0, 9.0], [12.0, 4.0, 5.0], [24.0, 43.0, 4.0], [15.0, 53.0, 51.0], [15.0, 62.0, 22.0], [21.0, 62.0, 10.0], [17.0, 20.0, 63.0], [6.0, 6.0, 4.0], [20.0, 17.0, 4.0], [30.0, 54.0, 63.0], [22.0, 47.0, 28.0], [24.0, 46.0, 48.0], [29.0, 49.0, 12.0], [30.0, 41.0, 14.0], [9.0, 62.0, 7.0], [9.0, 55.0, 63.0], [4.0, 1.0, 40.0], [21.0, 62.0, 60.0], [29.0, 3.0, 63.0], [0.0, 43.0, 4.0]]","[0.6859210729598999, 0.6579469442367554, 0.641393780708313, 0.6357626914978027, 0.6011769771575928, 0.5952903628349304, 0.5846040844917297, 0.5826011300086975, 0.5814499258995056, 0.575964629650116, 0.5553866624832153, 0.5529078245162964, 0.5495534539222717, 0.5495300889015198, 0.5362058877944946, 0.5204370617866516, 0.5189271569252014, 0.5088393688201904, 0.5081533789634705, 0.5075072050094604, 0.5066370964050293, 0.5023888945579529, 0.5011740326881409, 0.4959760010242462, 0.4707777500152588, 0.4605728089809418, 0.4556148648262024, 0.44231918454170227, 0.4330327808856964, 0.40562519431114197, 0.39951854944229126, 0.38135308027267456, 0.3337106704711914, 0.3242326080799103, 0.32392364740371704]"
variant_F1,train_44b6_t10_p09_crowded,train,44b6_d29c9ab2,10,crowded,0.3,2,30,2,2,2,0.8125,0.8125,0.8125,2,0.8125,2,0.6360147893428802,"[[10.0, 18.0, 14.0], [16.0, 23.0, 30.0], [6.0, 49.0, 33.0], [26.0, 13.0, 18.0], [12.0, 49.0, 16.0], [20.0, 8.0, 59.0], [26.0, 12.0, 53.0], [20.0, 51.0, 16.0], [14.0, 7.0, 45.0], [14.0, 46.0, 35.0], [22.0, 20.0, 21.0], [4.0, 31.0, 42.0], [8.0, 6.0, 5.0], [30.0, 16.0, 54.0], [20.0, 28.0, 63.0], [15.0, 61.0, 63.0], [27.0, 58.0, 43.0], [20.0, 49.0, 60.0], [4.0, 54.0, 51.0], [30.0, 35.0, 57.0], [18.0, 1.0, 22.0], [23.0, 62.0, 58.0], [22.0, 39.0, 1.0], [9.0, 62.0, 14.0], [21.0, 62.0, 48.0], [1.0, 1.0, 28.0], [23.0, 62.0, 22.0], [10.0, 24.0, 63.0], [1.0, 38.0, 27.0], [7.0, 20.0, 3.0]]","[0.706099271774292, 0.6900157928466797, 0.6837183237075806, 0.6775243878364563, 0.6760929226875305, 0.6640759110450745, 0.6556554436683655, 0.6415407657623291, 0.6302165985107422, 0.6230037212371826, 0.6204550266265869, 0.6012210845947266, 0.5977028012275696, 0.5921695828437805, 0.5893896818161011, 0.5846177339553833, 0.5820137858390808, 0.5775169134140015, 0.5673367977142334, 0.5560268759727478, 0.5404483675956726, 0.5058984160423279, 0.4823084771633148, 0.42153477668762207, 0.42034390568733215, 0.3897738456726074, 0.37282508611679077, 0.3576187789440155, 0.33888694643974304, 0.3031577467918396]"
variant_F1,train_44b6_t30_p10_crowded,train,44b6_d29c9ab2,30,crowded,0.3,3,32,2,3,3,0.8212337117624764,0.9084026158592896,0.8212337117624764,3,0.8212337117624764,3,0.6137131849924723,"[[26.0, 10.0, 32.0], [18.0, 17.0, 54.0], [18.0, 8.0, 29.0], [6.0, 15.0, 26.0], [30.0, 16.0, 37.0], [16.0, 34.0, 31.0], [8.0, 27.0, 44.0], [10.0, 51.0, 14.0], [26.0, 31.0, 26.0], [18.0, 44.0, 63.0], [16.0, 29.0, 11.0], [6.0, 51.0, 6.0], [14.0, 62.0, 39.0], [7.0, 60.0, 63.0], [26.0, 1.0, 48.0], [13.0, 62.0, 22.0], [31.0, 13.0, 58.0], [24.0, 43.0, 4.0], [25.0, 59.0, 44.0], [23.0, 34.0, 37.0], [21.0, 51.0, 12.0], [7.0, 4.0, 47.0], [2.0, 1.0, 4.0], [27.0, 59.0, 14.0], [2.0, 62.0, 37.0], [2.0, 25.0, 18.0], [17.0, 61.0, 63.0], [2.0, 37.0, 38.0], [13.0, 1.0, 10.0], [1.0, 62.0, 12.0], [4.0, 17.0, 57.0], [26.0, 1.0, 6.0]]","[0.6750580668449402, 0.6732915043830872, 0.6552636623382568, 0.6458672881126404, 0.6286630630493164, 0.6107474565505981, 0.6017290353775024, 0.5975301265716553, 0.59488844871521, 0.5905691385269165, 0.5876640677452087, 0.5733104944229126, 0.5581472516059875, 0.5533624291419983, 0.5506076812744141, 0.5479743480682373, 0.5274049043655396, 0.5233866572380066, 0.5119544267654419, 0.5070127248764038, 0.4924384355545044, 0.48471176624298096, 0.46972745656967163, 0.45653390884399414, 0.45274871587753296, 0.4449397623538971, 0.4430684447288513, 0.40321874618530273, 0.39261841773986816, 0.3699641227722168, 0.34434014558792114, 0.33628910779953003]"
variant_F1,train_44b6_t35_p11_crowded,train,44b6_d29c9ab2,35,crowded,0.3,4,31,4,4,4,0.3707317188933399,0.2872621298570349,0.3707317188933399,4,0.3707317188933399,4,0.6838971972465515,"[[24.0, 40.0, 19.0], [20.0, 54.0, 51.0], [26.0, 29.0, 38.0], [22.0, 14.0, 19.0], [2.0, 45.0, 22.0], [16.0, 33.0, 50.0], [14.0, 31.0, 28.0], [30.0, 15.0, 59.0], [10.0, 50.0, 40.0], [20.0, 33.0, 8.0], [27.0, 61.0, 63.0], [18.0, 10.0, 63.0], [2.0, 17.0, 30.0], [11.0, 49.0, 13.0], [20.0, 51.0, 5.0], [14.0, 28.0, 5.0], [31.0, 39.0, 52.0], [13.0, 14.0, 43.0], [26.0, 1.0, 48.0], [2.0, 29.0, 4.0], [4.0, 49.0, 50.0], [28.0, 1.0, 22.0], [17.0, 58.0, 5.0], [13.0, 1.0, 4.0], [13.0, 61.0, 63.0], [19.0, 1.0, 32.0], [2.0, 42.0, 63.0], [3.0, 1.0, 26.0], [3.0, 62.0, 36.0], [23.0, 28.0, 63.0], [5.0, 1.0, 42.0]]","[0.7892099618911743, 0.7104295492172241, 0.7007344961166382, 0.6998844742774963, 0.6938261389732361, 0.6691879034042358, 0.660585343837738, 0.6554981470108032, 0.6204360723495483, 0.6009746193885803, 0.5969951152801514, 0.594634473323822, 0.5884761214256287, 0.5833647847175598, 0.5779663920402527, 0.5777403116226196, 0.5670468211174011, 0.5643488764762878, 0.5515180230140686, 0.5474110841751099, 0.5330166816711426, 0.5110636949539185, 0.4817611277103424, 0.4394940137863159, 0.4227205216884613, 0.4053533673286438, 0.3889855444431305, 0.3728916049003601, 0.37111014127731323, 0.368850976228714, 0.35158827900886536]"
variant_F1,train_44b6_t45_p12_crowded,train,44b6_d29c9ab2,45,crowded,0.3,2,25,1,2,2,1.0406308302035874,1.0406308302035874,1.0406308302035874,2,1.0406308302035874,2,0.6792571544647217,"[[10.0, 36.0, 27.0], [6.0, 35.0, 19.0], [24.0, 37.0, 40.0], [16.0, 32.0, 31.0], [20.0, 14.0, 42.0], [26.0, 9.0, 48.0], [30.0, 31.0, 19.0], [10.0, 23.0, 51.0], [20.0, 50.0, 26.0], [23.0, 60.0, 45.0], [31.0, 60.0, 23.0], [31.0, 10.0, 32.0], [25.0, 62.0, 10.0], [30.0, 51.0, 4.0], [4.0, 51.0, 4.0], [28.0, 1.0, 14.0], [11.0, 59.0, 14.0], [25.0, 43.0, 56.0], [20.0, 1.0, 14.0], [31.0, 35.0, 54.0], [31.0, 9.0, 48.0], [31.0, 59.0, 59.0], [10.0, 62.0, 42.0], [29.0, 1.0, 63.0], [26.0, 37.0, 4.0]]","[0.8115554451942444, 0.7657038569450378, 0.7190660834312439, 0.6394482254981995, 0.6099110245704651, 0.6014408469200134, 0.5917222499847412, 0.5861285328865051, 0.5844659805297852, 0.5646083950996399, 0.5622701048851013, 0.5492414236068726, 0.5397338271141052, 0.5342669486999512, 0.5222421288490295, 0.519664466381073, 0.4982234537601471, 0.4961996376514435, 0.484921932220459, 0.4785744547843933, 0.4696328341960907, 0.4213602840900421, 0.4198165535926819, 0.41493499279022217, 0.3643570840358734]"
variant_F1,train_44b6_t25_p13_crowded,train,44b6_d29c9ab2,25,crowded,0.3,2,27,2,2,2,0.40625,0.40625,0.40625,2,0.40625,2,0.6961769163608551,"[[16.0, 33.0, 32.0], [10.0, 33.0, 24.0], [24.0, 24.0, 59.0], [22.0, 38.0, 41.0], [30.0, 13.0, 40.0], [6.0, 44.0, 37.0], [24.0, 49.0, 14.0], [22.0, 4.0, 46.0], [2.0, 37.0, 7.0], [12.0, 12.0, 41.0], [18.0, 51.0, 36.0], [28.0, 29.0, 24.0], [31.0, 32.0, 39.0], [14.0, 56.0, 19.0], [26.0, 46.0, 54.0], [28.0, 53.0, 4.0], [12.0, 54.0, 63.0], [9.0, 61.0, 4.0], [28.0, 21.0, 1.0], [30.0, 1.0, 54.0], [31.0, 60.0, 59.0], [9.0, 1.0, 34.0], [14.0, 1.0, 6.0], [31.0, 1.0, 24.0], [2.0, 62.0, 16.0], [31.0, 61.0, 42.0], [31.0, 62.0, 28.0]]","[0.7159967422485352, 0.7038255929946899, 0.678061842918396, 0.676357090473175, 0.6612436175346375, 0.6386928558349609, 0.6369437575340271, 0.6353927254676819, 0.6309092044830322, 0.6156505346298218, 0.6119382381439209, 0.5941987633705139, 0.5834487676620483, 0.5808229446411133, 0.554999828338623, 0.4948602616786957, 0.48155078291893005, 0.4776064455509186, 0.4578711688518524, 0.45653942227363586, 0.44419413805007935, 0.4265543818473816, 0.4204777777194977, 0.39965713024139404, 0.37304195761680603, 0.3134297728538513, 0.3016752004623413]"
variant_F1,train_44b6_t10_p14_crowded,train,44b6_d29c9ab2,10,crowded,0.3,2,27,2,2,2,0.6573263079296447,0.6573263079296447,0.6573263079296447,2,0.6573263079296447,2,0.6603983044624329,"[[14.0, 37.0, 24.0], [28.0, 50.0, 27.0], [6.0, 36.0, 11.0], [28.0, 13.0, 11.0], [16.0, 11.0, 30.0], [22.0, 11.0, 44.0], [22.0, 24.0, 9.0], [12.0, 11.0, 19.0], [24.0, 38.0, 59.0], [28.0, 22.0, 36.0], [18.0, 30.0, 45.0], [20.0, 54.0, 9.0], [4.0, 19.0, 27.0], [12.0, 54.0, 44.0], [19.0, 59.0, 40.0], [12.0, 55.0, 12.0], [8.0, 54.0, 6.0], [28.0, 1.0, 38.0], [21.0, 54.0, 63.0], [12.0, 27.0, 63.0], [3.0, 62.0, 4.0], [22.0, 1.0, 4.0], [24.0, 16.0, 63.0], [31.0, 41.0, 52.0], [12.0, 52.0, 63.0], [1.0, 46.0, 4.0], [30.0, 62.0, 55.0]]","[0.709745466709137, 0.692434549331665, 0.6803702712059021, 0.6756859421730042, 0.6656582355499268, 0.655138373374939, 0.6505669355392456, 0.64715576171875, 0.6368895173072815, 0.6172211170196533, 0.5770347714424133, 0.5722549557685852, 0.5681981444358826, 0.5628452301025391, 0.5533785820007324, 0.5525835752487183, 0.5489197373390198, 0.5029468536376953, 0.47791147232055664, 0.4463765323162079, 0.4131332039833069, 0.407682865858078, 0.39488890767097473, 0.38483771681785583, 0.3680025637149811, 0.36613255739212036, 0.31123873591423035]"
variant_F1,train_44b6_t25_p15_crowded,train,44b6_d29c9ab2,25,crowded,0.3,4,25,3,4,4,0.4677513014143114,0.203125,0.4677513014143114,4,0.4677513014143114,4,0.6493795812129974,"[[20.0, 46.0, 21.0], [20.0, 17.0, 26.0], [24.0, 17.0, 22.0], [2.0, 25.0, 16.0], [12.0, 30.0, 38.0], [14.0, 18.0, 19.0], [20.0, 43.0, 44.0], [22.0, 5.0, 44.0], [2.0, 33.0, 36.0], [26.0, 18.0, 49.0], [16.0, 32.0, 59.0], [14.0, 9.0, 54.0], [11.0, 47.0, 20.0], [2.0, 9.0, 30.0], [30.0, 39.0, 58.0], [23.0, 60.0, 5.0], [15.0, 55.0, 6.0], [12.0, 53.0, 52.0], [19.0, 62.0, 43.0], [3.0, 62.0, 4.0], [1.0, 62.0, 53.0], [21.0, 4.0, 4.0], [7.0, 62.0, 6.0], [2.0, 60.0, 63.0], [9.0, 5.0, 3.0]]","[0.7637953162193298, 0.7217552661895752, 0.721650242805481, 0.687134325504303, 0.6854290962219238, 0.6790395975112915, 0.6732593774795532, 0.6582263112068176, 0.6570085883140564, 0.6537281274795532, 0.6371663212776184, 0.6239854097366333, 0.581693172454834, 0.5788053870201111, 0.5786399245262146, 0.5557410717010498, 0.5289984941482544, 0.5078099966049194, 0.49956682324409485, 0.48149827122688293, 0.46233442425727844, 0.44544708728790283, 0.40995654463768005, 0.40085795521736145, 0.30129948258399963]"
variant_F1,train_44b6_t30_p16_crowded,train,44b6_d29c9ab2,30,crowded,0.3,2,26,1,1,1,1.890407972155234,1.890407972155234,0.40625,1,0.40625,1,0.6301330327987671,"[[26.0, 22.0, 27.0], [16.0, 33.0, 32.0], [20.0, 21.0, 52.0], [8.0, 54.0, 15.0], [8.0, 16.0, 43.0], [18.0, 47.0, 4.0], [20.0, 43.0, 50.0], [4.0, 34.0, 30.0], [28.0, 52.0, 25.0], [22.0, 28.0, 17.0], [13.0, 17.0, 47.0], [2.0, 59.0, 5.0], [12.0, 30.0, 29.0], [16.0, 4.0, 41.0], [24.0, 14.0, 4.0], [27.0, 62.0, 40.0], [28.0, 17.0, 46.0], [13.0, 46.0, 23.0], [31.0, 62.0, 48.0], [31.0, 11.0, 30.0], [12.0, 1.0, 4.0], [26.0, 53.0, 4.0], [31.0, 29.0, 52.0], [31.0, 40.0, 63.0], [17.0, 62.0, 36.0], [27.0, 1.0, 62.0]]","[0.7153158783912659, 0.7053443193435669, 0.6853904128074646, 0.6730598211288452, 0.639835774898529, 0.6205965280532837, 0.6200571656227112, 0.617543637752533, 0.6127327680587769, 0.6041066646575928, 0.5728738307952881, 0.568974494934082, 0.5549217462539673, 0.551904559135437, 0.5267889499664307, 0.5249587893486023, 0.520107090473175, 0.5086275339126587, 0.49853459000587463, 0.46074292063713074, 0.44147467613220215, 0.43350890278816223, 0.41644051671028137, 0.40954676270484924, 0.4071591794490814, 0.3393787443637848]"
variant_F1,train_44b6_t15_p17_crowded,train,44b6_d29c9ab2,15,crowded,0.3,2,30,2,2,2,0.4903871298570349,0.4903871298570349,0.4903871298570349,2,0.4903871298570349,2,0.6802656054496765,"[[28.0, 27.0, 10.0], [16.0, 22.0, 31.0], [22.0, 25.0, 43.0], [12.0, 27.0, 23.0], [14.0, 50.0, 27.0], [4.0, 30.0, 31.0], [28.0, 10.0, 30.0], [22.0, 41.0, 5.0], [6.0, 51.0, 16.0], [24.0, 55.0, 33.0], [12.0, 6.0, 25.0], [24.0, 43.0, 59.0], [11.0, 60.0, 59.0], [18.0, 40.0, 39.0], [31.0, 19.0, 47.0], [31.0, 60.0, 36.0], [24.0, 20.0, 4.0], [31.0, 55.0, 48.0], [20.0, 1.0, 36.0], [28.0, 35.0, 34.0], [11.0, 62.0, 40.0], [24.0, 20.0, 63.0], [23.0, 61.0, 62.0], [5.0, 62.0, 8.0], [1.0, 62.0, 6.0], [11.0, 3.0, 63.0], [22.0, 1.0, 54.0], [11.0, 62.0, 13.0], [31.0, 61.0, 8.0], [6.0, 1.0, 16.0]]","[0.6981409192085266, 0.6847493052482605, 0.6757819056510925, 0.6729397177696228, 0.6685083508491516, 0.6438921689987183, 0.6320636868476868, 0.6293932199478149, 0.6191234588623047, 0.6127456426620483, 0.6084752678871155, 0.6077752113342285, 0.594716489315033, 0.5715138912200928, 0.5678181648254395, 0.5672934651374817, 0.5474585890769958, 0.5469804406166077, 0.5270141959190369, 0.5158348083496094, 0.4827561378479004, 0.4733683466911316, 0.46712934970855713, 0.4510802626609802, 0.4336320161819458, 0.40169793367385864, 0.37915053963661194, 0.37708476185798645, 0.30682751536369324, 0.3050525486469269]"
variant_F1,train_44b6_t55_p18_crowded,train,44b6_d29c9ab2,55,crowded,0.3,2,26,1,2,2,1.1982302080056662,1.1982302080056662,1.1982302080056662,2,1.1982302080056662,2,0.632565826177597,"[[24.0, 9.0, 19.0], [16.0, 33.0, 32.0], [18.0, 1.0, 46.0], [4.0, 35.0, 24.0], [26.0, 48.0, 25.0], [12.0, 45.0, 19.0], [28.0, 34.0, 21.0], [12.0, 29.0, 28.0], [20.0, 38.0, 47.0], [22.0, 27.0, 11.0], [29.0, 61.0, 63.0], [22.0, 19.0, 59.0], [22.0, 51.0, 19.0], [12.0, 13.0, 36.0], [28.0, 4.0, 47.0], [5.0, 58.0, 11.0], [4.0, 21.0, 41.0], [17.0, 57.0, 42.0], [30.0, 6.0, 28.0], [24.0, 50.0, 4.0], [28.0, 20.0, 39.0], [4.0, 48.0, 57.0], [21.0, 62.0, 59.0], [9.0, 3.0, 63.0], [31.0, 49.0, 48.0], [31.0, 62.0, 45.0]]","[0.7513294219970703, 0.6695014238357544, 0.6389259696006775, 0.6370445489883423, 0.6145244836807251, 0.6036983132362366, 0.5998148918151855, 0.5956302285194397, 0.5932447910308838, 0.588072657585144, 0.575810432434082, 0.5642557740211487, 0.5486107468605042, 0.5427588820457458, 0.5401434302330017, 0.5366215109825134, 0.5098048448562622, 0.5082815885543823, 0.5012254118919373, 0.49575430154800415, 0.44287219643592834, 0.442850798368454, 0.3994581699371338, 0.3710540235042572, 0.3663083612918854, 0.3365592360496521]"
variant_F1,train_44b6_t35_p19_crowded,train,44b6_d29c9ab2,35,crowded,0.3,2,23,1,2,2,1.2437558302035874,1.2437558302035874,1.2437558302035874,2,1.2437558302035874,2,0.7207615375518799,"[[22.0, 37.0, 38.0], [26.0, 20.0, 57.0], [12.0, 19.0, 46.0], [12.0, 37.0, 32.0], [20.0, 4.0, 14.0], [6.0, 40.0, 29.0], [16.0, 34.0, 32.0], [22.0, 1.0, 42.0], [31.0, 25.0, 10.0], [26.0, 44.0, 51.0], [24.0, 50.0, 9.0], [31.0, 60.0, 31.0], [28.0, 33.0, 22.0], [4.0, 51.0, 10.0], [19.0, 19.0, 51.0], [30.0, 53.0, 4.0], [13.0, 59.0, 14.0], [31.0, 19.0, 40.0], [19.0, 53.0, 28.0], [23.0, 62.0, 37.0], [31.0, 60.0, 59.0], [31.0, 1.0, 13.0], [25.0, 62.0, 11.0]]","[0.783018946647644, 0.7315014600753784, 0.7120863199234009, 0.6949537992477417, 0.6638646125793457, 0.6605979800224304, 0.6585041284561157, 0.6174445748329163, 0.6085044741630554, 0.5972878336906433, 0.5934575796127319, 0.569115161895752, 0.5637469291687012, 0.5490394830703735, 0.5347907543182373, 0.5251913070678711, 0.5225456953048706, 0.4975447356700897, 0.4827926456928253, 0.47103172540664673, 0.44166481494903564, 0.4056031405925751, 0.3984474539756775]"
variant_F1,train_44b6_t35_p20_crowded,train,44b6_d29c9ab2,35,crowded,0.3,2,25,2,2,2,0.2872621298570349,0.2872621298570349,0.2872621298570349,2,0.2872621298570349,2,0.6647780537605286,"[[10.0, 20.0, 24.0], [24.0, 4.0, 39.0], [26.0, 36.0, 7.0], [20.0, 13.0, 19.0], [18.0, 35.0, 36.0], [28.0, 56.0, 17.0], [24.0, 53.0, 42.0], [20.0, 14.0, 55.0], [6.0, 45.0, 19.0], [30.0, 35.0, 46.0], [31.0, 1.0, 28.0], [14.0, 46.0, 32.0], [30.0, 35.0, 6.0], [31.0, 13.0, 10.0], [18.0, 42.0, 7.0], [17.0, 26.0, 59.0], [20.0, 27.0, 4.0], [10.0, 1.0, 14.0], [31.0, 7.0, 48.0], [19.0, 62.0, 60.0], [21.0, 62.0, 30.0], [8.0, 17.0, 4.0], [31.0, 19.0, 63.0], [23.0, 7.0, 1.0], [17.0, 1.0, 4.0]]","[0.7349362373352051, 0.7317240238189697, 0.7286546230316162, 0.7212892174720764, 0.7115575671195984, 0.6901113986968994, 0.6740548014640808, 0.6665719747543335, 0.665546715259552, 0.6481720805168152, 0.6271845102310181, 0.6179985404014587, 0.6119757294654846, 0.6093154549598694, 0.5807579159736633, 0.5528684258460999, 0.5472273826599121, 0.5029284954071045, 0.4812670052051544, 0.46634167432785034, 0.4200413227081299, 0.40958911180496216, 0.37758326530456543, 0.34270399808883667, 0.31800517439842224]"
variant_F1,train_44b6_t20_p21_crowded,train,44b6_d29c9ab2,20,crowded,0.3,2,25,1,2,2,0.845462649721702,0.845462649721702,0.845462649721702,2,0.845462649721702,2,0.6681663691997528,"[[26.0, 21.0, 18.0], [24.0, 38.0, 41.0], [8.0, 33.0, 12.0], [10.0, 54.0, 18.0], [16.0, 35.0, 45.0], [22.0, 42.0, 23.0], [24.0, 51.0, 60.0], [12.0, 20.0, 23.0], [30.0, 51.0, 8.0], [16.0, 10.0, 31.0], [28.0, 13.0, 50.0], [31.0, 42.0, 39.0], [13.0, 62.0, 49.0], [24.0, 38.0, 4.0], [17.0, 57.0, 4.0], [28.0, 36.0, 63.0], [31.0, 1.0, 4.0], [31.0, 21.0, 30.0], [31.0, 61.0, 52.0], [21.0, 60.0, 16.0], [10.0, 1.0, 4.0], [31.0, 1.0, 38.0], [6.0, 45.0, 4.0], [3.0, 36.0, 21.0], [23.0, 62.0, 36.0]]","[0.7508366703987122, 0.7372635006904602, 0.7178012728691101, 0.7042394280433655, 0.6725544333457947, 0.6637783050537109, 0.6252787113189697, 0.6164165735244751, 0.6134368777275085, 0.6055550575256348, 0.5938690304756165, 0.591864287853241, 0.5867920517921448, 0.5757635831832886, 0.548252284526825, 0.5195609927177429, 0.5055064558982849, 0.4939859211444855, 0.47056177258491516, 0.4604504108428955, 0.44548726081848145, 0.444796621799469, 0.3789947032928467, 0.36402782797813416, 0.30883821845054626]"
variant_F1,train_44b6_t30_p22_crowded,train,44b6_d29c9ab2,30,crowded,0.3,2,25,2,2,2,0.40625,0.40625,0.40625,2,0.40625,2,0.6568474769592285,"[[24.0, 49.0, 46.0], [28.0, 52.0, 23.0], [20.0, 7.0, 24.0], [26.0, 25.0, 12.0], [18.0, 27.0, 38.0], [14.0, 38.0, 32.0], [30.0, 25.0, 52.0], [20.0, 7.0, 58.0], [20.0, 58.0, 27.0], [19.0, 60.0, 63.0], [11.0, 60.0, 59.0], [4.0, 44.0, 21.0], [8.0, 12.0, 21.0], [20.0, 22.0, 4.0], [7.0, 62.0, 6.0], [8.0, 56.0, 59.0], [31.0, 4.0, 9.0], [15.0, 15.0, 58.0], [24.0, 1.0, 40.0], [16.0, 31.0, 4.0], [31.0, 1.0, 46.0], [17.0, 62.0, 5.0], [31.0, 48.0, 63.0], [4.0, 62.0, 26.0], [31.0, 11.0, 63.0]]","[0.7608449459075928, 0.7237265706062317, 0.6886194944381714, 0.6884245872497559, 0.6595006585121155, 0.6541942954063416, 0.6529945135116577, 0.6381476521492004, 0.612845778465271, 0.6024265885353088, 0.5998001098632812, 0.5845601558685303, 0.5694619417190552, 0.5692281126976013, 0.553702712059021, 0.5535222887992859, 0.5504730343818665, 0.5382913947105408, 0.4875851571559906, 0.4837108850479126, 0.4622858762741089, 0.4452114403247833, 0.4358905851840973, 0.36318495869636536, 0.3025561273097992]"
variant_F1,train_44b6_t50_p23_crowded,train,44b6_d29c9ab2,50,crowded,0.3,2,29,1,2,2,1.0406308302035874,1.0406308302035874,1.0406308302035874,2,1.0406308302035874,2,0.6068759262561798,"[[6.0, 21.0, 36.0], [24.0, 6.0, 45.0], [30.0, 28.0, 13.0], [14.0, 25.0, 58.0], [16.0, 47.0, 15.0], [4.0, 26.0, 11.0], [10.0, 46.0, 37.0], [20.0, 53.0, 60.0], [29.0, 62.0, 46.0], [26.0, 46.0, 29.0], [16.0, 28.0, 31.0], [24.0, 6.0, 19.0], [22.0, 62.0, 32.0], [30.0, 8.0, 27.0], [28.0, 34.0, 40.0], [20.0, 19.0, 13.0], [31.0, 14.0, 55.0], [7.0, 60.0, 24.0], [9.0, 59.0, 62.0], [14.0, 25.0, 4.0], [7.0, 1.0, 38.0], [31.0, 1.0, 48.0], [19.0, 3.0, 63.0], [24.0, 40.0, 1.0], [4.0, 11.0, 4.0], [21.0, 58.0, 1.0], [14.0, 46.0, 3.0], [15.0, 62.0, 46.0], [3.0, 1.0, 12.0]]","[0.7104707956314087, 0.6982467174530029, 0.681590735912323, 0.6552364230155945, 0.6542437076568604, 0.6521793007850647, 0.6402782201766968, 0.6127808094024658, 0.5925101041793823, 0.5845324993133545, 0.5734736323356628, 0.569333553314209, 0.5632869005203247, 0.5623445510864258, 0.5504521727561951, 0.5361453890800476, 0.5198414921760559, 0.5146003365516663, 0.49999189376831055, 0.49458804726600647, 0.4859342873096466, 0.4458999037742615, 0.4426032602787018, 0.4391164183616638, 0.3821069598197937, 0.37358739972114563, 0.3719921410083771, 0.3363301455974579, 0.3094958961009979]"
variant_F1,train_44b6_t40_p24_crowded,train,44b6_d29c9ab2,40,crowded,0.3,2,21,2,2,2,0.609375,0.609375,0.609375,2,0.609375,2,0.6356264054775238,"[[18.0, 12.0, 10.0], [24.0, 26.0, 14.0], [26.0, 38.0, 44.0], [16.0, 32.0, 48.0], [18.0, 7.0, 43.0], [31.0, 17.0, 58.0], [24.0, 7.0, 46.0], [10.0, 45.0, 4.0], [30.0, 45.0, 56.0], [20.0, 36.0, 30.0], [31.0, 31.0, 24.0], [28.0, 7.0, 4.0], [17.0, 60.0, 9.0], [30.0, 59.0, 20.0], [17.0, 9.0, 59.0], [21.0, 62.0, 46.0], [15.0, 56.0, 31.0], [28.0, 4.0, 22.0], [31.0, 27.0, 4.0], [31.0, 4.0, 37.0], [23.0, 61.0, 63.0]]","[0.7862188220024109, 0.7575119137763977, 0.7093459963798523, 0.7001413702964783, 0.6983948945999146, 0.6818821430206299, 0.6694827675819397, 0.6484992504119873, 0.6371445059776306, 0.6304851174354553, 0.6252758502960205, 0.5885753035545349, 0.5711114406585693, 0.5703158378601074, 0.5698584914207458, 0.5523659586906433, 0.5467806458473206, 0.4833807051181793, 0.48139309883117676, 0.4257573187351227, 0.35263553261756897]"
variant_F1,train_44b6_t55_p25_isolated,train,44b6_d29c9ab2,55,isolated,0.3,1,20,0,1,1,1.6750116604071745,1.6750116604071745,1.6750116604071745,1,1.6750116604071745,1,0.6860556602478027,"[[20.0, 46.0, 17.0], [28.0, 34.0, 39.0], [16.0, 7.0, 24.0], [22.0, 18.0, 29.0], [16.0, 33.0, 32.0], [27.0, 61.0, 63.0], [16.0, 29.0, 4.0], [19.0, 7.0, 48.0], [28.0, 15.0, 19.0], [26.0, 47.0, 5.0], [31.0, 62.0, 46.0], [31.0, 59.0, 14.0], [31.0, 1.0, 30.0], [29.0, 14.0, 63.0], [31.0, 7.0, 9.0], [30.0, 32.0, 5.0], [23.0, 62.0, 44.0], [16.0, 62.0, 34.0], [17.0, 62.0, 11.0], [7.0, 62.0, 4.0]]","[0.7525742650032043, 0.725734293460846, 0.7004120945930481, 0.6926168203353882, 0.6860556602478027, 0.665145218372345, 0.6533020734786987, 0.6468012928962708, 0.6129215359687805, 0.6025732159614563, 0.5926210880279541, 0.5781887769699097, 0.5498322248458862, 0.5488936305046082, 0.5321530699729919, 0.5188713669776917, 0.34074893593788147, 0.33882084488868713, 0.33127614855766296, 0.30765435099601746]"
variant_F1,train_44b6_t50_p26_isolated,train,44b6_d29c9ab2,50,isolated,0.3,1,25,0,1,1,1.1490485194281397,1.1490485194281397,1.1490485194281397,1,1.1490485194281397,1,0.7063249349594116,"[[20.0, 39.0, 54.0], [16.0, 30.0, 30.0], [16.0, 1.0, 24.0], [6.0, 44.0, 33.0], [6.0, 1.0, 38.0], [10.0, 45.0, 56.0], [12.0, 58.0, 25.0], [10.0, 5.0, 50.0], [5.0, 23.0, 54.0], [2.0, 59.0, 17.0], [10.0, 27.0, 63.0], [2.0, 19.0, 30.0], [18.0, 62.0, 60.0], [16.0, 54.0, 35.0], [6.0, 56.0, 4.0], [25.0, 34.0, 51.0], [4.0, 1.0, 16.0], [2.0, 33.0, 18.0], [29.0, 13.0, 63.0], [27.0, 61.0, 60.0], [8.0, 5.0, 3.0], [23.0, 1.0, 60.0], [19.0, 60.0, 13.0], [17.0, 7.0, 4.0], [1.0, 42.0, 39.0]]","[0.7331959009170532, 0.7063249349594116, 0.7056370973587036, 0.6980255842208862, 0.658024787902832, 0.6507803201675415, 0.6298184394836426, 0.6133005023002625, 0.5731205940246582, 0.5463290810585022, 0.5248642563819885, 0.517257809638977, 0.5127089619636536, 0.49509936571121216, 0.4405389130115509, 0.43796488642692566, 0.40855109691619873, 0.3948417007923126, 0.3903484344482422, 0.353959858417511, 0.34705281257629395, 0.3444284200668335, 0.3268659710884094, 0.3258879780769348, 0.3123387396335602]"
variant_F1,train_44b6_t15_p27_isolated,train,44b6_d29c9ab2,15,isolated,0.3,1,20,1,1,1,0.40625,0.40625,0.40625,1,0.40625,1,0.8446139097213745,"[[18.0, 33.0, 32.0], [12.0, 34.0, 34.0], [18.0, 4.0, 25.0], [2.0, 55.0, 46.0], [4.0, 40.0, 23.0], [16.0, 20.0, 52.0], [10.0, 14.0, 49.0], [22.0, 11.0, 59.0], [21.0, 59.0, 58.0], [12.0, 50.0, 4.0], [6.0, 5.0, 18.0], [10.0, 19.0, 4.0], [13.0, 62.0, 34.0], [4.0, 35.0, 52.0], [12.0, 57.0, 50.0], [3.0, 59.0, 9.0], [6.0, 21.0, 41.0], [1.0, 15.0, 30.0], [13.0, 36.0, 9.0], [5.0, 61.0, 63.0]]","[0.8446139097213745, 0.7634623050689697, 0.7280228137969971, 0.7024860382080078, 0.693744421005249, 0.6922355890274048, 0.6669325232505798, 0.6600094437599182, 0.6418290138244629, 0.631237268447876, 0.6247427463531494, 0.6219068765640259, 0.6121689677238464, 0.581822395324707, 0.5689117908477783, 0.508542001247406, 0.48563137650489807, 0.46490365266799927, 0.43609389662742615, 0.37268105149269104]"
variant_F1,train_44b6_t30_p28_isolated,train,44b6_d29c9ab2,30,isolated,0.3,1,22,1,1,1,0.40625,0.40625,0.40625,1,0.40625,1,0.8391560912132263,"[[16.0, 31.0, 32.0], [6.0, 5.0, 11.0], [4.0, 11.0, 38.0], [6.0, 31.0, 47.0], [18.0, 25.0, 56.0], [22.0, 7.0, 63.0], [12.0, 57.0, 42.0], [12.0, 38.0, 47.0], [10.0, 13.0, 58.0], [12.0, 4.0, 16.0], [7.0, 62.0, 19.0], [4.0, 52.0, 50.0], [9.0, 40.0, 63.0], [7.0, 61.0, 63.0], [10.0, 27.0, 10.0], [2.0, 29.0, 34.0], [13.0, 45.0, 4.0], [1.0, 62.0, 5.0], [1.0, 15.0, 54.0], [1.0, 45.0, 28.0], [2.0, 33.0, 1.0], [19.0, 46.0, 63.0]]","[0.8391560912132263, 0.762912392616272, 0.7589257955551147, 0.6839614510536194, 0.669438898563385, 0.665180504322052, 0.6397523283958435, 0.6344715356826782, 0.6226511001586914, 0.6053785085678101, 0.6033743619918823, 0.5943397283554077, 0.5808894038200378, 0.5391232371330261, 0.5221771597862244, 0.5120761394500732, 0.49003493785858154, 0.4795915186405182, 0.4623332619667053, 0.44842126965522766, 0.367095947265625, 0.32005447149276733]"
variant_F1,train_44b6_t30_p29_isolated,train,44b6_d29c9ab2,30,isolated,0.3,1,20,0,1,1,1.86167137607581,1.86167137607581,1.86167137607581,1,1.86167137607581,1,0.7221895456314087,"[[12.0, 31.0, 30.0], [4.0, 9.0, 40.0], [10.0, 11.0, 48.0], [6.0, 24.0, 16.0], [6.0, 53.0, 32.0], [16.0, 49.0, 63.0], [4.0, 31.0, 42.0], [14.0, 1.0, 26.0], [12.0, 59.0, 43.0], [25.0, 3.0, 63.0], [15.0, 11.0, 63.0], [8.0, 1.0, 4.0], [4.0, 60.0, 63.0], [18.0, 19.0, 42.0], [22.0, 13.0, 32.0], [1.0, 23.0, 35.0], [18.0, 1.0, 48.0], [7.0, 40.0, 63.0], [1.0, 52.0, 11.0], [19.0, 41.0, 44.0]]","[0.7221895456314087, 0.718258261680603, 0.696208655834198, 0.6820529699325562, 0.6710399985313416, 0.6681155562400818, 0.6640632152557373, 0.617132842540741, 0.6027101278305054, 0.5757808089256287, 0.5539699792861938, 0.5376275181770325, 0.5343669652938843, 0.5290431976318359, 0.5133827328681946, 0.4570310711860657, 0.43640217185020447, 0.4188671112060547, 0.40416789054870605, 0.3298703730106354]"
variant_F1,train_44b6_t20_p30_isolated,train,44b6_d29c9ab2,20,isolated,0.3,1,25,1,1,1,0.40625,0.40625,0.40625,1,0.40625,1,0.7826470136642456,"[[16.0, 33.0, 32.0], [10.0, 18.0, 13.0], [2.0, 51.0, 39.0], [10.0, 50.0, 33.0], [18.0, 4.0, 25.0], [18.0, 20.0, 54.0], [8.0, 42.0, 7.0], [2.0, 4.0, 13.0], [2.0, 30.0, 59.0], [21.0, 61.0, 52.0], [10.0, 13.0, 58.0], [12.0, 31.0, 40.0], [4.0, 29.0, 38.0], [6.0, 5.0, 34.0], [2.0, 22.0, 18.0], [24.0, 43.0, 60.0], [9.0, 60.0, 63.0], [3.0, 62.0, 4.0], [1.0, 43.0, 28.0], [16.0, 1.0, 41.0], [24.0, 12.0, 63.0], [11.0, 61.0, 4.0], [14.0, 62.0, 32.0], [17.0, 19.0, 4.0], [17.0, 47.0, 18.0]]","[0.7826470136642456, 0.7649844884872437, 0.7540057301521301, 0.7434538006782532, 0.7290581464767456, 0.7277102470397949, 0.7274572849273682, 0.6841115951538086, 0.6750233173370361, 0.6721299290657043, 0.6705218553543091, 0.6519195437431335, 0.6370115876197815, 0.6237440705299377, 0.6066791415214539, 0.5868717432022095, 0.5838985443115234, 0.5059472322463989, 0.4781360328197479, 0.4282319247722626, 0.40328720211982727, 0.3833754062652588, 0.38332054018974304, 0.3474549949169159, 0.3346262276172638]"
variant_F1,train_44b6_t20_p31_isolated,train,44b6_d29c9ab2,20,isolated,0.3,1,21,1,1,1,0.9084026158592896,0.9084026158592896,0.9084026158592896,1,0.9084026158592896,1,0.6742085814476013,"[[18.0, 36.0, 57.0], [10.0, 46.0, 32.0], [6.0, 41.0, 56.0], [8.0, 19.0, 12.0], [16.0, 34.0, 31.0], [4.0, 24.0, 41.0], [16.0, 5.0, 32.0], [8.0, 6.0, 39.0], [10.0, 1.0, 4.0], [12.0, 15.0, 58.0], [8.0, 43.0, 8.0], [17.0, 15.0, 10.0], [3.0, 60.0, 63.0], [1.0, 55.0, 8.0], [2.0, 17.0, 24.0], [26.0, 13.0, 63.0], [16.0, 62.0, 46.0], [2.0, 31.0, 4.0], [1.0, 62.0, 42.0], [1.0, 1.0, 14.0], [23.0, 1.0, 56.0]]","[0.7738637328147888, 0.7621111869812012, 0.6972226500511169, 0.6948619484901428, 0.6742085814476013, 0.6709251999855042, 0.6705775260925293, 0.6554942727088928, 0.6107286810874939, 0.6094785928726196, 0.5541340708732605, 0.5536221265792847, 0.5501715540885925, 0.5065152049064636, 0.5054692029953003, 0.5052215456962585, 0.4924320876598358, 0.4833224415779114, 0.33926692605018616, 0.319053053855896, 0.307860791683197]"
variant_F1,train_44b6_t10_p32_isolated,train,44b6_d29c9ab2,10,isolated,0.3,1,21,1,1,1,0.9084026158592896,0.9084026158592896,0.9084026158592896,1,0.9084026158592896,1,0.7101964354515076,"[[8.0, 10.0, 39.0], [16.0, 17.0, 63.0], [2.0, 29.0, 33.0], [2.0, 5.0, 56.0], [8.0, 33.0, 30.0], [10.0, 47.0, 58.0], [2.0, 57.0, 38.0], [2.0, 46.0, 11.0], [14.0, 1.0, 62.0], [2.0, 6.0, 4.0], [1.0, 61.0, 63.0], [18.0, 60.0, 63.0], [9.0, 59.0, 22.0], [24.0, 1.0, 62.0], [8.0, 17.0, 8.0], [7.0, 9.0, 6.0], [1.0, 52.0, 63.0], [0.0, 32.0, 51.0], [24.0, 59.0, 62.0], [24.0, 47.0, 59.0], [24.0, 17.0, 42.0]]","[0.7794656753540039, 0.7398412227630615, 0.7317094206809998, 0.7145571708679199, 0.7101964354515076, 0.6841360330581665, 0.6821917295455933, 0.6816849112510681, 0.6532633900642395, 0.6485989689826965, 0.5147171020507812, 0.4910639524459839, 0.449372261762619, 0.41117385029792786, 0.40668758749961853, 0.4050598442554474, 0.3672146797180176, 0.354915976524353, 0.34979161620140076, 0.3448461890220642, 0.33078733086586]"
variant_F1,train_44b6_t45_p33_isolated,train,44b6_d29c9ab2,45,isolated,0.3,1,24,1,1,1,0.40625,0.40625,0.40625,1,0.40625,1,0.6726428270339966,"[[20.0, 45.0, 48.0], [20.0, 15.0, 44.0], [14.0, 5.0, 25.0], [10.0, 15.0, 53.0], [16.0, 31.0, 30.0], [6.0, 46.0, 29.0], [2.0, 23.0, 30.0], [8.0, 1.0, 37.0], [12.0, 62.0, 24.0], [10.0, 53.0, 50.0], [6.0, 28.0, 51.0], [12.0, 39.0, 63.0], [16.0, 55.0, 28.0], [23.0, 44.0, 63.0], [1.0, 62.0, 11.0], [25.0, 59.0, 52.0], [27.0, 41.0, 57.0], [29.0, 19.0, 63.0], [5.0, 61.0, 63.0], [8.0, 20.0, 1.0], [17.0, 62.0, 58.0], [0.0, 7.0, 4.0], [1.0, 33.0, 15.0], [15.0, 31.0, 4.0]]","[0.7701020836830139, 0.7674276232719421, 0.7535114884376526, 0.6740690469741821, 0.6726428270339966, 0.671025276184082, 0.6562651991844177, 0.6208054423332214, 0.5880638957023621, 0.5716351270675659, 0.5670484900474548, 0.5610373020172119, 0.5390110015869141, 0.5307900309562683, 0.5144016742706299, 0.4742077589035034, 0.4527055323123932, 0.41689732670783997, 0.41681918501853943, 0.4102388024330139, 0.39412155747413635, 0.37914907932281494, 0.32376715540885925, 0.30791932344436646]"
variant_F1,train_44b6_t25_p34_isolated,train,44b6_d29c9ab2,25,isolated,0.3,1,21,1,1,1,0.40625,0.40625,0.40625,1,0.40625,1,0.8206075429916382,"[[16.0, 33.0, 32.0], [18.0, 7.0, 38.0], [2.0, 8.0, 19.0], [6.0, 53.0, 10.0], [6.0, 34.0, 42.0], [16.0, 22.0, 51.0], [10.0, 55.0, 37.0], [2.0, 29.0, 28.0], [12.0, 37.0, 42.0], [8.0, 9.0, 48.0], [10.0, 18.0, 6.0], [5.0, 62.0, 45.0], [18.0, 43.0, 63.0], [21.0, 62.0, 59.0], [12.0, 15.0, 63.0], [5.0, 37.0, 63.0], [2.0, 47.0, 34.0], [11.0, 57.0, 14.0], [23.0, 29.0, 60.0], [17.0, 19.0, 14.0], [6.0, 1.0, 4.0]]","[0.8206075429916382, 0.7813145518302917, 0.7664388418197632, 0.7537890672683716, 0.7291014790534973, 0.7240163683891296, 0.7107356190681458, 0.6866111755371094, 0.6232532262802124, 0.5996361970901489, 0.5966471433639526, 0.5919729471206665, 0.5863399505615234, 0.5625743865966797, 0.5618178248405457, 0.5158709287643433, 0.4916844069957733, 0.4823470115661621, 0.4784356951713562, 0.40627437829971313, 0.36680784821510315]"
variant_F1,train_44b6_t10_p35_isolated,train,44b6_d29c9ab2,10,isolated,0.3,1,28,1,1,1,0.40625,0.40625,0.40625,1,0.40625,1,0.5110970735549927,"[[24.0, 34.0, 28.0], [22.0, 9.0, 44.0], [12.0, 14.0, 17.0], [24.0, 54.0, 29.0], [24.0, 24.0, 59.0], [20.0, 41.0, 59.0], [12.0, 55.0, 28.0], [8.0, 48.0, 17.0], [30.0, 35.0, 49.0], [8.0, 27.0, 52.0], [20.0, 17.0, 9.0], [18.0, 5.0, 59.0], [28.0, 55.0, 59.0], [30.0, 6.0, 30.0], [10.0, 51.0, 44.0], [3.0, 33.0, 19.0], [18.0, 16.0, 27.0], [15.0, 32.0, 31.0], [16.0, 54.0, 4.0], [6.0, 6.0, 4.0], [17.0, 62.0, 58.0], [13.0, 57.0, 62.0], [1.0, 62.0, 24.0], [10.0, 9.0, 58.0], [31.0, 17.0, 50.0], [7.0, 62.0, 14.0], [1.0, 12.0, 1.0], [27.0, 27.0, 4.0]]","[0.7185286283493042, 0.6568349003791809, 0.6521261930465698, 0.6367499828338623, 0.6271095275878906, 0.625419020652771, 0.6080453395843506, 0.6067767143249512, 0.6052893996238708, 0.5955311059951782, 0.5838893055915833, 0.580051064491272, 0.5683399438858032, 0.554085373878479, 0.5418780446052551, 0.5401143431663513, 0.5114913582801819, 0.5110970735549927, 0.5079435706138611, 0.4762892425060272, 0.45582738518714905, 0.4450772702693939, 0.4380713105201721, 0.4282023012638092, 0.3948601484298706, 0.3509850800037384, 0.32970014214515686, 0.30885860323905945]"
variant_F1,train_44b6_t25_p36_isolated,train,44b6_d29c9ab2,25,isolated,0.3,1,28,0,0,0,3.300390601883359,3.300390601883359,,0,,0,0.6664460897445679,"[[20.0, 47.0, 24.0], [26.0, 37.0, 42.0], [26.0, 8.0, 45.0], [2.0, 13.0, 18.0], [10.0, 25.0, 14.0], [6.0, 46.0, 12.0], [14.0, 26.0, 31.0], [16.0, 4.0, 31.0], [20.0, 26.0, 30.0], [16.0, 42.0, 13.0], [24.0, 4.0, 16.0], [8.0, 39.0, 54.0], [3.0, 62.0, 37.0], [2.0, 27.0, 44.0], [13.0, 52.0, 47.0], [18.0, 27.0, 54.0], [25.0, 62.0, 40.0], [13.0, 4.0, 8.0], [22.0, 60.0, 63.0], [11.0, 61.0, 18.0], [19.0, 1.0, 54.0], [25.0, 10.0, 31.0], [4.0, 25.0, 4.0], [17.0, 62.0, 4.0], [20.0, 29.0, 4.0], [3.0, 34.0, 63.0], [7.0, 1.0, 34.0], [6.0, 2.0, 63.0]]","[0.7717103362083435, 0.7690601944923401, 0.7485437989234924, 0.6954882740974426, 0.6896971464157104, 0.6669466495513916, 0.6664460897445679, 0.6649826169013977, 0.6474186182022095, 0.6398151516914368, 0.6265401244163513, 0.605626106262207, 0.5783819556236267, 0.5687608122825623, 0.5617700815200806, 0.5601642727851868, 0.5553244352340698, 0.5546283721923828, 0.5128197073936462, 0.4980541169643402, 0.46439501643180847, 0.4526865780353546, 0.44403302669525146, 0.41971316933631897, 0.4047696888446808, 0.3924804925918579, 0.35619473457336426, 0.34092438220977783]"
variant_F1,train_44b6_t25_p37_isolated,train,44b6_d29c9ab2,25,isolated,0.3,1,21,1,1,1,0.9084026158592896,0.9084026158592896,0.9084026158592896,1,0.9084026158592896,1,0.675881564617157,"[[18.0, 38.0, 56.0], [8.0, 47.0, 57.0], [24.0, 4.0, 56.0], [8.0, 23.0, 14.0], [16.0, 34.0, 31.0], [8.0, 13.0, 41.0], [4.0, 13.0, 31.0], [15.0, 62.0, 40.0], [18.0, 8.0, 35.0], [6.0, 30.0, 37.0], [2.0, 43.0, 7.0], [10.0, 58.0, 35.0], [16.0, 18.0, 63.0], [19.0, 19.0, 18.0], [2.0, 29.0, 30.0], [8.0, 49.0, 12.0], [5.0, 61.0, 63.0], [3.0, 1.0, 22.0], [11.0, 5.0, 6.0], [15.0, 1.0, 22.0], [17.0, 45.0, 4.0]]","[0.7415063381195068, 0.6975635886192322, 0.6879791617393494, 0.6879520416259766, 0.675881564617157, 0.6653374433517456, 0.6640859842300415, 0.6061703562736511, 0.5908650159835815, 0.5859052538871765, 0.5835185050964355, 0.5794362425804138, 0.5695539116859436, 0.5501912832260132, 0.5278306007385254, 0.5172404646873474, 0.45289263129234314, 0.45155638456344604, 0.41292569041252136, 0.3966909646987915, 0.30497023463249207]"
variant_F1,train_44b6_t55_p38_isolated,train,44b6_d29c9ab2,55,isolated,0.3,1,33,0,1,1,1.6750116604071745,1.6750116604071745,1.6750116604071745,1,1.6750116604071745,1,0.6987302303314209,"[[2.0, 36.0, 53.0], [14.0, 32.0, 31.0], [14.0, 14.0, 44.0], [24.0, 6.0, 52.0], [24.0, 17.0, 15.0], [30.0, 38.0, 52.0], [12.0, 17.0, 8.0], [12.0, 54.0, 35.0], [24.0, 28.0, 59.0], [8.0, 36.0, 6.0], [26.0, 47.0, 34.0], [4.0, 50.0, 38.0], [18.0, 17.0, 48.0], [28.0, 31.0, 17.0], [28.0, 9.0, 25.0], [22.0, 41.0, 49.0], [25.0, 62.0, 58.0], [18.0, 52.0, 37.0], [2.0, 48.0, 5.0], [24.0, 60.0, 6.0], [9.0, 61.0, 28.0], [16.0, 1.0, 4.0], [31.0, 21.0, 34.0], [15.0, 1.0, 62.0], [31.0, 14.0, 59.0], [7.0, 29.0, 44.0], [31.0, 56.0, 59.0], [25.0, 63.0, 33.0], [14.0, 62.0, 4.0], [1.0, 11.0, 34.0], [20.0, 31.0, 1.0], [6.0, 17.0, 63.0], [3.0, 62.0, 34.0]]","[0.7064412236213684, 0.6987302303314209, 0.6870788335800171, 0.669251024723053, 0.6238027811050415, 0.5903562307357788, 0.5884230732917786, 0.5829285979270935, 0.5815809369087219, 0.5807826519012451, 0.5773119330406189, 0.5738747119903564, 0.56898033618927, 0.5611369013786316, 0.5422109365463257, 0.5362873673439026, 0.49870795011520386, 0.4944620430469513, 0.48043355345726013, 0.47430646419525146, 0.473702609539032, 0.47044920921325684, 0.4704125225543976, 0.4385206997394562, 0.3986749053001404, 0.3961169421672821, 0.38253119587898254, 0.366767942905426, 0.3522016108036041, 0.32991600036621094, 0.32359448075294495, 0.32158133387565613, 0.30052074790000916]"
variant_F1,train_44b6_t15_p39_isolated,train,44b6_d29c9ab2,15,isolated,0.3,1,30,1,1,1,0.9084026158592896,0.9084026158592896,0.9084026158592896,1,0.9084026158592896,1,0.5061254501342773,"[[4.0, 20.0, 4.0], [22.0, 49.0, 32.0], [30.0, 10.0, 35.0], [22.0, 6.0, 47.0], [14.0, 13.0, 29.0], [7.0, 55.0, 20.0], [11.0, 59.0, 30.0], [30.0, 38.0, 48.0], [8.0, 19.0, 16.0], [20.0, 1.0, 12.0], [20.0, 26.0, 19.0], [20.0, 44.0, 59.0], [18.0, 24.0, 38.0], [22.0, 27.0, 59.0], [22.0, 26.0, 4.0], [3.0, 48.0, 35.0], [29.0, 62.0, 57.0], [10.0, 54.0, 52.0], [15.0, 62.0, 5.0], [17.0, 9.0, 63.0], [13.0, 33.0, 30.0], [30.0, 14.0, 55.0], [3.0, 31.0, 30.0], [7.0, 1.0, 28.0], [2.0, 45.0, 1.0], [27.0, 25.0, 7.0], [16.0, 62.0, 59.0], [21.0, 62.0, 27.0], [14.0, 43.0, 5.0], [1.0, 1.0, 42.0]]","[0.6846867203712463, 0.6710781455039978, 0.6123387813568115, 0.6094987988471985, 0.6031910181045532, 0.5842393636703491, 0.5822686553001404, 0.5746560096740723, 0.5741323828697205, 0.5656275749206543, 0.5558283925056458, 0.5531763434410095, 0.5479225516319275, 0.5443941950798035, 0.5398072600364685, 0.5393620729446411, 0.5317805409431458, 0.5304266214370728, 0.5301210284233093, 0.5163078308105469, 0.5061254501342773, 0.5056560635566711, 0.48976701498031616, 0.46596604585647583, 0.43024030327796936, 0.4214416742324829, 0.41671159863471985, 0.3982700705528259, 0.32702040672302246, 0.3123575747013092]"
variant_F1,train_44b6_t40_p40_isolated,train,44b6_d29c9ab2,40,isolated,0.3,1,23,0,1,1,1.1490485194281397,1.1490485194281397,1.1490485194281397,1,1.1490485194281397,1,0.6907218098640442,"[[12.0, 6.0, 11.0], [20.0, 50.0, 52.0], [18.0, 18.0, 41.0], [8.0, 9.0, 36.0], [16.0, 30.0, 30.0], [6.0, 50.0, 36.0], [2.0, 47.0, 36.0], [22.0, 1.0, 57.0], [10.0, 13.0, 54.0], [14.0, 45.0, 20.0], [7.0, 30.0, 59.0], [4.0, 23.0, 33.0], [13.0, 62.0, 30.0], [10.0, 57.0, 57.0], [1.0, 62.0, 15.0], [25.0, 59.0, 56.0], [8.0, 62.0, 6.0], [15.0, 62.0, 41.0], [23.0, 23.0, 63.0], [8.0, 8.0, 3.0], [4.0, 1.0, 22.0], [13.0, 36.0, 63.0], [0.0, 4.0, 5.0]]","[0.8141553997993469, 0.778405487537384, 0.7530113458633423, 0.7340481877326965, 0.6907218098640442, 0.6799501180648804, 0.6423077583312988, 0.6365609169006348, 0.611640989780426, 0.6111286878585815, 0.5967532396316528, 0.5939627885818481, 0.5758630633354187, 0.5733689069747925, 0.5218008160591125, 0.5031381845474243, 0.4809032380580902, 0.4661411941051483, 0.4587540030479431, 0.4357803463935852, 0.40483546257019043, 0.3646549880504608, 0.3221045136451721]"
variant_F1,train_44b6_t15_p41_boundary,train,44b6_d29c9ab2,15,boundary,0.3,1,18,0,1,1,1.4647552056572457,1.4647552056572457,1.4647552056572457,1,1.4647552056572457,1,0.7475545406341553,"[[4.0, 21.0, 22.0], [12.0, 52.0, 59.0], [16.0, 9.0, 63.0], [4.0, 47.0, 30.0], [6.0, 39.0, 45.0], [14.0, 4.0, 41.0], [8.0, 18.0, 41.0], [2.0, 51.0, 11.0], [20.0, 6.0, 43.0], [2.0, 4.0, 11.0], [2.0, 27.0, 51.0], [2.0, 5.0, 35.0], [7.0, 61.0, 20.0], [21.0, 34.0, 53.0], [21.0, 28.0, 37.0], [22.0, 10.0, 25.0], [15.0, 33.0, 17.0], [1.0, 47.0, 63.0]]","[0.8161320090293884, 0.7726089358329773, 0.764603316783905, 0.7475545406341553, 0.7067952156066895, 0.6489574313163757, 0.6390952467918396, 0.6351257562637329, 0.5955100655555725, 0.5933628082275391, 0.48647424578666687, 0.46740102767944336, 0.43136316537857056, 0.4116455912590027, 0.3622526526451111, 0.35452771186828613, 0.3421785235404968, 0.3121042549610138]"
variant_F1,train_44b6_t45_p42_boundary,train,44b6_d29c9ab2,45,boundary,0.3,1,21,1,1,1,0.5745242597140698,0.5745242597140698,0.5745242597140698,1,0.5745242597140698,1,0.6077106595039368,"[[18.0, 19.0, 50.0], [2.0, 43.0, 42.0], [12.0, 32.0, 34.0], [4.0, 26.0, 43.0], [8.0, 28.0, 27.0], [14.0, 54.0, 39.0], [2.0, 11.0, 54.0], [16.0, 1.0, 27.0], [7.0, 60.0, 31.0], [24.0, 15.0, 63.0], [4.0, 32.0, 15.0], [4.0, 41.0, 4.0], [8.0, 6.0, 63.0], [18.0, 40.0, 52.0], [9.0, 21.0, 4.0], [21.0, 59.0, 46.0], [3.0, 62.0, 18.0], [8.0, 33.0, 63.0], [24.0, 40.0, 49.0], [5.0, 61.0, 63.0], [23.0, 11.0, 36.0]]","[0.8058674335479736, 0.6877641081809998, 0.6697105169296265, 0.6663426756858826, 0.6637236475944519, 0.6484977006912231, 0.6471917033195496, 0.6347947716712952, 0.6077106595039368, 0.5884271264076233, 0.5811650156974792, 0.53526371717453, 0.5337466597557068, 0.5304475426673889, 0.5140363574028015, 0.5133172273635864, 0.5101377964019775, 0.5087741017341614, 0.4984450042247772, 0.4691524803638458, 0.31801560521125793]"
variant_F1,train_44b6_t10_p43_boundary,train,44b6_d29c9ab2,10,boundary,0.3,1,18,0,1,1,1.6750116604071745,1.6750116604071745,1.6750116604071745,1,1.6750116604071745,1,0.7288233041763306,"[[10.0, 35.0, 54.0], [4.0, 13.0, 18.0], [2.0, 38.0, 9.0], [6.0, 33.0, 32.0], [8.0, 10.0, 43.0], [11.0, 59.0, 63.0], [2.0, 24.0, 55.0], [17.0, 8.0, 35.0], [15.0, 45.0, 63.0], [4.0, 41.0, 63.0], [2.0, 4.0, 34.0], [3.0, 62.0, 34.0], [24.0, 15.0, 52.0], [9.0, 49.0, 18.0], [3.0, 62.0, 59.0], [17.0, 1.0, 54.0], [18.0, 47.0, 46.0], [17.0, 21.0, 18.0]]","[0.7786523103713989, 0.7761296629905701, 0.7626703381538391, 0.7288233041763306, 0.6886842250823975, 0.6248115301132202, 0.604261577129364, 0.5337763428688049, 0.5188950300216675, 0.486665815114975, 0.4633950889110565, 0.4610011875629425, 0.44272667169570923, 0.4235442876815796, 0.40978744626045227, 0.3136107921600342, 0.3134733736515045, 0.30183863639831543]"
variant_F1,inner_val_6bba_t85_p01_crowded,inner_val,6bba_bb9f20c3,85,crowded,0.3,5,29,0,2,3,3.2821372342733155,2.333728575156074,1.743335688037905,2,1.9401333170772948,3,0.6201714634895324,"[[22.0, 35.0, 25.0], [22.0, 6.0, 30.0], [18.0, 6.0, 24.0], [12.0, 18.0, 59.0], [12.0, 5.0, 30.0], [7.0, 60.0, 45.0], [14.0, 39.0, 48.0], [28.0, 38.0, 7.0], [29.0, 60.0, 9.0], [20.0, 45.0, 62.0], [16.0, 31.0, 4.0], [9.0, 62.0, 24.0], [17.0, 57.0, 6.0], [16.0, 47.0, 32.0], [6.0, 33.0, 56.0], [22.0, 19.0, 51.0], [15.0, 62.0, 32.0], [28.0, 1.0, 14.0], [27.0, 19.0, 4.0], [10.0, 62.0, 59.0], [25.0, 1.0, 4.0], [17.0, 61.0, 20.0], [20.0, 62.0, 36.0], [17.0, 2.0, 63.0], [23.0, 53.0, 36.0], [16.0, 61.0, 63.0], [27.0, 23.0, 34.0], [21.0, 24.0, 63.0], [5.0, 62.0, 10.0]]","[0.6966425180435181, 0.6880486011505127, 0.672850489616394, 0.6573513746261597, 0.6503365635871887, 0.6270151734352112, 0.6253625154495239, 0.5942380428314209, 0.5744855999946594, 0.5547990202903748, 0.5544028282165527, 0.5527145862579346, 0.5466989874839783, 0.5456758141517639, 0.5383904576301575, 0.536931037902832, 0.5319969654083252, 0.5278919339179993, 0.5093222260475159, 0.5052409172058105, 0.47486037015914917, 0.4729568064212799, 0.4370703399181366, 0.42914995551109314, 0.4287206828594208, 0.4106506109237671, 0.38469892740249634, 0.3581382632255554, 0.3044005334377289]"
variant_F1,inner_val_6bba_t75_p02_crowded,inner_val,6bba_bb9f20c3,75,crowded,0.3,2,22,2,2,2,0.7414634377866798,0.7414634377866798,0.7414634377866798,2,0.7414634377866798,2,0.6305573582649231,"[[14.0, 30.0, 31.0], [6.0, 51.0, 22.0], [16.0, 33.0, 62.0], [12.0, 10.0, 52.0], [11.0, 60.0, 45.0], [14.0, 62.0, 59.0], [8.0, 22.0, 28.0], [9.0, 38.0, 59.0], [18.0, 6.0, 6.0], [14.0, 34.0, 51.0], [12.0, 39.0, 4.0], [7.0, 62.0, 58.0], [16.0, 42.0, 17.0], [21.0, 41.0, 8.0], [2.0, 54.0, 55.0], [5.0, 9.0, 54.0], [12.0, 11.0, 26.0], [20.0, 55.0, 16.0], [17.0, 62.0, 34.0], [15.0, 62.0, 4.0], [17.0, 4.0, 41.0], [5.0, 26.0, 63.0]]","[0.6960241198539734, 0.6669999957084656, 0.6626521944999695, 0.6619973182678223, 0.6601843237876892, 0.6260160803794861, 0.6041044592857361, 0.5795385837554932, 0.5788001418113708, 0.5766655206680298, 0.5690237283706665, 0.5650905966758728, 0.5588245987892151, 0.5567718744277954, 0.5348123908042908, 0.5314425230026245, 0.5299257040023804, 0.5238815546035767, 0.5081948637962341, 0.3506891429424286, 0.3448181748390198, 0.3300301134586334]"
variant_F1,inner_val_6bba_t85_p03_crowded,inner_val,6bba_bb9f20c3,85,crowded,0.3,2,21,0,0,0,4.359781954092833,4.359781954092833,,0,,0,0.49693579971790314,"[[6.0, 50.0, 50.0], [15.0, 61.0, 56.0], [24.0, 1.0, 6.0], [7.0, 59.0, 18.0], [10.0, 30.0, 18.0], [18.0, 13.0, 27.0], [14.0, 18.0, 59.0], [8.0, 19.0, 44.0], [17.0, 61.0, 12.0], [12.0, 44.0, 23.0], [15.0, 23.0, 40.0], [18.0, 43.0, 4.0], [21.0, 27.0, 12.0], [20.0, 29.0, 4.0], [13.0, 61.0, 30.0], [9.0, 62.0, 48.0], [10.0, 1.0, 18.0], [10.0, 8.0, 17.0], [15.0, 47.0, 38.0], [15.0, 15.0, 4.0], [7.0, 26.0, 63.0]]","[0.6695288419723511, 0.6677457690238953, 0.6401566863059998, 0.6377733945846558, 0.6366369128227234, 0.6304594278335571, 0.6098041534423828, 0.5606580972671509, 0.5544296503067017, 0.5396870374679565, 0.5290471911430359, 0.5221424102783203, 0.49236688017845154, 0.47985807061195374, 0.4682167172431946, 0.4648244082927704, 0.4638451039791107, 0.46276047825813293, 0.42403584718704224, 0.39741751551628113, 0.3635209798812866]"
variant_F1,inner_val_6bba_t80_p04_crowded,inner_val,6bba_bb9f20c3,80,crowded,0.3,3,23,2,3,3,1.093853479125275,0.9084026158592896,1.093853479125275,3,1.093853479125275,3,0.6264861027399699,"[[18.0, 23.0, 30.0], [24.0, 20.0, 13.0], [10.0, 27.0, 38.0], [24.0, 44.0, 5.0], [20.0, 54.0, 26.0], [9.0, 62.0, 22.0], [8.0, 17.0, 63.0], [14.0, 25.0, 23.0], [14.0, 42.0, 57.0], [22.0, 41.0, 52.0], [17.0, 59.0, 47.0], [16.0, 5.0, 50.0], [5.0, 59.0, 53.0], [16.0, 30.0, 4.0], [19.0, 49.0, 16.0], [20.0, 45.0, 4.0], [31.0, 53.0, 4.0], [11.0, 61.0, 63.0], [3.0, 61.0, 9.0], [25.0, 62.0, 10.0], [17.0, 13.0, 63.0], [9.0, 13.0, 5.0], [28.0, 1.0, 4.0]]","[0.7125534415245056, 0.6978862881660461, 0.690584659576416, 0.673759937286377, 0.6398906707763672, 0.6359942555427551, 0.6350646018981934, 0.6243137121200562, 0.6206862330436707, 0.6102780699729919, 0.6094115376472473, 0.6089783310890198, 0.6053653955459595, 0.5528793931007385, 0.5394374132156372, 0.5178669095039368, 0.5010849833488464, 0.4822659492492676, 0.4397362768650055, 0.43797606229782104, 0.43160080909729004, 0.3928958773612976, 0.3555479943752289]"
variant_F1,inner_val_6bba_t75_p05_isolated,inner_val,6bba_bb9f20c3,75,isolated,0.3,1,21,1,1,1,0.9084026158592896,0.9084026158592896,0.9084026158592896,1,0.9084026158592896,1,0.5963528156280518,"[[18.0, 7.0, 36.0], [22.0, 41.0, 28.0], [12.0, 60.0, 37.0], [19.0, 61.0, 56.0], [14.0, 20.0, 55.0], [18.0, 39.0, 12.0], [16.0, 34.0, 31.0], [26.0, 40.0, 4.0], [19.0, 37.0, 63.0], [7.0, 59.0, 58.0], [10.0, 48.0, 63.0], [20.0, 21.0, 43.0], [27.0, 59.0, 4.0], [15.0, 62.0, 12.0], [24.0, 3.0, 62.0], [21.0, 62.0, 12.0], [3.0, 59.0, 8.0], [30.0, 1.0, 4.0], [13.0, 17.0, 5.0], [14.0, 4.0, 19.0], [23.0, 1.0, 4.0]]","[0.7435881495475769, 0.7362720370292664, 0.7178142666816711, 0.6583752036094666, 0.6552952527999878, 0.6245476603507996, 0.5963528156280518, 0.5957223176956177, 0.5939666032791138, 0.5874091386795044, 0.5704073309898376, 0.565684974193573, 0.5511792302131653, 0.5271294713020325, 0.5264557003974915, 0.5010260939598083, 0.48533567786216736, 0.403282105922699, 0.3887019157409668, 0.3394070565700531, 0.30177420377731323]"
variant_F1,inner_val_6bba_t75_p06_isolated,inner_val,6bba_bb9f20c3,75,isolated,0.3,1,20,0,0,0,3.2752922102462856,3.2752922102462856,,0,,0,0.6131229400634766,"[[6.0, 28.0, 63.0], [8.0, 25.0, 30.0], [4.0, 1.0, 58.0], [6.0, 18.0, 15.0], [16.0, 27.0, 24.0], [10.0, 44.0, 4.0], [14.0, 39.0, 28.0], [2.0, 49.0, 32.0], [9.0, 61.0, 20.0], [3.0, 61.0, 46.0], [2.0, 34.0, 45.0], [12.0, 37.0, 40.0], [6.0, 39.0, 32.0], [2.0, 12.0, 21.0], [3.0, 62.0, 11.0], [12.0, 5.0, 24.0], [3.0, 59.0, 63.0], [11.0, 21.0, 4.0], [1.0, 49.0, 16.0], [5.0, 1.0, 6.0]]","[0.7191833257675171, 0.6727592349052429, 0.6725901365280151, 0.6699789762496948, 0.6572441458702087, 0.6233082413673401, 0.6131229400634766, 0.6048377156257629, 0.5769405961036682, 0.5664439797401428, 0.547541618347168, 0.5373765826225281, 0.5349414348602295, 0.5185624361038208, 0.5162129998207092, 0.5076671838760376, 0.46123945713043213, 0.45785337686538696, 0.4529530107975006, 0.3067089319229126]"
variant_F1,inner_val_6bba_t90_p07_isolated,inner_val,6bba_bb9f20c3,90,isolated,0.3,1,12,0,0,0,5.525597394173774,5.525597394173774,,0,,0,0.6402490735054016,"[[6.0, 46.0, 27.0], [2.0, 4.0, 39.0], [14.0, 31.0, 4.0], [6.0, 1.0, 12.0], [18.0, 32.0, 21.0], [3.0, 61.0, 50.0], [12.0, 40.0, 42.0], [3.0, 62.0, 4.0], [5.0, 19.0, 52.0], [4.0, 35.0, 4.0], [1.0, 33.0, 30.0], [15.0, 61.0, 4.0]]","[0.7738896608352661, 0.7119124531745911, 0.6943248510360718, 0.6566113829612732, 0.6402490735054016, 0.6353013515472412, 0.5296905040740967, 0.46560490131378174, 0.44873571395874023, 0.41420936584472656, 0.40329229831695557, 0.30058225989341736]"
variant_F1,inner_val_6bba_t90_p08_boundary,inner_val,6bba_bb9f20c3,90,boundary,0.3,1,13,0,0,0,3.5648292823780494,3.5648292823780494,,0,,0,0.842214822769165,"[[12.0, 37.0, 54.0], [18.0, 11.0, 30.0], [12.0, 52.0, 25.0], [16.0, 36.0, 9.0], [18.0, 10.0, 4.0], [9.0, 59.0, 40.0], [26.0, 47.0, 4.0], [31.0, 5.0, 30.0], [13.0, 11.0, 52.0], [3.0, 32.0, 49.0], [3.0, 13.0, 63.0], [3.0, 45.0, 63.0], [5.0, 11.0, 48.0]]","[0.8961467146873474, 0.842214822769165, 0.8334382772445679, 0.8081160187721252, 0.7922562956809998, 0.7692042589187622, 0.7652384638786316, 0.7577306032180786, 0.6903406381607056, 0.36729782819747925, 0.3602742552757263, 0.3190174400806427, 0.31814736127853394]"
variant_F1,inner_val_6bba_t90_p09_zero_annotation,inner_val,6bba_bb9f20c3,90,zero_annotation,0.3,0,12,0,0,0,,,,0,,0,,"[[4.0, 6.0, 6.0], [1.0, 61.0, 63.0], [5.0, 57.0, 15.0], [0.0, 1.0, 44.0], [3.0, 59.0, 35.0], [2.0, 35.0, 4.0], [5.0, 10.0, 33.0], [6.0, 15.0, 62.0], [3.0, 38.0, 39.0], [3.0, 38.0, 31.0], [11.0, 13.0, 30.0], [10.0, 15.0, 48.0]]","[0.7560507655143738, 0.630774199962616, 0.5091756582260132, 0.4727489650249481, 0.45645830035209656, 0.44633379578590393, 0.44472870230674744, 0.43312960863113403, 0.41591838002204895, 0.4139685332775116, 0.35968297719955444, 0.3216921389102936]"
variant_F1,inner_val_6bba_t90_p10_zero_annotation,inner_val,6bba_bb9f20c3,90,zero_annotation,0.3,0,14,0,0,0,,,,0,,0,,"[[2.0, 8.0, 56.0], [2.0, 50.0, 9.0], [0.0, 1.0, 4.0], [5.0, 59.0, 26.0], [3.0, 59.0, 36.0], [2.0, 48.0, 53.0], [0.0, 22.0, 13.0], [5.0, 60.0, 63.0], [6.0, 19.0, 10.0], [4.0, 10.0, 23.0], [2.0, 5.0, 33.0], [3.0, 33.0, 38.0], [4.0, 19.0, 30.0], [0.0, 24.0, 1.0]]","[0.7313194870948792, 0.6684669852256775, 0.5385770797729492, 0.5078592300415039, 0.46173176169395447, 0.43101710081100464, 0.43029433488845825, 0.4300104081630707, 0.41253042221069336, 0.3988706171512604, 0.3791312575340271, 0.3714672923088074, 0.3694329559803009, 0.3619130253791809]"
variant_F1,inner_val_44b6_t80_p01_crowded,inner_val,44b6_d29c9ab2,80,crowded,0.3,3,27,1,2,3,1.571354189711789,1.6750116604071745,1.0406308302035874,2,1.571354189711789,3,0.6020457148551941,"[[22.0, 44.0, 53.0], [6.0, 49.0, 22.0], [12.0, 29.0, 56.0], [8.0, 10.0, 34.0], [6.0, 4.0, 18.0], [8.0, 20.0, 9.0], [14.0, 47.0, 30.0], [20.0, 18.0, 48.0], [30.0, 32.0, 18.0], [6.0, 4.0, 55.0], [25.0, 61.0, 49.0], [27.0, 60.0, 13.0], [30.0, 12.0, 9.0], [16.0, 32.0, 4.0], [17.0, 62.0, 14.0], [24.0, 10.0, 22.0], [16.0, 32.0, 33.0], [22.0, 27.0, 13.0], [31.0, 59.0, 24.0], [31.0, 62.0, 4.0], [22.0, 1.0, 46.0], [31.0, 13.0, 30.0], [30.0, 47.0, 4.0], [0.0, 51.0, 15.0], [0.0, 28.0, 27.0], [7.0, 1.0, 3.0], [31.0, 10.0, 63.0]]","[0.7301444411277771, 0.7170708179473877, 0.6867295503616333, 0.6849043369293213, 0.6724401116371155, 0.6659998893737793, 0.6558927893638611, 0.6489511728286743, 0.6406776905059814, 0.6165552735328674, 0.6151584982872009, 0.5793175101280212, 0.5787473917007446, 0.5749240517616272, 0.5747767686843872, 0.5733083486557007, 0.5608197450637817, 0.5414182543754578, 0.5377532839775085, 0.5242899656295776, 0.5211306810379028, 0.4682147204875946, 0.4681242108345032, 0.36935314536094666, 0.3278586268424988, 0.30022889375686646, 0.30007705092430115]"
variant_F1,inner_val_44b6_t85_p02_crowded,inner_val,44b6_d29c9ab2,85,crowded,0.3,3,29,2,3,3,0.8453575930474031,0.40625,0.8453575930474031,3,0.8453575930474031,3,0.5933523972829183,"[[8.0, 14.0, 7.0], [16.0, 29.0, 7.0], [24.0, 53.0, 50.0], [8.0, 45.0, 25.0], [12.0, 29.0, 54.0], [22.0, 23.0, 16.0], [16.0, 32.0, 33.0], [30.0, 7.0, 8.0], [28.0, 35.0, 59.0], [18.0, 53.0, 25.0], [20.0, 16.0, 47.0], [22.0, 40.0, 59.0], [8.0, 7.0, 36.0], [31.0, 22.0, 18.0], [24.0, 7.0, 28.0], [5.0, 62.0, 11.0], [30.0, 54.0, 9.0], [15.0, 62.0, 20.0], [4.0, 1.0, 52.0], [22.0, 1.0, 4.0], [31.0, 38.0, 8.0], [21.0, 62.0, 42.0], [4.0, 35.0, 50.0], [31.0, 59.0, 22.0], [24.0, 1.0, 54.0], [1.0, 60.0, 23.0], [13.0, 62.0, 52.0], [6.0, 1.0, 22.0], [22.0, 38.0, 1.0]]","[0.6792446374893188, 0.6778643727302551, 0.6244218349456787, 0.6220495104789734, 0.6183967590332031, 0.604328453540802, 0.5942079424858093, 0.5784411430358887, 0.5747165679931641, 0.5577675700187683, 0.5431098341941833, 0.5400047898292542, 0.534228503704071, 0.5216001272201538, 0.5215163230895996, 0.512951135635376, 0.5066046118736267, 0.5024722218513489, 0.5021693110466003, 0.5021165609359741, 0.5004774928092957, 0.48646971583366394, 0.4845268726348877, 0.473519504070282, 0.4153134822845459, 0.39971137046813965, 0.38219860196113586, 0.3404347002506256, 0.31872496008872986]"
variant_F1,inner_val_44b6_t90_p03_crowded,inner_val,44b6_d29c9ab2,90,crowded,0.3,2,26,0,1,2,1.9665740267364393,1.9665740267364393,1.86167137607581,1,1.9665740267364393,2,0.636390209197998,"[[24.0, 33.0, 30.0], [18.0, 37.0, 14.0], [26.0, 59.0, 44.0], [18.0, 4.0, 4.0], [26.0, 21.0, 63.0], [19.0, 60.0, 19.0], [10.0, 51.0, 32.0], [26.0, 32.0, 46.0], [16.0, 18.0, 55.0], [22.0, 33.0, 4.0], [28.0, 45.0, 58.0], [9.0, 30.0, 63.0], [12.0, 31.0, 40.0], [21.0, 59.0, 4.0], [20.0, 18.0, 30.0], [5.0, 62.0, 45.0], [16.0, 13.0, 30.0], [24.0, 4.0, 35.0], [31.0, 1.0, 58.0], [3.0, 30.0, 42.0], [11.0, 62.0, 10.0], [10.0, 47.0, 4.0], [14.0, 46.0, 51.0], [26.0, 47.0, 4.0], [16.0, 1.0, 56.0], [17.0, 36.0, 63.0]]","[0.7177382707595825, 0.7045302391052246, 0.6354358792304993, 0.6204041838645935, 0.6013258695602417, 0.5870651602745056, 0.5823937654495239, 0.5809791684150696, 0.5785836577415466, 0.5673038959503174, 0.5621339678764343, 0.5557303428649902, 0.5550421476364136, 0.5476316213607788, 0.5447086691856384, 0.542303204536438, 0.5419940948486328, 0.5394089818000793, 0.5393929481506348, 0.522068440914154, 0.5142298936843872, 0.5035831332206726, 0.43441492319107056, 0.42688605189323425, 0.4214228093624115, 0.3475694954395294]"
variant_F1,inner_val_44b6_t70_p04_crowded,inner_val,44b6_d29c9ab2,70,crowded,0.3,2,26,1,1,1,2.4476309855401808,2.4476309855401808,0.8125,1,0.8125,1,0.6452891379594803,"[[24.0, 33.0, 38.0], [16.0, 52.0, 52.0], [28.0, 28.0, 59.0], [24.0, 6.0, 45.0], [16.0, 13.0, 6.0], [26.0, 51.0, 58.0], [10.0, 15.0, 30.0], [16.0, 33.0, 4.0], [4.0, 26.0, 23.0], [24.0, 10.0, 21.0], [9.0, 40.0, 63.0], [10.0, 17.0, 4.0], [20.0, 34.0, 11.0], [28.0, 9.0, 60.0], [16.0, 11.0, 50.0], [2.0, 17.0, 52.0], [20.0, 15.0, 17.0], [8.0, 62.0, 36.0], [3.0, 60.0, 23.0], [20.0, 49.0, 4.0], [16.0, 47.0, 12.0], [3.0, 36.0, 21.0], [8.0, 1.0, 54.0], [18.0, 1.0, 56.0], [1.0, 1.0, 12.0], [5.0, 62.0, 5.0]]","[0.7942925691604614, 0.7416896224021912, 0.7348140478134155, 0.7003409266471863, 0.6935688257217407, 0.677445650100708, 0.6274245381355286, 0.599310576915741, 0.5835992097854614, 0.5834482908248901, 0.5644754767417908, 0.56428462266922, 0.5599530339241028, 0.5576625466346741, 0.5553863048553467, 0.5542528629302979, 0.5319932699203491, 0.5301037430763245, 0.5280699729919434, 0.5146682858467102, 0.4979228675365448, 0.49628570675849915, 0.4642791748046875, 0.43139341473579407, 0.4049719572067261, 0.33682793378829956]"
variant_F1,inner_val_44b6_t90_p05_isolated,inner_val,44b6_d29c9ab2,90,isolated,0.3,1,25,1,1,1,0.40625,0.40625,0.40625,1,0.40625,1,0.7625153660774231,"[[16.0, 33.0, 32.0], [4.0, 11.0, 28.0], [10.0, 32.0, 16.0], [16.0, 11.0, 35.0], [20.0, 35.0, 54.0], [10.0, 49.0, 27.0], [4.0, 39.0, 44.0], [8.0, 48.0, 63.0], [22.0, 1.0, 50.0], [17.0, 61.0, 63.0], [22.0, 25.0, 63.0], [11.0, 62.0, 8.0], [10.0, 7.0, 10.0], [8.0, 21.0, 62.0], [21.0, 10.0, 23.0], [19.0, 21.0, 16.0], [5.0, 62.0, 47.0], [16.0, 29.0, 63.0], [14.0, 36.0, 47.0], [1.0, 19.0, 4.0], [14.0, 18.0, 1.0], [1.0, 24.0, 59.0], [7.0, 3.0, 63.0], [21.0, 37.0, 36.0], [5.0, 35.0, 3.0]]","[0.7625153660774231, 0.7543278336524963, 0.7408296465873718, 0.7379636168479919, 0.7344326376914978, 0.6756662130355835, 0.6651367545127869, 0.6314749717712402, 0.6292029023170471, 0.6223819255828857, 0.6079236268997192, 0.592046856880188, 0.5841912031173706, 0.5763072371482849, 0.5703486800193787, 0.5633980631828308, 0.5494364500045776, 0.5313241481781006, 0.5217287540435791, 0.46707504987716675, 0.4499909579753876, 0.446761816740036, 0.4387079179286957, 0.4288557469844818, 0.319195419549942]"
variant_F1,inner_val_44b6_t75_p06_isolated,inner_val,44b6_d29c9ab2,75,isolated,0.3,1,30,0,1,1,1.625,1.625,1.625,1,1.625,1,0.5618327260017395,"[[14.0, 33.0, 45.0], [6.0, 8.0, 55.0], [8.0, 46.0, 34.0], [24.0, 39.0, 10.0], [14.0, 61.0, 41.0], [28.0, 5.0, 50.0], [26.0, 27.0, 28.0], [28.0, 22.0, 51.0], [12.0, 22.0, 5.0], [20.0, 7.0, 13.0], [22.0, 32.0, 32.0], [16.0, 1.0, 48.0], [24.0, 4.0, 5.0], [30.0, 51.0, 36.0], [20.0, 47.0, 6.0], [14.0, 22.0, 25.0], [29.0, 52.0, 63.0], [23.0, 58.0, 21.0], [13.0, 59.0, 12.0], [12.0, 42.0, 7.0], [8.0, 50.0, 59.0], [15.0, 5.0, 24.0], [7.0, 60.0, 57.0], [11.0, 62.0, 58.0], [19.0, 42.0, 63.0], [29.0, 36.0, 43.0], [13.0, 26.0, 63.0], [4.0, 13.0, 8.0], [20.0, 24.0, 12.0], [15.0, 61.0, 63.0]]","[0.649224042892456, 0.6344767212867737, 0.6082342863082886, 0.5885445475578308, 0.582197368144989, 0.580752432346344, 0.5739309191703796, 0.571315348148346, 0.5655477643013, 0.5649138689041138, 0.5618327260017395, 0.5556026101112366, 0.5550776720046997, 0.536800742149353, 0.5288520455360413, 0.5267884731292725, 0.5223682522773743, 0.5180768370628357, 0.4926939904689789, 0.48732098937034607, 0.4787576198577881, 0.4746660590171814, 0.467253714799881, 0.44499367475509644, 0.4321992099285126, 0.4264729917049408, 0.3883673846721649, 0.38278380036354065, 0.35540899634361267, 0.31922033429145813]"
variant_F1,inner_val_44b6_t70_p07_isolated,inner_val,44b6_d29c9ab2,70,isolated,0.3,1,28,0,1,1,1.21875,1.21875,1.21875,1,1.21875,1,0.813971757888794,"[[16.0, 32.0, 29.0], [12.0, 25.0, 14.0], [18.0, 50.0, 43.0], [4.0, 51.0, 34.0], [12.0, 1.0, 10.0], [18.0, 10.0, 36.0], [4.0, 22.0, 44.0], [21.0, 61.0, 63.0], [23.0, 9.0, 63.0], [22.0, 33.0, 63.0], [12.0, 15.0, 50.0], [4.0, 4.0, 19.0], [8.0, 60.0, 52.0], [14.0, 59.0, 26.0], [4.0, 21.0, 14.0], [3.0, 31.0, 60.0], [20.0, 4.0, 52.0], [2.0, 1.0, 62.0], [27.0, 24.0, 59.0], [11.0, 62.0, 18.0], [23.0, 31.0, 42.0], [9.0, 34.0, 63.0], [1.0, 59.0, 62.0], [27.0, 61.0, 59.0], [23.0, 42.0, 41.0], [13.0, 1.0, 63.0], [8.0, 26.0, 4.0], [0.0, 50.0, 17.0]]","[0.813971757888794, 0.7535675764083862, 0.725423276424408, 0.7175176739692688, 0.6840949654579163, 0.6677864789962769, 0.6381959319114685, 0.6307787299156189, 0.628473699092865, 0.6000720262527466, 0.5950343608856201, 0.5944021344184875, 0.562132716178894, 0.5385228991508484, 0.534223735332489, 0.5294556021690369, 0.4744817614555359, 0.47318071126937866, 0.45491376519203186, 0.45306769013404846, 0.42730703949928284, 0.4239080548286438, 0.41808199882507324, 0.4159071743488312, 0.4121011793613434, 0.3747903108596802, 0.3723880350589752, 0.3436867594718933]"
variant_F1,inner_val_44b6_t70_p08_boundary,inner_val,44b6_d29c9ab2,70,boundary,0.3,1,31,1,1,1,0.40625,0.40625,0.40625,1,0.40625,1,0.6623021960258484,"[[6.0, 35.0, 14.0], [16.0, 10.0, 31.0], [2.0, 6.0, 42.0], [4.0, 41.0, 36.0], [24.0, 39.0, 6.0], [10.0, 25.0, 24.0], [12.0, 39.0, 16.0], [30.0, 5.0, 45.0], [20.0, 23.0, 57.0], [16.0, 50.0, 31.0], [4.0, 23.0, 58.0], [26.0, 53.0, 54.0], [18.0, 57.0, 58.0], [20.0, 9.0, 6.0], [31.0, 33.0, 48.0], [5.0, 62.0, 56.0], [9.0, 57.0, 4.0], [28.0, 31.0, 16.0], [21.0, 62.0, 5.0], [27.0, 15.0, 63.0], [22.0, 33.0, 29.0], [24.0, 1.0, 30.0], [30.0, 58.0, 59.0], [18.0, 40.0, 49.0], [25.0, 62.0, 28.0], [28.0, 27.0, 40.0], [9.0, 12.0, 44.0], [28.0, 5.0, 8.0], [21.0, 1.0, 63.0], [2.0, 61.0, 11.0], [13.0, 1.0, 4.0]]","[0.6856288909912109, 0.6623021960258484, 0.638035774230957, 0.6320667862892151, 0.6130048036575317, 0.6111568212509155, 0.6040640473365784, 0.5977532267570496, 0.5925173163414001, 0.5905358791351318, 0.5803431868553162, 0.5747108459472656, 0.5735046863555908, 0.5700770616531372, 0.5667294263839722, 0.5384829044342041, 0.5274147391319275, 0.5230292081832886, 0.5213561654090881, 0.5166773200035095, 0.5126879811286926, 0.5120412111282349, 0.5028799772262573, 0.4994785785675049, 0.4941823482513428, 0.4886853098869324, 0.4803231656551361, 0.4744100570678711, 0.4336220622062683, 0.4331709146499634, 0.36477741599082947]"
variant_F1,inner_val_44b6_t90_p09_zero_annotation,inner_val,44b6_d29c9ab2,90,zero_annotation,0.3,0,34,0,0,0,,,,0,,0,,"[[14.0, 43.0, 27.0], [20.0, 16.0, 51.0], [28.0, 43.0, 13.0], [30.0, 51.0, 45.0], [10.0, 25.0, 58.0], [18.0, 7.0, 7.0], [20.0, 49.0, 35.0], [2.0, 35.0, 15.0], [8.0, 39.0, 53.0], [30.0, 30.0, 29.0], [5.0, 60.0, 8.0], [31.0, 5.0, 34.0], [24.0, 33.0, 6.0], [31.0, 17.0, 42.0], [6.0, 24.0, 19.0], [12.0, 8.0, 33.0], [10.0, 20.0, 20.0], [15.0, 62.0, 17.0], [28.0, 17.0, 8.0], [24.0, 27.0, 63.0], [2.0, 12.0, 17.0], [31.0, 60.0, 59.0], [21.0, 61.0, 38.0], [24.0, 62.0, 4.0], [13.0, 5.0, 63.0], [24.0, 10.0, 4.0], [20.0, 30.0, 39.0], [31.0, 38.0, 53.0], [23.0, 51.0, 56.0], [27.0, 62.0, 29.0], [15.0, 21.0, 4.0], [14.0, 39.0, 4.0], [3.0, 1.0, 38.0], [2.0, 53.0, 58.0]]","[0.7414804100990295, 0.7122997641563416, 0.6546536684036255, 0.5943337082862854, 0.5923588275909424, 0.5903917551040649, 0.5874058604240417, 0.5669959187507629, 0.5511740446090698, 0.5489593744277954, 0.5489408373832703, 0.5199710726737976, 0.5199333429336548, 0.517042338848114, 0.5147221088409424, 0.511780858039856, 0.5109618306159973, 0.5100768804550171, 0.5069931745529175, 0.48276373744010925, 0.4810674488544464, 0.47549691796302795, 0.4727700650691986, 0.46651387214660645, 0.4436798095703125, 0.44086360931396484, 0.43398451805114746, 0.43204331398010254, 0.39053836464881897, 0.3764652609825134, 0.36139437556266785, 0.33431169390678406, 0.33088046312332153, 0.3053472638130188]"
variant_F1,inner_val_44b6_t70_p10_zero_annotation,inner_val,44b6_d29c9ab2,70,zero_annotation,0.3,0,10,0,0,0,,,,0,,0,,"[[3.0, 59.0, 56.0], [14.0, 8.0, 57.0], [3.0, 57.0, 40.0], [3.0, 33.0, 13.0], [3.0, 46.0, 23.0], [7.0, 35.0, 43.0], [4.0, 15.0, 17.0], [12.0, 23.0, 54.0], [12.0, 10.0, 35.0], [4.0, 7.0, 54.0]]","[0.4835599660873413, 0.46421951055526733, 0.4443514049053192, 0.41117939352989197, 0.4053408205509186, 0.3900032639503479, 0.3889167606830597, 0.3826436400413513, 0.37769004702568054, 0.37497299909591675]"
variant_F1,held_out_val_6bba_t20_p01_crowded,held_out_val,6bba_43fea39d,20,crowded,0.3,3,12,0,0,0,4.452751616771534,3.494694639736067,,0,,0,0.6484326720237732,"[[22.0, 40.0, 55.0], [24.0, 51.0, 12.0], [31.0, 36.0, 35.0], [12.0, 60.0, 17.0], [3.0, 62.0, 44.0], [20.0, 33.0, 30.0], [30.0, 40.0, 63.0], [8.0, 54.0, 15.0], [11.0, 52.0, 59.0], [31.0, 48.0, 1.0], [31.0, 50.0, 21.0], [31.0, 19.0, 4.0]]","[0.7483001947402954, 0.619874119758606, 0.6094921231269836, 0.5901200175285339, 0.582602858543396, 0.5771237015724182, 0.5520684719085693, 0.5450374484062195, 0.5265998840332031, 0.5071960687637329, 0.39798739552497864, 0.39409393072128296]"
variant_F1,held_out_val_6bba_t35_p02_crowded,held_out_val,6bba_43fea39d,35,crowded,0.3,3,13,0,0,1,3.8090095792643655,3.1729139308370784,,0,2.4375,1,0.4915327827135722,"[[18.0, 43.0, 50.0], [26.0, 39.0, 27.0], [2.0, 62.0, 45.0], [22.0, 49.0, 12.0], [31.0, 27.0, 57.0], [10.0, 55.0, 14.0], [4.0, 46.0, 14.0], [31.0, 15.0, 18.0], [19.0, 27.0, 38.0], [11.0, 34.0, 29.0], [13.0, 35.0, 14.0], [31.0, 42.0, 14.0], [25.0, 43.0, 58.0]]","[0.6650310754776001, 0.6329520344734192, 0.5888957381248474, 0.5727299451828003, 0.5511937737464905, 0.5125681757926941, 0.504686176776886, 0.5037359595298767, 0.46617621183395386, 0.4605700969696045, 0.4478025436401367, 0.3683289587497711, 0.36508437991142273]"
variant_F1,held_out_val_6bba_t50_p03_crowded,held_out_val,6bba_43fea39d,50,crowded,0.3,2,9,0,0,1,5.401152475023624,5.401152475023624,,0,2.8726212985703494,1,0.5696598887443542,"[[28.0, 51.0, 42.0], [18.0, 51.0, 63.0], [2.0, 37.0, 48.0], [26.0, 26.0, 35.0], [11.0, 62.0, 27.0], [9.0, 61.0, 48.0], [19.0, 62.0, 33.0], [16.0, 21.0, 48.0], [20.0, 19.0, 63.0]]","[0.7219551205635071, 0.6545438170433044, 0.5809065103530884, 0.5584132671356201, 0.5231854319572449, 0.5122608542442322, 0.49511444568634033, 0.47251415252685547, 0.43428656458854675]"
variant_F1,held_out_val_6bba_t20_p04_crowded,held_out_val,6bba_43fea39d,20,crowded,0.3,2,13,0,0,1,4.7775745481052345,4.7775745481052345,,0,2.6012692214570947,1,0.60901740193367,"[[24.0, 51.0, 63.0], [4.0, 26.0, 59.0], [13.0, 61.0, 63.0], [31.0, 57.0, 28.0], [31.0, 59.0, 36.0], [18.0, 53.0, 34.0], [2.0, 48.0, 9.0], [8.0, 54.0, 16.0], [22.0, 62.0, 37.0], [5.0, 62.0, 21.0], [3.0, 62.0, 63.0], [31.0, 52.0, 63.0], [17.0, 62.0, 5.0]]","[0.6904255151748657, 0.6576857566833496, 0.6551216840744019, 0.622275173664093, 0.6136989593505859, 0.5979029536247253, 0.5952320098876953, 0.5603490471839905, 0.5463224649429321, 0.5207425355911255, 0.5150626301765442, 0.4716673791408539, 0.3152841329574585]"
variant_F1,held_out_val_6bba_t80_p05_isolated,held_out_val,6bba_43fea39d,80,isolated,0.3,1,7,0,0,0,4.162823748671087,4.162823748671087,,0,,0,0.7065664529800415,"[[18.0, 37.0, 24.0], [5.0, 62.0, 15.0], [30.0, 59.0, 26.0], [30.0, 53.0, 63.0], [9.0, 41.0, 58.0], [3.0, 61.0, 42.0], [25.0, 41.0, 46.0]]","[0.7065664529800415, 0.5742815136909485, 0.5491493940353394, 0.5381124019622803, 0.41585445404052734, 0.3963359296321869, 0.31428104639053345]"
variant_F1,held_out_val_6bba_t35_p06_isolated,held_out_val,6bba_43fea39d,35,isolated,0.3,1,11,0,0,0,8.375058302035873,8.375058302035873,,0,,0,0.6318370699882507,"[[20.0, 26.0, 44.0], [4.0, 35.0, 28.0], [22.0, 35.0, 8.0], [9.0, 15.0, 18.0], [28.0, 30.0, 15.0], [14.0, 30.0, 39.0], [31.0, 30.0, 10.0], [16.0, 18.0, 19.0], [17.0, 18.0, 31.0], [16.0, 35.0, 10.0], [15.0, 29.0, 63.0]]","[0.764008641242981, 0.6318370699882507, 0.5998515486717224, 0.5652832388877869, 0.5533784031867981, 0.5427403450012207, 0.53695148229599, 0.5290942788124084, 0.5261041522026062, 0.5035567283630371, 0.3258276879787445]"
variant_F1,held_out_val_6bba_t35_p07_isolated,held_out_val,6bba_43fea39d,35,isolated,0.3,1,11,0,1,1,1.4647552056572457,1.4647552056572457,1.4647552056572457,1,1.4647552056572457,1,0.5736387968063354,"[[24.0, 45.0, 40.0], [10.0, 47.0, 45.0], [24.0, 53.0, 6.0], [16.0, 35.0, 30.0], [3.0, 62.0, 22.0], [9.0, 29.0, 30.0], [2.0, 43.0, 22.0], [30.0, 62.0, 6.0], [2.0, 50.0, 51.0], [17.0, 62.0, 9.0], [31.0, 29.0, 57.0]]","[0.7441346049308777, 0.6871134042739868, 0.6010475754737854, 0.5736387968063354, 0.5671588778495789, 0.5508074164390564, 0.4780563712120056, 0.46261218190193176, 0.4585237205028534, 0.43717390298843384, 0.42180338501930237]"
variant_F1,held_out_val_6bba_t80_p08_isolated,held_out_val,6bba_43fea39d,80,isolated,0.3,1,12,0,0,0,4.241374519244911,4.241374519244911,,0,,0,0.5154668092727661,"[[16.0, 36.0, 17.0], [23.0, 60.0, 57.0], [22.0, 62.0, 46.0], [31.0, 43.0, 42.0], [18.0, 29.0, 38.0], [3.0, 62.0, 59.0], [9.0, 43.0, 52.0], [13.0, 62.0, 40.0], [25.0, 62.0, 12.0], [31.0, 60.0, 5.0], [31.0, 51.0, 63.0], [13.0, 62.0, 63.0]]","[0.7046627998352051, 0.6619976162910461, 0.5939816236495972, 0.5772614479064941, 0.5154668092727661, 0.48698630928993225, 0.48372188210487366, 0.4761256277561188, 0.45391228795051575, 0.4191628396511078, 0.38547614216804504, 0.30936744809150696]"
variant_F1,held_out_val_6bba_t20_p09_boundary,held_out_val,6bba_43fea39d,20,boundary,0.3,1,16,1,1,1,0.9084026158592896,0.9084026158592896,0.9084026158592896,1,0.9084026158592896,1,0.5712448954582214,"[[19.0, 61.0, 63.0], [16.0, 62.0, 54.0], [31.0, 25.0, 38.0], [31.0, 35.0, 63.0], [31.0, 38.0, 34.0], [30.0, 30.0, 53.0], [30.0, 18.0, 55.0], [31.0, 59.0, 36.0], [31.0, 59.0, 44.0], [31.0, 58.0, 51.0], [27.0, 57.0, 52.0], [6.0, 57.0, 34.0], [31.0, 61.0, 24.0], [8.0, 47.0, 46.0], [8.0, 46.0, 53.0], [22.0, 42.0, 59.0]]","[0.8271322846412659, 0.7635950446128845, 0.6294990181922913, 0.6150990724563599, 0.5734604597091675, 0.5712448954582214, 0.5694819688796997, 0.568289041519165, 0.5668923854827881, 0.558032751083374, 0.5424761176109314, 0.5390074253082275, 0.5373674631118774, 0.5336430072784424, 0.5253265500068665, 0.46760982275009155]"
variant_F1,held_out_val_6bba_t50_p10_boundary,held_out_val,6bba_43fea39d,50,boundary,0.3,1,9,0,1,1,1.1490485194281397,1.1490485194281397,1.1490485194281397,1,1.1490485194281397,1,0.7149810194969177,"[[28.0, 34.0, 30.0], [29.0, 33.0, 47.0], [25.0, 60.0, 59.0], [31.0, 59.0, 28.0], [15.0, 62.0, 59.0], [27.0, 45.0, 63.0], [21.0, 62.0, 27.0], [3.0, 61.0, 60.0], [31.0, 13.0, 58.0]]","[0.7149810194969177, 0.6010221242904663, 0.5439041256904602, 0.5355573892593384, 0.46102407574653625, 0.43622416257858276, 0.41644415259361267, 0.40535739064216614, 0.3067648112773895]"
variant_F1,held_out_val_6bba_t35_p11_zero_annotation,held_out_val,6bba_43fea39d,35,zero_annotation,0.3,0,27,0,0,0,,,,0,,0,,"[[31.0, 59.0, 59.0], [31.0, 60.0, 17.0], [31.0, 57.0, 6.0], [10.0, 51.0, 59.0], [11.0, 54.0, 41.0], [31.0, 47.0, 60.0], [11.0, 59.0, 60.0], [31.0, 23.0, 59.0], [27.0, 60.0, 59.0], [31.0, 34.0, 41.0], [5.0, 60.0, 60.0], [5.0, 59.0, 42.0], [31.0, 47.0, 50.0], [31.0, 42.0, 19.0], [31.0, 31.0, 28.0], [17.0, 61.0, 58.0], [3.0, 41.0, 60.0], [11.0, 29.0, 60.0], [8.0, 27.0, 62.0], [8.0, 14.0, 36.0], [9.0, 35.0, 20.0], [10.0, 60.0, 12.0], [27.0, 11.0, 39.0], [10.0, 61.0, 27.0], [15.0, 30.0, 62.0], [25.0, 16.0, 26.0], [5.0, 32.0, 17.0]]","[0.7181965708732605, 0.6639465689659119, 0.6375784277915955, 0.603289008140564, 0.5979558825492859, 0.5975281596183777, 0.5928049683570862, 0.5705409049987793, 0.5594404935836792, 0.5592755079269409, 0.5471710562705994, 0.525578498840332, 0.5203361511230469, 0.49394088983535767, 0.48252347111701965, 0.4808374345302582, 0.4339883625507355, 0.42998865246772766, 0.42676201462745667, 0.42563971877098083, 0.4087413549423218, 0.3858391344547272, 0.38006722927093506, 0.36908668279647827, 0.3407571017742157, 0.3268175721168518, 0.3119526207447052]"
variant_F1,held_out_val_6bba_t65_p12_zero_annotation,held_out_val,6bba_43fea39d,65,zero_annotation,0.3,0,16,0,0,0,,,,0,,0,,"[[10.0, 9.0, 58.0], [16.0, 8.0, 7.0], [31.0, 9.0, 7.0], [31.0, 8.0, 15.0], [6.0, 7.0, 10.0], [31.0, 9.0, 60.0], [31.0, 8.0, 24.0], [10.0, 8.0, 28.0], [4.0, 7.0, 21.0], [10.0, 8.0, 37.0], [11.0, 23.0, 47.0], [11.0, 38.0, 33.0], [7.0, 22.0, 16.0], [5.0, 9.0, 61.0], [8.0, 28.0, 29.0], [31.0, 23.0, 41.0]]","[0.5420722961425781, 0.5179868340492249, 0.5070510506629944, 0.49908092617988586, 0.4892098307609558, 0.4627053439617157, 0.4573386609554291, 0.4289008378982544, 0.4217453598976135, 0.420831561088562, 0.41404688358306885, 0.3985956609249115, 0.3860953152179718, 0.3842082619667053, 0.3751811385154724, 0.33876553177833557]"
variant_F2,train_6bba_t15_p01_crowded,train,6bba_bb9f20c3,15,crowded,0.3,2,70,0,2,2,1.7459084460628769,1.7459084460628769,1.7459084460628769,2,1.7459084460628769,2,0.7084462642669678,"[[6.0, 25.0, 40.0], [10.0, 42.0, 34.0], [12.0, 18.0, 17.0], [29.0, 59.0, 60.0], [29.0, 3.0, 60.0], [25.0, 3.0, 60.0], [29.0, 11.0, 60.0], [29.0, 31.0, 60.0], [29.0, 19.0, 60.0], [27.0, 3.0, 12.0], [29.0, 60.0, 48.0], [31.0, 59.0, 37.0], [30.0, 3.0, 48.0], [31.0, 15.0, 22.0], [26.0, 3.0, 32.0], [31.0, 59.0, 10.0], [26.0, 15.0, 32.0], [18.0, 14.0, 60.0], [31.0, 51.0, 14.0], [31.0, 45.0, 25.0], [31.0, 37.0, 16.0], [26.0, 26.0, 36.0], [26.0, 27.0, 44.0], [22.0, 52.0, 60.0], [27.0, 27.0, 12.0], [27.0, 34.0, 2.0], [27.0, 35.0, 14.0], [27.0, 23.0, 2.0], [24.0, 47.0, 30.0], [4.0, 51.0, 55.0], [20.0, 51.0, 50.0], [16.0, 29.0, 60.0], [14.0, 39.0, 39.0], [19.0, 60.0, 3.0], [18.0, 47.0, 1.0], [13.0, 54.0, 10.0], [18.0, 50.0, 24.0], [5.0, 31.0, 1.0], [6.0, 15.0, 28.0], [4.0, 41.0, 1.0], [10.0, 32.0, 24.0], [5.0, 61.0, 4.0], [3.0, 8.0, 5.0], [14.0, 37.0, 1.0], [8.0, 47.0, 60.0], [10.0, 25.0, 60.0], [6.0, 33.0, 56.0], [1.0, 59.0, 1.0], [8.0, 3.0, 61.0], [8.0, 59.0, 60.0], [16.0, 33.0, 17.0], [8.0, 59.0, 40.0], [19.0, 18.0, 22.0], [16.0, 16.0, 30.0], [14.0, 1.0, 32.0], [10.0, 2.0, 32.0], [1.0, 60.0, 30.0], [5.0, 60.0, 38.0], [10.0, 42.0, 6.0], [13.0, 6.0, 46.0], [1.0, 8.0, 47.0], [16.0, 31.0, 28.0], [9.0, 7.0, 7.0], [14.0, 1.0, 1.0], [1.0, 42.0, 26.0], [0.0, 44.0, 46.0], [6.0, 1.0, 41.0], [1.0, 52.0, 18.0], [2.0, 60.0, 44.0], [1.0, 60.0, 16.0]]","[0.9226167798042297, 0.8929728269577026, 0.7706099152565002, 0.7689209580421448, 0.7651993036270142, 0.764070987701416, 0.761840283870697, 0.7616828083992004, 0.760917067527771, 0.7539020776748657, 0.750876247882843, 0.7493754029273987, 0.7491441369056702, 0.7474022507667542, 0.7442984580993652, 0.7435025572776794, 0.7419496178627014, 0.7402194738388062, 0.7386127710342407, 0.7382732629776001, 0.7367574572563171, 0.7349088191986084, 0.7344798445701599, 0.732662558555603, 0.7292043566703796, 0.7291257381439209, 0.7286987900733948, 0.7243263721466064, 0.7001834511756897, 0.6906238198280334, 0.6793390512466431, 0.6770786643028259, 0.6629374027252197, 0.6344628930091858, 0.629852831363678, 0.6286484599113464, 0.6259060502052307, 0.6234170198440552, 0.623111367225647, 0.6199378967285156, 0.6189225912094116, 0.6184836626052856, 0.6180993318557739, 0.6048064231872559, 0.6005800366401672, 0.5974889993667603, 0.5968469381332397, 0.5939516425132751, 0.5809853672981262, 0.5714676380157471, 0.5577924251556396, 0.5502176284790039, 0.5496626496315002, 0.5494706034660339, 0.535923957824707, 0.5340827703475952, 0.533099353313446, 0.5273082852363586, 0.5250419974327087, 0.5239197015762329, 0.523651123046875, 0.5117161870002747, 0.5105040073394775, 0.49786126613616943, 0.47581958770751953, 0.4698100686073303, 0.4629940688610077, 0.4626026153564453, 0.44379058480262756, 0.44244179129600525]"
variant_F2,train_6bba_t35_p02_crowded,train,6bba_bb9f20c3,35,crowded,0.3,2,75,1,1,1,2.5308510864731972,2.5308510864731972,0.5745242597140698,1,0.5745242597140698,1,0.621179848909378,"[[14.0, 16.0, 14.0], [14.0, 8.0, 39.0], [10.0, 34.0, 54.0], [29.0, 59.0, 60.0], [30.0, 49.0, 60.0], [30.0, 23.0, 60.0], [27.0, 59.0, 49.0], [30.0, 9.0, 60.0], [26.0, 15.0, 60.0], [27.0, 59.0, 31.0], [26.0, 3.0, 60.0], [24.0, 59.0, 60.0], [24.0, 51.0, 60.0], [31.0, 59.0, 10.0], [30.0, 15.0, 20.0], [30.0, 37.0, 52.0], [27.0, 3.0, 42.0], [30.0, 33.0, 34.0], [30.0, 3.0, 50.0], [30.0, 15.0, 51.0], [30.0, 3.0, 28.0], [30.0, 47.0, 23.0], [27.0, 47.0, 38.0], [16.0, 51.0, 51.0], [27.0, 11.0, 42.0], [10.0, 51.0, 25.0], [14.0, 48.0, 25.0], [18.0, 30.0, 36.0], [6.0, 1.0, 60.0], [10.0, 2.0, 58.0], [13.0, 2.0, 2.0], [20.0, 48.0, 24.0], [10.0, 1.0, 28.0], [23.0, 21.0, 5.0], [9.0, 23.0, 37.0], [7.0, 35.0, 43.0], [6.0, 46.0, 56.0], [5.0, 53.0, 2.0], [18.0, 45.0, 38.0], [15.0, 57.0, 2.0], [9.0, 23.0, 2.0], [4.0, 15.0, 54.0], [8.0, 44.0, 16.0], [8.0, 53.0, 1.0], [14.0, 38.0, 14.0], [3.0, 2.0, 2.0], [6.0, 47.0, 40.0], [17.0, 25.0, 24.0], [1.0, 27.0, 1.0], [18.0, 18.0, 51.0], [1.0, 19.0, 1.0], [19.0, 21.0, 1.0], [10.0, 24.0, 50.0], [12.0, 59.0, 54.0], [12.0, 14.0, 61.0], [9.0, 62.0, 6.0], [2.0, 53.0, 40.0], [1.0, 29.0, 55.0], [22.0, 1.0, 1.0], [2.0, 32.0, 15.0], [20.0, 1.0, 57.0], [6.0, 17.0, 17.0], [2.0, 15.0, 13.0], [4.0, 36.0, 48.0], [2.0, 9.0, 41.0], [2.0, 25.0, 37.0], [4.0, 33.0, 25.0], [1.0, 60.0, 20.0], [2.0, 49.0, 21.0], [9.0, 60.0, 16.0], [12.0, 57.0, 34.0], [9.0, 59.0, 36.0], [7.0, 61.0, 46.0], [24.0, 11.0, 6.0], [7.0, 59.0, 56.0]]","[0.8655187487602234, 0.8452484011650085, 0.8328648209571838, 0.7870138883590698, 0.7762106657028198, 0.7734037041664124, 0.7729913592338562, 0.7723780274391174, 0.7694792151451111, 0.7686274647712708, 0.7679315805435181, 0.761495053768158, 0.7597072124481201, 0.7587634325027466, 0.7576295137405396, 0.7571524381637573, 0.7559884786605835, 0.755363404750824, 0.7532228231430054, 0.7509251236915588, 0.7451732754707336, 0.7444927096366882, 0.7396398186683655, 0.7343338131904602, 0.7342602610588074, 0.7153865098953247, 0.7038803100585938, 0.6998120546340942, 0.665127158164978, 0.6623605489730835, 0.6568584442138672, 0.6562016010284424, 0.6505475640296936, 0.6438161134719849, 0.6367079615592957, 0.633712649345398, 0.6264176964759827, 0.6223410367965698, 0.6096028089523315, 0.6056517362594604, 0.6054819822311401, 0.5992919206619263, 0.5992632508277893, 0.5974963903427124, 0.5971378684043884, 0.5963126420974731, 0.5947124361991882, 0.5835170745849609, 0.5804385542869568, 0.5772236585617065, 0.574276328086853, 0.564859926700592, 0.5615795254707336, 0.5602942705154419, 0.5564058423042297, 0.5556733012199402, 0.550965428352356, 0.5495966672897339, 0.5491840839385986, 0.5485368967056274, 0.5315217971801758, 0.5204852819442749, 0.5200523138046265, 0.5190150737762451, 0.5185637474060059, 0.5118046402931213, 0.510978102684021, 0.5007318258285522, 0.49891185760498047, 0.48630496859550476, 0.4831741154193878, 0.47787150740623474, 0.46486809849739075, 0.462918758392334, 0.4067705273628235]"
variant_F2,train_6bba_t40_p03_crowded,train,6bba_bb9f20c3,40,crowded,0.3,2,63,1,2,2,1.337085688037905,1.337085688037905,1.337085688037905,2,1.337085688037905,2,0.6945308744907379,"[[22.0, 21.0, 35.0], [30.0, 25.0, 60.0], [30.0, 11.0, 60.0], [29.0, 59.0, 60.0], [30.0, 3.0, 60.0], [30.0, 27.0, 52.0], [30.0, 9.0, 52.0], [26.0, 45.0, 60.0], [30.0, 11.0, 44.0], [31.0, 3.0, 20.0], [30.0, 49.0, 52.0], [31.0, 43.0, 16.0], [31.0, 59.0, 12.0], [30.0, 23.0, 13.0], [20.0, 9.0, 60.0], [16.0, 32.0, 34.0], [24.0, 32.0, 4.0], [8.0, 31.0, 56.0], [2.0, 1.0, 60.0], [11.0, 1.0, 60.0], [18.0, 20.0, 20.0], [2.0, 2.0, 44.0], [21.0, 49.0, 5.0], [13.0, 35.0, 19.0], [19.0, 2.0, 19.0], [12.0, 52.0, 52.0], [5.0, 2.0, 44.0], [5.0, 7.0, 2.0], [7.0, 9.0, 44.0], [10.0, 39.0, 36.0], [15.0, 62.0, 46.0], [14.0, 55.0, 34.0], [12.0, 26.0, 6.0], [9.0, 3.0, 2.0], [9.0, 25.0, 6.0], [13.0, 5.0, 2.0], [1.0, 55.0, 1.0], [3.0, 29.0, 5.0], [9.0, 1.0, 18.0], [18.0, 37.0, 6.0], [3.0, 47.0, 5.0], [8.0, 28.0, 30.0], [1.0, 1.0, 22.0], [11.0, 59.0, 4.0], [14.0, 30.0, 56.0], [5.0, 58.0, 2.0], [8.0, 23.0, 15.0], [0.0, 24.0, 47.0], [5.0, 43.0, 25.0], [18.0, 45.0, 24.0], [23.0, 59.0, 10.0], [9.0, 37.0, 5.0], [17.0, 60.0, 6.0], [0.0, 53.0, 60.0], [5.0, 58.0, 17.0], [9.0, 58.0, 37.0], [18.0, 1.0, 37.0], [24.0, 1.0, 33.0], [2.0, 51.0, 27.0], [2.0, 62.0, 35.0], [0.0, 61.0, 43.0], [5.0, 59.0, 61.0], [12.0, 47.0, 18.0]]","[0.8501291871070862, 0.8261790871620178, 0.8244196176528931, 0.8241497874259949, 0.8238435983657837, 0.8169832229614258, 0.8129229545593262, 0.8125340342521667, 0.8124598860740662, 0.799669086933136, 0.7955045104026794, 0.7804703712463379, 0.7804181575775146, 0.776949942111969, 0.7722815871238708, 0.7290246486663818, 0.7176812887191772, 0.7095671892166138, 0.7038040161132812, 0.6960946321487427, 0.6770854592323303, 0.6745573878288269, 0.660037100315094, 0.6574426293373108, 0.6466557383537292, 0.6411875486373901, 0.6400575041770935, 0.636097252368927, 0.6358195543289185, 0.624472975730896, 0.6218850016593933, 0.6131389737129211, 0.6109029054641724, 0.6106670498847961, 0.6106141805648804, 0.6062297224998474, 0.6042948961257935, 0.6015608310699463, 0.5965606570243835, 0.5928810834884644, 0.5890114307403564, 0.586463212966919, 0.5861232280731201, 0.5859756469726562, 0.5832037329673767, 0.5789342522621155, 0.5782831907272339, 0.5771257281303406, 0.5768122673034668, 0.574599027633667, 0.562153697013855, 0.5602746605873108, 0.5295171737670898, 0.5177630186080933, 0.509615957736969, 0.4977858066558838, 0.49734413623809814, 0.48728570342063904, 0.4869280755519867, 0.4852467477321625, 0.47963762283325195, 0.4698283076286316, 0.43506190180778503]"
variant_F2,train_6bba_t45_p04_crowded,train,6bba_bb9f20c3,45,crowded,0.3,3,67,3,3,3,0.6297256251911199,0.5745242597140698,0.6297256251911199,3,0.6297256251911199,3,0.6480072339375814,"[[24.0, 12.0, 42.0], [10.0, 47.0, 53.0], [30.0, 23.0, 60.0], [24.0, 24.0, 13.0], [30.0, 59.0, 60.0], [28.0, 45.0, 60.0], [30.0, 27.0, 50.0], [30.0, 35.0, 26.0], [29.0, 47.0, 46.0], [29.0, 59.0, 44.0], [30.0, 49.0, 32.0], [31.0, 3.0, 28.0], [24.0, 29.0, 60.0], [14.0, 33.0, 33.0], [20.0, 26.0, 6.0], [20.0, 52.0, 10.0], [2.0, 2.0, 60.0], [2.0, 2.0, 2.0], [5.0, 2.0, 2.0], [5.0, 1.0, 60.0], [2.0, 1.0, 22.0], [9.0, 2.0, 2.0], [2.0, 2.0, 50.0], [20.0, 54.0, 42.0], [2.0, 25.0, 60.0], [7.0, 1.0, 36.0], [6.0, 29.0, 60.0], [7.0, 2.0, 24.0], [13.0, 2.0, 2.0], [17.0, 2.0, 2.0], [7.0, 11.0, 60.0], [7.0, 11.0, 50.0], [7.0, 18.0, 2.0], [11.0, 18.0, 26.0], [23.0, 59.0, 5.0], [22.0, 62.0, 16.0], [7.0, 19.0, 25.0], [10.0, 40.0, 42.0], [15.0, 1.0, 24.0], [11.0, 39.0, 5.0], [7.0, 43.0, 40.0], [9.0, 48.0, 2.0], [2.0, 51.0, 61.0], [15.0, 23.0, 7.0], [12.0, 16.0, 38.0], [2.0, 22.0, 35.0], [14.0, 62.0, 44.0], [14.0, 24.0, 24.0], [3.0, 47.0, 2.0], [16.0, 22.0, 50.0], [16.0, 56.0, 18.0], [19.0, 61.0, 61.0], [18.0, 2.0, 46.0], [20.0, 6.0, 38.0], [19.0, 15.0, 53.0], [2.0, 42.0, 21.0], [16.0, 36.0, 17.0], [5.0, 48.0, 19.0], [13.0, 61.0, 3.0], [2.0, 59.0, 23.0], [2.0, 59.0, 33.0], [14.0, 12.0, 50.0], [14.0, 1.0, 53.0], [16.0, 0.0, 62.0], [10.0, 60.0, 51.0], [17.0, 26.0, 63.0], [12.0, 60.0, 63.0]]","[0.8906356692314148, 0.8658562302589417, 0.8444381356239319, 0.8414686918258667, 0.8334448337554932, 0.8327175378799438, 0.82615065574646, 0.8129141926765442, 0.8096821904182434, 0.8039471507072449, 0.7965095639228821, 0.7948732972145081, 0.7880899310112, 0.7402481436729431, 0.7232492566108704, 0.7091466784477234, 0.7042402029037476, 0.6976104378700256, 0.6951119899749756, 0.6911410093307495, 0.6880338191986084, 0.6877776384353638, 0.6849624514579773, 0.6842368245124817, 0.6840311884880066, 0.68353670835495, 0.6824536323547363, 0.6771368384361267, 0.676404595375061, 0.6732048988342285, 0.6704992055892944, 0.6574707627296448, 0.6572969555854797, 0.6467680931091309, 0.6387852430343628, 0.6386586427688599, 0.6381948590278625, 0.6339737176895142, 0.6336987614631653, 0.6334813833236694, 0.6276850700378418, 0.6227422952651978, 0.6121474504470825, 0.6055541038513184, 0.603117048740387, 0.6018079519271851, 0.6011654138565063, 0.6011554002761841, 0.5978080630302429, 0.5888018608093262, 0.5844966173171997, 0.5830334424972534, 0.5733155012130737, 0.5698819756507874, 0.5651149153709412, 0.5644928216934204, 0.5370633006095886, 0.5368601083755493, 0.5339168310165405, 0.5249879360198975, 0.5179179906845093, 0.5046586394309998, 0.49258601665496826, 0.45181310176849365, 0.42846256494522095, 0.41748014092445374, 0.40988731384277344]"
variant_F2,train_6bba_t55_p05_crowded,train,6bba_bb9f20c3,55,crowded,0.3,2,90,1,2,2,1.1982302080056662,1.1982302080056662,1.1982302080056662,2,1.1982302080056662,2,0.6844057142734528,"[[4.0, 33.0, 32.0], [4.0, 15.0, 56.0], [2.0, 41.0, 55.0], [29.0, 3.0, 60.0], [27.0, 11.0, 60.0], [29.0, 3.0, 2.0], [27.0, 47.0, 60.0], [27.0, 39.0, 60.0], [27.0, 27.0, 60.0], [31.0, 23.0, 60.0], [31.0, 35.0, 60.0], [31.0, 43.0, 60.0], [29.0, 59.0, 60.0], [27.0, 3.0, 48.0], [29.0, 3.0, 34.0], [31.0, 29.0, 20.0], [31.0, 43.0, 52.0], [29.0, 19.0, 2.0], [31.0, 11.0, 52.0], [31.0, 35.0, 50.0], [31.0, 59.0, 34.0], [27.0, 53.0, 2.0], [31.0, 15.0, 36.0], [31.0, 3.0, 14.0], [31.0, 11.0, 16.0], [31.0, 27.0, 34.0], [31.0, 19.0, 48.0], [31.0, 53.0, 52.0], [31.0, 19.0, 14.0], [29.0, 35.0, 2.0], [31.0, 43.0, 36.0], [27.0, 59.0, 38.0], [31.0, 39.0, 18.0], [23.0, 3.0, 50.0], [31.0, 51.0, 10.0], [27.0, 59.0, 48.0], [31.0, 59.0, 10.0], [27.0, 59.0, 18.0], [27.0, 10.0, 48.0], [16.0, 10.0, 21.0], [27.0, 31.0, 38.0], [27.0, 17.0, 48.0], [27.0, 35.0, 52.0], [8.0, 47.0, 12.0], [27.0, 51.0, 34.0], [27.0, 15.0, 38.0], [27.0, 51.0, 46.0], [19.0, 3.0, 50.0], [23.0, 35.0, 52.0], [27.0, 47.0, 10.0], [4.0, 60.0, 28.0], [12.0, 13.0, 60.0], [24.0, 27.0, 16.0], [14.0, 30.0, 60.0], [12.0, 3.0, 60.0], [8.0, 12.0, 14.0], [1.0, 10.0, 36.0], [8.0, 24.0, 10.0], [12.0, 43.0, 2.0], [1.0, 48.0, 20.0], [18.0, 50.0, 19.0], [16.0, 40.0, 35.0], [10.0, 9.0, 40.0], [12.0, 53.0, 44.0], [16.0, 52.0, 37.0], [10.0, 33.0, 51.0], [5.0, 6.0, 6.0], [4.0, 24.0, 26.0], [6.0, 31.0, 43.0], [10.0, 58.0, 6.0], [1.0, 27.0, 5.0], [1.0, 7.0, 54.0], [1.0, 60.0, 30.0], [1.0, 24.0, 26.0], [1.0, 15.0, 6.0], [4.0, 58.0, 60.0], [2.0, 34.0, 44.0], [1.0, 37.0, 12.0], [18.0, 8.0, 7.0], [2.0, 35.0, 22.0], [1.0, 60.0, 56.0], [4.0, 7.0, 33.0], [13.0, 37.0, 26.0], [1.0, 26.0, 48.0], [18.0, 15.0, 6.0], [6.0, 29.0, 60.0], [12.0, 61.0, 18.0], [1.0, 60.0, 4.0], [1.0, 60.0, 43.0], [16.0, 24.0, 15.0]]","[0.8788750767707825, 0.8766568303108215, 0.7462522387504578, 0.7375311255455017, 0.7283329367637634, 0.7281098961830139, 0.725928783416748, 0.7247886061668396, 0.7223622798919678, 0.7218677997589111, 0.7216617465019226, 0.7208651900291443, 0.7205137014389038, 0.7149658799171448, 0.7125410437583923, 0.7124890089035034, 0.7122533917427063, 0.7120217084884644, 0.7118948101997375, 0.7113426923751831, 0.7107868790626526, 0.7107548117637634, 0.710695743560791, 0.7106503844261169, 0.7106086611747742, 0.710591197013855, 0.7105242013931274, 0.7102341055870056, 0.7099406719207764, 0.7096728086471558, 0.7084806561470032, 0.7082213163375854, 0.7079023718833923, 0.707360565662384, 0.7052748799324036, 0.7043755054473877, 0.7042115330696106, 0.7039809226989746, 0.7038378715515137, 0.7037113308906555, 0.703136146068573, 0.7020778059959412, 0.7017601728439331, 0.7005716562271118, 0.7002177834510803, 0.6999109387397766, 0.6994535326957703, 0.6985764503479004, 0.6957487463951111, 0.69510817527771, 0.6887497901916504, 0.6760603189468384, 0.6758211255073547, 0.6638333201408386, 0.6637313365936279, 0.6564056277275085, 0.6432839632034302, 0.6403458118438721, 0.639736533164978, 0.6392747759819031, 0.6282083988189697, 0.6212056875228882, 0.6131005883216858, 0.6110803484916687, 0.6086674928665161, 0.600521981716156, 0.5879233479499817, 0.5820237994194031, 0.5627281069755554, 0.5479605793952942, 0.5454527139663696, 0.5360312461853027, 0.534369707107544, 0.526630163192749, 0.5183957815170288, 0.5086110234260559, 0.49634501338005066, 0.49089279770851135, 0.48993635177612305, 0.48909103870391846, 0.4880232810974121, 0.4880102276802063, 0.4860460162162781, 0.48512113094329834, 0.4845709800720215, 0.4732370674610138, 0.4701264500617981, 0.46592646837234497, 0.41419750452041626, 0.4094081223011017]"
variant_F2,train_6bba_t55_p06_crowded,train,6bba_bb9f20c3,55,crowded,0.3,3,61,1,3,3,1.351583097126168,1.284675299443404,1.351583097126168,3,1.351583097126168,3,0.702143390973409,"[[30.0, 15.0, 60.0], [26.0, 31.0, 60.0], [29.0, 60.0, 60.0], [30.0, 49.0, 60.0], [16.0, 51.0, 51.0], [30.0, 29.0, 30.0], [26.0, 35.0, 48.0], [30.0, 11.0, 24.0], [31.0, 3.0, 32.0], [26.0, 52.0, 27.0], [31.0, 9.0, 2.0], [24.0, 30.0, 16.0], [8.0, 51.0, 59.0], [9.0, 55.0, 36.0], [2.0, 2.0, 60.0], [26.0, 17.0, 17.0], [13.0, 18.0, 42.0], [16.0, 29.0, 33.0], [6.0, 2.0, 50.0], [8.0, 23.0, 61.0], [26.0, 2.0, 8.0], [19.0, 2.0, 32.0], [24.0, 7.0, 45.0], [11.0, 2.0, 2.0], [18.0, 12.0, 30.0], [2.0, 35.0, 60.0], [11.0, 2.0, 18.0], [7.0, 2.0, 2.0], [11.0, 11.0, 2.0], [2.0, 22.0, 56.0], [16.0, 1.0, 36.0], [2.0, 48.0, 52.0], [20.0, 23.0, 37.0], [6.0, 38.0, 50.0], [12.0, 35.0, 61.0], [24.0, 44.0, 18.0], [16.0, 2.0, 48.0], [7.0, 30.0, 2.0], [5.0, 39.0, 1.0], [20.0, 1.0, 2.0], [7.0, 55.0, 1.0], [7.0, 36.0, 29.0], [20.0, 54.0, 29.0], [7.0, 23.0, 20.0], [16.0, 1.0, 60.0], [16.0, 53.0, 20.0], [16.0, 15.0, 61.0], [24.0, 9.0, 28.0], [0.0, 59.0, 36.0], [2.0, 49.0, 25.0], [13.0, 14.0, 54.0], [2.0, 39.0, 15.0], [18.0, 23.0, 4.0], [23.0, 41.0, 2.0], [19.0, 60.0, 18.0], [23.0, 62.0, 1.0], [16.0, 51.0, 38.0], [18.0, 53.0, 1.0], [17.0, 61.0, 2.0], [19.0, 37.0, 8.0], [11.0, 60.0, 55.0]]","[0.8654125928878784, 0.8463832139968872, 0.8429164886474609, 0.8409777879714966, 0.8378647565841675, 0.8198233246803284, 0.8166496157646179, 0.8093381524085999, 0.8047139048576355, 0.7978624105453491, 0.788538932800293, 0.7860069274902344, 0.7849456071853638, 0.7646902799606323, 0.7439794540405273, 0.7412595748901367, 0.7347227334976196, 0.7321608066558838, 0.7125605940818787, 0.7088906764984131, 0.7071868181228638, 0.6898263096809387, 0.6866202354431152, 0.6837764382362366, 0.6804377436637878, 0.6745290756225586, 0.672274112701416, 0.6689290404319763, 0.6679315567016602, 0.6591324806213379, 0.6523300409317017, 0.6511927843093872, 0.6509826183319092, 0.6476750373840332, 0.6469191312789917, 0.6453767418861389, 0.6442098021507263, 0.630795955657959, 0.6254226565361023, 0.6181997060775757, 0.6179654002189636, 0.5891591906547546, 0.5882624387741089, 0.5689606070518494, 0.5674180388450623, 0.5658301711082458, 0.5593915581703186, 0.5566306114196777, 0.5502088665962219, 0.5439749360084534, 0.530713677406311, 0.5293879508972168, 0.5276025533676147, 0.5200216174125671, 0.4768618941307068, 0.4752470850944519, 0.47006767988204956, 0.4677756130695343, 0.44669586420059204, 0.4377996325492859, 0.4263978600502014]"
variant_F2,train_6bba_t15_p07_crowded,train,6bba_bb9f20c3,15,crowded,0.3,3,63,2,2,2,2.284620793158987,0.5745242597140698,0.4903871298570349,2,0.4903871298570349,2,0.829187293847402,"[[28.0, 25.0, 8.0], [14.0, 11.0, 4.0], [27.0, 60.0, 60.0], [22.0, 27.0, 32.0], [30.0, 37.0, 60.0], [30.0, 20.0, 60.0], [22.0, 27.0, 60.0], [30.0, 35.0, 52.0], [30.0, 8.0, 60.0], [31.0, 53.0, 20.0], [26.0, 3.0, 60.0], [30.0, 41.0, 36.0], [24.0, 2.0, 44.0], [22.0, 7.0, 14.0], [26.0, 50.0, 16.0], [22.0, 8.0, 26.0], [6.0, 39.0, 54.0], [2.0, 2.0, 2.0], [18.0, 21.0, 18.0], [2.0, 2.0, 16.0], [2.0, 11.0, 60.0], [2.0, 2.0, 24.0], [21.0, 55.0, 37.0], [9.0, 31.0, 33.0], [31.0, 1.0, 2.0], [18.0, 49.0, 60.0], [30.0, 59.0, 48.0], [3.0, 1.0, 52.0], [22.0, 39.0, 3.0], [20.0, 47.0, 24.0], [5.0, 59.0, 49.0], [9.0, 25.0, 2.0], [19.0, 26.0, 2.0], [1.0, 24.0, 50.0], [2.0, 17.0, 35.0], [31.0, 21.0, 2.0], [0.0, 45.0, 60.0], [0.0, 37.0, 40.0], [1.0, 58.0, 2.0], [12.0, 21.0, 60.0], [14.0, 51.0, 32.0], [15.0, 37.0, 55.0], [5.0, 59.0, 2.0], [9.0, 6.0, 53.0], [6.0, 12.0, 18.0], [16.0, 9.0, 60.0], [27.0, 1.0, 1.0], [18.0, 1.0, 46.0], [0.0, 49.0, 17.0], [0.0, 52.0, 35.0], [0.0, 40.0, 17.0], [7.0, 19.0, 35.0], [11.0, 39.0, 15.0], [14.0, 18.0, 42.0], [0.0, 59.0, 20.0], [11.0, 49.0, 60.0], [12.0, 62.0, 60.0], [14.0, 43.0, 4.0], [25.0, 35.0, 1.0], [0.0, 62.0, 46.0], [9.0, 60.0, 24.0], [7.0, 60.0, 33.0], [6.0, 50.0, 26.0]]","[0.8905227184295654, 0.8615589737892151, 0.859453558921814, 0.8581503629684448, 0.8551754951477051, 0.8538575172424316, 0.8473966121673584, 0.845814049243927, 0.8435436487197876, 0.8275645971298218, 0.8227100968360901, 0.7765814661979675, 0.7750794887542725, 0.7662964463233948, 0.7644435167312622, 0.7616005539894104, 0.7526155710220337, 0.7465794086456299, 0.7442721724510193, 0.7429953217506409, 0.7416884303092957, 0.7395389080047607, 0.7374059557914734, 0.7354801893234253, 0.7225513458251953, 0.7184674739837646, 0.7071994543075562, 0.7057132720947266, 0.7053342461585999, 0.7027546763420105, 0.681359589099884, 0.6777883768081665, 0.6751466393470764, 0.6700916290283203, 0.6696196794509888, 0.6658956408500671, 0.6577790975570679, 0.6458386182785034, 0.6390310525894165, 0.633419930934906, 0.632893443107605, 0.6281958222389221, 0.6249575614929199, 0.6209614276885986, 0.619977593421936, 0.6071661114692688, 0.6011589765548706, 0.5992432236671448, 0.5949140191078186, 0.5901331305503845, 0.5890226364135742, 0.5888214111328125, 0.5873551964759827, 0.5802530646324158, 0.5760923027992249, 0.5729583501815796, 0.5474193692207336, 0.5397515892982483, 0.5299363136291504, 0.48985835909843445, 0.4646468460559845, 0.45901432633399963, 0.4319320619106293]"
variant_F2,train_6bba_t25_p08_crowded,train,6bba_bb9f20c3,25,crowded,0.3,4,70,1,2,2,3.0479107998314046,2.4877011311452666,1.0406308302035874,2,1.0406308302035874,2,0.624651774764061,"[[18.0, 17.0, 48.0], [6.0, 40.0, 26.0], [22.0, 51.0, 21.0], [30.0, 3.0, 60.0], [29.0, 60.0, 60.0], [26.0, 3.0, 60.0], [30.0, 29.0, 60.0], [26.0, 17.0, 60.0], [26.0, 27.0, 60.0], [30.0, 49.0, 60.0], [30.0, 3.0, 52.0], [27.0, 43.0, 60.0], [30.0, 27.0, 52.0], [30.0, 23.0, 40.0], [16.0, 10.0, 13.0], [31.0, 23.0, 24.0], [31.0, 3.0, 32.0], [30.0, 61.0, 39.0], [12.0, 15.0, 60.0], [24.0, 15.0, 24.0], [24.0, 33.0, 33.0], [22.0, 33.0, 12.0], [25.0, 2.0, 2.0], [6.0, 7.0, 49.0], [27.0, 27.0, 5.0], [23.0, 20.0, 2.0], [25.0, 39.0, 2.0], [6.0, 30.0, 57.0], [31.0, 32.0, 2.0], [14.0, 43.0, 60.0], [14.0, 29.0, 58.0], [14.0, 55.0, 56.0], [14.0, 31.0, 20.0], [11.0, 2.0, 2.0], [29.0, 11.0, 5.0], [26.0, 59.0, 2.0], [10.0, 22.0, 36.0], [10.0, 14.0, 13.0], [31.0, 53.0, 5.0], [18.0, 8.0, 38.0], [5.0, 23.0, 5.0], [19.0, 59.0, 33.0], [1.0, 41.0, 1.0], [8.0, 37.0, 49.0], [12.0, 1.0, 28.0], [1.0, 1.0, 60.0], [0.0, 9.0, 56.0], [1.0, 49.0, 56.0], [1.0, 59.0, 1.0], [3.0, 2.0, 1.0], [15.0, 27.0, 44.0], [13.0, 60.0, 29.0], [1.0, 1.0, 44.0], [2.0, 29.0, 20.0], [2.0, 25.0, 38.0], [7.0, 59.0, 26.0], [1.0, 59.0, 33.0], [10.0, 52.0, 22.0], [7.0, 6.0, 25.0], [2.0, 7.0, 24.0], [11.0, 37.0, 1.0], [12.0, 1.0, 41.0], [11.0, 45.0, 28.0], [14.0, 48.0, 2.0], [1.0, 50.0, 18.0], [10.0, 51.0, 4.0], [15.0, 60.0, 1.0], [16.0, 28.0, 7.0], [1.0, 60.0, 15.0], [7.0, 38.0, 38.0]]","[0.9036235213279724, 0.8942933082580566, 0.879511833190918, 0.844056248664856, 0.84272301197052, 0.8395546078681946, 0.8387991189956665, 0.8375151753425598, 0.8365651965141296, 0.8328955173492432, 0.8323017358779907, 0.8257884979248047, 0.823042094707489, 0.8207603096961975, 0.8140156865119934, 0.8098285794258118, 0.8086705207824707, 0.8049687743186951, 0.7851793169975281, 0.775318443775177, 0.7749000787734985, 0.753616988658905, 0.7532480955123901, 0.7476070523262024, 0.7379311919212341, 0.7357645034790039, 0.7345003485679626, 0.7155234217643738, 0.7117264270782471, 0.7052358388900757, 0.6938745975494385, 0.6903630495071411, 0.6895084381103516, 0.6880092620849609, 0.6788956522941589, 0.6761958003044128, 0.6757699251174927, 0.6643100380897522, 0.645504891872406, 0.6379106640815735, 0.6358699798583984, 0.630859375, 0.6300172805786133, 0.6285868883132935, 0.6279705762863159, 0.6190775036811829, 0.6133802533149719, 0.6111598014831543, 0.6069676876068115, 0.6055489778518677, 0.6054506301879883, 0.5967156291007996, 0.5931912660598755, 0.581689178943634, 0.5806472301483154, 0.573887050151825, 0.5612555742263794, 0.5529963970184326, 0.5416417121887207, 0.5402774810791016, 0.5374459028244019, 0.5329365134239197, 0.5242711305618286, 0.5198494791984558, 0.5197985172271729, 0.5151386260986328, 0.47287502884864807, 0.46384239196777344, 0.4465029835700989, 0.44094833731651306]"
variant_F2,train_6bba_t10_p09_crowded,train,6bba_bb9f20c3,10,crowded,0.3,2,74,2,2,2,0.2872621298570349,0.2872621298570349,0.2872621298570349,2,0.2872621298570349,2,0.5923258662223816,"[[4.0, 13.0, 54.0], [2.0, 30.0, 29.0], [12.0, 24.0, 35.0], [29.0, 3.0, 60.0], [27.0, 59.0, 60.0], [10.0, 35.0, 11.0], [27.0, 43.0, 60.0], [27.0, 23.0, 60.0], [31.0, 15.0, 60.0], [19.0, 59.0, 60.0], [17.0, 41.0, 60.0], [31.0, 59.0, 52.0], [27.0, 3.0, 48.0], [29.0, 3.0, 2.0], [27.0, 59.0, 50.0], [29.0, 3.0, 36.0], [31.0, 23.0, 22.0], [25.0, 25.0, 2.0], [31.0, 27.0, 52.0], [31.0, 39.0, 38.0], [27.0, 3.0, 22.0], [31.0, 59.0, 34.0], [31.0, 51.0, 52.0], [31.0, 11.0, 50.0], [31.0, 27.0, 32.0], [31.0, 15.0, 38.0], [31.0, 43.0, 50.0], [29.0, 33.0, 2.0], [31.0, 59.0, 20.0], [31.0, 51.0, 26.0], [27.0, 15.0, 2.0], [27.0, 51.0, 2.0], [19.0, 59.0, 42.0], [20.0, 35.0, 60.0], [27.0, 59.0, 2.0], [31.0, 3.0, 12.0], [27.0, 59.0, 18.0], [22.0, 27.0, 60.0], [27.0, 49.0, 48.0], [27.0, 23.0, 48.0], [12.0, 49.0, 60.0], [27.0, 39.0, 22.0], [15.0, 51.0, 50.0], [27.0, 27.0, 12.0], [24.0, 39.0, 38.0], [22.0, 51.0, 38.0], [10.0, 10.0, 14.0], [1.0, 58.0, 5.0], [14.0, 33.0, 10.0], [6.0, 52.0, 54.0], [10.0, 17.0, 60.0], [22.0, 17.0, 22.0], [12.0, 2.0, 60.0], [6.0, 39.0, 5.0], [22.0, 10.0, 32.0], [4.0, 44.0, 46.0], [4.0, 3.0, 44.0], [16.0, 19.0, 37.0], [6.0, 26.0, 58.0], [8.0, 2.0, 8.0], [10.0, 12.0, 30.0], [10.0, 26.0, 22.0], [4.0, 7.0, 27.0], [6.0, 55.0, 25.0], [16.0, 31.0, 32.0], [10.0, 24.0, 6.0], [10.0, 57.0, 8.0], [8.0, 57.0, 16.0], [14.0, 7.0, 33.0], [4.0, 26.0, 46.0], [8.0, 29.0, 44.0], [3.0, 63.0, 63.0], [0.0, 24.0, 63.0], [1.0, 44.0, 22.0]]","[0.876794159412384, 0.8405691981315613, 0.8393274545669556, 0.7467673420906067, 0.738967776298523, 0.7344180345535278, 0.7342129349708557, 0.7339560389518738, 0.7315824031829834, 0.7282894253730774, 0.7251200079917908, 0.7222713232040405, 0.7216594219207764, 0.721630871295929, 0.721343994140625, 0.7203595638275146, 0.7200397849082947, 0.719570517539978, 0.7193523049354553, 0.7190388441085815, 0.7190254330635071, 0.7190041542053223, 0.7186525464057922, 0.7181155681610107, 0.7176754474639893, 0.7170014977455139, 0.7162520289421082, 0.7161078453063965, 0.7148445248603821, 0.7142851948738098, 0.7141727209091187, 0.7133128643035889, 0.7122445702552795, 0.7121919393539429, 0.7115788459777832, 0.7114612460136414, 0.7110316157341003, 0.7109922766685486, 0.7054370045661926, 0.7053045034408569, 0.703649640083313, 0.7033051252365112, 0.7018861770629883, 0.7013717889785767, 0.697633683681488, 0.6903403997421265, 0.6874220967292786, 0.680270791053772, 0.6801541447639465, 0.6798847317695618, 0.6780807971954346, 0.6775804758071899, 0.6744322180747986, 0.6732414960861206, 0.6708717346191406, 0.6696158051490784, 0.6502804160118103, 0.649863064289093, 0.6444299221038818, 0.6297554969787598, 0.5548684597015381, 0.5461437702178955, 0.5433104038238525, 0.5167474746704102, 0.5043809413909912, 0.5042260885238647, 0.5032744407653809, 0.49621647596359253, 0.43304288387298584, 0.43243253231048584, 0.40194088220596313, 0.3964522182941437, 0.395486980676651, 0.3655434846878052]"
variant_F2,train_6bba_t40_p10_crowded,train,6bba_bb9f20c3,40,crowded,0.3,2,66,2,2,2,0.7414634377866798,0.7414634377866798,0.7414634377866798,2,0.7414634377866798,2,0.6862697005271912,"[[10.0, 15.0, 16.0], [18.0, 49.0, 27.0], [6.0, 39.0, 36.0], [29.0, 60.0, 60.0], [30.0, 3.0, 60.0], [29.0, 27.0, 60.0], [27.0, 13.0, 60.0], [27.0, 60.0, 52.0], [30.0, 11.0, 16.0], [31.0, 59.0, 21.0], [31.0, 59.0, 37.0], [31.0, 47.0, 20.0], [30.0, 3.0, 52.0], [27.0, 15.0, 52.0], [18.0, 12.0, 17.0], [30.0, 31.0, 47.0], [31.0, 3.0, 32.0], [31.0, 15.0, 38.0], [31.0, 21.0, 31.0], [26.0, 9.0, 36.0], [26.0, 43.0, 40.0], [18.0, 33.0, 60.0], [7.0, 7.0, 55.0], [6.0, 32.0, 54.0], [18.0, 19.0, 60.0], [18.0, 49.0, 60.0], [11.0, 56.0, 17.0], [14.0, 31.0, 33.0], [12.0, 18.0, 54.0], [10.0, 2.0, 10.0], [12.0, 2.0, 2.0], [9.0, 2.0, 2.0], [10.0, 6.0, 32.0], [18.0, 13.0, 49.0], [3.0, 60.0, 60.0], [10.0, 50.0, 46.0], [16.0, 40.0, 16.0], [5.0, 2.0, 2.0], [6.0, 54.0, 2.0], [18.0, 2.0, 51.0], [5.0, 1.0, 34.0], [5.0, 39.0, 2.0], [11.0, 60.0, 54.0], [6.0, 24.0, 44.0], [20.0, 50.0, 8.0], [19.0, 60.0, 21.0], [6.0, 30.0, 26.0], [7.0, 62.0, 16.0], [2.0, 20.0, 29.0], [24.0, 1.0, 1.0], [2.0, 11.0, 53.0], [14.0, 13.0, 7.0], [10.0, 18.0, 44.0], [17.0, 55.0, 2.0], [2.0, 1.0, 60.0], [3.0, 62.0, 26.0], [0.0, 37.0, 48.0], [11.0, 52.0, 7.0], [2.0, 39.0, 33.0], [2.0, 50.0, 50.0], [18.0, 35.0, 2.0], [2.0, 60.0, 45.0], [15.0, 25.0, 2.0], [6.0, 44.0, 63.0], [20.0, 8.0, 7.0], [4.0, 24.0, 63.0]]","[0.8724120855331421, 0.8345739841461182, 0.7770174145698547, 0.7768416404724121, 0.7696532607078552, 0.7676901817321777, 0.7670536637306213, 0.7583726048469543, 0.7571814656257629, 0.755517840385437, 0.7542558312416077, 0.7507358193397522, 0.746542751789093, 0.7427695989608765, 0.7425912022590637, 0.7423010468482971, 0.7393172383308411, 0.738760232925415, 0.7376976609230042, 0.7361069917678833, 0.7253965139389038, 0.7106902003288269, 0.706988513469696, 0.7062243819236755, 0.7000596523284912, 0.6959150433540344, 0.672916054725647, 0.6655508875846863, 0.6595102548599243, 0.6580339670181274, 0.6547187566757202, 0.6489577293395996, 0.6480466723442078, 0.6352145671844482, 0.6314591765403748, 0.6299563050270081, 0.6287633180618286, 0.6256954669952393, 0.6242105960845947, 0.6223496794700623, 0.6212885975837708, 0.6085672378540039, 0.6053333878517151, 0.5971916913986206, 0.585422158241272, 0.5841962099075317, 0.5704219937324524, 0.5701051354408264, 0.5677742958068848, 0.5523104071617126, 0.5438187122344971, 0.5421618819236755, 0.54195237159729, 0.5418506860733032, 0.5288259983062744, 0.5207669138908386, 0.5164806842803955, 0.5008718371391296, 0.48084983229637146, 0.4701210558414459, 0.4553483724594116, 0.44763079285621643, 0.4362448453903198, 0.4181564152240753, 0.40256309509277344, 0.37648653984069824]"
variant_F2,train_6bba_t35_p11_crowded,train,6bba_bb9f20c3,35,crowded,0.3,3,68,2,2,2,1.8827438033420727,0.5745242597140698,0.4903871298570349,2,0.4903871298570349,2,0.8378433187802633,"[[8.0, 43.0, 50.0], [8.0, 15.0, 44.0], [22.0, 26.0, 12.0], [16.0, 31.0, 31.0], [24.0, 27.0, 60.0], [29.0, 59.0, 60.0], [12.0, 9.0, 19.0], [24.0, 11.0, 60.0], [24.0, 3.0, 60.0], [30.0, 3.0, 60.0], [27.0, 19.0, 44.0], [29.0, 47.0, 60.0], [29.0, 35.0, 60.0], [29.0, 23.0, 60.0], [27.0, 59.0, 51.0], [30.0, 3.0, 51.0], [30.0, 17.0, 24.0], [30.0, 47.0, 47.0], [30.0, 25.0, 35.0], [26.0, 47.0, 38.0], [17.0, 59.0, 21.0], [21.0, 6.0, 22.0], [5.0, 58.0, 46.0], [31.0, 11.0, 6.0], [30.0, 2.0, 2.0], [18.0, 2.0, 12.0], [23.0, 2.0, 2.0], [20.0, 46.0, 24.0], [12.0, 1.0, 56.0], [3.0, 40.0, 21.0], [3.0, 7.0, 45.0], [8.0, 2.0, 36.0], [12.0, 15.0, 61.0], [18.0, 16.0, 2.0], [15.0, 60.0, 54.0], [14.0, 51.0, 36.0], [10.0, 41.0, 25.0], [14.0, 39.0, 51.0], [14.0, 41.0, 61.0], [11.0, 59.0, 31.0], [7.0, 59.0, 1.0], [14.0, 28.0, 7.0], [7.0, 34.0, 1.0], [3.0, 3.0, 1.0], [18.0, 43.0, 2.0], [3.0, 6.0, 53.0], [12.0, 1.0, 2.0], [6.0, 14.0, 16.0], [2.0, 46.0, 58.0], [6.0, 34.0, 38.0], [1.0, 60.0, 21.0], [1.0, 27.0, 1.0], [16.0, 1.0, 30.0], [8.0, 31.0, 20.0], [2.0, 1.0, 32.0], [2.0, 41.0, 45.0], [4.0, 21.0, 60.0], [8.0, 53.0, 22.0], [1.0, 44.0, 6.0], [1.0, 55.0, 1.0], [5.0, 57.0, 20.0], [4.0, 14.0, 32.0], [2.0, 23.0, 35.0], [18.0, 0.0, 43.0], [0.0, 1.0, 58.0], [0.0, 12.0, 15.0], [8.0, 51.0, 63.0], [5.0, 60.0, 63.0]]","[0.8884790539741516, 0.866581380367279, 0.8602899312973022, 0.8374917507171631, 0.8211154341697693, 0.8105683922767639, 0.8094568252563477, 0.808093786239624, 0.8032110929489136, 0.7994115352630615, 0.7944135069847107, 0.7919254899024963, 0.7914418578147888, 0.7906889319419861, 0.7887070775032043, 0.7857412099838257, 0.7777491807937622, 0.7747297286987305, 0.7728883028030396, 0.7649359107017517, 0.7510733604431152, 0.7458866238594055, 0.7444479465484619, 0.7415823936462402, 0.7323353886604309, 0.7208729386329651, 0.7179280519485474, 0.7026399970054626, 0.6726117730140686, 0.6626126170158386, 0.6595064401626587, 0.6518447399139404, 0.6498644948005676, 0.6478590369224548, 0.6459956169128418, 0.6400413513183594, 0.6398612856864929, 0.6379914283752441, 0.6346898674964905, 0.6261184811592102, 0.6135417819023132, 0.5985157489776611, 0.5974542498588562, 0.5968196392059326, 0.5967671871185303, 0.5955582857131958, 0.5888145565986633, 0.5871051549911499, 0.5867220163345337, 0.573314905166626, 0.5721114873886108, 0.5591912269592285, 0.5565770268440247, 0.5562859773635864, 0.5470497012138367, 0.5388612151145935, 0.535082221031189, 0.5035566687583923, 0.4870859682559967, 0.4842711091041565, 0.48270756006240845, 0.46906471252441406, 0.46549123525619507, 0.46534672379493713, 0.45906180143356323, 0.4305380582809448, 0.40782079100608826, 0.4056769907474518]"
variant_F2,train_6bba_t45_p12_crowded,train,6bba_bb9f20c3,45,crowded,0.3,3,77,1,2,2,2.2515641240711104,1.86167137607581,1.21809781789494,2,1.21809781789494,2,0.8114986220995585,"[[16.0, 31.0, 31.0], [22.0, 34.0, 6.0], [27.0, 59.0, 60.0], [30.0, 3.0, 60.0], [30.0, 16.0, 60.0], [26.0, 37.0, 60.0], [26.0, 27.0, 60.0], [22.0, 3.0, 60.0], [30.0, 24.0, 60.0], [30.0, 48.0, 60.0], [30.0, 40.0, 60.0], [26.0, 14.0, 60.0], [26.0, 3.0, 60.0], [29.0, 60.0, 50.0], [10.0, 10.0, 34.0], [30.0, 3.0, 48.0], [27.0, 2.0, 2.0], [31.0, 59.0, 36.0], [31.0, 3.0, 12.0], [16.0, 30.0, 58.0], [30.0, 15.0, 36.0], [27.0, 19.0, 40.0], [30.0, 31.0, 24.0], [30.0, 47.0, 49.0], [30.0, 12.0, 52.0], [30.0, 41.0, 23.0], [30.0, 45.0, 41.0], [31.0, 59.0, 12.0], [14.0, 14.0, 15.0], [25.0, 3.0, 42.0], [31.0, 29.0, 8.0], [20.0, 2.0, 12.0], [20.0, 2.0, 2.0], [8.0, 44.0, 45.0], [20.0, 21.0, 40.0], [7.0, 59.0, 51.0], [16.0, 55.0, 34.0], [16.0, 19.0, 48.0], [6.0, 35.0, 34.0], [3.0, 59.0, 29.0], [14.0, 7.0, 37.0], [5.0, 7.0, 2.0], [14.0, 13.0, 60.0], [17.0, 60.0, 18.0], [10.0, 25.0, 59.0], [10.0, 1.0, 20.0], [22.0, 11.0, 21.0], [11.0, 60.0, 34.0], [12.0, 46.0, 24.0], [1.0, 51.0, 1.0], [1.0, 24.0, 56.0], [16.0, 33.0, 1.0], [1.0, 59.0, 1.0], [7.0, 59.0, 5.0], [8.0, 18.0, 50.0], [11.0, 60.0, 2.0], [2.0, 9.0, 18.0], [6.0, 7.0, 60.0], [13.0, 60.0, 57.0], [0.0, 8.0, 47.0], [4.0, 41.0, 61.0], [2.0, 57.0, 60.0], [1.0, 1.0, 36.0], [16.0, 25.0, 18.0], [6.0, 26.0, 21.0], [7.0, 39.0, 1.0], [2.0, 50.0, 14.0], [14.0, 1.0, 2.0], [0.0, 47.0, 47.0], [12.0, 42.0, 61.0], [10.0, 36.0, 16.0], [8.0, 55.0, 22.0], [1.0, 32.0, 21.0], [2.0, 42.0, 37.0], [10.0, 1.0, 48.0], [3.0, 60.0, 41.0], [6.0, 62.0, 31.0]]","[0.8951210379600525, 0.8763477206230164, 0.8091455101966858, 0.7968931198120117, 0.7936319708824158, 0.7932060956954956, 0.7929599285125732, 0.7929547429084778, 0.7918844819068909, 0.7902644872665405, 0.7898389101028442, 0.7896978259086609, 0.788284957408905, 0.784371554851532, 0.7808655500411987, 0.7805261611938477, 0.7769912481307983, 0.7762017846107483, 0.7756216526031494, 0.7751628756523132, 0.771616518497467, 0.7711905241012573, 0.7709994316101074, 0.7705422043800354, 0.7701108455657959, 0.7691897749900818, 0.7691413164138794, 0.766417920589447, 0.7585092782974243, 0.7578731775283813, 0.7455720901489258, 0.7197046279907227, 0.7160040140151978, 0.7020235061645508, 0.7011568546295166, 0.6868923902511597, 0.6741614937782288, 0.6697659492492676, 0.6650545001029968, 0.6568989753723145, 0.6547025442123413, 0.6524137258529663, 0.6485385894775391, 0.6480295658111572, 0.6445605754852295, 0.6431366801261902, 0.6294373273849487, 0.6219137907028198, 0.6126740574836731, 0.6111589670181274, 0.6080843806266785, 0.6011121273040771, 0.6002968549728394, 0.5997549295425415, 0.5908756852149963, 0.5839637517929077, 0.5809097290039062, 0.580793559551239, 0.5788968801498413, 0.5774744749069214, 0.5651280283927917, 0.5490319728851318, 0.5485121011734009, 0.543942391872406, 0.5383154153823853, 0.5302994847297668, 0.520278811454773, 0.5027340650558472, 0.4996418058872223, 0.4994705617427826, 0.4943371117115021, 0.49427279829978943, 0.49036258459091187, 0.4880882203578949, 0.4592578411102295, 0.45468366146087646, 0.4244919717311859]"
variant_F2,train_6bba_t20_p13_crowded,train,6bba_bb9f20c3,20,crowded,0.3,3,74,1,1,1,2.9587501226849326,3.300390601883359,0.9084026158592896,1,0.9084026158592896,1,0.585202157497406,"[[12.0, 39.0, 9.0], [4.0, 22.0, 57.0], [4.0, 26.0, 26.0], [29.0, 3.0, 60.0], [25.0, 3.0, 60.0], [29.0, 59.0, 60.0], [27.0, 31.0, 60.0], [27.0, 44.0, 60.0], [25.0, 12.0, 60.0], [29.0, 15.0, 60.0], [14.0, 8.0, 42.0], [18.0, 15.0, 60.0], [11.0, 60.0, 30.0], [25.0, 59.0, 48.0], [27.0, 59.0, 35.0], [31.0, 59.0, 38.0], [29.0, 3.0, 38.0], [31.0, 55.0, 28.0], [31.0, 47.0, 16.0], [31.0, 39.0, 50.0], [31.0, 59.0, 17.0], [29.0, 3.0, 2.0], [27.0, 42.0, 2.0], [31.0, 31.0, 16.0], [29.0, 35.0, 2.0], [29.0, 51.0, 2.0], [27.0, 31.0, 48.0], [31.0, 25.0, 40.0], [31.0, 15.0, 26.0], [31.0, 13.0, 44.0], [25.0, 19.0, 50.0], [31.0, 23.0, 30.0], [31.0, 3.0, 16.0], [31.0, 35.0, 31.0], [31.0, 19.0, 10.0], [27.0, 49.0, 50.0], [27.0, 41.0, 52.0], [27.0, 19.0, 34.0], [31.0, 11.0, 12.0], [27.0, 35.0, 40.0], [24.0, 51.0, 16.0], [26.0, 15.0, 10.0], [14.0, 41.0, 60.0], [3.0, 49.0, 17.0], [20.0, 15.0, 46.0], [1.0, 47.0, 53.0], [10.0, 22.0, 22.0], [12.0, 50.0, 20.0], [14.0, 38.0, 51.0], [4.0, 16.0, 18.0], [3.0, 59.0, 34.0], [18.0, 49.0, 11.0], [12.0, 1.0, 60.0], [4.0, 12.0, 50.0], [1.0, 23.0, 1.0], [11.0, 14.0, 56.0], [14.0, 40.0, 30.0], [8.0, 32.0, 49.0], [13.0, 3.0, 1.0], [8.0, 23.0, 40.0], [2.0, 37.0, 10.0], [10.0, 45.0, 48.0], [14.0, 51.0, 1.0], [15.0, 59.0, 1.0], [2.0, 1.0, 32.0], [8.0, 6.0, 17.0], [2.0, 45.0, 1.0], [6.0, 34.0, 3.0], [6.0, 46.0, 50.0], [3.0, 4.0, 50.0], [12.0, 29.0, 2.0], [1.0, 60.0, 53.0], [4.0, 60.0, 51.0], [3.0, 34.0, 63.0]]","[0.8782751560211182, 0.878019392490387, 0.7786067724227905, 0.7460317015647888, 0.7455012202262878, 0.7423362135887146, 0.7391549348831177, 0.7382608652114868, 0.7380507588386536, 0.7348875403404236, 0.7327871918678284, 0.7315292358398438, 0.730768084526062, 0.7280334830284119, 0.7221087217330933, 0.7217867970466614, 0.7175458073616028, 0.7175124883651733, 0.716863214969635, 0.7163503170013428, 0.7162196636199951, 0.7157794833183289, 0.7156237363815308, 0.715551495552063, 0.7154850363731384, 0.7149519920349121, 0.7145744562149048, 0.7143387794494629, 0.7138525247573853, 0.712901771068573, 0.7128139138221741, 0.7126092314720154, 0.7122350335121155, 0.7120311260223389, 0.7119799256324768, 0.711725115776062, 0.7108974456787109, 0.7099026441574097, 0.7078925371170044, 0.7078838348388672, 0.6909546256065369, 0.689970076084137, 0.6860367059707642, 0.6780084371566772, 0.6772775650024414, 0.6732152700424194, 0.6712251901626587, 0.6491691470146179, 0.6207543015480042, 0.6114071011543274, 0.5965766906738281, 0.5955914855003357, 0.5946264266967773, 0.591826319694519, 0.5812088847160339, 0.5757488012313843, 0.5672034621238708, 0.5623725056648254, 0.5408607721328735, 0.5371600985527039, 0.5327262282371521, 0.529543399810791, 0.5170747637748718, 0.5102162957191467, 0.5075477957725525, 0.5060749053955078, 0.4950437843799591, 0.49309608340263367, 0.4916490316390991, 0.4902576804161072, 0.4826151430606842, 0.46183547377586365, 0.44799429178237915, 0.4135846197605133]"
variant_F2,train_6bba_t20_p14_crowded,train,6bba_bb9f20c3,20,crowded,0.3,3,77,1,2,2,2.9185199221505407,1.7235727791422095,1.0649113895711046,2,1.0649113895711046,2,0.7953813274701437,"[[16.0, 32.0, 34.0], [16.0, 32.0, 8.0], [4.0, 9.0, 33.0], [20.0, 51.0, 27.0], [27.0, 59.0, 60.0], [2.0, 41.0, 37.0], [29.0, 3.0, 60.0], [12.0, 9.0, 47.0], [27.0, 28.0, 60.0], [27.0, 35.0, 60.0], [29.0, 47.0, 60.0], [18.0, 14.0, 60.0], [29.0, 11.0, 60.0], [27.0, 21.0, 60.0], [27.0, 60.0, 50.0], [31.0, 45.0, 20.0], [18.0, 3.0, 60.0], [30.0, 11.0, 16.0], [18.0, 44.0, 60.0], [30.0, 19.0, 15.0], [30.0, 3.0, 49.0], [31.0, 59.0, 32.0], [30.0, 49.0, 48.0], [26.0, 29.0, 29.0], [30.0, 29.0, 48.0], [20.0, 59.0, 60.0], [24.0, 3.0, 44.0], [30.0, 22.0, 44.0], [14.0, 33.0, 60.0], [27.0, 3.0, 26.0], [24.0, 11.0, 28.0], [27.0, 11.0, 22.0], [22.0, 31.0, 44.0], [5.0, 59.0, 55.0], [22.0, 2.0, 16.0], [22.0, 38.0, 12.0], [20.0, 44.0, 2.0], [25.0, 13.0, 1.0], [10.0, 2.0, 61.0], [20.0, 21.0, 2.0], [2.0, 47.0, 13.0], [10.0, 39.0, 30.0], [8.0, 27.0, 48.0], [6.0, 23.0, 60.0], [8.0, 28.0, 18.0], [17.0, 3.0, 33.0], [21.0, 1.0, 1.0], [8.0, 8.0, 3.0], [1.0, 19.0, 55.0], [14.0, 2.0, 18.0], [3.0, 14.0, 9.0], [8.0, 2.0, 20.0], [11.0, 60.0, 4.0], [20.0, 62.0, 4.0], [14.0, 17.0, 26.0], [10.0, 44.0, 6.0], [12.0, 52.0, 38.0], [4.0, 1.0, 1.0], [16.0, 1.0, 1.0], [14.0, 60.0, 19.0], [2.0, 51.0, 52.0], [5.0, 33.0, 1.0], [1.0, 60.0, 5.0], [8.0, 58.0, 22.0], [12.0, 19.0, 4.0], [8.0, 1.0, 43.0], [4.0, 39.0, 60.0], [3.0, 38.0, 53.0], [2.0, 27.0, 30.0], [11.0, 41.0, 19.0], [1.0, 38.0, 2.0], [12.0, 1.0, 36.0], [3.0, 11.0, 20.0], [3.0, 42.0, 23.0], [0.0, 0.0, 46.0], [3.0, 58.0, 29.0], [0.0, 62.0, 53.0]]","[0.8373512029647827, 0.8170451521873474, 0.800876259803772, 0.794086754322052, 0.7934490442276001, 0.7918777465820312, 0.777223527431488, 0.7772210836410522, 0.775837779045105, 0.7756030559539795, 0.7754924893379211, 0.7754814624786377, 0.7752947807312012, 0.7751981019973755, 0.7692537307739258, 0.7671052813529968, 0.7640127539634705, 0.7587763071060181, 0.7582675814628601, 0.7566004991531372, 0.7564510107040405, 0.7558846473693848, 0.752111554145813, 0.7517595887184143, 0.7503949999809265, 0.7502666115760803, 0.746725857257843, 0.7461404800415039, 0.7448341250419617, 0.7433896660804749, 0.740865170955658, 0.729774534702301, 0.7295251488685608, 0.6881951093673706, 0.6841811537742615, 0.6760284900665283, 0.6665786504745483, 0.6556904911994934, 0.6452819108963013, 0.6440430283546448, 0.6352289915084839, 0.6252970099449158, 0.6248006820678711, 0.6120970845222473, 0.610430121421814, 0.6083880066871643, 0.6061275005340576, 0.5990121364593506, 0.5886432528495789, 0.5872636437416077, 0.5684017539024353, 0.5659008622169495, 0.5633941292762756, 0.5623021125793457, 0.5597723722457886, 0.553680419921875, 0.5535712242126465, 0.5454017519950867, 0.5429245829582214, 0.5368089079856873, 0.5311332941055298, 0.5263273119926453, 0.517206609249115, 0.5007789134979248, 0.4998914897441864, 0.47083520889282227, 0.45531293749809265, 0.45387694239616394, 0.45000016689300537, 0.44989484548568726, 0.4475119113922119, 0.44205430150032043, 0.44155699014663696, 0.43276652693748474, 0.42859745025634766, 0.4249652326107025, 0.4118921160697937]"
variant_F2,train_6bba_t15_p15_crowded,train,6bba_bb9f20c3,15,crowded,0.3,2,66,1,1,1,4.304141582897222,4.304141582897222,0.0,1,0.0,1,0.8750264942646027,"[[22.0, 8.0, 12.0], [16.0, 32.0, 32.0], [29.0, 59.0, 60.0], [29.0, 3.0, 60.0], [22.0, 3.0, 60.0], [30.0, 11.0, 36.0], [29.0, 49.0, 60.0], [31.0, 29.0, 60.0], [29.0, 21.0, 60.0], [31.0, 11.0, 60.0], [30.0, 15.0, 28.0], [27.0, 59.0, 48.0], [27.0, 59.0, 37.0], [21.0, 47.0, 60.0], [31.0, 59.0, 20.0], [31.0, 59.0, 8.0], [18.0, 23.0, 60.0], [27.0, 19.0, 36.0], [31.0, 41.0, 12.0], [31.0, 35.0, 40.0], [31.0, 43.0, 22.0], [31.0, 35.0, 28.0], [5.0, 59.0, 33.0], [22.0, 31.0, 36.0], [22.0, 9.0, 52.0], [22.0, 43.0, 44.0], [19.0, 31.0, 2.0], [7.0, 31.0, 28.0], [8.0, 6.0, 58.0], [22.0, 2.0, 40.0], [12.0, 19.0, 61.0], [12.0, 38.0, 27.0], [1.0, 45.0, 1.0], [18.0, 32.0, 15.0], [3.0, 29.0, 5.0], [6.0, 20.0, 20.0], [7.0, 7.0, 6.0], [16.0, 7.0, 6.0], [3.0, 7.0, 1.0], [15.0, 17.0, 42.0], [17.0, 19.0, 16.0], [22.0, 1.0, 2.0], [10.0, 30.0, 8.0], [14.0, 7.0, 30.0], [4.0, 51.0, 60.0], [2.0, 3.0, 60.0], [8.0, 13.0, 19.0], [2.0, 17.0, 45.0], [2.0, 7.0, 53.0], [4.0, 52.0, 20.0], [8.0, 35.0, 48.0], [1.0, 59.0, 1.0], [15.0, 59.0, 8.0], [10.0, 12.0, 37.0], [0.0, 29.0, 60.0], [2.0, 38.0, 54.0], [9.0, 60.0, 4.0], [2.0, 35.0, 40.0], [9.0, 62.0, 38.0], [1.0, 41.0, 21.0], [12.0, 25.0, 48.0], [8.0, 51.0, 1.0], [19.0, 10.0, 2.0], [8.0, 1.0, 37.0], [9.0, 49.0, 36.0], [2.0, 60.0, 47.0]]","[0.9224027991294861, 0.8276501893997192, 0.7696765661239624, 0.7619603276252747, 0.7562505602836609, 0.7547346353530884, 0.7545582056045532, 0.7538132071495056, 0.7533107399940491, 0.7532958388328552, 0.7511738538742065, 0.7496936321258545, 0.7458394169807434, 0.7451109290122986, 0.7447258830070496, 0.7427855730056763, 0.7358980774879456, 0.7356407046318054, 0.7315744757652283, 0.731313943862915, 0.7303881049156189, 0.7277680039405823, 0.7190577387809753, 0.7182921767234802, 0.7173413634300232, 0.7164085507392883, 0.6906416416168213, 0.6903924345970154, 0.6885591149330139, 0.6870063543319702, 0.6539055109024048, 0.6317169666290283, 0.6182456612586975, 0.6181262135505676, 0.6135251522064209, 0.6075700521469116, 0.6070876121520996, 0.6059664487838745, 0.6042813062667847, 0.588032066822052, 0.5866248607635498, 0.586214005947113, 0.5833282470703125, 0.5820991396903992, 0.5809019207954407, 0.5783793926239014, 0.5738167762756348, 0.5698145031929016, 0.5663644671440125, 0.5638730525970459, 0.5594689846038818, 0.5539042353630066, 0.5491572618484497, 0.5444689393043518, 0.5377151370048523, 0.5089973211288452, 0.5021437406539917, 0.49246272444725037, 0.4896027147769928, 0.48518016934394836, 0.4760132431983948, 0.4709674119949341, 0.46541664004325867, 0.4611554741859436, 0.43705645203590393, 0.40865686535835266]"
variant_F2,train_6bba_t30_p16_crowded,train,6bba_bb9f20c3,30,crowded,0.3,2,85,0,2,2,1.4798434799252893,1.4798434799252893,1.4798434799252893,2,1.4798434799252893,2,0.678955465555191,"[[14.0, 8.0, 15.0], [4.0, 44.0, 49.0], [16.0, 33.0, 35.0], [27.0, 59.0, 60.0], [29.0, 3.0, 60.0], [29.0, 47.0, 60.0], [29.0, 25.0, 60.0], [29.0, 17.0, 60.0], [27.0, 59.0, 48.0], [24.0, 3.0, 60.0], [23.0, 27.0, 60.0], [21.0, 16.0, 60.0], [31.0, 59.0, 52.0], [31.0, 59.0, 33.0], [31.0, 59.0, 22.0], [29.0, 59.0, 2.0], [31.0, 3.0, 12.0], [31.0, 59.0, 10.0], [31.0, 21.0, 52.0], [31.0, 13.0, 40.0], [31.0, 35.0, 10.0], [31.0, 3.0, 48.0], [31.0, 11.0, 48.0], [31.0, 49.0, 40.0], [18.0, 23.0, 61.0], [31.0, 35.0, 44.0], [18.0, 53.0, 60.0], [27.0, 43.0, 52.0], [27.0, 47.0, 2.0], [24.0, 11.0, 50.0], [22.0, 39.0, 44.0], [27.0, 35.0, 24.0], [27.0, 3.0, 38.0], [27.0, 37.0, 34.0], [27.0, 47.0, 12.0], [27.0, 23.0, 38.0], [28.0, 11.0, 22.0], [23.0, 23.0, 16.0], [20.0, 23.0, 28.0], [22.0, 47.0, 20.0], [12.0, 42.0, 40.0], [16.0, 51.0, 4.0], [10.0, 18.0, 34.0], [10.0, 8.0, 53.0], [9.0, 14.0, 5.0], [1.0, 43.0, 1.0], [6.0, 30.0, 22.0], [18.0, 2.0, 27.0], [3.0, 27.0, 1.0], [5.0, 15.0, 1.0], [8.0, 14.0, 22.0], [21.0, 2.0, 2.0], [1.0, 62.0, 51.0], [7.0, 61.0, 53.0], [4.0, 59.0, 5.0], [8.0, 2.0, 42.0], [0.0, 8.0, 59.0], [0.0, 1.0, 60.0], [1.0, 61.0, 1.0], [0.0, 23.0, 39.0], [5.0, 1.0, 30.0], [8.0, 27.0, 3.0], [4.0, 32.0, 42.0], [2.0, 1.0, 34.0], [8.0, 42.0, 34.0], [0.0, 23.0, 52.0], [13.0, 60.0, 42.0], [10.0, 52.0, 7.0], [11.0, 59.0, 4.0], [6.0, 18.0, 48.0], [12.0, 27.0, 52.0], [6.0, 22.0, 61.0], [18.0, 0.0, 6.0], [17.0, 1.0, 41.0], [22.0, 1.0, 12.0], [6.0, 40.0, 2.0], [2.0, 59.0, 19.0], [6.0, 51.0, 34.0], [0.0, 45.0, 61.0], [6.0, 33.0, 60.0], [13.0, 21.0, 42.0], [5.0, 60.0, 29.0], [8.0, 60.0, 35.0], [8.0, 60.0, 21.0], [2.0, 62.0, 35.0]]","[0.9001246094703674, 0.8773200511932373, 0.8431413173675537, 0.7568867802619934, 0.7549118399620056, 0.748028039932251, 0.7445659041404724, 0.7445057034492493, 0.7441874742507935, 0.7393078207969666, 0.7379190921783447, 0.7374707460403442, 0.7353823781013489, 0.7347397208213806, 0.7342208027839661, 0.7303436398506165, 0.7289816737174988, 0.7284197211265564, 0.7271996140480042, 0.7271575927734375, 0.726897656917572, 0.7261237502098083, 0.7255674004554749, 0.7242878675460815, 0.7239020466804504, 0.7238621711730957, 0.7217663526535034, 0.7190039753913879, 0.7189404964447021, 0.718363881111145, 0.7137812972068787, 0.7132928371429443, 0.7131997346878052, 0.7119736075401306, 0.7099106907844543, 0.7090920805931091, 0.7074110507965088, 0.6992485523223877, 0.6979461312294006, 0.6750008463859558, 0.6635550260543823, 0.6591293811798096, 0.650303065776825, 0.638704776763916, 0.628203272819519, 0.6267072558403015, 0.6239234209060669, 0.6209825873374939, 0.6142125725746155, 0.6069349646568298, 0.5865074396133423, 0.5863853693008423, 0.5848924517631531, 0.5838920474052429, 0.5787721872329712, 0.5763184428215027, 0.5760635137557983, 0.5741402506828308, 0.5551706552505493, 0.5501381754875183, 0.5448176860809326, 0.5363668203353882, 0.5339008569717407, 0.531343936920166, 0.5297941565513611, 0.5272655487060547, 0.5233587026596069, 0.5195150971412659, 0.5147696137428284, 0.5090674757957458, 0.505400538444519, 0.49887919425964355, 0.4935474097728729, 0.4889722168445587, 0.4854035973548889, 0.479128360748291, 0.4775888919830322, 0.4598536491394043, 0.45796674489974976, 0.4554566442966461, 0.4296239912509918, 0.42552706599235535, 0.41652628779411316, 0.4018743336200714, 0.3765074908733368]"
variant_F2,train_6bba_t50_p17_crowded,train,6bba_bb9f20c3,50,crowded,0.3,3,60,2,2,2,1.665398275368525,0.9084026158592896,0.8604513079296447,2,0.8604513079296447,2,0.6706374287605286,"[[30.0, 11.0, 60.0], [26.0, 31.0, 60.0], [30.0, 45.0, 60.0], [30.0, 57.0, 60.0], [30.0, 15.0, 24.0], [30.0, 33.0, 52.0], [10.0, 44.0, 29.0], [31.0, 3.0, 6.0], [31.0, 59.0, 8.0], [10.0, 33.0, 51.0], [14.0, 11.0, 31.0], [16.0, 30.0, 33.0], [2.0, 2.0, 60.0], [16.0, 2.0, 60.0], [15.0, 57.0, 49.0], [2.0, 2.0, 50.0], [6.0, 2.0, 60.0], [20.0, 9.0, 28.0], [18.0, 15.0, 3.0], [28.0, 51.0, 29.0], [23.0, 36.0, 15.0], [7.0, 25.0, 57.0], [7.0, 2.0, 2.0], [18.0, 8.0, 46.0], [25.0, 55.0, 23.0], [19.0, 1.0, 18.0], [14.0, 16.0, 54.0], [5.0, 1.0, 18.0], [11.0, 7.0, 2.0], [24.0, 18.0, 14.0], [0.0, 30.0, 60.0], [11.0, 27.0, 2.0], [18.0, 22.0, 18.0], [29.0, 33.0, 2.0], [20.0, 22.0, 46.0], [7.0, 43.0, 2.0], [24.0, 8.0, 43.0], [2.0, 45.0, 60.0], [9.0, 59.0, 1.0], [22.0, 53.0, 8.0], [1.0, 51.0, 1.0], [10.0, 49.0, 58.0], [14.0, 26.0, 16.0], [17.0, 34.0, 5.0], [2.0, 49.0, 37.0], [19.0, 60.0, 31.0], [2.0, 49.0, 29.0], [16.0, 41.0, 1.0], [4.0, 62.0, 54.0], [6.0, 43.0, 16.0], [19.0, 53.0, 16.0], [2.0, 35.0, 16.0], [2.0, 49.0, 16.0], [7.0, 23.0, 25.0], [14.0, 49.0, 40.0], [0.0, 62.0, 53.0], [12.0, 55.0, 30.0], [12.0, 60.0, 19.0], [9.0, 56.0, 45.0], [18.0, 61.0, 2.0]]","[0.8549225926399231, 0.8411357998847961, 0.8384303450584412, 0.8352828621864319, 0.8195369243621826, 0.8173472285270691, 0.800742506980896, 0.7897346615791321, 0.7691388726234436, 0.7663798332214355, 0.7593660950660706, 0.7569682598114014, 0.7313517332077026, 0.7271164655685425, 0.7134870886802673, 0.7081745266914368, 0.7013776898384094, 0.692694902420044, 0.6924348473548889, 0.6850631237030029, 0.6848461627960205, 0.667515218257904, 0.6646161079406738, 0.6579039096832275, 0.6548253297805786, 0.6519318222999573, 0.6513919830322266, 0.649023711681366, 0.6488462090492249, 0.6486917734146118, 0.6426963806152344, 0.6346530318260193, 0.6308934688568115, 0.627980649471283, 0.6221755146980286, 0.6211016178131104, 0.6168293952941895, 0.6167201399803162, 0.6029999852180481, 0.6012340784072876, 0.5947718024253845, 0.5946294665336609, 0.5903127193450928, 0.5782629251480103, 0.5749521255493164, 0.5700978636741638, 0.553961992263794, 0.552520751953125, 0.5450430512428284, 0.5447344183921814, 0.541331946849823, 0.5346622467041016, 0.5296300053596497, 0.5251961350440979, 0.5247979760169983, 0.4726852476596832, 0.45401301980018616, 0.44393283128738403, 0.40616756677627563, 0.4058893620967865]"
variant_F2,train_6bba_t55_p18_crowded,train,6bba_bb9f20c3,55,crowded,0.3,2,89,0,0,1,2.818152979887559,2.818152979887559,,0,2.0714766773970688,1,0.7921217679977417,"[[4.0, 9.0, 56.0], [11.0, 57.0, 37.0], [6.0, 32.0, 22.0], [25.0, 3.0, 60.0], [27.0, 45.0, 60.0], [27.0, 35.0, 60.0], [25.0, 23.0, 60.0], [29.0, 58.0, 60.0], [27.0, 3.0, 2.0], [27.0, 3.0, 46.0], [31.0, 59.0, 44.0], [31.0, 59.0, 32.0], [27.0, 59.0, 46.0], [27.0, 3.0, 10.0], [31.0, 59.0, 22.0], [27.0, 3.0, 20.0], [31.0, 59.0, 10.0], [31.0, 49.0, 28.0], [31.0, 27.0, 10.0], [29.0, 3.0, 34.0], [31.0, 19.0, 28.0], [31.0, 11.0, 52.0], [31.0, 47.0, 16.0], [31.0, 47.0, 36.0], [31.0, 15.0, 20.0], [29.0, 60.0, 2.0], [31.0, 39.0, 24.0], [31.0, 11.0, 30.0], [27.0, 59.0, 34.0], [29.0, 47.0, 2.0], [27.0, 23.0, 48.0], [31.0, 27.0, 40.0], [27.0, 35.0, 52.0], [27.0, 35.0, 2.0], [31.0, 31.0, 32.0], [27.0, 59.0, 16.0], [27.0, 11.0, 50.0], [23.0, 23.0, 50.0], [27.0, 39.0, 40.0], [27.0, 47.0, 38.0], [27.0, 47.0, 24.0], [24.0, 19.0, 22.0], [27.0, 11.0, 10.0], [27.0, 29.0, 18.0], [18.0, 21.0, 60.0], [18.0, 9.0, 14.0], [22.0, 1.0, 16.0], [24.0, 3.0, 34.0], [7.0, 5.0, 31.0], [16.0, 2.0, 60.0], [16.0, 7.0, 23.0], [12.0, 56.0, 8.0], [18.0, 49.0, 20.0], [14.0, 43.0, 60.0], [4.0, 22.0, 14.0], [18.0, 46.0, 35.0], [12.0, 35.0, 33.0], [12.0, 48.0, 26.0], [3.0, 60.0, 8.0], [18.0, 2.0, 2.0], [3.0, 5.0, 1.0], [1.0, 15.0, 1.0], [13.0, 25.0, 34.0], [1.0, 45.0, 1.0], [3.0, 39.0, 38.0], [4.0, 53.0, 48.0], [10.0, 15.0, 40.0], [12.0, 2.0, 39.0], [4.0, 0.0, 48.0], [14.0, 39.0, 1.0], [10.0, 19.0, 6.0], [7.0, 62.0, 26.0], [3.0, 62.0, 56.0], [6.0, 1.0, 16.0], [14.0, 10.0, 4.0], [16.0, 62.0, 37.0], [1.0, 58.0, 48.0], [2.0, 1.0, 38.0], [6.0, 30.0, 54.0], [10.0, 7.0, 19.0], [2.0, 26.0, 30.0], [10.0, 8.0, 3.0], [1.0, 22.0, 50.0], [2.0, 10.0, 44.0], [10.0, 0.0, 1.0], [12.0, 61.0, 23.0], [5.0, 41.0, 63.0], [2.0, 42.0, 63.0], [0.0, 63.0, 20.0]]","[0.9546241760253906, 0.8640592694282532, 0.7714532017707825, 0.748425304889679, 0.7389140129089355, 0.7374712824821472, 0.7370399236679077, 0.7359678149223328, 0.7359514832496643, 0.7234761714935303, 0.7231284379959106, 0.720940351486206, 0.7209036350250244, 0.7201480269432068, 0.7200093269348145, 0.7196475863456726, 0.7192093729972839, 0.7185251712799072, 0.7185150980949402, 0.7177650928497314, 0.7174400687217712, 0.7174381613731384, 0.7172356247901917, 0.7168592214584351, 0.716653048992157, 0.7162328958511353, 0.7160536050796509, 0.7160114049911499, 0.715833306312561, 0.7155963182449341, 0.7151118516921997, 0.7150658965110779, 0.7150161266326904, 0.7148792743682861, 0.7143764495849609, 0.7140447497367859, 0.7129919528961182, 0.7121945023536682, 0.7112746238708496, 0.709968090057373, 0.7095468640327454, 0.7094131112098694, 0.7058617472648621, 0.7048495411872864, 0.6999610662460327, 0.6953655481338501, 0.6926289796829224, 0.6844568848609924, 0.6819895505905151, 0.673424482345581, 0.6731044054031372, 0.6704689860343933, 0.6678346395492554, 0.66641765832901, 0.6550337672233582, 0.652400016784668, 0.6296193599700928, 0.6240828037261963, 0.6182864904403687, 0.6175583600997925, 0.6172059774398804, 0.6124547123908997, 0.5904680490493774, 0.5808225274085999, 0.5710741281509399, 0.5640296936035156, 0.5587470531463623, 0.5546375513076782, 0.5336042046546936, 0.5249106884002686, 0.5098851919174194, 0.5054805278778076, 0.5008544325828552, 0.498346209526062, 0.49794188141822815, 0.4900200366973877, 0.4891207218170166, 0.48079028725624084, 0.4790436029434204, 0.47309446334838867, 0.47305262088775635, 0.4597797393798828, 0.4550284147262573, 0.4350033402442932, 0.41796526312828064, 0.4091266989707947, 0.4057732820510864, 0.39907824993133545, 0.3892630636692047]"
variant_F2,train_6bba_t45_p19_crowded,train,6bba_bb9f20c3,45,crowded,0.3,2,81,2,2,2,0.4903871298570349,0.4903871298570349,0.4903871298570349,2,0.4903871298570349,2,0.7237659096717834,"[[5.0, 13.0, 17.0], [25.0, 59.0, 60.0], [29.0, 3.0, 60.0], [21.0, 3.0, 60.0], [25.0, 3.0, 2.0], [25.0, 43.0, 60.0], [27.0, 13.0, 60.0], [27.0, 33.0, 60.0], [29.0, 23.0, 60.0], [21.0, 13.0, 60.0], [23.0, 32.0, 60.0], [27.0, 59.0, 50.0], [23.0, 59.0, 49.0], [21.0, 60.0, 42.0], [31.0, 59.0, 42.0], [29.0, 19.0, 2.0], [18.0, 11.0, 30.0], [26.0, 47.0, 38.0], [31.0, 11.0, 10.0], [31.0, 19.0, 12.0], [14.0, 31.0, 60.0], [31.0, 11.0, 30.0], [29.0, 3.0, 18.0], [31.0, 35.0, 12.0], [31.0, 3.0, 42.0], [31.0, 59.0, 18.0], [31.0, 31.0, 34.0], [27.0, 59.0, 2.0], [31.0, 47.0, 22.0], [31.0, 23.0, 42.0], [31.0, 49.0, 48.0], [31.0, 47.0, 38.0], [31.0, 59.0, 10.0], [26.0, 3.0, 42.0], [27.0, 52.0, 2.0], [21.0, 47.0, 50.0], [24.0, 2.0, 24.0], [26.0, 15.0, 40.0], [26.0, 27.0, 48.0], [27.0, 50.0, 50.0], [14.0, 21.0, 60.0], [1.0, 40.0, 17.0], [8.0, 52.0, 60.0], [26.0, 22.0, 14.0], [28.0, 35.0, 25.0], [2.0, 26.0, 34.0], [10.0, 9.0, 60.0], [22.0, 27.0, 13.0], [13.0, 59.0, 34.0], [13.0, 46.0, 43.0], [8.0, 23.0, 43.0], [5.0, 43.0, 52.0], [20.0, 31.0, 22.0], [2.0, 47.0, 56.0], [8.0, 56.0, 49.0], [4.0, 2.0, 6.0], [10.0, 7.0, 5.0], [14.0, 10.0, 22.0], [1.0, 8.0, 36.0], [12.0, 46.0, 6.0], [8.0, 47.0, 12.0], [10.0, 60.0, 7.0], [1.0, 60.0, 3.0], [10.0, 53.0, 20.0], [8.0, 7.0, 18.0], [15.0, 39.0, 1.0], [14.0, 9.0, 8.0], [11.0, 29.0, 21.0], [10.0, 19.0, 8.0], [17.0, 31.0, 1.0], [1.0, 58.0, 35.0], [10.0, 13.0, 30.0], [4.0, 18.0, 61.0], [6.0, 0.0, 46.0], [10.0, 3.0, 38.0], [1.0, 52.0, 3.0], [6.0, 31.0, 3.0], [1.0, 28.0, 2.0], [0.0, 0.0, 54.0], [0.0, 0.0, 62.0], [4.0, 0.0, 32.0]]","[0.815944254398346, 0.7605908513069153, 0.755144476890564, 0.7537134885787964, 0.7520743012428284, 0.75177001953125, 0.7499127984046936, 0.7489349246025085, 0.7463948130607605, 0.7451881170272827, 0.7436507344245911, 0.7406123280525208, 0.7346063256263733, 0.7333179712295532, 0.7326050400733948, 0.7315143942832947, 0.7262274026870728, 0.7256866097450256, 0.7253293395042419, 0.7253061532974243, 0.7249596118927002, 0.7246717214584351, 0.7240986227989197, 0.7240667939186096, 0.7234500646591187, 0.7231433391571045, 0.7231138944625854, 0.7230164408683777, 0.7225080132484436, 0.7221882343292236, 0.7219184041023254, 0.7214565277099609, 0.7211230993270874, 0.7209150791168213, 0.7205552458763123, 0.7174855470657349, 0.7164387106895447, 0.7147946357727051, 0.7145417928695679, 0.7132822275161743, 0.7063417434692383, 0.7056863307952881, 0.7054018974304199, 0.7016193866729736, 0.6946394443511963, 0.6820892691612244, 0.6797389388084412, 0.6699110269546509, 0.6646199226379395, 0.6510595679283142, 0.6469059586524963, 0.6449251174926758, 0.631587564945221, 0.6212230920791626, 0.6137486100196838, 0.6127288341522217, 0.6083264946937561, 0.6042748093605042, 0.5986003279685974, 0.5866714119911194, 0.5866491198539734, 0.581170916557312, 0.5776321291923523, 0.566391110420227, 0.5663084983825684, 0.5635026693344116, 0.5633325576782227, 0.559171199798584, 0.5584495067596436, 0.5540460348129272, 0.5462746620178223, 0.5351651906967163, 0.5297651290893555, 0.5167123079299927, 0.5093209743499756, 0.4980524778366089, 0.47001296281814575, 0.46690496802330017, 0.4432607591152191, 0.43776780366897583, 0.4239635765552521]"
variant_F2,train_6bba_t15_p20_crowded,train,6bba_bb9f20c3,15,crowded,0.3,2,59,1,1,1,3.1326354113144914,3.1326354113144914,0.40625,1,0.40625,1,0.8213622868061066,"[[14.0, 32.0, 33.0], [22.0, 31.0, 29.0], [12.0, 13.0, 45.0], [30.0, 57.0, 60.0], [30.0, 13.0, 60.0], [30.0, 39.0, 48.0], [30.0, 3.0, 48.0], [24.0, 15.0, 10.0], [27.0, 37.0, 60.0], [26.0, 17.0, 60.0], [30.0, 11.0, 48.0], [28.0, 11.0, 20.0], [15.0, 55.0, 19.0], [31.0, 51.0, 36.0], [22.0, 33.0, 61.0], [26.0, 3.0, 48.0], [25.0, 35.0, 50.0], [24.0, 17.0, 50.0], [30.0, 29.0, 12.0], [27.0, 59.0, 16.0], [20.0, 39.0, 50.0], [31.0, 18.0, 2.0], [9.0, 2.0, 2.0], [31.0, 2.0, 2.0], [20.0, 20.0, 22.0], [9.0, 2.0, 34.0], [7.0, 22.0, 60.0], [7.0, 1.0, 60.0], [28.0, 2.0, 8.0], [2.0, 25.0, 60.0], [14.0, 24.0, 56.0], [2.0, 1.0, 24.0], [8.0, 41.0, 41.0], [7.0, 23.0, 2.0], [24.0, 59.0, 46.0], [9.0, 39.0, 6.0], [10.0, 48.0, 56.0], [9.0, 22.0, 22.0], [2.0, 1.0, 48.0], [3.0, 55.0, 1.0], [17.0, 15.0, 54.0], [12.0, 38.0, 58.0], [2.0, 13.0, 47.0], [2.0, 20.0, 37.0], [2.0, 47.0, 32.0], [15.0, 16.0, 6.0], [20.0, 52.0, 35.0], [6.0, 58.0, 26.0], [15.0, 39.0, 1.0], [13.0, 53.0, 6.0], [16.0, 49.0, 1.0], [9.0, 60.0, 37.0], [10.0, 52.0, 23.0], [9.0, 60.0, 18.0], [9.0, 42.0, 24.0], [13.0, 60.0, 44.0], [19.0, 21.0, 1.0], [14.0, 52.0, 43.0], [18.0, 0.0, 1.0]]","[0.9178027510643005, 0.8893612027168274, 0.868826150894165, 0.8404218554496765, 0.8262694478034973, 0.8157945871353149, 0.8137601017951965, 0.8135179281234741, 0.8105778098106384, 0.8103638887405396, 0.8099368214607239, 0.7986356616020203, 0.7979720830917358, 0.7955518960952759, 0.7887866497039795, 0.7868332862854004, 0.7815865874290466, 0.7747684717178345, 0.7474796175956726, 0.7412878274917603, 0.7249218225479126, 0.722990095615387, 0.7144071459770203, 0.7137539982795715, 0.7007598280906677, 0.6965845227241516, 0.6886422038078308, 0.6861653327941895, 0.6843128204345703, 0.6646102070808411, 0.6645323038101196, 0.6642056703567505, 0.6624643206596375, 0.6514167189598083, 0.6353445649147034, 0.6303769946098328, 0.6271560788154602, 0.6264559030532837, 0.6187019348144531, 0.6178457736968994, 0.6125702261924744, 0.5896037817001343, 0.5738158226013184, 0.572918713092804, 0.5678490996360779, 0.5658599138259888, 0.5637532472610474, 0.5610766410827637, 0.5158017873764038, 0.512408971786499, 0.5086857080459595, 0.49658095836639404, 0.4742911756038666, 0.469632625579834, 0.4541691541671753, 0.4354386627674103, 0.42803192138671875, 0.4269711673259735, 0.4240509569644928]"
variant_F2,train_6bba_t30_p21_crowded,train,6bba_bb9f20c3,30,crowded,0.3,3,71,0,1,1,4.991330163477888,6.2541392543258905,1.625,1,1.625,1,0.6757542490959167,"[[14.0, 43.0, 55.0], [30.0, 9.0, 60.0], [29.0, 59.0, 60.0], [30.0, 48.0, 60.0], [26.0, 29.0, 60.0], [30.0, 36.0, 60.0], [30.0, 3.0, 52.0], [30.0, 11.0, 50.0], [20.0, 39.0, 60.0], [20.0, 47.0, 60.0], [31.0, 3.0, 38.0], [31.0, 59.0, 47.0], [31.0, 59.0, 39.0], [30.0, 27.0, 30.0], [30.0, 37.0, 50.0], [8.0, 28.0, 50.0], [30.0, 47.0, 51.0], [30.0, 27.0, 51.0], [26.0, 27.0, 48.0], [24.0, 35.0, 48.0], [27.0, 31.0, 36.0], [22.0, 3.0, 60.0], [30.0, 51.0, 24.0], [12.0, 33.0, 20.0], [26.0, 9.0, 16.0], [31.0, 59.0, 19.0], [31.0, 13.0, 9.0], [9.0, 58.0, 33.0], [22.0, 18.0, 16.0], [22.0, 39.0, 8.0], [20.0, 42.0, 24.0], [18.0, 7.0, 45.0], [17.0, 2.0, 2.0], [15.0, 49.0, 28.0], [17.0, 27.0, 2.0], [4.0, 41.0, 30.0], [16.0, 13.0, 2.0], [4.0, 54.0, 48.0], [6.0, 10.0, 53.0], [7.0, 3.0, 1.0], [19.0, 59.0, 39.0], [17.0, 52.0, 9.0], [1.0, 55.0, 1.0], [18.0, 7.0, 22.0], [14.0, 19.0, 47.0], [5.0, 33.0, 1.0], [12.0, 4.0, 54.0], [10.0, 18.0, 8.0], [6.0, 7.0, 23.0], [1.0, 17.0, 5.0], [11.0, 29.0, 60.0], [12.0, 14.0, 31.0], [9.0, 1.0, 32.0], [22.0, 13.0, 3.0], [3.0, 22.0, 37.0], [24.0, 60.0, 14.0], [5.0, 62.0, 57.0], [18.0, 16.0, 17.0], [9.0, 48.0, 5.0], [1.0, 50.0, 16.0], [1.0, 60.0, 21.0], [2.0, 26.0, 18.0], [6.0, 45.0, 62.0], [1.0, 39.0, 60.0], [11.0, 58.0, 45.0], [5.0, 38.0, 63.0], [6.0, 28.0, 18.0], [1.0, 35.0, 48.0], [7.0, 22.0, 63.0], [4.0, 0.0, 62.0], [8.0, 60.0, 63.0]]","[0.8304745554924011, 0.8109310269355774, 0.8108808398246765, 0.800973117351532, 0.8008338212966919, 0.798401951789856, 0.7963355183601379, 0.7928041219711304, 0.7927470207214355, 0.7874107956886292, 0.7870739102363586, 0.7836515307426453, 0.7836008071899414, 0.7835323810577393, 0.7811983823776245, 0.7805554866790771, 0.7804622650146484, 0.7798675894737244, 0.7797784209251404, 0.7792983055114746, 0.7739913463592529, 0.772619903087616, 0.7724850177764893, 0.7704449892044067, 0.767530620098114, 0.7654034495353699, 0.7595036029815674, 0.75935959815979, 0.7377049922943115, 0.7290026545524597, 0.7145870923995972, 0.7108896970748901, 0.6845515370368958, 0.6793688535690308, 0.6612755656242371, 0.6504426598548889, 0.6473808288574219, 0.6444018483161926, 0.640899121761322, 0.6384453177452087, 0.6339548826217651, 0.633606493473053, 0.6262486577033997, 0.6240980625152588, 0.6199572682380676, 0.6130076050758362, 0.6093517541885376, 0.6034332513809204, 0.6022254824638367, 0.6004577279090881, 0.5997052788734436, 0.5996276140213013, 0.591002345085144, 0.5885342955589294, 0.5778485536575317, 0.5774708390235901, 0.5613581538200378, 0.5121386051177979, 0.4879443347454071, 0.48419904708862305, 0.46879613399505615, 0.46438124775886536, 0.4579046964645386, 0.4479324221611023, 0.44451698660850525, 0.4443044364452362, 0.43081557750701904, 0.429090291261673, 0.42189842462539673, 0.42074692249298096, 0.40604308247566223]"
variant_F2,train_6bba_t50_p22_crowded,train,6bba_bb9f20c3,50,crowded,0.3,2,62,1,1,2,1.4072912811497127,1.4072912811497127,0.0,1,1.4072912811497127,2,0.6571489125490189,"[[16.0, 32.0, 16.0], [25.0, 60.0, 60.0], [30.0, 3.0, 60.0], [30.0, 57.0, 60.0], [26.0, 31.0, 60.0], [30.0, 33.0, 60.0], [18.0, 47.0, 60.0], [8.0, 50.0, 56.0], [14.0, 21.0, 51.0], [20.0, 5.0, 60.0], [23.0, 61.0, 26.0], [26.0, 11.0, 50.0], [18.0, 9.0, 25.0], [30.0, 59.0, 9.0], [24.0, 59.0, 11.0], [12.0, 46.0, 36.0], [24.0, 44.0, 2.0], [22.0, 9.0, 40.0], [2.0, 2.0, 60.0], [31.0, 2.0, 2.0], [12.0, 2.0, 52.0], [24.0, 23.0, 10.0], [25.0, 1.0, 32.0], [23.0, 21.0, 30.0], [2.0, 33.0, 60.0], [15.0, 2.0, 14.0], [25.0, 35.0, 21.0], [16.0, 9.0, 10.0], [2.0, 23.0, 60.0], [17.0, 2.0, 2.0], [15.0, 20.0, 2.0], [11.0, 1.0, 26.0], [18.0, 23.0, 49.0], [25.0, 9.0, 12.0], [13.0, 55.0, 14.0], [12.0, 45.0, 2.0], [2.0, 46.0, 40.0], [2.0, 46.0, 53.0], [7.0, 7.0, 5.0], [3.0, 7.0, 2.0], [5.0, 15.0, 4.0], [6.0, 49.0, 29.0], [8.0, 15.0, 16.0], [1.0, 19.0, 1.0], [1.0, 29.0, 1.0], [8.0, 40.0, 46.0], [1.0, 57.0, 1.0], [1.0, 39.0, 1.0], [10.0, 38.0, 26.0], [5.0, 45.0, 6.0], [5.0, 55.0, 6.0], [11.0, 19.0, 39.0], [7.0, 38.0, 29.0], [28.0, 13.0, 23.0], [2.0, 19.0, 16.0], [2.0, 47.0, 18.0], [2.0, 35.0, 16.0], [13.0, 62.0, 37.0], [7.0, 22.0, 37.0], [30.0, 15.0, 34.0], [30.0, 27.0, 34.0], [14.0, 9.0, 61.0]]","[0.8469554781913757, 0.8456761837005615, 0.8447979688644409, 0.8442957997322083, 0.8388898968696594, 0.8322515487670898, 0.8248670101165771, 0.810761034488678, 0.7998642325401306, 0.7959761023521423, 0.7937569618225098, 0.7933016419410706, 0.791828989982605, 0.791462242603302, 0.7800624966621399, 0.7586315870285034, 0.7483499050140381, 0.7230395674705505, 0.7145620584487915, 0.7064439058303833, 0.7037623524665833, 0.6982288956642151, 0.6970710754394531, 0.6940717101097107, 0.6924554705619812, 0.6819525361061096, 0.6797306537628174, 0.6767446398735046, 0.6765751242637634, 0.6646459698677063, 0.6603929400444031, 0.649671733379364, 0.6446037888526917, 0.6392315626144409, 0.6309510469436646, 0.6280298233032227, 0.6207120418548584, 0.6182062029838562, 0.6136489510536194, 0.603894829750061, 0.6002764701843262, 0.5955141186714172, 0.5909640192985535, 0.5874024033546448, 0.584887683391571, 0.5811862945556641, 0.578186571598053, 0.575726330280304, 0.5753997564315796, 0.5749207735061646, 0.5626246333122253, 0.545734167098999, 0.5341538190841675, 0.5272169709205627, 0.5173786282539368, 0.5045743584632874, 0.4983955919742584, 0.48549872636795044, 0.48185279965400696, 0.4712795317173004, 0.467342346906662, 0.4529493749141693]"
variant_F2,train_6bba_t10_p23_crowded,train,6bba_bb9f20c3,10,crowded,0.3,3,69,3,3,3,0.6858170450958098,0.5745242597140698,0.6858170450958098,3,0.6858170450958098,3,0.7459509968757629,"[[26.0, 15.0, 24.0], [30.0, 29.0, 60.0], [30.0, 9.0, 60.0], [30.0, 59.0, 60.0], [7.0, 36.0, 36.0], [30.0, 3.0, 52.0], [22.0, 22.0, 60.0], [30.0, 11.0, 52.0], [29.0, 60.0, 48.0], [31.0, 59.0, 33.0], [30.0, 49.0, 50.0], [16.0, 31.0, 27.0], [16.0, 49.0, 60.0], [15.0, 55.0, 32.0], [31.0, 30.0, 2.0], [20.0, 11.0, 40.0], [16.0, 11.0, 60.0], [28.0, 45.0, 15.0], [2.0, 20.0, 58.0], [11.0, 59.0, 60.0], [26.0, 1.0, 6.0], [10.0, 41.0, 49.0], [20.0, 43.0, 40.0], [26.0, 34.0, 2.0], [2.0, 1.0, 60.0], [23.0, 60.0, 13.0], [20.0, 47.0, 28.0], [9.0, 15.0, 37.0], [4.0, 47.0, 47.0], [7.0, 1.0, 52.0], [22.0, 39.0, 61.0], [14.0, 22.0, 27.0], [12.0, 1.0, 46.0], [5.0, 1.0, 34.0], [7.0, 55.0, 19.0], [3.0, 9.0, 2.0], [5.0, 31.0, 2.0], [5.0, 19.0, 1.0], [6.0, 11.0, 60.0], [18.0, 60.0, 4.0], [22.0, 9.0, 7.0], [14.0, 49.0, 16.0], [16.0, 11.0, 4.0], [13.0, 59.0, 1.0], [18.0, 43.0, 8.0], [11.0, 1.0, 20.0], [16.0, 31.0, 53.0], [19.0, 1.0, 2.0], [19.0, 25.0, 2.0], [12.0, 23.0, 48.0], [2.0, 22.0, 30.0], [10.0, 30.0, 16.0], [2.0, 11.0, 17.0], [10.0, 15.0, 3.0], [6.0, 46.0, 6.0], [16.0, 31.0, 8.0], [6.0, 21.0, 17.0], [1.0, 59.0, 20.0], [2.0, 17.0, 44.0], [10.0, 59.0, 42.0], [20.0, 18.0, 18.0], [1.0, 55.0, 5.0], [19.0, 1.0, 20.0], [1.0, 48.0, 34.0], [1.0, 41.0, 22.0], [8.0, 31.0, 61.0], [1.0, 60.0, 40.0], [7.0, 23.0, 48.0], [0.0, 45.0, 60.0]]","[0.8661594390869141, 0.8615479469299316, 0.8550593256950378, 0.8544750213623047, 0.8404226303100586, 0.8388923406600952, 0.8364274501800537, 0.8354235291481018, 0.8304569125175476, 0.822577714920044, 0.8221885561943054, 0.8220406174659729, 0.80243319272995, 0.7938910126686096, 0.7717882394790649, 0.7692006826400757, 0.7683417201042175, 0.753733217716217, 0.7494722008705139, 0.7479342818260193, 0.7377618551254272, 0.7363672256469727, 0.7265182733535767, 0.7221726775169373, 0.7205114364624023, 0.7201375961303711, 0.7158452272415161, 0.7064325213432312, 0.6956747770309448, 0.6897900700569153, 0.6876549124717712, 0.6865120530128479, 0.6792675852775574, 0.6677736043930054, 0.6616166234016418, 0.6509861946105957, 0.6484963893890381, 0.6447857022285461, 0.6431595683097839, 0.6405516266822815, 0.6371537446975708, 0.6366297602653503, 0.6362494230270386, 0.6322833895683289, 0.6291133165359497, 0.6268346905708313, 0.6124774217605591, 0.6087591648101807, 0.608305037021637, 0.6057966351509094, 0.6012726426124573, 0.5844820737838745, 0.5820537805557251, 0.5800245404243469, 0.5799118876457214, 0.5765766501426697, 0.5663891434669495, 0.5657939910888672, 0.5655215382575989, 0.5512301325798035, 0.535016655921936, 0.5276286602020264, 0.5267947912216187, 0.5084474086761475, 0.5080609321594238, 0.49013376235961914, 0.4769016206264496, 0.4272539019584656, 0.4072156548500061]"
variant_F2,train_6bba_t10_p24_crowded,train,6bba_bb9f20c3,10,crowded,0.3,2,69,2,2,2,0.4903871298570349,0.4903871298570349,0.4903871298570349,2,0.4903871298570349,2,0.7214425206184387,"[[4.0, 32.0, 58.0], [16.0, 31.0, 33.0], [30.0, 39.0, 60.0], [30.0, 3.0, 60.0], [30.0, 3.0, 44.0], [26.0, 7.0, 60.0], [30.0, 29.0, 48.0], [30.0, 57.0, 60.0], [25.0, 27.0, 60.0], [30.0, 3.0, 2.0], [30.0, 3.0, 11.0], [31.0, 51.0, 24.0], [20.0, 37.0, 61.0], [26.0, 9.0, 12.0], [20.0, 15.0, 7.0], [11.0, 24.0, 44.0], [31.0, 36.0, 2.0], [15.0, 58.0, 34.0], [7.0, 59.0, 11.0], [18.0, 44.0, 4.0], [2.0, 11.0, 60.0], [13.0, 2.0, 2.0], [12.0, 7.0, 21.0], [5.0, 2.0, 2.0], [3.0, 2.0, 52.0], [26.0, 39.0, 1.0], [21.0, 47.0, 20.0], [2.0, 2.0, 2.0], [3.0, 1.0, 44.0], [14.0, 1.0, 44.0], [17.0, 1.0, 44.0], [3.0, 43.0, 5.0], [23.0, 59.0, 35.0], [5.0, 44.0, 37.0], [16.0, 19.0, 52.0], [10.0, 1.0, 42.0], [16.0, 14.0, 43.0], [22.0, 41.0, 1.0], [16.0, 1.0, 16.0], [17.0, 31.0, 2.0], [22.0, 29.0, 22.0], [14.0, 18.0, 25.0], [15.0, 29.0, 54.0], [3.0, 25.0, 1.0], [14.0, 49.0, 24.0], [7.0, 18.0, 2.0], [2.0, 12.0, 28.0], [18.0, 1.0, 27.0], [10.0, 34.0, 10.0], [20.0, 5.0, 57.0], [13.0, 59.0, 1.0], [7.0, 13.0, 32.0], [10.0, 1.0, 61.0], [0.0, 24.0, 37.0], [21.0, 62.0, 4.0], [12.0, 38.0, 52.0], [4.0, 34.0, 26.0], [8.0, 17.0, 47.0], [7.0, 62.0, 57.0], [6.0, 55.0, 53.0], [8.0, 57.0, 46.0], [2.0, 52.0, 56.0], [1.0, 59.0, 29.0], [5.0, 45.0, 60.0], [0.0, 27.0, 23.0], [11.0, 34.0, 29.0], [1.0, 62.0, 18.0], [0.0, 47.0, 35.0], [2.0, 61.0, 63.0]]","[0.8771355748176575, 0.870810329914093, 0.8329921960830688, 0.8317007422447205, 0.8286664485931396, 0.8214073777198792, 0.8149781227111816, 0.8062797784805298, 0.8061118125915527, 0.8031058311462402, 0.7938072085380554, 0.7925359010696411, 0.7826748490333557, 0.7666140198707581, 0.7268198132514954, 0.7267727851867676, 0.7227679491043091, 0.717295229434967, 0.7130054831504822, 0.7081140279769897, 0.7079455256462097, 0.6913917064666748, 0.6882693767547607, 0.6869614124298096, 0.6868387460708618, 0.6867842674255371, 0.6834210157394409, 0.6833986639976501, 0.6804983019828796, 0.6746381521224976, 0.6734459400177002, 0.6576188206672668, 0.6537389755249023, 0.645354688167572, 0.6451511979103088, 0.6412988901138306, 0.6412573456764221, 0.6337543725967407, 0.6258810758590698, 0.6235037446022034, 0.6194965839385986, 0.6187771558761597, 0.615174412727356, 0.6148743033409119, 0.6138118505477905, 0.606242299079895, 0.5986376404762268, 0.585649311542511, 0.5847113132476807, 0.5831798911094666, 0.5815795660018921, 0.5766478776931763, 0.5720747113227844, 0.5682604312896729, 0.5668089985847473, 0.5604175329208374, 0.5529349446296692, 0.5520331859588623, 0.536321759223938, 0.5273098349571228, 0.5242766737937927, 0.5127111077308655, 0.5103304386138916, 0.5096836090087891, 0.49857351183891296, 0.4692578911781311, 0.4675995111465454, 0.4392673969268799, 0.42466405034065247]"
variant_F2,train_6bba_t10_p25_isolated,train,6bba_bb9f20c3,10,isolated,0.3,1,79,1,1,1,0.0,0.0,0.0,1,0.0,1,0.8628365397453308,"[[10.0, 18.0, 8.0], [18.0, 43.0, 27.0], [7.0, 32.0, 32.0], [6.0, 41.0, 20.0], [14.0, 50.0, 18.0], [29.0, 59.0, 60.0], [29.0, 3.0, 60.0], [29.0, 11.0, 60.0], [29.0, 23.0, 60.0], [29.0, 45.0, 60.0], [31.0, 59.0, 37.0], [22.0, 15.0, 60.0], [31.0, 59.0, 26.0], [29.0, 3.0, 52.0], [27.0, 60.0, 30.0], [29.0, 3.0, 38.0], [20.0, 30.0, 60.0], [31.0, 59.0, 18.0], [31.0, 59.0, 9.0], [27.0, 11.0, 48.0], [27.0, 59.0, 20.0], [20.0, 43.0, 60.0], [31.0, 47.0, 16.0], [31.0, 19.0, 36.0], [31.0, 41.0, 32.0], [31.0, 19.0, 24.0], [31.0, 27.0, 18.0], [29.0, 2.0, 2.0], [27.0, 47.0, 16.0], [31.0, 3.0, 22.0], [27.0, 39.0, 52.0], [31.0, 35.0, 12.0], [27.0, 39.0, 20.0], [31.0, 19.0, 8.0], [27.0, 47.0, 52.0], [24.0, 47.0, 38.0], [5.0, 32.0, 53.0], [3.0, 59.0, 4.0], [8.0, 11.0, 61.0], [22.0, 27.0, 24.0], [16.0, 8.0, 50.0], [6.0, 20.0, 24.0], [22.0, 1.0, 48.0], [3.0, 25.0, 1.0], [5.0, 7.0, 2.0], [6.0, 24.0, 44.0], [10.0, 34.0, 10.0], [9.0, 1.0, 2.0], [4.0, 30.0, 14.0], [6.0, 56.0, 46.0], [10.0, 1.0, 16.0], [16.0, 27.0, 48.0], [4.0, 1.0, 23.0], [15.0, 7.0, 1.0], [1.0, 35.0, 29.0], [15.0, 30.0, 1.0], [12.0, 42.0, 6.0], [16.0, 13.0, 9.0], [10.0, 41.0, 48.0], [11.0, 58.0, 6.0], [2.0, 44.0, 54.0], [4.0, 9.0, 36.0], [12.0, 51.0, 34.0], [3.0, 53.0, 61.0], [8.0, 2.0, 54.0], [4.0, 60.0, 60.0], [0.0, 7.0, 54.0], [6.0, 1.0, 47.0], [2.0, 5.0, 45.0], [7.0, 60.0, 3.0], [4.0, 1.0, 57.0], [2.0, 58.0, 22.0], [9.0, 49.0, 26.0], [2.0, 60.0, 51.0], [0.0, 33.0, 49.0], [11.0, 7.0, 36.0], [7.0, 60.0, 28.0], [1.0, 48.0, 29.0], [7.0, 45.0, 58.0]]","[0.8737786412239075, 0.8705256581306458, 0.8628365397453308, 0.8450796604156494, 0.7935504913330078, 0.7625372409820557, 0.7561712265014648, 0.7543452978134155, 0.7534897923469543, 0.750317394733429, 0.7423750758171082, 0.7398114204406738, 0.7384594082832336, 0.738099992275238, 0.7377275824546814, 0.7370791435241699, 0.7367225289344788, 0.7363730669021606, 0.7342080473899841, 0.7340903282165527, 0.7329680323600769, 0.7322996258735657, 0.7316089868545532, 0.731461763381958, 0.731230616569519, 0.7301890254020691, 0.7299624681472778, 0.7298210263252258, 0.7287411689758301, 0.7287110686302185, 0.7285217046737671, 0.7282588481903076, 0.7275871634483337, 0.7270871996879578, 0.7250071167945862, 0.7138025760650635, 0.7090083956718445, 0.6949189305305481, 0.6947875618934631, 0.6829720735549927, 0.6787904500961304, 0.6595099568367004, 0.6552652716636658, 0.6330974102020264, 0.6259156465530396, 0.6245695352554321, 0.6233323812484741, 0.6186909675598145, 0.6102608442306519, 0.6032654643058777, 0.5865563750267029, 0.5796912908554077, 0.5788952708244324, 0.5776757597923279, 0.5643265247344971, 0.5634350180625916, 0.5585647225379944, 0.5526027679443359, 0.5447763800621033, 0.5420897006988525, 0.5241827368736267, 0.5202085375785828, 0.5047675371170044, 0.5021277666091919, 0.5019622445106506, 0.5004009008407593, 0.497702419757843, 0.4935378134250641, 0.4870195686817169, 0.4857954978942871, 0.47884976863861084, 0.4782584309577942, 0.4648880362510681, 0.46341580152511597, 0.4605306386947632, 0.4428417682647705, 0.4392196238040924, 0.4339067339897156, 0.40591058135032654]"
variant_F2,train_6bba_t20_p26_isolated,train,6bba_bb9f20c3,20,isolated,0.3,1,78,1,1,1,0.5745242597140698,0.5745242597140698,0.5745242597140698,1,0.5745242597140698,1,0.6595433354377747,"[[14.0, 32.0, 30.0], [14.0, 31.0, 58.0], [14.0, 13.0, 9.0], [10.0, 31.0, 55.0], [27.0, 60.0, 60.0], [20.0, 19.0, 60.0], [30.0, 3.0, 60.0], [29.0, 23.0, 60.0], [29.0, 39.0, 60.0], [29.0, 60.0, 50.0], [26.0, 3.0, 60.0], [30.0, 48.0, 60.0], [7.0, 55.0, 51.0], [20.0, 3.0, 60.0], [31.0, 59.0, 25.0], [20.0, 53.0, 60.0], [30.0, 3.0, 51.0], [18.0, 29.0, 25.0], [30.0, 47.0, 51.0], [10.0, 31.0, 29.0], [23.0, 51.0, 50.0], [31.0, 49.0, 12.0], [26.0, 39.0, 40.0], [4.0, 9.0, 55.0], [24.0, 15.0, 7.0], [1.0, 31.0, 47.0], [28.0, 11.0, 24.0], [31.0, 2.0, 2.0], [23.0, 1.0, 22.0], [27.0, 2.0, 2.0], [16.0, 50.0, 20.0], [28.0, 9.0, 2.0], [3.0, 30.0, 13.0], [20.0, 30.0, 5.0], [7.0, 31.0, 33.0], [7.0, 62.0, 20.0], [9.0, 21.0, 2.0], [20.0, 9.0, 24.0], [18.0, 21.0, 14.0], [16.0, 59.0, 26.0], [14.0, 22.0, 50.0], [9.0, 7.0, 4.0], [14.0, 22.0, 18.0], [3.0, 2.0, 1.0], [10.0, 11.0, 45.0], [21.0, 6.0, 2.0], [1.0, 11.0, 2.0], [2.0, 1.0, 44.0], [8.0, 46.0, 40.0], [10.0, 19.0, 20.0], [14.0, 4.0, 44.0], [4.0, 37.0, 61.0], [13.0, 17.0, 60.0], [5.0, 1.0, 25.0], [16.0, 31.0, 1.0], [4.0, 52.0, 14.0], [5.0, 2.0, 40.0], [16.0, 47.0, 8.0], [2.0, 1.0, 12.0], [1.0, 61.0, 2.0], [6.0, 49.0, 26.0], [1.0, 43.0, 1.0], [10.0, 2.0, 22.0], [6.0, 10.0, 32.0], [14.0, 1.0, 23.0], [0.0, 59.0, 60.0], [10.0, 1.0, 60.0], [0.0, 62.0, 45.0], [2.0, 60.0, 33.0], [9.0, 53.0, 1.0], [5.0, 17.0, 32.0], [0.0, 62.0, 23.0], [2.0, 49.0, 60.0], [2.0, 26.0, 32.0], [4.0, 22.0, 63.0], [6.0, 43.0, 1.0], [1.0, 49.0, 48.0], [8.0, 59.0, 63.0]]","[0.9201984405517578, 0.8726924657821655, 0.8392366766929626, 0.828305184841156, 0.8151277303695679, 0.8106070160865784, 0.8055428862571716, 0.8025796413421631, 0.7992821335792542, 0.798459529876709, 0.7968695163726807, 0.7966027855873108, 0.796486496925354, 0.7866486310958862, 0.784282922744751, 0.780792236328125, 0.779845654964447, 0.7795968651771545, 0.7772125601768494, 0.7694745063781738, 0.7681708931922913, 0.7660126686096191, 0.7644243240356445, 0.7633145451545715, 0.752424418926239, 0.7514133453369141, 0.7213272452354431, 0.6934682726860046, 0.6857322454452515, 0.6819073557853699, 0.6759423613548279, 0.6697092652320862, 0.6635658144950867, 0.6604456901550293, 0.6595433354377747, 0.653976559638977, 0.6383599638938904, 0.6369229555130005, 0.6352527737617493, 0.6338551640510559, 0.631984293460846, 0.6283369064331055, 0.6258609890937805, 0.6235378384590149, 0.6187264919281006, 0.6179248690605164, 0.6170749068260193, 0.6113229393959045, 0.6101073026657104, 0.6047059297561646, 0.5994767546653748, 0.5918481945991516, 0.5889847278594971, 0.5796221494674683, 0.5680368542671204, 0.5592678189277649, 0.5532019734382629, 0.5508705377578735, 0.5394775867462158, 0.5296724438667297, 0.5268405675888062, 0.5251434445381165, 0.5244972109794617, 0.5158206224441528, 0.5063661932945251, 0.5012346506118774, 0.49696770310401917, 0.49584460258483887, 0.4910132586956024, 0.4857975244522095, 0.4852062165737152, 0.4712981879711151, 0.47017180919647217, 0.45806947350502014, 0.44566473364830017, 0.42822709679603577, 0.4131019115447998, 0.41119515895843506]"
variant_F2,train_6bba_t35_p27_isolated,train,6bba_bb9f20c3,35,isolated,0.3,1,69,1,1,1,0.0,0.0,0.0,1,0.0,1,0.8692759871482849,"[[10.0, 32.0, 32.0], [16.0, 26.0, 30.0], [4.0, 37.0, 45.0], [29.0, 59.0, 60.0], [19.0, 29.0, 48.0], [30.0, 3.0, 60.0], [31.0, 3.0, 22.0], [31.0, 13.0, 18.0], [27.0, 60.0, 50.0], [26.0, 35.0, 60.0], [27.0, 59.0, 43.0], [29.0, 47.0, 60.0], [29.0, 60.0, 28.0], [18.0, 30.0, 9.0], [30.0, 3.0, 50.0], [31.0, 59.0, 13.0], [23.0, 46.0, 60.0], [30.0, 19.0, 48.0], [30.0, 3.0, 2.0], [27.0, 2.0, 2.0], [30.0, 42.0, 2.0], [1.0, 28.0, 56.0], [30.0, 39.0, 10.0], [30.0, 10.0, 2.0], [30.0, 45.0, 47.0], [27.0, 51.0, 22.0], [16.0, 38.0, 60.0], [20.0, 51.0, 61.0], [16.0, 11.0, 10.0], [16.0, 51.0, 23.0], [14.0, 23.0, 60.0], [18.0, 2.0, 26.0], [23.0, 19.0, 31.0], [4.0, 11.0, 28.0], [10.0, 30.0, 60.0], [3.0, 1.0, 2.0], [17.0, 59.0, 24.0], [10.0, 3.0, 1.0], [10.0, 17.0, 49.0], [10.0, 1.0, 20.0], [15.0, 4.0, 48.0], [1.0, 62.0, 22.0], [4.0, 26.0, 38.0], [2.0, 9.0, 55.0], [12.0, 22.0, 8.0], [8.0, 20.0, 2.0], [5.0, 55.0, 1.0], [5.0, 19.0, 2.0], [1.0, 27.0, 1.0], [9.0, 58.0, 49.0], [7.0, 61.0, 61.0], [10.0, 1.0, 55.0], [7.0, 28.0, 17.0], [4.0, 55.0, 51.0], [7.0, 1.0, 45.0], [1.0, 58.0, 6.0], [6.0, 34.0, 6.0], [2.0, 41.0, 60.0], [14.0, 46.0, 6.0], [6.0, 2.0, 10.0], [8.0, 62.0, 22.0], [8.0, 52.0, 14.0], [2.0, 47.0, 19.0], [10.0, 47.0, 1.0], [10.0, 0.0, 44.0], [0.0, 62.0, 53.0], [0.0, 38.0, 34.0], [0.0, 0.0, 33.0], [9.0, 36.0, 1.0]]","[0.8692759871482849, 0.859760046005249, 0.8501649498939514, 0.803412139415741, 0.802163302898407, 0.788542628288269, 0.7877739667892456, 0.7857857942581177, 0.7829598784446716, 0.7815392017364502, 0.7813504338264465, 0.7797606587409973, 0.7777390480041504, 0.7745231986045837, 0.7734455466270447, 0.7724957466125488, 0.7716087102890015, 0.7702400088310242, 0.7650529742240906, 0.7638496160507202, 0.7595333456993103, 0.7590930461883545, 0.7586044073104858, 0.7569077610969543, 0.7547612190246582, 0.7534950375556946, 0.7375637888908386, 0.7373367547988892, 0.7000632882118225, 0.695182740688324, 0.6940421462059021, 0.6844455003738403, 0.6780019402503967, 0.6574046015739441, 0.6521238088607788, 0.6437692642211914, 0.6343737244606018, 0.632013738155365, 0.6252850294113159, 0.6173324584960938, 0.6134281754493713, 0.6117292046546936, 0.6115683317184448, 0.6026787161827087, 0.597123920917511, 0.5902575254440308, 0.584750771522522, 0.5784440040588379, 0.576469361782074, 0.5540432929992676, 0.550510585308075, 0.5369820594787598, 0.5360942482948303, 0.5359882712364197, 0.5298972129821777, 0.5275949835777283, 0.5224806666374207, 0.5202192068099976, 0.5167124271392822, 0.516273558139801, 0.51369708776474, 0.5038021802902222, 0.50018310546875, 0.486217200756073, 0.463325172662735, 0.4498664140701294, 0.4240087568759918, 0.41612520813941956, 0.4003828763961792]"
variant_F2,train_6bba_t40_p28_isolated,train,6bba_bb9f20c3,40,isolated,0.3,1,73,1,1,1,0.0,0.0,0.0,1,0.0,1,0.7747610807418823,"[[16.0, 15.0, 19.0], [18.0, 17.0, 49.0], [28.0, 11.0, 60.0], [6.0, 13.0, 33.0], [30.0, 18.0, 60.0], [30.0, 33.0, 60.0], [20.0, 41.0, 9.0], [11.0, 48.0, 22.0], [30.0, 3.0, 40.0], [31.0, 47.0, 44.0], [30.0, 25.0, 48.0], [30.0, 27.0, 29.0], [31.0, 59.0, 29.0], [31.0, 51.0, 18.0], [30.0, 37.0, 2.0], [15.0, 38.0, 32.0], [31.0, 2.0, 2.0], [5.0, 37.0, 23.0], [15.0, 29.0, 60.0], [21.0, 47.0, 31.0], [2.0, 1.0, 20.0], [14.0, 48.0, 45.0], [23.0, 17.0, 12.0], [18.0, 30.0, 27.0], [25.0, 59.0, 57.0], [19.0, 11.0, 31.0], [3.0, 2.0, 1.0], [2.0, 1.0, 60.0], [2.0, 23.0, 60.0], [5.0, 1.0, 54.0], [5.0, 21.0, 2.0], [20.0, 59.0, 60.0], [8.0, 32.0, 38.0], [19.0, 13.0, 2.0], [2.0, 1.0, 52.0], [9.0, 35.0, 2.0], [2.0, 10.0, 20.0], [4.0, 46.0, 60.0], [20.0, 22.0, 2.0], [12.0, 9.0, 60.0], [1.0, 30.0, 2.0], [8.0, 9.0, 52.0], [8.0, 19.0, 52.0], [24.0, 8.0, 10.0], [20.0, 59.0, 19.0], [3.0, 58.0, 37.0], [18.0, 51.0, 20.0], [12.0, 24.0, 37.0], [8.0, 46.0, 46.0], [11.0, 23.0, 10.0], [15.0, 24.0, 33.0], [7.0, 59.0, 2.0], [3.0, 57.0, 60.0], [10.0, 36.0, 14.0], [8.0, 7.0, 5.0], [2.0, 28.0, 11.0], [1.0, 37.0, 38.0], [12.0, 18.0, 61.0], [10.0, 2.0, 26.0], [16.0, 35.0, 1.0], [14.0, 1.0, 1.0], [17.0, 59.0, 1.0], [13.0, 54.0, 6.0], [11.0, 58.0, 33.0], [5.0, 58.0, 16.0], [3.0, 59.0, 2.0], [12.0, 59.0, 54.0], [7.0, 58.0, 29.0], [9.0, 61.0, 61.0], [19.0, 62.0, 38.0], [23.0, 61.0, 2.0], [2.0, 58.0, 18.0], [10.0, 45.0, 56.0]]","[0.8525718450546265, 0.8415325880050659, 0.8356233239173889, 0.8346799612045288, 0.8332635760307312, 0.832096517086029, 0.8318504095077515, 0.8194538354873657, 0.8188536763191223, 0.8129813075065613, 0.8109742403030396, 0.8056458234786987, 0.8040894865989685, 0.7983716130256653, 0.792971670627594, 0.7747610807418823, 0.7694958448410034, 0.7401984333992004, 0.6963263750076294, 0.6894909143447876, 0.6748947501182556, 0.670604407787323, 0.670504629611969, 0.6700413227081299, 0.6685312390327454, 0.6669154763221741, 0.666915237903595, 0.666530191898346, 0.6660543084144592, 0.6629502773284912, 0.6553376913070679, 0.6533981561660767, 0.6517022252082825, 0.6401029825210571, 0.6393406987190247, 0.6388825178146362, 0.6357559561729431, 0.6354902982711792, 0.6297404766082764, 0.6240628361701965, 0.6191615462303162, 0.6186309456825256, 0.6168340444564819, 0.6157636046409607, 0.6132423877716064, 0.6118811368942261, 0.6103867888450623, 0.6068282127380371, 0.5968820452690125, 0.5949584245681763, 0.588062584400177, 0.5851828455924988, 0.5797377228736877, 0.5795938372612, 0.5755075812339783, 0.5745734572410583, 0.5726562738418579, 0.5699300765991211, 0.5475112795829773, 0.5440664291381836, 0.5420029163360596, 0.5385364294052124, 0.5296030640602112, 0.5294776558876038, 0.528548002243042, 0.5253395438194275, 0.5126702785491943, 0.49524906277656555, 0.48207220435142517, 0.4698827564716339, 0.4599396884441376, 0.4595167636871338, 0.4531315565109253]"
variant_F2,train_6bba_t25_p29_isolated,train,6bba_bb9f20c3,25,isolated,0.3,1,66,0,0,0,5.92902355472636,5.92902355472636,,0,,0,0.5539652109146118,"[[4.0, 21.0, 55.0], [18.0, 31.0, 32.0], [30.0, 57.0, 60.0], [30.0, 15.0, 60.0], [30.0, 29.0, 60.0], [26.0, 3.0, 60.0], [30.0, 3.0, 48.0], [30.0, 3.0, 26.0], [31.0, 23.0, 28.0], [14.0, 13.0, 19.0], [31.0, 59.0, 25.0], [31.0, 49.0, 28.0], [18.0, 38.0, 5.0], [27.0, 3.0, 38.0], [25.0, 26.0, 44.0], [17.0, 6.0, 48.0], [18.0, 19.0, 61.0], [24.0, 19.0, 32.0], [19.0, 60.0, 60.0], [24.0, 49.0, 43.0], [23.0, 2.0, 2.0], [11.0, 2.0, 2.0], [21.0, 60.0, 28.0], [2.0, 1.0, 60.0], [5.0, 1.0, 52.0], [2.0, 1.0, 52.0], [5.0, 2.0, 2.0], [14.0, 29.0, 8.0], [1.0, 2.0, 2.0], [5.0, 4.0, 22.0], [14.0, 1.0, 60.0], [5.0, 26.0, 2.0], [5.0, 59.0, 5.0], [6.0, 37.0, 49.0], [21.0, 61.0, 46.0], [20.0, 55.0, 14.0], [9.0, 35.0, 17.0], [20.0, 39.0, 61.0], [2.0, 11.0, 12.0], [11.0, 20.0, 2.0], [1.0, 49.0, 53.0], [2.0, 10.0, 42.0], [9.0, 18.0, 29.0], [16.0, 43.0, 61.0], [19.0, 44.0, 47.0], [4.0, 43.0, 21.0], [12.0, 41.0, 60.0], [14.0, 43.0, 18.0], [20.0, 44.0, 33.0], [0.0, 26.0, 27.0], [12.0, 49.0, 1.0], [13.0, 46.0, 33.0], [8.0, 57.0, 44.0], [11.0, 1.0, 45.0], [7.0, 45.0, 56.0], [7.0, 60.0, 34.0], [6.0, 30.0, 38.0], [15.0, 49.0, 1.0], [2.0, 38.0, 40.0], [13.0, 60.0, 25.0], [13.0, 60.0, 9.0], [0.0, 40.0, 19.0], [5.0, 34.0, 63.0], [2.0, 34.0, 63.0], [2.0, 60.0, 63.0], [0.0, 59.0, 26.0]]","[0.9044711589813232, 0.8817489147186279, 0.8380733728408813, 0.83430415391922, 0.8297496438026428, 0.8286247849464417, 0.8163585066795349, 0.8157462477684021, 0.8101305961608887, 0.8082498908042908, 0.8047863841056824, 0.8043680787086487, 0.796668529510498, 0.7933804988861084, 0.7798386812210083, 0.7752882242202759, 0.7571952939033508, 0.7536944150924683, 0.7340982556343079, 0.7313622236251831, 0.7219815254211426, 0.7116267681121826, 0.7082734704017639, 0.7025886178016663, 0.6995415687561035, 0.6987702250480652, 0.6958985924720764, 0.6907438039779663, 0.690611720085144, 0.6822124123573303, 0.6693904399871826, 0.6557564735412598, 0.6549681425094604, 0.6527008414268494, 0.6446675062179565, 0.6421167850494385, 0.6412235498428345, 0.6365975737571716, 0.6337976455688477, 0.6303675174713135, 0.6196471452713013, 0.6050227880477905, 0.5980278849601746, 0.5947198271751404, 0.5883121490478516, 0.5860122442245483, 0.5773157477378845, 0.5690609216690063, 0.567524790763855, 0.5589591264724731, 0.5561521053314209, 0.5539652109146118, 0.5346627235412598, 0.5302344560623169, 0.5197877287864685, 0.5187027454376221, 0.4961988031864166, 0.49201616644859314, 0.4913727343082428, 0.4683055281639099, 0.4677855968475342, 0.4531649947166443, 0.4293889105319977, 0.4232938885688782, 0.42289841175079346, 0.41681671142578125]"
variant_F2,train_6bba_t25_p30_isolated,train,6bba_bb9f20c3,25,isolated,0.3,1,65,1,1,1,0.0,0.0,0.0,1,0.0,1,0.6119611263275146,"[[14.0, 29.0, 45.0], [16.0, 7.0, 46.0], [30.0, 57.0, 60.0], [30.0, 15.0, 60.0], [30.0, 43.0, 60.0], [30.0, 3.0, 60.0], [30.0, 31.0, 28.0], [29.0, 59.0, 49.0], [30.0, 21.0, 47.0], [30.0, 3.0, 46.0], [30.0, 41.0, 48.0], [30.0, 33.0, 48.0], [30.0, 13.0, 50.0], [31.0, 59.0, 24.0], [24.0, 13.0, 60.0], [22.0, 31.0, 60.0], [18.0, 19.0, 16.0], [24.0, 11.0, 48.0], [12.0, 51.0, 40.0], [22.0, 11.0, 24.0], [26.0, 19.0, 9.0], [31.0, 13.0, 2.0], [8.0, 13.0, 60.0], [16.0, 2.0, 30.0], [14.0, 1.0, 14.0], [22.0, 31.0, 32.0], [14.0, 20.0, 34.0], [17.0, 7.0, 2.0], [20.0, 23.0, 26.0], [5.0, 2.0, 2.0], [9.0, 2.0, 2.0], [9.0, 1.0, 60.0], [5.0, 31.0, 2.0], [16.0, 50.0, 14.0], [5.0, 1.0, 18.0], [12.0, 40.0, 30.0], [16.0, 33.0, 56.0], [11.0, 32.0, 32.0], [5.0, 43.0, 2.0], [16.0, 41.0, 6.0], [12.0, 46.0, 6.0], [6.0, 31.0, 60.0], [2.0, 1.0, 28.0], [12.0, 55.0, 20.0], [4.0, 45.0, 51.0], [20.0, 62.0, 50.0], [5.0, 60.0, 2.0], [16.0, 57.0, 54.0], [8.0, 30.0, 37.0], [4.0, 32.0, 31.0], [4.0, 21.0, 33.0], [2.0, 13.0, 17.0], [1.0, 59.0, 56.0], [2.0, 21.0, 16.0], [2.0, 11.0, 28.0], [4.0, 47.0, 31.0], [2.0, 59.0, 33.0], [18.0, 32.0, 22.0], [10.0, 37.0, 50.0], [2.0, 61.0, 21.0], [2.0, 51.0, 20.0], [17.0, 60.0, 38.0], [26.0, 0.0, 1.0], [17.0, 58.0, 26.0], [10.0, 48.0, 61.0]]","[0.8743230700492859, 0.8013737201690674, 0.7966556549072266, 0.7965674996376038, 0.7948293089866638, 0.7918674349784851, 0.7902728319168091, 0.7821048498153687, 0.7777661681175232, 0.7769575119018555, 0.7754804491996765, 0.7752022743225098, 0.7738582491874695, 0.7721121907234192, 0.7688315510749817, 0.7537030577659607, 0.7323384284973145, 0.7269933819770813, 0.7240060567855835, 0.7000956535339355, 0.6852195262908936, 0.6834617853164673, 0.6794413924217224, 0.6740100979804993, 0.6665309071540833, 0.6586770415306091, 0.6537067294120789, 0.6531732678413391, 0.6470245718955994, 0.6463618874549866, 0.6462265849113464, 0.6417819261550903, 0.6362321376800537, 0.6331024169921875, 0.6318271160125732, 0.6304953098297119, 0.617034912109375, 0.6119611263275146, 0.6101568937301636, 0.6080235838890076, 0.6071193218231201, 0.6022769808769226, 0.5999729633331299, 0.578511655330658, 0.5762193202972412, 0.5755829215049744, 0.5732823014259338, 0.5598520636558533, 0.5545901656150818, 0.5436363816261292, 0.5398706793785095, 0.5385271906852722, 0.5344738960266113, 0.5333065390586853, 0.5295999646186829, 0.5268764495849609, 0.504060685634613, 0.48807746171951294, 0.48512136936187744, 0.4847666621208191, 0.4839988052845001, 0.45405682921409607, 0.45280230045318604, 0.4526855945587158, 0.45254385471343994]"
variant_F2,train_6bba_t45_p31_isolated,train,6bba_bb9f20c3,45,isolated,0.3,1,75,0,1,1,1.1490485194281397,1.1490485194281397,1.1490485194281397,1,1.1490485194281397,1,0.4892180263996124,"[[12.0, 11.0, 25.0], [8.0, 24.0, 58.0], [10.0, 49.0, 35.0], [29.0, 59.0, 60.0], [29.0, 3.0, 60.0], [27.0, 59.0, 50.0], [27.0, 59.0, 40.0], [29.0, 17.0, 60.0], [29.0, 39.0, 60.0], [27.0, 3.0, 50.0], [31.0, 59.0, 49.0], [31.0, 59.0, 38.0], [31.0, 59.0, 24.0], [24.0, 3.0, 60.0], [27.0, 11.0, 50.0], [31.0, 59.0, 10.0], [24.0, 11.0, 60.0], [27.0, 23.0, 52.0], [25.0, 47.0, 52.0], [5.0, 60.0, 41.0], [31.0, 27.0, 20.0], [31.0, 25.0, 8.0], [31.0, 31.0, 30.0], [6.0, 38.0, 50.0], [31.0, 39.0, 22.0], [31.0, 21.0, 35.0], [31.0, 3.0, 26.0], [31.0, 15.0, 8.0], [31.0, 3.0, 8.0], [27.0, 49.0, 34.0], [28.0, 15.0, 16.0], [26.0, 39.0, 14.0], [26.0, 35.0, 24.0], [20.0, 51.0, 61.0], [4.0, 52.0, 34.0], [10.0, 2.0, 14.0], [19.0, 27.0, 15.0], [16.0, 2.0, 48.0], [11.0, 2.0, 2.0], [14.0, 23.0, 40.0], [16.0, 9.0, 3.0], [8.0, 51.0, 4.0], [1.0, 49.0, 1.0], [8.0, 12.0, 50.0], [5.0, 37.0, 1.0], [16.0, 9.0, 44.0], [22.0, 7.0, 4.0], [7.0, 27.0, 2.0], [6.0, 49.0, 57.0], [7.0, 2.0, 51.0], [18.0, 8.0, 60.0], [16.0, 35.0, 44.0], [4.0, 7.0, 20.0], [14.0, 33.0, 26.0], [2.0, 7.0, 56.0], [4.0, 13.0, 37.0], [5.0, 28.0, 49.0], [18.0, 17.0, 16.0], [5.0, 34.0, 38.0], [7.0, 60.0, 3.0], [3.0, 41.0, 29.0], [2.0, 27.0, 41.0], [6.0, 30.0, 30.0], [2.0, 57.0, 52.0], [5.0, 60.0, 51.0], [10.0, 57.0, 21.0], [12.0, 22.0, 10.0], [10.0, 49.0, 20.0], [2.0, 57.0, 17.0], [12.0, 57.0, 47.0], [4.0, 60.0, 61.0], [2.0, 30.0, 14.0], [0.0, 43.0, 17.0], [6.0, 26.0, 14.0], [0.0, 44.0, 63.0]]","[0.8560826778411865, 0.8303703665733337, 0.8153476119041443, 0.7647273540496826, 0.7590938806533813, 0.7563963532447815, 0.7556416988372803, 0.7556072473526001, 0.7512437105178833, 0.7490186095237732, 0.7459545731544495, 0.7437711954116821, 0.7419171929359436, 0.7387440800666809, 0.738504946231842, 0.7359415292739868, 0.7356645464897156, 0.7305618524551392, 0.7301212549209595, 0.7284789085388184, 0.7278181910514832, 0.727773904800415, 0.7276004552841187, 0.7274446487426758, 0.7270839810371399, 0.7262957096099854, 0.725989043712616, 0.7248390913009644, 0.7197018265724182, 0.7188937664031982, 0.7158039212226868, 0.7125546932220459, 0.7119085788726807, 0.7036110162734985, 0.6849682927131653, 0.6660877466201782, 0.6596775650978088, 0.6568915843963623, 0.6553120613098145, 0.6296792030334473, 0.6235050559043884, 0.6211264729499817, 0.6201809644699097, 0.6175447106361389, 0.6173781752586365, 0.6162072420120239, 0.6117509603500366, 0.6060794591903687, 0.6031895875930786, 0.5923228859901428, 0.5868914723396301, 0.5852847099304199, 0.575096070766449, 0.5736894011497498, 0.5735617280006409, 0.5669416189193726, 0.5608994364738464, 0.523795485496521, 0.523597240447998, 0.5224113464355469, 0.5178041458129883, 0.4893135726451874, 0.4892180263996124, 0.4842129647731781, 0.48371362686157227, 0.4772951900959015, 0.4756578803062439, 0.4668908715248108, 0.4620031714439392, 0.4453616738319397, 0.4439016282558441, 0.44073760509490967, 0.4351106584072113, 0.434784471988678, 0.37043458223342896]"
variant_F2,train_6bba_t30_p32_isolated,train,6bba_bb9f20c3,30,isolated,0.3,1,69,1,1,1,0.5745242597140698,0.5745242597140698,0.5745242597140698,1,0.5745242597140698,1,0.866786777973175,"[[16.0, 31.0, 29.0], [30.0, 59.0, 60.0], [30.0, 37.0, 60.0], [30.0, 23.0, 60.0], [30.0, 11.0, 60.0], [30.0, 2.0, 60.0], [26.0, 59.0, 60.0], [26.0, 41.0, 60.0], [26.0, 28.0, 60.0], [26.0, 9.0, 60.0], [30.0, 33.0, 52.0], [24.0, 23.0, 50.0], [27.0, 49.0, 50.0], [27.0, 33.0, 50.0], [28.0, 10.0, 28.0], [18.0, 33.0, 60.0], [12.0, 40.0, 45.0], [20.0, 25.0, 9.0], [15.0, 61.0, 60.0], [15.0, 2.0, 60.0], [28.0, 51.0, 24.0], [29.0, 60.0, 2.0], [31.0, 3.0, 10.0], [28.0, 1.0, 16.0], [26.0, 45.0, 10.0], [28.0, 11.0, 12.0], [27.0, 44.0, 2.0], [19.0, 59.0, 47.0], [11.0, 56.0, 8.0], [31.0, 31.0, 10.0], [24.0, 23.0, 21.0], [2.0, 1.0, 60.0], [10.0, 28.0, 38.0], [2.0, 1.0, 46.0], [2.0, 14.0, 60.0], [5.0, 1.0, 42.0], [7.0, 54.0, 6.0], [13.0, 17.0, 5.0], [14.0, 26.0, 18.0], [12.0, 9.0, 7.0], [13.0, 25.0, 5.0], [2.0, 43.0, 56.0], [2.0, 10.0, 51.0], [18.0, 46.0, 36.0], [7.0, 35.0, 5.0], [3.0, 7.0, 1.0], [10.0, 29.0, 17.0], [8.0, 17.0, 18.0], [1.0, 33.0, 1.0], [17.0, 7.0, 21.0], [1.0, 55.0, 1.0], [24.0, 20.0, 6.0], [10.0, 13.0, 27.0], [18.0, 1.0, 1.0], [11.0, 41.0, 1.0], [2.0, 38.0, 23.0], [2.0, 49.0, 32.0], [2.0, 51.0, 21.0], [18.0, 16.0, 2.0], [6.0, 57.0, 20.0], [2.0, 31.0, 15.0], [10.0, 56.0, 30.0], [20.0, 48.0, 15.0], [24.0, 0.0, 24.0], [22.0, 1.0, 14.0], [1.0, 62.0, 17.0], [24.0, 0.0, 1.0], [20.0, 39.0, 6.0], [15.0, 63.0, 41.0]]","[0.866786777973175, 0.8407024145126343, 0.8385105729103088, 0.8372713327407837, 0.83381187915802, 0.8337001204490662, 0.8331031203269958, 0.8283003568649292, 0.8248823285102844, 0.8191236853599548, 0.8161898255348206, 0.8049027323722839, 0.8022644519805908, 0.7995057702064514, 0.7883561849594116, 0.7869916558265686, 0.7681064605712891, 0.745999276638031, 0.7449224591255188, 0.7397505640983582, 0.7373046875, 0.7292745113372803, 0.7234458923339844, 0.7195917367935181, 0.7182177305221558, 0.7142482399940491, 0.7072826027870178, 0.704397439956665, 0.6997734904289246, 0.694780707359314, 0.6891478896141052, 0.684950590133667, 0.660982072353363, 0.6591004729270935, 0.6444034576416016, 0.6264046430587769, 0.6167736649513245, 0.615303099155426, 0.6147871613502502, 0.6104341745376587, 0.6076223850250244, 0.6037803888320923, 0.6023242473602295, 0.6006672382354736, 0.5974830985069275, 0.5946562886238098, 0.5915312767028809, 0.5908953547477722, 0.5878374576568604, 0.585615336894989, 0.5797998309135437, 0.567207932472229, 0.5657253265380859, 0.5593751668930054, 0.5494422316551208, 0.5416924953460693, 0.5366584062576294, 0.5363156795501709, 0.5352677702903748, 0.5328546166419983, 0.5304996967315674, 0.5259153246879578, 0.510325014591217, 0.4973897933959961, 0.49338868260383606, 0.4654805660247803, 0.46011704206466675, 0.45581957697868347, 0.391626238822937]"
variant_F2,train_6bba_t55_p33_isolated,train,6bba_bb9f20c3,55,isolated,0.3,1,71,0,0,0,4.737648414561806,4.737648414561806,,0,,0,0.6365458965301514,"[[6.0, 15.0, 12.0], [29.0, 3.0, 60.0], [27.0, 59.0, 60.0], [22.0, 24.0, 60.0], [27.0, 15.0, 60.0], [29.0, 41.0, 60.0], [29.0, 23.0, 60.0], [25.0, 19.0, 2.0], [27.0, 27.0, 2.0], [27.0, 60.0, 48.0], [23.0, 2.0, 2.0], [19.0, 3.0, 60.0], [25.0, 35.0, 2.0], [10.0, 41.0, 60.0], [31.0, 3.0, 34.0], [31.0, 31.0, 20.0], [31.0, 43.0, 28.0], [31.0, 3.0, 44.0], [31.0, 23.0, 42.0], [31.0, 31.0, 36.0], [27.0, 2.0, 19.0], [27.0, 59.0, 2.0], [31.0, 47.0, 40.0], [24.0, 51.0, 34.0], [29.0, 51.0, 2.0], [31.0, 39.0, 50.0], [27.0, 59.0, 18.0], [31.0, 9.0, 20.0], [31.0, 59.0, 14.0], [24.0, 2.0, 48.0], [16.0, 15.0, 39.0], [27.0, 15.0, 16.0], [24.0, 23.0, 50.0], [24.0, 11.0, 50.0], [22.0, 3.0, 34.0], [27.0, 51.0, 20.0], [10.0, 40.0, 20.0], [22.0, 10.0, 24.0], [24.0, 23.0, 22.0], [6.0, 30.0, 48.0], [24.0, 37.0, 22.0], [14.0, 3.0, 60.0], [12.0, 13.0, 60.0], [20.0, 1.0, 16.0], [18.0, 38.0, 25.0], [3.0, 18.0, 37.0], [6.0, 2.0, 2.0], [14.0, 7.0, 9.0], [14.0, 2.0, 28.0], [4.0, 38.0, 5.0], [8.0, 7.0, 49.0], [6.0, 43.0, 28.0], [5.0, 59.0, 6.0], [15.0, 19.0, 17.0], [2.0, 39.0, 56.0], [4.0, 17.0, 60.0], [4.0, 2.0, 26.0], [1.0, 23.0, 1.0], [8.0, 31.0, 26.0], [2.0, 8.0, 45.0], [1.0, 60.0, 3.0], [1.0, 59.0, 30.0], [12.0, 44.0, 6.0], [4.0, 0.0, 46.0], [1.0, 60.0, 17.0], [10.0, 30.0, 6.0], [13.0, 39.0, 41.0], [13.0, 31.0, 6.0], [1.0, 49.0, 19.0], [0.0, 61.0, 40.0], [9.0, 61.0, 17.0]]","[0.8605999946594238, 0.7563801407814026, 0.7514117956161499, 0.7507458329200745, 0.7476553916931152, 0.7449965476989746, 0.7430618405342102, 0.7339460849761963, 0.7334763407707214, 0.731349766254425, 0.7311133742332458, 0.7308369874954224, 0.7305415272712708, 0.7290775775909424, 0.7270511388778687, 0.7255622744560242, 0.7244861125946045, 0.7244716286659241, 0.7240666747093201, 0.7240338921546936, 0.7239531874656677, 0.7237899899482727, 0.7236122488975525, 0.7229330539703369, 0.7228765487670898, 0.7227193713188171, 0.7208244204521179, 0.7201221585273743, 0.7163798213005066, 0.7132505178451538, 0.7130627036094666, 0.71242356300354, 0.7091533541679382, 0.7083093523979187, 0.7050255537033081, 0.702724814414978, 0.7006984949111938, 0.7003515362739563, 0.698549211025238, 0.694193959236145, 0.6935063004493713, 0.6786674857139587, 0.6774246096611023, 0.6747825741767883, 0.6365458965301514, 0.6295517086982727, 0.6067497730255127, 0.6043960452079773, 0.5966150760650635, 0.5823755860328674, 0.5744147300720215, 0.5708118677139282, 0.5693187117576599, 0.5589377880096436, 0.5491934418678284, 0.5459837317466736, 0.5434672236442566, 0.5263615846633911, 0.5093185305595398, 0.5089858770370483, 0.4877348244190216, 0.4827854633331299, 0.48262059688568115, 0.4811114966869354, 0.4763621687889099, 0.4732782542705536, 0.46583449840545654, 0.4626849293708801, 0.4573186933994293, 0.45421451330184937, 0.4295807182788849]"
variant_F2,train_6bba_t25_p34_isolated,train,6bba_bb9f20c3,25,isolated,0.3,1,64,1,1,1,0.5745242597140698,0.5745242597140698,0.5745242597140698,1,0.5745242597140698,1,0.6443495750427246,"[[27.0, 60.0, 60.0], [30.0, 45.0, 60.0], [30.0, 27.0, 60.0], [30.0, 3.0, 60.0], [24.0, 45.0, 60.0], [26.0, 21.0, 60.0], [12.0, 43.0, 40.0], [24.0, 8.0, 60.0], [30.0, 35.0, 48.0], [30.0, 47.0, 52.0], [30.0, 27.0, 36.0], [24.0, 19.0, 48.0], [26.0, 29.0, 52.0], [18.0, 35.0, 60.0], [13.0, 3.0, 60.0], [15.0, 11.0, 60.0], [31.0, 7.0, 8.0], [27.0, 60.0, 2.0], [24.0, 2.0, 22.0], [30.0, 25.0, 12.0], [26.0, 17.0, 12.0], [28.0, 32.0, 16.0], [27.0, 59.0, 10.0], [18.0, 29.0, 5.0], [28.0, 11.0, 27.0], [19.0, 58.0, 6.0], [2.0, 1.0, 60.0], [10.0, 34.0, 30.0], [16.0, 31.0, 22.0], [2.0, 1.0, 40.0], [6.0, 14.0, 60.0], [2.0, 1.0, 52.0], [5.0, 1.0, 34.0], [11.0, 60.0, 4.0], [17.0, 13.0, 11.0], [8.0, 33.0, 16.0], [14.0, 57.0, 52.0], [3.0, 7.0, 1.0], [7.0, 55.0, 1.0], [4.0, 47.0, 26.0], [1.0, 35.0, 1.0], [15.0, 61.0, 61.0], [13.0, 5.0, 1.0], [1.0, 27.0, 1.0], [10.0, 13.0, 6.0], [5.0, 15.0, 6.0], [16.0, 1.0, 2.0], [3.0, 51.0, 1.0], [17.0, 60.0, 37.0], [8.0, 19.0, 18.0], [4.0, 41.0, 49.0], [2.0, 20.0, 35.0], [2.0, 21.0, 44.0], [11.0, 27.0, 1.0], [2.0, 43.0, 60.0], [14.0, 30.0, 10.0], [11.0, 43.0, 1.0], [10.0, 40.0, 58.0], [2.0, 21.0, 25.0], [23.0, 26.0, 6.0], [2.0, 9.0, 14.0], [3.0, 62.0, 61.0], [14.0, 58.0, 18.0], [8.0, 60.0, 63.0]]","[0.8274927139282227, 0.8238517642021179, 0.822883129119873, 0.8215941786766052, 0.8130639791488647, 0.8094339370727539, 0.805518627166748, 0.8037863969802856, 0.8027769923210144, 0.8001419305801392, 0.7875974774360657, 0.7862890362739563, 0.7806223034858704, 0.7744266390800476, 0.762116551399231, 0.7521757483482361, 0.7278832197189331, 0.7201433777809143, 0.7194080352783203, 0.7074510455131531, 0.7064821124076843, 0.7047242522239685, 0.6998339891433716, 0.694462239742279, 0.6932485103607178, 0.6793192028999329, 0.6778382062911987, 0.6745167970657349, 0.6443495750427246, 0.6419653296470642, 0.6379626393318176, 0.6353088617324829, 0.622908353805542, 0.6226013898849487, 0.6004726886749268, 0.5959274768829346, 0.5954945087432861, 0.5937703251838684, 0.5890472531318665, 0.5875356197357178, 0.5872018933296204, 0.5851514935493469, 0.5840649604797363, 0.5827420353889465, 0.5775853395462036, 0.5755519270896912, 0.5700714588165283, 0.5688199996948242, 0.5677977800369263, 0.5636472105979919, 0.5635380744934082, 0.5375418663024902, 0.5358733534812927, 0.529739260673523, 0.527898907661438, 0.5239250659942627, 0.5153115391731262, 0.5150846838951111, 0.5120627880096436, 0.4895256757736206, 0.477173775434494, 0.44895368814468384, 0.43210023641586304, 0.40150415897369385]"
variant_F2,train_6bba_t25_p35_isolated,train,6bba_bb9f20c3,25,isolated,0.3,1,80,0,1,1,1.284675299443404,1.284675299443404,1.284675299443404,1,1.284675299443404,1,0.8633466958999634,"[[6.0, 41.0, 33.0], [29.0, 3.0, 60.0], [6.0, 30.0, 22.0], [27.0, 11.0, 60.0], [29.0, 31.0, 60.0], [27.0, 23.0, 60.0], [29.0, 59.0, 60.0], [27.0, 43.0, 60.0], [31.0, 47.0, 60.0], [31.0, 59.0, 46.0], [27.0, 59.0, 48.0], [27.0, 31.0, 2.0], [29.0, 3.0, 2.0], [27.0, 3.0, 28.0], [29.0, 3.0, 44.0], [31.0, 47.0, 20.0], [31.0, 59.0, 22.0], [31.0, 23.0, 16.0], [31.0, 31.0, 18.0], [31.0, 47.0, 30.0], [31.0, 35.0, 10.0], [31.0, 35.0, 32.0], [31.0, 43.0, 40.0], [31.0, 23.0, 32.0], [29.0, 3.0, 16.0], [31.0, 47.0, 12.0], [31.0, 15.0, 14.0], [31.0, 15.0, 32.0], [31.0, 27.0, 52.0], [31.0, 19.0, 44.0], [29.0, 59.0, 2.0], [27.0, 43.0, 48.0], [27.0, 59.0, 34.0], [29.0, 15.0, 2.0], [27.0, 19.0, 44.0], [27.0, 27.0, 52.0], [27.0, 59.0, 16.0], [8.0, 20.0, 9.0], [27.0, 51.0, 36.0], [27.0, 15.0, 20.0], [22.0, 3.0, 30.0], [24.0, 43.0, 20.0], [14.0, 30.0, 9.0], [14.0, 23.0, 60.0], [18.0, 52.0, 60.0], [14.0, 39.0, 60.0], [16.0, 21.0, 48.0], [16.0, 10.0, 51.0], [1.0, 60.0, 3.0], [4.0, 54.0, 54.0], [2.0, 9.0, 56.0], [16.0, 48.0, 47.0], [6.0, 41.0, 3.0], [8.0, 25.0, 61.0], [10.0, 50.0, 50.0], [7.0, 8.0, 40.0], [3.0, 28.0, 53.0], [11.0, 58.0, 11.0], [10.0, 9.0, 38.0], [1.0, 59.0, 26.0], [8.0, 7.0, 61.0], [8.0, 10.0, 2.0], [1.0, 60.0, 40.0], [10.0, 62.0, 58.0], [14.0, 9.0, 20.0], [1.0, 37.0, 1.0], [1.0, 52.0, 55.0], [4.0, 6.0, 14.0], [4.0, 60.0, 39.0], [6.0, 44.0, 18.0], [5.0, 7.0, 28.0], [8.0, 5.0, 52.0], [6.0, 30.0, 6.0], [0.0, 6.0, 14.0], [1.0, 9.0, 43.0], [6.0, 24.0, 38.0], [9.0, 0.0, 8.0], [1.0, 22.0, 40.0], [2.0, 32.0, 38.0], [2.0, 62.0, 63.0]]","[0.8633466958999634, 0.7445601224899292, 0.7381138801574707, 0.7368781566619873, 0.7352757453918457, 0.733917236328125, 0.7335894107818604, 0.7310847043991089, 0.7303008437156677, 0.7217606902122498, 0.7211698293685913, 0.7208846807479858, 0.7193084955215454, 0.7191560864448547, 0.718860924243927, 0.7186126112937927, 0.7184631824493408, 0.7184187769889832, 0.7178282141685486, 0.7177894115447998, 0.7177823781967163, 0.7177415490150452, 0.7177203297615051, 0.7176665663719177, 0.7171650528907776, 0.7169780135154724, 0.7166720628738403, 0.7165305614471436, 0.7158818244934082, 0.7155493497848511, 0.7149057388305664, 0.7140827178955078, 0.7125203609466553, 0.7120298743247986, 0.7119764089584351, 0.7105496525764465, 0.7081666588783264, 0.7079566717147827, 0.7076262831687927, 0.7045321464538574, 0.7016822099685669, 0.6794018745422363, 0.6761705279350281, 0.6745349764823914, 0.6693580746650696, 0.6679553389549255, 0.6369251608848572, 0.6214836835861206, 0.6181842088699341, 0.6181610226631165, 0.613312304019928, 0.6130013465881348, 0.6075648069381714, 0.6062878370285034, 0.5905783772468567, 0.574070930480957, 0.5731102228164673, 0.57187420129776, 0.5705645084381104, 0.5637595653533936, 0.5628461837768555, 0.5626764297485352, 0.5571869015693665, 0.5413393378257751, 0.5387431979179382, 0.5348355770111084, 0.5212481617927551, 0.5124949216842651, 0.49472159147262573, 0.4934779405593872, 0.4927443563938141, 0.49174827337265015, 0.48471614718437195, 0.48354318737983704, 0.47143059968948364, 0.4593922793865204, 0.44596558809280396, 0.4123324751853943, 0.40161532163619995, 0.39863550662994385]"
variant_F2,train_6bba_t15_p36_isolated,train,6bba_bb9f20c3,15,isolated,0.3,1,66,1,1,1,0.0,0.0,0.0,1,0.0,1,0.7833338379859924,"[[10.0, 35.0, 56.0], [20.0, 28.0, 24.0], [8.0, 38.0, 21.0], [6.0, 20.0, 33.0], [29.0, 59.0, 60.0], [16.0, 32.0, 32.0], [30.0, 3.0, 60.0], [27.0, 23.0, 60.0], [27.0, 15.0, 60.0], [29.0, 45.0, 60.0], [23.0, 23.0, 60.0], [31.0, 3.0, 26.0], [30.0, 11.0, 47.0], [29.0, 2.0, 2.0], [21.0, 59.0, 49.0], [16.0, 49.0, 60.0], [31.0, 11.0, 8.0], [18.0, 3.0, 60.0], [26.0, 39.0, 44.0], [30.0, 45.0, 25.0], [26.0, 47.0, 40.0], [31.0, 45.0, 10.0], [19.0, 43.0, 50.0], [4.0, 18.0, 53.0], [30.0, 59.0, 15.0], [22.0, 45.0, 11.0], [7.0, 59.0, 23.0], [22.0, 3.0, 24.0], [14.0, 11.0, 36.0], [18.0, 53.0, 23.0], [5.0, 8.0, 16.0], [12.0, 54.0, 35.0], [1.0, 59.0, 33.0], [10.0, 20.0, 41.0], [13.0, 59.0, 15.0], [14.0, 21.0, 22.0], [1.0, 21.0, 1.0], [8.0, 1.0, 60.0], [3.0, 42.0, 54.0], [4.0, 6.0, 42.0], [14.0, 26.0, 6.0], [2.0, 7.0, 30.0], [2.0, 1.0, 60.0], [11.0, 28.0, 5.0], [16.0, 9.0, 8.0], [12.0, 1.0, 2.0], [8.0, 4.0, 38.0], [12.0, 7.0, 15.0], [9.0, 56.0, 7.0], [11.0, 14.0, 5.0], [6.0, 1.0, 1.0], [1.0, 3.0, 1.0], [15.0, 41.0, 5.0], [5.0, 41.0, 5.0], [8.0, 62.0, 54.0], [2.0, 7.0, 15.0], [1.0, 28.0, 18.0], [1.0, 59.0, 1.0], [2.0, 18.0, 18.0], [6.0, 34.0, 42.0], [4.0, 51.0, 18.0], [0.0, 43.0, 26.0], [1.0, 60.0, 48.0], [15.0, 34.0, 18.0], [7.0, 50.0, 63.0], [2.0, 31.0, 50.0]]","[0.8952321410179138, 0.8380956053733826, 0.7922892570495605, 0.7874694466590881, 0.7833857536315918, 0.7833338379859924, 0.7724766135215759, 0.7720682621002197, 0.7708163857460022, 0.7706335186958313, 0.7686282396316528, 0.767988383769989, 0.7674540877342224, 0.7597373723983765, 0.7546425461769104, 0.7472730278968811, 0.7450225353240967, 0.7444173097610474, 0.7415145039558411, 0.7411211133003235, 0.7372806072235107, 0.7353649735450745, 0.7340946197509766, 0.7328764200210571, 0.7288402318954468, 0.7287718057632446, 0.707229495048523, 0.7017237544059753, 0.6845176219940186, 0.6670945882797241, 0.6440145969390869, 0.6346878409385681, 0.6324415802955627, 0.6272678375244141, 0.6269980669021606, 0.6067129969596863, 0.6061713695526123, 0.6008637547492981, 0.5994764566421509, 0.582922637462616, 0.5818808674812317, 0.58182293176651, 0.5779201984405518, 0.5693859457969666, 0.5668530464172363, 0.5636976957321167, 0.5619640946388245, 0.5608794689178467, 0.552832305431366, 0.5518613457679749, 0.5465871095657349, 0.5363025069236755, 0.5338302850723267, 0.524489164352417, 0.5224636793136597, 0.5189357995986938, 0.516007125377655, 0.501330554485321, 0.4920029044151306, 0.49188467860221863, 0.4691861867904663, 0.46785858273506165, 0.460239052772522, 0.4481290280818939, 0.44739893078804016, 0.41889330744743347]"
variant_F2,train_6bba_t50_p37_isolated,train,6bba_bb9f20c3,50,isolated,0.3,1,76,1,1,1,0.40625,0.40625,0.40625,1,0.40625,1,0.8959591388702393,"[[6.0, 36.0, 54.0], [16.0, 32.0, 33.0], [27.0, 59.0, 60.0], [25.0, 3.0, 60.0], [16.0, 39.0, 5.0], [29.0, 39.0, 60.0], [29.0, 17.0, 60.0], [25.0, 11.0, 60.0], [25.0, 19.0, 60.0], [27.0, 59.0, 48.0], [27.0, 60.0, 40.0], [20.0, 59.0, 60.0], [31.0, 59.0, 40.0], [22.0, 3.0, 60.0], [31.0, 59.0, 49.0], [31.0, 59.0, 28.0], [31.0, 59.0, 18.0], [29.0, 59.0, 2.0], [27.0, 3.0, 22.0], [4.0, 28.0, 46.0], [24.0, 11.0, 44.0], [31.0, 49.0, 8.0], [31.0, 3.0, 38.0], [31.0, 23.0, 28.0], [31.0, 33.0, 40.0], [31.0, 15.0, 36.0], [31.0, 39.0, 20.0], [30.0, 15.0, 12.0], [27.0, 10.0, 18.0], [20.0, 41.0, 60.0], [22.0, 43.0, 46.0], [27.0, 43.0, 24.0], [27.0, 45.0, 12.0], [30.0, 2.0, 2.0], [22.0, 1.0, 30.0], [22.0, 47.0, 20.0], [5.0, 54.0, 38.0], [14.0, 50.0, 46.0], [9.0, 50.0, 4.0], [17.0, 58.0, 9.0], [6.0, 20.0, 34.0], [4.0, 44.0, 32.0], [11.0, 21.0, 25.0], [18.0, 7.0, 30.0], [5.0, 2.0, 2.0], [2.0, 17.0, 60.0], [7.0, 35.0, 1.0], [2.0, 17.0, 52.0], [14.0, 7.0, 20.0], [11.0, 56.0, 31.0], [3.0, 52.0, 18.0], [16.0, 1.0, 52.0], [2.0, 21.0, 32.0], [2.0, 2.0, 61.0], [7.0, 2.0, 16.0], [2.0, 14.0, 35.0], [2.0, 29.0, 28.0], [5.0, 1.0, 36.0], [8.0, 56.0, 54.0], [12.0, 16.0, 8.0], [12.0, 18.0, 54.0], [5.0, 1.0, 24.0], [14.0, 1.0, 8.0], [2.0, 1.0, 22.0], [16.0, 19.0, 26.0], [2.0, 58.0, 54.0], [12.0, 44.0, 18.0], [5.0, 60.0, 27.0], [2.0, 25.0, 15.0], [13.0, 39.0, 44.0], [2.0, 13.0, 16.0], [0.0, 53.0, 33.0], [8.0, 8.0, 26.0], [9.0, 60.0, 14.0], [10.0, 7.0, 60.0], [8.0, 31.0, 18.0]]","[0.9222438335418701, 0.8959591388702393, 0.7572957873344421, 0.7568735480308533, 0.7517428398132324, 0.7469556331634521, 0.7459554076194763, 0.7443511486053467, 0.7441368699073792, 0.7420564889907837, 0.7415040135383606, 0.7377827167510986, 0.7361254692077637, 0.7355313301086426, 0.7353945970535278, 0.7337067127227783, 0.7334827780723572, 0.7279967665672302, 0.7269101142883301, 0.7267207503318787, 0.7260668873786926, 0.7247102856636047, 0.7231235504150391, 0.7230224013328552, 0.722485363483429, 0.7224109172821045, 0.7205369472503662, 0.7182095646858215, 0.7168404459953308, 0.7157066464424133, 0.715656042098999, 0.7121716141700745, 0.7058781385421753, 0.7004233002662659, 0.6996721029281616, 0.6909878253936768, 0.6724881529808044, 0.6698919534683228, 0.6694318056106567, 0.6599558591842651, 0.6422154307365417, 0.6378666162490845, 0.6376532316207886, 0.632576048374176, 0.6166461110115051, 0.6154300570487976, 0.6151097416877747, 0.6144037842750549, 0.606604278087616, 0.6000211238861084, 0.5975847840309143, 0.5854353308677673, 0.5818279385566711, 0.5803617835044861, 0.5774537324905396, 0.574364960193634, 0.5648993253707886, 0.5627809762954712, 0.5627471208572388, 0.5551519393920898, 0.551584780216217, 0.5508391857147217, 0.5490540862083435, 0.5454699397087097, 0.5386872887611389, 0.5269575119018555, 0.51969975233078, 0.5191407799720764, 0.5166196823120117, 0.5159538388252258, 0.5096409320831299, 0.4905874729156494, 0.4827905297279358, 0.47160154581069946, 0.4703068733215332, 0.46244850754737854]"
variant_F2,train_6bba_t50_p38_isolated,train,6bba_bb9f20c3,50,isolated,0.3,1,78,1,1,1,0.40625,0.40625,0.40625,1,0.40625,1,0.8921533226966858,"[[8.0, 8.0, 31.0], [6.0, 31.0, 32.0], [20.0, 45.0, 5.0], [20.0, 23.0, 19.0], [29.0, 59.0, 60.0], [29.0, 3.0, 60.0], [29.0, 13.0, 60.0], [29.0, 25.0, 60.0], [29.0, 39.0, 60.0], [27.0, 60.0, 38.0], [27.0, 16.0, 2.0], [30.0, 3.0, 48.0], [22.0, 11.0, 60.0], [27.0, 3.0, 12.0], [27.0, 2.0, 2.0], [31.0, 3.0, 32.0], [7.0, 45.0, 7.0], [16.0, 15.0, 60.0], [31.0, 3.0, 20.0], [31.0, 19.0, 20.0], [30.0, 13.0, 47.0], [26.0, 35.0, 48.0], [30.0, 40.0, 40.0], [31.0, 33.0, 36.0], [31.0, 33.0, 22.0], [26.0, 19.0, 26.0], [26.0, 23.0, 36.0], [18.0, 41.0, 60.0], [26.0, 47.0, 16.0], [26.0, 35.0, 20.0], [2.0, 43.0, 55.0], [13.0, 19.0, 16.0], [12.0, 2.0, 54.0], [10.0, 28.0, 33.0], [18.0, 53.0, 52.0], [10.0, 50.0, 54.0], [6.0, 31.0, 59.0], [18.0, 9.0, 14.0], [16.0, 2.0, 56.0], [10.0, 44.0, 42.0], [10.0, 50.0, 19.0], [5.0, 2.0, 2.0], [5.0, 24.0, 2.0], [1.0, 52.0, 2.0], [12.0, 32.0, 43.0], [12.0, 10.0, 8.0], [1.0, 36.0, 2.0], [5.0, 2.0, 16.0], [8.0, 1.0, 18.0], [19.0, 60.0, 31.0], [13.0, 43.0, 1.0], [6.0, 20.0, 22.0], [2.0, 15.0, 20.0], [8.0, 5.0, 60.0], [0.0, 10.0, 39.0], [0.0, 13.0, 32.0], [6.0, 20.0, 50.0], [16.0, 27.0, 18.0], [12.0, 56.0, 3.0], [4.0, 7.0, 60.0], [21.0, 60.0, 2.0], [15.0, 59.0, 2.0], [2.0, 1.0, 44.0], [4.0, 15.0, 61.0], [12.0, 61.0, 28.0], [0.0, 9.0, 53.0], [2.0, 32.0, 48.0], [3.0, 44.0, 31.0], [14.0, 62.0, 53.0], [9.0, 60.0, 50.0], [7.0, 37.0, 44.0], [12.0, 29.0, 61.0], [7.0, 60.0, 60.0], [1.0, 60.0, 54.0], [3.0, 60.0, 32.0], [2.0, 54.0, 18.0], [12.0, 60.0, 63.0], [0.0, 24.0, 63.0]]","[0.9090355038642883, 0.8921533226966858, 0.8043130040168762, 0.7904214262962341, 0.7839609384536743, 0.7735908031463623, 0.7706595063209534, 0.7676201462745667, 0.7654589414596558, 0.7620528936386108, 0.7549582123756409, 0.7538477778434753, 0.752748966217041, 0.7485436201095581, 0.748140811920166, 0.7470913529396057, 0.7468456625938416, 0.7462819814682007, 0.7462499141693115, 0.7457211017608643, 0.7446898818016052, 0.7437832951545715, 0.7431172728538513, 0.7397680282592773, 0.7386338710784912, 0.7344250679016113, 0.7343941926956177, 0.7316391468048096, 0.728495717048645, 0.7188698053359985, 0.6811148524284363, 0.6767106652259827, 0.6740193367004395, 0.6642590761184692, 0.6561466455459595, 0.6537928581237793, 0.6526864171028137, 0.6523874402046204, 0.6522108316421509, 0.646024227142334, 0.6438287496566772, 0.643714189529419, 0.6299158334732056, 0.6266806721687317, 0.6260176301002502, 0.6231095194816589, 0.6201504468917847, 0.6196524500846863, 0.6168742179870605, 0.6129029393196106, 0.5988553166389465, 0.5976120829582214, 0.5888335704803467, 0.5881637334823608, 0.5875068306922913, 0.5831993818283081, 0.5653833746910095, 0.5652599334716797, 0.5648472905158997, 0.5601566433906555, 0.5588304996490479, 0.5582900047302246, 0.5569311380386353, 0.5528342127799988, 0.5417779684066772, 0.5309887528419495, 0.5118300914764404, 0.5086635947227478, 0.4938719570636749, 0.4908211827278137, 0.4874838888645172, 0.4818927049636841, 0.45776721835136414, 0.44149643182754517, 0.4371149241924286, 0.4099760353565216, 0.40601620078086853, 0.4011884033679962]"
variant_F2,train_6bba_t30_p39_isolated,train,6bba_bb9f20c3,30,isolated,0.3,1,66,1,1,1,0.0,0.0,0.0,1,0.0,1,0.9253053069114685,"[[12.0, 32.0, 32.0], [30.0, 17.0, 60.0], [29.0, 60.0, 60.0], [30.0, 3.0, 60.0], [30.0, 37.0, 60.0], [14.0, 29.0, 6.0], [3.0, 24.0, 55.0], [29.0, 3.0, 36.0], [31.0, 17.0, 30.0], [4.0, 48.0, 21.0], [29.0, 60.0, 48.0], [31.0, 59.0, 31.0], [31.0, 59.0, 21.0], [30.0, 2.0, 2.0], [30.0, 19.0, 2.0], [30.0, 12.0, 2.0], [30.0, 47.0, 8.0], [1.0, 54.0, 54.0], [16.0, 41.0, 60.0], [22.0, 2.0, 40.0], [24.0, 11.0, 14.0], [16.0, 21.0, 60.0], [24.0, 25.0, 16.0], [22.0, 13.0, 28.0], [12.0, 27.0, 60.0], [22.0, 15.0, 49.0], [18.0, 59.0, 45.0], [12.0, 9.0, 21.0], [19.0, 55.0, 23.0], [6.0, 33.0, 47.0], [17.0, 4.0, 2.0], [13.0, 2.0, 2.0], [2.0, 2.0, 2.0], [7.0, 2.0, 2.0], [2.0, 1.0, 60.0], [18.0, 17.0, 2.0], [1.0, 14.0, 2.0], [18.0, 27.0, 31.0], [5.0, 30.0, 2.0], [11.0, 18.0, 2.0], [19.0, 43.0, 40.0], [13.0, 48.0, 33.0], [7.0, 18.0, 2.0], [4.0, 40.0, 6.0], [12.0, 12.0, 49.0], [9.0, 60.0, 61.0], [14.0, 20.0, 24.0], [11.0, 45.0, 1.0], [9.0, 59.0, 1.0], [2.0, 29.0, 17.0], [17.0, 4.0, 46.0], [5.0, 1.0, 25.0], [3.0, 59.0, 5.0], [2.0, 16.0, 42.0], [2.0, 31.0, 33.0], [8.0, 56.0, 45.0], [12.0, 45.0, 18.0], [8.0, 47.0, 54.0], [5.0, 60.0, 37.0], [8.0, 33.0, 21.0], [15.0, 49.0, 1.0], [9.0, 60.0, 34.0], [2.0, 42.0, 40.0], [13.0, 60.0, 27.0], [8.0, 45.0, 32.0], [9.0, 1.0, 45.0]]","[0.9253053069114685, 0.821702241897583, 0.8205543756484985, 0.8204476833343506, 0.8204182982444763, 0.8142877221107483, 0.8043239116668701, 0.8036283850669861, 0.802558958530426, 0.7982091307640076, 0.7968112230300903, 0.7931894063949585, 0.792017936706543, 0.7772406935691833, 0.7771822810173035, 0.7767188549041748, 0.7713625431060791, 0.7514608502388, 0.7355855107307434, 0.7303099632263184, 0.7284723520278931, 0.7261015176773071, 0.7255337238311768, 0.7208225727081299, 0.7086238861083984, 0.6963950395584106, 0.6916407346725464, 0.6828787922859192, 0.6801621913909912, 0.6790659427642822, 0.6777797937393188, 0.6754885911941528, 0.6602832078933716, 0.6598957180976868, 0.6538177132606506, 0.6445719003677368, 0.6333066821098328, 0.6298897862434387, 0.629590630531311, 0.627281665802002, 0.6270883679389954, 0.621618390083313, 0.6191014051437378, 0.6109645366668701, 0.5981176495552063, 0.594194233417511, 0.5894962549209595, 0.5816293954849243, 0.5784045457839966, 0.5709307789802551, 0.5704842805862427, 0.57023024559021, 0.5587420463562012, 0.558242678642273, 0.5295108556747437, 0.5269853472709656, 0.5230162739753723, 0.513908326625824, 0.5072016716003418, 0.5029282569885254, 0.49630072712898254, 0.48580145835876465, 0.47404342889785767, 0.4729497730731964, 0.4515990614891052, 0.4461405575275421]"
variant_F2,train_6bba_t20_p40_boundary,train,6bba_bb9f20c3,20,boundary,0.3,1,64,1,1,1,0.8125,0.8125,0.8125,1,0.8125,1,0.7372288107872009,"[[10.0, 36.0, 30.0], [25.0, 60.0, 60.0], [5.0, 59.0, 51.0], [30.0, 3.0, 60.0], [27.0, 59.0, 49.0], [30.0, 25.0, 60.0], [30.0, 48.0, 60.0], [30.0, 13.0, 40.0], [25.0, 13.0, 60.0], [21.0, 23.0, 60.0], [16.0, 39.0, 60.0], [21.0, 39.0, 60.0], [31.0, 59.0, 35.0], [30.0, 47.0, 50.0], [30.0, 25.0, 49.0], [31.0, 3.0, 12.0], [26.0, 47.0, 48.0], [16.0, 13.0, 17.0], [21.0, 27.0, 52.0], [22.0, 51.0, 48.0], [19.0, 13.0, 50.0], [31.0, 15.0, 14.0], [20.0, 47.0, 32.0], [16.0, 37.0, 46.0], [8.0, 31.0, 51.0], [24.0, 2.0, 10.0], [9.0, 1.0, 60.0], [8.0, 22.0, 26.0], [24.0, 11.0, 23.0], [23.0, 59.0, 2.0], [6.0, 13.0, 34.0], [6.0, 20.0, 46.0], [4.0, 30.0, 44.0], [16.0, 52.0, 32.0], [7.0, 59.0, 29.0], [15.0, 60.0, 5.0], [29.0, 43.0, 7.0], [17.0, 37.0, 1.0], [13.0, 14.0, 6.0], [11.0, 60.0, 61.0], [23.0, 39.0, 1.0], [10.0, 13.0, 5.0], [1.0, 53.0, 21.0], [29.0, 59.0, 5.0], [3.0, 7.0, 6.0], [2.0, 37.0, 59.0], [9.0, 1.0, 1.0], [9.0, 60.0, 3.0], [1.0, 27.0, 1.0], [5.0, 44.0, 18.0], [20.0, 22.0, 6.0], [1.0, 39.0, 25.0], [1.0, 55.0, 1.0], [4.0, 56.0, 18.0], [8.0, 46.0, 14.0], [19.0, 0.0, 1.0], [1.0, 46.0, 6.0], [16.0, 60.0, 19.0], [5.0, 44.0, 6.0], [11.0, 60.0, 25.0], [10.0, 51.0, 30.0], [14.0, 1.0, 14.0], [14.0, 1.0, 26.0], [4.0, 63.0, 63.0]]","[0.8886827826499939, 0.7817041277885437, 0.7798634767532349, 0.7797352075576782, 0.7718228101730347, 0.7701724171638489, 0.7701272964477539, 0.7686138153076172, 0.7653006911277771, 0.7617908716201782, 0.7614229321479797, 0.7592914700508118, 0.7587062120437622, 0.7537341117858887, 0.7510790228843689, 0.7416976690292358, 0.7399146556854248, 0.7372288107872009, 0.7363653779029846, 0.7355718016624451, 0.7347053289413452, 0.73462975025177, 0.7173004746437073, 0.6943002343177795, 0.6745311617851257, 0.6717367172241211, 0.6703933477401733, 0.6493801474571228, 0.6452019214630127, 0.6421864628791809, 0.6344030499458313, 0.630062460899353, 0.6140996813774109, 0.6109785437583923, 0.602593719959259, 0.591735303401947, 0.5896169543266296, 0.5855315923690796, 0.5789624452590942, 0.5750600695610046, 0.5710588097572327, 0.5689650177955627, 0.5630417466163635, 0.5614486932754517, 0.5601375102996826, 0.5586307048797607, 0.5550392270088196, 0.5441000461578369, 0.5192768573760986, 0.5019624829292297, 0.4879264533519745, 0.4867973029613495, 0.4767337441444397, 0.471771240234375, 0.4503296911716461, 0.4489039182662964, 0.44596174359321594, 0.4424283504486084, 0.4417513906955719, 0.43651625514030457, 0.41833531856536865, 0.4113808274269104, 0.40525609254837036, 0.40481042861938477]"
variant_F2,train_6bba_t55_p41_boundary,train,6bba_bb9f20c3,55,boundary,0.3,1,85,0,0,0,5.629165124598851,5.629165124598851,,0,,0,0.5219318866729736,"[[3.0, 24.0, 29.0], [4.0, 41.0, 9.0], [8.0, 34.0, 54.0], [23.0, 3.0, 2.0], [29.0, 3.0, 60.0], [29.0, 49.0, 60.0], [22.0, 15.0, 60.0], [29.0, 59.0, 60.0], [22.0, 23.0, 60.0], [25.0, 45.0, 60.0], [31.0, 25.0, 60.0], [29.0, 33.0, 60.0], [27.0, 59.0, 50.0], [29.0, 3.0, 2.0], [22.0, 3.0, 60.0], [29.0, 3.0, 26.0], [31.0, 3.0, 34.0], [27.0, 59.0, 30.0], [31.0, 47.0, 36.0], [31.0, 59.0, 16.0], [31.0, 59.0, 40.0], [31.0, 31.0, 30.0], [31.0, 9.0, 52.0], [31.0, 19.0, 42.0], [31.0, 13.0, 26.0], [29.0, 59.0, 2.0], [31.0, 15.0, 12.0], [31.0, 35.0, 52.0], [31.0, 23.0, 34.0], [31.0, 27.0, 12.0], [31.0, 59.0, 28.0], [31.0, 39.0, 38.0], [31.0, 35.0, 12.0], [31.0, 51.0, 52.0], [31.0, 43.0, 14.0], [29.0, 43.0, 2.0], [27.0, 27.0, 2.0], [25.0, 59.0, 2.0], [27.0, 59.0, 18.0], [27.0, 39.0, 50.0], [23.0, 59.0, 22.0], [27.0, 15.0, 12.0], [27.0, 47.0, 16.0], [22.0, 31.0, 48.0], [22.0, 35.0, 38.0], [24.0, 15.0, 44.0], [24.0, 23.0, 40.0], [22.0, 2.0, 20.0], [24.0, 3.0, 46.0], [24.0, 21.0, 26.0], [14.0, 43.0, 60.0], [8.0, 14.0, 60.0], [1.0, 43.0, 42.0], [10.0, 51.0, 26.0], [10.0, 7.0, 12.0], [16.0, 2.0, 12.0], [6.0, 21.0, 50.0], [4.0, 30.0, 2.0], [6.0, 59.0, 60.0], [16.0, 11.0, 44.0], [8.0, 59.0, 46.0], [8.0, 59.0, 39.0], [10.0, 33.0, 1.0], [6.0, 18.0, 6.0], [4.0, 33.0, 60.0], [2.0, 14.0, 20.0], [2.0, 9.0, 7.0], [14.0, 22.0, 6.0], [18.0, 10.0, 24.0], [1.0, 61.0, 3.0], [6.0, 0.0, 24.0], [10.0, 19.0, 32.0], [5.0, 1.0, 1.0], [11.0, 17.0, 41.0], [1.0, 59.0, 58.0], [8.0, 1.0, 1.0], [0.0, 40.0, 4.0], [11.0, 0.0, 1.0], [0.0, 7.0, 26.0], [1.0, 60.0, 39.0], [0.0, 60.0, 27.0], [14.0, 0.0, 36.0], [6.0, 0.0, 34.0], [12.0, 9.0, 24.0], [6.0, 7.0, 36.0]]","[0.9125574827194214, 0.8853145837783813, 0.7869306802749634, 0.7320172190666199, 0.728022575378418, 0.7234022617340088, 0.7231026291847229, 0.7217046022415161, 0.7216563820838928, 0.721362292766571, 0.7204172015190125, 0.7196767330169678, 0.718676745891571, 0.7179856300354004, 0.7131359577178955, 0.7122986912727356, 0.7121498584747314, 0.71171635389328, 0.7111293077468872, 0.710442841053009, 0.7101044058799744, 0.7100949883460999, 0.7100936770439148, 0.7096378803253174, 0.709287166595459, 0.7090147137641907, 0.7085360288619995, 0.7084661722183228, 0.7084460258483887, 0.7076320052146912, 0.7073097825050354, 0.7070882320404053, 0.7068964242935181, 0.7068113684654236, 0.7063176035881042, 0.7051596641540527, 0.7047074437141418, 0.7044068574905396, 0.7020460963249207, 0.6952024698257446, 0.6949658989906311, 0.6936713457107544, 0.6902589797973633, 0.6857568621635437, 0.684481143951416, 0.682072103023529, 0.6818587183952332, 0.6764445900917053, 0.6750884652137756, 0.6733453273773193, 0.6713932752609253, 0.6675711274147034, 0.6606897115707397, 0.6202025413513184, 0.6175634860992432, 0.6152639389038086, 0.5938932299613953, 0.5933178067207336, 0.5906369686126709, 0.5828238129615784, 0.5710602402687073, 0.5675029754638672, 0.5552873611450195, 0.5546837449073792, 0.5365826487541199, 0.5310550928115845, 0.5305796265602112, 0.529574453830719, 0.5219318866729736, 0.5069680213928223, 0.49959298968315125, 0.49773815274238586, 0.4955596625804901, 0.4943169355392456, 0.4934193789958954, 0.47585225105285645, 0.47408029437065125, 0.4673711955547333, 0.46226176619529724, 0.44715479016304016, 0.43073371052742004, 0.4246307611465454, 0.42442867159843445, 0.41904857754707336, 0.3913729786872864]"
variant_F2,train_6bba_t15_p42_boundary,train,6bba_bb9f20c3,15,boundary,0.3,1,62,1,1,1,0.40625,0.40625,0.40625,1,0.40625,1,0.6849957704544067,"[[22.0, 9.0, 31.0], [29.0, 59.0, 60.0], [8.0, 24.0, 56.0], [27.0, 59.0, 47.0], [29.0, 3.0, 60.0], [29.0, 47.0, 60.0], [27.0, 33.0, 60.0], [29.0, 21.0, 60.0], [25.0, 15.0, 60.0], [29.0, 11.0, 60.0], [31.0, 59.0, 52.0], [20.0, 59.0, 60.0], [23.0, 3.0, 60.0], [30.0, 3.0, 44.0], [30.0, 13.0, 48.0], [12.0, 20.0, 38.0], [26.0, 19.0, 42.0], [31.0, 59.0, 25.0], [31.0, 3.0, 26.0], [31.0, 11.0, 24.0], [30.0, 43.0, 47.0], [20.0, 35.0, 44.0], [31.0, 35.0, 29.0], [26.0, 39.0, 16.0], [31.0, 27.0, 24.0], [18.0, 14.0, 60.0], [7.0, 51.0, 26.0], [16.0, 7.0, 22.0], [6.0, 50.0, 49.0], [6.0, 1.0, 60.0], [25.0, 51.0, 2.0], [22.0, 2.0, 16.0], [24.0, 9.0, 2.0], [6.0, 16.0, 50.0], [10.0, 8.0, 30.0], [29.0, 53.0, 1.0], [4.0, 38.0, 40.0], [12.0, 1.0, 60.0], [13.0, 58.0, 21.0], [10.0, 1.0, 48.0], [14.0, 9.0, 7.0], [6.0, 13.0, 28.0], [5.0, 8.0, 6.0], [9.0, 59.0, 5.0], [20.0, 22.0, 21.0], [13.0, 33.0, 1.0], [2.0, 9.0, 53.0], [12.0, 38.0, 48.0], [7.0, 31.0, 6.0], [10.0, 44.0, 60.0], [15.0, 59.0, 6.0], [3.0, 27.0, 27.0], [2.0, 54.0, 34.0], [6.0, 38.0, 18.0], [1.0, 25.0, 1.0], [1.0, 62.0, 46.0], [1.0, 41.0, 20.0], [1.0, 59.0, 4.0], [3.0, 56.0, 15.0], [6.0, 60.0, 63.0], [7.0, 59.0, 36.0], [2.0, 31.0, 61.0]]","[0.8185880780220032, 0.7782759666442871, 0.7778667211532593, 0.7710838317871094, 0.7680155038833618, 0.7674094438552856, 0.7636474967002869, 0.7632522583007812, 0.7628745436668396, 0.7622949481010437, 0.7601675987243652, 0.7592947483062744, 0.7592070698738098, 0.759136974811554, 0.7562374472618103, 0.7483062148094177, 0.7463417649269104, 0.7462992072105408, 0.7425142526626587, 0.7415140867233276, 0.7405465841293335, 0.7398132085800171, 0.7338031530380249, 0.7312097549438477, 0.7310648560523987, 0.7183913588523865, 0.7086064219474792, 0.6849957704544067, 0.6835694313049316, 0.6590465307235718, 0.6571924686431885, 0.656424343585968, 0.6557764410972595, 0.653797447681427, 0.6487418413162231, 0.6405578255653381, 0.6387566924095154, 0.6373659372329712, 0.6252276301383972, 0.6163997650146484, 0.6156901121139526, 0.6145484447479248, 0.6142101287841797, 0.5978375673294067, 0.5968813896179199, 0.593317449092865, 0.5822111368179321, 0.5740052461624146, 0.5693621039390564, 0.5378080606460571, 0.5339961051940918, 0.532143235206604, 0.5289306044578552, 0.5243897438049316, 0.5181924104690552, 0.5171980857849121, 0.5151339173316956, 0.49750542640686035, 0.4678090512752533, 0.43812626600265503, 0.42942720651626587, 0.41639718413352966]"
variant_F2,train_6bba_t55_p43_boundary,train,6bba_bb9f20c3,55,boundary,0.3,1,83,1,1,1,0.0,0.0,0.0,1,0.0,1,0.885057806968689,"[[3.0, 32.0, 32.0], [14.0, 8.0, 55.0], [10.0, 52.0, 5.0], [10.0, 40.0, 55.0], [27.0, 59.0, 60.0], [27.0, 3.0, 60.0], [27.0, 11.0, 60.0], [23.0, 2.0, 2.0], [29.0, 47.0, 60.0], [27.0, 27.0, 60.0], [22.0, 51.0, 60.0], [27.0, 59.0, 47.0], [27.0, 59.0, 36.0], [23.0, 2.0, 48.0], [3.0, 53.0, 5.0], [31.0, 59.0, 29.0], [27.0, 3.0, 10.0], [31.0, 59.0, 11.0], [7.0, 42.0, 21.0], [27.0, 11.0, 52.0], [27.0, 15.0, 2.0], [31.0, 39.0, 10.0], [31.0, 11.0, 20.0], [23.0, 37.0, 22.0], [31.0, 3.0, 36.0], [27.0, 45.0, 52.0], [27.0, 37.0, 30.0], [31.0, 31.0, 16.0], [29.0, 47.0, 2.0], [31.0, 15.0, 12.0], [31.0, 15.0, 36.0], [31.0, 23.0, 30.0], [27.0, 11.0, 12.0], [31.0, 35.0, 36.0], [31.0, 35.0, 28.0], [31.0, 19.0, 19.0], [27.0, 37.0, 52.0], [20.0, 25.0, 60.0], [27.0, 31.0, 2.0], [22.0, 51.0, 48.0], [24.0, 3.0, 26.0], [24.0, 11.0, 26.0], [22.0, 23.0, 36.0], [18.0, 35.0, 1.0], [18.0, 11.0, 15.0], [26.0, 43.0, 14.0], [5.0, 59.0, 43.0], [10.0, 23.0, 44.0], [17.0, 59.0, 53.0], [9.0, 22.0, 5.0], [5.0, 23.0, 2.0], [1.0, 15.0, 2.0], [13.0, 21.0, 16.0], [1.0, 55.0, 57.0], [4.0, 48.0, 34.0], [11.0, 33.0, 1.0], [18.0, 62.0, 6.0], [1.0, 33.0, 1.0], [4.0, 7.0, 33.0], [8.0, 19.0, 34.0], [0.0, 2.0, 21.0], [4.0, 19.0, 58.0], [14.0, 7.0, 28.0], [14.0, 45.0, 1.0], [7.0, 58.0, 54.0], [9.0, 29.0, 58.0], [14.0, 38.0, 38.0], [11.0, 60.0, 23.0], [4.0, 8.0, 55.0], [12.0, 55.0, 60.0], [9.0, 1.0, 16.0], [2.0, 20.0, 22.0], [3.0, 0.0, 52.0], [2.0, 39.0, 60.0], [9.0, 9.0, 61.0], [4.0, 56.0, 56.0], [12.0, 11.0, 6.0], [0.0, 61.0, 40.0], [8.0, 4.0, 7.0], [6.0, 20.0, 46.0], [0.0, 28.0, 52.0], [9.0, 17.0, 60.0], [3.0, 36.0, 47.0]]","[0.885057806968689, 0.8378720879554749, 0.8125595450401306, 0.7847118973731995, 0.7657034397125244, 0.7654874920845032, 0.7633491158485413, 0.7561594247817993, 0.7533366680145264, 0.7520470023155212, 0.7517387866973877, 0.7502065896987915, 0.7482724189758301, 0.7457017302513123, 0.7449195384979248, 0.7401746511459351, 0.7390545606613159, 0.7386060953140259, 0.7377216219902039, 0.73634934425354, 0.731987714767456, 0.7293950319290161, 0.7292582392692566, 0.728693962097168, 0.7285555005073547, 0.728549063205719, 0.7283948063850403, 0.728309154510498, 0.7282792925834656, 0.7281860709190369, 0.7280688881874084, 0.7280375361442566, 0.7280359864234924, 0.7279254794120789, 0.7278516888618469, 0.7278226613998413, 0.7262682914733887, 0.7255171537399292, 0.7252291440963745, 0.7233743667602539, 0.7218561768531799, 0.7187536954879761, 0.7139407396316528, 0.7110419273376465, 0.7090635299682617, 0.7068421840667725, 0.6996791958808899, 0.6826547384262085, 0.679699182510376, 0.6366620063781738, 0.633017361164093, 0.6281368732452393, 0.6268333792686462, 0.6149653196334839, 0.613671064376831, 0.6135032773017883, 0.6121425628662109, 0.6102906465530396, 0.6069477796554565, 0.5890915989875793, 0.573060929775238, 0.5686362981796265, 0.549142599105835, 0.5436354875564575, 0.5409234166145325, 0.5367875099182129, 0.5334593653678894, 0.5289170145988464, 0.5192131400108337, 0.5116608738899231, 0.5020242929458618, 0.5012006759643555, 0.4920707643032074, 0.47286394238471985, 0.4710565507411957, 0.46753498911857605, 0.45586079359054565, 0.4512726366519928, 0.44854816794395447, 0.4481106102466583, 0.43453794717788696, 0.4320063292980194, 0.4254544973373413]"
variant_F2,train_44b6_t40_p01_crowded,train,44b6_d29c9ab2,40,crowded,0.3,2,65,0,2,2,1.7926220776090096,1.7926220776090096,1.7926220776090096,2,1.7926220776090096,2,0.681104838848114,"[[12.0, 15.0, 39.0], [18.0, 29.0, 4.0], [4.0, 36.0, 60.0], [2.0, 3.0, 60.0], [3.0, 60.0, 60.0], [2.0, 15.0, 24.0], [2.0, 3.0, 2.0], [19.0, 55.0, 40.0], [18.0, 16.0, 44.0], [2.0, 3.0, 44.0], [3.0, 43.0, 46.0], [13.0, 57.0, 37.0], [6.0, 14.0, 56.0], [1.0, 59.0, 2.0], [8.0, 29.0, 29.0], [27.0, 55.0, 45.0], [10.0, 27.0, 60.0], [5.0, 60.0, 2.0], [13.0, 33.0, 50.0], [12.0, 7.0, 60.0], [2.0, 44.0, 16.0], [5.0, 41.0, 12.0], [11.0, 39.0, 2.0], [21.0, 59.0, 2.0], [21.0, 47.0, 16.0], [21.0, 51.0, 2.0], [28.0, 26.0, 46.0], [2.0, 33.0, 29.0], [29.0, 2.0, 2.0], [28.0, 20.0, 21.0], [14.0, 9.0, 2.0], [28.0, 48.0, 38.0], [17.0, 1.0, 18.0], [31.0, 59.0, 2.0], [20.0, 29.0, 53.0], [16.0, 31.0, 34.0], [31.0, 59.0, 24.0], [22.0, 28.0, 60.0], [31.0, 2.0, 46.0], [25.0, 36.0, 29.0], [20.0, 38.0, 48.0], [6.0, 61.0, 29.0], [22.0, 17.0, 54.0], [10.0, 51.0, 24.0], [17.0, 1.0, 30.0], [22.0, 59.0, 54.0], [30.0, 14.0, 60.0], [24.0, 30.0, 20.0], [31.0, 59.0, 60.0], [27.0, 11.0, 38.0], [24.0, 16.0, 40.0], [20.0, 1.0, 53.0], [22.0, 1.0, 40.0], [26.0, 1.0, 55.0], [4.0, 52.0, 26.0], [31.0, 45.0, 60.0], [23.0, 25.0, 1.0], [24.0, 17.0, 18.0], [20.0, 7.0, 1.0], [30.0, 27.0, 61.0], [30.0, 25.0, 36.0], [29.0, 38.0, 13.0], [24.0, 6.0, 22.0], [26.0, 12.0, 61.0], [26.0, 40.0, 53.0]]","[0.8938959240913391, 0.8818785548210144, 0.835527777671814, 0.8353545665740967, 0.823431670665741, 0.8223928809165955, 0.8181134462356567, 0.8155808448791504, 0.8134279251098633, 0.810916006565094, 0.8084684014320374, 0.8050899505615234, 0.7821305990219116, 0.780029296875, 0.7787915468215942, 0.7772077918052673, 0.7764720320701599, 0.7679431438446045, 0.7575288414955139, 0.7544816136360168, 0.7478111982345581, 0.7405482530593872, 0.7309556603431702, 0.7157411575317383, 0.7117353677749634, 0.7078214287757874, 0.6992895007133484, 0.6918132305145264, 0.6909226179122925, 0.690578043460846, 0.6874909996986389, 0.6810431480407715, 0.6806821227073669, 0.676932156085968, 0.6750150322914124, 0.6716316342353821, 0.6608971357345581, 0.6608873009681702, 0.6605746746063232, 0.658028244972229, 0.6487926244735718, 0.6483787894248962, 0.6477296352386475, 0.6457517147064209, 0.6455642580986023, 0.6344770193099976, 0.6314139366149902, 0.6311394572257996, 0.628807544708252, 0.6161367297172546, 0.6146050691604614, 0.6142534613609314, 0.6126947999000549, 0.6101537346839905, 0.6040936708450317, 0.5692354440689087, 0.5660983324050903, 0.5589950680732727, 0.5541196465492249, 0.5483642816543579, 0.5328973531723022, 0.532288134098053, 0.5133189558982849, 0.48669618368148804, 0.4609163701534271]"
variant_F2,train_44b6_t45_p02_crowded,train,44b6_d29c9ab2,45,crowded,0.3,2,74,2,2,2,0.4542013079296448,0.4542013079296448,0.4542013079296448,2,0.4542013079296448,2,0.7124424278736115,"[[24.0, 17.0, 38.0], [30.0, 40.0, 9.0], [2.0, 3.0, 60.0], [3.0, 59.0, 60.0], [2.0, 3.0, 48.0], [2.0, 3.0, 40.0], [7.0, 35.0, 32.0], [2.0, 39.0, 60.0], [9.0, 33.0, 60.0], [2.0, 20.0, 36.0], [16.0, 49.0, 32.0], [2.0, 17.0, 20.0], [20.0, 26.0, 56.0], [9.0, 49.0, 46.0], [3.0, 38.0, 12.0], [13.0, 42.0, 52.0], [11.0, 17.0, 48.0], [6.0, 15.0, 23.0], [2.0, 43.0, 48.0], [11.0, 2.0, 2.0], [0.0, 45.0, 26.0], [18.0, 51.0, 60.0], [6.0, 2.0, 12.0], [20.0, 9.0, 60.0], [1.0, 60.0, 2.0], [20.0, 38.0, 24.0], [30.0, 28.0, 52.0], [11.0, 26.0, 2.0], [14.0, 33.0, 1.0], [7.0, 59.0, 2.0], [10.0, 52.0, 24.0], [12.0, 7.0, 18.0], [19.0, 1.0, 24.0], [29.0, 60.0, 60.0], [26.0, 21.0, 60.0], [8.0, 31.0, 14.0], [17.0, 1.0, 6.0], [20.0, 34.0, 4.0], [26.0, 39.0, 60.0], [10.0, 41.0, 14.0], [11.0, 62.0, 34.0], [0.0, 2.0, 2.0], [31.0, 40.0, 60.0], [30.0, 52.0, 10.0], [23.0, 12.0, 12.0], [22.0, 2.0, 6.0], [30.0, 22.0, 24.0], [16.0, 7.0, 41.0], [20.0, 59.0, 44.0], [29.0, 59.0, 18.0], [19.0, 16.0, 2.0], [29.0, 3.0, 1.0], [18.0, 28.0, 14.0], [14.0, 48.0, 2.0], [18.0, 32.0, 43.0], [30.0, 7.0, 60.0], [24.0, 10.0, 26.0], [25.0, 3.0, 61.0], [30.0, 38.0, 34.0], [24.0, 46.0, 35.0], [27.0, 33.0, 48.0], [18.0, 15.0, 25.0], [16.0, 42.0, 20.0], [27.0, 29.0, 1.0], [30.0, 1.0, 20.0], [30.0, 50.0, 42.0], [30.0, 61.0, 44.0], [30.0, 10.0, 21.0], [22.0, 62.0, 19.0], [30.0, 60.0, 33.0], [23.0, 24.0, 51.0], [30.0, 17.0, 39.0], [30.0, 9.0, 32.0], [14.0, 59.0, 22.0]]","[0.9237399101257324, 0.9013451337814331, 0.8327980041503906, 0.8288981914520264, 0.8101658821105957, 0.8088961839675903, 0.8013954758644104, 0.7915416955947876, 0.7883203029632568, 0.7744346261024475, 0.7738892436027527, 0.77120441198349, 0.7708913087844849, 0.7652978897094727, 0.7631316184997559, 0.762678861618042, 0.7594519853591919, 0.7467330694198608, 0.7447649836540222, 0.7396113276481628, 0.7365462183952332, 0.7249632477760315, 0.7218111753463745, 0.7183674573898315, 0.7127395272254944, 0.7100655436515808, 0.7056136131286621, 0.7029892802238464, 0.6978226900100708, 0.6975481510162354, 0.6831404566764832, 0.6694494485855103, 0.6671839952468872, 0.6650429368019104, 0.6611194014549255, 0.6608594059944153, 0.6599118709564209, 0.6580246090888977, 0.6556615233421326, 0.6514824628829956, 0.6509956121444702, 0.6505775451660156, 0.6490127444267273, 0.6469507813453674, 0.6404797434806824, 0.6374837160110474, 0.6370286345481873, 0.6323724985122681, 0.6245644688606262, 0.6206432580947876, 0.6133928894996643, 0.6105778217315674, 0.6095636487007141, 0.6060166954994202, 0.6047405004501343, 0.6032493710517883, 0.6017645597457886, 0.591158926486969, 0.5904412269592285, 0.5840641260147095, 0.5715476870536804, 0.5580543875694275, 0.550980806350708, 0.538231372833252, 0.5368098020553589, 0.534251868724823, 0.5320745706558228, 0.5077725052833557, 0.4842180609703064, 0.477365642786026, 0.4770946204662323, 0.4766910672187805, 0.4696318805217743, 0.4617205858230591]"
variant_F2,train_44b6_t55_p03_crowded,train,44b6_d29c9ab2,55,crowded,0.3,3,74,2,3,3,0.8913904586919367,0.40625,0.8913904586919367,3,0.8913904586919367,3,0.7733587423960367,"[[3.0, 59.0, 60.0], [3.0, 45.0, 60.0], [2.0, 37.0, 60.0], [4.0, 24.0, 10.0], [2.0, 49.0, 40.0], [15.0, 53.0, 27.0], [2.0, 36.0, 48.0], [30.0, 37.0, 43.0], [16.0, 31.0, 32.0], [2.0, 2.0, 2.0], [3.0, 61.0, 18.0], [22.0, 43.0, 17.0], [2.0, 9.0, 10.0], [2.0, 2.0, 52.0], [6.0, 2.0, 60.0], [14.0, 3.0, 60.0], [12.0, 33.0, 48.0], [7.0, 12.0, 48.0], [11.0, 2.0, 2.0], [20.0, 7.0, 13.0], [31.0, 49.0, 60.0], [17.0, 36.0, 8.0], [15.0, 2.0, 34.0], [10.0, 53.0, 49.0], [6.0, 2.0, 42.0], [11.0, 2.0, 10.0], [17.0, 20.0, 49.0], [21.0, 39.0, 60.0], [27.0, 59.0, 60.0], [23.0, 59.0, 60.0], [21.0, 9.0, 40.0], [30.0, 11.0, 28.0], [18.0, 47.0, 60.0], [10.0, 2.0, 33.0], [26.0, 20.0, 30.0], [16.0, 59.0, 60.0], [3.0, 60.0, 2.0], [13.0, 22.0, 2.0], [6.0, 47.0, 7.0], [22.0, 2.0, 30.0], [1.0, 37.0, 16.0], [14.0, 15.0, 22.0], [30.0, 59.0, 18.0], [30.0, 2.0, 60.0], [31.0, 22.0, 2.0], [25.0, 58.0, 28.0], [30.0, 2.0, 16.0], [27.0, 61.0, 18.0], [8.0, 24.0, 31.0], [24.0, 23.0, 60.0], [23.0, 51.0, 50.0], [11.0, 59.0, 2.0], [30.0, 17.0, 60.0], [31.0, 61.0, 2.0], [19.0, 59.0, 40.0], [31.0, 35.0, 59.0], [21.0, 59.0, 4.0], [1.0, 36.0, 2.0], [26.0, 46.0, 5.0], [30.0, 35.0, 18.0], [25.0, 1.0, 2.0], [27.0, 16.0, 49.0], [7.0, 40.0, 21.0], [24.0, 36.0, 8.0], [27.0, 33.0, 2.0], [22.0, 19.0, 17.0], [24.0, 13.0, 1.0], [31.0, 62.0, 50.0], [16.0, 45.0, 18.0], [24.0, 26.0, 15.0], [29.0, 1.0, 45.0], [24.0, 32.0, 24.0], [31.0, 39.0, 1.0], [24.0, 0.0, 50.0]]","[0.8573602437973022, 0.852342963218689, 0.8493099212646484, 0.8463848233222961, 0.8386543393135071, 0.83043372631073, 0.8263847827911377, 0.8259775042533875, 0.815990149974823, 0.8113612532615662, 0.7987080812454224, 0.798090934753418, 0.7969760298728943, 0.7934413552284241, 0.7833212614059448, 0.7829359173774719, 0.7804834246635437, 0.7570335268974304, 0.7533981204032898, 0.7529037594795227, 0.7501115798950195, 0.7488916516304016, 0.7488723993301392, 0.7472530603408813, 0.7461763620376587, 0.7438042759895325, 0.7430301308631897, 0.7419014573097229, 0.7410470247268677, 0.7388516068458557, 0.7336828112602234, 0.7332348227500916, 0.7249130010604858, 0.7218883037567139, 0.7213010191917419, 0.7169473171234131, 0.7154496312141418, 0.712089478969574, 0.695746660232544, 0.6931703090667725, 0.6916505694389343, 0.6913986206054688, 0.6912399530410767, 0.6904175281524658, 0.6903600692749023, 0.6897640228271484, 0.6839323043823242, 0.6825324892997742, 0.6781085729598999, 0.6779394149780273, 0.6763193607330322, 0.670475423336029, 0.6704068779945374, 0.6660057902336121, 0.6496347188949585, 0.643019437789917, 0.6429141759872437, 0.6349186301231384, 0.6314601302146912, 0.629952073097229, 0.6288420557975769, 0.6176478862762451, 0.6005262136459351, 0.5983663201332092, 0.5965743660926819, 0.5964187383651733, 0.5851487517356873, 0.5722742676734924, 0.5630030632019043, 0.5564010143280029, 0.5545276403427124, 0.5094855427742004, 0.5074843764305115, 0.42048051953315735]"
variant_F2,train_44b6_t40_p04_crowded,train,44b6_d29c9ab2,40,crowded,0.3,3,80,3,3,3,0.0,0.0,0.0,3,0.0,3,0.8217294414838155,"[[16.0, 32.0, 32.0], [16.0, 10.0, 36.0], [12.0, 38.0, 56.0], [18.0, 49.0, 61.0], [12.0, 38.0, 12.0], [3.0, 56.0, 47.0], [4.0, 34.0, 28.0], [6.0, 10.0, 12.0], [7.0, 53.0, 13.0], [31.0, 3.0, 50.0], [27.0, 60.0, 2.0], [29.0, 3.0, 2.0], [27.0, 59.0, 20.0], [31.0, 59.0, 10.0], [31.0, 59.0, 60.0], [31.0, 59.0, 28.0], [30.0, 20.0, 2.0], [23.0, 51.0, 2.0], [23.0, 35.0, 2.0], [31.0, 41.0, 60.0], [28.0, 2.0, 60.0], [29.0, 35.0, 2.0], [31.0, 19.0, 34.0], [31.0, 15.0, 24.0], [23.0, 27.0, 12.0], [29.0, 3.0, 24.0], [31.0, 29.0, 34.0], [30.0, 50.0, 2.0], [31.0, 27.0, 24.0], [29.0, 3.0, 12.0], [27.0, 59.0, 40.0], [31.0, 47.0, 48.0], [27.0, 27.0, 20.0], [31.0, 37.0, 50.0], [31.0, 25.0, 60.0], [27.0, 21.0, 28.0], [27.0, 11.0, 24.0], [27.0, 43.0, 10.0], [24.0, 47.0, 61.0], [27.0, 47.0, 48.0], [8.0, 7.0, 59.0], [22.0, 49.0, 20.0], [10.0, 17.0, 4.0], [22.0, 47.0, 32.0], [9.0, 50.0, 40.0], [23.0, 19.0, 60.0], [8.0, 18.0, 44.0], [16.0, 31.0, 56.0], [12.0, 28.0, 2.0], [16.0, 24.0, 22.0], [1.0, 2.0, 60.0], [12.0, 29.0, 46.0], [1.0, 5.0, 1.0], [3.0, 30.0, 53.0], [2.0, 13.0, 61.0], [5.0, 29.0, 1.0], [2.0, 46.0, 34.0], [12.0, 50.0, 52.0], [2.0, 12.0, 31.0], [1.0, 24.0, 1.0], [6.0, 2.0, 2.0], [12.0, 1.0, 50.0], [10.0, 25.0, 24.0], [10.0, 44.0, 30.0], [1.0, 1.0, 20.0], [16.0, 51.0, 10.0], [0.0, 17.0, 22.0], [1.0, 62.0, 25.0], [1.0, 59.0, 2.0], [8.0, 2.0, 34.0], [1.0, 35.0, 9.0], [13.0, 1.0, 20.0], [4.0, 7.0, 46.0], [13.0, 60.0, 61.0], [2.0, 50.0, 20.0], [6.0, 60.0, 61.0], [9.0, 57.0, 28.0], [1.0, 45.0, 60.0], [1.0, 47.0, 1.0], [2.0, 57.0, 58.0]]","[0.9513195157051086, 0.8806000351905823, 0.8389540314674377, 0.8124492168426514, 0.8064695000648499, 0.7970507740974426, 0.7953957915306091, 0.7944341897964478, 0.7613120079040527, 0.7609602808952332, 0.7587258219718933, 0.7568485140800476, 0.7546216249465942, 0.7532205581665039, 0.7523010969161987, 0.749558687210083, 0.7475543022155762, 0.746971607208252, 0.7454918026924133, 0.7446488738059998, 0.7441632747650146, 0.7437539100646973, 0.743402898311615, 0.743206262588501, 0.74283367395401, 0.7425118088722229, 0.7424216270446777, 0.7422328591346741, 0.7418620586395264, 0.7417349219322205, 0.7407546043395996, 0.740460216999054, 0.7388373613357544, 0.7383854389190674, 0.7379547953605652, 0.7378352284431458, 0.7366915345191956, 0.7364861369132996, 0.7272056341171265, 0.7246741652488708, 0.7184730172157288, 0.7139977812767029, 0.7119083404541016, 0.706798791885376, 0.688338041305542, 0.6873574256896973, 0.68606036901474, 0.6772100925445557, 0.644049346446991, 0.6378039717674255, 0.6353325247764587, 0.6326904892921448, 0.630284309387207, 0.6294528841972351, 0.6112679243087769, 0.6111536622047424, 0.6076914668083191, 0.5945205092430115, 0.5832895040512085, 0.5786352157592773, 0.5770700573921204, 0.5764190554618835, 0.5746607780456543, 0.5741780996322632, 0.5710814595222473, 0.5707844495773315, 0.5683088898658752, 0.5592889785766602, 0.558607280254364, 0.5565176606178284, 0.5089718103408813, 0.5028160214424133, 0.502683699131012, 0.49719080328941345, 0.4941329061985016, 0.4754757881164551, 0.4578331708908081, 0.4497300088405609, 0.4328238368034363, 0.4070160984992981]"
variant_F2,train_44b6_t15_p05_crowded,train,44b6_d29c9ab2,15,crowded,0.3,3,63,2,2,2,3.4854399874810156,0.40625,0.203125,2,0.203125,2,0.8285203576087952,"[[16.0, 32.0, 35.0], [10.0, 13.0, 22.0], [30.0, 37.0, 32.0], [20.0, 21.0, 59.0], [2.0, 3.0, 60.0], [26.0, 39.0, 59.0], [2.0, 23.0, 60.0], [21.0, 9.0, 17.0], [2.0, 53.0, 60.0], [2.0, 3.0, 48.0], [24.0, 42.0, 30.0], [13.0, 28.0, 52.0], [2.0, 27.0, 48.0], [20.0, 53.0, 9.0], [13.0, 44.0, 25.0], [5.0, 2.0, 16.0], [5.0, 33.0, 2.0], [3.0, 17.0, 2.0], [27.0, 58.0, 30.0], [1.0, 2.0, 2.0], [1.0, 59.0, 24.0], [5.0, 51.0, 41.0], [31.0, 59.0, 2.0], [17.0, 11.0, 50.0], [18.0, 51.0, 60.0], [7.0, 35.0, 12.0], [30.0, 10.0, 13.0], [17.0, 59.0, 38.0], [19.0, 47.0, 52.0], [13.0, 2.0, 2.0], [10.0, 8.0, 2.0], [13.0, 12.0, 2.0], [15.0, 59.0, 2.0], [31.0, 49.0, 36.0], [28.0, 54.0, 57.0], [25.0, 2.0, 1.0], [20.0, 45.0, 2.0], [30.0, 28.0, 22.0], [20.0, 2.0, 8.0], [31.0, 36.0, 47.0], [30.0, 1.0, 46.0], [31.0, 13.0, 32.0], [23.0, 26.0, 17.0], [30.0, 13.0, 44.0], [31.0, 1.0, 30.0], [20.0, 35.0, 16.0], [16.0, 31.0, 1.0], [23.0, 59.0, 44.0], [24.0, 3.0, 44.0], [29.0, 18.0, 54.0], [21.0, 59.0, 61.0], [30.0, 1.0, 1.0], [31.0, 29.0, 60.0], [26.0, 17.0, 43.0], [31.0, 59.0, 28.0], [22.0, 27.0, 43.0], [24.0, 8.0, 60.0], [24.0, 1.0, 32.0], [20.0, 17.0, 30.0], [22.0, 35.0, 60.0], [22.0, 52.0, 20.0], [18.0, 21.0, 8.0], [16.0, 1.0, 33.0]]","[0.9344806671142578, 0.8976386189460754, 0.8355922698974609, 0.8277507424354553, 0.8207420706748962, 0.812508761882782, 0.81141197681427, 0.8099946975708008, 0.8052767515182495, 0.7989397048950195, 0.7940970659255981, 0.7927005887031555, 0.7844870686531067, 0.7740051746368408, 0.7583798170089722, 0.7495809197425842, 0.7430421113967896, 0.7423191070556641, 0.7230932116508484, 0.720677375793457, 0.7148972749710083, 0.7014774084091187, 0.7000378370285034, 0.6942393779754639, 0.6938636898994446, 0.6859191060066223, 0.6751919984817505, 0.6737175583839417, 0.6733983159065247, 0.6656942963600159, 0.6640247106552124, 0.6634522676467896, 0.6595295071601868, 0.6554733514785767, 0.642008900642395, 0.6410132050514221, 0.639956533908844, 0.6372057795524597, 0.6320921778678894, 0.6301998496055603, 0.6264484524726868, 0.6245018839836121, 0.6171424984931946, 0.6162787675857544, 0.6146260499954224, 0.6115686893463135, 0.6099613308906555, 0.6086902618408203, 0.602828323841095, 0.5977798104286194, 0.5963007211685181, 0.5874181389808655, 0.585965096950531, 0.5671944618225098, 0.5663308501243591, 0.5428161025047302, 0.5172000527381897, 0.5112324357032776, 0.49478477239608765, 0.47449615597724915, 0.451706200838089, 0.4377763271331787, 0.4282775819301605]"
variant_F2,train_44b6_t20_p06_crowded,train,44b6_d29c9ab2,20,crowded,0.3,2,77,2,2,2,0.203125,0.203125,0.203125,2,0.203125,2,0.8712897598743439,"[[20.0, 27.0, 44.0], [16.0, 27.0, 32.0], [24.0, 47.0, 58.0], [10.0, 26.0, 24.0], [2.0, 3.0, 60.0], [25.0, 20.0, 26.0], [30.0, 27.0, 43.0], [2.0, 19.0, 60.0], [2.0, 49.0, 60.0], [3.0, 59.0, 60.0], [2.0, 39.0, 60.0], [2.0, 3.0, 48.0], [2.0, 23.0, 32.0], [24.0, 42.0, 23.0], [3.0, 59.0, 46.0], [2.0, 15.0, 2.0], [5.0, 40.0, 38.0], [2.0, 3.0, 2.0], [6.0, 11.0, 44.0], [7.0, 15.0, 34.0], [6.0, 21.0, 48.0], [1.0, 2.0, 12.0], [17.0, 15.0, 60.0], [9.0, 14.0, 2.0], [1.0, 47.0, 14.0], [6.0, 27.0, 12.0], [15.0, 17.0, 2.0], [19.0, 11.0, 2.0], [17.0, 29.0, 60.0], [15.0, 2.0, 60.0], [7.0, 39.0, 20.0], [17.0, 15.0, 10.0], [12.0, 33.0, 46.0], [24.0, 5.0, 5.0], [1.0, 50.0, 2.0], [18.0, 50.0, 44.0], [17.0, 60.0, 60.0], [5.0, 3.0, 19.0], [24.0, 55.0, 2.0], [22.0, 1.0, 52.0], [10.0, 1.0, 20.0], [12.0, 1.0, 36.0], [8.0, 47.0, 1.0], [17.0, 59.0, 2.0], [24.0, 34.0, 14.0], [28.0, 23.0, 61.0], [30.0, 7.0, 45.0], [25.0, 1.0, 30.0], [30.0, 41.0, 61.0], [1.0, 59.0, 1.0], [11.0, 59.0, 61.0], [14.0, 53.0, 29.0], [30.0, 55.0, 61.0], [16.0, 44.0, 17.0], [30.0, 57.0, 34.0], [30.0, 1.0, 2.0], [30.0, 13.0, 23.0], [22.0, 36.0, 54.0], [18.0, 2.0, 42.0], [13.0, 60.0, 43.0], [27.0, 59.0, 36.0], [30.0, 13.0, 61.0], [31.0, 39.0, 50.0], [27.0, 59.0, 60.0], [18.0, 14.0, 36.0], [30.0, 20.0, 2.0], [28.0, 39.0, 9.0], [18.0, 44.0, 26.0], [16.0, 39.0, 36.0], [29.0, 59.0, 1.0], [30.0, 56.0, 18.0], [28.0, 16.0, 36.0], [20.0, 59.0, 47.0], [30.0, 1.0, 61.0], [23.0, 62.0, 23.0], [26.0, 61.0, 47.0], [26.0, 29.0, 36.0]]","[0.8881313800811768, 0.854448139667511, 0.8510497808456421, 0.8432915210723877, 0.8273131847381592, 0.8265557885169983, 0.8224985003471375, 0.8112714290618896, 0.809406578540802, 0.8092595934867859, 0.807659387588501, 0.8057768940925598, 0.8011845350265503, 0.7991159558296204, 0.7950187921524048, 0.7867502570152283, 0.7839030623435974, 0.7753257155418396, 0.7742652893066406, 0.7736256718635559, 0.7732179760932922, 0.7576227188110352, 0.7566475868225098, 0.7470460534095764, 0.7468114495277405, 0.7455808520317078, 0.7451269626617432, 0.7369397282600403, 0.7300900816917419, 0.723581075668335, 0.7135989665985107, 0.7123138308525085, 0.7067107558250427, 0.7060152888298035, 0.6920662522315979, 0.6902571320533752, 0.6866480708122253, 0.6854757070541382, 0.675283670425415, 0.6644158959388733, 0.6637400388717651, 0.6627729535102844, 0.6606501340866089, 0.6543853282928467, 0.6493929624557495, 0.6443403959274292, 0.6423799991607666, 0.6415076851844788, 0.6414624452590942, 0.6395000219345093, 0.6301562786102295, 0.6272771954536438, 0.6230981945991516, 0.6212968826293945, 0.6211372017860413, 0.6152455806732178, 0.609524667263031, 0.6063029766082764, 0.6040419936180115, 0.6023744940757751, 0.5946976542472839, 0.5929663777351379, 0.5893564820289612, 0.5827420353889465, 0.5806216597557068, 0.575971245765686, 0.5759102702140808, 0.5664717555046082, 0.5580190420150757, 0.5546960830688477, 0.5318096876144409, 0.49675339460372925, 0.4870043396949768, 0.48460525274276733, 0.4845704138278961, 0.48272502422332764, 0.468892365694046]"
variant_F2,train_44b6_t40_p07_crowded,train,44b6_d29c9ab2,40,crowded,0.3,2,66,1,2,2,1.0406308302035874,1.0406308302035874,1.0406308302035874,2,1.0406308302035874,2,0.7335259914398193,"[[12.0, 17.0, 45.0], [10.0, 40.0, 31.0], [16.0, 31.0, 32.0], [24.0, 40.0, 48.0], [2.0, 3.0, 60.0], [3.0, 59.0, 60.0], [2.0, 23.0, 60.0], [2.0, 47.0, 60.0], [2.0, 3.0, 2.0], [2.0, 19.0, 24.0], [3.0, 59.0, 51.0], [2.0, 3.0, 48.0], [2.0, 3.0, 12.0], [4.0, 49.0, 4.0], [2.0, 23.0, 48.0], [2.0, 19.0, 2.0], [4.0, 47.0, 48.0], [24.0, 13.0, 53.0], [2.0, 32.0, 2.0], [26.0, 26.0, 20.0], [0.0, 51.0, 28.0], [13.0, 32.0, 60.0], [18.0, 50.0, 25.0], [10.0, 60.0, 13.0], [15.0, 1.0, 32.0], [18.0, 14.0, 45.0], [13.0, 1.0, 10.0], [15.0, 47.0, 60.0], [15.0, 40.0, 2.0], [15.0, 15.0, 16.0], [14.0, 50.0, 48.0], [27.0, 3.0, 2.0], [30.0, 13.0, 55.0], [19.0, 41.0, 2.0], [22.0, 30.0, 33.0], [19.0, 51.0, 60.0], [25.0, 15.0, 2.0], [30.0, 7.0, 28.0], [13.0, 59.0, 30.0], [24.0, 9.0, 28.0], [0.0, 61.0, 2.0], [30.0, 36.0, 18.0], [30.0, 54.0, 17.0], [30.0, 50.0, 24.0], [29.0, 54.0, 4.0], [30.0, 15.0, 35.0], [30.0, 55.0, 61.0], [30.0, 62.0, 26.0], [25.0, 61.0, 10.0], [31.0, 19.0, 11.0], [20.0, 58.0, 39.0], [24.0, 62.0, 35.0], [31.0, 27.0, 42.0], [22.0, 22.0, 26.0], [31.0, 57.0, 42.0], [24.0, 6.0, 42.0], [28.0, 28.0, 60.0], [26.0, 55.0, 54.0], [21.0, 7.0, 45.0], [31.0, 35.0, 51.0], [20.0, 0.0, 14.0], [27.0, 33.0, 32.0], [26.0, 37.0, 60.0], [26.0, 51.0, 42.0], [30.0, 39.0, 0.0], [26.0, 51.0, 20.0]]","[0.9134828448295593, 0.8970099091529846, 0.818917453289032, 0.8107860088348389, 0.8036825656890869, 0.7986018657684326, 0.7885589599609375, 0.7866072058677673, 0.7777993679046631, 0.7776516079902649, 0.7737853527069092, 0.7717269062995911, 0.7706936597824097, 0.7684205770492554, 0.7643052935600281, 0.7631595134735107, 0.7573277950286865, 0.7494170069694519, 0.7488247752189636, 0.7356392741203308, 0.7281092405319214, 0.7172286510467529, 0.7051690816879272, 0.6946064829826355, 0.6864127516746521, 0.6857863068580627, 0.6840457320213318, 0.6759801506996155, 0.6747092604637146, 0.6736786961555481, 0.6610803008079529, 0.6599046587944031, 0.6554335355758667, 0.6506219506263733, 0.6481345295906067, 0.6387369632720947, 0.6351667642593384, 0.6242662072181702, 0.6168943047523499, 0.6103445887565613, 0.6097577214241028, 0.6060566306114197, 0.5871918797492981, 0.5836338400840759, 0.5821534991264343, 0.567766010761261, 0.560253381729126, 0.5460726022720337, 0.5444023013114929, 0.5442541837692261, 0.5430183410644531, 0.5343168377876282, 0.5329700112342834, 0.5258852243423462, 0.5230978727340698, 0.5169195532798767, 0.516305148601532, 0.5026239156723022, 0.4984433352947235, 0.4911707937717438, 0.4535853862762451, 0.44305306673049927, 0.4381224513053894, 0.4368794560432434, 0.4332159459590912, 0.43004828691482544]"
variant_F2,train_44b6_t50_p08_crowded,train,44b6_d29c9ab2,50,crowded,0.3,3,64,2,3,3,0.5977580865713567,0.5745242597140698,0.5977580865713567,3,0.5977580865713567,3,0.7684274315834045,"[[24.0, 29.0, 48.0], [5.0, 41.0, 45.0], [16.0, 32.0, 46.0], [8.0, 21.0, 47.0], [10.0, 3.0, 60.0], [3.0, 59.0, 60.0], [24.0, 42.0, 2.0], [3.0, 39.0, 60.0], [31.0, 59.0, 28.0], [12.0, 33.0, 60.0], [1.0, 55.0, 48.0], [11.0, 3.0, 24.0], [16.0, 31.0, 21.0], [26.0, 31.0, 21.0], [11.0, 17.0, 16.0], [2.0, 10.0, 20.0], [31.0, 19.0, 8.0], [3.0, 59.0, 28.0], [10.0, 2.0, 43.0], [2.0, 10.0, 32.0], [31.0, 61.0, 2.0], [13.0, 2.0, 50.0], [26.0, 13.0, 60.0], [31.0, 3.0, 2.0], [21.0, 61.0, 36.0], [3.0, 41.0, 21.0], [0.0, 11.0, 56.0], [1.0, 58.0, 2.0], [15.0, 52.0, 50.0], [3.0, 19.0, 2.0], [10.0, 49.0, 26.0], [31.0, 21.0, 34.0], [5.0, 29.0, 2.0], [20.0, 48.0, 60.0], [12.0, 39.0, 40.0], [5.0, 6.0, 2.0], [24.0, 3.0, 56.0], [12.0, 42.0, 2.0], [21.0, 19.0, 36.0], [31.0, 3.0, 54.0], [13.0, 44.0, 26.0], [5.0, 9.0, 61.0], [21.0, 1.0, 40.0], [26.0, 21.0, 12.0], [26.0, 48.0, 57.0], [19.0, 53.0, 2.0], [30.0, 43.0, 60.0], [19.0, 59.0, 60.0], [18.0, 7.0, 22.0], [20.0, 15.0, 5.0], [20.0, 9.0, 55.0], [14.0, 56.0, 10.0], [13.0, 4.0, 4.0], [19.0, 37.0, 1.0], [18.0, 1.0, 8.0], [21.0, 25.0, 16.0], [29.0, 32.0, 48.0], [26.0, 1.0, 9.0], [23.0, 47.0, 47.0], [28.0, 3.0, 41.0], [30.0, 59.0, 61.0], [25.0, 61.0, 61.0], [13.0, 62.0, 22.0], [29.0, 39.0, 14.0]]","[0.9331331849098206, 0.8586673140525818, 0.8573550581932068, 0.8424618244171143, 0.8359088897705078, 0.8289082646369934, 0.8239205479621887, 0.823317289352417, 0.8213938474655151, 0.8200527429580688, 0.8195404410362244, 0.8110145926475525, 0.8097875118255615, 0.8079463243484497, 0.8073004484176636, 0.7992730736732483, 0.7939117550849915, 0.7884541153907776, 0.7843751311302185, 0.784081220626831, 0.7814791202545166, 0.7802640795707703, 0.7784277200698853, 0.7782126665115356, 0.7754437923431396, 0.7708467841148376, 0.7683744430541992, 0.7567135095596313, 0.7524348497390747, 0.7512412071228027, 0.7408334612846375, 0.7351651191711426, 0.7343528270721436, 0.73139488697052, 0.7310929894447327, 0.7251787185668945, 0.7140733003616333, 0.7098855972290039, 0.7052295804023743, 0.6948700547218323, 0.6930898427963257, 0.6827050447463989, 0.6804768443107605, 0.6793820261955261, 0.6747608780860901, 0.6640886068344116, 0.6602779626846313, 0.6593689322471619, 0.6552315354347229, 0.6545042395591736, 0.651778519153595, 0.6461259722709656, 0.6307363510131836, 0.6219685673713684, 0.6211875677108765, 0.6148592233657837, 0.6054654121398926, 0.5836451649665833, 0.5784834623336792, 0.5616142153739929, 0.5562959313392639, 0.5545098185539246, 0.5084183812141418, 0.49576231837272644]"
variant_F2,train_44b6_t10_p09_crowded,train,44b6_d29c9ab2,10,crowded,0.3,2,69,2,2,2,0.4903871298570349,0.4903871298570349,0.4903871298570349,2,0.4903871298570349,2,0.8915280401706696,"[[27.0, 57.0, 44.0], [12.0, 47.0, 16.0], [16.0, 24.0, 32.0], [6.0, 47.0, 33.0], [2.0, 3.0, 60.0], [20.0, 49.0, 15.0], [26.0, 11.0, 19.0], [2.0, 3.0, 48.0], [2.0, 37.0, 60.0], [10.0, 45.0, 60.0], [6.0, 37.0, 60.0], [3.0, 29.0, 44.0], [1.0, 43.0, 48.0], [13.0, 7.0, 45.0], [31.0, 59.0, 9.0], [29.0, 60.0, 2.0], [1.0, 59.0, 30.0], [31.0, 59.0, 24.0], [31.0, 51.0, 24.0], [31.0, 43.0, 2.0], [0.0, 61.0, 60.0], [3.0, 31.0, 2.0], [1.0, 2.0, 2.0], [31.0, 59.0, 60.0], [31.0, 2.0, 2.0], [12.0, 18.0, 16.0], [6.0, 61.0, 60.0], [15.0, 22.0, 52.0], [2.0, 44.0, 2.0], [14.0, 46.0, 35.0], [24.0, 45.0, 60.0], [2.0, 48.0, 10.0], [5.0, 29.0, 16.0], [4.0, 53.0, 51.0], [28.0, 11.0, 56.0], [15.0, 37.0, 52.0], [28.0, 49.0, 34.0], [14.0, 33.0, 60.0], [13.0, 44.0, 52.0], [7.0, 41.0, 6.0], [26.0, 1.0, 44.0], [11.0, 33.0, 26.0], [15.0, 34.0, 2.0], [31.0, 1.0, 40.0], [20.0, 8.0, 61.0], [18.0, 49.0, 60.0], [6.0, 58.0, 6.0], [9.0, 59.0, 44.0], [22.0, 31.0, 1.0], [6.0, 25.0, 41.0], [31.0, 25.0, 60.0], [9.0, 61.0, 34.0], [18.0, 1.0, 50.0], [21.0, 2.0, 4.0], [13.0, 60.0, 42.0], [12.0, 10.0, 2.0], [16.0, 9.0, 7.0], [29.0, 33.0, 56.0], [22.0, 23.0, 25.0], [30.0, 1.0, 60.0], [19.0, 1.0, 38.0], [8.0, 1.0, 7.0], [20.0, 51.0, 37.0], [21.0, 60.0, 60.0], [16.0, 13.0, 24.0], [26.0, 27.0, 61.0], [14.0, 1.0, 16.0], [21.0, 62.0, 47.0], [18.0, 1.0, 23.0]]","[0.9033075571060181, 0.8822687864303589, 0.879748523235321, 0.8594504594802856, 0.8331341743469238, 0.8306058049201965, 0.8189595937728882, 0.8173701167106628, 0.8147092461585999, 0.7925253510475159, 0.7877321243286133, 0.7828087210655212, 0.7796873450279236, 0.7747310400009155, 0.7740743160247803, 0.7732969522476196, 0.7718951106071472, 0.7705364227294922, 0.769274115562439, 0.7641578316688538, 0.761566162109375, 0.7596133947372437, 0.7536592483520508, 0.7526911497116089, 0.7497013807296753, 0.7486957311630249, 0.7482517957687378, 0.740924060344696, 0.7400689125061035, 0.7366156578063965, 0.7337318658828735, 0.7190104722976685, 0.7184305787086487, 0.717682421207428, 0.706182062625885, 0.7043327689170837, 0.7023656964302063, 0.7010197043418884, 0.6988890171051025, 0.694072961807251, 0.6935293674468994, 0.684099555015564, 0.6814263463020325, 0.6789994239807129, 0.6774737238883972, 0.6770765781402588, 0.6571161150932312, 0.6550263166427612, 0.6543740630149841, 0.6515762805938721, 0.6476101875305176, 0.6405390501022339, 0.6376699209213257, 0.6322621703147888, 0.6268664598464966, 0.6066456437110901, 0.6064106225967407, 0.5945506691932678, 0.59403395652771, 0.5799451470375061, 0.5755295753479004, 0.5669105648994446, 0.5668386816978455, 0.5447146892547607, 0.5423274636268616, 0.5348471403121948, 0.5238344073295593, 0.5042843222618103, 0.4710526764392853]"
variant_F2,train_44b6_t30_p10_crowded,train,44b6_d29c9ab2,30,crowded,0.3,3,71,1,1,1,2.4154571642081115,3.2752922102462856,0.40625,1,0.40625,1,0.7761202851931254,"[[18.0, 17.0, 54.0], [2.0, 3.0, 60.0], [3.0, 31.0, 60.0], [30.0, 16.0, 37.0], [10.0, 49.0, 16.0], [1.0, 16.0, 44.0], [18.0, 8.0, 31.0], [1.0, 61.0, 60.0], [31.0, 47.0, 36.0], [31.0, 59.0, 60.0], [12.0, 27.0, 60.0], [3.0, 48.0, 52.0], [2.0, 50.0, 32.0], [3.0, 59.0, 20.0], [12.0, 3.0, 60.0], [31.0, 31.0, 60.0], [31.0, 44.0, 60.0], [31.0, 59.0, 47.0], [31.0, 19.0, 8.0], [5.0, 17.0, 2.0], [31.0, 37.0, 2.0], [31.0, 59.0, 2.0], [18.0, 33.0, 32.0], [31.0, 33.0, 46.0], [30.0, 41.0, 50.0], [4.0, 2.0, 20.0], [10.0, 9.0, 34.0], [25.0, 59.0, 44.0], [10.0, 47.0, 60.0], [5.0, 33.0, 2.0], [24.0, 10.0, 30.0], [9.0, 2.0, 2.0], [12.0, 43.0, 42.0], [13.0, 2.0, 46.0], [2.0, 34.0, 2.0], [11.0, 1.0, 34.0], [11.0, 44.0, 50.0], [22.0, 39.0, 60.0], [13.0, 19.0, 30.0], [21.0, 13.0, 2.0], [5.0, 14.0, 26.0], [6.0, 22.0, 48.0], [22.0, 33.0, 35.0], [8.0, 60.0, 44.0], [6.0, 34.0, 14.0], [21.0, 1.0, 12.0], [24.0, 2.0, 20.0], [17.0, 48.0, 2.0], [22.0, 26.0, 14.0], [21.0, 52.0, 32.0], [15.0, 62.0, 40.0], [24.0, 42.0, 2.0], [26.0, 24.0, 14.0], [7.0, 55.0, 61.0], [10.0, 42.0, 6.0], [27.0, 29.0, 25.0], [26.0, 9.0, 62.0], [12.0, 62.0, 21.0], [16.0, 27.0, 11.0], [21.0, 53.0, 15.0], [2.0, 1.0, 1.0], [19.0, 59.0, 4.0], [20.0, 58.0, 50.0], [18.0, 40.0, 13.0], [30.0, 11.0, 56.0], [18.0, 18.0, 40.0], [25.0, 1.0, 48.0], [31.0, 1.0, 62.0], [27.0, 61.0, 14.0], [25.0, 60.0, 4.0], [31.0, 1.0, 49.0]]","[0.8943244814872742, 0.8467790484428406, 0.845174252986908, 0.8422028422355652, 0.8419463634490967, 0.8264890909194946, 0.8254157900810242, 0.8176690936088562, 0.8025462031364441, 0.7889383435249329, 0.7848486304283142, 0.784383237361908, 0.7823702096939087, 0.7806331515312195, 0.7794138193130493, 0.7792966365814209, 0.7778962254524231, 0.7762648463249207, 0.7704207897186279, 0.7653083801269531, 0.7626596689224243, 0.76189124584198, 0.7615311145782471, 0.7600158452987671, 0.7587361931800842, 0.7564803957939148, 0.7556198239326477, 0.7501516342163086, 0.7486838102340698, 0.7486171722412109, 0.7481915354728699, 0.7472545504570007, 0.7444806098937988, 0.7439009547233582, 0.743697464466095, 0.7363052368164062, 0.7360238432884216, 0.7329165935516357, 0.731877326965332, 0.7302361726760864, 0.7282501459121704, 0.724626898765564, 0.7227905988693237, 0.7070877552032471, 0.7042598128318787, 0.6938714385032654, 0.6926704049110413, 0.6887884736061096, 0.6548646688461304, 0.6515878438949585, 0.6465240716934204, 0.646510660648346, 0.6444420218467712, 0.6394283175468445, 0.6235323548316956, 0.6137555241584778, 0.6020264029502869, 0.5902825593948364, 0.5831435918807983, 0.5712375640869141, 0.5700798034667969, 0.5692190527915955, 0.5603809356689453, 0.5530678033828735, 0.5476449728012085, 0.5401379466056824, 0.5004844665527344, 0.4885554313659668, 0.4783666133880615, 0.46259668469429016, 0.39756178855895996]"
variant_F2,train_44b6_t35_p11_crowded,train,44b6_d29c9ab2,35,crowded,0.3,4,65,4,4,4,0.24519356492851746,0.203125,0.24519356492851746,4,0.24519356492851746,4,0.8671827912330627,"[[24.0, 40.0, 19.0], [11.0, 49.0, 13.0], [14.0, 30.0, 29.0], [16.0, 33.0, 49.0], [2.0, 26.0, 60.0], [14.0, 27.0, 5.0], [2.0, 3.0, 60.0], [3.0, 61.0, 60.0], [3.0, 11.0, 60.0], [20.0, 50.0, 53.0], [2.0, 32.0, 48.0], [27.0, 59.0, 32.0], [31.0, 35.0, 2.0], [3.0, 13.0, 50.0], [31.0, 59.0, 4.0], [29.0, 3.0, 2.0], [6.0, 23.0, 48.0], [5.0, 3.0, 2.0], [2.0, 42.0, 24.0], [31.0, 11.0, 2.0], [8.0, 11.0, 40.0], [2.0, 12.0, 2.0], [11.0, 49.0, 40.0], [6.0, 29.0, 36.0], [10.0, 45.0, 60.0], [25.0, 29.0, 37.0], [26.0, 45.0, 60.0], [7.0, 11.0, 14.0], [13.0, 13.0, 43.0], [30.0, 13.0, 57.0], [22.0, 5.0, 61.0], [5.0, 60.0, 16.0], [31.0, 3.0, 38.0], [5.0, 58.0, 2.0], [0.0, 7.0, 18.0], [8.0, 31.0, 21.0], [1.0, 58.0, 2.0], [17.0, 59.0, 5.0], [2.0, 19.0, 30.0], [9.0, 31.0, 2.0], [31.0, 43.0, 57.0], [5.0, 44.0, 2.0], [20.0, 50.0, 5.0], [7.0, 60.0, 32.0], [25.0, 16.0, 50.0], [27.0, 13.0, 28.0], [22.0, 22.0, 56.0], [22.0, 2.0, 10.0], [14.0, 22.0, 18.0], [16.0, 12.0, 2.0], [20.0, 42.0, 37.0], [17.0, 2.0, 2.0], [22.0, 15.0, 21.0], [18.0, 5.0, 41.0], [2.0, 27.0, 1.0], [16.0, 60.0, 27.0], [29.0, 26.0, 61.0], [11.0, 60.0, 21.0], [24.0, 1.0, 32.0], [26.0, 62.0, 60.0], [22.0, 28.0, 23.0], [16.0, 44.0, 2.0], [20.0, 60.0, 63.0], [19.0, 32.0, 7.0], [20.0, 41.0, 2.0]]","[0.9412965774536133, 0.8845705389976501, 0.8761837482452393, 0.8750151991844177, 0.8240188360214233, 0.8206121921539307, 0.8167456984519958, 0.8153842687606812, 0.8107911944389343, 0.8104171752929688, 0.8003303408622742, 0.7997484803199768, 0.7963505983352661, 0.7944774627685547, 0.7914826273918152, 0.7863653302192688, 0.7778095006942749, 0.7679741978645325, 0.7678488492965698, 0.76643967628479, 0.7580323219299316, 0.7556887865066528, 0.7553060054779053, 0.7551056742668152, 0.7511184215545654, 0.749393105506897, 0.7429406046867371, 0.7366355657577515, 0.7334778904914856, 0.7279002666473389, 0.7153035402297974, 0.7081200480461121, 0.6979501843452454, 0.6955153346061707, 0.6944794058799744, 0.6883090138435364, 0.688089907169342, 0.6874978542327881, 0.6843635439872742, 0.6825806498527527, 0.6792107820510864, 0.6771728992462158, 0.6655071973800659, 0.6634520292282104, 0.6578787565231323, 0.6506822109222412, 0.6486091613769531, 0.6394879817962646, 0.639388918876648, 0.6357066035270691, 0.6242971420288086, 0.6204711198806763, 0.6084690690040588, 0.5933910608291626, 0.5913578271865845, 0.5796079039573669, 0.5631476044654846, 0.5576472878456116, 0.5498437881469727, 0.5401781797409058, 0.4977723956108093, 0.48278969526290894, 0.4822082221508026, 0.48157981038093567, 0.4504837691783905]"
variant_F2,train_44b6_t45_p12_crowded,train,44b6_d29c9ab2,45,crowded,0.3,2,70,2,2,2,0.0,0.0,0.0,2,0.0,2,0.7771667242050171,"[[10.0, 35.0, 28.0], [6.0, 35.0, 20.0], [16.0, 32.0, 32.0], [24.0, 8.0, 46.0], [2.0, 3.0, 60.0], [2.0, 45.0, 60.0], [2.0, 35.0, 60.0], [3.0, 59.0, 60.0], [2.0, 3.0, 24.0], [4.0, 3.0, 2.0], [2.0, 15.0, 16.0], [2.0, 3.0, 48.0], [2.0, 3.0, 36.0], [3.0, 59.0, 48.0], [4.0, 47.0, 44.0], [5.0, 49.0, 32.0], [4.0, 15.0, 2.0], [2.0, 11.0, 48.0], [6.0, 22.0, 44.0], [2.0, 19.0, 32.0], [2.0, 29.0, 48.0], [10.0, 22.0, 50.0], [23.0, 60.0, 45.0], [3.0, 59.0, 36.0], [3.0, 59.0, 18.0], [11.0, 11.0, 2.0], [23.0, 36.0, 40.0], [16.0, 35.0, 60.0], [18.0, 51.0, 27.0], [11.0, 59.0, 15.0], [17.0, 40.0, 2.0], [20.0, 14.0, 44.0], [30.0, 5.0, 26.0], [15.0, 2.0, 30.0], [15.0, 13.0, 16.0], [14.0, 15.0, 60.0], [15.0, 46.0, 46.0], [8.0, 44.0, 2.0], [30.0, 12.0, 31.0], [29.0, 29.0, 19.0], [30.0, 35.0, 56.0], [29.0, 59.0, 25.0], [24.0, 7.0, 24.0], [24.0, 42.0, 54.0], [21.0, 28.0, 57.0], [25.0, 1.0, 2.0], [21.0, 22.0, 1.0], [30.0, 23.0, 59.0], [13.0, 59.0, 30.0], [25.0, 14.0, 2.0], [25.0, 62.0, 11.0], [30.0, 54.0, 15.0], [24.0, 27.0, 31.0], [21.0, 1.0, 58.0], [30.0, 39.0, 22.0], [30.0, 51.0, 4.0], [30.0, 23.0, 9.0], [31.0, 59.0, 40.0], [30.0, 1.0, 39.0], [24.0, 1.0, 36.0], [29.0, 60.0, 59.0], [31.0, 7.0, 48.0], [31.0, 49.0, 60.0], [26.0, 24.0, 10.0], [31.0, 27.0, 36.0], [22.0, 49.0, 40.0], [30.0, 1.0, 61.0], [24.0, 44.0, 18.0], [21.0, 60.0, 33.0], [30.0, 8.0, 61.0]]","[0.9354896545410156, 0.9141026139259338, 0.8557144999504089, 0.8393099308013916, 0.806187629699707, 0.7963886260986328, 0.7953687906265259, 0.789184033870697, 0.7848514318466187, 0.7792706489562988, 0.7791003584861755, 0.7766714692115784, 0.7758920192718506, 0.7741815447807312, 0.7727869153022766, 0.7724974155426025, 0.772066593170166, 0.7713168859481812, 0.7691627144813538, 0.7685498595237732, 0.7678492665290833, 0.7646119594573975, 0.7581617832183838, 0.753342866897583, 0.7263926267623901, 0.7048425674438477, 0.6986189484596252, 0.6958048939704895, 0.6900642514228821, 0.6865697503089905, 0.680094838142395, 0.6743322014808655, 0.6741091012954712, 0.6694581508636475, 0.667796790599823, 0.6665806770324707, 0.6534301042556763, 0.6461362242698669, 0.6459385752677917, 0.632722020149231, 0.6278707385063171, 0.6141999363899231, 0.6139249801635742, 0.6127732396125793, 0.6117764711380005, 0.6055614352226257, 0.5972095131874084, 0.5968233942985535, 0.5955537557601929, 0.587674081325531, 0.5850752592086792, 0.5814365148544312, 0.57444828748703, 0.5598092079162598, 0.5565696954727173, 0.5546551942825317, 0.5498338341712952, 0.5163714289665222, 0.5107899308204651, 0.5038865804672241, 0.4942537546157837, 0.49181076884269714, 0.4909749925136566, 0.4876518249511719, 0.4828031361103058, 0.47566860914230347, 0.455274373292923, 0.44898271560668945, 0.4486953914165497, 0.4266979992389679]"
variant_F2,train_44b6_t25_p13_crowded,train,44b6_d29c9ab2,25,crowded,0.3,2,68,2,2,2,0.40625,0.40625,0.40625,2,0.40625,2,0.8005066514015198,"[[10.0, 32.0, 25.0], [12.0, 11.0, 42.0], [24.0, 48.0, 14.0], [16.0, 33.0, 32.0], [6.0, 43.0, 37.0], [2.0, 3.0, 60.0], [3.0, 61.0, 44.0], [2.0, 39.0, 60.0], [3.0, 59.0, 60.0], [2.0, 25.0, 60.0], [2.0, 3.0, 2.0], [2.0, 3.0, 16.0], [2.0, 3.0, 38.0], [2.0, 3.0, 46.0], [6.0, 14.0, 16.0], [6.0, 10.0, 2.0], [30.0, 13.0, 41.0], [2.0, 15.0, 12.0], [2.0, 15.0, 2.0], [2.0, 23.0, 32.0], [13.0, 55.0, 20.0], [26.0, 45.0, 54.0], [6.0, 25.0, 48.0], [1.0, 36.0, 28.0], [27.0, 28.0, 22.0], [22.0, 36.0, 41.0], [17.0, 29.0, 60.0], [2.0, 37.0, 6.0], [7.0, 11.0, 50.0], [26.0, 13.0, 1.0], [13.0, 16.0, 2.0], [19.0, 15.0, 2.0], [1.0, 54.0, 2.0], [17.0, 1.0, 24.0], [15.0, 13.0, 14.0], [16.0, 49.0, 61.0], [21.0, 2.0, 2.0], [22.0, 38.0, 6.0], [25.0, 1.0, 26.0], [17.0, 43.0, 52.0], [29.0, 54.0, 6.0], [8.0, 43.0, 2.0], [26.0, 20.0, 14.0], [30.0, 21.0, 60.0], [23.0, 59.0, 4.0], [20.0, 25.0, 27.0], [30.0, 4.0, 30.0], [30.0, 39.0, 55.0], [19.0, 60.0, 51.0], [22.0, 1.0, 46.0], [24.0, 16.0, 49.0], [19.0, 51.0, 37.0], [7.0, 61.0, 2.0], [29.0, 39.0, 1.0], [30.0, 31.0, 39.0], [30.0, 59.0, 60.0], [29.0, 59.0, 33.0], [23.0, 60.0, 61.0], [11.0, 59.0, 6.0], [30.0, 34.0, 10.0], [30.0, 1.0, 1.0], [16.0, 44.0, 28.0], [26.0, 10.0, 61.0], [24.0, 34.0, 54.0], [30.0, 43.0, 27.0], [19.0, 61.0, 18.0], [22.0, 60.0, 35.0], [26.0, 40.0, 27.0]]","[0.8987249732017517, 0.8970013856887817, 0.871791660785675, 0.8654375076293945, 0.8507755994796753, 0.8110833168029785, 0.801343560218811, 0.7994394898414612, 0.7993223071098328, 0.7921575903892517, 0.7905226349830627, 0.7853793501853943, 0.7804656028747559, 0.7803958058357239, 0.7793905138969421, 0.778649091720581, 0.7785041332244873, 0.7753875255584717, 0.7745828032493591, 0.7730728387832642, 0.7721766233444214, 0.762469470500946, 0.7611936330795288, 0.7562452554702759, 0.7378235459327698, 0.735575795173645, 0.732029139995575, 0.723726749420166, 0.7200099229812622, 0.7113790512084961, 0.7112785577774048, 0.7035358548164368, 0.7000746130943298, 0.6974413990974426, 0.6905122399330139, 0.6753693222999573, 0.669678807258606, 0.6657049059867859, 0.6583796739578247, 0.6580266356468201, 0.6534515023231506, 0.6464787721633911, 0.645228922367096, 0.6378468871116638, 0.6293445825576782, 0.6136865615844727, 0.6047260165214539, 0.5878797173500061, 0.5860776305198669, 0.5770477056503296, 0.5765165090560913, 0.5716844201087952, 0.5675384998321533, 0.5662549138069153, 0.5613981485366821, 0.5610957145690918, 0.5427600145339966, 0.5359424948692322, 0.5273040533065796, 0.520372211933136, 0.5113412737846375, 0.5086965560913086, 0.49105533957481384, 0.4829719662666321, 0.47347918152809143, 0.45335710048675537, 0.44078779220581055, 0.4378964900970459]"
variant_F2,train_44b6_t10_p14_crowded,train,44b6_d29c9ab2,10,crowded,0.3,2,70,2,2,2,0.4903871298570349,0.4903871298570349,0.4903871298570349,2,0.4903871298570349,2,0.7943784892559052,"[[28.0, 12.0, 13.0], [28.0, 21.0, 39.0], [6.0, 35.0, 12.0], [16.0, 11.0, 31.0], [21.0, 24.0, 8.0], [3.0, 59.0, 60.0], [19.0, 59.0, 41.0], [2.0, 3.0, 26.0], [14.0, 36.0, 24.0], [28.0, 49.0, 31.0], [3.0, 40.0, 60.0], [2.0, 33.0, 60.0], [2.0, 3.0, 60.0], [12.0, 10.0, 20.0], [8.0, 35.0, 40.0], [8.0, 37.0, 60.0], [2.0, 2.0, 40.0], [8.0, 7.0, 60.0], [17.0, 29.0, 45.0], [3.0, 59.0, 47.0], [3.0, 35.0, 36.0], [2.0, 27.0, 48.0], [24.0, 37.0, 60.0], [2.0, 19.0, 2.0], [22.0, 11.0, 44.0], [2.0, 3.0, 2.0], [20.0, 52.0, 9.0], [7.0, 2.0, 12.0], [15.0, 2.0, 2.0], [3.0, 20.0, 26.0], [6.0, 2.0, 2.0], [15.0, 43.0, 60.0], [13.0, 2.0, 46.0], [25.0, 1.0, 26.0], [1.0, 45.0, 3.0], [15.0, 24.0, 2.0], [28.0, 2.0, 2.0], [23.0, 1.0, 16.0], [16.0, 61.0, 60.0], [20.0, 1.0, 32.0], [8.0, 53.0, 7.0], [24.0, 1.0, 60.0], [28.0, 40.0, 18.0], [26.0, 46.0, 41.0], [12.0, 55.0, 45.0], [27.0, 43.0, 2.0], [14.0, 26.0, 14.0], [13.0, 57.0, 12.0], [19.0, 35.0, 4.0], [12.0, 48.0, 2.0], [31.0, 59.0, 60.0], [20.0, 44.0, 2.0], [31.0, 39.0, 8.0], [30.0, 29.0, 60.0], [23.0, 59.0, 21.0], [26.0, 12.0, 26.0], [31.0, 2.0, 25.0], [30.0, 29.0, 20.0], [15.0, 52.0, 29.0], [23.0, 27.0, 24.0], [19.0, 45.0, 32.0], [26.0, 36.0, 32.0], [30.0, 29.0, 52.0], [1.0, 62.0, 2.0], [31.0, 3.0, 60.0], [20.0, 29.0, 25.0], [23.0, 61.0, 61.0], [31.0, 15.0, 28.0], [22.0, 0.0, 1.0], [30.0, 60.0, 25.0]]","[0.9047454595565796, 0.8623350858688354, 0.8384609222412109, 0.8342261910438538, 0.8335487842559814, 0.8091569542884827, 0.8077520728111267, 0.8008751273155212, 0.7987596392631531, 0.7966315150260925, 0.7957515716552734, 0.7957284450531006, 0.7946633696556091, 0.791743814945221, 0.7916291952133179, 0.7914693355560303, 0.7858680486679077, 0.7816389799118042, 0.7795947790145874, 0.7767400741577148, 0.7720694541931152, 0.7705435156822205, 0.7636016011238098, 0.762131929397583, 0.7545307874679565, 0.7533361911773682, 0.7464060187339783, 0.743157684803009, 0.7346909046173096, 0.7290842533111572, 0.7269307971000671, 0.7129006385803223, 0.7089039087295532, 0.679853081703186, 0.6733199954032898, 0.6670323610305786, 0.6608376502990723, 0.6606565117835999, 0.659493088722229, 0.6587802767753601, 0.6561136841773987, 0.651347279548645, 0.648137092590332, 0.6439792513847351, 0.6376447081565857, 0.6371689438819885, 0.6334613561630249, 0.631108283996582, 0.6304942965507507, 0.6303710341453552, 0.6238225102424622, 0.6201304197311401, 0.6189774870872498, 0.6174222230911255, 0.616195023059845, 0.6131197214126587, 0.6114202737808228, 0.6080966591835022, 0.602486789226532, 0.6003689169883728, 0.5870890021324158, 0.5819479823112488, 0.581238329410553, 0.5790125727653503, 0.5778824687004089, 0.5260029435157776, 0.5205858945846558, 0.5173243880271912, 0.4544333219528198, 0.4337417185306549]"
variant_F2,train_44b6_t25_p15_crowded,train,44b6_d29c9ab2,25,crowded,0.3,4,70,4,4,4,0.34675606492851746,0.40625,0.34675606492851746,4,0.34675606492851746,4,0.825302928686142,"[[24.0, 16.0, 22.0], [11.0, 46.0, 20.0], [20.0, 44.0, 21.0], [2.0, 31.0, 38.0], [14.0, 9.0, 54.0], [2.0, 3.0, 60.0], [3.0, 15.0, 60.0], [5.0, 3.0, 60.0], [5.0, 37.0, 60.0], [12.0, 29.0, 37.0], [8.0, 34.0, 60.0], [31.0, 59.0, 10.0], [31.0, 59.0, 36.0], [31.0, 43.0, 16.0], [31.0, 59.0, 18.0], [31.0, 59.0, 27.0], [20.0, 43.0, 45.0], [27.0, 38.0, 2.0], [8.0, 11.0, 48.0], [31.0, 11.0, 4.0], [29.0, 3.0, 2.0], [27.0, 60.0, 38.0], [27.0, 60.0, 46.0], [31.0, 23.0, 6.0], [29.0, 59.0, 60.0], [28.0, 51.0, 28.0], [5.0, 2.0, 8.0], [30.0, 27.0, 32.0], [5.0, 13.0, 2.0], [5.0, 59.0, 24.0], [5.0, 51.0, 36.0], [6.0, 19.0, 14.0], [2.0, 9.0, 30.0], [25.0, 33.0, 60.0], [30.0, 33.0, 59.0], [0.0, 9.0, 2.0], [13.0, 18.0, 20.0], [3.0, 59.0, 3.0], [5.0, 36.0, 2.0], [26.0, 18.0, 49.0], [20.0, 27.0, 60.0], [23.0, 59.0, 3.0], [30.0, 3.0, 60.0], [27.0, 38.0, 44.0], [1.0, 48.0, 40.0], [30.0, 15.0, 60.0], [16.0, 33.0, 60.0], [6.0, 45.0, 12.0], [6.0, 34.0, 14.0], [2.0, 41.0, 2.0], [26.0, 1.0, 16.0], [1.0, 25.0, 16.0], [12.0, 8.0, 8.0], [12.0, 51.0, 53.0], [14.0, 33.0, 1.0], [15.0, 11.0, 2.0], [13.0, 59.0, 32.0], [22.0, 13.0, 60.0], [13.0, 49.0, 34.0], [11.0, 61.0, 1.0], [15.0, 55.0, 6.0], [20.0, 34.0, 14.0], [18.0, 25.0, 46.0], [16.0, 36.0, 11.0], [22.0, 4.0, 46.0], [20.0, 36.0, 32.0], [19.0, 62.0, 42.0], [17.0, 6.0, 38.0], [19.0, 1.0, 61.0], [13.0, 61.0, 62.0]]","[0.9068227410316467, 0.866285502910614, 0.8618527054786682, 0.8451665043830872, 0.821785569190979, 0.8006601929664612, 0.798101007938385, 0.7951599359512329, 0.7889279127120972, 0.7875882983207703, 0.786659836769104, 0.7858956456184387, 0.7829861044883728, 0.782400369644165, 0.7807973027229309, 0.7800469994544983, 0.7776532769203186, 0.7766227126121521, 0.7742106318473816, 0.7725927829742432, 0.7721203565597534, 0.7713440656661987, 0.7666823863983154, 0.7663925886154175, 0.7598265409469604, 0.74799644947052, 0.7479111552238464, 0.7449018359184265, 0.7446390986442566, 0.7364681363105774, 0.725714385509491, 0.7255787253379822, 0.7164502143859863, 0.7117645740509033, 0.7114284634590149, 0.7092454433441162, 0.7073874473571777, 0.7050038576126099, 0.7022635340690613, 0.6980174779891968, 0.6963546276092529, 0.6956522464752197, 0.6956101059913635, 0.6944912075996399, 0.6889668107032776, 0.6835153698921204, 0.68293696641922, 0.6784704923629761, 0.6757241487503052, 0.6676681637763977, 0.6647090315818787, 0.6602646708488464, 0.651684582233429, 0.6512948870658875, 0.6332203149795532, 0.6181803345680237, 0.6154488921165466, 0.6120203137397766, 0.6088056564331055, 0.6077134609222412, 0.5979261994361877, 0.5809250473976135, 0.5761651396751404, 0.5718529224395752, 0.5688465237617493, 0.556857705116272, 0.5236335396766663, 0.5224812626838684, 0.5155037641525269, 0.5120905041694641]"
variant_F2,train_44b6_t30_p16_crowded,train,44b6_d29c9ab2,30,crowded,0.3,2,68,2,2,2,0.4903871298570349,0.4903871298570349,0.4903871298570349,2,0.4903871298570349,2,0.7504754662513733,"[[18.0, 46.0, 4.0], [4.0, 33.0, 29.0], [26.0, 22.0, 28.0], [20.0, 42.0, 50.0], [24.0, 13.0, 2.0], [16.0, 33.0, 32.0], [2.0, 41.0, 60.0], [2.0, 3.0, 60.0], [3.0, 31.0, 60.0], [2.0, 16.0, 36.0], [2.0, 3.0, 2.0], [2.0, 16.0, 20.0], [2.0, 3.0, 12.0], [3.0, 59.0, 48.0], [3.0, 59.0, 5.0], [9.0, 17.0, 2.0], [2.0, 2.0, 36.0], [9.0, 59.0, 36.0], [8.0, 15.0, 43.0], [9.0, 10.0, 60.0], [13.0, 15.0, 12.0], [8.0, 2.0, 36.0], [8.0, 2.0, 60.0], [12.0, 2.0, 60.0], [12.0, 46.0, 22.0], [9.0, 36.0, 2.0], [13.0, 45.0, 46.0], [6.0, 53.0, 15.0], [23.0, 2.0, 20.0], [18.0, 21.0, 53.0], [17.0, 19.0, 2.0], [10.0, 30.0, 28.0], [13.0, 17.0, 45.0], [30.0, 13.0, 30.0], [21.0, 28.0, 17.0], [19.0, 1.0, 2.0], [28.0, 51.0, 25.0], [25.0, 61.0, 41.0], [31.0, 33.0, 60.0], [18.0, 12.0, 44.0], [26.0, 14.0, 18.0], [20.0, 1.0, 40.0], [30.0, 1.0, 24.0], [27.0, 16.0, 45.0], [26.0, 8.0, 34.0], [16.0, 1.0, 42.0], [22.0, 32.0, 60.0], [30.0, 1.0, 54.0], [21.0, 60.0, 19.0], [31.0, 9.0, 2.0], [30.0, 42.0, 13.0], [31.0, 31.0, 2.0], [31.0, 41.0, 41.0], [26.0, 42.0, 20.0], [31.0, 57.0, 2.0], [31.0, 59.0, 37.0], [31.0, 45.0, 2.0], [22.0, 39.0, 1.0], [18.0, 32.0, 45.0], [30.0, 9.0, 14.0], [24.0, 17.0, 58.0], [25.0, 59.0, 2.0], [24.0, 50.0, 2.0], [27.0, 37.0, 38.0], [30.0, 26.0, 11.0], [30.0, 60.0, 15.0], [11.0, 0.0, 1.0], [21.0, 62.0, 1.0]]","[0.9024960398674011, 0.8855887055397034, 0.8600069880485535, 0.8485056161880493, 0.845396876335144, 0.8177233338356018, 0.8162498474121094, 0.8135247230529785, 0.8117901682853699, 0.8035591840744019, 0.8015393018722534, 0.7961888909339905, 0.7924602031707764, 0.7914474606513977, 0.782798707485199, 0.7707936763763428, 0.7680633068084717, 0.7636368870735168, 0.7470465898513794, 0.746106743812561, 0.7451319694519043, 0.739201545715332, 0.7385173439979553, 0.7359853982925415, 0.7208523750305176, 0.7170476317405701, 0.7140153646469116, 0.7139014601707458, 0.7035172581672668, 0.7030039429664612, 0.7020410895347595, 0.6832275986671448, 0.6816781163215637, 0.6768264770507812, 0.6664634943008423, 0.6632803082466125, 0.6630004644393921, 0.6523667573928833, 0.6467725038528442, 0.6385738253593445, 0.6312205791473389, 0.6281987428665161, 0.6224942207336426, 0.622122049331665, 0.6189267635345459, 0.6070597767829895, 0.6045856475830078, 0.5981875061988831, 0.5926476120948792, 0.5892826318740845, 0.5808427929878235, 0.5725464224815369, 0.5716025233268738, 0.5710500478744507, 0.5702629685401917, 0.5657743811607361, 0.5654376745223999, 0.560451090335846, 0.5523430109024048, 0.5510258078575134, 0.5394569635391235, 0.5290622115135193, 0.5288095474243164, 0.5259133577346802, 0.5231927037239075, 0.48673176765441895, 0.43881937861442566, 0.399647057056427]"
variant_F2,train_44b6_t15_p17_crowded,train,44b6_d29c9ab2,15,crowded,0.3,2,76,2,2,2,0.40625,0.40625,0.40625,2,0.40625,2,0.820926696062088,"[[6.0, 51.0, 16.0], [16.0, 22.0, 32.0], [21.0, 40.0, 5.0], [2.0, 3.0, 60.0], [3.0, 59.0, 60.0], [2.0, 12.0, 28.0], [2.0, 45.0, 60.0], [12.0, 26.0, 24.0], [2.0, 3.0, 40.0], [2.0, 13.0, 60.0], [3.0, 59.0, 49.0], [27.0, 9.0, 30.0], [2.0, 2.0, 2.0], [3.0, 43.0, 44.0], [22.0, 25.0, 43.0], [8.0, 25.0, 60.0], [2.0, 33.0, 8.0], [28.0, 33.0, 33.0], [1.0, 59.0, 7.0], [30.0, 28.0, 15.0], [7.0, 21.0, 12.0], [5.0, 29.0, 33.0], [15.0, 16.0, 2.0], [15.0, 2.0, 50.0], [22.0, 17.0, 1.0], [16.0, 49.0, 60.0], [17.0, 22.0, 60.0], [25.0, 56.0, 35.0], [11.0, 5.0, 25.0], [13.0, 13.0, 46.0], [14.0, 1.0, 60.0], [26.0, 41.0, 61.0], [17.0, 57.0, 48.0], [13.0, 43.0, 2.0], [19.0, 43.0, 60.0], [26.0, 2.0, 22.0], [16.0, 1.0, 22.0], [20.0, 1.0, 2.0], [26.0, 24.0, 22.0], [22.0, 6.0, 61.0], [24.0, 1.0, 2.0], [15.0, 49.0, 29.0], [18.0, 41.0, 39.0], [31.0, 19.0, 48.0], [28.0, 15.0, 60.0], [30.0, 19.0, 1.0], [19.0, 59.0, 4.0], [30.0, 39.0, 61.0], [9.0, 61.0, 59.0], [29.0, 2.0, 2.0], [24.0, 14.0, 56.0], [10.0, 59.0, 2.0], [22.0, 56.0, 50.0], [31.0, 2.0, 12.0], [30.0, 7.0, 43.0], [31.0, 55.0, 49.0], [14.0, 39.0, 24.0], [24.0, 48.0, 24.0], [16.0, 43.0, 14.0], [25.0, 58.0, 61.0], [22.0, 9.0, 36.0], [18.0, 32.0, 30.0], [20.0, 1.0, 37.0], [31.0, 33.0, 50.0], [29.0, 59.0, 1.0], [29.0, 59.0, 10.0], [30.0, 43.0, 22.0], [31.0, 45.0, 42.0], [30.0, 45.0, 1.0], [24.0, 1.0, 42.0], [31.0, 59.0, 61.0], [23.0, 37.0, 20.0], [22.0, 20.0, 34.0], [16.0, 60.0, 24.0], [30.0, 37.0, 1.0], [22.0, 36.0, 42.0]]","[0.9146907925605774, 0.8682342171669006, 0.8334786295890808, 0.8092761635780334, 0.804744303226471, 0.8042930364608765, 0.7999095916748047, 0.7955241203308105, 0.7950995564460754, 0.7888575792312622, 0.78843092918396, 0.786011278629303, 0.7807008624076843, 0.7773111462593079, 0.7736191749572754, 0.7714561223983765, 0.7699229717254639, 0.7593767046928406, 0.7539848685264587, 0.7482012510299683, 0.7428956031799316, 0.7382391095161438, 0.7213191390037537, 0.7206084728240967, 0.7174175381660461, 0.7114461660385132, 0.7061605453491211, 0.6992458701133728, 0.6968342065811157, 0.6953786015510559, 0.6915335059165955, 0.6796798706054688, 0.6787539720535278, 0.6726645827293396, 0.6665674448013306, 0.6664397716522217, 0.6637454032897949, 0.6582491993904114, 0.6551801562309265, 0.6539398431777954, 0.6459478139877319, 0.6441513895988464, 0.6418222784996033, 0.6406129598617554, 0.6404975652694702, 0.627104640007019, 0.6256536841392517, 0.6184069514274597, 0.6105523109436035, 0.6039856672286987, 0.6015344262123108, 0.5982536673545837, 0.5839720368385315, 0.5788840055465698, 0.5691555738449097, 0.5667804479598999, 0.5664618015289307, 0.5664157867431641, 0.5646553635597229, 0.5604455471038818, 0.5565623641014099, 0.5545729398727417, 0.5473557114601135, 0.5402547121047974, 0.5287665128707886, 0.5200333595275879, 0.5183179974555969, 0.5089119076728821, 0.5070367455482483, 0.5056502819061279, 0.5038918852806091, 0.4988575577735901, 0.4782438278198242, 0.4739196002483368, 0.4605739712715149, 0.4380444884300232]"
variant_F2,train_44b6_t55_p18_crowded,train,44b6_d29c9ab2,55,crowded,0.3,2,71,2,2,2,0.4903871298570349,0.4903871298570349,0.4903871298570349,2,0.4903871298570349,2,0.7734725475311279,"[[24.0, 8.0, 20.0], [12.0, 46.0, 20.0], [4.0, 34.0, 24.0], [16.0, 33.0, 33.0], [2.0, 3.0, 60.0], [21.0, 26.0, 12.0], [2.0, 3.0, 32.0], [2.0, 31.0, 60.0], [22.0, 50.0, 19.0], [2.0, 3.0, 10.0], [2.0, 3.0, 18.0], [2.0, 3.0, 2.0], [20.0, 39.0, 49.0], [2.0, 3.0, 48.0], [2.0, 16.0, 16.0], [6.0, 2.0, 2.0], [5.0, 59.0, 11.0], [6.0, 11.0, 16.0], [17.0, 55.0, 44.0], [7.0, 30.0, 2.0], [2.0, 33.0, 2.0], [1.0, 51.0, 32.0], [0.0, 61.0, 60.0], [5.0, 38.0, 44.0], [1.0, 44.0, 2.0], [10.0, 50.0, 60.0], [8.0, 19.0, 48.0], [28.0, 34.0, 21.0], [26.0, 46.0, 26.0], [11.0, 27.0, 27.0], [9.0, 59.0, 30.0], [15.0, 47.0, 60.0], [17.0, 59.0, 60.0], [17.0, 29.0, 60.0], [13.0, 59.0, 60.0], [15.0, 2.0, 2.0], [17.0, 35.0, 2.0], [17.0, 15.0, 2.0], [21.0, 19.0, 61.0], [15.0, 17.0, 56.0], [13.0, 13.0, 37.0], [15.0, 29.0, 50.0], [15.0, 2.0, 16.0], [23.0, 47.0, 4.0], [26.0, 18.0, 32.0], [21.0, 4.0, 16.0], [31.0, 47.0, 49.0], [16.0, 23.0, 24.0], [30.0, 58.0, 41.0], [31.0, 25.0, 2.0], [31.0, 59.0, 2.0], [16.0, 48.0, 34.0], [31.0, 4.0, 2.0], [17.0, 60.0, 2.0], [28.0, 52.0, 58.0], [28.0, 45.0, 60.0], [31.0, 29.0, 60.0], [31.0, 34.0, 49.0], [13.0, 59.0, 2.0], [27.0, 60.0, 38.0], [22.0, 38.0, 16.0], [21.0, 9.0, 60.0], [18.0, 1.0, 48.0], [24.0, 2.0, 61.0], [28.0, 1.0, 47.0], [26.0, 11.0, 43.0], [30.0, 7.0, 27.0], [26.0, 0.0, 36.0], [22.0, 60.0, 9.0], [31.0, 1.0, 41.0], [29.0, 45.0, 24.0]]","[0.892902672290802, 0.8595284819602966, 0.8492498397827148, 0.8236755132675171, 0.8197280764579773, 0.8161965012550354, 0.8128617405891418, 0.8105164766311646, 0.8094685077667236, 0.8084428906440735, 0.8083827495574951, 0.806862473487854, 0.8050580024719238, 0.8050077557563782, 0.8010793328285217, 0.7975015640258789, 0.7930176854133606, 0.7901482582092285, 0.7742845416069031, 0.7714864015579224, 0.7617120742797852, 0.7614959478378296, 0.7509850263595581, 0.7508372664451599, 0.7492144703865051, 0.7486041188240051, 0.7434215545654297, 0.7393719553947449, 0.7273585796356201, 0.7232695817947388, 0.7207075357437134, 0.7197067737579346, 0.7158318161964417, 0.7136563062667847, 0.7091385126113892, 0.7081587910652161, 0.7039666771888733, 0.7024025321006775, 0.6974757313728333, 0.6973481178283691, 0.6953268051147461, 0.6928726434707642, 0.6920346617698669, 0.6774824857711792, 0.6656129360198975, 0.6630719304084778, 0.6555287837982178, 0.652858555316925, 0.6513674259185791, 0.6493566036224365, 0.6457529067993164, 0.637923538684845, 0.6322470903396606, 0.6310913562774658, 0.6257216930389404, 0.6182668209075928, 0.6112005710601807, 0.6068578958511353, 0.6054695248603821, 0.6034365892410278, 0.5850958228111267, 0.5674260854721069, 0.5632453560829163, 0.540546715259552, 0.5038996338844299, 0.4990262985229492, 0.4893873929977417, 0.47581517696380615, 0.46168866753578186, 0.45240911841392517, 0.4440147280693054]"
variant_F2,train_44b6_t35_p19_crowded,train,44b6_d29c9ab2,35,crowded,0.3,2,67,1,2,2,1.0406308302035874,1.0406308302035874,1.0406308302035874,2,1.0406308302035874,2,0.822992593050003,"[[12.0, 19.0, 47.0], [16.0, 33.0, 32.0], [10.0, 38.0, 32.0], [6.0, 40.0, 30.0], [2.0, 3.0, 60.0], [22.0, 36.0, 37.0], [3.0, 59.0, 60.0], [2.0, 21.0, 60.0], [2.0, 37.0, 60.0], [2.0, 3.0, 2.0], [2.0, 3.0, 16.0], [6.0, 39.0, 60.0], [2.0, 21.0, 28.0], [6.0, 19.0, 40.0], [2.0, 19.0, 48.0], [2.0, 23.0, 2.0], [2.0, 30.0, 2.0], [24.0, 50.0, 9.0], [2.0, 49.0, 48.0], [1.0, 33.0, 28.0], [15.0, 35.0, 60.0], [26.0, 44.0, 51.0], [15.0, 59.0, 60.0], [15.0, 47.0, 60.0], [15.0, 2.0, 60.0], [30.0, 17.0, 57.0], [15.0, 2.0, 2.0], [15.0, 2.0, 32.0], [15.0, 20.0, 2.0], [20.0, 2.0, 2.0], [15.0, 39.0, 2.0], [13.0, 15.0, 16.0], [15.0, 47.0, 52.0], [30.0, 14.0, 2.0], [15.0, 59.0, 42.0], [22.0, 40.0, 4.0], [27.0, 32.0, 21.0], [31.0, 23.0, 11.0], [27.0, 14.0, 2.0], [6.0, 59.0, 2.0], [27.0, 5.0, 2.0], [26.0, 22.0, 16.0], [12.0, 60.0, 16.0], [26.0, 15.0, 25.0], [19.0, 4.0, 13.0], [31.0, 55.0, 29.0], [30.0, 54.0, 5.0], [30.0, 44.0, 20.0], [25.0, 13.0, 50.0], [22.0, 1.0, 45.0], [31.0, 62.0, 37.0], [22.0, 0.0, 32.0], [30.0, 8.0, 27.0], [19.0, 50.0, 30.0], [30.0, 57.0, 60.0], [30.0, 43.0, 1.0], [30.0, 7.0, 45.0], [31.0, 17.0, 35.0], [27.0, 61.0, 61.0], [30.0, 37.0, 40.0], [30.0, 1.0, 61.0], [26.0, 62.0, 38.0], [31.0, 59.0, 48.0], [28.0, 33.0, 60.0], [18.0, 50.0, 16.0], [23.0, 60.0, 21.0], [23.0, 49.0, 40.0]]","[0.8757842779159546, 0.8539402484893799, 0.8213532567024231, 0.811402440071106, 0.7959208488464355, 0.7920449376106262, 0.789125382900238, 0.7859662771224976, 0.785077691078186, 0.7753546237945557, 0.7725206613540649, 0.7714821696281433, 0.7709288001060486, 0.7609137892723083, 0.7590883374214172, 0.7567408680915833, 0.7519326210021973, 0.7439532279968262, 0.7425819039344788, 0.7372897863388062, 0.7321768403053284, 0.707595944404602, 0.6943161487579346, 0.6831815242767334, 0.6804587244987488, 0.6780847311019897, 0.6778900027275085, 0.6777103543281555, 0.677236020565033, 0.6757678389549255, 0.673748791217804, 0.6730932593345642, 0.6678597331047058, 0.6672858595848083, 0.6586341857910156, 0.6540216207504272, 0.637424647808075, 0.6238681077957153, 0.6204604506492615, 0.6191353797912598, 0.6189107298851013, 0.6104756593704224, 0.6070138812065125, 0.6066282391548157, 0.6017946600914001, 0.6003196835517883, 0.5892749428749084, 0.5819332003593445, 0.5706923007965088, 0.5653436779975891, 0.5651791095733643, 0.5587912797927856, 0.5572587251663208, 0.552654504776001, 0.5436505079269409, 0.5367010831832886, 0.5239039063453674, 0.5091757774353027, 0.5026885271072388, 0.4952976107597351, 0.4938927888870239, 0.49156200885772705, 0.4495699405670166, 0.4425068795681, 0.42982715368270874, 0.42922136187553406, 0.4199795126914978]"
variant_F2,train_44b6_t35_p20_crowded,train,44b6_d29c9ab2,35,crowded,0.3,2,67,2,2,2,0.203125,0.203125,0.203125,2,0.203125,2,0.8312014937400818,"[[20.0, 13.0, 21.0], [18.0, 34.0, 38.0], [20.0, 13.0, 55.0], [29.0, 55.0, 19.0], [2.0, 3.0, 60.0], [6.0, 3.0, 60.0], [2.0, 43.0, 60.0], [10.0, 3.0, 60.0], [3.0, 59.0, 60.0], [2.0, 3.0, 48.0], [6.0, 51.0, 60.0], [3.0, 59.0, 49.0], [4.0, 2.0, 28.0], [14.0, 46.0, 32.0], [2.0, 47.0, 48.0], [10.0, 19.0, 25.0], [26.0, 35.0, 7.0], [2.0, 2.0, 2.0], [2.0, 28.0, 16.0], [11.0, 60.0, 40.0], [26.0, 51.0, 41.0], [3.0, 32.0, 2.0], [15.0, 28.0, 56.0], [1.0, 60.0, 2.0], [5.0, 35.0, 30.0], [0.0, 49.0, 16.0], [2.0, 50.0, 2.0], [7.0, 31.0, 38.0], [11.0, 36.0, 2.0], [31.0, 53.0, 60.0], [11.0, 51.0, 2.0], [28.0, 49.0, 8.0], [22.0, 41.0, 60.0], [5.0, 47.0, 19.0], [30.0, 13.0, 9.0], [30.0, 9.0, 60.0], [10.0, 10.0, 18.0], [13.0, 14.0, 2.0], [20.0, 6.0, 10.0], [12.0, 38.0, 22.0], [31.0, 59.0, 38.0], [13.0, 29.0, 26.0], [24.0, 27.0, 33.0], [22.0, 56.0, 61.0], [26.0, 1.0, 40.0], [30.0, 34.0, 5.0], [26.0, 25.0, 60.0], [20.0, 24.0, 28.0], [10.0, 21.0, 8.0], [20.0, 56.0, 18.0], [30.0, 22.0, 34.0], [10.0, 59.0, 17.0], [30.0, 35.0, 47.0], [24.0, 33.0, 43.0], [30.0, 37.0, 24.0], [31.0, 1.0, 27.0], [24.0, 1.0, 1.0], [26.0, 42.0, 30.0], [31.0, 1.0, 6.0], [24.0, 7.0, 18.0], [27.0, 4.0, 19.0], [25.0, 0.0, 30.0], [19.0, 26.0, 2.0], [30.0, 23.0, 2.0], [23.0, 16.0, 7.0], [25.0, 8.0, 53.0], [24.0, 60.0, 30.0]]","[0.8896094560623169, 0.883544921875, 0.8629738688468933, 0.8387411236763, 0.8221166729927063, 0.815798819065094, 0.8078655004501343, 0.8067365288734436, 0.8033165335655212, 0.8014353513717651, 0.795486330986023, 0.7855183482170105, 0.7846178412437439, 0.7788580656051636, 0.7691551446914673, 0.7667242884635925, 0.7638136744499207, 0.7581398487091064, 0.7536334991455078, 0.752055823802948, 0.7395418286323547, 0.7393829226493835, 0.7207295894622803, 0.7194498181343079, 0.7135739326477051, 0.7119486331939697, 0.7104288935661316, 0.7080652117729187, 0.6956882476806641, 0.6876863241195679, 0.6866955757141113, 0.6719970703125, 0.6667765974998474, 0.665915846824646, 0.6608370542526245, 0.6594560742378235, 0.6549071073532104, 0.6522094011306763, 0.6393773555755615, 0.6367548108100891, 0.6321503520011902, 0.6292110681533813, 0.627564549446106, 0.626411497592926, 0.6256227493286133, 0.6195041537284851, 0.6151177287101746, 0.614197313785553, 0.6094609498977661, 0.6044345498085022, 0.6006470322608948, 0.5937373042106628, 0.5604963302612305, 0.5548232793807983, 0.5541170835494995, 0.5463935136795044, 0.5356793999671936, 0.5332907438278198, 0.5315763354301453, 0.5123196244239807, 0.4941193461418152, 0.48995375633239746, 0.48968490958213806, 0.4792792499065399, 0.4592764377593994, 0.4582408368587494, 0.411430299282074]"
variant_F2,train_44b6_t20_p21_crowded,train,44b6_d29c9ab2,20,crowded,0.3,2,64,2,2,2,0.40625,0.40625,0.40625,2,0.40625,2,0.7973739802837372,"[[24.0, 36.0, 41.0], [16.0, 33.0, 46.0], [14.0, 11.0, 30.0], [26.0, 21.0, 20.0], [2.0, 3.0, 60.0], [3.0, 59.0, 60.0], [2.0, 47.0, 60.0], [2.0, 3.0, 48.0], [2.0, 27.0, 60.0], [2.0, 3.0, 24.0], [2.0, 16.0, 16.0], [2.0, 15.0, 2.0], [2.0, 31.0, 48.0], [6.0, 41.0, 44.0], [2.0, 47.0, 42.0], [17.0, 55.0, 4.0], [1.0, 59.0, 2.0], [26.0, 12.0, 50.0], [1.0, 49.0, 22.0], [9.0, 54.0, 18.0], [22.0, 42.0, 23.0], [12.0, 21.0, 23.0], [11.0, 2.0, 20.0], [30.0, 42.0, 41.0], [17.0, 2.0, 2.0], [17.0, 14.0, 2.0], [9.0, 16.0, 10.0], [12.0, 28.0, 36.0], [7.0, 31.0, 13.0], [24.0, 37.0, 2.0], [25.0, 2.0, 2.0], [17.0, 45.0, 60.0], [17.0, 31.0, 1.0], [20.0, 33.0, 60.0], [30.0, 27.0, 61.0], [17.0, 58.0, 61.0], [22.0, 24.0, 34.0], [24.0, 12.0, 6.0], [21.0, 14.0, 5.0], [20.0, 5.0, 31.0], [31.0, 9.0, 5.0], [16.0, 37.0, 14.0], [30.0, 7.0, 41.0], [24.0, 46.0, 52.0], [14.0, 62.0, 49.0], [30.0, 32.0, 30.0], [30.0, 55.0, 44.0], [29.0, 51.0, 7.0], [16.0, 59.0, 29.0], [23.0, 50.0, 61.0], [30.0, 47.0, 60.0], [25.0, 59.0, 33.0], [31.0, 59.0, 27.0], [11.0, 60.0, 2.0], [26.0, 27.0, 56.0], [30.0, 33.0, 12.0], [25.0, 60.0, 61.0], [23.0, 59.0, 1.0], [20.0, 59.0, 47.0], [30.0, 2.0, 22.0], [30.0, 1.0, 61.0], [30.0, 19.0, 30.0], [31.0, 47.0, 28.0], [24.0, 45.0, 12.0]]","[0.873397171497345, 0.86902916431427, 0.8669036626815796, 0.8186136484146118, 0.8149357438087463, 0.8055880069732666, 0.7979857325553894, 0.7949479818344116, 0.7873731255531311, 0.782042384147644, 0.7735727429389954, 0.7711215615272522, 0.7699810862541199, 0.7699244618415833, 0.7690659761428833, 0.7690299153327942, 0.7651083469390869, 0.7606413960456848, 0.7574054598808289, 0.7550638914108276, 0.7257187962532043, 0.7124079465866089, 0.7101531028747559, 0.7094758749008179, 0.7002073526382446, 0.6704432964324951, 0.6676794290542603, 0.6568311452865601, 0.651908278465271, 0.6505386233329773, 0.6504029035568237, 0.6486048102378845, 0.6480569243431091, 0.6460173726081848, 0.6358150243759155, 0.630081295967102, 0.6288192868232727, 0.6272993087768555, 0.6194302439689636, 0.6121204495429993, 0.6011942625045776, 0.5971260070800781, 0.5947644114494324, 0.5944744944572449, 0.5938777923583984, 0.588910698890686, 0.5852470397949219, 0.5838268995285034, 0.5818637609481812, 0.5761894583702087, 0.5733913779258728, 0.5718129873275757, 0.5573176145553589, 0.5534089803695679, 0.5510677099227905, 0.5507358908653259, 0.5306680798530579, 0.523337185382843, 0.5098515748977661, 0.5010016560554504, 0.4620324671268463, 0.46005651354789734, 0.45862123370170593, 0.4454810619354248]"
variant_F2,train_44b6_t30_p22_crowded,train,44b6_d29c9ab2,30,crowded,0.3,2,64,2,2,2,0.40625,0.40625,0.40625,2,0.40625,2,0.8525598347187042,"[[18.0, 27.0, 38.0], [28.0, 52.0, 25.0], [26.0, 23.0, 13.0], [21.0, 58.0, 29.0], [2.0, 3.0, 60.0], [2.0, 35.0, 60.0], [2.0, 3.0, 48.0], [14.0, 37.0, 33.0], [2.0, 39.0, 48.0], [24.0, 47.0, 45.0], [6.0, 19.0, 46.0], [3.0, 59.0, 38.0], [2.0, 28.0, 12.0], [2.0, 59.0, 60.0], [3.0, 61.0, 52.0], [3.0, 17.0, 2.0], [3.0, 29.0, 2.0], [6.0, 37.0, 24.0], [5.0, 27.0, 30.0], [2.0, 46.0, 2.0], [20.0, 7.0, 59.0], [5.0, 2.0, 16.0], [13.0, 2.0, 2.0], [2.0, 2.0, 12.0], [10.0, 2.0, 12.0], [31.0, 50.0, 2.0], [22.0, 33.0, 60.0], [28.0, 44.0, 14.0], [7.0, 55.0, 59.0], [30.0, 37.0, 60.0], [20.0, 7.0, 26.0], [11.0, 60.0, 58.0], [31.0, 59.0, 44.0], [28.0, 9.0, 60.0], [23.0, 58.0, 2.0], [26.0, 16.0, 2.0], [11.0, 31.0, 18.0], [31.0, 43.0, 43.0], [15.0, 59.0, 1.0], [28.0, 25.0, 53.0], [30.0, 18.0, 2.0], [30.0, 35.0, 30.0], [27.0, 60.0, 60.0], [5.0, 62.0, 4.0], [20.0, 2.0, 14.0], [15.0, 51.0, 1.0], [19.0, 59.0, 1.0], [20.0, 48.0, 16.0], [25.0, 3.0, 5.0], [30.0, 11.0, 44.0], [26.0, 3.0, 23.0], [14.0, 15.0, 59.0], [24.0, 25.0, 48.0], [31.0, 18.0, 30.0], [19.0, 61.0, 61.0], [26.0, 37.0, 34.0], [31.0, 4.0, 33.0], [24.0, 20.0, 38.0], [18.0, 17.0, 3.0], [31.0, 5.0, 25.0], [31.0, 16.0, 13.0], [21.0, 29.0, 14.0], [16.0, 31.0, 2.0], [24.0, 0.0, 41.0]]","[0.9109490513801575, 0.8598281145095825, 0.8566858768463135, 0.835740327835083, 0.8277640342712402, 0.8204708695411682, 0.8004571199417114, 0.794170618057251, 0.7917777895927429, 0.7896848320960999, 0.7774580121040344, 0.7714821696281433, 0.7708465456962585, 0.7631008625030518, 0.7576014399528503, 0.7551170587539673, 0.7496978640556335, 0.7468860149383545, 0.7337396144866943, 0.7308081984519958, 0.7283835411071777, 0.726670503616333, 0.7253099083900452, 0.718280017375946, 0.6961188316345215, 0.6924697160720825, 0.691798210144043, 0.6913248300552368, 0.686278760433197, 0.6719257831573486, 0.6604503989219666, 0.6579309105873108, 0.651591956615448, 0.650771975517273, 0.6475055813789368, 0.6461986899375916, 0.6461934447288513, 0.6434746384620667, 0.6285589933395386, 0.6256518959999084, 0.6231654286384583, 0.6229230165481567, 0.6219281554222107, 0.6185445189476013, 0.6143541932106018, 0.6128055453300476, 0.6094568967819214, 0.6069860458374023, 0.6060952544212341, 0.5991057753562927, 0.5836519598960876, 0.581851601600647, 0.5793341398239136, 0.5785089135169983, 0.5711448788642883, 0.5611968040466309, 0.5527001619338989, 0.5494784116744995, 0.5454753637313843, 0.5384449362754822, 0.4865521192550659, 0.46917977929115295, 0.46719658374786377, 0.3808288872241974]"
variant_F2,train_44b6_t50_p23_crowded,train,44b6_d29c9ab2,50,crowded,0.3,2,78,1,1,1,3.4601760606941134,3.4601760606941134,0.5745242597140698,1,0.5745242597140698,1,0.7482627630233765,"[[10.0, 47.0, 37.0], [3.0, 26.0, 10.0], [6.0, 42.0, 60.0], [2.0, 43.0, 60.0], [6.0, 21.0, 37.0], [10.0, 3.0, 60.0], [24.0, 5.0, 45.0], [2.0, 3.0, 46.0], [3.0, 60.0, 46.0], [20.0, 23.0, 33.0], [2.0, 59.0, 60.0], [2.0, 2.0, 60.0], [2.0, 26.0, 60.0], [2.0, 43.0, 48.0], [1.0, 16.0, 28.0], [12.0, 25.0, 57.0], [1.0, 33.0, 38.0], [2.0, 2.0, 32.0], [15.0, 47.0, 16.0], [2.0, 11.0, 60.0], [1.0, 41.0, 16.0], [28.0, 28.0, 12.0], [1.0, 58.0, 16.0], [23.0, 21.0, 60.0], [20.0, 31.0, 60.0], [1.0, 59.0, 2.0], [27.0, 23.0, 60.0], [18.0, 19.0, 60.0], [1.0, 44.0, 2.0], [14.0, 59.0, 60.0], [2.0, 3.0, 2.0], [14.0, 25.0, 1.0], [21.0, 60.0, 33.0], [13.0, 45.0, 60.0], [20.0, 51.0, 61.0], [5.0, 57.0, 21.0], [9.0, 59.0, 2.0], [16.0, 40.0, 6.0], [16.0, 50.0, 52.0], [31.0, 31.0, 60.0], [7.0, 44.0, 2.0], [10.0, 31.0, 22.0], [31.0, 59.0, 60.0], [29.0, 60.0, 2.0], [31.0, 59.0, 10.0], [26.0, 49.0, 61.0], [31.0, 45.0, 59.0], [11.0, 2.0, 18.0], [11.0, 15.0, 2.0], [28.0, 56.0, 32.0], [19.0, 1.0, 32.0], [14.0, 59.0, 42.0], [28.0, 40.0, 18.0], [20.0, 45.0, 23.0], [29.0, 62.0, 46.0], [30.0, 21.0, 2.0], [19.0, 1.0, 2.0], [30.0, 22.0, 30.0], [24.0, 7.0, 18.0], [27.0, 2.0, 2.0], [17.0, 1.0, 12.0], [17.0, 59.0, 22.0], [15.0, 9.0, 2.0], [16.0, 20.0, 22.0], [27.0, 46.0, 29.0], [22.0, 59.0, 16.0], [23.0, 60.0, 61.0], [31.0, 9.0, 53.0], [30.0, 4.0, 61.0], [23.0, 59.0, 48.0], [29.0, 34.0, 40.0], [30.0, 9.0, 29.0], [30.0, 17.0, 42.0], [21.0, 17.0, 13.0], [24.0, 39.0, 1.0], [21.0, 1.0, 61.0], [25.0, 21.0, 29.0], [31.0, 0.0, 45.0]]","[0.8913050293922424, 0.855108916759491, 0.8292338848114014, 0.8231164216995239, 0.8173234462738037, 0.8156784772872925, 0.8155390620231628, 0.810725212097168, 0.8098157644271851, 0.8097448348999023, 0.8082417845726013, 0.8054983615875244, 0.7981002926826477, 0.7979214191436768, 0.7899362444877625, 0.7891885042190552, 0.788973331451416, 0.7883777618408203, 0.7864632606506348, 0.7847713828086853, 0.782565176486969, 0.7765874862670898, 0.7450862526893616, 0.744266152381897, 0.7411173582077026, 0.735548198223114, 0.7327118515968323, 0.7246244549751282, 0.7232235670089722, 0.7199400663375854, 0.7157714366912842, 0.7150641083717346, 0.7121539115905762, 0.7113482356071472, 0.7105276584625244, 0.7069860100746155, 0.7059513330459595, 0.7058956027030945, 0.7057145237922668, 0.7055873274803162, 0.7028287649154663, 0.7018535733222961, 0.6979385614395142, 0.6920726895332336, 0.6896644234657288, 0.6875698566436768, 0.6758216619491577, 0.6751543283462524, 0.6747578382492065, 0.6729307174682617, 0.6627936363220215, 0.6521582007408142, 0.6440144777297974, 0.6346184611320496, 0.6326320767402649, 0.631331741809845, 0.6272997260093689, 0.6246598958969116, 0.6238353848457336, 0.6237087845802307, 0.6211887001991272, 0.6136720776557922, 0.6136227250099182, 0.6052204966545105, 0.6019353866577148, 0.5976541638374329, 0.5878496766090393, 0.5828670859336853, 0.5827410221099854, 0.5765900015830994, 0.5733485221862793, 0.5673112273216248, 0.5668443441390991, 0.5666517615318298, 0.5549795627593994, 0.5013619065284729, 0.5006420612335205, 0.43420079350471497]"
variant_F2,train_44b6_t40_p24_crowded,train,44b6_d29c9ab2,40,crowded,0.3,2,72,1,1,1,1.9266977791422095,1.9266977791422095,0.40625,1,0.40625,1,0.773626834154129,"[[18.0, 11.0, 10.0], [24.0, 26.0, 14.0], [2.0, 3.0, 60.0], [17.0, 7.0, 43.0], [19.0, 56.0, 7.0], [2.0, 29.0, 60.0], [2.0, 45.0, 60.0], [2.0, 21.0, 60.0], [2.0, 53.0, 60.0], [2.0, 3.0, 48.0], [16.0, 31.0, 47.0], [2.0, 3.0, 36.0], [8.0, 15.0, 60.0], [2.0, 2.0, 16.0], [2.0, 2.0, 2.0], [2.0, 11.0, 40.0], [2.0, 11.0, 32.0], [2.0, 35.0, 48.0], [2.0, 47.0, 48.0], [2.0, 11.0, 20.0], [6.0, 39.0, 50.0], [17.0, 47.0, 60.0], [20.0, 41.0, 60.0], [30.0, 16.0, 60.0], [15.0, 55.0, 31.0], [10.0, 33.0, 40.0], [6.0, 11.0, 16.0], [2.0, 26.0, 2.0], [5.0, 18.0, 2.0], [20.0, 35.0, 30.0], [11.0, 2.0, 2.0], [20.0, 24.0, 26.0], [11.0, 40.0, 24.0], [11.0, 23.0, 20.0], [29.0, 60.0, 22.0], [10.0, 43.0, 3.0], [16.0, 4.0, 2.0], [30.0, 48.0, 8.0], [3.0, 60.0, 2.0], [30.0, 55.0, 61.0], [26.0, 36.0, 46.0], [30.0, 28.0, 25.0], [30.0, 45.0, 56.0], [17.0, 37.0, 1.0], [9.0, 59.0, 14.0], [24.0, 20.0, 4.0], [17.0, 7.0, 56.0], [30.0, 40.0, 28.0], [21.0, 4.0, 40.0], [30.0, 23.0, 40.0], [18.0, 56.0, 42.0], [24.0, 24.0, 44.0], [31.0, 27.0, 2.0], [26.0, 13.0, 60.0], [12.0, 59.0, 2.0], [21.0, 2.0, 61.0], [27.0, 5.0, 1.0], [25.0, 50.0, 10.0], [26.0, 1.0, 21.0], [25.0, 62.0, 22.0], [31.0, 59.0, 39.0], [26.0, 53.0, 26.0], [30.0, 51.0, 35.0], [20.0, 20.0, 49.0], [30.0, 51.0, 42.0], [22.0, 6.0, 14.0], [27.0, 58.0, 37.0], [30.0, 1.0, 60.0], [30.0, 1.0, 45.0], [26.0, 9.0, 34.0], [27.0, 1.0, 45.0], [30.0, 17.0, 24.0]]","[0.8424744009971619, 0.8154385685920715, 0.7916851043701172, 0.7878264784812927, 0.7855531573295593, 0.778744101524353, 0.7773866057395935, 0.7773661017417908, 0.7772567272186279, 0.7621099948883057, 0.7617005109786987, 0.7605055570602417, 0.754275918006897, 0.751943826675415, 0.7494189739227295, 0.7478816509246826, 0.7445864677429199, 0.7435632944107056, 0.7430517673492432, 0.7414095401763916, 0.7328620553016663, 0.7328420281410217, 0.7227044701576233, 0.722213864326477, 0.7196539640426636, 0.7170537114143372, 0.7156333327293396, 0.7120580673217773, 0.7028012871742249, 0.6989612579345703, 0.6952242851257324, 0.6792392134666443, 0.6778050065040588, 0.6768431067466736, 0.6641013622283936, 0.6535791754722595, 0.6417478322982788, 0.6387812495231628, 0.6364333629608154, 0.6363029479980469, 0.6317167282104492, 0.6198626160621643, 0.6171317100524902, 0.6030269861221313, 0.6019648909568787, 0.5838321447372437, 0.5832218527793884, 0.5716210603713989, 0.5678415298461914, 0.5615498423576355, 0.5542395114898682, 0.5331286787986755, 0.533037006855011, 0.5276259183883667, 0.5172703862190247, 0.5161733627319336, 0.5138810873031616, 0.5113261938095093, 0.509375810623169, 0.5001525282859802, 0.49775585532188416, 0.49727290868759155, 0.4895126521587372, 0.4838992953300476, 0.483425110578537, 0.47947824001312256, 0.47102370858192444, 0.4658806622028351, 0.4594556987285614, 0.45308756828308105, 0.4527665078639984, 0.40746065974235535]"
variant_F2,train_44b6_t55_p25_isolated,train,44b6_d29c9ab2,55,isolated,0.3,1,59,1,1,1,0.0,0.0,0.0,1,0.0,1,0.859890878200531,"[[20.0, 45.0, 17.0], [30.0, 32.0, 40.0], [15.0, 32.0, 32.0], [2.0, 3.0, 60.0], [2.0, 43.0, 60.0], [2.0, 51.0, 60.0], [2.0, 20.0, 60.0], [5.0, 59.0, 60.0], [8.0, 2.0, 60.0], [19.0, 7.0, 48.0], [8.0, 37.0, 60.0], [8.0, 49.0, 60.0], [2.0, 3.0, 46.0], [8.0, 29.0, 60.0], [2.0, 23.0, 48.0], [8.0, 3.0, 46.0], [6.0, 10.0, 48.0], [6.0, 19.0, 48.0], [2.0, 2.0, 2.0], [8.0, 47.0, 52.0], [8.0, 31.0, 48.0], [30.0, 23.0, 32.0], [16.0, 29.0, 3.0], [21.0, 25.0, 60.0], [7.0, 23.0, 2.0], [29.0, 15.0, 20.0], [22.0, 40.0, 60.0], [20.0, 43.0, 44.0], [2.0, 48.0, 2.0], [18.0, 9.0, 26.0], [22.0, 15.0, 30.0], [5.0, 52.0, 2.0], [0.0, 59.0, 2.0], [26.0, 8.0, 56.0], [30.0, 54.0, 38.0], [22.0, 2.0, 60.0], [0.0, 59.0, 12.0], [25.0, 7.0, 9.0], [16.0, 58.0, 6.0], [26.0, 45.0, 5.0], [30.0, 9.0, 9.0], [30.0, 59.0, 26.0], [16.0, 2.0, 14.0], [29.0, 31.0, 4.0], [30.0, 43.0, 61.0], [11.0, 58.0, 5.0], [30.0, 29.0, 61.0], [19.0, 60.0, 27.0], [17.0, 3.0, 1.0], [26.0, 62.0, 60.0], [30.0, 62.0, 47.0], [22.0, 33.0, 32.0], [30.0, 62.0, 57.0], [21.0, 60.0, 5.0], [30.0, 38.0, 26.0], [26.0, 60.0, 3.0], [31.0, 43.0, 4.0], [28.0, 37.0, 16.0], [24.0, 31.0, 1.0]]","[0.8842908143997192, 0.8766212463378906, 0.859890878200531, 0.7759519815444946, 0.7642727494239807, 0.7616252303123474, 0.7614150643348694, 0.7600491642951965, 0.7531419396400452, 0.7501358985900879, 0.7472845911979675, 0.7464012503623962, 0.7419156432151794, 0.7410704493522644, 0.7325857281684875, 0.7315314412117004, 0.7206066250801086, 0.716941237449646, 0.7125623822212219, 0.711846649646759, 0.7110068202018738, 0.7096320390701294, 0.694617748260498, 0.686610221862793, 0.685551106929779, 0.6851592659950256, 0.6758988499641418, 0.6654750108718872, 0.6555914878845215, 0.6542191505432129, 0.6406641602516174, 0.6394617557525635, 0.6392998099327087, 0.6281908750534058, 0.6273854970932007, 0.6233974099159241, 0.6149889826774597, 0.6096410155296326, 0.6085509061813354, 0.5935832262039185, 0.5878408551216125, 0.5621967911720276, 0.5483138561248779, 0.540532112121582, 0.5371028184890747, 0.535747230052948, 0.5282526016235352, 0.5235933661460876, 0.522913932800293, 0.48792263865470886, 0.4844859540462494, 0.4714341163635254, 0.46890053153038025, 0.4600791335105896, 0.4326307475566864, 0.41991400718688965, 0.4183683693408966, 0.4147779643535614, 0.4016719162464142]"
variant_F2,train_44b6_t50_p26_isolated,train,44b6_d29c9ab2,50,isolated,0.3,1,61,1,1,1,0.5745242597140698,0.5745242597140698,0.5745242597140698,1,0.5745242597140698,1,0.8714016675949097,"[[6.0, 42.0, 34.0], [16.0, 33.0, 33.0], [3.0, 37.0, 60.0], [1.0, 17.0, 60.0], [1.0, 15.0, 48.0], [0.0, 5.0, 27.0], [11.0, 57.0, 23.0], [1.0, 59.0, 46.0], [10.0, 45.0, 56.0], [3.0, 20.0, 30.0], [20.0, 38.0, 54.0], [5.0, 59.0, 46.0], [14.0, 18.0, 60.0], [5.0, 22.0, 54.0], [20.0, 29.0, 48.0], [2.0, 33.0, 28.0], [2.0, 39.0, 2.0], [10.0, 13.0, 60.0], [29.0, 58.0, 2.0], [29.0, 2.0, 2.0], [6.0, 25.0, 40.0], [1.0, 26.0, 2.0], [29.0, 51.0, 2.0], [29.0, 18.0, 2.0], [13.0, 33.0, 2.0], [29.0, 34.0, 2.0], [29.0, 42.0, 2.0], [11.0, 13.0, 17.0], [9.0, 34.0, 2.0], [21.0, 22.0, 2.0], [11.0, 61.0, 60.0], [13.0, 45.0, 2.0], [6.0, 15.0, 42.0], [9.0, 36.0, 16.0], [14.0, 1.0, 50.0], [21.0, 14.0, 56.0], [21.0, 3.0, 2.0], [18.0, 58.0, 50.0], [23.0, 49.0, 2.0], [17.0, 1.0, 48.0], [12.0, 5.0, 6.0], [24.0, 6.0, 60.0], [10.0, 48.0, 12.0], [21.0, 23.0, 10.0], [14.0, 49.0, 60.0], [18.0, 16.0, 30.0], [6.0, 1.0, 38.0], [31.0, 23.0, 34.0], [21.0, 53.0, 60.0], [21.0, 44.0, 12.0], [30.0, 1.0, 60.0], [1.0, 60.0, 17.0], [26.0, 21.0, 40.0], [16.0, 0.0, 26.0], [30.0, 55.0, 61.0], [10.0, 1.0, 51.0], [26.0, 31.0, 57.0], [30.0, 23.0, 61.0], [17.0, 53.0, 37.0], [16.0, 44.0, 30.0], [24.0, 60.0, 39.0]]","[0.8903563618659973, 0.8714016675949097, 0.8553736805915833, 0.8492438197135925, 0.8471465110778809, 0.8283860087394714, 0.8261778354644775, 0.8206903338432312, 0.8055936694145203, 0.8015813231468201, 0.8012343049049377, 0.7978032231330872, 0.7919007539749146, 0.7774746417999268, 0.7742912769317627, 0.7590448260307312, 0.751779317855835, 0.7467591166496277, 0.7385542988777161, 0.7381325960159302, 0.7347918748855591, 0.732454776763916, 0.7318980097770691, 0.729965090751648, 0.7288663983345032, 0.7269887328147888, 0.7262189984321594, 0.7232823371887207, 0.7168698906898499, 0.7154799103736877, 0.7145500779151917, 0.7127562761306763, 0.7088217735290527, 0.7031210064888, 0.7030690312385559, 0.7026500105857849, 0.7007916569709778, 0.6989668011665344, 0.6932029128074646, 0.6837440133094788, 0.6739718317985535, 0.6715723872184753, 0.6694636344909668, 0.6628797054290771, 0.6457607746124268, 0.6409104466438293, 0.6348919868469238, 0.6300572752952576, 0.6139827370643616, 0.6130068898200989, 0.6077207922935486, 0.583634614944458, 0.5800691246986389, 0.5756415724754333, 0.5687695145606995, 0.5384812355041504, 0.5375974178314209, 0.5364248752593994, 0.5218684077262878, 0.5073828101158142, 0.47733908891677856]"
variant_F2,train_44b6_t15_p27_isolated,train,44b6_d29c9ab2,15,isolated,0.3,1,90,1,1,1,0.0,0.0,0.0,1,0.0,1,0.9444403648376465,"[[18.0, 32.0, 32.0], [10.0, 17.0, 4.0], [12.0, 34.0, 37.0], [22.0, 11.0, 59.0], [27.0, 60.0, 12.0], [21.0, 59.0, 57.0], [10.0, 13.0, 51.0], [27.0, 59.0, 36.0], [28.0, 3.0, 60.0], [29.0, 2.0, 44.0], [31.0, 59.0, 24.0], [27.0, 27.0, 22.0], [27.0, 51.0, 40.0], [29.0, 3.0, 2.0], [27.0, 3.0, 12.0], [31.0, 47.0, 52.0], [4.0, 41.0, 25.0], [31.0, 3.0, 60.0], [31.0, 55.0, 60.0], [31.0, 43.0, 60.0], [31.0, 15.0, 34.0], [31.0, 31.0, 24.0], [31.0, 23.0, 60.0], [30.0, 15.0, 61.0], [29.0, 47.0, 2.0], [29.0, 19.0, 2.0], [31.0, 23.0, 22.0], [31.0, 31.0, 32.0], [30.0, 36.0, 2.0], [25.0, 41.0, 2.0], [31.0, 23.0, 34.0], [31.0, 3.0, 16.0], [25.0, 23.0, 2.0], [31.0, 19.0, 50.0], [31.0, 15.0, 10.0], [31.0, 41.0, 12.0], [27.0, 15.0, 12.0], [26.0, 45.0, 60.0], [24.0, 13.0, 34.0], [3.0, 34.0, 53.0], [20.0, 51.0, 18.0], [12.0, 47.0, 42.0], [17.0, 5.0, 25.0], [5.0, 2.0, 40.0], [22.0, 1.0, 50.0], [0.0, 9.0, 60.0], [0.0, 2.0, 44.0], [0.0, 16.0, 59.0], [5.0, 7.0, 17.0], [14.0, 5.0, 44.0], [1.0, 55.0, 45.0], [18.0, 24.0, 22.0], [19.0, 1.0, 48.0], [12.0, 24.0, 26.0], [13.0, 62.0, 34.0], [11.0, 59.0, 51.0], [10.0, 40.0, 61.0], [5.0, 31.0, 1.0], [12.0, 52.0, 28.0], [5.0, 47.0, 1.0], [12.0, 31.0, 2.0], [13.0, 16.0, 25.0], [14.0, 3.0, 61.0], [17.0, 20.0, 53.0], [9.0, 1.0, 1.0], [5.0, 24.0, 52.0], [12.0, 48.0, 3.0], [3.0, 7.0, 8.0], [2.0, 36.0, 10.0], [1.0, 28.0, 14.0], [7.0, 45.0, 60.0], [1.0, 59.0, 7.0], [14.0, 5.0, 19.0], [1.0, 21.0, 2.0], [1.0, 41.0, 1.0], [4.0, 15.0, 37.0], [8.0, 59.0, 2.0], [6.0, 53.0, 60.0], [5.0, 3.0, 61.0], [0.0, 7.0, 2.0], [12.0, 60.0, 11.0], [8.0, 1.0, 9.0], [4.0, 54.0, 34.0], [0.0, 37.0, 39.0], [0.0, 43.0, 61.0], [17.0, 59.0, 61.0], [0.0, 1.0, 16.0], [0.0, 56.0, 25.0], [0.0, 34.0, 61.0], [3.0, 60.0, 21.0]]","[0.9444403648376465, 0.8783776164054871, 0.8149321675300598, 0.7980344891548157, 0.7645312547683716, 0.7618939876556396, 0.7610935568809509, 0.7607224583625793, 0.7582293152809143, 0.7573949694633484, 0.7541301846504211, 0.7521007061004639, 0.749370276927948, 0.7493241429328918, 0.7465983033180237, 0.7457107901573181, 0.7453745603561401, 0.7453023195266724, 0.745111346244812, 0.7446697950363159, 0.744331955909729, 0.744248628616333, 0.7441954016685486, 0.7440707683563232, 0.7432631850242615, 0.7429700493812561, 0.7426812052726746, 0.7423024773597717, 0.7422149181365967, 0.7422013282775879, 0.7417492866516113, 0.7417245507240295, 0.7410051226615906, 0.7396702170372009, 0.7391723990440369, 0.7388642430305481, 0.7380015850067139, 0.7251282930374146, 0.6985597610473633, 0.6877418756484985, 0.6775634288787842, 0.6723418831825256, 0.664638340473175, 0.6605181097984314, 0.6566927433013916, 0.6558367013931274, 0.6499608755111694, 0.6461079120635986, 0.6409293413162231, 0.6386484503746033, 0.6352317333221436, 0.6302763819694519, 0.6294069886207581, 0.6269676685333252, 0.6246995329856873, 0.6219504475593567, 0.6218160390853882, 0.617124617099762, 0.6163619756698608, 0.61049884557724, 0.6043665409088135, 0.5940741300582886, 0.5933277010917664, 0.5903124809265137, 0.5866326689720154, 0.585795521736145, 0.585096001625061, 0.5816391110420227, 0.5809471011161804, 0.5762178897857666, 0.569577693939209, 0.5691742300987244, 0.5686131119728088, 0.5684993267059326, 0.5643070340156555, 0.5499393939971924, 0.5477231740951538, 0.5475679039955139, 0.5454022884368896, 0.5443893671035767, 0.5226467251777649, 0.5075400471687317, 0.5061029195785522, 0.5060070157051086, 0.5006030797958374, 0.4864314794540405, 0.48606574535369873, 0.4657484292984009, 0.4621823728084564, 0.44735464453697205]"
variant_F2,train_44b6_t30_p28_isolated,train,44b6_d29c9ab2,30,isolated,0.3,1,63,1,1,1,0.40625,0.40625,0.40625,1,0.40625,1,0.9511171579360962,"[[16.0, 31.0, 32.0], [4.0, 10.0, 40.0], [29.0, 61.0, 10.0], [29.0, 61.0, 24.0], [31.0, 59.0, 46.0], [31.0, 59.0, 60.0], [30.0, 45.0, 2.0], [31.0, 49.0, 60.0], [31.0, 39.0, 60.0], [31.0, 33.0, 30.0], [31.0, 41.0, 26.0], [31.0, 39.0, 40.0], [31.0, 43.0, 52.0], [31.0, 23.0, 14.0], [23.0, 61.0, 2.0], [12.0, 38.0, 47.0], [31.0, 3.0, 50.0], [19.0, 2.0, 2.0], [12.0, 50.0, 34.0], [6.0, 3.0, 11.0], [16.0, 24.0, 56.0], [5.0, 30.0, 48.0], [2.0, 3.0, 60.0], [0.0, 33.0, 60.0], [13.0, 59.0, 42.0], [7.0, 62.0, 19.0], [1.0, 11.0, 3.0], [17.0, 59.0, 60.0], [18.0, 11.0, 26.0], [1.0, 27.0, 33.0], [6.0, 52.0, 10.0], [20.0, 60.0, 58.0], [5.0, 44.0, 9.0], [1.0, 62.0, 4.0], [6.0, 60.0, 52.0], [2.0, 43.0, 44.0], [1.0, 59.0, 60.0], [10.0, 35.0, 20.0], [16.0, 4.0, 61.0], [6.0, 2.0, 30.0], [10.0, 7.0, 40.0], [10.0, 39.0, 61.0], [10.0, 12.0, 61.0], [10.0, 18.0, 2.0], [13.0, 2.0, 42.0], [12.0, 61.0, 61.0], [22.0, 7.0, 61.0], [18.0, 16.0, 43.0], [11.0, 47.0, 1.0], [4.0, 21.0, 2.0], [0.0, 7.0, 22.0], [1.0, 45.0, 2.0], [12.0, 23.0, 43.0], [10.0, 1.0, 2.0], [12.0, 29.0, 5.0], [6.0, 11.0, 24.0], [8.0, 40.0, 10.0], [12.0, 1.0, 15.0], [8.0, 29.0, 60.0], [0.0, 45.0, 27.0], [0.0, 62.0, 19.0], [9.0, 27.0, 10.0], [9.0, 62.0, 33.0]]","[0.9511171579360962, 0.9042869806289673, 0.796919584274292, 0.7885380387306213, 0.7878462076187134, 0.7862381339073181, 0.7831596732139587, 0.7823809385299683, 0.7788432836532593, 0.7777822017669678, 0.7756039500236511, 0.7754083871841431, 0.7752127051353455, 0.7720016241073608, 0.76092129945755, 0.7601727247238159, 0.7462295889854431, 0.7165998220443726, 0.7077398300170898, 0.703365683555603, 0.6898959875106812, 0.682157576084137, 0.678708016872406, 0.6726821064949036, 0.6714226007461548, 0.6583669185638428, 0.6461653709411621, 0.6460587978363037, 0.641465961933136, 0.6410301923751831, 0.6406812071800232, 0.636581301689148, 0.6218092441558838, 0.6207608580589294, 0.6153584122657776, 0.6134734153747559, 0.6132707595825195, 0.6010547280311584, 0.5989393591880798, 0.5955551266670227, 0.5949931740760803, 0.5943251848220825, 0.5926198959350586, 0.5895067453384399, 0.5820640921592712, 0.5776010751724243, 0.5747538805007935, 0.5685291886329651, 0.5666731595993042, 0.5637773871421814, 0.5628879070281982, 0.5599109530448914, 0.5534746646881104, 0.5517081022262573, 0.5456989407539368, 0.5433839559555054, 0.5344140529632568, 0.5341522693634033, 0.5217711925506592, 0.5118469595909119, 0.491344690322876, 0.4849545359611511, 0.4462977945804596]"
variant_F2,train_44b6_t30_p29_isolated,train,44b6_d29c9ab2,30,isolated,0.3,1,56,0,1,1,1.7235727791422095,1.7235727791422095,1.7235727791422095,1,1.7235727791422095,1,0.7760357856750488,"[[6.0, 25.0, 17.0], [8.0, 9.0, 51.0], [29.0, 61.0, 10.0], [4.0, 9.0, 40.0], [31.0, 59.0, 40.0], [31.0, 57.0, 60.0], [30.0, 49.0, 2.0], [6.0, 53.0, 33.0], [31.0, 43.0, 14.0], [12.0, 31.0, 31.0], [31.0, 31.0, 10.0], [2.0, 13.0, 60.0], [29.0, 3.0, 2.0], [6.0, 30.0, 42.0], [1.0, 44.0, 52.0], [16.0, 10.0, 33.0], [11.0, 59.0, 45.0], [18.0, 19.0, 42.0], [2.0, 3.0, 18.0], [5.0, 1.0, 20.0], [2.0, 9.0, 8.0], [24.0, 27.0, 60.0], [22.0, 41.0, 60.0], [1.0, 53.0, 11.0], [11.0, 54.0, 2.0], [10.0, 34.0, 60.0], [24.0, 1.0, 26.0], [11.0, 18.0, 2.0], [12.0, 48.0, 34.0], [0.0, 59.0, 42.0], [9.0, 39.0, 2.0], [26.0, 17.0, 48.0], [10.0, 2.0, 38.0], [6.0, 44.0, 22.0], [4.0, 43.0, 2.0], [8.0, 52.0, 14.0], [20.0, 13.0, 31.0], [10.0, 25.0, 52.0], [18.0, 3.0, 61.0], [24.0, 2.0, 54.0], [16.0, 49.0, 61.0], [1.0, 26.0, 2.0], [14.0, 1.0, 58.0], [0.0, 53.0, 29.0], [16.0, 41.0, 50.0], [15.0, 27.0, 61.0], [14.0, 18.0, 17.0], [14.0, 1.0, 25.0], [14.0, 59.0, 20.0], [10.0, 20.0, 26.0], [8.0, 61.0, 61.0], [7.0, 1.0, 1.0], [3.0, 61.0, 61.0], [4.0, 28.0, 32.0], [6.0, 20.0, 36.0], [8.0, 62.0, 21.0]]","[0.8798911571502686, 0.8179172873497009, 0.7989140748977661, 0.796663761138916, 0.7920364141464233, 0.7912826538085938, 0.7907353639602661, 0.7830902934074402, 0.7762817740440369, 0.7760357856750488, 0.7751919627189636, 0.7549530267715454, 0.7524819374084473, 0.7245518565177917, 0.7233763337135315, 0.7215997576713562, 0.7116733193397522, 0.707429826259613, 0.6997680068016052, 0.6846438050270081, 0.682431697845459, 0.679094135761261, 0.6749004125595093, 0.6611837148666382, 0.6571871042251587, 0.6550952792167664, 0.650315523147583, 0.6448879837989807, 0.6436449289321899, 0.6430894136428833, 0.6316142678260803, 0.628412127494812, 0.6241621375083923, 0.6166924834251404, 0.6040167212486267, 0.600010335445404, 0.594364583492279, 0.5930778384208679, 0.5927521586418152, 0.591119110584259, 0.5876404047012329, 0.5852292776107788, 0.5842691659927368, 0.5793080925941467, 0.5781459212303162, 0.5707252621650696, 0.564048707485199, 0.5396457314491272, 0.5350793600082397, 0.534720242023468, 0.5227473378181458, 0.5175585150718689, 0.5171698927879333, 0.48940080404281616, 0.4592570960521698, 0.45884642004966736]"
variant_F2,train_44b6_t20_p30_isolated,train,44b6_d29c9ab2,20,isolated,0.3,1,70,1,1,1,0.0,0.0,0.0,1,0.0,1,0.9150384068489075,"[[10.0, 18.0, 14.0], [16.0, 32.0, 32.0], [29.0, 60.0, 10.0], [29.0, 60.0, 32.0], [31.0, 59.0, 60.0], [30.0, 48.0, 2.0], [31.0, 59.0, 49.0], [31.0, 39.0, 48.0], [18.0, 19.0, 54.0], [31.0, 31.0, 12.0], [31.0, 37.0, 36.0], [31.0, 15.0, 48.0], [31.0, 23.0, 20.0], [4.0, 31.0, 60.0], [31.0, 13.0, 60.0], [11.0, 50.0, 34.0], [10.0, 11.0, 60.0], [2.0, 11.0, 60.0], [13.0, 31.0, 41.0], [3.0, 1.0, 60.0], [6.0, 30.0, 38.0], [0.0, 11.0, 43.0], [3.0, 50.0, 41.0], [21.0, 62.0, 53.0], [17.0, 9.0, 2.0], [18.0, 1.0, 60.0], [8.0, 42.0, 7.0], [8.0, 1.0, 52.0], [24.0, 41.0, 61.0], [10.0, 45.0, 24.0], [12.0, 53.0, 60.0], [1.0, 1.0, 36.0], [10.0, 11.0, 4.0], [22.0, 12.0, 40.0], [15.0, 34.0, 2.0], [15.0, 38.0, 57.0], [6.0, 52.0, 56.0], [1.0, 48.0, 32.0], [18.0, 10.0, 46.0], [2.0, 47.0, 1.0], [9.0, 61.0, 1.0], [16.0, 60.0, 47.0], [6.0, 18.0, 34.0], [16.0, 49.0, 16.0], [12.0, 26.0, 30.0], [3.0, 61.0, 2.0], [18.0, 0.0, 18.0], [3.0, 60.0, 55.0], [13.0, 60.0, 49.0], [10.0, 41.0, 61.0], [15.0, 59.0, 61.0], [5.0, 19.0, 2.0], [3.0, 1.0, 16.0], [2.0, 1.0, 2.0], [6.0, 45.0, 25.0], [14.0, 1.0, 18.0], [0.0, 59.0, 61.0], [18.0, 1.0, 25.0], [5.0, 60.0, 17.0], [2.0, 34.0, 48.0], [6.0, 1.0, 36.0], [10.0, 26.0, 61.0], [9.0, 61.0, 61.0], [15.0, 45.0, 44.0], [4.0, 15.0, 18.0], [12.0, 16.0, 46.0], [1.0, 22.0, 18.0], [0.0, 62.0, 17.0], [2.0, 31.0, 18.0], [14.0, 0.0, 34.0]]","[0.9199070930480957, 0.9150384068489075, 0.7934723496437073, 0.789775550365448, 0.7859193682670593, 0.7837775349617004, 0.7829274535179138, 0.7812071442604065, 0.7656369805335999, 0.7639366388320923, 0.7622460126876831, 0.7621933221817017, 0.7619131207466125, 0.7591554522514343, 0.756884753704071, 0.7542774081230164, 0.7476685643196106, 0.717282772064209, 0.7128500938415527, 0.7018892168998718, 0.6946625113487244, 0.6926344633102417, 0.6866377592086792, 0.6713353395462036, 0.670515775680542, 0.6697016358375549, 0.6694734692573547, 0.661834716796875, 0.6612693667411804, 0.6608994007110596, 0.6606299877166748, 0.6449403762817383, 0.6441170573234558, 0.6353296041488647, 0.631782591342926, 0.6229719519615173, 0.6210426092147827, 0.6115652918815613, 0.6103770136833191, 0.6102246642112732, 0.6035380959510803, 0.6010739207267761, 0.5994152426719666, 0.596648633480072, 0.5952251553535461, 0.5935506820678711, 0.5895587801933289, 0.5884807705879211, 0.5869378447532654, 0.5789662599563599, 0.5755690932273865, 0.5672577023506165, 0.5613734722137451, 0.560410737991333, 0.5556825399398804, 0.5520272254943848, 0.5517322421073914, 0.5341101884841919, 0.5144197940826416, 0.5118342041969299, 0.5104348659515381, 0.5095818042755127, 0.5019170045852661, 0.4954693913459778, 0.4940999746322632, 0.4936283826828003, 0.46971583366394043, 0.45468848943710327, 0.4513089656829834, 0.4113752543926239]"
variant_F2,train_44b6_t20_p31_isolated,train,44b6_d29c9ab2,20,isolated,0.3,1,52,1,1,1,0.0,0.0,0.0,1,0.0,1,0.9419771432876587,"[[16.0, 32.0, 32.0], [18.0, 35.0, 57.0], [10.0, 47.0, 33.0], [3.0, 15.0, 25.0], [2.0, 3.0, 60.0], [29.0, 60.0, 10.0], [31.0, 59.0, 20.0], [2.0, 5.0, 52.0], [31.0, 59.0, 60.0], [31.0, 59.0, 52.0], [30.0, 48.0, 2.0], [31.0, 35.0, 4.0], [31.0, 45.0, 60.0], [31.0, 43.0, 36.0], [31.0, 37.0, 20.0], [2.0, 25.0, 60.0], [1.0, 54.0, 9.0], [0.0, 44.0, 60.0], [5.0, 40.0, 56.0], [24.0, 31.0, 60.0], [31.0, 3.0, 48.0], [8.0, 20.0, 12.0], [23.0, 2.0, 2.0], [8.0, 5.0, 41.0], [18.0, 11.0, 14.0], [8.0, 41.0, 6.0], [11.0, 59.0, 60.0], [23.0, 6.0, 56.0], [2.0, 1.0, 26.0], [10.0, 38.0, 22.0], [26.0, 2.0, 60.0], [5.0, 2.0, 2.0], [24.0, 19.0, 26.0], [18.0, 29.0, 46.0], [12.0, 31.0, 47.0], [3.0, 23.0, 41.0], [10.0, 15.0, 52.0], [11.0, 1.0, 24.0], [14.0, 13.0, 60.0], [14.0, 53.0, 14.0], [14.0, 56.0, 38.0], [11.0, 60.0, 19.0], [3.0, 24.0, 32.0], [17.0, 5.0, 33.0], [11.0, 33.0, 1.0], [24.0, 1.0, 46.0], [14.0, 24.0, 22.0], [9.0, 1.0, 4.0], [7.0, 60.0, 2.0], [3.0, 30.0, 6.0], [7.0, 29.0, 1.0], [2.0, 62.0, 61.0]]","[0.9419771432876587, 0.8844496011734009, 0.8322171568870544, 0.8222637176513672, 0.8115885257720947, 0.7942246794700623, 0.7900984287261963, 0.7888259887695312, 0.7857704758644104, 0.783725917339325, 0.783553421497345, 0.7772344946861267, 0.7756971716880798, 0.7744051218032837, 0.7740562558174133, 0.7731270790100098, 0.7656939029693604, 0.7656590342521667, 0.7285199165344238, 0.722898006439209, 0.7209078669548035, 0.7164210081100464, 0.7146137356758118, 0.7114730477333069, 0.6975341439247131, 0.6971251964569092, 0.6905951499938965, 0.6847319006919861, 0.6799082159996033, 0.6785032749176025, 0.6783663630485535, 0.6742324233055115, 0.6434386372566223, 0.6387907862663269, 0.6314351558685303, 0.630233108997345, 0.6245205998420715, 0.6210262775421143, 0.6204949021339417, 0.6156972646713257, 0.6093921065330505, 0.5932111144065857, 0.5888702273368835, 0.5845836997032166, 0.5831977128982544, 0.5790714025497437, 0.5767980813980103, 0.5714871287345886, 0.5669288635253906, 0.5300396084785461, 0.4917851686477661, 0.4784238934516907]"
variant_F2,train_44b6_t10_p32_isolated,train,44b6_d29c9ab2,10,isolated,0.3,1,51,1,1,1,0.0,0.0,0.0,1,0.0,1,0.9240859150886536,"[[8.0, 32.0, 32.0], [27.0, 61.0, 10.0], [30.0, 43.0, 3.0], [30.0, 19.0, 2.0], [30.0, 2.0, 2.0], [21.0, 59.0, 10.0], [8.0, 6.0, 28.0], [4.0, 46.0, 14.0], [22.0, 51.0, 2.0], [2.0, 48.0, 30.0], [13.0, 50.0, 2.0], [17.0, 2.0, 2.0], [19.0, 11.0, 2.0], [10.0, 37.0, 48.0], [8.0, 22.0, 22.0], [3.0, 25.0, 60.0], [6.0, 26.0, 60.0], [5.0, 21.0, 18.0], [7.0, 11.0, 39.0], [0.0, 1.0, 44.0], [3.0, 57.0, 40.0], [1.0, 6.0, 4.0], [0.0, 23.0, 20.0], [0.0, 11.0, 28.0], [1.0, 26.0, 2.0], [10.0, 46.0, 58.0], [17.0, 8.0, 60.0], [28.0, 42.0, 60.0], [16.0, 31.0, 41.0], [20.0, 46.0, 60.0], [12.0, 51.0, 28.0], [12.0, 14.0, 16.0], [28.0, 11.0, 60.0], [10.0, 25.0, 44.0], [4.0, 1.0, 44.0], [14.0, 19.0, 61.0], [1.0, 28.0, 34.0], [28.0, 23.0, 61.0], [14.0, 10.0, 54.0], [17.0, 2.0, 27.0], [5.0, 37.0, 48.0], [2.0, 59.0, 55.0], [0.0, 32.0, 50.0], [16.0, 9.0, 40.0], [21.0, 1.0, 49.0], [3.0, 5.0, 56.0], [1.0, 60.0, 5.0], [18.0, 61.0, 61.0], [14.0, 0.0, 61.0], [12.0, 60.0, 63.0], [8.0, 60.0, 51.0]]","[0.9240859150886536, 0.8146895170211792, 0.8084495663642883, 0.7923709750175476, 0.7861464023590088, 0.7820287346839905, 0.7791882157325745, 0.7769069075584412, 0.7638065218925476, 0.7393398880958557, 0.7386031150817871, 0.7035226225852966, 0.7019062042236328, 0.7010923624038696, 0.672252893447876, 0.6680022478103638, 0.6675765514373779, 0.6656535267829895, 0.656525731086731, 0.6505683660507202, 0.6480513215065002, 0.6464391350746155, 0.6450766921043396, 0.6443509459495544, 0.641542375087738, 0.6390867829322815, 0.6261906623840332, 0.6149864196777344, 0.6120132803916931, 0.6048591136932373, 0.6035487651824951, 0.6034553050994873, 0.5938286781311035, 0.5896282196044922, 0.5820358395576477, 0.5760576725006104, 0.5741832256317139, 0.5717341303825378, 0.562355101108551, 0.5584486126899719, 0.555404007434845, 0.5426630973815918, 0.5257865786552429, 0.5209788680076599, 0.5001492500305176, 0.4948853850364685, 0.4492280185222626, 0.44778361916542053, 0.44511982798576355, 0.4305073618888855, 0.4282331168651581]"
variant_F2,train_44b6_t45_p33_isolated,train,44b6_d29c9ab2,45,isolated,0.3,1,61,1,1,1,0.40625,0.40625,0.40625,1,0.40625,1,0.8646812438964844,"[[6.0, 45.0, 31.0], [16.0, 32.0, 31.0], [3.0, 41.0, 60.0], [2.0, 13.0, 60.0], [3.0, 13.0, 48.0], [1.0, 23.0, 50.0], [1.0, 61.0, 42.0], [0.0, 7.0, 28.0], [6.0, 2.0, 60.0], [2.0, 9.0, 18.0], [3.0, 22.0, 30.0], [20.0, 14.0, 45.0], [9.0, 37.0, 12.0], [3.0, 33.0, 2.0], [2.0, 40.0, 2.0], [2.0, 35.0, 24.0], [4.0, 28.0, 16.0], [31.0, 39.0, 2.0], [11.0, 59.0, 60.0], [29.0, 60.0, 2.0], [31.0, 48.0, 2.0], [2.0, 47.0, 10.0], [31.0, 3.0, 2.0], [13.0, 5.0, 23.0], [10.0, 43.0, 44.0], [31.0, 27.0, 2.0], [23.0, 59.0, 2.0], [10.0, 47.0, 2.0], [11.0, 54.0, 2.0], [10.0, 54.0, 14.0], [21.0, 60.0, 61.0], [9.0, 15.0, 16.0], [20.0, 45.0, 47.0], [14.0, 24.0, 18.0], [16.0, 31.0, 61.0], [11.0, 21.0, 36.0], [16.0, 1.0, 60.0], [18.0, 37.0, 44.0], [31.0, 1.0, 28.0], [22.0, 34.0, 58.0], [18.0, 8.0, 36.0], [15.0, 57.0, 28.0], [21.0, 2.0, 2.0], [9.0, 1.0, 12.0], [15.0, 61.0, 48.0], [23.0, 47.0, 14.0], [20.0, 58.0, 50.0], [30.0, 9.0, 60.0], [26.0, 9.0, 57.0], [11.0, 62.0, 25.0], [1.0, 62.0, 12.0], [22.0, 50.0, 28.0], [22.0, 61.0, 31.0], [27.0, 38.0, 31.0], [30.0, 33.0, 55.0], [20.0, 23.0, 23.0], [25.0, 20.0, 23.0], [26.0, 39.0, 57.0], [8.0, 18.0, 0.0], [31.0, 59.0, 61.0], [26.0, 60.0, 63.0]]","[0.9219892621040344, 0.8646812438964844, 0.8631452322006226, 0.8600022196769714, 0.8396187424659729, 0.8367798328399658, 0.8363296389579773, 0.8179160356521606, 0.8108620047569275, 0.8092120885848999, 0.791580855846405, 0.7898650765419006, 0.7644267082214355, 0.764355480670929, 0.7602828741073608, 0.7484570741653442, 0.7467619180679321, 0.7376454472541809, 0.7354325652122498, 0.7343463897705078, 0.733371913433075, 0.732069194316864, 0.7299638986587524, 0.7259121537208557, 0.725214421749115, 0.7229709625244141, 0.7188424468040466, 0.7162173986434937, 0.7158980965614319, 0.7134449481964111, 0.712397575378418, 0.7030710577964783, 0.6894340515136719, 0.6883792281150818, 0.6876329779624939, 0.6792733669281006, 0.6766889095306396, 0.676026463508606, 0.6691638231277466, 0.6659109592437744, 0.6427643299102783, 0.6423799395561218, 0.6387321352958679, 0.6370038390159607, 0.6299483776092529, 0.6277445554733276, 0.6227915287017822, 0.6204745173454285, 0.615196943283081, 0.6142045259475708, 0.6087297797203064, 0.5851432085037231, 0.564845621585846, 0.5633959174156189, 0.551154375076294, 0.5342762470245361, 0.5341547131538391, 0.5162556171417236, 0.509882390499115, 0.48437097668647766, 0.4413577914237976]"
variant_F2,train_44b6_t25_p34_isolated,train,44b6_d29c9ab2,25,isolated,0.3,1,69,1,1,1,0.0,0.0,0.0,1,0.0,1,0.9381867051124573,"[[16.0, 32.0, 32.0], [2.0, 7.0, 21.0], [11.0, 55.0, 37.0], [29.0, 60.0, 14.0], [29.0, 60.0, 22.0], [6.0, 53.0, 9.0], [31.0, 59.0, 60.0], [31.0, 59.0, 44.0], [31.0, 59.0, 35.0], [30.0, 50.0, 2.0], [31.0, 51.0, 52.0], [12.0, 37.0, 43.0], [31.0, 31.0, 36.0], [31.0, 39.0, 12.0], [31.0, 43.0, 38.0], [31.0, 23.0, 60.0], [31.0, 33.0, 44.0], [31.0, 19.0, 4.0], [31.0, 15.0, 11.0], [31.0, 31.0, 28.0], [31.0, 25.0, 12.0], [31.0, 35.0, 60.0], [31.0, 41.0, 20.0], [31.0, 31.0, 20.0], [18.0, 8.0, 37.0], [31.0, 35.0, 52.0], [31.0, 11.0, 30.0], [6.0, 33.0, 42.0], [7.0, 7.0, 51.0], [2.0, 17.0, 60.0], [4.0, 54.0, 40.0], [8.0, 24.0, 14.0], [16.0, 21.0, 52.0], [14.0, 1.0, 60.0], [10.0, 59.0, 60.0], [3.0, 2.0, 41.0], [10.0, 48.0, 28.0], [7.0, 59.0, 60.0], [5.0, 62.0, 46.0], [18.0, 16.0, 17.0], [9.0, 18.0, 5.0], [5.0, 33.0, 2.0], [2.0, 11.0, 40.0], [13.0, 2.0, 28.0], [18.0, 18.0, 43.0], [1.0, 60.0, 60.0], [18.0, 1.0, 28.0], [1.0, 27.0, 28.0], [8.0, 2.0, 38.0], [10.0, 44.0, 61.0], [13.0, 59.0, 60.0], [11.0, 41.0, 25.0], [22.0, 27.0, 32.0], [8.0, 25.0, 33.0], [14.0, 51.0, 14.0], [21.0, 62.0, 61.0], [16.0, 40.0, 56.0], [16.0, 60.0, 51.0], [14.0, 60.0, 19.0], [10.0, 6.0, 2.0], [13.0, 50.0, 57.0], [4.0, 22.0, 22.0], [1.0, 59.0, 1.0], [8.0, 1.0, 19.0], [2.0, 46.0, 22.0], [0.0, 60.0, 19.0], [12.0, 17.0, 61.0], [7.0, 59.0, 26.0], [5.0, 0.0, 1.0]]","[0.9381867051124573, 0.8357287645339966, 0.8087896108627319, 0.7986485958099365, 0.7942687273025513, 0.7938497066497803, 0.7925835847854614, 0.7903134226799011, 0.7887569069862366, 0.7873049378395081, 0.7834150195121765, 0.7799930572509766, 0.7789018750190735, 0.7785343527793884, 0.7781689167022705, 0.7779596447944641, 0.7779580354690552, 0.7771381735801697, 0.777023196220398, 0.7766034603118896, 0.7765577435493469, 0.7765361070632935, 0.775913417339325, 0.7758115530014038, 0.7746368050575256, 0.7744173407554626, 0.7708691954612732, 0.7441190481185913, 0.7301763892173767, 0.702839732170105, 0.6850861310958862, 0.6819016337394714, 0.6792703866958618, 0.6653839349746704, 0.661871075630188, 0.6439341902732849, 0.6387202143669128, 0.6372599005699158, 0.632916271686554, 0.6311049461364746, 0.6252444386482239, 0.6243494153022766, 0.6232273578643799, 0.6223849058151245, 0.621967613697052, 0.6160575747489929, 0.615151584148407, 0.6136481165885925, 0.6078227758407593, 0.6060260534286499, 0.6026854515075684, 0.6023324131965637, 0.5997970700263977, 0.591089129447937, 0.5867156982421875, 0.5831068754196167, 0.5809736847877502, 0.5801327228546143, 0.5708309412002563, 0.5621537566184998, 0.547085165977478, 0.5451443791389465, 0.5409387350082397, 0.5309344530105591, 0.49885833263397217, 0.49128270149230957, 0.4778941571712494, 0.47459128499031067, 0.4283008575439453]"
variant_F2,train_44b6_t10_p35_isolated,train,44b6_d29c9ab2,10,isolated,0.3,1,75,1,1,1,0.0,0.0,0.0,1,0.0,1,0.8357498049736023,"[[24.0, 34.0, 30.0], [18.0, 15.0, 27.0], [12.0, 13.0, 18.0], [23.0, 7.0, 45.0], [15.0, 32.0, 32.0], [3.0, 59.0, 60.0], [5.0, 39.0, 60.0], [2.0, 3.0, 60.0], [3.0, 19.0, 60.0], [3.0, 60.0, 48.0], [8.0, 16.0, 10.0], [20.0, 15.0, 9.0], [2.0, 3.0, 48.0], [4.0, 13.0, 44.0], [2.0, 27.0, 44.0], [23.0, 55.0, 29.0], [3.0, 41.0, 40.0], [12.0, 19.0, 60.0], [24.0, 25.0, 20.0], [10.0, 36.0, 40.0], [7.0, 47.0, 17.0], [14.0, 39.0, 52.0], [13.0, 2.0, 52.0], [3.0, 34.0, 20.0], [12.0, 20.0, 50.0], [13.0, 19.0, 38.0], [12.0, 55.0, 28.0], [9.0, 25.0, 53.0], [1.0, 58.0, 2.0], [11.0, 29.0, 28.0], [19.0, 23.0, 52.0], [17.0, 3.0, 2.0], [9.0, 59.0, 2.0], [25.0, 13.0, 56.0], [19.0, 40.0, 60.0], [30.0, 7.0, 29.0], [30.0, 1.0, 60.0], [18.0, 41.0, 38.0], [27.0, 59.0, 2.0], [9.0, 40.0, 2.0], [30.0, 17.0, 61.0], [29.0, 48.0, 2.0], [28.0, 7.0, 1.0], [30.0, 27.0, 26.0], [29.0, 55.0, 61.0], [23.0, 59.0, 2.0], [30.0, 49.0, 25.0], [23.0, 46.0, 2.0], [28.0, 48.0, 50.0], [22.0, 1.0, 36.0], [24.0, 34.0, 61.0], [15.0, 35.0, 6.0], [16.0, 53.0, 1.0], [31.0, 15.0, 48.0], [10.0, 51.0, 44.0], [31.0, 7.0, 44.0], [22.0, 50.0, 61.0], [19.0, 49.0, 16.0], [16.0, 1.0, 14.0], [24.0, 1.0, 20.0], [19.0, 59.0, 16.0], [28.0, 1.0, 44.0], [31.0, 2.0, 13.0], [25.0, 43.0, 44.0], [13.0, 59.0, 61.0], [0.0, 1.0, 1.0], [19.0, 1.0, 61.0], [24.0, 44.0, 20.0], [4.0, 1.0, 1.0], [30.0, 60.0, 42.0], [30.0, 26.0, 40.0], [30.0, 36.0, 53.0], [12.0, 59.0, 16.0], [25.0, 59.0, 46.0], [23.0, 29.0, 1.0]]","[0.8805551528930664, 0.8756287097930908, 0.8469546437263489, 0.843886137008667, 0.8357498049736023, 0.8321921229362488, 0.8263802528381348, 0.8247946500778198, 0.8227724432945251, 0.8169906735420227, 0.8155848383903503, 0.8119171857833862, 0.8082069158554077, 0.8075158596038818, 0.8012199401855469, 0.787585437297821, 0.7843666672706604, 0.7729465365409851, 0.7665273547172546, 0.7574124336242676, 0.7462843060493469, 0.7441081404685974, 0.7415379285812378, 0.736344575881958, 0.7307718396186829, 0.7280898094177246, 0.7245451807975769, 0.7222008109092712, 0.7175756096839905, 0.7142120599746704, 0.7038838863372803, 0.6990401148796082, 0.6662415862083435, 0.6635289788246155, 0.6600731015205383, 0.6599798798561096, 0.6595678329467773, 0.6591972708702087, 0.6511597037315369, 0.649688720703125, 0.648392915725708, 0.6475074291229248, 0.6251354813575745, 0.6248026490211487, 0.6237844228744507, 0.6227920651435852, 0.6219570636749268, 0.6205902695655823, 0.6152088642120361, 0.6148319840431213, 0.609221875667572, 0.6046027541160583, 0.6039464473724365, 0.6020873785018921, 0.6010334491729736, 0.5965683460235596, 0.5929696559906006, 0.5885239839553833, 0.5878876447677612, 0.5852876305580139, 0.5844519138336182, 0.5725979208946228, 0.5678969621658325, 0.5674161911010742, 0.5663376450538635, 0.560894250869751, 0.5581031441688538, 0.5575107336044312, 0.5537188649177551, 0.5489343404769897, 0.5467321276664734, 0.5260092616081238, 0.5157552361488342, 0.5017081499099731, 0.4981984794139862]"
variant_F2,train_44b6_t25_p36_isolated,train,44b6_d29c9ab2,25,isolated,0.3,1,64,0,0,0,3.2752922102462856,3.2752922102462856,,0,,0,0.8279178142547607,"[[20.0, 47.0, 25.0], [5.0, 44.0, 12.0], [8.0, 25.0, 14.0], [14.0, 25.0, 33.0], [31.0, 35.0, 24.0], [31.0, 51.0, 26.0], [31.0, 59.0, 22.0], [31.0, 59.0, 10.0], [29.0, 60.0, 2.0], [31.0, 59.0, 50.0], [31.0, 51.0, 60.0], [31.0, 3.0, 2.0], [2.0, 17.0, 60.0], [2.0, 9.0, 60.0], [3.0, 59.0, 60.0], [27.0, 7.0, 45.0], [2.0, 9.0, 46.0], [31.0, 21.0, 60.0], [26.0, 37.0, 43.0], [2.0, 43.0, 33.0], [4.0, 21.0, 45.0], [5.0, 11.0, 36.0], [5.0, 2.0, 2.0], [11.0, 17.0, 48.0], [18.0, 25.0, 53.0], [12.0, 35.0, 60.0], [6.0, 7.0, 16.0], [1.0, 13.0, 17.0], [22.0, 39.0, 60.0], [9.0, 35.0, 32.0], [1.0, 59.0, 2.0], [8.0, 48.0, 36.0], [9.0, 2.0, 48.0], [13.0, 53.0, 48.0], [8.0, 39.0, 54.0], [2.0, 2.0, 2.0], [20.0, 25.0, 31.0], [25.0, 21.0, 54.0], [16.0, 1.0, 32.0], [25.0, 30.0, 60.0], [31.0, 1.0, 60.0], [0.0, 47.0, 5.0], [3.0, 62.0, 36.0], [10.0, 58.0, 28.0], [4.0, 23.0, 1.0], [6.0, 40.0, 2.0], [13.0, 3.0, 6.0], [16.0, 59.0, 60.0], [24.0, 13.0, 60.0], [18.0, 14.0, 46.0], [26.0, 2.0, 36.0], [25.0, 62.0, 40.0], [15.0, 15.0, 1.0], [13.0, 40.0, 5.0], [18.0, 16.0, 16.0], [8.0, 59.0, 3.0], [17.0, 58.0, 23.0], [23.0, 3.0, 16.0], [9.0, 60.0, 15.0], [16.0, 1.0, 20.0], [22.0, 2.0, 39.0], [6.0, 56.0, 16.0], [12.0, 54.0, 6.0], [18.0, 36.0, 7.0]]","[0.9046669006347656, 0.8792884349822998, 0.857039749622345, 0.8279178142547607, 0.8148584365844727, 0.8125305771827698, 0.810549259185791, 0.8089991807937622, 0.8072008490562439, 0.7948029041290283, 0.7935778498649597, 0.7911319136619568, 0.789368212223053, 0.7858064770698547, 0.7799795269966125, 0.7769186496734619, 0.7708457112312317, 0.7686896324157715, 0.7651293277740479, 0.7493472099304199, 0.7473754286766052, 0.7427154779434204, 0.7425292730331421, 0.7328321933746338, 0.73160719871521, 0.7238792181015015, 0.7233991622924805, 0.7214621901512146, 0.7203362584114075, 0.7126562595367432, 0.7109643220901489, 0.7087286114692688, 0.7078817486763, 0.6969892978668213, 0.6967238783836365, 0.6923834681510925, 0.6909836530685425, 0.6754074692726135, 0.6729812622070312, 0.671309232711792, 0.6655828356742859, 0.6639081239700317, 0.6583632826805115, 0.6499261856079102, 0.6448068022727966, 0.6358040571212769, 0.6308777332305908, 0.6267229318618774, 0.6245478391647339, 0.619903028011322, 0.6183211803436279, 0.6182383298873901, 0.615134596824646, 0.6019459366798401, 0.5893503427505493, 0.5863025188446045, 0.581125795841217, 0.5785600543022156, 0.5690500736236572, 0.5565093159675598, 0.5533401370048523, 0.5522290468215942, 0.4783261716365814, 0.47400715947151184]"
variant_F2,train_44b6_t25_p37_isolated,train,44b6_d29c9ab2,25,isolated,0.3,1,65,1,1,1,0.0,0.0,0.0,1,0.0,1,0.9004088044166565,"[[16.0, 32.0, 32.0], [18.0, 38.0, 56.0], [8.0, 23.0, 14.0], [4.0, 11.0, 31.0], [8.0, 12.0, 43.0], [2.0, 27.0, 60.0], [3.0, 17.0, 60.0], [29.0, 60.0, 8.0], [31.0, 59.0, 26.0], [31.0, 59.0, 44.0], [31.0, 59.0, 60.0], [8.0, 46.0, 58.0], [31.0, 37.0, 12.0], [3.0, 40.0, 48.0], [31.0, 19.0, 6.0], [9.0, 57.0, 33.0], [18.0, 9.0, 37.0], [31.0, 3.0, 4.0], [2.0, 49.0, 60.0], [12.0, 2.0, 60.0], [21.0, 59.0, 60.0], [23.0, 3.0, 2.0], [1.0, 45.0, 38.0], [24.0, 33.0, 60.0], [1.0, 29.0, 31.0], [2.0, 45.0, 9.0], [26.0, 47.0, 60.0], [5.0, 13.0, 4.0], [3.0, 61.0, 26.0], [1.0, 59.0, 36.0], [30.0, 1.0, 60.0], [5.0, 2.0, 2.0], [0.0, 22.0, 2.0], [8.0, 12.0, 6.0], [18.0, 31.0, 46.0], [15.0, 3.0, 25.0], [12.0, 43.0, 44.0], [8.0, 45.0, 24.0], [13.0, 39.0, 2.0], [26.0, 21.0, 38.0], [8.0, 1.0, 28.0], [12.0, 57.0, 60.0], [4.0, 24.0, 32.0], [8.0, 47.0, 12.0], [1.0, 1.0, 36.0], [19.0, 18.0, 18.0], [13.0, 18.0, 2.0], [1.0, 59.0, 2.0], [14.0, 50.0, 17.0], [12.0, 39.0, 20.0], [0.0, 23.0, 14.0], [14.0, 62.0, 40.0], [5.0, 60.0, 2.0], [8.0, 36.0, 4.0], [14.0, 20.0, 24.0], [16.0, 17.0, 61.0], [12.0, 1.0, 12.0], [14.0, 60.0, 17.0], [16.0, 52.0, 34.0], [24.0, 1.0, 57.0], [20.0, 9.0, 48.0], [1.0, 8.0, 21.0], [16.0, 44.0, 44.0], [8.0, 34.0, 25.0], [10.0, 0.0, 1.0]]","[0.9004088044166565, 0.8561325669288635, 0.8409746885299683, 0.8245242238044739, 0.8238544464111328, 0.7977591156959534, 0.7929722666740417, 0.7904612421989441, 0.7895020842552185, 0.7860184907913208, 0.7820630669593811, 0.7790893912315369, 0.7784093618392944, 0.7718268036842346, 0.764664351940155, 0.7474479079246521, 0.7454185485839844, 0.7440272569656372, 0.7435053586959839, 0.7330448627471924, 0.7159913182258606, 0.7148890495300293, 0.7078015804290771, 0.7070176005363464, 0.7046270966529846, 0.6951109170913696, 0.6948564052581787, 0.691766083240509, 0.6861933469772339, 0.6813399195671082, 0.6808005571365356, 0.6789193153381348, 0.6770301461219788, 0.6738974452018738, 0.667960524559021, 0.6660773158073425, 0.6580049991607666, 0.6435701847076416, 0.6418379545211792, 0.6348978281021118, 0.6298452615737915, 0.6297284960746765, 0.617828905582428, 0.614714503288269, 0.6115741729736328, 0.6004929542541504, 0.5967156291007996, 0.5955063104629517, 0.5902538895606995, 0.5893318057060242, 0.5824214220046997, 0.5806880593299866, 0.5770529508590698, 0.5731348991394043, 0.570624589920044, 0.5682026147842407, 0.5393481254577637, 0.5388194918632507, 0.5322768092155457, 0.5286785364151001, 0.5242452025413513, 0.51751309633255, 0.4905093312263489, 0.4816291928291321, 0.4809456467628479]"
variant_F2,train_44b6_t55_p38_isolated,train,44b6_d29c9ab2,55,isolated,0.3,1,74,1,1,1,0.40625,0.40625,0.40625,1,0.40625,1,0.8701083064079285,"[[18.0, 17.0, 48.0], [15.0, 31.0, 32.0], [14.0, 14.0, 44.0], [3.0, 51.0, 60.0], [4.0, 3.0, 60.0], [19.0, 55.0, 37.0], [21.0, 40.0, 50.0], [12.0, 18.0, 7.0], [2.0, 3.0, 2.0], [4.0, 19.0, 12.0], [6.0, 19.0, 2.0], [2.0, 3.0, 10.0], [8.0, 47.0, 60.0], [2.0, 36.0, 30.0], [2.0, 35.0, 2.0], [8.0, 29.0, 60.0], [0.0, 20.0, 50.0], [9.0, 43.0, 24.0], [26.0, 9.0, 23.0], [4.0, 2.0, 34.0], [26.0, 47.0, 35.0], [9.0, 7.0, 32.0], [12.0, 53.0, 36.0], [9.0, 27.0, 24.0], [6.0, 10.0, 36.0], [1.0, 61.0, 10.0], [5.0, 50.0, 38.0], [0.0, 51.0, 28.0], [7.0, 60.0, 2.0], [3.0, 34.0, 53.0], [17.0, 2.0, 26.0], [15.0, 43.0, 2.0], [16.0, 19.0, 20.0], [17.0, 59.0, 60.0], [8.0, 36.0, 5.0], [21.0, 49.0, 60.0], [31.0, 25.0, 37.0], [22.0, 6.0, 8.0], [24.0, 6.0, 53.0], [23.0, 61.0, 5.0], [17.0, 59.0, 6.0], [30.0, 38.0, 53.0], [26.0, 38.0, 30.0], [21.0, 42.0, 15.0], [29.0, 55.0, 2.0], [20.0, 25.0, 60.0], [20.0, 29.0, 32.0], [29.0, 7.0, 2.0], [30.0, 23.0, 61.0], [31.0, 57.0, 60.0], [22.0, 53.0, 50.0], [24.0, 29.0, 59.0], [20.0, 45.0, 2.0], [9.0, 62.0, 27.0], [31.0, 19.0, 2.0], [18.0, 10.0, 7.0], [30.0, 41.0, 18.0], [20.0, 30.0, 53.0], [27.0, 33.0, 17.0], [22.0, 56.0, 24.0], [15.0, 1.0, 1.0], [30.0, 1.0, 15.0], [26.0, 1.0, 42.0], [30.0, 57.0, 47.0], [25.0, 17.0, 60.0], [30.0, 1.0, 60.0], [26.0, 22.0, 50.0], [30.0, 1.0, 47.0], [26.0, 28.0, 6.0], [30.0, 60.0, 34.0], [27.0, 60.0, 34.0], [27.0, 26.0, 33.0], [19.0, 29.0, 0.0], [31.0, 29.0, 16.0]]","[0.8714242577552795, 0.8701083064079285, 0.8569742441177368, 0.8333003520965576, 0.829024076461792, 0.8156156539916992, 0.8153946399688721, 0.8150926828384399, 0.8086894154548645, 0.7998527884483337, 0.7996389865875244, 0.7972898483276367, 0.794572651386261, 0.7863613963127136, 0.7823366522789001, 0.7814919948577881, 0.7776464819908142, 0.7764145731925964, 0.7748059630393982, 0.7660312652587891, 0.7657517194747925, 0.7631543874740601, 0.7580544948577881, 0.7570094466209412, 0.7482656836509705, 0.7474402189254761, 0.7348172068595886, 0.7298341393470764, 0.7274280190467834, 0.6977453827857971, 0.6956703066825867, 0.687942624092102, 0.687829852104187, 0.6822318434715271, 0.6740937829017639, 0.6565642356872559, 0.6516489386558533, 0.6457043886184692, 0.6397249102592468, 0.6390983462333679, 0.6375827193260193, 0.6346794366836548, 0.6283665299415588, 0.6252508759498596, 0.62425297498703, 0.6176080107688904, 0.6162004470825195, 0.6135955452919006, 0.6106901168823242, 0.6044389009475708, 0.6028014421463013, 0.6024696826934814, 0.5931108593940735, 0.585319459438324, 0.5789497494697571, 0.5729681849479675, 0.5685914158821106, 0.568037748336792, 0.5671355128288269, 0.5660145878791809, 0.5538720488548279, 0.5534734725952148, 0.5486851334571838, 0.5476633906364441, 0.535236656665802, 0.5238103270530701, 0.5210061073303223, 0.5188624858856201, 0.5013788938522339, 0.46374431252479553, 0.4637172520160675, 0.4593466520309448, 0.43744975328445435, 0.4103015959262848]"
variant_F2,train_44b6_t15_p39_isolated,train,44b6_d29c9ab2,15,isolated,0.3,1,76,1,1,1,0.40625,0.40625,0.40625,1,0.40625,1,0.8425018191337585,"[[20.0, 25.0, 19.0], [4.0, 19.0, 4.0], [30.0, 13.0, 56.0], [12.0, 11.0, 29.0], [7.0, 55.0, 20.0], [2.0, 3.0, 60.0], [6.0, 3.0, 60.0], [18.0, 24.0, 37.0], [6.0, 18.0, 60.0], [13.0, 31.0, 32.0], [3.0, 59.0, 60.0], [3.0, 49.0, 60.0], [3.0, 47.0, 36.0], [2.0, 35.0, 60.0], [6.0, 37.0, 48.0], [3.0, 23.0, 50.0], [2.0, 15.0, 36.0], [10.0, 3.0, 50.0], [22.0, 24.0, 4.0], [2.0, 2.0, 10.0], [11.0, 59.0, 31.0], [30.0, 10.0, 34.0], [3.0, 29.0, 29.0], [5.0, 35.0, 16.0], [8.0, 15.0, 17.0], [23.0, 5.0, 49.0], [22.0, 40.0, 24.0], [18.0, 7.0, 61.0], [1.0, 60.0, 2.0], [14.0, 47.0, 52.0], [11.0, 2.0, 2.0], [3.0, 59.0, 12.0], [9.0, 51.0, 2.0], [10.0, 44.0, 16.0], [16.0, 3.0, 36.0], [27.0, 59.0, 2.0], [27.0, 2.0, 2.0], [19.0, 59.0, 60.0], [0.0, 31.0, 2.0], [26.0, 55.0, 46.0], [0.0, 48.0, 20.0], [20.0, 12.0, 14.0], [17.0, 46.0, 18.0], [23.0, 47.0, 2.0], [29.0, 39.0, 49.0], [25.0, 27.0, 36.0], [22.0, 1.0, 36.0], [19.0, 24.0, 53.0], [17.0, 58.0, 18.0], [20.0, 56.0, 18.0], [25.0, 13.0, 60.0], [22.0, 20.0, 51.0], [24.0, 46.0, 61.0], [17.0, 49.0, 8.0], [27.0, 50.0, 11.0], [30.0, 30.0, 38.0], [15.0, 62.0, 5.0], [23.0, 60.0, 47.0], [26.0, 1.0, 60.0], [30.0, 2.0, 24.0], [28.0, 1.0, 48.0], [31.0, 41.0, 20.0], [7.0, 1.0, 27.0], [31.0, 3.0, 15.0], [21.0, 43.0, 61.0], [30.0, 43.0, 29.0], [29.0, 62.0, 57.0], [30.0, 59.0, 33.0], [27.0, 19.0, 4.0], [23.0, 48.0, 33.0], [2.0, 43.0, 0.0], [23.0, 26.0, 61.0], [31.0, 29.0, 61.0], [30.0, 17.0, 15.0], [19.0, 0.0, 13.0], [30.0, 50.0, 63.0]]","[0.9261001944541931, 0.9038061499595642, 0.8771517276763916, 0.8539445400238037, 0.8497026562690735, 0.8489881157875061, 0.8450177907943726, 0.84456467628479, 0.8430439233779907, 0.8425018191337585, 0.8353617787361145, 0.8303490281105042, 0.8278025984764099, 0.8262240886688232, 0.8178628087043762, 0.8101904392242432, 0.8047580718994141, 0.7969079613685608, 0.7813860774040222, 0.774461030960083, 0.75909823179245, 0.7552585005760193, 0.7522233724594116, 0.744972825050354, 0.7441140413284302, 0.7393571138381958, 0.7309814691543579, 0.728927493095398, 0.7196475863456726, 0.7166069746017456, 0.7166017293930054, 0.7002953290939331, 0.6997494697570801, 0.6914023756980896, 0.6864271759986877, 0.6826297640800476, 0.6788938641548157, 0.6787004470825195, 0.675731360912323, 0.6756666898727417, 0.6707382202148438, 0.6499145030975342, 0.6443035006523132, 0.6439138054847717, 0.6414331197738647, 0.6385989785194397, 0.6370974183082581, 0.6368209719657898, 0.6350231170654297, 0.6268946528434753, 0.6266129612922668, 0.6191942095756531, 0.6174348592758179, 0.6147765517234802, 0.6136271357536316, 0.6085606217384338, 0.6052890419960022, 0.6045563817024231, 0.5929552316665649, 0.5906810760498047, 0.5830942392349243, 0.582400918006897, 0.5759787559509277, 0.5709642767906189, 0.5653889775276184, 0.5614631175994873, 0.5614115595817566, 0.551632821559906, 0.550126850605011, 0.5417448878288269, 0.5371880531311035, 0.5326117277145386, 0.509648859500885, 0.49845293164253235, 0.4884328842163086, 0.46598395705223083]"
variant_F2,train_44b6_t40_p40_isolated,train,44b6_d29c9ab2,40,isolated,0.3,1,62,1,1,1,0.40625,0.40625,0.40625,1,0.40625,1,0.9003152251243591,"[[13.0, 45.0, 21.0], [16.0, 32.0, 33.0], [18.0, 18.0, 42.0], [2.0, 13.0, 60.0], [2.0, 3.0, 60.0], [20.0, 49.0, 53.0], [2.0, 39.0, 60.0], [8.0, 9.0, 36.0], [3.0, 35.0, 52.0], [3.0, 59.0, 60.0], [2.0, 9.0, 30.0], [3.0, 61.0, 50.0], [12.0, 7.0, 11.0], [2.0, 47.0, 10.0], [3.0, 23.0, 33.0], [3.0, 29.0, 2.0], [10.0, 35.0, 46.0], [10.0, 2.0, 52.0], [29.0, 2.0, 2.0], [18.0, 8.0, 34.0], [29.0, 45.0, 2.0], [29.0, 53.0, 2.0], [9.0, 33.0, 2.0], [1.0, 37.0, 28.0], [14.0, 27.0, 60.0], [25.0, 59.0, 2.0], [29.0, 25.0, 2.0], [9.0, 21.0, 14.0], [31.0, 51.0, 12.0], [9.0, 39.0, 14.0], [8.0, 2.0, 26.0], [6.0, 50.0, 37.0], [12.0, 57.0, 18.0], [9.0, 46.0, 2.0], [31.0, 3.0, 14.0], [12.0, 47.0, 40.0], [21.0, 44.0, 2.0], [16.0, 1.0, 60.0], [12.0, 49.0, 60.0], [10.0, 31.0, 24.0], [9.0, 59.0, 20.0], [16.0, 22.0, 22.0], [14.0, 1.0, 42.0], [8.0, 56.0, 1.0], [19.0, 29.0, 60.0], [13.0, 59.0, 2.0], [30.0, 39.0, 60.0], [30.0, 1.0, 60.0], [1.0, 62.0, 16.0], [25.0, 2.0, 29.0], [12.0, 0.0, 2.0], [30.0, 21.0, 60.0], [24.0, 18.0, 58.0], [26.0, 35.0, 46.0], [20.0, 60.0, 33.0], [23.0, 58.0, 27.0], [26.0, 46.0, 58.0], [9.0, 59.0, 57.0], [22.0, 58.0, 63.0], [18.0, 60.0, 59.0], [20.0, 50.0, 63.0], [23.0, 0.0, 61.0]]","[0.9061490893363953, 0.9003152251243591, 0.8864217400550842, 0.8577626943588257, 0.8570079207420349, 0.8567631840705872, 0.851468563079834, 0.8336731195449829, 0.8335967063903809, 0.8259764909744263, 0.8256743550300598, 0.8106920123100281, 0.7825336456298828, 0.7682012915611267, 0.7639565467834473, 0.7623785734176636, 0.7325764298439026, 0.730302631855011, 0.7290659546852112, 0.7275876402854919, 0.7262123227119446, 0.7249759435653687, 0.7247780561447144, 0.7209786772727966, 0.718626856803894, 0.7180670499801636, 0.7156395316123962, 0.7090215086936951, 0.707606852054596, 0.7065155506134033, 0.7064789533615112, 0.7020224332809448, 0.6955994963645935, 0.6911369562149048, 0.6909627318382263, 0.6891055107116699, 0.6890673637390137, 0.6881458163261414, 0.6879528164863586, 0.6828650832176208, 0.6778562068939209, 0.6773315668106079, 0.6746701002120972, 0.6662518382072449, 0.6593441963195801, 0.6590448021888733, 0.6245777010917664, 0.6202847361564636, 0.6152405738830566, 0.6138766407966614, 0.6112849712371826, 0.6062448620796204, 0.6001540422439575, 0.5809401869773865, 0.5737876296043396, 0.5611161589622498, 0.5512802004814148, 0.5131042003631592, 0.5125467777252197, 0.5047173500061035, 0.4770490527153015, 0.44779038429260254]"
variant_F2,train_44b6_t15_p41_boundary,train,44b6_d29c9ab2,15,boundary,0.3,1,54,0,0,1,2.368824207280903,2.368824207280903,,0,2.368824207280903,1,0.7550655007362366,"[[6.0, 39.0, 47.0], [4.0, 21.0, 21.0], [27.0, 59.0, 12.0], [30.0, 49.0, 3.0], [31.0, 59.0, 60.0], [30.0, 27.0, 2.0], [8.0, 17.0, 43.0], [3.0, 47.0, 29.0], [4.0, 36.0, 22.0], [27.0, 19.0, 2.0], [17.0, 59.0, 2.0], [6.0, 30.0, 34.0], [30.0, 2.0, 2.0], [27.0, 3.0, 2.0], [27.0, 3.0, 12.0], [16.0, 9.0, 61.0], [26.0, 31.0, 60.0], [1.0, 29.0, 51.0], [16.0, 1.0, 52.0], [12.0, 52.0, 61.0], [1.0, 54.0, 10.0], [2.0, 1.0, 60.0], [19.0, 2.0, 2.0], [2.0, 9.0, 61.0], [5.0, 3.0, 60.0], [4.0, 12.0, 8.0], [9.0, 6.0, 2.0], [20.0, 55.0, 61.0], [0.0, 42.0, 2.0], [16.0, 35.0, 53.0], [18.0, 45.0, 60.0], [6.0, 8.0, 32.0], [8.0, 37.0, 16.0], [0.0, 11.0, 52.0], [7.0, 41.0, 1.0], [20.0, 7.0, 44.0], [16.0, 9.0, 16.0], [9.0, 6.0, 42.0], [12.0, 59.0, 37.0], [4.0, 1.0, 1.0], [18.0, 32.0, 32.0], [12.0, 33.0, 60.0], [8.0, 54.0, 50.0], [2.0, 38.0, 60.0], [5.0, 26.0, 61.0], [18.0, 21.0, 60.0], [10.0, 14.0, 19.0], [14.0, 0.0, 41.0], [1.0, 7.0, 34.0], [10.0, 21.0, 56.0], [1.0, 5.0, 9.0], [4.0, 53.0, 42.0], [9.0, 61.0, 60.0], [0.0, 60.0, 55.0]]","[0.8254760503768921, 0.8159719705581665, 0.8088651895523071, 0.8012858629226685, 0.7822054028511047, 0.7793970108032227, 0.7765696048736572, 0.7550655007362366, 0.7481968402862549, 0.7480391263961792, 0.7449692487716675, 0.7419440150260925, 0.7419068813323975, 0.7395389676094055, 0.7156843543052673, 0.6884992122650146, 0.6847900748252869, 0.6835009455680847, 0.6690688133239746, 0.6633807420730591, 0.6545222401618958, 0.6533192992210388, 0.6489187479019165, 0.6454317569732666, 0.6412210464477539, 0.6354356408119202, 0.6285232901573181, 0.6089448928833008, 0.6087748408317566, 0.601625382900238, 0.6008211970329285, 0.5851569175720215, 0.5766698122024536, 0.5707240104675293, 0.5670568943023682, 0.5605145692825317, 0.5585117936134338, 0.54690021276474, 0.5459759831428528, 0.545647919178009, 0.5383830070495605, 0.534673273563385, 0.5272417664527893, 0.5181740522384644, 0.5122339129447937, 0.4939116835594177, 0.48978206515312195, 0.4894849359989166, 0.4867952764034271, 0.46121394634246826, 0.44918784499168396, 0.4403514564037323, 0.43847358226776123, 0.41800475120544434]"
variant_F2,train_44b6_t45_p42_boundary,train,44b6_d29c9ab2,45,boundary,0.3,1,56,1,1,1,0.40625,0.40625,0.40625,1,0.40625,1,0.7704778909683228,"[[8.0, 27.0, 27.0], [29.0, 61.0, 2.0], [29.0, 60.0, 10.0], [31.0, 59.0, 24.0], [6.0, 3.0, 26.0], [31.0, 59.0, 36.0], [29.0, 51.0, 2.0], [31.0, 39.0, 8.0], [30.0, 53.0, 60.0], [7.0, 60.0, 32.0], [18.0, 41.0, 53.0], [1.0, 15.0, 2.0], [29.0, 3.0, 2.0], [12.0, 2.0, 44.0], [4.0, 25.0, 43.0], [0.0, 27.0, 32.0], [30.0, 32.0, 60.0], [16.0, 11.0, 38.0], [16.0, 18.0, 49.0], [6.0, 21.0, 60.0], [1.0, 25.0, 60.0], [12.0, 6.0, 60.0], [4.0, 49.0, 60.0], [10.0, 48.0, 60.0], [11.0, 58.0, 2.0], [13.0, 2.0, 2.0], [18.0, 1.0, 54.0], [28.0, 1.0, 60.0], [8.0, 19.0, 1.0], [17.0, 61.0, 60.0], [0.0, 47.0, 19.0], [19.0, 2.0, 2.0], [19.0, 11.0, 2.0], [24.0, 1.0, 60.0], [15.0, 13.0, 2.0], [1.0, 57.0, 2.0], [6.0, 52.0, 20.0], [13.0, 54.0, 38.0], [10.0, 44.0, 28.0], [10.0, 50.0, 18.0], [4.0, 39.0, 4.0], [19.0, 23.0, 18.0], [24.0, 13.0, 44.0], [16.0, 1.0, 27.0], [5.0, 31.0, 16.0], [1.0, 11.0, 53.0], [16.0, 32.0, 46.0], [3.0, 42.0, 46.0], [14.0, 31.0, 35.0], [20.0, 28.0, 33.0], [24.0, 39.0, 49.0], [18.0, 28.0, 63.0], [1.0, 62.0, 16.0], [21.0, 46.0, 42.0], [21.0, 59.0, 46.0], [22.0, 16.0, 63.0]]","[0.8735032677650452, 0.7980772852897644, 0.7978363037109375, 0.7976893186569214, 0.7964836359024048, 0.7936011552810669, 0.7887933254241943, 0.787508487701416, 0.7715265154838562, 0.7704778909683228, 0.7670453786849976, 0.762320876121521, 0.7574449777603149, 0.7365622520446777, 0.7337610125541687, 0.7329374551773071, 0.7255683541297913, 0.7227352261543274, 0.7162212133407593, 0.7147953510284424, 0.7147710919380188, 0.7086129784584045, 0.7022234201431274, 0.6981468796730042, 0.6910921335220337, 0.6788105964660645, 0.6739194393157959, 0.6732972264289856, 0.666532039642334, 0.6623262166976929, 0.6581519246101379, 0.6525155901908875, 0.6475175619125366, 0.6442511677742004, 0.64154052734375, 0.6408630013465881, 0.6381844878196716, 0.6376967430114746, 0.6339077949523926, 0.6294418573379517, 0.6027910709381104, 0.6011712551116943, 0.5987393260002136, 0.5922763347625732, 0.5902313590049744, 0.5842480063438416, 0.5792485475540161, 0.5688110589981079, 0.5492728352546692, 0.5356913805007935, 0.520408034324646, 0.5196646451950073, 0.49808642268180847, 0.46774566173553467, 0.4554294943809509, 0.4136616289615631]"
variant_F2,train_44b6_t10_p43_boundary,train,44b6_d29c9ab2,10,boundary,0.3,1,58,1,1,1,0.40625,0.40625,0.40625,1,0.40625,1,0.918294370174408,"[[2.0, 38.0, 9.0], [8.0, 9.0, 45.0], [5.0, 33.0, 32.0], [27.0, 61.0, 10.0], [30.0, 47.0, 3.0], [31.0, 59.0, 47.0], [4.0, 26.0, 22.0], [31.0, 59.0, 60.0], [21.0, 59.0, 3.0], [10.0, 24.0, 46.0], [4.0, 13.0, 19.0], [30.0, 3.0, 2.0], [13.0, 59.0, 2.0], [10.0, 34.0, 55.0], [15.0, 50.0, 2.0], [1.0, 6.0, 33.0], [21.0, 2.0, 2.0], [2.0, 28.0, 2.0], [4.0, 33.0, 60.0], [21.0, 59.0, 60.0], [18.0, 8.0, 39.0], [2.0, 7.0, 60.0], [22.0, 51.0, 60.0], [4.0, 4.0, 8.0], [22.0, 39.0, 60.0], [13.0, 5.0, 2.0], [8.0, 2.0, 34.0], [28.0, 17.0, 61.0], [12.0, 54.0, 54.0], [10.0, 51.0, 25.0], [24.0, 19.0, 55.0], [1.0, 60.0, 34.0], [14.0, 51.0, 30.0], [12.0, 51.0, 40.0], [15.0, 40.0, 56.0], [28.0, 1.0, 60.0], [14.0, 59.0, 39.0], [18.0, 4.0, 60.0], [12.0, 30.0, 15.0], [1.0, 60.0, 2.0], [7.0, 58.0, 22.0], [17.0, 30.0, 38.0], [2.0, 13.0, 46.0], [4.0, 59.0, 51.0], [1.0, 59.0, 58.0], [12.0, 5.0, 60.0], [1.0, 25.0, 44.0], [13.0, 5.0, 24.0], [12.0, 29.0, 31.0], [19.0, 13.0, 60.0], [16.0, 14.0, 17.0], [13.0, 17.0, 60.0], [8.0, 38.0, 43.0], [1.0, 23.0, 54.0], [11.0, 61.0, 63.0], [1.0, 50.0, 60.0], [2.0, 51.0, 18.0], [0.0, 63.0, 22.0]]","[0.9378467798233032, 0.926234245300293, 0.918294370174408, 0.8057756423950195, 0.7974546551704407, 0.7857690453529358, 0.7837576270103455, 0.7779768109321594, 0.7770363688468933, 0.7759823203086853, 0.7757589817047119, 0.7529692649841309, 0.7089565992355347, 0.7066780924797058, 0.7028328776359558, 0.7011667490005493, 0.6986070871353149, 0.678655207157135, 0.6672984957695007, 0.6620653867721558, 0.6566274166107178, 0.6529219746589661, 0.6491524577140808, 0.6411799192428589, 0.6308484077453613, 0.6301055550575256, 0.6213094592094421, 0.6193286180496216, 0.6120017170906067, 0.6071785092353821, 0.5879034399986267, 0.5826942920684814, 0.5795627236366272, 0.5791011452674866, 0.5780755281448364, 0.5731379985809326, 0.5649920701980591, 0.5645933151245117, 0.561589241027832, 0.5554198622703552, 0.5445940494537354, 0.5403560400009155, 0.5241778492927551, 0.5239023566246033, 0.5238242745399475, 0.5236359238624573, 0.5225106477737427, 0.5212922096252441, 0.520232617855072, 0.5122014880180359, 0.4964381754398346, 0.4924045503139496, 0.4912797808647156, 0.48282548785209656, 0.4531741142272949, 0.4520207941532135, 0.448554128408432, 0.39098337292671204]"
variant_F2,inner_val_6bba_t85_p01_crowded,inner_val,6bba_bb9f20c3,85,crowded,0.3,5,65,1,3,3,2.9254402449028754,1.6750116604071745,1.2520911069381164,3,1.2520911069381164,3,0.6013670325279236,"[[30.0, 3.0, 60.0], [30.0, 57.0, 60.0], [30.0, 49.0, 60.0], [30.0, 33.0, 60.0], [22.0, 35.0, 26.0], [30.0, 3.0, 52.0], [30.0, 43.0, 48.0], [30.0, 59.0, 49.0], [7.0, 59.0, 47.0], [14.0, 48.0, 32.0], [14.0, 38.0, 49.0], [12.0, 15.0, 57.0], [5.0, 32.0, 56.0], [17.0, 55.0, 5.0], [30.0, 32.0, 24.0], [26.0, 31.0, 30.0], [31.0, 45.0, 10.0], [20.0, 43.0, 44.0], [23.0, 59.0, 18.0], [18.0, 35.0, 56.0], [23.0, 54.0, 2.0], [2.0, 2.0, 48.0], [21.0, 49.0, 24.0], [12.0, 7.0, 31.0], [17.0, 59.0, 48.0], [30.0, 12.0, 2.0], [2.0, 9.0, 60.0], [23.0, 32.0, 2.0], [26.0, 19.0, 1.0], [5.0, 1.0, 24.0], [10.0, 45.0, 60.0], [5.0, 7.0, 2.0], [9.0, 49.0, 2.0], [11.0, 1.0, 2.0], [0.0, 45.0, 60.0], [19.0, 22.0, 36.0], [7.0, 27.0, 2.0], [21.0, 21.0, 49.0], [2.0, 27.0, 44.0], [0.0, 29.0, 52.0], [6.0, 49.0, 18.0], [5.0, 39.0, 1.0], [1.0, 47.0, 1.0], [11.0, 1.0, 10.0], [14.0, 39.0, 22.0], [11.0, 38.0, 24.0], [28.0, 62.0, 8.0], [14.0, 32.0, 34.0], [18.0, 1.0, 25.0], [19.0, 25.0, 4.0], [27.0, 39.0, 6.0], [22.0, 17.0, 1.0], [6.0, 48.0, 36.0], [12.0, 2.0, 52.0], [12.0, 10.0, 46.0], [25.0, 1.0, 7.0], [0.0, 62.0, 47.0], [9.0, 62.0, 24.0], [14.0, 31.0, 4.0], [8.0, 9.0, 57.0], [0.0, 62.0, 39.0], [22.0, 1.0, 14.0], [15.0, 60.0, 30.0], [9.0, 60.0, 33.0], [19.0, 0.0, 38.0]]","[0.8616034984588623, 0.8605479001998901, 0.8565869927406311, 0.854672908782959, 0.849693775177002, 0.8449416160583496, 0.8385981321334839, 0.8379802703857422, 0.8250386118888855, 0.8013885021209717, 0.7972112894058228, 0.7926561832427979, 0.7712990045547485, 0.7662689685821533, 0.7543715238571167, 0.7334946990013123, 0.7233951091766357, 0.7212965488433838, 0.7178273797035217, 0.7141271829605103, 0.7043421268463135, 0.693623960018158, 0.6880344748497009, 0.6815107464790344, 0.6769490838050842, 0.6757002472877502, 0.6730486154556274, 0.6708270907402039, 0.6666103005409241, 0.6576282978057861, 0.6556427478790283, 0.6553147435188293, 0.643317699432373, 0.6388458013534546, 0.6361284852027893, 0.6329996585845947, 0.6276475191116333, 0.6253901124000549, 0.624495267868042, 0.6226204633712769, 0.6219632625579834, 0.6127600073814392, 0.606442391872406, 0.5996720790863037, 0.5943323969841003, 0.5844236016273499, 0.5716087818145752, 0.5614821314811707, 0.553248941898346, 0.5527494549751282, 0.5476118922233582, 0.5398966670036316, 0.5393338203430176, 0.5387259721755981, 0.5298351645469666, 0.5263522267341614, 0.5214846134185791, 0.5209051966667175, 0.5204039216041565, 0.5196725726127625, 0.5098000168800354, 0.5071350336074829, 0.4913747310638428, 0.47143855690956116, 0.4561805725097656]"
variant_F2,inner_val_6bba_t75_p02_crowded,inner_val,6bba_bb9f20c3,75,crowded,0.3,2,62,2,2,2,0.6573263079296447,0.6573263079296447,0.6573263079296447,2,0.6573263079296447,2,0.6989434361457825,"[[12.0, 10.0, 26.0], [11.0, 57.0, 45.0], [14.0, 31.0, 32.0], [29.0, 59.0, 60.0], [24.0, 42.0, 60.0], [22.0, 27.0, 60.0], [30.0, 3.0, 60.0], [29.0, 15.0, 60.0], [29.0, 30.0, 60.0], [29.0, 42.0, 60.0], [27.0, 59.0, 46.0], [8.0, 16.0, 29.0], [27.0, 35.0, 42.0], [12.0, 34.0, 54.0], [30.0, 3.0, 50.0], [31.0, 59.0, 35.0], [31.0, 59.0, 27.0], [29.0, 2.0, 2.0], [25.0, 3.0, 40.0], [30.0, 15.0, 47.0], [29.0, 51.0, 2.0], [31.0, 39.0, 10.0], [24.0, 15.0, 20.0], [28.0, 47.0, 28.0], [27.0, 31.0, 2.0], [22.0, 39.0, 7.0], [29.0, 17.0, 2.0], [12.0, 9.0, 52.0], [18.0, 58.0, 60.0], [22.0, 2.0, 52.0], [20.0, 23.0, 40.0], [26.0, 18.0, 2.0], [4.0, 8.0, 56.0], [1.0, 54.0, 54.0], [6.0, 50.0, 22.0], [14.0, 56.0, 30.0], [14.0, 3.0, 5.0], [8.0, 37.0, 59.0], [10.0, 25.0, 45.0], [5.0, 1.0, 20.0], [5.0, 35.0, 1.0], [5.0, 27.0, 1.0], [7.0, 15.0, 1.0], [21.0, 55.0, 16.0], [7.0, 60.0, 57.0], [16.0, 33.0, 60.0], [2.0, 1.0, 36.0], [1.0, 57.0, 1.0], [4.0, 38.0, 14.0], [4.0, 20.0, 60.0], [10.0, 1.0, 44.0], [2.0, 14.0, 20.0], [10.0, 44.0, 38.0], [12.0, 36.0, 5.0], [2.0, 27.0, 19.0], [2.0, 37.0, 46.0], [20.0, 52.0, 2.0], [16.0, 43.0, 18.0], [13.0, 59.0, 17.0], [0.0, 1.0, 52.0], [2.0, 57.0, 35.0], [0.0, 62.0, 19.0]]","[0.8994694948196411, 0.7960494160652161, 0.7925276756286621, 0.7750392556190491, 0.7688950300216675, 0.7688280344009399, 0.7683414816856384, 0.7649906277656555, 0.7641528844833374, 0.7603932619094849, 0.7582973837852478, 0.7558327913284302, 0.7548854947090149, 0.7497748732566833, 0.7482496500015259, 0.7472240924835205, 0.7469012141227722, 0.7392346262931824, 0.7391024827957153, 0.7382251620292664, 0.737989604473114, 0.7368984222412109, 0.7322119474411011, 0.7316923141479492, 0.7304670810699463, 0.726206362247467, 0.7231756448745728, 0.721967875957489, 0.7177243232727051, 0.7131838202476501, 0.7099870443344116, 0.7035970091819763, 0.7027303576469421, 0.698740541934967, 0.6708941459655762, 0.662731945514679, 0.6454580426216125, 0.6424145698547363, 0.6403710842132568, 0.6297733187675476, 0.6280667781829834, 0.6271426677703857, 0.6239544153213501, 0.6056332588195801, 0.6053591966629028, 0.598723828792572, 0.5947909951210022, 0.5931801795959473, 0.5705610513687134, 0.5698356032371521, 0.5625870227813721, 0.5571070313453674, 0.5562158823013306, 0.5467195510864258, 0.5326828360557556, 0.5300225615501404, 0.512631893157959, 0.5103868842124939, 0.45209801197052, 0.4490159749984741, 0.4216819703578949, 0.4180198311805725]"
variant_F2,inner_val_6bba_t85_p03_crowded,inner_val,6bba_bb9f20c3,85,crowded,0.3,2,71,0,0,0,6.2830040405155785,6.2830040405155785,,0,,0,0.5971083641052246,"[[5.0, 48.0, 53.0], [20.0, 10.0, 28.0], [7.0, 59.0, 19.0], [8.0, 17.0, 45.0], [29.0, 58.0, 60.0], [30.0, 3.0, 60.0], [25.0, 59.0, 60.0], [30.0, 9.0, 16.0], [27.0, 23.0, 60.0], [29.0, 15.0, 60.0], [29.0, 35.0, 60.0], [29.0, 47.0, 60.0], [27.0, 59.0, 45.0], [30.0, 3.0, 48.0], [31.0, 59.0, 28.0], [31.0, 35.0, 16.0], [31.0, 43.0, 50.0], [20.0, 27.0, 60.0], [31.0, 45.0, 36.0], [31.0, 15.0, 42.0], [26.0, 19.0, 44.0], [31.0, 27.0, 36.0], [31.0, 37.0, 26.0], [26.0, 3.0, 44.0], [20.0, 49.0, 60.0], [20.0, 15.0, 60.0], [24.0, 51.0, 16.0], [8.0, 4.0, 38.0], [11.0, 19.0, 19.0], [16.0, 1.0, 58.0], [18.0, 2.0, 16.0], [12.0, 60.0, 54.0], [3.0, 2.0, 2.0], [14.0, 17.0, 60.0], [2.0, 1.0, 60.0], [3.0, 1.0, 34.0], [9.0, 6.0, 18.0], [2.0, 9.0, 60.0], [3.0, 1.0, 18.0], [2.0, 21.0, 56.0], [10.0, 42.0, 40.0], [2.0, 15.0, 36.0], [3.0, 42.0, 2.0], [0.0, 28.0, 47.0], [3.0, 19.0, 2.0], [10.0, 2.0, 2.0], [4.0, 38.0, 46.0], [20.0, 25.0, 1.0], [18.0, 1.0, 1.0], [2.0, 41.0, 13.0], [7.0, 30.0, 4.0], [8.0, 20.0, 6.0], [14.0, 36.0, 6.0], [12.0, 44.0, 23.0], [8.0, 59.0, 35.0], [2.0, 10.0, 13.0], [10.0, 16.0, 55.0], [13.0, 59.0, 1.0], [18.0, 41.0, 3.0], [12.0, 58.0, 36.0], [6.0, 60.0, 50.0], [6.0, 22.0, 34.0], [0.0, 62.0, 19.0], [24.0, 0.0, 6.0], [0.0, 60.0, 27.0], [10.0, 21.0, 32.0], [1.0, 60.0, 60.0], [4.0, 60.0, 63.0], [8.0, 53.0, 63.0], [0.0, 62.0, 43.0], [2.0, 46.0, 63.0]]","[0.8401365280151367, 0.8202087879180908, 0.8014025092124939, 0.7777854204177856, 0.7603945732116699, 0.7601489424705505, 0.7582520842552185, 0.7566220164299011, 0.7549096941947937, 0.7530282735824585, 0.7519920468330383, 0.748308002948761, 0.7411819696426392, 0.7352787852287292, 0.7351276278495789, 0.7311757206916809, 0.7301775217056274, 0.7284289002418518, 0.7283040285110474, 0.7265291213989258, 0.7261648774147034, 0.7261630296707153, 0.725917637348175, 0.7222734689712524, 0.7190329432487488, 0.7064430713653564, 0.6920986771583557, 0.6742881536483765, 0.6672148108482361, 0.6665154695510864, 0.6534083485603333, 0.6370681524276733, 0.6362007260322571, 0.6351882815361023, 0.6218276619911194, 0.6147961020469666, 0.6144951581954956, 0.6126999855041504, 0.6056830883026123, 0.6047101616859436, 0.5984072685241699, 0.595410943031311, 0.5905449390411377, 0.582937479019165, 0.5825018286705017, 0.58060622215271, 0.5785761475563049, 0.5703989863395691, 0.5661901831626892, 0.5655663013458252, 0.5609422922134399, 0.5582943558692932, 0.5579801797866821, 0.5571485757827759, 0.541318953037262, 0.541130781173706, 0.5328453779220581, 0.5083450675010681, 0.5007936358451843, 0.4968135952949524, 0.4813668727874756, 0.4805113673210144, 0.47784504294395447, 0.47043052315711975, 0.46102145314216614, 0.44965311884880066, 0.4255217909812927, 0.404584676027298, 0.4008297324180603, 0.4002671241760254, 0.38800323009490967]"
variant_F2,inner_val_6bba_t80_p04_crowded,inner_val,6bba_bb9f20c3,80,crowded,0.3,3,70,3,3,3,0.7410184105728597,0.9084026158592896,0.7410184105728597,3,0.7410184105728597,3,0.6858682831128439,"[[10.0, 25.0, 40.0], [24.0, 44.0, 5.0], [5.0, 57.0, 53.0], [14.0, 23.0, 23.0], [18.0, 22.0, 30.0], [26.0, 49.0, 60.0], [29.0, 60.0, 60.0], [30.0, 3.0, 60.0], [30.0, 25.0, 60.0], [26.0, 31.0, 60.0], [30.0, 3.0, 52.0], [22.0, 11.0, 60.0], [30.0, 11.0, 52.0], [22.0, 3.0, 60.0], [30.0, 3.0, 35.0], [29.0, 35.0, 40.0], [14.0, 43.0, 57.0], [29.0, 37.0, 48.0], [30.0, 31.0, 24.0], [26.0, 33.0, 52.0], [31.0, 15.0, 12.0], [23.0, 19.0, 13.0], [23.0, 2.0, 8.0], [13.0, 1.0, 34.0], [2.0, 1.0, 60.0], [15.0, 2.0, 2.0], [6.0, 2.0, 56.0], [13.0, 29.0, 54.0], [4.0, 13.0, 53.0], [7.0, 1.0, 46.0], [11.0, 59.0, 35.0], [17.0, 57.0, 49.0], [3.0, 7.0, 1.0], [5.0, 2.0, 33.0], [7.0, 25.0, 1.0], [2.0, 27.0, 55.0], [12.0, 14.0, 11.0], [13.0, 9.0, 60.0], [20.0, 23.0, 1.0], [1.0, 19.0, 1.0], [9.0, 7.0, 1.0], [7.0, 47.0, 1.0], [6.0, 45.0, 16.0], [2.0, 37.0, 41.0], [9.0, 62.0, 22.0], [6.0, 33.0, 12.0], [21.0, 55.0, 28.0], [4.0, 46.0, 42.0], [6.0, 24.0, 15.0], [16.0, 7.0, 49.0], [4.0, 21.0, 31.0], [1.0, 41.0, 1.0], [16.0, 30.0, 4.0], [29.0, 59.0, 1.0], [15.0, 59.0, 1.0], [12.0, 44.0, 33.0], [23.0, 29.0, 2.0], [2.0, 10.0, 21.0], [1.0, 55.0, 19.0], [1.0, 53.0, 1.0], [9.0, 15.0, 61.0], [25.0, 60.0, 2.0], [21.0, 60.0, 2.0], [10.0, 49.0, 60.0], [9.0, 19.0, 53.0], [17.0, 60.0, 16.0], [11.0, 60.0, 51.0], [11.0, 62.0, 63.0], [2.0, 63.0, 63.0], [0.0, 63.0, 50.0]]","[0.9195531606674194, 0.8853840231895447, 0.860073983669281, 0.8493724465370178, 0.8492055535316467, 0.8188686370849609, 0.8134443163871765, 0.812338650226593, 0.8057898283004761, 0.8022952079772949, 0.7970873713493347, 0.7892100214958191, 0.7885730862617493, 0.7877844572067261, 0.7842915058135986, 0.779665470123291, 0.7788741588592529, 0.7761044502258301, 0.7747495770454407, 0.7739226818084717, 0.754411518573761, 0.7190971374511719, 0.7086290717124939, 0.6810002326965332, 0.6747645735740662, 0.6621078252792358, 0.654403567314148, 0.646052896976471, 0.6443042159080505, 0.6415223479270935, 0.6313488483428955, 0.6213977336883545, 0.6144119501113892, 0.6109564900398254, 0.6068483591079712, 0.5992878079414368, 0.5967411994934082, 0.594889223575592, 0.5940569639205933, 0.5925046801567078, 0.5915217399597168, 0.5914487838745117, 0.5851926207542419, 0.5808286666870117, 0.5779234170913696, 0.5748791694641113, 0.5737167000770569, 0.5733652710914612, 0.5729495286941528, 0.5721640586853027, 0.567175030708313, 0.5616810917854309, 0.5601282715797424, 0.5541625022888184, 0.5516242384910583, 0.5513209700584412, 0.5487205386161804, 0.5427277088165283, 0.5365053415298462, 0.521825909614563, 0.4918634295463562, 0.4906349778175354, 0.4703473746776581, 0.46619218587875366, 0.4377322494983673, 0.43085363507270813, 0.4128699004650116, 0.40272852778434753, 0.4015744626522064, 0.39260128140449524]"
variant_F2,inner_val_6bba_t75_p05_isolated,inner_val,6bba_bb9f20c3,75,isolated,0.3,1,58,0,0,0,3.300390601883359,3.300390601883359,,0,,0,0.6589174866676331,"[[18.0, 7.0, 39.0], [22.0, 40.0, 30.0], [30.0, 11.0, 60.0], [30.0, 57.0, 60.0], [30.0, 47.0, 60.0], [30.0, 33.0, 60.0], [26.0, 23.0, 60.0], [30.0, 39.0, 46.0], [26.0, 35.0, 60.0], [26.0, 49.0, 60.0], [30.0, 13.0, 44.0], [26.0, 15.0, 48.0], [27.0, 15.0, 28.0], [20.0, 9.0, 60.0], [25.0, 15.0, 8.0], [22.0, 25.0, 20.0], [7.0, 59.0, 56.0], [2.0, 1.0, 60.0], [14.0, 17.0, 57.0], [18.0, 49.0, 44.0], [27.0, 59.0, 4.0], [11.0, 61.0, 37.0], [7.0, 1.0, 60.0], [14.0, 33.0, 33.0], [0.0, 19.0, 60.0], [5.0, 1.0, 42.0], [6.0, 45.0, 33.0], [12.0, 8.0, 50.0], [18.0, 22.0, 2.0], [10.0, 54.0, 26.0], [11.0, 39.0, 5.0], [5.0, 7.0, 1.0], [7.0, 35.0, 52.0], [5.0, 1.0, 26.0], [13.0, 25.0, 6.0], [14.0, 24.0, 22.0], [26.0, 38.0, 4.0], [7.0, 58.0, 6.0], [18.0, 62.0, 54.0], [18.0, 38.0, 12.0], [14.0, 57.0, 2.0], [16.0, 14.0, 9.0], [8.0, 31.0, 23.0], [17.0, 1.0, 1.0], [11.0, 42.0, 20.0], [13.0, 49.0, 1.0], [30.0, 1.0, 1.0], [6.0, 19.0, 17.0], [13.0, 59.0, 60.0], [20.0, 56.0, 7.0], [3.0, 57.0, 30.0], [2.0, 49.0, 52.0], [1.0, 55.0, 1.0], [16.0, 29.0, 60.0], [22.0, 49.0, 8.0], [19.0, 21.0, 44.0], [17.0, 59.0, 5.0], [2.0, 62.0, 54.0]]","[0.8782078623771667, 0.8736541867256165, 0.8321382999420166, 0.8301488757133484, 0.8266538381576538, 0.8238148093223572, 0.8148271441459656, 0.8132076859474182, 0.8105743527412415, 0.808888852596283, 0.802579939365387, 0.7900726199150085, 0.7851666808128357, 0.7324537038803101, 0.722408652305603, 0.7186908721923828, 0.7077121734619141, 0.69808030128479, 0.6931253671646118, 0.6773040890693665, 0.6722387671470642, 0.6683537364006042, 0.6671826839447021, 0.6589174866676331, 0.6359692215919495, 0.627418041229248, 0.6249462962150574, 0.6224879622459412, 0.6204047799110413, 0.6170635223388672, 0.6048192381858826, 0.6027055978775024, 0.6010864973068237, 0.6006413102149963, 0.5978866219520569, 0.5939499735832214, 0.5916737914085388, 0.5911794304847717, 0.5906285643577576, 0.588446855545044, 0.5881032943725586, 0.5837197303771973, 0.5837064981460571, 0.5715782642364502, 0.5713582634925842, 0.5616108775138855, 0.556919276714325, 0.5566099882125854, 0.5455971956253052, 0.5439634323120117, 0.5351933836936951, 0.5323471426963806, 0.5284423232078552, 0.5264614224433899, 0.5222930312156677, 0.5102540850639343, 0.4791920781135559, 0.46849745512008667]"
variant_F2,inner_val_6bba_t75_p06_isolated,inner_val,6bba_bb9f20c3,75,isolated,0.3,1,87,0,0,0,5.025034981221523,5.025034981221523,,0,,0,0.8172640800476074,"[[16.0, 24.0, 27.0], [8.0, 23.0, 33.0], [27.0, 3.0, 60.0], [23.0, 15.0, 2.0], [27.0, 15.0, 60.0], [27.0, 3.0, 2.0], [23.0, 3.0, 2.0], [27.0, 45.0, 60.0], [27.0, 35.0, 60.0], [31.0, 47.0, 60.0], [29.0, 59.0, 60.0], [27.0, 3.0, 34.0], [27.0, 27.0, 2.0], [27.0, 3.0, 50.0], [25.0, 58.0, 60.0], [27.0, 42.0, 2.0], [29.0, 3.0, 20.0], [27.0, 51.0, 2.0], [29.0, 3.0, 42.0], [25.0, 3.0, 14.0], [31.0, 15.0, 20.0], [21.0, 3.0, 12.0], [31.0, 3.0, 52.0], [31.0, 19.0, 28.0], [6.0, 41.0, 4.0], [7.0, 16.0, 16.0], [27.0, 59.0, 50.0], [31.0, 27.0, 52.0], [31.0, 27.0, 26.0], [27.0, 19.0, 16.0], [25.0, 11.0, 14.0], [27.0, 60.0, 2.0], [31.0, 47.0, 52.0], [31.0, 39.0, 28.0], [27.0, 59.0, 20.0], [31.0, 59.0, 48.0], [31.0, 35.0, 52.0], [31.0, 47.0, 24.0], [31.0, 39.0, 38.0], [27.0, 27.0, 10.0], [31.0, 59.0, 20.0], [31.0, 47.0, 12.0], [6.0, 6.0, 6.0], [31.0, 55.0, 40.0], [27.0, 11.0, 30.0], [27.0, 35.0, 18.0], [27.0, 15.0, 50.0], [27.0, 27.0, 26.0], [27.0, 19.0, 38.0], [27.0, 47.0, 26.0], [27.0, 47.0, 48.0], [27.0, 39.0, 28.0], [27.0, 39.0, 50.0], [18.0, 38.0, 60.0], [4.0, 20.0, 56.0], [22.0, 51.0, 32.0], [18.0, 2.0, 25.0], [22.0, 19.0, 24.0], [24.0, 27.0, 38.0], [1.0, 11.0, 23.0], [18.0, 53.0, 10.0], [18.0, 40.0, 2.0], [10.0, 49.0, 61.0], [6.0, 30.0, 61.0], [14.0, 11.0, 2.0], [4.0, 48.0, 56.0], [6.0, 57.0, 48.0], [6.0, 56.0, 10.0], [10.0, 31.0, 42.0], [1.0, 47.0, 15.0], [3.0, 32.0, 54.0], [1.0, 56.0, 12.0], [1.0, 22.0, 54.0], [1.0, 7.0, 45.0], [6.0, 31.0, 20.0], [1.0, 34.0, 22.0], [1.0, 60.0, 39.0], [7.0, 39.0, 32.0], [4.0, 34.0, 34.0], [7.0, 42.0, 20.0], [4.0, 0.0, 56.0], [9.0, 62.0, 21.0], [6.0, 3.0, 42.0], [1.0, 62.0, 57.0], [1.0, 26.0, 6.0], [4.0, 28.0, 6.0], [10.0, 0.0, 26.0]]","[0.8172640800476074, 0.7563656568527222, 0.7353359460830688, 0.7308452129364014, 0.7302541732788086, 0.727437436580658, 0.7246361970901489, 0.7238242626190186, 0.7234529256820679, 0.7219051122665405, 0.7209107279777527, 0.7191469073295593, 0.718910813331604, 0.7166611552238464, 0.7159900069236755, 0.715742290019989, 0.7155905961990356, 0.7150192856788635, 0.714788019657135, 0.7142844200134277, 0.7128032445907593, 0.7127905488014221, 0.712101936340332, 0.7117564678192139, 0.7113696932792664, 0.7113484740257263, 0.7113320231437683, 0.7108503580093384, 0.7107727527618408, 0.7105329036712646, 0.710062563419342, 0.7096939086914062, 0.7095678448677063, 0.7094959020614624, 0.7090547680854797, 0.7087256908416748, 0.7084795832633972, 0.7080442309379578, 0.7079569697380066, 0.7078262567520142, 0.7070906758308411, 0.7069993615150452, 0.706102728843689, 0.7060362100601196, 0.7057818174362183, 0.7056665420532227, 0.7055299282073975, 0.7046532034873962, 0.703495442867279, 0.7030723094940186, 0.7021644115447998, 0.7019542455673218, 0.7009857296943665, 0.6981337070465088, 0.6972242593765259, 0.6807472109794617, 0.6784337162971497, 0.6754989624023438, 0.6752750277519226, 0.6566094756126404, 0.644218921661377, 0.642763078212738, 0.6379412412643433, 0.6364101767539978, 0.6266551613807678, 0.5806344151496887, 0.5739842653274536, 0.562021017074585, 0.5616956949234009, 0.5571657419204712, 0.5338309407234192, 0.5211663246154785, 0.5172005891799927, 0.5076744556427002, 0.4925170838832855, 0.48573464155197144, 0.4814189076423645, 0.46354034543037415, 0.46285033226013184, 0.4605131447315216, 0.459896057844162, 0.4539836049079895, 0.4432615637779236, 0.43795067071914673, 0.43787774443626404, 0.4314016103744507, 0.39896196126937866]"
variant_F2,inner_val_6bba_t90_p07_isolated,inner_val,6bba_bb9f20c3,90,isolated,0.3,1,68,0,0,0,3.832554834897995,3.832554834897995,,0,,0,0.4838384985923767,"[[6.0, 44.0, 29.0], [27.0, 3.0, 60.0], [25.0, 59.0, 60.0], [29.0, 59.0, 60.0], [22.0, 35.0, 60.0], [27.0, 12.0, 60.0], [29.0, 35.0, 60.0], [27.0, 50.0, 60.0], [29.0, 27.0, 60.0], [22.0, 21.0, 60.0], [27.0, 59.0, 46.0], [31.0, 59.0, 30.0], [29.0, 2.0, 24.0], [31.0, 23.0, 28.0], [17.0, 58.0, 60.0], [13.0, 55.0, 60.0], [27.0, 20.0, 2.0], [27.0, 2.0, 2.0], [29.0, 3.0, 44.0], [31.0, 43.0, 32.0], [31.0, 43.0, 44.0], [31.0, 19.0, 38.0], [22.0, 47.0, 48.0], [31.0, 31.0, 34.0], [31.0, 59.0, 16.0], [31.0, 3.0, 10.0], [31.0, 35.0, 42.0], [31.0, 39.0, 24.0], [27.0, 41.0, 52.0], [29.0, 33.0, 2.0], [31.0, 31.0, 14.0], [31.0, 49.0, 18.0], [31.0, 39.0, 13.0], [10.0, 3.0, 60.0], [26.0, 27.0, 34.0], [27.0, 59.0, 2.0], [24.0, 3.0, 26.0], [24.0, 21.0, 47.0], [24.0, 10.0, 48.0], [11.0, 59.0, 52.0], [24.0, 15.0, 24.0], [14.0, 29.0, 7.0], [2.0, 43.0, 60.0], [6.0, 35.0, 60.0], [10.0, 13.0, 34.0], [12.0, 2.0, 23.0], [8.0, 24.0, 16.0], [2.0, 47.0, 50.0], [8.0, 59.0, 8.0], [14.0, 1.0, 2.0], [10.0, 1.0, 36.0], [13.0, 59.0, 1.0], [14.0, 30.0, 42.0], [2.0, 8.0, 43.0], [6.0, 7.0, 16.0], [1.0, 17.0, 1.0], [1.0, 7.0, 5.0], [17.0, 19.0, 29.0], [4.0, 25.0, 3.0], [10.0, 26.0, 5.0], [8.0, 7.0, 6.0], [3.0, 0.0, 41.0], [17.0, 35.0, 24.0], [0.0, 34.0, 30.0], [9.0, 37.0, 1.0], [5.0, 0.0, 26.0], [2.0, 60.0, 3.0], [0.0, 7.0, 26.0]]","[0.8920406103134155, 0.7586686015129089, 0.7580592632293701, 0.7573946714401245, 0.7541719079017639, 0.7536473274230957, 0.7526500225067139, 0.750391960144043, 0.7497467994689941, 0.7467489242553711, 0.7374929189682007, 0.733605682849884, 0.7327012419700623, 0.7320716381072998, 0.7319672107696533, 0.7302976846694946, 0.7297937870025635, 0.7297122478485107, 0.7289620637893677, 0.7284104228019714, 0.7283705472946167, 0.7282817363739014, 0.7277469038963318, 0.7260326147079468, 0.725933849811554, 0.7257053852081299, 0.7252291440963745, 0.7246359586715698, 0.7241614460945129, 0.7222525477409363, 0.7211458086967468, 0.7205684781074524, 0.7205661535263062, 0.7195660471916199, 0.7168609499931335, 0.7168008685112, 0.7132390737533569, 0.7086639404296875, 0.7064471244812012, 0.7057347893714905, 0.7042378783226013, 0.6748796105384827, 0.6383081674575806, 0.6212080717086792, 0.6163538694381714, 0.6153762936592102, 0.6007551550865173, 0.5922548174858093, 0.5847429037094116, 0.5839802026748657, 0.5829370021820068, 0.5697169303894043, 0.5605207085609436, 0.5423346757888794, 0.5395424365997314, 0.5366895198822021, 0.5296983122825623, 0.5285986065864563, 0.5280655026435852, 0.5156612396240234, 0.49053651094436646, 0.4850280284881592, 0.4838384985923767, 0.47064295411109924, 0.46512162685394287, 0.43688592314720154, 0.43630918860435486, 0.4084279239177704]"
variant_F2,inner_val_6bba_t90_p08_boundary,inner_val,6bba_bb9f20c3,90,boundary,0.3,1,62,0,0,0,3.471001521535247,3.471001521535247,,0,,0,0.8022858500480652,"[[12.0, 51.0, 25.0], [18.0, 11.0, 32.0], [27.0, 59.0, 60.0], [27.0, 59.0, 47.0], [20.0, 43.0, 60.0], [30.0, 46.0, 60.0], [24.0, 23.0, 48.0], [27.0, 60.0, 24.0], [30.0, 36.0, 60.0], [24.0, 15.0, 60.0], [26.0, 45.0, 60.0], [26.0, 47.0, 4.0], [26.0, 3.0, 60.0], [27.0, 15.0, 48.0], [27.0, 19.0, 36.0], [30.0, 59.0, 15.0], [21.0, 59.0, 60.0], [29.0, 12.0, 60.0], [22.0, 47.0, 26.0], [18.0, 10.0, 5.0], [30.0, 47.0, 49.0], [26.0, 43.0, 48.0], [26.0, 22.0, 12.0], [21.0, 61.0, 2.0], [27.0, 2.0, 2.0], [27.0, 2.0, 15.0], [16.0, 4.0, 20.0], [16.0, 34.0, 12.0], [12.0, 34.0, 55.0], [12.0, 9.0, 53.0], [10.0, 42.0, 18.0], [9.0, 7.0, 1.0], [9.0, 45.0, 2.0], [7.0, 58.0, 39.0], [14.0, 24.0, 6.0], [17.0, 1.0, 2.0], [3.0, 3.0, 2.0], [10.0, 32.0, 42.0], [12.0, 22.0, 46.0], [20.0, 47.0, 1.0], [11.0, 25.0, 2.0], [31.0, 5.0, 29.0], [2.0, 49.0, 60.0], [5.0, 19.0, 52.0], [10.0, 13.0, 20.0], [6.0, 13.0, 60.0], [2.0, 60.0, 2.0], [1.0, 40.0, 2.0], [2.0, 57.0, 60.0], [1.0, 29.0, 1.0], [14.0, 1.0, 33.0], [2.0, 17.0, 5.0], [12.0, 36.0, 8.0], [7.0, 59.0, 2.0], [9.0, 1.0, 34.0], [3.0, 9.0, 48.0], [12.0, 14.0, 32.0], [2.0, 39.0, 33.0], [2.0, 37.0, 61.0], [2.0, 11.0, 30.0], [4.0, 53.0, 36.0], [8.0, 63.0, 22.0]]","[0.8499739766120911, 0.8022858500480652, 0.7742167711257935, 0.7644144892692566, 0.7640683054924011, 0.7606531977653503, 0.7597455382347107, 0.7592565417289734, 0.7579336762428284, 0.757333517074585, 0.7558258771896362, 0.7553986310958862, 0.7553844451904297, 0.7535549402236938, 0.7523736953735352, 0.752263069152832, 0.7492274641990662, 0.7486558556556702, 0.7453842759132385, 0.7425425052642822, 0.7385265827178955, 0.7320480942726135, 0.7301384210586548, 0.7088896036148071, 0.7053593993186951, 0.6878170967102051, 0.6800819635391235, 0.653455913066864, 0.6493618488311768, 0.6486923694610596, 0.6091588139533997, 0.6065831184387207, 0.6044204831123352, 0.6021659970283508, 0.5934802293777466, 0.5820562839508057, 0.5819366574287415, 0.5793672204017639, 0.5772484540939331, 0.5757395625114441, 0.5687527656555176, 0.5666505694389343, 0.5641664862632751, 0.5617013573646545, 0.5585988759994507, 0.5578712821006775, 0.5467073917388916, 0.5438188314437866, 0.542944610118866, 0.540194034576416, 0.5362436175346375, 0.5290830731391907, 0.5285881757736206, 0.5231657028198242, 0.5191803574562073, 0.5165494680404663, 0.5160640478134155, 0.5113852024078369, 0.5059016942977905, 0.484368234872818, 0.47258102893829346, 0.3705357611179352]"
variant_F2,inner_val_6bba_t90_p09_zero_annotation,inner_val,6bba_bb9f20c3,90,zero_annotation,0.3,0,91,0,0,0,,,,0,,0,,"[[29.0, 3.0, 60.0], [30.0, 10.0, 60.0], [27.0, 11.0, 60.0], [29.0, 25.0, 60.0], [29.0, 40.0, 60.0], [29.0, 2.0, 2.0], [30.0, 2.0, 38.0], [30.0, 3.0, 51.0], [30.0, 11.0, 41.0], [31.0, 51.0, 38.0], [31.0, 35.0, 52.0], [27.0, 2.0, 49.0], [27.0, 35.0, 46.0], [31.0, 9.0, 13.0], [27.0, 27.0, 36.0], [31.0, 47.0, 8.0], [25.0, 37.0, 60.0], [29.0, 54.0, 60.0], [31.0, 33.0, 22.0], [31.0, 35.0, 8.0], [31.0, 10.0, 24.0], [25.0, 2.0, 26.0], [27.0, 15.0, 18.0], [31.0, 26.0, 28.0], [29.0, 27.0, 2.0], [27.0, 15.0, 29.0], [30.0, 2.0, 26.0], [31.0, 35.0, 29.0], [31.0, 24.0, 20.0], [31.0, 23.0, 13.0], [31.0, 49.0, 49.0], [31.0, 55.0, 24.0], [27.0, 47.0, 50.0], [23.0, 17.0, 50.0], [27.0, 50.0, 2.0], [29.0, 58.0, 2.0], [19.0, 3.0, 48.0], [27.0, 47.0, 36.0], [4.0, 8.0, 7.0], [23.0, 13.0, 38.0], [16.0, 46.0, 61.0], [19.0, 10.0, 60.0], [19.0, 23.0, 48.0], [21.0, 2.0, 2.0], [16.0, 16.0, 60.0], [1.0, 8.0, 45.0], [12.0, 11.0, 60.0], [25.0, 59.0, 2.0], [18.0, 54.0, 9.0], [14.0, 13.0, 49.0], [23.0, 54.0, 9.0], [16.0, 53.0, 22.0], [16.0, 26.0, 20.0], [16.0, 13.0, 7.0], [16.0, 17.0, 18.0], [1.0, 62.0, 59.0], [16.0, 15.0, 38.0], [18.0, 41.0, 14.0], [16.0, 15.0, 25.0], [16.0, 3.0, 28.0], [16.0, 22.0, 9.0], [16.0, 38.0, 40.0], [16.0, 48.0, 34.0], [2.0, 9.0, 16.0], [1.0, 60.0, 6.0], [13.0, 13.0, 8.0], [12.0, 1.0, 26.0], [13.0, 21.0, 8.0], [10.0, 31.0, 44.0], [8.0, 47.0, 36.0], [10.0, 43.0, 45.0], [1.0, 38.0, 6.0], [9.0, 47.0, 60.0], [12.0, 45.0, 26.0], [4.0, 0.0, 6.0], [12.0, 21.0, 16.0], [8.0, 53.0, 8.0], [7.0, 27.0, 61.0], [1.0, 60.0, 30.0], [4.0, 59.0, 7.0], [1.0, 40.0, 52.0], [4.0, 22.0, 6.0], [1.0, 23.0, 28.0], [4.0, 10.0, 38.0], [4.0, 40.0, 7.0], [0.0, 0.0, 30.0], [2.0, 22.0, 63.0], [1.0, 44.0, 18.0], [1.0, 36.0, 28.0], [4.0, 32.0, 19.0], [0.0, 44.0, 63.0]]","[0.7775780558586121, 0.7655799388885498, 0.7617843151092529, 0.7604785561561584, 0.7530828714370728, 0.751083493232727, 0.7483934164047241, 0.7455331683158875, 0.742620050907135, 0.7373383641242981, 0.7371953725814819, 0.7368134260177612, 0.7345384955406189, 0.7334918975830078, 0.7328824996948242, 0.7326632142066956, 0.7325818538665771, 0.7313203811645508, 0.7313088178634644, 0.7293481826782227, 0.7292734980583191, 0.7290012240409851, 0.7278016209602356, 0.727752685546875, 0.7271932363510132, 0.727122962474823, 0.7269304394721985, 0.7262723445892334, 0.7251030206680298, 0.724622368812561, 0.7233942747116089, 0.7233749032020569, 0.7209622859954834, 0.7205944657325745, 0.7170498967170715, 0.7161240577697754, 0.7142043709754944, 0.7136325836181641, 0.7106491327285767, 0.7081849575042725, 0.706932544708252, 0.703662097454071, 0.7032574415206909, 0.7026477456092834, 0.6937920451164246, 0.6935329437255859, 0.6893308758735657, 0.6733697056770325, 0.6655460596084595, 0.6491705179214478, 0.6488106846809387, 0.6445206999778748, 0.6389859914779663, 0.6384985446929932, 0.6361695528030396, 0.6352646946907043, 0.633298397064209, 0.6296713948249817, 0.6286888718605042, 0.6241762638092041, 0.6205204129219055, 0.6188445091247559, 0.6142820715904236, 0.5941201448440552, 0.5896509289741516, 0.5877370834350586, 0.5740532279014587, 0.5668483972549438, 0.5630226731300354, 0.5592301487922668, 0.5560579299926758, 0.5554435849189758, 0.5544708967208862, 0.5466980338096619, 0.5445836186408997, 0.5441685318946838, 0.5428135395050049, 0.5317795276641846, 0.5044453740119934, 0.4782763719558716, 0.4777616560459137, 0.47722572088241577, 0.4630481004714966, 0.4577486217021942, 0.4420483410358429, 0.4262552261352539, 0.4234793186187744, 0.4183701276779175, 0.4171738624572754, 0.39745429158210754, 0.38489463925361633]"
variant_F2,inner_val_6bba_t90_p10_zero_annotation,inner_val,6bba_bb9f20c3,90,zero_annotation,0.3,0,98,0,0,0,,,,0,,0,,"[[27.0, 45.0, 60.0], [29.0, 3.0, 60.0], [29.0, 13.0, 60.0], [29.0, 25.0, 60.0], [29.0, 60.0, 50.0], [30.0, 15.0, 44.0], [31.0, 57.0, 60.0], [29.0, 35.0, 60.0], [30.0, 11.0, 52.0], [30.0, 3.0, 40.0], [31.0, 49.0, 60.0], [30.0, 2.0, 11.0], [31.0, 41.0, 17.0], [27.0, 58.0, 60.0], [31.0, 37.0, 28.0], [23.0, 35.0, 60.0], [29.0, 29.0, 28.0], [31.0, 33.0, 35.0], [31.0, 11.0, 13.0], [31.0, 46.0, 40.0], [30.0, 3.0, 28.0], [30.0, 2.0, 2.0], [31.0, 45.0, 53.0], [27.0, 22.0, 2.0], [31.0, 58.0, 32.0], [27.0, 2.0, 18.0], [27.0, 2.0, 2.0], [25.0, 15.0, 44.0], [19.0, 3.0, 60.0], [25.0, 12.0, 53.0], [23.0, 2.0, 47.0], [27.0, 47.0, 2.0], [31.0, 59.0, 19.0], [25.0, 3.0, 10.0], [31.0, 59.0, 8.0], [21.0, 9.0, 44.0], [23.0, 12.0, 24.0], [16.0, 25.0, 60.0], [16.0, 15.0, 61.0], [16.0, 24.0, 36.0], [18.0, 50.0, 60.0], [18.0, 30.0, 7.0], [18.0, 53.0, 45.0], [16.0, 51.0, 37.0], [1.0, 9.0, 6.0], [18.0, 53.0, 10.0], [18.0, 43.0, 8.0], [16.0, 43.0, 44.0], [16.0, 21.0, 9.0], [16.0, 31.0, 22.0], [13.0, 31.0, 8.0], [1.0, 32.0, 8.0], [16.0, 26.0, 48.0], [18.0, 18.0, 18.0], [14.0, 2.0, 38.0], [16.0, 11.0, 24.0], [20.0, 59.0, 2.0], [1.0, 48.0, 12.0], [12.0, 7.0, 26.0], [2.0, 9.0, 55.0], [9.0, 23.0, 60.0], [11.0, 11.0, 8.0], [10.0, 21.0, 44.0], [8.0, 7.0, 26.0], [9.0, 47.0, 61.0], [3.0, 57.0, 20.0], [0.0, 0.0, 0.0], [1.0, 8.0, 38.0], [12.0, 60.0, 10.0], [8.0, 39.0, 45.0], [10.0, 47.0, 44.0], [1.0, 30.0, 18.0], [10.0, 20.0, 19.0], [8.0, 23.0, 35.0], [13.0, 43.0, 25.0], [1.0, 8.0, 29.0], [1.0, 44.0, 53.0], [8.0, 1.0, 1.0], [0.0, 0.0, 8.0], [9.0, 39.0, 60.0], [4.0, 57.0, 54.0], [2.0, 18.0, 63.0], [0.0, 0.0, 54.0], [4.0, 60.0, 3.0], [4.0, 16.0, 6.0], [1.0, 34.0, 38.0], [10.0, 57.0, 24.0], [1.0, 59.0, 53.0], [1.0, 26.0, 50.0], [1.0, 60.0, 32.0], [6.0, 56.0, 43.0], [6.0, 7.0, 63.0], [3.0, 54.0, 63.0], [2.0, 38.0, 63.0], [4.0, 24.0, 23.0], [4.0, 23.0, 36.0], [4.0, 48.0, 53.0], [1.0, 63.0, 63.0]]","[0.7786460518836975, 0.7738631367683411, 0.7727808356285095, 0.7677007913589478, 0.7641419172286987, 0.762374222278595, 0.761871337890625, 0.758714497089386, 0.7569933533668518, 0.7554399967193604, 0.7548000812530518, 0.7506017684936523, 0.7504725456237793, 0.7504399418830872, 0.7489071488380432, 0.7477550506591797, 0.747107207775116, 0.7468589544296265, 0.7456687092781067, 0.7450740933418274, 0.7446418404579163, 0.7441143989562988, 0.7437044382095337, 0.7429655194282532, 0.7418797612190247, 0.7411649823188782, 0.7393555641174316, 0.7381394505500793, 0.7376976609230042, 0.7314555048942566, 0.7309350967407227, 0.7296358942985535, 0.7289592623710632, 0.7245784997940063, 0.7244237661361694, 0.7187437415122986, 0.7158016562461853, 0.6902707815170288, 0.6814775466918945, 0.6699773073196411, 0.6684805154800415, 0.6650567054748535, 0.6564388871192932, 0.653732180595398, 0.651100754737854, 0.6503785252571106, 0.6493759751319885, 0.6469811797142029, 0.6456887722015381, 0.6433865427970886, 0.64225172996521, 0.6400029063224792, 0.6286974549293518, 0.6196644306182861, 0.6193251609802246, 0.6186375617980957, 0.6161808371543884, 0.6147682070732117, 0.5998775959014893, 0.5977057814598083, 0.5829312205314636, 0.5721324682235718, 0.5695679783821106, 0.5611043572425842, 0.5493932962417603, 0.547088623046875, 0.5464426875114441, 0.5409985184669495, 0.5394859313964844, 0.5294973254203796, 0.5221577882766724, 0.5209097862243652, 0.5171234011650085, 0.51276034116745, 0.5100247263908386, 0.5056908130645752, 0.5026283264160156, 0.4979546070098877, 0.4924333393573761, 0.4915156960487366, 0.4837116003036499, 0.4825189709663391, 0.47383734583854675, 0.4720703959465027, 0.4697069823741913, 0.4661511480808258, 0.46613022685050964, 0.4656555652618408, 0.4648687243461609, 0.44062694907188416, 0.4314712882041931, 0.43045318126678467, 0.4176526963710785, 0.4169115722179413, 0.413567453622818, 0.40909543633461, 0.4086799621582031, 0.39875155687332153]"
variant_F2,inner_val_44b6_t80_p01_crowded,inner_val,44b6_d29c9ab2,80,crowded,0.3,3,74,1,2,3,1.2709077342994641,1.625,0.8125,2,1.2709077342994641,3,0.7750877539316813,"[[8.0, 20.0, 8.0], [22.0, 43.0, 53.0], [3.0, 19.0, 60.0], [3.0, 60.0, 60.0], [16.0, 32.0, 32.0], [2.0, 29.0, 60.0], [9.0, 60.0, 38.0], [2.0, 47.0, 42.0], [11.0, 45.0, 60.0], [12.0, 28.0, 56.0], [2.0, 17.0, 36.0], [1.0, 3.0, 30.0], [29.0, 31.0, 17.0], [10.0, 13.0, 60.0], [10.0, 1.0, 60.0], [2.0, 36.0, 12.0], [0.0, 2.0, 9.0], [1.0, 12.0, 2.0], [14.0, 47.0, 29.0], [1.0, 42.0, 2.0], [10.0, 16.0, 50.0], [13.0, 2.0, 2.0], [14.0, 1.0, 38.0], [2.0, 60.0, 2.0], [5.0, 47.0, 21.0], [12.0, 1.0, 16.0], [9.0, 45.0, 2.0], [28.0, 3.0, 60.0], [5.0, 58.0, 2.0], [28.0, 35.0, 60.0], [15.0, 1.0, 16.0], [31.0, 35.0, 60.0], [18.0, 17.0, 48.0], [24.0, 62.0, 48.0], [14.0, 17.0, 20.0], [6.0, 1.0, 53.0], [26.0, 23.0, 60.0], [31.0, 59.0, 50.0], [30.0, 59.0, 60.0], [8.0, 60.0, 12.0], [30.0, 24.0, 10.0], [6.0, 9.0, 28.0], [31.0, 27.0, 52.0], [20.0, 27.0, 60.0], [25.0, 59.0, 61.0], [16.0, 39.0, 18.0], [22.0, 45.0, 29.0], [31.0, 1.0, 50.0], [17.0, 62.0, 14.0], [30.0, 11.0, 8.0], [24.0, 10.0, 22.0], [30.0, 53.0, 4.0], [26.0, 34.0, 46.0], [23.0, 29.0, 52.0], [31.0, 35.0, 36.0], [24.0, 36.0, 37.0], [6.0, 1.0, 17.0], [22.0, 1.0, 47.0], [22.0, 16.0, 2.0], [27.0, 62.0, 14.0], [22.0, 26.0, 14.0], [27.0, 26.0, 35.0], [24.0, 57.0, 34.0], [30.0, 9.0, 33.0], [27.0, 62.0, 6.0], [20.0, 59.0, 36.0], [14.0, 31.0, 4.0], [23.0, 55.0, 1.0], [21.0, 9.0, 60.0], [30.0, 60.0, 26.0], [20.0, 60.0, 25.0], [30.0, 53.0, 16.0], [22.0, 39.0, 1.0], [31.0, 63.0, 15.0]]","[0.9071082472801208, 0.8805148601531982, 0.8616229891777039, 0.8601278066635132, 0.8592844605445862, 0.8550879955291748, 0.8283056020736694, 0.8164076805114746, 0.8003110885620117, 0.7988681197166443, 0.7955571413040161, 0.7807809114456177, 0.7767917513847351, 0.7700796127319336, 0.7630836963653564, 0.7616929411888123, 0.7611081004142761, 0.753633975982666, 0.7419464588165283, 0.7390938997268677, 0.7331003546714783, 0.7323846220970154, 0.7308600544929504, 0.7041625380516052, 0.7012165188789368, 0.7000952363014221, 0.6990808844566345, 0.6985263228416443, 0.6976345181465149, 0.6912241578102112, 0.6893213391304016, 0.6832749843597412, 0.6825121641159058, 0.6752956509590149, 0.6737937331199646, 0.6724315881729126, 0.6716848015785217, 0.6702095866203308, 0.6692913770675659, 0.6687482595443726, 0.6682718396186829, 0.6675776839256287, 0.6622480750083923, 0.6477933526039124, 0.6454088091850281, 0.6389798521995544, 0.6335101127624512, 0.6312812566757202, 0.624853253364563, 0.6216346621513367, 0.6210217475891113, 0.6182319521903992, 0.6181672215461731, 0.6137427091598511, 0.601780891418457, 0.5879123210906982, 0.5858019590377808, 0.5755101442337036, 0.5745953917503357, 0.5731789469718933, 0.5686802268028259, 0.5674434900283813, 0.5672056674957275, 0.5616000890731812, 0.5588705539703369, 0.5588165521621704, 0.5355586409568787, 0.5331632494926453, 0.5253892540931702, 0.521499514579773, 0.482759565114975, 0.4611334800720215, 0.4324524998664856, 0.4097839295864105]"
variant_F2,inner_val_44b6_t85_p02_crowded,inner_val,44b6_d29c9ab2,85,crowded,0.3,3,70,3,3,3,0.3269247532380233,0.40625,0.3269247532380233,3,0.3269247532380233,3,0.6850930452346802,"[[12.0, 28.0, 54.0], [22.0, 22.0, 16.0], [24.0, 51.0, 51.0], [5.0, 59.0, 60.0], [16.0, 51.0, 25.0], [3.0, 15.0, 60.0], [2.0, 19.0, 48.0], [8.0, 11.0, 60.0], [2.0, 45.0, 18.0], [8.0, 13.0, 6.0], [28.0, 35.0, 60.0], [9.0, 59.0, 40.0], [2.0, 7.0, 28.0], [10.0, 49.0, 46.0], [15.0, 59.0, 60.0], [0.0, 33.0, 44.0], [1.0, 37.0, 30.0], [2.0, 48.0, 2.0], [1.0, 3.0, 2.0], [8.0, 26.0, 48.0], [2.0, 31.0, 16.0], [16.0, 29.0, 7.0], [4.0, 27.0, 28.0], [1.0, 2.0, 12.0], [0.0, 2.0, 41.0], [10.0, 33.0, 24.0], [16.0, 32.0, 32.0], [18.0, 17.0, 49.0], [14.0, 1.0, 60.0], [14.0, 1.0, 40.0], [11.0, 41.0, 6.0], [7.0, 44.0, 24.0], [11.0, 48.0, 2.0], [13.0, 2.0, 2.0], [30.0, 9.0, 60.0], [26.0, 17.0, 60.0], [9.0, 32.0, 12.0], [15.0, 1.0, 22.0], [14.0, 13.0, 36.0], [17.0, 47.0, 2.0], [23.0, 7.0, 31.0], [18.0, 42.0, 16.0], [22.0, 39.0, 59.0], [31.0, 59.0, 60.0], [12.0, 27.0, 2.0], [25.0, 60.0, 5.0], [19.0, 29.0, 60.0], [22.0, 47.0, 25.0], [29.0, 7.0, 7.0], [23.0, 61.0, 61.0], [22.0, 14.0, 6.0], [20.0, 56.0, 35.0], [31.0, 43.0, 38.0], [30.0, 19.0, 17.0], [24.0, 35.0, 37.0], [15.0, 62.0, 18.0], [31.0, 25.0, 33.0], [30.0, 60.0, 21.0], [24.0, 1.0, 16.0], [31.0, 5.0, 31.0], [31.0, 59.0, 37.0], [27.0, 36.0, 35.0], [30.0, 12.0, 33.0], [22.0, 35.0, 1.0], [25.0, 15.0, 1.0], [31.0, 3.0, 23.0], [29.0, 54.0, 7.0], [30.0, 40.0, 13.0], [27.0, 45.0, 6.0], [23.0, 7.0, 48.0]]","[0.9107140302658081, 0.9087967872619629, 0.8620803952217102, 0.8565918803215027, 0.855769693851471, 0.8482756614685059, 0.8266003131866455, 0.8145177364349365, 0.8081132173538208, 0.8059042096138, 0.8032297492027283, 0.801089346408844, 0.794700562953949, 0.7929691672325134, 0.7850617170333862, 0.7819956541061401, 0.780745267868042, 0.7786238193511963, 0.7751951813697815, 0.7701690793037415, 0.7663301825523376, 0.7659006714820862, 0.7631329894065857, 0.7541310787200928, 0.7511609792709351, 0.7472761273384094, 0.7454933524131775, 0.7428418397903442, 0.7418127059936523, 0.7412179112434387, 0.7236016988754272, 0.7194576859474182, 0.716926634311676, 0.7137043476104736, 0.6982275247573853, 0.6942042112350464, 0.6853786110877991, 0.6849581599235535, 0.6783143877983093, 0.6653587222099304, 0.6643173694610596, 0.6586889624595642, 0.658596396446228, 0.6457508206367493, 0.640472412109375, 0.6403874158859253, 0.6385872960090637, 0.6271522641181946, 0.6235058903694153, 0.6220046877861023, 0.6144629120826721, 0.6111106872558594, 0.6078961491584778, 0.6032717227935791, 0.5970758199691772, 0.5923917293548584, 0.5865956544876099, 0.564535915851593, 0.5626763105392456, 0.5577258467674255, 0.5553669333457947, 0.5454059839248657, 0.5450479388237, 0.538852870464325, 0.5286377668380737, 0.5075911283493042, 0.503881573677063, 0.48910999298095703, 0.4710061848163605, 0.4282359480857849]"
variant_F2,inner_val_44b6_t90_p03_crowded,inner_val,44b6_d29c9ab2,90,crowded,0.3,2,73,0,1,2,1.9313674316527836,1.9313674316527836,1.6750116604071745,1,1.9313674316527836,2,0.7532827258110046,"[[31.0, 23.0, 14.0], [28.0, 42.0, 57.0], [30.0, 41.0, 10.0], [31.0, 49.0, 28.0], [30.0, 59.0, 10.0], [24.0, 33.0, 32.0], [30.0, 3.0, 2.0], [18.0, 37.0, 15.0], [30.0, 51.0, 38.0], [5.0, 59.0, 60.0], [3.0, 43.0, 60.0], [2.0, 12.0, 60.0], [29.0, 61.0, 60.0], [30.0, 11.0, 42.0], [13.0, 60.0, 60.0], [2.0, 3.0, 12.0], [2.0, 47.0, 45.0], [24.0, 5.0, 60.0], [23.0, 61.0, 60.0], [20.0, 51.0, 60.0], [21.0, 57.0, 9.0], [10.0, 51.0, 33.0], [2.0, 12.0, 48.0], [25.0, 2.0, 53.0], [2.0, 3.0, 44.0], [2.0, 18.0, 12.0], [5.0, 55.0, 2.0], [26.0, 49.0, 34.0], [5.0, 2.0, 60.0], [3.0, 30.0, 42.0], [30.0, 11.0, 60.0], [24.0, 15.0, 2.0], [20.0, 31.0, 60.0], [5.0, 18.0, 2.0], [2.0, 29.0, 12.0], [22.0, 3.0, 20.0], [5.0, 25.0, 10.0], [3.0, 38.0, 2.0], [25.0, 59.0, 43.0], [12.0, 31.0, 41.0], [5.0, 39.0, 18.0], [20.0, 14.0, 30.0], [21.0, 45.0, 48.0], [26.0, 47.0, 1.0], [19.0, 1.0, 42.0], [6.0, 28.0, 54.0], [0.0, 59.0, 19.0], [9.0, 1.0, 48.0], [21.0, 32.0, 5.0], [21.0, 54.0, 33.0], [3.0, 62.0, 45.0], [13.0, 13.0, 27.0], [18.0, 1.0, 3.0], [19.0, 62.0, 21.0], [13.0, 5.0, 21.0], [16.0, 17.0, 55.0], [10.0, 56.0, 2.0], [18.0, 52.0, 14.0], [16.0, 45.0, 26.0], [24.0, 1.0, 34.0], [13.0, 15.0, 55.0], [10.0, 46.0, 2.0], [31.0, 29.0, 60.0], [13.0, 60.0, 15.0], [13.0, 59.0, 1.0], [27.0, 30.0, 45.0], [27.0, 21.0, 61.0], [7.0, 43.0, 48.0], [8.0, 29.0, 41.0], [16.0, 15.0, 28.0], [30.0, 1.0, 61.0], [14.0, 22.0, 30.0], [12.0, 27.0, 63.0]]","[0.8211572766304016, 0.8158711194992065, 0.8119258880615234, 0.8101692795753479, 0.8096724152565002, 0.807508647441864, 0.798478901386261, 0.7970947027206421, 0.7910839915275574, 0.79010009765625, 0.7896220684051514, 0.7865077257156372, 0.7767475843429565, 0.7726424336433411, 0.7682174444198608, 0.7583829164505005, 0.7551698684692383, 0.7533820271492004, 0.7445600628852844, 0.7443935871124268, 0.7422662973403931, 0.740568220615387, 0.7378199696540833, 0.7330666780471802, 0.732510507106781, 0.7261810302734375, 0.7228026390075684, 0.7227281332015991, 0.7219836115837097, 0.7216856479644775, 0.7206460237503052, 0.7206096649169922, 0.715746283531189, 0.7138657569885254, 0.7130151987075806, 0.7122883200645447, 0.7086094617843628, 0.7076299786567688, 0.7049301862716675, 0.6990568041801453, 0.6958476901054382, 0.6908503174781799, 0.6868873238563538, 0.6796760559082031, 0.6702944040298462, 0.6595486998558044, 0.6544146537780762, 0.651505708694458, 0.6496249437332153, 0.6361876130104065, 0.6311534643173218, 0.6309330463409424, 0.6282464265823364, 0.6230567693710327, 0.6143794655799866, 0.5980110168457031, 0.596771776676178, 0.5952243208885193, 0.5933159589767456, 0.5897619724273682, 0.5831242799758911, 0.5676554441452026, 0.5666792392730713, 0.5612133741378784, 0.5546559691429138, 0.5398353338241577, 0.5385496020317078, 0.5339293479919434, 0.5299229621887207, 0.5115168690681458, 0.4848116636276245, 0.4801503121852875, 0.42176690697669983]"
variant_F2,inner_val_44b6_t70_p04_crowded,inner_val,44b6_d29c9ab2,70,crowded,0.3,2,60,1,1,1,2.5012220388562794,2.5012220388562794,0.40625,1,0.40625,1,0.8401692807674408,"[[24.0, 32.0, 40.0], [4.0, 25.0, 23.0], [10.0, 14.0, 31.0], [3.0, 59.0, 60.0], [31.0, 59.0, 10.0], [31.0, 31.0, 12.0], [31.0, 11.0, 6.0], [6.0, 21.0, 60.0], [17.0, 27.0, 60.0], [30.0, 45.0, 60.0], [20.0, 37.0, 60.0], [30.0, 59.0, 60.0], [20.0, 59.0, 60.0], [30.0, 3.0, 26.0], [5.0, 41.0, 40.0], [14.0, 35.0, 60.0], [21.0, 52.0, 32.0], [21.0, 60.0, 28.0], [13.0, 29.0, 48.0], [3.0, 37.0, 21.0], [21.0, 47.0, 48.0], [25.0, 5.0, 45.0], [26.0, 47.0, 46.0], [0.0, 2.0, 48.0], [0.0, 3.0, 36.0], [2.0, 3.0, 60.0], [15.0, 51.0, 53.0], [23.0, 21.0, 52.0], [10.0, 16.0, 4.0], [7.0, 1.0, 2.0], [15.0, 11.0, 50.0], [14.0, 2.0, 42.0], [19.0, 1.0, 36.0], [15.0, 32.0, 4.0], [7.0, 40.0, 2.0], [11.0, 47.0, 5.0], [5.0, 27.0, 2.0], [2.0, 50.0, 2.0], [1.0, 42.0, 2.0], [7.0, 59.0, 5.0], [14.0, 7.0, 23.0], [17.0, 11.0, 5.0], [26.0, 9.0, 56.0], [4.0, 16.0, 12.0], [31.0, 17.0, 60.0], [9.0, 39.0, 61.0], [0.0, 44.0, 11.0], [10.0, 4.0, 20.0], [1.0, 59.0, 21.0], [22.0, 24.0, 20.0], [30.0, 1.0, 60.0], [0.0, 20.0, 11.0], [14.0, 44.0, 4.0], [22.0, 5.0, 5.0], [20.0, 35.0, 19.0], [15.0, 46.0, 14.0], [20.0, 48.0, 4.0], [29.0, 27.0, 61.0], [18.0, 15.0, 16.0], [15.0, 21.0, 16.0]]","[0.95924311876297, 0.8563643097877502, 0.8325532674789429, 0.8194188475608826, 0.804774820804596, 0.8001351356506348, 0.7954861521720886, 0.7864749431610107, 0.7677126526832581, 0.7667866349220276, 0.7651842832565308, 0.7532804012298584, 0.7530447244644165, 0.7474443316459656, 0.7452630400657654, 0.7424576878547668, 0.7423141598701477, 0.740290641784668, 0.7385473251342773, 0.7210954427719116, 0.7126099467277527, 0.710300624370575, 0.7086785435676575, 0.7033106088638306, 0.6967810988426208, 0.6940855383872986, 0.6927380561828613, 0.6927337646484375, 0.6758075952529907, 0.6677613854408264, 0.6636168360710144, 0.66361004114151, 0.6589358448982239, 0.6530128717422485, 0.6521719098091125, 0.6356809735298157, 0.6343237161636353, 0.6295877695083618, 0.625540554523468, 0.6227142810821533, 0.6179887056350708, 0.6130660176277161, 0.612899661064148, 0.6128301024436951, 0.6121419668197632, 0.6036418676376343, 0.6029295921325684, 0.5926486253738403, 0.5859516263008118, 0.5823966264724731, 0.5822128057479858, 0.5742479562759399, 0.5630850791931152, 0.5587744116783142, 0.5472515225410461, 0.546144962310791, 0.5346747040748596, 0.5238223671913147, 0.49841436743736267, 0.47763141989707947]"
variant_F2,inner_val_44b6_t90_p05_isolated,inner_val,44b6_d29c9ab2,90,isolated,0.3,1,73,1,1,1,0.40625,0.40625,0.40625,1,0.40625,1,0.8183836340904236,"[[4.0, 11.0, 29.0], [16.0, 11.0, 35.0], [4.0, 40.0, 45.0], [16.0, 32.0, 31.0], [6.0, 17.0, 60.0], [2.0, 2.0, 2.0], [29.0, 60.0, 10.0], [31.0, 59.0, 36.0], [30.0, 46.0, 2.0], [31.0, 59.0, 26.0], [9.0, 31.0, 17.0], [30.0, 33.0, 2.0], [29.0, 3.0, 2.0], [25.0, 3.0, 2.0], [29.0, 15.0, 2.0], [2.0, 2.0, 16.0], [31.0, 47.0, 24.0], [31.0, 17.0, 16.0], [25.0, 19.0, 2.0], [31.0, 37.0, 20.0], [31.0, 59.0, 60.0], [11.0, 9.0, 12.0], [11.0, 47.0, 29.0], [1.0, 3.0, 42.0], [2.0, 2.0, 56.0], [11.0, 59.0, 9.0], [1.0, 29.0, 12.0], [1.0, 50.0, 2.0], [11.0, 2.0, 47.0], [14.0, 36.0, 46.0], [24.0, 48.0, 40.0], [11.0, 2.0, 29.0], [19.0, 50.0, 2.0], [1.0, 32.0, 2.0], [16.0, 2.0, 28.0], [12.0, 1.0, 2.0], [1.0, 59.0, 60.0], [12.0, 9.0, 60.0], [17.0, 2.0, 2.0], [28.0, 21.0, 61.0], [12.0, 2.0, 60.0], [28.0, 39.0, 60.0], [8.0, 27.0, 6.0], [10.0, 44.0, 18.0], [10.0, 17.0, 42.0], [11.0, 60.0, 42.0], [2.0, 20.0, 42.0], [12.0, 40.0, 2.0], [13.0, 25.0, 12.0], [8.0, 28.0, 38.0], [22.0, 26.0, 61.0], [19.0, 59.0, 20.0], [19.0, 53.0, 38.0], [13.0, 21.0, 20.0], [16.0, 59.0, 40.0], [21.0, 6.0, 23.0], [16.0, 48.0, 11.0], [20.0, 35.0, 54.0], [2.0, 49.0, 20.0], [20.0, 28.0, 46.0], [22.0, 16.0, 52.0], [12.0, 15.0, 1.0], [12.0, 43.0, 60.0], [4.0, 58.0, 32.0], [6.0, 40.0, 59.0], [6.0, 47.0, 56.0], [9.0, 59.0, 21.0], [1.0, 62.0, 33.0], [19.0, 23.0, 18.0], [1.0, 25.0, 60.0], [6.0, 58.0, 18.0], [21.0, 0.0, 49.0], [21.0, 22.0, 26.0]]","[0.928051233291626, 0.9244694709777832, 0.889512300491333, 0.8183836340904236, 0.8011783957481384, 0.7943459749221802, 0.7942962646484375, 0.7896497249603271, 0.7876019477844238, 0.7865009307861328, 0.7858402132987976, 0.7806501388549805, 0.7779523730278015, 0.7774479985237122, 0.7743000984191895, 0.771486759185791, 0.7705825567245483, 0.7688407897949219, 0.7671620845794678, 0.7667543292045593, 0.7599298357963562, 0.7570713758468628, 0.7524480223655701, 0.7406129240989685, 0.7296609878540039, 0.7254323363304138, 0.7180774211883545, 0.717860758304596, 0.7153438329696655, 0.7087261080741882, 0.7060210704803467, 0.7053372859954834, 0.702544629573822, 0.701867938041687, 0.6989439725875854, 0.6951694488525391, 0.6916988492012024, 0.6899238228797913, 0.6882891654968262, 0.6867855787277222, 0.6854790449142456, 0.684045135974884, 0.6827782988548279, 0.6819465160369873, 0.6762632131576538, 0.6743730902671814, 0.6743641495704651, 0.6710278987884521, 0.6620218753814697, 0.6517258286476135, 0.6467673182487488, 0.6448994278907776, 0.6416488289833069, 0.6400854587554932, 0.6368447542190552, 0.6347705125808716, 0.633651852607727, 0.6216665506362915, 0.6195281147956848, 0.6141507029533386, 0.611648440361023, 0.6071487069129944, 0.6023980975151062, 0.5697842240333557, 0.5358604788780212, 0.529527485370636, 0.5282293558120728, 0.49740245938301086, 0.48431846499443054, 0.4702514111995697, 0.45834022760391235, 0.45705458521842957, 0.4313770532608032]"
variant_F2,inner_val_44b6_t75_p06_isolated,inner_val,44b6_d29c9ab2,75,isolated,0.3,1,79,1,1,1,0.0,0.0,0.0,1,0.0,1,0.7442603707313538,"[[28.0, 51.0, 35.0], [2.0, 32.0, 60.0], [2.0, 45.0, 32.0], [13.0, 21.0, 24.0], [14.0, 33.0, 45.0], [2.0, 27.0, 24.0], [2.0, 35.0, 2.0], [2.0, 49.0, 45.0], [2.0, 3.0, 28.0], [2.0, 3.0, 20.0], [2.0, 11.0, 28.0], [4.0, 33.0, 51.0], [3.0, 59.0, 14.0], [31.0, 31.0, 2.0], [31.0, 19.0, 10.0], [23.0, 60.0, 60.0], [3.0, 47.0, 14.0], [3.0, 59.0, 2.0], [1.0, 59.0, 48.0], [30.0, 43.0, 60.0], [0.0, 59.0, 60.0], [11.0, 41.0, 5.0], [23.0, 45.0, 48.0], [5.0, 7.0, 55.0], [12.0, 21.0, 4.0], [30.0, 60.0, 2.0], [21.0, 32.0, 32.0], [4.0, 2.0, 2.0], [10.0, 18.0, 42.0], [8.0, 32.0, 36.0], [31.0, 51.0, 2.0], [31.0, 2.0, 30.0], [19.0, 17.0, 60.0], [23.0, 59.0, 46.0], [13.0, 59.0, 13.0], [22.0, 39.0, 60.0], [20.0, 32.0, 60.0], [12.0, 14.0, 60.0], [9.0, 6.0, 2.0], [11.0, 2.0, 38.0], [30.0, 43.0, 26.0], [14.0, 53.0, 61.0], [26.0, 6.0, 50.0], [15.0, 2.0, 2.0], [10.0, 2.0, 59.0], [14.0, 26.0, 36.0], [18.0, 2.0, 2.0], [10.0, 9.0, 16.0], [0.0, 1.0, 60.0], [7.0, 45.0, 35.0], [15.0, 3.0, 24.0], [26.0, 11.0, 28.0], [12.0, 52.0, 2.0], [9.0, 18.0, 16.0], [17.0, 17.0, 3.0], [15.0, 37.0, 20.0], [18.0, 16.0, 39.0], [20.0, 13.0, 30.0], [8.0, 50.0, 60.0], [23.0, 1.0, 32.0], [11.0, 60.0, 37.0], [8.0, 53.0, 46.0], [24.0, 1.0, 5.0], [15.0, 1.0, 49.0], [21.0, 59.0, 20.0], [18.0, 1.0, 49.0], [11.0, 59.0, 60.0], [22.0, 32.0, 18.0], [17.0, 49.0, 26.0], [21.0, 46.0, 6.0], [16.0, 60.0, 27.0], [19.0, 60.0, 2.0], [28.0, 23.0, 52.0], [24.0, 39.0, 11.0], [28.0, 10.0, 63.0], [27.0, 55.0, 18.0], [26.0, 26.0, 28.0], [19.0, 5.0, 13.0], [23.0, 17.0, 48.0]]","[0.8345879316329956, 0.8183481097221375, 0.7940856218338013, 0.7913525700569153, 0.7866764664649963, 0.784688413143158, 0.7792397737503052, 0.7788770198822021, 0.7747328877449036, 0.7735518217086792, 0.7732719779014587, 0.7675915956497192, 0.7673357725143433, 0.7672315835952759, 0.7658408880233765, 0.7639157176017761, 0.7610141634941101, 0.7606723308563232, 0.757481575012207, 0.7569287419319153, 0.7558733224868774, 0.7553874850273132, 0.7553530931472778, 0.7535349726676941, 0.7533763647079468, 0.7447068691253662, 0.7442603707313538, 0.7422420978546143, 0.7378703355789185, 0.7368791103363037, 0.7361394166946411, 0.7330962419509888, 0.7313881516456604, 0.7303915619850159, 0.7295328378677368, 0.7213988900184631, 0.7213822603225708, 0.7197010517120361, 0.7166818380355835, 0.7133801579475403, 0.7121668457984924, 0.7058478593826294, 0.7040730714797974, 0.7040200233459473, 0.7003795504570007, 0.689861536026001, 0.686484158039093, 0.6830673217773438, 0.6829717755317688, 0.6815223693847656, 0.6803719401359558, 0.679351270198822, 0.6708791851997375, 0.6693994998931885, 0.6531791090965271, 0.6518542170524597, 0.6459936499595642, 0.6434119343757629, 0.6409586668014526, 0.6309458017349243, 0.6289447546005249, 0.6134570240974426, 0.6095729470252991, 0.6072162389755249, 0.6031192541122437, 0.5955699682235718, 0.5916902422904968, 0.5813025832176208, 0.5716949105262756, 0.5669932961463928, 0.5642498731613159, 0.5582600831985474, 0.5570035576820374, 0.547709584236145, 0.5386497974395752, 0.5314814448356628, 0.4942967891693115, 0.4929945468902588, 0.40656545758247375]"
variant_F2,inner_val_44b6_t70_p07_isolated,inner_val,44b6_d29c9ab2,70,isolated,0.3,1,65,1,1,1,0.8125,0.8125,0.8125,1,0.8125,1,0.9498996138572693,"[[16.0, 32.0, 30.0], [4.0, 51.0, 35.0], [4.0, 22.0, 44.0], [20.0, 57.0, 54.0], [2.0, 5.0, 40.0], [8.0, 3.0, 60.0], [18.0, 11.0, 36.0], [2.0, 47.0, 60.0], [7.0, 39.0, 16.0], [2.0, 18.0, 60.0], [18.0, 41.0, 38.0], [7.0, 7.0, 30.0], [1.0, 49.0, 50.0], [7.0, 13.0, 2.0], [7.0, 19.0, 28.0], [6.0, 23.0, 60.0], [1.0, 37.0, 16.0], [2.0, 36.0, 28.0], [8.0, 37.0, 34.0], [16.0, 21.0, 60.0], [7.0, 2.0, 2.0], [6.0, 29.0, 24.0], [14.0, 49.0, 60.0], [12.0, 25.0, 60.0], [15.0, 9.0, 22.0], [18.0, 50.0, 44.0], [1.0, 61.0, 26.0], [15.0, 53.0, 2.0], [19.0, 24.0, 56.0], [2.0, 2.0, 2.0], [19.0, 17.0, 2.0], [1.0, 59.0, 2.0], [14.0, 19.0, 2.0], [31.0, 55.0, 2.0], [23.0, 35.0, 2.0], [31.0, 42.0, 2.0], [23.0, 10.0, 2.0], [16.0, 39.0, 2.0], [1.0, 37.0, 2.0], [31.0, 2.0, 2.0], [19.0, 2.0, 2.0], [31.0, 29.0, 2.0], [14.0, 50.0, 18.0], [19.0, 46.0, 2.0], [3.0, 21.0, 14.0], [29.0, 17.0, 2.0], [23.0, 2.0, 20.0], [25.0, 46.0, 2.0], [5.0, 58.0, 2.0], [21.0, 23.0, 14.0], [7.0, 60.0, 52.0], [13.0, 59.0, 60.0], [27.0, 1.0, 10.0], [20.0, 13.0, 18.0], [16.0, 23.0, 22.0], [12.0, 1.0, 9.0], [15.0, 60.0, 28.0], [22.0, 1.0, 55.0], [4.0, 1.0, 19.0], [30.0, 47.0, 60.0], [30.0, 1.0, 60.0], [27.0, 55.0, 26.0], [26.0, 61.0, 59.0], [26.0, 10.0, 58.0], [30.0, 37.0, 49.0]]","[0.9498996138572693, 0.8702983260154724, 0.8436911106109619, 0.8380163311958313, 0.8353503346443176, 0.8178974986076355, 0.8135536909103394, 0.8085842728614807, 0.8014065027236938, 0.8000861406326294, 0.7967766523361206, 0.7895249724388123, 0.7885417938232422, 0.7882717847824097, 0.7852826714515686, 0.7653616666793823, 0.7639216184616089, 0.7603591680526733, 0.7563642263412476, 0.7550589442253113, 0.7546834945678711, 0.7521796822547913, 0.7489991784095764, 0.7462325692176819, 0.7453859448432922, 0.7423784732818604, 0.7421221733093262, 0.7364450097084045, 0.7360807657241821, 0.7327626943588257, 0.7305008769035339, 0.7183606624603271, 0.7180866003036499, 0.717783510684967, 0.7167569994926453, 0.7155336141586304, 0.7118096351623535, 0.7078127264976501, 0.706896185874939, 0.7032681107521057, 0.702309787273407, 0.7015237212181091, 0.7012552618980408, 0.7003434300422668, 0.6990907788276672, 0.6959841847419739, 0.6927514672279358, 0.6912233829498291, 0.6904090046882629, 0.6843557953834534, 0.6698907613754272, 0.6641097664833069, 0.6587810516357422, 0.6518053412437439, 0.6367689371109009, 0.6253352165222168, 0.6251511573791504, 0.5993995666503906, 0.595288097858429, 0.5757202506065369, 0.5693764090538025, 0.5547890663146973, 0.5449206829071045, 0.5384902358055115, 0.5083901882171631]"
variant_F2,inner_val_44b6_t70_p08_boundary,inner_val,44b6_d29c9ab2,70,boundary,0.3,1,65,1,1,1,0.40625,0.40625,0.40625,1,0.40625,1,0.7604925036430359,"[[10.0, 25.0, 24.0], [28.0, 29.0, 15.0], [22.0, 38.0, 5.0], [8.0, 15.0, 60.0], [8.0, 3.0, 60.0], [3.0, 59.0, 28.0], [1.0, 25.0, 4.0], [7.0, 60.0, 34.0], [7.0, 41.0, 60.0], [1.0, 49.0, 2.0], [2.0, 27.0, 30.0], [7.0, 51.0, 24.0], [19.0, 35.0, 12.0], [2.0, 47.0, 60.0], [3.0, 49.0, 20.0], [1.0, 47.0, 10.0], [5.0, 15.0, 14.0], [20.0, 22.0, 56.0], [0.0, 49.0, 48.0], [2.0, 3.0, 18.0], [2.0, 13.0, 16.0], [5.0, 35.0, 13.0], [17.0, 40.0, 52.0], [17.0, 19.0, 2.0], [8.0, 35.0, 44.0], [16.0, 11.0, 32.0], [7.0, 53.0, 2.0], [13.0, 55.0, 2.0], [31.0, 59.0, 7.0], [20.0, 9.0, 5.0], [3.0, 41.0, 35.0], [12.0, 2.0, 48.0], [24.0, 37.0, 60.0], [3.0, 5.0, 45.0], [6.0, 44.0, 2.0], [13.0, 31.0, 60.0], [31.0, 25.0, 2.0], [12.0, 38.0, 17.0], [31.0, 45.0, 29.0], [6.0, 1.0, 36.0], [16.0, 1.0, 20.0], [26.0, 45.0, 42.0], [26.0, 54.0, 54.0], [8.0, 35.0, 15.0], [31.0, 3.0, 22.0], [30.0, 44.0, 44.0], [30.0, 2.0, 2.0], [21.0, 62.0, 5.0], [18.0, 50.0, 50.0], [17.0, 51.0, 32.0], [26.0, 7.0, 38.0], [3.0, 23.0, 56.0], [30.0, 17.0, 50.0], [30.0, 4.0, 46.0], [22.0, 34.0, 30.0], [19.0, 59.0, 60.0], [25.0, 61.0, 40.0], [31.0, 39.0, 61.0], [30.0, 21.0, 61.0], [22.0, 19.0, 18.0], [24.0, 13.0, 53.0], [29.0, 55.0, 52.0], [25.0, 28.0, 32.0], [31.0, 1.0, 57.0], [27.0, 63.0, 63.0]]","[0.900010883808136, 0.8382163047790527, 0.8239471316337585, 0.8217923641204834, 0.8168458342552185, 0.8092342615127563, 0.8044723272323608, 0.801629900932312, 0.7984374761581421, 0.7981258630752563, 0.7961584329605103, 0.7929601669311523, 0.7879087924957275, 0.78428053855896, 0.7833272218704224, 0.7821111083030701, 0.7815951704978943, 0.7813318371772766, 0.7753785252571106, 0.7752367854118347, 0.7738895416259766, 0.7685633301734924, 0.7685579061508179, 0.7649094462394714, 0.7608343958854675, 0.7604925036430359, 0.7557865977287292, 0.7555766105651855, 0.7540164589881897, 0.7520312666893005, 0.7484337687492371, 0.746060848236084, 0.7414789795875549, 0.7404420971870422, 0.7389765977859497, 0.7357534170150757, 0.7304693460464478, 0.7241252064704895, 0.7134602069854736, 0.6951554417610168, 0.690530002117157, 0.6866811513900757, 0.6828709244728088, 0.6815804243087769, 0.6783605813980103, 0.6782712936401367, 0.6780340671539307, 0.6715446710586548, 0.6674538850784302, 0.6458814740180969, 0.6300750970840454, 0.6274849772453308, 0.6049551367759705, 0.6000844240188599, 0.5964068174362183, 0.5934014916419983, 0.5891210436820984, 0.5794349908828735, 0.5794247388839722, 0.5667605400085449, 0.5385951995849609, 0.5247204303741455, 0.5168526768684387, 0.4700654149055481, 0.41441819071769714]"
variant_F2,inner_val_44b6_t90_p09_zero_annotation,inner_val,44b6_d29c9ab2,90,zero_annotation,0.3,0,64,0,0,0,,,,0,,0,,"[[14.0, 41.0, 29.0], [20.0, 14.0, 50.0], [2.0, 3.0, 60.0], [3.0, 15.0, 60.0], [2.0, 39.0, 60.0], [2.0, 19.0, 48.0], [2.0, 61.0, 60.0], [12.0, 8.0, 32.0], [9.0, 59.0, 60.0], [5.0, 58.0, 7.0], [10.0, 19.0, 21.0], [5.0, 60.0, 42.0], [14.0, 51.0, 60.0], [16.0, 35.0, 60.0], [28.0, 43.0, 13.0], [19.0, 59.0, 60.0], [8.0, 49.0, 34.0], [19.0, 31.0, 60.0], [16.0, 1.0, 60.0], [5.0, 2.0, 2.0], [2.0, 2.0, 12.0], [17.0, 43.0, 50.0], [7.0, 39.0, 53.0], [10.0, 23.0, 57.0], [0.0, 22.0, 2.0], [26.0, 15.0, 60.0], [24.0, 36.0, 40.0], [29.0, 50.0, 45.0], [18.0, 2.0, 46.0], [18.0, 7.0, 7.0], [23.0, 24.0, 20.0], [30.0, 41.0, 38.0], [31.0, 58.0, 2.0], [31.0, 17.0, 45.0], [24.0, 48.0, 32.0], [19.0, 51.0, 2.0], [21.0, 1.0, 26.0], [29.0, 1.0, 60.0], [18.0, 26.0, 38.0], [31.0, 13.0, 60.0], [4.0, 24.0, 18.0], [28.0, 55.0, 18.0], [27.0, 45.0, 60.0], [20.0, 60.0, 18.0], [18.0, 45.0, 12.0], [12.0, 1.0, 20.0], [30.0, 36.0, 2.0], [23.0, 62.0, 1.0], [16.0, 31.0, 20.0], [14.0, 57.0, 6.0], [20.0, 53.0, 35.0], [29.0, 31.0, 31.0], [23.0, 32.0, 5.0], [30.0, 24.0, 18.0], [30.0, 7.0, 36.0], [9.0, 27.0, 1.0], [11.0, 60.0, 6.0], [28.0, 2.0, 20.0], [29.0, 1.0, 1.0], [3.0, 35.0, 16.0], [27.0, 1.0, 35.0], [31.0, 62.0, 55.0], [27.0, 17.0, 7.0], [22.0, 1.0, 1.0]]","[0.8811012506484985, 0.8718616962432861, 0.8625595569610596, 0.8554123640060425, 0.8405894637107849, 0.8359904885292053, 0.8311379551887512, 0.8278124928474426, 0.8225687742233276, 0.8200585842132568, 0.8184454441070557, 0.8173184394836426, 0.7986711859703064, 0.7865322828292847, 0.7857947945594788, 0.7816354036331177, 0.7570562958717346, 0.7555227279663086, 0.7533561587333679, 0.7469902634620667, 0.7466397285461426, 0.7430143356323242, 0.7421247363090515, 0.7419862151145935, 0.7272482514381409, 0.7153818607330322, 0.707846462726593, 0.7046664953231812, 0.7029834985733032, 0.6970474720001221, 0.6915683746337891, 0.6813534498214722, 0.6786763072013855, 0.6748429536819458, 0.6737343072891235, 0.6729942560195923, 0.6722220182418823, 0.6692937612533569, 0.6665482521057129, 0.6649864315986633, 0.6577123403549194, 0.6559115052223206, 0.6522372961044312, 0.6507726907730103, 0.6479324102401733, 0.6440828442573547, 0.6400115489959717, 0.6305744647979736, 0.6276045441627502, 0.626646101474762, 0.6180446147918701, 0.6160842180252075, 0.6112915873527527, 0.6083361506462097, 0.5992979407310486, 0.5867117643356323, 0.5736692547798157, 0.5618573427200317, 0.5557328462600708, 0.540627658367157, 0.5270423293113708, 0.525281548500061, 0.48697012662887573, 0.47977593541145325]"
variant_F2,inner_val_44b6_t70_p10_zero_annotation,inner_val,44b6_d29c9ab2,70,zero_annotation,0.3,0,73,0,0,0,,,,0,,0,,"[[30.0, 2.0, 2.0], [30.0, 30.0, 2.0], [30.0, 22.0, 2.0], [29.0, 61.0, 10.0], [30.0, 41.0, 2.0], [30.0, 12.0, 2.0], [30.0, 51.0, 2.0], [30.0, 41.0, 12.0], [29.0, 61.0, 24.0], [30.0, 31.0, 15.0], [29.0, 59.0, 36.0], [30.0, 47.0, 23.0], [30.0, 9.0, 15.0], [29.0, 60.0, 50.0], [30.0, 58.0, 60.0], [30.0, 3.0, 25.0], [31.0, 37.0, 60.0], [30.0, 17.0, 60.0], [31.0, 30.0, 60.0], [31.0, 17.0, 52.0], [30.0, 2.0, 60.0], [26.0, 49.0, 60.0], [26.0, 12.0, 60.0], [26.0, 41.0, 60.0], [26.0, 59.0, 60.0], [26.0, 28.0, 60.0], [24.0, 21.0, 48.0], [4.0, 10.0, 54.0], [22.0, 21.0, 24.0], [22.0, 43.0, 36.0], [24.0, 2.0, 19.0], [18.0, 27.0, 8.0], [18.0, 49.0, 15.0], [16.0, 46.0, 8.0], [12.0, 9.0, 55.0], [22.0, 2.0, 10.0], [12.0, 53.0, 8.0], [10.0, 35.0, 8.0], [18.0, 27.0, 47.0], [4.0, 8.0, 8.0], [15.0, 2.0, 1.0], [18.0, 61.0, 61.0], [3.0, 56.0, 53.0], [11.0, 12.0, 9.0], [10.0, 51.0, 24.0], [8.0, 9.0, 8.0], [4.0, 9.0, 31.0], [4.0, 9.0, 20.0], [8.0, 1.0, 2.0], [10.0, 56.0, 50.0], [8.0, 57.0, 34.0], [1.0, 58.0, 22.0], [1.0, 30.0, 54.0], [1.0, 58.0, 10.0], [1.0, 60.0, 32.0], [4.0, 26.0, 8.0], [3.0, 42.0, 54.0], [11.0, 8.0, 29.0], [4.0, 35.0, 46.0], [4.0, 27.0, 38.0], [4.0, 41.0, 39.0], [4.0, 23.0, 30.0], [13.0, 60.0, 61.0], [4.0, 22.0, 18.0], [2.0, 61.0, 63.0], [2.0, 40.0, 63.0], [11.0, 8.0, 18.0], [7.0, 45.0, 60.0], [7.0, 63.0, 63.0], [13.0, 25.0, 63.0], [10.0, 1.0, 20.0], [10.0, 39.0, 43.0], [12.0, 31.0, 54.0]]","[0.8042944669723511, 0.8026857376098633, 0.8010912537574768, 0.7993308305740356, 0.7991074323654175, 0.7989790439605713, 0.7979110479354858, 0.7959754467010498, 0.7940751314163208, 0.7901782989501953, 0.7888900637626648, 0.7828751802444458, 0.7814813852310181, 0.7712742686271667, 0.7712485194206238, 0.7646577954292297, 0.7624346613883972, 0.7565733194351196, 0.7541136741638184, 0.74961256980896, 0.7491478323936462, 0.7465261220932007, 0.7449347972869873, 0.7416396737098694, 0.739084780216217, 0.7366424798965454, 0.7233144640922546, 0.7112082242965698, 0.7067153453826904, 0.7044434547424316, 0.6985977292060852, 0.693943440914154, 0.6919074058532715, 0.6913605332374573, 0.6901109218597412, 0.6882249116897583, 0.6326857805252075, 0.6190387010574341, 0.5857767462730408, 0.5851401090621948, 0.579675555229187, 0.5374593734741211, 0.5303213000297546, 0.5170072317123413, 0.5165740847587585, 0.5134198069572449, 0.5021629929542542, 0.5021138191223145, 0.49480143189430237, 0.49020954966545105, 0.4794917106628418, 0.4716681241989136, 0.4642411470413208, 0.46354997158050537, 0.46135279536247253, 0.45892998576164246, 0.45191454887390137, 0.4387601912021637, 0.4378121495246887, 0.43765607476234436, 0.43005049228668213, 0.42865434288978577, 0.4214109480381012, 0.42035770416259766, 0.4155210554599762, 0.41365984082221985, 0.4110030233860016, 0.40939363837242126, 0.4075624942779541, 0.39882153272628784, 0.39447081089019775, 0.3939615786075592, 0.38869360089302063]"
variant_F2,held_out_val_6bba_t20_p01_crowded,held_out_val,6bba_43fea39d,20,crowded,0.3,3,64,0,1,1,3.757971005611724,3.8540258983302125,1.21875,1,1.21875,1,0.6364277005195618,"[[2.0, 3.0, 60.0], [29.0, 60.0, 60.0], [12.0, 3.0, 60.0], [16.0, 11.0, 28.0], [8.0, 3.0, 60.0], [26.0, 2.0, 60.0], [20.0, 3.0, 60.0], [5.0, 3.0, 60.0], [29.0, 3.0, 60.0], [19.0, 12.0, 12.0], [22.0, 3.0, 2.0], [17.0, 19.0, 2.0], [8.0, 3.0, 2.0], [2.0, 3.0, 2.0], [5.0, 11.0, 60.0], [16.0, 9.0, 42.0], [27.0, 2.0, 2.0], [15.0, 3.0, 2.0], [8.0, 3.0, 18.0], [27.0, 14.0, 2.0], [2.0, 3.0, 48.0], [2.0, 3.0, 10.0], [2.0, 3.0, 26.0], [22.0, 3.0, 46.0], [3.0, 10.0, 2.0], [22.0, 3.0, 20.0], [3.0, 25.0, 2.0], [3.0, 15.0, 30.0], [2.0, 25.0, 60.0], [29.0, 61.0, 38.0], [26.0, 2.0, 40.0], [29.0, 3.0, 32.0], [26.0, 3.0, 32.0], [29.0, 3.0, 46.0], [3.0, 19.0, 11.0], [3.0, 11.0, 40.0], [18.0, 38.0, 54.0], [1.0, 62.0, 44.0], [26.0, 49.0, 13.0], [15.0, 47.0, 2.0], [9.0, 54.0, 18.0], [24.0, 25.0, 32.0], [26.0, 38.0, 54.0], [29.0, 33.0, 37.0], [10.0, 29.0, 30.0], [18.0, 33.0, 27.0], [30.0, 48.0, 3.0], [6.0, 54.0, 48.0], [12.0, 61.0, 23.0], [24.0, 43.0, 40.0], [4.0, 45.0, 38.0], [12.0, 56.0, 35.0], [14.0, 52.0, 43.0], [30.0, 35.0, 17.0], [1.0, 50.0, 56.0], [5.0, 60.0, 6.0], [30.0, 48.0, 15.0], [19.0, 54.0, 26.0], [0.0, 61.0, 20.0], [6.0, 58.0, 34.0], [12.0, 61.0, 60.0], [4.0, 61.0, 60.0], [10.0, 44.0, 26.0], [16.0, 50.0, 63.0]]","[0.752856969833374, 0.74871426820755, 0.742516279220581, 0.7372756004333496, 0.7370039224624634, 0.7359585762023926, 0.7358880043029785, 0.7354264259338379, 0.7321923971176147, 0.7319852709770203, 0.7310929298400879, 0.7310253381729126, 0.7299507856369019, 0.7290937304496765, 0.7289711833000183, 0.7262423634529114, 0.7258259654045105, 0.7247319221496582, 0.7217216491699219, 0.7191925048828125, 0.7187177538871765, 0.7176451683044434, 0.7168340086936951, 0.7146803140640259, 0.7132169008255005, 0.7131513953208923, 0.7116976380348206, 0.7095781564712524, 0.7087821364402771, 0.7073245048522949, 0.7067325115203857, 0.7058429718017578, 0.7046856880187988, 0.7020914554595947, 0.6953813433647156, 0.694075882434845, 0.6798904538154602, 0.6736133098602295, 0.6733973026275635, 0.6706405282020569, 0.6556166410446167, 0.6443160176277161, 0.642829418182373, 0.6305679678916931, 0.5995303988456726, 0.5930563807487488, 0.5871723890304565, 0.5851927995681763, 0.5828575491905212, 0.5811575055122375, 0.5797519087791443, 0.547336220741272, 0.5403229594230652, 0.5180496573448181, 0.50356525182724, 0.5028617978096008, 0.49822551012039185, 0.48847895860671997, 0.45147019624710083, 0.4508587718009949, 0.4477057158946991, 0.43974927067756653, 0.40117692947387695, 0.3840909004211426]"
variant_F2,held_out_val_6bba_t35_p02_crowded,held_out_val,6bba_43fea39d,35,crowded,0.3,3,57,0,1,1,4.2105365065120735,3.2752922102462856,1.7235727791422095,1,1.7235727791422095,1,0.737435003121694,"[[2.0, 43.0, 17.0], [21.0, 59.0, 60.0], [2.0, 3.0, 60.0], [8.0, 3.0, 60.0], [12.0, 3.0, 60.0], [5.0, 3.0, 60.0], [6.0, 3.0, 2.0], [10.0, 3.0, 2.0], [2.0, 31.0, 60.0], [20.0, 3.0, 60.0], [31.0, 55.0, 42.0], [2.0, 3.0, 2.0], [5.0, 11.0, 60.0], [29.0, 59.0, 34.0], [14.0, 3.0, 44.0], [16.0, 2.0, 30.0], [20.0, 3.0, 2.0], [2.0, 3.0, 20.0], [29.0, 61.0, 60.0], [14.0, 2.0, 18.0], [2.0, 3.0, 48.0], [10.0, 3.0, 12.0], [8.0, 2.0, 48.0], [26.0, 3.0, 60.0], [8.0, 2.0, 24.0], [19.0, 13.0, 2.0], [30.0, 61.0, 2.0], [2.0, 26.0, 2.0], [30.0, 61.0, 11.0], [21.0, 3.0, 14.0], [2.0, 43.0, 48.0], [14.0, 40.0, 47.0], [22.0, 27.0, 60.0], [30.0, 8.0, 29.0], [23.0, 48.0, 2.0], [7.0, 49.0, 40.0], [22.0, 42.0, 46.0], [24.0, 33.0, 48.0], [30.0, 27.0, 56.0], [11.0, 54.0, 13.0], [27.0, 9.0, 24.0], [12.0, 49.0, 30.0], [2.0, 62.0, 45.0], [30.0, 21.0, 38.0], [23.0, 61.0, 8.0], [24.0, 23.0, 33.0], [1.0, 59.0, 2.0], [27.0, 38.0, 29.0], [14.0, 61.0, 30.0], [14.0, 54.0, 2.0], [24.0, 45.0, 16.0], [30.0, 27.0, 20.0], [6.0, 62.0, 61.0], [18.0, 55.0, 10.0], [12.0, 49.0, 61.0], [0.0, 57.0, 58.0], [17.0, 46.0, 10.0]]","[0.8152835369110107, 0.8127250075340271, 0.7714610695838928, 0.7665001153945923, 0.7660487294197083, 0.7647152543067932, 0.7625400424003601, 0.7603161931037903, 0.7601675987243652, 0.7601618766784668, 0.7595704793930054, 0.7579084634780884, 0.757442057132721, 0.7553760409355164, 0.7548673152923584, 0.7548502683639526, 0.7539458274841309, 0.7510219216346741, 0.7507186532020569, 0.7505414485931396, 0.7481391429901123, 0.7480318546295166, 0.7478542923927307, 0.7462693452835083, 0.7455641627311707, 0.7404118180274963, 0.7366907596588135, 0.7334662675857544, 0.7297104597091675, 0.7244172096252441, 0.7216673493385315, 0.7138326168060303, 0.7107560038566589, 0.6831888556480408, 0.6783074736595154, 0.6755334734916687, 0.6721121072769165, 0.6641690731048584, 0.662712812423706, 0.6544952392578125, 0.6146460175514221, 0.6129699349403381, 0.6128379702568054, 0.6039947867393494, 0.5997226238250732, 0.594353437423706, 0.5881359577178955, 0.5754318833351135, 0.5353559255599976, 0.5262439250946045, 0.5252120494842529, 0.523905336856842, 0.5227123498916626, 0.5071467161178589, 0.49275073409080505, 0.4864998459815979, 0.4350165128707886]"
variant_F2,held_out_val_6bba_t50_p03_crowded,held_out_val,6bba_43fea39d,50,crowded,0.3,2,64,0,0,1,3.3114695197277917,3.3114695197277917,,0,2.6012692214570947,1,0.6413963735103607,"[[27.0, 11.0, 12.0], [29.0, 3.0, 26.0], [12.0, 3.0, 2.0], [6.0, 3.0, 2.0], [5.0, 25.0, 28.0], [9.0, 23.0, 36.0], [5.0, 15.0, 36.0], [26.0, 3.0, 2.0], [30.0, 3.0, 2.0], [5.0, 3.0, 36.0], [21.0, 3.0, 2.0], [13.0, 51.0, 2.0], [8.0, 20.0, 2.0], [10.0, 3.0, 12.0], [7.0, 3.0, 48.0], [3.0, 35.0, 2.0], [8.0, 35.0, 2.0], [3.0, 3.0, 16.0], [3.0, 25.0, 2.0], [13.0, 27.0, 2.0], [25.0, 45.0, 2.0], [26.0, 19.0, 50.0], [16.0, 3.0, 14.0], [8.0, 46.0, 2.0], [2.0, 27.0, 57.0], [3.0, 27.0, 10.0], [9.0, 3.0, 60.0], [11.0, 38.0, 2.0], [8.0, 2.0, 22.0], [17.0, 35.0, 2.0], [5.0, 52.0, 2.0], [27.0, 59.0, 2.0], [8.0, 23.0, 60.0], [26.0, 2.0, 39.0], [2.0, 2.0, 60.0], [5.0, 47.0, 14.0], [8.0, 46.0, 12.0], [8.0, 61.0, 47.0], [8.0, 31.0, 48.0], [30.0, 1.0, 60.0], [29.0, 51.0, 42.0], [30.0, 41.0, 32.0], [26.0, 50.0, 42.0], [30.0, 35.0, 60.0], [29.0, 61.0, 60.0], [20.0, 50.0, 54.0], [20.0, 26.0, 42.0], [20.0, 22.0, 52.0], [4.0, 51.0, 46.0], [20.0, 61.0, 61.0], [15.0, 18.0, 46.0], [20.0, 62.0, 31.0], [16.0, 60.0, 50.0], [13.0, 44.0, 56.0], [11.0, 61.0, 61.0], [30.0, 62.0, 38.0], [12.0, 60.0, 53.0], [1.0, 62.0, 46.0], [6.0, 63.0, 63.0], [20.0, 28.0, 63.0], [5.0, 46.0, 63.0], [2.0, 46.0, 63.0], [23.0, 61.0, 38.0], [20.0, 44.0, 34.0]]","[0.7498906850814819, 0.7353851795196533, 0.7310592532157898, 0.7307875752449036, 0.7271091938018799, 0.7262162566184998, 0.7244986295700073, 0.7244532704353333, 0.7210521101951599, 0.7209925651550293, 0.720625102519989, 0.7200646996498108, 0.717854380607605, 0.716460645198822, 0.715781569480896, 0.7130542397499084, 0.710430920124054, 0.7098137736320496, 0.7096550464630127, 0.7082254886627197, 0.7075963020324707, 0.7071157693862915, 0.706906795501709, 0.7065553665161133, 0.7064640522003174, 0.7062865495681763, 0.7062608003616333, 0.7057579159736633, 0.7052056789398193, 0.704544723033905, 0.703790545463562, 0.702716052532196, 0.7016904950141907, 0.6987096667289734, 0.6977216601371765, 0.6974336504936218, 0.6914787292480469, 0.6733989119529724, 0.6635473370552063, 0.6602687835693359, 0.6518767476081848, 0.6428096294403076, 0.6192623972892761, 0.5980466604232788, 0.5973607301712036, 0.581959068775177, 0.576328694820404, 0.5677503347396851, 0.5485509037971497, 0.5406423211097717, 0.5045095682144165, 0.4935773015022278, 0.46429941058158875, 0.4584681987762451, 0.4484345018863678, 0.4299529790878296, 0.4159099757671356, 0.41417208313941956, 0.411109060049057, 0.4054263234138489, 0.4017591178417206, 0.4013034701347351, 0.393451988697052, 0.37453484535217285]"
variant_F2,held_out_val_6bba_t20_p04_crowded,held_out_val,6bba_43fea39d,20,crowded,0.3,2,72,0,1,1,4.628715671442825,4.628715671442825,1.9902104160113323,1,1.9902104160113323,1,0.544238343834877,"[[13.0, 39.0, 2.0], [7.0, 30.0, 2.0], [13.0, 17.0, 46.0], [22.0, 2.0, 2.0], [12.0, 3.0, 2.0], [5.0, 19.0, 2.0], [6.0, 3.0, 2.0], [13.0, 3.0, 60.0], [26.0, 3.0, 2.0], [30.0, 4.0, 2.0], [16.0, 3.0, 2.0], [5.0, 3.0, 30.0], [17.0, 2.0, 60.0], [2.0, 3.0, 2.0], [27.0, 28.0, 2.0], [5.0, 11.0, 34.0], [5.0, 3.0, 10.0], [21.0, 2.0, 60.0], [5.0, 15.0, 10.0], [5.0, 11.0, 22.0], [2.0, 2.0, 60.0], [27.0, 21.0, 2.0], [18.0, 15.0, 2.0], [21.0, 20.0, 2.0], [27.0, 39.0, 2.0], [14.0, 3.0, 24.0], [15.0, 19.0, 16.0], [17.0, 11.0, 60.0], [2.0, 23.0, 18.0], [27.0, 19.0, 16.0], [16.0, 2.0, 36.0], [19.0, 46.0, 2.0], [31.0, 15.0, 16.0], [2.0, 23.0, 10.0], [25.0, 3.0, 60.0], [2.0, 2.0, 48.0], [29.0, 3.0, 22.0], [22.0, 2.0, 24.0], [11.0, 3.0, 32.0], [23.0, 23.0, 16.0], [22.0, 3.0, 16.0], [19.0, 17.0, 22.0], [23.0, 3.0, 36.0], [25.0, 15.0, 42.0], [27.0, 18.0, 34.0], [27.0, 3.0, 52.0], [21.0, 31.0, 24.0], [29.0, 1.0, 44.0], [27.0, 35.0, 22.0], [2.0, 11.0, 42.0], [27.0, 39.0, 15.0], [27.0, 30.0, 49.0], [18.0, 38.0, 25.0], [30.0, 59.0, 43.0], [8.0, 52.0, 23.0], [12.0, 54.0, 48.0], [26.0, 52.0, 52.0], [8.0, 46.0, 46.0], [26.0, 56.0, 32.0], [30.0, 33.0, 60.0], [12.0, 61.0, 61.0], [29.0, 49.0, 61.0], [22.0, 62.0, 38.0], [4.0, 24.0, 60.0], [3.0, 54.0, 54.0], [24.0, 61.0, 63.0], [1.0, 60.0, 45.0], [18.0, 49.0, 43.0], [30.0, 61.0, 63.0], [22.0, 46.0, 63.0], [4.0, 42.0, 63.0], [1.0, 60.0, 4.0]]","[0.7271093726158142, 0.7256835699081421, 0.7184011340141296, 0.715083122253418, 0.7136702537536621, 0.7135481834411621, 0.7130443453788757, 0.7126954197883606, 0.7119870185852051, 0.7111996412277222, 0.710175096988678, 0.7087479829788208, 0.7071756720542908, 0.7065607905387878, 0.7059398293495178, 0.7051665782928467, 0.7038480043411255, 0.7036933302879333, 0.7025384306907654, 0.7023643851280212, 0.7018033266067505, 0.7004135847091675, 0.6984828114509583, 0.6975955963134766, 0.6969078779220581, 0.6965535283088684, 0.6959419250488281, 0.6931851506233215, 0.692926824092865, 0.6923940181732178, 0.6923441886901855, 0.6908689141273499, 0.6908067464828491, 0.6900206208229065, 0.6893847584724426, 0.6877661943435669, 0.6874143481254578, 0.6872031092643738, 0.6868072748184204, 0.6863792538642883, 0.6854271292686462, 0.6815577149391174, 0.67374587059021, 0.6724553108215332, 0.6717369556427002, 0.6703134179115295, 0.6696968674659729, 0.6690932512283325, 0.6680619716644287, 0.6654441952705383, 0.6585812568664551, 0.6298905611038208, 0.6291604042053223, 0.6238383650779724, 0.6154544353485107, 0.5436592102050781, 0.5290803909301758, 0.5218259692192078, 0.5196868777275085, 0.5101835131645203, 0.5041410326957703, 0.4898373782634735, 0.4786381423473358, 0.4730222523212433, 0.4724939167499542, 0.46513256430625916, 0.45714709162712097, 0.4277121126651764, 0.42026934027671814, 0.4013660252094269, 0.39804837107658386, 0.3807941973209381]"
variant_F2,held_out_val_6bba_t80_p05_isolated,held_out_val,6bba_43fea39d,80,isolated,0.3,1,57,0,0,0,5.138701197773616,5.138701197773616,,0,,0,0.8019325137138367,"[[20.0, 32.0, 28.0], [23.0, 23.0, 2.0], [14.0, 30.0, 38.0], [16.0, 9.0, 27.0], [15.0, 3.0, 2.0], [21.0, 15.0, 12.0], [3.0, 3.0, 2.0], [3.0, 25.0, 2.0], [2.0, 3.0, 60.0], [22.0, 26.0, 14.0], [5.0, 13.0, 2.0], [17.0, 3.0, 14.0], [22.0, 3.0, 2.0], [5.0, 3.0, 60.0], [8.0, 2.0, 10.0], [5.0, 3.0, 12.0], [27.0, 3.0, 2.0], [2.0, 3.0, 20.0], [5.0, 10.0, 60.0], [9.0, 3.0, 60.0], [5.0, 11.0, 14.0], [2.0, 3.0, 40.0], [6.0, 3.0, 24.0], [8.0, 54.0, 2.0], [10.0, 2.0, 24.0], [2.0, 40.0, 2.0], [5.0, 3.0, 50.0], [21.0, 60.0, 12.0], [16.0, 7.0, 42.0], [23.0, 3.0, 16.0], [21.0, 59.0, 2.0], [23.0, 59.0, 32.0], [2.0, 39.0, 10.0], [21.0, 2.0, 26.0], [17.0, 2.0, 60.0], [21.0, 2.0, 38.0], [26.0, 33.0, 60.0], [21.0, 51.0, 56.0], [29.0, 3.0, 60.0], [31.0, 11.0, 26.0], [29.0, 17.0, 60.0], [30.0, 33.0, 30.0], [30.0, 37.0, 23.0], [31.0, 30.0, 44.0], [31.0, 43.0, 48.0], [31.0, 19.0, 36.0], [29.0, 56.0, 29.0], [3.0, 59.0, 57.0], [11.0, 61.0, 38.0], [4.0, 62.0, 17.0], [1.0, 60.0, 3.0], [31.0, 59.0, 48.0], [9.0, 61.0, 60.0], [30.0, 51.0, 60.0], [8.0, 38.0, 56.0], [30.0, 63.0, 61.0], [27.0, 63.0, 63.0]]","[0.8019325137138367, 0.7575072646141052, 0.7466241717338562, 0.7390651106834412, 0.7340410351753235, 0.7307736277580261, 0.7291533350944519, 0.7286015152931213, 0.7274758815765381, 0.7252966165542603, 0.7245839834213257, 0.7220000624656677, 0.7215788960456848, 0.7193662524223328, 0.7187590599060059, 0.7186468243598938, 0.718395471572876, 0.7179768085479736, 0.7165082693099976, 0.7158692479133606, 0.7157049775123596, 0.7148368954658508, 0.7143496870994568, 0.7137399911880493, 0.7128334641456604, 0.7097645998001099, 0.7097262740135193, 0.7078113555908203, 0.706687867641449, 0.703494668006897, 0.7003974318504333, 0.6979283094406128, 0.6969544887542725, 0.6953612565994263, 0.693564772605896, 0.6884371638298035, 0.6781187057495117, 0.6778377294540405, 0.6724792122840881, 0.6702622175216675, 0.66889488697052, 0.648249626159668, 0.645221471786499, 0.6441755294799805, 0.6435970067977905, 0.6390471458435059, 0.6310286521911621, 0.5829243063926697, 0.5807586312294006, 0.575472354888916, 0.5675909519195557, 0.556232750415802, 0.535132884979248, 0.5265264511108398, 0.4663676917552948, 0.4366939663887024, 0.41000935435295105]"
variant_F2,held_out_val_6bba_t35_p06_isolated,held_out_val,6bba_43fea39d,35,isolated,0.3,1,54,0,0,1,2.9295104113144914,2.9295104113144914,,0,2.9295104113144914,1,0.49131396412849426,"[[22.0, 34.0, 6.0], [30.0, 35.0, 60.0], [27.0, 59.0, 60.0], [15.0, 45.0, 60.0], [27.0, 43.0, 60.0], [19.0, 45.0, 60.0], [5.0, 59.0, 60.0], [11.0, 59.0, 60.0], [5.0, 47.0, 60.0], [17.0, 59.0, 60.0], [27.0, 2.0, 2.0], [27.0, 60.0, 48.0], [21.0, 60.0, 38.0], [11.0, 49.0, 46.0], [5.0, 51.0, 50.0], [19.0, 53.0, 20.0], [2.0, 2.0, 60.0], [11.0, 59.0, 2.0], [11.0, 61.0, 50.0], [15.0, 59.0, 2.0], [3.0, 59.0, 2.0], [27.0, 61.0, 2.0], [5.0, 61.0, 20.0], [15.0, 2.0, 2.0], [7.0, 3.0, 60.0], [9.0, 61.0, 28.0], [31.0, 59.0, 10.0], [27.0, 47.0, 38.0], [24.0, 2.0, 60.0], [29.0, 2.0, 50.0], [2.0, 2.0, 48.0], [13.0, 2.0, 60.0], [31.0, 3.0, 60.0], [26.0, 10.0, 24.0], [5.0, 2.0, 47.0], [9.0, 3.0, 46.0], [18.0, 2.0, 48.0], [29.0, 2.0, 30.0], [7.0, 12.0, 18.0], [20.0, 26.0, 46.0], [2.0, 2.0, 2.0], [10.0, 16.0, 22.0], [4.0, 32.0, 34.0], [0.0, 12.0, 2.0], [3.0, 30.0, 41.0], [30.0, 29.0, 5.0], [4.0, 31.0, 10.0], [16.0, 37.0, 2.0], [15.0, 34.0, 12.0], [11.0, 37.0, 4.0], [31.0, 27.0, 33.0], [10.0, 32.0, 26.0], [28.0, 29.0, 19.0], [20.0, 25.0, 60.0]]","[0.7886143922805786, 0.7794285416603088, 0.76859450340271, 0.7676119804382324, 0.7657849788665771, 0.7641558647155762, 0.7626532316207886, 0.7623034119606018, 0.759586751461029, 0.7574308514595032, 0.7551109194755554, 0.7549141645431519, 0.7496236562728882, 0.7490992546081543, 0.7480611205101013, 0.7468363642692566, 0.7442486882209778, 0.7423019409179688, 0.7416563630104065, 0.7390611171722412, 0.738074779510498, 0.7380108833312988, 0.7312570214271545, 0.7310494184494019, 0.7301816940307617, 0.7248628735542297, 0.7231734395027161, 0.7224925756454468, 0.7220334410667419, 0.7162765264511108, 0.7125718593597412, 0.7125594019889832, 0.7115708589553833, 0.7009808421134949, 0.696304440498352, 0.6951109766960144, 0.6950253248214722, 0.6885096430778503, 0.6840554475784302, 0.6795539855957031, 0.6707668304443359, 0.6684775948524475, 0.6509247422218323, 0.6483442187309265, 0.6453462243080139, 0.5963279008865356, 0.5679301619529724, 0.556369960308075, 0.5539610981941223, 0.5340090990066528, 0.5226437449455261, 0.49131396412849426, 0.48152557015419006, 0.434065580368042]"
variant_F2,held_out_val_6bba_t35_p07_isolated,held_out_val,6bba_43fea39d,35,isolated,0.3,1,58,0,0,0,3.5648292823780494,3.5648292823780494,,0,,0,0.611792802810669,"[[30.0, 41.0, 41.0], [29.0, 58.0, 60.0], [26.0, 42.0, 41.0], [17.0, 61.0, 60.0], [2.0, 3.0, 60.0], [5.0, 3.0, 60.0], [17.0, 15.0, 14.0], [5.0, 3.0, 2.0], [13.0, 11.0, 10.0], [15.0, 21.0, 2.0], [5.0, 19.0, 2.0], [17.0, 3.0, 60.0], [27.0, 11.0, 2.0], [29.0, 3.0, 2.0], [11.0, 3.0, 2.0], [15.0, 3.0, 2.0], [11.0, 3.0, 60.0], [13.0, 3.0, 14.0], [25.0, 3.0, 60.0], [21.0, 3.0, 2.0], [16.0, 9.0, 42.0], [18.0, 3.0, 2.0], [2.0, 2.0, 16.0], [29.0, 3.0, 22.0], [22.0, 2.0, 20.0], [31.0, 23.0, 10.0], [17.0, 15.0, 60.0], [13.0, 49.0, 2.0], [31.0, 3.0, 32.0], [2.0, 2.0, 36.0], [22.0, 52.0, 5.0], [31.0, 7.0, 40.0], [21.0, 2.0, 44.0], [21.0, 3.0, 51.0], [3.0, 11.0, 40.0], [24.0, 2.0, 44.0], [7.0, 38.0, 2.0], [24.0, 25.0, 60.0], [24.0, 23.0, 48.0], [14.0, 30.0, 37.0], [31.0, 61.0, 22.0], [14.0, 34.0, 29.0], [30.0, 53.0, 2.0], [10.0, 46.0, 46.0], [1.0, 35.0, 28.0], [26.0, 61.0, 20.0], [4.0, 26.0, 30.0], [2.0, 46.0, 40.0], [24.0, 23.0, 30.0], [9.0, 58.0, 18.0], [1.0, 52.0, 17.0], [12.0, 46.0, 30.0], [1.0, 60.0, 14.0], [17.0, 61.0, 24.0], [4.0, 62.0, 14.0], [19.0, 62.0, 6.0], [15.0, 45.0, 40.0], [1.0, 63.0, 41.0]]","[0.8552833795547485, 0.7876805663108826, 0.7650229930877686, 0.7626596093177795, 0.7524383664131165, 0.7486035823822021, 0.7459291219711304, 0.744708240032196, 0.7442309260368347, 0.7441337704658508, 0.7434073090553284, 0.7426484227180481, 0.7422850131988525, 0.7413705587387085, 0.7384167909622192, 0.7356338500976562, 0.7350271940231323, 0.7344481945037842, 0.7339968681335449, 0.7312221527099609, 0.7310735583305359, 0.7309355139732361, 0.7264896631240845, 0.7256765365600586, 0.725097119808197, 0.7204797267913818, 0.7203021049499512, 0.7145815491676331, 0.7140164375305176, 0.7138805389404297, 0.7083165049552917, 0.7077032327651978, 0.7042356133460999, 0.7032839059829712, 0.7029916644096375, 0.700831413269043, 0.6978400945663452, 0.6781668663024902, 0.6541580557823181, 0.6361933946609497, 0.6289430260658264, 0.611792802810669, 0.6058087348937988, 0.6023805141448975, 0.5987851023674011, 0.5947133898735046, 0.5780865550041199, 0.5675187110900879, 0.5633448958396912, 0.5531224012374878, 0.5328313112258911, 0.5279673337936401, 0.5244496464729309, 0.5231916308403015, 0.5132378935813904, 0.5105552077293396, 0.4910786747932434, 0.4246392846107483]"
variant_F2,held_out_val_6bba_t80_p08_isolated,held_out_val,6bba_43fea39d,80,isolated,0.3,1,74,0,0,0,3.471001521535247,3.471001521535247,,0,,0,0.6205182671546936,"[[23.0, 25.0, 2.0], [19.0, 19.0, 2.0], [2.0, 3.0, 60.0], [18.0, 11.0, 30.0], [21.0, 15.0, 12.0], [17.0, 3.0, 2.0], [13.0, 3.0, 2.0], [8.0, 3.0, 2.0], [2.0, 3.0, 2.0], [30.0, 39.0, 47.0], [12.0, 3.0, 60.0], [2.0, 2.0, 18.0], [2.0, 16.0, 60.0], [22.0, 3.0, 2.0], [30.0, 53.0, 45.0], [9.0, 3.0, 60.0], [2.0, 3.0, 42.0], [18.0, 2.0, 60.0], [10.0, 2.0, 16.0], [21.0, 3.0, 60.0], [3.0, 19.0, 2.0], [29.0, 2.0, 2.0], [27.0, 19.0, 16.0], [24.0, 21.0, 27.0], [29.0, 3.0, 60.0], [25.0, 3.0, 60.0], [27.0, 14.0, 2.0], [24.0, 41.0, 56.0], [27.0, 3.0, 50.0], [31.0, 23.0, 26.0], [26.0, 3.0, 14.0], [29.0, 3.0, 30.0], [29.0, 2.0, 16.0], [2.0, 36.0, 12.0], [1.0, 33.0, 24.0], [23.0, 3.0, 50.0], [18.0, 33.0, 2.0], [3.0, 59.0, 2.0], [31.0, 11.0, 32.0], [31.0, 15.0, 16.0], [1.0, 26.0, 38.0], [15.0, 59.0, 2.0], [24.0, 46.0, 38.0], [3.0, 42.0, 2.0], [31.0, 11.0, 50.0], [1.0, 35.0, 34.0], [26.0, 54.0, 36.0], [25.0, 15.0, 60.0], [3.0, 52.0, 2.0], [0.0, 47.0, 42.0], [2.0, 41.0, 49.0], [3.0, 51.0, 17.0], [24.0, 62.0, 47.0], [26.0, 47.0, 18.0], [14.0, 32.0, 35.0], [16.0, 30.0, 46.0], [18.0, 30.0, 39.0], [10.0, 34.0, 26.0], [18.0, 52.0, 28.0], [25.0, 61.0, 3.0], [31.0, 61.0, 62.0], [12.0, 60.0, 57.0], [22.0, 60.0, 59.0], [24.0, 53.0, 60.0], [6.0, 58.0, 54.0], [3.0, 60.0, 60.0], [30.0, 48.0, 60.0], [15.0, 45.0, 52.0], [11.0, 60.0, 45.0], [14.0, 48.0, 61.0], [13.0, 49.0, 40.0], [30.0, 63.0, 44.0], [19.0, 63.0, 63.0], [10.0, 35.0, 60.0]]","[0.7638682126998901, 0.7613720893859863, 0.7512305974960327, 0.7476781010627747, 0.7334139943122864, 0.7303894758224487, 0.7296586036682129, 0.7277305722236633, 0.7248265743255615, 0.7245175242424011, 0.7237017154693604, 0.7227998971939087, 0.7225959300994873, 0.7200967073440552, 0.7199476957321167, 0.7196583151817322, 0.7185966372489929, 0.7122353315353394, 0.7111150622367859, 0.7085922360420227, 0.7080315351486206, 0.7075537443161011, 0.7074030637741089, 0.7068038582801819, 0.7048973441123962, 0.7029513716697693, 0.702695369720459, 0.6979696154594421, 0.6967120170593262, 0.6955217719078064, 0.6954987049102783, 0.6943605542182922, 0.6927351355552673, 0.6921262145042419, 0.6918719410896301, 0.6885907053947449, 0.6876882314682007, 0.6865975260734558, 0.6837242245674133, 0.6833744049072266, 0.6827520728111267, 0.6820536851882935, 0.6797849535942078, 0.6785237193107605, 0.6777324080467224, 0.6776044964790344, 0.6760737299919128, 0.6751123070716858, 0.674736738204956, 0.6721605658531189, 0.6672207713127136, 0.6615127921104431, 0.654214084148407, 0.6470715403556824, 0.6205182671546936, 0.5992161631584167, 0.5942638516426086, 0.5763552784919739, 0.5457552075386047, 0.5453687310218811, 0.5386885404586792, 0.5145620703697205, 0.4633999168872833, 0.4582805931568146, 0.44589659571647644, 0.4380858540534973, 0.43558037281036377, 0.431021511554718, 0.4296351671218872, 0.42756956815719604, 0.42572247982025146, 0.4206354320049286, 0.3901708126068115, 0.38365158438682556]"
variant_F2,held_out_val_6bba_t20_p09_boundary,held_out_val,6bba_43fea39d,20,boundary,0.3,1,107,1,1,1,0.40625,0.40625,0.40625,1,0.40625,1,0.5983318090438843,"[[2.0, 3.0, 2.0], [2.0, 2.0, 12.0], [2.0, 3.0, 24.0], [26.0, 2.0, 2.0], [6.0, 9.0, 8.0], [2.0, 3.0, 60.0], [12.0, 2.0, 2.0], [2.0, 14.0, 2.0], [5.0, 30.0, 2.0], [11.0, 21.0, 2.0], [29.0, 14.0, 2.0], [16.0, 9.0, 10.0], [2.0, 14.0, 40.0], [9.0, 3.0, 60.0], [26.0, 11.0, 2.0], [18.0, 2.0, 2.0], [12.0, 2.0, 12.0], [8.0, 23.0, 12.0], [2.0, 2.0, 44.0], [8.0, 13.0, 30.0], [8.0, 3.0, 20.0], [8.0, 1.0, 44.0], [12.0, 29.0, 2.0], [5.0, 25.0, 16.0], [14.0, 18.0, 2.0], [5.0, 35.0, 10.0], [5.0, 13.0, 22.0], [2.0, 18.0, 60.0], [5.0, 14.0, 30.0], [2.0, 23.0, 18.0], [5.0, 49.0, 2.0], [14.0, 1.0, 60.0], [7.0, 9.0, 52.0], [5.0, 1.0, 44.0], [5.0, 23.0, 60.0], [2.0, 37.0, 2.0], [9.0, 29.0, 22.0], [29.0, 24.0, 2.0], [5.0, 38.0, 2.0], [5.0, 21.0, 46.0], [29.0, 2.0, 30.0], [13.0, 48.0, 2.0], [31.0, 3.0, 4.0], [2.0, 11.0, 32.0], [5.0, 13.0, 41.0], [31.0, 11.0, 10.0], [22.0, 2.0, 19.0], [27.0, 39.0, 2.0], [13.0, 23.0, 42.0], [17.0, 13.0, 36.0], [15.0, 9.0, 26.0], [23.0, 19.0, 10.0], [13.0, 23.0, 22.0], [20.0, 14.0, 2.0], [27.0, 2.0, 23.0], [13.0, 23.0, 14.0], [13.0, 47.0, 12.0], [5.0, 33.0, 34.0], [11.0, 59.0, 2.0], [25.0, 31.0, 12.0], [23.0, 23.0, 2.0], [21.0, 31.0, 2.0], [2.0, 33.0, 22.0], [13.0, 31.0, 33.0], [13.0, 2.0, 50.0], [3.0, 59.0, 2.0], [17.0, 1.0, 42.0], [17.0, 37.0, 21.0], [17.0, 13.0, 60.0], [25.0, 2.0, 44.0], [18.0, 1.0, 26.0], [19.0, 27.0, 24.0], [21.0, 1.0, 60.0], [23.0, 1.0, 32.0], [27.0, 55.0, 4.0], [19.0, 39.0, 32.0], [10.0, 48.0, 22.0], [17.0, 45.0, 53.0], [12.0, 35.0, 44.0], [18.0, 48.0, 44.0], [30.0, 31.0, 54.0], [18.0, 52.0, 36.0], [30.0, 15.0, 39.0], [22.0, 47.0, 33.0], [14.0, 62.0, 54.0], [30.0, 57.0, 18.0], [13.0, 58.0, 46.0], [14.0, 61.0, 63.0], [24.0, 31.0, 44.0], [4.0, 54.0, 54.0], [29.0, 42.0, 63.0], [26.0, 55.0, 34.0], [27.0, 45.0, 56.0], [4.0, 49.0, 44.0], [30.0, 13.0, 58.0], [30.0, 60.0, 31.0], [4.0, 45.0, 54.0], [25.0, 33.0, 54.0], [28.0, 58.0, 63.0], [30.0, 51.0, 46.0], [24.0, 61.0, 63.0], [27.0, 60.0, 51.0], [24.0, 60.0, 54.0], [27.0, 30.0, 63.0], [31.0, 60.0, 55.0], [19.0, 52.0, 63.0], [0.0, 63.0, 51.0]]","[0.7521430850028992, 0.7448199391365051, 0.7433689832687378, 0.741541862487793, 0.7412123084068298, 0.7409700751304626, 0.7380223274230957, 0.7330806851387024, 0.7263860106468201, 0.7213265299797058, 0.7211278080940247, 0.71954745054245, 0.7190604209899902, 0.7170853614807129, 0.7167051434516907, 0.7163074612617493, 0.7155333161354065, 0.7144118547439575, 0.714206337928772, 0.7126078605651855, 0.7123031616210938, 0.7120370268821716, 0.7109372615814209, 0.7099853754043579, 0.7097667455673218, 0.7096490263938904, 0.7081775665283203, 0.7078357338905334, 0.7076753377914429, 0.7076080441474915, 0.7059535384178162, 0.7044476270675659, 0.7043722867965698, 0.7033571004867554, 0.7032177448272705, 0.7030488848686218, 0.7017183899879456, 0.7016096711158752, 0.7008038759231567, 0.6997732520103455, 0.6994491219520569, 0.6992654204368591, 0.6988857388496399, 0.6977116465568542, 0.6965550184249878, 0.696478009223938, 0.6964325308799744, 0.6943115592002869, 0.6942124366760254, 0.6939760446548462, 0.693173885345459, 0.6900449991226196, 0.6891396641731262, 0.6891114115715027, 0.6889453530311584, 0.6880712509155273, 0.6873401403427124, 0.6857621669769287, 0.6853420734405518, 0.6852331161499023, 0.6851900219917297, 0.6851577758789062, 0.6847711801528931, 0.68280428647995, 0.6825848817825317, 0.6819676756858826, 0.6798864006996155, 0.6778598427772522, 0.6776010990142822, 0.6771857738494873, 0.6654921770095825, 0.662765622138977, 0.6601141691207886, 0.6557693481445312, 0.6431918740272522, 0.6409737467765808, 0.630459725856781, 0.6218588948249817, 0.6111499667167664, 0.5997450947761536, 0.5983318090438843, 0.5969555377960205, 0.5724326372146606, 0.5710859894752502, 0.5507009029388428, 0.5465555787086487, 0.535510778427124, 0.5296276807785034, 0.5263063907623291, 0.5148820877075195, 0.5046988725662231, 0.5044090747833252, 0.49160200357437134, 0.49107810854911804, 0.47928887605667114, 0.4629998803138733, 0.44753482937812805, 0.44358205795288086, 0.4366857707500458, 0.4363221228122711, 0.4310248792171478, 0.4286925494670868, 0.4241161048412323, 0.4095194637775421, 0.3916694223880768, 0.37991979718208313, 0.3512631356716156]"
variant_F2,held_out_val_6bba_t50_p10_boundary,held_out_val,6bba_43fea39d,50,boundary,0.3,1,73,0,0,0,3.72334275215162,3.72334275215162,,0,,0,0.8397517800331116,"[[26.0, 30.0, 36.0], [30.0, 28.0, 39.0], [2.0, 3.0, 26.0], [2.0, 3.0, 18.0], [2.0, 3.0, 10.0], [2.0, 3.0, 60.0], [16.0, 2.0, 2.0], [6.0, 2.0, 2.0], [2.0, 3.0, 38.0], [10.0, 3.0, 2.0], [2.0, 11.0, 20.0], [6.0, 3.0, 60.0], [2.0, 22.0, 2.0], [6.0, 3.0, 16.0], [18.0, 3.0, 14.0], [2.0, 14.0, 2.0], [3.0, 57.0, 2.0], [29.0, 14.0, 2.0], [27.0, 3.0, 2.0], [2.0, 25.0, 26.0], [2.0, 15.0, 60.0], [2.0, 23.0, 14.0], [11.0, 17.0, 2.0], [16.0, 10.0, 2.0], [2.0, 35.0, 14.0], [8.0, 14.0, 2.0], [3.0, 34.0, 2.0], [2.0, 14.0, 40.0], [7.0, 23.0, 2.0], [13.0, 30.0, 2.0], [6.0, 3.0, 38.0], [13.0, 21.0, 30.0], [11.0, 3.0, 60.0], [2.0, 50.0, 2.0], [13.0, 42.0, 2.0], [6.0, 15.0, 18.0], [13.0, 21.0, 10.0], [16.0, 2.0, 60.0], [26.0, 2.0, 28.0], [9.0, 43.0, 2.0], [5.0, 35.0, 10.0], [5.0, 18.0, 60.0], [13.0, 53.0, 2.0], [20.0, 2.0, 60.0], [13.0, 60.0, 2.0], [2.0, 53.0, 10.0], [2.0, 27.0, 48.0], [17.0, 2.0, 46.0], [15.0, 11.0, 11.0], [9.0, 53.0, 2.0], [5.0, 15.0, 46.0], [15.0, 3.0, 37.0], [9.0, 15.0, 47.0], [15.0, 17.0, 50.0], [7.0, 58.0, 10.0], [7.0, 32.0, 36.0], [13.0, 49.0, 20.0], [19.0, 11.0, 60.0], [13.0, 48.0, 27.0], [22.0, 2.0, 48.0], [11.0, 21.0, 60.0], [11.0, 39.0, 38.0], [13.0, 45.0, 46.0], [26.0, 36.0, 2.0], [22.0, 42.0, 2.0], [30.0, 41.0, 60.0], [30.0, 56.0, 24.0], [30.0, 59.0, 61.0], [29.0, 59.0, 2.0], [24.0, 56.0, 50.0], [30.0, 48.0, 51.0], [31.0, 26.0, 63.0], [21.0, 60.0, 28.0]]","[0.8397517800331116, 0.836269199848175, 0.7019503116607666, 0.7006964683532715, 0.6975919008255005, 0.6962300539016724, 0.6942958831787109, 0.6889879703521729, 0.6878117322921753, 0.6864533424377441, 0.6836031675338745, 0.6831490397453308, 0.6824909448623657, 0.6823038458824158, 0.6822077035903931, 0.6821818947792053, 0.682174563407898, 0.6810540556907654, 0.680820643901825, 0.6800594329833984, 0.6793370246887207, 0.6778523921966553, 0.6778237223625183, 0.6778073906898499, 0.6776701807975769, 0.6764605045318604, 0.6760391592979431, 0.6758761405944824, 0.675773024559021, 0.6749233603477478, 0.6729270219802856, 0.6682671904563904, 0.6648553013801575, 0.6643511652946472, 0.6640418171882629, 0.6635871529579163, 0.661329984664917, 0.6597555875778198, 0.6591004729270935, 0.6589511036872864, 0.6569594740867615, 0.6565651297569275, 0.6561945080757141, 0.6559139490127563, 0.6558929681777954, 0.6545616388320923, 0.6520726084709167, 0.6509987115859985, 0.6496453285217285, 0.6486802101135254, 0.6481451392173767, 0.6473672389984131, 0.6457541584968567, 0.642826497554779, 0.6423802971839905, 0.637718141078949, 0.6321882009506226, 0.6312567591667175, 0.6249671578407288, 0.6229062080383301, 0.6211155652999878, 0.6197034120559692, 0.6018235683441162, 0.5753374099731445, 0.5584548711776733, 0.5245122313499451, 0.5169338583946228, 0.4925176501274109, 0.48997265100479126, 0.48283225297927856, 0.4590385854244232, 0.4155450463294983, 0.38090914487838745]"
variant_F2,held_out_val_6bba_t35_p11_zero_annotation,held_out_val,6bba_43fea39d,35,zero_annotation,0.3,0,132,0,0,0,,,,0,,0,,"[[12.0, 1.0, 17.0], [23.0, 1.0, 52.0], [11.0, 1.0, 48.0], [26.0, 7.0, 6.0], [5.0, 16.0, 33.0], [19.0, 1.0, 24.0], [4.0, 28.0, 12.0], [16.0, 19.0, 16.0], [17.0, 13.0, 28.0], [18.0, 1.0, 2.0], [12.0, 15.0, 9.0], [10.0, 1.0, 2.0], [4.0, 2.0, 14.0], [8.0, 1.0, 18.0], [18.0, 1.0, 48.0], [20.0, 13.0, 2.0], [16.0, 1.0, 34.0], [17.0, 9.0, 46.0], [4.0, 1.0, 2.0], [12.0, 11.0, 53.0], [2.0, 2.0, 22.0], [6.0, 32.0, 30.0], [10.0, 15.0, 60.0], [26.0, 1.0, 16.0], [6.0, 13.0, 52.0], [22.0, 1.0, 28.0], [20.0, 1.0, 60.0], [16.0, 1.0, 12.0], [16.0, 16.0, 50.0], [6.0, 9.0, 2.0], [22.0, 1.0, 16.0], [14.0, 12.0, 43.0], [14.0, 1.0, 60.0], [9.0, 14.0, 50.0], [4.0, 18.0, 2.0], [2.0, 15.0, 30.0], [5.0, 8.0, 22.0], [18.0, 21.0, 2.0], [5.0, 1.0, 35.0], [22.0, 14.0, 51.0], [7.0, 26.0, 15.0], [22.0, 11.0, 23.0], [25.0, 8.0, 30.0], [6.0, 1.0, 60.0], [19.0, 27.0, 14.0], [1.0, 23.0, 24.0], [22.0, 21.0, 32.0], [28.0, 1.0, 52.0], [14.0, 39.0, 22.0], [9.0, 13.0, 38.0], [6.0, 16.0, 10.0], [4.0, 18.0, 60.0], [23.0, 21.0, 7.0], [2.0, 19.0, 16.0], [2.0, 29.0, 48.0], [2.0, 21.0, 42.0], [12.0, 27.0, 22.0], [11.0, 26.0, 48.0], [14.0, 28.0, 49.0], [30.0, 1.0, 42.0], [13.0, 41.0, 2.0], [5.0, 29.0, 43.0], [17.0, 30.0, 1.0], [24.0, 21.0, 42.0], [11.0, 22.0, 32.0], [10.0, 41.0, 23.0], [14.0, 43.0, 40.0], [16.0, 40.0, 10.0], [2.0, 52.0, 2.0], [4.0, 43.0, 12.0], [7.0, 39.0, 22.0], [14.0, 38.0, 60.0], [8.0, 33.0, 51.0], [28.0, 9.0, 36.0], [8.0, 44.0, 32.0], [14.0, 52.0, 42.0], [4.0, 39.0, 1.0], [29.0, 15.0, 24.0], [7.0, 43.0, 1.0], [0.0, 19.0, 52.0], [23.0, 32.0, 6.0], [7.0, 49.0, 16.0], [0.0, 42.0, 22.0], [20.0, 41.0, 9.0], [5.0, 42.0, 49.0], [31.0, 9.0, 42.0], [29.0, 22.0, 6.0], [22.0, 37.0, 62.0], [5.0, 40.0, 60.0], [17.0, 49.0, 1.0], [31.0, 31.0, 1.0], [11.0, 57.0, 41.0], [25.0, 25.0, 62.0], [12.0, 56.0, 13.0], [29.0, 20.0, 44.0], [9.0, 57.0, 15.0], [0.0, 47.0, 34.0], [10.0, 50.0, 45.0], [30.0, 27.0, 59.0], [3.0, 48.0, 40.0], [3.0, 58.0, 12.0], [0.0, 43.0, 52.0], [17.0, 49.0, 61.0], [19.0, 58.0, 9.0], [5.0, 58.0, 41.0], [12.0, 54.0, 24.0], [17.0, 57.0, 52.0], [5.0, 58.0, 25.0], [15.0, 60.0, 21.0], [12.0, 47.0, 63.0], [9.0, 57.0, 52.0], [30.0, 36.0, 63.0], [29.0, 57.0, 8.0], [1.0, 46.0, 63.0], [2.0, 55.0, 48.0], [15.0, 58.0, 33.0], [25.0, 58.0, 9.0], [30.0, 49.0, 8.0], [26.0, 52.0, 1.0], [21.0, 59.0, 33.0], [30.0, 55.0, 42.0], [9.0, 56.0, 63.0], [22.0, 52.0, 16.0], [31.0, 61.0, 63.0], [30.0, 52.0, 56.0], [19.0, 62.0, 23.0], [6.0, 60.0, 63.0], [1.0, 57.0, 63.0], [30.0, 55.0, 26.0], [20.0, 56.0, 63.0], [26.0, 55.0, 28.0], [25.0, 61.0, 44.0]]","[0.9379246830940247, 0.9194773435592651, 0.9130432605743408, 0.9116696715354919, 0.9108679890632629, 0.9104960560798645, 0.909407377243042, 0.8991020917892456, 0.896873950958252, 0.8961184024810791, 0.8947610855102539, 0.8921952247619629, 0.8921403288841248, 0.8892616629600525, 0.8876816034317017, 0.885530948638916, 0.8849292397499084, 0.883904218673706, 0.8813143372535706, 0.8777948021888733, 0.8770318627357483, 0.8752154111862183, 0.8736661076545715, 0.8725559711456299, 0.8719468116760254, 0.8707983493804932, 0.8703311085700989, 0.8703071475028992, 0.8701832294464111, 0.8687713742256165, 0.868229866027832, 0.8673086762428284, 0.8607674241065979, 0.8604487776756287, 0.8596159815788269, 0.856577455997467, 0.856194019317627, 0.8555367588996887, 0.8547383546829224, 0.8543875217437744, 0.8511893153190613, 0.8511320948600769, 0.8505005836486816, 0.8490110039710999, 0.8466501235961914, 0.845059335231781, 0.8401393890380859, 0.8380549550056458, 0.8365465998649597, 0.8362714648246765, 0.8354313373565674, 0.8279610872268677, 0.8268476724624634, 0.8214633464813232, 0.8208487629890442, 0.8174880743026733, 0.8151044249534607, 0.8135707974433899, 0.8127774596214294, 0.8126559257507324, 0.812481701374054, 0.8054171204566956, 0.8040419816970825, 0.8002450466156006, 0.7991323471069336, 0.7955753207206726, 0.794407069683075, 0.7920055389404297, 0.7859790325164795, 0.7838989496231079, 0.783453106880188, 0.7796299457550049, 0.7789581418037415, 0.7764496207237244, 0.7712487578392029, 0.7685225605964661, 0.7656142115592957, 0.7644568085670471, 0.7573864459991455, 0.756245493888855, 0.7539466023445129, 0.7458508610725403, 0.7456533908843994, 0.7362373471260071, 0.7297884821891785, 0.7246350646018982, 0.7100407481193542, 0.7015088796615601, 0.6886290907859802, 0.6871108412742615, 0.6862215995788574, 0.6808600425720215, 0.6796885132789612, 0.6686717867851257, 0.6622369289398193, 0.6537943482398987, 0.6524105072021484, 0.6433458924293518, 0.639011025428772, 0.6336930990219116, 0.6327778100967407, 0.6258110404014587, 0.611849844455719, 0.6101576089859009, 0.6097198724746704, 0.6089154481887817, 0.6047919392585754, 0.5906853675842285, 0.5828774571418762, 0.5811303853988647, 0.5565921664237976, 0.5537039637565613, 0.5499698519706726, 0.5390467047691345, 0.5345206260681152, 0.5285430550575256, 0.5274856090545654, 0.526940643787384, 0.5155608654022217, 0.5126229524612427, 0.4917771518230438, 0.48630017042160034, 0.4824225902557373, 0.4738839864730835, 0.46908238530158997, 0.46653443574905396, 0.45985475182533264, 0.45613181591033936, 0.4483627676963806, 0.43910759687423706, 0.43396690487861633, 0.4043739438056946]"
variant_F2,held_out_val_6bba_t65_p12_zero_annotation,held_out_val,6bba_43fea39d,65,zero_annotation,0.3,0,109,0,0,0,,,,0,,0,,"[[17.0, 59.0, 60.0], [3.0, 59.0, 60.0], [12.0, 61.0, 60.0], [3.0, 61.0, 50.0], [19.0, 59.0, 40.0], [17.0, 60.0, 51.0], [23.0, 58.0, 41.0], [20.0, 37.0, 48.0], [24.0, 60.0, 50.0], [20.0, 41.0, 40.0], [20.0, 50.0, 60.0], [2.0, 57.0, 16.0], [2.0, 48.0, 8.0], [27.0, 58.0, 41.0], [14.0, 39.0, 42.0], [25.0, 59.0, 59.0], [9.0, 58.0, 60.0], [4.0, 57.0, 2.0], [24.0, 50.0, 60.0], [14.0, 32.0, 60.0], [26.0, 60.0, 31.0], [18.0, 59.0, 12.0], [14.0, 36.0, 50.0], [20.0, 47.0, 23.0], [24.0, 47.0, 49.0], [29.0, 61.0, 50.0], [3.0, 59.0, 32.0], [16.0, 47.0, 32.0], [18.0, 60.0, 2.0], [31.0, 60.0, 60.0], [6.0, 61.0, 32.0], [12.0, 61.0, 12.0], [19.0, 61.0, 22.0], [24.0, 61.0, 23.0], [13.0, 59.0, 32.0], [22.0, 37.0, 61.0], [16.0, 25.0, 51.0], [11.0, 59.0, 39.0], [16.0, 31.0, 40.0], [18.0, 38.0, 32.0], [24.0, 51.0, 28.0], [2.0, 44.0, 48.0], [16.0, 50.0, 10.0], [6.0, 58.0, 12.0], [14.0, 60.0, 2.0], [11.0, 61.0, 2.0], [28.0, 58.0, 2.0], [25.0, 58.0, 10.0], [16.0, 8.0, 8.0], [30.0, 61.0, 22.0], [20.0, 23.0, 34.0], [30.0, 45.0, 53.0], [0.0, 33.0, 61.0], [30.0, 8.0, 60.0], [8.0, 53.0, 23.0], [29.0, 42.0, 24.0], [27.0, 50.0, 22.0], [31.0, 59.0, 12.0], [18.0, 14.0, 50.0], [22.0, 8.0, 61.0], [26.0, 30.0, 22.0], [29.0, 46.0, 8.0], [22.0, 7.0, 9.0], [8.0, 9.0, 9.0], [16.0, 35.0, 15.0], [9.0, 39.0, 49.0], [6.0, 8.0, 60.0], [20.0, 21.0, 20.0], [25.0, 41.0, 1.0], [10.0, 8.0, 60.0], [24.0, 7.0, 16.0], [30.0, 32.0, 22.0], [30.0, 35.0, 7.0], [29.0, 31.0, 32.0], [14.0, 15.0, 61.0], [30.0, 21.0, 32.0], [22.0, 7.0, 40.0], [18.0, 8.0, 39.0], [7.0, 23.0, 61.0], [24.0, 34.0, 10.0], [22.0, 8.0, 32.0], [30.0, 26.0, 42.0], [14.0, 7.0, 62.0], [25.0, 23.0, 9.0], [6.0, 38.0, 33.0], [4.0, 8.0, 35.0], [10.0, 9.0, 17.0], [26.0, 7.0, 1.0], [30.0, 9.0, 8.0], [8.0, 8.0, 39.0], [1.0, 9.0, 9.0], [30.0, 12.0, 50.0], [8.0, 9.0, 32.0], [9.0, 19.0, 8.0], [4.0, 1.0, 1.0], [13.0, 1.0, 51.0], [8.0, 0.0, 0.0], [12.0, 20.0, 8.0], [26.0, 1.0, 31.0], [6.0, 31.0, 22.0], [9.0, 25.0, 34.0], [2.0, 25.0, 40.0], [12.0, 28.0, 1.0], [2.0, 25.0, 10.0], [2.0, 30.0, 21.0], [1.0, 23.0, 1.0], [6.0, 17.0, 20.0], [4.0, 24.0, 31.0], [0.0, 0.0, 49.0]]","[0.8960849642753601, 0.889001190662384, 0.8887838125228882, 0.8802071213722229, 0.8780325651168823, 0.8774059414863586, 0.8679013252258301, 0.8590291142463684, 0.8589469194412231, 0.8552412390708923, 0.8528168201446533, 0.852813184261322, 0.8443824052810669, 0.8436532616615295, 0.8411794900894165, 0.8392218351364136, 0.8341181874275208, 0.8330140113830566, 0.829209566116333, 0.8282058238983154, 0.8278666734695435, 0.827764630317688, 0.8261645436286926, 0.826046347618103, 0.8254418969154358, 0.8234735131263733, 0.8228123188018799, 0.8192899227142334, 0.8183669447898865, 0.8152105808258057, 0.8148807287216187, 0.8135013580322266, 0.8103242516517639, 0.8010133504867554, 0.8003243207931519, 0.7990121245384216, 0.797433614730835, 0.7964297533035278, 0.7947094440460205, 0.7940858006477356, 0.7923962473869324, 0.79123854637146, 0.7874798774719238, 0.7870008945465088, 0.7821639776229858, 0.7811394333839417, 0.7769642472267151, 0.7707034349441528, 0.7576079368591309, 0.7524173259735107, 0.7504384517669678, 0.7499788403511047, 0.7488651871681213, 0.7450554370880127, 0.7402044534683228, 0.739336371421814, 0.7340917587280273, 0.7338448166847229, 0.7306851148605347, 0.7288575768470764, 0.7270714640617371, 0.7176500558853149, 0.7120868563652039, 0.7113314270973206, 0.7106461524963379, 0.6952579021453857, 0.67685467004776, 0.6676532626152039, 0.6657305359840393, 0.664026141166687, 0.659537136554718, 0.6586909294128418, 0.652401864528656, 0.6512175798416138, 0.6509986519813538, 0.6509982347488403, 0.6505725979804993, 0.639051616191864, 0.6388403177261353, 0.6303542852401733, 0.6222493648529053, 0.6164441704750061, 0.609386682510376, 0.5999515652656555, 0.5985968112945557, 0.5925079584121704, 0.5857108235359192, 0.5770942568778992, 0.5734056234359741, 0.5571157336235046, 0.5450648069381714, 0.5400896072387695, 0.5178205370903015, 0.5111569166183472, 0.502000093460083, 0.48743873834609985, 0.48174044489860535, 0.4710327982902527, 0.4654180407524109, 0.46309998631477356, 0.46258342266082764, 0.45779183506965637, 0.4566807448863983, 0.4506400525569916, 0.44634804129600525, 0.44272592663764954, 0.4372442066669464, 0.4256359040737152, 0.40392717719078064]"
variant_F3,train_6bba_t15_p01_crowded,train,6bba_bb9f20c3,15,crowded,0.3,2,22,0,0,1,2.653271105123143,2.653271105123143,,0,2.03125,1,0.6594025194644928,"[[6.0, 25.0, 40.0], [18.0, 48.0, 24.0], [8.0, 47.0, 32.0], [19.0, 60.0, 4.0], [2.0, 9.0, 8.0], [10.0, 25.0, 46.0], [16.0, 22.0, 19.0], [12.0, 5.0, 47.0], [8.0, 46.0, 6.0], [2.0, 6.0, 46.0], [6.0, 8.0, 63.0], [13.0, 57.0, 10.0], [17.0, 61.0, 55.0], [12.0, 17.0, 18.0], [2.0, 51.0, 55.0], [3.0, 59.0, 33.0], [18.0, 1.0, 15.0], [21.0, 19.0, 31.0], [5.0, 62.0, 8.0], [9.0, 9.0, 8.0], [9.0, 62.0, 45.0], [1.0, 45.0, 3.0]]","[0.7449984550476074, 0.7241414189338684, 0.6809180378913879, 0.6791771054267883, 0.6529276371002197, 0.6488339304924011, 0.6461688280105591, 0.6378870010375977, 0.6256828904151917, 0.5992512702941895, 0.5984260439872742, 0.5761618614196777, 0.575996994972229, 0.5748603343963623, 0.5668940544128418, 0.5367327332496643, 0.5346145629882812, 0.5303369164466858, 0.4858438968658447, 0.4858093559741974, 0.4108516573905945, 0.3996131718158722]"
variant_F3,train_6bba_t35_p02_crowded,train,6bba_bb9f20c3,35,crowded,0.3,2,18,0,1,2,1.809201937299739,1.809201937299739,1.284675299443404,1,1.809201937299739,2,0.5090034902095795,"[[14.0, 8.0, 39.0], [10.0, 36.0, 54.0], [10.0, 50.0, 25.0], [12.0, 14.0, 63.0], [18.0, 51.0, 50.0], [18.0, 30.0, 35.0], [14.0, 17.0, 14.0], [9.0, 62.0, 8.0], [20.0, 4.0, 57.0], [24.0, 4.0, 4.0], [23.0, 23.0, 5.0], [9.0, 31.0, 28.0], [15.0, 59.0, 6.0], [9.0, 58.0, 44.0], [13.0, 60.0, 63.0], [6.0, 52.0, 63.0], [4.0, 10.0, 53.0], [2.0, 25.0, 54.0]]","[0.7111803889274597, 0.7066671252250671, 0.7051670551300049, 0.6910321712493896, 0.6806160807609558, 0.6773712038993835, 0.67236328125, 0.6175464987754822, 0.615154504776001, 0.5788304805755615, 0.5401691198348999, 0.5122495889663696, 0.5057573914527893, 0.502845287322998, 0.49805447459220886, 0.4773050844669342, 0.33833184838294983, 0.30393198132514954]"
variant_F3,train_6bba_t40_p03_crowded,train,6bba_bb9f20c3,40,crowded,0.3,2,19,0,1,2,1.6451133386985344,1.6451133386985344,1.21875,1,1.6451133386985344,2,0.5877270102500916,"[[10.0, 29.0, 56.0], [15.0, 60.0, 48.0], [10.0, 38.0, 34.0], [16.0, 32.0, 35.0], [14.0, 30.0, 56.0], [24.0, 33.0, 4.0], [24.0, 14.0, 13.0], [27.0, 49.0, 31.0], [23.0, 54.0, 7.0], [22.0, 21.0, 35.0], [16.0, 1.0, 38.0], [16.0, 1.0, 11.0], [20.0, 18.0, 3.0], [19.0, 3.0, 36.0], [25.0, 6.0, 33.0], [9.0, 62.0, 19.0], [5.0, 62.0, 48.0], [12.0, 14.0, 23.0], [5.0, 62.0, 9.0]]","[0.7339459657669067, 0.7099697589874268, 0.6619101166725159, 0.6400192975997925, 0.6230296492576599, 0.5962673425674438, 0.5619223117828369, 0.5428917407989502, 0.5354347229003906, 0.5131768584251404, 0.4772835671901703, 0.45458361506462097, 0.4510507583618164, 0.4385974705219269, 0.4237133264541626, 0.3937029242515564, 0.3827767074108124, 0.36191102862358093, 0.3399508595466614]"
variant_F3,train_6bba_t45_p04_crowded,train,6bba_bb9f20c3,45,crowded,0.3,3,19,0,2,2,3.0072870327393457,1.86167137607581,1.8392383038971944,2,1.8392383038971944,2,0.6089953184127808,"[[24.0, 11.0, 42.0], [24.0, 23.0, 14.0], [23.0, 60.0, 15.0], [23.0, 60.0, 6.0], [10.0, 48.0, 53.0], [15.0, 60.0, 44.0], [16.0, 22.0, 50.0], [20.0, 6.0, 58.0], [20.0, 26.0, 6.0], [16.0, 38.0, 17.0], [16.0, 1.0, 63.0], [14.0, 5.0, 49.0], [23.0, 50.0, 63.0], [13.0, 62.0, 6.0], [22.0, 38.0, 33.0], [16.0, 48.0, 63.0], [15.0, 31.0, 34.0], [21.0, 62.0, 48.0], [21.0, 1.0, 30.0]]","[0.7174504399299622, 0.704967200756073, 0.680966854095459, 0.6620476841926575, 0.6542431116104126, 0.6251264214515686, 0.6238389611244202, 0.6091047525405884, 0.5977041721343994, 0.5947916507720947, 0.5890909433364868, 0.5867440104484558, 0.5541041493415833, 0.5472727417945862, 0.5263216495513916, 0.5262744426727295, 0.5221801400184631, 0.4455888867378235, 0.40459853410720825]"
variant_F3,train_6bba_t55_p05_crowded,train,6bba_bb9f20c3,55,crowded,0.3,2,18,1,2,2,1.1247679600606222,1.1247679600606222,1.1247679600606222,2,1.1247679600606222,2,0.6285617649555206,"[[4.0, 33.0, 31.0], [4.0, 14.0, 56.0], [2.0, 41.0, 56.0], [16.0, 11.0, 22.0], [2.0, 8.0, 36.0], [8.0, 38.0, 50.0], [8.0, 14.0, 15.0], [17.0, 6.0, 10.0], [8.0, 50.0, 22.0], [2.0, 34.0, 12.0], [13.0, 43.0, 4.0], [5.0, 62.0, 63.0], [5.0, 62.0, 37.0], [8.0, 31.0, 20.0], [5.0, 59.0, 24.0], [7.0, 1.0, 29.0], [5.0, 61.0, 4.0], [7.0, 31.0, 4.0]]","[0.7524677515029907, 0.7061957120895386, 0.6809222102165222, 0.651999831199646, 0.5659364461898804, 0.5540419220924377, 0.5530877113342285, 0.5046557784080505, 0.5016893744468689, 0.48696306347846985, 0.4761907756328583, 0.46963661909103394, 0.4457269012928009, 0.44275611639022827, 0.43115052580833435, 0.4261776804924011, 0.3995171785354614, 0.3557380139827728]"
variant_F3,train_6bba_t55_p06_crowded,train,6bba_bb9f20c3,55,crowded,0.3,3,24,1,2,2,2.181543016173251,1.1490485194281397,1.0287255676437146,2,1.0287255676437146,2,0.6146596272786459,"[[16.0, 30.0, 34.0], [16.0, 50.0, 52.0], [12.0, 18.0, 42.0], [24.0, 30.0, 16.0], [26.0, 51.0, 26.0], [11.0, 58.0, 33.0], [8.0, 50.0, 59.0], [7.0, 59.0, 59.0], [16.0, 16.0, 63.0], [24.0, 6.0, 46.0], [7.0, 26.0, 60.0], [26.0, 19.0, 17.0], [18.0, 25.0, 4.0], [17.0, 4.0, 7.0], [12.0, 41.0, 4.0], [19.0, 60.0, 28.0], [19.0, 55.0, 4.0], [23.0, 11.0, 4.0], [13.0, 1.0, 62.0], [24.0, 1.0, 21.0], [30.0, 62.0, 4.0], [13.0, 60.0, 63.0], [26.0, 50.0, 3.0], [31.0, 33.0, 4.0]]","[0.6871652007102966, 0.6780388951301575, 0.670446515083313, 0.6579827070236206, 0.608051061630249, 0.5991849899291992, 0.5771663784980774, 0.5697669386863708, 0.5637019872665405, 0.5566345453262329, 0.5461647510528564, 0.5362845063209534, 0.5314826965332031, 0.5177371501922607, 0.5169677734375, 0.49883097410202026, 0.489147812128067, 0.44621679186820984, 0.4406760036945343, 0.425540566444397, 0.4113599956035614, 0.4086374342441559, 0.31928327679634094, 0.31772080063819885]"
variant_F3,train_6bba_t15_p07_crowded,train,6bba_bb9f20c3,15,crowded,0.3,3,27,2,2,2,2.340712213063677,0.5745242597140698,0.5745242597140698,2,0.5745242597140698,2,0.5627141694227854,"[[22.0, 27.0, 32.0], [14.0, 10.0, 4.0], [10.0, 6.0, 54.0], [5.0, 60.0, 50.0], [14.0, 37.0, 55.0], [8.0, 37.0, 56.0], [28.0, 25.0, 8.0], [13.0, 60.0, 63.0], [15.0, 61.0, 43.0], [12.0, 38.0, 18.0], [21.0, 55.0, 38.0], [27.0, 61.0, 33.0], [18.0, 4.0, 46.0], [23.0, 45.0, 52.0], [16.0, 22.0, 48.0], [7.0, 19.0, 37.0], [14.0, 43.0, 5.0], [22.0, 40.0, 4.0], [9.0, 31.0, 33.0], [9.0, 61.0, 29.0], [13.0, 61.0, 24.0], [13.0, 1.0, 28.0], [27.0, 1.0, 4.0], [29.0, 45.0, 4.0], [9.0, 62.0, 6.0], [28.0, 51.0, 42.0], [17.0, 62.0, 10.0]]","[0.6814782023429871, 0.6712046265602112, 0.6457624435424805, 0.6214882135391235, 0.5999633073806763, 0.5615656971931458, 0.5484908223152161, 0.5403467416763306, 0.5390376448631287, 0.5387171506881714, 0.5365645885467529, 0.5312548279762268, 0.519683301448822, 0.5146971344947815, 0.5074368715286255, 0.49745649099349976, 0.49269527196884155, 0.4757537841796875, 0.4684470593929291, 0.45417520403862, 0.4030283987522125, 0.3980882465839386, 0.3976251184940338, 0.3886980712413788, 0.38049033284187317, 0.3770331144332886, 0.35515421628952026]"
variant_F3,train_6bba_t25_p08_crowded,train,6bba_bb9f20c3,25,crowded,0.3,4,29,3,4,4,0.8529569788256735,0.8604513079296447,0.8529569788256735,4,0.8529569788256735,4,0.5571763142943382,"[[22.0, 50.0, 22.0], [6.0, 39.0, 27.0], [6.0, 6.0, 50.0], [13.0, 60.0, 28.0], [19.0, 60.0, 36.0], [20.0, 16.0, 49.0], [16.0, 10.0, 14.0], [20.0, 11.0, 20.0], [11.0, 61.0, 59.0], [12.0, 11.0, 12.0], [14.0, 31.0, 20.0], [10.0, 34.0, 50.0], [2.0, 46.0, 58.0], [6.0, 30.0, 58.0], [24.0, 33.0, 33.0], [27.0, 28.0, 6.0], [31.0, 53.0, 7.0], [12.0, 1.0, 41.0], [7.0, 4.0, 30.0], [16.0, 33.0, 5.0], [10.0, 51.0, 4.0], [5.0, 62.0, 24.0], [29.0, 12.0, 8.0], [15.0, 27.0, 43.0], [17.0, 51.0, 16.0], [1.0, 60.0, 36.0], [17.0, 36.0, 63.0], [10.0, 44.0, 63.0], [17.0, 1.0, 37.0]]","[0.6969331502914429, 0.6757122874259949, 0.6485961675643921, 0.6437607407569885, 0.6402560472488403, 0.6058856248855591, 0.5858820080757141, 0.5855648517608643, 0.5829030275344849, 0.5655608177185059, 0.5636996030807495, 0.5413865447044373, 0.5402880311012268, 0.5338677167892456, 0.5324537754058838, 0.5068850517272949, 0.5000346302986145, 0.484389066696167, 0.47248443961143494, 0.46149781346321106, 0.45899131894111633, 0.4563150703907013, 0.4299718141555786, 0.42632439732551575, 0.4213339388370514, 0.4149259626865387, 0.40631166100502014, 0.3536343276500702, 0.35214245319366455]"
variant_F3,train_6bba_t10_p09_crowded,train,6bba_bb9f20c3,10,crowded,0.3,2,16,0,0,0,3.994339487636595,3.994339487636595,,0,,0,0.602704793214798,"[[4.0, 13.0, 55.0], [2.0, 30.0, 30.0], [6.0, 51.0, 56.0], [6.0, 39.0, 6.0], [14.0, 22.0, 39.0], [3.0, 58.0, 49.0], [3.0, 58.0, 6.0], [10.0, 35.0, 12.0], [9.0, 13.0, 13.0], [9.0, 61.0, 17.0], [8.0, 27.0, 58.0], [18.0, 30.0, 24.0], [1.0, 28.0, 63.0], [9.0, 1.0, 36.0], [17.0, 20.0, 3.0], [14.0, 1.0, 34.0]]","[0.7650721669197083, 0.7408428192138672, 0.7192326784133911, 0.6989849805831909, 0.687992513179779, 0.6846368908882141, 0.6821423768997192, 0.6736770868301392, 0.5758168697357178, 0.5680294632911682, 0.5608841776847839, 0.5232672095298767, 0.5101059079170227, 0.4977337718009949, 0.44935742020606995, 0.4413493573665619]"
variant_F3,train_6bba_t40_p10_crowded,train,6bba_bb9f20c3,40,crowded,0.3,2,19,1,1,1,1.9742496213065583,1.9742496213065583,0.9084026158592896,1,0.9084026158592896,1,0.56632399559021,"[[18.0, 49.0, 26.0], [12.0, 12.0, 17.0], [11.0, 60.0, 53.0], [7.0, 60.0, 16.0], [8.0, 30.0, 54.0], [3.0, 60.0, 59.0], [18.0, 11.0, 18.0], [6.0, 39.0, 36.0], [14.0, 34.0, 33.0], [3.0, 62.0, 30.0], [6.0, 11.0, 54.0], [14.0, 14.0, 55.0], [19.0, 60.0, 18.0], [15.0, 13.0, 5.0], [24.0, 1.0, 4.0], [22.0, 1.0, 27.0], [18.0, 33.0, 1.0], [13.0, 11.0, 38.0], [17.0, 2.0, 63.0]]","[0.7319342494010925, 0.6888729333877563, 0.6668992638587952, 0.6479700207710266, 0.6293128132820129, 0.6290509104728699, 0.6253501176834106, 0.6070780158042908, 0.5974945425987244, 0.5526834726333618, 0.5351534485816956, 0.5222074389457703, 0.5185384750366211, 0.49448850750923157, 0.4829622507095337, 0.46002113819122314, 0.4431517720222473, 0.43758249282836914, 0.3696073293685913]"
variant_F3,train_6bba_t35_p11_crowded,train,6bba_bb9f20c3,35,crowded,0.3,3,27,2,2,2,1.9900349296018947,0.9084026158592896,0.7414634377866798,2,0.7414634377866798,2,0.6221656799316406,"[[22.0, 25.0, 11.0], [15.0, 60.0, 54.0], [8.0, 44.0, 50.0], [16.0, 31.0, 31.0], [2.0, 7.0, 45.0], [12.0, 10.0, 18.0], [11.0, 60.0, 32.0], [8.0, 15.0, 46.0], [6.0, 13.0, 17.0], [17.0, 60.0, 22.0], [10.0, 40.0, 26.0], [2.0, 39.0, 22.0], [18.0, 44.0, 4.0], [20.0, 44.0, 22.0], [25.0, 61.0, 13.0], [5.0, 59.0, 46.0], [21.0, 7.0, 23.0], [13.0, 32.0, 8.0], [5.0, 5.0, 57.0], [15.0, 10.0, 58.0], [9.0, 20.0, 63.0], [1.0, 60.0, 22.0], [17.0, 30.0, 63.0], [19.0, 1.0, 44.0], [21.0, 24.0, 55.0], [5.0, 62.0, 63.0], [25.0, 12.0, 4.0]]","[0.7496057152748108, 0.7035013437271118, 0.670078456401825, 0.6645740866661072, 0.6207019686698914, 0.6145283579826355, 0.5940056443214417, 0.5873945951461792, 0.5805923342704773, 0.5720216035842896, 0.5574033260345459, 0.5551214814186096, 0.538080096244812, 0.5357468128204346, 0.5192490816116333, 0.5115070939064026, 0.5004235506057739, 0.48049038648605347, 0.4751094877719879, 0.47096890211105347, 0.4645518660545349, 0.4641999900341034, 0.44844886660575867, 0.4417538046836853, 0.42688822746276855, 0.3854861259460449, 0.35269710421562195]"
variant_F3,train_6bba_t45_p12_crowded,train,6bba_bb9f20c3,45,crowded,0.3,3,25,1,2,2,2.3678842620340093,1.86167137607581,1.21809781789494,2,1.21809781789494,2,0.7150741418202718,"[[16.0, 31.0, 31.0], [22.0, 34.0, 6.0], [10.0, 10.0, 34.0], [14.0, 14.0, 16.0], [3.0, 60.0, 30.0], [10.0, 25.0, 57.0], [2.0, 22.0, 58.0], [22.0, 13.0, 22.0], [8.0, 43.0, 45.0], [12.0, 45.0, 25.0], [13.0, 58.0, 58.0], [7.0, 60.0, 52.0], [2.0, 31.0, 23.0], [6.0, 4.0, 58.0], [16.0, 31.0, 57.0], [17.0, 60.0, 20.0], [11.0, 60.0, 34.0], [19.0, 61.0, 37.0], [13.0, 39.0, 5.0], [22.0, 42.0, 23.0], [17.0, 7.0, 52.0], [7.0, 60.0, 4.0], [19.0, 51.0, 4.0], [11.0, 1.0, 62.0], [23.0, 62.0, 14.0]]","[0.7640730738639832, 0.7325704097747803, 0.7089304327964783, 0.672218918800354, 0.6444313526153564, 0.6379894614219666, 0.6179752349853516, 0.6078351736068726, 0.6002039909362793, 0.5962114334106445, 0.5860106945037842, 0.566297173500061, 0.5661381483078003, 0.559749186038971, 0.5477390289306641, 0.5441072583198547, 0.5421082973480225, 0.5390502214431763, 0.5230096578598022, 0.46762964129447937, 0.4472646713256836, 0.44027745723724365, 0.4195359945297241, 0.4135628640651703, 0.3948211967945099]"
variant_F3,train_6bba_t20_p13_crowded,train,6bba_bb9f20c3,20,crowded,0.3,3,21,1,2,3,1.790447737797398,1.86167137607581,1.3850369959675497,2,1.790447737797398,3,0.47560733556747437,"[[4.0, 22.0, 58.0], [11.0, 60.0, 30.0], [12.0, 39.0, 10.0], [4.0, 27.0, 26.0], [12.0, 9.0, 42.0], [8.0, 31.0, 48.0], [10.0, 6.0, 17.0], [3.0, 59.0, 34.0], [17.0, 61.0, 5.0], [3.0, 56.0, 9.0], [3.0, 47.0, 18.0], [4.0, 50.0, 63.0], [14.0, 21.0, 62.0], [7.0, 56.0, 8.0], [20.0, 44.0, 9.0], [1.0, 46.0, 51.0], [15.0, 34.0, 33.0], [2.0, 7.0, 54.0], [7.0, 61.0, 49.0], [15.0, 15.0, 4.0], [21.0, 16.0, 3.0]]","[0.750700056552887, 0.7237743139266968, 0.670432448387146, 0.6514567136764526, 0.6445643305778503, 0.6242344975471497, 0.5762391090393066, 0.5753009915351868, 0.5746293663978577, 0.5510724186897278, 0.5147188901901245, 0.5139885544776917, 0.45162105560302734, 0.44453319907188416, 0.4414651691913605, 0.43357253074645996, 0.42708173394203186, 0.42443928122520447, 0.39859235286712646, 0.39695751667022705, 0.30744048953056335]"
variant_F3,train_6bba_t20_p14_crowded,train,6bba_bb9f20c3,20,crowded,0.3,3,27,1,2,2,1.8317606131709894,1.86167137607581,0.930835688037905,2,0.930835688037905,2,0.6782601674397787,"[[16.0, 32.0, 9.0], [4.0, 8.0, 34.0], [4.0, 40.0, 38.0], [12.0, 9.0, 46.0], [21.0, 61.0, 7.0], [5.0, 59.0, 57.0], [8.0, 40.0, 58.0], [2.0, 45.0, 13.0], [12.0, 46.0, 50.0], [10.0, 38.0, 30.0], [25.0, 14.0, 6.0], [24.0, 53.0, 30.0], [12.0, 17.0, 4.0], [11.0, 60.0, 4.0], [3.0, 15.0, 12.0], [16.0, 29.0, 34.0], [10.0, 45.0, 7.0], [13.0, 17.0, 24.0], [18.0, 1.0, 8.0], [18.0, 4.0, 35.0], [21.0, 30.0, 22.0], [2.0, 24.0, 63.0], [4.0, 5.0, 52.0], [20.0, 18.0, 23.0], [3.0, 59.0, 14.0], [1.0, 11.0, 54.0], [16.0, 62.0, 59.0]]","[0.7105846405029297, 0.679787278175354, 0.6700893044471741, 0.6541065573692322, 0.6390299201011658, 0.6266400218009949, 0.6133994460105896, 0.5993436574935913, 0.5646970272064209, 0.5643088817596436, 0.5489634275436401, 0.512988805770874, 0.5068581700325012, 0.49919936060905457, 0.49345943331718445, 0.48892366886138916, 0.4757954180240631, 0.4719218909740448, 0.4324745237827301, 0.4317958652973175, 0.42861029505729675, 0.4284416735172272, 0.4284159541130066, 0.42218804359436035, 0.40562963485717773, 0.40466615557670593, 0.30535760521888733]"
variant_F3,train_6bba_t15_p15_crowded,train,6bba_bb9f20c3,15,crowded,0.3,2,19,1,1,1,2.2139599089992443,2.2139599089992443,0.40625,1,0.40625,1,0.5589608699083328,"[[22.0, 7.0, 13.0], [5.0, 60.0, 32.0], [12.0, 19.0, 59.0], [10.0, 13.0, 36.0], [16.0, 31.0, 32.0], [9.0, 60.0, 38.0], [6.0, 33.0, 28.0], [8.0, 34.0, 48.0], [16.0, 5.0, 5.0], [4.0, 49.0, 59.0], [18.0, 4.0, 43.0], [11.0, 30.0, 9.0], [9.0, 59.0, 4.0], [15.0, 59.0, 32.0], [15.0, 1.0, 28.0], [19.0, 58.0, 3.0], [29.0, 4.0, 7.0], [12.0, 40.0, 63.0], [3.0, 62.0, 12.0]]","[0.7560210824012756, 0.7467575669288635, 0.7080390453338623, 0.7043185234069824, 0.7041775584220886, 0.6846535205841064, 0.6601159572601318, 0.6566364765167236, 0.6267037987709045, 0.614479660987854, 0.5937082171440125, 0.5917479395866394, 0.5878331661224365, 0.575428307056427, 0.4502289295196533, 0.44230085611343384, 0.413744181394577, 0.401088684797287, 0.3833065330982208]"
variant_F3,train_6bba_t30_p16_crowded,train,6bba_bb9f20c3,30,crowded,0.3,2,24,0,2,2,1.6500058302035874,1.6500058302035874,1.6500058302035874,2,1.6500058302035874,2,0.6076256334781647,"[[14.0, 7.0, 15.0], [10.0, 18.0, 34.0], [12.0, 42.0, 41.0], [10.0, 50.0, 5.0], [4.0, 45.0, 49.0], [16.0, 32.0, 36.0], [6.0, 24.0, 63.0], [7.0, 60.0, 54.0], [18.0, 5.0, 41.0], [22.0, 4.0, 12.0], [8.0, 42.0, 33.0], [3.0, 60.0, 52.0], [16.0, 51.0, 6.0], [13.0, 59.0, 6.0], [8.0, 30.0, 4.0], [11.0, 10.0, 51.0], [17.0, 5.0, 4.0], [12.0, 20.0, 63.0], [13.0, 59.0, 41.0], [14.0, 31.0, 4.0], [5.0, 62.0, 20.0], [21.0, 22.0, 3.0], [13.0, 62.0, 19.0], [12.0, 42.0, 63.0]]","[0.7768738865852356, 0.6836134791374207, 0.682050347328186, 0.6778507232666016, 0.6625418663024902, 0.6431558132171631, 0.6257333755493164, 0.6226600408554077, 0.6020460724830627, 0.601006805896759, 0.5967919826507568, 0.5943894982337952, 0.5868834257125854, 0.5720954537391663, 0.565069317817688, 0.5601081252098083, 0.5396289825439453, 0.5254489779472351, 0.5233646035194397, 0.5006178021430969, 0.46944108605384827, 0.39916229248046875, 0.3984791338443756, 0.34525033831596375]"
variant_F3,train_6bba_t50_p17_crowded,train,6bba_bb9f20c3,50,crowded,0.3,3,26,2,3,3,0.5184328398093799,0.40625,0.5184328398093799,3,0.5184328398093799,3,0.6383434534072876,"[[16.0, 30.0, 34.0], [14.0, 11.0, 32.0], [10.0, 44.0, 30.0], [21.0, 60.0, 32.0], [5.0, 61.0, 55.0], [20.0, 18.0, 49.0], [25.0, 58.0, 23.0], [15.0, 59.0, 49.0], [7.0, 22.0, 59.0], [23.0, 38.0, 14.0], [16.0, 20.0, 63.0], [10.0, 33.0, 51.0], [29.0, 35.0, 4.0], [28.0, 50.0, 28.0], [13.0, 60.0, 63.0], [25.0, 4.0, 22.0], [13.0, 62.0, 35.0], [20.0, 15.0, 3.0], [25.0, 7.0, 42.0], [25.0, 16.0, 13.0], [17.0, 61.0, 4.0], [11.0, 62.0, 12.0], [16.0, 1.0, 8.0], [24.0, 62.0, 5.0], [14.0, 40.0, 3.0], [26.0, 51.0, 4.0]]","[0.7425408959388733, 0.6484042406082153, 0.6420035362243652, 0.6150152087211609, 0.6103309988975525, 0.5810642838478088, 0.5725855827331543, 0.5703141093254089, 0.5617641806602478, 0.5574742555618286, 0.5523108839988708, 0.5493479371070862, 0.5231274366378784, 0.5081998705863953, 0.5068325400352478, 0.4939174950122833, 0.4919285178184509, 0.4892672300338745, 0.48725423216819763, 0.424723744392395, 0.41921669244766235, 0.3824186325073242, 0.36387911438941956, 0.3508756458759308, 0.3249478340148926, 0.30302783846855164]"
variant_F3,train_6bba_t55_p18_crowded,train,6bba_bb9f20c3,55,crowded,0.3,2,17,0,1,1,2.619920471392612,2.619920471392612,1.6750116604071745,1,1.6750116604071745,1,0.6997688710689545,"[[4.0, 9.0, 56.0], [11.0, 58.0, 36.0], [5.0, 60.0, 10.0], [16.0, 7.0, 20.0], [12.0, 32.0, 33.0], [7.0, 61.0, 23.0], [14.0, 43.0, 5.0], [7.0, 6.0, 31.0], [6.0, 33.0, 21.0], [2.0, 42.0, 39.0], [5.0, 62.0, 55.0], [12.0, 15.0, 62.0], [17.0, 62.0, 37.0], [6.0, 31.0, 54.0], [15.0, 62.0, 14.0], [9.0, 20.0, 1.0], [12.0, 1.0, 4.0]]","[0.7969160079956055, 0.6899262070655823, 0.6530165672302246, 0.6343786120414734, 0.6026217341423035, 0.5920987129211426, 0.5655666589736938, 0.5649585723876953, 0.5552411079406738, 0.5519194602966309, 0.5496050119400024, 0.540865421295166, 0.5406521558761597, 0.5295564532279968, 0.4811684489250183, 0.456464558839798, 0.3985249996185303]"
variant_F3,train_6bba_t45_p19_crowded,train,6bba_bb9f20c3,45,crowded,0.3,2,17,2,2,2,0.609375,0.609375,0.609375,2,0.609375,2,0.5702224671840668,"[[18.0, 10.0, 30.0], [4.0, 6.0, 45.0], [8.0, 23.0, 44.0], [2.0, 26.0, 34.0], [3.0, 59.0, 36.0], [20.0, 34.0, 22.0], [3.0, 61.0, 51.0], [1.0, 8.0, 63.0], [5.0, 14.0, 17.0], [11.0, 31.0, 22.0], [3.0, 61.0, 5.0], [15.0, 10.0, 8.0], [1.0, 39.0, 16.0], [11.0, 5.0, 6.0], [8.0, 1.0, 20.0], [7.0, 62.0, 4.0], [10.0, 60.0, 21.0]]","[0.6739763617515564, 0.6460781693458557, 0.6448246240615845, 0.6335923671722412, 0.6281761527061462, 0.579367458820343, 0.5773081183433533, 0.5722777247428894, 0.5610774755477905, 0.5061780214309692, 0.4879703223705292, 0.4833204448223114, 0.45868822932243347, 0.4402174651622772, 0.39561882615089417, 0.38209810853004456, 0.3511660695075989]"
variant_F3,train_6bba_t15_p20_crowded,train,6bba_bb9f20c3,15,crowded,0.3,2,26,0,1,1,3.8873927533687755,3.8873927533687755,1.1490485194281397,1,1.1490485194281397,1,0.5283509939908981,"[[24.0, 30.0, 29.0], [10.0, 40.0, 42.0], [14.0, 11.0, 46.0], [14.0, 30.0, 34.0], [24.0, 15.0, 10.0], [16.0, 14.0, 8.0], [15.0, 58.0, 18.0], [25.0, 58.0, 46.0], [20.0, 11.0, 44.0], [14.0, 4.0, 63.0], [17.0, 24.0, 63.0], [20.0, 50.0, 33.0], [9.0, 41.0, 8.0], [13.0, 58.0, 42.0], [28.0, 10.0, 21.0], [29.0, 37.0, 4.0], [11.0, 52.0, 63.0], [14.0, 50.0, 45.0], [22.0, 1.0, 12.0], [20.0, 14.0, 63.0], [16.0, 50.0, 63.0], [18.0, 1.0, 26.0], [9.0, 62.0, 32.0], [7.0, 61.0, 15.0], [21.0, 29.0, 4.0], [22.0, 45.0, 4.0]]","[0.7003333568572998, 0.6419846415519714, 0.633123517036438, 0.6104145050048828, 0.5967313051223755, 0.5828956365585327, 0.5773863196372986, 0.5625614523887634, 0.5537956953048706, 0.5351413488388062, 0.5220720767974854, 0.5218517780303955, 0.5162791013717651, 0.5119717717170715, 0.4979988932609558, 0.48552635312080383, 0.4789331555366516, 0.47707292437553406, 0.4692540168762207, 0.4605185091495514, 0.44628748297691345, 0.43300333619117737, 0.43110188841819763, 0.37981316447257996, 0.36050233244895935, 0.327181875705719]"
variant_F3,train_6bba_t30_p21_crowded,train,6bba_bb9f20c3,30,crowded,0.3,3,28,2,3,3,1.011851743906193,0.8125,1.011851743906193,3,1.011851743906193,3,0.6387935678164164,"[[16.0, 31.0, 28.0], [8.0, 26.0, 50.0], [18.0, 4.0, 22.0], [9.0, 59.0, 34.0], [23.0, 13.0, 5.0], [4.0, 13.0, 52.0], [14.0, 41.0, 55.0], [5.0, 61.0, 57.0], [25.0, 60.0, 4.0], [19.0, 60.0, 40.0], [18.0, 30.0, 5.0], [11.0, 58.0, 20.0], [11.0, 17.0, 7.0], [4.0, 45.0, 30.0], [10.0, 50.0, 56.0], [1.0, 36.0, 63.0], [14.0, 17.0, 47.0], [13.0, 8.0, 63.0], [23.0, 18.0, 18.0], [9.0, 55.0, 4.0], [3.0, 25.0, 36.0], [20.0, 29.0, 42.0], [11.0, 60.0, 58.0], [15.0, 61.0, 4.0], [24.0, 5.0, 44.0], [18.0, 7.0, 44.0], [24.0, 62.0, 43.0], [25.0, 36.0, 15.0]]","[0.769877552986145, 0.6194204092025757, 0.61807781457901, 0.6055577993392944, 0.5943931341171265, 0.5802395343780518, 0.578330934047699, 0.576209306716919, 0.5748016238212585, 0.5639134049415588, 0.555241584777832, 0.5521100163459778, 0.5509316325187683, 0.5410635471343994, 0.5229220986366272, 0.5224404335021973, 0.5218201279640198, 0.48222464323043823, 0.4794318675994873, 0.4695700705051422, 0.4684801697731018, 0.46779027581214905, 0.42152291536331177, 0.404720664024353, 0.39402714371681213, 0.39148733019828796, 0.3500632047653198, 0.34731197357177734]"
variant_F3,train_6bba_t50_p22_crowded,train,6bba_bb9f20c3,50,crowded,0.3,2,23,1,1,2,1.2969866014491962,1.2969866014491962,0.40625,1,1.2969866014491962,2,0.5698669403791428,"[[14.0, 22.0, 50.0], [16.0, 32.0, 17.0], [18.0, 10.0, 24.0], [8.0, 50.0, 56.0], [12.0, 46.0, 34.0], [13.0, 58.0, 13.0], [15.0, 1.0, 63.0], [25.0, 36.0, 22.0], [29.0, 15.0, 24.0], [31.0, 13.0, 33.0], [31.0, 36.0, 28.0], [23.0, 4.0, 8.0], [5.0, 60.0, 63.0], [13.0, 18.0, 36.0], [9.0, 62.0, 36.0], [29.0, 53.0, 30.0], [13.0, 60.0, 35.0], [21.0, 21.0, 4.0], [8.0, 40.0, 5.0], [28.0, 21.0, 4.0], [10.0, 20.0, 5.0], [19.0, 62.0, 4.0], [23.0, 1.0, 46.0]]","[0.7311875224113464, 0.665910005569458, 0.6408605575561523, 0.6229081749916077, 0.6077630519866943, 0.5938008427619934, 0.5853798389434814, 0.5370535850524902, 0.5027749538421631, 0.4910179674625397, 0.4738238751888275, 0.4688848555088043, 0.46810105443000793, 0.46628421545028687, 0.4648914337158203, 0.4645843803882599, 0.45150941610336304, 0.4088161289691925, 0.4075562059879303, 0.4010668992996216, 0.38392817974090576, 0.3807411193847656, 0.32671985030174255]"
variant_F3,train_6bba_t10_p23_crowded,train,6bba_bb9f20c3,10,crowded,0.3,3,29,3,3,3,0.6770833333333334,0.8125,0.6770833333333334,3,0.6770833333333334,3,0.6585312684377035,"[[26.0, 14.0, 22.0], [4.0, 46.0, 48.0], [10.0, 16.0, 36.0], [23.0, 60.0, 14.0], [23.0, 60.0, 39.0], [14.0, 20.0, 27.0], [16.0, 31.0, 26.0], [11.0, 12.0, 58.0], [23.0, 32.0, 36.0], [17.0, 28.0, 53.0], [16.0, 11.0, 4.0], [15.0, 57.0, 34.0], [10.0, 42.0, 50.0], [7.0, 59.0, 20.0], [14.0, 42.0, 4.0], [7.0, 38.0, 35.0], [2.0, 21.0, 59.0], [22.0, 10.0, 7.0], [20.0, 19.0, 20.0], [29.0, 45.0, 16.0], [10.0, 15.0, 4.0], [21.0, 34.0, 63.0], [17.0, 1.0, 29.0], [17.0, 4.0, 51.0], [10.0, 62.0, 4.0], [13.0, 62.0, 4.0], [3.0, 62.0, 51.0], [2.0, 51.0, 20.0], [23.0, 1.0, 27.0]]","[0.7700561285018921, 0.7058406472206116, 0.6932595372200012, 0.6675408482551575, 0.6148662567138672, 0.6047459840774536, 0.6022123098373413, 0.5920342803001404, 0.5857978463172913, 0.5857540369033813, 0.556359052658081, 0.5523603558540344, 0.5505954027175903, 0.5411360263824463, 0.5309561491012573, 0.5203270316123962, 0.5155750513076782, 0.503215491771698, 0.4883345663547516, 0.4605965316295624, 0.4400079846382141, 0.4261181652545929, 0.425626665353775, 0.40295663475990295, 0.4008144438266754, 0.39946234226226807, 0.3406321704387665, 0.3403938114643097, 0.32395246624946594]"
variant_F3,train_6bba_t10_p24_crowded,train,6bba_bb9f20c3,10,crowded,0.3,2,24,2,2,2,0.6573263079296447,0.6573263079296447,0.6573263079296447,2,0.6573263079296447,2,0.6210668683052063,"[[16.0, 31.0, 32.0], [10.0, 34.0, 10.0], [4.0, 31.0, 59.0], [12.0, 24.0, 45.0], [7.0, 60.0, 11.0], [27.0, 60.0, 46.0], [20.0, 14.0, 8.0], [23.0, 61.0, 5.0], [15.0, 58.0, 34.0], [12.0, 4.0, 22.0], [23.0, 58.0, 36.0], [18.0, 47.0, 5.0], [18.0, 4.0, 27.0], [9.0, 60.0, 58.0], [7.0, 14.0, 30.0], [10.0, 1.0, 63.0], [27.0, 41.0, 4.0], [12.0, 45.0, 59.0], [22.0, 29.0, 23.0], [4.0, 47.0, 40.0], [20.0, 4.0, 56.0], [1.0, 60.0, 63.0], [25.0, 1.0, 36.0], [17.0, 22.0, 63.0]]","[0.7364065051078796, 0.6764928698539734, 0.652851402759552, 0.6364772319793701, 0.6136913895606995, 0.6041479110717773, 0.5711692571640015, 0.5710994005203247, 0.5680939555168152, 0.5638852119445801, 0.5498984456062317, 0.5487948060035706, 0.526699960231781, 0.5211216807365417, 0.514450192451477, 0.505727231502533, 0.5040439963340759, 0.5032986402511597, 0.48247459530830383, 0.46702900528907776, 0.45645642280578613, 0.4163092374801636, 0.39238473773002625, 0.35401231050491333]"
variant_F3,train_6bba_t10_p25_isolated,train,6bba_bb9f20c3,10,isolated,0.3,1,18,0,0,0,3.471001521535247,3.471001521535247,,0,,0,0.5748797655105591,"[[6.0, 41.0, 20.0], [16.0, 6.0, 50.0], [10.0, 18.0, 8.0], [18.0, 42.0, 26.0], [6.0, 32.0, 53.0], [3.0, 60.0, 6.0], [8.0, 13.0, 59.0], [9.0, 61.0, 53.0], [3.0, 54.0, 63.0], [9.0, 29.0, 32.0], [10.0, 39.0, 48.0], [3.0, 62.0, 34.0], [16.0, 16.0, 11.0], [14.0, 34.0, 58.0], [11.0, 58.0, 32.0], [9.0, 1.0, 38.0], [9.0, 62.0, 4.0], [17.0, 42.0, 3.0]]","[0.8179965019226074, 0.7708763480186462, 0.7580544948577881, 0.6725337505340576, 0.6538218855857849, 0.6416677832603455, 0.6372771859169006, 0.6073743104934692, 0.6064913272857666, 0.5748797655105591, 0.574097752571106, 0.5488040447235107, 0.5369489789009094, 0.5068196058273315, 0.4620209336280823, 0.44931235909461975, 0.37725579738616943, 0.34067922830581665]"
variant_F3,train_6bba_t20_p26_isolated,train,6bba_bb9f20c3,20,isolated,0.3,1,24,1,1,1,0.8125,0.8125,0.8125,1,0.8125,1,0.5600987076759338,"[[14.0, 30.0, 30.0], [14.0, 30.0, 58.0], [7.0, 60.0, 20.0], [16.0, 9.0, 57.0], [16.0, 11.0, 12.0], [7.0, 57.0, 49.0], [16.0, 51.0, 19.0], [2.0, 6.0, 58.0], [6.0, 10.0, 52.0], [15.0, 60.0, 63.0], [7.0, 32.0, 34.0], [24.0, 14.0, 6.0], [21.0, 30.0, 6.0], [5.0, 4.0, 25.0], [27.0, 13.0, 23.0], [9.0, 58.0, 4.0], [2.0, 31.0, 14.0], [13.0, 42.0, 4.0], [1.0, 31.0, 47.0], [18.0, 4.0, 37.0], [15.0, 3.0, 32.0], [1.0, 62.0, 11.0], [20.0, 48.0, 3.0], [17.0, 62.0, 33.0]]","[0.7766981720924377, 0.7410513758659363, 0.6460588574409485, 0.6315978169441223, 0.6207306981086731, 0.6042030453681946, 0.602644681930542, 0.5964855551719666, 0.5842371582984924, 0.5840064287185669, 0.5600987076759338, 0.5396976470947266, 0.5104885101318359, 0.5014445185661316, 0.48527953028678894, 0.4845666289329529, 0.4706672430038452, 0.456302672624588, 0.45081961154937744, 0.3992578983306885, 0.39480090141296387, 0.3908222019672394, 0.35653355717658997, 0.35556086897850037]"
variant_F3,train_6bba_t35_p27_isolated,train,6bba_bb9f20c3,35,isolated,0.3,1,26,1,1,1,0.40625,0.40625,0.40625,1,0.40625,1,0.6924183368682861,"[[10.0, 31.0, 32.0], [4.0, 36.0, 45.0], [20.0, 29.0, 10.0], [18.0, 50.0, 25.0], [16.0, 26.0, 30.0], [14.0, 39.0, 59.0], [9.0, 61.0, 24.0], [10.0, 30.0, 59.0], [19.0, 29.0, 47.0], [14.0, 37.0, 8.0], [4.0, 11.0, 28.0], [16.0, 4.0, 48.0], [14.0, 19.0, 10.0], [23.0, 18.0, 31.0], [14.0, 50.0, 6.0], [1.0, 60.0, 22.0], [12.0, 2.0, 63.0], [8.0, 34.0, 9.0], [1.0, 25.0, 57.0], [10.0, 5.0, 4.0], [14.0, 4.0, 28.0], [7.0, 27.0, 18.0], [7.0, 4.0, 46.0], [5.0, 62.0, 59.0], [4.0, 20.0, 63.0], [9.0, 47.0, 40.0]]","[0.6924183368682861, 0.6746703386306763, 0.6326069831848145, 0.5945945978164673, 0.5786429047584534, 0.5786401629447937, 0.5740702748298645, 0.5405312180519104, 0.5399837493896484, 0.5387557744979858, 0.537030816078186, 0.5307707786560059, 0.5306863188743591, 0.5177204608917236, 0.50645512342453, 0.49568477272987366, 0.46662119030952454, 0.4610249996185303, 0.45695963501930237, 0.4563906490802765, 0.45331957936286926, 0.44188424944877625, 0.4333016872406006, 0.3994382619857788, 0.3922138810157776, 0.33642441034317017]"
variant_F3,train_6bba_t40_p28_isolated,train,6bba_bb9f20c3,40,isolated,0.3,1,30,1,1,1,0.8125,0.8125,0.8125,1,0.8125,1,0.5485208630561829,"[[8.0, 44.0, 46.0], [20.0, 12.0, 32.0], [14.0, 15.0, 20.0], [6.0, 14.0, 34.0], [20.0, 40.0, 10.0], [12.0, 22.0, 59.0], [18.0, 15.0, 50.0], [15.0, 38.0, 34.0], [10.0, 4.0, 6.0], [3.0, 60.0, 36.0], [21.0, 61.0, 40.0], [14.0, 53.0, 15.0], [12.0, 8.0, 59.0], [15.0, 6.0, 39.0], [24.0, 17.0, 12.0], [5.0, 37.0, 24.0], [25.0, 54.0, 55.0], [2.0, 21.0, 62.0], [23.0, 50.0, 29.0], [12.0, 50.0, 63.0], [24.0, 1.0, 10.0], [3.0, 60.0, 4.0], [1.0, 37.0, 41.0], [23.0, 61.0, 4.0], [23.0, 4.0, 58.0], [16.0, 37.0, 4.0], [22.0, 13.0, 56.0], [17.0, 8.0, 3.0], [13.0, 62.0, 59.0], [17.0, 62.0, 56.0]]","[0.6637873649597168, 0.6528359651565552, 0.6348175406455994, 0.6228097081184387, 0.6152181625366211, 0.6081322431564331, 0.5872856974601746, 0.5485208630561829, 0.5433104038238525, 0.5370120406150818, 0.524078369140625, 0.5171449184417725, 0.5083415508270264, 0.5027910470962524, 0.49969059228897095, 0.4956635534763336, 0.48373815417289734, 0.47072532773017883, 0.4662594497203827, 0.45940160751342773, 0.4573257863521576, 0.45602092146873474, 0.4075775444507599, 0.40153342485427856, 0.3858341574668884, 0.3825480341911316, 0.3715668022632599, 0.31562086939811707, 0.3131382167339325, 0.30005255341529846]"
variant_F3,train_6bba_t25_p29_isolated,train,6bba_bb9f20c3,25,isolated,0.3,1,28,0,0,0,6.600781203766718,6.600781203766718,,0,,0,0.7018706798553467,"[[18.0, 30.0, 34.0], [4.0, 22.0, 56.0], [18.0, 38.0, 5.0], [14.0, 12.0, 18.0], [18.0, 4.0, 47.0], [2.0, 47.0, 56.0], [5.0, 60.0, 10.0], [8.0, 18.0, 63.0], [22.0, 38.0, 12.0], [25.0, 50.0, 44.0], [4.0, 43.0, 22.0], [21.0, 60.0, 26.0], [19.0, 10.0, 12.0], [7.0, 4.0, 20.0], [25.0, 27.0, 43.0], [11.0, 62.0, 14.0], [14.0, 27.0, 9.0], [14.0, 49.0, 35.0], [21.0, 38.0, 63.0], [9.0, 48.0, 63.0], [17.0, 45.0, 62.0], [10.0, 1.0, 29.0], [15.0, 55.0, 4.0], [10.0, 1.0, 42.0], [12.0, 35.0, 62.0], [7.0, 38.0, 49.0], [25.0, 4.0, 11.0], [27.0, 35.0, 1.0]]","[0.7018706798553467, 0.6633418798446655, 0.6131466627120972, 0.6076107025146484, 0.5892708897590637, 0.5813899636268616, 0.5561048984527588, 0.5501214861869812, 0.5500898361206055, 0.5455047488212585, 0.5401852130889893, 0.5346934795379639, 0.5092658400535583, 0.49748241901397705, 0.4970368444919586, 0.4846130907535553, 0.48082321882247925, 0.47992846369743347, 0.47071313858032227, 0.4646236002445221, 0.4588432013988495, 0.4292965829372406, 0.4210209250450134, 0.4098409414291382, 0.4039030075073242, 0.3967790901660919, 0.3484596312046051, 0.32409656047821045]"
variant_F3,train_6bba_t25_p30_isolated,train,6bba_bb9f20c3,25,isolated,0.3,1,16,0,0,1,2.1877232028983924,2.1877232028983924,,0,2.1877232028983924,1,0.552854061126709,"[[16.0, 8.0, 46.0], [14.0, 30.0, 45.0], [22.0, 30.0, 31.0], [12.0, 50.0, 40.0], [21.0, 59.0, 50.0], [16.0, 50.0, 14.0], [18.0, 17.0, 16.0], [18.0, 38.0, 63.0], [11.0, 57.0, 20.0], [26.0, 19.0, 9.0], [11.0, 34.0, 27.0], [15.0, 60.0, 63.0], [9.0, 50.0, 63.0], [17.0, 59.0, 38.0], [26.0, 1.0, 4.0], [22.0, 62.0, 4.0]]","[0.7808095812797546, 0.771897554397583, 0.7703791856765747, 0.7138754725456238, 0.6744131445884705, 0.6164993643760681, 0.6154686212539673, 0.5850268602371216, 0.5714004635810852, 0.5598201155662537, 0.552854061126709, 0.5515002012252808, 0.543319821357727, 0.5278003811836243, 0.4655366837978363, 0.44850099086761475]"
variant_F3,train_6bba_t45_p31_isolated,train,6bba_bb9f20c3,45,isolated,0.3,1,20,0,0,0,3.8109628048565365,3.8109628048565365,,0,,0,0.5362329483032227,"[[8.0, 25.0, 58.0], [5.0, 60.0, 40.0], [12.0, 11.0, 26.0], [8.0, 50.0, 57.0], [10.0, 50.0, 34.0], [22.0, 8.0, 4.0], [16.0, 30.0, 43.0], [15.0, 15.0, 6.0], [6.0, 38.0, 63.0], [18.0, 7.0, 59.0], [20.0, 29.0, 8.0], [10.0, 49.0, 6.0], [3.0, 61.0, 63.0], [9.0, 58.0, 5.0], [13.0, 58.0, 59.0], [7.0, 26.0, 38.0], [13.0, 61.0, 10.0], [5.0, 43.0, 29.0], [5.0, 62.0, 24.0], [18.0, 55.0, 4.0]]","[0.7856450080871582, 0.7209396362304688, 0.6949690580368042, 0.6805080771446228, 0.6270592212677002, 0.6238582730293274, 0.617207407951355, 0.6128494739532471, 0.6044958829879761, 0.5939825773239136, 0.5766223669052124, 0.5760101675987244, 0.5528740882873535, 0.5517926812171936, 0.5380635857582092, 0.5362329483032227, 0.5135969519615173, 0.5096777081489563, 0.433531790971756, 0.4322702884674072]"
variant_F3,train_6bba_t30_p32_isolated,train,6bba_bb9f20c3,30,isolated,0.3,1,18,1,1,1,0.40625,0.40625,0.40625,1,0.40625,1,0.6462498903274536,"[[12.0, 38.0, 46.0], [20.0, 8.0, 33.0], [16.0, 31.0, 30.0], [19.0, 60.0, 46.0], [18.0, 27.0, 8.0], [11.0, 59.0, 10.0], [20.0, 48.0, 15.0], [24.0, 22.0, 22.0], [7.0, 61.0, 59.0], [17.0, 10.0, 18.0], [28.0, 10.0, 28.0], [31.0, 47.0, 29.0], [25.0, 7.0, 4.0], [24.0, 1.0, 24.0], [9.0, 62.0, 42.0], [6.0, 61.0, 26.0], [7.0, 18.0, 29.0], [14.0, 26.0, 5.0]]","[0.7745877504348755, 0.6961551904678345, 0.6462498903274536, 0.6159164309501648, 0.6085987687110901, 0.6058067083358765, 0.5694246292114258, 0.5653574466705322, 0.5232750177383423, 0.5180425643920898, 0.5009205937385559, 0.5003166198730469, 0.434659868478775, 0.43418243527412415, 0.3700045347213745, 0.3618769347667694, 0.3270111680030823, 0.3257017433643341]"
variant_F3,train_6bba_t55_p33_isolated,train,6bba_bb9f20c3,55,isolated,0.3,1,16,0,0,0,3.917733121653388,3.917733121653388,,0,,0,0.5743167400360107,"[[6.0, 15.0, 13.0], [8.0, 6.0, 50.0], [16.0, 44.0, 27.0], [16.0, 17.0, 38.0], [2.0, 38.0, 56.0], [18.0, 30.0, 26.0], [3.0, 19.0, 34.0], [15.0, 19.0, 16.0], [6.0, 30.0, 49.0], [3.0, 40.0, 4.0], [10.0, 41.0, 19.0], [6.0, 55.0, 39.0], [1.0, 47.0, 15.0], [12.0, 61.0, 4.0], [16.0, 1.0, 10.0], [1.0, 60.0, 15.0]]","[0.7335094213485718, 0.6994466781616211, 0.6804832220077515, 0.6587214469909668, 0.6044254302978516, 0.5743167400360107, 0.5623953342437744, 0.5432185530662537, 0.540876567363739, 0.5319347381591797, 0.5058654546737671, 0.4937686622142792, 0.4325352609157562, 0.424498051404953, 0.4160741865634918, 0.38748303055763245]"
variant_F3,train_6bba_t25_p34_isolated,train,6bba_bb9f20c3,25,isolated,0.3,1,22,1,1,1,0.5745242597140698,0.5745242597140698,0.5745242597140698,1,0.5745242597140698,1,0.6239445805549622,"[[12.0, 42.0, 40.0], [19.0, 59.0, 40.0], [19.0, 58.0, 6.0], [16.0, 31.0, 22.0], [20.0, 5.0, 32.0], [18.0, 31.0, 6.0], [17.0, 14.0, 11.0], [11.0, 60.0, 4.0], [24.0, 34.0, 22.0], [3.0, 61.0, 59.0], [27.0, 11.0, 28.0], [31.0, 51.0, 23.0], [10.0, 42.0, 56.0], [8.0, 22.0, 33.0], [19.0, 1.0, 54.0], [24.0, 11.0, 4.0], [24.0, 1.0, 41.0], [9.0, 62.0, 36.0], [9.0, 31.0, 12.0], [2.0, 62.0, 23.0], [13.0, 54.0, 63.0], [2.0, 62.0, 10.0]]","[0.7695336937904358, 0.6755449771881104, 0.674800455570221, 0.6239445805549622, 0.6135210990905762, 0.5947812795639038, 0.5928274393081665, 0.5804034471511841, 0.5729376673698425, 0.5559532046318054, 0.5372364521026611, 0.5361183285713196, 0.5016348958015442, 0.41767773032188416, 0.41115081310272217, 0.39590752124786377, 0.35796451568603516, 0.3423476219177246, 0.3200160264968872, 0.30896976590156555, 0.3057846128940582, 0.3053835332393646]"
variant_F3,train_6bba_t25_p35_isolated,train,6bba_bb9f20c3,25,isolated,0.3,1,20,0,0,1,2.1877232028983924,2.1877232028983924,,0,2.1877232028983924,1,0.7855291962623596,"[[6.0, 39.0, 34.0], [13.0, 60.0, 14.0], [8.0, 22.0, 9.0], [11.0, 61.0, 57.0], [6.0, 26.0, 63.0], [6.0, 41.0, 4.0], [14.0, 30.0, 10.0], [5.0, 62.0, 63.0], [4.0, 10.0, 18.0], [3.0, 14.0, 63.0], [10.0, 14.0, 38.0], [8.0, 4.0, 37.0], [3.0, 60.0, 6.0], [3.0, 9.0, 41.0], [5.0, 6.0, 7.0], [3.0, 61.0, 19.0], [14.0, 1.0, 6.0], [8.0, 1.0, 6.0], [3.0, 62.0, 46.0], [16.0, 1.0, 22.0]]","[0.7855291962623596, 0.6753182411193848, 0.664944589138031, 0.6554849147796631, 0.5970333218574524, 0.5940415263175964, 0.5857626795768738, 0.564979076385498, 0.5320879220962524, 0.4940217435359955, 0.4748569428920746, 0.4655208885669708, 0.46516960859298706, 0.45684531331062317, 0.4543548822402954, 0.44294384121894836, 0.4234512448310852, 0.4126102030277252, 0.3896833062171936, 0.377423495054245]"
variant_F3,train_6bba_t15_p36_isolated,train,6bba_bb9f20c3,15,isolated,0.3,1,22,1,1,1,0.40625,0.40625,0.40625,1,0.40625,1,0.709730327129364,"[[4.0, 16.0, 53.0], [16.0, 32.0, 31.0], [10.0, 19.0, 40.0], [18.0, 52.0, 24.0], [10.0, 36.0, 22.0], [20.0, 29.0, 25.0], [10.0, 37.0, 57.0], [7.0, 60.0, 22.0], [11.0, 61.0, 53.0], [4.0, 41.0, 54.0], [16.0, 9.0, 10.0], [12.0, 4.0, 16.0], [3.0, 60.0, 32.0], [24.0, 45.0, 11.0], [5.0, 61.0, 55.0], [7.0, 7.0, 17.0], [13.0, 60.0, 14.0], [25.0, 4.0, 37.0], [5.0, 42.0, 4.0], [15.0, 42.0, 6.0], [12.0, 1.0, 50.0], [20.0, 24.0, 3.0]]","[0.7402973771095276, 0.709730327129364, 0.702276349067688, 0.6561914086341858, 0.638430118560791, 0.6369856595993042, 0.6131173968315125, 0.5937072038650513, 0.5869576334953308, 0.5732507705688477, 0.5701018571853638, 0.5543376803398132, 0.541047215461731, 0.5384172201156616, 0.5076438188552856, 0.4887242615222931, 0.4727714955806732, 0.46402856707572937, 0.46107786893844604, 0.43770137429237366, 0.36798951029777527, 0.3138273060321808]"
variant_F3,train_6bba_t50_p37_isolated,train,6bba_bb9f20c3,50,isolated,0.3,1,21,1,1,1,0.9084026158592896,0.9084026158592896,0.9084026158592896,1,0.9084026158592896,1,0.6986619234085083,"[[16.0, 38.0, 6.0], [16.0, 31.0, 34.0], [6.0, 52.0, 38.0], [6.0, 36.0, 55.0], [14.0, 50.0, 46.0], [18.0, 6.0, 30.0], [14.0, 6.0, 21.0], [12.0, 28.0, 63.0], [15.0, 58.0, 10.0], [9.0, 60.0, 60.0], [13.0, 58.0, 26.0], [5.0, 55.0, 19.0], [9.0, 51.0, 4.0], [12.0, 22.0, 24.0], [17.0, 6.0, 63.0], [8.0, 31.0, 34.0], [12.0, 1.0, 48.0], [2.0, 61.0, 63.0], [17.0, 13.0, 4.0], [24.0, 10.0, 3.0], [10.0, 1.0, 63.0]]","[0.700018584728241, 0.6986619234085083, 0.6971732378005981, 0.6921626925468445, 0.683649480342865, 0.6729103922843933, 0.6549577116966248, 0.6245605945587158, 0.6200402975082397, 0.6128963232040405, 0.589760959148407, 0.5716686248779297, 0.5541051030158997, 0.5444522500038147, 0.5369284152984619, 0.5253247618675232, 0.5225756764411926, 0.48674002289772034, 0.45110490918159485, 0.4074195921421051, 0.3999381363391876]"
variant_F3,train_6bba_t50_p38_isolated,train,6bba_bb9f20c3,50,isolated,0.3,1,25,1,1,1,0.8125,0.8125,0.8125,1,0.8125,1,0.711195170879364,"[[19.0, 59.0, 31.0], [6.0, 30.0, 32.0], [8.0, 10.0, 30.0], [12.0, 50.0, 54.0], [22.0, 44.0, 6.0], [2.0, 43.0, 56.0], [8.0, 35.0, 56.0], [16.0, 14.0, 59.0], [14.0, 31.0, 46.0], [15.0, 61.0, 9.0], [13.0, 19.0, 15.0], [20.0, 24.0, 19.0], [20.0, 29.0, 36.0], [19.0, 61.0, 57.0], [14.0, 9.0, 37.0], [15.0, 21.0, 5.0], [10.0, 47.0, 18.0], [7.0, 46.0, 7.0], [15.0, 62.0, 54.0], [3.0, 47.0, 32.0], [14.0, 5.0, 4.0], [16.0, 42.0, 24.0], [8.0, 1.0, 51.0], [21.0, 3.0, 30.0], [25.0, 62.0, 9.0]]","[0.7187722325325012, 0.711195170879364, 0.6748775243759155, 0.6327610611915588, 0.6297455430030823, 0.6256523728370667, 0.6002523899078369, 0.5985594987869263, 0.568495512008667, 0.5630907416343689, 0.5545963048934937, 0.5520370006561279, 0.551423192024231, 0.5457960367202759, 0.5265983939170837, 0.5108034014701843, 0.5033999681472778, 0.5016281008720398, 0.4687595069408417, 0.4495749771595001, 0.4308691918849945, 0.3823730945587158, 0.36653584241867065, 0.32217901945114136, 0.31775546073913574]"
variant_F3,train_6bba_t30_p39_isolated,train,6bba_bb9f20c3,30,isolated,0.3,1,22,1,1,1,0.40625,0.40625,0.40625,1,0.40625,1,0.7886812686920166,"[[12.0, 32.0, 33.0], [16.0, 34.0, 6.0], [12.0, 27.0, 59.0], [2.0, 26.0, 56.0], [4.0, 48.0, 21.0], [21.0, 60.0, 22.0], [18.0, 28.0, 31.0], [8.0, 4.0, 30.0], [19.0, 4.0, 44.0], [2.0, 51.0, 57.0], [12.0, 9.0, 21.0], [17.0, 47.0, 59.0], [23.0, 19.0, 49.0], [16.0, 51.0, 4.0], [13.0, 62.0, 20.0], [12.0, 49.0, 34.0], [7.0, 61.0, 55.0], [9.0, 38.0, 14.0], [18.0, 9.0, 9.0], [8.0, 48.0, 63.0], [3.0, 60.0, 4.0], [15.0, 2.0, 63.0]]","[0.7886812686920166, 0.6573566794395447, 0.6219399571418762, 0.617316484451294, 0.5868265628814697, 0.5578652024269104, 0.5577064752578735, 0.5533342361450195, 0.5397378206253052, 0.5147461295127869, 0.506437361240387, 0.4934215247631073, 0.48537692427635193, 0.4759522080421448, 0.4640713632106781, 0.43330568075180054, 0.42869311571121216, 0.4275411069393158, 0.4221061170101166, 0.4188382923603058, 0.4175568222999573, 0.40008795261383057]"
variant_F3,train_6bba_t20_p40_boundary,train,6bba_bb9f20c3,20,boundary,0.3,1,19,1,1,1,0.9084026158592896,0.9084026158592896,0.9084026158592896,1,0.9084026158592896,1,0.7121260166168213,"[[10.0, 34.0, 32.0], [16.0, 13.0, 16.0], [7.0, 60.0, 30.0], [5.0, 59.0, 50.0], [15.0, 60.0, 4.0], [24.0, 11.0, 23.0], [8.0, 33.0, 50.0], [15.0, 58.0, 42.0], [22.0, 24.0, 5.0], [29.0, 48.0, 11.0], [15.0, 57.0, 30.0], [29.0, 62.0, 6.0], [10.0, 46.0, 63.0], [6.0, 14.0, 35.0], [20.0, 1.0, 6.0], [9.0, 61.0, 7.0], [3.0, 59.0, 16.0], [5.0, 13.0, 8.0], [16.0, 1.0, 36.0]]","[0.7694689631462097, 0.7121260166168213, 0.6814407110214233, 0.6667999029159546, 0.6152390837669373, 0.5426993370056152, 0.5341237783432007, 0.500368058681488, 0.4988693594932556, 0.475827693939209, 0.46947357058525085, 0.4464148283004761, 0.4412560760974884, 0.43011268973350525, 0.4221741855144501, 0.41319331526756287, 0.381747841835022, 0.3431791365146637, 0.3400467038154602]"
variant_F3,train_6bba_t55_p41_boundary,train,6bba_bb9f20c3,55,boundary,0.3,1,13,0,0,0,5.202538442914189,5.202538442914189,,0,,0,0.6417223811149597,"[[4.0, 42.0, 9.0], [10.0, 7.0, 14.0], [2.0, 6.0, 30.0], [16.0, 10.0, 42.0], [8.0, 33.0, 54.0], [3.0, 26.0, 29.0], [3.0, 60.0, 4.0], [3.0, 4.0, 63.0], [3.0, 61.0, 32.0], [0.0, 43.0, 41.0], [3.0, 61.0, 40.0], [2.0, 25.0, 6.0], [1.0, 28.0, 63.0]]","[0.7162166833877563, 0.6552994251251221, 0.6505031585693359, 0.6417223811149597, 0.6334103345870972, 0.5808829665184021, 0.5247364640235901, 0.4568391740322113, 0.4568299651145935, 0.4527679681777954, 0.44421812891960144, 0.408133864402771, 0.37184956669807434]"
variant_F3,train_6bba_t15_p42_boundary,train,6bba_bb9f20c3,15,boundary,0.3,1,22,1,1,1,0.8125,0.8125,0.8125,1,0.8125,1,0.7368693947792053,"[[16.0, 6.0, 20.0], [8.0, 24.0, 56.0], [8.0, 50.0, 26.0], [12.0, 20.0, 39.0], [4.0, 50.0, 50.0], [22.0, 7.0, 31.0], [9.0, 62.0, 6.0], [13.0, 60.0, 19.0], [14.0, 10.0, 6.0], [22.0, 33.0, 4.0], [12.0, 42.0, 58.0], [17.0, 53.0, 4.0], [17.0, 61.0, 11.0], [15.0, 57.0, 48.0], [16.0, 30.0, 38.0], [29.0, 60.0, 4.0], [29.0, 50.0, 4.0], [2.0, 51.0, 22.0], [22.0, 20.0, 3.0], [27.0, 1.0, 5.0], [3.0, 61.0, 11.0], [4.0, 33.0, 23.0]]","[0.7368693947792053, 0.728455662727356, 0.7277035713195801, 0.7263050675392151, 0.684129536151886, 0.6428175568580627, 0.5961357951164246, 0.5897520780563354, 0.5521610379219055, 0.5340792536735535, 0.5264280438423157, 0.5236354470252991, 0.5171520709991455, 0.48559796810150146, 0.46167728304862976, 0.4574905037879944, 0.45089074969291687, 0.4257887899875641, 0.42358553409576416, 0.4197990596294403, 0.4144553542137146, 0.35736697912216187]"
variant_F3,train_6bba_t55_p43_boundary,train,6bba_bb9f20c3,55,boundary,0.3,1,22,0,1,1,1.6750116604071745,1.6750116604071745,1.6750116604071745,1,1.6750116604071745,1,0.6670278906822205,"[[14.0, 37.0, 40.0], [2.0, 31.0, 32.0], [14.0, 7.0, 55.0], [4.0, 50.0, 8.0], [21.0, 60.0, 8.0], [17.0, 59.0, 54.0], [10.0, 51.0, 7.0], [4.0, 7.0, 34.0], [10.0, 23.0, 44.0], [10.0, 39.0, 56.0], [16.0, 18.0, 29.0], [5.0, 59.0, 44.0], [4.0, 18.0, 58.0], [7.0, 42.0, 20.0], [11.0, 6.0, 16.0], [4.0, 35.0, 59.0], [18.0, 35.0, 3.0], [18.0, 11.0, 14.0], [3.0, 5.0, 54.0], [7.0, 61.0, 59.0], [14.0, 20.0, 16.0], [12.0, 1.0, 36.0]]","[0.6806583404541016, 0.6670278906822205, 0.6444297432899475, 0.6424564123153687, 0.6407755613327026, 0.6215322613716125, 0.616751492023468, 0.6139854788780212, 0.6072686910629272, 0.6048955321311951, 0.5926997661590576, 0.5891072750091553, 0.5392168760299683, 0.5350684523582458, 0.527445375919342, 0.5268513560295105, 0.500497043132782, 0.4941042959690094, 0.4930401146411896, 0.4821741282939911, 0.4760727882385254, 0.30746015906333923]"
variant_F3,train_44b6_t40_p01_crowded,train,44b6_d29c9ab2,40,crowded,0.3,2,36,1,2,2,1.1115276158592895,1.1115276158592895,1.1115276158592895,2,1.1115276158592895,2,0.5590499937534332,"[[18.0, 28.0, 5.0], [12.0, 15.0, 39.0], [18.0, 14.0, 43.0], [2.0, 32.0, 30.0], [24.0, 28.0, 59.0], [13.0, 56.0, 37.0], [24.0, 16.0, 19.0], [18.0, 52.0, 41.0], [24.0, 37.0, 28.0], [20.0, 4.0, 54.0], [29.0, 56.0, 47.0], [4.0, 51.0, 26.0], [31.0, 16.0, 63.0], [28.0, 19.0, 22.0], [7.0, 14.0, 57.0], [9.0, 30.0, 29.0], [15.0, 33.0, 32.0], [22.0, 46.0, 58.0], [7.0, 60.0, 30.0], [28.0, 26.0, 47.0], [27.0, 48.0, 9.0], [24.0, 1.0, 22.0], [25.0, 61.0, 63.0], [5.0, 44.0, 63.0], [31.0, 42.0, 63.0], [23.0, 62.0, 26.0], [2.0, 16.0, 63.0], [6.0, 23.0, 4.0], [12.0, 14.0, 3.0], [11.0, 1.0, 16.0], [20.0, 1.0, 6.0], [31.0, 1.0, 32.0], [11.0, 1.0, 54.0], [26.0, 2.0, 63.0], [4.0, 42.0, 3.0], [15.0, 12.0, 63.0]]","[0.7774335741996765, 0.7020132541656494, 0.6657807230949402, 0.6603290438652039, 0.6567302942276001, 0.6559261679649353, 0.6411717534065247, 0.6106888651847839, 0.6065948009490967, 0.603818953037262, 0.6032949090003967, 0.5957520008087158, 0.5731914043426514, 0.5669516324996948, 0.5643236637115479, 0.5628255605697632, 0.5511483550071716, 0.5510066747665405, 0.5463125109672546, 0.5415022969245911, 0.4930269420146942, 0.477622389793396, 0.47686171531677246, 0.4637076258659363, 0.4629219174385071, 0.4622340202331543, 0.45030298829078674, 0.4373004138469696, 0.42987728118896484, 0.4114150404930115, 0.3975125253200531, 0.3964572250843048, 0.39154693484306335, 0.3857697546482086, 0.3215716779232025, 0.3156486451625824]"
variant_F3,train_44b6_t45_p02_crowded,train,44b6_d29c9ab2,45,crowded,0.3,2,28,1,2,2,0.7323776028286229,0.7323776028286229,0.7323776028286229,2,0.7323776028286229,2,0.6943970620632172,"[[24.0, 17.0, 38.0], [16.0, 49.0, 32.0], [20.0, 26.0, 56.0], [29.0, 59.0, 18.0], [30.0, 41.0, 10.0], [16.0, 5.0, 42.0], [4.0, 38.0, 13.0], [11.0, 60.0, 34.0], [7.0, 14.0, 22.0], [10.0, 36.0, 34.0], [31.0, 21.0, 24.0], [13.0, 41.0, 51.0], [30.0, 4.0, 20.0], [31.0, 22.0, 50.0], [22.0, 37.0, 4.0], [15.0, 57.0, 8.0], [24.0, 11.0, 12.0], [20.0, 37.0, 24.0], [31.0, 33.0, 56.0], [31.0, 48.0, 63.0], [4.0, 62.0, 14.0], [14.0, 36.0, 3.0], [21.0, 61.0, 63.0], [31.0, 50.0, 41.0], [3.0, 7.0, 4.0], [28.0, 1.0, 37.0], [15.0, 12.0, 3.0], [25.0, 50.0, 1.0]]","[0.7843313217163086, 0.7407634258270264, 0.7172084450721741, 0.6933730244636536, 0.6860048174858093, 0.6801767349243164, 0.6702961921691895, 0.648030698299408, 0.6295518279075623, 0.6171766519546509, 0.6120831966400146, 0.6005632281303406, 0.5954960584640503, 0.5943460464477539, 0.5904321074485779, 0.5784461498260498, 0.5756698250770569, 0.5552049875259399, 0.5252881050109863, 0.5032645463943481, 0.48072418570518494, 0.4599974751472473, 0.4384011924266815, 0.4160849452018738, 0.40736064314842224, 0.3655570149421692, 0.35408779978752136, 0.338387131690979]"
variant_F3,train_44b6_t55_p03_crowded,train,44b6_d29c9ab2,55,crowded,0.3,3,33,1,3,3,1.370402432065685,1.6750116604071745,1.370402432065685,3,1.370402432065685,3,0.5773924589157104,"[[22.0, 43.0, 18.0], [10.0, 52.0, 49.0], [18.0, 20.0, 49.0], [26.0, 18.0, 28.0], [4.0, 24.0, 10.0], [16.0, 52.0, 28.0], [8.0, 23.0, 28.0], [17.0, 37.0, 9.0], [28.0, 46.0, 8.0], [31.0, 18.0, 63.0], [31.0, 60.0, 46.0], [20.0, 6.0, 14.0], [6.0, 47.0, 7.0], [8.0, 12.0, 48.0], [17.0, 32.0, 33.0], [30.0, 11.0, 29.0], [30.0, 37.0, 42.0], [26.0, 41.0, 32.0], [22.0, 9.0, 41.0], [25.0, 1.0, 62.0], [5.0, 3.0, 29.0], [3.0, 13.0, 62.0], [31.0, 44.0, 30.0], [29.0, 3.0, 47.0], [7.0, 40.0, 22.0], [31.0, 36.0, 63.0], [25.0, 29.0, 4.0], [0.0, 21.0, 38.0], [17.0, 22.0, 63.0], [6.0, 62.0, 37.0], [16.0, 62.0, 6.0], [0.0, 62.0, 9.0], [23.0, 62.0, 42.0]]","[0.7020373940467834, 0.6645328402519226, 0.6619831323623657, 0.6493463516235352, 0.6355845928192139, 0.6234873533248901, 0.6110520362854004, 0.6108226180076599, 0.603858232498169, 0.6026820540428162, 0.6022966504096985, 0.6009073853492737, 0.5988457798957825, 0.5859399437904358, 0.5675186514854431, 0.5658283829689026, 0.5536066889762878, 0.5479972958564758, 0.538080096244812, 0.5118157863616943, 0.49923738837242126, 0.47715651988983154, 0.4584023952484131, 0.4531504213809967, 0.45312294363975525, 0.45250996947288513, 0.42500242590904236, 0.400092750787735, 0.3939763009548187, 0.37370458245277405, 0.37055060267448425, 0.35824620723724365, 0.30530959367752075]"
variant_F3,train_44b6_t40_p04_crowded,train,44b6_d29c9ab2,40,crowded,0.3,3,23,2,3,3,0.8764350772395263,0.40625,0.8764350772395263,3,0.8764350772395263,3,0.6693187157313029,"[[16.0, 33.0, 32.0], [6.0, 10.0, 11.0], [12.0, 38.0, 12.0], [16.0, 10.0, 37.0], [18.0, 48.0, 63.0], [12.0, 38.0, 56.0], [2.0, 30.0, 54.0], [3.0, 56.0, 46.0], [10.0, 50.0, 40.0], [10.0, 18.0, 4.0], [3.0, 60.0, 26.0], [7.0, 58.0, 14.0], [4.0, 33.0, 28.0], [21.0, 1.0, 63.0], [8.0, 18.0, 45.0], [15.0, 59.0, 6.0], [23.0, 22.0, 60.0], [9.0, 5.0, 59.0], [13.0, 56.0, 63.0], [12.0, 1.0, 19.0], [2.0, 35.0, 10.0], [2.0, 61.0, 63.0], [4.0, 1.0, 44.0]]","[0.8453139066696167, 0.7498086094856262, 0.7307568192481995, 0.7221931219100952, 0.7146886587142944, 0.7073009610176086, 0.6748296618461609, 0.6674405932426453, 0.6670536994934082, 0.648249626159668, 0.6284052729606628, 0.6190517544746399, 0.6122569441795349, 0.5842579007148743, 0.5771996378898621, 0.5718168616294861, 0.5677164793014526, 0.5503852963447571, 0.5443310141563416, 0.5422301888465881, 0.5169026851654053, 0.45251700282096863, 0.4167586863040924]"
variant_F3,train_44b6_t15_p05_crowded,train,44b6_d29c9ab2,15,crowded,0.3,3,28,3,3,3,0.43821753861976315,0.40625,0.43821753861976315,3,0.43821753861976315,3,0.6452698508898417,"[[16.0, 32.0, 35.0], [24.0, 42.0, 30.0], [30.0, 37.0, 32.0], [24.0, 4.0, 44.0], [22.0, 10.0, 18.0], [20.0, 52.0, 8.0], [10.0, 12.0, 22.0], [13.0, 30.0, 52.0], [27.0, 59.0, 30.0], [13.0, 45.0, 24.0], [20.0, 22.0, 59.0], [28.0, 10.0, 10.0], [7.0, 53.0, 42.0], [26.0, 40.0, 59.0], [9.0, 44.0, 63.0], [30.0, 20.0, 55.0], [31.0, 11.0, 14.0], [29.0, 55.0, 58.0], [16.0, 1.0, 32.0], [17.0, 34.0, 4.0], [17.0, 62.0, 59.0], [1.0, 45.0, 17.0], [9.0, 60.0, 4.0], [7.0, 62.0, 24.0], [31.0, 1.0, 62.0], [26.0, 1.0, 63.0], [10.0, 1.0, 4.0], [26.0, 18.0, 29.0]]","[0.7837036848068237, 0.7540279030799866, 0.677282989025116, 0.6750559210777283, 0.664746105670929, 0.6170007586479187, 0.6136661767959595, 0.6063309907913208, 0.5893035531044006, 0.5809521675109863, 0.5788722634315491, 0.575252890586853, 0.574239194393158, 0.5717148184776306, 0.5711537003517151, 0.568625807762146, 0.5586516857147217, 0.5299184322357178, 0.5247154235839844, 0.5125588774681091, 0.5026572942733765, 0.5006939768791199, 0.4907515048980713, 0.48155272006988525, 0.41926461458206177, 0.3991023600101471, 0.3693588674068451, 0.3612198829650879]"
variant_F3,train_44b6_t20_p06_crowded,train,44b6_d29c9ab2,20,crowded,0.3,2,30,2,2,2,0.2872621298570349,0.2872621298570349,0.2872621298570349,2,0.2872621298570349,2,0.622520387172699,"[[22.0, 4.0, 52.0], [26.0, 43.0, 24.0], [12.0, 26.0, 26.0], [20.0, 27.0, 43.0], [12.0, 4.0, 36.0], [18.0, 50.0, 44.0], [26.0, 5.0, 8.0], [24.0, 47.0, 58.0], [26.0, 21.0, 26.0], [28.0, 38.0, 8.0], [31.0, 27.0, 44.0], [30.0, 6.0, 44.0], [6.0, 39.0, 40.0], [16.0, 26.0, 33.0], [25.0, 62.0, 8.0], [14.0, 53.0, 29.0], [5.0, 5.0, 19.0], [24.0, 26.0, 63.0], [4.0, 34.0, 7.0], [8.0, 49.0, 4.0], [23.0, 62.0, 22.0], [29.0, 1.0, 63.0], [13.0, 50.0, 63.0], [9.0, 62.0, 52.0], [1.0, 62.0, 6.0], [30.0, 62.0, 37.0], [23.0, 62.0, 48.0], [13.0, 1.0, 4.0], [22.0, 29.0, 1.0], [21.0, 47.0, 1.0]]","[0.6948609948158264, 0.6743286848068237, 0.6573600172996521, 0.6552280187606812, 0.6493104100227356, 0.6407600045204163, 0.6292293667793274, 0.626396119594574, 0.620252788066864, 0.5996168255805969, 0.5971145629882812, 0.5958417654037476, 0.5955262780189514, 0.5898127555847168, 0.5815803408622742, 0.5672377347946167, 0.5435223579406738, 0.535017728805542, 0.5329017043113708, 0.5221878290176392, 0.4855583906173706, 0.48083576560020447, 0.4647686779499054, 0.43772220611572266, 0.4375901222229004, 0.40920403599739075, 0.40006837248802185, 0.38036128878593445, 0.3650073707103729, 0.3013620972633362]"
variant_F3,train_44b6_t40_p07_crowded,train,44b6_d29c9ab2,40,crowded,0.3,2,25,1,2,2,1.0406308302035874,1.0406308302035874,1.0406308302035874,2,1.0406308302035874,2,0.6708725392818451,"[[10.0, 40.0, 31.0], [26.0, 13.0, 54.0], [12.0, 17.0, 46.0], [26.0, 26.0, 20.0], [16.0, 32.0, 33.0], [11.0, 59.0, 14.0], [31.0, 60.0, 26.0], [4.0, 50.0, 5.0], [22.0, 31.0, 34.0], [31.0, 15.0, 36.0], [25.0, 59.0, 10.0], [31.0, 22.0, 12.0], [18.0, 50.0, 24.0], [31.0, 54.0, 6.0], [23.0, 61.0, 35.0], [25.0, 42.0, 49.0], [31.0, 45.0, 22.0], [29.0, 58.0, 63.0], [31.0, 35.0, 52.0], [31.0, 14.0, 57.0], [20.0, 1.0, 14.0], [22.0, 1.0, 46.0], [31.0, 1.0, 5.0], [30.0, 62.0, 46.0], [9.0, 62.0, 43.0]]","[0.7565686106681824, 0.7266220450401306, 0.7166844010353088, 0.7121001482009888, 0.6876503229141235, 0.6852493286132812, 0.6706772446632385, 0.654167652130127, 0.6540947556495667, 0.6289406418800354, 0.6044368743896484, 0.582746684551239, 0.5759521722793579, 0.5624344944953918, 0.5588518977165222, 0.5555523037910461, 0.5367280840873718, 0.5367047190666199, 0.5103955864906311, 0.4914948344230652, 0.47653573751449585, 0.41115427017211914, 0.3782487213611603, 0.33144211769104004, 0.3281458616256714]"
variant_F3,train_44b6_t50_p08_crowded,train,44b6_d29c9ab2,50,crowded,0.3,3,34,0,3,3,1.499690613414163,1.6750116604071745,1.499690613414163,3,1.499690613414163,3,0.6428352395693461,"[[24.0, 30.0, 47.0], [8.0, 19.0, 46.0], [18.0, 6.0, 22.0], [4.0, 41.0, 20.0], [26.0, 30.0, 21.0], [24.0, 43.0, 4.0], [15.0, 31.0, 20.0], [15.0, 62.0, 20.0], [26.0, 48.0, 58.0], [17.0, 32.0, 47.0], [12.0, 43.0, 4.0], [20.0, 15.0, 4.0], [20.0, 8.0, 55.0], [30.0, 31.0, 50.0], [5.0, 8.0, 63.0], [13.0, 4.0, 5.0], [16.0, 52.0, 51.0], [29.0, 4.0, 39.0], [21.0, 62.0, 10.0], [26.0, 3.0, 9.0], [2.0, 24.0, 30.0], [17.0, 18.0, 63.0], [5.0, 41.0, 44.0], [23.0, 47.0, 28.0], [5.0, 7.0, 4.0], [30.0, 54.0, 63.0], [29.0, 51.0, 14.0], [11.0, 52.0, 63.0], [4.0, 1.0, 40.0], [29.0, 39.0, 11.0], [23.0, 46.0, 46.0], [11.0, 62.0, 5.0], [28.0, 2.0, 63.0], [4.0, 62.0, 49.0]]","[0.7497349381446838, 0.7353376150131226, 0.647271990776062, 0.6341695189476013, 0.6322373747825623, 0.6210718750953674, 0.6178542971611023, 0.6176584362983704, 0.6174180507659912, 0.6162433624267578, 0.6106577515602112, 0.5918741822242737, 0.5885425806045532, 0.576924741268158, 0.5750756859779358, 0.5622815489768982, 0.5592503547668457, 0.5573555827140808, 0.539827287197113, 0.5392941832542419, 0.5201526284217834, 0.5131882429122925, 0.5034485459327698, 0.48441553115844727, 0.47385308146476746, 0.45982611179351807, 0.4565472900867462, 0.45324042439460754, 0.44599398970603943, 0.43665212392807007, 0.4127940833568573, 0.3681994378566742, 0.342905193567276, 0.330844521522522]"
variant_F3,train_44b6_t10_p09_crowded,train,44b6_d29c9ab2,10,crowded,0.3,2,29,2,2,2,0.8604513079296447,0.8604513079296447,0.8604513079296447,2,0.8604513079296447,2,0.7222563624382019,"[[16.0, 23.0, 30.0], [12.0, 47.0, 16.0], [20.0, 50.0, 16.0], [27.0, 58.0, 44.0], [26.0, 11.0, 54.0], [20.0, 8.0, 59.0], [22.0, 22.0, 24.0], [14.0, 45.0, 35.0], [6.0, 47.0, 33.0], [15.0, 60.0, 63.0], [29.0, 35.0, 57.0], [7.0, 6.0, 6.0], [4.0, 53.0, 52.0], [15.0, 6.0, 45.0], [20.0, 49.0, 59.0], [10.0, 19.0, 15.0], [26.0, 11.0, 18.0], [18.0, 3.0, 21.0], [5.0, 31.0, 42.0], [21.0, 28.0, 63.0], [31.0, 17.0, 54.0], [21.0, 62.0, 48.0], [23.0, 62.0, 58.0], [23.0, 40.0, 1.0], [9.0, 62.0, 14.0], [2.0, 1.0, 28.0], [1.0, 37.0, 27.0], [10.0, 24.0, 63.0], [0.0, 16.0, 13.0]]","[0.743114173412323, 0.7366628646850586, 0.7105919718742371, 0.7013985514640808, 0.6901096105575562, 0.6830138564109802, 0.6379375457763672, 0.6308456063270569, 0.6193558573722839, 0.6151555776596069, 0.5919710993766785, 0.5893294215202332, 0.5872861742973328, 0.5792803168296814, 0.5743244290351868, 0.5734013319015503, 0.5728501677513123, 0.5689018368721008, 0.5649959444999695, 0.5643972158432007, 0.5410487651824951, 0.5262956023216248, 0.4909815788269043, 0.4605844020843506, 0.44906097650527954, 0.43853336572647095, 0.4181729555130005, 0.3127973675727844, 0.30579331517219543]"
variant_F3,train_44b6_t30_p10_crowded,train,44b6_d29c9ab2,30,crowded,0.3,3,31,2,2,2,1.665398275368525,0.9084026158592896,0.8604513079296447,2,0.8604513079296447,2,0.6051738460858663,"[[18.0, 15.0, 54.0], [10.0, 49.0, 16.0], [22.0, 34.0, 34.0], [26.0, 10.0, 32.0], [18.0, 7.0, 30.0], [15.0, 60.0, 39.0], [6.0, 15.0, 26.0], [8.0, 23.0, 46.0], [18.0, 33.0, 32.0], [25.0, 58.0, 44.0], [22.0, 50.0, 14.0], [30.0, 15.0, 38.0], [13.0, 62.0, 22.0], [7.0, 60.0, 63.0], [16.0, 26.0, 10.0], [18.0, 42.0, 63.0], [24.0, 43.0, 4.0], [31.0, 13.0, 58.0], [7.0, 3.0, 47.0], [6.0, 51.0, 6.0], [3.0, 61.0, 37.0], [17.0, 60.0, 63.0], [3.0, 4.0, 4.0], [3.0, 37.0, 38.0], [2.0, 27.0, 17.0], [26.0, 1.0, 48.0], [27.0, 59.0, 8.0], [13.0, 1.0, 10.0], [1.0, 62.0, 12.0], [27.0, 1.0, 5.0], [29.0, 51.0, 18.0]]","[0.7324959635734558, 0.7052677273750305, 0.6935130953788757, 0.6847912073135376, 0.6675546765327454, 0.6655928492546082, 0.6421575546264648, 0.6284157037734985, 0.6141105890274048, 0.59772789478302, 0.5824487805366516, 0.5729952454566956, 0.5726446509361267, 0.5723704695701599, 0.5697842240333557, 0.5627428889274597, 0.5606910586357117, 0.5480468273162842, 0.5361539721488953, 0.5322169661521912, 0.5065829753875732, 0.4952057898044586, 0.48701101541519165, 0.4720059037208557, 0.47056859731674194, 0.46041902899742126, 0.44628700613975525, 0.43019649386405945, 0.4034028947353363, 0.40147697925567627, 0.3934918940067291]"
variant_F3,train_44b6_t35_p11_crowded,train,44b6_d29c9ab2,35,crowded,0.3,4,30,4,4,4,0.3888246298570349,0.4903871298570349,0.3888246298570349,4,0.3888246298570349,4,0.6707505136728287,"[[24.0, 39.0, 18.0], [14.0, 28.0, 5.0], [2.0, 42.0, 23.0], [31.0, 14.0, 59.0], [10.0, 48.0, 39.0], [20.0, 53.0, 52.0], [11.0, 49.0, 13.0], [14.0, 31.0, 28.0], [6.0, 49.0, 50.0], [2.0, 18.0, 30.0], [13.0, 14.0, 44.0], [27.0, 60.0, 63.0], [16.0, 33.0, 50.0], [31.0, 39.0, 54.0], [18.0, 10.0, 63.0], [17.0, 58.0, 5.0], [20.0, 51.0, 6.0], [22.0, 15.0, 22.0], [3.0, 29.0, 4.0], [25.0, 29.0, 38.0], [25.0, 1.0, 46.0], [28.0, 3.0, 22.0], [13.0, 60.0, 63.0], [14.0, 3.0, 5.0], [24.0, 26.0, 63.0], [1.0, 40.0, 63.0], [3.0, 62.0, 36.0], [20.0, 1.0, 33.0], [2.0, 1.0, 26.0], [5.0, 1.0, 42.0]]","[0.754393994808197, 0.6718218326568604, 0.6680507659912109, 0.6585866808891296, 0.654381275177002, 0.6502982378005981, 0.6461572051048279, 0.6427647471427917, 0.6422213315963745, 0.6323453783988953, 0.6297549605369568, 0.6144034266471863, 0.6144000887870789, 0.594218373298645, 0.5799443125724792, 0.5777558088302612, 0.576646089553833, 0.5625560879707336, 0.5624539852142334, 0.5347455739974976, 0.4966650903224945, 0.49530312418937683, 0.48025959730148315, 0.4418177604675293, 0.44008153676986694, 0.43456774950027466, 0.4307723641395569, 0.419017493724823, 0.4117591679096222, 0.3597389757633209]"
variant_F3,train_44b6_t45_p12_crowded,train,44b6_d29c9ab2,45,crowded,0.3,2,26,1,2,2,0.8375058302035873,0.8375058302035873,0.8375058302035873,2,0.8375058302035873,2,0.6147961020469666,"[[10.0, 35.0, 28.0], [26.0, 8.0, 48.0], [31.0, 60.0, 24.0], [16.0, 32.0, 32.0], [25.0, 60.0, 10.0], [23.0, 60.0, 44.0], [11.0, 23.0, 51.0], [31.0, 11.0, 32.0], [13.0, 59.0, 13.0], [19.0, 15.0, 43.0], [24.0, 37.0, 40.0], [30.0, 31.0, 20.0], [4.0, 52.0, 4.0], [30.0, 51.0, 4.0], [26.0, 42.0, 58.0], [20.0, 50.0, 26.0], [31.0, 8.0, 47.0], [30.0, 32.0, 63.0], [11.0, 62.0, 40.0], [21.0, 3.0, 15.0], [29.0, 1.0, 14.0], [31.0, 58.0, 63.0], [29.0, 1.0, 63.0], [31.0, 43.0, 31.0], [26.0, 34.0, 1.0], [31.0, 31.0, 4.0]]","[0.8316078782081604, 0.688877522945404, 0.6639515161514282, 0.6573426127433777, 0.653605580329895, 0.6462686657905579, 0.5989023447036743, 0.5868468880653381, 0.5853733420372009, 0.5848521590232849, 0.5722495913505554, 0.5617968440055847, 0.5361024737358093, 0.5274359583854675, 0.524169385433197, 0.5201080441474915, 0.5199315547943115, 0.486603319644928, 0.46205732226371765, 0.46159645915031433, 0.4500133991241455, 0.43153032660484314, 0.42390283942222595, 0.3767828345298767, 0.3699084520339966, 0.31999754905700684]"
variant_F3,train_44b6_t25_p13_crowded,train,44b6_d29c9ab2,25,crowded,0.3,2,28,2,2,2,0.40625,0.40625,0.40625,2,0.40625,2,0.6721453368663788,"[[24.0, 47.0, 14.0], [6.0, 44.0, 37.0], [14.0, 11.0, 43.0], [16.0, 32.0, 33.0], [12.0, 31.0, 26.0], [24.0, 5.0, 48.0], [22.0, 37.0, 42.0], [4.0, 36.0, 8.0], [30.0, 13.0, 40.0], [26.0, 46.0, 54.0], [31.0, 32.0, 39.0], [15.0, 58.0, 18.0], [24.0, 25.0, 59.0], [29.0, 55.0, 6.0], [26.0, 28.0, 22.0], [19.0, 53.0, 38.0], [11.0, 54.0, 63.0], [28.0, 15.0, 4.0], [9.0, 61.0, 4.0], [15.0, 3.0, 5.0], [30.0, 1.0, 62.0], [30.0, 1.0, 54.0], [31.0, 61.0, 59.0], [3.0, 62.0, 15.0], [9.0, 1.0, 34.0], [31.0, 1.0, 27.0], [31.0, 44.0, 63.0], [31.0, 60.0, 41.0]]","[0.7755382657051086, 0.7135476469993591, 0.7002318501472473, 0.6999400854110718, 0.6802803874015808, 0.6757195591926575, 0.6443505883216858, 0.6209827065467834, 0.6161044836044312, 0.6086651086807251, 0.6036553978919983, 0.5937418341636658, 0.5766635537147522, 0.5682393312454224, 0.5574191808700562, 0.5229169726371765, 0.5099663138389587, 0.5037295818328857, 0.49390819668769836, 0.4519323408603668, 0.4402371644973755, 0.42472976446151733, 0.4171210527420044, 0.40764522552490234, 0.40740907192230225, 0.3944334089756012, 0.3193522095680237, 0.31130900979042053]"
variant_F3,train_44b6_t10_p14_crowded,train,44b6_d29c9ab2,10,crowded,0.3,2,27,1,2,2,1.0649113895711046,1.0649113895711046,1.0649113895711046,2,1.0649113895711046,2,0.6887811422348022,"[[22.0, 11.0, 44.0], [14.0, 37.0, 24.0], [6.0, 36.0, 11.0], [28.0, 50.0, 29.0], [19.0, 58.0, 40.0], [28.0, 13.0, 12.0], [26.0, 46.0, 40.0], [24.0, 37.0, 59.0], [17.0, 11.0, 31.0], [12.0, 53.0, 44.0], [22.0, 23.0, 9.0], [28.0, 21.0, 38.0], [11.0, 13.0, 20.0], [17.0, 29.0, 44.0], [20.0, 52.0, 9.0], [13.0, 58.0, 13.0], [4.0, 19.0, 27.0], [8.0, 53.0, 8.0], [21.0, 54.0, 63.0], [13.0, 26.0, 63.0], [28.0, 1.0, 37.0], [1.0, 46.0, 4.0], [3.0, 62.0, 4.0], [25.0, 16.0, 63.0], [31.0, 39.0, 53.0], [23.0, 1.0, 4.0], [12.0, 52.0, 63.0]]","[0.740074872970581, 0.7360272407531738, 0.7199496030807495, 0.6960963010787964, 0.6731069087982178, 0.6604017615318298, 0.64345383644104, 0.6378886103630066, 0.6374874114990234, 0.620902419090271, 0.616386353969574, 0.6151038408279419, 0.5992355942726135, 0.5958810448646545, 0.5894089341163635, 0.5884681940078735, 0.582862377166748, 0.5555963516235352, 0.5229966044425964, 0.4940783679485321, 0.4534382224082947, 0.4408329129219055, 0.43564969301223755, 0.42625561356544495, 0.4157284200191498, 0.41538259387016296, 0.41526299715042114]"
variant_F3,train_44b6_t25_p15_crowded,train,44b6_d29c9ab2,25,crowded,0.3,4,25,3,4,4,0.795074629857035,0.5745242597140698,0.795074629857035,4,0.795074629857035,4,0.6713843047618866,"[[20.0, 17.0, 26.0], [24.0, 16.0, 23.0], [20.0, 45.0, 20.0], [22.0, 5.0, 46.0], [2.0, 30.0, 38.0], [11.0, 47.0, 20.0], [12.0, 29.0, 38.0], [20.0, 42.0, 44.0], [2.0, 25.0, 16.0], [13.0, 18.0, 19.0], [12.0, 52.0, 52.0], [13.0, 10.0, 54.0], [17.0, 32.0, 59.0], [3.0, 57.0, 4.0], [23.0, 60.0, 4.0], [29.0, 41.0, 58.0], [2.0, 9.0, 30.0], [17.0, 59.0, 10.0], [19.0, 62.0, 43.0], [26.0, 17.0, 50.0], [3.0, 60.0, 63.0], [3.0, 61.0, 50.0], [22.0, 2.0, 3.0], [13.0, 39.0, 3.0], [0.0, 47.0, 18.0]]","[0.7283587455749512, 0.7250546813011169, 0.7244018912315369, 0.6997613310813904, 0.6911492943763733, 0.6654969453811646, 0.6611204147338867, 0.644582211971283, 0.6431724429130554, 0.6352877616882324, 0.6211704611778259, 0.6135281324386597, 0.6038362979888916, 0.588410496711731, 0.5882458090782166, 0.5868792533874512, 0.5845879316329956, 0.5752918124198914, 0.515433132648468, 0.47657260298728943, 0.47472450137138367, 0.4661940336227417, 0.39288341999053955, 0.3910015821456909, 0.3170450031757355]"
variant_F3,train_44b6_t30_p16_crowded,train,44b6_d29c9ab2,30,crowded,0.3,2,26,2,2,2,0.4903871298570349,0.4903871298570349,0.4903871298570349,2,0.4903871298570349,2,0.6634892523288727,"[[26.0, 22.0, 28.0], [18.0, 46.0, 5.0], [16.0, 33.0, 32.0], [8.0, 53.0, 16.0], [4.0, 34.0, 30.0], [7.0, 15.0, 42.0], [20.0, 22.0, 54.0], [3.0, 59.0, 6.0], [27.0, 60.0, 40.0], [19.0, 42.0, 51.0], [24.0, 13.0, 4.0], [10.0, 30.0, 28.0], [28.0, 50.0, 25.0], [16.0, 4.0, 42.0], [22.0, 28.0, 18.0], [14.0, 46.0, 22.0], [31.0, 19.0, 52.0], [31.0, 10.0, 31.0], [13.0, 17.0, 46.0], [26.0, 51.0, 4.0], [17.0, 62.0, 36.0], [14.0, 1.0, 4.0], [30.0, 42.0, 63.0], [27.0, 1.0, 63.0], [24.0, 1.0, 50.0], [24.0, 38.0, 63.0]]","[0.7693370580673218, 0.7438099384307861, 0.7255317568778992, 0.7141464948654175, 0.6862596273422241, 0.6818370223045349, 0.6642464995384216, 0.6631375551223755, 0.6515190005302429, 0.6486644148826599, 0.6206303834915161, 0.6014467477798462, 0.5974763035774231, 0.5825527906417847, 0.573985755443573, 0.5675511956214905, 0.5630674958229065, 0.5512437224388123, 0.543842613697052, 0.5336870551109314, 0.4661915600299835, 0.45712530612945557, 0.4361579418182373, 0.3681946396827698, 0.3518218398094177, 0.3292962908744812]"
variant_F3,train_44b6_t15_p17_crowded,train,44b6_d29c9ab2,15,crowded,0.3,2,29,2,2,2,0.40625,0.40625,0.40625,2,0.40625,2,0.7013186812400818,"[[22.0, 26.0, 43.0], [28.0, 26.0, 10.0], [26.0, 32.0, 29.0], [6.0, 50.0, 16.0], [16.0, 50.0, 29.0], [16.0, 21.0, 32.0], [11.0, 60.0, 59.0], [11.0, 27.0, 24.0], [12.0, 5.0, 26.0], [24.0, 19.0, 4.0], [5.0, 30.0, 34.0], [22.0, 40.0, 6.0], [28.0, 9.0, 30.0], [24.0, 41.0, 59.0], [25.0, 57.0, 34.0], [31.0, 55.0, 49.0], [31.0, 20.0, 48.0], [18.0, 41.0, 39.0], [21.0, 3.0, 37.0], [26.0, 22.0, 63.0], [1.0, 59.0, 7.0], [23.0, 62.0, 58.0], [31.0, 60.0, 36.0], [11.0, 62.0, 38.0], [5.0, 61.0, 7.0], [11.0, 2.0, 63.0], [23.0, 1.0, 53.0], [15.0, 1.0, 4.0], [30.0, 61.0, 9.0]]","[0.7442639470100403, 0.6665332913398743, 0.6610673069953918, 0.6609646677970886, 0.6601212024688721, 0.6583734154701233, 0.6514109969139099, 0.6513732671737671, 0.6270798444747925, 0.6134304404258728, 0.6075431108474731, 0.5919964909553528, 0.5737842321395874, 0.5681389570236206, 0.5545576810836792, 0.5467727184295654, 0.5410571098327637, 0.5404170751571655, 0.5203179717063904, 0.5155388116836548, 0.5132854580879211, 0.5021616816520691, 0.4841151535511017, 0.4773593842983246, 0.4686572253704071, 0.43570801615715027, 0.3988354504108429, 0.3461080491542816, 0.3443768322467804]"
variant_F3,train_44b6_t55_p18_crowded,train,44b6_d29c9ab2,55,crowded,0.3,2,28,2,2,2,0.0,0.0,0.0,2,0.0,2,0.6279341876506805,"[[24.0, 8.0, 20.0], [26.0, 46.0, 26.0], [4.0, 34.0, 25.0], [22.0, 50.0, 20.0], [16.0, 32.0, 32.0], [12.0, 45.0, 19.0], [29.0, 60.0, 63.0], [5.0, 59.0, 12.0], [17.0, 56.0, 44.0], [11.0, 27.0, 26.0], [28.0, 34.0, 22.0], [21.0, 39.0, 49.0], [13.0, 14.0, 38.0], [5.0, 21.0, 40.0], [28.0, 6.0, 46.0], [23.0, 19.0, 59.0], [23.0, 47.0, 4.0], [18.0, 4.0, 46.0], [21.0, 26.0, 11.0], [30.0, 5.0, 28.0], [4.0, 47.0, 56.0], [21.0, 62.0, 11.0], [9.0, 4.0, 63.0], [31.0, 47.0, 50.0], [27.0, 20.0, 39.0], [23.0, 62.0, 58.0], [30.0, 62.0, 47.0], [2.0, 62.0, 35.0]]","[0.7116020321846008, 0.7029975056648254, 0.6720065474510193, 0.6620332598686218, 0.6468653678894043, 0.6413623094558716, 0.6345990896224976, 0.6204403042793274, 0.6177011728286743, 0.6090030074119568, 0.5993759632110596, 0.598042905330658, 0.5845199823379517, 0.5753070712089539, 0.563209593296051, 0.5621596574783325, 0.556890606880188, 0.551232099533081, 0.5452994704246521, 0.5395441651344299, 0.4843423366546631, 0.4197023808956146, 0.4060598909854889, 0.4033541679382324, 0.38878196477890015, 0.38372111320495605, 0.36440134048461914, 0.33951523900032043]"
variant_F3,train_44b6_t35_p19_crowded,train,44b6_d29c9ab2,35,crowded,0.3,2,24,1,2,2,1.015625,1.015625,1.015625,2,1.015625,2,0.6977683901786804,"[[24.0, 50.0, 8.0], [12.0, 37.0, 32.0], [22.0, 36.0, 38.0], [26.0, 20.0, 57.0], [16.0, 33.0, 32.0], [13.0, 58.0, 14.0], [12.0, 19.0, 47.0], [31.0, 26.0, 10.0], [28.0, 33.0, 22.0], [31.0, 60.0, 36.0], [31.0, 57.0, 6.0], [4.0, 51.0, 9.0], [26.0, 45.0, 53.0], [22.0, 4.0, 44.0], [20.0, 5.0, 14.0], [31.0, 18.0, 34.0], [21.0, 55.0, 30.0], [25.0, 62.0, 38.0], [31.0, 17.0, 52.0], [20.0, 18.0, 54.0], [18.0, 51.0, 28.0], [31.0, 1.0, 15.0], [31.0, 60.0, 59.0], [31.0, 40.0, 63.0]]","[0.7505033016204834, 0.7257784008979797, 0.7153535485267639, 0.6804014444351196, 0.6801832318305969, 0.6403628587722778, 0.637816846370697, 0.6220332384109497, 0.6084646582603455, 0.6084339618682861, 0.6023420691490173, 0.5908924341201782, 0.5611593127250671, 0.5190706849098206, 0.5189887285232544, 0.5098441243171692, 0.4739878177642822, 0.46952253580093384, 0.4543866217136383, 0.45207199454307556, 0.4301205277442932, 0.4059184193611145, 0.3862837851047516, 0.3706549406051636]"
variant_F3,train_44b6_t35_p20_crowded,train,44b6_d29c9ab2,35,crowded,0.3,2,23,2,2,2,0.40625,0.40625,0.40625,2,0.40625,2,0.7183254361152649,"[[18.0, 34.0, 38.0], [26.0, 35.0, 8.0], [20.0, 12.0, 20.0], [29.0, 58.0, 18.0], [26.0, 4.0, 40.0], [20.0, 12.0, 56.0], [20.0, 27.0, 4.0], [5.0, 46.0, 19.0], [24.0, 52.0, 42.0], [10.0, 20.0, 25.0], [14.0, 45.0, 32.0], [31.0, 13.0, 11.0], [30.0, 35.0, 46.0], [31.0, 4.0, 28.0], [17.0, 43.0, 6.0], [15.0, 29.0, 57.0], [26.0, 35.0, 44.0], [19.0, 62.0, 58.0], [7.0, 21.0, 4.0], [11.0, 1.0, 14.0], [21.0, 62.0, 24.0], [25.0, 9.0, 4.0], [17.0, 1.0, 4.0]]","[0.7972084879875183, 0.7749223709106445, 0.7413579821586609, 0.7112085819244385, 0.7092096209526062, 0.7040227055549622, 0.7026520371437073, 0.667289137840271, 0.6626790761947632, 0.6539373993873596, 0.6394423842430115, 0.6000776290893555, 0.5999564528465271, 0.5691583752632141, 0.5663198232650757, 0.5498754382133484, 0.4950295388698578, 0.49242642521858215, 0.47348159551620483, 0.4708779752254486, 0.4374699592590332, 0.4035158157348633, 0.3443945646286011]"
variant_F3,train_44b6_t20_p21_crowded,train,44b6_d29c9ab2,20,crowded,0.3,2,25,2,2,2,0.203125,0.203125,0.203125,2,0.203125,2,0.6791040897369385,"[[24.0, 34.0, 42.0], [16.0, 32.0, 46.0], [26.0, 21.0, 20.0], [24.0, 38.0, 4.0], [11.0, 55.0, 19.0], [13.0, 60.0, 49.0], [17.0, 57.0, 4.0], [22.0, 42.0, 23.0], [28.0, 12.0, 51.0], [12.0, 21.0, 23.0], [31.0, 52.0, 9.0], [8.0, 33.0, 12.0], [24.0, 51.0, 59.0], [16.0, 10.0, 34.0], [31.0, 42.0, 40.0], [28.0, 36.0, 63.0], [23.0, 62.0, 17.0], [11.0, 3.0, 4.0], [31.0, 1.0, 4.0], [31.0, 19.0, 32.0], [31.0, 61.0, 53.0], [31.0, 1.0, 38.0], [6.0, 45.0, 4.0], [3.0, 38.0, 21.0], [31.0, 35.0, 4.0]]","[0.7802587747573853, 0.7231764197349548, 0.6933299899101257, 0.675166130065918, 0.6650601029396057, 0.6630098223686218, 0.6354496479034424, 0.6350317597389221, 0.6152555346488953, 0.6148414015769958, 0.6115503311157227, 0.6001498699188232, 0.5939298868179321, 0.5909281969070435, 0.5684624314308167, 0.5139613151550293, 0.48906150460243225, 0.4767453968524933, 0.46230635046958923, 0.4514637291431427, 0.44232177734375, 0.43461987376213074, 0.3359488546848297, 0.325192391872406, 0.32193630933761597]"
variant_F3,train_44b6_t30_p22_crowded,train,44b6_d29c9ab2,30,crowded,0.3,2,23,2,2,2,0.5745242597140698,0.5745242597140698,0.5745242597140698,2,0.5745242597140698,2,0.7349340915679932,"[[26.0, 22.0, 13.0], [18.0, 26.0, 38.0], [21.0, 58.0, 30.0], [28.0, 51.0, 24.0], [7.0, 60.0, 6.0], [20.0, 6.0, 58.0], [19.0, 60.0, 60.0], [20.0, 6.0, 26.0], [14.0, 36.0, 33.0], [11.0, 60.0, 58.0], [20.0, 20.0, 4.0], [24.0, 49.0, 46.0], [4.0, 44.0, 21.0], [30.0, 25.0, 52.0], [31.0, 4.0, 10.0], [15.0, 15.0, 58.0], [17.0, 33.0, 4.0], [8.0, 12.0, 22.0], [31.0, 4.0, 48.0], [26.0, 1.0, 42.0], [19.0, 62.0, 4.0], [31.0, 48.0, 63.0], [4.0, 62.0, 23.0]]","[0.8171619772911072, 0.8038599491119385, 0.7082856893539429, 0.6818114519119263, 0.677200973033905, 0.6753813028335571, 0.6725111603736877, 0.6666796207427979, 0.6660082340240479, 0.6525622010231018, 0.6522008180618286, 0.6411373019218445, 0.5835207104682922, 0.5783109664916992, 0.5765478610992432, 0.5662270784378052, 0.5517241358757019, 0.53038489818573, 0.4594355821609497, 0.44689077138900757, 0.440186470746994, 0.42976662516593933, 0.3733830749988556]"
variant_F3,train_44b6_t50_p23_crowded,train,44b6_d29c9ab2,50,crowded,0.3,2,28,1,1,1,2.4854513079296447,2.4854513079296447,0.9084026158592896,1,0.9084026158592896,1,0.6653897166252136,"[[24.0, 6.0, 45.0], [30.0, 28.0, 13.0], [23.0, 60.0, 34.0], [18.0, 26.0, 32.0], [29.0, 62.0, 46.0], [24.0, 6.0, 19.0], [10.0, 45.0, 38.0], [13.0, 25.0, 57.0], [6.0, 20.0, 37.0], [4.0, 26.0, 11.0], [31.0, 9.0, 28.0], [7.0, 60.0, 24.0], [21.0, 52.0, 60.0], [16.0, 47.0, 15.0], [30.0, 34.0, 38.0], [26.0, 47.0, 30.0], [19.0, 2.0, 63.0], [7.0, 1.0, 37.0], [9.0, 59.0, 62.0], [31.0, 15.0, 57.0], [15.0, 27.0, 4.0], [21.0, 21.0, 16.0], [21.0, 59.0, 4.0], [24.0, 40.0, 1.0], [31.0, 4.0, 48.0], [3.0, 13.0, 1.0], [15.0, 62.0, 47.0], [3.0, 1.0, 12.0]]","[0.7893493175506592, 0.6919124126434326, 0.6877253651618958, 0.6792508363723755, 0.6698194742202759, 0.6616207957267761, 0.6515285968780518, 0.6475908756256104, 0.6208766102790833, 0.6192996501922607, 0.6186715960502625, 0.599410891532898, 0.5935987234115601, 0.5924931168556213, 0.5454641580581665, 0.531302809715271, 0.5048205256462097, 0.49929848313331604, 0.49835675954818726, 0.4979970455169678, 0.47421401739120483, 0.45648184418678284, 0.4456633925437927, 0.44378289580345154, 0.41933512687683105, 0.3944157660007477, 0.38013148307800293, 0.3415469825267792]"
variant_F3,train_44b6_t40_p24_crowded,train,44b6_d29c9ab2,40,crowded,0.3,2,22,1,1,1,1.8407711051231428,1.8407711051231428,0.40625,1,0.40625,1,0.6341876685619354,"[[18.0, 11.0, 10.0], [24.0, 26.0, 14.0], [20.0, 34.0, 30.0], [26.0, 37.0, 46.0], [24.0, 6.0, 46.0], [19.0, 58.0, 10.0], [18.0, 7.0, 45.0], [10.0, 46.0, 4.0], [31.0, 16.0, 63.0], [23.0, 61.0, 47.0], [29.0, 60.0, 22.0], [17.0, 9.0, 59.0], [16.0, 32.0, 48.0], [15.0, 58.0, 32.0], [26.0, 6.0, 21.0], [28.0, 7.0, 4.0], [31.0, 30.0, 24.0], [31.0, 45.0, 56.0], [31.0, 22.0, 5.0], [31.0, 6.0, 21.0], [31.0, 4.0, 37.0], [23.0, 60.0, 63.0]]","[0.8025168180465698, 0.7436519265174866, 0.7035101056098938, 0.6847589612007141, 0.678173303604126, 0.6746124625205994, 0.6733450889587402, 0.6435983180999756, 0.6416534781455994, 0.6325119137763977, 0.6215910911560059, 0.5985561013221741, 0.5937628746032715, 0.593475878238678, 0.5611452460289001, 0.5603805184364319, 0.5437724590301514, 0.5206001400947571, 0.44798538088798523, 0.43479418754577637, 0.4062374234199524, 0.37553641200065613]"
variant_F3,train_44b6_t55_p25_isolated,train,44b6_d29c9ab2,55,isolated,0.3,1,21,1,1,1,0.40625,0.40625,0.40625,1,0.40625,1,0.6303414702415466,"[[20.0, 46.0, 18.0], [24.0, 7.0, 34.0], [29.0, 60.0, 58.0], [30.0, 31.0, 40.0], [16.0, 30.0, 4.0], [15.0, 33.0, 32.0], [18.0, 6.0, 26.0], [26.0, 46.0, 6.0], [19.0, 7.0, 47.0], [30.0, 15.0, 20.0], [31.0, 61.0, 47.0], [30.0, 32.0, 5.0], [31.0, 6.0, 31.0], [29.0, 16.0, 63.0], [31.0, 9.0, 6.0], [31.0, 60.0, 23.0], [31.0, 47.0, 6.0], [31.0, 35.0, 24.0], [19.0, 62.0, 12.0], [24.0, 25.0, 8.0], [16.0, 62.0, 31.0]]","[0.7238782644271851, 0.6804300546646118, 0.6609421372413635, 0.6518837213516235, 0.6326841115951538, 0.6303414702415466, 0.6244860291481018, 0.6130943298339844, 0.6004496216773987, 0.5623543858528137, 0.5518324971199036, 0.5425919890403748, 0.5420817732810974, 0.5210788249969482, 0.4969744086265564, 0.4666338264942169, 0.4214087426662445, 0.40810343623161316, 0.4080198407173157, 0.38499611616134644, 0.33622515201568604]"
variant_F3,train_44b6_t50_p26_isolated,train,44b6_d29c9ab2,50,isolated,0.3,1,26,1,1,1,0.40625,0.40625,0.40625,1,0.40625,1,0.689518928527832,"[[20.0, 39.0, 54.0], [6.0, 43.0, 34.0], [16.0, 31.0, 32.0], [11.0, 59.0, 22.0], [10.0, 45.0, 56.0], [5.0, 23.0, 54.0], [3.0, 59.0, 18.0], [16.0, 4.0, 26.0], [10.0, 4.0, 51.0], [4.0, 19.0, 30.0], [6.0, 4.0, 37.0], [18.0, 22.0, 38.0], [12.0, 28.0, 63.0], [18.0, 62.0, 60.0], [2.0, 33.0, 18.0], [17.0, 54.0, 37.0], [26.0, 26.0, 56.0], [26.0, 39.0, 58.0], [5.0, 1.0, 18.0], [29.0, 11.0, 62.0], [1.0, 42.0, 39.0], [6.0, 55.0, 4.0], [29.0, 60.0, 59.0], [19.0, 60.0, 15.0], [8.0, 1.0, 4.0], [16.0, 5.0, 4.0]]","[0.7841350436210632, 0.7468657493591309, 0.689518928527832, 0.6871505975723267, 0.6669758558273315, 0.6562192440032959, 0.6543552875518799, 0.6481919884681702, 0.6271457076072693, 0.623511791229248, 0.5952001214027405, 0.5441994667053223, 0.5343093276023865, 0.483737051486969, 0.4673190116882324, 0.46269333362579346, 0.45732274651527405, 0.4497044086456299, 0.44936099648475647, 0.4421517848968506, 0.40745317935943604, 0.40692245960235596, 0.381601482629776, 0.37924864888191223, 0.37479186058044434, 0.3257637321949005]"
variant_F3,train_44b6_t15_p27_isolated,train,44b6_d29c9ab2,15,isolated,0.3,1,20,1,1,1,0.40625,0.40625,0.40625,1,0.40625,1,0.8255696892738342,"[[18.0, 32.0, 33.0], [18.0, 4.0, 26.0], [12.0, 35.0, 38.0], [10.0, 13.0, 50.0], [21.0, 59.0, 58.0], [12.0, 17.0, 6.0], [13.0, 58.0, 51.0], [15.0, 60.0, 34.0], [22.0, 10.0, 58.0], [4.0, 34.0, 53.0], [5.0, 42.0, 25.0], [6.0, 4.0, 18.0], [3.0, 58.0, 9.0], [3.0, 56.0, 47.0], [16.0, 20.0, 53.0], [12.0, 49.0, 4.0], [14.0, 39.0, 4.0], [7.0, 60.0, 63.0], [1.0, 13.0, 28.0], [11.0, 62.0, 18.0]]","[0.8255696892738342, 0.7457920908927917, 0.740593433380127, 0.6958934664726257, 0.695767879486084, 0.6885843873023987, 0.6805201172828674, 0.6745753884315491, 0.6673611402511597, 0.6628785729408264, 0.6435840129852295, 0.641223669052124, 0.6400476098060608, 0.6210558414459229, 0.6199966669082642, 0.5856379866600037, 0.517882764339447, 0.4540501832962036, 0.4438681900501251, 0.40376171469688416]"
variant_F3,train_44b6_t30_p28_isolated,train,44b6_d29c9ab2,30,isolated,0.3,1,23,1,1,1,0.40625,0.40625,0.40625,1,0.40625,1,0.8750686645507812,"[[16.0, 31.0, 32.0], [4.0, 10.0, 39.0], [18.0, 24.0, 57.0], [6.0, 5.0, 12.0], [22.0, 6.0, 59.0], [7.0, 60.0, 18.0], [6.0, 31.0, 48.0], [12.0, 38.0, 46.0], [13.0, 58.0, 42.0], [12.0, 11.0, 59.0], [12.0, 4.0, 15.0], [10.0, 38.0, 63.0], [1.0, 16.0, 54.0], [8.0, 38.0, 19.0], [1.0, 62.0, 4.0], [4.0, 52.0, 50.0], [7.0, 61.0, 63.0], [13.0, 47.0, 4.0], [1.0, 46.0, 27.0], [9.0, 27.0, 10.0], [1.0, 27.0, 32.0], [2.0, 33.0, 1.0], [2.0, 62.0, 34.0]]","[0.8750686645507812, 0.7440512180328369, 0.7364426851272583, 0.7151274085044861, 0.7009115815162659, 0.6920006275177002, 0.6866824626922607, 0.6828469634056091, 0.6700059771537781, 0.6456654071807861, 0.633006751537323, 0.6129132509231567, 0.5767181515693665, 0.5764440298080444, 0.5613505840301514, 0.5504137873649597, 0.5269084572792053, 0.523523211479187, 0.5194580554962158, 0.4996814429759979, 0.4616983234882355, 0.40443259477615356, 0.36858463287353516]"
variant_F3,train_44b6_t30_p29_isolated,train,44b6_d29c9ab2,30,isolated,0.3,1,20,0,1,1,1.9902104160113323,1.9902104160113323,1.9902104160113323,1,1.9902104160113323,1,0.7713397741317749,"[[12.0, 30.0, 30.0], [10.0, 10.0, 50.0], [6.0, 10.0, 42.0], [13.0, 59.0, 46.0], [18.0, 19.0, 42.0], [6.0, 31.0, 42.0], [16.0, 49.0, 59.0], [6.0, 24.0, 16.0], [5.0, 60.0, 63.0], [26.0, 1.0, 63.0], [7.0, 56.0, 33.0], [14.0, 10.0, 63.0], [14.0, 1.0, 26.0], [3.0, 59.0, 15.0], [7.0, 42.0, 63.0], [1.0, 21.0, 34.0], [9.0, 4.0, 1.0], [5.0, 61.0, 4.0], [20.0, 1.0, 50.0], [0.0, 36.0, 25.0]]","[0.7713397741317749, 0.7334052920341492, 0.7091484069824219, 0.6979433298110962, 0.6563166975975037, 0.6446119546890259, 0.6381708383560181, 0.628040611743927, 0.6002795100212097, 0.5972909331321716, 0.5802556276321411, 0.5781922340393066, 0.5038824081420898, 0.4925730228424072, 0.473690927028656, 0.4596305191516876, 0.4432064890861511, 0.4350804090499878, 0.42215579748153687, 0.3323644697666168]"
variant_F3,train_44b6_t20_p30_isolated,train,44b6_d29c9ab2,20,isolated,0.3,1,28,1,1,1,0.0,0.0,0.0,1,0.0,1,0.8257312774658203,"[[16.0, 32.0, 32.0], [12.0, 32.0, 41.0], [4.0, 50.0, 41.0], [18.0, 4.0, 25.0], [18.0, 19.0, 54.0], [10.0, 18.0, 14.0], [21.0, 60.0, 51.0], [2.0, 30.0, 59.0], [6.0, 29.0, 39.0], [12.0, 10.0, 59.0], [10.0, 51.0, 34.0], [8.0, 43.0, 8.0], [2.0, 4.0, 14.0], [9.0, 60.0, 63.0], [23.0, 43.0, 62.0], [8.0, 4.0, 33.0], [3.0, 61.0, 4.0], [3.0, 22.0, 19.0], [24.0, 12.0, 63.0], [1.0, 42.0, 24.0], [16.0, 1.0, 41.0], [9.0, 62.0, 6.0], [13.0, 62.0, 31.0], [19.0, 1.0, 46.0], [1.0, 22.0, 5.0], [16.0, 44.0, 17.0], [12.0, 16.0, 41.0], [17.0, 14.0, 4.0]]","[0.8257312774658203, 0.789236843585968, 0.787484347820282, 0.7680206298828125, 0.7626103758811951, 0.7547299861907959, 0.7480281591415405, 0.7095298767089844, 0.699289858341217, 0.6885883212089539, 0.6771207451820374, 0.6764630079269409, 0.6648248434066772, 0.6526599526405334, 0.6120280623435974, 0.5884543657302856, 0.572684109210968, 0.572514533996582, 0.5401853919029236, 0.4990430474281311, 0.44146376848220825, 0.42949017882347107, 0.40022343397140503, 0.368696391582489, 0.3411666452884674, 0.3253227174282074, 0.3108135759830475, 0.30010679364204407]"
variant_F3,train_44b6_t20_p31_isolated,train,44b6_d29c9ab2,20,isolated,0.3,1,24,1,1,1,0.40625,0.40625,0.40625,1,0.40625,1,0.7993510365486145,"[[16.0, 31.0, 32.0], [18.0, 36.0, 57.0], [8.0, 19.0, 12.0], [10.0, 46.0, 33.0], [8.0, 5.0, 40.0], [6.0, 41.0, 57.0], [4.0, 23.0, 42.0], [18.0, 6.0, 35.0], [3.0, 60.0, 63.0], [14.0, 14.0, 59.0], [18.0, 10.0, 13.0], [2.0, 34.0, 6.0], [10.0, 4.0, 5.0], [3.0, 58.0, 9.0], [4.0, 15.0, 25.0], [27.0, 12.0, 63.0], [17.0, 62.0, 45.0], [8.0, 41.0, 8.0], [17.0, 30.0, 15.0], [2.0, 1.0, 12.0], [2.0, 62.0, 38.0], [9.0, 61.0, 15.0], [17.0, 48.0, 15.0], [9.0, 62.0, 49.0]]","[0.7993510365486145, 0.7796688675880432, 0.7522667050361633, 0.7088115215301514, 0.6942733526229858, 0.6859289407730103, 0.6698594093322754, 0.6118901968002319, 0.6090385913848877, 0.6054641604423523, 0.5886479020118713, 0.568670392036438, 0.5684324502944946, 0.5663866996765137, 0.560794472694397, 0.5426990389823914, 0.5369008183479309, 0.5200059413909912, 0.5007485747337341, 0.41279488801956177, 0.38638120889663696, 0.3568498492240906, 0.315869003534317, 0.301464706659317]"
variant_F3,train_44b6_t10_p32_isolated,train,44b6_d29c9ab2,10,isolated,0.3,1,21,1,1,1,0.40625,0.40625,0.40625,1,0.40625,1,0.6646437644958496,"[[10.0, 44.0, 57.0], [2.0, 29.0, 34.0], [8.0, 11.0, 40.0], [16.0, 18.0, 63.0], [4.0, 6.0, 57.0], [2.0, 46.0, 12.0], [3.0, 58.0, 39.0], [2.0, 7.0, 6.0], [8.0, 33.0, 32.0], [14.0, 1.0, 63.0], [1.0, 60.0, 63.0], [17.0, 60.0, 63.0], [0.0, 32.0, 51.0], [24.0, 1.0, 62.0], [9.0, 60.0, 27.0], [9.0, 20.0, 9.0], [15.0, 33.0, 38.0], [24.0, 37.0, 58.0], [24.0, 25.0, 54.0], [24.0, 10.0, 41.0], [9.0, 1.0, 29.0]]","[0.7461053729057312, 0.7291734218597412, 0.7107342481613159, 0.7078210115432739, 0.7044954299926758, 0.6993323564529419, 0.691920816898346, 0.6818178296089172, 0.6646437644958496, 0.6118320822715759, 0.5751581788063049, 0.5331102609634399, 0.4866967499256134, 0.44098564982414246, 0.41105103492736816, 0.37365496158599854, 0.37150347232818604, 0.35590827465057373, 0.34228137135505676, 0.33944836258888245, 0.3178454041481018]"
variant_F3,train_44b6_t45_p33_isolated,train,44b6_d29c9ab2,45,isolated,0.3,1,27,1,1,1,0.40625,0.40625,0.40625,1,0.40625,1,0.7086465358734131,"[[20.0, 45.0, 48.0], [20.0, 15.0, 44.0], [14.0, 6.0, 25.0], [6.0, 45.0, 30.0], [16.0, 31.0, 30.0], [4.0, 23.0, 30.0], [10.0, 15.0, 53.0], [13.0, 61.0, 26.0], [10.0, 52.0, 51.0], [8.0, 4.0, 37.0], [17.0, 58.0, 29.0], [3.0, 61.0, 13.0], [13.0, 38.0, 63.0], [7.0, 30.0, 51.0], [23.0, 42.0, 63.0], [26.0, 42.0, 57.0], [25.0, 59.0, 50.0], [29.0, 20.0, 63.0], [5.0, 60.0, 63.0], [8.0, 20.0, 1.0], [5.0, 1.0, 26.0], [1.0, 34.0, 15.0], [17.0, 62.0, 56.0], [0.0, 7.0, 4.0], [2.0, 1.0, 63.0], [25.0, 10.0, 17.0], [25.0, 20.0, 17.0]]","[0.7825779318809509, 0.7704211473464966, 0.7658070921897888, 0.7411421537399292, 0.7086465358734131, 0.6824929714202881, 0.6624399423599243, 0.6391041874885559, 0.6032817959785461, 0.6007846593856812, 0.57474684715271, 0.5644890666007996, 0.5565415620803833, 0.546836256980896, 0.5101748704910278, 0.4928463101387024, 0.47738972306251526, 0.4680767357349396, 0.4629410207271576, 0.4339851438999176, 0.417511522769928, 0.40387076139450073, 0.3413223326206207, 0.334109902381897, 0.32260486483573914, 0.31754472851753235, 0.31248927116394043]"
variant_F3,train_44b6_t25_p34_isolated,train,44b6_d29c9ab2,25,isolated,0.3,1,21,1,1,1,0.40625,0.40625,0.40625,1,0.40625,1,0.8381960391998291,"[[16.0, 33.0, 32.0], [16.0, 21.0, 52.0], [6.0, 34.0, 42.0], [2.0, 7.0, 20.0], [12.0, 37.0, 42.0], [5.0, 60.0, 46.0], [18.0, 7.0, 38.0], [8.0, 24.0, 13.0], [21.0, 61.0, 59.0], [6.0, 52.0, 9.0], [2.0, 28.0, 27.0], [11.0, 57.0, 38.0], [12.0, 16.0, 63.0], [18.0, 44.0, 63.0], [7.0, 37.0, 62.0], [7.0, 9.0, 51.0], [24.0, 29.0, 62.0], [11.0, 58.0, 15.0], [3.0, 47.0, 34.0], [18.0, 14.0, 17.0], [6.0, 1.0, 4.0]]","[0.8381960391998291, 0.8010658621788025, 0.7967471480369568, 0.7927907109260559, 0.7538288831710815, 0.7427250146865845, 0.7382354736328125, 0.6854169368743896, 0.6736489534378052, 0.660741925239563, 0.6543893814086914, 0.642930269241333, 0.5966412425041199, 0.5920013189315796, 0.5754714608192444, 0.5378044843673706, 0.5170629024505615, 0.5030816197395325, 0.48943543434143066, 0.47385406494140625, 0.44184166193008423]"
variant_F3,train_44b6_t10_p35_isolated,train,44b6_d29c9ab2,10,isolated,0.3,1,29,1,1,1,0.0,0.0,0.0,1,0.0,1,0.5899060964584351,"[[18.0, 14.0, 27.0], [20.0, 15.0, 10.0], [14.0, 14.0, 20.0], [9.0, 27.0, 54.0], [29.0, 56.0, 59.0], [13.0, 57.0, 28.0], [31.0, 36.0, 52.0], [24.0, 34.0, 30.0], [7.0, 48.0, 16.0], [15.0, 32.0, 32.0], [19.0, 5.0, 59.0], [24.0, 7.0, 46.0], [21.0, 42.0, 59.0], [30.0, 7.0, 30.0], [23.0, 57.0, 30.0], [25.0, 22.0, 63.0], [3.0, 33.0, 19.0], [17.0, 57.0, 4.0], [10.0, 50.0, 44.0], [1.0, 61.0, 23.0], [6.0, 5.0, 4.0], [17.0, 62.0, 58.0], [13.0, 57.0, 62.0], [9.0, 11.0, 56.0], [31.0, 16.0, 48.0], [7.0, 62.0, 13.0], [1.0, 13.0, 4.0], [27.0, 30.0, 1.0], [29.0, 19.0, 4.0]]","[0.745750367641449, 0.703235387802124, 0.6776962280273438, 0.604633629322052, 0.6029535531997681, 0.6007105708122253, 0.60015469789505, 0.599332332611084, 0.5981431007385254, 0.5899060964584351, 0.5866564512252808, 0.5703938007354736, 0.5673695802688599, 0.5607929229736328, 0.5561947226524353, 0.5534864068031311, 0.5480193495750427, 0.52862948179245, 0.5230888724327087, 0.5081780552864075, 0.48262548446655273, 0.47402167320251465, 0.46455705165863037, 0.44394466280937195, 0.42548760771751404, 0.3800552189350128, 0.3726511001586914, 0.3009955585002899, 0.3001234531402588]"
variant_F3,train_44b6_t25_p36_isolated,train,44b6_d29c9ab2,25,isolated,0.3,1,30,1,1,1,0.40625,0.40625,0.40625,1,0.40625,1,0.7484015226364136,"[[10.0, 25.0, 14.0], [16.0, 26.0, 32.0], [2.0, 13.0, 18.0], [20.0, 46.0, 24.0], [26.0, 37.0, 44.0], [6.0, 45.0, 13.0], [3.0, 60.0, 36.0], [16.0, 4.0, 31.0], [8.0, 38.0, 54.0], [26.0, 8.0, 45.0], [20.0, 26.0, 32.0], [18.0, 25.0, 52.0], [25.0, 61.0, 40.0], [14.0, 51.0, 48.0], [13.0, 4.0, 8.0], [14.0, 39.0, 8.0], [23.0, 4.0, 15.0], [2.0, 26.0, 44.0], [23.0, 60.0, 63.0], [11.0, 60.0, 14.0], [21.0, 1.0, 56.0], [17.0, 62.0, 4.0], [21.0, 29.0, 4.0], [11.0, 62.0, 34.0], [3.0, 34.0, 63.0], [3.0, 27.0, 1.0], [7.0, 1.0, 34.0], [29.0, 8.0, 56.0], [25.0, 9.0, 31.0], [6.0, 2.0, 63.0]]","[0.7815366983413696, 0.7484015226364136, 0.7155677080154419, 0.7155110239982605, 0.7047879695892334, 0.6856566071510315, 0.676727294921875, 0.6696668267250061, 0.6488867402076721, 0.6488004326820374, 0.6384382247924805, 0.6318497657775879, 0.6163941621780396, 0.6073242425918579, 0.6004490256309509, 0.5742341876029968, 0.5599088668823242, 0.5551862120628357, 0.5519372224807739, 0.5480921864509583, 0.48033517599105835, 0.46924084424972534, 0.45532917976379395, 0.4507366716861725, 0.43683677911758423, 0.4347822964191437, 0.38962677121162415, 0.3759264647960663, 0.372732013463974, 0.3423639237880707]"
variant_F3,train_44b6_t25_p37_isolated,train,44b6_d29c9ab2,25,isolated,0.3,1,23,1,1,1,0.40625,0.40625,0.40625,1,0.40625,1,0.7551544904708862,"[[8.0, 13.0, 42.0], [16.0, 32.0, 31.0], [8.0, 46.0, 58.0], [8.0, 23.0, 14.0], [18.0, 38.0, 57.0], [17.0, 61.0, 40.0], [24.0, 4.0, 56.0], [9.0, 56.0, 32.0], [4.0, 11.0, 31.0], [15.0, 18.0, 63.0], [6.0, 27.0, 38.0], [4.0, 46.0, 10.0], [19.0, 19.0, 18.0], [22.0, 15.0, 26.0], [18.0, 10.0, 36.0], [2.0, 27.0, 32.0], [8.0, 46.0, 10.0], [5.0, 62.0, 63.0], [3.0, 1.0, 22.0], [11.0, 1.0, 4.0], [15.0, 1.0, 22.0], [16.0, 52.0, 17.0], [17.0, 41.0, 4.0]]","[0.7585645318031311, 0.7551544904708862, 0.733469545841217, 0.7319045066833496, 0.7303254008293152, 0.6850187182426453, 0.6305665373802185, 0.6104665994644165, 0.5878963470458984, 0.5830228328704834, 0.5800913572311401, 0.575509786605835, 0.5545828938484192, 0.5335437655448914, 0.5150063633918762, 0.5080046653747559, 0.49161478877067566, 0.4815366268157959, 0.4744299352169037, 0.4376155138015747, 0.4354826807975769, 0.3032703995704651, 0.3011287748813629]"
variant_F3,train_44b6_t55_p38_isolated,train,44b6_d29c9ab2,55,isolated,0.3,1,33,1,1,1,0.0,0.0,0.0,1,0.0,1,0.662358820438385,"[[24.0, 6.0, 53.0], [14.0, 14.0, 44.0], [26.0, 29.0, 58.0], [15.0, 32.0, 32.0], [26.0, 47.0, 34.0], [2.0, 36.0, 53.0], [12.0, 18.0, 8.0], [22.0, 14.0, 14.0], [13.0, 54.0, 37.0], [22.0, 40.0, 48.0], [18.0, 15.0, 48.0], [9.0, 37.0, 6.0], [26.0, 8.0, 23.0], [25.0, 60.0, 6.0], [18.0, 52.0, 37.0], [31.0, 39.0, 52.0], [25.0, 62.0, 56.0], [9.0, 60.0, 28.0], [3.0, 48.0, 5.0], [6.0, 51.0, 39.0], [7.0, 32.0, 42.0], [31.0, 21.0, 35.0], [15.0, 1.0, 63.0], [27.0, 33.0, 18.0], [16.0, 1.0, 4.0], [25.0, 62.0, 32.0], [31.0, 53.0, 58.0], [1.0, 11.0, 34.0], [25.0, 62.0, 40.0], [19.0, 30.0, 1.0], [31.0, 21.0, 62.0], [31.0, 31.0, 16.0], [6.0, 16.0, 63.0]]","[0.7119240760803223, 0.6883821487426758, 0.6652780771255493, 0.662358820438385, 0.6584730744361877, 0.6422894597053528, 0.6410802602767944, 0.6174794435501099, 0.6096179485321045, 0.6068334579467773, 0.6053403615951538, 0.6003108620643616, 0.5799740552902222, 0.5799446105957031, 0.5744033455848694, 0.548545777797699, 0.5475533604621887, 0.5455148816108704, 0.5318361520767212, 0.5301660299301147, 0.48641839623451233, 0.46196362376213074, 0.43515264987945557, 0.42057132720947266, 0.414577841758728, 0.4141758382320404, 0.40711358189582825, 0.3959963023662567, 0.3950539231300354, 0.3855513036251068, 0.3653622567653656, 0.358303427696228, 0.3087560534477234]"
variant_F3,train_44b6_t15_p39_isolated,train,44b6_d29c9ab2,15,isolated,0.3,1,30,1,1,1,0.40625,0.40625,0.40625,1,0.40625,1,0.5705280303955078,"[[4.0, 19.0, 5.0], [18.0, 24.0, 38.0], [20.0, 25.0, 20.0], [11.0, 59.0, 30.0], [14.0, 11.0, 30.0], [29.0, 62.0, 57.0], [22.0, 24.0, 4.0], [15.0, 62.0, 6.0], [22.0, 50.0, 33.0], [30.0, 10.0, 35.0], [7.0, 54.0, 21.0], [30.0, 12.0, 55.0], [13.0, 33.0, 32.0], [24.0, 6.0, 49.0], [17.0, 8.0, 63.0], [3.0, 48.0, 35.0], [30.0, 39.0, 50.0], [24.0, 26.0, 63.0], [21.0, 45.0, 59.0], [2.0, 31.0, 29.0], [9.0, 56.0, 52.0], [9.0, 18.0, 18.0], [17.0, 62.0, 50.0], [22.0, 1.0, 14.0], [7.0, 1.0, 27.0], [2.0, 45.0, 4.0], [21.0, 62.0, 26.0], [30.0, 21.0, 11.0], [1.0, 3.0, 42.0], [14.0, 44.0, 1.0]]","[0.6744880676269531, 0.6500474810600281, 0.644262969493866, 0.6235284805297852, 0.6209654211997986, 0.6171208024024963, 0.6131330132484436, 0.6117095351219177, 0.6040558218955994, 0.5920583009719849, 0.588590145111084, 0.5767869353294373, 0.5705280303955078, 0.5622676610946655, 0.561260461807251, 0.5479434728622437, 0.5379923582077026, 0.5375561714172363, 0.5306128859519958, 0.5257328152656555, 0.5143128633499146, 0.48700812458992004, 0.4731124937534332, 0.4660922884941101, 0.459011048078537, 0.45503005385398865, 0.453738272190094, 0.3962588608264923, 0.3535369038581848, 0.3099166452884674]"
variant_F3,train_44b6_t40_p40_isolated,train,44b6_d29c9ab2,40,isolated,0.3,1,24,0,1,1,1.1490485194281397,1.1490485194281397,1.1490485194281397,1,1.1490485194281397,1,0.6716127991676331,"[[20.0, 50.0, 53.0], [18.0, 18.0, 42.0], [8.0, 9.0, 36.0], [12.0, 6.0, 12.0], [9.0, 57.0, 56.0], [2.0, 46.0, 36.0], [16.0, 30.0, 30.0], [4.0, 24.0, 33.0], [13.0, 45.0, 20.0], [7.0, 29.0, 58.0], [1.0, 60.0, 15.0], [13.0, 62.0, 30.0], [22.0, 1.0, 63.0], [12.0, 12.0, 55.0], [9.0, 62.0, 6.0], [26.0, 46.0, 58.0], [27.0, 58.0, 59.0], [25.0, 22.0, 63.0], [5.0, 1.0, 22.0], [14.0, 38.0, 63.0], [7.0, 15.0, 1.0], [18.0, 62.0, 63.0], [0.0, 4.0, 1.0], [17.0, 1.0, 38.0]]","[0.8190261721611023, 0.7861464023590088, 0.7786023616790771, 0.7543230056762695, 0.6818283200263977, 0.6787801384925842, 0.6716127991676331, 0.6671368479728699, 0.6593831777572632, 0.6558443307876587, 0.6532503366470337, 0.6368391513824463, 0.6061630845069885, 0.6009410619735718, 0.555594801902771, 0.5494067668914795, 0.5367883443832397, 0.4600116014480591, 0.44618627429008484, 0.40668541193008423, 0.3737805485725403, 0.3642432987689972, 0.33931148052215576, 0.3106691241264343]"
variant_F3,train_44b6_t15_p41_boundary,train,44b6_d29c9ab2,15,boundary,0.3,1,21,0,1,1,1.4647552056572457,1.4647552056572457,1.4647552056572457,1,1.4647552056572457,1,0.677727222442627,"[[4.0, 22.0, 22.0], [16.0, 8.0, 63.0], [6.0, 38.0, 46.0], [8.0, 18.0, 42.0], [4.0, 47.0, 30.0], [12.0, 50.0, 63.0], [2.0, 26.0, 52.0], [14.0, 5.0, 40.0], [22.0, 5.0, 48.0], [2.0, 51.0, 12.0], [2.0, 4.0, 11.0], [2.0, 4.0, 35.0], [7.0, 61.0, 20.0], [14.0, 21.0, 12.0], [2.0, 48.0, 63.0], [9.0, 1.0, 41.0], [14.0, 32.0, 17.0], [21.0, 32.0, 53.0], [15.0, 45.0, 40.0], [15.0, 40.0, 31.0], [22.0, 10.0, 25.0]]","[0.7264336943626404, 0.7217851877212524, 0.6997624635696411, 0.6812503933906555, 0.677727222442627, 0.6765766739845276, 0.6621401309967041, 0.6397969722747803, 0.5993047952651978, 0.5787944197654724, 0.5235787034034729, 0.47356802225112915, 0.39314499497413635, 0.3788849115371704, 0.36113160848617554, 0.3579673767089844, 0.34681016206741333, 0.333644300699234, 0.33154773712158203, 0.32236018776893616, 0.30670836567878723]"
variant_F3,train_44b6_t45_p42_boundary,train,44b6_d29c9ab2,45,boundary,0.3,1,22,1,1,1,0.5745242597140698,0.5745242597140698,0.5745242597140698,1,0.5745242597140698,1,0.7201416492462158,"[[4.0, 26.0, 43.0], [18.0, 19.0, 50.0], [7.0, 60.0, 31.0], [2.0, 42.0, 45.0], [2.0, 11.0, 54.0], [8.0, 27.0, 28.0], [20.0, 42.0, 50.0], [24.0, 14.0, 63.0], [9.0, 21.0, 4.0], [14.0, 32.0, 35.0], [16.0, 4.0, 27.0], [8.0, 5.0, 62.0], [4.0, 41.0, 4.0], [15.0, 58.0, 42.0], [9.0, 33.0, 62.0], [3.0, 62.0, 16.0], [21.0, 59.0, 44.0], [5.0, 32.0, 15.0], [7.0, 60.0, 63.0], [12.0, 1.0, 18.0], [18.0, 41.0, 63.0], [13.0, 14.0, 63.0]]","[0.784406304359436, 0.7614365816116333, 0.7201416492462158, 0.7161034941673279, 0.6815111637115479, 0.6693664789199829, 0.6678668260574341, 0.6304588317871094, 0.6289893984794617, 0.6267195343971252, 0.6050097942352295, 0.5929996371269226, 0.5864570140838623, 0.579086422920227, 0.5737013816833496, 0.5546033978462219, 0.5499672889709473, 0.5234140753746033, 0.5214065313339233, 0.4733593761920929, 0.4594304859638214, 0.38723278045654297]"
variant_F3,train_44b6_t10_p43_boundary,train,44b6_d29c9ab2,10,boundary,0.3,1,19,0,1,1,1.6750116604071745,1.6750116604071745,1.6750116604071745,1,1.6750116604071745,1,0.6734713315963745,"[[2.0, 38.0, 9.0], [10.0, 34.0, 56.0], [4.0, 14.0, 19.0], [6.0, 33.0, 32.0], [4.0, 25.0, 56.0], [2.0, 5.0, 34.0], [8.0, 8.0, 45.0], [11.0, 60.0, 63.0], [20.0, 5.0, 44.0], [3.0, 61.0, 34.0], [4.0, 40.0, 63.0], [16.0, 46.0, 63.0], [9.0, 60.0, 29.0], [3.0, 62.0, 59.0], [24.0, 14.0, 53.0], [1.0, 23.0, 40.0], [16.0, 23.0, 18.0], [18.0, 36.0, 43.0], [17.0, 1.0, 54.0]]","[0.7591248154640198, 0.7577807307243347, 0.701686680316925, 0.6734713315963745, 0.668302595615387, 0.6448583602905273, 0.6435301899909973, 0.6353474259376526, 0.5620192885398865, 0.5266874432563782, 0.4992707371711731, 0.49695611000061035, 0.4227590262889862, 0.4111330807209015, 0.3853274881839752, 0.34846651554107666, 0.3235771656036377, 0.32095468044281006, 0.30955448746681213]"
variant_F3,inner_val_6bba_t85_p01_crowded,inner_val,6bba_bb9f20c3,85,crowded,0.3,5,24,1,2,2,4.077574498472048,3.300390601883359,1.1247679600606222,2,1.1247679600606222,2,0.6261115074157715,"[[7.0, 60.0, 48.0], [12.0, 6.0, 30.0], [22.0, 6.0, 30.0], [22.0, 34.0, 26.0], [12.0, 14.0, 58.0], [14.0, 48.0, 32.0], [9.0, 62.0, 24.0], [16.0, 30.0, 6.0], [17.0, 58.0, 6.0], [29.0, 60.0, 8.0], [27.0, 39.0, 6.0], [15.0, 39.0, 48.0], [5.0, 35.0, 57.0], [26.0, 20.0, 4.0], [19.0, 44.0, 63.0], [21.0, 20.0, 49.0], [23.0, 52.0, 37.0], [15.0, 62.0, 29.0], [15.0, 60.0, 63.0], [16.0, 1.0, 63.0], [29.0, 3.0, 14.0], [25.0, 1.0, 4.0], [19.0, 62.0, 36.0], [27.0, 24.0, 35.0]]","[0.7013484239578247, 0.6831905841827393, 0.6710197925567627, 0.650874674320221, 0.6432209014892578, 0.6272777318954468, 0.5953150987625122, 0.5866976380348206, 0.584549605846405, 0.5781514644622803, 0.5623074173927307, 0.5406785607337952, 0.5401350855827332, 0.5320784449577332, 0.5213703513145447, 0.5058485269546509, 0.4861745834350586, 0.4504179358482361, 0.44996339082717896, 0.4410179555416107, 0.4397630989551544, 0.4178062081336975, 0.4174805283546448, 0.40528491139411926]"
variant_F3,inner_val_6bba_t75_p02_crowded,inner_val,6bba_bb9f20c3,75,crowded,0.3,2,21,2,2,2,0.4903871298570349,0.4903871298570349,0.4903871298570349,2,0.4903871298570349,2,0.6373318135738373,"[[8.0, 18.0, 30.0], [12.0, 11.0, 27.0], [11.0, 60.0, 46.0], [12.0, 10.0, 52.0], [7.0, 60.0, 58.0], [16.0, 33.0, 59.0], [15.0, 61.0, 57.0], [14.0, 31.0, 32.0], [16.0, 42.0, 18.0], [16.0, 6.0, 10.0], [8.0, 37.0, 59.0], [2.0, 51.0, 57.0], [5.0, 7.0, 55.0], [21.0, 58.0, 14.0], [21.0, 39.0, 8.0], [17.0, 61.0, 35.0], [6.0, 49.0, 23.0], [20.0, 39.0, 51.0], [13.0, 37.0, 4.0], [15.0, 61.0, 4.0], [16.0, 9.0, 40.0]]","[0.7158650755882263, 0.6965867877006531, 0.6948453187942505, 0.6592895984649658, 0.6517536640167236, 0.631706178188324, 0.6275426745414734, 0.6229099631309509, 0.6208580732345581, 0.6096816658973694, 0.609113872051239, 0.5996338129043579, 0.5904700756072998, 0.5695284605026245, 0.5474979281425476, 0.5446351766586304, 0.5392131209373474, 0.5151769518852234, 0.4809545874595642, 0.3864111304283142, 0.37582653760910034]"
variant_F3,inner_val_6bba_t85_p03_crowded,inner_val,6bba_bb9f20c3,85,crowded,0.3,2,17,0,0,0,5.528969967887617,5.528969967887617,,0,,0,0.47427745163440704,"[[6.0, 49.0, 54.0], [7.0, 60.0, 18.0], [18.0, 12.0, 29.0], [15.0, 60.0, 55.0], [14.0, 17.0, 60.0], [18.0, 46.0, 4.0], [10.0, 30.0, 20.0], [10.0, 5.0, 19.0], [17.0, 60.0, 10.0], [24.0, 1.0, 6.0], [20.0, 29.0, 4.0], [8.0, 16.0, 45.0], [12.0, 46.0, 24.0], [16.0, 23.0, 34.0], [13.0, 61.0, 30.0], [15.0, 17.0, 4.0], [7.0, 26.0, 63.0]]","[0.8036506175994873, 0.683953583240509, 0.6491581201553345, 0.6491112112998962, 0.6332612633705139, 0.5930144786834717, 0.590865969657898, 0.5559165477752686, 0.5452098846435547, 0.5389951467514038, 0.5312029719352722, 0.5217340588569641, 0.513007402420044, 0.5115660429000854, 0.43698886036872864, 0.43057137727737427, 0.4176097512245178]"
variant_F3,inner_val_6bba_t80_p04_crowded,inner_val,6bba_bb9f20c3,80,crowded,0.3,3,22,2,3,3,1.0618859405055117,0.9084026158592896,1.0618859405055117,3,1.0618859405055117,3,0.6666085918744405,"[[10.0, 22.0, 40.0], [18.0, 22.0, 30.0], [24.0, 43.0, 6.0], [9.0, 60.0, 22.0], [5.0, 59.0, 54.0], [17.0, 60.0, 46.0], [16.0, 30.0, 4.0], [24.0, 20.0, 13.0], [14.0, 42.0, 57.0], [9.0, 14.0, 63.0], [14.0, 23.0, 24.0], [20.0, 53.0, 28.0], [16.0, 5.0, 50.0], [11.0, 60.0, 63.0], [21.0, 42.0, 52.0], [3.0, 61.0, 13.0], [17.0, 16.0, 63.0], [31.0, 53.0, 4.0], [25.0, 62.0, 9.0], [12.0, 39.0, 4.0], [9.0, 12.0, 5.0], [27.0, 1.0, 4.0]]","[0.7206926345825195, 0.6816100478172302, 0.6767703890800476, 0.6488558650016785, 0.639002799987793, 0.6351999640464783, 0.6302772760391235, 0.6152541041374207, 0.6131218075752258, 0.6049287915229797, 0.6003978848457336, 0.5886408686637878, 0.5578609704971313, 0.5015055537223816, 0.4687293767929077, 0.4331856966018677, 0.4148648679256439, 0.406421959400177, 0.3789459466934204, 0.3655494153499603, 0.3533148765563965, 0.3277697265148163]"
variant_F3,inner_val_6bba_t75_p05_isolated,inner_val,6bba_bb9f20c3,75,isolated,0.3,1,21,0,0,0,3.471001521535247,3.471001521535247,,0,,0,0.5477054715156555,"[[18.0, 6.0, 38.0], [13.0, 60.0, 38.0], [14.0, 16.0, 57.0], [19.0, 60.0, 54.0], [26.0, 41.0, 4.0], [27.0, 60.0, 4.0], [7.0, 60.0, 58.0], [22.0, 39.0, 30.0], [10.0, 48.0, 63.0], [18.0, 33.0, 13.0], [17.0, 61.0, 8.0], [14.0, 35.0, 32.0], [19.0, 38.0, 63.0], [20.0, 22.0, 45.0], [24.0, 1.0, 62.0], [21.0, 62.0, 12.0], [7.0, 60.0, 13.0], [5.0, 61.0, 33.0], [31.0, 5.0, 4.0], [14.0, 16.0, 5.0], [23.0, 5.0, 4.0]]","[0.7480596899986267, 0.7028927803039551, 0.6995843648910522, 0.6590463519096375, 0.638904333114624, 0.6324887871742249, 0.6216214299201965, 0.6089309453964233, 0.5599052906036377, 0.5534152984619141, 0.5518568158149719, 0.5477054715156555, 0.5322349071502686, 0.4834335148334503, 0.47946205735206604, 0.47357553243637085, 0.4609048664569855, 0.3912227749824524, 0.3782157599925995, 0.37756237387657166, 0.30106639862060547]"
variant_F3,inner_val_6bba_t75_p06_isolated,inner_val,6bba_bb9f20c3,75,isolated,0.3,1,21,0,0,1,2.569350598886808,2.569350598886808,,0,2.569350598886808,1,0.5401199460029602,"[[6.0, 28.0, 63.0], [2.0, 10.0, 24.0], [16.0, 22.0, 26.0], [8.0, 41.0, 4.0], [12.0, 30.0, 41.0], [12.0, 45.0, 4.0], [9.0, 61.0, 19.0], [7.0, 16.0, 15.0], [14.0, 38.0, 30.0], [3.0, 1.0, 63.0], [3.0, 61.0, 46.0], [3.0, 32.0, 46.0], [3.0, 51.0, 32.0], [4.0, 35.0, 34.0], [3.0, 60.0, 10.0], [12.0, 1.0, 24.0], [3.0, 60.0, 63.0], [12.0, 20.0, 3.0], [1.0, 46.0, 15.0], [9.0, 43.0, 21.0], [5.0, 1.0, 4.0]]","[0.6618982553482056, 0.6589840054512024, 0.6360012292861938, 0.5878134965896606, 0.5844290852546692, 0.5799334049224854, 0.5446490049362183, 0.5441694259643555, 0.5401199460029602, 0.538443386554718, 0.5223345160484314, 0.5169317722320557, 0.5062492489814758, 0.5053784251213074, 0.4951915442943573, 0.45571407675743103, 0.4514833688735962, 0.45074617862701416, 0.4468885362148285, 0.3852778375148773, 0.32520347833633423]"
variant_F3,inner_val_6bba_t90_p07_isolated,inner_val,6bba_bb9f20c3,90,isolated,0.3,1,13,0,0,0,5.465534769123694,5.465534769123694,,0,,0,0.651400089263916,"[[12.0, 34.0, 42.0], [3.0, 61.0, 49.0], [6.0, 46.0, 28.0], [18.0, 23.0, 26.0], [3.0, 6.0, 41.0], [15.0, 27.0, 8.0], [9.0, 5.0, 6.0], [7.0, 6.0, 14.0], [3.0, 62.0, 4.0], [0.0, 34.0, 32.0], [5.0, 31.0, 4.0], [6.0, 20.0, 49.0], [15.0, 57.0, 4.0]]","[0.7187727689743042, 0.6875839233398438, 0.6742554306983948, 0.651400089263916, 0.6151154637336731, 0.5868138074874878, 0.5526326894760132, 0.5507988929748535, 0.5125829577445984, 0.4913659989833832, 0.4288967549800873, 0.4242178201675415, 0.30572351813316345]"
variant_F3,inner_val_6bba_t90_p08_boundary,inner_val,6bba_bb9f20c3,90,boundary,0.3,1,13,0,0,0,3.72334275215162,3.72334275215162,,0,,0,0.7715782523155212,"[[18.0, 10.0, 34.0], [12.0, 51.0, 26.0], [9.0, 58.0, 41.0], [16.0, 34.0, 14.0], [20.0, 10.0, 6.0], [12.0, 36.0, 55.0], [14.0, 7.0, 55.0], [26.0, 47.0, 5.0], [31.0, 7.0, 30.0], [13.0, 22.0, 63.0], [12.0, 15.0, 32.0], [6.0, 34.0, 53.0], [8.0, 34.0, 27.0]]","[0.7715782523155212, 0.7333184480667114, 0.7284771800041199, 0.7214666604995728, 0.7109329104423523, 0.696880578994751, 0.675268828868866, 0.6696568131446838, 0.6574069261550903, 0.5459524989128113, 0.49620091915130615, 0.4240292012691498, 0.4037337899208069]"
variant_F3,inner_val_6bba_t90_p09_zero_annotation,inner_val,6bba_bb9f20c3,90,zero_annotation,0.3,0,13,0,0,0,,,,0,,0,,"[[4.0, 6.0, 6.0], [3.0, 60.0, 57.0], [2.0, 7.0, 44.0], [3.0, 59.0, 35.0], [3.0, 59.0, 18.0], [2.0, 30.0, 7.0], [0.0, 63.0, 4.0], [3.0, 23.0, 24.0], [12.0, 40.0, 23.0], [10.0, 18.0, 45.0], [10.0, 27.0, 42.0], [11.0, 62.0, 20.0], [12.0, 31.0, 10.0]]","[0.7962737679481506, 0.6009318828582764, 0.5584062933921814, 0.5190830826759338, 0.514650285243988, 0.4533897340297699, 0.4373485743999481, 0.3849225640296936, 0.3426969349384308, 0.33574724197387695, 0.3305610418319702, 0.3191205859184265, 0.3111759424209595]"
variant_F3,inner_val_6bba_t90_p10_zero_annotation,inner_val,6bba_bb9f20c3,90,zero_annotation,0.3,0,17,0,0,0,,,,0,,0,,"[[2.0, 8.0, 58.0], [2.0, 46.0, 12.0], [0.0, 6.0, 6.0], [0.0, 22.0, 13.0], [3.0, 59.0, 46.0], [3.0, 7.0, 7.0], [3.0, 61.0, 56.0], [3.0, 5.0, 34.0], [3.0, 23.0, 8.0], [3.0, 19.0, 36.0], [3.0, 19.0, 46.0], [3.0, 27.0, 46.0], [3.0, 33.0, 38.0], [3.0, 44.0, 45.0], [14.0, 38.0, 15.0], [14.0, 38.0, 23.0], [12.0, 19.0, 36.0]]","[0.7013330459594727, 0.6570237278938293, 0.5015724897384644, 0.4991433918476105, 0.48179081082344055, 0.45384109020233154, 0.4347780644893646, 0.42965200543403625, 0.3947407901287079, 0.39405152201652527, 0.3939385712146759, 0.39154839515686035, 0.380594402551651, 0.36296695470809937, 0.33136802911758423, 0.3217558264732361, 0.31483209133148193]"
variant_F3,inner_val_44b6_t80_p01_crowded,inner_val,44b6_d29c9ab2,80,crowded,0.3,3,25,1,2,3,1.662931547506737,1.625,1.015625,2,1.662931547506737,3,0.6562626163164774,"[[8.0, 20.0, 8.0], [22.0, 44.0, 53.0], [24.0, 10.0, 22.0], [27.0, 60.0, 14.0], [25.0, 60.0, 48.0], [17.0, 60.0, 14.0], [20.0, 18.0, 48.0], [14.0, 47.0, 30.0], [13.0, 28.0, 58.0], [16.0, 32.0, 5.0], [30.0, 31.0, 19.0], [30.0, 11.0, 8.0], [6.0, 49.0, 22.0], [16.0, 32.0, 33.0], [10.0, 10.0, 34.0], [22.0, 4.0, 47.0], [22.0, 26.0, 14.0], [6.0, 4.0, 18.0], [6.0, 4.0, 55.0], [31.0, 47.0, 4.0], [31.0, 5.0, 35.0], [0.0, 52.0, 15.0], [0.0, 28.0, 24.0], [23.0, 41.0, 4.0], [7.0, 1.0, 3.0]]","[0.726804792881012, 0.6983704566955566, 0.6697264909744263, 0.6672639846801758, 0.6617794632911682, 0.6606936454772949, 0.6595510244369507, 0.6424893736839294, 0.6342067122459412, 0.5997837781906128, 0.5854088664054871, 0.5769538879394531, 0.576899528503418, 0.5747190713882446, 0.5741319060325623, 0.5606119632720947, 0.5575447082519531, 0.5557534098625183, 0.5439183115959167, 0.536033570766449, 0.43082183599472046, 0.42170846462249756, 0.41352787613868713, 0.36681073904037476, 0.330583393573761]"
variant_F3,inner_val_44b6_t85_p02_crowded,inner_val,44b6_d29c9ab2,85,crowded,0.3,3,29,1,2,2,2.01681935540132,1.6750116604071745,0.8375058302035873,2,0.8375058302035873,2,0.6120466788609823,"[[14.0, 27.0, 56.0], [22.0, 22.0, 17.0], [16.0, 50.0, 25.0], [8.0, 13.0, 7.0], [24.0, 51.0, 51.0], [28.0, 34.0, 59.0], [17.0, 32.0, 33.0], [31.0, 57.0, 14.0], [30.0, 7.0, 8.0], [16.0, 29.0, 7.0], [15.0, 61.0, 18.0], [31.0, 38.0, 8.0], [22.0, 39.0, 58.0], [5.0, 62.0, 11.0], [20.0, 16.0, 48.0], [5.0, 3.0, 52.0], [7.0, 44.0, 24.0], [31.0, 22.0, 18.0], [21.0, 62.0, 42.0], [23.0, 6.0, 32.0], [5.0, 38.0, 50.0], [9.0, 8.0, 36.0], [23.0, 1.0, 4.0], [1.0, 58.0, 23.0], [25.0, 62.0, 6.0], [13.0, 62.0, 50.0], [26.0, 1.0, 54.0], [24.0, 39.0, 4.0], [6.0, 1.0, 20.0]]","[0.6840112209320068, 0.6688750386238098, 0.6485308408737183, 0.6348438262939453, 0.6219064593315125, 0.6127758622169495, 0.6026615500450134, 0.598634660243988, 0.594136655330658, 0.5870773792266846, 0.5766520500183105, 0.5753718614578247, 0.5682628750801086, 0.5622981190681458, 0.5604746341705322, 0.552975594997406, 0.5472172498703003, 0.5358941555023193, 0.5307965874671936, 0.5195881128311157, 0.5085123777389526, 0.4795003831386566, 0.4711589515209198, 0.46880125999450684, 0.4128915071487427, 0.41174113750457764, 0.4044654369354248, 0.37521758675575256, 0.33936941623687744]"
variant_F3,inner_val_44b6_t90_p03_crowded,inner_val,44b6_d29c9ab2,90,crowded,0.3,2,26,0,1,2,1.9313674316527836,1.9313674316527836,1.6750116604071745,1,1.9313674316527836,2,0.6594449579715729,"[[18.0, 37.0, 14.0], [27.0, 60.0, 43.0], [24.0, 33.0, 32.0], [19.0, 60.0, 20.0], [12.0, 31.0, 41.0], [21.0, 58.0, 7.0], [18.0, 4.0, 4.0], [5.0, 60.0, 44.0], [20.0, 15.0, 30.0], [10.0, 51.0, 34.0], [27.0, 20.0, 63.0], [22.0, 34.0, 6.0], [3.0, 30.0, 42.0], [9.0, 30.0, 63.0], [14.0, 16.0, 55.0], [28.0, 42.0, 58.0], [13.0, 10.0, 21.0], [11.0, 47.0, 4.0], [11.0, 62.0, 10.0], [31.0, 1.0, 63.0], [27.0, 33.0, 46.0], [10.0, 45.0, 50.0], [16.0, 1.0, 56.0], [16.0, 1.0, 63.0], [18.0, 36.0, 63.0], [0.0, 4.0, 33.0]]","[0.7477173209190369, 0.6883935928344727, 0.6668757200241089, 0.6664111614227295, 0.6520141959190369, 0.6510302424430847, 0.6308528780937195, 0.6300327777862549, 0.6155978441238403, 0.6004313826560974, 0.5853111743927002, 0.5841104984283447, 0.5623941421508789, 0.550950825214386, 0.5448516011238098, 0.5390262007713318, 0.5295222401618958, 0.528434693813324, 0.5230087041854858, 0.5053276419639587, 0.4889276623725891, 0.48352664709091187, 0.4421527087688446, 0.4335014820098877, 0.3971747159957886, 0.3283907473087311]"
variant_F3,inner_val_44b6_t70_p04_crowded,inner_val,44b6_d29c9ab2,70,crowded,0.3,2,24,0,0,0,4.860453868803024,4.860453868803024,,0,,0,0.7526070177555084,"[[24.0, 32.0, 38.0], [10.0, 14.0, 32.0], [4.0, 25.0, 24.0], [29.0, 29.0, 59.0], [12.0, 17.0, 4.0], [24.0, 6.0, 45.0], [27.0, 52.0, 58.0], [16.0, 13.0, 6.0], [2.0, 16.0, 52.0], [16.0, 50.0, 52.0], [24.0, 10.0, 21.0], [3.0, 59.0, 21.0], [9.0, 38.0, 63.0], [16.0, 10.0, 50.0], [9.0, 61.0, 35.0], [15.0, 35.0, 4.0], [28.0, 7.0, 56.0], [21.0, 50.0, 5.0], [20.0, 15.0, 18.0], [16.0, 47.0, 14.0], [20.0, 34.0, 14.0], [2.0, 1.0, 12.0], [9.0, 1.0, 54.0], [6.0, 62.0, 5.0]]","[0.8178013563156128, 0.7794240117073059, 0.687412679195404, 0.6603412628173828, 0.6463648080825806, 0.6438202261924744, 0.6414458155632019, 0.6411757469177246, 0.6361725330352783, 0.6262803673744202, 0.6232105493545532, 0.6113353371620178, 0.6092775464057922, 0.6001093983650208, 0.5860662460327148, 0.5507659912109375, 0.5419275164604187, 0.5265644788742065, 0.49860841035842896, 0.4926286041736603, 0.48797065019607544, 0.4662926197052002, 0.44354018568992615, 0.3884027302265167]"
variant_F3,inner_val_44b6_t90_p05_isolated,inner_val,44b6_d29c9ab2,90,isolated,0.3,1,23,1,1,1,0.40625,0.40625,0.40625,1,0.40625,1,0.7645508050918579,"[[4.0, 11.0, 28.0], [4.0, 39.0, 46.0], [16.0, 33.0, 32.0], [16.0, 10.0, 35.0], [11.0, 59.0, 8.0], [20.0, 34.0, 55.0], [10.0, 48.0, 28.0], [14.0, 35.0, 46.0], [10.0, 31.0, 16.0], [22.0, 24.0, 59.0], [10.0, 48.0, 63.0], [6.0, 16.0, 59.0], [17.0, 60.0, 63.0], [21.0, 7.0, 24.0], [11.0, 8.0, 11.0], [1.0, 19.0, 4.0], [22.0, 1.0, 50.0], [19.0, 21.0, 16.0], [7.0, 62.0, 42.0], [7.0, 1.0, 63.0], [1.0, 20.0, 63.0], [1.0, 61.0, 32.0], [14.0, 19.0, 2.0]]","[0.7666611075401306, 0.7654172778129578, 0.7645508050918579, 0.7632902264595032, 0.7419062852859497, 0.7414599657058716, 0.7205394506454468, 0.6929342150688171, 0.6900472640991211, 0.65755695104599, 0.6249216198921204, 0.6111996173858643, 0.6065390706062317, 0.5857421159744263, 0.5837184190750122, 0.5493273735046387, 0.5408154726028442, 0.5280864834785461, 0.5267949104309082, 0.49346059560775757, 0.47426432371139526, 0.4648353159427643, 0.4465480148792267]"
variant_F3,inner_val_44b6_t75_p06_isolated,inner_val,44b6_d29c9ab2,75,isolated,0.3,1,30,0,1,1,1.625,1.625,1.625,1,1.625,1,0.6794071793556213,"[[28.0, 4.0, 51.0], [14.0, 33.0, 44.0], [22.0, 32.0, 32.0], [26.0, 41.0, 14.0], [16.0, 6.0, 25.0], [20.0, 7.0, 12.0], [5.0, 8.0, 55.0], [13.0, 22.0, 5.0], [12.0, 42.0, 8.0], [13.0, 58.0, 12.0], [17.0, 4.0, 49.0], [23.0, 59.0, 22.0], [13.0, 60.0, 38.0], [24.0, 4.0, 6.0], [8.0, 46.0, 34.0], [30.0, 51.0, 36.0], [8.0, 50.0, 59.0], [13.0, 21.0, 24.0], [29.0, 52.0, 63.0], [11.0, 61.0, 48.0], [30.0, 22.0, 54.0], [21.0, 47.0, 6.0], [19.0, 44.0, 63.0], [26.0, 28.0, 27.0], [29.0, 37.0, 46.0], [4.0, 13.0, 8.0], [22.0, 25.0, 10.0], [13.0, 26.0, 63.0], [14.0, 62.0, 63.0], [0.0, 25.0, 46.0]]","[0.6903082132339478, 0.6820166707038879, 0.6794071793556213, 0.6615638732910156, 0.6498839259147644, 0.6074310541152954, 0.5898509621620178, 0.5872669219970703, 0.5825597643852234, 0.5760476589202881, 0.57061767578125, 0.5669969916343689, 0.5665444135665894, 0.5525972843170166, 0.5503310561180115, 0.5455636382102966, 0.5395014882087708, 0.5361523628234863, 0.5281185507774353, 0.5017634034156799, 0.49253085255622864, 0.4770381450653076, 0.47335726022720337, 0.4642634987831116, 0.4622431695461273, 0.4317532777786255, 0.4158078730106354, 0.3804783225059509, 0.3336939513683319, 0.32131725549697876]"
variant_F3,inner_val_44b6_t70_p07_isolated,inner_val,44b6_d29c9ab2,70,isolated,0.3,1,26,1,1,1,0.8125,0.8125,0.8125,1,0.8125,1,0.7961261868476868,"[[16.0, 32.0, 30.0], [4.0, 50.0, 35.0], [18.0, 50.0, 43.0], [12.0, 4.0, 10.0], [12.0, 15.0, 50.0], [4.0, 22.0, 44.0], [21.0, 60.0, 63.0], [6.0, 4.0, 19.0], [15.0, 60.0, 27.0], [7.0, 59.0, 52.0], [18.0, 12.0, 37.0], [23.0, 8.0, 63.0], [12.0, 25.0, 14.0], [23.0, 34.0, 63.0], [4.0, 21.0, 14.0], [3.0, 31.0, 60.0], [1.0, 59.0, 60.0], [29.0, 60.0, 59.0], [3.0, 3.0, 59.0], [21.0, 1.0, 53.0], [11.0, 62.0, 17.0], [25.0, 23.0, 51.0], [0.0, 50.0, 17.0], [9.0, 34.0, 63.0], [14.0, 2.0, 63.0], [30.0, 42.0, 59.0]]","[0.7961261868476868, 0.7725076675415039, 0.7159719467163086, 0.692143976688385, 0.6895028352737427, 0.6882124543190002, 0.6834487318992615, 0.6832212209701538, 0.6417905688285828, 0.637700080871582, 0.6326612830162048, 0.6000797152519226, 0.5915456414222717, 0.5872486233711243, 0.5762474536895752, 0.5617972016334534, 0.5168506503105164, 0.5071367621421814, 0.5041047930717468, 0.5008074641227722, 0.4744621217250824, 0.4420227110385895, 0.43980497121810913, 0.43256890773773193, 0.3854671120643616, 0.3550005555152893]"
variant_F3,inner_val_44b6_t70_p08_boundary,inner_val,44b6_d29c9ab2,70,boundary,0.3,1,31,1,1,1,0.0,0.0,0.0,1,0.0,1,0.6009138822555542,"[[24.0, 38.0, 6.0], [30.0, 5.0, 45.0], [20.0, 21.0, 56.0], [22.0, 34.0, 30.0], [5.0, 42.0, 37.0], [19.0, 58.0, 58.0], [28.0, 28.0, 15.0], [16.0, 10.0, 32.0], [10.0, 25.0, 24.0], [21.0, 60.0, 6.0], [5.0, 61.0, 55.0], [3.0, 24.0, 56.0], [9.0, 12.0, 44.0], [8.0, 35.0, 15.0], [2.0, 5.0, 44.0], [9.0, 56.0, 5.0], [31.0, 33.0, 50.0], [19.0, 39.0, 48.0], [26.0, 53.0, 55.0], [17.0, 51.0, 32.0], [1.0, 60.0, 10.0], [21.0, 10.0, 6.0], [29.0, 57.0, 58.0], [27.0, 14.0, 63.0], [25.0, 62.0, 26.0], [12.0, 38.0, 17.0], [22.0, 1.0, 63.0], [28.0, 3.0, 8.0], [26.0, 20.0, 39.0], [24.0, 1.0, 30.0], [13.0, 1.0, 4.0]]","[0.7380369901657104, 0.6507452130317688, 0.6475000977516174, 0.6282635927200317, 0.6256914734840393, 0.6189997792243958, 0.6091127395629883, 0.6009138822555542, 0.5978332161903381, 0.5972177982330322, 0.5959793925285339, 0.5838952660560608, 0.583041250705719, 0.5819010734558105, 0.5810033679008484, 0.5747174620628357, 0.5727377533912659, 0.5660479664802551, 0.558293879032135, 0.5417769551277161, 0.5346760749816895, 0.5335488319396973, 0.5304486751556396, 0.5229984521865845, 0.5220888257026672, 0.5145077109336853, 0.4597203731536865, 0.45172056555747986, 0.44407567381858826, 0.4280738830566406, 0.40178540349006653]"
variant_F3,inner_val_44b6_t90_p09_zero_annotation,inner_val,44b6_d29c9ab2,90,zero_annotation,0.3,0,34,0,0,0,,,,0,,0,,"[[18.0, 6.0, 7.0], [14.0, 41.0, 29.0], [20.0, 14.0, 51.0], [10.0, 18.0, 22.0], [6.0, 23.0, 20.0], [5.0, 60.0, 8.0], [31.0, 5.0, 36.0], [10.0, 25.0, 58.0], [12.0, 8.0, 32.0], [29.0, 51.0, 44.0], [15.0, 61.0, 15.0], [31.0, 18.0, 42.0], [31.0, 30.0, 28.0], [2.0, 11.0, 17.0], [2.0, 35.0, 16.0], [9.0, 42.0, 54.0], [21.0, 61.0, 38.0], [28.0, 44.0, 14.0], [25.0, 62.0, 4.0], [23.0, 33.0, 7.0], [25.0, 26.0, 63.0], [31.0, 61.0, 63.0], [25.0, 47.0, 55.0], [18.0, 25.0, 38.0], [20.0, 50.0, 35.0], [31.0, 37.0, 53.0], [13.0, 4.0, 63.0], [26.0, 14.0, 6.0], [15.0, 22.0, 4.0], [29.0, 62.0, 26.0], [14.0, 41.0, 4.0], [2.0, 53.0, 57.0], [3.0, 2.0, 37.0], [31.0, 1.0, 10.0]]","[0.7173092365264893, 0.6974652409553528, 0.6906126737594604, 0.6603834629058838, 0.636716365814209, 0.6279692053794861, 0.6016627550125122, 0.5890139937400818, 0.5885541439056396, 0.5881235003471375, 0.5550856590270996, 0.5503330826759338, 0.5450907349586487, 0.5363522171974182, 0.5214832425117493, 0.5133967995643616, 0.5077206492424011, 0.5068612694740295, 0.5016016364097595, 0.4990425705909729, 0.49746057391166687, 0.49533340334892273, 0.4833598732948303, 0.4736333191394806, 0.46097564697265625, 0.4596029222011566, 0.4556608200073242, 0.4512976109981537, 0.43295326828956604, 0.39152535796165466, 0.3714609742164612, 0.3574777841567993, 0.354767769575119, 0.32962092757225037]"
variant_F3,inner_val_44b6_t70_p10_zero_annotation,inner_val,44b6_d29c9ab2,70,zero_annotation,0.3,0,8,0,0,0,,,,0,,0,,"[[4.0, 8.0, 56.0], [3.0, 60.0, 52.0], [3.0, 9.0, 22.0], [2.0, 42.0, 57.0], [3.0, 7.0, 34.0], [3.0, 42.0, 41.0], [3.0, 23.0, 28.0], [3.0, 26.0, 45.0]]","[0.6563662886619568, 0.44069400429725647, 0.43692177534103394, 0.4288254976272583, 0.4280041754245758, 0.37831565737724304, 0.36790940165519714, 0.35814031958580017]"
variant_F3,held_out_val_6bba_t20_p01_crowded,held_out_val,6bba_43fea39d,20,crowded,0.3,3,14,0,0,0,4.201882359939888,3.471001521535247,,0,,0,0.6594105760256449,"[[20.0, 39.0, 56.0], [24.0, 49.0, 13.0], [14.0, 30.0, 34.0], [3.0, 60.0, 44.0], [31.0, 36.0, 35.0], [15.0, 60.0, 22.0], [8.0, 51.0, 18.0], [7.0, 59.0, 9.0], [31.0, 50.0, 5.0], [10.0, 51.0, 59.0], [30.0, 38.0, 63.0], [13.0, 58.0, 46.0], [1.0, 62.0, 23.0], [31.0, 17.0, 4.0]]","[0.7139183878898621, 0.6658353805541992, 0.5984779596328735, 0.594138503074646, 0.5899508595466614, 0.5816961526870728, 0.5598947405815125, 0.5215103030204773, 0.5067964792251587, 0.5047242045402527, 0.5040307641029358, 0.42785969376564026, 0.3504445552825928, 0.31275036931037903]"
variant_F3,held_out_val_6bba_t35_p02_crowded,held_out_val,6bba_43fea39d,35,crowded,0.3,3,12,0,1,1,4.571923842201268,3.72334275215162,1.8168052317185792,1,1.8168052317185792,1,0.576906422773997,"[[4.0, 42.0, 18.0], [26.0, 39.0, 26.0], [31.0, 27.0, 57.0], [3.0, 62.0, 46.0], [24.0, 29.0, 30.0], [16.0, 41.0, 50.0], [31.0, 7.0, 29.0], [13.0, 59.0, 14.0], [20.0, 49.0, 10.0], [25.0, 44.0, 54.0], [11.0, 52.0, 63.0], [21.0, 42.0, 63.0]]","[0.656375527381897, 0.5868383646011353, 0.5806442499160767, 0.5787283182144165, 0.5511270761489868, 0.5474963784217834, 0.5268473625183105, 0.47300493717193604, 0.434668630361557, 0.4227157533168793, 0.3679654896259308, 0.35905829071998596]"
variant_F3,held_out_val_6bba_t50_p03_crowded,held_out_val,6bba_43fea39d,50,crowded,0.3,2,9,0,0,1,4.429266983020426,4.429266983020426,,0,2.9295104113144914,1,0.5980048775672913,"[[9.0, 60.0, 45.0], [26.0, 18.0, 50.0], [26.0, 51.0, 41.0], [20.0, 14.0, 55.0], [20.0, 48.0, 63.0], [2.0, 26.0, 57.0], [19.0, 61.0, 31.0], [31.0, 54.0, 42.0], [11.0, 62.0, 23.0]]","[0.6445568203926086, 0.6405574083328247, 0.6280980706214905, 0.6118534207344055, 0.6101199984550476, 0.584156334400177, 0.5511854887008667, 0.5392768383026123, 0.5195329785346985]"
variant_F3,held_out_val_6bba_t20_p04_crowded,held_out_val,6bba_43fea39d,20,crowded,0.3,2,13,0,0,1,4.5960089627302825,4.5960089627302825,,0,2.333728575156074,1,0.6574180424213409,"[[8.0, 50.0, 22.0], [4.0, 27.0, 58.0], [31.0, 59.0, 36.0], [31.0, 59.0, 23.0], [24.0, 50.0, 63.0], [13.0, 60.0, 63.0], [18.0, 51.0, 36.0], [23.0, 62.0, 38.0], [3.0, 59.0, 45.0], [8.0, 51.0, 56.0], [7.0, 55.0, 63.0], [3.0, 61.0, 63.0], [13.0, 59.0, 18.0]]","[0.6736910939216614, 0.6411449909210205, 0.6120055317878723, 0.6060516238212585, 0.5987129807472229, 0.5803225636482239, 0.5730530023574829, 0.5283195376396179, 0.4990125298500061, 0.49356064200401306, 0.4799269139766693, 0.47693124413490295, 0.47118520736694336]"
variant_F3,held_out_val_6bba_t80_p05_isolated,held_out_val,6bba_43fea39d,80,isolated,0.3,1,9,0,1,1,1.9902104160113323,1.9902104160113323,1.9902104160113323,1,1.9902104160113323,1,0.6961232423782349,"[[18.0, 34.0, 27.0], [18.0, 30.0, 34.0], [7.0, 60.0, 14.0], [29.0, 59.0, 28.0], [30.0, 52.0, 63.0], [8.0, 29.0, 42.0], [27.0, 58.0, 59.0], [3.0, 60.0, 41.0], [9.0, 41.0, 58.0]]","[0.7057462334632874, 0.6961232423782349, 0.6352091431617737, 0.5900186896324158, 0.56976717710495, 0.5690129399299622, 0.5453505516052246, 0.46759316325187683, 0.4317905008792877]"
variant_F3,held_out_val_6bba_t35_p06_isolated,held_out_val,6bba_43fea39d,35,isolated,0.3,1,10,0,0,0,10.60149053494366,10.60149053494366,,0,,0,0.555693507194519,"[[20.0, 26.0, 44.0], [2.0, 30.0, 40.0], [26.0, 30.0, 14.0], [7.0, 13.0, 16.0], [31.0, 31.0, 8.0], [31.0, 30.0, 29.0], [21.0, 13.0, 23.0], [19.0, 15.0, 33.0], [15.0, 27.0, 59.0], [0.0, 36.0, 7.0]]","[0.7761572599411011, 0.6691832542419434, 0.6477379202842712, 0.555693507194519, 0.5458274483680725, 0.5178165435791016, 0.5128479599952698, 0.486118346452713, 0.4277135133743286, 0.3228553533554077]"
variant_F3,held_out_val_6bba_t35_p07_isolated,held_out_val,6bba_43fea39d,35,isolated,0.3,1,13,0,0,1,2.569350598886808,2.569350598886808,,0,2.569350598886808,1,0.637195348739624,"[[10.0, 46.0, 46.0], [24.0, 43.0, 42.0], [16.0, 30.0, 38.0], [22.0, 51.0, 7.0], [9.0, 60.0, 14.0], [19.0, 61.0, 7.0], [3.0, 62.0, 22.0], [3.0, 60.0, 10.0], [31.0, 39.0, 40.0], [29.0, 60.0, 6.0], [1.0, 42.0, 21.0], [23.0, 31.0, 29.0], [2.0, 51.0, 52.0]]","[0.6692684292793274, 0.649737536907196, 0.637195348739624, 0.6102932095527649, 0.5577903389930725, 0.537651002407074, 0.5335368514060974, 0.5296782851219177, 0.5290475487709045, 0.4960864782333374, 0.4627290666103363, 0.4187352657318115, 0.4174468517303467]"
variant_F3,held_out_val_6bba_t80_p08_isolated,held_out_val,6bba_43fea39d,80,isolated,0.3,1,13,0,0,0,4.1429533547941375,4.1429533547941375,,0,,0,0.6412243843078613,"[[18.0, 30.0, 38.0], [23.0, 60.0, 46.0], [24.0, 57.0, 57.0], [16.0, 35.0, 20.0], [31.0, 43.0, 42.0], [10.0, 34.0, 26.0], [11.0, 61.0, 41.0], [17.0, 61.0, 38.0], [5.0, 61.0, 59.0], [27.0, 62.0, 10.0], [9.0, 43.0, 54.0], [20.0, 49.0, 48.0], [15.0, 62.0, 63.0]]","[0.6412243843078613, 0.6273133754730225, 0.6003780961036682, 0.5900037884712219, 0.5661214590072632, 0.5555193424224854, 0.5113176703453064, 0.5088411569595337, 0.47715380787849426, 0.4668073356151581, 0.458963006734848, 0.45005154609680176, 0.38782209157943726]"
variant_F3,held_out_val_6bba_t20_p09_boundary,held_out_val,6bba_43fea39d,20,boundary,0.3,1,13,0,0,0,4.182599744775969,4.182599744775969,,0,,0,0.6440038681030273,"[[19.0, 61.0, 63.0], [19.0, 63.0, 56.0], [6.0, 50.0, 53.0], [20.0, 43.0, 56.0], [31.0, 35.0, 63.0], [31.0, 25.0, 40.0], [7.0, 59.0, 30.0], [31.0, 38.0, 35.0], [31.0, 58.0, 35.0], [31.0, 61.0, 54.0], [31.0, 59.0, 44.0], [31.0, 60.0, 28.0], [25.0, 61.0, 47.0]]","[0.7893854379653931, 0.7536777257919312, 0.6630561947822571, 0.6495901942253113, 0.6440038681030273, 0.6241998672485352, 0.6134541630744934, 0.6083092093467712, 0.5921497941017151, 0.5837406516075134, 0.5799233913421631, 0.5374751091003418, 0.5195558667182922]"
variant_F3,held_out_val_6bba_t50_p10_boundary,held_out_val,6bba_43fea39d,50,boundary,0.3,1,8,0,0,0,3.72334275215162,3.72334275215162,,0,,0,0.7014639377593994,"[[26.0, 30.0, 36.0], [25.0, 61.0, 56.0], [31.0, 59.0, 20.0], [31.0, 59.0, 32.0], [15.0, 62.0, 59.0], [21.0, 60.0, 27.0], [27.0, 44.0, 63.0], [3.0, 61.0, 60.0]]","[0.7014639377593994, 0.6129108667373657, 0.5592269897460938, 0.5409480929374695, 0.47586968541145325, 0.44873759150505066, 0.4226030111312866, 0.395201176404953]"
variant_F3,held_out_val_6bba_t35_p11_zero_annotation,held_out_val,6bba_43fea39d,35,zero_annotation,0.3,0,28,0,0,0,,,,0,,0,,"[[31.0, 60.0, 14.0], [31.0, 59.0, 58.0], [31.0, 60.0, 36.0], [10.0, 50.0, 60.0], [31.0, 29.0, 61.0], [24.0, 50.0, 57.0], [17.0, 61.0, 51.0], [5.0, 57.0, 56.0], [13.0, 57.0, 60.0], [25.0, 62.0, 55.0], [31.0, 34.0, 41.0], [11.0, 54.0, 40.0], [25.0, 61.0, 38.0], [26.0, 50.0, 31.0], [27.0, 11.0, 39.0], [5.0, 60.0, 38.0], [25.0, 60.0, 17.0], [9.0, 35.0, 20.0], [31.0, 35.0, 20.0], [19.0, 24.0, 47.0], [10.0, 62.0, 27.0], [9.0, 60.0, 20.0], [9.0, 61.0, 12.0], [11.0, 30.0, 35.0], [17.0, 60.0, 30.0], [8.0, 17.0, 39.0], [8.0, 27.0, 62.0], [13.0, 31.0, 45.0]]","[0.7672490477561951, 0.7548608183860779, 0.7316805720329285, 0.6064227223396301, 0.5856521129608154, 0.5292901992797852, 0.5154215693473816, 0.5123353600502014, 0.5047459602355957, 0.47670963406562805, 0.47627365589141846, 0.471183717250824, 0.4687589406967163, 0.44763967394828796, 0.44743090867996216, 0.4473017752170563, 0.44291451573371887, 0.4160466194152832, 0.4089767038822174, 0.36720284819602966, 0.3667644262313843, 0.356092631816864, 0.348393052816391, 0.3421735167503357, 0.3293856680393219, 0.32631587982177734, 0.3209958076477051, 0.3198276460170746]"
variant_F3,held_out_val_6bba_t65_p12_zero_annotation,held_out_val,6bba_43fea39d,65,zero_annotation,0.3,0,12,0,0,0,,,,0,,0,,"[[4.0, 7.0, 13.0], [31.0, 7.0, 15.0], [31.0, 6.0, 25.0], [31.0, 5.0, 44.0], [31.0, 3.0, 62.0], [11.0, 4.0, 61.0], [11.0, 38.0, 33.0], [31.0, 23.0, 42.0], [24.0, 8.0, 7.0], [11.0, 29.0, 50.0], [5.0, 10.0, 61.0], [11.0, 27.0, 34.0]]","[0.7660641670227051, 0.5588454008102417, 0.5582336783409119, 0.4775276482105255, 0.4611457288265228, 0.39051443338394165, 0.37515947222709656, 0.3635275661945343, 0.35819128155708313, 0.33250895142555237, 0.3127470016479492, 0.30423831939697266]"
