variant,patch_id,split,sample_id,t,category,threshold,num_gt,num_peaks,matched_1_0,matched_2_0,matched_3_0,mean_dist_matched_2_0_um
variant_F1,train_6bba_t15_p01_crowded,train,6bba_bb9f20c3,15,crowded,0.1,2,24,0,1,1,1.86167137607581
variant_F1,train_6bba_t15_p01_crowded,train,6bba_bb9f20c3,15,crowded,0.2,2,23,0,1,1,1.86167137607581
variant_F1,train_6bba_t15_p01_crowded,train,6bba_bb9f20c3,15,crowded,0.3,2,22,0,1,1,1.86167137607581
variant_F1,train_6bba_t15_p01_crowded,train,6bba_bb9f20c3,15,crowded,0.4,2,21,0,1,1,1.86167137607581
variant_F1,train_6bba_t15_p01_crowded,train,6bba_bb9f20c3,15,crowded,0.5,2,18,0,1,1,1.86167137607581
variant_F1,train_6bba_t15_p01_crowded,train,6bba_bb9f20c3,15,crowded,0.7,2,3,0,0,0,
variant_F1,train_6bba_t15_p01_crowded,train,6bba_bb9f20c3,15,crowded,0.8,2,0,0,0,0,
variant_F1,train_6bba_t35_p02_crowded,train,6bba_bb9f20c3,35,crowded,0.1,2,26,0,1,2,1.4647552056572457
variant_F1,train_6bba_t35_p02_crowded,train,6bba_bb9f20c3,35,crowded,0.2,2,22,0,1,2,1.4647552056572457
variant_F1,train_6bba_t35_p02_crowded,train,6bba_bb9f20c3,35,crowded,0.3,2,19,0,1,2,1.4647552056572457
variant_F1,train_6bba_t35_p02_crowded,train,6bba_bb9f20c3,35,crowded,0.4,2,18,0,1,2,1.4647552056572457
variant_F1,train_6bba_t35_p02_crowded,train,6bba_bb9f20c3,35,crowded,0.5,2,15,0,1,2,1.4647552056572457
variant_F1,train_6bba_t35_p02_crowded,train,6bba_bb9f20c3,35,crowded,0.7,2,6,0,0,0,
variant_F1,train_6bba_t35_p02_crowded,train,6bba_bb9f20c3,35,crowded,0.8,2,0,0,0,0,
variant_F1,train_6bba_t40_p03_crowded,train,6bba_bb9f20c3,40,crowded,0.1,2,25,0,2,2,1.5177776158592895
variant_F1,train_6bba_t40_p03_crowded,train,6bba_bb9f20c3,40,crowded,0.2,2,23,0,2,2,1.5177776158592895
variant_F1,train_6bba_t40_p03_crowded,train,6bba_bb9f20c3,40,crowded,0.3,2,20,0,2,2,1.5177776158592895
variant_F1,train_6bba_t40_p03_crowded,train,6bba_bb9f20c3,40,crowded,0.4,2,18,0,2,2,1.5177776158592895
variant_F1,train_6bba_t40_p03_crowded,train,6bba_bb9f20c3,40,crowded,0.5,2,14,0,2,2,1.5177776158592895
variant_F1,train_6bba_t40_p03_crowded,train,6bba_bb9f20c3,40,crowded,0.7,2,3,0,0,0,
variant_F1,train_6bba_t40_p03_crowded,train,6bba_bb9f20c3,40,crowded,0.8,2,0,0,0,0,
variant_F1,train_6bba_t45_p04_crowded,train,6bba_bb9f20c3,45,crowded,0.1,3,24,1,2,2,1.015625
variant_F1,train_6bba_t45_p04_crowded,train,6bba_bb9f20c3,45,crowded,0.2,3,24,1,2,2,1.015625
variant_F1,train_6bba_t45_p04_crowded,train,6bba_bb9f20c3,45,crowded,0.3,3,20,1,2,2,1.015625
variant_F1,train_6bba_t45_p04_crowded,train,6bba_bb9f20c3,45,crowded,0.4,3,19,1,2,2,1.015625
variant_F1,train_6bba_t45_p04_crowded,train,6bba_bb9f20c3,45,crowded,0.5,3,17,1,2,2,1.015625
variant_F1,train_6bba_t45_p04_crowded,train,6bba_bb9f20c3,45,crowded,0.7,3,0,0,0,0,
variant_F1,train_6bba_t45_p04_crowded,train,6bba_bb9f20c3,45,crowded,0.8,3,0,0,0,0,
variant_F1,train_6bba_t55_p05_crowded,train,6bba_bb9f20c3,55,crowded,0.1,2,23,1,1,1,0.40625
variant_F1,train_6bba_t55_p05_crowded,train,6bba_bb9f20c3,55,crowded,0.2,2,23,1,1,1,0.40625
variant_F1,train_6bba_t55_p05_crowded,train,6bba_bb9f20c3,55,crowded,0.3,2,20,1,1,1,0.40625
variant_F1,train_6bba_t55_p05_crowded,train,6bba_bb9f20c3,55,crowded,0.4,2,19,1,1,1,0.40625
variant_F1,train_6bba_t55_p05_crowded,train,6bba_bb9f20c3,55,crowded,0.5,2,12,1,1,1,0.40625
variant_F1,train_6bba_t55_p05_crowded,train,6bba_bb9f20c3,55,crowded,0.7,2,3,1,1,1,0.40625
variant_F1,train_6bba_t55_p05_crowded,train,6bba_bb9f20c3,55,crowded,0.8,2,0,0,0,0,
variant_F1,train_6bba_t55_p06_crowded,train,6bba_bb9f20c3,55,crowded,0.1,3,27,3,3,3,0.5736342052864298
variant_F1,train_6bba_t55_p06_crowded,train,6bba_bb9f20c3,55,crowded,0.2,3,25,3,3,3,0.5736342052864298
variant_F1,train_6bba_t55_p06_crowded,train,6bba_bb9f20c3,55,crowded,0.3,3,23,3,3,3,0.5736342052864298
variant_F1,train_6bba_t55_p06_crowded,train,6bba_bb9f20c3,55,crowded,0.4,3,22,3,3,3,0.5736342052864298
variant_F1,train_6bba_t55_p06_crowded,train,6bba_bb9f20c3,55,crowded,0.5,3,16,3,3,3,0.5736342052864298
variant_F1,train_6bba_t55_p06_crowded,train,6bba_bb9f20c3,55,crowded,0.7,3,0,0,0,0,
variant_F1,train_6bba_t55_p06_crowded,train,6bba_bb9f20c3,55,crowded,0.8,3,0,0,0,0,
variant_F1,train_6bba_t15_p07_crowded,train,6bba_bb9f20c3,15,crowded,0.1,3,35,2,3,3,1.0268071253586033
variant_F1,train_6bba_t15_p07_crowded,train,6bba_bb9f20c3,15,crowded,0.2,3,32,2,3,3,1.0268071253586033
variant_F1,train_6bba_t15_p07_crowded,train,6bba_bb9f20c3,15,crowded,0.3,3,28,2,3,3,1.0268071253586033
variant_F1,train_6bba_t15_p07_crowded,train,6bba_bb9f20c3,15,crowded,0.4,3,26,2,3,3,1.0268071253586033
variant_F1,train_6bba_t15_p07_crowded,train,6bba_bb9f20c3,15,crowded,0.5,3,11,1,2,2,1.133960688037905
variant_F1,train_6bba_t15_p07_crowded,train,6bba_bb9f20c3,15,crowded,0.7,3,0,0,0,0,
variant_F1,train_6bba_t15_p07_crowded,train,6bba_bb9f20c3,15,crowded,0.8,3,0,0,0,0,
variant_F1,train_6bba_t25_p08_crowded,train,6bba_bb9f20c3,25,crowded,0.1,4,28,4,4,4,0.6159252838218573
variant_F1,train_6bba_t25_p08_crowded,train,6bba_bb9f20c3,25,crowded,0.2,4,28,4,4,4,0.6159252838218573
variant_F1,train_6bba_t25_p08_crowded,train,6bba_bb9f20c3,25,crowded,0.3,4,25,4,4,4,0.6159252838218573
variant_F1,train_6bba_t25_p08_crowded,train,6bba_bb9f20c3,25,crowded,0.4,4,24,4,4,4,0.6159252838218573
variant_F1,train_6bba_t25_p08_crowded,train,6bba_bb9f20c3,25,crowded,0.5,4,16,4,4,4,0.6159252838218573
variant_F1,train_6bba_t25_p08_crowded,train,6bba_bb9f20c3,25,crowded,0.7,4,1,1,1,1,0.5745242597140698
variant_F1,train_6bba_t25_p08_crowded,train,6bba_bb9f20c3,25,crowded,0.8,4,0,0,0,0,
variant_F1,train_6bba_t10_p09_crowded,train,6bba_bb9f20c3,10,crowded,0.1,2,15,0,0,0,
variant_F1,train_6bba_t10_p09_crowded,train,6bba_bb9f20c3,10,crowded,0.2,2,14,0,0,0,
variant_F1,train_6bba_t10_p09_crowded,train,6bba_bb9f20c3,10,crowded,0.3,2,14,0,0,0,
variant_F1,train_6bba_t10_p09_crowded,train,6bba_bb9f20c3,10,crowded,0.4,2,13,0,0,0,
variant_F1,train_6bba_t10_p09_crowded,train,6bba_bb9f20c3,10,crowded,0.5,2,13,0,0,0,
variant_F1,train_6bba_t10_p09_crowded,train,6bba_bb9f20c3,10,crowded,0.7,2,3,0,0,0,
variant_F1,train_6bba_t10_p09_crowded,train,6bba_bb9f20c3,10,crowded,0.8,2,0,0,0,0,
variant_F1,train_6bba_t40_p10_crowded,train,6bba_bb9f20c3,40,crowded,0.1,2,22,0,1,2,1.8168052317185792
variant_F1,train_6bba_t40_p10_crowded,train,6bba_bb9f20c3,40,crowded,0.2,2,21,0,1,2,1.8168052317185792
variant_F1,train_6bba_t40_p10_crowded,train,6bba_bb9f20c3,40,crowded,0.3,2,21,0,1,2,1.8168052317185792
variant_F1,train_6bba_t40_p10_crowded,train,6bba_bb9f20c3,40,crowded,0.4,2,19,0,1,2,1.8168052317185792
variant_F1,train_6bba_t40_p10_crowded,train,6bba_bb9f20c3,40,crowded,0.5,2,15,0,0,1,
variant_F1,train_6bba_t40_p10_crowded,train,6bba_bb9f20c3,40,crowded,0.7,2,0,0,0,0,
variant_F1,train_6bba_t40_p10_crowded,train,6bba_bb9f20c3,40,crowded,0.8,2,0,0,0,0,
variant_F1,train_6bba_t35_p11_crowded,train,6bba_bb9f20c3,35,crowded,0.1,3,29,3,3,3,0.5184328398093799
variant_F1,train_6bba_t35_p11_crowded,train,6bba_bb9f20c3,35,crowded,0.2,3,26,3,3,3,0.5184328398093799
variant_F1,train_6bba_t35_p11_crowded,train,6bba_bb9f20c3,35,crowded,0.3,3,26,3,3,3,0.5184328398093799
variant_F1,train_6bba_t35_p11_crowded,train,6bba_bb9f20c3,35,crowded,0.4,3,24,3,3,3,0.5184328398093799
variant_F1,train_6bba_t35_p11_crowded,train,6bba_bb9f20c3,35,crowded,0.5,3,16,3,3,3,0.5184328398093799
variant_F1,train_6bba_t35_p11_crowded,train,6bba_bb9f20c3,35,crowded,0.7,3,1,0,0,0,
variant_F1,train_6bba_t35_p11_crowded,train,6bba_bb9f20c3,35,crowded,0.8,3,1,0,0,0,
variant_F1,train_6bba_t45_p12_crowded,train,6bba_bb9f20c3,45,crowded,0.1,3,26,1,2,3,1.1490485194281397
variant_F1,train_6bba_t45_p12_crowded,train,6bba_bb9f20c3,45,crowded,0.2,3,26,1,2,3,1.1490485194281397
variant_F1,train_6bba_t45_p12_crowded,train,6bba_bb9f20c3,45,crowded,0.3,3,26,1,2,3,1.1490485194281397
variant_F1,train_6bba_t45_p12_crowded,train,6bba_bb9f20c3,45,crowded,0.4,3,26,1,2,3,1.1490485194281397
variant_F1,train_6bba_t45_p12_crowded,train,6bba_bb9f20c3,45,crowded,0.5,3,17,1,2,3,1.1490485194281397
variant_F1,train_6bba_t45_p12_crowded,train,6bba_bb9f20c3,45,crowded,0.7,3,2,1,1,1,0.5745242597140698
variant_F1,train_6bba_t45_p12_crowded,train,6bba_bb9f20c3,45,crowded,0.8,3,0,0,0,0,
variant_F1,train_6bba_t20_p13_crowded,train,6bba_bb9f20c3,20,crowded,0.1,3,23,1,2,2,1.133960688037905
variant_F1,train_6bba_t20_p13_crowded,train,6bba_bb9f20c3,20,crowded,0.2,3,22,1,2,2,1.133960688037905
variant_F1,train_6bba_t20_p13_crowded,train,6bba_bb9f20c3,20,crowded,0.3,3,20,1,2,2,1.133960688037905
variant_F1,train_6bba_t20_p13_crowded,train,6bba_bb9f20c3,20,crowded,0.4,3,18,1,2,2,1.133960688037905
variant_F1,train_6bba_t20_p13_crowded,train,6bba_bb9f20c3,20,crowded,0.5,3,15,1,2,2,1.133960688037905
variant_F1,train_6bba_t20_p13_crowded,train,6bba_bb9f20c3,20,crowded,0.7,3,2,0,0,0,
variant_F1,train_6bba_t20_p13_crowded,train,6bba_bb9f20c3,20,crowded,0.8,3,0,0,0,0,
variant_F1,train_6bba_t20_p14_crowded,train,6bba_bb9f20c3,20,crowded,0.1,3,31,1,2,2,0.930835688037905
variant_F1,train_6bba_t20_p14_crowded,train,6bba_bb9f20c3,20,crowded,0.2,3,30,1,2,2,0.930835688037905
variant_F1,train_6bba_t20_p14_crowded,train,6bba_bb9f20c3,20,crowded,0.3,3,29,1,2,2,0.930835688037905
variant_F1,train_6bba_t20_p14_crowded,train,6bba_bb9f20c3,20,crowded,0.4,3,24,1,2,2,0.930835688037905
variant_F1,train_6bba_t20_p14_crowded,train,6bba_bb9f20c3,20,crowded,0.5,3,17,1,2,2,0.930835688037905
variant_F1,train_6bba_t20_p14_crowded,train,6bba_bb9f20c3,20,crowded,0.7,3,1,1,1,1,0.0
variant_F1,train_6bba_t20_p14_crowded,train,6bba_bb9f20c3,20,crowded,0.8,3,0,0,0,0,
variant_F1,train_6bba_t15_p15_crowded,train,6bba_bb9f20c3,15,crowded,0.1,2,24,1,1,1,0.40625
variant_F1,train_6bba_t15_p15_crowded,train,6bba_bb9f20c3,15,crowded,0.2,2,21,1,1,1,0.40625
variant_F1,train_6bba_t15_p15_crowded,train,6bba_bb9f20c3,15,crowded,0.3,2,21,1,1,1,0.40625
variant_F1,train_6bba_t15_p15_crowded,train,6bba_bb9f20c3,15,crowded,0.4,2,20,1,1,1,0.40625
variant_F1,train_6bba_t15_p15_crowded,train,6bba_bb9f20c3,15,crowded,0.5,2,18,1,1,1,0.40625
variant_F1,train_6bba_t15_p15_crowded,train,6bba_bb9f20c3,15,crowded,0.7,2,5,0,0,0,
variant_F1,train_6bba_t15_p15_crowded,train,6bba_bb9f20c3,15,crowded,0.8,2,0,0,0,0,
variant_F1,train_6bba_t30_p16_crowded,train,6bba_bb9f20c3,30,crowded,0.1,2,22,0,0,0,
variant_F1,train_6bba_t30_p16_crowded,train,6bba_bb9f20c3,30,crowded,0.2,2,22,0,0,0,
variant_F1,train_6bba_t30_p16_crowded,train,6bba_bb9f20c3,30,crowded,0.3,2,22,0,0,0,
variant_F1,train_6bba_t30_p16_crowded,train,6bba_bb9f20c3,30,crowded,0.4,2,20,0,0,0,
variant_F1,train_6bba_t30_p16_crowded,train,6bba_bb9f20c3,30,crowded,0.5,2,18,0,0,0,
variant_F1,train_6bba_t30_p16_crowded,train,6bba_bb9f20c3,30,crowded,0.7,2,2,0,0,0,
variant_F1,train_6bba_t30_p16_crowded,train,6bba_bb9f20c3,30,crowded,0.8,2,0,0,0,0,
variant_F1,train_6bba_t50_p17_crowded,train,6bba_bb9f20c3,50,crowded,0.1,3,29,2,3,3,0.8773251316671664
variant_F1,train_6bba_t50_p17_crowded,train,6bba_bb9f20c3,50,crowded,0.2,3,24,2,3,3,0.8773251316671664
variant_F1,train_6bba_t50_p17_crowded,train,6bba_bb9f20c3,50,crowded,0.3,3,23,2,3,3,0.8773251316671664
variant_F1,train_6bba_t50_p17_crowded,train,6bba_bb9f20c3,50,crowded,0.4,3,20,2,3,3,0.8773251316671664
variant_F1,train_6bba_t50_p17_crowded,train,6bba_bb9f20c3,50,crowded,0.5,3,15,2,3,3,0.8773251316671664
variant_F1,train_6bba_t50_p17_crowded,train,6bba_bb9f20c3,50,crowded,0.7,3,0,0,0,0,
variant_F1,train_6bba_t50_p17_crowded,train,6bba_bb9f20c3,50,crowded,0.8,3,0,0,0,0,
variant_F1,train_6bba_t55_p18_crowded,train,6bba_bb9f20c3,55,crowded,0.1,2,21,1,1,1,0.40625
variant_F1,train_6bba_t55_p18_crowded,train,6bba_bb9f20c3,55,crowded,0.2,2,20,1,1,1,0.40625
variant_F1,train_6bba_t55_p18_crowded,train,6bba_bb9f20c3,55,crowded,0.3,2,20,1,1,1,0.40625
variant_F1,train_6bba_t55_p18_crowded,train,6bba_bb9f20c3,55,crowded,0.4,2,20,1,1,1,0.40625
variant_F1,train_6bba_t55_p18_crowded,train,6bba_bb9f20c3,55,crowded,0.5,2,17,1,1,1,0.40625
variant_F1,train_6bba_t55_p18_crowded,train,6bba_bb9f20c3,55,crowded,0.7,2,1,0,0,0,
variant_F1,train_6bba_t55_p18_crowded,train,6bba_bb9f20c3,55,crowded,0.8,2,1,0,0,0,
variant_F1,train_6bba_t45_p19_crowded,train,6bba_bb9f20c3,45,crowded,0.1,2,21,0,0,1,
variant_F1,train_6bba_t45_p19_crowded,train,6bba_bb9f20c3,45,crowded,0.2,2,20,0,0,1,
variant_F1,train_6bba_t45_p19_crowded,train,6bba_bb9f20c3,45,crowded,0.3,2,17,0,0,1,
variant_F1,train_6bba_t45_p19_crowded,train,6bba_bb9f20c3,45,crowded,0.4,2,14,0,0,1,
variant_F1,train_6bba_t45_p19_crowded,train,6bba_bb9f20c3,45,crowded,0.5,2,12,0,0,1,
variant_F1,train_6bba_t45_p19_crowded,train,6bba_bb9f20c3,45,crowded,0.7,2,0,0,0,0,
variant_F1,train_6bba_t45_p19_crowded,train,6bba_bb9f20c3,45,crowded,0.8,2,0,0,0,0,
variant_F1,train_6bba_t15_p20_crowded,train,6bba_bb9f20c3,15,crowded,0.1,2,26,1,1,1,0.40625
variant_F1,train_6bba_t15_p20_crowded,train,6bba_bb9f20c3,15,crowded,0.2,2,25,1,1,1,0.40625
variant_F1,train_6bba_t15_p20_crowded,train,6bba_bb9f20c3,15,crowded,0.3,2,24,1,1,1,0.40625
variant_F1,train_6bba_t15_p20_crowded,train,6bba_bb9f20c3,15,crowded,0.4,2,20,1,1,1,0.40625
variant_F1,train_6bba_t15_p20_crowded,train,6bba_bb9f20c3,15,crowded,0.5,2,18,1,1,1,0.40625
variant_F1,train_6bba_t15_p20_crowded,train,6bba_bb9f20c3,15,crowded,0.7,2,1,0,0,0,
variant_F1,train_6bba_t15_p20_crowded,train,6bba_bb9f20c3,15,crowded,0.8,2,0,0,0,0,
variant_F1,train_6bba_t30_p21_crowded,train,6bba_bb9f20c3,30,crowded,0.1,3,32,2,3,3,0.5636417664811347
variant_F1,train_6bba_t30_p21_crowded,train,6bba_bb9f20c3,30,crowded,0.2,3,30,2,3,3,0.5636417664811347
variant_F1,train_6bba_t30_p21_crowded,train,6bba_bb9f20c3,30,crowded,0.3,3,28,2,3,3,0.5636417664811347
variant_F1,train_6bba_t30_p21_crowded,train,6bba_bb9f20c3,30,crowded,0.4,3,26,2,3,3,0.5636417664811347
variant_F1,train_6bba_t30_p21_crowded,train,6bba_bb9f20c3,30,crowded,0.5,3,20,2,3,3,0.5636417664811347
variant_F1,train_6bba_t30_p21_crowded,train,6bba_bb9f20c3,30,crowded,0.7,3,1,1,1,1,0.0
variant_F1,train_6bba_t30_p21_crowded,train,6bba_bb9f20c3,30,crowded,0.8,3,0,0,0,0,
variant_F1,train_6bba_t50_p22_crowded,train,6bba_bb9f20c3,50,crowded,0.1,2,25,1,1,1,0.9084026158592896
variant_F1,train_6bba_t50_p22_crowded,train,6bba_bb9f20c3,50,crowded,0.2,2,25,1,1,1,0.9084026158592896
variant_F1,train_6bba_t50_p22_crowded,train,6bba_bb9f20c3,50,crowded,0.3,2,22,1,1,1,0.9084026158592896
variant_F1,train_6bba_t50_p22_crowded,train,6bba_bb9f20c3,50,crowded,0.4,2,18,1,1,1,0.9084026158592896
variant_F1,train_6bba_t50_p22_crowded,train,6bba_bb9f20c3,50,crowded,0.5,2,12,1,1,1,0.9084026158592896
variant_F1,train_6bba_t50_p22_crowded,train,6bba_bb9f20c3,50,crowded,0.7,2,2,1,1,1,0.9084026158592896
variant_F1,train_6bba_t50_p22_crowded,train,6bba_bb9f20c3,50,crowded,0.8,2,0,0,0,0,
variant_F1,train_6bba_t10_p23_crowded,train,6bba_bb9f20c3,10,crowded,0.1,3,31,3,3,3,0.5736342052864298
variant_F1,train_6bba_t10_p23_crowded,train,6bba_bb9f20c3,10,crowded,0.2,3,29,3,3,3,0.5736342052864298
variant_F1,train_6bba_t10_p23_crowded,train,6bba_bb9f20c3,10,crowded,0.3,3,24,3,3,3,0.5736342052864298
variant_F1,train_6bba_t10_p23_crowded,train,6bba_bb9f20c3,10,crowded,0.4,3,21,3,3,3,0.5736342052864298
variant_F1,train_6bba_t10_p23_crowded,train,6bba_bb9f20c3,10,crowded,0.5,3,18,3,3,3,0.5736342052864298
variant_F1,train_6bba_t10_p23_crowded,train,6bba_bb9f20c3,10,crowded,0.7,3,1,0,0,0,
variant_F1,train_6bba_t10_p23_crowded,train,6bba_bb9f20c3,10,crowded,0.8,3,0,0,0,0,
variant_F1,train_6bba_t10_p24_crowded,train,6bba_bb9f20c3,10,crowded,0.1,2,24,1,2,2,0.8617863895711048
variant_F1,train_6bba_t10_p24_crowded,train,6bba_bb9f20c3,10,crowded,0.2,2,24,1,2,2,0.8617863895711048
variant_F1,train_6bba_t10_p24_crowded,train,6bba_bb9f20c3,10,crowded,0.3,2,24,1,2,2,0.8617863895711048
variant_F1,train_6bba_t10_p24_crowded,train,6bba_bb9f20c3,10,crowded,0.4,2,22,1,2,2,0.8617863895711048
variant_F1,train_6bba_t10_p24_crowded,train,6bba_bb9f20c3,10,crowded,0.5,2,20,1,2,2,0.8617863895711048
variant_F1,train_6bba_t10_p24_crowded,train,6bba_bb9f20c3,10,crowded,0.7,2,0,0,0,0,
variant_F1,train_6bba_t10_p24_crowded,train,6bba_bb9f20c3,10,crowded,0.8,2,0,0,0,0,
variant_F1,train_6bba_t10_p25_isolated,train,6bba_bb9f20c3,10,isolated,0.1,1,20,0,1,1,1.6750116604071745
variant_F1,train_6bba_t10_p25_isolated,train,6bba_bb9f20c3,10,isolated,0.2,1,20,0,1,1,1.6750116604071745
variant_F1,train_6bba_t10_p25_isolated,train,6bba_bb9f20c3,10,isolated,0.3,1,19,0,1,1,1.6750116604071745
variant_F1,train_6bba_t10_p25_isolated,train,6bba_bb9f20c3,10,isolated,0.4,1,17,0,1,1,1.6750116604071745
variant_F1,train_6bba_t10_p25_isolated,train,6bba_bb9f20c3,10,isolated,0.5,1,17,0,1,1,1.6750116604071745
variant_F1,train_6bba_t10_p25_isolated,train,6bba_bb9f20c3,10,isolated,0.7,1,3,0,0,0,
variant_F1,train_6bba_t10_p25_isolated,train,6bba_bb9f20c3,10,isolated,0.8,1,0,0,0,0,
variant_F1,train_6bba_t20_p26_isolated,train,6bba_bb9f20c3,20,isolated,0.1,1,28,1,1,1,0.5745242597140698
variant_F1,train_6bba_t20_p26_isolated,train,6bba_bb9f20c3,20,isolated,0.2,1,25,1,1,1,0.5745242597140698
variant_F1,train_6bba_t20_p26_isolated,train,6bba_bb9f20c3,20,isolated,0.3,1,24,1,1,1,0.5745242597140698
variant_F1,train_6bba_t20_p26_isolated,train,6bba_bb9f20c3,20,isolated,0.4,1,20,1,1,1,0.5745242597140698
variant_F1,train_6bba_t20_p26_isolated,train,6bba_bb9f20c3,20,isolated,0.5,1,15,1,1,1,0.5745242597140698
variant_F1,train_6bba_t20_p26_isolated,train,6bba_bb9f20c3,20,isolated,0.7,1,1,0,0,0,
variant_F1,train_6bba_t20_p26_isolated,train,6bba_bb9f20c3,20,isolated,0.8,1,0,0,0,0,
variant_F1,train_6bba_t35_p27_isolated,train,6bba_bb9f20c3,35,isolated,0.1,1,28,1,1,1,0.5745242597140698
variant_F1,train_6bba_t35_p27_isolated,train,6bba_bb9f20c3,35,isolated,0.2,1,27,1,1,1,0.5745242597140698
variant_F1,train_6bba_t35_p27_isolated,train,6bba_bb9f20c3,35,isolated,0.3,1,25,1,1,1,0.5745242597140698
variant_F1,train_6bba_t35_p27_isolated,train,6bba_bb9f20c3,35,isolated,0.4,1,23,1,1,1,0.5745242597140698
variant_F1,train_6bba_t35_p27_isolated,train,6bba_bb9f20c3,35,isolated,0.5,1,13,1,1,1,0.5745242597140698
variant_F1,train_6bba_t35_p27_isolated,train,6bba_bb9f20c3,35,isolated,0.7,1,1,1,1,1,0.5745242597140698
variant_F1,train_6bba_t35_p27_isolated,train,6bba_bb9f20c3,35,isolated,0.8,1,0,0,0,0,
variant_F1,train_6bba_t40_p28_isolated,train,6bba_bb9f20c3,40,isolated,0.1,1,28,0,0,1,
variant_F1,train_6bba_t40_p28_isolated,train,6bba_bb9f20c3,40,isolated,0.2,1,28,0,0,1,
variant_F1,train_6bba_t40_p28_isolated,train,6bba_bb9f20c3,40,isolated,0.3,1,28,0,0,1,
variant_F1,train_6bba_t40_p28_isolated,train,6bba_bb9f20c3,40,isolated,0.4,1,24,0,0,1,
variant_F1,train_6bba_t40_p28_isolated,train,6bba_bb9f20c3,40,isolated,0.5,1,13,0,0,1,
variant_F1,train_6bba_t40_p28_isolated,train,6bba_bb9f20c3,40,isolated,0.7,1,1,0,0,0,
variant_F1,train_6bba_t40_p28_isolated,train,6bba_bb9f20c3,40,isolated,0.8,1,0,0,0,0,
variant_F1,train_6bba_t25_p29_isolated,train,6bba_bb9f20c3,25,isolated,0.1,1,32,0,0,0,
variant_F1,train_6bba_t25_p29_isolated,train,6bba_bb9f20c3,25,isolated,0.2,1,31,0,0,0,
variant_F1,train_6bba_t25_p29_isolated,train,6bba_bb9f20c3,25,isolated,0.3,1,28,0,0,0,
variant_F1,train_6bba_t25_p29_isolated,train,6bba_bb9f20c3,25,isolated,0.4,1,24,0,0,0,
variant_F1,train_6bba_t25_p29_isolated,train,6bba_bb9f20c3,25,isolated,0.5,1,19,0,0,0,
variant_F1,train_6bba_t25_p29_isolated,train,6bba_bb9f20c3,25,isolated,0.7,1,1,0,0,0,
variant_F1,train_6bba_t25_p29_isolated,train,6bba_bb9f20c3,25,isolated,0.8,1,0,0,0,0,
variant_F1,train_6bba_t25_p30_isolated,train,6bba_bb9f20c3,25,isolated,0.1,1,23,0,0,1,
variant_F1,train_6bba_t25_p30_isolated,train,6bba_bb9f20c3,25,isolated,0.2,1,21,0,0,1,
variant_F1,train_6bba_t25_p30_isolated,train,6bba_bb9f20c3,25,isolated,0.3,1,17,0,0,1,
variant_F1,train_6bba_t25_p30_isolated,train,6bba_bb9f20c3,25,isolated,0.4,1,16,0,0,1,
variant_F1,train_6bba_t25_p30_isolated,train,6bba_bb9f20c3,25,isolated,0.5,1,14,0,0,1,
variant_F1,train_6bba_t25_p30_isolated,train,6bba_bb9f20c3,25,isolated,0.7,1,4,0,0,0,
variant_F1,train_6bba_t25_p30_isolated,train,6bba_bb9f20c3,25,isolated,0.8,1,0,0,0,0,
variant_F1,train_6bba_t45_p31_isolated,train,6bba_bb9f20c3,45,isolated,0.1,1,23,0,0,0,
variant_F1,train_6bba_t45_p31_isolated,train,6bba_bb9f20c3,45,isolated,0.2,1,20,0,0,0,
variant_F1,train_6bba_t45_p31_isolated,train,6bba_bb9f20c3,45,isolated,0.3,1,19,0,0,0,
variant_F1,train_6bba_t45_p31_isolated,train,6bba_bb9f20c3,45,isolated,0.4,1,18,0,0,0,
variant_F1,train_6bba_t45_p31_isolated,train,6bba_bb9f20c3,45,isolated,0.5,1,18,0,0,0,
variant_F1,train_6bba_t45_p31_isolated,train,6bba_bb9f20c3,45,isolated,0.7,1,3,0,0,0,
variant_F1,train_6bba_t45_p31_isolated,train,6bba_bb9f20c3,45,isolated,0.8,1,1,0,0,0,
variant_F1,train_6bba_t30_p32_isolated,train,6bba_bb9f20c3,30,isolated,0.1,1,23,1,1,1,0.9084026158592896
variant_F1,train_6bba_t30_p32_isolated,train,6bba_bb9f20c3,30,isolated,0.2,1,22,1,1,1,0.9084026158592896
variant_F1,train_6bba_t30_p32_isolated,train,6bba_bb9f20c3,30,isolated,0.3,1,20,1,1,1,0.9084026158592896
variant_F1,train_6bba_t30_p32_isolated,train,6bba_bb9f20c3,30,isolated,0.4,1,15,1,1,1,0.9084026158592896
variant_F1,train_6bba_t30_p32_isolated,train,6bba_bb9f20c3,30,isolated,0.5,1,14,1,1,1,0.9084026158592896
variant_F1,train_6bba_t30_p32_isolated,train,6bba_bb9f20c3,30,isolated,0.7,1,3,0,0,0,
variant_F1,train_6bba_t30_p32_isolated,train,6bba_bb9f20c3,30,isolated,0.8,1,0,0,0,0,
variant_F1,train_6bba_t55_p33_isolated,train,6bba_bb9f20c3,55,isolated,0.1,1,16,0,0,0,
variant_F1,train_6bba_t55_p33_isolated,train,6bba_bb9f20c3,55,isolated,0.2,1,16,0,0,0,
variant_F1,train_6bba_t55_p33_isolated,train,6bba_bb9f20c3,55,isolated,0.3,1,15,0,0,0,
variant_F1,train_6bba_t55_p33_isolated,train,6bba_bb9f20c3,55,isolated,0.4,1,13,0,0,0,
variant_F1,train_6bba_t55_p33_isolated,train,6bba_bb9f20c3,55,isolated,0.5,1,11,0,0,0,
variant_F1,train_6bba_t55_p33_isolated,train,6bba_bb9f20c3,55,isolated,0.7,1,1,0,0,0,
variant_F1,train_6bba_t55_p33_isolated,train,6bba_bb9f20c3,55,isolated,0.8,1,0,0,0,0,
variant_F1,train_6bba_t25_p34_isolated,train,6bba_bb9f20c3,25,isolated,0.1,1,27,0,1,1,1.284675299443404
variant_F1,train_6bba_t25_p34_isolated,train,6bba_bb9f20c3,25,isolated,0.2,1,22,0,1,1,1.284675299443404
variant_F1,train_6bba_t25_p34_isolated,train,6bba_bb9f20c3,25,isolated,0.3,1,21,0,1,1,1.284675299443404
variant_F1,train_6bba_t25_p34_isolated,train,6bba_bb9f20c3,25,isolated,0.4,1,16,0,1,1,1.284675299443404
variant_F1,train_6bba_t25_p34_isolated,train,6bba_bb9f20c3,25,isolated,0.5,1,13,0,1,1,1.284675299443404
variant_F1,train_6bba_t25_p34_isolated,train,6bba_bb9f20c3,25,isolated,0.7,1,4,0,0,0,
variant_F1,train_6bba_t25_p34_isolated,train,6bba_bb9f20c3,25,isolated,0.8,1,0,0,0,0,
variant_F1,train_6bba_t25_p35_isolated,train,6bba_bb9f20c3,25,isolated,0.1,1,20,0,0,0,
variant_F1,train_6bba_t25_p35_isolated,train,6bba_bb9f20c3,25,isolated,0.2,1,20,0,0,0,
variant_F1,train_6bba_t25_p35_isolated,train,6bba_bb9f20c3,25,isolated,0.3,1,20,0,0,0,
variant_F1,train_6bba_t25_p35_isolated,train,6bba_bb9f20c3,25,isolated,0.4,1,19,0,0,0,
variant_F1,train_6bba_t25_p35_isolated,train,6bba_bb9f20c3,25,isolated,0.5,1,14,0,0,0,
variant_F1,train_6bba_t25_p35_isolated,train,6bba_bb9f20c3,25,isolated,0.7,1,2,0,0,0,
variant_F1,train_6bba_t25_p35_isolated,train,6bba_bb9f20c3,25,isolated,0.8,1,0,0,0,0,
variant_F1,train_6bba_t15_p36_isolated,train,6bba_bb9f20c3,15,isolated,0.1,1,23,1,1,1,0.9084026158592896
variant_F1,train_6bba_t15_p36_isolated,train,6bba_bb9f20c3,15,isolated,0.2,1,23,1,1,1,0.9084026158592896
variant_F1,train_6bba_t15_p36_isolated,train,6bba_bb9f20c3,15,isolated,0.3,1,22,1,1,1,0.9084026158592896
variant_F1,train_6bba_t15_p36_isolated,train,6bba_bb9f20c3,15,isolated,0.4,1,21,1,1,1,0.9084026158592896
variant_F1,train_6bba_t15_p36_isolated,train,6bba_bb9f20c3,15,isolated,0.5,1,17,1,1,1,0.9084026158592896
variant_F1,train_6bba_t15_p36_isolated,train,6bba_bb9f20c3,15,isolated,0.7,1,1,0,0,0,
variant_F1,train_6bba_t15_p36_isolated,train,6bba_bb9f20c3,15,isolated,0.8,1,0,0,0,0,
variant_F1,train_6bba_t50_p37_isolated,train,6bba_bb9f20c3,50,isolated,0.1,1,22,1,1,1,0.40625
variant_F1,train_6bba_t50_p37_isolated,train,6bba_bb9f20c3,50,isolated,0.2,1,20,1,1,1,0.40625
variant_F1,train_6bba_t50_p37_isolated,train,6bba_bb9f20c3,50,isolated,0.3,1,20,1,1,1,0.40625
variant_F1,train_6bba_t50_p37_isolated,train,6bba_bb9f20c3,50,isolated,0.4,1,18,1,1,1,0.40625
variant_F1,train_6bba_t50_p37_isolated,train,6bba_bb9f20c3,50,isolated,0.5,1,16,1,1,1,0.40625
variant_F1,train_6bba_t50_p37_isolated,train,6bba_bb9f20c3,50,isolated,0.7,1,0,0,0,0,
variant_F1,train_6bba_t50_p37_isolated,train,6bba_bb9f20c3,50,isolated,0.8,1,0,0,0,0,
variant_F1,train_6bba_t50_p38_isolated,train,6bba_bb9f20c3,50,isolated,0.1,1,30,1,1,1,0.40625
variant_F1,train_6bba_t50_p38_isolated,train,6bba_bb9f20c3,50,isolated,0.2,1,28,1,1,1,0.40625
variant_F1,train_6bba_t50_p38_isolated,train,6bba_bb9f20c3,50,isolated,0.3,1,25,1,1,1,0.40625
variant_F1,train_6bba_t50_p38_isolated,train,6bba_bb9f20c3,50,isolated,0.4,1,22,1,1,1,0.40625
variant_F1,train_6bba_t50_p38_isolated,train,6bba_bb9f20c3,50,isolated,0.5,1,14,1,1,1,0.40625
variant_F1,train_6bba_t50_p38_isolated,train,6bba_bb9f20c3,50,isolated,0.7,1,1,0,0,0,
variant_F1,train_6bba_t50_p38_isolated,train,6bba_bb9f20c3,50,isolated,0.8,1,0,0,0,0,
variant_F1,train_6bba_t30_p39_isolated,train,6bba_bb9f20c3,30,isolated,0.1,1,28,1,1,1,0.40625
variant_F1,train_6bba_t30_p39_isolated,train,6bba_bb9f20c3,30,isolated,0.2,1,25,1,1,1,0.40625
variant_F1,train_6bba_t30_p39_isolated,train,6bba_bb9f20c3,30,isolated,0.3,1,25,1,1,1,0.40625
variant_F1,train_6bba_t30_p39_isolated,train,6bba_bb9f20c3,30,isolated,0.4,1,23,1,1,1,0.40625
variant_F1,train_6bba_t30_p39_isolated,train,6bba_bb9f20c3,30,isolated,0.5,1,16,1,1,1,0.40625
variant_F1,train_6bba_t30_p39_isolated,train,6bba_bb9f20c3,30,isolated,0.7,1,1,1,1,1,0.40625
variant_F1,train_6bba_t30_p39_isolated,train,6bba_bb9f20c3,30,isolated,0.8,1,0,0,0,0,
variant_F1,train_6bba_t20_p40_boundary,train,6bba_bb9f20c3,20,boundary,0.1,1,22,0,1,1,1.284675299443404
variant_F1,train_6bba_t20_p40_boundary,train,6bba_bb9f20c3,20,boundary,0.2,1,22,0,1,1,1.284675299443404
variant_F1,train_6bba_t20_p40_boundary,train,6bba_bb9f20c3,20,boundary,0.3,1,19,0,1,1,1.284675299443404
variant_F1,train_6bba_t20_p40_boundary,train,6bba_bb9f20c3,20,boundary,0.4,1,18,0,1,1,1.284675299443404
variant_F1,train_6bba_t20_p40_boundary,train,6bba_bb9f20c3,20,boundary,0.5,1,14,0,1,1,1.284675299443404
variant_F1,train_6bba_t20_p40_boundary,train,6bba_bb9f20c3,20,boundary,0.7,1,2,0,1,1,1.284675299443404
variant_F1,train_6bba_t20_p40_boundary,train,6bba_bb9f20c3,20,boundary,0.8,1,0,0,0,0,
variant_F1,train_6bba_t55_p41_boundary,train,6bba_bb9f20c3,55,boundary,0.1,1,18,0,1,1,1.6750116604071745
variant_F1,train_6bba_t55_p41_boundary,train,6bba_bb9f20c3,55,boundary,0.2,1,18,0,1,1,1.6750116604071745
variant_F1,train_6bba_t55_p41_boundary,train,6bba_bb9f20c3,55,boundary,0.3,1,18,0,1,1,1.6750116604071745
variant_F1,train_6bba_t55_p41_boundary,train,6bba_bb9f20c3,55,boundary,0.4,1,16,0,1,1,1.6750116604071745
variant_F1,train_6bba_t55_p41_boundary,train,6bba_bb9f20c3,55,boundary,0.5,1,10,0,1,1,1.6750116604071745
variant_F1,train_6bba_t55_p41_boundary,train,6bba_bb9f20c3,55,boundary,0.7,1,3,0,0,0,
variant_F1,train_6bba_t55_p41_boundary,train,6bba_bb9f20c3,55,boundary,0.8,1,0,0,0,0,
variant_F1,train_6bba_t15_p42_boundary,train,6bba_bb9f20c3,15,boundary,0.1,1,24,1,1,1,0.9084026158592896
variant_F1,train_6bba_t15_p42_boundary,train,6bba_bb9f20c3,15,boundary,0.2,1,19,1,1,1,0.9084026158592896
variant_F1,train_6bba_t15_p42_boundary,train,6bba_bb9f20c3,15,boundary,0.3,1,18,1,1,1,0.9084026158592896
variant_F1,train_6bba_t15_p42_boundary,train,6bba_bb9f20c3,15,boundary,0.4,1,18,1,1,1,0.9084026158592896
variant_F1,train_6bba_t15_p42_boundary,train,6bba_bb9f20c3,15,boundary,0.5,1,13,1,1,1,0.9084026158592896
variant_F1,train_6bba_t15_p42_boundary,train,6bba_bb9f20c3,15,boundary,0.7,1,3,1,1,1,0.9084026158592896
variant_F1,train_6bba_t15_p42_boundary,train,6bba_bb9f20c3,15,boundary,0.8,1,1,1,1,1,0.9084026158592896
variant_F1,train_6bba_t55_p43_boundary,train,6bba_bb9f20c3,55,boundary,0.1,1,27,0,1,1,1.6750116604071745
variant_F1,train_6bba_t55_p43_boundary,train,6bba_bb9f20c3,55,boundary,0.2,1,27,0,1,1,1.6750116604071745
variant_F1,train_6bba_t55_p43_boundary,train,6bba_bb9f20c3,55,boundary,0.3,1,25,0,1,1,1.6750116604071745
variant_F1,train_6bba_t55_p43_boundary,train,6bba_bb9f20c3,55,boundary,0.4,1,25,0,1,1,1.6750116604071745
variant_F1,train_6bba_t55_p43_boundary,train,6bba_bb9f20c3,55,boundary,0.5,1,17,0,1,1,1.6750116604071745
variant_F1,train_6bba_t55_p43_boundary,train,6bba_bb9f20c3,55,boundary,0.7,1,0,0,0,0,
variant_F1,train_6bba_t55_p43_boundary,train,6bba_bb9f20c3,55,boundary,0.8,1,0,0,0,0,
variant_F1,train_44b6_t40_p01_crowded,train,44b6_d29c9ab2,40,crowded,0.1,2,38,1,2,2,1.1115276158592895
variant_F1,train_44b6_t40_p01_crowded,train,44b6_d29c9ab2,40,crowded,0.2,2,37,1,2,2,1.1115276158592895
variant_F1,train_44b6_t40_p01_crowded,train,44b6_d29c9ab2,40,crowded,0.3,2,34,1,2,2,1.1115276158592895
variant_F1,train_44b6_t40_p01_crowded,train,44b6_d29c9ab2,40,crowded,0.4,2,27,1,2,2,1.1115276158592895
variant_F1,train_44b6_t40_p01_crowded,train,44b6_d29c9ab2,40,crowded,0.5,2,20,1,2,2,1.1115276158592895
variant_F1,train_44b6_t40_p01_crowded,train,44b6_d29c9ab2,40,crowded,0.7,2,0,0,0,0,
variant_F1,train_44b6_t40_p01_crowded,train,44b6_d29c9ab2,40,crowded,0.8,2,0,0,0,0,
variant_F1,train_44b6_t45_p02_crowded,train,44b6_d29c9ab2,45,crowded,0.1,2,33,1,2,2,0.929599779578737
variant_F1,train_44b6_t45_p02_crowded,train,44b6_d29c9ab2,45,crowded,0.2,2,32,1,2,2,0.929599779578737
variant_F1,train_44b6_t45_p02_crowded,train,44b6_d29c9ab2,45,crowded,0.3,2,29,1,2,2,0.929599779578737
variant_F1,train_44b6_t45_p02_crowded,train,44b6_d29c9ab2,45,crowded,0.4,2,26,1,2,2,0.929599779578737
variant_F1,train_44b6_t45_p02_crowded,train,44b6_d29c9ab2,45,crowded,0.5,2,21,1,2,2,0.929599779578737
variant_F1,train_44b6_t45_p02_crowded,train,44b6_d29c9ab2,45,crowded,0.7,2,3,0,0,0,
variant_F1,train_44b6_t45_p02_crowded,train,44b6_d29c9ab2,45,crowded,0.8,2,0,0,0,0,
variant_F1,train_44b6_t55_p03_crowded,train,44b6_d29c9ab2,55,crowded,0.1,3,35,2,2,3,0.4903871298570349
variant_F1,train_44b6_t55_p03_crowded,train,44b6_d29c9ab2,55,crowded,0.2,3,33,2,2,3,0.4903871298570349
variant_F1,train_44b6_t55_p03_crowded,train,44b6_d29c9ab2,55,crowded,0.3,3,28,2,2,3,0.4903871298570349
variant_F1,train_44b6_t55_p03_crowded,train,44b6_d29c9ab2,55,crowded,0.4,3,25,2,2,3,0.4903871298570349
variant_F1,train_44b6_t55_p03_crowded,train,44b6_d29c9ab2,55,crowded,0.5,3,22,2,2,3,0.4903871298570349
variant_F1,train_44b6_t55_p03_crowded,train,44b6_d29c9ab2,55,crowded,0.7,3,1,0,0,0,
variant_F1,train_44b6_t55_p03_crowded,train,44b6_d29c9ab2,55,crowded,0.8,3,0,0,0,0,
variant_F1,train_44b6_t40_p04_crowded,train,44b6_d29c9ab2,40,crowded,0.1,3,24,3,3,3,0.2708333333333333
variant_F1,train_44b6_t40_p04_crowded,train,44b6_d29c9ab2,40,crowded,0.2,3,23,3,3,3,0.2708333333333333
variant_F1,train_44b6_t40_p04_crowded,train,44b6_d29c9ab2,40,crowded,0.3,3,22,3,3,3,0.2708333333333333
variant_F1,train_44b6_t40_p04_crowded,train,44b6_d29c9ab2,40,crowded,0.4,3,21,3,3,3,0.2708333333333333
variant_F1,train_44b6_t40_p04_crowded,train,44b6_d29c9ab2,40,crowded,0.5,3,20,3,3,3,0.2708333333333333
variant_F1,train_44b6_t40_p04_crowded,train,44b6_d29c9ab2,40,crowded,0.7,3,4,1,1,1,0.40625
variant_F1,train_44b6_t40_p04_crowded,train,44b6_d29c9ab2,40,crowded,0.8,3,1,1,1,1,0.40625
variant_F1,train_44b6_t15_p05_crowded,train,44b6_d29c9ab2,15,crowded,0.1,3,31,3,3,3,0.6297256251911199
variant_F1,train_44b6_t15_p05_crowded,train,44b6_d29c9ab2,15,crowded,0.2,3,27,3,3,3,0.6297256251911199
variant_F1,train_44b6_t15_p05_crowded,train,44b6_d29c9ab2,15,crowded,0.3,3,26,3,3,3,0.6297256251911199
variant_F1,train_44b6_t15_p05_crowded,train,44b6_d29c9ab2,15,crowded,0.4,3,23,3,3,3,0.6297256251911199
variant_F1,train_44b6_t15_p05_crowded,train,44b6_d29c9ab2,15,crowded,0.5,3,18,3,3,3,0.6297256251911199
variant_F1,train_44b6_t15_p05_crowded,train,44b6_d29c9ab2,15,crowded,0.7,3,2,0,0,0,
variant_F1,train_44b6_t15_p05_crowded,train,44b6_d29c9ab2,15,crowded,0.8,3,0,0,0,0,
variant_F1,train_44b6_t20_p06_crowded,train,44b6_d29c9ab2,20,crowded,0.1,2,32,2,2,2,0.203125
variant_F1,train_44b6_t20_p06_crowded,train,44b6_d29c9ab2,20,crowded,0.2,2,32,2,2,2,0.203125
variant_F1,train_44b6_t20_p06_crowded,train,44b6_d29c9ab2,20,crowded,0.3,2,31,2,2,2,0.203125
variant_F1,train_44b6_t20_p06_crowded,train,44b6_d29c9ab2,20,crowded,0.4,2,26,2,2,2,0.203125
variant_F1,train_44b6_t20_p06_crowded,train,44b6_d29c9ab2,20,crowded,0.5,2,19,2,2,2,0.203125
variant_F1,train_44b6_t20_p06_crowded,train,44b6_d29c9ab2,20,crowded,0.7,2,0,0,0,0,
variant_F1,train_44b6_t20_p06_crowded,train,44b6_d29c9ab2,20,crowded,0.8,2,0,0,0,0,
variant_F1,train_44b6_t40_p07_crowded,train,44b6_d29c9ab2,40,crowded,0.1,2,30,1,2,2,1.0406308302035874
variant_F1,train_44b6_t40_p07_crowded,train,44b6_d29c9ab2,40,crowded,0.2,2,27,1,2,2,1.0406308302035874
variant_F1,train_44b6_t40_p07_crowded,train,44b6_d29c9ab2,40,crowded,0.3,2,26,1,2,2,1.0406308302035874
variant_F1,train_44b6_t40_p07_crowded,train,44b6_d29c9ab2,40,crowded,0.4,2,22,1,2,2,1.0406308302035874
variant_F1,train_44b6_t40_p07_crowded,train,44b6_d29c9ab2,40,crowded,0.5,2,21,1,2,2,1.0406308302035874
variant_F1,train_44b6_t40_p07_crowded,train,44b6_d29c9ab2,40,crowded,0.7,2,3,0,0,0,
variant_F1,train_44b6_t40_p07_crowded,train,44b6_d29c9ab2,40,crowded,0.8,2,0,0,0,0,
variant_F1,train_44b6_t50_p08_crowded,train,44b6_d29c9ab2,50,crowded,0.1,3,37,2,3,3,0.964587220135725
variant_F1,train_44b6_t50_p08_crowded,train,44b6_d29c9ab2,50,crowded,0.2,3,37,2,3,3,0.964587220135725
variant_F1,train_44b6_t50_p08_crowded,train,44b6_d29c9ab2,50,crowded,0.3,3,35,2,3,3,0.964587220135725
variant_F1,train_44b6_t50_p08_crowded,train,44b6_d29c9ab2,50,crowded,0.4,3,30,2,3,3,0.964587220135725
variant_F1,train_44b6_t50_p08_crowded,train,44b6_d29c9ab2,50,crowded,0.5,3,23,2,3,3,0.964587220135725
variant_F1,train_44b6_t50_p08_crowded,train,44b6_d29c9ab2,50,crowded,0.7,3,0,0,0,0,
variant_F1,train_44b6_t50_p08_crowded,train,44b6_d29c9ab2,50,crowded,0.8,3,0,0,0,0,
variant_F1,train_44b6_t10_p09_crowded,train,44b6_d29c9ab2,10,crowded,0.1,2,36,2,2,2,0.8125
variant_F1,train_44b6_t10_p09_crowded,train,44b6_d29c9ab2,10,crowded,0.2,2,34,2,2,2,0.8125
variant_F1,train_44b6_t10_p09_crowded,train,44b6_d29c9ab2,10,crowded,0.3,2,30,2,2,2,0.8125
variant_F1,train_44b6_t10_p09_crowded,train,44b6_d29c9ab2,10,crowded,0.4,2,25,2,2,2,0.8125
variant_F1,train_44b6_t10_p09_crowded,train,44b6_d29c9ab2,10,crowded,0.5,2,22,2,2,2,0.8125
variant_F1,train_44b6_t10_p09_crowded,train,44b6_d29c9ab2,10,crowded,0.7,2,1,0,0,0,
variant_F1,train_44b6_t10_p09_crowded,train,44b6_d29c9ab2,10,crowded,0.8,2,0,0,0,0,
variant_F1,train_44b6_t30_p10_crowded,train,44b6_d29c9ab2,30,crowded,0.1,3,34,2,3,3,0.8212337117624764
variant_F1,train_44b6_t30_p10_crowded,train,44b6_d29c9ab2,30,crowded,0.2,3,32,2,3,3,0.8212337117624764
variant_F1,train_44b6_t30_p10_crowded,train,44b6_d29c9ab2,30,crowded,0.3,3,32,2,3,3,0.8212337117624764
variant_F1,train_44b6_t30_p10_crowded,train,44b6_d29c9ab2,30,crowded,0.4,3,28,2,3,3,0.8212337117624764
variant_F1,train_44b6_t30_p10_crowded,train,44b6_d29c9ab2,30,crowded,0.5,3,20,2,3,3,0.8212337117624764
variant_F1,train_44b6_t30_p10_crowded,train,44b6_d29c9ab2,30,crowded,0.7,3,0,0,0,0,
variant_F1,train_44b6_t30_p10_crowded,train,44b6_d29c9ab2,30,crowded,0.8,3,0,0,0,0,
variant_F1,train_44b6_t35_p11_crowded,train,44b6_d29c9ab2,35,crowded,0.1,4,32,4,4,4,0.3707317188933399
variant_F1,train_44b6_t35_p11_crowded,train,44b6_d29c9ab2,35,crowded,0.2,4,32,4,4,4,0.3707317188933399
variant_F1,train_44b6_t35_p11_crowded,train,44b6_d29c9ab2,35,crowded,0.3,4,31,4,4,4,0.3707317188933399
variant_F1,train_44b6_t35_p11_crowded,train,44b6_d29c9ab2,35,crowded,0.4,4,26,4,4,4,0.3707317188933399
variant_F1,train_44b6_t35_p11_crowded,train,44b6_d29c9ab2,35,crowded,0.5,4,22,4,4,4,0.3707317188933399
variant_F1,train_44b6_t35_p11_crowded,train,44b6_d29c9ab2,35,crowded,0.7,4,3,1,1,1,0.0
variant_F1,train_44b6_t35_p11_crowded,train,44b6_d29c9ab2,35,crowded,0.8,4,0,0,0,0,
variant_F1,train_44b6_t45_p12_crowded,train,44b6_d29c9ab2,45,crowded,0.1,2,30,1,2,2,1.0406308302035874
variant_F1,train_44b6_t45_p12_crowded,train,44b6_d29c9ab2,45,crowded,0.2,2,30,1,2,2,1.0406308302035874
variant_F1,train_44b6_t45_p12_crowded,train,44b6_d29c9ab2,45,crowded,0.3,2,25,1,2,2,1.0406308302035874
variant_F1,train_44b6_t45_p12_crowded,train,44b6_d29c9ab2,45,crowded,0.4,2,24,1,2,2,1.0406308302035874
variant_F1,train_44b6_t45_p12_crowded,train,44b6_d29c9ab2,45,crowded,0.5,2,16,1,2,2,1.0406308302035874
variant_F1,train_44b6_t45_p12_crowded,train,44b6_d29c9ab2,45,crowded,0.7,2,3,0,1,1,1.6750116604071745
variant_F1,train_44b6_t45_p12_crowded,train,44b6_d29c9ab2,45,crowded,0.8,2,1,0,0,0,
variant_F1,train_44b6_t25_p13_crowded,train,44b6_d29c9ab2,25,crowded,0.1,2,30,2,2,2,0.40625
variant_F1,train_44b6_t25_p13_crowded,train,44b6_d29c9ab2,25,crowded,0.2,2,27,2,2,2,0.40625
variant_F1,train_44b6_t25_p13_crowded,train,44b6_d29c9ab2,25,crowded,0.3,2,27,2,2,2,0.40625
variant_F1,train_44b6_t25_p13_crowded,train,44b6_d29c9ab2,25,crowded,0.4,2,23,2,2,2,0.40625
variant_F1,train_44b6_t25_p13_crowded,train,44b6_d29c9ab2,25,crowded,0.5,2,15,2,2,2,0.40625
variant_F1,train_44b6_t25_p13_crowded,train,44b6_d29c9ab2,25,crowded,0.7,2,2,1,1,1,0.40625
variant_F1,train_44b6_t25_p13_crowded,train,44b6_d29c9ab2,25,crowded,0.8,2,0,0,0,0,
variant_F1,train_44b6_t10_p14_crowded,train,44b6_d29c9ab2,10,crowded,0.1,2,29,2,2,2,0.6573263079296447
variant_F1,train_44b6_t10_p14_crowded,train,44b6_d29c9ab2,10,crowded,0.2,2,28,2,2,2,0.6573263079296447
variant_F1,train_44b6_t10_p14_crowded,train,44b6_d29c9ab2,10,crowded,0.3,2,27,2,2,2,0.6573263079296447
variant_F1,train_44b6_t10_p14_crowded,train,44b6_d29c9ab2,10,crowded,0.4,2,22,2,2,2,0.6573263079296447
variant_F1,train_44b6_t10_p14_crowded,train,44b6_d29c9ab2,10,crowded,0.5,2,18,2,2,2,0.6573263079296447
variant_F1,train_44b6_t10_p14_crowded,train,44b6_d29c9ab2,10,crowded,0.7,2,1,0,0,0,
variant_F1,train_44b6_t10_p14_crowded,train,44b6_d29c9ab2,10,crowded,0.8,2,0,0,0,0,
variant_F1,train_44b6_t25_p15_crowded,train,44b6_d29c9ab2,25,crowded,0.1,4,31,3,4,4,0.4677513014143114
variant_F1,train_44b6_t25_p15_crowded,train,44b6_d29c9ab2,25,crowded,0.2,4,29,3,4,4,0.4677513014143114
variant_F1,train_44b6_t25_p15_crowded,train,44b6_d29c9ab2,25,crowded,0.3,4,25,3,4,4,0.4677513014143114
variant_F1,train_44b6_t25_p15_crowded,train,44b6_d29c9ab2,25,crowded,0.4,4,24,3,4,4,0.4677513014143114
variant_F1,train_44b6_t25_p15_crowded,train,44b6_d29c9ab2,25,crowded,0.5,4,18,3,4,4,0.4677513014143114
variant_F1,train_44b6_t25_p15_crowded,train,44b6_d29c9ab2,25,crowded,0.7,4,3,1,1,1,0.0
variant_F1,train_44b6_t25_p15_crowded,train,44b6_d29c9ab2,25,crowded,0.8,4,0,0,0,0,
variant_F1,train_44b6_t30_p16_crowded,train,44b6_d29c9ab2,30,crowded,0.1,2,33,1,1,1,0.40625
variant_F1,train_44b6_t30_p16_crowded,train,44b6_d29c9ab2,30,crowded,0.2,2,29,1,1,1,0.40625
variant_F1,train_44b6_t30_p16_crowded,train,44b6_d29c9ab2,30,crowded,0.3,2,26,1,1,1,0.40625
variant_F1,train_44b6_t30_p16_crowded,train,44b6_d29c9ab2,30,crowded,0.4,2,25,1,1,1,0.40625
variant_F1,train_44b6_t30_p16_crowded,train,44b6_d29c9ab2,30,crowded,0.5,2,18,1,1,1,0.40625
variant_F1,train_44b6_t30_p16_crowded,train,44b6_d29c9ab2,30,crowded,0.7,2,2,1,1,1,0.40625
variant_F1,train_44b6_t30_p16_crowded,train,44b6_d29c9ab2,30,crowded,0.8,2,0,0,0,0,
variant_F1,train_44b6_t15_p17_crowded,train,44b6_d29c9ab2,15,crowded,0.1,2,37,2,2,2,0.4903871298570349
variant_F1,train_44b6_t15_p17_crowded,train,44b6_d29c9ab2,15,crowded,0.2,2,35,2,2,2,0.4903871298570349
variant_F1,train_44b6_t15_p17_crowded,train,44b6_d29c9ab2,15,crowded,0.3,2,30,2,2,2,0.4903871298570349
variant_F1,train_44b6_t15_p17_crowded,train,44b6_d29c9ab2,15,crowded,0.4,2,26,2,2,2,0.4903871298570349
variant_F1,train_44b6_t15_p17_crowded,train,44b6_d29c9ab2,15,crowded,0.5,2,20,2,2,2,0.4903871298570349
variant_F1,train_44b6_t15_p17_crowded,train,44b6_d29c9ab2,15,crowded,0.7,2,0,0,0,0,
variant_F1,train_44b6_t15_p17_crowded,train,44b6_d29c9ab2,15,crowded,0.8,2,0,0,0,0,
variant_F1,train_44b6_t55_p18_crowded,train,44b6_d29c9ab2,55,crowded,0.1,2,31,1,2,2,1.1982302080056662
variant_F1,train_44b6_t55_p18_crowded,train,44b6_d29c9ab2,55,crowded,0.2,2,30,1,2,2,1.1982302080056662
variant_F1,train_44b6_t55_p18_crowded,train,44b6_d29c9ab2,55,crowded,0.3,2,26,1,2,2,1.1982302080056662
variant_F1,train_44b6_t55_p18_crowded,train,44b6_d29c9ab2,55,crowded,0.4,2,22,1,2,2,1.1982302080056662
variant_F1,train_44b6_t55_p18_crowded,train,44b6_d29c9ab2,55,crowded,0.5,2,19,1,2,2,1.1982302080056662
variant_F1,train_44b6_t55_p18_crowded,train,44b6_d29c9ab2,55,crowded,0.7,2,1,0,0,0,
variant_F1,train_44b6_t55_p18_crowded,train,44b6_d29c9ab2,55,crowded,0.8,2,0,0,0,0,
variant_F1,train_44b6_t35_p19_crowded,train,44b6_d29c9ab2,35,crowded,0.1,2,24,1,2,2,1.2437558302035874
variant_F1,train_44b6_t35_p19_crowded,train,44b6_d29c9ab2,35,crowded,0.2,2,23,1,2,2,1.2437558302035874
variant_F1,train_44b6_t35_p19_crowded,train,44b6_d29c9ab2,35,crowded,0.3,2,23,1,2,2,1.2437558302035874
variant_F1,train_44b6_t35_p19_crowded,train,44b6_d29c9ab2,35,crowded,0.4,2,22,1,2,2,1.2437558302035874
variant_F1,train_44b6_t35_p19_crowded,train,44b6_d29c9ab2,35,crowded,0.5,2,17,1,2,2,1.2437558302035874
variant_F1,train_44b6_t35_p19_crowded,train,44b6_d29c9ab2,35,crowded,0.7,2,3,0,1,1,1.6750116604071745
variant_F1,train_44b6_t35_p19_crowded,train,44b6_d29c9ab2,35,crowded,0.8,2,0,0,0,0,
variant_F1,train_44b6_t35_p20_crowded,train,44b6_d29c9ab2,35,crowded,0.1,2,29,2,2,2,0.2872621298570349
variant_F1,train_44b6_t35_p20_crowded,train,44b6_d29c9ab2,35,crowded,0.2,2,29,2,2,2,0.2872621298570349
variant_F1,train_44b6_t35_p20_crowded,train,44b6_d29c9ab2,35,crowded,0.3,2,25,2,2,2,0.2872621298570349
variant_F1,train_44b6_t35_p20_crowded,train,44b6_d29c9ab2,35,crowded,0.4,2,22,2,2,2,0.2872621298570349
variant_F1,train_44b6_t35_p20_crowded,train,44b6_d29c9ab2,35,crowded,0.5,2,18,2,2,2,0.2872621298570349
variant_F1,train_44b6_t35_p20_crowded,train,44b6_d29c9ab2,35,crowded,0.7,2,5,1,1,1,0.5745242597140698
variant_F1,train_44b6_t35_p20_crowded,train,44b6_d29c9ab2,35,crowded,0.8,2,0,0,0,0,
variant_F1,train_44b6_t20_p21_crowded,train,44b6_d29c9ab2,20,crowded,0.1,2,30,1,2,2,0.845462649721702
variant_F1,train_44b6_t20_p21_crowded,train,44b6_d29c9ab2,20,crowded,0.2,2,28,1,2,2,0.845462649721702
variant_F1,train_44b6_t20_p21_crowded,train,44b6_d29c9ab2,20,crowded,0.3,2,25,1,2,2,0.845462649721702
variant_F1,train_44b6_t20_p21_crowded,train,44b6_d29c9ab2,20,crowded,0.4,2,22,1,2,2,0.845462649721702
variant_F1,train_44b6_t20_p21_crowded,train,44b6_d29c9ab2,20,crowded,0.5,2,17,1,2,2,0.845462649721702
variant_F1,train_44b6_t20_p21_crowded,train,44b6_d29c9ab2,20,crowded,0.7,2,4,0,0,0,
variant_F1,train_44b6_t20_p21_crowded,train,44b6_d29c9ab2,20,crowded,0.8,2,0,0,0,0,
variant_F1,train_44b6_t30_p22_crowded,train,44b6_d29c9ab2,30,crowded,0.1,2,31,2,2,2,0.40625
variant_F1,train_44b6_t30_p22_crowded,train,44b6_d29c9ab2,30,crowded,0.2,2,28,2,2,2,0.40625
variant_F1,train_44b6_t30_p22_crowded,train,44b6_d29c9ab2,30,crowded,0.3,2,25,2,2,2,0.40625
variant_F1,train_44b6_t30_p22_crowded,train,44b6_d29c9ab2,30,crowded,0.4,2,23,2,2,2,0.40625
variant_F1,train_44b6_t30_p22_crowded,train,44b6_d29c9ab2,30,crowded,0.5,2,18,2,2,2,0.40625
variant_F1,train_44b6_t30_p22_crowded,train,44b6_d29c9ab2,30,crowded,0.7,2,2,0,0,0,
variant_F1,train_44b6_t30_p22_crowded,train,44b6_d29c9ab2,30,crowded,0.8,2,0,0,0,0,
variant_F1,train_44b6_t50_p23_crowded,train,44b6_d29c9ab2,50,crowded,0.1,2,33,1,2,2,1.0406308302035874
variant_F1,train_44b6_t50_p23_crowded,train,44b6_d29c9ab2,50,crowded,0.2,2,32,1,2,2,1.0406308302035874
variant_F1,train_44b6_t50_p23_crowded,train,44b6_d29c9ab2,50,crowded,0.3,2,29,1,2,2,1.0406308302035874
variant_F1,train_44b6_t50_p23_crowded,train,44b6_d29c9ab2,50,crowded,0.4,2,24,1,2,2,1.0406308302035874
variant_F1,train_44b6_t50_p23_crowded,train,44b6_d29c9ab2,50,crowded,0.5,2,18,1,2,2,1.0406308302035874
variant_F1,train_44b6_t50_p23_crowded,train,44b6_d29c9ab2,50,crowded,0.7,2,1,0,0,0,
variant_F1,train_44b6_t50_p23_crowded,train,44b6_d29c9ab2,50,crowded,0.8,2,0,0,0,0,
variant_F1,train_44b6_t40_p24_crowded,train,44b6_d29c9ab2,40,crowded,0.1,2,24,2,2,2,0.609375
variant_F1,train_44b6_t40_p24_crowded,train,44b6_d29c9ab2,40,crowded,0.2,2,23,2,2,2,0.609375
variant_F1,train_44b6_t40_p24_crowded,train,44b6_d29c9ab2,40,crowded,0.3,2,21,2,2,2,0.609375
variant_F1,train_44b6_t40_p24_crowded,train,44b6_d29c9ab2,40,crowded,0.4,2,20,2,2,2,0.609375
variant_F1,train_44b6_t40_p24_crowded,train,44b6_d29c9ab2,40,crowded,0.5,2,17,2,2,2,0.609375
variant_F1,train_44b6_t40_p24_crowded,train,44b6_d29c9ab2,40,crowded,0.7,2,4,1,1,1,0.40625
variant_F1,train_44b6_t40_p24_crowded,train,44b6_d29c9ab2,40,crowded,0.8,2,0,0,0,0,
variant_F1,train_44b6_t55_p25_isolated,train,44b6_d29c9ab2,55,isolated,0.1,1,23,0,1,1,1.6750116604071745
variant_F1,train_44b6_t55_p25_isolated,train,44b6_d29c9ab2,55,isolated,0.2,1,22,0,1,1,1.6750116604071745
variant_F1,train_44b6_t55_p25_isolated,train,44b6_d29c9ab2,55,isolated,0.3,1,20,0,1,1,1.6750116604071745
variant_F1,train_44b6_t55_p25_isolated,train,44b6_d29c9ab2,55,isolated,0.4,1,16,0,1,1,1.6750116604071745
variant_F1,train_44b6_t55_p25_isolated,train,44b6_d29c9ab2,55,isolated,0.5,1,16,0,1,1,1.6750116604071745
variant_F1,train_44b6_t55_p25_isolated,train,44b6_d29c9ab2,55,isolated,0.7,1,3,0,0,0,
variant_F1,train_44b6_t55_p25_isolated,train,44b6_d29c9ab2,55,isolated,0.8,1,0,0,0,0,
variant_F1,train_44b6_t50_p26_isolated,train,44b6_d29c9ab2,50,isolated,0.1,1,33,0,1,1,1.1490485194281397
variant_F1,train_44b6_t50_p26_isolated,train,44b6_d29c9ab2,50,isolated,0.2,1,32,0,1,1,1.1490485194281397
variant_F1,train_44b6_t50_p26_isolated,train,44b6_d29c9ab2,50,isolated,0.3,1,25,0,1,1,1.1490485194281397
variant_F1,train_44b6_t50_p26_isolated,train,44b6_d29c9ab2,50,isolated,0.4,1,17,0,1,1,1.1490485194281397
variant_F1,train_44b6_t50_p26_isolated,train,44b6_d29c9ab2,50,isolated,0.5,1,13,0,1,1,1.1490485194281397
variant_F1,train_44b6_t50_p26_isolated,train,44b6_d29c9ab2,50,isolated,0.7,1,3,0,1,1,1.1490485194281397
variant_F1,train_44b6_t50_p26_isolated,train,44b6_d29c9ab2,50,isolated,0.8,1,0,0,0,0,
variant_F1,train_44b6_t15_p27_isolated,train,44b6_d29c9ab2,15,isolated,0.1,1,23,1,1,1,0.40625
variant_F1,train_44b6_t15_p27_isolated,train,44b6_d29c9ab2,15,isolated,0.2,1,22,1,1,1,0.40625
variant_F1,train_44b6_t15_p27_isolated,train,44b6_d29c9ab2,15,isolated,0.3,1,20,1,1,1,0.40625
variant_F1,train_44b6_t15_p27_isolated,train,44b6_d29c9ab2,15,isolated,0.4,1,19,1,1,1,0.40625
variant_F1,train_44b6_t15_p27_isolated,train,44b6_d29c9ab2,15,isolated,0.5,1,16,1,1,1,0.40625
variant_F1,train_44b6_t15_p27_isolated,train,44b6_d29c9ab2,15,isolated,0.7,1,4,1,1,1,0.40625
variant_F1,train_44b6_t15_p27_isolated,train,44b6_d29c9ab2,15,isolated,0.8,1,1,1,1,1,0.40625
variant_F1,train_44b6_t30_p28_isolated,train,44b6_d29c9ab2,30,isolated,0.1,1,24,1,1,1,0.40625
variant_F1,train_44b6_t30_p28_isolated,train,44b6_d29c9ab2,30,isolated,0.2,1,24,1,1,1,0.40625
variant_F1,train_44b6_t30_p28_isolated,train,44b6_d29c9ab2,30,isolated,0.3,1,22,1,1,1,0.40625
variant_F1,train_44b6_t30_p28_isolated,train,44b6_d29c9ab2,30,isolated,0.4,1,20,1,1,1,0.40625
variant_F1,train_44b6_t30_p28_isolated,train,44b6_d29c9ab2,30,isolated,0.5,1,16,1,1,1,0.40625
variant_F1,train_44b6_t30_p28_isolated,train,44b6_d29c9ab2,30,isolated,0.7,1,3,1,1,1,0.40625
variant_F1,train_44b6_t30_p28_isolated,train,44b6_d29c9ab2,30,isolated,0.8,1,1,1,1,1,0.40625
variant_F1,train_44b6_t30_p29_isolated,train,44b6_d29c9ab2,30,isolated,0.1,1,24,0,1,1,1.86167137607581
variant_F1,train_44b6_t30_p29_isolated,train,44b6_d29c9ab2,30,isolated,0.2,1,23,0,1,1,1.86167137607581
variant_F1,train_44b6_t30_p29_isolated,train,44b6_d29c9ab2,30,isolated,0.3,1,20,0,1,1,1.86167137607581
variant_F1,train_44b6_t30_p29_isolated,train,44b6_d29c9ab2,30,isolated,0.4,1,19,0,1,1,1.86167137607581
variant_F1,train_44b6_t30_p29_isolated,train,44b6_d29c9ab2,30,isolated,0.5,1,15,0,1,1,1.86167137607581
variant_F1,train_44b6_t30_p29_isolated,train,44b6_d29c9ab2,30,isolated,0.7,1,2,0,1,1,1.86167137607581
variant_F1,train_44b6_t30_p29_isolated,train,44b6_d29c9ab2,30,isolated,0.8,1,0,0,0,0,
variant_F1,train_44b6_t20_p30_isolated,train,44b6_d29c9ab2,20,isolated,0.1,1,26,1,1,1,0.40625
variant_F1,train_44b6_t20_p30_isolated,train,44b6_d29c9ab2,20,isolated,0.2,1,25,1,1,1,0.40625
variant_F1,train_44b6_t20_p30_isolated,train,44b6_d29c9ab2,20,isolated,0.3,1,25,1,1,1,0.40625
variant_F1,train_44b6_t20_p30_isolated,train,44b6_d29c9ab2,20,isolated,0.4,1,21,1,1,1,0.40625
variant_F1,train_44b6_t20_p30_isolated,train,44b6_d29c9ab2,20,isolated,0.5,1,18,1,1,1,0.40625
variant_F1,train_44b6_t20_p30_isolated,train,44b6_d29c9ab2,20,isolated,0.7,1,7,1,1,1,0.40625
variant_F1,train_44b6_t20_p30_isolated,train,44b6_d29c9ab2,20,isolated,0.8,1,0,0,0,0,
variant_F1,train_44b6_t20_p31_isolated,train,44b6_d29c9ab2,20,isolated,0.1,1,23,1,1,1,0.9084026158592896
variant_F1,train_44b6_t20_p31_isolated,train,44b6_d29c9ab2,20,isolated,0.2,1,23,1,1,1,0.9084026158592896
variant_F1,train_44b6_t20_p31_isolated,train,44b6_d29c9ab2,20,isolated,0.3,1,21,1,1,1,0.9084026158592896
variant_F1,train_44b6_t20_p31_isolated,train,44b6_d29c9ab2,20,isolated,0.4,1,18,1,1,1,0.9084026158592896
variant_F1,train_44b6_t20_p31_isolated,train,44b6_d29c9ab2,20,isolated,0.5,1,16,1,1,1,0.9084026158592896
variant_F1,train_44b6_t20_p31_isolated,train,44b6_d29c9ab2,20,isolated,0.7,1,2,0,0,0,
variant_F1,train_44b6_t20_p31_isolated,train,44b6_d29c9ab2,20,isolated,0.8,1,0,0,0,0,
variant_F1,train_44b6_t10_p32_isolated,train,44b6_d29c9ab2,10,isolated,0.1,1,28,1,1,1,0.9084026158592896
variant_F1,train_44b6_t10_p32_isolated,train,44b6_d29c9ab2,10,isolated,0.2,1,25,1,1,1,0.9084026158592896
variant_F1,train_44b6_t10_p32_isolated,train,44b6_d29c9ab2,10,isolated,0.3,1,21,1,1,1,0.9084026158592896
variant_F1,train_44b6_t10_p32_isolated,train,44b6_d29c9ab2,10,isolated,0.4,1,16,1,1,1,0.9084026158592896
variant_F1,train_44b6_t10_p32_isolated,train,44b6_d29c9ab2,10,isolated,0.5,1,11,1,1,1,0.9084026158592896
variant_F1,train_44b6_t10_p32_isolated,train,44b6_d29c9ab2,10,isolated,0.7,1,5,1,1,1,0.9084026158592896
variant_F1,train_44b6_t10_p32_isolated,train,44b6_d29c9ab2,10,isolated,0.8,1,0,0,0,0,
variant_F1,train_44b6_t45_p33_isolated,train,44b6_d29c9ab2,45,isolated,0.1,1,35,1,1,1,0.40625
variant_F1,train_44b6_t45_p33_isolated,train,44b6_d29c9ab2,45,isolated,0.2,1,28,1,1,1,0.40625
variant_F1,train_44b6_t45_p33_isolated,train,44b6_d29c9ab2,45,isolated,0.3,1,24,1,1,1,0.40625
variant_F1,train_44b6_t45_p33_isolated,train,44b6_d29c9ab2,45,isolated,0.4,1,20,1,1,1,0.40625
variant_F1,train_44b6_t45_p33_isolated,train,44b6_d29c9ab2,45,isolated,0.5,1,15,1,1,1,0.40625
variant_F1,train_44b6_t45_p33_isolated,train,44b6_d29c9ab2,45,isolated,0.7,1,3,0,0,0,
variant_F1,train_44b6_t45_p33_isolated,train,44b6_d29c9ab2,45,isolated,0.8,1,0,0,0,0,
variant_F1,train_44b6_t25_p34_isolated,train,44b6_d29c9ab2,25,isolated,0.1,1,24,1,1,1,0.40625
variant_F1,train_44b6_t25_p34_isolated,train,44b6_d29c9ab2,25,isolated,0.2,1,21,1,1,1,0.40625
variant_F1,train_44b6_t25_p34_isolated,train,44b6_d29c9ab2,25,isolated,0.3,1,21,1,1,1,0.40625
variant_F1,train_44b6_t25_p34_isolated,train,44b6_d29c9ab2,25,isolated,0.4,1,20,1,1,1,0.40625
variant_F1,train_44b6_t25_p34_isolated,train,44b6_d29c9ab2,25,isolated,0.5,1,16,1,1,1,0.40625
variant_F1,train_44b6_t25_p34_isolated,train,44b6_d29c9ab2,25,isolated,0.7,1,7,1,1,1,0.40625
variant_F1,train_44b6_t25_p34_isolated,train,44b6_d29c9ab2,25,isolated,0.8,1,1,1,1,1,0.40625
variant_F1,train_44b6_t10_p35_isolated,train,44b6_d29c9ab2,10,isolated,0.1,1,32,1,1,1,0.40625
variant_F1,train_44b6_t10_p35_isolated,train,44b6_d29c9ab2,10,isolated,0.2,1,30,1,1,1,0.40625
variant_F1,train_44b6_t10_p35_isolated,train,44b6_d29c9ab2,10,isolated,0.3,1,28,1,1,1,0.40625
variant_F1,train_44b6_t10_p35_isolated,train,44b6_d29c9ab2,10,isolated,0.4,1,24,1,1,1,0.40625
variant_F1,train_44b6_t10_p35_isolated,train,44b6_d29c9ab2,10,isolated,0.5,1,19,1,1,1,0.40625
variant_F1,train_44b6_t10_p35_isolated,train,44b6_d29c9ab2,10,isolated,0.7,1,1,0,0,0,
variant_F1,train_44b6_t10_p35_isolated,train,44b6_d29c9ab2,10,isolated,0.8,1,0,0,0,0,
variant_F1,train_44b6_t25_p36_isolated,train,44b6_d29c9ab2,25,isolated,0.1,1,29,0,0,0,
variant_F1,train_44b6_t25_p36_isolated,train,44b6_d29c9ab2,25,isolated,0.2,1,28,0,0,0,
variant_F1,train_44b6_t25_p36_isolated,train,44b6_d29c9ab2,25,isolated,0.3,1,28,0,0,0,
variant_F1,train_44b6_t25_p36_isolated,train,44b6_d29c9ab2,25,isolated,0.4,1,25,0,0,0,
variant_F1,train_44b6_t25_p36_isolated,train,44b6_d29c9ab2,25,isolated,0.5,1,19,0,0,0,
variant_F1,train_44b6_t25_p36_isolated,train,44b6_d29c9ab2,25,isolated,0.7,1,3,0,0,0,
variant_F1,train_44b6_t25_p36_isolated,train,44b6_d29c9ab2,25,isolated,0.8,1,0,0,0,0,
variant_F1,train_44b6_t25_p37_isolated,train,44b6_d29c9ab2,25,isolated,0.1,1,26,1,1,1,0.9084026158592896
variant_F1,train_44b6_t25_p37_isolated,train,44b6_d29c9ab2,25,isolated,0.2,1,22,1,1,1,0.9084026158592896
variant_F1,train_44b6_t25_p37_isolated,train,44b6_d29c9ab2,25,isolated,0.3,1,21,1,1,1,0.9084026158592896
variant_F1,train_44b6_t25_p37_isolated,train,44b6_d29c9ab2,25,isolated,0.4,1,19,1,1,1,0.9084026158592896
variant_F1,train_44b6_t25_p37_isolated,train,44b6_d29c9ab2,25,isolated,0.5,1,16,1,1,1,0.9084026158592896
variant_F1,train_44b6_t25_p37_isolated,train,44b6_d29c9ab2,25,isolated,0.7,1,1,0,0,0,
variant_F1,train_44b6_t25_p37_isolated,train,44b6_d29c9ab2,25,isolated,0.8,1,0,0,0,0,
variant_F1,train_44b6_t55_p38_isolated,train,44b6_d29c9ab2,55,isolated,0.1,1,36,0,1,1,1.6750116604071745
variant_F1,train_44b6_t55_p38_isolated,train,44b6_d29c9ab2,55,isolated,0.2,1,35,0,1,1,1.6750116604071745
variant_F1,train_44b6_t55_p38_isolated,train,44b6_d29c9ab2,55,isolated,0.3,1,33,0,1,1,1.6750116604071745
variant_F1,train_44b6_t55_p38_isolated,train,44b6_d29c9ab2,55,isolated,0.4,1,24,0,1,1,1.6750116604071745
variant_F1,train_44b6_t55_p38_isolated,train,44b6_d29c9ab2,55,isolated,0.5,1,16,0,1,1,1.6750116604071745
variant_F1,train_44b6_t55_p38_isolated,train,44b6_d29c9ab2,55,isolated,0.7,1,1,0,0,0,
variant_F1,train_44b6_t55_p38_isolated,train,44b6_d29c9ab2,55,isolated,0.8,1,0,0,0,0,
variant_F1,train_44b6_t15_p39_isolated,train,44b6_d29c9ab2,15,isolated,0.1,1,33,1,1,1,0.9084026158592896
variant_F1,train_44b6_t15_p39_isolated,train,44b6_d29c9ab2,15,isolated,0.2,1,32,1,1,1,0.9084026158592896
variant_F1,train_44b6_t15_p39_isolated,train,44b6_d29c9ab2,15,isolated,0.3,1,30,1,1,1,0.9084026158592896
variant_F1,train_44b6_t15_p39_isolated,train,44b6_d29c9ab2,15,isolated,0.4,1,27,1,1,1,0.9084026158592896
variant_F1,train_44b6_t15_p39_isolated,train,44b6_d29c9ab2,15,isolated,0.5,1,22,1,1,1,0.9084026158592896
variant_F1,train_44b6_t15_p39_isolated,train,44b6_d29c9ab2,15,isolated,0.7,1,0,0,0,0,
variant_F1,train_44b6_t15_p39_isolated,train,44b6_d29c9ab2,15,isolated,0.8,1,0,0,0,0,
variant_F1,train_44b6_t40_p40_isolated,train,44b6_d29c9ab2,40,isolated,0.1,1,31,0,1,1,1.1490485194281397
variant_F1,train_44b6_t40_p40_isolated,train,44b6_d29c9ab2,40,isolated,0.2,1,27,0,1,1,1.1490485194281397
variant_F1,train_44b6_t40_p40_isolated,train,44b6_d29c9ab2,40,isolated,0.3,1,23,0,1,1,1.1490485194281397
variant_F1,train_44b6_t40_p40_isolated,train,44b6_d29c9ab2,40,isolated,0.4,1,21,0,1,1,1.1490485194281397
variant_F1,train_44b6_t40_p40_isolated,train,44b6_d29c9ab2,40,isolated,0.5,1,16,0,1,1,1.1490485194281397
variant_F1,train_44b6_t40_p40_isolated,train,44b6_d29c9ab2,40,isolated,0.7,1,4,0,0,0,
variant_F1,train_44b6_t40_p40_isolated,train,44b6_d29c9ab2,40,isolated,0.8,1,1,0,0,0,
variant_F1,train_44b6_t15_p41_boundary,train,44b6_d29c9ab2,15,boundary,0.1,1,23,0,1,1,1.4647552056572457
variant_F1,train_44b6_t15_p41_boundary,train,44b6_d29c9ab2,15,boundary,0.2,1,20,0,1,1,1.4647552056572457
variant_F1,train_44b6_t15_p41_boundary,train,44b6_d29c9ab2,15,boundary,0.3,1,18,0,1,1,1.4647552056572457
variant_F1,train_44b6_t15_p41_boundary,train,44b6_d29c9ab2,15,boundary,0.4,1,14,0,1,1,1.4647552056572457
variant_F1,train_44b6_t15_p41_boundary,train,44b6_d29c9ab2,15,boundary,0.5,1,10,0,1,1,1.4647552056572457
variant_F1,train_44b6_t15_p41_boundary,train,44b6_d29c9ab2,15,boundary,0.7,1,5,0,1,1,1.4647552056572457
variant_F1,train_44b6_t15_p41_boundary,train,44b6_d29c9ab2,15,boundary,0.8,1,1,0,0,0,
variant_F1,train_44b6_t45_p42_boundary,train,44b6_d29c9ab2,45,boundary,0.1,1,32,1,1,1,0.5745242597140698
variant_F1,train_44b6_t45_p42_boundary,train,44b6_d29c9ab2,45,boundary,0.2,1,23,1,1,1,0.5745242597140698
variant_F1,train_44b6_t45_p42_boundary,train,44b6_d29c9ab2,45,boundary,0.3,1,21,1,1,1,0.5745242597140698
variant_F1,train_44b6_t45_p42_boundary,train,44b6_d29c9ab2,45,boundary,0.4,1,20,1,1,1,0.5745242597140698
variant_F1,train_44b6_t45_p42_boundary,train,44b6_d29c9ab2,45,boundary,0.5,1,18,1,1,1,0.5745242597140698
variant_F1,train_44b6_t45_p42_boundary,train,44b6_d29c9ab2,45,boundary,0.7,1,1,0,0,0,
variant_F1,train_44b6_t45_p42_boundary,train,44b6_d29c9ab2,45,boundary,0.8,1,1,0,0,0,
variant_F1,train_44b6_t10_p43_boundary,train,44b6_d29c9ab2,10,boundary,0.1,1,22,0,1,1,1.6750116604071745
variant_F1,train_44b6_t10_p43_boundary,train,44b6_d29c9ab2,10,boundary,0.2,1,20,0,1,1,1.6750116604071745
variant_F1,train_44b6_t10_p43_boundary,train,44b6_d29c9ab2,10,boundary,0.3,1,18,0,1,1,1.6750116604071745
variant_F1,train_44b6_t10_p43_boundary,train,44b6_d29c9ab2,10,boundary,0.4,1,15,0,1,1,1.6750116604071745
variant_F1,train_44b6_t10_p43_boundary,train,44b6_d29c9ab2,10,boundary,0.5,1,9,0,1,1,1.6750116604071745
variant_F1,train_44b6_t10_p43_boundary,train,44b6_d29c9ab2,10,boundary,0.7,1,4,0,1,1,1.6750116604071745
variant_F1,train_44b6_t10_p43_boundary,train,44b6_d29c9ab2,10,boundary,0.8,1,0,0,0,0,
variant_F1,inner_val_6bba_t85_p01_crowded,inner_val,6bba_bb9f20c3,85,crowded,0.1,5,30,0,2,3,1.743335688037905
variant_F1,inner_val_6bba_t85_p01_crowded,inner_val,6bba_bb9f20c3,85,crowded,0.2,5,29,0,2,3,1.743335688037905
variant_F1,inner_val_6bba_t85_p01_crowded,inner_val,6bba_bb9f20c3,85,crowded,0.3,5,29,0,2,3,1.743335688037905
variant_F1,inner_val_6bba_t85_p01_crowded,inner_val,6bba_bb9f20c3,85,crowded,0.4,5,26,0,2,3,1.743335688037905
variant_F1,inner_val_6bba_t85_p01_crowded,inner_val,6bba_bb9f20c3,85,crowded,0.5,5,20,0,2,3,1.743335688037905
variant_F1,inner_val_6bba_t85_p01_crowded,inner_val,6bba_bb9f20c3,85,crowded,0.7,5,0,0,0,0,
variant_F1,inner_val_6bba_t85_p01_crowded,inner_val,6bba_bb9f20c3,85,crowded,0.8,5,0,0,0,0,
variant_F1,inner_val_6bba_t75_p02_crowded,inner_val,6bba_bb9f20c3,75,crowded,0.1,2,23,2,2,2,0.7414634377866798
variant_F1,inner_val_6bba_t75_p02_crowded,inner_val,6bba_bb9f20c3,75,crowded,0.2,2,22,2,2,2,0.7414634377866798
variant_F1,inner_val_6bba_t75_p02_crowded,inner_val,6bba_bb9f20c3,75,crowded,0.3,2,22,2,2,2,0.7414634377866798
variant_F1,inner_val_6bba_t75_p02_crowded,inner_val,6bba_bb9f20c3,75,crowded,0.4,2,19,2,2,2,0.7414634377866798
variant_F1,inner_val_6bba_t75_p02_crowded,inner_val,6bba_bb9f20c3,75,crowded,0.5,2,19,2,2,2,0.7414634377866798
variant_F1,inner_val_6bba_t75_p02_crowded,inner_val,6bba_bb9f20c3,75,crowded,0.7,2,0,0,0,0,
variant_F1,inner_val_6bba_t75_p02_crowded,inner_val,6bba_bb9f20c3,75,crowded,0.8,2,0,0,0,0,
variant_F1,inner_val_6bba_t85_p03_crowded,inner_val,6bba_bb9f20c3,85,crowded,0.1,2,23,0,0,0,
variant_F1,inner_val_6bba_t85_p03_crowded,inner_val,6bba_bb9f20c3,85,crowded,0.2,2,22,0,0,0,
variant_F1,inner_val_6bba_t85_p03_crowded,inner_val,6bba_bb9f20c3,85,crowded,0.3,2,21,0,0,0,
variant_F1,inner_val_6bba_t85_p03_crowded,inner_val,6bba_bb9f20c3,85,crowded,0.4,2,19,0,0,0,
variant_F1,inner_val_6bba_t85_p03_crowded,inner_val,6bba_bb9f20c3,85,crowded,0.5,2,12,0,0,0,
variant_F1,inner_val_6bba_t85_p03_crowded,inner_val,6bba_bb9f20c3,85,crowded,0.7,2,0,0,0,0,
variant_F1,inner_val_6bba_t85_p03_crowded,inner_val,6bba_bb9f20c3,85,crowded,0.8,2,0,0,0,0,
variant_F1,inner_val_6bba_t80_p04_crowded,inner_val,6bba_bb9f20c3,80,crowded,0.1,3,31,2,3,3,1.093853479125275
variant_F1,inner_val_6bba_t80_p04_crowded,inner_val,6bba_bb9f20c3,80,crowded,0.2,3,28,2,3,3,1.093853479125275
variant_F1,inner_val_6bba_t80_p04_crowded,inner_val,6bba_bb9f20c3,80,crowded,0.3,3,23,2,3,3,1.093853479125275
variant_F1,inner_val_6bba_t80_p04_crowded,inner_val,6bba_bb9f20c3,80,crowded,0.4,3,21,2,3,3,1.093853479125275
variant_F1,inner_val_6bba_t80_p04_crowded,inner_val,6bba_bb9f20c3,80,crowded,0.5,3,17,2,3,3,1.093853479125275
variant_F1,inner_val_6bba_t80_p04_crowded,inner_val,6bba_bb9f20c3,80,crowded,0.7,3,1,0,0,0,
variant_F1,inner_val_6bba_t80_p04_crowded,inner_val,6bba_bb9f20c3,80,crowded,0.8,3,0,0,0,0,
variant_F1,inner_val_6bba_t75_p05_isolated,inner_val,6bba_bb9f20c3,75,isolated,0.1,1,24,1,1,1,0.9084026158592896
variant_F1,inner_val_6bba_t75_p05_isolated,inner_val,6bba_bb9f20c3,75,isolated,0.2,1,21,1,1,1,0.9084026158592896
variant_F1,inner_val_6bba_t75_p05_isolated,inner_val,6bba_bb9f20c3,75,isolated,0.3,1,21,1,1,1,0.9084026158592896
variant_F1,inner_val_6bba_t75_p05_isolated,inner_val,6bba_bb9f20c3,75,isolated,0.4,1,18,1,1,1,0.9084026158592896
variant_F1,inner_val_6bba_t75_p05_isolated,inner_val,6bba_bb9f20c3,75,isolated,0.5,1,16,1,1,1,0.9084026158592896
variant_F1,inner_val_6bba_t75_p05_isolated,inner_val,6bba_bb9f20c3,75,isolated,0.7,1,3,0,0,0,
variant_F1,inner_val_6bba_t75_p05_isolated,inner_val,6bba_bb9f20c3,75,isolated,0.8,1,0,0,0,0,
variant_F1,inner_val_6bba_t75_p06_isolated,inner_val,6bba_bb9f20c3,75,isolated,0.1,1,22,0,0,0,
variant_F1,inner_val_6bba_t75_p06_isolated,inner_val,6bba_bb9f20c3,75,isolated,0.2,1,21,0,0,0,
variant_F1,inner_val_6bba_t75_p06_isolated,inner_val,6bba_bb9f20c3,75,isolated,0.3,1,20,0,0,0,
variant_F1,inner_val_6bba_t75_p06_isolated,inner_val,6bba_bb9f20c3,75,isolated,0.4,1,19,0,0,0,
variant_F1,inner_val_6bba_t75_p06_isolated,inner_val,6bba_bb9f20c3,75,isolated,0.5,1,16,0,0,0,
variant_F1,inner_val_6bba_t75_p06_isolated,inner_val,6bba_bb9f20c3,75,isolated,0.7,1,1,0,0,0,
variant_F1,inner_val_6bba_t75_p06_isolated,inner_val,6bba_bb9f20c3,75,isolated,0.8,1,0,0,0,0,
variant_F1,inner_val_6bba_t90_p07_isolated,inner_val,6bba_bb9f20c3,90,isolated,0.1,1,14,0,0,0,
variant_F1,inner_val_6bba_t90_p07_isolated,inner_val,6bba_bb9f20c3,90,isolated,0.2,1,13,0,0,0,
variant_F1,inner_val_6bba_t90_p07_isolated,inner_val,6bba_bb9f20c3,90,isolated,0.3,1,12,0,0,0,
variant_F1,inner_val_6bba_t90_p07_isolated,inner_val,6bba_bb9f20c3,90,isolated,0.4,1,11,0,0,0,
variant_F1,inner_val_6bba_t90_p07_isolated,inner_val,6bba_bb9f20c3,90,isolated,0.5,1,7,0,0,0,
variant_F1,inner_val_6bba_t90_p07_isolated,inner_val,6bba_bb9f20c3,90,isolated,0.7,1,2,0,0,0,
variant_F1,inner_val_6bba_t90_p07_isolated,inner_val,6bba_bb9f20c3,90,isolated,0.8,1,0,0,0,0,
variant_F1,inner_val_6bba_t90_p08_boundary,inner_val,6bba_bb9f20c3,90,boundary,0.1,1,19,0,0,0,
variant_F1,inner_val_6bba_t90_p08_boundary,inner_val,6bba_bb9f20c3,90,boundary,0.2,1,16,0,0,0,
variant_F1,inner_val_6bba_t90_p08_boundary,inner_val,6bba_bb9f20c3,90,boundary,0.3,1,13,0,0,0,
variant_F1,inner_val_6bba_t90_p08_boundary,inner_val,6bba_bb9f20c3,90,boundary,0.4,1,9,0,0,0,
variant_F1,inner_val_6bba_t90_p08_boundary,inner_val,6bba_bb9f20c3,90,boundary,0.5,1,9,0,0,0,
variant_F1,inner_val_6bba_t90_p08_boundary,inner_val,6bba_bb9f20c3,90,boundary,0.7,1,8,0,0,0,
variant_F1,inner_val_6bba_t90_p08_boundary,inner_val,6bba_bb9f20c3,90,boundary,0.8,1,4,0,0,0,
variant_F1,inner_val_6bba_t90_p09_zero_annotation,inner_val,6bba_bb9f20c3,90,zero_annotation,0.1,0,18,0,0,0,
variant_F1,inner_val_6bba_t90_p09_zero_annotation,inner_val,6bba_bb9f20c3,90,zero_annotation,0.2,0,12,0,0,0,
variant_F1,inner_val_6bba_t90_p09_zero_annotation,inner_val,6bba_bb9f20c3,90,zero_annotation,0.3,0,12,0,0,0,
variant_F1,inner_val_6bba_t90_p09_zero_annotation,inner_val,6bba_bb9f20c3,90,zero_annotation,0.4,0,10,0,0,0,
variant_F1,inner_val_6bba_t90_p09_zero_annotation,inner_val,6bba_bb9f20c3,90,zero_annotation,0.5,0,3,0,0,0,
variant_F1,inner_val_6bba_t90_p09_zero_annotation,inner_val,6bba_bb9f20c3,90,zero_annotation,0.7,0,1,0,0,0,
variant_F1,inner_val_6bba_t90_p09_zero_annotation,inner_val,6bba_bb9f20c3,90,zero_annotation,0.8,0,0,0,0,0,
variant_F1,inner_val_6bba_t90_p10_zero_annotation,inner_val,6bba_bb9f20c3,90,zero_annotation,0.1,0,26,0,0,0,
variant_F1,inner_val_6bba_t90_p10_zero_annotation,inner_val,6bba_bb9f20c3,90,zero_annotation,0.2,0,23,0,0,0,
variant_F1,inner_val_6bba_t90_p10_zero_annotation,inner_val,6bba_bb9f20c3,90,zero_annotation,0.3,0,14,0,0,0,
variant_F1,inner_val_6bba_t90_p10_zero_annotation,inner_val,6bba_bb9f20c3,90,zero_annotation,0.4,0,9,0,0,0,
variant_F1,inner_val_6bba_t90_p10_zero_annotation,inner_val,6bba_bb9f20c3,90,zero_annotation,0.5,0,4,0,0,0,
variant_F1,inner_val_6bba_t90_p10_zero_annotation,inner_val,6bba_bb9f20c3,90,zero_annotation,0.7,0,1,0,0,0,
variant_F1,inner_val_6bba_t90_p10_zero_annotation,inner_val,6bba_bb9f20c3,90,zero_annotation,0.8,0,0,0,0,0,
variant_F1,inner_val_44b6_t80_p01_crowded,inner_val,44b6_d29c9ab2,80,crowded,0.1,3,33,1,2,3,1.0406308302035874
variant_F1,inner_val_44b6_t80_p01_crowded,inner_val,44b6_d29c9ab2,80,crowded,0.2,3,31,1,2,3,1.0406308302035874
variant_F1,inner_val_44b6_t80_p01_crowded,inner_val,44b6_d29c9ab2,80,crowded,0.3,3,27,1,2,3,1.0406308302035874
variant_F1,inner_val_44b6_t80_p01_crowded,inner_val,44b6_d29c9ab2,80,crowded,0.4,3,23,1,2,3,1.0406308302035874
variant_F1,inner_val_44b6_t80_p01_crowded,inner_val,44b6_d29c9ab2,80,crowded,0.5,3,21,1,2,3,1.0406308302035874
variant_F1,inner_val_44b6_t80_p01_crowded,inner_val,44b6_d29c9ab2,80,crowded,0.7,3,2,0,0,0,
variant_F1,inner_val_44b6_t80_p01_crowded,inner_val,44b6_d29c9ab2,80,crowded,0.8,3,0,0,0,0,
variant_F1,inner_val_44b6_t85_p02_crowded,inner_val,44b6_d29c9ab2,85,crowded,0.1,3,35,2,3,3,0.8453575930474031
variant_F1,inner_val_44b6_t85_p02_crowded,inner_val,44b6_d29c9ab2,85,crowded,0.2,3,33,2,3,3,0.8453575930474031
variant_F1,inner_val_44b6_t85_p02_crowded,inner_val,44b6_d29c9ab2,85,crowded,0.3,3,29,2,3,3,0.8453575930474031
variant_F1,inner_val_44b6_t85_p02_crowded,inner_val,44b6_d29c9ab2,85,crowded,0.4,3,25,2,3,3,0.8453575930474031
variant_F1,inner_val_44b6_t85_p02_crowded,inner_val,44b6_d29c9ab2,85,crowded,0.5,3,21,2,3,3,0.8453575930474031
variant_F1,inner_val_44b6_t85_p02_crowded,inner_val,44b6_d29c9ab2,85,crowded,0.7,3,0,0,0,0,
variant_F1,inner_val_44b6_t85_p02_crowded,inner_val,44b6_d29c9ab2,85,crowded,0.8,3,0,0,0,0,
variant_F1,inner_val_44b6_t90_p03_crowded,inner_val,44b6_d29c9ab2,90,crowded,0.1,2,29,0,1,2,1.86167137607581
variant_F1,inner_val_44b6_t90_p03_crowded,inner_val,44b6_d29c9ab2,90,crowded,0.2,2,27,0,1,2,1.86167137607581
variant_F1,inner_val_44b6_t90_p03_crowded,inner_val,44b6_d29c9ab2,90,crowded,0.3,2,26,0,1,2,1.86167137607581
variant_F1,inner_val_44b6_t90_p03_crowded,inner_val,44b6_d29c9ab2,90,crowded,0.4,2,25,0,1,2,1.86167137607581
variant_F1,inner_val_44b6_t90_p03_crowded,inner_val,44b6_d29c9ab2,90,crowded,0.5,2,22,0,1,2,1.86167137607581
variant_F1,inner_val_44b6_t90_p03_crowded,inner_val,44b6_d29c9ab2,90,crowded,0.7,2,2,0,1,1,1.86167137607581
variant_F1,inner_val_44b6_t90_p03_crowded,inner_val,44b6_d29c9ab2,90,crowded,0.8,2,0,0,0,0,
variant_F1,inner_val_44b6_t70_p04_crowded,inner_val,44b6_d29c9ab2,70,crowded,0.1,2,31,1,1,1,0.8125
variant_F1,inner_val_44b6_t70_p04_crowded,inner_val,44b6_d29c9ab2,70,crowded,0.2,2,30,1,1,1,0.8125
variant_F1,inner_val_44b6_t70_p04_crowded,inner_val,44b6_d29c9ab2,70,crowded,0.3,2,26,1,1,1,0.8125
variant_F1,inner_val_44b6_t70_p04_crowded,inner_val,44b6_d29c9ab2,70,crowded,0.4,2,25,1,1,1,0.8125
variant_F1,inner_val_44b6_t70_p04_crowded,inner_val,44b6_d29c9ab2,70,crowded,0.5,2,20,0,0,0,
variant_F1,inner_val_44b6_t70_p04_crowded,inner_val,44b6_d29c9ab2,70,crowded,0.7,2,4,0,0,0,
variant_F1,inner_val_44b6_t70_p04_crowded,inner_val,44b6_d29c9ab2,70,crowded,0.8,2,0,0,0,0,
variant_F1,inner_val_44b6_t90_p05_isolated,inner_val,44b6_d29c9ab2,90,isolated,0.1,1,31,1,1,1,0.40625
variant_F1,inner_val_44b6_t90_p05_isolated,inner_val,44b6_d29c9ab2,90,isolated,0.2,1,26,1,1,1,0.40625
variant_F1,inner_val_44b6_t90_p05_isolated,inner_val,44b6_d29c9ab2,90,isolated,0.3,1,25,1,1,1,0.40625
variant_F1,inner_val_44b6_t90_p05_isolated,inner_val,44b6_d29c9ab2,90,isolated,0.4,1,24,1,1,1,0.40625
variant_F1,inner_val_44b6_t90_p05_isolated,inner_val,44b6_d29c9ab2,90,isolated,0.5,1,19,1,1,1,0.40625
variant_F1,inner_val_44b6_t90_p05_isolated,inner_val,44b6_d29c9ab2,90,isolated,0.7,1,5,1,1,1,0.40625
variant_F1,inner_val_44b6_t90_p05_isolated,inner_val,44b6_d29c9ab2,90,isolated,0.8,1,0,0,0,0,
variant_F1,inner_val_44b6_t75_p06_isolated,inner_val,44b6_d29c9ab2,75,isolated,0.1,1,33,0,1,1,1.625
variant_F1,inner_val_44b6_t75_p06_isolated,inner_val,44b6_d29c9ab2,75,isolated,0.2,1,31,0,1,1,1.625
variant_F1,inner_val_44b6_t75_p06_isolated,inner_val,44b6_d29c9ab2,75,isolated,0.3,1,30,0,1,1,1.625
variant_F1,inner_val_44b6_t75_p06_isolated,inner_val,44b6_d29c9ab2,75,isolated,0.4,1,26,0,1,1,1.625
variant_F1,inner_val_44b6_t75_p06_isolated,inner_val,44b6_d29c9ab2,75,isolated,0.5,1,18,0,1,1,1.625
variant_F1,inner_val_44b6_t75_p06_isolated,inner_val,44b6_d29c9ab2,75,isolated,0.7,1,0,0,0,0,
variant_F1,inner_val_44b6_t75_p06_isolated,inner_val,44b6_d29c9ab2,75,isolated,0.8,1,0,0,0,0,
variant_F1,inner_val_44b6_t70_p07_isolated,inner_val,44b6_d29c9ab2,70,isolated,0.1,1,32,0,1,1,1.21875
variant_F1,inner_val_44b6_t70_p07_isolated,inner_val,44b6_d29c9ab2,70,isolated,0.2,1,31,0,1,1,1.21875
variant_F1,inner_val_44b6_t70_p07_isolated,inner_val,44b6_d29c9ab2,70,isolated,0.3,1,28,0,1,1,1.21875
variant_F1,inner_val_44b6_t70_p07_isolated,inner_val,44b6_d29c9ab2,70,isolated,0.4,1,25,0,1,1,1.21875
variant_F1,inner_val_44b6_t70_p07_isolated,inner_val,44b6_d29c9ab2,70,isolated,0.5,1,16,0,1,1,1.21875
variant_F1,inner_val_44b6_t70_p07_isolated,inner_val,44b6_d29c9ab2,70,isolated,0.7,1,4,0,1,1,1.21875
variant_F1,inner_val_44b6_t70_p07_isolated,inner_val,44b6_d29c9ab2,70,isolated,0.8,1,1,0,1,1,1.21875
variant_F1,inner_val_44b6_t70_p08_boundary,inner_val,44b6_d29c9ab2,70,boundary,0.1,1,35,1,1,1,0.40625
variant_F1,inner_val_44b6_t70_p08_boundary,inner_val,44b6_d29c9ab2,70,boundary,0.2,1,32,1,1,1,0.40625
variant_F1,inner_val_44b6_t70_p08_boundary,inner_val,44b6_d29c9ab2,70,boundary,0.3,1,31,1,1,1,0.40625
variant_F1,inner_val_44b6_t70_p08_boundary,inner_val,44b6_d29c9ab2,70,boundary,0.4,1,30,1,1,1,0.40625
variant_F1,inner_val_44b6_t70_p08_boundary,inner_val,44b6_d29c9ab2,70,boundary,0.5,1,23,1,1,1,0.40625
variant_F1,inner_val_44b6_t70_p08_boundary,inner_val,44b6_d29c9ab2,70,boundary,0.7,1,0,0,0,0,
variant_F1,inner_val_44b6_t70_p08_boundary,inner_val,44b6_d29c9ab2,70,boundary,0.8,1,0,0,0,0,
variant_F1,inner_val_44b6_t90_p09_zero_annotation,inner_val,44b6_d29c9ab2,90,zero_annotation,0.1,0,40,0,0,0,
variant_F1,inner_val_44b6_t90_p09_zero_annotation,inner_val,44b6_d29c9ab2,90,zero_annotation,0.2,0,38,0,0,0,
variant_F1,inner_val_44b6_t90_p09_zero_annotation,inner_val,44b6_d29c9ab2,90,zero_annotation,0.3,0,34,0,0,0,
variant_F1,inner_val_44b6_t90_p09_zero_annotation,inner_val,44b6_d29c9ab2,90,zero_annotation,0.4,0,28,0,0,0,
variant_F1,inner_val_44b6_t90_p09_zero_annotation,inner_val,44b6_d29c9ab2,90,zero_annotation,0.5,0,19,0,0,0,
variant_F1,inner_val_44b6_t90_p09_zero_annotation,inner_val,44b6_d29c9ab2,90,zero_annotation,0.7,0,2,0,0,0,
variant_F1,inner_val_44b6_t90_p09_zero_annotation,inner_val,44b6_d29c9ab2,90,zero_annotation,0.8,0,0,0,0,0,
variant_F1,inner_val_44b6_t70_p10_zero_annotation,inner_val,44b6_d29c9ab2,70,zero_annotation,0.1,0,15,0,0,0,
variant_F1,inner_val_44b6_t70_p10_zero_annotation,inner_val,44b6_d29c9ab2,70,zero_annotation,0.2,0,12,0,0,0,
variant_F1,inner_val_44b6_t70_p10_zero_annotation,inner_val,44b6_d29c9ab2,70,zero_annotation,0.3,0,10,0,0,0,
variant_F1,inner_val_44b6_t70_p10_zero_annotation,inner_val,44b6_d29c9ab2,70,zero_annotation,0.4,0,5,0,0,0,
variant_F1,inner_val_44b6_t70_p10_zero_annotation,inner_val,44b6_d29c9ab2,70,zero_annotation,0.5,0,0,0,0,0,
variant_F1,inner_val_44b6_t70_p10_zero_annotation,inner_val,44b6_d29c9ab2,70,zero_annotation,0.7,0,0,0,0,0,
variant_F1,inner_val_44b6_t70_p10_zero_annotation,inner_val,44b6_d29c9ab2,70,zero_annotation,0.8,0,0,0,0,0,
variant_F1,held_out_val_6bba_t20_p01_crowded,held_out_val,6bba_43fea39d,20,crowded,0.1,3,13,0,0,0,
variant_F1,held_out_val_6bba_t20_p01_crowded,held_out_val,6bba_43fea39d,20,crowded,0.2,3,13,0,0,0,
variant_F1,held_out_val_6bba_t20_p01_crowded,held_out_val,6bba_43fea39d,20,crowded,0.3,3,12,0,0,0,
variant_F1,held_out_val_6bba_t20_p01_crowded,held_out_val,6bba_43fea39d,20,crowded,0.4,3,10,0,0,0,
variant_F1,held_out_val_6bba_t20_p01_crowded,held_out_val,6bba_43fea39d,20,crowded,0.5,3,10,0,0,0,
variant_F1,held_out_val_6bba_t20_p01_crowded,held_out_val,6bba_43fea39d,20,crowded,0.7,3,1,0,0,0,
variant_F1,held_out_val_6bba_t20_p01_crowded,held_out_val,6bba_43fea39d,20,crowded,0.8,3,0,0,0,0,
variant_F1,held_out_val_6bba_t35_p02_crowded,held_out_val,6bba_43fea39d,35,crowded,0.1,3,15,0,0,1,
variant_F1,held_out_val_6bba_t35_p02_crowded,held_out_val,6bba_43fea39d,35,crowded,0.2,3,15,0,0,1,
variant_F1,held_out_val_6bba_t35_p02_crowded,held_out_val,6bba_43fea39d,35,crowded,0.3,3,13,0,0,1,
variant_F1,held_out_val_6bba_t35_p02_crowded,held_out_val,6bba_43fea39d,35,crowded,0.4,3,11,0,0,1,
variant_F1,held_out_val_6bba_t35_p02_crowded,held_out_val,6bba_43fea39d,35,crowded,0.5,3,8,0,0,1,
variant_F1,held_out_val_6bba_t35_p02_crowded,held_out_val,6bba_43fea39d,35,crowded,0.7,3,0,0,0,0,
variant_F1,held_out_val_6bba_t35_p02_crowded,held_out_val,6bba_43fea39d,35,crowded,0.8,3,0,0,0,0,
variant_F1,held_out_val_6bba_t50_p03_crowded,held_out_val,6bba_43fea39d,50,crowded,0.1,2,13,0,0,1,
variant_F1,held_out_val_6bba_t50_p03_crowded,held_out_val,6bba_43fea39d,50,crowded,0.2,2,13,0,0,1,
variant_F1,held_out_val_6bba_t50_p03_crowded,held_out_val,6bba_43fea39d,50,crowded,0.3,2,9,0,0,1,
variant_F1,held_out_val_6bba_t50_p03_crowded,held_out_val,6bba_43fea39d,50,crowded,0.4,2,9,0,0,1,
variant_F1,held_out_val_6bba_t50_p03_crowded,held_out_val,6bba_43fea39d,50,crowded,0.5,2,6,0,0,1,
variant_F1,held_out_val_6bba_t50_p03_crowded,held_out_val,6bba_43fea39d,50,crowded,0.7,2,1,0,0,0,
variant_F1,held_out_val_6bba_t50_p03_crowded,held_out_val,6bba_43fea39d,50,crowded,0.8,2,0,0,0,0,
variant_F1,held_out_val_6bba_t20_p04_crowded,held_out_val,6bba_43fea39d,20,crowded,0.1,2,15,0,0,1,
variant_F1,held_out_val_6bba_t20_p04_crowded,held_out_val,6bba_43fea39d,20,crowded,0.2,2,14,0,0,1,
variant_F1,held_out_val_6bba_t20_p04_crowded,held_out_val,6bba_43fea39d,20,crowded,0.3,2,13,0,0,1,
variant_F1,held_out_val_6bba_t20_p04_crowded,held_out_val,6bba_43fea39d,20,crowded,0.4,2,12,0,0,1,
variant_F1,held_out_val_6bba_t20_p04_crowded,held_out_val,6bba_43fea39d,20,crowded,0.5,2,11,0,0,1,
variant_F1,held_out_val_6bba_t20_p04_crowded,held_out_val,6bba_43fea39d,20,crowded,0.7,2,0,0,0,0,
variant_F1,held_out_val_6bba_t20_p04_crowded,held_out_val,6bba_43fea39d,20,crowded,0.8,2,0,0,0,0,
variant_F1,held_out_val_6bba_t80_p05_isolated,held_out_val,6bba_43fea39d,80,isolated,0.1,1,11,0,0,0,
variant_F1,held_out_val_6bba_t80_p05_isolated,held_out_val,6bba_43fea39d,80,isolated,0.2,1,10,0,0,0,
variant_F1,held_out_val_6bba_t80_p05_isolated,held_out_val,6bba_43fea39d,80,isolated,0.3,1,7,0,0,0,
variant_F1,held_out_val_6bba_t80_p05_isolated,held_out_val,6bba_43fea39d,80,isolated,0.4,1,5,0,0,0,
variant_F1,held_out_val_6bba_t80_p05_isolated,held_out_val,6bba_43fea39d,80,isolated,0.5,1,4,0,0,0,
variant_F1,held_out_val_6bba_t80_p05_isolated,held_out_val,6bba_43fea39d,80,isolated,0.7,1,1,0,0,0,
variant_F1,held_out_val_6bba_t80_p05_isolated,held_out_val,6bba_43fea39d,80,isolated,0.8,1,0,0,0,0,
variant_F1,held_out_val_6bba_t35_p06_isolated,held_out_val,6bba_43fea39d,35,isolated,0.1,1,17,0,0,0,
variant_F1,held_out_val_6bba_t35_p06_isolated,held_out_val,6bba_43fea39d,35,isolated,0.2,1,16,0,0,0,
variant_F1,held_out_val_6bba_t35_p06_isolated,held_out_val,6bba_43fea39d,35,isolated,0.3,1,11,0,0,0,
variant_F1,held_out_val_6bba_t35_p06_isolated,held_out_val,6bba_43fea39d,35,isolated,0.4,1,10,0,0,0,
variant_F1,held_out_val_6bba_t35_p06_isolated,held_out_val,6bba_43fea39d,35,isolated,0.5,1,10,0,0,0,
variant_F1,held_out_val_6bba_t35_p06_isolated,held_out_val,6bba_43fea39d,35,isolated,0.7,1,1,0,0,0,
variant_F1,held_out_val_6bba_t35_p06_isolated,held_out_val,6bba_43fea39d,35,isolated,0.8,1,0,0,0,0,
variant_F1,held_out_val_6bba_t35_p07_isolated,held_out_val,6bba_43fea39d,35,isolated,0.1,1,16,0,1,1,1.4647552056572457
variant_F1,held_out_val_6bba_t35_p07_isolated,held_out_val,6bba_43fea39d,35,isolated,0.2,1,11,0,1,1,1.4647552056572457
variant_F1,held_out_val_6bba_t35_p07_isolated,held_out_val,6bba_43fea39d,35,isolated,0.3,1,11,0,1,1,1.4647552056572457
variant_F1,held_out_val_6bba_t35_p07_isolated,held_out_val,6bba_43fea39d,35,isolated,0.4,1,11,0,1,1,1.4647552056572457
variant_F1,held_out_val_6bba_t35_p07_isolated,held_out_val,6bba_43fea39d,35,isolated,0.5,1,6,0,1,1,1.4647552056572457
variant_F1,held_out_val_6bba_t35_p07_isolated,held_out_val,6bba_43fea39d,35,isolated,0.7,1,1,0,0,0,
variant_F1,held_out_val_6bba_t35_p07_isolated,held_out_val,6bba_43fea39d,35,isolated,0.8,1,0,0,0,0,
variant_F1,held_out_val_6bba_t80_p08_isolated,held_out_val,6bba_43fea39d,80,isolated,0.1,1,17,0,0,0,
variant_F1,held_out_val_6bba_t80_p08_isolated,held_out_val,6bba_43fea39d,80,isolated,0.2,1,15,0,0,0,
variant_F1,held_out_val_6bba_t80_p08_isolated,held_out_val,6bba_43fea39d,80,isolated,0.3,1,12,0,0,0,
variant_F1,held_out_val_6bba_t80_p08_isolated,held_out_val,6bba_43fea39d,80,isolated,0.4,1,10,0,0,0,
variant_F1,held_out_val_6bba_t80_p08_isolated,held_out_val,6bba_43fea39d,80,isolated,0.5,1,5,0,0,0,
variant_F1,held_out_val_6bba_t80_p08_isolated,held_out_val,6bba_43fea39d,80,isolated,0.7,1,1,0,0,0,
variant_F1,held_out_val_6bba_t80_p08_isolated,held_out_val,6bba_43fea39d,80,isolated,0.8,1,0,0,0,0,
variant_F1,held_out_val_6bba_t20_p09_boundary,held_out_val,6bba_43fea39d,20,boundary,0.1,1,30,1,1,1,0.9084026158592896
variant_F1,held_out_val_6bba_t20_p09_boundary,held_out_val,6bba_43fea39d,20,boundary,0.2,1,20,1,1,1,0.9084026158592896
variant_F1,held_out_val_6bba_t20_p09_boundary,held_out_val,6bba_43fea39d,20,boundary,0.3,1,16,1,1,1,0.9084026158592896
variant_F1,held_out_val_6bba_t20_p09_boundary,held_out_val,6bba_43fea39d,20,boundary,0.4,1,16,1,1,1,0.9084026158592896
variant_F1,held_out_val_6bba_t20_p09_boundary,held_out_val,6bba_43fea39d,20,boundary,0.5,1,15,1,1,1,0.9084026158592896
variant_F1,held_out_val_6bba_t20_p09_boundary,held_out_val,6bba_43fea39d,20,boundary,0.7,1,2,0,0,0,
variant_F1,held_out_val_6bba_t20_p09_boundary,held_out_val,6bba_43fea39d,20,boundary,0.8,1,1,0,0,0,
variant_F1,held_out_val_6bba_t50_p10_boundary,held_out_val,6bba_43fea39d,50,boundary,0.1,1,14,0,1,1,1.1490485194281397
variant_F1,held_out_val_6bba_t50_p10_boundary,held_out_val,6bba_43fea39d,50,boundary,0.2,1,9,0,1,1,1.1490485194281397
variant_F1,held_out_val_6bba_t50_p10_boundary,held_out_val,6bba_43fea39d,50,boundary,0.3,1,9,0,1,1,1.1490485194281397
variant_F1,held_out_val_6bba_t50_p10_boundary,held_out_val,6bba_43fea39d,50,boundary,0.4,1,8,0,1,1,1.1490485194281397
variant_F1,held_out_val_6bba_t50_p10_boundary,held_out_val,6bba_43fea39d,50,boundary,0.5,1,4,0,1,1,1.1490485194281397
variant_F1,held_out_val_6bba_t50_p10_boundary,held_out_val,6bba_43fea39d,50,boundary,0.7,1,1,0,1,1,1.1490485194281397
variant_F1,held_out_val_6bba_t50_p10_boundary,held_out_val,6bba_43fea39d,50,boundary,0.8,1,0,0,0,0,
variant_F1,held_out_val_6bba_t35_p11_zero_annotation,held_out_val,6bba_43fea39d,35,zero_annotation,0.1,0,52,0,0,0,
variant_F1,held_out_val_6bba_t35_p11_zero_annotation,held_out_val,6bba_43fea39d,35,zero_annotation,0.2,0,47,0,0,0,
variant_F1,held_out_val_6bba_t35_p11_zero_annotation,held_out_val,6bba_43fea39d,35,zero_annotation,0.3,0,27,0,0,0,
variant_F1,held_out_val_6bba_t35_p11_zero_annotation,held_out_val,6bba_43fea39d,35,zero_annotation,0.4,0,21,0,0,0,
variant_F1,held_out_val_6bba_t35_p11_zero_annotation,held_out_val,6bba_43fea39d,35,zero_annotation,0.5,0,13,0,0,0,
variant_F1,held_out_val_6bba_t35_p11_zero_annotation,held_out_val,6bba_43fea39d,35,zero_annotation,0.7,0,1,0,0,0,
variant_F1,held_out_val_6bba_t35_p11_zero_annotation,held_out_val,6bba_43fea39d,35,zero_annotation,0.8,0,0,0,0,0,
variant_F1,held_out_val_6bba_t65_p12_zero_annotation,held_out_val,6bba_43fea39d,65,zero_annotation,0.1,0,26,0,0,0,
variant_F1,held_out_val_6bba_t65_p12_zero_annotation,held_out_val,6bba_43fea39d,65,zero_annotation,0.2,0,19,0,0,0,
variant_F1,held_out_val_6bba_t65_p12_zero_annotation,held_out_val,6bba_43fea39d,65,zero_annotation,0.3,0,16,0,0,0,
variant_F1,held_out_val_6bba_t65_p12_zero_annotation,held_out_val,6bba_43fea39d,65,zero_annotation,0.4,0,11,0,0,0,
variant_F1,held_out_val_6bba_t65_p12_zero_annotation,held_out_val,6bba_43fea39d,65,zero_annotation,0.5,0,3,0,0,0,
variant_F1,held_out_val_6bba_t65_p12_zero_annotation,held_out_val,6bba_43fea39d,65,zero_annotation,0.7,0,0,0,0,0,
variant_F1,held_out_val_6bba_t65_p12_zero_annotation,held_out_val,6bba_43fea39d,65,zero_annotation,0.8,0,0,0,0,0,
variant_F2,train_6bba_t15_p01_crowded,train,6bba_bb9f20c3,15,crowded,0.1,2,70,0,2,2,1.7459084460628769
variant_F2,train_6bba_t15_p01_crowded,train,6bba_bb9f20c3,15,crowded,0.2,2,70,0,2,2,1.7459084460628769
variant_F2,train_6bba_t15_p01_crowded,train,6bba_bb9f20c3,15,crowded,0.3,2,70,0,2,2,1.7459084460628769
variant_F2,train_6bba_t15_p01_crowded,train,6bba_bb9f20c3,15,crowded,0.4,2,70,0,2,2,1.7459084460628769
variant_F2,train_6bba_t15_p01_crowded,train,6bba_bb9f20c3,15,crowded,0.5,2,63,0,2,2,1.7459084460628769
variant_F2,train_6bba_t15_p01_crowded,train,6bba_bb9f20c3,15,crowded,0.7,2,29,0,1,1,1.8168052317185792
variant_F2,train_6bba_t15_p01_crowded,train,6bba_bb9f20c3,15,crowded,0.8,2,2,0,1,1,1.8168052317185792
variant_F2,train_6bba_t35_p02_crowded,train,6bba_bb9f20c3,35,crowded,0.1,2,75,1,1,1,0.5745242597140698
variant_F2,train_6bba_t35_p02_crowded,train,6bba_bb9f20c3,35,crowded,0.2,2,75,1,1,1,0.5745242597140698
variant_F2,train_6bba_t35_p02_crowded,train,6bba_bb9f20c3,35,crowded,0.3,2,75,1,1,1,0.5745242597140698
variant_F2,train_6bba_t35_p02_crowded,train,6bba_bb9f20c3,35,crowded,0.4,2,75,1,1,1,0.5745242597140698
variant_F2,train_6bba_t35_p02_crowded,train,6bba_bb9f20c3,35,crowded,0.5,2,68,1,1,1,0.5745242597140698
variant_F2,train_6bba_t35_p02_crowded,train,6bba_bb9f20c3,35,crowded,0.7,2,27,0,0,0,
variant_F2,train_6bba_t35_p02_crowded,train,6bba_bb9f20c3,35,crowded,0.8,2,3,0,0,0,
variant_F2,train_6bba_t40_p03_crowded,train,6bba_bb9f20c3,40,crowded,0.1,2,63,1,2,2,1.337085688037905
variant_F2,train_6bba_t40_p03_crowded,train,6bba_bb9f20c3,40,crowded,0.2,2,63,1,2,2,1.337085688037905
variant_F2,train_6bba_t40_p03_crowded,train,6bba_bb9f20c3,40,crowded,0.3,2,63,1,2,2,1.337085688037905
variant_F2,train_6bba_t40_p03_crowded,train,6bba_bb9f20c3,40,crowded,0.4,2,63,1,2,2,1.337085688037905
variant_F2,train_6bba_t40_p03_crowded,train,6bba_bb9f20c3,40,crowded,0.5,2,55,1,2,2,1.337085688037905
variant_F2,train_6bba_t40_p03_crowded,train,6bba_bb9f20c3,40,crowded,0.7,2,19,1,1,1,0.8125
variant_F2,train_6bba_t40_p03_crowded,train,6bba_bb9f20c3,40,crowded,0.8,2,9,0,0,0,
variant_F2,train_6bba_t45_p04_crowded,train,6bba_bb9f20c3,45,crowded,0.1,3,67,3,3,3,0.6297256251911199
variant_F2,train_6bba_t45_p04_crowded,train,6bba_bb9f20c3,45,crowded,0.2,3,67,3,3,3,0.6297256251911199
variant_F2,train_6bba_t45_p04_crowded,train,6bba_bb9f20c3,45,crowded,0.3,3,67,3,3,3,0.6297256251911199
variant_F2,train_6bba_t45_p04_crowded,train,6bba_bb9f20c3,45,crowded,0.4,3,67,3,3,3,0.6297256251911199
variant_F2,train_6bba_t45_p04_crowded,train,6bba_bb9f20c3,45,crowded,0.5,3,62,3,3,3,0.6297256251911199
variant_F2,train_6bba_t45_p04_crowded,train,6bba_bb9f20c3,45,crowded,0.7,3,17,1,1,1,0.5745242597140698
variant_F2,train_6bba_t45_p04_crowded,train,6bba_bb9f20c3,45,crowded,0.8,3,10,0,0,0,
variant_F2,train_6bba_t55_p05_crowded,train,6bba_bb9f20c3,55,crowded,0.1,2,90,1,2,2,1.1982302080056662
variant_F2,train_6bba_t55_p05_crowded,train,6bba_bb9f20c3,55,crowded,0.2,2,90,1,2,2,1.1982302080056662
variant_F2,train_6bba_t55_p05_crowded,train,6bba_bb9f20c3,55,crowded,0.3,2,90,1,2,2,1.1982302080056662
variant_F2,train_6bba_t55_p05_crowded,train,6bba_bb9f20c3,55,crowded,0.4,2,90,1,2,2,1.1982302080056662
variant_F2,train_6bba_t55_p05_crowded,train,6bba_bb9f20c3,55,crowded,0.5,2,76,1,1,1,0.40625
variant_F2,train_6bba_t55_p05_crowded,train,6bba_bb9f20c3,55,crowded,0.7,2,45,1,1,1,0.40625
variant_F2,train_6bba_t55_p05_crowded,train,6bba_bb9f20c3,55,crowded,0.8,2,2,1,1,1,0.40625
variant_F2,train_6bba_t55_p06_crowded,train,6bba_bb9f20c3,55,crowded,0.1,3,61,1,3,3,1.351583097126168
variant_F2,train_6bba_t55_p06_crowded,train,6bba_bb9f20c3,55,crowded,0.2,3,61,1,3,3,1.351583097126168
variant_F2,train_6bba_t55_p06_crowded,train,6bba_bb9f20c3,55,crowded,0.3,3,61,1,3,3,1.351583097126168
variant_F2,train_6bba_t55_p06_crowded,train,6bba_bb9f20c3,55,crowded,0.4,3,61,1,3,3,1.351583097126168
variant_F2,train_6bba_t55_p06_crowded,train,6bba_bb9f20c3,55,crowded,0.5,3,54,1,3,3,1.351583097126168
variant_F2,train_6bba_t55_p06_crowded,train,6bba_bb9f20c3,55,crowded,0.7,3,21,1,2,2,1.096538957651347
variant_F2,train_6bba_t55_p06_crowded,train,6bba_bb9f20c3,55,crowded,0.8,3,9,0,0,0,
variant_F2,train_6bba_t15_p07_crowded,train,6bba_bb9f20c3,15,crowded,0.1,3,63,2,2,2,0.4903871298570349
variant_F2,train_6bba_t15_p07_crowded,train,6bba_bb9f20c3,15,crowded,0.2,3,63,2,2,2,0.4903871298570349
variant_F2,train_6bba_t15_p07_crowded,train,6bba_bb9f20c3,15,crowded,0.3,3,63,2,2,2,0.4903871298570349
variant_F2,train_6bba_t15_p07_crowded,train,6bba_bb9f20c3,15,crowded,0.4,3,63,2,2,2,0.4903871298570349
variant_F2,train_6bba_t15_p07_crowded,train,6bba_bb9f20c3,15,crowded,0.5,3,59,2,2,2,0.4903871298570349
variant_F2,train_6bba_t15_p07_crowded,train,6bba_bb9f20c3,15,crowded,0.7,3,30,2,2,2,0.4903871298570349
variant_F2,train_6bba_t15_p07_crowded,train,6bba_bb9f20c3,15,crowded,0.8,3,11,1,1,1,0.40625
variant_F2,train_6bba_t25_p08_crowded,train,6bba_bb9f20c3,25,crowded,0.1,4,70,1,2,2,1.0406308302035874
variant_F2,train_6bba_t25_p08_crowded,train,6bba_bb9f20c3,25,crowded,0.2,4,70,1,2,2,1.0406308302035874
variant_F2,train_6bba_t25_p08_crowded,train,6bba_bb9f20c3,25,crowded,0.3,4,70,1,2,2,1.0406308302035874
variant_F2,train_6bba_t25_p08_crowded,train,6bba_bb9f20c3,25,crowded,0.4,4,70,1,2,2,1.0406308302035874
variant_F2,train_6bba_t25_p08_crowded,train,6bba_bb9f20c3,25,crowded,0.5,4,66,1,1,1,0.40625
variant_F2,train_6bba_t25_p08_crowded,train,6bba_bb9f20c3,25,crowded,0.7,4,30,0,0,0,
variant_F2,train_6bba_t25_p08_crowded,train,6bba_bb9f20c3,25,crowded,0.8,4,18,0,0,0,
variant_F2,train_6bba_t10_p09_crowded,train,6bba_bb9f20c3,10,crowded,0.1,2,74,2,2,2,0.2872621298570349
variant_F2,train_6bba_t10_p09_crowded,train,6bba_bb9f20c3,10,crowded,0.2,2,74,2,2,2,0.2872621298570349
variant_F2,train_6bba_t10_p09_crowded,train,6bba_bb9f20c3,10,crowded,0.3,2,74,2,2,2,0.2872621298570349
variant_F2,train_6bba_t10_p09_crowded,train,6bba_bb9f20c3,10,crowded,0.4,2,71,2,2,2,0.2872621298570349
variant_F2,train_6bba_t10_p09_crowded,train,6bba_bb9f20c3,10,crowded,0.5,2,67,2,2,2,0.2872621298570349
variant_F2,train_6bba_t10_p09_crowded,train,6bba_bb9f20c3,10,crowded,0.7,2,44,0,0,0,
variant_F2,train_6bba_t10_p09_crowded,train,6bba_bb9f20c3,10,crowded,0.8,2,3,0,0,0,
variant_F2,train_6bba_t40_p10_crowded,train,6bba_bb9f20c3,40,crowded,0.1,2,66,2,2,2,0.7414634377866798
variant_F2,train_6bba_t40_p10_crowded,train,6bba_bb9f20c3,40,crowded,0.2,2,66,2,2,2,0.7414634377866798
variant_F2,train_6bba_t40_p10_crowded,train,6bba_bb9f20c3,40,crowded,0.3,2,66,2,2,2,0.7414634377866798
variant_F2,train_6bba_t40_p10_crowded,train,6bba_bb9f20c3,40,crowded,0.4,2,65,2,2,2,0.7414634377866798
variant_F2,train_6bba_t40_p10_crowded,train,6bba_bb9f20c3,40,crowded,0.5,2,58,2,2,2,0.7414634377866798
variant_F2,train_6bba_t40_p10_crowded,train,6bba_bb9f20c3,40,crowded,0.7,2,25,1,1,1,0.9084026158592896
variant_F2,train_6bba_t40_p10_crowded,train,6bba_bb9f20c3,40,crowded,0.8,2,2,0,0,0,
variant_F2,train_6bba_t35_p11_crowded,train,6bba_bb9f20c3,35,crowded,0.1,3,68,2,2,2,0.4903871298570349
variant_F2,train_6bba_t35_p11_crowded,train,6bba_bb9f20c3,35,crowded,0.2,3,68,2,2,2,0.4903871298570349
variant_F2,train_6bba_t35_p11_crowded,train,6bba_bb9f20c3,35,crowded,0.3,3,68,2,2,2,0.4903871298570349
variant_F2,train_6bba_t35_p11_crowded,train,6bba_bb9f20c3,35,crowded,0.4,3,68,2,2,2,0.4903871298570349
variant_F2,train_6bba_t35_p11_crowded,train,6bba_bb9f20c3,35,crowded,0.5,3,58,2,2,2,0.4903871298570349
variant_F2,train_6bba_t35_p11_crowded,train,6bba_bb9f20c3,35,crowded,0.7,3,28,2,2,2,0.4903871298570349
variant_F2,train_6bba_t35_p11_crowded,train,6bba_bb9f20c3,35,crowded,0.8,3,9,2,2,2,0.4903871298570349
variant_F2,train_6bba_t45_p12_crowded,train,6bba_bb9f20c3,45,crowded,0.1,3,77,1,2,2,1.21809781789494
variant_F2,train_6bba_t45_p12_crowded,train,6bba_bb9f20c3,45,crowded,0.2,3,77,1,2,2,1.21809781789494
variant_F2,train_6bba_t45_p12_crowded,train,6bba_bb9f20c3,45,crowded,0.3,3,77,1,2,2,1.21809781789494
variant_F2,train_6bba_t45_p12_crowded,train,6bba_bb9f20c3,45,crowded,0.4,3,77,1,2,2,1.21809781789494
variant_F2,train_6bba_t45_p12_crowded,train,6bba_bb9f20c3,45,crowded,0.5,3,68,1,2,2,1.21809781789494
variant_F2,train_6bba_t45_p12_crowded,train,6bba_bb9f20c3,45,crowded,0.7,3,35,1,2,2,1.21809781789494
variant_F2,train_6bba_t45_p12_crowded,train,6bba_bb9f20c3,45,crowded,0.8,3,3,1,1,1,0.5745242597140698
variant_F2,train_6bba_t20_p13_crowded,train,6bba_bb9f20c3,20,crowded,0.1,3,74,1,1,1,0.9084026158592896
variant_F2,train_6bba_t20_p13_crowded,train,6bba_bb9f20c3,20,crowded,0.2,3,74,1,1,1,0.9084026158592896
variant_F2,train_6bba_t20_p13_crowded,train,6bba_bb9f20c3,20,crowded,0.3,3,74,1,1,1,0.9084026158592896
variant_F2,train_6bba_t20_p13_crowded,train,6bba_bb9f20c3,20,crowded,0.4,3,74,1,1,1,0.9084026158592896
variant_F2,train_6bba_t20_p13_crowded,train,6bba_bb9f20c3,20,crowded,0.5,3,66,1,1,1,0.9084026158592896
variant_F2,train_6bba_t20_p13_crowded,train,6bba_bb9f20c3,20,crowded,0.7,3,40,0,0,0,
variant_F2,train_6bba_t20_p13_crowded,train,6bba_bb9f20c3,20,crowded,0.8,3,2,0,0,0,
variant_F2,train_6bba_t20_p14_crowded,train,6bba_bb9f20c3,20,crowded,0.1,3,77,1,2,2,1.0649113895711046
variant_F2,train_6bba_t20_p14_crowded,train,6bba_bb9f20c3,20,crowded,0.2,3,77,1,2,2,1.0649113895711046
variant_F2,train_6bba_t20_p14_crowded,train,6bba_bb9f20c3,20,crowded,0.3,3,77,1,2,2,1.0649113895711046
variant_F2,train_6bba_t20_p14_crowded,train,6bba_bb9f20c3,20,crowded,0.4,3,77,1,2,2,1.0649113895711046
variant_F2,train_6bba_t20_p14_crowded,train,6bba_bb9f20c3,20,crowded,0.5,3,64,1,2,2,1.0649113895711046
variant_F2,train_6bba_t20_p14_crowded,train,6bba_bb9f20c3,20,crowded,0.7,3,33,1,2,2,1.0649113895711046
variant_F2,train_6bba_t20_p14_crowded,train,6bba_bb9f20c3,20,crowded,0.8,3,3,1,1,1,0.40625
variant_F2,train_6bba_t15_p15_crowded,train,6bba_bb9f20c3,15,crowded,0.1,2,66,1,1,1,0.0
variant_F2,train_6bba_t15_p15_crowded,train,6bba_bb9f20c3,15,crowded,0.2,2,66,1,1,1,0.0
variant_F2,train_6bba_t15_p15_crowded,train,6bba_bb9f20c3,15,crowded,0.3,2,66,1,1,1,0.0
variant_F2,train_6bba_t15_p15_crowded,train,6bba_bb9f20c3,15,crowded,0.4,2,66,1,1,1,0.0
variant_F2,train_6bba_t15_p15_crowded,train,6bba_bb9f20c3,15,crowded,0.5,2,57,1,1,1,0.0
variant_F2,train_6bba_t15_p15_crowded,train,6bba_bb9f20c3,15,crowded,0.7,2,26,1,1,1,0.0
variant_F2,train_6bba_t15_p15_crowded,train,6bba_bb9f20c3,15,crowded,0.8,2,2,1,1,1,0.0
variant_F2,train_6bba_t30_p16_crowded,train,6bba_bb9f20c3,30,crowded,0.1,2,85,0,2,2,1.4798434799252893
variant_F2,train_6bba_t30_p16_crowded,train,6bba_bb9f20c3,30,crowded,0.2,2,85,0,2,2,1.4798434799252893
variant_F2,train_6bba_t30_p16_crowded,train,6bba_bb9f20c3,30,crowded,0.3,2,85,0,2,2,1.4798434799252893
variant_F2,train_6bba_t30_p16_crowded,train,6bba_bb9f20c3,30,crowded,0.4,2,84,0,2,2,1.4798434799252893
variant_F2,train_6bba_t30_p16_crowded,train,6bba_bb9f20c3,30,crowded,0.5,2,71,0,2,2,1.4798434799252893
variant_F2,train_6bba_t30_p16_crowded,train,6bba_bb9f20c3,30,crowded,0.7,2,37,0,1,1,1.284675299443404
variant_F2,train_6bba_t30_p16_crowded,train,6bba_bb9f20c3,30,crowded,0.8,2,3,0,1,1,1.284675299443404
variant_F2,train_6bba_t50_p17_crowded,train,6bba_bb9f20c3,50,crowded,0.1,3,60,2,2,2,0.8604513079296447
variant_F2,train_6bba_t50_p17_crowded,train,6bba_bb9f20c3,50,crowded,0.2,3,60,2,2,2,0.8604513079296447
variant_F2,train_6bba_t50_p17_crowded,train,6bba_bb9f20c3,50,crowded,0.3,3,60,2,2,2,0.8604513079296447
variant_F2,train_6bba_t50_p17_crowded,train,6bba_bb9f20c3,50,crowded,0.4,3,60,2,2,2,0.8604513079296447
variant_F2,train_6bba_t50_p17_crowded,train,6bba_bb9f20c3,50,crowded,0.5,3,55,2,2,2,0.8604513079296447
variant_F2,train_6bba_t50_p17_crowded,train,6bba_bb9f20c3,50,crowded,0.7,3,17,1,1,1,0.9084026158592896
variant_F2,train_6bba_t50_p17_crowded,train,6bba_bb9f20c3,50,crowded,0.8,3,7,0,0,0,
variant_F2,train_6bba_t55_p18_crowded,train,6bba_bb9f20c3,55,crowded,0.1,2,89,0,0,1,
variant_F2,train_6bba_t55_p18_crowded,train,6bba_bb9f20c3,55,crowded,0.2,2,89,0,0,1,
variant_F2,train_6bba_t55_p18_crowded,train,6bba_bb9f20c3,55,crowded,0.3,2,89,0,0,1,
variant_F2,train_6bba_t55_p18_crowded,train,6bba_bb9f20c3,55,crowded,0.4,2,87,0,0,1,
variant_F2,train_6bba_t55_p18_crowded,train,6bba_bb9f20c3,55,crowded,0.5,2,73,0,0,1,
variant_F2,train_6bba_t55_p18_crowded,train,6bba_bb9f20c3,55,crowded,0.7,2,44,0,0,0,
variant_F2,train_6bba_t55_p18_crowded,train,6bba_bb9f20c3,55,crowded,0.8,2,2,0,0,0,
variant_F2,train_6bba_t45_p19_crowded,train,6bba_bb9f20c3,45,crowded,0.1,2,81,2,2,2,0.4903871298570349
variant_F2,train_6bba_t45_p19_crowded,train,6bba_bb9f20c3,45,crowded,0.2,2,81,2,2,2,0.4903871298570349
variant_F2,train_6bba_t45_p19_crowded,train,6bba_bb9f20c3,45,crowded,0.3,2,81,2,2,2,0.4903871298570349
variant_F2,train_6bba_t45_p19_crowded,train,6bba_bb9f20c3,45,crowded,0.4,2,81,2,2,2,0.4903871298570349
variant_F2,train_6bba_t45_p19_crowded,train,6bba_bb9f20c3,45,crowded,0.5,2,75,2,2,2,0.4903871298570349
variant_F2,train_6bba_t45_p19_crowded,train,6bba_bb9f20c3,45,crowded,0.7,2,44,1,1,1,0.5745242597140698
variant_F2,train_6bba_t45_p19_crowded,train,6bba_bb9f20c3,45,crowded,0.8,2,1,1,1,1,0.5745242597140698
variant_F2,train_6bba_t15_p20_crowded,train,6bba_bb9f20c3,15,crowded,0.1,2,59,1,1,1,0.40625
variant_F2,train_6bba_t15_p20_crowded,train,6bba_bb9f20c3,15,crowded,0.2,2,59,1,1,1,0.40625
variant_F2,train_6bba_t15_p20_crowded,train,6bba_bb9f20c3,15,crowded,0.3,2,59,1,1,1,0.40625
variant_F2,train_6bba_t15_p20_crowded,train,6bba_bb9f20c3,15,crowded,0.4,2,59,1,1,1,0.40625
variant_F2,train_6bba_t15_p20_crowded,train,6bba_bb9f20c3,15,crowded,0.5,2,51,1,1,1,0.40625
variant_F2,train_6bba_t15_p20_crowded,train,6bba_bb9f20c3,15,crowded,0.7,2,25,1,1,1,0.40625
variant_F2,train_6bba_t15_p20_crowded,train,6bba_bb9f20c3,15,crowded,0.8,2,11,1,1,1,0.40625
variant_F2,train_6bba_t30_p21_crowded,train,6bba_bb9f20c3,30,crowded,0.1,3,71,0,1,1,1.625
variant_F2,train_6bba_t30_p21_crowded,train,6bba_bb9f20c3,30,crowded,0.2,3,71,0,1,1,1.625
variant_F2,train_6bba_t30_p21_crowded,train,6bba_bb9f20c3,30,crowded,0.3,3,71,0,1,1,1.625
variant_F2,train_6bba_t30_p21_crowded,train,6bba_bb9f20c3,30,crowded,0.4,3,71,0,1,1,1.625
variant_F2,train_6bba_t30_p21_crowded,train,6bba_bb9f20c3,30,crowded,0.5,3,58,0,1,1,1.625
variant_F2,train_6bba_t30_p21_crowded,train,6bba_bb9f20c3,30,crowded,0.7,3,32,0,0,0,
variant_F2,train_6bba_t30_p21_crowded,train,6bba_bb9f20c3,30,crowded,0.8,3,5,0,0,0,
variant_F2,train_6bba_t50_p22_crowded,train,6bba_bb9f20c3,50,crowded,0.1,2,62,1,1,2,0.0
variant_F2,train_6bba_t50_p22_crowded,train,6bba_bb9f20c3,50,crowded,0.2,2,62,1,1,2,0.0
variant_F2,train_6bba_t50_p22_crowded,train,6bba_bb9f20c3,50,crowded,0.3,2,62,1,1,2,0.0
variant_F2,train_6bba_t50_p22_crowded,train,6bba_bb9f20c3,50,crowded,0.4,2,62,1,1,2,0.0
variant_F2,train_6bba_t50_p22_crowded,train,6bba_bb9f20c3,50,crowded,0.5,2,56,1,1,1,0.0
variant_F2,train_6bba_t50_p22_crowded,train,6bba_bb9f20c3,50,crowded,0.7,2,21,1,1,1,0.0
variant_F2,train_6bba_t50_p22_crowded,train,6bba_bb9f20c3,50,crowded,0.8,2,8,1,1,1,0.0
variant_F2,train_6bba_t10_p23_crowded,train,6bba_bb9f20c3,10,crowded,0.1,3,69,3,3,3,0.6858170450958098
variant_F2,train_6bba_t10_p23_crowded,train,6bba_bb9f20c3,10,crowded,0.2,3,69,3,3,3,0.6858170450958098
variant_F2,train_6bba_t10_p23_crowded,train,6bba_bb9f20c3,10,crowded,0.3,3,69,3,3,3,0.6858170450958098
variant_F2,train_6bba_t10_p23_crowded,train,6bba_bb9f20c3,10,crowded,0.4,3,69,3,3,3,0.6858170450958098
variant_F2,train_6bba_t10_p23_crowded,train,6bba_bb9f20c3,10,crowded,0.5,3,65,3,3,3,0.6858170450958098
variant_F2,train_6bba_t10_p23_crowded,train,6bba_bb9f20c3,10,crowded,0.7,3,28,2,2,2,0.7414634377866798
variant_F2,train_6bba_t10_p23_crowded,train,6bba_bb9f20c3,10,crowded,0.8,3,13,1,1,1,0.5745242597140698
variant_F2,train_6bba_t10_p24_crowded,train,6bba_bb9f20c3,10,crowded,0.1,2,69,2,2,2,0.4903871298570349
variant_F2,train_6bba_t10_p24_crowded,train,6bba_bb9f20c3,10,crowded,0.2,2,69,2,2,2,0.4903871298570349
variant_F2,train_6bba_t10_p24_crowded,train,6bba_bb9f20c3,10,crowded,0.3,2,69,2,2,2,0.4903871298570349
variant_F2,train_6bba_t10_p24_crowded,train,6bba_bb9f20c3,10,crowded,0.4,2,69,2,2,2,0.4903871298570349
variant_F2,train_6bba_t10_p24_crowded,train,6bba_bb9f20c3,10,crowded,0.5,2,64,2,2,2,0.4903871298570349
variant_F2,train_6bba_t10_p24_crowded,train,6bba_bb9f20c3,10,crowded,0.7,2,21,1,1,1,0.5745242597140698
variant_F2,train_6bba_t10_p24_crowded,train,6bba_bb9f20c3,10,crowded,0.8,2,10,1,1,1,0.5745242597140698
variant_F2,train_6bba_t10_p25_isolated,train,6bba_bb9f20c3,10,isolated,0.1,1,79,1,1,1,0.0
variant_F2,train_6bba_t10_p25_isolated,train,6bba_bb9f20c3,10,isolated,0.2,1,79,1,1,1,0.0
variant_F2,train_6bba_t10_p25_isolated,train,6bba_bb9f20c3,10,isolated,0.3,1,79,1,1,1,0.0
variant_F2,train_6bba_t10_p25_isolated,train,6bba_bb9f20c3,10,isolated,0.4,1,79,1,1,1,0.0
variant_F2,train_6bba_t10_p25_isolated,train,6bba_bb9f20c3,10,isolated,0.5,1,66,1,1,1,0.0
variant_F2,train_6bba_t10_p25_isolated,train,6bba_bb9f20c3,10,isolated,0.7,1,37,1,1,1,0.0
variant_F2,train_6bba_t10_p25_isolated,train,6bba_bb9f20c3,10,isolated,0.8,1,4,1,1,1,0.0
variant_F2,train_6bba_t20_p26_isolated,train,6bba_bb9f20c3,20,isolated,0.1,1,78,1,1,1,0.5745242597140698
variant_F2,train_6bba_t20_p26_isolated,train,6bba_bb9f20c3,20,isolated,0.2,1,78,1,1,1,0.5745242597140698
variant_F2,train_6bba_t20_p26_isolated,train,6bba_bb9f20c3,20,isolated,0.3,1,78,1,1,1,0.5745242597140698
variant_F2,train_6bba_t20_p26_isolated,train,6bba_bb9f20c3,20,isolated,0.4,1,78,1,1,1,0.5745242597140698
variant_F2,train_6bba_t20_p26_isolated,train,6bba_bb9f20c3,20,isolated,0.5,1,66,1,1,1,0.5745242597140698
variant_F2,train_6bba_t20_p26_isolated,train,6bba_bb9f20c3,20,isolated,0.7,1,27,0,0,0,
variant_F2,train_6bba_t20_p26_isolated,train,6bba_bb9f20c3,20,isolated,0.8,1,8,0,0,0,
variant_F2,train_6bba_t35_p27_isolated,train,6bba_bb9f20c3,35,isolated,0.1,1,69,1,1,1,0.0
variant_F2,train_6bba_t35_p27_isolated,train,6bba_bb9f20c3,35,isolated,0.2,1,69,1,1,1,0.0
variant_F2,train_6bba_t35_p27_isolated,train,6bba_bb9f20c3,35,isolated,0.3,1,69,1,1,1,0.0
variant_F2,train_6bba_t35_p27_isolated,train,6bba_bb9f20c3,35,isolated,0.4,1,69,1,1,1,0.0
variant_F2,train_6bba_t35_p27_isolated,train,6bba_bb9f20c3,35,isolated,0.5,1,63,1,1,1,0.0
variant_F2,train_6bba_t35_p27_isolated,train,6bba_bb9f20c3,35,isolated,0.7,1,29,1,1,1,0.0
variant_F2,train_6bba_t35_p27_isolated,train,6bba_bb9f20c3,35,isolated,0.8,1,5,1,1,1,0.0
variant_F2,train_6bba_t40_p28_isolated,train,6bba_bb9f20c3,40,isolated,0.1,1,73,1,1,1,0.0
variant_F2,train_6bba_t40_p28_isolated,train,6bba_bb9f20c3,40,isolated,0.2,1,73,1,1,1,0.0
variant_F2,train_6bba_t40_p28_isolated,train,6bba_bb9f20c3,40,isolated,0.3,1,73,1,1,1,0.0
variant_F2,train_6bba_t40_p28_isolated,train,6bba_bb9f20c3,40,isolated,0.4,1,73,1,1,1,0.0
variant_F2,train_6bba_t40_p28_isolated,train,6bba_bb9f20c3,40,isolated,0.5,1,67,1,1,1,0.0
variant_F2,train_6bba_t40_p28_isolated,train,6bba_bb9f20c3,40,isolated,0.7,1,18,1,1,1,0.0
variant_F2,train_6bba_t40_p28_isolated,train,6bba_bb9f20c3,40,isolated,0.8,1,13,0,0,0,
variant_F2,train_6bba_t25_p29_isolated,train,6bba_bb9f20c3,25,isolated,0.1,1,66,0,0,0,
variant_F2,train_6bba_t25_p29_isolated,train,6bba_bb9f20c3,25,isolated,0.2,1,66,0,0,0,
variant_F2,train_6bba_t25_p29_isolated,train,6bba_bb9f20c3,25,isolated,0.3,1,66,0,0,0,
variant_F2,train_6bba_t25_p29_isolated,train,6bba_bb9f20c3,25,isolated,0.4,1,66,0,0,0,
variant_F2,train_6bba_t25_p29_isolated,train,6bba_bb9f20c3,25,isolated,0.5,1,56,0,0,0,
variant_F2,train_6bba_t25_p29_isolated,train,6bba_bb9f20c3,25,isolated,0.7,1,24,0,0,0,
variant_F2,train_6bba_t25_p29_isolated,train,6bba_bb9f20c3,25,isolated,0.8,1,12,0,0,0,
variant_F2,train_6bba_t25_p30_isolated,train,6bba_bb9f20c3,25,isolated,0.1,1,65,1,1,1,0.0
variant_F2,train_6bba_t25_p30_isolated,train,6bba_bb9f20c3,25,isolated,0.2,1,65,1,1,1,0.0
variant_F2,train_6bba_t25_p30_isolated,train,6bba_bb9f20c3,25,isolated,0.3,1,65,1,1,1,0.0
variant_F2,train_6bba_t25_p30_isolated,train,6bba_bb9f20c3,25,isolated,0.4,1,65,1,1,1,0.0
variant_F2,train_6bba_t25_p30_isolated,train,6bba_bb9f20c3,25,isolated,0.5,1,57,1,1,1,0.0
variant_F2,train_6bba_t25_p30_isolated,train,6bba_bb9f20c3,25,isolated,0.7,1,20,0,0,0,
variant_F2,train_6bba_t25_p30_isolated,train,6bba_bb9f20c3,25,isolated,0.8,1,2,0,0,0,
variant_F2,train_6bba_t45_p31_isolated,train,6bba_bb9f20c3,45,isolated,0.1,1,75,0,1,1,1.1490485194281397
variant_F2,train_6bba_t45_p31_isolated,train,6bba_bb9f20c3,45,isolated,0.2,1,75,0,1,1,1.1490485194281397
variant_F2,train_6bba_t45_p31_isolated,train,6bba_bb9f20c3,45,isolated,0.3,1,75,0,1,1,1.1490485194281397
variant_F2,train_6bba_t45_p31_isolated,train,6bba_bb9f20c3,45,isolated,0.4,1,74,0,1,1,1.1490485194281397
variant_F2,train_6bba_t45_p31_isolated,train,6bba_bb9f20c3,45,isolated,0.5,1,61,0,0,0,
variant_F2,train_6bba_t45_p31_isolated,train,6bba_bb9f20c3,45,isolated,0.7,1,34,0,0,0,
variant_F2,train_6bba_t45_p31_isolated,train,6bba_bb9f20c3,45,isolated,0.8,1,3,0,0,0,
variant_F2,train_6bba_t30_p32_isolated,train,6bba_bb9f20c3,30,isolated,0.1,1,69,1,1,1,0.5745242597140698
variant_F2,train_6bba_t30_p32_isolated,train,6bba_bb9f20c3,30,isolated,0.2,1,69,1,1,1,0.5745242597140698
variant_F2,train_6bba_t30_p32_isolated,train,6bba_bb9f20c3,30,isolated,0.3,1,69,1,1,1,0.5745242597140698
variant_F2,train_6bba_t30_p32_isolated,train,6bba_bb9f20c3,30,isolated,0.4,1,68,1,1,1,0.5745242597140698
variant_F2,train_6bba_t30_p32_isolated,train,6bba_bb9f20c3,30,isolated,0.5,1,63,1,1,1,0.5745242597140698
variant_F2,train_6bba_t30_p32_isolated,train,6bba_bb9f20c3,30,isolated,0.7,1,28,1,1,1,0.5745242597140698
variant_F2,train_6bba_t30_p32_isolated,train,6bba_bb9f20c3,30,isolated,0.8,1,13,1,1,1,0.5745242597140698
variant_F2,train_6bba_t55_p33_isolated,train,6bba_bb9f20c3,55,isolated,0.1,1,71,0,0,0,
variant_F2,train_6bba_t55_p33_isolated,train,6bba_bb9f20c3,55,isolated,0.2,1,71,0,0,0,
variant_F2,train_6bba_t55_p33_isolated,train,6bba_bb9f20c3,55,isolated,0.3,1,71,0,0,0,
variant_F2,train_6bba_t55_p33_isolated,train,6bba_bb9f20c3,55,isolated,0.4,1,71,0,0,0,
variant_F2,train_6bba_t55_p33_isolated,train,6bba_bb9f20c3,55,isolated,0.5,1,60,0,0,0,
variant_F2,train_6bba_t55_p33_isolated,train,6bba_bb9f20c3,55,isolated,0.7,1,38,0,0,0,
variant_F2,train_6bba_t55_p33_isolated,train,6bba_bb9f20c3,55,isolated,0.8,1,1,0,0,0,
variant_F2,train_6bba_t25_p34_isolated,train,6bba_bb9f20c3,25,isolated,0.1,1,64,1,1,1,0.5745242597140698
variant_F2,train_6bba_t25_p34_isolated,train,6bba_bb9f20c3,25,isolated,0.2,1,64,1,1,1,0.5745242597140698
variant_F2,train_6bba_t25_p34_isolated,train,6bba_bb9f20c3,25,isolated,0.3,1,64,1,1,1,0.5745242597140698
variant_F2,train_6bba_t25_p34_isolated,train,6bba_bb9f20c3,25,isolated,0.4,1,64,1,1,1,0.5745242597140698
variant_F2,train_6bba_t25_p34_isolated,train,6bba_bb9f20c3,25,isolated,0.5,1,59,1,1,1,0.5745242597140698
variant_F2,train_6bba_t25_p34_isolated,train,6bba_bb9f20c3,25,isolated,0.7,1,22,0,0,0,
variant_F2,train_6bba_t25_p34_isolated,train,6bba_bb9f20c3,25,isolated,0.8,1,10,0,0,0,
variant_F2,train_6bba_t25_p35_isolated,train,6bba_bb9f20c3,25,isolated,0.1,1,80,0,1,1,1.284675299443404
variant_F2,train_6bba_t25_p35_isolated,train,6bba_bb9f20c3,25,isolated,0.2,1,80,0,1,1,1.284675299443404
variant_F2,train_6bba_t25_p35_isolated,train,6bba_bb9f20c3,25,isolated,0.3,1,80,0,1,1,1.284675299443404
variant_F2,train_6bba_t25_p35_isolated,train,6bba_bb9f20c3,25,isolated,0.4,1,79,0,1,1,1.284675299443404
variant_F2,train_6bba_t25_p35_isolated,train,6bba_bb9f20c3,25,isolated,0.5,1,68,0,1,1,1.284675299443404
variant_F2,train_6bba_t25_p35_isolated,train,6bba_bb9f20c3,25,isolated,0.7,1,41,0,1,1,1.284675299443404
variant_F2,train_6bba_t25_p35_isolated,train,6bba_bb9f20c3,25,isolated,0.8,1,1,0,1,1,1.284675299443404
variant_F2,train_6bba_t15_p36_isolated,train,6bba_bb9f20c3,15,isolated,0.1,1,66,1,1,1,0.0
variant_F2,train_6bba_t15_p36_isolated,train,6bba_bb9f20c3,15,isolated,0.2,1,66,1,1,1,0.0
variant_F2,train_6bba_t15_p36_isolated,train,6bba_bb9f20c3,15,isolated,0.3,1,66,1,1,1,0.0
variant_F2,train_6bba_t15_p36_isolated,train,6bba_bb9f20c3,15,isolated,0.4,1,66,1,1,1,0.0
variant_F2,train_6bba_t15_p36_isolated,train,6bba_bb9f20c3,15,isolated,0.5,1,58,1,1,1,0.0
variant_F2,train_6bba_t15_p36_isolated,train,6bba_bb9f20c3,15,isolated,0.7,1,28,1,1,1,0.0
variant_F2,train_6bba_t15_p36_isolated,train,6bba_bb9f20c3,15,isolated,0.8,1,2,0,0,0,
variant_F2,train_6bba_t50_p37_isolated,train,6bba_bb9f20c3,50,isolated,0.1,1,76,1,1,1,0.40625
variant_F2,train_6bba_t50_p37_isolated,train,6bba_bb9f20c3,50,isolated,0.2,1,76,1,1,1,0.40625
variant_F2,train_6bba_t50_p37_isolated,train,6bba_bb9f20c3,50,isolated,0.3,1,76,1,1,1,0.40625
variant_F2,train_6bba_t50_p37_isolated,train,6bba_bb9f20c3,50,isolated,0.4,1,76,1,1,1,0.40625
variant_F2,train_6bba_t50_p37_isolated,train,6bba_bb9f20c3,50,isolated,0.5,1,71,1,1,1,0.40625
variant_F2,train_6bba_t50_p37_isolated,train,6bba_bb9f20c3,50,isolated,0.7,1,34,1,1,1,0.40625
variant_F2,train_6bba_t50_p37_isolated,train,6bba_bb9f20c3,50,isolated,0.8,1,2,1,1,1,0.40625
variant_F2,train_6bba_t50_p38_isolated,train,6bba_bb9f20c3,50,isolated,0.1,1,78,1,1,1,0.40625
variant_F2,train_6bba_t50_p38_isolated,train,6bba_bb9f20c3,50,isolated,0.2,1,78,1,1,1,0.40625
variant_F2,train_6bba_t50_p38_isolated,train,6bba_bb9f20c3,50,isolated,0.3,1,78,1,1,1,0.40625
variant_F2,train_6bba_t50_p38_isolated,train,6bba_bb9f20c3,50,isolated,0.4,1,78,1,1,1,0.40625
variant_F2,train_6bba_t50_p38_isolated,train,6bba_bb9f20c3,50,isolated,0.5,1,68,1,1,1,0.40625
variant_F2,train_6bba_t50_p38_isolated,train,6bba_bb9f20c3,50,isolated,0.7,1,30,1,1,1,0.40625
variant_F2,train_6bba_t50_p38_isolated,train,6bba_bb9f20c3,50,isolated,0.8,1,3,1,1,1,0.40625
variant_F2,train_6bba_t30_p39_isolated,train,6bba_bb9f20c3,30,isolated,0.1,1,66,1,1,1,0.0
variant_F2,train_6bba_t30_p39_isolated,train,6bba_bb9f20c3,30,isolated,0.2,1,66,1,1,1,0.0
variant_F2,train_6bba_t30_p39_isolated,train,6bba_bb9f20c3,30,isolated,0.3,1,66,1,1,1,0.0
variant_F2,train_6bba_t30_p39_isolated,train,6bba_bb9f20c3,30,isolated,0.4,1,66,1,1,1,0.0
variant_F2,train_6bba_t30_p39_isolated,train,6bba_bb9f20c3,30,isolated,0.5,1,60,1,1,1,0.0
variant_F2,train_6bba_t30_p39_isolated,train,6bba_bb9f20c3,30,isolated,0.7,1,25,1,1,1,0.0
variant_F2,train_6bba_t30_p39_isolated,train,6bba_bb9f20c3,30,isolated,0.8,1,9,1,1,1,0.0
variant_F2,train_6bba_t20_p40_boundary,train,6bba_bb9f20c3,20,boundary,0.1,1,64,1,1,1,0.8125
variant_F2,train_6bba_t20_p40_boundary,train,6bba_bb9f20c3,20,boundary,0.2,1,64,1,1,1,0.8125
variant_F2,train_6bba_t20_p40_boundary,train,6bba_bb9f20c3,20,boundary,0.3,1,64,1,1,1,0.8125
variant_F2,train_6bba_t20_p40_boundary,train,6bba_bb9f20c3,20,boundary,0.4,1,64,1,1,1,0.8125
variant_F2,train_6bba_t20_p40_boundary,train,6bba_bb9f20c3,20,boundary,0.5,1,50,1,1,1,0.8125
variant_F2,train_6bba_t20_p40_boundary,train,6bba_bb9f20c3,20,boundary,0.7,1,23,1,1,1,0.8125
variant_F2,train_6bba_t20_p40_boundary,train,6bba_bb9f20c3,20,boundary,0.8,1,1,0,0,0,
variant_F2,train_6bba_t55_p41_boundary,train,6bba_bb9f20c3,55,boundary,0.1,1,85,0,0,0,
variant_F2,train_6bba_t55_p41_boundary,train,6bba_bb9f20c3,55,boundary,0.2,1,85,0,0,0,
variant_F2,train_6bba_t55_p41_boundary,train,6bba_bb9f20c3,55,boundary,0.3,1,85,0,0,0,
variant_F2,train_6bba_t55_p41_boundary,train,6bba_bb9f20c3,55,boundary,0.4,1,84,0,0,0,
variant_F2,train_6bba_t55_p41_boundary,train,6bba_bb9f20c3,55,boundary,0.5,1,70,0,0,0,
variant_F2,train_6bba_t55_p41_boundary,train,6bba_bb9f20c3,55,boundary,0.7,1,39,0,0,0,
variant_F2,train_6bba_t55_p41_boundary,train,6bba_bb9f20c3,55,boundary,0.8,1,2,0,0,0,
variant_F2,train_6bba_t15_p42_boundary,train,6bba_bb9f20c3,15,boundary,0.1,1,62,1,1,1,0.40625
variant_F2,train_6bba_t15_p42_boundary,train,6bba_bb9f20c3,15,boundary,0.2,1,62,1,1,1,0.40625
variant_F2,train_6bba_t15_p42_boundary,train,6bba_bb9f20c3,15,boundary,0.3,1,62,1,1,1,0.40625
variant_F2,train_6bba_t15_p42_boundary,train,6bba_bb9f20c3,15,boundary,0.4,1,62,1,1,1,0.40625
variant_F2,train_6bba_t15_p42_boundary,train,6bba_bb9f20c3,15,boundary,0.5,1,57,1,1,1,0.40625
variant_F2,train_6bba_t15_p42_boundary,train,6bba_bb9f20c3,15,boundary,0.7,1,27,0,0,0,
variant_F2,train_6bba_t15_p42_boundary,train,6bba_bb9f20c3,15,boundary,0.8,1,1,0,0,0,
variant_F2,train_6bba_t55_p43_boundary,train,6bba_bb9f20c3,55,boundary,0.1,1,83,1,1,1,0.0
variant_F2,train_6bba_t55_p43_boundary,train,6bba_bb9f20c3,55,boundary,0.2,1,83,1,1,1,0.0
variant_F2,train_6bba_t55_p43_boundary,train,6bba_bb9f20c3,55,boundary,0.3,1,83,1,1,1,0.0
variant_F2,train_6bba_t55_p43_boundary,train,6bba_bb9f20c3,55,boundary,0.4,1,83,1,1,1,0.0
variant_F2,train_6bba_t55_p43_boundary,train,6bba_bb9f20c3,55,boundary,0.5,1,72,1,1,1,0.0
variant_F2,train_6bba_t55_p43_boundary,train,6bba_bb9f20c3,55,boundary,0.7,1,46,1,1,1,0.0
variant_F2,train_6bba_t55_p43_boundary,train,6bba_bb9f20c3,55,boundary,0.8,1,3,1,1,1,0.0
variant_F2,train_44b6_t40_p01_crowded,train,44b6_d29c9ab2,40,crowded,0.1,2,65,0,2,2,1.7926220776090096
variant_F2,train_44b6_t40_p01_crowded,train,44b6_d29c9ab2,40,crowded,0.2,2,65,0,2,2,1.7926220776090096
variant_F2,train_44b6_t40_p01_crowded,train,44b6_d29c9ab2,40,crowded,0.3,2,65,0,2,2,1.7926220776090096
variant_F2,train_44b6_t40_p01_crowded,train,44b6_d29c9ab2,40,crowded,0.4,2,65,0,2,2,1.7926220776090096
variant_F2,train_44b6_t40_p01_crowded,train,44b6_d29c9ab2,40,crowded,0.5,2,63,0,2,2,1.7926220776090096
variant_F2,train_44b6_t40_p01_crowded,train,44b6_d29c9ab2,40,crowded,0.7,2,26,0,0,0,
variant_F2,train_44b6_t40_p01_crowded,train,44b6_d29c9ab2,40,crowded,0.8,2,12,0,0,0,
variant_F2,train_44b6_t45_p02_crowded,train,44b6_d29c9ab2,45,crowded,0.1,2,74,2,2,2,0.4542013079296448
variant_F2,train_44b6_t45_p02_crowded,train,44b6_d29c9ab2,45,crowded,0.2,2,74,2,2,2,0.4542013079296448
variant_F2,train_44b6_t45_p02_crowded,train,44b6_d29c9ab2,45,crowded,0.3,2,74,2,2,2,0.4542013079296448
variant_F2,train_44b6_t45_p02_crowded,train,44b6_d29c9ab2,45,crowded,0.4,2,74,2,2,2,0.4542013079296448
variant_F2,train_44b6_t45_p02_crowded,train,44b6_d29c9ab2,45,crowded,0.5,2,68,2,2,2,0.4542013079296448
variant_F2,train_44b6_t45_p02_crowded,train,44b6_d29c9ab2,45,crowded,0.7,2,28,1,1,1,0.0
variant_F2,train_44b6_t45_p02_crowded,train,44b6_d29c9ab2,45,crowded,0.8,2,7,0,0,0,
variant_F2,train_44b6_t55_p03_crowded,train,44b6_d29c9ab2,55,crowded,0.1,3,74,2,3,3,0.8913904586919367
variant_F2,train_44b6_t55_p03_crowded,train,44b6_d29c9ab2,55,crowded,0.2,3,74,2,3,3,0.8913904586919367
variant_F2,train_44b6_t55_p03_crowded,train,44b6_d29c9ab2,55,crowded,0.3,3,74,2,3,3,0.8913904586919367
variant_F2,train_44b6_t55_p03_crowded,train,44b6_d29c9ab2,55,crowded,0.4,3,74,2,3,3,0.8913904586919367
variant_F2,train_44b6_t55_p03_crowded,train,44b6_d29c9ab2,55,crowded,0.5,3,73,2,3,3,0.8913904586919367
variant_F2,train_44b6_t55_p03_crowded,train,44b6_d29c9ab2,55,crowded,0.7,3,38,2,2,2,0.40625
variant_F2,train_44b6_t55_p03_crowded,train,44b6_d29c9ab2,55,crowded,0.8,3,10,2,2,2,0.40625
variant_F2,train_44b6_t40_p04_crowded,train,44b6_d29c9ab2,40,crowded,0.1,3,80,3,3,3,0.0
variant_F2,train_44b6_t40_p04_crowded,train,44b6_d29c9ab2,40,crowded,0.2,3,80,3,3,3,0.0
variant_F2,train_44b6_t40_p04_crowded,train,44b6_d29c9ab2,40,crowded,0.3,3,80,3,3,3,0.0
variant_F2,train_44b6_t40_p04_crowded,train,44b6_d29c9ab2,40,crowded,0.4,3,80,3,3,3,0.0
variant_F2,train_44b6_t40_p04_crowded,train,44b6_d29c9ab2,40,crowded,0.5,3,73,3,3,3,0.0
variant_F2,train_44b6_t40_p04_crowded,train,44b6_d29c9ab2,40,crowded,0.7,3,44,3,3,3,0.0
variant_F2,train_44b6_t40_p04_crowded,train,44b6_d29c9ab2,40,crowded,0.8,3,5,1,1,1,0.0
variant_F2,train_44b6_t15_p05_crowded,train,44b6_d29c9ab2,15,crowded,0.1,3,63,2,2,2,0.203125
variant_F2,train_44b6_t15_p05_crowded,train,44b6_d29c9ab2,15,crowded,0.2,3,63,2,2,2,0.203125
variant_F2,train_44b6_t15_p05_crowded,train,44b6_d29c9ab2,15,crowded,0.3,3,63,2,2,2,0.203125
variant_F2,train_44b6_t15_p05_crowded,train,44b6_d29c9ab2,15,crowded,0.4,3,63,2,2,2,0.203125
variant_F2,train_44b6_t15_p05_crowded,train,44b6_d29c9ab2,15,crowded,0.5,3,58,2,2,2,0.203125
variant_F2,train_44b6_t15_p05_crowded,train,44b6_d29c9ab2,15,crowded,0.7,3,23,2,2,2,0.203125
variant_F2,train_44b6_t15_p05_crowded,train,44b6_d29c9ab2,15,crowded,0.8,3,9,1,1,1,0.0
variant_F2,train_44b6_t20_p06_crowded,train,44b6_d29c9ab2,20,crowded,0.1,2,77,2,2,2,0.203125
variant_F2,train_44b6_t20_p06_crowded,train,44b6_d29c9ab2,20,crowded,0.2,2,77,2,2,2,0.203125
variant_F2,train_44b6_t20_p06_crowded,train,44b6_d29c9ab2,20,crowded,0.3,2,77,2,2,2,0.203125
variant_F2,train_44b6_t20_p06_crowded,train,44b6_d29c9ab2,20,crowded,0.4,2,77,2,2,2,0.203125
variant_F2,train_44b6_t20_p06_crowded,train,44b6_d29c9ab2,20,crowded,0.5,2,71,2,2,2,0.203125
variant_F2,train_44b6_t20_p06_crowded,train,44b6_d29c9ab2,20,crowded,0.7,2,34,2,2,2,0.203125
variant_F2,train_44b6_t20_p06_crowded,train,44b6_d29c9ab2,20,crowded,0.8,2,13,2,2,2,0.203125
variant_F2,train_44b6_t40_p07_crowded,train,44b6_d29c9ab2,40,crowded,0.1,2,66,1,2,2,1.0406308302035874
variant_F2,train_44b6_t40_p07_crowded,train,44b6_d29c9ab2,40,crowded,0.2,2,66,1,2,2,1.0406308302035874
variant_F2,train_44b6_t40_p07_crowded,train,44b6_d29c9ab2,40,crowded,0.3,2,66,1,2,2,1.0406308302035874
variant_F2,train_44b6_t40_p07_crowded,train,44b6_d29c9ab2,40,crowded,0.4,2,66,1,2,2,1.0406308302035874
variant_F2,train_44b6_t40_p07_crowded,train,44b6_d29c9ab2,40,crowded,0.5,2,58,1,2,2,1.0406308302035874
variant_F2,train_44b6_t40_p07_crowded,train,44b6_d29c9ab2,40,crowded,0.7,2,23,1,1,1,0.40625
variant_F2,train_44b6_t40_p07_crowded,train,44b6_d29c9ab2,40,crowded,0.8,2,5,1,1,1,0.40625
variant_F2,train_44b6_t50_p08_crowded,train,44b6_d29c9ab2,50,crowded,0.1,3,64,2,3,3,0.5977580865713567
variant_F2,train_44b6_t50_p08_crowded,train,44b6_d29c9ab2,50,crowded,0.2,3,64,2,3,3,0.5977580865713567
variant_F2,train_44b6_t50_p08_crowded,train,44b6_d29c9ab2,50,crowded,0.3,3,64,2,3,3,0.5977580865713567
variant_F2,train_44b6_t50_p08_crowded,train,44b6_d29c9ab2,50,crowded,0.4,3,64,2,3,3,0.5977580865713567
variant_F2,train_44b6_t50_p08_crowded,train,44b6_d29c9ab2,50,crowded,0.5,3,63,2,3,3,0.5977580865713567
variant_F2,train_44b6_t50_p08_crowded,train,44b6_d29c9ab2,50,crowded,0.7,3,39,1,2,2,0.609375
variant_F2,train_44b6_t50_p08_crowded,train,44b6_d29c9ab2,50,crowded,0.8,3,15,1,2,2,0.609375
variant_F2,train_44b6_t10_p09_crowded,train,44b6_d29c9ab2,10,crowded,0.1,2,69,2,2,2,0.4903871298570349
variant_F2,train_44b6_t10_p09_crowded,train,44b6_d29c9ab2,10,crowded,0.2,2,69,2,2,2,0.4903871298570349
variant_F2,train_44b6_t10_p09_crowded,train,44b6_d29c9ab2,10,crowded,0.3,2,69,2,2,2,0.4903871298570349
variant_F2,train_44b6_t10_p09_crowded,train,44b6_d29c9ab2,10,crowded,0.4,2,69,2,2,2,0.4903871298570349
variant_F2,train_44b6_t10_p09_crowded,train,44b6_d29c9ab2,10,crowded,0.5,2,68,2,2,2,0.4903871298570349
variant_F2,train_44b6_t10_p09_crowded,train,44b6_d29c9ab2,10,crowded,0.7,2,38,2,2,2,0.4903871298570349
variant_F2,train_44b6_t10_p09_crowded,train,44b6_d29c9ab2,10,crowded,0.8,2,9,2,2,2,0.4903871298570349
variant_F2,train_44b6_t30_p10_crowded,train,44b6_d29c9ab2,30,crowded,0.1,3,71,1,1,1,0.40625
variant_F2,train_44b6_t30_p10_crowded,train,44b6_d29c9ab2,30,crowded,0.2,3,71,1,1,1,0.40625
variant_F2,train_44b6_t30_p10_crowded,train,44b6_d29c9ab2,30,crowded,0.3,3,71,1,1,1,0.40625
variant_F2,train_44b6_t30_p10_crowded,train,44b6_d29c9ab2,30,crowded,0.4,3,70,1,1,1,0.40625
variant_F2,train_44b6_t30_p10_crowded,train,44b6_d29c9ab2,30,crowded,0.5,3,67,1,1,1,0.40625
variant_F2,train_44b6_t30_p10_crowded,train,44b6_d29c9ab2,30,crowded,0.7,3,45,1,1,1,0.40625
variant_F2,train_44b6_t30_p10_crowded,train,44b6_d29c9ab2,30,crowded,0.8,3,9,1,1,1,0.40625
variant_F2,train_44b6_t35_p11_crowded,train,44b6_d29c9ab2,35,crowded,0.1,4,65,4,4,4,0.24519356492851746
variant_F2,train_44b6_t35_p11_crowded,train,44b6_d29c9ab2,35,crowded,0.2,4,65,4,4,4,0.24519356492851746
variant_F2,train_44b6_t35_p11_crowded,train,44b6_d29c9ab2,35,crowded,0.3,4,65,4,4,4,0.24519356492851746
variant_F2,train_44b6_t35_p11_crowded,train,44b6_d29c9ab2,35,crowded,0.4,4,65,4,4,4,0.24519356492851746
variant_F2,train_44b6_t35_p11_crowded,train,44b6_d29c9ab2,35,crowded,0.5,4,60,4,4,4,0.24519356492851746
variant_F2,train_44b6_t35_p11_crowded,train,44b6_d29c9ab2,35,crowded,0.7,4,32,4,4,4,0.24519356492851746
variant_F2,train_44b6_t35_p11_crowded,train,44b6_d29c9ab2,35,crowded,0.8,4,11,3,3,3,0.13541666666666666
variant_F2,train_44b6_t45_p12_crowded,train,44b6_d29c9ab2,45,crowded,0.1,2,70,2,2,2,0.0
variant_F2,train_44b6_t45_p12_crowded,train,44b6_d29c9ab2,45,crowded,0.2,2,70,2,2,2,0.0
variant_F2,train_44b6_t45_p12_crowded,train,44b6_d29c9ab2,45,crowded,0.3,2,70,2,2,2,0.0
variant_F2,train_44b6_t45_p12_crowded,train,44b6_d29c9ab2,45,crowded,0.4,2,70,2,2,2,0.0
variant_F2,train_44b6_t45_p12_crowded,train,44b6_d29c9ab2,45,crowded,0.5,2,60,2,2,2,0.0
variant_F2,train_44b6_t45_p12_crowded,train,44b6_d29c9ab2,45,crowded,0.7,2,26,1,1,1,0.0
variant_F2,train_44b6_t45_p12_crowded,train,44b6_d29c9ab2,45,crowded,0.8,2,5,1,1,1,0.0
variant_F2,train_44b6_t25_p13_crowded,train,44b6_d29c9ab2,25,crowded,0.1,2,68,2,2,2,0.40625
variant_F2,train_44b6_t25_p13_crowded,train,44b6_d29c9ab2,25,crowded,0.2,2,68,2,2,2,0.40625
variant_F2,train_44b6_t25_p13_crowded,train,44b6_d29c9ab2,25,crowded,0.3,2,68,2,2,2,0.40625
variant_F2,train_44b6_t25_p13_crowded,train,44b6_d29c9ab2,25,crowded,0.4,2,68,2,2,2,0.40625
variant_F2,train_44b6_t25_p13_crowded,train,44b6_d29c9ab2,25,crowded,0.5,2,62,2,2,2,0.40625
variant_F2,train_44b6_t25_p13_crowded,train,44b6_d29c9ab2,25,crowded,0.7,2,33,2,2,2,0.40625
variant_F2,train_44b6_t25_p13_crowded,train,44b6_d29c9ab2,25,crowded,0.8,2,7,1,1,1,0.40625
variant_F2,train_44b6_t10_p14_crowded,train,44b6_d29c9ab2,10,crowded,0.1,2,70,2,2,2,0.4903871298570349
variant_F2,train_44b6_t10_p14_crowded,train,44b6_d29c9ab2,10,crowded,0.2,2,70,2,2,2,0.4903871298570349
variant_F2,train_44b6_t10_p14_crowded,train,44b6_d29c9ab2,10,crowded,0.3,2,70,2,2,2,0.4903871298570349
variant_F2,train_44b6_t10_p14_crowded,train,44b6_d29c9ab2,10,crowded,0.4,2,70,2,2,2,0.4903871298570349
variant_F2,train_44b6_t10_p14_crowded,train,44b6_d29c9ab2,10,crowded,0.5,2,68,2,2,2,0.4903871298570349
variant_F2,train_44b6_t10_p14_crowded,train,44b6_d29c9ab2,10,crowded,0.7,2,33,2,2,2,0.4903871298570349
variant_F2,train_44b6_t10_p14_crowded,train,44b6_d29c9ab2,10,crowded,0.8,2,8,1,1,1,0.5745242597140698
variant_F2,train_44b6_t25_p15_crowded,train,44b6_d29c9ab2,25,crowded,0.1,4,70,4,4,4,0.34675606492851746
variant_F2,train_44b6_t25_p15_crowded,train,44b6_d29c9ab2,25,crowded,0.2,4,70,4,4,4,0.34675606492851746
variant_F2,train_44b6_t25_p15_crowded,train,44b6_d29c9ab2,25,crowded,0.3,4,70,4,4,4,0.34675606492851746
variant_F2,train_44b6_t25_p15_crowded,train,44b6_d29c9ab2,25,crowded,0.4,4,70,4,4,4,0.34675606492851746
variant_F2,train_44b6_t25_p15_crowded,train,44b6_d29c9ab2,25,crowded,0.5,4,70,4,4,4,0.34675606492851746
variant_F2,train_44b6_t25_p15_crowded,train,44b6_d29c9ab2,25,crowded,0.7,4,39,3,3,3,0.2708333333333333
variant_F2,train_44b6_t25_p15_crowded,train,44b6_d29c9ab2,25,crowded,0.8,4,6,3,3,3,0.2708333333333333
variant_F2,train_44b6_t30_p16_crowded,train,44b6_d29c9ab2,30,crowded,0.1,2,68,2,2,2,0.4903871298570349
variant_F2,train_44b6_t30_p16_crowded,train,44b6_d29c9ab2,30,crowded,0.2,2,68,2,2,2,0.4903871298570349
variant_F2,train_44b6_t30_p16_crowded,train,44b6_d29c9ab2,30,crowded,0.3,2,68,2,2,2,0.4903871298570349
variant_F2,train_44b6_t30_p16_crowded,train,44b6_d29c9ab2,30,crowded,0.4,2,67,2,2,2,0.4903871298570349
variant_F2,train_44b6_t30_p16_crowded,train,44b6_d29c9ab2,30,crowded,0.5,2,65,2,2,2,0.4903871298570349
variant_F2,train_44b6_t30_p16_crowded,train,44b6_d29c9ab2,30,crowded,0.7,2,31,1,1,1,0.40625
variant_F2,train_44b6_t30_p16_crowded,train,44b6_d29c9ab2,30,crowded,0.8,2,11,1,1,1,0.40625
variant_F2,train_44b6_t15_p17_crowded,train,44b6_d29c9ab2,15,crowded,0.1,2,76,2,2,2,0.40625
variant_F2,train_44b6_t15_p17_crowded,train,44b6_d29c9ab2,15,crowded,0.2,2,76,2,2,2,0.40625
variant_F2,train_44b6_t15_p17_crowded,train,44b6_d29c9ab2,15,crowded,0.3,2,76,2,2,2,0.40625
variant_F2,train_44b6_t15_p17_crowded,train,44b6_d29c9ab2,15,crowded,0.4,2,76,2,2,2,0.40625
variant_F2,train_44b6_t15_p17_crowded,train,44b6_d29c9ab2,15,crowded,0.5,2,71,2,2,2,0.40625
variant_F2,train_44b6_t15_p17_crowded,train,44b6_d29c9ab2,15,crowded,0.7,2,27,2,2,2,0.40625
variant_F2,train_44b6_t15_p17_crowded,train,44b6_d29c9ab2,15,crowded,0.8,2,6,1,1,1,0.40625
variant_F2,train_44b6_t55_p18_crowded,train,44b6_d29c9ab2,55,crowded,0.1,2,71,2,2,2,0.4903871298570349
variant_F2,train_44b6_t55_p18_crowded,train,44b6_d29c9ab2,55,crowded,0.2,2,71,2,2,2,0.4903871298570349
variant_F2,train_44b6_t55_p18_crowded,train,44b6_d29c9ab2,55,crowded,0.3,2,71,2,2,2,0.4903871298570349
variant_F2,train_44b6_t55_p18_crowded,train,44b6_d29c9ab2,55,crowded,0.4,2,71,2,2,2,0.4903871298570349
variant_F2,train_44b6_t55_p18_crowded,train,44b6_d29c9ab2,55,crowded,0.5,2,65,2,2,2,0.4903871298570349
variant_F2,train_44b6_t55_p18_crowded,train,44b6_d29c9ab2,55,crowded,0.7,2,38,2,2,2,0.4903871298570349
variant_F2,train_44b6_t55_p18_crowded,train,44b6_d29c9ab2,55,crowded,0.8,2,15,1,1,1,0.5745242597140698
variant_F2,train_44b6_t35_p19_crowded,train,44b6_d29c9ab2,35,crowded,0.1,2,67,1,2,2,1.0406308302035874
variant_F2,train_44b6_t35_p19_crowded,train,44b6_d29c9ab2,35,crowded,0.2,2,67,1,2,2,1.0406308302035874
variant_F2,train_44b6_t35_p19_crowded,train,44b6_d29c9ab2,35,crowded,0.3,2,67,1,2,2,1.0406308302035874
variant_F2,train_44b6_t35_p19_crowded,train,44b6_d29c9ab2,35,crowded,0.4,2,67,1,2,2,1.0406308302035874
variant_F2,train_44b6_t35_p19_crowded,train,44b6_d29c9ab2,35,crowded,0.5,2,59,1,2,2,1.0406308302035874
variant_F2,train_44b6_t35_p19_crowded,train,44b6_d29c9ab2,35,crowded,0.7,2,22,1,2,2,1.0406308302035874
variant_F2,train_44b6_t35_p19_crowded,train,44b6_d29c9ab2,35,crowded,0.8,2,4,1,1,1,0.40625
variant_F2,train_44b6_t35_p20_crowded,train,44b6_d29c9ab2,35,crowded,0.1,2,67,2,2,2,0.203125
variant_F2,train_44b6_t35_p20_crowded,train,44b6_d29c9ab2,35,crowded,0.2,2,67,2,2,2,0.203125
variant_F2,train_44b6_t35_p20_crowded,train,44b6_d29c9ab2,35,crowded,0.3,2,67,2,2,2,0.203125
variant_F2,train_44b6_t35_p20_crowded,train,44b6_d29c9ab2,35,crowded,0.4,2,67,2,2,2,0.203125
variant_F2,train_44b6_t35_p20_crowded,train,44b6_d29c9ab2,35,crowded,0.5,2,60,2,2,2,0.203125
variant_F2,train_44b6_t35_p20_crowded,train,44b6_d29c9ab2,35,crowded,0.7,2,28,2,2,2,0.203125
variant_F2,train_44b6_t35_p20_crowded,train,44b6_d29c9ab2,35,crowded,0.8,2,10,1,1,1,0.40625
variant_F2,train_44b6_t20_p21_crowded,train,44b6_d29c9ab2,20,crowded,0.1,2,64,2,2,2,0.40625
variant_F2,train_44b6_t20_p21_crowded,train,44b6_d29c9ab2,20,crowded,0.2,2,64,2,2,2,0.40625
variant_F2,train_44b6_t20_p21_crowded,train,44b6_d29c9ab2,20,crowded,0.3,2,64,2,2,2,0.40625
variant_F2,train_44b6_t20_p21_crowded,train,44b6_d29c9ab2,20,crowded,0.4,2,64,2,2,2,0.40625
variant_F2,train_44b6_t20_p21_crowded,train,44b6_d29c9ab2,20,crowded,0.5,2,60,2,2,2,0.40625
variant_F2,train_44b6_t20_p21_crowded,train,44b6_d29c9ab2,20,crowded,0.7,2,25,2,2,2,0.40625
variant_F2,train_44b6_t20_p21_crowded,train,44b6_d29c9ab2,20,crowded,0.8,2,6,1,1,1,0.40625
variant_F2,train_44b6_t30_p22_crowded,train,44b6_d29c9ab2,30,crowded,0.1,2,64,2,2,2,0.40625
variant_F2,train_44b6_t30_p22_crowded,train,44b6_d29c9ab2,30,crowded,0.2,2,64,2,2,2,0.40625
variant_F2,train_44b6_t30_p22_crowded,train,44b6_d29c9ab2,30,crowded,0.3,2,64,2,2,2,0.40625
variant_F2,train_44b6_t30_p22_crowded,train,44b6_d29c9ab2,30,crowded,0.4,2,63,2,2,2,0.40625
variant_F2,train_44b6_t30_p22_crowded,train,44b6_d29c9ab2,30,crowded,0.5,2,60,2,2,2,0.40625
variant_F2,train_44b6_t30_p22_crowded,train,44b6_d29c9ab2,30,crowded,0.7,2,24,2,2,2,0.40625
variant_F2,train_44b6_t30_p22_crowded,train,44b6_d29c9ab2,30,crowded,0.8,2,7,1,1,1,0.40625
variant_F2,train_44b6_t50_p23_crowded,train,44b6_d29c9ab2,50,crowded,0.1,2,78,1,1,1,0.5745242597140698
variant_F2,train_44b6_t50_p23_crowded,train,44b6_d29c9ab2,50,crowded,0.2,2,78,1,1,1,0.5745242597140698
variant_F2,train_44b6_t50_p23_crowded,train,44b6_d29c9ab2,50,crowded,0.3,2,78,1,1,1,0.5745242597140698
variant_F2,train_44b6_t50_p23_crowded,train,44b6_d29c9ab2,50,crowded,0.4,2,78,1,1,1,0.5745242597140698
variant_F2,train_44b6_t50_p23_crowded,train,44b6_d29c9ab2,50,crowded,0.5,2,77,1,1,1,0.5745242597140698
variant_F2,train_44b6_t50_p23_crowded,train,44b6_d29c9ab2,50,crowded,0.7,2,42,1,1,1,0.5745242597140698
variant_F2,train_44b6_t50_p23_crowded,train,44b6_d29c9ab2,50,crowded,0.8,2,12,1,1,1,0.5745242597140698
variant_F2,train_44b6_t40_p24_crowded,train,44b6_d29c9ab2,40,crowded,0.1,2,72,1,1,1,0.40625
variant_F2,train_44b6_t40_p24_crowded,train,44b6_d29c9ab2,40,crowded,0.2,2,72,1,1,1,0.40625
variant_F2,train_44b6_t40_p24_crowded,train,44b6_d29c9ab2,40,crowded,0.3,2,72,1,1,1,0.40625
variant_F2,train_44b6_t40_p24_crowded,train,44b6_d29c9ab2,40,crowded,0.4,2,72,1,1,1,0.40625
variant_F2,train_44b6_t40_p24_crowded,train,44b6_d29c9ab2,40,crowded,0.5,2,60,1,1,1,0.40625
variant_F2,train_44b6_t40_p24_crowded,train,44b6_d29c9ab2,40,crowded,0.7,2,29,1,1,1,0.40625
variant_F2,train_44b6_t40_p24_crowded,train,44b6_d29c9ab2,40,crowded,0.8,2,2,0,0,0,
variant_F2,train_44b6_t55_p25_isolated,train,44b6_d29c9ab2,55,isolated,0.1,1,59,1,1,1,0.0
variant_F2,train_44b6_t55_p25_isolated,train,44b6_d29c9ab2,55,isolated,0.2,1,59,1,1,1,0.0
variant_F2,train_44b6_t55_p25_isolated,train,44b6_d29c9ab2,55,isolated,0.3,1,59,1,1,1,0.0
variant_F2,train_44b6_t55_p25_isolated,train,44b6_d29c9ab2,55,isolated,0.4,1,59,1,1,1,0.0
variant_F2,train_44b6_t55_p25_isolated,train,44b6_d29c9ab2,55,isolated,0.5,1,49,1,1,1,0.0
variant_F2,train_44b6_t55_p25_isolated,train,44b6_d29c9ab2,55,isolated,0.7,1,22,1,1,1,0.0
variant_F2,train_44b6_t55_p25_isolated,train,44b6_d29c9ab2,55,isolated,0.8,1,3,1,1,1,0.0
variant_F2,train_44b6_t50_p26_isolated,train,44b6_d29c9ab2,50,isolated,0.1,1,61,1,1,1,0.5745242597140698
variant_F2,train_44b6_t50_p26_isolated,train,44b6_d29c9ab2,50,isolated,0.2,1,61,1,1,1,0.5745242597140698
variant_F2,train_44b6_t50_p26_isolated,train,44b6_d29c9ab2,50,isolated,0.3,1,61,1,1,1,0.5745242597140698
variant_F2,train_44b6_t50_p26_isolated,train,44b6_d29c9ab2,50,isolated,0.4,1,61,1,1,1,0.5745242597140698
variant_F2,train_44b6_t50_p26_isolated,train,44b6_d29c9ab2,50,isolated,0.5,1,60,1,1,1,0.5745242597140698
variant_F2,train_44b6_t50_p26_isolated,train,44b6_d29c9ab2,50,isolated,0.7,1,37,1,1,1,0.5745242597140698
variant_F2,train_44b6_t50_p26_isolated,train,44b6_d29c9ab2,50,isolated,0.8,1,11,1,1,1,0.5745242597140698
variant_F2,train_44b6_t15_p27_isolated,train,44b6_d29c9ab2,15,isolated,0.1,1,90,1,1,1,0.0
variant_F2,train_44b6_t15_p27_isolated,train,44b6_d29c9ab2,15,isolated,0.2,1,90,1,1,1,0.0
variant_F2,train_44b6_t15_p27_isolated,train,44b6_d29c9ab2,15,isolated,0.3,1,90,1,1,1,0.0
variant_F2,train_44b6_t15_p27_isolated,train,44b6_d29c9ab2,15,isolated,0.4,1,90,1,1,1,0.0
variant_F2,train_44b6_t15_p27_isolated,train,44b6_d29c9ab2,15,isolated,0.5,1,85,1,1,1,0.0
variant_F2,train_44b6_t15_p27_isolated,train,44b6_d29c9ab2,15,isolated,0.7,1,38,1,1,1,0.0
variant_F2,train_44b6_t15_p27_isolated,train,44b6_d29c9ab2,15,isolated,0.8,1,3,1,1,1,0.0
variant_F2,train_44b6_t30_p28_isolated,train,44b6_d29c9ab2,30,isolated,0.1,1,63,1,1,1,0.40625
variant_F2,train_44b6_t30_p28_isolated,train,44b6_d29c9ab2,30,isolated,0.2,1,63,1,1,1,0.40625
variant_F2,train_44b6_t30_p28_isolated,train,44b6_d29c9ab2,30,isolated,0.3,1,63,1,1,1,0.40625
variant_F2,train_44b6_t30_p28_isolated,train,44b6_d29c9ab2,30,isolated,0.4,1,63,1,1,1,0.40625
variant_F2,train_44b6_t30_p28_isolated,train,44b6_d29c9ab2,30,isolated,0.5,1,60,1,1,1,0.40625
variant_F2,train_44b6_t30_p28_isolated,train,44b6_d29c9ab2,30,isolated,0.7,1,20,1,1,1,0.40625
variant_F2,train_44b6_t30_p28_isolated,train,44b6_d29c9ab2,30,isolated,0.8,1,2,1,1,1,0.40625
variant_F2,train_44b6_t30_p29_isolated,train,44b6_d29c9ab2,30,isolated,0.1,1,56,0,1,1,1.7235727791422095
variant_F2,train_44b6_t30_p29_isolated,train,44b6_d29c9ab2,30,isolated,0.2,1,56,0,1,1,1.7235727791422095
variant_F2,train_44b6_t30_p29_isolated,train,44b6_d29c9ab2,30,isolated,0.3,1,56,0,1,1,1.7235727791422095
variant_F2,train_44b6_t30_p29_isolated,train,44b6_d29c9ab2,30,isolated,0.4,1,56,0,1,1,1.7235727791422095
variant_F2,train_44b6_t30_p29_isolated,train,44b6_d29c9ab2,30,isolated,0.5,1,53,0,1,1,1.7235727791422095
variant_F2,train_44b6_t30_p29_isolated,train,44b6_d29c9ab2,30,isolated,0.7,1,18,0,1,1,1.7235727791422095
variant_F2,train_44b6_t30_p29_isolated,train,44b6_d29c9ab2,30,isolated,0.8,1,2,0,0,0,
variant_F2,train_44b6_t20_p30_isolated,train,44b6_d29c9ab2,20,isolated,0.1,1,70,1,1,1,0.0
variant_F2,train_44b6_t20_p30_isolated,train,44b6_d29c9ab2,20,isolated,0.2,1,70,1,1,1,0.0
variant_F2,train_44b6_t20_p30_isolated,train,44b6_d29c9ab2,20,isolated,0.3,1,70,1,1,1,0.0
variant_F2,train_44b6_t20_p30_isolated,train,44b6_d29c9ab2,20,isolated,0.4,1,70,1,1,1,0.0
variant_F2,train_44b6_t20_p30_isolated,train,44b6_d29c9ab2,20,isolated,0.5,1,63,1,1,1,0.0
variant_F2,train_44b6_t20_p30_isolated,train,44b6_d29c9ab2,20,isolated,0.7,1,20,1,1,1,0.0
variant_F2,train_44b6_t20_p30_isolated,train,44b6_d29c9ab2,20,isolated,0.8,1,2,1,1,1,0.0
variant_F2,train_44b6_t20_p31_isolated,train,44b6_d29c9ab2,20,isolated,0.1,1,52,1,1,1,0.0
variant_F2,train_44b6_t20_p31_isolated,train,44b6_d29c9ab2,20,isolated,0.2,1,52,1,1,1,0.0
variant_F2,train_44b6_t20_p31_isolated,train,44b6_d29c9ab2,20,isolated,0.3,1,52,1,1,1,0.0
variant_F2,train_44b6_t20_p31_isolated,train,44b6_d29c9ab2,20,isolated,0.4,1,52,1,1,1,0.0
variant_F2,train_44b6_t20_p31_isolated,train,44b6_d29c9ab2,20,isolated,0.5,1,50,1,1,1,0.0
variant_F2,train_44b6_t20_p31_isolated,train,44b6_d29c9ab2,20,isolated,0.7,1,24,1,1,1,0.0
variant_F2,train_44b6_t20_p31_isolated,train,44b6_d29c9ab2,20,isolated,0.8,1,5,1,1,1,0.0
variant_F2,train_44b6_t10_p32_isolated,train,44b6_d29c9ab2,10,isolated,0.1,1,51,1,1,1,0.0
variant_F2,train_44b6_t10_p32_isolated,train,44b6_d29c9ab2,10,isolated,0.2,1,51,1,1,1,0.0
variant_F2,train_44b6_t10_p32_isolated,train,44b6_d29c9ab2,10,isolated,0.3,1,51,1,1,1,0.0
variant_F2,train_44b6_t10_p32_isolated,train,44b6_d29c9ab2,10,isolated,0.4,1,51,1,1,1,0.0
variant_F2,train_44b6_t10_p32_isolated,train,44b6_d29c9ab2,10,isolated,0.5,1,45,1,1,1,0.0
variant_F2,train_44b6_t10_p32_isolated,train,44b6_d29c9ab2,10,isolated,0.7,1,14,1,1,1,0.0
variant_F2,train_44b6_t10_p32_isolated,train,44b6_d29c9ab2,10,isolated,0.8,1,3,1,1,1,0.0
variant_F2,train_44b6_t45_p33_isolated,train,44b6_d29c9ab2,45,isolated,0.1,1,61,1,1,1,0.40625
variant_F2,train_44b6_t45_p33_isolated,train,44b6_d29c9ab2,45,isolated,0.2,1,61,1,1,1,0.40625
variant_F2,train_44b6_t45_p33_isolated,train,44b6_d29c9ab2,45,isolated,0.3,1,61,1,1,1,0.40625
variant_F2,train_44b6_t45_p33_isolated,train,44b6_d29c9ab2,45,isolated,0.4,1,61,1,1,1,0.40625
variant_F2,train_44b6_t45_p33_isolated,train,44b6_d29c9ab2,45,isolated,0.5,1,59,1,1,1,0.40625
variant_F2,train_44b6_t45_p33_isolated,train,44b6_d29c9ab2,45,isolated,0.7,1,32,1,1,1,0.40625
variant_F2,train_44b6_t45_p33_isolated,train,44b6_d29c9ab2,45,isolated,0.8,1,10,1,1,1,0.40625
variant_F2,train_44b6_t25_p34_isolated,train,44b6_d29c9ab2,25,isolated,0.1,1,69,1,1,1,0.0
variant_F2,train_44b6_t25_p34_isolated,train,44b6_d29c9ab2,25,isolated,0.2,1,69,1,1,1,0.0
variant_F2,train_44b6_t25_p34_isolated,train,44b6_d29c9ab2,25,isolated,0.3,1,69,1,1,1,0.0
variant_F2,train_44b6_t25_p34_isolated,train,44b6_d29c9ab2,25,isolated,0.4,1,69,1,1,1,0.0
variant_F2,train_44b6_t25_p34_isolated,train,44b6_d29c9ab2,25,isolated,0.5,1,64,1,1,1,0.0
variant_F2,train_44b6_t25_p34_isolated,train,44b6_d29c9ab2,25,isolated,0.7,1,30,1,1,1,0.0
variant_F2,train_44b6_t25_p34_isolated,train,44b6_d29c9ab2,25,isolated,0.8,1,3,1,1,1,0.0
variant_F2,train_44b6_t10_p35_isolated,train,44b6_d29c9ab2,10,isolated,0.1,1,75,1,1,1,0.0
variant_F2,train_44b6_t10_p35_isolated,train,44b6_d29c9ab2,10,isolated,0.2,1,75,1,1,1,0.0
variant_F2,train_44b6_t10_p35_isolated,train,44b6_d29c9ab2,10,isolated,0.3,1,75,1,1,1,0.0
variant_F2,train_44b6_t10_p35_isolated,train,44b6_d29c9ab2,10,isolated,0.4,1,75,1,1,1,0.0
variant_F2,train_44b6_t10_p35_isolated,train,44b6_d29c9ab2,10,isolated,0.5,1,74,1,1,1,0.0
variant_F2,train_44b6_t10_p35_isolated,train,44b6_d29c9ab2,10,isolated,0.7,1,31,1,1,1,0.0
variant_F2,train_44b6_t10_p35_isolated,train,44b6_d29c9ab2,10,isolated,0.8,1,15,1,1,1,0.0
variant_F2,train_44b6_t25_p36_isolated,train,44b6_d29c9ab2,25,isolated,0.1,1,64,0,0,0,
variant_F2,train_44b6_t25_p36_isolated,train,44b6_d29c9ab2,25,isolated,0.2,1,64,0,0,0,
variant_F2,train_44b6_t25_p36_isolated,train,44b6_d29c9ab2,25,isolated,0.3,1,64,0,0,0,
variant_F2,train_44b6_t25_p36_isolated,train,44b6_d29c9ab2,25,isolated,0.4,1,64,0,0,0,
variant_F2,train_44b6_t25_p36_isolated,train,44b6_d29c9ab2,25,isolated,0.5,1,62,0,0,0,
variant_F2,train_44b6_t25_p36_isolated,train,44b6_d29c9ab2,25,isolated,0.7,1,33,0,0,0,
variant_F2,train_44b6_t25_p36_isolated,train,44b6_d29c9ab2,25,isolated,0.8,1,9,0,0,0,
variant_F2,train_44b6_t25_p37_isolated,train,44b6_d29c9ab2,25,isolated,0.1,1,65,1,1,1,0.0
variant_F2,train_44b6_t25_p37_isolated,train,44b6_d29c9ab2,25,isolated,0.2,1,65,1,1,1,0.0
variant_F2,train_44b6_t25_p37_isolated,train,44b6_d29c9ab2,25,isolated,0.3,1,65,1,1,1,0.0
variant_F2,train_44b6_t25_p37_isolated,train,44b6_d29c9ab2,25,isolated,0.4,1,65,1,1,1,0.0
variant_F2,train_44b6_t25_p37_isolated,train,44b6_d29c9ab2,25,isolated,0.5,1,62,1,1,1,0.0
variant_F2,train_44b6_t25_p37_isolated,train,44b6_d29c9ab2,25,isolated,0.7,1,25,1,1,1,0.0
variant_F2,train_44b6_t25_p37_isolated,train,44b6_d29c9ab2,25,isolated,0.8,1,5,1,1,1,0.0
variant_F2,train_44b6_t55_p38_isolated,train,44b6_d29c9ab2,55,isolated,0.1,1,74,1,1,1,0.40625
variant_F2,train_44b6_t55_p38_isolated,train,44b6_d29c9ab2,55,isolated,0.2,1,74,1,1,1,0.40625
variant_F2,train_44b6_t55_p38_isolated,train,44b6_d29c9ab2,55,isolated,0.3,1,74,1,1,1,0.40625
variant_F2,train_44b6_t55_p38_isolated,train,44b6_d29c9ab2,55,isolated,0.4,1,74,1,1,1,0.40625
variant_F2,train_44b6_t55_p38_isolated,train,44b6_d29c9ab2,55,isolated,0.5,1,69,1,1,1,0.40625
variant_F2,train_44b6_t55_p38_isolated,train,44b6_d29c9ab2,55,isolated,0.7,1,29,1,1,1,0.40625
variant_F2,train_44b6_t55_p38_isolated,train,44b6_d29c9ab2,55,isolated,0.8,1,9,1,1,1,0.40625
variant_F2,train_44b6_t15_p39_isolated,train,44b6_d29c9ab2,15,isolated,0.1,1,76,1,1,1,0.40625
variant_F2,train_44b6_t15_p39_isolated,train,44b6_d29c9ab2,15,isolated,0.2,1,76,1,1,1,0.40625
variant_F2,train_44b6_t15_p39_isolated,train,44b6_d29c9ab2,15,isolated,0.3,1,76,1,1,1,0.40625
variant_F2,train_44b6_t15_p39_isolated,train,44b6_d29c9ab2,15,isolated,0.4,1,76,1,1,1,0.40625
variant_F2,train_44b6_t15_p39_isolated,train,44b6_d29c9ab2,15,isolated,0.5,1,73,1,1,1,0.40625
variant_F2,train_44b6_t15_p39_isolated,train,44b6_d29c9ab2,15,isolated,0.7,1,32,1,1,1,0.40625
variant_F2,train_44b6_t15_p39_isolated,train,44b6_d29c9ab2,15,isolated,0.8,1,17,1,1,1,0.40625
variant_F2,train_44b6_t40_p40_isolated,train,44b6_d29c9ab2,40,isolated,0.1,1,62,1,1,1,0.40625
variant_F2,train_44b6_t40_p40_isolated,train,44b6_d29c9ab2,40,isolated,0.2,1,62,1,1,1,0.40625
variant_F2,train_44b6_t40_p40_isolated,train,44b6_d29c9ab2,40,isolated,0.3,1,62,1,1,1,0.40625
variant_F2,train_44b6_t40_p40_isolated,train,44b6_d29c9ab2,40,isolated,0.4,1,62,1,1,1,0.40625
variant_F2,train_44b6_t40_p40_isolated,train,44b6_d29c9ab2,40,isolated,0.5,1,60,1,1,1,0.40625
variant_F2,train_44b6_t40_p40_isolated,train,44b6_d29c9ab2,40,isolated,0.7,1,32,1,1,1,0.40625
variant_F2,train_44b6_t40_p40_isolated,train,44b6_d29c9ab2,40,isolated,0.8,1,12,1,1,1,0.40625
variant_F2,train_44b6_t15_p41_boundary,train,44b6_d29c9ab2,15,boundary,0.1,1,54,0,0,1,
variant_F2,train_44b6_t15_p41_boundary,train,44b6_d29c9ab2,15,boundary,0.2,1,54,0,0,1,
variant_F2,train_44b6_t15_p41_boundary,train,44b6_d29c9ab2,15,boundary,0.3,1,54,0,0,1,
variant_F2,train_44b6_t15_p41_boundary,train,44b6_d29c9ab2,15,boundary,0.4,1,54,0,0,1,
variant_F2,train_44b6_t15_p41_boundary,train,44b6_d29c9ab2,15,boundary,0.5,1,45,0,0,1,
variant_F2,train_44b6_t15_p41_boundary,train,44b6_d29c9ab2,15,boundary,0.7,1,15,0,0,1,
variant_F2,train_44b6_t15_p41_boundary,train,44b6_d29c9ab2,15,boundary,0.8,1,4,0,0,0,
variant_F2,train_44b6_t45_p42_boundary,train,44b6_d29c9ab2,45,boundary,0.1,1,56,1,1,1,0.40625
variant_F2,train_44b6_t45_p42_boundary,train,44b6_d29c9ab2,45,boundary,0.2,1,56,1,1,1,0.40625
variant_F2,train_44b6_t45_p42_boundary,train,44b6_d29c9ab2,45,boundary,0.3,1,56,1,1,1,0.40625
variant_F2,train_44b6_t45_p42_boundary,train,44b6_d29c9ab2,45,boundary,0.4,1,56,1,1,1,0.40625
variant_F2,train_44b6_t45_p42_boundary,train,44b6_d29c9ab2,45,boundary,0.5,1,52,1,1,1,0.40625
variant_F2,train_44b6_t45_p42_boundary,train,44b6_d29c9ab2,45,boundary,0.7,1,23,1,1,1,0.40625
variant_F2,train_44b6_t45_p42_boundary,train,44b6_d29c9ab2,45,boundary,0.8,1,1,0,0,0,
variant_F2,train_44b6_t10_p43_boundary,train,44b6_d29c9ab2,10,boundary,0.1,1,58,1,1,1,0.40625
variant_F2,train_44b6_t10_p43_boundary,train,44b6_d29c9ab2,10,boundary,0.2,1,58,1,1,1,0.40625
variant_F2,train_44b6_t10_p43_boundary,train,44b6_d29c9ab2,10,boundary,0.3,1,58,1,1,1,0.40625
variant_F2,train_44b6_t10_p43_boundary,train,44b6_d29c9ab2,10,boundary,0.4,1,57,1,1,1,0.40625
variant_F2,train_44b6_t10_p43_boundary,train,44b6_d29c9ab2,10,boundary,0.5,1,50,1,1,1,0.40625
variant_F2,train_44b6_t10_p43_boundary,train,44b6_d29c9ab2,10,boundary,0.7,1,16,1,1,1,0.40625
variant_F2,train_44b6_t10_p43_boundary,train,44b6_d29c9ab2,10,boundary,0.8,1,4,1,1,1,0.40625
variant_F2,inner_val_6bba_t85_p01_crowded,inner_val,6bba_bb9f20c3,85,crowded,0.1,5,65,1,3,3,1.2520911069381164
variant_F2,inner_val_6bba_t85_p01_crowded,inner_val,6bba_bb9f20c3,85,crowded,0.2,5,65,1,3,3,1.2520911069381164
variant_F2,inner_val_6bba_t85_p01_crowded,inner_val,6bba_bb9f20c3,85,crowded,0.3,5,65,1,3,3,1.2520911069381164
variant_F2,inner_val_6bba_t85_p01_crowded,inner_val,6bba_bb9f20c3,85,crowded,0.4,5,65,1,3,3,1.2520911069381164
variant_F2,inner_val_6bba_t85_p01_crowded,inner_val,6bba_bb9f20c3,85,crowded,0.5,5,62,1,3,3,1.2520911069381164
variant_F2,inner_val_6bba_t85_p01_crowded,inner_val,6bba_bb9f20c3,85,crowded,0.7,5,21,0,1,1,1.6750116604071745
variant_F2,inner_val_6bba_t85_p01_crowded,inner_val,6bba_bb9f20c3,85,crowded,0.8,5,10,0,1,1,1.6750116604071745
variant_F2,inner_val_6bba_t75_p02_crowded,inner_val,6bba_bb9f20c3,75,crowded,0.1,2,62,2,2,2,0.6573263079296447
variant_F2,inner_val_6bba_t75_p02_crowded,inner_val,6bba_bb9f20c3,75,crowded,0.2,2,62,2,2,2,0.6573263079296447
variant_F2,inner_val_6bba_t75_p02_crowded,inner_val,6bba_bb9f20c3,75,crowded,0.3,2,62,2,2,2,0.6573263079296447
variant_F2,inner_val_6bba_t75_p02_crowded,inner_val,6bba_bb9f20c3,75,crowded,0.4,2,62,2,2,2,0.6573263079296447
variant_F2,inner_val_6bba_t75_p02_crowded,inner_val,6bba_bb9f20c3,75,crowded,0.5,2,58,2,2,2,0.6573263079296447
variant_F2,inner_val_6bba_t75_p02_crowded,inner_val,6bba_bb9f20c3,75,crowded,0.7,2,33,1,1,1,0.40625
variant_F2,inner_val_6bba_t75_p02_crowded,inner_val,6bba_bb9f20c3,75,crowded,0.8,2,1,0,0,0,
variant_F2,inner_val_6bba_t85_p03_crowded,inner_val,6bba_bb9f20c3,85,crowded,0.1,2,71,0,0,0,
variant_F2,inner_val_6bba_t85_p03_crowded,inner_val,6bba_bb9f20c3,85,crowded,0.2,2,71,0,0,0,
variant_F2,inner_val_6bba_t85_p03_crowded,inner_val,6bba_bb9f20c3,85,crowded,0.3,2,71,0,0,0,
variant_F2,inner_val_6bba_t85_p03_crowded,inner_val,6bba_bb9f20c3,85,crowded,0.4,2,70,0,0,0,
variant_F2,inner_val_6bba_t85_p03_crowded,inner_val,6bba_bb9f20c3,85,crowded,0.5,2,59,0,0,0,
variant_F2,inner_val_6bba_t85_p03_crowded,inner_val,6bba_bb9f20c3,85,crowded,0.7,2,26,0,0,0,
variant_F2,inner_val_6bba_t85_p03_crowded,inner_val,6bba_bb9f20c3,85,crowded,0.8,2,3,0,0,0,
variant_F2,inner_val_6bba_t80_p04_crowded,inner_val,6bba_bb9f20c3,80,crowded,0.1,3,70,3,3,3,0.7410184105728597
variant_F2,inner_val_6bba_t80_p04_crowded,inner_val,6bba_bb9f20c3,80,crowded,0.2,3,70,3,3,3,0.7410184105728597
variant_F2,inner_val_6bba_t80_p04_crowded,inner_val,6bba_bb9f20c3,80,crowded,0.3,3,70,3,3,3,0.7410184105728597
variant_F2,inner_val_6bba_t80_p04_crowded,inner_val,6bba_bb9f20c3,80,crowded,0.4,3,69,3,3,3,0.7410184105728597
variant_F2,inner_val_6bba_t80_p04_crowded,inner_val,6bba_bb9f20c3,80,crowded,0.5,3,60,3,3,3,0.7410184105728597
variant_F2,inner_val_6bba_t80_p04_crowded,inner_val,6bba_bb9f20c3,80,crowded,0.7,3,23,1,1,1,0.40625
variant_F2,inner_val_6bba_t80_p04_crowded,inner_val,6bba_bb9f20c3,80,crowded,0.8,3,10,1,1,1,0.40625
variant_F2,inner_val_6bba_t75_p05_isolated,inner_val,6bba_bb9f20c3,75,isolated,0.1,1,58,0,0,0,
variant_F2,inner_val_6bba_t75_p05_isolated,inner_val,6bba_bb9f20c3,75,isolated,0.2,1,58,0,0,0,
variant_F2,inner_val_6bba_t75_p05_isolated,inner_val,6bba_bb9f20c3,75,isolated,0.3,1,58,0,0,0,
variant_F2,inner_val_6bba_t75_p05_isolated,inner_val,6bba_bb9f20c3,75,isolated,0.4,1,58,0,0,0,
variant_F2,inner_val_6bba_t75_p05_isolated,inner_val,6bba_bb9f20c3,75,isolated,0.5,1,56,0,0,0,
variant_F2,inner_val_6bba_t75_p05_isolated,inner_val,6bba_bb9f20c3,75,isolated,0.7,1,17,0,0,0,
variant_F2,inner_val_6bba_t75_p05_isolated,inner_val,6bba_bb9f20c3,75,isolated,0.8,1,11,0,0,0,
variant_F2,inner_val_6bba_t75_p06_isolated,inner_val,6bba_bb9f20c3,75,isolated,0.1,1,87,0,0,0,
variant_F2,inner_val_6bba_t75_p06_isolated,inner_val,6bba_bb9f20c3,75,isolated,0.2,1,87,0,0,0,
variant_F2,inner_val_6bba_t75_p06_isolated,inner_val,6bba_bb9f20c3,75,isolated,0.3,1,87,0,0,0,
variant_F2,inner_val_6bba_t75_p06_isolated,inner_val,6bba_bb9f20c3,75,isolated,0.4,1,86,0,0,0,
variant_F2,inner_val_6bba_t75_p06_isolated,inner_val,6bba_bb9f20c3,75,isolated,0.5,1,74,0,0,0,
variant_F2,inner_val_6bba_t75_p06_isolated,inner_val,6bba_bb9f20c3,75,isolated,0.7,1,53,0,0,0,
variant_F2,inner_val_6bba_t75_p06_isolated,inner_val,6bba_bb9f20c3,75,isolated,0.8,1,1,0,0,0,
variant_F2,inner_val_6bba_t90_p07_isolated,inner_val,6bba_bb9f20c3,90,isolated,0.1,1,68,0,0,0,
variant_F2,inner_val_6bba_t90_p07_isolated,inner_val,6bba_bb9f20c3,90,isolated,0.2,1,68,0,0,0,
variant_F2,inner_val_6bba_t90_p07_isolated,inner_val,6bba_bb9f20c3,90,isolated,0.3,1,68,0,0,0,
variant_F2,inner_val_6bba_t90_p07_isolated,inner_val,6bba_bb9f20c3,90,isolated,0.4,1,68,0,0,0,
variant_F2,inner_val_6bba_t90_p07_isolated,inner_val,6bba_bb9f20c3,90,isolated,0.5,1,60,0,0,0,
variant_F2,inner_val_6bba_t90_p07_isolated,inner_val,6bba_bb9f20c3,90,isolated,0.7,1,41,0,0,0,
variant_F2,inner_val_6bba_t90_p07_isolated,inner_val,6bba_bb9f20c3,90,isolated,0.8,1,1,0,0,0,
variant_F2,inner_val_6bba_t90_p08_boundary,inner_val,6bba_bb9f20c3,90,boundary,0.1,1,62,0,0,0,
variant_F2,inner_val_6bba_t90_p08_boundary,inner_val,6bba_bb9f20c3,90,boundary,0.2,1,62,0,0,0,
variant_F2,inner_val_6bba_t90_p08_boundary,inner_val,6bba_bb9f20c3,90,boundary,0.3,1,62,0,0,0,
variant_F2,inner_val_6bba_t90_p08_boundary,inner_val,6bba_bb9f20c3,90,boundary,0.4,1,61,0,0,0,
variant_F2,inner_val_6bba_t90_p08_boundary,inner_val,6bba_bb9f20c3,90,boundary,0.5,1,59,0,0,0,
variant_F2,inner_val_6bba_t90_p08_boundary,inner_val,6bba_bb9f20c3,90,boundary,0.7,1,25,0,0,0,
variant_F2,inner_val_6bba_t90_p08_boundary,inner_val,6bba_bb9f20c3,90,boundary,0.8,1,2,0,0,0,
variant_F2,inner_val_6bba_t90_p09_zero_annotation,inner_val,6bba_bb9f20c3,90,zero_annotation,0.1,0,91,0,0,0,
variant_F2,inner_val_6bba_t90_p09_zero_annotation,inner_val,6bba_bb9f20c3,90,zero_annotation,0.2,0,91,0,0,0,
variant_F2,inner_val_6bba_t90_p09_zero_annotation,inner_val,6bba_bb9f20c3,90,zero_annotation,0.3,0,91,0,0,0,
variant_F2,inner_val_6bba_t90_p09_zero_annotation,inner_val,6bba_bb9f20c3,90,zero_annotation,0.4,0,89,0,0,0,
variant_F2,inner_val_6bba_t90_p09_zero_annotation,inner_val,6bba_bb9f20c3,90,zero_annotation,0.5,0,79,0,0,0,
variant_F2,inner_val_6bba_t90_p09_zero_annotation,inner_val,6bba_bb9f20c3,90,zero_annotation,0.7,0,44,0,0,0,
variant_F2,inner_val_6bba_t90_p09_zero_annotation,inner_val,6bba_bb9f20c3,90,zero_annotation,0.8,0,0,0,0,0,
variant_F2,inner_val_6bba_t90_p10_zero_annotation,inner_val,6bba_bb9f20c3,90,zero_annotation,0.1,0,98,0,0,0,
variant_F2,inner_val_6bba_t90_p10_zero_annotation,inner_val,6bba_bb9f20c3,90,zero_annotation,0.2,0,98,0,0,0,
variant_F2,inner_val_6bba_t90_p10_zero_annotation,inner_val,6bba_bb9f20c3,90,zero_annotation,0.3,0,98,0,0,0,
variant_F2,inner_val_6bba_t90_p10_zero_annotation,inner_val,6bba_bb9f20c3,90,zero_annotation,0.4,0,97,0,0,0,
variant_F2,inner_val_6bba_t90_p10_zero_annotation,inner_val,6bba_bb9f20c3,90,zero_annotation,0.5,0,77,0,0,0,
variant_F2,inner_val_6bba_t90_p10_zero_annotation,inner_val,6bba_bb9f20c3,90,zero_annotation,0.7,0,37,0,0,0,
variant_F2,inner_val_6bba_t90_p10_zero_annotation,inner_val,6bba_bb9f20c3,90,zero_annotation,0.8,0,0,0,0,0,
variant_F2,inner_val_44b6_t80_p01_crowded,inner_val,44b6_d29c9ab2,80,crowded,0.1,3,74,1,2,3,0.8125
variant_F2,inner_val_44b6_t80_p01_crowded,inner_val,44b6_d29c9ab2,80,crowded,0.2,3,74,1,2,3,0.8125
variant_F2,inner_val_44b6_t80_p01_crowded,inner_val,44b6_d29c9ab2,80,crowded,0.3,3,74,1,2,3,0.8125
variant_F2,inner_val_44b6_t80_p01_crowded,inner_val,44b6_d29c9ab2,80,crowded,0.4,3,74,1,2,3,0.8125
variant_F2,inner_val_44b6_t80_p01_crowded,inner_val,44b6_d29c9ab2,80,crowded,0.5,3,70,1,2,3,0.8125
variant_F2,inner_val_44b6_t80_p01_crowded,inner_val,44b6_d29c9ab2,80,crowded,0.7,3,26,1,2,2,0.8125
variant_F2,inner_val_44b6_t80_p01_crowded,inner_val,44b6_d29c9ab2,80,crowded,0.8,3,9,1,2,2,0.8125
variant_F2,inner_val_44b6_t85_p02_crowded,inner_val,44b6_d29c9ab2,85,crowded,0.1,3,70,3,3,3,0.3269247532380233
variant_F2,inner_val_44b6_t85_p02_crowded,inner_val,44b6_d29c9ab2,85,crowded,0.2,3,70,3,3,3,0.3269247532380233
variant_F2,inner_val_44b6_t85_p02_crowded,inner_val,44b6_d29c9ab2,85,crowded,0.3,3,70,3,3,3,0.3269247532380233
variant_F2,inner_val_44b6_t85_p02_crowded,inner_val,44b6_d29c9ab2,85,crowded,0.4,3,70,3,3,3,0.3269247532380233
variant_F2,inner_val_44b6_t85_p02_crowded,inner_val,44b6_d29c9ab2,85,crowded,0.5,3,67,3,3,3,0.3269247532380233
variant_F2,inner_val_44b6_t85_p02_crowded,inner_val,44b6_d29c9ab2,85,crowded,0.7,3,34,2,2,2,0.203125
variant_F2,inner_val_44b6_t85_p02_crowded,inner_val,44b6_d29c9ab2,85,crowded,0.8,3,12,1,1,1,0.40625
variant_F2,inner_val_44b6_t90_p03_crowded,inner_val,44b6_d29c9ab2,90,crowded,0.1,2,73,0,1,2,1.6750116604071745
variant_F2,inner_val_44b6_t90_p03_crowded,inner_val,44b6_d29c9ab2,90,crowded,0.2,2,73,0,1,2,1.6750116604071745
variant_F2,inner_val_44b6_t90_p03_crowded,inner_val,44b6_d29c9ab2,90,crowded,0.3,2,73,0,1,2,1.6750116604071745
variant_F2,inner_val_44b6_t90_p03_crowded,inner_val,44b6_d29c9ab2,90,crowded,0.4,2,73,0,1,2,1.6750116604071745
variant_F2,inner_val_44b6_t90_p03_crowded,inner_val,44b6_d29c9ab2,90,crowded,0.5,2,70,0,1,2,1.6750116604071745
variant_F2,inner_val_44b6_t90_p03_crowded,inner_val,44b6_d29c9ab2,90,crowded,0.7,2,39,0,1,1,1.6750116604071745
variant_F2,inner_val_44b6_t90_p03_crowded,inner_val,44b6_d29c9ab2,90,crowded,0.8,2,6,0,1,1,1.6750116604071745
variant_F2,inner_val_44b6_t70_p04_crowded,inner_val,44b6_d29c9ab2,70,crowded,0.1,2,60,1,1,1,0.40625
variant_F2,inner_val_44b6_t70_p04_crowded,inner_val,44b6_d29c9ab2,70,crowded,0.2,2,60,1,1,1,0.40625
variant_F2,inner_val_44b6_t70_p04_crowded,inner_val,44b6_d29c9ab2,70,crowded,0.3,2,60,1,1,1,0.40625
variant_F2,inner_val_44b6_t70_p04_crowded,inner_val,44b6_d29c9ab2,70,crowded,0.4,2,60,1,1,1,0.40625
variant_F2,inner_val_44b6_t70_p04_crowded,inner_val,44b6_d29c9ab2,70,crowded,0.5,2,58,1,1,1,0.40625
variant_F2,inner_val_44b6_t70_p04_crowded,inner_val,44b6_d29c9ab2,70,crowded,0.7,2,24,1,1,1,0.40625
variant_F2,inner_val_44b6_t70_p04_crowded,inner_val,44b6_d29c9ab2,70,crowded,0.8,2,6,0,0,0,
variant_F2,inner_val_44b6_t90_p05_isolated,inner_val,44b6_d29c9ab2,90,isolated,0.1,1,73,1,1,1,0.40625
variant_F2,inner_val_44b6_t90_p05_isolated,inner_val,44b6_d29c9ab2,90,isolated,0.2,1,73,1,1,1,0.40625
variant_F2,inner_val_44b6_t90_p05_isolated,inner_val,44b6_d29c9ab2,90,isolated,0.3,1,73,1,1,1,0.40625
variant_F2,inner_val_44b6_t90_p05_isolated,inner_val,44b6_d29c9ab2,90,isolated,0.4,1,73,1,1,1,0.40625
variant_F2,inner_val_44b6_t90_p05_isolated,inner_val,44b6_d29c9ab2,90,isolated,0.5,1,67,1,1,1,0.40625
variant_F2,inner_val_44b6_t90_p05_isolated,inner_val,44b6_d29c9ab2,90,isolated,0.7,1,34,1,1,1,0.40625
variant_F2,inner_val_44b6_t90_p05_isolated,inner_val,44b6_d29c9ab2,90,isolated,0.8,1,5,1,1,1,0.40625
variant_F2,inner_val_44b6_t75_p06_isolated,inner_val,44b6_d29c9ab2,75,isolated,0.1,1,79,1,1,1,0.0
variant_F2,inner_val_44b6_t75_p06_isolated,inner_val,44b6_d29c9ab2,75,isolated,0.2,1,79,1,1,1,0.0
variant_F2,inner_val_44b6_t75_p06_isolated,inner_val,44b6_d29c9ab2,75,isolated,0.3,1,79,1,1,1,0.0
variant_F2,inner_val_44b6_t75_p06_isolated,inner_val,44b6_d29c9ab2,75,isolated,0.4,1,79,1,1,1,0.0
variant_F2,inner_val_44b6_t75_p06_isolated,inner_val,44b6_d29c9ab2,75,isolated,0.5,1,76,1,1,1,0.0
variant_F2,inner_val_44b6_t75_p06_isolated,inner_val,44b6_d29c9ab2,75,isolated,0.7,1,45,1,1,1,0.0
variant_F2,inner_val_44b6_t75_p06_isolated,inner_val,44b6_d29c9ab2,75,isolated,0.8,1,2,0,0,0,
variant_F2,inner_val_44b6_t70_p07_isolated,inner_val,44b6_d29c9ab2,70,isolated,0.1,1,65,1,1,1,0.8125
variant_F2,inner_val_44b6_t70_p07_isolated,inner_val,44b6_d29c9ab2,70,isolated,0.2,1,65,1,1,1,0.8125
variant_F2,inner_val_44b6_t70_p07_isolated,inner_val,44b6_d29c9ab2,70,isolated,0.3,1,65,1,1,1,0.8125
variant_F2,inner_val_44b6_t70_p07_isolated,inner_val,44b6_d29c9ab2,70,isolated,0.4,1,65,1,1,1,0.8125
variant_F2,inner_val_44b6_t70_p07_isolated,inner_val,44b6_d29c9ab2,70,isolated,0.5,1,65,1,1,1,0.8125
variant_F2,inner_val_44b6_t70_p07_isolated,inner_val,44b6_d29c9ab2,70,isolated,0.7,1,44,1,1,1,0.8125
variant_F2,inner_val_44b6_t70_p07_isolated,inner_val,44b6_d29c9ab2,70,isolated,0.8,1,10,1,1,1,0.8125
variant_F2,inner_val_44b6_t70_p08_boundary,inner_val,44b6_d29c9ab2,70,boundary,0.1,1,65,1,1,1,0.40625
variant_F2,inner_val_44b6_t70_p08_boundary,inner_val,44b6_d29c9ab2,70,boundary,0.2,1,65,1,1,1,0.40625
variant_F2,inner_val_44b6_t70_p08_boundary,inner_val,44b6_d29c9ab2,70,boundary,0.3,1,65,1,1,1,0.40625
variant_F2,inner_val_44b6_t70_p08_boundary,inner_val,44b6_d29c9ab2,70,boundary,0.4,1,65,1,1,1,0.40625
variant_F2,inner_val_44b6_t70_p08_boundary,inner_val,44b6_d29c9ab2,70,boundary,0.5,1,63,1,1,1,0.40625
variant_F2,inner_val_44b6_t70_p08_boundary,inner_val,44b6_d29c9ab2,70,boundary,0.7,1,39,1,1,1,0.40625
variant_F2,inner_val_44b6_t70_p08_boundary,inner_val,44b6_d29c9ab2,70,boundary,0.8,1,8,0,0,0,
variant_F2,inner_val_44b6_t90_p09_zero_annotation,inner_val,44b6_d29c9ab2,90,zero_annotation,0.1,0,64,0,0,0,
variant_F2,inner_val_44b6_t90_p09_zero_annotation,inner_val,44b6_d29c9ab2,90,zero_annotation,0.2,0,64,0,0,0,
variant_F2,inner_val_44b6_t90_p09_zero_annotation,inner_val,44b6_d29c9ab2,90,zero_annotation,0.3,0,64,0,0,0,
variant_F2,inner_val_44b6_t90_p09_zero_annotation,inner_val,44b6_d29c9ab2,90,zero_annotation,0.4,0,64,0,0,0,
variant_F2,inner_val_44b6_t90_p09_zero_annotation,inner_val,44b6_d29c9ab2,90,zero_annotation,0.5,0,62,0,0,0,
variant_F2,inner_val_44b6_t90_p09_zero_annotation,inner_val,44b6_d29c9ab2,90,zero_annotation,0.7,0,29,0,0,0,
variant_F2,inner_val_44b6_t90_p09_zero_annotation,inner_val,44b6_d29c9ab2,90,zero_annotation,0.8,0,12,0,0,0,
variant_F2,inner_val_44b6_t70_p10_zero_annotation,inner_val,44b6_d29c9ab2,70,zero_annotation,0.1,0,73,0,0,0,
variant_F2,inner_val_44b6_t70_p10_zero_annotation,inner_val,44b6_d29c9ab2,70,zero_annotation,0.2,0,73,0,0,0,
variant_F2,inner_val_44b6_t70_p10_zero_annotation,inner_val,44b6_d29c9ab2,70,zero_annotation,0.3,0,73,0,0,0,
variant_F2,inner_val_44b6_t70_p10_zero_annotation,inner_val,44b6_d29c9ab2,70,zero_annotation,0.4,0,69,0,0,0,
variant_F2,inner_val_44b6_t70_p10_zero_annotation,inner_val,44b6_d29c9ab2,70,zero_annotation,0.5,0,48,0,0,0,
variant_F2,inner_val_44b6_t70_p10_zero_annotation,inner_val,44b6_d29c9ab2,70,zero_annotation,0.7,0,30,0,0,0,
variant_F2,inner_val_44b6_t70_p10_zero_annotation,inner_val,44b6_d29c9ab2,70,zero_annotation,0.8,0,3,0,0,0,
variant_F2,held_out_val_6bba_t20_p01_crowded,held_out_val,6bba_43fea39d,20,crowded,0.1,3,64,0,1,1,1.21875
variant_F2,held_out_val_6bba_t20_p01_crowded,held_out_val,6bba_43fea39d,20,crowded,0.2,3,64,0,1,1,1.21875
variant_F2,held_out_val_6bba_t20_p01_crowded,held_out_val,6bba_43fea39d,20,crowded,0.3,3,64,0,1,1,1.21875
variant_F2,held_out_val_6bba_t20_p01_crowded,held_out_val,6bba_43fea39d,20,crowded,0.4,3,63,0,1,1,1.21875
variant_F2,held_out_val_6bba_t20_p01_crowded,held_out_val,6bba_43fea39d,20,crowded,0.5,3,56,0,1,1,1.21875
variant_F2,held_out_val_6bba_t20_p01_crowded,held_out_val,6bba_43fea39d,20,crowded,0.7,3,34,0,0,0,
variant_F2,held_out_val_6bba_t20_p01_crowded,held_out_val,6bba_43fea39d,20,crowded,0.8,3,0,0,0,0,
variant_F2,held_out_val_6bba_t35_p02_crowded,held_out_val,6bba_43fea39d,35,crowded,0.1,3,57,0,1,1,1.7235727791422095
variant_F2,held_out_val_6bba_t35_p02_crowded,held_out_val,6bba_43fea39d,35,crowded,0.2,3,57,0,1,1,1.7235727791422095
variant_F2,held_out_val_6bba_t35_p02_crowded,held_out_val,6bba_43fea39d,35,crowded,0.3,3,57,0,1,1,1.7235727791422095
variant_F2,held_out_val_6bba_t35_p02_crowded,held_out_val,6bba_43fea39d,35,crowded,0.4,3,57,0,1,1,1.7235727791422095
variant_F2,held_out_val_6bba_t35_p02_crowded,held_out_val,6bba_43fea39d,35,crowded,0.5,3,54,0,1,1,1.7235727791422095
variant_F2,held_out_val_6bba_t35_p02_crowded,held_out_val,6bba_43fea39d,35,crowded,0.7,3,33,0,1,1,1.7235727791422095
variant_F2,held_out_val_6bba_t35_p02_crowded,held_out_val,6bba_43fea39d,35,crowded,0.8,3,2,0,1,1,1.7235727791422095
variant_F2,held_out_val_6bba_t50_p03_crowded,held_out_val,6bba_43fea39d,50,crowded,0.1,2,64,0,0,1,
variant_F2,held_out_val_6bba_t50_p03_crowded,held_out_val,6bba_43fea39d,50,crowded,0.2,2,64,0,0,1,
variant_F2,held_out_val_6bba_t50_p03_crowded,held_out_val,6bba_43fea39d,50,crowded,0.3,2,64,0,0,1,
variant_F2,held_out_val_6bba_t50_p03_crowded,held_out_val,6bba_43fea39d,50,crowded,0.4,2,62,0,0,1,
variant_F2,held_out_val_6bba_t50_p03_crowded,held_out_val,6bba_43fea39d,50,crowded,0.5,2,51,0,0,1,
variant_F2,held_out_val_6bba_t50_p03_crowded,held_out_val,6bba_43fea39d,50,crowded,0.7,2,33,0,0,1,
variant_F2,held_out_val_6bba_t50_p03_crowded,held_out_val,6bba_43fea39d,50,crowded,0.8,2,0,0,0,0,
variant_F2,held_out_val_6bba_t20_p04_crowded,held_out_val,6bba_43fea39d,20,crowded,0.1,2,72,0,1,1,1.9902104160113323
variant_F2,held_out_val_6bba_t20_p04_crowded,held_out_val,6bba_43fea39d,20,crowded,0.2,2,72,0,1,1,1.9902104160113323
variant_F2,held_out_val_6bba_t20_p04_crowded,held_out_val,6bba_43fea39d,20,crowded,0.3,2,72,0,1,1,1.9902104160113323
variant_F2,held_out_val_6bba_t20_p04_crowded,held_out_val,6bba_43fea39d,20,crowded,0.4,2,70,0,1,1,1.9902104160113323
variant_F2,held_out_val_6bba_t20_p04_crowded,held_out_val,6bba_43fea39d,20,crowded,0.5,2,61,0,1,1,1.9902104160113323
variant_F2,held_out_val_6bba_t20_p04_crowded,held_out_val,6bba_43fea39d,20,crowded,0.7,2,22,0,0,0,
variant_F2,held_out_val_6bba_t20_p04_crowded,held_out_val,6bba_43fea39d,20,crowded,0.8,2,0,0,0,0,
variant_F2,held_out_val_6bba_t80_p05_isolated,held_out_val,6bba_43fea39d,80,isolated,0.1,1,57,0,0,0,
variant_F2,held_out_val_6bba_t80_p05_isolated,held_out_val,6bba_43fea39d,80,isolated,0.2,1,57,0,0,0,
variant_F2,held_out_val_6bba_t80_p05_isolated,held_out_val,6bba_43fea39d,80,isolated,0.3,1,57,0,0,0,
variant_F2,held_out_val_6bba_t80_p05_isolated,held_out_val,6bba_43fea39d,80,isolated,0.4,1,57,0,0,0,
variant_F2,held_out_val_6bba_t80_p05_isolated,held_out_val,6bba_43fea39d,80,isolated,0.5,1,54,0,0,0,
variant_F2,held_out_val_6bba_t80_p05_isolated,held_out_val,6bba_43fea39d,80,isolated,0.7,1,31,0,0,0,
variant_F2,held_out_val_6bba_t80_p05_isolated,held_out_val,6bba_43fea39d,80,isolated,0.8,1,1,0,0,0,
variant_F2,held_out_val_6bba_t35_p06_isolated,held_out_val,6bba_43fea39d,35,isolated,0.1,1,54,0,0,1,
variant_F2,held_out_val_6bba_t35_p06_isolated,held_out_val,6bba_43fea39d,35,isolated,0.2,1,54,0,0,1,
variant_F2,held_out_val_6bba_t35_p06_isolated,held_out_val,6bba_43fea39d,35,isolated,0.3,1,54,0,0,1,
variant_F2,held_out_val_6bba_t35_p06_isolated,held_out_val,6bba_43fea39d,35,isolated,0.4,1,54,0,0,1,
variant_F2,held_out_val_6bba_t35_p06_isolated,held_out_val,6bba_43fea39d,35,isolated,0.5,1,51,0,0,0,
variant_F2,held_out_val_6bba_t35_p06_isolated,held_out_val,6bba_43fea39d,35,isolated,0.7,1,34,0,0,0,
variant_F2,held_out_val_6bba_t35_p06_isolated,held_out_val,6bba_43fea39d,35,isolated,0.8,1,0,0,0,0,
variant_F2,held_out_val_6bba_t35_p07_isolated,held_out_val,6bba_43fea39d,35,isolated,0.1,1,58,0,0,0,
variant_F2,held_out_val_6bba_t35_p07_isolated,held_out_val,6bba_43fea39d,35,isolated,0.2,1,58,0,0,0,
variant_F2,held_out_val_6bba_t35_p07_isolated,held_out_val,6bba_43fea39d,35,isolated,0.3,1,58,0,0,0,
variant_F2,held_out_val_6bba_t35_p07_isolated,held_out_val,6bba_43fea39d,35,isolated,0.4,1,58,0,0,0,
variant_F2,held_out_val_6bba_t35_p07_isolated,held_out_val,6bba_43fea39d,35,isolated,0.5,1,56,0,0,0,
variant_F2,held_out_val_6bba_t35_p07_isolated,held_out_val,6bba_43fea39d,35,isolated,0.7,1,36,0,0,0,
variant_F2,held_out_val_6bba_t35_p07_isolated,held_out_val,6bba_43fea39d,35,isolated,0.8,1,1,0,0,0,
variant_F2,held_out_val_6bba_t80_p08_isolated,held_out_val,6bba_43fea39d,80,isolated,0.1,1,74,0,0,0,
variant_F2,held_out_val_6bba_t80_p08_isolated,held_out_val,6bba_43fea39d,80,isolated,0.2,1,74,0,0,0,
variant_F2,held_out_val_6bba_t80_p08_isolated,held_out_val,6bba_43fea39d,80,isolated,0.3,1,74,0,0,0,
variant_F2,held_out_val_6bba_t80_p08_isolated,held_out_val,6bba_43fea39d,80,isolated,0.4,1,72,0,0,0,
variant_F2,held_out_val_6bba_t80_p08_isolated,held_out_val,6bba_43fea39d,80,isolated,0.5,1,62,0,0,0,
variant_F2,held_out_val_6bba_t80_p08_isolated,held_out_val,6bba_43fea39d,80,isolated,0.7,1,27,0,0,0,
variant_F2,held_out_val_6bba_t80_p08_isolated,held_out_val,6bba_43fea39d,80,isolated,0.8,1,0,0,0,0,
variant_F2,held_out_val_6bba_t20_p09_boundary,held_out_val,6bba_43fea39d,20,boundary,0.1,1,107,1,1,1,0.40625
variant_F2,held_out_val_6bba_t20_p09_boundary,held_out_val,6bba_43fea39d,20,boundary,0.2,1,107,1,1,1,0.40625
variant_F2,held_out_val_6bba_t20_p09_boundary,held_out_val,6bba_43fea39d,20,boundary,0.3,1,107,1,1,1,0.40625
variant_F2,held_out_val_6bba_t20_p09_boundary,held_out_val,6bba_43fea39d,20,boundary,0.4,1,104,1,1,1,0.40625
variant_F2,held_out_val_6bba_t20_p09_boundary,held_out_val,6bba_43fea39d,20,boundary,0.5,1,92,1,1,1,0.40625
variant_F2,held_out_val_6bba_t20_p09_boundary,held_out_val,6bba_43fea39d,20,boundary,0.7,1,39,0,0,0,
variant_F2,held_out_val_6bba_t20_p09_boundary,held_out_val,6bba_43fea39d,20,boundary,0.8,1,0,0,0,0,
variant_F2,held_out_val_6bba_t50_p10_boundary,held_out_val,6bba_43fea39d,50,boundary,0.1,1,73,0,0,0,
variant_F2,held_out_val_6bba_t50_p10_boundary,held_out_val,6bba_43fea39d,50,boundary,0.2,1,73,0,0,0,
variant_F2,held_out_val_6bba_t50_p10_boundary,held_out_val,6bba_43fea39d,50,boundary,0.3,1,73,0,0,0,
variant_F2,held_out_val_6bba_t50_p10_boundary,held_out_val,6bba_43fea39d,50,boundary,0.4,1,72,0,0,0,
variant_F2,held_out_val_6bba_t50_p10_boundary,held_out_val,6bba_43fea39d,50,boundary,0.5,1,67,0,0,0,
variant_F2,held_out_val_6bba_t50_p10_boundary,held_out_val,6bba_43fea39d,50,boundary,0.7,1,4,0,0,0,
variant_F2,held_out_val_6bba_t50_p10_boundary,held_out_val,6bba_43fea39d,50,boundary,0.8,1,2,0,0,0,
variant_F2,held_out_val_6bba_t35_p11_zero_annotation,held_out_val,6bba_43fea39d,35,zero_annotation,0.1,0,132,0,0,0,
variant_F2,held_out_val_6bba_t35_p11_zero_annotation,held_out_val,6bba_43fea39d,35,zero_annotation,0.2,0,132,0,0,0,
variant_F2,held_out_val_6bba_t35_p11_zero_annotation,held_out_val,6bba_43fea39d,35,zero_annotation,0.3,0,132,0,0,0,
variant_F2,held_out_val_6bba_t35_p11_zero_annotation,held_out_val,6bba_43fea39d,35,zero_annotation,0.4,0,132,0,0,0,
variant_F2,held_out_val_6bba_t35_p11_zero_annotation,held_out_val,6bba_43fea39d,35,zero_annotation,0.5,0,120,0,0,0,
variant_F2,held_out_val_6bba_t35_p11_zero_annotation,held_out_val,6bba_43fea39d,35,zero_annotation,0.7,0,88,0,0,0,
variant_F2,held_out_val_6bba_t35_p11_zero_annotation,held_out_val,6bba_43fea39d,35,zero_annotation,0.8,0,64,0,0,0,
variant_F2,held_out_val_6bba_t65_p12_zero_annotation,held_out_val,6bba_43fea39d,65,zero_annotation,0.1,0,109,0,0,0,
variant_F2,held_out_val_6bba_t65_p12_zero_annotation,held_out_val,6bba_43fea39d,65,zero_annotation,0.2,0,109,0,0,0,
variant_F2,held_out_val_6bba_t65_p12_zero_annotation,held_out_val,6bba_43fea39d,65,zero_annotation,0.3,0,109,0,0,0,
variant_F2,held_out_val_6bba_t65_p12_zero_annotation,held_out_val,6bba_43fea39d,65,zero_annotation,0.4,0,109,0,0,0,
variant_F2,held_out_val_6bba_t65_p12_zero_annotation,held_out_val,6bba_43fea39d,65,zero_annotation,0.5,0,95,0,0,0,
variant_F2,held_out_val_6bba_t65_p12_zero_annotation,held_out_val,6bba_43fea39d,65,zero_annotation,0.7,0,65,0,0,0,
variant_F2,held_out_val_6bba_t65_p12_zero_annotation,held_out_val,6bba_43fea39d,65,zero_annotation,0.8,0,35,0,0,0,
variant_F3,train_6bba_t15_p01_crowded,train,6bba_bb9f20c3,15,crowded,0.1,2,25,0,0,1,
variant_F3,train_6bba_t15_p01_crowded,train,6bba_bb9f20c3,15,crowded,0.2,2,24,0,0,1,
variant_F3,train_6bba_t15_p01_crowded,train,6bba_bb9f20c3,15,crowded,0.3,2,22,0,0,1,
variant_F3,train_6bba_t15_p01_crowded,train,6bba_bb9f20c3,15,crowded,0.4,2,21,0,0,1,
variant_F3,train_6bba_t15_p01_crowded,train,6bba_bb9f20c3,15,crowded,0.5,2,18,0,0,1,
variant_F3,train_6bba_t15_p01_crowded,train,6bba_bb9f20c3,15,crowded,0.7,2,2,0,0,0,
variant_F3,train_6bba_t15_p01_crowded,train,6bba_bb9f20c3,15,crowded,0.8,2,0,0,0,0,
variant_F3,train_6bba_t35_p02_crowded,train,6bba_bb9f20c3,35,crowded,0.1,2,24,0,1,2,1.284675299443404
variant_F3,train_6bba_t35_p02_crowded,train,6bba_bb9f20c3,35,crowded,0.2,2,21,0,1,2,1.284675299443404
variant_F3,train_6bba_t35_p02_crowded,train,6bba_bb9f20c3,35,crowded,0.3,2,18,0,1,2,1.284675299443404
variant_F3,train_6bba_t35_p02_crowded,train,6bba_bb9f20c3,35,crowded,0.4,2,16,0,1,2,1.284675299443404
variant_F3,train_6bba_t35_p02_crowded,train,6bba_bb9f20c3,35,crowded,0.5,2,14,0,1,2,1.284675299443404
variant_F3,train_6bba_t35_p02_crowded,train,6bba_bb9f20c3,35,crowded,0.7,2,3,0,0,0,
variant_F3,train_6bba_t35_p02_crowded,train,6bba_bb9f20c3,35,crowded,0.8,2,0,0,0,0,
variant_F3,train_6bba_t40_p03_crowded,train,6bba_bb9f20c3,40,crowded,0.1,2,22,0,1,2,1.21875
variant_F3,train_6bba_t40_p03_crowded,train,6bba_bb9f20c3,40,crowded,0.2,2,21,0,1,2,1.21875
variant_F3,train_6bba_t40_p03_crowded,train,6bba_bb9f20c3,40,crowded,0.3,2,19,0,1,2,1.21875
variant_F3,train_6bba_t40_p03_crowded,train,6bba_bb9f20c3,40,crowded,0.4,2,15,0,1,2,1.21875
variant_F3,train_6bba_t40_p03_crowded,train,6bba_bb9f20c3,40,crowded,0.5,2,10,0,1,2,1.21875
variant_F3,train_6bba_t40_p03_crowded,train,6bba_bb9f20c3,40,crowded,0.7,2,2,0,0,0,
variant_F3,train_6bba_t40_p03_crowded,train,6bba_bb9f20c3,40,crowded,0.8,2,0,0,0,0,
variant_F3,train_6bba_t45_p04_crowded,train,6bba_bb9f20c3,45,crowded,0.1,3,23,0,2,2,1.8392383038971944
variant_F3,train_6bba_t45_p04_crowded,train,6bba_bb9f20c3,45,crowded,0.2,3,23,0,2,2,1.8392383038971944
variant_F3,train_6bba_t45_p04_crowded,train,6bba_bb9f20c3,45,crowded,0.3,3,19,0,2,2,1.8392383038971944
variant_F3,train_6bba_t45_p04_crowded,train,6bba_bb9f20c3,45,crowded,0.4,3,19,0,2,2,1.8392383038971944
variant_F3,train_6bba_t45_p04_crowded,train,6bba_bb9f20c3,45,crowded,0.5,3,17,0,2,2,1.8392383038971944
variant_F3,train_6bba_t45_p04_crowded,train,6bba_bb9f20c3,45,crowded,0.7,3,2,0,0,0,
variant_F3,train_6bba_t45_p04_crowded,train,6bba_bb9f20c3,45,crowded,0.8,3,0,0,0,0,
variant_F3,train_6bba_t55_p05_crowded,train,6bba_bb9f20c3,55,crowded,0.1,2,19,1,2,2,1.1247679600606222
variant_F3,train_6bba_t55_p05_crowded,train,6bba_bb9f20c3,55,crowded,0.2,2,19,1,2,2,1.1247679600606222
variant_F3,train_6bba_t55_p05_crowded,train,6bba_bb9f20c3,55,crowded,0.3,2,18,1,2,2,1.1247679600606222
variant_F3,train_6bba_t55_p05_crowded,train,6bba_bb9f20c3,55,crowded,0.4,2,16,1,2,2,1.1247679600606222
variant_F3,train_6bba_t55_p05_crowded,train,6bba_bb9f20c3,55,crowded,0.5,2,9,1,2,2,1.1247679600606222
variant_F3,train_6bba_t55_p05_crowded,train,6bba_bb9f20c3,55,crowded,0.7,2,2,1,1,1,0.5745242597140698
variant_F3,train_6bba_t55_p05_crowded,train,6bba_bb9f20c3,55,crowded,0.8,2,0,0,0,0,
variant_F3,train_6bba_t55_p06_crowded,train,6bba_bb9f20c3,55,crowded,0.1,3,27,1,2,2,1.0287255676437146
variant_F3,train_6bba_t55_p06_crowded,train,6bba_bb9f20c3,55,crowded,0.2,3,25,1,2,2,1.0287255676437146
variant_F3,train_6bba_t55_p06_crowded,train,6bba_bb9f20c3,55,crowded,0.3,3,24,1,2,2,1.0287255676437146
variant_F3,train_6bba_t55_p06_crowded,train,6bba_bb9f20c3,55,crowded,0.4,3,22,1,2,2,1.0287255676437146
variant_F3,train_6bba_t55_p06_crowded,train,6bba_bb9f20c3,55,crowded,0.5,3,15,1,2,2,1.0287255676437146
variant_F3,train_6bba_t55_p06_crowded,train,6bba_bb9f20c3,55,crowded,0.7,3,0,0,0,0,
variant_F3,train_6bba_t55_p06_crowded,train,6bba_bb9f20c3,55,crowded,0.8,3,0,0,0,0,
variant_F3,train_6bba_t15_p07_crowded,train,6bba_bb9f20c3,15,crowded,0.1,3,33,2,2,2,0.5745242597140698
variant_F3,train_6bba_t15_p07_crowded,train,6bba_bb9f20c3,15,crowded,0.2,3,30,2,2,2,0.5745242597140698
variant_F3,train_6bba_t15_p07_crowded,train,6bba_bb9f20c3,15,crowded,0.3,3,27,2,2,2,0.5745242597140698
variant_F3,train_6bba_t15_p07_crowded,train,6bba_bb9f20c3,15,crowded,0.4,3,21,2,2,2,0.5745242597140698
variant_F3,train_6bba_t15_p07_crowded,train,6bba_bb9f20c3,15,crowded,0.5,3,15,1,1,1,0.5745242597140698
variant_F3,train_6bba_t15_p07_crowded,train,6bba_bb9f20c3,15,crowded,0.7,3,0,0,0,0,
variant_F3,train_6bba_t15_p07_crowded,train,6bba_bb9f20c3,15,crowded,0.8,3,0,0,0,0,
variant_F3,train_6bba_t25_p08_crowded,train,6bba_bb9f20c3,25,crowded,0.1,4,33,3,4,4,0.8529569788256735
variant_F3,train_6bba_t25_p08_crowded,train,6bba_bb9f20c3,25,crowded,0.2,4,32,3,4,4,0.8529569788256735
variant_F3,train_6bba_t25_p08_crowded,train,6bba_bb9f20c3,25,crowded,0.3,4,29,3,4,4,0.8529569788256735
variant_F3,train_6bba_t25_p08_crowded,train,6bba_bb9f20c3,25,crowded,0.4,4,27,3,4,4,0.8529569788256735
variant_F3,train_6bba_t25_p08_crowded,train,6bba_bb9f20c3,25,crowded,0.5,4,17,3,3,3,0.7090508719530965
variant_F3,train_6bba_t25_p08_crowded,train,6bba_bb9f20c3,25,crowded,0.7,4,0,0,0,0,
variant_F3,train_6bba_t25_p08_crowded,train,6bba_bb9f20c3,25,crowded,0.8,4,0,0,0,0,
variant_F3,train_6bba_t10_p09_crowded,train,6bba_bb9f20c3,10,crowded,0.1,2,17,0,0,0,
variant_F3,train_6bba_t10_p09_crowded,train,6bba_bb9f20c3,10,crowded,0.2,2,16,0,0,0,
variant_F3,train_6bba_t10_p09_crowded,train,6bba_bb9f20c3,10,crowded,0.3,2,16,0,0,0,
variant_F3,train_6bba_t10_p09_crowded,train,6bba_bb9f20c3,10,crowded,0.4,2,16,0,0,0,
variant_F3,train_6bba_t10_p09_crowded,train,6bba_bb9f20c3,10,crowded,0.5,2,13,0,0,0,
variant_F3,train_6bba_t10_p09_crowded,train,6bba_bb9f20c3,10,crowded,0.7,2,3,0,0,0,
variant_F3,train_6bba_t10_p09_crowded,train,6bba_bb9f20c3,10,crowded,0.8,2,0,0,0,0,
variant_F3,train_6bba_t40_p10_crowded,train,6bba_bb9f20c3,40,crowded,0.1,2,19,1,1,1,0.9084026158592896
variant_F3,train_6bba_t40_p10_crowded,train,6bba_bb9f20c3,40,crowded,0.2,2,19,1,1,1,0.9084026158592896
variant_F3,train_6bba_t40_p10_crowded,train,6bba_bb9f20c3,40,crowded,0.3,2,19,1,1,1,0.9084026158592896
variant_F3,train_6bba_t40_p10_crowded,train,6bba_bb9f20c3,40,crowded,0.4,2,18,1,1,1,0.9084026158592896
variant_F3,train_6bba_t40_p10_crowded,train,6bba_bb9f20c3,40,crowded,0.5,2,13,1,1,1,0.9084026158592896
variant_F3,train_6bba_t40_p10_crowded,train,6bba_bb9f20c3,40,crowded,0.7,2,1,0,0,0,
variant_F3,train_6bba_t40_p10_crowded,train,6bba_bb9f20c3,40,crowded,0.8,2,0,0,0,0,
variant_F3,train_6bba_t35_p11_crowded,train,6bba_bb9f20c3,35,crowded,0.1,3,30,2,2,2,0.7414634377866798
variant_F3,train_6bba_t35_p11_crowded,train,6bba_bb9f20c3,35,crowded,0.2,3,28,2,2,2,0.7414634377866798
variant_F3,train_6bba_t35_p11_crowded,train,6bba_bb9f20c3,35,crowded,0.3,3,27,2,2,2,0.7414634377866798
variant_F3,train_6bba_t35_p11_crowded,train,6bba_bb9f20c3,35,crowded,0.4,3,25,2,2,2,0.7414634377866798
variant_F3,train_6bba_t35_p11_crowded,train,6bba_bb9f20c3,35,crowded,0.5,3,17,2,2,2,0.7414634377866798
variant_F3,train_6bba_t35_p11_crowded,train,6bba_bb9f20c3,35,crowded,0.7,3,2,0,0,0,
variant_F3,train_6bba_t35_p11_crowded,train,6bba_bb9f20c3,35,crowded,0.8,3,0,0,0,0,
variant_F3,train_6bba_t45_p12_crowded,train,6bba_bb9f20c3,45,crowded,0.1,3,25,1,2,2,1.21809781789494
variant_F3,train_6bba_t45_p12_crowded,train,6bba_bb9f20c3,45,crowded,0.2,3,25,1,2,2,1.21809781789494
variant_F3,train_6bba_t45_p12_crowded,train,6bba_bb9f20c3,45,crowded,0.3,3,25,1,2,2,1.21809781789494
variant_F3,train_6bba_t45_p12_crowded,train,6bba_bb9f20c3,45,crowded,0.4,3,24,1,2,2,1.21809781789494
variant_F3,train_6bba_t45_p12_crowded,train,6bba_bb9f20c3,45,crowded,0.5,3,19,1,2,2,1.21809781789494
variant_F3,train_6bba_t45_p12_crowded,train,6bba_bb9f20c3,45,crowded,0.7,3,3,1,2,2,1.21809781789494
variant_F3,train_6bba_t45_p12_crowded,train,6bba_bb9f20c3,45,crowded,0.8,3,0,0,0,0,
variant_F3,train_6bba_t20_p13_crowded,train,6bba_bb9f20c3,20,crowded,0.1,3,21,1,2,3,1.3850369959675497
variant_F3,train_6bba_t20_p13_crowded,train,6bba_bb9f20c3,20,crowded,0.2,3,21,1,2,3,1.3850369959675497
variant_F3,train_6bba_t20_p13_crowded,train,6bba_bb9f20c3,20,crowded,0.3,3,21,1,2,3,1.3850369959675497
variant_F3,train_6bba_t20_p13_crowded,train,6bba_bb9f20c3,20,crowded,0.4,3,18,1,2,3,1.3850369959675497
variant_F3,train_6bba_t20_p13_crowded,train,6bba_bb9f20c3,20,crowded,0.5,3,12,1,1,1,0.9084026158592896
variant_F3,train_6bba_t20_p13_crowded,train,6bba_bb9f20c3,20,crowded,0.7,3,2,0,0,0,
variant_F3,train_6bba_t20_p13_crowded,train,6bba_bb9f20c3,20,crowded,0.8,3,0,0,0,0,
variant_F3,train_6bba_t20_p14_crowded,train,6bba_bb9f20c3,20,crowded,0.1,3,29,1,2,2,0.930835688037905
variant_F3,train_6bba_t20_p14_crowded,train,6bba_bb9f20c3,20,crowded,0.2,3,29,1,2,2,0.930835688037905
variant_F3,train_6bba_t20_p14_crowded,train,6bba_bb9f20c3,20,crowded,0.3,3,27,1,2,2,0.930835688037905
variant_F3,train_6bba_t20_p14_crowded,train,6bba_bb9f20c3,20,crowded,0.4,3,26,1,2,2,0.930835688037905
variant_F3,train_6bba_t20_p14_crowded,train,6bba_bb9f20c3,20,crowded,0.5,3,13,1,2,2,0.930835688037905
variant_F3,train_6bba_t20_p14_crowded,train,6bba_bb9f20c3,20,crowded,0.7,3,1,1,1,1,0.0
variant_F3,train_6bba_t20_p14_crowded,train,6bba_bb9f20c3,20,crowded,0.8,3,0,0,0,0,
variant_F3,train_6bba_t15_p15_crowded,train,6bba_bb9f20c3,15,crowded,0.1,2,20,1,1,1,0.40625
variant_F3,train_6bba_t15_p15_crowded,train,6bba_bb9f20c3,15,crowded,0.2,2,19,1,1,1,0.40625
variant_F3,train_6bba_t15_p15_crowded,train,6bba_bb9f20c3,15,crowded,0.3,2,19,1,1,1,0.40625
variant_F3,train_6bba_t15_p15_crowded,train,6bba_bb9f20c3,15,crowded,0.4,2,18,1,1,1,0.40625
variant_F3,train_6bba_t15_p15_crowded,train,6bba_bb9f20c3,15,crowded,0.5,2,14,1,1,1,0.40625
variant_F3,train_6bba_t15_p15_crowded,train,6bba_bb9f20c3,15,crowded,0.7,2,5,1,1,1,0.40625
variant_F3,train_6bba_t15_p15_crowded,train,6bba_bb9f20c3,15,crowded,0.8,2,0,0,0,0,
variant_F3,train_6bba_t30_p16_crowded,train,6bba_bb9f20c3,30,crowded,0.1,2,26,0,2,2,1.6500058302035874
variant_F3,train_6bba_t30_p16_crowded,train,6bba_bb9f20c3,30,crowded,0.2,2,25,0,2,2,1.6500058302035874
variant_F3,train_6bba_t30_p16_crowded,train,6bba_bb9f20c3,30,crowded,0.3,2,24,0,2,2,1.6500058302035874
variant_F3,train_6bba_t30_p16_crowded,train,6bba_bb9f20c3,30,crowded,0.4,2,21,0,2,2,1.6500058302035874
variant_F3,train_6bba_t30_p16_crowded,train,6bba_bb9f20c3,30,crowded,0.5,2,20,0,2,2,1.6500058302035874
variant_F3,train_6bba_t30_p16_crowded,train,6bba_bb9f20c3,30,crowded,0.7,2,1,0,0,0,
variant_F3,train_6bba_t30_p16_crowded,train,6bba_bb9f20c3,30,crowded,0.8,2,0,0,0,0,
variant_F3,train_6bba_t50_p17_crowded,train,6bba_bb9f20c3,50,crowded,0.1,3,29,2,3,3,0.5184328398093799
variant_F3,train_6bba_t50_p17_crowded,train,6bba_bb9f20c3,50,crowded,0.2,3,27,2,3,3,0.5184328398093799
variant_F3,train_6bba_t50_p17_crowded,train,6bba_bb9f20c3,50,crowded,0.3,3,26,2,3,3,0.5184328398093799
variant_F3,train_6bba_t50_p17_crowded,train,6bba_bb9f20c3,50,crowded,0.4,3,21,2,3,3,0.5184328398093799
variant_F3,train_6bba_t50_p17_crowded,train,6bba_bb9f20c3,50,crowded,0.5,3,15,2,3,3,0.5184328398093799
variant_F3,train_6bba_t50_p17_crowded,train,6bba_bb9f20c3,50,crowded,0.7,3,1,0,1,1,1.1490485194281397
variant_F3,train_6bba_t50_p17_crowded,train,6bba_bb9f20c3,50,crowded,0.8,3,0,0,0,0,
variant_F3,train_6bba_t55_p18_crowded,train,6bba_bb9f20c3,55,crowded,0.1,2,18,0,1,1,1.6750116604071745
variant_F3,train_6bba_t55_p18_crowded,train,6bba_bb9f20c3,55,crowded,0.2,2,18,0,1,1,1.6750116604071745
variant_F3,train_6bba_t55_p18_crowded,train,6bba_bb9f20c3,55,crowded,0.3,2,17,0,1,1,1.6750116604071745
variant_F3,train_6bba_t55_p18_crowded,train,6bba_bb9f20c3,55,crowded,0.4,2,16,0,1,1,1.6750116604071745
variant_F3,train_6bba_t55_p18_crowded,train,6bba_bb9f20c3,55,crowded,0.5,2,14,0,1,1,1.6750116604071745
variant_F3,train_6bba_t55_p18_crowded,train,6bba_bb9f20c3,55,crowded,0.7,2,1,0,0,0,
variant_F3,train_6bba_t55_p18_crowded,train,6bba_bb9f20c3,55,crowded,0.8,2,0,0,0,0,
variant_F3,train_6bba_t45_p19_crowded,train,6bba_bb9f20c3,45,crowded,0.1,2,22,2,2,2,0.609375
variant_F3,train_6bba_t45_p19_crowded,train,6bba_bb9f20c3,45,crowded,0.2,2,19,2,2,2,0.609375
variant_F3,train_6bba_t45_p19_crowded,train,6bba_bb9f20c3,45,crowded,0.3,2,17,2,2,2,0.609375
variant_F3,train_6bba_t45_p19_crowded,train,6bba_bb9f20c3,45,crowded,0.4,2,14,2,2,2,0.609375
variant_F3,train_6bba_t45_p19_crowded,train,6bba_bb9f20c3,45,crowded,0.5,2,10,2,2,2,0.609375
variant_F3,train_6bba_t45_p19_crowded,train,6bba_bb9f20c3,45,crowded,0.7,2,0,0,0,0,
variant_F3,train_6bba_t45_p19_crowded,train,6bba_bb9f20c3,45,crowded,0.8,2,0,0,0,0,
variant_F3,train_6bba_t15_p20_crowded,train,6bba_bb9f20c3,15,crowded,0.1,2,27,0,1,1,1.1490485194281397
variant_F3,train_6bba_t15_p20_crowded,train,6bba_bb9f20c3,15,crowded,0.2,2,27,0,1,1,1.1490485194281397
variant_F3,train_6bba_t15_p20_crowded,train,6bba_bb9f20c3,15,crowded,0.3,2,26,0,1,1,1.1490485194281397
variant_F3,train_6bba_t15_p20_crowded,train,6bba_bb9f20c3,15,crowded,0.4,2,23,0,1,1,1.1490485194281397
variant_F3,train_6bba_t15_p20_crowded,train,6bba_bb9f20c3,15,crowded,0.5,2,14,0,1,1,1.1490485194281397
variant_F3,train_6bba_t15_p20_crowded,train,6bba_bb9f20c3,15,crowded,0.7,2,1,0,0,0,
variant_F3,train_6bba_t15_p20_crowded,train,6bba_bb9f20c3,15,crowded,0.8,2,0,0,0,0,
variant_F3,train_6bba_t30_p21_crowded,train,6bba_bb9f20c3,30,crowded,0.1,3,30,2,3,3,1.011851743906193
variant_F3,train_6bba_t30_p21_crowded,train,6bba_bb9f20c3,30,crowded,0.2,3,29,2,3,3,1.011851743906193
variant_F3,train_6bba_t30_p21_crowded,train,6bba_bb9f20c3,30,crowded,0.3,3,28,2,3,3,1.011851743906193
variant_F3,train_6bba_t30_p21_crowded,train,6bba_bb9f20c3,30,crowded,0.4,3,24,2,3,3,1.011851743906193
variant_F3,train_6bba_t30_p21_crowded,train,6bba_bb9f20c3,30,crowded,0.5,3,17,2,3,3,1.011851743906193
variant_F3,train_6bba_t30_p21_crowded,train,6bba_bb9f20c3,30,crowded,0.7,3,1,1,1,1,0.40625
variant_F3,train_6bba_t30_p21_crowded,train,6bba_bb9f20c3,30,crowded,0.8,3,0,0,0,0,
variant_F3,train_6bba_t50_p22_crowded,train,6bba_bb9f20c3,50,crowded,0.1,2,28,1,1,2,0.40625
variant_F3,train_6bba_t50_p22_crowded,train,6bba_bb9f20c3,50,crowded,0.2,2,26,1,1,2,0.40625
variant_F3,train_6bba_t50_p22_crowded,train,6bba_bb9f20c3,50,crowded,0.3,2,23,1,1,2,0.40625
variant_F3,train_6bba_t50_p22_crowded,train,6bba_bb9f20c3,50,crowded,0.4,2,20,1,1,2,0.40625
variant_F3,train_6bba_t50_p22_crowded,train,6bba_bb9f20c3,50,crowded,0.5,2,9,1,1,1,0.40625
variant_F3,train_6bba_t50_p22_crowded,train,6bba_bb9f20c3,50,crowded,0.7,2,1,0,0,0,
variant_F3,train_6bba_t50_p22_crowded,train,6bba_bb9f20c3,50,crowded,0.8,2,0,0,0,0,
variant_F3,train_6bba_t10_p23_crowded,train,6bba_bb9f20c3,10,crowded,0.1,3,32,3,3,3,0.6770833333333334
variant_F3,train_6bba_t10_p23_crowded,train,6bba_bb9f20c3,10,crowded,0.2,3,31,3,3,3,0.6770833333333334
variant_F3,train_6bba_t10_p23_crowded,train,6bba_bb9f20c3,10,crowded,0.3,3,29,3,3,3,0.6770833333333334
variant_F3,train_6bba_t10_p23_crowded,train,6bba_bb9f20c3,10,crowded,0.4,3,25,3,3,3,0.6770833333333334
variant_F3,train_6bba_t10_p23_crowded,train,6bba_bb9f20c3,10,crowded,0.5,3,18,3,3,3,0.6770833333333334
variant_F3,train_6bba_t10_p23_crowded,train,6bba_bb9f20c3,10,crowded,0.7,3,2,1,1,1,0.8125
variant_F3,train_6bba_t10_p23_crowded,train,6bba_bb9f20c3,10,crowded,0.8,3,0,0,0,0,
variant_F3,train_6bba_t10_p24_crowded,train,6bba_bb9f20c3,10,crowded,0.1,2,24,2,2,2,0.6573263079296447
variant_F3,train_6bba_t10_p24_crowded,train,6bba_bb9f20c3,10,crowded,0.2,2,24,2,2,2,0.6573263079296447
variant_F3,train_6bba_t10_p24_crowded,train,6bba_bb9f20c3,10,crowded,0.3,2,24,2,2,2,0.6573263079296447
variant_F3,train_6bba_t10_p24_crowded,train,6bba_bb9f20c3,10,crowded,0.4,2,22,2,2,2,0.6573263079296447
variant_F3,train_6bba_t10_p24_crowded,train,6bba_bb9f20c3,10,crowded,0.5,2,18,2,2,2,0.6573263079296447
variant_F3,train_6bba_t10_p24_crowded,train,6bba_bb9f20c3,10,crowded,0.7,2,1,1,1,1,0.40625
variant_F3,train_6bba_t10_p24_crowded,train,6bba_bb9f20c3,10,crowded,0.8,2,0,0,0,0,
variant_F3,train_6bba_t10_p25_isolated,train,6bba_bb9f20c3,10,isolated,0.1,1,21,0,0,0,
variant_F3,train_6bba_t10_p25_isolated,train,6bba_bb9f20c3,10,isolated,0.2,1,19,0,0,0,
variant_F3,train_6bba_t10_p25_isolated,train,6bba_bb9f20c3,10,isolated,0.3,1,18,0,0,0,
variant_F3,train_6bba_t10_p25_isolated,train,6bba_bb9f20c3,10,isolated,0.4,1,16,0,0,0,
variant_F3,train_6bba_t10_p25_isolated,train,6bba_bb9f20c3,10,isolated,0.5,1,14,0,0,0,
variant_F3,train_6bba_t10_p25_isolated,train,6bba_bb9f20c3,10,isolated,0.7,1,3,0,0,0,
variant_F3,train_6bba_t10_p25_isolated,train,6bba_bb9f20c3,10,isolated,0.8,1,1,0,0,0,
variant_F3,train_6bba_t20_p26_isolated,train,6bba_bb9f20c3,20,isolated,0.1,1,27,1,1,1,0.8125
variant_F3,train_6bba_t20_p26_isolated,train,6bba_bb9f20c3,20,isolated,0.2,1,26,1,1,1,0.8125
variant_F3,train_6bba_t20_p26_isolated,train,6bba_bb9f20c3,20,isolated,0.3,1,24,1,1,1,0.8125
variant_F3,train_6bba_t20_p26_isolated,train,6bba_bb9f20c3,20,isolated,0.4,1,19,1,1,1,0.8125
variant_F3,train_6bba_t20_p26_isolated,train,6bba_bb9f20c3,20,isolated,0.5,1,14,1,1,1,0.8125
variant_F3,train_6bba_t20_p26_isolated,train,6bba_bb9f20c3,20,isolated,0.7,1,2,0,0,0,
variant_F3,train_6bba_t20_p26_isolated,train,6bba_bb9f20c3,20,isolated,0.8,1,0,0,0,0,
variant_F3,train_6bba_t35_p27_isolated,train,6bba_bb9f20c3,35,isolated,0.1,1,30,1,1,1,0.40625
variant_F3,train_6bba_t35_p27_isolated,train,6bba_bb9f20c3,35,isolated,0.2,1,28,1,1,1,0.40625
variant_F3,train_6bba_t35_p27_isolated,train,6bba_bb9f20c3,35,isolated,0.3,1,26,1,1,1,0.40625
variant_F3,train_6bba_t35_p27_isolated,train,6bba_bb9f20c3,35,isolated,0.4,1,23,1,1,1,0.40625
variant_F3,train_6bba_t35_p27_isolated,train,6bba_bb9f20c3,35,isolated,0.5,1,15,1,1,1,0.40625
variant_F3,train_6bba_t35_p27_isolated,train,6bba_bb9f20c3,35,isolated,0.7,1,0,0,0,0,
variant_F3,train_6bba_t35_p27_isolated,train,6bba_bb9f20c3,35,isolated,0.8,1,0,0,0,0,
variant_F3,train_6bba_t40_p28_isolated,train,6bba_bb9f20c3,40,isolated,0.1,1,31,1,1,1,0.8125
variant_F3,train_6bba_t40_p28_isolated,train,6bba_bb9f20c3,40,isolated,0.2,1,31,1,1,1,0.8125
variant_F3,train_6bba_t40_p28_isolated,train,6bba_bb9f20c3,40,isolated,0.3,1,30,1,1,1,0.8125
variant_F3,train_6bba_t40_p28_isolated,train,6bba_bb9f20c3,40,isolated,0.4,1,24,1,1,1,0.8125
variant_F3,train_6bba_t40_p28_isolated,train,6bba_bb9f20c3,40,isolated,0.5,1,14,1,1,1,0.8125
variant_F3,train_6bba_t40_p28_isolated,train,6bba_bb9f20c3,40,isolated,0.7,1,0,0,0,0,
variant_F3,train_6bba_t40_p28_isolated,train,6bba_bb9f20c3,40,isolated,0.8,1,0,0,0,0,
variant_F3,train_6bba_t25_p29_isolated,train,6bba_bb9f20c3,25,isolated,0.1,1,33,0,0,0,
variant_F3,train_6bba_t25_p29_isolated,train,6bba_bb9f20c3,25,isolated,0.2,1,32,0,0,0,
variant_F3,train_6bba_t25_p29_isolated,train,6bba_bb9f20c3,25,isolated,0.3,1,28,0,0,0,
variant_F3,train_6bba_t25_p29_isolated,train,6bba_bb9f20c3,25,isolated,0.4,1,25,0,0,0,
variant_F3,train_6bba_t25_p29_isolated,train,6bba_bb9f20c3,25,isolated,0.5,1,13,0,0,0,
variant_F3,train_6bba_t25_p29_isolated,train,6bba_bb9f20c3,25,isolated,0.7,1,1,0,0,0,
variant_F3,train_6bba_t25_p29_isolated,train,6bba_bb9f20c3,25,isolated,0.8,1,0,0,0,0,
variant_F3,train_6bba_t25_p30_isolated,train,6bba_bb9f20c3,25,isolated,0.1,1,22,0,0,1,
variant_F3,train_6bba_t25_p30_isolated,train,6bba_bb9f20c3,25,isolated,0.2,1,18,0,0,1,
variant_F3,train_6bba_t25_p30_isolated,train,6bba_bb9f20c3,25,isolated,0.3,1,16,0,0,1,
variant_F3,train_6bba_t25_p30_isolated,train,6bba_bb9f20c3,25,isolated,0.4,1,16,0,0,1,
variant_F3,train_6bba_t25_p30_isolated,train,6bba_bb9f20c3,25,isolated,0.5,1,14,0,0,1,
variant_F3,train_6bba_t25_p30_isolated,train,6bba_bb9f20c3,25,isolated,0.7,1,4,0,0,0,
variant_F3,train_6bba_t25_p30_isolated,train,6bba_bb9f20c3,25,isolated,0.8,1,0,0,0,0,
variant_F3,train_6bba_t45_p31_isolated,train,6bba_bb9f20c3,45,isolated,0.1,1,22,0,0,0,
variant_F3,train_6bba_t45_p31_isolated,train,6bba_bb9f20c3,45,isolated,0.2,1,20,0,0,0,
variant_F3,train_6bba_t45_p31_isolated,train,6bba_bb9f20c3,45,isolated,0.3,1,20,0,0,0,
variant_F3,train_6bba_t45_p31_isolated,train,6bba_bb9f20c3,45,isolated,0.4,1,20,0,0,0,
variant_F3,train_6bba_t45_p31_isolated,train,6bba_bb9f20c3,45,isolated,0.5,1,18,0,0,0,
variant_F3,train_6bba_t45_p31_isolated,train,6bba_bb9f20c3,45,isolated,0.7,1,2,0,0,0,
variant_F3,train_6bba_t45_p31_isolated,train,6bba_bb9f20c3,45,isolated,0.8,1,0,0,0,0,
variant_F3,train_6bba_t30_p32_isolated,train,6bba_bb9f20c3,30,isolated,0.1,1,23,1,1,1,0.40625
variant_F3,train_6bba_t30_p32_isolated,train,6bba_bb9f20c3,30,isolated,0.2,1,22,1,1,1,0.40625
variant_F3,train_6bba_t30_p32_isolated,train,6bba_bb9f20c3,30,isolated,0.3,1,18,1,1,1,0.40625
variant_F3,train_6bba_t30_p32_isolated,train,6bba_bb9f20c3,30,isolated,0.4,1,14,1,1,1,0.40625
variant_F3,train_6bba_t30_p32_isolated,train,6bba_bb9f20c3,30,isolated,0.5,1,12,1,1,1,0.40625
variant_F3,train_6bba_t30_p32_isolated,train,6bba_bb9f20c3,30,isolated,0.7,1,1,0,0,0,
variant_F3,train_6bba_t30_p32_isolated,train,6bba_bb9f20c3,30,isolated,0.8,1,0,0,0,0,
variant_F3,train_6bba_t55_p33_isolated,train,6bba_bb9f20c3,55,isolated,0.1,1,19,0,0,0,
variant_F3,train_6bba_t55_p33_isolated,train,6bba_bb9f20c3,55,isolated,0.2,1,18,0,0,0,
variant_F3,train_6bba_t55_p33_isolated,train,6bba_bb9f20c3,55,isolated,0.3,1,16,0,0,0,
variant_F3,train_6bba_t55_p33_isolated,train,6bba_bb9f20c3,55,isolated,0.4,1,15,0,0,0,
variant_F3,train_6bba_t55_p33_isolated,train,6bba_bb9f20c3,55,isolated,0.5,1,11,0,0,0,
variant_F3,train_6bba_t55_p33_isolated,train,6bba_bb9f20c3,55,isolated,0.7,1,1,0,0,0,
variant_F3,train_6bba_t55_p33_isolated,train,6bba_bb9f20c3,55,isolated,0.8,1,0,0,0,0,
variant_F3,train_6bba_t25_p34_isolated,train,6bba_bb9f20c3,25,isolated,0.1,1,22,1,1,1,0.5745242597140698
variant_F3,train_6bba_t25_p34_isolated,train,6bba_bb9f20c3,25,isolated,0.2,1,22,1,1,1,0.5745242597140698
variant_F3,train_6bba_t25_p34_isolated,train,6bba_bb9f20c3,25,isolated,0.3,1,22,1,1,1,0.5745242597140698
variant_F3,train_6bba_t25_p34_isolated,train,6bba_bb9f20c3,25,isolated,0.4,1,15,1,1,1,0.5745242597140698
variant_F3,train_6bba_t25_p34_isolated,train,6bba_bb9f20c3,25,isolated,0.5,1,13,1,1,1,0.5745242597140698
variant_F3,train_6bba_t25_p34_isolated,train,6bba_bb9f20c3,25,isolated,0.7,1,1,0,0,0,
variant_F3,train_6bba_t25_p34_isolated,train,6bba_bb9f20c3,25,isolated,0.8,1,0,0,0,0,
variant_F3,train_6bba_t25_p35_isolated,train,6bba_bb9f20c3,25,isolated,0.1,1,22,0,0,1,
variant_F3,train_6bba_t25_p35_isolated,train,6bba_bb9f20c3,25,isolated,0.2,1,21,0,0,1,
variant_F3,train_6bba_t25_p35_isolated,train,6bba_bb9f20c3,25,isolated,0.3,1,20,0,0,1,
variant_F3,train_6bba_t25_p35_isolated,train,6bba_bb9f20c3,25,isolated,0.4,1,18,0,0,1,
variant_F3,train_6bba_t25_p35_isolated,train,6bba_bb9f20c3,25,isolated,0.5,1,9,0,0,1,
variant_F3,train_6bba_t25_p35_isolated,train,6bba_bb9f20c3,25,isolated,0.7,1,1,0,0,1,
variant_F3,train_6bba_t25_p35_isolated,train,6bba_bb9f20c3,25,isolated,0.8,1,0,0,0,0,
variant_F3,train_6bba_t15_p36_isolated,train,6bba_bb9f20c3,15,isolated,0.1,1,23,1,1,1,0.40625
variant_F3,train_6bba_t15_p36_isolated,train,6bba_bb9f20c3,15,isolated,0.2,1,23,1,1,1,0.40625
variant_F3,train_6bba_t15_p36_isolated,train,6bba_bb9f20c3,15,isolated,0.3,1,22,1,1,1,0.40625
variant_F3,train_6bba_t15_p36_isolated,train,6bba_bb9f20c3,15,isolated,0.4,1,20,1,1,1,0.40625
variant_F3,train_6bba_t15_p36_isolated,train,6bba_bb9f20c3,15,isolated,0.5,1,15,1,1,1,0.40625
variant_F3,train_6bba_t15_p36_isolated,train,6bba_bb9f20c3,15,isolated,0.7,1,3,1,1,1,0.40625
variant_F3,train_6bba_t15_p36_isolated,train,6bba_bb9f20c3,15,isolated,0.8,1,0,0,0,0,
variant_F3,train_6bba_t50_p37_isolated,train,6bba_bb9f20c3,50,isolated,0.1,1,23,1,1,1,0.9084026158592896
variant_F3,train_6bba_t50_p37_isolated,train,6bba_bb9f20c3,50,isolated,0.2,1,22,1,1,1,0.9084026158592896
variant_F3,train_6bba_t50_p37_isolated,train,6bba_bb9f20c3,50,isolated,0.3,1,21,1,1,1,0.9084026158592896
variant_F3,train_6bba_t50_p37_isolated,train,6bba_bb9f20c3,50,isolated,0.4,1,20,1,1,1,0.9084026158592896
variant_F3,train_6bba_t50_p37_isolated,train,6bba_bb9f20c3,50,isolated,0.5,1,17,1,1,1,0.9084026158592896
variant_F3,train_6bba_t50_p37_isolated,train,6bba_bb9f20c3,50,isolated,0.7,1,1,0,0,0,
variant_F3,train_6bba_t50_p37_isolated,train,6bba_bb9f20c3,50,isolated,0.8,1,0,0,0,0,
variant_F3,train_6bba_t50_p38_isolated,train,6bba_bb9f20c3,50,isolated,0.1,1,25,1,1,1,0.8125
variant_F3,train_6bba_t50_p38_isolated,train,6bba_bb9f20c3,50,isolated,0.2,1,25,1,1,1,0.8125
variant_F3,train_6bba_t50_p38_isolated,train,6bba_bb9f20c3,50,isolated,0.3,1,25,1,1,1,0.8125
variant_F3,train_6bba_t50_p38_isolated,train,6bba_bb9f20c3,50,isolated,0.4,1,21,1,1,1,0.8125
variant_F3,train_6bba_t50_p38_isolated,train,6bba_bb9f20c3,50,isolated,0.5,1,18,1,1,1,0.8125
variant_F3,train_6bba_t50_p38_isolated,train,6bba_bb9f20c3,50,isolated,0.7,1,2,1,1,1,0.8125
variant_F3,train_6bba_t50_p38_isolated,train,6bba_bb9f20c3,50,isolated,0.8,1,0,0,0,0,
variant_F3,train_6bba_t30_p39_isolated,train,6bba_bb9f20c3,30,isolated,0.1,1,25,1,1,1,0.40625
variant_F3,train_6bba_t30_p39_isolated,train,6bba_bb9f20c3,30,isolated,0.2,1,23,1,1,1,0.40625
variant_F3,train_6bba_t30_p39_isolated,train,6bba_bb9f20c3,30,isolated,0.3,1,22,1,1,1,0.40625
variant_F3,train_6bba_t30_p39_isolated,train,6bba_bb9f20c3,30,isolated,0.4,1,22,1,1,1,0.40625
variant_F3,train_6bba_t30_p39_isolated,train,6bba_bb9f20c3,30,isolated,0.5,1,11,1,1,1,0.40625
variant_F3,train_6bba_t30_p39_isolated,train,6bba_bb9f20c3,30,isolated,0.7,1,1,1,1,1,0.40625
variant_F3,train_6bba_t30_p39_isolated,train,6bba_bb9f20c3,30,isolated,0.8,1,0,0,0,0,
variant_F3,train_6bba_t20_p40_boundary,train,6bba_bb9f20c3,20,boundary,0.1,1,20,1,1,1,0.9084026158592896
variant_F3,train_6bba_t20_p40_boundary,train,6bba_bb9f20c3,20,boundary,0.2,1,20,1,1,1,0.9084026158592896
variant_F3,train_6bba_t20_p40_boundary,train,6bba_bb9f20c3,20,boundary,0.3,1,19,1,1,1,0.9084026158592896
variant_F3,train_6bba_t20_p40_boundary,train,6bba_bb9f20c3,20,boundary,0.4,1,16,1,1,1,0.9084026158592896
variant_F3,train_6bba_t20_p40_boundary,train,6bba_bb9f20c3,20,boundary,0.5,1,8,1,1,1,0.9084026158592896
variant_F3,train_6bba_t20_p40_boundary,train,6bba_bb9f20c3,20,boundary,0.7,1,2,1,1,1,0.9084026158592896
variant_F3,train_6bba_t20_p40_boundary,train,6bba_bb9f20c3,20,boundary,0.8,1,0,0,0,0,
variant_F3,train_6bba_t55_p41_boundary,train,6bba_bb9f20c3,55,boundary,0.1,1,14,0,0,0,
variant_F3,train_6bba_t55_p41_boundary,train,6bba_bb9f20c3,55,boundary,0.2,1,13,0,0,0,
variant_F3,train_6bba_t55_p41_boundary,train,6bba_bb9f20c3,55,boundary,0.3,1,13,0,0,0,
variant_F3,train_6bba_t55_p41_boundary,train,6bba_bb9f20c3,55,boundary,0.4,1,12,0,0,0,
variant_F3,train_6bba_t55_p41_boundary,train,6bba_bb9f20c3,55,boundary,0.5,1,7,0,0,0,
variant_F3,train_6bba_t55_p41_boundary,train,6bba_bb9f20c3,55,boundary,0.7,1,1,0,0,0,
variant_F3,train_6bba_t55_p41_boundary,train,6bba_bb9f20c3,55,boundary,0.8,1,0,0,0,0,
variant_F3,train_6bba_t15_p42_boundary,train,6bba_bb9f20c3,15,boundary,0.1,1,26,1,1,1,0.8125
variant_F3,train_6bba_t15_p42_boundary,train,6bba_bb9f20c3,15,boundary,0.2,1,26,1,1,1,0.8125
variant_F3,train_6bba_t15_p42_boundary,train,6bba_bb9f20c3,15,boundary,0.3,1,22,1,1,1,0.8125
variant_F3,train_6bba_t15_p42_boundary,train,6bba_bb9f20c3,15,boundary,0.4,1,21,1,1,1,0.8125
variant_F3,train_6bba_t15_p42_boundary,train,6bba_bb9f20c3,15,boundary,0.5,1,13,1,1,1,0.8125
variant_F3,train_6bba_t15_p42_boundary,train,6bba_bb9f20c3,15,boundary,0.7,1,4,1,1,1,0.8125
variant_F3,train_6bba_t15_p42_boundary,train,6bba_bb9f20c3,15,boundary,0.8,1,0,0,0,0,
variant_F3,train_6bba_t55_p43_boundary,train,6bba_bb9f20c3,55,boundary,0.1,1,24,0,1,1,1.6750116604071745
variant_F3,train_6bba_t55_p43_boundary,train,6bba_bb9f20c3,55,boundary,0.2,1,24,0,1,1,1.6750116604071745
variant_F3,train_6bba_t55_p43_boundary,train,6bba_bb9f20c3,55,boundary,0.3,1,22,0,1,1,1.6750116604071745
variant_F3,train_6bba_t55_p43_boundary,train,6bba_bb9f20c3,55,boundary,0.4,1,21,0,1,1,1.6750116604071745
variant_F3,train_6bba_t55_p43_boundary,train,6bba_bb9f20c3,55,boundary,0.5,1,17,0,1,1,1.6750116604071745
variant_F3,train_6bba_t55_p43_boundary,train,6bba_bb9f20c3,55,boundary,0.7,1,0,0,0,0,
variant_F3,train_6bba_t55_p43_boundary,train,6bba_bb9f20c3,55,boundary,0.8,1,0,0,0,0,
variant_F3,train_44b6_t40_p01_crowded,train,44b6_d29c9ab2,40,crowded,0.1,2,40,1,2,2,1.1115276158592895
variant_F3,train_44b6_t40_p01_crowded,train,44b6_d29c9ab2,40,crowded,0.2,2,38,1,2,2,1.1115276158592895
variant_F3,train_44b6_t40_p01_crowded,train,44b6_d29c9ab2,40,crowded,0.3,2,36,1,2,2,1.1115276158592895
variant_F3,train_44b6_t40_p01_crowded,train,44b6_d29c9ab2,40,crowded,0.4,2,30,1,2,2,1.1115276158592895
variant_F3,train_44b6_t40_p01_crowded,train,44b6_d29c9ab2,40,crowded,0.5,2,20,1,2,2,1.1115276158592895
variant_F3,train_44b6_t40_p01_crowded,train,44b6_d29c9ab2,40,crowded,0.7,2,2,0,0,0,
variant_F3,train_44b6_t40_p01_crowded,train,44b6_d29c9ab2,40,crowded,0.8,2,0,0,0,0,
variant_F3,train_44b6_t45_p02_crowded,train,44b6_d29c9ab2,45,crowded,0.1,2,34,1,2,2,0.7323776028286229
variant_F3,train_44b6_t45_p02_crowded,train,44b6_d29c9ab2,45,crowded,0.2,2,32,1,2,2,0.7323776028286229
variant_F3,train_44b6_t45_p02_crowded,train,44b6_d29c9ab2,45,crowded,0.3,2,28,1,2,2,0.7323776028286229
variant_F3,train_44b6_t45_p02_crowded,train,44b6_d29c9ab2,45,crowded,0.4,2,25,1,2,2,0.7323776028286229
variant_F3,train_44b6_t45_p02_crowded,train,44b6_d29c9ab2,45,crowded,0.5,2,20,1,2,2,0.7323776028286229
variant_F3,train_44b6_t45_p02_crowded,train,44b6_d29c9ab2,45,crowded,0.7,2,3,1,1,1,0.0
variant_F3,train_44b6_t45_p02_crowded,train,44b6_d29c9ab2,45,crowded,0.8,2,0,0,0,0,
variant_F3,train_44b6_t55_p03_crowded,train,44b6_d29c9ab2,55,crowded,0.1,3,33,1,3,3,1.370402432065685
variant_F3,train_44b6_t55_p03_crowded,train,44b6_d29c9ab2,55,crowded,0.2,3,33,1,3,3,1.370402432065685
variant_F3,train_44b6_t55_p03_crowded,train,44b6_d29c9ab2,55,crowded,0.3,3,33,1,3,3,1.370402432065685
variant_F3,train_44b6_t55_p03_crowded,train,44b6_d29c9ab2,55,crowded,0.4,3,28,1,3,3,1.370402432065685
variant_F3,train_44b6_t55_p03_crowded,train,44b6_d29c9ab2,55,crowded,0.5,3,20,1,3,3,1.370402432065685
variant_F3,train_44b6_t55_p03_crowded,train,44b6_d29c9ab2,55,crowded,0.7,3,1,0,0,0,
variant_F3,train_44b6_t55_p03_crowded,train,44b6_d29c9ab2,55,crowded,0.8,3,0,0,0,0,
variant_F3,train_44b6_t40_p04_crowded,train,44b6_d29c9ab2,40,crowded,0.1,3,23,2,3,3,0.8764350772395263
variant_F3,train_44b6_t40_p04_crowded,train,44b6_d29c9ab2,40,crowded,0.2,3,23,2,3,3,0.8764350772395263
variant_F3,train_44b6_t40_p04_crowded,train,44b6_d29c9ab2,40,crowded,0.3,3,23,2,3,3,0.8764350772395263
variant_F3,train_44b6_t40_p04_crowded,train,44b6_d29c9ab2,40,crowded,0.4,3,23,2,3,3,0.8764350772395263
variant_F3,train_44b6_t40_p04_crowded,train,44b6_d29c9ab2,40,crowded,0.5,3,21,2,3,3,0.8764350772395263
variant_F3,train_44b6_t40_p04_crowded,train,44b6_d29c9ab2,40,crowded,0.7,3,6,1,1,1,0.40625
variant_F3,train_44b6_t40_p04_crowded,train,44b6_d29c9ab2,40,crowded,0.8,3,1,1,1,1,0.40625
variant_F3,train_44b6_t15_p05_crowded,train,44b6_d29c9ab2,15,crowded,0.1,3,32,3,3,3,0.43821753861976315
variant_F3,train_44b6_t15_p05_crowded,train,44b6_d29c9ab2,15,crowded,0.2,3,29,3,3,3,0.43821753861976315
variant_F3,train_44b6_t15_p05_crowded,train,44b6_d29c9ab2,15,crowded,0.3,3,28,3,3,3,0.43821753861976315
variant_F3,train_44b6_t15_p05_crowded,train,44b6_d29c9ab2,15,crowded,0.4,3,25,3,3,3,0.43821753861976315
variant_F3,train_44b6_t15_p05_crowded,train,44b6_d29c9ab2,15,crowded,0.5,3,22,3,3,3,0.43821753861976315
variant_F3,train_44b6_t15_p05_crowded,train,44b6_d29c9ab2,15,crowded,0.7,3,2,1,1,1,0.0
variant_F3,train_44b6_t15_p05_crowded,train,44b6_d29c9ab2,15,crowded,0.8,3,0,0,0,0,
variant_F3,train_44b6_t20_p06_crowded,train,44b6_d29c9ab2,20,crowded,0.1,2,31,2,2,2,0.2872621298570349
variant_F3,train_44b6_t20_p06_crowded,train,44b6_d29c9ab2,20,crowded,0.2,2,31,2,2,2,0.2872621298570349
variant_F3,train_44b6_t20_p06_crowded,train,44b6_d29c9ab2,20,crowded,0.3,2,30,2,2,2,0.2872621298570349
variant_F3,train_44b6_t20_p06_crowded,train,44b6_d29c9ab2,20,crowded,0.4,2,27,2,2,2,0.2872621298570349
variant_F3,train_44b6_t20_p06_crowded,train,44b6_d29c9ab2,20,crowded,0.5,2,20,2,2,2,0.2872621298570349
variant_F3,train_44b6_t20_p06_crowded,train,44b6_d29c9ab2,20,crowded,0.7,2,0,0,0,0,
variant_F3,train_44b6_t20_p06_crowded,train,44b6_d29c9ab2,20,crowded,0.8,2,0,0,0,0,
variant_F3,train_44b6_t40_p07_crowded,train,44b6_d29c9ab2,40,crowded,0.1,2,28,1,2,2,1.0406308302035874
variant_F3,train_44b6_t40_p07_crowded,train,44b6_d29c9ab2,40,crowded,0.2,2,27,1,2,2,1.0406308302035874
variant_F3,train_44b6_t40_p07_crowded,train,44b6_d29c9ab2,40,crowded,0.3,2,25,1,2,2,1.0406308302035874
variant_F3,train_44b6_t40_p07_crowded,train,44b6_d29c9ab2,40,crowded,0.4,2,22,1,2,2,1.0406308302035874
variant_F3,train_44b6_t40_p07_crowded,train,44b6_d29c9ab2,40,crowded,0.5,2,19,1,2,2,1.0406308302035874
variant_F3,train_44b6_t40_p07_crowded,train,44b6_d29c9ab2,40,crowded,0.7,2,4,0,0,0,
variant_F3,train_44b6_t40_p07_crowded,train,44b6_d29c9ab2,40,crowded,0.8,2,0,0,0,0,
variant_F3,train_44b6_t50_p08_crowded,train,44b6_d29c9ab2,50,crowded,0.1,3,38,0,3,3,1.499690613414163
variant_F3,train_44b6_t50_p08_crowded,train,44b6_d29c9ab2,50,crowded,0.2,3,37,0,3,3,1.499690613414163
variant_F3,train_44b6_t50_p08_crowded,train,44b6_d29c9ab2,50,crowded,0.3,3,34,0,3,3,1.499690613414163
variant_F3,train_44b6_t50_p08_crowded,train,44b6_d29c9ab2,50,crowded,0.4,3,31,0,3,3,1.499690613414163
variant_F3,train_44b6_t50_p08_crowded,train,44b6_d29c9ab2,50,crowded,0.5,3,23,0,3,3,1.499690613414163
variant_F3,train_44b6_t50_p08_crowded,train,44b6_d29c9ab2,50,crowded,0.7,3,2,0,1,1,1.1490485194281397
variant_F3,train_44b6_t50_p08_crowded,train,44b6_d29c9ab2,50,crowded,0.8,3,0,0,0,0,
variant_F3,train_44b6_t10_p09_crowded,train,44b6_d29c9ab2,10,crowded,0.1,2,32,2,2,2,0.8604513079296447
variant_F3,train_44b6_t10_p09_crowded,train,44b6_d29c9ab2,10,crowded,0.2,2,30,2,2,2,0.8604513079296447
variant_F3,train_44b6_t10_p09_crowded,train,44b6_d29c9ab2,10,crowded,0.3,2,29,2,2,2,0.8604513079296447
variant_F3,train_44b6_t10_p09_crowded,train,44b6_d29c9ab2,10,crowded,0.4,2,27,2,2,2,0.8604513079296447
variant_F3,train_44b6_t10_p09_crowded,train,44b6_d29c9ab2,10,crowded,0.5,2,22,2,2,2,0.8604513079296447
variant_F3,train_44b6_t10_p09_crowded,train,44b6_d29c9ab2,10,crowded,0.7,2,4,2,2,2,0.8604513079296447
variant_F3,train_44b6_t10_p09_crowded,train,44b6_d29c9ab2,10,crowded,0.8,2,0,0,0,0,
variant_F3,train_44b6_t30_p10_crowded,train,44b6_d29c9ab2,30,crowded,0.1,3,33,2,2,2,0.8604513079296447
variant_F3,train_44b6_t30_p10_crowded,train,44b6_d29c9ab2,30,crowded,0.2,3,32,2,2,2,0.8604513079296447
variant_F3,train_44b6_t30_p10_crowded,train,44b6_d29c9ab2,30,crowded,0.3,3,31,2,2,2,0.8604513079296447
variant_F3,train_44b6_t30_p10_crowded,train,44b6_d29c9ab2,30,crowded,0.4,3,30,2,2,2,0.8604513079296447
variant_F3,train_44b6_t30_p10_crowded,train,44b6_d29c9ab2,30,crowded,0.5,3,21,2,2,2,0.8604513079296447
variant_F3,train_44b6_t30_p10_crowded,train,44b6_d29c9ab2,30,crowded,0.7,3,2,0,0,0,
variant_F3,train_44b6_t30_p10_crowded,train,44b6_d29c9ab2,30,crowded,0.8,3,0,0,0,0,
variant_F3,train_44b6_t35_p11_crowded,train,44b6_d29c9ab2,35,crowded,0.1,4,30,4,4,4,0.3888246298570349
variant_F3,train_44b6_t35_p11_crowded,train,44b6_d29c9ab2,35,crowded,0.2,4,30,4,4,4,0.3888246298570349
variant_F3,train_44b6_t35_p11_crowded,train,44b6_d29c9ab2,35,crowded,0.3,4,30,4,4,4,0.3888246298570349
variant_F3,train_44b6_t35_p11_crowded,train,44b6_d29c9ab2,35,crowded,0.4,4,29,4,4,4,0.3888246298570349
variant_F3,train_44b6_t35_p11_crowded,train,44b6_d29c9ab2,35,crowded,0.5,4,20,4,4,4,0.3888246298570349
variant_F3,train_44b6_t35_p11_crowded,train,44b6_d29c9ab2,35,crowded,0.7,4,1,1,1,1,0.5745242597140698
variant_F3,train_44b6_t35_p11_crowded,train,44b6_d29c9ab2,35,crowded,0.8,4,0,0,0,0,
variant_F3,train_44b6_t45_p12_crowded,train,44b6_d29c9ab2,45,crowded,0.1,2,30,1,2,2,0.8375058302035873
variant_F3,train_44b6_t45_p12_crowded,train,44b6_d29c9ab2,45,crowded,0.2,2,28,1,2,2,0.8375058302035873
variant_F3,train_44b6_t45_p12_crowded,train,44b6_d29c9ab2,45,crowded,0.3,2,26,1,2,2,0.8375058302035873
variant_F3,train_44b6_t45_p12_crowded,train,44b6_d29c9ab2,45,crowded,0.4,2,23,1,2,2,0.8375058302035873
variant_F3,train_44b6_t45_p12_crowded,train,44b6_d29c9ab2,45,crowded,0.5,2,17,1,2,2,0.8375058302035873
variant_F3,train_44b6_t45_p12_crowded,train,44b6_d29c9ab2,45,crowded,0.7,2,1,0,0,0,
variant_F3,train_44b6_t45_p12_crowded,train,44b6_d29c9ab2,45,crowded,0.8,2,1,0,0,0,
variant_F3,train_44b6_t25_p13_crowded,train,44b6_d29c9ab2,25,crowded,0.1,2,31,2,2,2,0.40625
variant_F3,train_44b6_t25_p13_crowded,train,44b6_d29c9ab2,25,crowded,0.2,2,30,2,2,2,0.40625
variant_F3,train_44b6_t25_p13_crowded,train,44b6_d29c9ab2,25,crowded,0.3,2,28,2,2,2,0.40625
variant_F3,train_44b6_t25_p13_crowded,train,44b6_d29c9ab2,25,crowded,0.4,2,25,2,2,2,0.40625
variant_F3,train_44b6_t25_p13_crowded,train,44b6_d29c9ab2,25,crowded,0.5,2,18,2,2,2,0.40625
variant_F3,train_44b6_t25_p13_crowded,train,44b6_d29c9ab2,25,crowded,0.7,2,3,0,0,0,
variant_F3,train_44b6_t25_p13_crowded,train,44b6_d29c9ab2,25,crowded,0.8,2,0,0,0,0,
variant_F3,train_44b6_t10_p14_crowded,train,44b6_d29c9ab2,10,crowded,0.1,2,31,1,2,2,1.0649113895711046
variant_F3,train_44b6_t10_p14_crowded,train,44b6_d29c9ab2,10,crowded,0.2,2,29,1,2,2,1.0649113895711046
variant_F3,train_44b6_t10_p14_crowded,train,44b6_d29c9ab2,10,crowded,0.3,2,27,1,2,2,1.0649113895711046
variant_F3,train_44b6_t10_p14_crowded,train,44b6_d29c9ab2,10,crowded,0.4,2,27,1,2,2,1.0649113895711046
variant_F3,train_44b6_t10_p14_crowded,train,44b6_d29c9ab2,10,crowded,0.5,2,19,1,2,2,1.0649113895711046
variant_F3,train_44b6_t10_p14_crowded,train,44b6_d29c9ab2,10,crowded,0.7,2,3,1,1,1,0.40625
variant_F3,train_44b6_t10_p14_crowded,train,44b6_d29c9ab2,10,crowded,0.8,2,0,0,0,0,
variant_F3,train_44b6_t25_p15_crowded,train,44b6_d29c9ab2,25,crowded,0.1,4,28,3,4,4,0.795074629857035
variant_F3,train_44b6_t25_p15_crowded,train,44b6_d29c9ab2,25,crowded,0.2,4,27,3,4,4,0.795074629857035
variant_F3,train_44b6_t25_p15_crowded,train,44b6_d29c9ab2,25,crowded,0.3,4,25,3,4,4,0.795074629857035
variant_F3,train_44b6_t25_p15_crowded,train,44b6_d29c9ab2,25,crowded,0.4,4,22,3,4,4,0.795074629857035
variant_F3,train_44b6_t25_p15_crowded,train,44b6_d29c9ab2,25,crowded,0.5,4,19,3,4,4,0.795074629857035
variant_F3,train_44b6_t25_p15_crowded,train,44b6_d29c9ab2,25,crowded,0.7,4,3,1,1,1,0.5745242597140698
variant_F3,train_44b6_t25_p15_crowded,train,44b6_d29c9ab2,25,crowded,0.8,4,0,0,0,0,
variant_F3,train_44b6_t30_p16_crowded,train,44b6_d29c9ab2,30,crowded,0.1,2,29,2,2,2,0.4903871298570349
variant_F3,train_44b6_t30_p16_crowded,train,44b6_d29c9ab2,30,crowded,0.2,2,26,2,2,2,0.4903871298570349
variant_F3,train_44b6_t30_p16_crowded,train,44b6_d29c9ab2,30,crowded,0.3,2,26,2,2,2,0.4903871298570349
variant_F3,train_44b6_t30_p16_crowded,train,44b6_d29c9ab2,30,crowded,0.4,2,23,2,2,2,0.4903871298570349
variant_F3,train_44b6_t30_p16_crowded,train,44b6_d29c9ab2,30,crowded,0.5,2,20,2,2,2,0.4903871298570349
variant_F3,train_44b6_t30_p16_crowded,train,44b6_d29c9ab2,30,crowded,0.7,2,4,1,1,1,0.40625
variant_F3,train_44b6_t30_p16_crowded,train,44b6_d29c9ab2,30,crowded,0.8,2,0,0,0,0,
variant_F3,train_44b6_t15_p17_crowded,train,44b6_d29c9ab2,15,crowded,0.1,2,34,2,2,2,0.40625
variant_F3,train_44b6_t15_p17_crowded,train,44b6_d29c9ab2,15,crowded,0.2,2,33,2,2,2,0.40625
variant_F3,train_44b6_t15_p17_crowded,train,44b6_d29c9ab2,15,crowded,0.3,2,29,2,2,2,0.40625
variant_F3,train_44b6_t15_p17_crowded,train,44b6_d29c9ab2,15,crowded,0.4,2,26,2,2,2,0.40625
variant_F3,train_44b6_t15_p17_crowded,train,44b6_d29c9ab2,15,crowded,0.5,2,22,2,2,2,0.40625
variant_F3,train_44b6_t15_p17_crowded,train,44b6_d29c9ab2,15,crowded,0.7,2,1,1,1,1,0.8125
variant_F3,train_44b6_t15_p17_crowded,train,44b6_d29c9ab2,15,crowded,0.8,2,0,0,0,0,
variant_F3,train_44b6_t55_p18_crowded,train,44b6_d29c9ab2,55,crowded,0.1,2,30,2,2,2,0.0
variant_F3,train_44b6_t55_p18_crowded,train,44b6_d29c9ab2,55,crowded,0.2,2,30,2,2,2,0.0
variant_F3,train_44b6_t55_p18_crowded,train,44b6_d29c9ab2,55,crowded,0.3,2,28,2,2,2,0.0
variant_F3,train_44b6_t55_p18_crowded,train,44b6_d29c9ab2,55,crowded,0.4,2,24,2,2,2,0.0
variant_F3,train_44b6_t55_p18_crowded,train,44b6_d29c9ab2,55,crowded,0.5,2,20,2,2,2,0.0
variant_F3,train_44b6_t55_p18_crowded,train,44b6_d29c9ab2,55,crowded,0.7,2,2,0,0,0,
variant_F3,train_44b6_t55_p18_crowded,train,44b6_d29c9ab2,55,crowded,0.8,2,0,0,0,0,
variant_F3,train_44b6_t35_p19_crowded,train,44b6_d29c9ab2,35,crowded,0.1,2,24,1,2,2,1.015625
variant_F3,train_44b6_t35_p19_crowded,train,44b6_d29c9ab2,35,crowded,0.2,2,24,1,2,2,1.015625
variant_F3,train_44b6_t35_p19_crowded,train,44b6_d29c9ab2,35,crowded,0.3,2,24,1,2,2,1.015625
variant_F3,train_44b6_t35_p19_crowded,train,44b6_d29c9ab2,35,crowded,0.4,2,22,1,2,2,1.015625
variant_F3,train_44b6_t35_p19_crowded,train,44b6_d29c9ab2,35,crowded,0.5,2,16,1,2,2,1.015625
variant_F3,train_44b6_t35_p19_crowded,train,44b6_d29c9ab2,35,crowded,0.7,2,3,0,1,1,1.625
variant_F3,train_44b6_t35_p19_crowded,train,44b6_d29c9ab2,35,crowded,0.8,2,0,0,0,0,
variant_F3,train_44b6_t35_p20_crowded,train,44b6_d29c9ab2,35,crowded,0.1,2,27,2,2,2,0.40625
variant_F3,train_44b6_t35_p20_crowded,train,44b6_d29c9ab2,35,crowded,0.2,2,26,2,2,2,0.40625
variant_F3,train_44b6_t35_p20_crowded,train,44b6_d29c9ab2,35,crowded,0.3,2,23,2,2,2,0.40625
variant_F3,train_44b6_t35_p20_crowded,train,44b6_d29c9ab2,35,crowded,0.4,2,22,2,2,2,0.40625
variant_F3,train_44b6_t35_p20_crowded,train,44b6_d29c9ab2,35,crowded,0.5,2,16,2,2,2,0.40625
variant_F3,train_44b6_t35_p20_crowded,train,44b6_d29c9ab2,35,crowded,0.7,2,7,1,1,1,0.40625
variant_F3,train_44b6_t35_p20_crowded,train,44b6_d29c9ab2,35,crowded,0.8,2,0,0,0,0,
variant_F3,train_44b6_t20_p21_crowded,train,44b6_d29c9ab2,20,crowded,0.1,2,27,2,2,2,0.203125
variant_F3,train_44b6_t20_p21_crowded,train,44b6_d29c9ab2,20,crowded,0.2,2,25,2,2,2,0.203125
variant_F3,train_44b6_t20_p21_crowded,train,44b6_d29c9ab2,20,crowded,0.3,2,25,2,2,2,0.203125
variant_F3,train_44b6_t20_p21_crowded,train,44b6_d29c9ab2,20,crowded,0.4,2,22,2,2,2,0.203125
variant_F3,train_44b6_t20_p21_crowded,train,44b6_d29c9ab2,20,crowded,0.5,2,16,2,2,2,0.203125
variant_F3,train_44b6_t20_p21_crowded,train,44b6_d29c9ab2,20,crowded,0.7,2,2,1,1,1,0.0
variant_F3,train_44b6_t20_p21_crowded,train,44b6_d29c9ab2,20,crowded,0.8,2,0,0,0,0,
variant_F3,train_44b6_t30_p22_crowded,train,44b6_d29c9ab2,30,crowded,0.1,2,28,2,2,2,0.5745242597140698
variant_F3,train_44b6_t30_p22_crowded,train,44b6_d29c9ab2,30,crowded,0.2,2,26,2,2,2,0.5745242597140698
variant_F3,train_44b6_t30_p22_crowded,train,44b6_d29c9ab2,30,crowded,0.3,2,23,2,2,2,0.5745242597140698
variant_F3,train_44b6_t30_p22_crowded,train,44b6_d29c9ab2,30,crowded,0.4,2,22,2,2,2,0.5745242597140698
variant_F3,train_44b6_t30_p22_crowded,train,44b6_d29c9ab2,30,crowded,0.5,2,18,2,2,2,0.5745242597140698
variant_F3,train_44b6_t30_p22_crowded,train,44b6_d29c9ab2,30,crowded,0.7,2,3,1,1,1,0.5745242597140698
variant_F3,train_44b6_t30_p22_crowded,train,44b6_d29c9ab2,30,crowded,0.8,2,2,1,1,1,0.5745242597140698
variant_F3,train_44b6_t50_p23_crowded,train,44b6_d29c9ab2,50,crowded,0.1,2,30,1,1,1,0.9084026158592896
variant_F3,train_44b6_t50_p23_crowded,train,44b6_d29c9ab2,50,crowded,0.2,2,28,1,1,1,0.9084026158592896
variant_F3,train_44b6_t50_p23_crowded,train,44b6_d29c9ab2,50,crowded,0.3,2,28,1,1,1,0.9084026158592896
variant_F3,train_44b6_t50_p23_crowded,train,44b6_d29c9ab2,50,crowded,0.4,2,25,1,1,1,0.9084026158592896
variant_F3,train_44b6_t50_p23_crowded,train,44b6_d29c9ab2,50,crowded,0.5,2,17,1,1,1,0.9084026158592896
variant_F3,train_44b6_t50_p23_crowded,train,44b6_d29c9ab2,50,crowded,0.7,2,1,0,0,0,
variant_F3,train_44b6_t50_p23_crowded,train,44b6_d29c9ab2,50,crowded,0.8,2,0,0,0,0,
variant_F3,train_44b6_t40_p24_crowded,train,44b6_d29c9ab2,40,crowded,0.1,2,26,1,1,1,0.40625
variant_F3,train_44b6_t40_p24_crowded,train,44b6_d29c9ab2,40,crowded,0.2,2,23,1,1,1,0.40625
variant_F3,train_44b6_t40_p24_crowded,train,44b6_d29c9ab2,40,crowded,0.3,2,22,1,1,1,0.40625
variant_F3,train_44b6_t40_p24_crowded,train,44b6_d29c9ab2,40,crowded,0.4,2,21,1,1,1,0.40625
variant_F3,train_44b6_t40_p24_crowded,train,44b6_d29c9ab2,40,crowded,0.5,2,18,1,1,1,0.40625
variant_F3,train_44b6_t40_p24_crowded,train,44b6_d29c9ab2,40,crowded,0.7,2,3,0,0,0,
variant_F3,train_44b6_t40_p24_crowded,train,44b6_d29c9ab2,40,crowded,0.8,2,1,0,0,0,
variant_F3,train_44b6_t55_p25_isolated,train,44b6_d29c9ab2,55,isolated,0.1,1,25,1,1,1,0.40625
variant_F3,train_44b6_t55_p25_isolated,train,44b6_d29c9ab2,55,isolated,0.2,1,23,1,1,1,0.40625
variant_F3,train_44b6_t55_p25_isolated,train,44b6_d29c9ab2,55,isolated,0.3,1,21,1,1,1,0.40625
variant_F3,train_44b6_t55_p25_isolated,train,44b6_d29c9ab2,55,isolated,0.4,1,19,1,1,1,0.40625
variant_F3,train_44b6_t55_p25_isolated,train,44b6_d29c9ab2,55,isolated,0.5,1,14,1,1,1,0.40625
variant_F3,train_44b6_t55_p25_isolated,train,44b6_d29c9ab2,55,isolated,0.7,1,1,0,0,0,
variant_F3,train_44b6_t55_p25_isolated,train,44b6_d29c9ab2,55,isolated,0.8,1,0,0,0,0,
variant_F3,train_44b6_t50_p26_isolated,train,44b6_d29c9ab2,50,isolated,0.1,1,33,1,1,1,0.40625
variant_F3,train_44b6_t50_p26_isolated,train,44b6_d29c9ab2,50,isolated,0.2,1,31,1,1,1,0.40625
variant_F3,train_44b6_t50_p26_isolated,train,44b6_d29c9ab2,50,isolated,0.3,1,26,1,1,1,0.40625
variant_F3,train_44b6_t50_p26_isolated,train,44b6_d29c9ab2,50,isolated,0.4,1,22,1,1,1,0.40625
variant_F3,train_44b6_t50_p26_isolated,train,44b6_d29c9ab2,50,isolated,0.5,1,13,1,1,1,0.40625
variant_F3,train_44b6_t50_p26_isolated,train,44b6_d29c9ab2,50,isolated,0.7,1,2,0,0,0,
variant_F3,train_44b6_t50_p26_isolated,train,44b6_d29c9ab2,50,isolated,0.8,1,0,0,0,0,
variant_F3,train_44b6_t15_p27_isolated,train,44b6_d29c9ab2,15,isolated,0.1,1,24,1,1,1,0.40625
variant_F3,train_44b6_t15_p27_isolated,train,44b6_d29c9ab2,15,isolated,0.2,1,22,1,1,1,0.40625
variant_F3,train_44b6_t15_p27_isolated,train,44b6_d29c9ab2,15,isolated,0.3,1,20,1,1,1,0.40625
variant_F3,train_44b6_t15_p27_isolated,train,44b6_d29c9ab2,15,isolated,0.4,1,20,1,1,1,0.40625
variant_F3,train_44b6_t15_p27_isolated,train,44b6_d29c9ab2,15,isolated,0.5,1,17,1,1,1,0.40625
variant_F3,train_44b6_t15_p27_isolated,train,44b6_d29c9ab2,15,isolated,0.7,1,3,1,1,1,0.40625
variant_F3,train_44b6_t15_p27_isolated,train,44b6_d29c9ab2,15,isolated,0.8,1,1,1,1,1,0.40625
variant_F3,train_44b6_t30_p28_isolated,train,44b6_d29c9ab2,30,isolated,0.1,1,26,1,1,1,0.40625
variant_F3,train_44b6_t30_p28_isolated,train,44b6_d29c9ab2,30,isolated,0.2,1,26,1,1,1,0.40625
variant_F3,train_44b6_t30_p28_isolated,train,44b6_d29c9ab2,30,isolated,0.3,1,23,1,1,1,0.40625
variant_F3,train_44b6_t30_p28_isolated,train,44b6_d29c9ab2,30,isolated,0.4,1,22,1,1,1,0.40625
variant_F3,train_44b6_t30_p28_isolated,train,44b6_d29c9ab2,30,isolated,0.5,1,19,1,1,1,0.40625
variant_F3,train_44b6_t30_p28_isolated,train,44b6_d29c9ab2,30,isolated,0.7,1,5,1,1,1,0.40625
variant_F3,train_44b6_t30_p28_isolated,train,44b6_d29c9ab2,30,isolated,0.8,1,1,1,1,1,0.40625
variant_F3,train_44b6_t30_p29_isolated,train,44b6_d29c9ab2,30,isolated,0.1,1,24,0,1,1,1.9902104160113323
variant_F3,train_44b6_t30_p29_isolated,train,44b6_d29c9ab2,30,isolated,0.2,1,24,0,1,1,1.9902104160113323
variant_F3,train_44b6_t30_p29_isolated,train,44b6_d29c9ab2,30,isolated,0.3,1,20,0,1,1,1.9902104160113323
variant_F3,train_44b6_t30_p29_isolated,train,44b6_d29c9ab2,30,isolated,0.4,1,19,0,1,1,1.9902104160113323
variant_F3,train_44b6_t30_p29_isolated,train,44b6_d29c9ab2,30,isolated,0.5,1,13,0,1,1,1.9902104160113323
variant_F3,train_44b6_t30_p29_isolated,train,44b6_d29c9ab2,30,isolated,0.7,1,3,0,1,1,1.9902104160113323
variant_F3,train_44b6_t30_p29_isolated,train,44b6_d29c9ab2,30,isolated,0.8,1,0,0,0,0,
variant_F3,train_44b6_t20_p30_isolated,train,44b6_d29c9ab2,20,isolated,0.1,1,29,1,1,1,0.0
variant_F3,train_44b6_t20_p30_isolated,train,44b6_d29c9ab2,20,isolated,0.2,1,28,1,1,1,0.0
variant_F3,train_44b6_t20_p30_isolated,train,44b6_d29c9ab2,20,isolated,0.3,1,28,1,1,1,0.0
variant_F3,train_44b6_t20_p30_isolated,train,44b6_d29c9ab2,20,isolated,0.4,1,23,1,1,1,0.0
variant_F3,train_44b6_t20_p30_isolated,train,44b6_d29c9ab2,20,isolated,0.5,1,19,1,1,1,0.0
variant_F3,train_44b6_t20_p30_isolated,train,44b6_d29c9ab2,20,isolated,0.7,1,8,1,1,1,0.0
variant_F3,train_44b6_t20_p30_isolated,train,44b6_d29c9ab2,20,isolated,0.8,1,1,1,1,1,0.0
variant_F3,train_44b6_t20_p31_isolated,train,44b6_d29c9ab2,20,isolated,0.1,1,26,1,1,1,0.40625
variant_F3,train_44b6_t20_p31_isolated,train,44b6_d29c9ab2,20,isolated,0.2,1,25,1,1,1,0.40625
variant_F3,train_44b6_t20_p31_isolated,train,44b6_d29c9ab2,20,isolated,0.3,1,24,1,1,1,0.40625
variant_F3,train_44b6_t20_p31_isolated,train,44b6_d29c9ab2,20,isolated,0.4,1,20,1,1,1,0.40625
variant_F3,train_44b6_t20_p31_isolated,train,44b6_d29c9ab2,20,isolated,0.5,1,19,1,1,1,0.40625
variant_F3,train_44b6_t20_p31_isolated,train,44b6_d29c9ab2,20,isolated,0.7,1,4,1,1,1,0.40625
variant_F3,train_44b6_t20_p31_isolated,train,44b6_d29c9ab2,20,isolated,0.8,1,0,0,0,0,
variant_F3,train_44b6_t10_p32_isolated,train,44b6_d29c9ab2,10,isolated,0.1,1,22,1,1,1,0.40625
variant_F3,train_44b6_t10_p32_isolated,train,44b6_d29c9ab2,10,isolated,0.2,1,22,1,1,1,0.40625
variant_F3,train_44b6_t10_p32_isolated,train,44b6_d29c9ab2,10,isolated,0.3,1,21,1,1,1,0.40625
variant_F3,train_44b6_t10_p32_isolated,train,44b6_d29c9ab2,10,isolated,0.4,1,15,1,1,1,0.40625
variant_F3,train_44b6_t10_p32_isolated,train,44b6_d29c9ab2,10,isolated,0.5,1,12,1,1,1,0.40625
variant_F3,train_44b6_t10_p32_isolated,train,44b6_d29c9ab2,10,isolated,0.7,1,5,0,0,0,
variant_F3,train_44b6_t10_p32_isolated,train,44b6_d29c9ab2,10,isolated,0.8,1,0,0,0,0,
variant_F3,train_44b6_t45_p33_isolated,train,44b6_d29c9ab2,45,isolated,0.1,1,30,1,1,1,0.40625
variant_F3,train_44b6_t45_p33_isolated,train,44b6_d29c9ab2,45,isolated,0.2,1,29,1,1,1,0.40625
variant_F3,train_44b6_t45_p33_isolated,train,44b6_d29c9ab2,45,isolated,0.3,1,27,1,1,1,0.40625
variant_F3,train_44b6_t45_p33_isolated,train,44b6_d29c9ab2,45,isolated,0.4,1,22,1,1,1,0.40625
variant_F3,train_44b6_t45_p33_isolated,train,44b6_d29c9ab2,45,isolated,0.5,1,15,1,1,1,0.40625
variant_F3,train_44b6_t45_p33_isolated,train,44b6_d29c9ab2,45,isolated,0.7,1,5,1,1,1,0.40625
variant_F3,train_44b6_t45_p33_isolated,train,44b6_d29c9ab2,45,isolated,0.8,1,0,0,0,0,
variant_F3,train_44b6_t25_p34_isolated,train,44b6_d29c9ab2,25,isolated,0.1,1,23,1,1,1,0.40625
variant_F3,train_44b6_t25_p34_isolated,train,44b6_d29c9ab2,25,isolated,0.2,1,22,1,1,1,0.40625
variant_F3,train_44b6_t25_p34_isolated,train,44b6_d29c9ab2,25,isolated,0.3,1,21,1,1,1,0.40625
variant_F3,train_44b6_t25_p34_isolated,train,44b6_d29c9ab2,25,isolated,0.4,1,21,1,1,1,0.40625
variant_F3,train_44b6_t25_p34_isolated,train,44b6_d29c9ab2,25,isolated,0.5,1,18,1,1,1,0.40625
variant_F3,train_44b6_t25_p34_isolated,train,44b6_d29c9ab2,25,isolated,0.7,1,7,1,1,1,0.40625
variant_F3,train_44b6_t25_p34_isolated,train,44b6_d29c9ab2,25,isolated,0.8,1,2,1,1,1,0.40625
variant_F3,train_44b6_t10_p35_isolated,train,44b6_d29c9ab2,10,isolated,0.1,1,33,1,1,1,0.0
variant_F3,train_44b6_t10_p35_isolated,train,44b6_d29c9ab2,10,isolated,0.2,1,32,1,1,1,0.0
variant_F3,train_44b6_t10_p35_isolated,train,44b6_d29c9ab2,10,isolated,0.3,1,29,1,1,1,0.0
variant_F3,train_44b6_t10_p35_isolated,train,44b6_d29c9ab2,10,isolated,0.4,1,25,1,1,1,0.0
variant_F3,train_44b6_t10_p35_isolated,train,44b6_d29c9ab2,10,isolated,0.5,1,20,1,1,1,0.0
variant_F3,train_44b6_t10_p35_isolated,train,44b6_d29c9ab2,10,isolated,0.7,1,2,0,0,0,
variant_F3,train_44b6_t10_p35_isolated,train,44b6_d29c9ab2,10,isolated,0.8,1,0,0,0,0,
variant_F3,train_44b6_t25_p36_isolated,train,44b6_d29c9ab2,25,isolated,0.1,1,30,1,1,1,0.40625
variant_F3,train_44b6_t25_p36_isolated,train,44b6_d29c9ab2,25,isolated,0.2,1,30,1,1,1,0.40625
variant_F3,train_44b6_t25_p36_isolated,train,44b6_d29c9ab2,25,isolated,0.3,1,30,1,1,1,0.40625
variant_F3,train_44b6_t25_p36_isolated,train,44b6_d29c9ab2,25,isolated,0.4,1,26,1,1,1,0.40625
variant_F3,train_44b6_t25_p36_isolated,train,44b6_d29c9ab2,25,isolated,0.5,1,20,1,1,1,0.40625
variant_F3,train_44b6_t25_p36_isolated,train,44b6_d29c9ab2,25,isolated,0.7,1,5,1,1,1,0.40625
variant_F3,train_44b6_t25_p36_isolated,train,44b6_d29c9ab2,25,isolated,0.8,1,0,0,0,0,
variant_F3,train_44b6_t25_p37_isolated,train,44b6_d29c9ab2,25,isolated,0.1,1,25,1,1,1,0.40625
variant_F3,train_44b6_t25_p37_isolated,train,44b6_d29c9ab2,25,isolated,0.2,1,23,1,1,1,0.40625
variant_F3,train_44b6_t25_p37_isolated,train,44b6_d29c9ab2,25,isolated,0.3,1,23,1,1,1,0.40625
variant_F3,train_44b6_t25_p37_isolated,train,44b6_d29c9ab2,25,isolated,0.4,1,21,1,1,1,0.40625
variant_F3,train_44b6_t25_p37_isolated,train,44b6_d29c9ab2,25,isolated,0.5,1,16,1,1,1,0.40625
variant_F3,train_44b6_t25_p37_isolated,train,44b6_d29c9ab2,25,isolated,0.7,1,5,1,1,1,0.40625
variant_F3,train_44b6_t25_p37_isolated,train,44b6_d29c9ab2,25,isolated,0.8,1,0,0,0,0,
variant_F3,train_44b6_t55_p38_isolated,train,44b6_d29c9ab2,55,isolated,0.1,1,37,1,1,1,0.0
variant_F3,train_44b6_t55_p38_isolated,train,44b6_d29c9ab2,55,isolated,0.2,1,37,1,1,1,0.0
variant_F3,train_44b6_t55_p38_isolated,train,44b6_d29c9ab2,55,isolated,0.3,1,33,1,1,1,0.0
variant_F3,train_44b6_t55_p38_isolated,train,44b6_d29c9ab2,55,isolated,0.4,1,27,1,1,1,0.0
variant_F3,train_44b6_t55_p38_isolated,train,44b6_d29c9ab2,55,isolated,0.5,1,20,1,1,1,0.0
variant_F3,train_44b6_t55_p38_isolated,train,44b6_d29c9ab2,55,isolated,0.7,1,1,0,0,0,
variant_F3,train_44b6_t55_p38_isolated,train,44b6_d29c9ab2,55,isolated,0.8,1,0,0,0,0,
variant_F3,train_44b6_t15_p39_isolated,train,44b6_d29c9ab2,15,isolated,0.1,1,33,1,1,1,0.40625
variant_F3,train_44b6_t15_p39_isolated,train,44b6_d29c9ab2,15,isolated,0.2,1,30,1,1,1,0.40625
variant_F3,train_44b6_t15_p39_isolated,train,44b6_d29c9ab2,15,isolated,0.3,1,30,1,1,1,0.40625
variant_F3,train_44b6_t15_p39_isolated,train,44b6_d29c9ab2,15,isolated,0.4,1,27,1,1,1,0.40625
variant_F3,train_44b6_t15_p39_isolated,train,44b6_d29c9ab2,15,isolated,0.5,1,21,1,1,1,0.40625
variant_F3,train_44b6_t15_p39_isolated,train,44b6_d29c9ab2,15,isolated,0.7,1,0,0,0,0,
variant_F3,train_44b6_t15_p39_isolated,train,44b6_d29c9ab2,15,isolated,0.8,1,0,0,0,0,
variant_F3,train_44b6_t40_p40_isolated,train,44b6_d29c9ab2,40,isolated,0.1,1,27,0,1,1,1.1490485194281397
variant_F3,train_44b6_t40_p40_isolated,train,44b6_d29c9ab2,40,isolated,0.2,1,25,0,1,1,1.1490485194281397
variant_F3,train_44b6_t40_p40_isolated,train,44b6_d29c9ab2,40,isolated,0.3,1,24,0,1,1,1.1490485194281397
variant_F3,train_44b6_t40_p40_isolated,train,44b6_d29c9ab2,40,isolated,0.4,1,20,0,1,1,1.1490485194281397
variant_F3,train_44b6_t40_p40_isolated,train,44b6_d29c9ab2,40,isolated,0.5,1,17,0,1,1,1.1490485194281397
variant_F3,train_44b6_t40_p40_isolated,train,44b6_d29c9ab2,40,isolated,0.7,1,4,0,0,0,
variant_F3,train_44b6_t40_p40_isolated,train,44b6_d29c9ab2,40,isolated,0.8,1,1,0,0,0,
variant_F3,train_44b6_t15_p41_boundary,train,44b6_d29c9ab2,15,boundary,0.1,1,30,0,1,1,1.4647552056572457
variant_F3,train_44b6_t15_p41_boundary,train,44b6_d29c9ab2,15,boundary,0.2,1,27,0,1,1,1.4647552056572457
variant_F3,train_44b6_t15_p41_boundary,train,44b6_d29c9ab2,15,boundary,0.3,1,21,0,1,1,1.4647552056572457
variant_F3,train_44b6_t15_p41_boundary,train,44b6_d29c9ab2,15,boundary,0.4,1,12,0,1,1,1.4647552056572457
variant_F3,train_44b6_t15_p41_boundary,train,44b6_d29c9ab2,15,boundary,0.5,1,11,0,1,1,1.4647552056572457
variant_F3,train_44b6_t15_p41_boundary,train,44b6_d29c9ab2,15,boundary,0.7,1,2,0,0,0,
variant_F3,train_44b6_t15_p41_boundary,train,44b6_d29c9ab2,15,boundary,0.8,1,0,0,0,0,
variant_F3,train_44b6_t45_p42_boundary,train,44b6_d29c9ab2,45,boundary,0.1,1,30,1,1,1,0.5745242597140698
variant_F3,train_44b6_t45_p42_boundary,train,44b6_d29c9ab2,45,boundary,0.2,1,24,1,1,1,0.5745242597140698
variant_F3,train_44b6_t45_p42_boundary,train,44b6_d29c9ab2,45,boundary,0.3,1,22,1,1,1,0.5745242597140698
variant_F3,train_44b6_t45_p42_boundary,train,44b6_d29c9ab2,45,boundary,0.4,1,21,1,1,1,0.5745242597140698
variant_F3,train_44b6_t45_p42_boundary,train,44b6_d29c9ab2,45,boundary,0.5,1,19,1,1,1,0.5745242597140698
variant_F3,train_44b6_t45_p42_boundary,train,44b6_d29c9ab2,45,boundary,0.7,1,4,1,1,1,0.5745242597140698
variant_F3,train_44b6_t45_p42_boundary,train,44b6_d29c9ab2,45,boundary,0.8,1,0,0,0,0,
variant_F3,train_44b6_t10_p43_boundary,train,44b6_d29c9ab2,10,boundary,0.1,1,22,0,1,1,1.6750116604071745
variant_F3,train_44b6_t10_p43_boundary,train,44b6_d29c9ab2,10,boundary,0.2,1,21,0,1,1,1.6750116604071745
variant_F3,train_44b6_t10_p43_boundary,train,44b6_d29c9ab2,10,boundary,0.3,1,19,0,1,1,1.6750116604071745
variant_F3,train_44b6_t10_p43_boundary,train,44b6_d29c9ab2,10,boundary,0.4,1,14,0,1,1,1.6750116604071745
variant_F3,train_44b6_t10_p43_boundary,train,44b6_d29c9ab2,10,boundary,0.5,1,10,0,1,1,1.6750116604071745
variant_F3,train_44b6_t10_p43_boundary,train,44b6_d29c9ab2,10,boundary,0.7,1,3,0,0,0,
variant_F3,train_44b6_t10_p43_boundary,train,44b6_d29c9ab2,10,boundary,0.8,1,0,0,0,0,
variant_F3,inner_val_6bba_t85_p01_crowded,inner_val,6bba_bb9f20c3,85,crowded,0.1,5,26,1,2,2,1.1247679600606222
variant_F3,inner_val_6bba_t85_p01_crowded,inner_val,6bba_bb9f20c3,85,crowded,0.2,5,25,1,2,2,1.1247679600606222
variant_F3,inner_val_6bba_t85_p01_crowded,inner_val,6bba_bb9f20c3,85,crowded,0.3,5,24,1,2,2,1.1247679600606222
variant_F3,inner_val_6bba_t85_p01_crowded,inner_val,6bba_bb9f20c3,85,crowded,0.4,5,24,1,2,2,1.1247679600606222
variant_F3,inner_val_6bba_t85_p01_crowded,inner_val,6bba_bb9f20c3,85,crowded,0.5,5,16,1,2,2,1.1247679600606222
variant_F3,inner_val_6bba_t85_p01_crowded,inner_val,6bba_bb9f20c3,85,crowded,0.7,5,1,0,0,0,
variant_F3,inner_val_6bba_t85_p01_crowded,inner_val,6bba_bb9f20c3,85,crowded,0.8,5,0,0,0,0,
variant_F3,inner_val_6bba_t75_p02_crowded,inner_val,6bba_bb9f20c3,75,crowded,0.1,2,22,2,2,2,0.4903871298570349
variant_F3,inner_val_6bba_t75_p02_crowded,inner_val,6bba_bb9f20c3,75,crowded,0.2,2,21,2,2,2,0.4903871298570349
variant_F3,inner_val_6bba_t75_p02_crowded,inner_val,6bba_bb9f20c3,75,crowded,0.3,2,21,2,2,2,0.4903871298570349
variant_F3,inner_val_6bba_t75_p02_crowded,inner_val,6bba_bb9f20c3,75,crowded,0.4,2,19,2,2,2,0.4903871298570349
variant_F3,inner_val_6bba_t75_p02_crowded,inner_val,6bba_bb9f20c3,75,crowded,0.5,2,18,2,2,2,0.4903871298570349
variant_F3,inner_val_6bba_t75_p02_crowded,inner_val,6bba_bb9f20c3,75,crowded,0.7,2,1,0,0,0,
variant_F3,inner_val_6bba_t75_p02_crowded,inner_val,6bba_bb9f20c3,75,crowded,0.8,2,0,0,0,0,
variant_F3,inner_val_6bba_t85_p03_crowded,inner_val,6bba_bb9f20c3,85,crowded,0.1,2,19,0,0,0,
variant_F3,inner_val_6bba_t85_p03_crowded,inner_val,6bba_bb9f20c3,85,crowded,0.2,2,17,0,0,0,
variant_F3,inner_val_6bba_t85_p03_crowded,inner_val,6bba_bb9f20c3,85,crowded,0.3,2,17,0,0,0,
variant_F3,inner_val_6bba_t85_p03_crowded,inner_val,6bba_bb9f20c3,85,crowded,0.4,2,17,0,0,0,
variant_F3,inner_val_6bba_t85_p03_crowded,inner_val,6bba_bb9f20c3,85,crowded,0.5,2,14,0,0,0,
variant_F3,inner_val_6bba_t85_p03_crowded,inner_val,6bba_bb9f20c3,85,crowded,0.7,2,1,0,0,0,
variant_F3,inner_val_6bba_t85_p03_crowded,inner_val,6bba_bb9f20c3,85,crowded,0.8,2,1,0,0,0,
variant_F3,inner_val_6bba_t80_p04_crowded,inner_val,6bba_bb9f20c3,80,crowded,0.1,3,27,2,3,3,1.0618859405055117
variant_F3,inner_val_6bba_t80_p04_crowded,inner_val,6bba_bb9f20c3,80,crowded,0.2,3,25,2,3,3,1.0618859405055117
variant_F3,inner_val_6bba_t80_p04_crowded,inner_val,6bba_bb9f20c3,80,crowded,0.3,3,22,2,3,3,1.0618859405055117
variant_F3,inner_val_6bba_t80_p04_crowded,inner_val,6bba_bb9f20c3,80,crowded,0.4,3,18,2,3,3,1.0618859405055117
variant_F3,inner_val_6bba_t80_p04_crowded,inner_val,6bba_bb9f20c3,80,crowded,0.5,3,14,2,3,3,1.0618859405055117
variant_F3,inner_val_6bba_t80_p04_crowded,inner_val,6bba_bb9f20c3,80,crowded,0.7,3,1,1,1,1,0.8125
variant_F3,inner_val_6bba_t80_p04_crowded,inner_val,6bba_bb9f20c3,80,crowded,0.8,3,0,0,0,0,
variant_F3,inner_val_6bba_t75_p05_isolated,inner_val,6bba_bb9f20c3,75,isolated,0.1,1,21,0,0,0,
variant_F3,inner_val_6bba_t75_p05_isolated,inner_val,6bba_bb9f20c3,75,isolated,0.2,1,21,0,0,0,
variant_F3,inner_val_6bba_t75_p05_isolated,inner_val,6bba_bb9f20c3,75,isolated,0.3,1,21,0,0,0,
variant_F3,inner_val_6bba_t75_p05_isolated,inner_val,6bba_bb9f20c3,75,isolated,0.4,1,17,0,0,0,
variant_F3,inner_val_6bba_t75_p05_isolated,inner_val,6bba_bb9f20c3,75,isolated,0.5,1,13,0,0,0,
variant_F3,inner_val_6bba_t75_p05_isolated,inner_val,6bba_bb9f20c3,75,isolated,0.7,1,2,0,0,0,
variant_F3,inner_val_6bba_t75_p05_isolated,inner_val,6bba_bb9f20c3,75,isolated,0.8,1,0,0,0,0,
variant_F3,inner_val_6bba_t75_p06_isolated,inner_val,6bba_bb9f20c3,75,isolated,0.1,1,22,0,0,1,
variant_F3,inner_val_6bba_t75_p06_isolated,inner_val,6bba_bb9f20c3,75,isolated,0.2,1,22,0,0,1,
variant_F3,inner_val_6bba_t75_p06_isolated,inner_val,6bba_bb9f20c3,75,isolated,0.3,1,21,0,0,1,
variant_F3,inner_val_6bba_t75_p06_isolated,inner_val,6bba_bb9f20c3,75,isolated,0.4,1,19,0,0,1,
variant_F3,inner_val_6bba_t75_p06_isolated,inner_val,6bba_bb9f20c3,75,isolated,0.5,1,14,0,0,1,
variant_F3,inner_val_6bba_t75_p06_isolated,inner_val,6bba_bb9f20c3,75,isolated,0.7,1,0,0,0,0,
variant_F3,inner_val_6bba_t75_p06_isolated,inner_val,6bba_bb9f20c3,75,isolated,0.8,1,0,0,0,0,
variant_F3,inner_val_6bba_t90_p07_isolated,inner_val,6bba_bb9f20c3,90,isolated,0.1,1,16,0,0,0,
variant_F3,inner_val_6bba_t90_p07_isolated,inner_val,6bba_bb9f20c3,90,isolated,0.2,1,13,0,0,0,
variant_F3,inner_val_6bba_t90_p07_isolated,inner_val,6bba_bb9f20c3,90,isolated,0.3,1,13,0,0,0,
variant_F3,inner_val_6bba_t90_p07_isolated,inner_val,6bba_bb9f20c3,90,isolated,0.4,1,12,0,0,0,
variant_F3,inner_val_6bba_t90_p07_isolated,inner_val,6bba_bb9f20c3,90,isolated,0.5,1,9,0,0,0,
variant_F3,inner_val_6bba_t90_p07_isolated,inner_val,6bba_bb9f20c3,90,isolated,0.7,1,1,0,0,0,
variant_F3,inner_val_6bba_t90_p07_isolated,inner_val,6bba_bb9f20c3,90,isolated,0.8,1,0,0,0,0,
variant_F3,inner_val_6bba_t90_p08_boundary,inner_val,6bba_bb9f20c3,90,boundary,0.1,1,17,0,0,0,
variant_F3,inner_val_6bba_t90_p08_boundary,inner_val,6bba_bb9f20c3,90,boundary,0.2,1,13,0,0,0,
variant_F3,inner_val_6bba_t90_p08_boundary,inner_val,6bba_bb9f20c3,90,boundary,0.3,1,13,0,0,0,
variant_F3,inner_val_6bba_t90_p08_boundary,inner_val,6bba_bb9f20c3,90,boundary,0.4,1,13,0,0,0,
variant_F3,inner_val_6bba_t90_p08_boundary,inner_val,6bba_bb9f20c3,90,boundary,0.5,1,10,0,0,0,
variant_F3,inner_val_6bba_t90_p08_boundary,inner_val,6bba_bb9f20c3,90,boundary,0.7,1,5,0,0,0,
variant_F3,inner_val_6bba_t90_p08_boundary,inner_val,6bba_bb9f20c3,90,boundary,0.8,1,0,0,0,0,
variant_F3,inner_val_6bba_t90_p09_zero_annotation,inner_val,6bba_bb9f20c3,90,zero_annotation,0.1,0,19,0,0,0,
variant_F3,inner_val_6bba_t90_p09_zero_annotation,inner_val,6bba_bb9f20c3,90,zero_annotation,0.2,0,17,0,0,0,
variant_F3,inner_val_6bba_t90_p09_zero_annotation,inner_val,6bba_bb9f20c3,90,zero_annotation,0.3,0,13,0,0,0,
variant_F3,inner_val_6bba_t90_p09_zero_annotation,inner_val,6bba_bb9f20c3,90,zero_annotation,0.4,0,7,0,0,0,
variant_F3,inner_val_6bba_t90_p09_zero_annotation,inner_val,6bba_bb9f20c3,90,zero_annotation,0.5,0,5,0,0,0,
variant_F3,inner_val_6bba_t90_p09_zero_annotation,inner_val,6bba_bb9f20c3,90,zero_annotation,0.7,0,1,0,0,0,
variant_F3,inner_val_6bba_t90_p09_zero_annotation,inner_val,6bba_bb9f20c3,90,zero_annotation,0.8,0,0,0,0,0,
variant_F3,inner_val_6bba_t90_p10_zero_annotation,inner_val,6bba_bb9f20c3,90,zero_annotation,0.1,0,22,0,0,0,
variant_F3,inner_val_6bba_t90_p10_zero_annotation,inner_val,6bba_bb9f20c3,90,zero_annotation,0.2,0,22,0,0,0,
variant_F3,inner_val_6bba_t90_p10_zero_annotation,inner_val,6bba_bb9f20c3,90,zero_annotation,0.3,0,17,0,0,0,
variant_F3,inner_val_6bba_t90_p10_zero_annotation,inner_val,6bba_bb9f20c3,90,zero_annotation,0.4,0,8,0,0,0,
variant_F3,inner_val_6bba_t90_p10_zero_annotation,inner_val,6bba_bb9f20c3,90,zero_annotation,0.5,0,3,0,0,0,
variant_F3,inner_val_6bba_t90_p10_zero_annotation,inner_val,6bba_bb9f20c3,90,zero_annotation,0.7,0,1,0,0,0,
variant_F3,inner_val_6bba_t90_p10_zero_annotation,inner_val,6bba_bb9f20c3,90,zero_annotation,0.8,0,0,0,0,0,
variant_F3,inner_val_44b6_t80_p01_crowded,inner_val,44b6_d29c9ab2,80,crowded,0.1,3,32,1,2,3,1.015625
variant_F3,inner_val_44b6_t80_p01_crowded,inner_val,44b6_d29c9ab2,80,crowded,0.2,3,28,1,2,3,1.015625
variant_F3,inner_val_44b6_t80_p01_crowded,inner_val,44b6_d29c9ab2,80,crowded,0.3,3,25,1,2,3,1.015625
variant_F3,inner_val_44b6_t80_p01_crowded,inner_val,44b6_d29c9ab2,80,crowded,0.4,3,23,1,2,3,1.015625
variant_F3,inner_val_44b6_t80_p01_crowded,inner_val,44b6_d29c9ab2,80,crowded,0.5,3,20,1,2,3,1.015625
variant_F3,inner_val_44b6_t80_p01_crowded,inner_val,44b6_d29c9ab2,80,crowded,0.7,3,1,0,1,1,1.625
variant_F3,inner_val_44b6_t80_p01_crowded,inner_val,44b6_d29c9ab2,80,crowded,0.8,3,0,0,0,0,
variant_F3,inner_val_44b6_t85_p02_crowded,inner_val,44b6_d29c9ab2,85,crowded,0.1,3,34,1,2,2,0.8375058302035873
variant_F3,inner_val_44b6_t85_p02_crowded,inner_val,44b6_d29c9ab2,85,crowded,0.2,3,33,1,2,2,0.8375058302035873
variant_F3,inner_val_44b6_t85_p02_crowded,inner_val,44b6_d29c9ab2,85,crowded,0.3,3,29,1,2,2,0.8375058302035873
variant_F3,inner_val_44b6_t85_p02_crowded,inner_val,44b6_d29c9ab2,85,crowded,0.4,3,27,1,2,2,0.8375058302035873
variant_F3,inner_val_44b6_t85_p02_crowded,inner_val,44b6_d29c9ab2,85,crowded,0.5,3,21,1,2,2,0.8375058302035873
variant_F3,inner_val_44b6_t85_p02_crowded,inner_val,44b6_d29c9ab2,85,crowded,0.7,3,0,0,0,0,
variant_F3,inner_val_44b6_t85_p02_crowded,inner_val,44b6_d29c9ab2,85,crowded,0.8,3,0,0,0,0,
variant_F3,inner_val_44b6_t90_p03_crowded,inner_val,44b6_d29c9ab2,90,crowded,0.1,2,28,0,1,2,1.6750116604071745
variant_F3,inner_val_44b6_t90_p03_crowded,inner_val,44b6_d29c9ab2,90,crowded,0.2,2,26,0,1,2,1.6750116604071745
variant_F3,inner_val_44b6_t90_p03_crowded,inner_val,44b6_d29c9ab2,90,crowded,0.3,2,26,0,1,2,1.6750116604071745
variant_F3,inner_val_44b6_t90_p03_crowded,inner_val,44b6_d29c9ab2,90,crowded,0.4,2,24,0,1,2,1.6750116604071745
variant_F3,inner_val_44b6_t90_p03_crowded,inner_val,44b6_d29c9ab2,90,crowded,0.5,2,20,0,1,2,1.6750116604071745
variant_F3,inner_val_44b6_t90_p03_crowded,inner_val,44b6_d29c9ab2,90,crowded,0.7,2,1,0,0,0,
variant_F3,inner_val_44b6_t90_p03_crowded,inner_val,44b6_d29c9ab2,90,crowded,0.8,2,0,0,0,0,
variant_F3,inner_val_44b6_t70_p04_crowded,inner_val,44b6_d29c9ab2,70,crowded,0.1,2,28,0,0,0,
variant_F3,inner_val_44b6_t70_p04_crowded,inner_val,44b6_d29c9ab2,70,crowded,0.2,2,27,0,0,0,
variant_F3,inner_val_44b6_t70_p04_crowded,inner_val,44b6_d29c9ab2,70,crowded,0.3,2,24,0,0,0,
variant_F3,inner_val_44b6_t70_p04_crowded,inner_val,44b6_d29c9ab2,70,crowded,0.4,2,23,0,0,0,
variant_F3,inner_val_44b6_t70_p04_crowded,inner_val,44b6_d29c9ab2,70,crowded,0.5,2,18,0,0,0,
variant_F3,inner_val_44b6_t70_p04_crowded,inner_val,44b6_d29c9ab2,70,crowded,0.7,2,2,0,0,0,
variant_F3,inner_val_44b6_t70_p04_crowded,inner_val,44b6_d29c9ab2,70,crowded,0.8,2,1,0,0,0,
variant_F3,inner_val_44b6_t90_p05_isolated,inner_val,44b6_d29c9ab2,90,isolated,0.1,1,25,1,1,1,0.40625
variant_F3,inner_val_44b6_t90_p05_isolated,inner_val,44b6_d29c9ab2,90,isolated,0.2,1,24,1,1,1,0.40625
variant_F3,inner_val_44b6_t90_p05_isolated,inner_val,44b6_d29c9ab2,90,isolated,0.3,1,23,1,1,1,0.40625
variant_F3,inner_val_44b6_t90_p05_isolated,inner_val,44b6_d29c9ab2,90,isolated,0.4,1,23,1,1,1,0.40625
variant_F3,inner_val_44b6_t90_p05_isolated,inner_val,44b6_d29c9ab2,90,isolated,0.5,1,19,1,1,1,0.40625
variant_F3,inner_val_44b6_t90_p05_isolated,inner_val,44b6_d29c9ab2,90,isolated,0.7,1,7,1,1,1,0.40625
variant_F3,inner_val_44b6_t90_p05_isolated,inner_val,44b6_d29c9ab2,90,isolated,0.8,1,0,0,0,0,
variant_F3,inner_val_44b6_t75_p06_isolated,inner_val,44b6_d29c9ab2,75,isolated,0.1,1,31,0,1,1,1.625
variant_F3,inner_val_44b6_t75_p06_isolated,inner_val,44b6_d29c9ab2,75,isolated,0.2,1,30,0,1,1,1.625
variant_F3,inner_val_44b6_t75_p06_isolated,inner_val,44b6_d29c9ab2,75,isolated,0.3,1,30,0,1,1,1.625
variant_F3,inner_val_44b6_t75_p06_isolated,inner_val,44b6_d29c9ab2,75,isolated,0.4,1,27,0,1,1,1.625
variant_F3,inner_val_44b6_t75_p06_isolated,inner_val,44b6_d29c9ab2,75,isolated,0.5,1,20,0,1,1,1.625
variant_F3,inner_val_44b6_t75_p06_isolated,inner_val,44b6_d29c9ab2,75,isolated,0.7,1,0,0,0,0,
variant_F3,inner_val_44b6_t75_p06_isolated,inner_val,44b6_d29c9ab2,75,isolated,0.8,1,0,0,0,0,
variant_F3,inner_val_44b6_t70_p07_isolated,inner_val,44b6_d29c9ab2,70,isolated,0.1,1,29,1,1,1,0.8125
variant_F3,inner_val_44b6_t70_p07_isolated,inner_val,44b6_d29c9ab2,70,isolated,0.2,1,28,1,1,1,0.8125
variant_F3,inner_val_44b6_t70_p07_isolated,inner_val,44b6_d29c9ab2,70,isolated,0.3,1,26,1,1,1,0.8125
variant_F3,inner_val_44b6_t70_p07_isolated,inner_val,44b6_d29c9ab2,70,isolated,0.4,1,24,1,1,1,0.8125
variant_F3,inner_val_44b6_t70_p07_isolated,inner_val,44b6_d29c9ab2,70,isolated,0.5,1,20,1,1,1,0.8125
variant_F3,inner_val_44b6_t70_p07_isolated,inner_val,44b6_d29c9ab2,70,isolated,0.7,1,3,1,1,1,0.8125
variant_F3,inner_val_44b6_t70_p07_isolated,inner_val,44b6_d29c9ab2,70,isolated,0.8,1,0,0,0,0,
variant_F3,inner_val_44b6_t70_p08_boundary,inner_val,44b6_d29c9ab2,70,boundary,0.1,1,35,1,1,1,0.0
variant_F3,inner_val_44b6_t70_p08_boundary,inner_val,44b6_d29c9ab2,70,boundary,0.2,1,32,1,1,1,0.0
variant_F3,inner_val_44b6_t70_p08_boundary,inner_val,44b6_d29c9ab2,70,boundary,0.3,1,31,1,1,1,0.0
variant_F3,inner_val_44b6_t70_p08_boundary,inner_val,44b6_d29c9ab2,70,boundary,0.4,1,31,1,1,1,0.0
variant_F3,inner_val_44b6_t70_p08_boundary,inner_val,44b6_d29c9ab2,70,boundary,0.5,1,26,1,1,1,0.0
variant_F3,inner_val_44b6_t70_p08_boundary,inner_val,44b6_d29c9ab2,70,boundary,0.7,1,1,0,0,0,
variant_F3,inner_val_44b6_t70_p08_boundary,inner_val,44b6_d29c9ab2,70,boundary,0.8,1,0,0,0,0,
variant_F3,inner_val_44b6_t90_p09_zero_annotation,inner_val,44b6_d29c9ab2,90,zero_annotation,0.1,0,37,0,0,0,
variant_F3,inner_val_44b6_t90_p09_zero_annotation,inner_val,44b6_d29c9ab2,90,zero_annotation,0.2,0,36,0,0,0,
variant_F3,inner_val_44b6_t90_p09_zero_annotation,inner_val,44b6_d29c9ab2,90,zero_annotation,0.3,0,34,0,0,0,
variant_F3,inner_val_44b6_t90_p09_zero_annotation,inner_val,44b6_d29c9ab2,90,zero_annotation,0.4,0,29,0,0,0,
variant_F3,inner_val_44b6_t90_p09_zero_annotation,inner_val,44b6_d29c9ab2,90,zero_annotation,0.5,0,19,0,0,0,
variant_F3,inner_val_44b6_t90_p09_zero_annotation,inner_val,44b6_d29c9ab2,90,zero_annotation,0.7,0,1,0,0,0,
variant_F3,inner_val_44b6_t90_p09_zero_annotation,inner_val,44b6_d29c9ab2,90,zero_annotation,0.8,0,0,0,0,0,
variant_F3,inner_val_44b6_t70_p10_zero_annotation,inner_val,44b6_d29c9ab2,70,zero_annotation,0.1,0,16,0,0,0,
variant_F3,inner_val_44b6_t70_p10_zero_annotation,inner_val,44b6_d29c9ab2,70,zero_annotation,0.2,0,15,0,0,0,
variant_F3,inner_val_44b6_t70_p10_zero_annotation,inner_val,44b6_d29c9ab2,70,zero_annotation,0.3,0,8,0,0,0,
variant_F3,inner_val_44b6_t70_p10_zero_annotation,inner_val,44b6_d29c9ab2,70,zero_annotation,0.4,0,5,0,0,0,
variant_F3,inner_val_44b6_t70_p10_zero_annotation,inner_val,44b6_d29c9ab2,70,zero_annotation,0.5,0,1,0,0,0,
variant_F3,inner_val_44b6_t70_p10_zero_annotation,inner_val,44b6_d29c9ab2,70,zero_annotation,0.7,0,0,0,0,0,
variant_F3,inner_val_44b6_t70_p10_zero_annotation,inner_val,44b6_d29c9ab2,70,zero_annotation,0.8,0,0,0,0,0,
variant_F3,held_out_val_6bba_t20_p01_crowded,held_out_val,6bba_43fea39d,20,crowded,0.1,3,14,0,0,0,
variant_F3,held_out_val_6bba_t20_p01_crowded,held_out_val,6bba_43fea39d,20,crowded,0.2,3,14,0,0,0,
variant_F3,held_out_val_6bba_t20_p01_crowded,held_out_val,6bba_43fea39d,20,crowded,0.3,3,14,0,0,0,
variant_F3,held_out_val_6bba_t20_p01_crowded,held_out_val,6bba_43fea39d,20,crowded,0.4,3,12,0,0,0,
variant_F3,held_out_val_6bba_t20_p01_crowded,held_out_val,6bba_43fea39d,20,crowded,0.5,3,11,0,0,0,
variant_F3,held_out_val_6bba_t20_p01_crowded,held_out_val,6bba_43fea39d,20,crowded,0.7,3,1,0,0,0,
variant_F3,held_out_val_6bba_t20_p01_crowded,held_out_val,6bba_43fea39d,20,crowded,0.8,3,0,0,0,0,
variant_F3,held_out_val_6bba_t35_p02_crowded,held_out_val,6bba_43fea39d,35,crowded,0.1,3,13,0,1,1,1.8168052317185792
variant_F3,held_out_val_6bba_t35_p02_crowded,held_out_val,6bba_43fea39d,35,crowded,0.2,3,13,0,1,1,1.8168052317185792
variant_F3,held_out_val_6bba_t35_p02_crowded,held_out_val,6bba_43fea39d,35,crowded,0.3,3,12,0,1,1,1.8168052317185792
variant_F3,held_out_val_6bba_t35_p02_crowded,held_out_val,6bba_43fea39d,35,crowded,0.4,3,10,0,1,1,1.8168052317185792
variant_F3,held_out_val_6bba_t35_p02_crowded,held_out_val,6bba_43fea39d,35,crowded,0.5,3,7,0,1,1,1.8168052317185792
variant_F3,held_out_val_6bba_t35_p02_crowded,held_out_val,6bba_43fea39d,35,crowded,0.7,3,0,0,0,0,
variant_F3,held_out_val_6bba_t35_p02_crowded,held_out_val,6bba_43fea39d,35,crowded,0.8,3,0,0,0,0,
variant_F3,held_out_val_6bba_t50_p03_crowded,held_out_val,6bba_43fea39d,50,crowded,0.1,2,10,0,0,1,
variant_F3,held_out_val_6bba_t50_p03_crowded,held_out_val,6bba_43fea39d,50,crowded,0.2,2,9,0,0,1,
variant_F3,held_out_val_6bba_t50_p03_crowded,held_out_val,6bba_43fea39d,50,crowded,0.3,2,9,0,0,1,
variant_F3,held_out_val_6bba_t50_p03_crowded,held_out_val,6bba_43fea39d,50,crowded,0.4,2,9,0,0,1,
variant_F3,held_out_val_6bba_t50_p03_crowded,held_out_val,6bba_43fea39d,50,crowded,0.5,2,9,0,0,1,
variant_F3,held_out_val_6bba_t50_p03_crowded,held_out_val,6bba_43fea39d,50,crowded,0.7,2,0,0,0,0,
variant_F3,held_out_val_6bba_t50_p03_crowded,held_out_val,6bba_43fea39d,50,crowded,0.8,2,0,0,0,0,
variant_F3,held_out_val_6bba_t20_p04_crowded,held_out_val,6bba_43fea39d,20,crowded,0.1,2,14,0,0,1,
variant_F3,held_out_val_6bba_t20_p04_crowded,held_out_val,6bba_43fea39d,20,crowded,0.2,2,14,0,0,1,
variant_F3,held_out_val_6bba_t20_p04_crowded,held_out_val,6bba_43fea39d,20,crowded,0.3,2,13,0,0,1,
variant_F3,held_out_val_6bba_t20_p04_crowded,held_out_val,6bba_43fea39d,20,crowded,0.4,2,13,0,0,1,
variant_F3,held_out_val_6bba_t20_p04_crowded,held_out_val,6bba_43fea39d,20,crowded,0.5,2,8,0,0,1,
variant_F3,held_out_val_6bba_t20_p04_crowded,held_out_val,6bba_43fea39d,20,crowded,0.7,2,0,0,0,0,
variant_F3,held_out_val_6bba_t20_p04_crowded,held_out_val,6bba_43fea39d,20,crowded,0.8,2,0,0,0,0,
variant_F3,held_out_val_6bba_t80_p05_isolated,held_out_val,6bba_43fea39d,80,isolated,0.1,1,10,0,1,1,1.9902104160113323
variant_F3,held_out_val_6bba_t80_p05_isolated,held_out_val,6bba_43fea39d,80,isolated,0.2,1,9,0,1,1,1.9902104160113323
variant_F3,held_out_val_6bba_t80_p05_isolated,held_out_val,6bba_43fea39d,80,isolated,0.3,1,9,0,1,1,1.9902104160113323
variant_F3,held_out_val_6bba_t80_p05_isolated,held_out_val,6bba_43fea39d,80,isolated,0.4,1,9,0,1,1,1.9902104160113323
variant_F3,held_out_val_6bba_t80_p05_isolated,held_out_val,6bba_43fea39d,80,isolated,0.5,1,7,0,1,1,1.9902104160113323
variant_F3,held_out_val_6bba_t80_p05_isolated,held_out_val,6bba_43fea39d,80,isolated,0.7,1,1,0,0,1,
variant_F3,held_out_val_6bba_t80_p05_isolated,held_out_val,6bba_43fea39d,80,isolated,0.8,1,0,0,0,0,
variant_F3,held_out_val_6bba_t35_p06_isolated,held_out_val,6bba_43fea39d,35,isolated,0.1,1,11,0,0,0,
variant_F3,held_out_val_6bba_t35_p06_isolated,held_out_val,6bba_43fea39d,35,isolated,0.2,1,11,0,0,0,
variant_F3,held_out_val_6bba_t35_p06_isolated,held_out_val,6bba_43fea39d,35,isolated,0.3,1,10,0,0,0,
variant_F3,held_out_val_6bba_t35_p06_isolated,held_out_val,6bba_43fea39d,35,isolated,0.4,1,9,0,0,0,
variant_F3,held_out_val_6bba_t35_p06_isolated,held_out_val,6bba_43fea39d,35,isolated,0.5,1,7,0,0,0,
variant_F3,held_out_val_6bba_t35_p06_isolated,held_out_val,6bba_43fea39d,35,isolated,0.7,1,1,0,0,0,
variant_F3,held_out_val_6bba_t35_p06_isolated,held_out_val,6bba_43fea39d,35,isolated,0.8,1,0,0,0,0,
variant_F3,held_out_val_6bba_t35_p07_isolated,held_out_val,6bba_43fea39d,35,isolated,0.1,1,13,0,0,1,
variant_F3,held_out_val_6bba_t35_p07_isolated,held_out_val,6bba_43fea39d,35,isolated,0.2,1,13,0,0,1,
variant_F3,held_out_val_6bba_t35_p07_isolated,held_out_val,6bba_43fea39d,35,isolated,0.3,1,13,0,0,1,
variant_F3,held_out_val_6bba_t35_p07_isolated,held_out_val,6bba_43fea39d,35,isolated,0.4,1,13,0,0,1,
variant_F3,held_out_val_6bba_t35_p07_isolated,held_out_val,6bba_43fea39d,35,isolated,0.5,1,9,0,0,1,
variant_F3,held_out_val_6bba_t35_p07_isolated,held_out_val,6bba_43fea39d,35,isolated,0.7,1,0,0,0,0,
variant_F3,held_out_val_6bba_t35_p07_isolated,held_out_val,6bba_43fea39d,35,isolated,0.8,1,0,0,0,0,
variant_F3,held_out_val_6bba_t80_p08_isolated,held_out_val,6bba_43fea39d,80,isolated,0.1,1,14,0,0,0,
variant_F3,held_out_val_6bba_t80_p08_isolated,held_out_val,6bba_43fea39d,80,isolated,0.2,1,13,0,0,0,
variant_F3,held_out_val_6bba_t80_p08_isolated,held_out_val,6bba_43fea39d,80,isolated,0.3,1,13,0,0,0,
variant_F3,held_out_val_6bba_t80_p08_isolated,held_out_val,6bba_43fea39d,80,isolated,0.4,1,12,0,0,0,
variant_F3,held_out_val_6bba_t80_p08_isolated,held_out_val,6bba_43fea39d,80,isolated,0.5,1,8,0,0,0,
variant_F3,held_out_val_6bba_t80_p08_isolated,held_out_val,6bba_43fea39d,80,isolated,0.7,1,0,0,0,0,
variant_F3,held_out_val_6bba_t80_p08_isolated,held_out_val,6bba_43fea39d,80,isolated,0.8,1,0,0,0,0,
variant_F3,held_out_val_6bba_t20_p09_boundary,held_out_val,6bba_43fea39d,20,boundary,0.1,1,17,0,0,0,
variant_F3,held_out_val_6bba_t20_p09_boundary,held_out_val,6bba_43fea39d,20,boundary,0.2,1,13,0,0,0,
variant_F3,held_out_val_6bba_t20_p09_boundary,held_out_val,6bba_43fea39d,20,boundary,0.3,1,13,0,0,0,
variant_F3,held_out_val_6bba_t20_p09_boundary,held_out_val,6bba_43fea39d,20,boundary,0.4,1,13,0,0,0,
variant_F3,held_out_val_6bba_t20_p09_boundary,held_out_val,6bba_43fea39d,20,boundary,0.5,1,13,0,0,0,
variant_F3,held_out_val_6bba_t20_p09_boundary,held_out_val,6bba_43fea39d,20,boundary,0.7,1,2,0,0,0,
variant_F3,held_out_val_6bba_t20_p09_boundary,held_out_val,6bba_43fea39d,20,boundary,0.8,1,0,0,0,0,
variant_F3,held_out_val_6bba_t50_p10_boundary,held_out_val,6bba_43fea39d,50,boundary,0.1,1,11,0,0,0,
variant_F3,held_out_val_6bba_t50_p10_boundary,held_out_val,6bba_43fea39d,50,boundary,0.2,1,8,0,0,0,
variant_F3,held_out_val_6bba_t50_p10_boundary,held_out_val,6bba_43fea39d,50,boundary,0.3,1,8,0,0,0,
variant_F3,held_out_val_6bba_t50_p10_boundary,held_out_val,6bba_43fea39d,50,boundary,0.4,1,7,0,0,0,
variant_F3,held_out_val_6bba_t50_p10_boundary,held_out_val,6bba_43fea39d,50,boundary,0.5,1,4,0,0,0,
variant_F3,held_out_val_6bba_t50_p10_boundary,held_out_val,6bba_43fea39d,50,boundary,0.7,1,1,0,0,0,
variant_F3,held_out_val_6bba_t50_p10_boundary,held_out_val,6bba_43fea39d,50,boundary,0.8,1,0,0,0,0,
variant_F3,held_out_val_6bba_t35_p11_zero_annotation,held_out_val,6bba_43fea39d,35,zero_annotation,0.1,0,47,0,0,0,
variant_F3,held_out_val_6bba_t35_p11_zero_annotation,held_out_val,6bba_43fea39d,35,zero_annotation,0.2,0,43,0,0,0,
variant_F3,held_out_val_6bba_t35_p11_zero_annotation,held_out_val,6bba_43fea39d,35,zero_annotation,0.3,0,28,0,0,0,
variant_F3,held_out_val_6bba_t35_p11_zero_annotation,held_out_val,6bba_43fea39d,35,zero_annotation,0.4,0,19,0,0,0,
variant_F3,held_out_val_6bba_t35_p11_zero_annotation,held_out_val,6bba_43fea39d,35,zero_annotation,0.5,0,9,0,0,0,
variant_F3,held_out_val_6bba_t35_p11_zero_annotation,held_out_val,6bba_43fea39d,35,zero_annotation,0.7,0,3,0,0,0,
variant_F3,held_out_val_6bba_t35_p11_zero_annotation,held_out_val,6bba_43fea39d,35,zero_annotation,0.8,0,0,0,0,0,
variant_F3,held_out_val_6bba_t65_p12_zero_annotation,held_out_val,6bba_43fea39d,65,zero_annotation,0.1,0,22,0,0,0,
variant_F3,held_out_val_6bba_t65_p12_zero_annotation,held_out_val,6bba_43fea39d,65,zero_annotation,0.2,0,20,0,0,0,
variant_F3,held_out_val_6bba_t65_p12_zero_annotation,held_out_val,6bba_43fea39d,65,zero_annotation,0.3,0,12,0,0,0,
variant_F3,held_out_val_6bba_t65_p12_zero_annotation,held_out_val,6bba_43fea39d,65,zero_annotation,0.4,0,5,0,0,0,
variant_F3,held_out_val_6bba_t65_p12_zero_annotation,held_out_val,6bba_43fea39d,65,zero_annotation,0.5,0,3,0,0,0,
variant_F3,held_out_val_6bba_t65_p12_zero_annotation,held_out_val,6bba_43fea39d,65,zero_annotation,0.7,0,1,0,0,0,
variant_F3,held_out_val_6bba_t65_p12_zero_annotation,held_out_val,6bba_43fea39d,65,zero_annotation,0.8,0,0,0,0,0,
