frame,source_prediction_id,target_prediction_id,static_distance_um,motion_distance_um,static_assignment,motion_assignment,gt_source_id,gt_target_id,is_gt_edge,assignment_changed
0,0,25,7.6284,7.6284,0,0,-1,-1,0,0
0,1,1,7.2256,7.2256,0,0,-1,-1,0,0
0,2,76,6.9626,6.9626,0,0,-1,-1,0,0
0,2,180,7.1889,7.1889,0,0,-1,-1,0,0
0,3,18,5.642,5.642,0,0,-1,-1,0,0
0,3,24,7.3175,7.3175,0,0,-1,-1,0,0
0,3,52,3.4596,3.4596,0,0,-1,-1,0,0
0,3,57,5.6227,5.6227,0,0,-1,-1,0,0
0,4,61,3.564,3.564,0,0,-1,-1,0,0
0,4,90,6.507,6.507,0,0,-1,-1,0,0
0,4,145,5.6582,5.6582,0,0,-1,-1,0,0
0,5,13,6.1124,6.1124,0,0,-1,-1,0,0
0,5,61,7.4343,7.4343,0,0,-1,-1,0,0
0,5,90,6.7397,6.7397,0,0,-1,-1,0,0
0,6,9,6.9419,6.9419,0,0,-1,-1,0,0
0,6,12,5.4173,5.4173,0,0,-1,-1,0,0
0,6,38,2.0316,2.0316,1,1,-1,-1,0,0
0,7,0,7.8615,7.8615,0,0,-1,-1,0,0
0,7,19,4.758,4.758,0,0,-1,-1,0,0
0,9,2,6.0912,6.0912,0,0,-1,-1,0,0
0,9,6,4.1049,4.1049,0,0,-1,-1,0,0
0,9,14,7.581,7.581,0,0,-1,-1,0,0
0,9,16,4.7448,4.7448,0,0,-1,-1,0,0
0,10,3,5.3786,5.3786,0,0,-1,-1,0,0
0,10,7,5.4329,5.4329,0,0,-1,-1,0,0
0,10,8,4.2959,4.2959,0,0,-1,-1,0,0
0,11,180,5.2805,5.2805,0,0,-1,-1,0,0
0,11,184,5.4774,5.4774,0,0,-1,-1,0,0
0,12,1,4.7502,4.7502,0,0,-1,-1,0,0
0,12,6,3.6991,3.6991,0,0,-1,-1,0,0
0,12,14,4.73,4.73,0,0,-1,-1,0,0
0,13,44,7.6941,7.6941,0,0,-1,-1,0,0
0,13,62,5.6825,5.6825,0,0,-1,-1,0,0
0,13,69,5.124,5.124,0,0,-1,-1,0,0
0,15,27,4.4133,4.4133,0,0,-1,-1,0,0
0,15,40,3.8008,3.8008,0,0,-1,-1,0,0
0,15,47,3.1888,3.1888,0,0,-1,-1,0,0
0,15,125,6.808,6.808,0,0,-1,-1,0,0
0,15,183,2.2481,2.2481,0,0,-1,-1,0,0
0,18,3,7.0065,7.0065,0,0,-1,-1,0,0
0,18,7,7.1188,7.1188,0,0,-1,-1,0,0
0,18,8,7.8575,7.8575,0,0,-1,-1,0,0
0,18,61,7.8695,7.8695,0,0,-1,-1,0,0
0,18,90,5.5326,5.5326,0,0,-1,-1,0,0
0,18,145,7.5396,7.5396,0,0,-1,-1,0,0
0,19,19,5.534,5.534,0,0,-1,-1,0,0
0,19,34,2.3118,2.3118,1,1,-1,-1,0,0
0,19,184,7.8492,7.8492,0,0,-1,-1,0,0
0,20,5,7.4121,7.4121,0,0,-1,-1,0,0
0,20,9,4.4237,4.4237,0,0,-1,-1,0,0
0,20,10,6.4698,6.4698,0,0,-1,-1,0,0
0,20,12,6.1419,6.1419,0,0,-1,-1,0,0
0,21,3,7.3621,7.3621,0,0,-1,-1,0,0
0,21,61,5.9573,5.9573,0,0,-1,-1,0,0
0,21,90,5.2807,5.2807,0,0,-1,-1,0,0
0,21,145,5.8162,5.8162,0,0,-1,-1,0,0
0,22,1,5.9004,5.9004,0,0,-1,-1,0,0
0,22,6,2.0153,2.0153,1,1,-1,-1,0,0
0,22,14,3.5849,3.5849,0,0,-1,-1,0,0
0,23,0,7.7383,7.7383,0,0,-1,-1,0,0
0,23,35,4.8202,4.8202,0,0,-1,-1,0,0
0,23,185,6.8304,6.8304,0,0,-1,-1,0,0
0,24,52,6.7181,6.7181,0,0,-1,-1,0,0
0,24,57,7.3922,7.3922,0,0,-1,-1,0,0
0,25,5,5.5014,5.5014,0,0,-1,-1,0,0
0,25,17,5.4892,5.4892,0,0,-1,-1,0,0
0,25,33,6.3105,6.3105,0,0,-1,-1,0,0
0,26,101,5.7104,5.7104,0,0,-1,-1,0,0
0,26,124,7.1223,7.1223,0,0,-1,-1,0,0
0,27,125,5.5062,5.5062,0,0,-1,-1,0,0
0,27,150,5.7462,5.7462,0,0,-1,-1,0,0
0,27,151,7.4715,7.4715,0,0,-1,-1,0,0
0,28,17,7.3315,7.3315,0,0,-1,-1,0,0
0,28,34,3.8427,3.8427,0,0,-1,-1,0,0
0,28,184,7.5668,7.5668,0,0,-1,-1,0,0
0,29,35,6.8081,6.8081,0,0,-1,-1,0,0
0,29,185,3.6905,3.6905,0,0,-1,-1,0,0
0,30,3,7.4279,7.4279,0,0,-1,-1,0,0
0,30,7,4.6666,4.6666,0,0,-1,-1,0,0
0,30,8,6.7512,6.7512,0,0,-1,-1,0,0
0,31,16,7.331,7.331,0,0,-1,-1,0,0
0,31,27,5.5931,5.5931,0,0,-1,-1,0,0
0,31,40,6.059,6.059,0,0,-1,-1,0,0
0,31,125,3.1914,3.1914,0,0,-1,-1,0,0
0,31,150,4.9159,4.9159,0,0,-1,-1,0,0
0,31,151,5.6302,5.6302,0,0,-1,-1,0,0
0,32,10,5.9031,5.9031,0,0,-1,-1,0,0
0,32,26,6.9959,6.9959,0,0,-1,-1,0,0
0,32,63,3.4909,3.4909,0,0,-1,-1,0,0
0,32,187,3.334,3.334,0,0,-1,-1,0,0
0,33,35,6.2628,6.2628,0,0,-1,-1,0,0
0,33,185,6.1261,6.1261,0,0,-1,-1,0,0
0,34,180,2.7614,2.7614,1,1,-1,-1,0,0
0,34,184,3.3348,3.3348,0,0,-1,-1,0,0
0,35,10,5.9417,5.9417,0,0,-1,-1,0,0
0,35,183,7.5789,7.5789,0,0,-1,-1,0,0
0,36,17,1.6529,1.6529,0,0,-1,-1,0,0
0,36,31,5.2858,5.2858,0,0,-1,-1,0,0
0,36,33,7.8718,7.8718,0,0,-1,-1,0,0
0,36,34,7.4945,7.4945,0,0,-1,-1,0,0
0,37,32,5.557,5.557,0,0,-1,-1,0,0
0,37,45,4.8358,4.8358,0,0,-1,-1,0,0
0,37,157,2.3084,2.3084,0,0,-1,-1,0,0
0,37,161,2.6465,2.6465,1,1,-1,-1,0,0
0,38,124,7.1076,7.1076,0,0,-1,-1,0,0
0,38,130,7.521,7.521,0,0,-1,-1,0,0
0,38,166,4.5598,4.5598,0,0,-1,-1,0,0
0,39,17,3.3075,3.3075,0,0,-1,-1,0,0
0,39,31,7.3373,7.3373,0,0,-1,-1,0,0
0,39,34,6.5809,6.5809,0,0,-1,-1,0,0
0,40,60,6.5291,6.5291,0,0,-1,-1,0,0
0,40,79,6.1096,6.1096,0,0,-1,-1,0,0
0,40,127,7.7295,7.7295,0,0,-1,-1,0,0
0,41,10,7.6833,7.6833,0,0,-1,-1,0,0
0,41,63,6.6773,6.6773,0,0,-1,-1,0,0
0,42,92,7.839,7.839,0,0,-1,-1,0,0
0,44,84,3.7638,3.7638,0,0,-1,-1,0,0
0,44,156,7.0503,7.0503,0,0,-1,-1,0,0
0,45,28,6.2018,6.2018,0,0,-1,-1,0,0
0,45,49,7.7427,7.7427,0,0,-1,-1,0,0
0,45,51,6.523,6.523,0,0,-1,-1,0,0
0,46,60,3.246,3.246,0,0,-1,-1,0,0
0,46,79,3.5226,3.5226,0,0,-1,-1,0,0
0,47,27,3.576,3.576,0,0,-1,-1,0,0
0,47,40,5.4305,5.4305,0,0,-1,-1,0,0
0,47,47,3.0616,3.0616,0,0,-1,-1,0,0
0,47,125,6.9051,6.9051,0,0,-1,-1,0,0
0,47,183,3.839,3.839,0,0,-1,-1,0,0
0,48,63,5.6573,5.6573,0,0,-1,-1,0,0
0,49,5,0.7046,0.7046,0,0,-1,-1,0,0
0,50,60,4.3952,4.3952,0,0,-1,-1,0,0
0,50,79,1.9011,1.9011,1,1,-1,-1,0,0
0,50,127,7.5634,7.5634,0,0,-1,-1,0,0
0,51,32,7.1324,7.1324,0,0,-1,-1,0,0
0,51,39,5.7161,5.7161,0,0,-1,-1,0,0
0,52,44,7.5704,7.5704,0,0,-1,-1,0,0
0,53,15,7.8417,7.8417,0,0,-1,-1,0,0
0,53,22,7.6452,7.6452,0,0,-1,-1,0,0
0,53,29,5.5201,5.5201,0,0,-1,-1,0,0
0,53,36,5.0804,5.0804,0,0,-1,-1,0,0
0,53,43,6.5316,6.5316,0,0,-1,-1,0,0
0,54,84,6.6569,6.6569,0,0,-1,-1,0,0
0,54,132,6.7855,6.7855,0,0,-1,-1,0,0
0,54,154,6.1667,6.1667,0,0,-1,-1,0,0
0,55,56,7.6176,7.6176,0,0,-1,-1,0,0
0,55,66,2.9626,2.9626,1,1,-1,-1,0,0
0,55,139,7.6613,7.6613,0,0,-1,-1,0,0
0,56,15,4.3904,4.3904,0,0,-1,-1,0,0
0,56,36,3.3387,3.3387,0,0,-1,-1,0,0
0,56,43,7.6244,7.6244,0,0,-1,-1,0,0
0,57,50,6.5765,6.5765,0,0,-1,-1,0,0
0,57,87,4.8678,4.8678,0,0,-1,-1,0,0
0,57,92,3.6173,3.6173,0,0,-1,-1,0,0
0,57,96,2.5488,2.5488,1,1,-1,-1,0,0
0,57,177,7.5959,7.5959,0,0,-1,-1,0,0
0,57,182,4.6765,4.6765,0,0,-1,-1,0,0
0,58,56,4.6156,4.6156,0,0,-1,-1,0,0
0,58,64,6.3558,6.3558,0,0,-1,-1,0,0
0,58,66,5.6055,5.6055,0,0,-1,-1,0,0
0,59,20,4.9566,4.9566,0,0,-1,-1,0,0
0,59,177,2.6917,2.6917,1,1,-1,-1,0,0
0,61,49,7.4109,7.4109,0,0,-1,-1,0,0
0,61,51,3.7452,3.7452,0,0,-1,-1,0,0
0,61,54,6.3265,6.3265,0,0,-1,-1,0,0
0,61,70,5.0679,5.0679,0,0,-1,-1,0,0
0,61,169,5.2883,5.2883,0,0,-1,-1,0,0
0,62,111,6.1215,6.1215,0,0,-1,-1,0,0
0,62,137,2.3296,2.3296,1,1,-1,-1,0,0
0,62,154,4.1333,4.1333,0,0,-1,-1,0,0
0,62,162,7.8991,7.8991,0,0,-1,-1,0,0
0,62,176,5.1558,5.1558,0,0,-1,-1,0,0
0,63,39,7.1784,7.1784,0,0,-1,-1,0,0
0,63,64,5.9795,5.9795,0,0,-1,-1,0,0
0,63,129,6.2717,6.2717,0,0,-1,-1,0,0
0,63,186,4.6095,4.6095,0,0,-1,-1,0,0
0,64,75,7.4898,7.4898,0,0,-1,-1,0,0
0,64,93,6.5704,6.5704,0,0,-1,-1,0,0
0,64,146,5.6804,5.6804,0,0,-1,-1,0,0
0,65,28,6.8975,6.8975,0,0,-1,-1,0,0
0,65,51,6.5559,6.5559,0,0,-1,-1,0,0
0,65,108,6.2933,6.2933,0,0,-1,-1,0,0
0,65,169,1.552,1.552,1,1,-1,-1,0,0
0,66,83,4.7118,4.7118,0,0,-1,-1,0,0
0,66,98,5.5877,5.5877,0,0,-1,-1,0,0
0,66,117,6.8008,6.8008,0,0,-1,-1,0,0
0,67,48,7.3608,7.3608,0,0,-1,-1,0,0
0,67,71,6.54,6.54,0,0,-1,-1,0,0
0,67,101,5.4584,5.4584,0,0,-1,-1,0,0
0,68,72,7.4275,7.4275,0,0,-1,-1,0,0
0,69,94,6.1788,6.1788,0,0,-1,-1,0,0
0,69,136,2.5297,2.5297,1,1,-1,-1,0,0
0,70,68,7.8609,7.8609,0,0,-1,-1,0,0
0,70,75,3.8183,3.8183,0,0,-1,-1,0,0
0,70,132,4.7771,4.7771,0,0,-1,-1,0,0
0,71,79,7.8352,7.8352,0,0,-1,-1,0,0
0,71,127,4.1476,4.1476,0,0,-1,-1,0,0
0,72,83,7.2628,7.2628,0,0,-1,-1,0,0
0,72,110,5.3186,5.3186,0,0,-1,-1,0,0
0,72,117,6.8743,6.8743,0,0,-1,-1,0,0
0,73,30,6.9409,6.9409,0,0,-1,-1,0,0
0,73,155,7.7245,7.7245,0,0,-1,-1,0,0
0,74,11,7.16,7.16,0,0,-1,-1,0,0
0,74,165,6.6726,6.6726,0,0,-1,-1,0,0
0,75,67,5.4568,5.4568,0,0,-1,-1,0,0
0,75,78,7.3998,7.3998,0,0,-1,-1,0,0
0,75,119,6.6191,6.6191,0,0,-1,-1,0,0
0,76,148,7.8758,7.8758,0,0,-1,2000013,0,0
0,77,30,5.0461,5.0461,0,0,-1,-1,0,0
0,77,78,7.8998,7.8998,0,0,-1,-1,0,0
0,77,119,6.1079,6.1079,0,0,-1,-1,0,0
0,78,11,6.6496,6.6496,0,0,-1,-1,0,0
0,78,165,3.2403,3.2403,0,0,-1,-1,0,0
0,80,67,5.8705,5.8705,0,0,-1,-1,0,0
0,80,78,6.0301,6.0301,0,0,-1,-1,0,0
0,81,48,7.326,7.326,0,0,-1,-1,0,0
0,82,28,7.5564,7.5564,0,0,-1,-1,0,0
0,82,49,7.5277,7.5277,0,0,-1,-1,0,0
0,82,51,3.9998,3.9998,0,0,-1,-1,0,0
0,82,169,4.5513,4.5513,0,0,-1,-1,0,0
0,83,39,1.0913,1.0913,1,1,-1,-1,0,0
0,83,56,5.6332,5.6332,0,0,-1,-1,0,0
0,83,64,3.7989,3.7989,0,0,-1,-1,0,0
0,84,52,6.0951,6.0951,0,0,-1,-1,0,0
0,84,57,5.452,5.452,0,0,-1,-1,0,0
0,85,139,6.0403,6.0403,0,0,-1,-1,0,0
0,85,167,3.9146,3.9146,0,0,-1,-1,0,0
0,86,111,7.7359,7.7359,0,0,-1,-1,0,0
0,86,135,7.6055,7.6055,0,0,-1,-1,0,0
0,86,137,6.6374,6.6374,0,0,-1,-1,0,0
0,86,154,4.6968,4.6968,0,0,-1,-1,0,0
0,86,162,4.9729,4.9729,0,0,-1,-1,0,0
0,86,164,4.0926,4.0926,0,0,-1,-1,0,0
0,87,65,3.1542,3.1542,0,0,-1,-1,0,0
0,87,114,6.7688,6.7688,0,0,-1,-1,0,0
0,87,138,6.0698,6.0698,0,0,-1,-1,0,0
0,87,153,5.6559,5.6559,0,0,-1,-1,0,0
0,88,94,5.1094,5.1094,0,0,-1,-1,0,0
0,88,111,5.0377,5.0377,0,0,-1,-1,0,0
0,89,85,4.59,4.59,0,0,-1,-1,0,0
0,89,89,6.7125,6.7125,0,0,-1,-1,0,0
0,89,131,3.6499,3.6499,0,0,-1,-1,0,0
0,90,43,5.3735,5.3735,0,0,-1,-1,0,0
0,90,55,3.7248,3.7248,0,0,-1,-1,0,0
0,91,11,4.7743,4.7743,0,0,-1,-1,0,0
0,91,165,7.219,7.219,0,0,-1,-1,0,0
0,92,100,7.3471,7.3471,0,0,-1,-1,0,0
0,92,112,4.2611,4.2611,0,0,-1,-1,0,0
0,92,158,6.1126,6.1126,0,0,-1,-1,0,0
0,92,168,7.0387,7.0387,0,0,-1,-1,0,0
0,92,181,7.2908,7.2908,0,0,-1,-1,0,0
0,94,11,3.8592,3.8592,0,0,-1,-1,0,0
0,94,23,7.3513,7.3513,0,0,-1,-1,0,0
0,94,165,5.7755,5.7755,0,0,-1,-1,0,0
0,95,129,4.4692,4.4692,0,0,-1,-1,0,0
0,95,186,4.1552,4.1552,0,0,-1,-1,0,0
0,95,188,4.0676,4.0676,0,0,-1,-1,0,0
0,96,129,4.2434,4.2434,0,0,-1,-1,0,0
0,96,186,1.8767,1.8767,1,1,-1,-1,0,0
0,96,188,5.2132,5.2132,0,0,-1,-1,0,0
0,97,106,3.1326,3.1326,0,0,-1,-1,0,0
0,97,119,7.5011,7.5011,0,0,-1,-1,0,0
0,97,126,7.6195,7.6195,0,0,-1,-1,0,0
0,97,133,3.1248,3.1248,0,0,-1,-1,0,0
0,97,170,3.8173,3.8173,0,0,-1,-1,0,0
0,98,32,6.376,6.376,0,0,-1,-1,0,0
0,98,45,4.5967,4.5967,0,0,-1,-1,0,0
0,98,157,1.9822,1.9822,1,1,-1,-1,0,0
0,98,161,3.6261,3.6261,0,0,-1,-1,0,0
0,99,120,5.609,5.609,0,0,-1,-1,0,0
0,99,121,1.9184,1.9184,1,1,-1,-1,0,0
0,99,140,7.4698,7.4698,0,0,-1,-1,0,0
0,99,156,5.4007,5.4007,0,0,-1,-1,0,0
0,100,43,3.3105,3.3105,0,0,-1,-1,0,0
0,100,55,0.8091,0.8091,1,1,-1,-1,0,0
0,100,58,4.8458,4.8458,0,0,-1,-1,0,0
0,101,10,4.4689,4.4689,0,0,-1,-1,0,0
0,101,26,3.8258,3.8258,0,0,-1,-1,0,0
0,101,63,3.042,3.042,0,0,-1,-1,0,0
0,101,187,7.2905,7.2905,0,0,-1,-1,0,0
0,103,100,6.8729,6.8729,0,0,-1,-1,0,0
0,103,112,4.8147,4.8147,0,0,-1,-1,0,0
0,103,158,5.8815,5.8815,0,0,-1,-1,0,0
0,103,168,5.5989,5.5989,0,0,-1,-1,0,0
0,103,181,3.8013,3.8013,0,0,-1,-1,0,0
0,104,100,6.7925,6.7925,0,0,-1,-1,0,0
0,104,112,3.296,3.296,0,0,-1,-1,0,0
0,104,158,6.6109,6.6109,0,0,-1,-1,0,0
0,104,168,5.7728,5.7728,0,0,-1,-1,0,0
0,104,181,5.1757,5.1757,0,0,-1,-1,0,0
0,105,23,7.893,7.893,0,0,-1,-1,0,0
0,105,48,4.8283,4.8283,0,0,-1,-1,0,0
0,106,140,4.5635,4.5635,0,0,-1,-1,0,0
0,106,155,3.7975,3.7975,0,0,-1,-1,0,0
0,106,156,6.7426,6.7426,0,0,-1,-1,0,0
0,107,75,7.0745,7.0745,0,0,-1,-1,0,0
0,107,93,6.549,6.549,0,0,-1,-1,0,0
0,107,123,7.2127,7.2127,0,0,-1,-1,0,0
0,107,146,2.4304,2.4304,1,1,-1,-1,0,0
0,108,111,7.0543,7.0543,0,0,-1,-1,0,0
0,108,139,6.6096,6.6096,0,0,-1,-1,0,0
0,108,167,2.6874,2.6874,0,0,-1,-1,0,0
0,108,176,7.8088,7.8088,0,0,-1,-1,0,0
0,109,95,3.4597,3.4597,0,0,-1,-1,0,0
0,109,107,4.9308,4.9308,0,0,-1,-1,0,0
0,109,115,2.8413,2.8413,0,0,-1,-1,0,0
0,109,159,2.4161,2.4161,1,1,-1,-1,0,0
0,110,77,3.05,3.05,0,0,-1,-1,0,0
0,110,80,3.9301,3.9301,0,0,-1,-1,0,0
0,110,86,3.5811,3.5811,0,0,-1,-1,0,0
0,110,87,7.4529,7.4529,0,0,-1,-1,0,0
0,110,110,4.6119,4.6119,0,0,-1,-1,0,0
0,111,107,5.5106,5.5106,0,0,-1,-1,0,0
0,111,126,6.9036,6.9036,0,0,-1,-1,0,0
0,111,134,3.3469,3.3469,0,0,-1,-1,0,0
0,112,96,7.5755,7.5755,0,0,-1,-1,0,0
0,112,99,5.7598,5.7598,0,0,-1,-1,0,0
0,112,177,7.3475,7.3475,0,0,-1,-1,0,0
0,112,182,2.3861,2.3861,1,1,-1,-1,0,0
0,113,23,5.9431,5.9431,0,0,-1,-1,0,0
0,113,48,6.9025,6.9025,0,0,-1,-1,0,0
0,114,171,2.331,2.331,1,1,-1,-1,0,0
0,115,50,6.6811,6.6811,0,0,-1,-1,0,0
0,115,77,2.8479,2.8479,1,1,-1,-1,0,0
0,115,80,4.6513,4.6513,0,0,-1,-1,0,0
0,115,86,6.0503,6.0503,0,0,-1,-1,0,0
0,115,87,5.1137,5.1137,0,0,-1,-1,0,0
0,115,96,7.3069,7.3069,0,0,-1,-1,0,0
0,116,2,6.296,6.296,0,0,-1,-1,0,0
0,116,16,4.5935,4.5935,0,0,-1,-1,0,0
0,116,150,4.2748,4.2748,0,0,-1,-1,0,0
0,116,151,3.358,3.358,0,0,-1,-1,0,0
0,117,21,6.2081,6.2081,0,0,-1,-1,0,0
0,117,41,7.3885,7.3885,0,0,-1,-1,0,0
0,118,21,5.6574,5.6574,0,0,-1,-1,0,0
0,118,41,4.6959,4.6959,0,0,-1,-1,0,0
0,118,188,6.5083,6.5083,0,0,-1,-1,0,0
0,119,15,5.4019,5.4019,0,0,-1,-1,0,0
0,119,29,6.539,6.539,0,0,-1,-1,0,0
0,119,36,7.4504,7.4504,0,0,-1,-1,0,0
0,120,97,4.7022,4.7022,0,0,-1,-1,0,0
0,120,129,2.7394,2.7394,1,1,-1,-1,0,0
0,120,186,5.5404,5.5404,0,0,-1,-1,0,0
0,121,22,2.2455,2.2455,1,1,-1,-1,0,0
0,121,29,4.1822,4.1822,0,0,-1,-1,0,0
0,121,104,2.1513,2.1513,0,0,-1,-1,0,0
0,122,112,3.401,3.401,0,0,-1,-1,0,0
0,122,158,6.6756,6.6756,0,0,-1,-1,0,0
0,122,168,3.8897,3.8897,0,0,-1,-1,0,0
0,122,175,2.4152,2.4152,1,1,-1,-1,0,0
0,122,181,6.6785,6.6785,0,0,-1,-1,0,0
0,123,59,4.145,4.145,0,0,-1,-1,0,0
0,123,68,3.8492,3.8492,0,0,-1,-1,0,0
0,123,74,2.7448,2.7448,0,0,-1,-1,0,0
0,123,82,1.3828,1.3828,0,0,-1,-1,0,0
0,123,88,2.3149,2.3149,1,1,-1,-1,0,0
0,124,109,2.5294,2.5294,1,1,-1,-1,0,0
0,124,113,4.5395,4.5395,0,0,-1,-1,0,0
0,125,141,2.8607,2.8607,1,1,-1,-1,0,0
0,126,172,3.351,3.351,0,0,-1,-1,0,0
0,126,178,5.2866,5.2866,0,0,-1,-1,0,0
0,126,179,4.8622,4.8622,0,0,-1,2000011,0,0
0,127,18,5.0924,5.0924,0,0,-1,-1,0,0
0,127,24,5.1561,5.1561,0,0,-1,-1,0,0
0,127,52,1.8192,1.8192,0,0,-1,-1,0,0
0,127,57,2.0321,2.0321,0,0,-1,-1,0,0
0,128,50,7.9816,7.9816,0,0,-1,-1,0,0
0,128,77,1.9989,1.9989,0,0,-1,-1,0,0
0,128,80,2.1958,2.1958,1,1,-1,-1,0,0
0,128,86,4.4189,4.4189,0,0,-1,-1,0,0
0,128,87,7.2655,7.2655,0,0,-1,-1,0,0
0,129,109,3.1333,3.1333,0,0,-1,-1,0,0
0,129,113,3.9224,3.9224,0,0,-1,-1,0,0
0,130,56,7.0261,7.0261,0,0,-1,-1,0,0
0,131,20,7.9116,7.9116,0,0,-1,-1,0,0
0,132,116,4.6586,4.6586,0,0,-1,-1,0,0
0,132,122,7.3538,7.3538,0,0,-1,-1,0,0
0,133,73,2.3014,2.3014,1,1,-1,-1,0,0
0,133,102,4.0946,4.0946,0,0,-1,-1,0,0
0,133,105,3.0317,3.0317,0,0,-1,-1,0,0
0,134,66,7.9192,7.9192,0,0,-1,-1,0,0
0,134,139,3.1805,3.1805,0,0,-1,-1,0,0
0,134,167,5.1173,5.1173,0,0,-1,-1,0,0
0,136,95,5.1075,5.1075,0,0,-1,-1,0,0
0,136,107,5.867,5.867,0,0,-1,-1,0,0
0,136,115,7.2663,7.2663,0,0,-1,-1,0,0
0,136,134,6.3708,6.3708,0,0,-1,-1,0,0
0,136,173,7.7592,7.7592,0,0,-1,-1,0,0
0,137,152,3.6595,3.6595,0,0,-1,-1,0,0
0,137,174,7.21,7.21,0,0,-1,-1,0,0
0,138,30,4.4142,4.4142,0,0,-1,-1,0,0
0,138,91,6.9855,6.9855,0,0,-1,-1,0,0
0,138,149,7.365,7.365,0,0,-1,-1,0,0
0,140,95,6.1588,6.1588,0,0,-1,-1,0,0
0,140,107,4.1272,4.1272,0,0,-1,-1,0,0
0,140,115,6.4094,6.4094,0,0,-1,-1,0,0
0,140,159,4.1395,4.1395,0,0,-1,-1,0,0
0,141,172,5.4094,5.4094,0,0,1000004,-1,0,0
0,141,179,8.4845,8.4845,0,0,1000004,2000011,1,0
0,142,171,4.9997,4.9997,0,0,-1,-1,0,0
0,143,112,5.423,5.423,0,0,-1,-1,0,0
0,143,158,4.9615,4.9615,0,0,-1,-1,0,0
0,143,168,2.4853,2.4853,1,1,-1,-1,0,0
0,143,175,4.6827,4.6827,0,0,-1,-1,0,0
0,143,181,5.4176,5.4176,0,0,-1,-1,0,0
0,144,59,7.9019,7.9019,0,0,-1,-1,0,0
0,144,68,6.3335,6.3335,0,0,-1,-1,0,0
0,144,74,2.8788,2.8788,1,1,-1,-1,0,0
0,144,75,7.9262,7.9262,0,0,-1,-1,0,0
0,144,82,6.3484,6.3484,0,0,-1,-1,0,0
0,144,88,4.3918,4.3918,0,0,-1,-1,0,0
0,144,123,6.9937,6.9937,0,0,-1,-1,0,0
0,145,112,4.7201,4.7201,0,0,-1,-1,0,0
0,145,158,3.0002,3.0002,0,0,-1,-1,0,0
0,145,168,2.5005,2.5005,0,0,-1,-1,0,0
0,145,175,5.8838,5.8838,0,0,-1,-1,0,0
0,145,181,5.1754,5.1754,0,0,-1,-1,0,0
0,146,67,2.4302,2.4302,1,1,-1,-1,0,0
0,146,98,5.5434,5.5434,0,0,-1,-1,0,0
0,147,42,2.53,2.53,1,1,-1,-1,0,0
0,147,46,5.7754,5.7754,0,0,-1,-1,0,0
0,147,81,3.5603,3.5603,0,0,-1,-1,0,0
0,147,83,7.1713,7.1713,0,0,-1,-1,0,0
0,148,42,5.5356,5.5356,0,0,-1,-1,0,0
0,148,46,7.5901,7.5901,0,0,-1,-1,0,0
0,148,81,4.0352,4.0352,0,0,-1,-1,0,0
0,149,15,2.4723,2.4723,1,1,-1,-1,0,0
0,149,31,7.9602,7.9602,0,0,-1,-1,0,0
0,149,36,6.2954,6.2954,0,0,-1,-1,0,0
0,150,116,3.16,3.16,0,0,-1,-1,0,0
0,150,122,5.2503,5.2503,0,0,-1,-1,0,0
0,150,144,7.0042,7.0042,0,0,-1,-1,0,0
0,151,126,4.1312,4.1312,0,0,-1,-1,0,0
0,151,134,5.3364,5.3364,0,0,-1,-1,0,0
0,152,32,5.5853,5.5853,0,0,-1,-1,0,0
0,152,45,4.1367,4.1367,0,0,-1,-1,0,0
0,152,103,6.5468,6.5468,0,0,-1,-1,0,0
0,152,157,6.0925,6.0925,0,0,-1,-1,0,0
0,152,161,7.8264,7.8264,0,0,-1,-1,0,0
0,153,48,3.8273,3.8273,0,0,-1,-1,0,0
0,153,71,4.5644,4.5644,0,0,-1,-1,0,0
0,153,76,6.7472,6.7472,0,0,-1,-1,0,0
0,153,101,7.4661,7.4661,0,0,-1,-1,0,0
0,154,119,7.9087,7.9087,0,0,-1,-1,0,0
0,154,126,3.8463,3.8463,0,0,-1,-1,0,0
0,154,133,5.2863,5.2863,0,0,-1,-1,0,0
0,154,134,3.9263,3.9263,0,0,-1,-1,0,0
0,155,59,4.818,4.818,0,0,-1,-1,0,0
0,155,68,6.0519,6.0519,0,0,-1,-1,0,0
0,155,74,5.64,5.64,0,0,-1,-1,0,0
0,155,82,2.4816,2.4816,1,1,-1,-1,0,0
0,155,88,4.0881,4.0881,0,0,-1,-1,0,0
0,156,27,6.8134,6.8134,0,0,-1,-1,0,0
0,156,125,4.2622,4.2622,0,0,-1,-1,0,0
0,156,150,5.7195,5.7195,0,0,-1,-1,0,0
0,156,151,7.1018,7.1018,0,0,-1,-1,0,0
0,157,142,4.7495,4.7495,0,0,1000007,-1,0,0
0,157,148,7.04,7.04,0,0,1000007,2000013,1,0
0,158,99,6.6106,6.6106,0,0,-1,-1,0,0
0,158,108,7.3642,7.3642,0,0,-1,-1,0,0
0,158,117,3.2755,3.2755,0,0,-1,-1,0,0
0,159,100,4.4137,4.4137,0,0,-1,-1,0,0
0,159,174,6.1713,6.1713,0,0,-1,-1,0,0
0,160,58,7.7059,7.7059,0,0,-1,-1,0,0
0,160,78,6.9221,6.9221,0,0,-1,-1,0,0
0,160,103,4.4652,4.4652,0,0,-1,-1,0,0
0,161,116,7.636,7.636,0,0,-1,-1,0,0
0,161,122,7.2348,7.2348,0,0,-1,-1,0,0
0,161,144,5.7744,5.7744,0,0,-1,-1,0,0
0,161,147,4.5119,4.5119,0,0,-1,-1,0,0
0,161,160,7.5654,7.5654,0,0,-1,-1,0,0
0,162,120,5.2423,5.2423,0,0,-1,-1,0,0
0,163,37,7.3425,7.3425,0,0,-1,-1,0,0
0,163,142,1.333,1.333,1,1,-1,-1,0,0
0,163,143,6.0657,6.0657,0,0,-1,-1,0,0
1,0,0,3.3291,3.3291,0,0,-1,-1,0,0
1,1,1,2.2445,2.2445,1,1,-1,-1,0,0
1,1,8,5.4044,5.4044,0,0,-1,-1,0,0
1,1,21,7.4312,7.4312,0,0,-1,-1,0,0
1,2,4,2.6997,2.6997,0,0,-1,-1,0,0
1,2,18,3.9448,3.9448,0,0,-1,-1,0,0
1,2,131,7.6673,7.6673,0,0,-1,-1,0,0
1,3,7,3.7867,3.7867,0,0,-1,-1,0,0
1,3,10,2.3839,2.3839,0,0,-1,-1,0,0
1,3,12,0.9244,0.9244,1,1,-1,-1,0,0
1,3,20,3.2382,3.2382,0,0,-1,-1,0,0
1,3,78,6.8686,6.8686,0,0,-1,-1,0,0
1,4,17,1.0309,1.0309,1,1,-1,-1,0,0
1,4,35,3.03,3.03,0,0,-1,-1,0,0
1,4,158,5.6783,5.6783,0,0,-1,-1,0,0
1,5,24,4.1475,4.1475,0,0,-1,-1,0,0
1,5,67,3.2052,3.2052,0,0,-1,-1,0,0
1,5,146,7.6826,7.6826,0,0,-1,-1,0,0
1,5,153,6.8419,6.8419,0,0,-1,-1,0,0
1,6,1,5.9311,7.0655,0,0,-1,-1,0,0
1,6,8,1.4259,2.9789,1,0,-1,-1,0,1
1,6,21,2.1775,2.8404,0,1,-1,-1,0,1
1,7,7,1.0655,1.0655,1,1,-1,-1,0,0
1,7,10,1.913,1.913,0,0,-1,-1,0,0
1,7,12,3.3069,3.3069,0,0,-1,-1,0,0
1,7,20,3.3538,3.3538,0,0,-1,-1,0,0
1,7,78,7.9265,7.9265,0,0,-1,-1,0,0
1,8,7,3.0861,3.0861,0,0,-1,-1,0,0
1,8,10,2.4552,2.4552,0,0,-1,-1,0,0
1,8,12,1.2445,1.2445,0,0,-1,-1,0,0
1,8,20,1.9144,1.9144,1,1,-1,-1,0,0
1,8,78,7.959,7.959,0,0,-1,-1,0,0
1,9,14,5.1444,5.1444,0,0,-1,-1,0,0
1,9,41,4.5226,4.5226,0,0,-1,-1,0,0
1,9,67,6.202,6.202,0,0,-1,-1,0,0
1,10,33,1.5941,1.5941,0,0,-1,-1,0,0
1,10,37,6.746,6.746,0,0,-1,-1,0,0
1,10,53,3.7451,3.7451,0,0,-1,-1,0,0
1,10,155,7.464,7.464,0,0,-1,-1,0,0
1,11,16,5.4264,5.4264,0,0,-1,-1,0,0
1,11,28,1.9114,1.9114,1,1,-1,-1,0,0
1,12,14,3.134,3.134,0,0,-1,-1,0,0
1,12,37,7.4453,7.4453,0,0,-1,-1,0,0
1,12,41,4.8555,4.8555,0,0,-1,-1,0,0
1,13,15,2.4814,2.4814,1,1,-1,-1,0,0
1,14,1,5.2996,5.2996,0,0,-1,-1,0,0
1,14,6,7.4811,7.4811,0,0,-1,-1,0,0
1,14,8,2.3233,2.3233,0,1,-1,-1,0,1
1,14,21,5.6886,5.6886,0,0,-1,-1,0,0
1,15,11,4.9899,6.0447,0,0,-1,-1,0,0
1,15,19,7.0692,7.9266,0,0,-1,-1,0,0
1,15,27,5.7816,6.5936,0,0,-1,-1,0,0
1,15,32,1.8115,3.5638,1,0,-1,-1,0,1
1,16,4,0.5696,0.5696,1,1,-1,-1,0,0
1,16,18,5.685,5.685,0,0,-1,-1,0,0
1,16,21,6.9037,6.9037,0,0,-1,-1,0,0
1,16,131,7.1006,7.1006,0,0,-1,-1,0,0
1,17,2,3.1134,3.1134,0,0,-1,-1,0,0
1,17,19,6.8193,6.8193,0,0,-1,-1,0,0
1,17,29,7.233,7.233,0,0,-1,-1,0,0
1,18,5,1.3546,1.3546,1,1,-1,-1,0,0
1,18,46,5.5147,5.5147,0,0,-1,-1,0,0
1,18,58,5.0786,5.0786,0,0,-1,-1,0,0
1,19,22,1.9343,1.9343,1,1,-1,-1,0,0
1,19,29,6.1643,6.1643,0,0,-1,-1,0,0
1,20,63,5.4111,5.4111,0,0,-1,-1,0,0
1,21,26,4.0151,4.0151,0,0,-1,-1,0,0
1,21,36,1.0133,1.0133,1,1,-1,-1,0,0
1,21,151,7.0924,7.0924,0,0,-1,-1,0,0
1,22,23,3.202,3.9768,0,0,-1,-1,0,0
1,22,64,0.6192,1.8363,1,1,-1,-1,0,0
1,23,16,2.2167,2.2167,1,1,-1,-1,0,0
1,23,28,5.6972,5.6972,0,0,-1,-1,0,0
1,24,5,1.8665,1.8665,0,0,-1,-1,0,0
1,24,46,5.4181,5.4181,0,0,-1,-1,0,0
1,24,58,6.0817,6.0817,0,0,-1,-1,0,0
1,25,6,2.5882,2.5882,0,0,-1,-1,0,0
1,25,25,3.7651,3.7651,0,0,-1,-1,0,0
1,25,39,3.4063,3.4063,0,0,-1,-1,0,0
1,25,56,5.4235,5.4235,0,0,-1,-1,0,0
1,26,33,4.1201,4.1201,0,0,-1,-1,0,0
1,26,37,1.8584,1.8584,1,1,-1,-1,0,0
1,26,53,4.1688,4.1688,0,0,-1,-1,0,0
1,27,44,4.2437,4.2437,0,0,-1,-1,0,0
1,27,49,5.4188,5.4188,0,0,-1,-1,0,0
1,27,51,1.6029,1.6029,1,1,-1,-1,0,0
1,27,131,7.7316,7.7316,0,0,-1,-1,0,0
1,27,132,5.5552,5.5552,0,0,-1,-1,0,0
1,27,148,4.4094,4.4094,0,0,-1,-1,0,0
1,27,153,6.7789,6.7789,0,0,-1,-1,0,0
1,28,17,4.925,4.925,0,0,-1,-1,0,0
1,28,35,3.958,3.958,0,0,-1,-1,0,0
1,28,158,2.1108,2.1108,1,1,-1,-1,0,0
1,29,23,3.3442,3.3442,0,0,-1,-1,0,0
1,29,27,6.1507,6.1507,0,0,-1,-1,0,0
1,29,64,5.7397,5.7397,0,0,-1,-1,0,0
1,30,3,4.1826,4.1826,0,0,-1,-1,0,0
1,31,2,3.6712,3.6712,0,0,-1,-1,0,0
1,31,19,2.5139,2.5139,1,1,-1,-1,0,0
1,31,50,7.9456,7.9456,0,0,-1,-1,0,0
1,32,52,7.6144,7.6144,0,0,-1,-1,0,0
1,32,59,3.5961,3.5961,0,0,-1,-1,0,0
1,33,2,3.347,3.347,0,0,-1,-1,0,0
1,33,19,4.7976,4.7976,0,0,-1,-1,0,0
1,33,50,3.9242,3.9242,0,0,-1,-1,0,0
1,34,22,5.342,6.3216,0,0,-1,-1,0,0
1,34,29,2.1454,3.8113,1,0,-1,-1,0,1
1,35,0,3.5456,3.5456,0,0,-1,-1,0,0
1,35,101,4.5627,4.5627,0,0,-1,-1,0,0
1,36,11,2.6318,2.6318,0,0,-1,-1,0,0
1,36,23,7.477,7.477,0,0,-1,-1,0,0
1,36,27,2.1562,2.1562,1,1,-1,-1,0,0
1,36,32,4.3111,4.3111,0,0,-1,-1,0,0
1,37,25,3.8298,3.8298,0,0,-1,-1,0,0
1,37,56,2.7474,2.7474,1,1,-1,-1,0,0
1,38,14,2.3632,3.5205,0,0,-1,-1,0,0
1,38,41,2.5106,2.0317,1,1,-1,-1,0,0
1,38,42,9.0177,7.8817,0,0,-1,-1,0,0
1,38,76,7.6752,6.0518,0,0,-1,-1,0,0
1,39,38,6.0282,6.5462,0,0,-1,-1,0,0
1,39,52,4.9817,5.721,0,0,-1,-1,0,0
1,39,156,8.3735,7.9951,0,0,-1,-1,0,0
1,40,18,7.8145,7.8145,0,0,-1,-1,0,0
1,40,44,5.307,5.307,0,0,-1,-1,0,0
1,40,49,2.664,2.664,1,1,-1,-1,0,0
1,40,51,2.9387,2.9387,0,0,-1,-1,0,0
1,40,131,6.0491,6.0491,0,0,-1,-1,0,0
1,40,132,6.1813,6.1813,0,0,-1,-1,0,0
1,40,146,5.5969,5.5969,0,0,-1,-1,0,0
1,40,148,7.3406,7.3406,0,0,-1,-1,0,0
1,40,153,6.1626,6.1626,0,0,-1,-1,0,0
1,41,26,3.6338,3.6338,0,0,-1,-1,0,0
1,41,36,2.3642,2.3642,0,0,-1,-1,0,0
1,42,66,2.799,4.9331,0,0,-1,-1,0,0
1,42,94,7.3801,9.1597,0,0,-1,-1,0,0
1,42,96,6.1013,6.9469,0,0,-1,-1,0,0
1,42,142,6.2961,5.8454,0,0,-1,-1,0,0
1,42,150,5.1452,5.1903,0,0,-1,-1,0,0
1,43,11,7.3687,7.3687,0,0,-1,-1,0,0
1,43,27,6.9683,6.9683,0,0,-1,-1,0,0
1,43,31,5.5078,5.5078,0,0,-1,-1,0,0
1,43,55,5.669,5.669,0,0,-1,-1,0,0
1,44,26,7.9749,7.9749,0,0,-1,-1,0,0
1,44,36,3.882,3.882,0,0,-1,-1,0,0
1,44,72,7.7325,7.7325,0,0,-1,-1,0,0
1,44,151,3.1488,3.1488,0,0,-1,-1,0,0
1,45,59,0.7379,0.7379,1,1,-1,-1,0,0
1,46,54,6.5544,6.5544,0,0,-1,-1,0,0
1,46,66,4.2008,4.2008,0,0,-1,-1,0,0
1,46,94,6.2881,6.2881,0,0,-1,-1,0,0
1,46,142,6.0149,6.0149,0,0,-1,-1,0,0
1,46,150,7.6264,7.6264,0,0,-1,-1,0,0
1,47,44,1.7349,1.7349,1,1,-1,-1,0,0
1,47,49,2.5722,2.5722,0,0,-1,-1,0,0
1,47,51,4.0549,4.0549,0,0,-1,-1,0,0
1,47,146,6.3936,6.3936,0,0,-1,-1,0,0
1,47,153,5.2052,5.2052,0,0,-1,-1,0,0
1,48,57,3.1764,3.1764,0,0,-1,-1,0,0
1,48,69,5.8854,5.8854,0,0,-1,-1,0,0
1,48,74,7.7747,7.7747,0,0,-1,-1,0,0
1,48,77,1.174,1.174,1,1,-1,-1,0,0
1,49,24,5.78,5.78,0,0,-1,-1,0,0
1,49,42,4.1286,4.1286,0,0,-1,-1,0,0
1,49,47,3.452,3.452,0,0,-1,-1,0,0
1,49,50,7.8564,7.8564,0,0,-1,-1,0,0
1,50,40,4.3366,4.3366,0,0,-1,-1,0,0
1,50,63,6.6301,6.6301,0,0,-1,-1,0,0
1,50,73,2.8475,2.8475,0,0,-1,-1,0,0
1,50,144,7.7059,7.7059,0,0,-1,-1,0,0
1,51,42,5.0204,5.0204,0,0,-1,-1,0,0
1,51,47,2.2949,2.2949,1,1,-1,-1,0,0
1,51,50,6.4989,6.4989,0,0,-1,-1,0,0
1,51,158,6.9988,6.9988,0,0,-1,-1,0,0
1,52,5,4.5355,4.5355,0,0,-1,-1,0,0
1,52,46,1.9628,1.9628,0,0,-1,-1,0,0
1,52,58,1.8135,1.8135,1,1,-1,-1,0,0
1,53,41,7.4337,7.4337,0,0,-1,-1,0,0
1,53,76,2.0312,2.0312,1,1,-1,-1,0,0
1,54,41,7.3323,7.3323,0,0,-1,-1,0,0
1,54,42,0.7951,0.7951,1,1,-1,-1,0,0
1,54,47,3.4537,3.4537,0,0,-1,-1,0,0
1,54,60,5.433,5.433,0,0,-1,-1,0,0
1,55,31,1.5032,0.7943,1,1,-1,-1,0,0
1,55,55,3.847,3.5896,0,0,-1,-1,0,0
1,56,38,1.2099,1.2099,1,1,-1,-1,0,0
1,56,52,5.6421,5.6421,0,0,-1,-1,0,0
1,56,156,7.5632,7.5632,0,0,-1,-1,0,0
1,57,5,5.2612,5.2612,0,0,-1,-1,0,0
1,57,46,1.7781,1.7781,1,1,-1,-1,0,0
1,57,58,3.7385,3.7385,0,0,-1,-1,0,0
1,58,31,5.3128,5.3128,0,0,-1,-1,0,0
1,58,55,1.6925,1.6925,1,1,-1,-1,0,0
1,59,68,4.7033,4.7033,0,0,-1,-1,0,0
1,59,75,3.5916,3.5916,0,0,-1,-1,0,0
1,59,86,6.8039,6.8039,0,0,-1,-1,0,0
1,60,34,1.887,1.887,1,0,-1,-1,0,1
1,60,65,3.1836,3.1836,0,0,-1,-1,0,0
1,61,13,1.6156,1.6156,1,1,-1,-1,0,0
1,62,72,1.5065,1.5065,1,1,-1,-1,0,0
1,62,90,4.1726,4.1726,0,0,-1,-1,0,0
1,63,30,5.5196,5.5196,0,0,-1,-1,0,0
1,63,33,4.8425,4.8425,0,0,-1,-1,0,0
1,63,37,7.835,7.835,0,0,-1,-1,0,0
1,63,53,1.8962,1.8962,0,0,-1,-1,0,0
1,63,155,5.9749,5.9749,0,0,-1,-1,0,0
1,64,38,4.7431,4.7431,0,0,-1,-1,0,0
1,64,52,6.7269,6.7269,0,0,-1,-1,0,0
1,64,156,5.2392,5.2392,0,0,-1,-1,0,0
1,65,62,1.9874,1.9874,1,1,-1,-1,0,0
1,65,137,7.2602,7.2602,0,0,-1,-1,0,0
1,66,89,2.9572,1.5302,0,1,-1,-1,0,1
1,67,31,9.3793,7.5738,0,0,-1,-1,0,0
1,67,79,4.029,5.7868,0,0,-1,-1,0,0
1,68,68,3.6621,3.6621,0,0,-1,-1,0,0
1,68,75,4.2278,4.2278,0,0,-1,-1,0,0
1,68,86,6.1952,6.1952,0,0,-1,-1,0,0
1,69,34,7.1592,7.1592,0,0,-1,-1,0,0
1,69,65,7.3994,7.3994,0,0,-1,-1,0,0
1,69,72,3.2085,3.2085,0,0,-1,-1,0,0
1,69,90,6.0687,6.0687,0,0,-1,-1,0,0
1,70,42,4.0887,4.0887,0,0,-1,-1,0,0
1,70,47,5.0423,5.0423,0,0,-1,-1,0,0
1,70,60,1.7947,1.7947,1,1,-1,-1,0,0
1,71,57,5.0046,5.0046,0,0,-1,-1,0,0
1,71,69,3.0458,3.0458,0,0,-1,-1,0,0
1,71,74,3.6427,3.6427,0,0,-1,-1,0,0
1,71,77,5.604,5.604,0,0,-1,-1,0,0
1,72,72,4.1096,4.1096,0,0,-1,-1,0,0
1,72,90,3.0621,3.0621,0,0,-1,-1,0,0
1,73,104,3.64,3.9279,0,0,-1,-1,0,0
1,73,114,6.9611,7.8818,0,0,-1,-1,0,0
1,73,130,5.289,5.2342,0,0,-1,-1,0,0
1,74,68,2.7958,2.3527,1,0,-1,-1,0,1
1,74,75,3.7983,1.851,0,1,-1,-1,0,1
1,75,70,1.8767,1.8767,0,0,-1,-1,0,0
1,75,81,1.2726,1.2726,1,1,-1,-1,0,0
1,76,57,7.8485,7.8485,0,0,-1,-1,0,0
1,76,69,4.6484,4.6484,0,0,-1,-1,0,0
1,76,74,3.3105,3.3105,0,0,-1,-1,0,0
1,77,40,5.4606,6.5342,0,0,-1,-1,0,0
1,77,43,3.6732,2.2034,0,0,-1,-1,0,0
1,77,73,5.0504,6.8637,0,0,-1,-1,0,0
1,77,96,8.9398,7.9599,0,0,-1,-1,0,0
1,77,97,6.0585,5.2843,0,0,-1,-1,0,0
1,77,145,3.3867,4.6512,0,0,-1,-1,0,0
1,78,88,1.7662,1.7662,1,1,-1,-1,0,0
1,79,34,4.1206,3.3987,0,0,-1,-1,0,0
1,79,61,7.4773,9.1647,0,0,-1,-1,0,0
1,79,65,1.6345,0.6292,0,1,-1,-1,0,1
1,80,40,6.4075,8.0959,0,0,-1,-1,0,0
1,80,43,1.594,1.1566,1,1,-1,-1,0,0
1,80,73,6.9333,8.5072,0,0,-1,-1,0,0
1,80,96,8.0404,6.5389,0,0,-1,-1,0,0
1,80,97,4.9843,3.7919,0,0,-1,-1,0,0
1,80,145,4.5454,5.0135,0,0,-1,-1,0,0
1,81,54,4.9817,4.9817,0,0,-1,-1,0,0
1,81,66,1.565,1.565,1,1,-1,-1,0,0
1,81,94,3.8255,3.8255,0,0,-1,-1,0,0
1,82,68,1.7022,1.4743,0,1,-1,-1,0,1
1,82,75,1.6057,3.6709,1,0,-1,-1,0,1
1,83,66,7.4305,7.4305,0,0,-1,-1,0,0
1,83,79,7.2392,7.2392,0,0,-1,-1,0,0
1,83,142,1.9409,1.9409,1,1,-1,-1,0,0
1,83,150,2.7173,2.7173,0,0,-1,-1,0,0
1,84,86,1.337,1.337,1,1,-1,-1,0,0
1,84,138,7.3756,7.3756,0,0,-1,-1,0,0
1,85,83,2.8215,2.8215,0,0,-1,-1,0,0
1,85,115,7.7671,7.7671,0,0,-1,-1,0,0
1,85,134,7.2457,7.2457,0,0,-1,-1,0,0
1,86,43,2.021,2.021,0,0,-1,-1,0,0
1,86,96,5.5144,5.5144,0,0,-1,-1,0,0
1,86,97,2.4712,2.4712,1,1,-1,-1,0,0
1,86,145,4.1418,4.1418,0,0,-1,-1,0,0
1,87,40,5.7477,5.7477,0,0,-1,-1,0,0
1,87,73,2.1551,2.1551,1,1,-1,-1,0,0
1,87,145,6.9169,6.9169,0,0,-1,-1,0,0
1,88,68,3.2056,5.4606,0,0,-1,-1,0,0
1,88,75,2.7209,4.8761,0,0,-1,-1,0,0
1,89,83,5.2898,5.2898,0,0,-1,-1,0,0
1,90,13,7.4703,7.4703,0,0,-1,-1,0,0
1,90,78,2.0406,2.0406,1,1,-1,-1,0,0
1,91,48,0.5477,0.5477,1,1,-1,-1,0,0
1,92,40,7.809,7.809,0,0,-1,-1,0,0
1,92,63,4.2189,4.2189,0,0,-1,-1,0,0
1,92,73,5.2699,5.2699,0,0,-1,-1,0,0
1,93,120,1.9561,1.9561,1,1,-1,-1,0,0
1,93,135,4.2298,4.2298,0,0,-1,-1,0,0
1,94,80,4.1995,4.1995,0,0,-1,-1,0,0
1,94,87,3.0386,3.0386,0,0,-1,-1,0,0
1,95,91,1.6114,1.6114,1,1,-1,-1,0,0
1,95,95,4.7826,4.7826,0,0,-1,-1,0,0
1,96,40,8.3316,6.7732,0,0,-1,-1,0,0
1,96,63,6.9866,8.4442,0,0,-1,-1,0,0
1,96,73,4.8051,3.3046,0,0,-1,-1,0,0
1,96,145,8.492,7.162,0,0,-1,-1,0,0
1,97,84,1.5028,1.5028,1,1,-1,-1,0,0
1,97,98,7.0758,7.0758,0,0,-1,-1,0,0
1,97,129,5.8885,5.8885,0,0,-1,-1,0,0
1,98,79,4.364,4.364,0,0,-1,-1,0,0
1,98,117,6.7886,6.7886,0,0,-1,-1,0,0
1,98,118,7.2714,7.2714,0,0,-1,-1,0,0
1,99,82,2.5764,2.5764,1,1,-1,-1,0,0
1,99,117,6.0984,6.0984,0,0,-1,-1,0,0
1,99,118,7.5745,7.5745,0,0,-1,-1,0,0
1,99,139,4.615,4.615,0,0,-1,-1,0,0
1,100,103,1.911,1.911,1,1,-1,-1,0,0
1,100,108,4.0509,4.0509,0,0,-1,-1,0,0
1,101,57,6.0234,6.0234,0,0,-1,-1,0,0
1,101,69,6.4822,6.4822,0,0,-1,-1,0,0
1,101,105,3.4759,3.4759,0,0,-1,-1,0,0
1,102,104,1.2578,1.2578,1,1,-1,-1,0,0
1,102,130,7.8203,7.8203,0,0,-1,-1,0,0
1,103,55,6.5113,6.5113,0,0,-1,-1,0,0
1,103,88,5.8196,5.8196,0,0,-1,-1,0,0
1,104,23,4.4977,4.4977,0,0,-1,-1,0,0
1,104,64,4.4826,4.4826,0,0,-1,-1,0,0
1,105,104,2.1061,2.1061,0,0,-1,-1,0,0
1,105,130,7.1171,7.1171,0,0,-1,-1,0,0
1,106,3,6.8971,6.8971,0,0,-1,-1,0,0
1,106,99,7.3721,7.3721,0,0,-1,-1,0,0
1,106,126,4.6356,4.6356,0,0,-1,-1,0,0
1,106,140,5.6408,5.6408,0,0,-1,-1,0,0
1,107,91,4.703,4.703,0,0,-1,-1,0,0
1,107,95,7.1623,7.1623,0,0,-1,-1,0,0
1,107,133,6.1217,6.1217,0,0,-1,-1,0,0
1,108,35,7.5738,7.5738,0,0,-1,-1,0,0
1,108,82,6.6916,6.6916,0,0,-1,-1,0,0
1,108,117,6.5711,6.5711,0,0,-1,-1,0,0
1,108,139,0.7401,0.7401,1,1,-1,-1,0,0
1,109,125,1.1188,1.465,0,1,-1,-1,0,1
1,109,128,3.6797,5.7725,0,0,-1,-1,0,0
1,110,43,7.1262,7.1262,0,0,-1,-1,0,0
1,110,96,3.7787,3.7787,0,0,-1,-1,0,0
1,110,97,3.799,3.799,0,0,-1,-1,0,0
1,110,145,4.3178,4.3178,0,0,-1,-1,0,0
1,110,150,7.4961,7.4961,0,0,-1,-1,0,0
1,111,85,6.2139,6.2139,0,0,-1,-1,0,0
1,111,93,7.2747,7.2747,0,0,-1,-1,0,0
1,113,125,1.1254,1.1254,1,0,-1,-1,0,1
1,113,128,5.1406,5.1406,0,0,-1,-1,0,0
1,114,62,3.4924,3.4924,0,0,-1,-1,0,0
1,115,91,3.5872,3.5872,0,0,-1,-1,0,0
1,115,95,1.8788,1.8788,1,1,-1,-1,0,0
1,115,112,7.8645,7.8645,0,0,-1,-1,0,0
1,116,40,7.1358,7.1358,0,0,-1,-1,0,0
1,116,100,4.6048,4.6048,0,0,-1,-1,0,0
1,116,109,6.7531,6.7531,0,0,-1,-1,0,0
1,116,113,6.4079,6.4079,0,0,-1,-1,0,0
1,116,121,3.6799,3.6799,0,0,-1,-1,0,0
1,117,82,5.7825,5.7825,0,0,-1,-1,0,0
1,117,117,0.5633,0.5633,1,1,-1,-1,0,0
1,117,118,3.3798,3.3798,0,0,-1,-1,0,0
1,117,139,6.5668,6.5668,0,0,-1,-1,0,0
1,118,71,4.8734,4.8734,0,0,-1,-1,0,0
1,119,3,7.6442,7.6442,0,0,-1,-1,0,0
1,119,99,4.4747,4.4747,0,0,-1,-1,0,0
1,119,152,4.057,4.057,0,0,-1,-1,0,0
1,120,114,5.9053,5.9053,0,0,-1,-1,0,0
1,120,130,4.6883,4.6883,0,0,-1,-1,0,0
1,120,147,3.476,3.476,0,0,-1,-1,0,0
1,120,149,1.581,1.581,1,1,-1,-1,0,0
1,121,107,4.9368,6.45,0,0,-1,-1,0,0
1,121,110,7.7748,9.4512,0,0,-1,-1,0,0
1,121,114,1.8249,0.6856,1,1,-1,-1,0,0
1,121,130,6.4127,5.5442,0,0,-1,-1,0,0
1,121,138,4.1028,3.7397,0,0,-1,-1,0,0
1,121,141,6.7424,7.7574,0,0,-1,3000018,0,0
1,121,147,7.9266,7.5538,0,0,-1,-1,0,0
1,121,149,3.8974,4.1061,0,0,-1,-1,0,0
1,122,100,3.6333,3.6333,0,0,-1,-1,0,0
1,122,109,6.0136,6.0136,0,0,-1,-1,0,0
1,122,113,7.826,7.826,0,0,-1,-1,0,0
1,122,121,5.4288,5.4288,0,0,-1,-1,0,0
1,123,68,7.2533,7.2533,0,0,-1,-1,0,0
1,123,70,6.1411,6.1411,0,0,-1,-1,0,0
1,123,81,7.9134,7.9134,0,0,-1,-1,0,0
1,124,102,3.7293,3.7293,0,0,-1,-1,0,0
1,124,105,3.3193,3.3193,0,0,-1,-1,0,0
1,125,44,7.8983,7.8983,0,0,-1,-1,0,0
1,125,49,7.8219,7.8219,0,0,-1,-1,0,0
1,125,51,3.4104,3.4104,0,0,-1,-1,0,0
1,125,131,5.3982,5.3982,0,0,-1,-1,0,0
1,125,132,2.122,2.122,0,0,-1,-1,0,0
1,125,148,2.794,2.794,1,1,-1,-1,0,0
1,126,99,2.7492,2.7492,0,0,-1,-1,0,0
1,126,133,7.7783,7.7783,0,0,-1,-1,0,0
1,126,143,3.7678,3.7678,0,0,-1,-1,0,0
1,127,45,2.3577,2.3577,1,1,-1,-1,0,0
1,127,61,1.8096,1.8096,0,0,-1,-1,0,0
1,128,106,2.9867,2.9867,1,1,-1,-1,0,0
1,129,84,5.4704,7.1437,0,0,-1,-1,0,0
1,129,98,3.5301,4.2905,0,0,-1,-1,0,0
1,129,129,7.7076,9.6216,0,0,-1,-1,0,0
1,130,16,7.5489,7.5489,0,0,-1,-1,0,0
1,130,102,2.7784,2.7784,1,1,-1,-1,0,0
1,130,105,5.0873,5.0873,0,0,-1,-1,0,0
1,131,83,4.7587,4.7587,0,0,-1,-1,0,0
1,131,115,0.7834,0.7834,1,1,-1,-1,0,0
1,131,134,6.9108,6.9108,0,0,-1,-1,0,0
1,132,86,6.1334,6.1334,0,0,-1,-1,0,0
1,132,92,6.2475,6.2475,0,0,-1,-1,0,0
1,132,122,6.3789,6.3789,0,0,-1,-1,0,0
1,133,3,7.7417,7.7417,0,0,-1,-1,0,0
1,133,99,4.6665,4.6665,0,0,-1,-1,0,0
1,133,126,5.3273,5.3273,0,0,-1,-1,0,0
1,133,140,4.302,4.302,0,0,-1,-1,0,0
1,134,99,7.1035,7.1035,0,0,-1,-1,0,0
1,134,133,0.9375,0.9375,1,1,-1,-1,0,0
1,134,140,7.0743,7.0743,0,0,-1,-1,0,0
1,134,143,7.9797,7.9797,0,0,-1,-1,0,0
1,135,85,7.2666,7.2666,0,0,-1,-1,0,0
1,135,92,5.7678,5.7678,0,0,-1,-1,0,0
1,135,119,2.8839,2.8839,1,1,-1,-1,0,0
1,135,122,6.9851,6.9851,0,0,-1,-1,0,0
1,136,80,2.1345,4.1139,1,0,-1,-1,0,1
1,136,87,5.9905,6.117,0,0,-1,-1,0,0
1,137,85,2.0963,3.3398,0,0,-1,-1,0,0
1,137,92,4.9587,5.8432,0,0,-1,-1,0,0
1,137,93,2.4634,4.3548,1,0,-1,-1,0,1
1,137,122,6.2752,7.9498,0,0,-1,-1,0,0
1,138,62,5.8474,5.8474,0,0,-1,-1,0,0
1,138,137,3.4523,3.4523,0,0,-1,-1,0,0
1,139,89,2.8653,2.8653,1,0,-1,-1,0,1
1,140,107,5.395,5.395,0,0,-1,-1,0,0
1,140,110,2.0318,2.0318,1,1,-1,-1,0,0
1,140,141,6.6874,6.6874,0,0,-1,3000018,0,0
1,141,136,7.5465,5.711,0,0,-1,-1,0,0
1,141,159,2.555,4.1958,1,0,-1,-1,0,1
1,142,111,3.4966,3.0904,0,0,-1,-1,0,0
1,142,124,3.0641,2.6946,0,1,-1,-1,0,1
1,143,111,1.7903,1.7903,1,1,-1,-1,0,0
1,143,124,3.7665,3.7665,0,0,-1,-1,0,0
1,144,100,6.7989,6.7989,0,0,-1,-1,0,0
1,144,121,7.5052,7.5052,0,0,-1,-1,0,0
1,145,13,4.4242,4.4242,0,0,-1,-1,0,0
1,145,78,5.5197,5.5197,0,0,-1,-1,0,0
1,146,70,6.3193,8.0063,0,0,-1,-1,0,0
1,146,81,7.5613,8.6733,0,0,-1,-1,0,0
1,146,120,4.7959,3.7361,0,0,-1,-1,0,0
1,146,135,0.8777,2.8107,1,1,-1,-1,0,0
1,147,123,1.9227,1.9227,1,1,-1,-1,0,0
1,147,144,5.1851,5.1851,0,0,-1,-1,0,0
1,148,127,2.3884,2.3884,1,1,2000013,3000022,1,0
1,149,48,5.2259,5.2259,0,0,-1,-1,0,0
1,149,59,7.8623,7.8623,0,0,-1,-1,0,0
1,150,4,6.2793,6.2793,0,0,-1,-1,0,0
1,150,51,7.7733,7.7733,0,0,-1,-1,0,0
1,150,131,4.0046,4.0046,0,0,-1,-1,0,0
1,150,132,3.1633,3.1633,0,0,-1,-1,0,0
1,150,148,6.4816,6.4816,0,0,-1,-1,0,0
1,151,4,5.4345,5.4345,0,0,-1,-1,0,0
1,151,18,6.8842,6.8842,0,0,-1,-1,0,0
1,151,131,2.8651,2.8651,1,1,-1,-1,0,0
1,151,132,3.9778,3.9778,0,0,-1,-1,0,0
1,151,148,7.6603,7.6603,0,0,-1,-1,0,0
1,152,116,2.6187,2.6187,1,1,-1,-1,0,0
1,153,62,4.4288,4.4288,0,0,-1,-1,0,0
1,154,85,4.0075,4.0075,0,0,-1,-1,0,0
1,154,92,5.4188,5.4188,0,0,-1,-1,0,0
1,154,93,4.7361,4.7361,0,0,-1,-1,0,0
1,154,122,1.4833,1.4833,1,1,-1,-1,0,0
1,155,107,7.1612,7.1612,0,0,-1,-1,0,0
1,155,110,4.0018,4.0018,0,0,-1,-1,0,0
1,155,141,3.5788,3.5788,0,0,-1,3000018,0,0
1,156,107,2.1056,2.1056,1,1,-1,-1,0,0
1,156,110,4.0259,4.0259,0,0,-1,-1,0,0
1,156,138,7.3158,7.3158,0,0,-1,-1,0,0
1,156,141,7.316,7.316,0,0,-1,3000018,0,0
1,157,48,7.6258,7.6126,0,0,-1,-1,0,0
1,157,59,5.7967,7.1936,0,0,-1,-1,0,0
1,159,54,9.2871,7.3427,0,0,-1,-1,0,0
1,159,91,5.5452,7.9349,0,0,-1,-1,0,0
1,159,95,5.0416,7.0937,0,0,-1,-1,0,0
1,160,123,3.9484,3.9484,0,0,-1,-1,0,0
1,160,144,1.7125,1.7125,1,1,-1,-1,0,0
1,161,48,5.6669,3.9744,0,0,-1,-1,0,0
1,161,59,6.4893,8.5394,0,0,-1,-1,0,0
1,162,85,5.0491,5.0491,0,0,-1,-1,0,0
1,162,92,5.5635,5.5635,0,0,-1,-1,0,0
1,162,93,7.1945,7.1945,0,0,-1,-1,0,0
1,162,119,5.6806,5.6806,0,0,-1,-1,0,0
1,162,122,6.3549,6.3549,0,0,-1,-1,0,0
1,163,120,3.4604,3.4604,0,0,-1,-1,0,0
1,163,135,7.8288,7.8288,0,0,-1,-1,0,0
1,164,119,7.1419,7.1419,0,0,-1,-1,0,0
1,164,122,5.9149,5.9149,0,0,-1,-1,0,0
1,165,28,7.5468,7.5468,0,0,-1,-1,0,0
1,165,129,5.6911,5.6911,0,0,-1,-1,0,0
1,166,102,7.8174,7.8174,0,0,-1,-1,0,0
1,168,113,8.8637,7.1925,0,0,-1,-1,0,0
1,169,139,5.0506,4.517,0,0,-1,-1,0,0
1,169,158,7.1101,8.5186,0,0,-1,-1,0,0
1,170,3,4.7649,4.7649,0,0,-1,-1,0,0
1,170,147,6.6961,6.6961,0,0,-1,-1,0,0
1,173,112,3.0254,3.0254,0,0,-1,-1,0,0
1,174,103,3.8296,3.8296,0,0,-1,-1,0,0
1,174,108,5.5239,5.5239,0,0,-1,-1,0,0
1,176,85,6.7065,6.7065,0,0,-1,-1,0,0
1,176,93,6.3934,6.3934,0,0,-1,-1,0,0
1,177,60,6.5571,6.3872,0,0,-1,-1,0,0
1,180,22,8.5958,6.3738,0,0,-1,-1,0,0
1,181,109,7.4518,7.4518,0,0,-1,-1,0,0
1,181,113,5.7608,5.7608,0,0,-1,-1,0,0
1,182,82,7.1461,9.047,0,0,-1,-1,0,0
1,183,44,5.3226,5.3226,0,0,-1,-1,0,0
1,183,49,5.3346,5.3346,0,0,-1,-1,0,0
1,183,51,4.9166,4.9166,0,0,-1,-1,0,0
1,183,132,7.7614,7.7614,0,0,-1,-1,0,0
1,183,146,4.1459,4.1459,0,0,-1,-1,0,0
1,183,148,7.0041,7.0041,0,0,-1,-1,0,0
1,183,153,1.9758,1.9758,1,1,-1,-1,0,0
1,185,101,4.6788,4.6788,0,0,-1,-1,0,0
1,186,98,4.4337,5.9206,0,0,-1,-1,0,0
1,186,156,5.615,5.4397,0,0,-1,-1,0,0
1,187,33,5.7794,5.7794,0,0,-1,-1,0,0
1,187,53,5.2433,5.2433,0,0,-1,-1,0,0
1,188,128,7.6372,7.6372,0,0,-1,-1,0,0
2,0,30,3.7015,3.7015,0,0,-1,-1,0,0
2,1,0,0.8563,2.8184,1,1,-1,-1,0,0
2,1,1,4.156,1.9968,0,0,-1,-1,0,0
2,1,3,5.6844,5.4171,0,0,-1,-1,0,0
2,2,19,3.2556,3.2556,0,0,-1,-1,0,0
2,2,26,5.5539,5.5539,0,0,-1,-1,0,0
2,2,59,7.8009,7.8009,0,0,-1,-1,0,0
2,3,25,3.2616,3.2616,0,0,-1,-1,0,0
2,4,2,3.4423,3.2832,0,0,-1,-1,0,0
2,4,3,7.4936,7.5402,0,0,-1,-1,0,0
2,4,8,3.5923,3.7394,0,0,-1,-1,0,0
2,4,24,7.2308,7.1367,0,0,-1,-1,0,0
2,5,7,3.0778,4.3304,0,0,-1,-1,0,0
2,5,40,6.5749,7.7639,0,0,-1,-1,0,0
2,5,46,8.8128,7.9774,0,0,-1,-1,0,0
2,6,17,0.873,0.873,1,1,-1,-1,0,0
2,6,18,2.7191,2.7191,0,0,-1,-1,0,0
2,6,48,5.8415,5.8415,0,0,-1,-1,0,0
2,7,4,4.0191,5.0556,0,0,-1,-1,0,0
2,7,6,6.7397,5.7775,0,0,-1,-1,0,0
2,7,13,3.4696,4.3633,0,0,-1,-1,0,0
2,7,15,7.3525,8.4061,0,0,-1,-1,0,0
2,7,76,7.2283,7.4781,0,0,-1,-1,0,0
2,8,0,4.7982,5.9034,0,0,-1,-1,0,0
2,8,1,6.5701,5.8725,0,0,-1,-1,0,0
2,8,3,2.5822,0.8455,0,1,-1,-1,0,1
2,8,17,7.5582,8.9974,0,0,-1,-1,0,0
2,8,18,7.767,8.5818,0,0,-1,-1,0,0
2,9,46,1.1408,1.1408,1,1,-1,-1,0,0
2,10,4,3.6611,3.6611,0,0,-1,-1,0,0
2,10,6,7.8104,7.8104,0,0,-1,-1,0,0
2,10,13,4.5405,4.5405,0,0,-1,-1,0,0
2,10,15,7.4485,7.4485,0,0,-1,-1,0,0
2,10,76,6.1655,6.1655,0,0,-1,-1,0,0
2,11,26,7.4159,7.4159,0,0,-1,-1,0,0
2,11,31,2.9453,2.9453,0,0,-1,-1,0,0
2,11,41,4.7568,4.7568,0,0,-1,-1,0,0
2,11,57,1.2735,1.2735,1,1,-1,-1,0,0
2,12,4,1.819,1.2724,0,0,-1,-1,0,0
2,12,13,4.6054,4.3604,0,0,-1,-1,0,0
2,12,15,5.3425,4.455,0,0,-1,-1,0,0
2,12,76,5.9977,6.6425,0,0,-1,-1,0,0
2,13,23,3.0089,1.617,0,0,-1,-1,0,0
2,14,29,2.5685,2.5685,0,0,-1,-1,0,0
2,14,39,1.0454,1.0454,1,1,-1,-1,0,0
2,14,50,5.3294,5.3294,0,0,-1,-1,0,0
2,14,56,7.6304,7.6304,0,0,-1,-1,0,0
2,15,6,3.1437,1.4897,0,0,-1,-1,0,0
2,16,9,4.947,4.0874,0,0,-1,-1,0,0
2,16,53,2.8226,0.74,0,1,-1,-1,0,1
2,16,64,1.2371,3.3695,1,0,-1,-1,0,1
2,17,28,3.5182,3.8695,0,0,-1,-1,0,0
2,17,33,1.5508,1.2118,0,0,-1,-1,0,0
2,18,2,2.3159,2.3159,0,1,-1,-1,0,1
2,18,8,3.4871,3.4871,0,0,-1,-1,0,0
2,18,24,1.6851,1.6851,1,0,-1,-1,0,1
2,18,27,3.4537,3.4537,0,0,-1,-1,0,0
2,18,149,7.3662,7.3662,0,0,-1,-1,0,0
2,19,19,4.8287,5.3345,0,0,-1,-1,0,0
2,19,26,1.5811,1.0479,1,1,-1,-1,0,0
2,19,57,8.6393,7.5655,0,0,-1,-1,0,0
2,19,61,7.6471,6.0404,0,0,-1,-1,0,0
2,20,4,0.8807,2.6949,1,1,-1,-1,0,0
2,20,13,2.9335,3.5755,0,0,-1,-1,0,0
2,20,15,3.1909,1.3887,0,0,-1,-1,0,0
2,20,76,7.6771,9.0691,0,0,-1,-1,0,0
2,21,0,6.1186,7.2695,0,0,-1,-1,0,0
2,21,1,5.1373,4.7095,0,0,-1,-1,0,0
2,21,3,1.2003,3.1158,1,0,-1,-1,0,1
2,22,37,5.8787,6.2351,0,0,-1,-1,0,0
2,22,45,3.2921,4.4758,0,0,-1,-1,0,0
2,22,59,6.5958,6.0557,0,0,-1,-1,0,0
2,23,11,1.7165,1.7165,0,1,-1,-1,0,1
2,23,41,6.1144,6.1144,0,0,-1,-1,0,0
2,23,70,4.6325,4.6325,0,0,-1,-1,0,0
2,24,38,2.158,2.158,0,0,-1,-1,0,0
2,25,17,6.7963,6.7963,0,0,-1,-1,0,0
2,25,48,5.8212,5.8212,0,0,-1,-1,0,0
2,25,105,3.1919,3.1919,0,0,-1,-1,0,0
2,26,32,0.936,0.936,0,0,-1,-1,0,0
2,26,36,3.1122,3.1122,0,0,-1,-1,0,0
2,27,11,6.2553,5.3974,0,0,-1,-1,0,0
2,27,31,5.2533,7.1291,0,0,-1,-1,0,0
2,27,41,3.018,4.1832,0,0,-1,-1,0,0
2,27,57,3.0997,4.8105,0,0,-1,-1,0,0
2,27,154,6.5154,5.7324,0,0,-1,-1,0,0
2,28,9,2.7393,1.1509,1,1,-1,-1,0,0
2,28,53,6.03,5.436,0,0,-1,-1,0,0
2,28,64,4.7936,5.5918,0,0,-1,-1,0,0
2,29,37,0.6996,0.6996,1,1,-1,-1,0,0
2,29,45,3.3292,3.3292,0,0,-1,-1,0,0
2,29,59,2.2461,2.2461,0,0,-1,-1,0,0
2,30,13,7.9781,7.9781,0,0,-1,-1,0,0
2,30,15,6.9207,6.9207,0,0,-1,-1,0,0
2,31,49,2.8435,1.5714,1,1,-1,-1,0,0
2,31,79,5.6649,5.4352,0,0,-1,-1,0,0
2,31,86,6.4539,5.4601,0,0,-1,-1,0,0
2,32,31,6.664,6.664,0,0,-1,-1,0,0
2,32,41,6.5739,6.5739,0,0,-1,-1,0,0
2,32,57,2.8761,2.8761,0,0,-1,-1,0,0
2,32,154,4.2933,4.2933,0,0,-1,-1,0,0
2,33,12,1.9818,1.9818,1,1,-1,-1,0,0
2,34,14,1.8412,1.8412,1,1,-1,-1,0,0
2,34,87,4.3176,4.3176,0,0,-1,-1,0,0
2,34,107,2.9736,2.9736,0,0,-1,-1,0,0
2,35,28,1.4622,1.4622,1,0,-1,-1,0,1
2,35,33,3.5866,3.5866,0,0,-1,-1,0,0
2,35,77,7.7427,7.7427,0,0,-1,-1,0,0
2,36,32,3.4459,3.6937,0,0,-1,-1,0,0
2,36,34,7.9425,8.4604,0,0,-1,-1,0,0
2,36,36,7.1619,7.5181,0,0,-1,-1,0,0
2,37,12,3.5956,4.9859,0,0,-1,-1,0,0
2,37,39,9.4163,7.9082,0,0,-1,-1,0,0
2,37,56,3.2012,1.4859,0,1,-1,-1,0,1
2,38,68,3.1404,2.4337,0,0,-1,-1,0,0
2,38,69,6.5343,5.5416,0,0,-1,-1,0,0
2,38,155,5.6789,6.5391,0,0,-1,-1,0,0
2,39,17,3.9846,3.9846,0,0,-1,-1,0,0
2,39,18,4.2216,4.2216,0,0,-1,-1,0,0
2,39,48,3.1819,3.1819,0,0,-1,-1,0,0
2,40,54,1.1944,1.1944,1,1,-1,-1,0,0
2,41,29,1.9537,3.5869,1,0,-1,-1,0,1
2,41,38,6.996,4.8596,0,0,-1,-1,0,0
2,41,39,4.4312,6.7062,0,0,-1,-1,0,0
2,41,50,5.894,8.2506,0,0,-1,-1,0,0
2,41,123,7.3807,8.5097,0,0,-1,-1,0,0
2,42,38,7.5633,7.3583,0,0,-1,-1,0,0
2,42,44,3.6002,4.215,0,0,-1,-1,0,0
2,42,58,4.4516,4.3232,0,0,-1,-1,0,0
2,42,65,7.6873,8.2035,0,0,-1,-1,0,0
2,42,77,6.7068,6.6795,0,0,-1,-1,0,0
2,42,123,6.8928,7.3613,0,0,-1,-1,0,0
2,43,51,3.1945,2.4366,0,1,-1,-1,0,1
2,43,89,6.7867,5.7297,0,0,-1,-1,0,0
2,44,47,0.5947,1.1731,1,1,-1,-1,0,0
2,44,55,2.8608,3.2973,0,0,-1,-1,0,0
2,44,67,3.4034,4.9668,0,0,-1,-1,0,0
2,45,20,2.1962,4.5064,1,0,-1,-1,0,1
2,45,72,5.5545,7.2856,0,0,-1,-1,0,0
2,46,7,6.48,6.9718,0,0,-1,-1,0,0
2,46,40,3.0418,2.1242,0,0,-1,-1,0,0
2,47,38,8.4331,7.7571,0,0,-1,-1,0,0
2,47,44,5.2523,3.6912,0,0,-1,-1,0,0
2,47,58,3.3612,4.09,0,0,-1,-1,0,0
2,47,61,7.2868,9.4588,0,0,-1,-1,0,0
2,47,65,8.7576,7.7145,0,0,-1,-1,0,0
2,47,77,5.7902,6.4045,0,0,-1,-1,0,0
2,47,123,8.9451,7.233,0,0,-1,-1,0,0
2,48,5,2.0229,2.3227,1,1,-1,-1,0,0
2,48,80,7.7885,8.0512,0,0,-1,-1,0,0
2,49,27,6.7922,8.692,0,0,-1,-1,0,0
2,49,47,4.6835,4.9714,0,0,-1,-1,0,0
2,49,55,4.7817,3.4062,0,0,-1,-1,0,0
2,49,67,1.175,1.9812,1,1,-1,-1,0,0
2,49,149,5.8574,8.1041,0,0,-1,-1,0,0
2,50,19,4.0384,4.0384,0,0,-1,-1,0,0
2,50,26,4.9302,4.9302,0,0,-1,-1,0,0
2,50,61,1.7683,1.7683,0,1,-1,-1,0,1
2,51,8,8.4492,7.455,0,0,-1,-1,0,0
2,51,27,8.1069,6.9388,0,0,-1,-1,0,0
2,51,47,4.9543,5.9331,0,0,-1,-1,0,0
2,51,55,7.2698,7.8322,0,0,-1,-1,0,0
2,51,67,4.967,4.8701,0,0,-1,-1,0,0
2,51,132,3.9084,4.1385,0,0,-1,-1,0,0
2,51,149,4.9234,3.3643,0,0,-1,-1,0,0
2,52,68,5.6426,5.6426,0,0,-1,-1,0,0
2,52,69,2.6682,2.6682,1,1,-1,-1,0,0
2,52,155,7.8039,7.8039,0,0,-1,-1,0,0
2,53,12,3.925,3.925,0,0,-1,-1,0,0
2,54,52,2.4082,2.4082,1,1,-1,-1,0,0
2,54,63,4.3089,4.3089,0,0,-1,-1,0,0
2,54,66,4.8757,4.8757,0,0,-1,-1,0,0
2,54,84,4.5223,4.5223,0,0,-1,-1,0,0
2,55,49,5.2022,3.64,0,0,-1,-1,0,0
2,55,79,3.2468,2.6377,0,1,-1,-1,0,1
2,55,86,6.086,4.6986,0,0,-1,-1,0,0
2,56,17,8.3494,7.5399,0,0,-1,-1,0,0
2,56,48,3.1778,0.8844,0,1,-1,-1,0,1
2,56,105,3.5765,6.1135,0,0,-1,-1,0,0
2,57,35,3.1165,3.1165,0,0,-1,-1,0,0
2,57,42,1.181,1.181,0,0,-1,-1,0,0
2,57,90,7.645,7.645,0,0,-1,-1,0,0
2,57,92,5.8201,5.8201,0,0,-1,-1,0,0
2,57,119,5.2876,5.2876,0,0,-1,-1,0,0
2,58,7,5.3583,6.6001,0,0,-1,-1,0,0
2,58,40,0.9513,1.5025,1,1,-1,-1,0,0
2,59,69,7.5952,7.8332,0,0,-1,-1,0,0
2,59,80,2.8796,2.4193,1,1,-1,-1,0,0
2,60,44,2.5347,4.1281,1,0,-1,-1,0,1
2,60,58,4.6006,6.0901,0,0,-1,-1,0,0
2,60,65,2.0104,0.4325,0,1,-1,-1,0,1
2,60,77,4.3579,5.2376,0,0,-1,-1,0,0
2,60,123,7.2722,8.1615,0,0,-1,-1,0,0
2,61,20,1.7272,1.7272,0,0,-1,-1,0,0
2,61,72,2.7635,2.7635,1,1,-1,-1,0,0
2,62,99,7.5217,8.9992,0,0,-1,-1,0,0
2,62,100,2.5185,2.2308,0,0,-1,-1,0,0
2,63,62,2.4582,2.4582,0,0,-1,-1,0,0
2,64,11,3.4824,3.7507,0,0,-1,-1,0,0
2,64,70,1.7278,1.2244,1,1,-1,-1,0,0
2,65,14,4.171,3.0521,0,0,-1,-1,0,0
2,65,72,6.4647,8.0909,0,0,-1,-1,0,0
2,65,87,2.9183,1.7181,0,0,-1,-1,0,0
2,65,107,2.14,3.3919,1,0,-1,-1,0,1
2,66,63,4.3296,5.4027,0,0,-1,-1,0,0
2,66,66,6.5539,7.423,0,0,-1,-1,0,0
2,66,89,8.0401,7.1622,0,0,-1,-1,0,0
2,67,38,3.6916,3.6916,0,0,-1,-1,0,0
2,67,55,7.3724,7.3724,0,0,-1,-1,0,0
2,68,75,6.2328,5.5681,0,0,-1,-1,0,0
2,68,78,1.9078,2.8211,0,0,-1,-1,0,0
2,68,82,9.2344,7.6107,0,0,-1,-1,0,0
2,68,85,3.5844,4.5867,0,0,-1,-1,0,0
2,68,95,4.0397,5.5212,0,0,-1,-1,0,0
2,68,96,7.7316,6.7326,0,0,-1,-1,0,0
2,68,102,8.8021,7.6464,0,0,-1,-1,0,0
2,68,114,6.1242,5.0247,0,0,-1,-1,0,0
2,69,35,3.823,3.823,0,0,-1,-1,0,0
2,69,42,4.383,4.383,0,0,-1,-1,0,0
2,69,90,3.4928,3.4928,0,0,-1,-1,0,0
2,69,92,2.5122,2.5122,0,0,-1,-1,0,0
2,69,119,1.8602,1.8602,1,1,-1,-1,0,0
2,70,74,3.324,3.324,0,0,-1,-1,0,0
2,70,82,1.4183,1.4183,0,1,-1,-1,0,1
2,70,96,5.3454,5.3454,0,0,-1,-1,0,0
2,70,114,7.6583,7.6583,0,0,-1,-1,0,0
2,71,98,3.8577,3.8577,0,0,-1,-1,0,0
2,71,116,3.0673,3.0673,0,0,-1,-1,0,0
2,71,125,1.0371,1.0371,0,1,-1,-1,0,1
2,72,34,3.2156,1.9895,0,1,-1,-1,0,1
2,73,54,4.3364,2.6942,0,0,-1,-1,0,0
2,74,35,6.1627,6.1627,0,0,-1,-1,0,0
2,74,42,6.6545,6.6545,0,0,-1,-1,0,0
2,74,90,2.5077,2.5077,1,1,-1,-1,0,0
2,74,92,3.3935,3.3935,0,0,-1,-1,0,0
2,74,119,2.135,2.135,0,0,-1,-1,0,0
2,75,73,11.0255,7.9398,0,0,-1,-1,0,0
2,75,75,6.2656,8.763,0,0,-1,-1,0,0
2,75,78,1.5278,5.3176,1,0,-1,-1,0,1
2,75,85,3.6206,6.4637,0,0,-1,-1,0,0
2,75,95,3.9139,5.2534,0,0,-1,-1,0,0
2,75,114,7.3974,9.7303,0,0,-1,-1,0,0
2,76,123,3.3473,2.1843,0,1,-1,-1,0,1
2,77,35,7.0647,8.0223,0,0,-1,-1,0,0
2,77,42,3.1672,4.1719,0,0,-1,-1,0,0
2,77,119,6.844,7.9634,0,0,-1,-1,0,0
2,78,4,9.0878,7.4812,0,0,-1,-1,0,0
2,78,23,6.641,7.464,0,0,-1,-1,0,0
2,78,76,2.6575,0.9316,0,1,-1,-1,0,1
2,79,60,2.7604,2.7604,0,1,-1,-1,0,1
2,79,81,5.304,5.304,0,0,-1,-1,0,0
2,79,150,7.4982,7.4982,0,0,-1,-1,0,0
2,80,88,3.177,3.177,0,0,-1,-1,0,0
2,80,101,6.8362,6.8362,0,0,-1,-1,0,0
2,81,74,5.6585,6.5538,0,0,-1,-1,0,0
2,81,82,1.5128,2.6807,1,0,-1,-1,0,1
2,81,96,7.5168,8.5948,0,0,-1,-1,0,0
2,81,102,7.1625,7.6417,0,0,-1,-1,0,0
2,81,114,6.7857,7.613,0,0,-1,-1,0,0
2,81,129,7.7212,7.0982,0,0,-1,-1,0,0
2,81,141,7.3365,6.27,0,0,-1,-1,0,0
2,81,144,6.7976,5.8621,0,0,-1,-1,0,0
2,81,146,7.8164,6.6542,0,0,-1,-1,0,0
2,82,91,3.1295,0.7985,0,0,-1,-1,0,0
2,82,106,6.5412,5.3684,0,0,-1,-1,0,0
2,82,151,4.3504,6.4667,0,0,-1,-1,0,0
2,83,94,4.4989,4.4989,0,0,-1,-1,0,0
2,83,117,7.8808,7.8808,0,0,-1,-1,0,0
2,83,124,6.1013,6.1013,0,0,-1,-1,0,0
2,84,97,2.7231,1.2784,1,1,-1,-1,0,0
2,84,121,6.8175,5.8262,0,0,-1,-1,0,0
2,84,133,6.6915,8.0749,0,0,-1,-1,0,0
2,85,83,5.7031,5.7031,0,0,-1,-1,0,0
2,85,103,6.6555,6.6555,0,0,-1,-1,0,0
2,86,75,3.8419,3.2888,0,0,-1,-1,0,0
2,86,102,3.6286,3.0253,0,0,-1,-1,0,0
2,86,114,5.8789,5.1491,0,0,-1,-1,0,0
2,87,88,3.7498,3.7498,0,0,-1,-1,0,0
2,87,101,2.6501,2.6501,1,0,-1,-1,0,1
2,88,79,6.8714,7.7485,0,0,-1,-1,0,0
2,88,86,7.2089,7.4867,0,0,-1,-1,0,0
2,88,111,5.3184,3.7929,0,0,-1,-1,0,0
2,89,93,2.966,0.5005,0,1,-1,-1,0,1
2,89,99,3.3803,2.2197,0,0,-1,-1,0,0
2,90,34,4.3477,4.3477,0,0,-1,-1,0,0
2,91,139,4.4052,5.7173,0,0,-1,-1,0,0
2,91,143,2.6136,3.3468,1,0,-1,-1,0,1
2,92,83,3.6494,3.6494,0,0,-1,-1,0,0
2,92,103,3.0065,3.0065,0,0,-1,-1,0,0
2,92,129,6.7385,6.7385,0,0,-1,-1,0,0
2,93,83,3.4902,3.4902,0,0,-1,-1,0,0
2,93,103,5.6371,5.6371,0,0,-1,-1,0,0
2,94,52,4.3392,4.3392,0,0,-1,-1,0,0
2,94,63,1.6887,1.6887,0,0,-1,-1,0,0
2,94,66,3.0811,3.0811,0,0,-1,-1,0,0
2,94,84,5.5489,5.5489,0,0,-1,-1,0,0
2,95,139,6.0086,7.5566,0,0,-1,-1,0,0
2,95,143,4.4944,5.5483,0,0,-1,-1,0,0
2,96,89,3.0105,3.0105,0,0,-1,-1,0,0
2,97,51,6.0745,7.9911,0,0,-1,-1,0,0
2,97,89,3.7415,2.7725,0,1,-1,-1,0,1
2,98,97,5.8438,5.8438,0,0,-1,-1,0,0
2,98,121,2.4692,2.4692,1,1,-1,-1,0,0
2,98,155,7.962,7.962,0,0,-1,-1,0,0
2,99,25,6.239,6.239,0,0,-1,-1,0,0
2,99,118,1.4287,1.4287,1,1,-1,-1,0,0
2,99,128,5.69,5.69,0,0,-1,-1,0,0
2,100,109,1.5499,1.5499,0,0,-1,-1,0,0
2,100,110,3.7607,3.7607,0,0,-1,-1,0,0
2,101,71,3.4611,3.4611,0,0,-1,-1,0,0
2,102,53,7.1961,9.5378,0,0,-1,-1,0,0
2,102,104,6.0891,7.0522,0,0,-1,-1,0,0
2,102,120,3.0542,2.2176,0,1,-1,-1,0,1
2,103,122,5.8223,4.2102,0,0,-1,-1,0,0
2,103,131,3.3511,1.7465,0,0,-1,-1,0,0
2,103,153,5.8721,4.3473,0,0,-1,-1,0,0
2,104,73,2.4696,1.6425,0,0,-1,-1,0,0
2,104,112,5.9946,6.7821,0,0,-1,-1,0,0
2,105,35,6.6437,6.6437,0,0,-1,-1,0,0
2,105,104,1.5384,1.5384,1,1,-1,-1,0,0
2,105,120,5.1629,5.1629,0,0,-1,-1,0,0
2,106,115,2.2688,1.179,1,1,-1,-1,0,0
2,107,108,4.7528,5.5052,0,0,-1,4000028,0,0
2,107,152,5.9655,5.3555,0,0,-1,-1,0,0
2,108,122,3.5424,3.5424,0,0,-1,-1,0,0
2,108,131,1.1559,1.1559,1,1,-1,-1,0,0
2,108,153,5.0905,5.0905,0,0,-1,-1,0,0
2,109,109,1.861,1.861,1,1,-1,-1,0,0
2,109,110,3.0766,3.0766,0,0,-1,-1,0,0
2,110,108,2.9815,1.9768,0,1,-1,4000028,0,1
2,111,136,4.7162,5.9712,0,0,-1,-1,0,0
2,111,156,6.9153,5.6876,0,0,-1,-1,0,0
2,112,143,7.3727,7.3727,0,0,-1,-1,0,0
2,113,109,5.2457,5.2457,0,0,-1,-1,0,0
2,113,110,2.6806,2.6806,0,0,-1,-1,0,0
2,114,108,7.2728,9.0819,0,0,-1,4000028,0,0
2,114,112,4.7858,3.5843,0,0,-1,-1,0,0
2,114,137,8.1371,7.5885,0,0,-1,-1,0,0
2,114,148,6.972,7.0299,0,0,-1,-1,0,0
2,114,152,5.9327,7.0926,0,0,-1,-1,0,0
2,115,94,2.6383,2.2621,1,1,-1,-1,0,0
2,115,117,3.5608,2.8194,0,0,-1,-1,0,0
2,116,66,7.7038,9.7092,0,0,-1,-1,0,0
2,116,84,7.1006,8.2492,0,0,-1,-1,0,0
2,116,153,6.5785,8.5066,0,0,-1,-1,0,0
2,117,91,6.4683,6.2796,0,0,-1,-1,0,0
2,117,106,4.6935,4.182,0,0,-1,-1,0,0
2,117,151,4.1224,4.5186,0,0,-1,-1,0,0
2,118,81,7.9117,7.9117,0,0,-1,-1,0,0
2,118,91,5.4718,5.4718,0,0,-1,-1,0,0
2,118,106,1.9702,1.9702,0,0,-1,-1,0,0
2,118,151,6.3328,6.3328,0,0,-1,-1,0,0
2,119,94,9.4723,6.8237,0,0,-1,-1,0,0
2,119,129,7.0378,8.5834,0,0,-1,-1,0,0
2,119,141,3.0451,2.8795,0,1,-1,-1,0,1
2,119,144,4.9149,3.9702,0,0,-1,-1,0,0
2,119,146,4.7083,4.9387,0,0,-1,-1,0,0
2,120,117,7.6548,9.2971,0,0,-1,-1,0,0
2,121,109,4.4656,4.4656,0,0,-1,-1,0,0
2,121,110,3.2777,3.2777,0,0,-1,-1,0,0
2,122,83,5.9328,6.1111,0,0,-1,-1,0,0
2,122,103,6.1406,5.5215,0,0,-1,-1,0,0
2,122,129,4.5864,3.1394,0,0,-1,-1,0,0
2,122,146,7.3276,6.1955,0,0,-1,-1,0,0
2,123,54,9.0319,7.8962,0,0,-1,-1,0,0
2,123,145,1.6643,1.5443,1,1,-1,-1,0,0
2,124,136,4.7407,2.8397,0,1,-1,-1,0,1
2,124,156,4.6741,6.5201,0,0,-1,-1,0,0
2,125,127,2.5789,3.3507,0,0,-1,-1,0,0
2,125,135,5.2224,6.3258,0,0,-1,-1,0,0
2,126,130,0.8691,0.8691,1,1,-1,-1,0,0
2,127,134,3.7593,2.6065,0,0,3000022,4000032,1,0
2,127,138,3.6006,1.2881,0,1,3000022,-1,0,1
2,128,127,4.883,4.883,0,0,-1,-1,0,0
2,128,135,2.7143,2.7143,1,0,-1,-1,0,1
2,129,133,1.335,1.335,1,1,-1,-1,0,0
2,130,112,3.5837,3.5837,0,0,-1,-1,0,0
2,130,137,2.8495,2.8495,1,0,-1,-1,0,1
2,130,148,3.0052,3.0052,0,0,-1,-1,0,0
2,130,152,7.9822,7.9822,0,0,-1,-1,0,0
2,131,2,5.7984,7.1949,0,0,-1,-1,0,0
2,131,8,4.0973,6.0065,0,0,-1,-1,0,0
2,131,24,6.7696,6.5361,0,0,-1,-1,0,0
2,131,27,6.5614,5.5607,0,0,-1,-1,0,0
2,131,67,9.2283,6.9825,0,0,-1,-1,0,0
2,131,132,5.4167,6.2483,0,0,-1,-1,0,0
2,131,149,3.1594,0.9096,0,1,-1,-1,0,1
2,132,8,5.9257,5.9257,0,0,-1,-1,0,0
2,132,132,2.0902,2.0902,0,0,-1,-1,0,0
2,132,149,4.9904,4.9904,0,0,-1,-1,0,0
2,133,118,7.2658,7.9096,0,0,-1,-1,0,0
2,133,128,4.2823,4.3786,0,0,-1,-1,0,0
2,133,139,6.0032,5.4626,0,0,-1,-1,0,0
2,133,158,1.8719,1.964,1,1,-1,-1,0,0
2,134,94,3.9569,3.9569,0,0,-1,-1,0,0
2,134,117,6.6768,6.6768,0,0,-1,-1,0,0
2,135,74,6.1467,6.471,0,0,-1,-1,0,0
2,135,82,7.9258,8.5999,0,0,-1,-1,0,0
2,136,113,1.6613,1.6613,1,1,-1,-1,0,0
2,137,100,6.4966,6.4966,0,0,-1,-1,0,0
2,138,112,6.8612,6.8612,0,0,-1,-1,0,0
2,138,152,7.229,7.229,0,0,-1,-1,0,0
2,139,28,7.2421,7.698,0,0,-1,-1,0,0
2,139,77,7.2179,6.91,0,0,-1,-1,0,0
2,139,151,3.5311,3.92,0,0,-1,-1,0,0
2,140,128,6.6759,6.6759,0,0,-1,-1,0,0
2,140,130,3.4286,3.4286,0,0,-1,-1,0,0
2,141,108,3.9153,3.9153,0,0,3000018,4000028,1,0
2,142,60,5.9858,6.0881,0,0,-1,-1,0,0
2,142,81,4.4158,5.9504,0,0,-1,-1,0,0
2,142,150,1.733,0.8674,1,1,-1,-1,0,0
2,143,118,5.737,5.737,0,0,-1,-1,0,0
2,143,128,4.3502,4.3502,0,0,-1,-1,0,0
2,144,54,8.3177,7.2379,0,0,-1,-1,0,0
2,144,145,4.8872,5.2392,0,0,-1,-1,0,0
2,145,91,7.8223,7.8223,0,0,-1,-1,0,0
2,146,47,7.4741,7.4741,0,0,-1,-1,0,0
2,146,55,7.4498,7.4498,0,0,-1,-1,0,0
2,146,67,4.6449,4.6449,0,0,-1,-1,0,0
2,146,149,5.0919,5.0919,0,0,-1,-1,0,0
2,147,130,7.1361,7.1361,0,0,-1,-1,0,0
2,147,137,5.0766,5.0766,0,0,-1,-1,0,0
2,147,148,2.2151,2.2151,1,1,-1,-1,0,0
2,148,132,1.8327,4.4538,1,0,-1,-1,0,1
2,148,149,7.1885,9.2488,0,0,-1,-1,0,0
2,149,108,6.6294,6.4544,0,0,-1,4000028,0,0
2,149,112,6.5028,5.9154,0,0,-1,-1,0,0
2,149,137,6.5631,6.9836,0,0,-1,-1,0,0
2,149,148,4.1429,4.8524,0,0,-1,-1,0,0
2,149,152,6.7923,6.7039,0,0,-1,-1,0,0
2,150,81,5.6962,5.6962,0,0,-1,-1,0,0
2,150,106,7.7407,7.7407,0,0,-1,-1,0,0
2,150,150,4.8819,4.8819,0,0,-1,-1,0,0
2,151,34,5.637,5.637,0,0,-1,-1,0,0
2,152,111,5.6874,5.6874,0,0,-1,-1,0,0
2,152,118,7.912,7.912,0,0,-1,-1,0,0
2,153,47,5.1722,5.761,0,0,-1,-1,0,0
2,153,55,5.6796,5.2075,0,0,-1,-1,0,0
2,153,67,4.3384,4.5853,0,0,-1,-1,0,0
2,153,149,6.5802,8.046,0,0,-1,-1,0,0
2,154,126,1.8765,1.8765,1,1,-1,-1,0,0
2,155,4,7.4558,7.4558,0,0,-1,-1,0,0
2,155,13,7.8838,7.8838,0,0,-1,-1,0,0
2,155,15,4.6827,4.6827,0,0,-1,-1,0,0
2,156,121,6.1844,6.1844,0,0,-1,-1,0,0
2,156,155,4.1363,4.1363,0,0,-1,-1,0,0
2,157,30,4.665,4.665,0,0,-1,-1,0,0
2,157,154,4.8098,4.8098,0,0,-1,-1,0,0
2,158,28,6.9357,8.763,0,0,-1,-1,0,0
2,158,33,7.6245,9.3902,0,0,-1,-1,0,0
2,158,61,5.2962,3.3334,0,0,-1,-1,0,0
3,0,2,4.7182,5.0869,0,0,-1,-1,0,0
3,0,8,4.5425,4.6131,0,0,-1,-1,0,0
3,1,2,1.6595,1.6595,1,1,-1,-1,0,0
3,1,8,3.8963,3.8963,0,0,-1,-1,0,0
3,1,12,7.3138,7.3138,0,0,-1,-1,0,0
3,2,12,6.0662,4.5195,0,0,-1,-1,0,0
3,2,25,4.95,7.1336,0,0,-1,-1,0,0
3,2,28,5.4009,7.4045,0,0,-1,-1,0,0
3,3,2,3.6043,3.277,0,0,-1,-1,0,0
3,3,8,1.3636,2.7599,1,1,-1,-1,0,0
3,3,12,4.6202,2.687,0,0,-1,-1,0,0
3,4,3,5.0931,5.7249,0,0,-1,-1,0,0
3,4,13,7.1519,7.8628,0,0,-1,-1,0,0
3,4,15,3.9316,4.5932,0,0,-1,-1,0,0
3,4,63,8.2055,7.621,0,0,-1,-1,0,0
3,4,80,6.1839,6.3653,0,0,-1,-1,0,0
3,5,0,4.0155,2.0195,0,0,-1,-1,0,0
3,5,136,6.1344,7.0671,0,0,-1,-1,0,0
3,5,140,2.5079,4.2853,0,0,-1,-1,0,0
3,7,19,5.2729,5.2729,0,0,-1,-1,0,0
3,7,46,7.7272,7.7272,0,0,-1,-1,0,0
3,7,90,4.1113,4.1113,0,0,-1,-1,0,0
3,8,12,6.8267,6.8267,0,0,-1,-1,0,0
3,8,25,5.5013,5.5013,0,0,-1,-1,0,0
3,8,28,4.8601,4.8601,0,0,-1,-1,0,0
3,9,9,6.5989,4.7245,0,0,-1,-1,0,0
3,9,11,2.6768,0.7475,1,1,-1,-1,0,0
3,9,23,4.861,2.4206,0,0,-1,-1,0,0
3,9,34,7.5375,5.0981,0,0,-1,-1,0,0
3,10,1,7.9918,7.9918,0,0,-1,-1,0,0
3,10,24,3.3323,3.3323,0,0,-1,-1,0,0
3,10,66,5.1316,5.1316,0,0,-1,-1,0,0
3,11,35,3.1251,1.4087,0,1,-1,-1,0,1
3,11,36,6.1514,4.4674,0,0,-1,-1,0,0
3,11,47,7.0102,6.4358,0,0,-1,-1,0,0
3,11,155,4.0598,5.0261,0,0,-1,-1,0,0
3,12,17,5.3652,4.0982,0,0,-1,-1,0,0
3,12,156,3.2401,4.594,0,0,-1,-1,0,0
3,13,3,6.1045,6.1045,0,0,-1,-1,0,0
3,13,13,6.1084,6.1084,0,0,-1,-1,0,0
3,13,15,3.8258,3.8258,0,0,-1,-1,0,0
3,14,37,3.1772,1.3651,0,1,-1,-1,0,1
3,14,75,3.8444,3.7346,0,0,-1,-1,0,0
3,14,79,7.0194,8.5519,0,0,-1,-1,0,0
3,15,3,1.5558,1.5558,1,1,-1,-1,0,0
3,15,13,4.0044,4.0044,0,0,-1,-1,0,0
3,15,15,1.5822,1.5822,0,0,-1,-1,0,0
3,15,80,7.8809,7.8809,0,0,-1,-1,0,0
3,16,1,3.1321,3.1321,0,0,-1,-1,0,0
3,16,5,3.8289,3.8289,0,0,-1,-1,0,0
3,17,27,5.8246,5.6862,0,0,-1,-1,0,0
3,17,33,4.0979,4.9078,0,0,-1,-1,0,0
3,17,45,6.906,7.1003,0,0,-1,-1,0,0
3,17,49,5.8183,6.5597,0,0,-1,-1,0,0
3,18,27,3.3858,3.3858,0,0,-1,-1,0,0
3,18,33,5.2986,5.2986,0,0,-1,-1,0,0
3,18,45,4.4952,4.4952,0,0,-1,-1,0,0
3,18,49,5.2374,5.2374,0,0,-1,-1,0,0
3,19,7,3.6498,3.6498,0,0,-1,-1,0,0
3,20,26,4.7613,4.7613,0,0,-1,-1,0,0
3,20,79,7.3966,7.3966,0,0,-1,-1,0,0
3,21,1,4.1713,4.1713,0,0,-1,-1,0,0
3,21,5,0.7003,0.7003,1,1,-1,-1,0,0
3,22,4,2.799,2.799,1,1,-1,-1,0,0
3,22,6,2.5413,2.5413,0,0,-1,-1,0,0
3,23,63,4.0789,4.0789,0,0,-1,-1,0,0
3,23,123,1.5569,1.5569,1,1,-1,-1,0,0
3,24,25,1.7056,1.7056,1,1,-1,-1,0,0
3,24,28,3.3308,3.3308,0,0,-1,-1,0,0
3,25,20,3.4388,3.4388,0,0,-1,-1,0,0
3,25,151,3.8314,3.8314,0,0,-1,-1,0,0
3,26,7,3.6801,2.9486,0,0,-1,-1,0,0
3,26,29,5.4744,3.9031,0,0,-1,-1,0,0
3,26,43,7.489,9.0181,0,0,-1,-1,0,0
3,27,25,1.4545,1.4545,0,0,-1,-1,0,0
3,27,28,1.9252,1.9252,0,0,-1,-1,0,0
3,28,31,5.5824,5.5824,0,0,-1,-1,0,0
3,29,17,6.6122,6.6122,0,0,-1,-1,0,0
3,29,18,4.8474,4.8474,0,0,-1,-1,0,0
3,29,58,6.3155,6.3155,0,0,-1,-1,0,0
3,29,87,7.7785,7.7785,0,0,-1,-1,0,0
3,29,154,0.7307,0.7307,1,1,-1,-1,0,0
3,30,30,5.5421,5.5421,0,0,-1,-1,0,0
3,30,60,3.3377,3.3377,0,0,-1,-1,0,0
3,31,10,2.099,2.099,0,0,-1,-1,0,0
3,31,29,6.1544,6.1544,0,0,-1,-1,0,0
3,31,47,3.86,3.86,0,0,-1,-1,0,0
3,32,21,6.554,6.554,0,0,-1,-1,0,0
3,32,22,6.2714,6.2714,0,0,-1,-1,0,0
3,32,152,1.8802,1.8802,1,1,-1,-1,0,0
3,33,31,5.8485,5.8485,0,0,-1,-1,0,0
3,34,22,5.059,1.8775,0,1,-1,-1,0,1
3,34,37,7.6638,10.5152,0,0,-1,-1,0,0
3,35,14,0.8659,0.8659,0,1,-1,-1,0,1
3,35,38,4.9707,4.9707,0,0,-1,-1,0,0
3,35,39,6.9103,6.9103,0,0,-1,-1,0,0
3,36,21,3.2235,3.2235,0,0,-1,-1,0,0
3,36,152,4.5217,4.5217,0,0,-1,-1,0,0
3,37,25,8.442,7.9976,0,0,-1,-1,0,0
3,37,41,7.61,8.1849,0,0,-1,-1,0,0
3,37,43,6.0001,6.6652,0,0,-1,-1,0,0
3,37,139,3.8164,3.8944,0,0,-1,-1,0,0
3,38,40,7.2201,7.2201,0,0,-1,-1,0,0
3,38,58,2.5782,2.5782,1,0,-1,-1,0,1
3,38,87,5.0186,5.0186,0,0,-1,-1,0,0
3,39,17,5.4472,5.7848,0,0,-1,-1,0,0
3,39,18,4.1902,4.1065,0,0,-1,-1,0,0
3,39,53,5.5413,4.944,0,0,-1,-1,0,0
3,39,154,3.6254,4.4099,0,0,-1,-1,0,0
3,40,19,7.1016,6.6653,0,0,-1,-1,0,0
3,40,46,4.6916,3.9265,0,0,-1,-1,0,0
3,40,90,1.5852,1.5658,1,1,-1,-1,0,0
3,41,10,4.4594,4.4594,0,0,-1,-1,0,0
3,41,35,6.1695,6.1695,0,0,-1,-1,0,0
3,41,47,2.576,2.576,0,0,-1,-1,0,0
3,42,14,4.2619,4.2619,0,0,-1,-1,0,0
3,43,24,5.4389,5.4389,0,0,-1,-1,0,0
3,43,66,3.3337,3.3337,0,0,-1,-1,0,0
3,44,32,3.5689,3.5689,0,0,-1,-1,0,0
3,44,48,6.1607,6.1607,0,0,-1,-1,0,0
3,44,87,5.9273,5.9273,0,0,-1,-1,0,0
3,44,117,5.0282,5.0282,0,0,-1,-1,0,0
3,44,142,5.8053,5.8053,0,0,-1,-1,0,0
3,44,146,0.4455,0.4455,1,1,-1,-1,0,0
3,45,41,6.7323,6.7323,0,0,-1,-1,0,0
3,45,43,7.7898,7.7898,0,0,-1,-1,0,0
3,45,139,1.0647,1.0647,1,1,-1,-1,0,0
3,46,44,3.9444,3.1517,0,0,-1,-1,0,0
3,46,81,3.8089,3.9509,0,0,-1,-1,0,0
3,47,40,6.0396,6.1403,0,0,-1,-1,0,0
3,47,122,5.1232,5.3786,0,0,-1,-1,0,0
3,48,27,9.9107,7.5234,0,0,-1,-1,0,0
3,48,33,2.7968,3.8594,0,0,-1,-1,0,0
3,48,45,8.8963,5.9958,0,0,-1,-1,0,0
3,48,49,3.5094,0.6282,0,1,-1,-1,0,1
3,49,54,7.5556,5.9286,0,0,-1,-1,0,0
3,49,64,9.5567,7.1082,0,0,-1,-1,0,0
3,49,70,6.0966,3.3798,0,0,-1,-1,0,0
3,50,16,4.3144,4.3144,0,0,-1,-1,0,0
3,50,18,1.8261,1.8261,0,0,-1,-1,0,0
3,50,117,7.7328,7.7328,0,0,-1,-1,0,0
3,50,154,6.5927,6.5927,0,0,-1,-1,0,0
3,51,50,4.2011,6.5655,0,0,-1,-1,0,0
3,51,51,7.6211,8.6013,0,0,-1,-1,0,0
3,51,62,5.7777,3.0423,0,0,-1,-1,0,0
3,51,97,8.8264,6.2198,0,0,-1,-1,0,0
3,51,116,6.0296,6.9349,0,0,-1,-1,0,0
3,51,124,7.3378,10.0025,0,0,-1,-1,0,0
3,52,69,5.3781,4.9981,0,0,-1,-1,0,0
3,52,77,6.0267,5.3134,0,0,-1,-1,0,0
3,52,103,5.2878,5.0094,0,0,-1,-1,0,0
3,52,111,8.2239,7.9308,0,0,-1,-1,0,0
3,52,149,5.5124,6.612,0,0,-1,-1,0,0
3,53,9,3.6244,1.2352,0,0,-1,-1,0,0
3,53,11,4.9182,4.5479,0,0,-1,-1,0,0
3,53,23,6.3809,4.9667,0,0,-1,-1,0,0
3,53,34,5.5173,2.7113,0,0,-1,-1,0,0
3,54,50,5.5986,6.2399,0,0,-1,-1,0,0
3,54,51,4.9418,4.676,0,0,-1,-1,0,0
3,54,52,4.817,4.2825,0,0,-1,-1,0,0
3,54,115,1.8779,1.7888,0,1,-1,-1,0,1
3,54,124,4.2305,4.9083,0,0,-1,-1,0,0
3,55,40,3.2191,3.2191,0,0,-1,-1,0,0
3,55,122,6.7835,6.7835,0,0,-1,-1,0,0
3,56,17,3.3518,5.1004,0,0,-1,-1,0,0
3,56,53,4.8791,1.9565,0,1,-1,-1,0,1
3,57,10,5.7123,6.5971,0,0,-1,-1,0,0
3,57,29,7.5635,8.7069,0,0,-1,-1,0,0
3,57,47,6.1332,6.5342,0,0,-1,-1,0,0
3,58,32,6.2345,6.2345,0,0,-1,-1,0,0
3,58,48,5.1997,5.1997,0,0,-1,-1,0,0
3,58,87,7.4279,7.4279,0,0,-1,-1,0,0
3,58,117,7.9825,7.9825,0,0,-1,-1,0,0
3,58,146,4.4221,4.4221,0,0,-1,-1,0,0
3,59,41,6.4495,6.4495,0,0,-1,-1,0,0
3,59,43,3.1711,3.1711,0,0,-1,-1,0,0
3,59,139,5.4909,5.4909,0,0,-1,-1,0,0
3,59,147,7.5892,7.5892,0,0,-1,-1,0,0
3,60,55,5.308,2.6938,0,0,-1,-1,0,0
3,60,64,4.6889,6.9439,0,0,-1,-1,0,0
3,60,67,2.5982,2.2958,1,1,-1,-1,0,0
3,60,70,7.1223,9.8791,0,0,-1,-1,0,0
3,60,76,7.2739,6.1028,0,0,-1,-1,0,0
3,61,7,2.905,4.6144,0,0,-1,-1,0,0
3,61,29,4.7097,5.1229,0,0,-1,-1,0,0
3,62,52,5.5445,5.5445,0,0,-1,-1,0,0
3,63,55,7.5191,7.5191,0,0,-1,-1,0,0
3,63,76,7.6359,7.6359,0,0,-1,-1,0,0
3,63,77,7.8865,7.8865,0,0,-1,-1,0,0
3,63,103,5.4863,5.4863,0,0,-1,-1,0,0
3,63,149,1.5213,1.5213,1,1,-1,-1,0,0
3,64,9,7.5856,7.5856,0,0,-1,-1,0,0
3,64,11,7.306,7.306,0,0,-1,-1,0,0
3,64,46,6.4449,6.4449,0,0,-1,-1,0,0
3,65,16,8.1377,7.6925,0,0,-1,-1,0,0
3,65,32,0.7924,2.4774,1,1,-1,-1,0,0
3,65,48,4.2484,5.1193,0,0,-1,-1,0,0
3,65,61,5.0021,3.2237,0,0,-1,-1,0,0
3,65,117,6.0313,7.3138,0,0,-1,-1,0,0
3,65,142,4.9752,5.8054,0,0,-1,-1,0,0
3,65,146,4.2302,6.039,0,0,-1,-1,0,0
3,66,57,5.5429,5.5429,0,0,-1,-1,0,0
3,66,69,6.046,6.046,0,0,-1,-1,0,0
3,66,77,5.1762,5.1762,0,0,-1,-1,0,0
3,66,103,4.1671,4.1671,0,0,-1,-1,0,0
3,66,149,6.0106,6.0106,0,0,-1,-1,0,0
3,67,28,7.1644,8.3158,0,0,-1,-1,0,0
3,67,40,6.0088,5.0019,0,0,-1,-1,0,0
3,67,122,4.0372,4.4682,0,0,-1,-1,0,0
3,67,143,6.23,6.5999,0,0,-1,-1,0,0
3,68,65,7.8555,7.8555,0,0,-1,-1,0,0
3,68,89,4.3142,4.3142,0,0,-1,-1,0,0
3,68,94,5.4337,5.4337,0,0,-1,-1,0,0
3,68,102,5.7267,5.7267,0,0,-1,-1,0,0
3,68,105,4.1511,4.1511,0,0,-1,-1,0,0
3,69,65,4.5211,2.1234,0,0,-1,-1,0,0
3,69,89,7.1894,6.9958,0,0,-1,-1,0,0
3,69,94,6.3172,5.5411,0,0,-1,-1,0,0
3,69,102,1.0207,2.4202,1,1,-1,-1,0,0
3,69,105,2.0395,3.7206,0,0,-1,-1,0,0
3,70,35,4.3689,4.2437,0,0,-1,-1,0,0
3,70,36,5.8725,4.7707,0,0,-1,-1,0,0
3,70,155,3.8227,5.4196,0,0,-1,-1,0,0
3,71,30,7.3615,7.3615,0,0,-1,-1,0,0
3,71,60,6.7702,6.7702,0,0,-1,-1,0,0
3,71,73,3.0334,3.0334,0,0,-1,-1,0,0
3,72,26,3.797,4.7081,0,0,-1,-1,0,0
3,72,79,3.9033,2.0528,0,0,-1,-1,0,0
3,73,112,5.0537,5.0537,0,0,-1,-1,0,0
3,73,119,3.7578,3.7578,0,0,-1,-1,0,0
3,73,128,6.0626,6.0626,0,0,-1,-1,0,0
3,74,127,7.7332,7.7332,0,0,-1,-1,0,0
3,74,129,4.6522,4.6522,0,0,-1,-1,0,0
3,74,134,6.6775,6.6775,0,0,-1,-1,0,0
3,75,84,3.9243,3.9243,0,0,-1,-1,0,0
3,75,86,5.5655,5.5655,0,0,-1,-1,0,0
3,75,113,6.3883,6.3883,0,0,-1,-1,0,0
3,76,63,5.7343,6.1502,0,0,-1,-1,0,0
3,76,80,3.5169,0.9184,0,1,-1,-1,0,1
3,76,123,7.8873,9.0668,0,0,-1,-1,0,0
3,77,32,5.7799,5.7799,0,0,-1,-1,0,0
3,77,48,3.1279,3.1279,0,0,-1,-1,0,0
3,77,146,5.5339,5.5339,0,0,-1,-1,0,0
3,78,84,4.4989,4.4989,0,0,-1,-1,0,0
3,78,86,1.3509,1.3509,1,1,-1,-1,0,0
3,78,107,4.2627,4.2627,0,0,-1,-1,0,0
3,78,113,3.8513,3.8513,0,0,-1,-1,0,0
3,79,36,6.5454,9.1026,0,0,-1,-1,0,0
3,79,54,5.9067,3.1022,0,0,-1,-1,0,0
3,79,64,9.2779,6.6516,0,0,-1,-1,0,0
3,79,70,8.3861,7.359,0,0,-1,-1,0,0
3,80,65,6.4377,8.136,0,0,-1,-1,0,0
3,80,78,6.7922,5.0724,0,0,-1,-1,0,0
3,80,126,2.3199,2.4956,1,0,-1,-1,0,1
3,80,136,4.6234,1.7715,0,1,-1,-1,0,1
3,80,140,9.0527,7.8913,0,0,-1,-1,0,0
3,81,55,6.6476,6.6476,0,0,-1,-1,0,0
3,81,59,7.5053,7.5053,0,0,-1,-1,0,0
3,81,67,3.8527,3.8527,0,0,-1,-1,0,0
3,81,74,6.2825,6.2825,0,0,-1,-1,0,0
3,81,76,4.7657,4.7657,0,0,-1,-1,0,0
3,82,84,7.6796,6.9373,0,0,-1,-1,0,0
3,82,106,4.5651,3.5414,0,0,-1,-1,0,0
3,82,113,7.9289,7.5192,0,0,-1,-1,0,0
3,82,127,5.8646,5.8303,0,0,-1,-1,0,0
3,82,129,3.7707,4.9125,0,0,-1,-1,0,0
3,82,134,4.0617,4.5767,0,0,-1,-1,0,0
3,83,100,5.1914,5.1914,0,0,-1,-1,0,0
3,83,145,5.638,5.638,0,0,-1,-1,0,0
3,84,57,4.5451,4.5451,0,0,-1,-1,0,0
3,84,69,2.7263,2.7263,1,1,-1,-1,0,0
3,84,77,4.3978,4.3978,0,0,-1,-1,0,0
3,84,103,5.2585,5.2585,0,0,-1,-1,0,0
3,85,84,7.2569,7.2569,0,0,-1,-1,0,0
3,85,86,3.2021,3.2021,0,0,-1,-1,0,0
3,85,107,2.9823,2.9823,0,0,-1,-1,0,0
3,85,113,5.5239,5.5239,0,0,-1,-1,0,0
3,86,54,3.5208,3.5208,0,0,-1,-1,0,0
3,86,64,6.1927,6.1927,0,0,-1,-1,0,0
3,86,70,5.0049,5.0049,0,0,-1,-1,0,0
3,87,37,5.1503,5.1503,0,0,-1,-1,0,0
3,87,75,1.7074,1.7074,1,1,-1,-1,0,0
3,87,79,5.2148,5.2148,0,0,-1,-1,0,0
3,88,135,2.9207,2.9207,1,1,-1,-1,0,0
3,89,59,6.2792,8.5212,0,0,-1,-1,0,0
3,89,104,5.5073,3.0643,0,0,-1,-1,0,0
3,89,116,2.2041,3.9258,1,0,-1,-1,0,1
3,90,14,6.4371,6.9819,0,0,-1,-1,0,0
3,90,38,3.5475,2.2249,0,0,-1,-1,0,0
3,90,39,3.1641,0.6815,0,1,-1,-1,0,1
3,91,71,5.0482,5.0482,0,0,-1,-1,0,0
3,91,141,4.1346,4.1346,0,0,-1,-1,0,0
3,91,157,6.6904,6.6904,0,0,-1,-1,0,0
3,92,14,4.2504,4.2504,0,0,-1,-1,0,0
3,92,38,2.729,2.729,1,1,-1,-1,0,0
3,92,39,3.7854,3.7854,0,0,-1,-1,0,0
3,93,99,6.3339,3.556,0,0,-1,-1,0,0
3,93,109,4.8861,3.6929,0,0,-1,-1,0,0
3,93,118,7.2116,9.9704,0,0,-1,-1,0,0
3,94,72,5.0242,4.7289,0,0,-1,-1,0,0
3,95,84,7.7524,7.7524,0,0,-1,-1,0,0
3,95,86,4.8939,4.8939,0,0,-1,-1,0,0
3,95,107,1.9293,1.9293,1,1,-1,-1,0,0
3,95,113,5.5027,5.5027,0,0,-1,-1,0,0
3,96,86,7.7804,7.7804,0,0,-1,-1,0,0
3,96,113,7.2255,7.2255,0,0,-1,-1,0,0
3,96,129,7.1926,7.1926,0,0,-1,-1,0,0
3,97,56,4.4338,1.7307,0,1,-1,-1,0,1
3,97,93,7.1158,5.1277,0,0,-1,-1,0,0
3,97,130,1.5428,2.9032,1,0,-1,-1,0,1
3,97,132,5.5017,7.7904,0,0,-1,-1,0,0
3,98,95,2.3432,2.3432,0,0,-1,-1,0,0
3,98,101,1.7036,1.7036,1,1,-1,-1,0,0
3,99,99,6.453,6.453,0,0,-1,-1,0,0
3,99,109,3.9245,3.9245,0,0,-1,-1,0,0
3,99,118,7.9572,7.9572,0,0,-1,-1,0,0
3,100,99,5.5127,5.5127,0,0,-1,-1,0,0
3,100,109,6.0882,6.0882,0,0,-1,-1,0,0
3,100,153,5.309,5.309,0,0,-1,-1,0,0
3,101,85,6.153,6.153,0,0,-1,-1,0,0
3,101,135,5.6379,5.6379,0,0,-1,-1,0,0
3,102,84,5.1139,5.1139,0,0,-1,-1,0,0
3,102,100,4.7032,4.7032,0,0,-1,-1,0,0
3,102,106,4.3186,4.3186,0,0,-1,-1,0,0
3,102,113,7.7626,7.7626,0,0,-1,-1,0,0
3,103,100,2.7984,2.7984,0,0,-1,-1,0,0
3,103,145,6.2956,6.2956,0,0,-1,-1,0,0
3,104,14,7.2586,8.1581,0,0,-1,-1,0,0
3,104,38,7.657,7.6044,0,0,-1,-1,0,0
3,104,68,3.355,2.8009,0,1,-1,-1,0,1
3,105,33,6.4108,6.4108,0,0,-1,-1,0,0
3,106,59,6.4964,6.4964,0,0,-1,-1,0,0
3,106,71,5.2211,5.2211,0,0,-1,-1,0,0
3,106,74,4.3573,4.3573,0,0,-1,-1,0,0
3,106,141,2.3795,2.3795,0,0,-1,-1,0,0
3,107,26,6.9892,6.9892,0,0,-1,-1,0,0
3,107,37,7.7101,7.7101,0,0,-1,-1,0,0
3,107,75,6.156,6.156,0,0,-1,-1,0,0
3,107,79,3.3144,3.3144,0,0,-1,-1,0,0
3,107,81,7.6589,7.6589,0,0,-1,-1,0,0
3,108,96,5.1935,3.4129,0,0,4000028,-1,0,0
3,108,121,10.7187,8.1413,0,0,4000028,5000038,1,0
3,108,133,7.1958,9.2716,0,0,4000028,-1,0,0
3,108,144,6.8094,9.2549,0,0,4000028,-1,0,0
3,110,51,7.5065,7.5065,0,0,-1,-1,0,0
3,110,108,7.7862,7.7862,0,0,-1,-1,0,0
3,111,54,7.5363,7.5363,0,0,-1,-1,0,0
3,111,64,7.9034,7.9034,0,0,-1,-1,0,0
3,111,92,4.1108,4.1108,0,0,-1,-1,0,0
3,111,151,7.898,7.898,0,0,-1,-1,0,0
3,112,96,6.4593,6.4593,0,0,-1,-1,0,0
3,112,112,5.9486,5.9486,0,0,-1,-1,0,0
3,112,119,4.9409,4.9409,0,0,-1,-1,0,0
3,112,120,7.0284,7.0284,0,0,-1,-1,0,0
3,112,121,3.9073,3.9073,0,0,-1,5000038,0,0
3,112,128,2.6644,2.6644,1,1,-1,-1,0,0
3,113,114,3.6386,2.9901,0,1,-1,-1,0,1
3,114,84,2.4567,2.4567,1,1,-1,-1,0,0
3,114,86,6.5553,6.5553,0,0,-1,-1,0,0
3,114,100,6.5802,6.5802,0,0,-1,-1,0,0
3,114,106,5.3513,5.3513,0,0,-1,-1,0,0
3,114,113,4.7391,4.7391,0,0,-1,-1,0,0
3,115,98,4.6401,2.457,0,1,-1,-1,0,1
3,116,95,2.1576,2.1576,1,1,-1,-1,0,0
3,116,101,4.0397,4.0397,0,0,-1,-1,0,0
3,117,72,3.6514,3.6514,0,0,-1,-1,0,0
3,118,20,6.7083,7.6964,0,0,-1,-1,0,0
3,118,82,4.7431,5.0067,0,0,-1,-1,0,0
3,118,92,5.887,6.8153,0,0,-1,-1,0,0
3,118,151,4.7078,5.508,0,0,-1,-1,0,0
3,119,14,6.2534,8.0337,0,0,-1,-1,0,0
3,119,38,6.8101,8.5062,0,0,-1,-1,0,0
3,119,39,7.2975,8.7205,0,0,-1,-1,0,0
3,120,9,7.1454,9.7795,0,0,-1,-1,0,0
3,120,34,5.6639,8.166,0,0,-1,-1,0,0
3,120,68,3.0017,2.2407,0,0,-1,-1,0,0
3,120,138,3.9663,3.2416,0,0,-1,-1,0,0
3,121,56,5.8331,4.4127,0,0,-1,-1,0,0
3,121,93,3.9914,1.6054,0,0,-1,-1,0,0
3,121,130,4.8296,5.4572,0,0,-1,-1,0,0
3,121,132,7.3962,9.1835,0,0,-1,-1,0,0
3,122,97,5.3321,5.3321,0,0,-1,-1,0,0
3,123,16,8.7087,6.9556,0,0,-1,-1,0,0
3,123,18,7.3889,7.088,0,0,-1,-1,0,0
3,123,32,7.6891,4.3845,0,0,-1,-1,0,0
3,123,58,7.8962,9.1767,0,0,-1,-1,0,0
3,123,87,5.7848,6.5937,0,0,-1,-1,0,0
3,123,117,2.3483,1.8305,1,1,-1,-1,0,0
3,123,142,4.4927,2.8103,0,0,-1,-1,0,0
3,123,146,6.6762,4.1578,0,0,-1,-1,0,0
3,125,95,4.3065,4.0889,0,0,-1,-1,0,0
3,125,101,4.7417,4.0845,0,0,-1,-1,0,0
3,126,111,6.664,5.4638,0,0,-1,-1,0,0
3,127,118,6.7126,6.7126,0,0,-1,-1,0,0
3,127,150,3.1539,3.1539,0,0,-1,-1,0,0
3,128,82,2.3045,2.3045,0,1,-1,-1,0,1
3,129,100,5.2325,5.2325,0,0,-1,-1,0,0
3,129,106,4.7335,4.7335,0,0,-1,-1,0,0
3,129,145,6.4882,6.4882,0,0,-1,-1,0,0
3,130,20,5.9224,5.8,0,0,-1,-1,0,0
3,130,83,5.7193,5.4355,0,0,-1,-1,0,0
3,130,120,8.5514,7.8219,0,0,-1,-1,0,0
3,131,62,5.6037,6.6828,0,0,-1,-1,0,0
3,131,97,3.1192,4.0039,0,0,-1,-1,0,0
3,132,122,5.3118,5.3118,0,0,-1,-1,0,0
3,133,23,7.0826,8.4138,0,0,-1,-1,0,0
3,133,132,4.2444,3.2877,0,0,-1,-1,0,0
3,133,137,1.784,2.1995,1,1,-1,-1,0,0
3,134,88,2.427,2.427,1,0,4000032,5000042,1,1
3,134,91,3.857,3.857,0,0,4000032,-1,0,0
3,135,118,6.4609,6.4609,0,0,-1,-1,0,0
3,135,150,1.0321,1.0321,1,1,-1,-1,0,0
3,137,119,6.9644,6.9644,0,0,-1,-1,0,0
3,137,120,2.2591,2.2591,1,1,-1,-1,0,0
3,137,121,3.0312,3.0312,0,0,-1,5000038,0,0
3,137,128,5.1318,5.1318,0,0,-1,-1,0,0
3,137,131,5.3877,5.3877,0,0,-1,-1,0,0
3,138,88,2.9613,4.2029,0,0,-1,5000042,0,0
3,138,91,2.4313,2.4567,0,0,-1,-1,0,0
3,139,83,7.4959,7.4959,0,0,-1,-1,0,0
3,140,110,3.4506,3.4506,0,0,-1,5000040,0,0
3,141,106,7.232,6.6295,0,0,-1,-1,0,0
3,141,127,4.7556,1.8386,0,1,-1,-1,0,1
3,141,129,8.4674,6.2048,0,0,-1,-1,0,0
3,141,134,6.3008,4.5993,0,0,-1,-1,0,0
3,142,110,3.8364,3.8364,0,0,4000030,5000040,1,0
3,142,125,6.3213,6.3213,0,0,4000030,-1,0,0
3,144,106,7.5312,7.5312,0,0,-1,-1,0,0
3,144,127,2.9341,2.9341,1,0,-1,-1,0,1
3,144,129,7.466,7.466,0,0,-1,-1,0,0
3,144,134,5.6789,5.6789,0,0,-1,-1,0,0
3,145,52,7.3082,8.2547,0,0,-1,-1,0,0
3,146,85,7.5186,7.5186,0,0,-1,-1,0,0
3,146,106,6.7946,6.7946,0,0,-1,-1,0,0
3,146,134,6.6471,6.6471,0,0,-1,-1,0,0
3,147,110,6.8546,6.8546,0,0,-1,5000040,0,0
3,147,125,1.5713,1.5713,1,1,-1,-1,0,0
3,147,148,6.4777,6.4777,0,0,-1,-1,0,0
3,148,96,7.0891,7.342,0,0,-1,-1,0,0
3,148,119,9.3944,7.1881,0,0,-1,-1,0,0
3,148,120,4.8927,3.8063,0,0,-1,-1,0,0
3,148,121,2.5314,1.3858,1,1,-1,5000038,0,0
3,148,128,7.1586,4.9808,0,0,-1,-1,0,0
3,148,131,8.1059,6.9713,0,0,-1,-1,0,0
3,149,25,6.0859,7.4767,0,0,-1,-1,0,0
3,149,28,4.4255,6.0153,0,0,-1,-1,0,0
3,149,122,3.7428,2.7608,0,0,-1,-1,0,0
3,149,143,6.6678,4.3388,0,0,-1,-1,0,0
3,149,147,8.6693,6.897,0,0,-1,-1,0,0
3,150,55,6.731,7.6034,0,0,-1,-1,0,0
3,150,67,4.6713,5.8371,0,0,-1,-1,0,0
3,150,76,7.4334,8.9998,0,0,-1,-1,0,0
3,151,31,7.7006,7.7006,0,0,-1,-1,0,0
3,151,141,5.324,5.324,0,0,-1,-1,0,0
3,151,157,7.9542,7.9542,0,0,-1,-1,0,0
3,152,96,4.196,4.196,0,0,-1,-1,0,0
3,153,62,7.3341,7.3341,0,0,-1,-1,0,0
3,153,97,4.4972,4.4972,0,0,-1,-1,0,0
3,153,104,6.4829,6.4829,0,0,-1,-1,0,0
3,154,30,6.0349,6.0349,0,0,-1,-1,0,0
3,154,41,7.2574,7.2574,0,0,-1,-1,0,0
3,154,60,6.7027,6.7027,0,0,-1,-1,0,0
3,155,56,7.8675,7.8675,0,0,-1,-1,0,0
3,155,93,4.0908,4.0908,0,0,-1,-1,0,0
3,157,52,4.5859,4.5859,0,0,-1,-1,0,0
3,158,82,4.5279,6.194,0,0,-1,-1,0,0
4,0,13,3.996,3.996,0,0,-1,-1,0,0
4,0,74,2.9709,2.9709,1,1,-1,-1,0,0
4,1,0,2.8924,2.8924,0,0,-1,-1,0,0
4,1,2,4.2131,4.2131,0,0,-1,-1,0,0
4,2,1,5.484,5.7195,0,0,-1,-1,0,0
4,2,6,4.9476,4.4071,0,0,-1,-1,0,0
4,2,145,5.0417,4.5354,0,0,-1,-1,0,0
4,3,8,4.9288,4.8804,0,0,-1,-1,0,0
4,3,23,5.5102,4.2883,0,0,-1,-1,0,0
4,3,25,8.8165,7.8773,0,0,-1,-1,0,0
4,3,41,7.3488,7.9568,0,0,-1,-1,0,0
4,3,70,7.3415,7.9352,0,0,-1,-1,0,0
4,4,3,5.1866,7.8114,0,0,-1,-1,0,0
4,4,4,5.0059,5.573,0,0,-1,-1,0,0
4,4,9,7.8533,9.6834,0,0,-1,-1,0,0
4,5,0,1.3692,0.9656,1,1,-1,-1,0,0
4,5,2,6.6997,6.3778,0,0,-1,-1,0,0
4,6,3,1.3313,1.3313,1,1,-1,-1,0,0
4,6,4,6.8888,6.8888,0,0,-1,-1,0,0
4,6,9,5.7707,5.7707,0,0,-1,-1,0,0
4,7,5,3.7857,3.7857,0,0,-1,-1,0,0
4,7,38,7.6998,7.6998,0,0,-1,-1,0,0
4,8,1,7.0995,6.8492,0,0,-1,-1,0,0
4,8,6,5.6961,5.9282,0,0,-1,-1,0,0
4,8,145,3.2408,3.8248,0,0,-1,-1,0,0
4,9,17,3.3544,3.3544,0,0,-1,-1,0,0
4,9,26,6.9278,6.9278,0,0,-1,-1,0,0
4,9,30,5.1153,5.1153,0,0,-1,-1,0,0
4,10,29,2.7547,2.7547,0,0,-1,-1,0,0
4,10,38,7.7157,7.7157,0,0,-1,-1,0,0
4,10,53,6.9453,6.9453,0,0,-1,-1,0,0
4,10,143,5.9638,5.9638,0,0,-1,-1,0,0
4,11,17,6.8717,5.4218,0,0,-1,-1,0,0
4,11,26,5.6465,3.0993,0,0,-1,-1,0,0
4,11,30,3.7077,1.3812,0,0,-1,-1,0,0
4,11,33,7.8971,10.5117,0,0,-1,-1,0,0
4,12,1,5.6811,5.6811,0,0,-1,-1,0,0
4,12,6,3.1138,3.1138,0,0,-1,-1,0,0
4,12,12,4.8775,4.8775,0,0,-1,-1,0,0
4,12,16,6.7947,6.7947,0,0,-1,-1,0,0
4,12,145,7.7372,7.7372,0,0,-1,-1,0,0
4,13,8,2.2605,2.2605,1,1,-1,-1,0,0
4,13,23,6.3333,6.3333,0,0,-1,-1,0,0
4,14,15,6.3271,6.201,0,0,-1,-1,0,0
4,14,123,7.995,8.4124,0,0,-1,-1,0,0
4,15,8,5.1827,5.1827,0,0,-1,-1,0,0
4,15,23,7.5255,7.5255,0,0,-1,-1,0,0
4,15,41,7.9305,7.9305,0,0,-1,-1,0,0
4,16,21,3.514,3.514,0,0,-1,-1,0,0
4,16,22,1.7657,1.7657,0,0,-1,-1,0,0
4,16,31,2.0336,2.0336,1,1,-1,-1,0,0
4,17,7,4.5856,4.5856,0,0,-1,-1,0,0
4,17,150,3.4951,3.4951,0,0,-1,-1,0,0
4,18,7,6.9594,6.9594,0,0,-1,-1,0,0
4,18,22,5.2254,5.2254,0,0,-1,-1,0,0
4,18,31,6.9134,6.9134,0,0,-1,-1,0,0
4,18,34,4.8682,4.8682,0,0,-1,-1,0,0
4,19,20,5.1723,5.1723,0,0,-1,-1,0,0
4,19,33,7.8059,7.8059,0,0,-1,-1,0,0
4,19,68,6.4711,6.4711,0,0,-1,-1,0,0
4,20,24,3.3225,3.3225,0,0,-1,-1,0,0
4,20,113,1.625,1.625,0,0,-1,-1,0,0
4,21,10,7.2864,7.2864,0,0,-1,-1,0,0
4,21,11,5.4558,5.4558,0,0,-1,-1,0,0
4,22,10,4.729,0.7578,0,0,-1,-1,0,0
4,22,82,7.713,12.5476,0,0,-1,-1,0,0
4,23,17,5.8532,5.8532,0,0,-1,-1,0,0
4,23,26,3.4196,3.4196,0,0,-1,-1,0,0
4,23,30,1.7013,1.7013,1,1,-1,-1,0,0
4,24,18,5.3603,5.3603,0,0,-1,-1,0,0
4,25,12,6.1905,7.6251,0,0,-1,-1,0,0
4,25,19,4.6073,3.5531,0,0,-1,-1,0,0
4,25,28,8.8725,7.9697,0,0,-1,-1,0,0
4,25,43,5.7895,4.4374,0,0,-1,-1,0,0
4,25,146,3.8104,4.5095,0,0,-1,-1,0,0
4,26,37,4.8277,4.8277,0,0,-1,-1,0,0
4,27,16,3.2201,3.2201,0,0,-1,-1,0,0
4,27,47,4.3692,4.3692,0,0,-1,-1,0,0
4,27,77,5.2019,5.2019,0,0,-1,-1,0,0
4,27,84,4.0274,4.0274,0,0,-1,-1,0,0
4,28,12,6.3717,6.3717,0,0,-1,-1,0,0
4,28,19,5.2235,5.2235,0,0,-1,-1,0,0
4,28,43,5.0997,5.0997,0,0,-1,-1,0,0
4,28,146,5.3292,5.3292,0,0,-1,-1,0,0
4,29,5,4.48,4.48,0,0,-1,-1,0,0
4,29,29,7.7795,7.7795,0,0,-1,-1,0,0
4,29,38,4.5283,4.5283,0,0,-1,-1,0,0
4,30,40,4.1966,4.1966,0,0,-1,-1,0,0
4,30,48,7.5053,7.5053,0,0,-1,-1,0,0
4,31,32,1.011,1.011,1,1,-1,-1,0,0
4,31,56,2.8548,2.8548,0,0,-1,-1,0,0
4,32,22,6.5299,6.0338,0,0,-1,-1,0,0
4,32,45,4.5846,5.1005,0,0,-1,-1,0,0
4,32,66,5.6474,6.3459,0,0,-1,-1,0,0
4,32,105,6.2714,5.7575,0,0,-1,-1,0,0
4,32,136,4.4862,4.8055,0,0,-1,-1,0,0
4,32,141,4.3311,4.5989,0,0,-1,-1,0,0
4,33,77,3.5703,3.5703,0,0,-1,-1,0,0
4,33,84,5.0296,5.0296,0,0,-1,-1,0,0
4,33,129,4.4719,4.4719,0,0,-1,-1,0,0
4,34,17,1.4334,1.4334,1,1,-1,-1,0,0
4,34,26,5.237,5.237,0,0,-1,-1,0,0
4,34,30,3.8677,3.8677,0,0,-1,-1,0,0
4,35,42,6.3449,3.2746,0,0,-1,-1,0,0
4,35,143,7.2545,9.5169,0,0,-1,-1,0,0
4,36,42,3.4735,3.4735,0,0,-1,-1,0,0
4,37,82,4.7171,1.6532,0,1,-1,-1,0,1
4,37,111,2.867,4.8793,0,0,-1,-1,0,0
4,37,115,5.132,3.8497,0,0,-1,-1,0,0
4,38,15,3.8934,2.436,0,0,-1,-1,0,0
4,38,80,6.9793,4.8534,0,0,-1,-1,0,0
4,38,123,2.9625,3.5037,0,0,-1,-1,0,0
4,39,15,5.2794,4.5188,0,0,-1,-1,0,0
4,39,80,5.84,2.9254,0,1,-1,-1,0,1
4,39,123,0.9991,2.9491,1,0,-1,-1,0,1
4,40,14,3.1367,3.1367,0,0,-1,-1,0,0
4,40,52,4.5857,4.5857,0,0,-1,-1,0,0
4,40,119,6.4158,6.4158,0,0,-1,-1,0,0
4,41,27,6.8229,6.8229,0,0,-1,-1,0,0
4,41,35,2.1331,2.1331,1,1,-1,-1,0,0
4,42,37,5.0597,5.0597,0,0,-1,-1,0,0
4,42,39,4.9476,4.9476,0,0,-1,-1,0,0
4,43,27,2.3443,2.3443,1,1,-1,-1,0,0
4,43,28,7.0322,7.0322,0,0,-1,-1,0,0
4,43,35,6.119,6.119,0,0,-1,-1,0,0
4,44,68,5.4568,5.4568,0,0,-1,-1,0,0
4,44,71,5.2272,5.2272,0,0,-1,-1,0,0
4,45,16,5.3188,5.3188,0,0,-1,-1,0,0
4,45,47,1.6957,1.6957,0,1,-1,-1,0,1
4,45,77,4.5262,4.5262,0,0,-1,-1,0,0
4,45,84,5.3219,5.3219,0,0,-1,-1,0,0
4,46,20,6.3163,6.3163,0,0,-1,-1,0,0
4,46,33,4.5728,4.5728,0,0,-1,-1,0,0
4,47,29,4.5491,4.5491,0,0,-1,-1,0,0
4,47,53,6.9756,6.9756,0,0,-1,-1,0,0
4,47,143,4.6128,4.6128,0,0,-1,-1,0,0
4,48,44,7.576,7.576,0,0,-1,-1,0,0
4,48,45,6.3644,6.3644,0,0,-1,-1,0,0
4,48,66,3.5653,3.5653,0,0,-1,-1,0,0
4,48,89,7.6506,7.6506,0,0,-1,-1,0,0
4,48,136,7.6338,7.6338,0,0,-1,-1,0,0
4,48,141,1.976,1.976,0,0,-1,-1,0,0
4,49,16,10.1319,7.6174,0,0,-1,-1,0,0
4,49,47,5.571,2.0878,0,0,-1,-1,0,0
4,49,77,2.2228,3.3002,1,0,-1,-1,0,1
4,49,84,5.5757,5.6637,0,0,-1,-1,0,0
4,49,129,7.4776,10.8019,0,0,-1,-1,0,0
4,50,55,6.4502,6.4502,0,0,-1,-1,0,0
4,50,61,4.5177,4.5177,0,0,-1,-1,0,0
4,50,72,2.2888,2.2888,1,1,-1,-1,0,0
4,51,54,5.6933,5.6933,0,0,-1,-1,0,0
4,51,55,4.743,4.743,0,0,-1,-1,0,0
4,51,61,5.5675,5.5675,0,0,-1,-1,0,0
4,51,72,2.782,2.782,0,0,-1,-1,0,0
4,51,151,4.7314,4.7314,0,0,-1,-1,0,0
4,52,54,4.2154,4.2154,0,0,-1,-1,0,0
4,53,7,2.5309,5.7829,0,0,-1,-1,0,0
4,53,31,10.5728,6.3661,0,0,-1,-1,0,0
4,53,51,3.4686,1.8936,0,1,-1,-1,0,1
4,54,36,4.4773,4.4773,0,0,-1,-1,0,0
4,54,59,7.4008,7.4008,0,0,-1,-1,0,0
4,54,60,5.1242,5.1242,0,0,-1,-1,0,0
4,55,81,2.7689,2.7689,1,1,-1,-1,0,0
4,55,92,7.601,7.601,0,0,-1,-1,0,0
4,56,58,4.3235,0.5626,0,1,-1,-1,0,1
4,56,76,7.4554,4.3269,0,0,-1,-1,0,0
4,56,122,6.4468,10.4181,0,0,-1,-1,0,0
4,57,75,2.5416,2.5416,1,1,-1,-1,0,0
4,57,90,4.588,4.588,0,0,-1,-1,0,0
4,57,99,5.165,5.165,0,0,-1,-1,0,0
4,57,107,3.2575,3.2575,0,0,-1,-1,0,0
4,58,14,7.0383,7.0383,0,0,-1,-1,0,0
4,58,34,4.0498,4.0498,0,0,-1,-1,0,0
4,58,52,6.1074,6.1074,0,0,-1,-1,0,0
4,58,105,5.9633,5.9633,0,0,-1,-1,0,0
4,59,67,4.6345,4.6345,0,0,-1,-1,0,0
4,59,69,1.91,1.91,1,1,-1,-1,0,0
4,59,100,4.1562,4.1562,0,0,-1,-1,0,0
4,60,40,6.5034,6.5034,0,0,-1,-1,0,0
4,61,45,1.8309,1.8309,0,1,-1,-1,0,1
4,61,65,4.8326,4.8326,0,0,-1,-1,0,0
4,61,66,3.4962,3.4962,0,0,-1,-1,0,0
4,61,89,4.9003,4.9003,0,0,-1,-1,0,0
4,61,136,6.3077,6.3077,0,0,-1,-1,0,0
4,61,141,7.4315,7.4315,0,0,-1,-1,0,0
4,62,61,5.9825,5.9825,0,0,-1,-1,0,0
4,62,64,4.3696,4.3696,0,0,-1,-1,0,0
4,62,91,4.9609,4.9609,0,0,-1,-1,0,0
4,63,41,5.0733,5.0733,0,0,-1,-1,0,0
4,63,57,5.5498,5.5498,0,0,-1,-1,0,0
4,64,36,1.1426,1.1426,1,1,-1,-1,0,0
4,64,59,4.8121,4.8121,0,0,-1,-1,0,0
4,64,60,3.099,3.099,0,0,-1,-1,0,0
4,65,73,4.3632,4.3632,0,0,-1,-1,0,0
4,65,79,2.414,2.414,1,1,-1,-1,0,0
4,65,88,5.0353,5.0353,0,0,-1,-1,0,0
4,65,94,3.9562,3.9562,0,0,-1,-1,0,0
4,65,149,5.4128,5.4128,0,0,-1,-1,0,0
4,66,18,7.2268,7.2268,0,0,-1,-1,0,0
4,67,36,6.4033,8.9217,0,0,-1,-1,0,0
4,67,59,5.8182,7.9318,0,0,-1,-1,0,0
4,67,60,7.15,9.5194,0,0,-1,-1,0,0
4,67,81,5.8985,4.6033,0,0,-1,-1,0,0
4,67,92,9.4892,7.7069,0,0,-1,-1,0,0
4,68,15,7.1701,9.4626,0,0,-1,-1,0,0
4,68,17,7.0735,7.8515,0,0,-1,-1,0,0
4,68,96,6.6761,3.7275,0,0,-1,-1,0,0
4,68,108,3.9384,2.4612,0,1,-1,-1,0,1
4,69,75,5.7989,5.9492,0,0,-1,-1,0,0
4,69,90,3.6459,2.8863,0,1,-1,-1,0,1
4,69,99,4.0832,3.5769,0,0,-1,-1,0,0
4,69,107,3.1467,3.0487,0,0,-1,-1,0,0
4,69,138,7.2152,8.7454,0,0,-1,-1,0,0
4,70,36,5.7451,5.7451,0,0,-1,-1,0,0
4,70,59,3.5878,3.5878,0,0,-1,-1,0,0
4,70,60,2.1778,2.1778,1,0,-1,-1,0,1
4,71,67,4.2018,4.2018,0,0,-1,-1,0,0
4,71,69,7.0864,7.0864,0,0,-1,-1,0,0
4,71,100,3.7039,3.7039,0,0,-1,-1,0,0
4,72,46,6.1563,6.1563,0,0,-1,-1,0,0
4,72,106,6.4302,6.4302,0,0,-1,-1,0,0
4,72,132,2.667,2.667,0,0,-1,-1,0,0
4,73,48,4.8648,4.8648,0,0,-1,-1,0,0
4,74,67,6.1539,6.1539,0,0,-1,-1,0,0
4,74,69,4.0493,4.0493,0,0,-1,-1,0,0
4,74,100,2.4732,2.4732,1,1,-1,-1,0,0
4,75,37,5.6308,7.0637,0,0,-1,-1,0,0
4,75,82,7.5068,5.9491,0,0,-1,-1,0,0
4,75,111,1.2219,0.8162,0,0,-1,-1,0,0
4,75,115,5.028,3.6597,0,0,-1,-1,0,0
4,76,69,6.6959,6.6959,0,0,-1,-1,0,0
4,76,81,4.5813,4.5813,0,0,-1,-1,0,0
4,76,92,4.7911,4.7911,0,0,-1,-1,0,0
4,77,75,5.5041,5.5041,0,0,-1,-1,0,0
4,77,90,5.9111,5.9111,0,0,-1,-1,0,0
4,77,99,2.2097,2.2097,1,0,-1,-1,0,1
4,77,107,2.7523,2.7523,0,1,-1,-1,0,1
4,77,133,6.5715,6.5715,0,0,-1,-1,0,0
4,77,138,6.1207,6.1207,0,0,-1,-1,0,0
4,78,50,4.7862,4.7862,0,0,-1,-1,0,0
4,78,149,7.8568,7.8568,0,0,-1,-1,0,0
4,79,37,4.1988,4.1988,0,0,-1,-1,0,0
4,79,111,7.6689,7.6689,0,0,-1,-1,0,0
4,80,41,5.2451,5.4862,0,0,-1,-1,0,0
4,80,57,6.6374,6.4084,0,0,-1,-1,0,0
4,80,70,3.5456,0.4683,0,1,-1,-1,0,1
4,81,71,5.9302,5.9302,0,0,-1,-1,0,0
4,82,24,6.4269,4.9358,0,0,-1,-1,0,0
4,82,62,3.6892,4.7884,0,0,-1,-1,0,0
4,82,103,5.9464,7.297,0,0,-1,-1,0,0
4,82,113,5.68,4.1013,0,0,-1,-1,0,0
4,83,24,6.8809,6.8809,0,0,-1,-1,0,0
4,83,49,4.7493,4.7493,0,0,-1,-1,0,0
4,84,78,6.6696,4.6536,0,0,-1,-1,0,0
4,84,85,3.6413,2.9729,0,0,-1,-1,0,0
4,84,87,7.3572,9.532,0,0,-1,-1,0,0
4,84,114,6.1003,8.4448,0,0,-1,-1,0,0
4,85,101,7.8646,7.8646,0,0,-1,-1,0,0
4,85,102,6.0595,6.0595,0,0,-1,-1,0,0
4,86,78,2.5485,3.1311,0,0,-1,-1,0,0
4,86,85,2.4858,2.3527,1,0,-1,-1,0,1
4,87,34,3.6353,3.6353,0,0,-1,-1,0,0
4,87,52,7.9837,7.9837,0,0,-1,-1,0,0
4,87,105,3.0132,3.0132,0,0,-1,-1,0,0
4,88,126,4.0517,4.0517,0,0,5000042,-1,0,0
4,88,140,4.9451,4.9451,0,0,5000042,6000050,1,0
4,89,73,6.4913,6.4913,0,0,-1,-1,0,0
4,89,79,6.1853,6.1853,0,0,-1,-1,0,0
4,89,88,3.2174,3.2174,0,0,-1,-1,0,0
4,89,94,2.3738,2.3738,1,1,-1,-1,0,0
4,91,126,2.56,2.56,1,1,-1,-1,0,0
4,91,140,5.3253,5.3253,0,0,-1,6000050,0,0
4,92,50,7.3513,7.3513,0,0,-1,-1,0,0
4,92,103,4.1217,4.1217,0,0,-1,-1,0,0
4,93,58,5.7802,5.7802,0,0,-1,-1,0,0
4,93,76,5.3607,5.3607,0,0,-1,-1,0,0
4,93,122,7.1233,7.1233,0,0,-1,-1,0,0
4,94,73,4.3847,4.3847,0,0,-1,-1,0,0
4,94,79,4.2527,4.2527,0,0,-1,-1,0,0
4,94,88,2.2309,2.2309,1,1,-1,-1,0,0
4,94,94,1.8713,1.8713,0,0,-1,-1,0,0
4,95,110,4.8966,2.9281,0,0,-1,-1,0,0
4,95,144,4.0801,5.9629,0,0,-1,-1,0,0
4,96,97,7.4332,7.4332,0,0,-1,-1,0,0
4,96,112,3.2986,3.2986,0,0,-1,-1,0,0
4,96,116,5.1364,5.1364,0,0,-1,-1,0,0
4,96,124,7.0122,7.0122,0,0,-1,-1,0,0
4,96,127,7.1964,7.1964,0,0,-1,-1,0,0
4,97,64,2.1426,2.1426,1,1,-1,-1,0,0
4,97,91,4.4691,4.4691,0,0,-1,-1,0,0
4,97,148,7.372,7.372,0,0,-1,-1,0,0
4,99,109,1.4364,1.4364,1,1,-1,-1,0,0
4,99,117,3.7997,3.7997,0,0,-1,-1,0,0
4,100,87,7.3056,7.3056,0,0,-1,-1,0,0
4,100,101,5.2914,5.2914,0,0,-1,-1,0,0
4,100,114,5.0135,5.0135,0,0,-1,-1,0,0
4,101,110,4.7734,3.5233,0,0,-1,-1,0,0
4,101,144,5.7344,7.0307,0,0,-1,-1,0,0
4,102,73,7.8808,7.6348,0,0,-1,-1,0,0
4,102,76,6.0498,6.7962,0,0,-1,-1,0,0
4,102,79,6.3099,5.9208,0,0,-1,-1,0,0
4,102,88,7.3626,6.7642,0,0,-1,-1,0,0
4,102,94,4.3385,3.746,0,0,-1,-1,0,0
4,103,75,7.8949,7.8949,0,0,-1,-1,0,0
4,103,99,4.7538,4.7538,0,0,-1,-1,0,0
4,103,107,5.6313,5.6313,0,0,-1,-1,0,0
4,103,133,3.9533,3.9533,0,0,-1,-1,0,0
4,103,138,4.2199,4.2199,0,0,-1,-1,0,0
4,104,91,2.6277,2.6277,0,1,-1,-1,0,1
4,105,76,5.437,5.437,0,0,-1,-1,0,0
4,105,79,6.8747,6.8747,0,0,-1,-1,0,0
4,105,88,7.0654,7.0654,0,0,-1,-1,0,0
4,105,94,3.7409,3.7409,0,0,-1,-1,0,0
4,106,87,1.542,1.542,1,1,-1,-1,0,0
4,106,93,6.1674,6.1674,0,0,-1,-1,0,0
4,106,101,7.8605,7.8605,0,0,-1,-1,0,0
4,106,114,4.3795,4.3795,0,0,-1,-1,0,0
4,107,78,3.266,4.3936,0,0,-1,-1,0,0
4,107,85,6.1443,7.4769,0,0,-1,-1,0,0
4,107,134,6.3103,4.7122,0,0,-1,-1,0,0
4,108,139,4.4689,4.4689,0,0,-1,-1,0,0
4,109,109,4.6663,4.6663,0,0,-1,-1,0,0
4,109,117,6.839,6.839,0,0,-1,-1,0,0
4,110,120,4.2118,4.2118,0,0,5000040,-1,0,0
4,110,125,6.7347,6.7347,0,0,5000040,-1,0,0
4,110,128,2.5622,2.5622,0,0,5000040,6000048,1,0
4,110,131,1.2344,1.2344,1,1,5000040,-1,0,0
4,111,63,5.3796,5.3796,0,0,-1,-1,0,0
4,112,104,4.8922,4.8922,0,0,-1,6000046,0,0
4,112,116,6.989,6.989,0,0,-1,-1,0,0
4,112,134,2.8655,2.8655,1,1,-1,-1,0,0
4,113,78,5.0825,5.0825,0,0,-1,-1,0,0
4,113,85,1.7796,1.7796,0,1,-1,-1,0,1
4,113,114,7.4613,7.4613,0,0,-1,-1,0,0
4,114,118,3.094,0.9595,0,1,-1,-1,0,1
4,115,54,5.071,6.1198,0,0,-1,-1,0,0
4,115,72,5.3168,5.2235,0,0,-1,-1,0,0
4,115,142,7.887,7.5374,0,0,-1,-1,0,0
4,115,151,7.5606,8.2338,0,0,-1,-1,0,0
4,116,67,7.0734,7.0734,0,0,-1,-1,0,0
4,116,69,7.0697,7.0697,0,0,-1,-1,0,0
4,116,91,5.2774,5.2774,0,0,-1,-1,0,0
4,117,22,7.9724,8.1602,0,0,-1,-1,0,0
4,117,34,6.6556,8.2981,0,0,-1,-1,0,0
4,117,45,9.2516,7.5014,0,0,-1,-1,0,0
4,117,105,4.5927,5.2535,0,0,-1,-1,0,0
4,117,136,4.3735,2.8154,0,0,-1,-1,0,0
4,117,141,8.7015,6.9683,0,0,-1,-1,0,0
4,118,95,2.8652,2.8652,1,1,-1,-1,0,0
4,118,130,4.8393,4.8393,0,0,-1,-1,0,0
4,119,98,6.4,6.4,0,0,-1,-1,0,0
4,119,104,1.578,1.578,1,0,-1,6000046,0,1
4,119,116,7.3592,7.3592,0,0,-1,-1,0,0
4,119,127,7.1405,7.1405,0,0,-1,-1,0,0
4,119,134,4.2729,4.2729,0,0,-1,-1,0,0
4,120,49,9.4515,7.8666,0,0,-1,-1,0,0
4,120,98,4.1701,2.9989,0,0,-1,-1,0,0
4,120,104,6.1125,6.7556,0,0,-1,6000046,0,0
4,120,127,5.0921,7.1064,0,0,-1,-1,0,0
4,121,104,7.3824,6.3805,0,0,5000038,6000046,1,0
4,121,112,4.1785,3.9719,0,0,5000038,-1,0,0
4,121,116,6.2354,4.5784,0,0,5000038,-1,0,0
4,121,127,1.3083,2.2133,1,1,5000038,-1,0,0
4,122,43,6.0847,6.0847,0,0,-1,-1,0,0
4,122,119,3.2642,3.2642,0,0,-1,-1,0,0
4,123,1,8.1096,6.6747,0,0,-1,-1,0,0
4,123,57,8.5164,7.7033,0,0,-1,-1,0,0
4,124,61,7.99,7.99,0,0,-1,-1,0,0
4,124,72,4.7863,4.7863,0,0,-1,-1,0,0
4,124,142,5.9786,5.9786,0,0,-1,-1,0,0
4,125,120,7.5604,7.7274,0,0,-1,-1,0,0
4,125,125,4.7198,4.4118,0,0,-1,-1,0,0
4,125,128,5.242,5.7318,0,0,-1,6000048,0,0
4,125,131,7.4973,7.9765,0,0,-1,-1,0,0
4,126,73,7.807,7.807,0,0,-1,-1,0,0
4,126,79,7.396,7.396,0,0,-1,-1,0,0
4,126,149,4.183,4.183,0,0,-1,-1,0,0
4,127,87,6.6545,9.0099,0,0,-1,-1,0,0
4,127,93,5.656,5.6374,0,0,-1,-1,0,0
4,127,102,7.746,12.3498,0,0,-1,-1,0,0
4,127,106,5.6287,9.5988,0,0,-1,-1,0,0
4,127,114,7.6707,10.1406,0,0,-1,-1,0,0
4,127,132,8.0567,7.4742,0,0,-1,-1,0,0
4,127,137,4.2347,1.0496,0,1,-1,-1,0,1
4,128,98,6.7483,5.0965,0,0,-1,-1,0,0
4,128,104,2.9837,0.8247,0,1,-1,6000046,0,1
4,128,112,5.8656,8.4801,0,0,-1,-1,0,0
4,128,116,5.6062,8.1372,0,0,-1,-1,0,0
4,128,127,4.8707,6.6929,0,0,-1,-1,0,0
4,128,134,6.4388,5.2301,0,0,-1,-1,0,0
4,129,87,5.7443,5.7443,0,0,-1,-1,0,0
4,129,93,1.9818,1.9818,1,0,-1,-1,0,1
4,129,106,7.8831,7.8831,0,0,-1,-1,0,0
4,129,137,6.0977,6.0977,0,0,-1,-1,0,0
4,130,122,2.566,2.566,1,1,-1,-1,0,0
4,131,49,6.9469,6.9469,0,0,-1,-1,0,0
4,131,98,2.0263,2.0263,1,1,-1,-1,0,0
4,131,104,6.3253,6.3253,0,0,-1,6000046,0,0
4,132,122,3.6879,3.6879,0,0,-1,-1,0,0
4,133,97,5.0359,5.0359,0,0,-1,-1,0,0
4,133,124,2.2857,2.2857,1,1,-1,-1,0,0
4,134,87,4.6517,4.6517,0,0,-1,-1,0,0
4,134,93,3.3741,3.3741,0,0,-1,-1,0,0
4,134,106,5.9445,5.9445,0,0,-1,-1,0,0
4,134,137,6.8908,6.8908,0,0,-1,-1,0,0
4,135,135,3.1902,5.1035,0,0,-1,-1,0,0
4,136,13,10.4435,6.3011,0,0,-1,-1,0,0
4,136,50,8.3164,7.1624,0,0,-1,-1,0,0
4,136,73,7.0251,10.1344,0,0,-1,-1,0,0
4,136,74,10.6431,6.9284,0,0,-1,-1,0,0
4,136,79,7.5576,11.0088,0,0,-1,-1,0,0
4,136,149,5.8963,9.6688,0,0,-1,-1,0,0
4,137,26,5.2141,5.684,0,0,-1,-1,0,0
4,137,30,6.8072,7.275,0,0,-1,-1,0,0
4,137,122,7.4119,7.3339,0,0,-1,-1,0,0
4,138,17,7.0822,7.0822,0,0,-1,-1,0,0
4,138,26,7.8132,7.8132,0,0,-1,-1,0,0
4,138,96,1.7277,1.7277,1,1,-1,-1,0,0
4,138,108,5.1359,5.1359,0,0,-1,-1,0,0
4,139,35,8.2219,7.8109,0,0,-1,-1,0,0
4,140,73,5.8824,5.8824,0,0,-1,-1,0,0
4,140,79,5.8267,5.8267,0,0,-1,-1,0,0
4,140,88,6.2912,6.2912,0,0,-1,-1,0,0
4,140,149,6.846,6.846,0,0,-1,-1,0,0
4,141,56,7.4706,7.4706,0,0,-1,-1,0,0
4,141,100,4.7689,4.7689,0,0,-1,-1,0,0
4,142,22,7.8898,7.8898,0,0,-1,-1,0,0
4,142,45,7.5513,7.5513,0,0,-1,-1,0,0
4,142,105,6.4246,6.4246,0,0,-1,-1,0,0
4,142,136,2.0142,2.0142,1,1,-1,-1,0,0
4,143,19,5.1212,5.1212,0,0,-1,-1,0,0
4,143,28,6.8162,6.8162,0,0,-1,-1,0,0
4,143,43,4.1561,4.1561,0,0,-1,-1,0,0
4,143,119,6.1038,6.1038,0,0,-1,-1,0,0
4,144,97,2.1108,2.1108,1,1,-1,-1,0,0
4,144,124,5.9527,5.9527,0,0,-1,-1,0,0
4,145,101,3.267,3.267,0,0,-1,-1,0,0
4,146,22,7.3226,7.1251,0,0,-1,-1,0,0
4,146,34,6.3202,6.308,0,0,-1,-1,0,0
4,146,105,3.2276,3.4919,0,0,-1,-1,0,0
4,146,136,6.8103,7.0667,0,0,-1,-1,0,0
4,146,141,4.7872,4.828,0,0,-1,-1,0,0
4,147,19,4.9999,4.9999,0,0,-1,-1,0,0
4,147,28,5.8597,5.8597,0,0,-1,-1,0,0
4,147,43,5.5627,5.5627,0,0,-1,-1,0,0
4,148,120,4.127,4.127,0,0,-1,-1,0,0
4,148,125,1.4424,1.4424,1,0,-1,-1,0,1
4,148,128,6.4008,6.4008,0,0,-1,6000048,0,0
4,148,131,7.2021,7.2021,0,0,-1,-1,0,0
4,149,81,5.0289,5.3528,0,0,-1,-1,0,0
4,149,92,6.4427,7.7482,0,0,-1,-1,0,0
4,149,133,2.0127,2.7465,1,1,-1,-1,0,0
4,149,138,3.9201,4.18,0,0,-1,-1,0,0
4,150,11,4.9376,5.5745,0,0,-1,-1,0,0
4,150,83,5.5096,6.5275,0,0,-1,-1,0,0
4,150,86,6.9596,7.9239,0,0,-1,-1,0,0
4,151,13,7.9574,7.9574,0,0,-1,-1,0,0
4,151,103,7.22,7.22,0,0,-1,-1,0,0
4,151,113,5.0882,5.0882,0,0,-1,-1,0,0
4,152,10,4.7027,6.5218,0,0,-1,-1,0,0
4,153,97,6.7468,6.7468,0,0,-1,-1,0,0
4,153,109,7.3969,7.3969,0,0,-1,-1,0,0
4,153,117,3.9518,3.9518,0,0,-1,-1,0,0
4,154,7,6.7005,6.8921,0,0,-1,-1,0,0
4,154,34,5.0301,5.4954,0,0,-1,-1,0,0
4,154,150,7.8557,7.7805,0,0,-1,-1,0,0
4,155,48,5.337,5.337,0,0,-1,-1,0,0
4,156,23,5.8536,5.8536,0,0,-1,-1,0,0
4,156,25,5.6568,5.6568,0,0,-1,-1,0,0
4,156,150,4.4697,4.4697,0,0,-1,-1,0,0
4,157,45,7.7163,7.7163,0,0,-1,-1,0,0
4,157,65,7.0269,7.0269,0,0,-1,-1,0,0
4,157,66,4.8746,4.8746,0,0,-1,-1,0,0
4,157,89,4.2951,4.2951,0,0,-1,-1,0,0
4,157,142,7.3994,7.3994,0,0,-1,-1,0,0
5,0,2,5.8048,4.9525,0,0,-1,-1,0,0
5,0,16,3.5426,3.4913,0,0,-1,-1,0,0
5,0,25,7.6942,7.2607,0,0,-1,-1,0,0
5,1,0,3.4089,3.4089,0,0,-1,-1,0,0
5,1,10,6.4668,6.4668,0,0,-1,-1,0,0
5,1,159,4.3323,4.3323,0,0,-1,-1,0,0
5,2,2,0.2143,0.2143,1,1,-1,-1,0,0
5,2,16,3.6261,3.6261,0,0,-1,-1,0,0
5,2,25,3.7306,3.7306,0,0,-1,-1,0,0
5,2,91,7.7885,7.7885,0,0,-1,-1,0,0
5,3,4,7.3845,6.4435,0,0,-1,-1,0,0
5,3,8,4.7602,3.5786,0,0,-1,-1,0,0
5,3,23,8.7934,7.598,0,0,-1,-1,0,0
5,4,4,1.5776,1.5776,1,1,-1,-1,0,0
5,4,8,4.2031,4.2031,0,0,-1,-1,0,0
5,4,19,6.7396,6.7396,0,0,-1,-1,0,0
5,4,23,6.2506,6.2506,0,0,-1,-1,0,0
5,5,3,4.9211,4.9211,0,0,-1,-1,0,0
5,5,46,7.0991,7.0991,0,0,-1,-1,0,0
5,6,0,4.8124,4.8124,0,0,-1,-1,0,0
5,6,10,5.7344,5.7344,0,0,-1,-1,0,0
5,6,159,2.4462,2.4462,1,1,-1,-1,0,0
5,7,11,3.6142,3.6142,0,0,-1,-1,0,0
5,8,9,6.7413,4.7452,0,0,-1,-1,0,0
5,8,31,2.1776,0.9178,1,1,-1,-1,0,0
5,9,4,5.6835,5.6835,0,0,-1,-1,0,0
5,9,8,0.8343,0.8343,0,0,-1,-1,0,0
5,9,19,6.1901,6.1901,0,0,-1,-1,0,0
5,9,23,4.3424,4.3424,0,0,-1,-1,0,0
5,10,21,4.0847,4.0847,0,0,-1,-1,0,0
5,10,35,3.9026,3.9026,0,0,-1,-1,0,0
5,10,51,1.1594,1.1594,1,1,-1,-1,0,0
5,11,6,4.7619,4.7619,0,0,-1,-1,0,0
5,11,37,6.2141,6.2141,0,0,-1,-1,0,0
5,11,155,2.413,2.413,0,0,-1,-1,0,0
5,11,160,3.9272,3.9272,0,0,-1,-1,0,0
5,12,0,5.2185,5.2185,0,0,-1,-1,0,0
5,12,5,7.4474,7.4474,0,0,-1,-1,0,0
5,12,10,1.6746,1.6746,1,1,-1,-1,0,0
5,12,159,6.3069,6.3069,0,0,-1,-1,0,0
5,13,69,5.5285,5.5285,0,0,-1,-1,0,0
5,13,135,6.952,6.952,0,0,-1,-1,0,0
5,13,154,2.8238,2.8238,1,1,-1,-1,0,0
5,14,28,3.9436,3.9436,0,0,-1,-1,0,0
5,14,43,4.951,4.951,0,0,-1,-1,0,0
5,14,75,1.4915,1.4915,1,1,-1,-1,0,0
5,14,122,6.2949,6.2949,0,0,-1,-1,0,0
5,15,22,3.9313,3.9313,0,0,-1,-1,0,0
5,15,146,5.7054,5.7054,0,0,-1,-1,0,0
5,16,5,4.2883,4.2883,0,0,-1,-1,0,0
5,16,38,6.2732,6.2732,0,0,-1,-1,0,0
5,16,42,6.2971,6.2971,0,0,-1,-1,0,0
5,16,64,0.4539,0.4539,1,1,-1,-1,0,0
5,16,85,4.5839,4.5839,0,0,-1,-1,0,0
5,16,120,7.8943,7.8943,0,0,-1,-1,0,0
5,17,18,3.3782,2.6221,0,1,-1,-1,0,1
5,17,32,6.3283,6.2544,0,0,-1,-1,0,0
5,18,1,5.2729,5.2729,0,0,-1,-1,0,0
5,18,2,7.0269,7.0269,0,0,-1,-1,0,0
5,18,91,0.9435,0.9435,1,1,-1,-1,0,0
5,19,17,3.4933,3.4933,0,0,-1,-1,0,0
5,19,55,5.0843,5.0843,0,0,-1,-1,0,0
5,20,36,6.3152,6.3152,0,0,-1,-1,0,0
5,20,41,3.7222,3.7222,0,0,-1,-1,0,0
5,20,57,4.5775,4.5775,0,0,-1,-1,0,0
5,21,14,1.6429,1.6429,1,1,-1,-1,0,0
5,21,15,6.0727,6.0727,0,0,-1,-1,0,0
5,21,33,2.3953,2.3953,0,0,-1,-1,0,0
5,21,44,7.8641,7.8641,0,0,-1,-1,0,0
5,22,14,4.6301,4.6301,0,0,-1,-1,0,0
5,22,33,6.5959,6.5959,0,0,-1,-1,0,0
5,22,34,4.8863,4.8863,0,0,-1,-1,0,0
5,22,111,6.9785,6.9785,0,0,-1,-1,0,0
5,23,9,3.8062,3.8062,0,0,-1,-1,0,0
5,23,31,4.5533,4.5533,0,0,-1,-1,0,0
5,23,45,7.429,7.429,0,0,-1,-1,0,0
5,23,109,7.1353,7.1353,0,0,-1,-1,0,0
5,24,24,3.6255,3.6255,0,0,-1,-1,0,0
5,24,100,7.3992,7.3992,0,0,-1,-1,0,0
5,24,115,6.8184,6.8184,0,0,-1,-1,0,0
5,24,135,6.1013,6.1013,0,0,-1,-1,0,0
5,24,145,4.3581,4.3581,0,0,-1,-1,0,0
5,25,9,1.2514,1.2514,1,1,-1,-1,0,0
5,25,26,5.0287,5.0287,0,0,-1,-1,0,0
5,25,31,4.8521,4.8521,0,0,-1,-1,0,0
5,26,18,4.4726,4.4726,0,0,-1,-1,0,0
5,26,32,2.3695,2.3695,1,1,-1,-1,0,0
5,27,7,7.9318,7.9451,0,0,-1,-1,0,0
5,27,46,4.9007,2.744,0,0,-1,-1,0,0
5,27,52,6.845,5.8955,0,0,-1,-1,0,0
5,27,86,2.1971,3.3269,1,0,-1,-1,0,1
5,27,92,4.8958,5.3149,0,0,-1,-1,0,0
5,28,7,4.8951,4.8951,0,0,-1,-1,0,0
5,28,17,1.3186,1.3186,1,1,-1,-1,0,0
5,28,55,4.4433,4.4433,0,0,-1,-1,0,0
5,29,12,5.2717,5.2717,0,0,-1,-1,0,0
5,29,49,7.7477,7.7477,0,0,-1,-1,0,0
5,29,156,5.9488,5.9488,0,0,-1,-1,0,0
5,30,18,5.1483,3.463,0,0,-1,-1,0,0
5,30,32,4.4755,3.5222,0,0,-1,-1,0,0
5,30,36,7.5503,8.9137,0,0,-1,-1,0,0
5,31,11,7.7472,7.6944,0,0,-1,-1,0,0
5,31,14,3.9701,4.5239,0,0,-1,-1,0,0
5,31,33,4.5346,3.9651,0,0,-1,-1,0,0
5,31,34,7.5575,9.4633,0,0,-1,-1,0,0
5,31,44,6.1527,5.0,0,0,-1,-1,0,0
5,32,39,8.0481,7.6561,0,0,-1,-1,0,0
5,32,47,3.8231,3.5576,0,0,-1,-1,0,0
5,33,36,3.7893,3.7893,0,0,-1,-1,0,0
5,33,41,5.4975,5.4975,0,0,-1,-1,0,0
5,33,57,1.3586,1.3586,1,1,-1,-1,0,0
5,34,28,6.2741,6.2741,0,0,-1,-1,0,0
5,34,34,3.6296,3.6296,0,0,-1,-1,0,0
5,34,43,7.3339,7.3339,0,0,-1,-1,0,0
5,34,111,5.8274,5.8274,0,0,-1,-1,0,0
5,35,52,5.0308,2.9254,0,0,-1,-1,0,0
5,35,86,4.207,4.2648,0,0,-1,-1,0,0
5,35,92,1.9371,1.4025,1,1,-1,-1,0,0
5,36,48,4.083,3.1043,0,0,-1,-1,0,0
5,36,50,6.1495,5.8989,0,0,-1,-1,0,0
5,36,157,8.2665,7.1694,0,0,-1,-1,0,0
5,37,20,3.1284,3.1284,0,0,-1,-1,0,0
5,37,58,7.3217,7.3217,0,0,-1,-1,0,0
5,38,3,3.9763,3.9763,0,0,-1,-1,0,0
5,38,39,5.608,5.608,0,0,-1,-1,0,0
5,38,59,7.2745,7.2745,0,0,-1,-1,0,0
5,39,20,6.2547,6.2547,0,0,-1,-1,0,0
5,39,58,3.6623,3.6623,0,0,-1,-1,0,0
5,40,29,2.0774,2.0774,1,1,-1,-1,0,0
5,40,52,7.8331,7.8331,0,0,-1,-1,0,0
5,40,89,7.2478,7.2478,0,0,-1,-1,0,0
5,41,45,4.4669,4.4669,0,0,-1,-1,0,0
5,41,65,4.6694,4.6694,0,0,-1,-1,0,0
5,41,95,2.34,2.34,0,0,-1,-1,0,0
5,41,96,1.4716,1.4716,1,1,-1,-1,0,0
5,42,27,1.9729,1.9729,0,0,-1,-1,0,0
5,42,49,7.0003,7.0003,0,0,-1,-1,0,0
5,42,153,7.8388,7.8388,0,0,-1,-1,0,0
5,43,17,4.686,4.686,0,0,-1,-1,0,0
5,43,55,3.5433,3.5433,0,0,-1,-1,0,0
5,43,122,7.1264,7.1264,0,0,-1,-1,0,0
5,43,136,5.6037,5.6037,0,0,-1,-1,0,0
5,44,3,1.1907,1.1907,1,1,-1,-1,0,0
5,44,39,6.1331,6.1331,0,0,-1,-1,0,0
5,44,59,4.1842,4.1842,0,0,-1,-1,0,0
5,45,14,6.39,5.0866,0,0,-1,-1,0,0
5,45,33,8.3791,7.3653,0,0,-1,-1,0,0
5,45,61,2.1245,3.5898,0,0,-1,-1,0,0
5,45,72,6.4266,8.006,0,0,-1,-1,0,0
5,45,73,5.7633,6.7538,0,0,-1,-1,0,0
5,45,111,8.071,7.2794,0,0,-1,-1,0,0
5,45,123,4.5311,5.718,0,0,-1,-1,0,0
5,45,150,6.4659,6.6697,0,0,-1,-1,0,0
5,46,56,4.6319,4.6319,0,0,-1,-1,0,0
5,46,62,1.2245,1.2245,1,1,-1,-1,0,0
5,47,38,6.2591,6.4263,0,0,-1,-1,0,0
5,47,42,4.796,4.848,0,0,-1,-1,0,0
5,47,64,6.35,7.8209,0,0,-1,-1,0,0
5,47,85,2.2178,3.7335,1,0,-1,-1,0,1
5,47,119,6.5416,7.176,0,0,-1,-1,0,0
5,47,120,4.0002,4.9627,0,0,-1,-1,0,0
5,48,29,7.2219,7.2219,0,0,-1,-1,0,0
5,48,60,4.7391,4.7391,0,0,-1,-1,0,0
5,48,89,2.2784,2.2784,1,1,-1,-1,0,0
5,49,97,7.1703,7.1703,0,0,-1,-1,0,0
5,50,83,2.4179,2.4179,1,1,-1,-1,0,0
5,51,11,2.5439,5.0626,0,0,-1,-1,0,0
5,51,44,4.7484,1.6735,0,1,-1,-1,0,1
5,52,7,7.1161,7.1161,0,0,-1,-1,0,0
5,52,28,5.6681,5.6681,0,0,-1,-1,0,0
5,52,43,2.6179,2.6179,0,0,-1,-1,0,0
5,52,55,7.256,7.256,0,0,-1,-1,0,0
5,52,75,4.0241,4.0241,0,0,-1,-1,0,0
5,52,122,7.0028,7.0028,0,0,-1,-1,0,0
5,52,139,6.7308,6.7308,0,0,-1,-1,0,0
5,52,141,5.9345,5.9345,0,0,-1,-1,0,0
5,53,12,2.9257,2.9257,1,1,-1,-1,0,0
5,53,27,7.7938,7.7938,0,0,-1,-1,0,0
5,53,49,3.2068,3.2068,0,0,-1,-1,0,0
5,54,66,5.4264,5.4264,0,0,-1,-1,0,0
5,55,66,7.2405,7.2405,0,0,-1,-1,0,0
5,55,78,3.9725,3.9725,0,0,-1,-1,0,0
5,55,80,0.9277,0.9277,1,1,-1,-1,0,0
5,55,152,7.1493,7.1493,0,0,-1,-1,0,0
5,56,47,2.1928,2.1928,1,1,-1,-1,0,0
5,57,0,7.0045,7.0045,0,0,-1,-1,0,0
5,57,45,5.6615,5.6615,0,0,-1,-1,0,0
5,57,65,4.1639,4.1639,0,0,-1,-1,0,0
5,57,95,1.7831,1.7831,1,1,-1,-1,0,0
5,57,96,3.0885,3.0885,0,0,-1,-1,0,0
5,58,63,4.5503,1.0608,0,0,-1,-1,0,0
5,58,94,1.802,2.7353,0,0,-1,-1,0,0
5,58,140,4.6295,7.6643,0,0,-1,-1,0,0
5,59,48,6.6562,6.6562,0,0,-1,-1,0,0
5,59,50,4.0304,4.0304,0,0,-1,-1,0,0
5,59,148,7.9235,7.9235,0,0,-1,-1,0,0
5,60,48,6.7418,6.7418,0,0,-1,-1,0,0
5,60,49,7.689,7.689,0,0,-1,-1,0,0
5,60,50,5.7704,5.7704,0,0,-1,-1,0,0
5,61,78,6.4987,6.4987,0,0,-1,-1,0,0
5,61,80,3.8898,3.8898,0,0,-1,-1,0,0
5,61,152,5.6745,5.6745,0,0,-1,-1,0,0
5,62,97,5.3131,5.3131,0,0,-1,-1,0,0
5,62,100,4.5618,4.5618,0,0,-1,-1,0,0
5,62,115,1.471,1.471,1,1,-1,-1,0,0
5,62,145,6.367,6.367,0,0,-1,-1,0,0
5,63,138,3.0442,3.0442,0,0,-1,-1,0,0
5,63,142,4.1888,4.1888,0,0,-1,-1,0,0
5,63,149,4.8274,4.8274,0,0,-1,-1,0,0
5,64,79,4.164,5.1862,0,0,-1,-1,0,0
5,65,61,4.1402,4.1402,0,0,-1,-1,0,0
5,65,72,2.6069,2.6069,0,0,-1,-1,0,0
5,65,73,2.7623,2.7623,0,0,-1,-1,0,0
5,65,105,4.9877,4.9877,0,0,-1,-1,0,0
5,65,123,7.6174,7.6174,0,0,-1,-1,0,0
5,65,151,7.5189,7.5189,0,0,-1,-1,0,0
5,66,59,7.742,7.742,0,0,-1,-1,0,0
5,66,61,4.0083,4.0083,0,0,-1,-1,0,0
5,66,72,5.0197,5.0197,0,0,-1,-1,0,0
5,66,73,7.5696,7.5696,0,0,-1,-1,0,0
5,66,123,5.8619,5.8619,0,0,-1,-1,0,0
5,66,150,4.0913,4.0913,0,0,-1,-1,0,0
5,67,71,7.4221,7.4221,0,0,-1,-1,0,0
5,67,81,4.7986,4.7986,0,0,-1,-1,0,0
5,68,54,4.3346,4.3346,0,0,-1,-1,0,0
5,68,77,3.5168,3.5168,0,0,-1,-1,0,0
5,68,114,3.4205,3.4205,0,0,-1,-1,0,0
5,69,71,4.0826,2.379,0,0,-1,-1,0,0
5,69,81,5.9927,5.5649,0,0,-1,-1,0,0
5,69,148,7.2264,8.7298,0,0,-1,-1,0,0
5,70,45,5.0436,5.1233,0,0,-1,-1,0,0
5,70,65,5.447,5.0381,0,0,-1,-1,0,0
5,70,95,5.9254,7.0887,0,0,-1,-1,0,0
5,70,96,5.4203,6.9181,0,0,-1,-1,0,0
5,70,109,4.2714,1.6233,0,1,-1,-1,0,1
5,71,54,2.7765,2.7765,0,0,-1,-1,0,0
5,71,77,5.4191,5.4191,0,0,-1,-1,0,0
5,71,114,1.1979,1.1979,1,1,-1,-1,0,0
5,72,66,8.8696,7.8314,0,0,-1,-1,0,0
5,72,78,8.5955,7.2491,0,0,-1,-1,0,0
5,72,80,5.5286,4.2612,0,0,-1,-1,0,0
5,72,147,5.5009,7.0363,0,0,-1,-1,0,0
5,72,152,2.5225,4.3718,0,0,-1,-1,0,0
5,73,70,4.1697,4.1697,0,0,-1,-1,0,0
5,73,102,5.896,5.896,0,0,-1,-1,0,0
5,73,110,1.7406,1.7406,1,1,-1,-1,0,0
5,74,69,4.4216,1.6233,0,0,-1,-1,0,0
5,74,124,6.5155,8.9487,0,0,-1,-1,0,0
5,74,135,8.4568,6.9225,0,0,-1,-1,0,0
5,74,154,2.8893,5.6935,0,0,-1,-1,0,0
5,75,101,5.5821,7.1073,0,0,-1,-1,0,0
5,76,63,4.2492,4.2492,0,0,-1,-1,0,0
5,76,94,3.6401,3.6401,0,0,-1,-1,0,0
5,77,85,5.2002,5.2002,0,0,-1,-1,0,0
5,77,119,2.1572,2.1572,1,0,-1,-1,0,1
5,77,120,1.4721,1.4721,0,1,-1,-1,0,1
5,78,84,1.9958,1.9958,1,1,-1,-1,0,0
5,78,137,6.37,6.37,0,0,-1,-1,0,0
5,79,70,5.2419,4.4618,0,0,-1,-1,0,0
5,79,102,7.4013,5.4792,0,0,-1,-1,0,0
5,79,110,3.7576,2.0494,0,0,-1,-1,0,0
5,79,124,8.8746,6.8235,0,0,-1,-1,0,0
5,80,22,5.4614,8.2208,0,0,-1,-1,0,0
5,80,76,2.9766,3.2028,1,0,-1,-1,0,1
5,80,146,4.0996,9.9002,0,0,-1,-1,0,0
5,81,48,7.5219,10.2461,0,0,-1,-1,0,0
5,81,50,7.4631,9.8422,0,0,-1,-1,0,0
5,81,74,3.8888,2.0633,0,1,-1,-1,0,1
5,81,88,6.2531,3.878,0,0,-1,-1,0,0
5,81,125,9.2622,7.1743,0,0,-1,-1,0,0
5,81,157,6.798,9.148,0,0,-1,-1,0,0
5,82,67,2.2826,2.6991,1,1,-1,-1,0,0
5,82,87,4.7194,5.1583,0,0,-1,-1,0,0
5,83,6,5.3544,5.3544,0,0,-1,-1,0,0
5,83,37,2.6707,2.6707,0,0,-1,-1,0,0
5,83,155,4.8415,4.8415,0,0,-1,-1,0,0
5,84,64,6.2612,6.2612,0,0,-1,-1,0,0
5,84,85,5.5715,5.5715,0,0,-1,-1,0,0
5,84,119,5.287,5.287,0,0,-1,-1,0,0
5,84,120,4.1727,4.1727,0,0,-1,-1,0,0
5,85,82,6.7536,6.6973,0,0,-1,-1,0,0
5,85,84,2.2953,1.4851,0,0,-1,-1,0,0
5,85,104,4.8961,6.1565,0,0,-1,-1,0,0
5,85,107,7.957,7.2695,0,0,-1,-1,0,0
5,85,137,3.877,3.2164,0,0,-1,-1,0,0
5,86,6,6.8335,6.8335,0,0,-1,-1,0,0
5,86,37,4.6575,4.6575,0,0,-1,-1,0,0
5,86,155,3.6755,3.6755,0,0,-1,-1,0,0
5,86,160,7.6904,7.6904,0,0,-1,-1,0,0
5,87,82,2.6571,1.7307,1,1,-1,-1,0,0
5,87,93,6.923,8.4308,0,0,-1,-1,0,0
5,87,103,3.3827,4.254,0,0,-1,-1,0,0
5,87,104,5.3925,5.2655,0,0,-1,-1,0,0
5,87,107,7.2541,5.7593,0,0,-1,-1,0,0
5,87,137,7.5508,6.4416,0,0,-1,-1,0,0
5,88,70,2.2032,2.3831,1,1,-1,-1,0,0
5,88,102,5.4871,4.1253,0,0,-1,-1,0,0
5,88,110,4.3206,4.22,0,0,-1,-1,0,0
5,88,124,8.573,6.4502,0,0,-1,-1,0,0
5,89,61,4.6034,4.6034,0,0,-1,-1,0,0
5,89,72,1.0375,1.0375,1,1,-1,-1,0,0
5,89,73,5.6894,5.6894,0,0,-1,-1,0,0
5,89,105,6.3327,6.3327,0,0,-1,-1,0,0
5,89,123,7.7529,7.7529,0,0,-1,-1,0,0
5,90,101,4.4807,7.6728,0,0,-1,-1,0,0
5,91,79,5.1025,3.7968,0,0,-1,-1,0,0
5,91,81,7.3574,9.2095,0,0,-1,-1,0,0
5,92,71,5.9574,5.9574,0,0,-1,-1,0,0
5,92,74,5.3428,5.3428,0,0,-1,-1,0,0
5,92,88,5.9985,5.9985,0,0,-1,-1,0,0
5,93,82,3.3234,3.3234,0,0,-1,-1,0,0
5,93,103,7.2098,7.2098,0,0,-1,-1,0,0
5,93,104,7.1682,7.1682,0,0,-1,-1,0,0
5,93,107,3.1814,3.1814,0,0,-1,-1,0,0
5,93,137,5.8344,5.8344,0,0,-1,-1,0,0
5,94,63,9.0755,7.5431,0,0,-1,-1,0,0
5,94,70,5.3421,6.9227,0,0,-1,-1,0,0
5,94,110,6.8501,7.2257,0,0,-1,-1,0,0
5,95,68,4.3463,1.6518,0,0,-1,-1,0,0
5,96,18,5.2437,6.1404,0,0,-1,-1,0,0
5,96,32,6.5332,6.7451,0,0,-1,-1,0,0
5,96,118,5.6792,5.4228,0,0,-1,-1,0,0
5,97,90,2.1617,2.3905,0,0,-1,-1,0,0
5,97,134,7.126,7.0664,0,0,-1,-1,0,0
5,98,98,2.1981,1.1497,0,0,-1,-1,0,0
5,99,101,1.4238,1.4238,0,0,-1,-1,0,0
5,99,125,4.8992,4.8992,0,0,-1,-1,0,0
5,100,144,2.6482,2.0935,1,1,-1,-1,0,0
5,100,148,3.8164,5.2589,0,0,-1,-1,0,0
5,101,93,2.7018,2.7018,1,1,-1,-1,0,0
5,102,53,2.1719,2.1719,1,1,-1,-1,0,0
5,103,48,7.7784,7.7784,0,0,-1,-1,0,0
5,103,100,5.085,5.085,0,0,-1,-1,0,0
5,103,145,7.6001,7.6001,0,0,-1,-1,0,0
5,104,98,3.0432,2.922,0,1,6000046,-1,0,1
5,104,113,7.8549,10.7362,0,0,6000046,-1,0,0
5,104,143,7.775,10.625,0,0,6000046,7000054,1,0
5,105,34,5.2547,5.2547,0,0,-1,-1,0,0
5,105,111,2.7769,2.7769,0,0,-1,-1,0,0
5,106,53,2.1727,2.1727,0,0,-1,-1,0,0
5,106,56,7.8095,7.8095,0,0,-1,-1,0,0
5,106,62,6.609,6.609,0,0,-1,-1,0,0
5,107,101,2.0751,4.2801,1,0,-1,-1,0,1
5,107,125,5.9623,8.627,0,0,-1,-1,0,0
5,108,22,6.5484,8.0134,0,0,-1,-1,0,0
5,108,118,4.4295,2.0318,0,0,-1,-1,0,0
5,109,68,6.5439,6.8799,0,0,-1,-1,0,0
5,109,108,5.9864,6.4122,0,0,-1,-1,0,0
5,109,112,3.6533,3.6499,0,0,-1,-1,0,0
5,110,99,7.0382,7.0382,0,0,-1,-1,0,0
5,111,20,3.6888,3.6888,0,0,-1,-1,0,0
5,111,87,7.9957,7.9957,0,0,-1,-1,0,0
5,112,113,0.7991,0.7991,1,0,-1,-1,0,1
5,112,143,5.0318,5.0318,0,0,-1,7000054,0,0
5,113,24,7.3377,7.3377,0,0,-1,-1,0,0
5,113,100,7.4715,7.4715,0,0,-1,-1,0,0
5,113,115,7.7152,7.7152,0,0,-1,-1,0,0
5,113,135,5.585,5.585,0,0,-1,-1,0,0
5,113,145,2.7,2.7,1,1,-1,-1,0,0
5,114,82,5.9513,5.9513,0,0,-1,-1,0,0
5,114,93,6.8011,6.8011,0,0,-1,-1,0,0
5,114,103,1.3398,1.3398,1,1,-1,-1,0,0
5,114,104,3.5733,3.5733,0,0,-1,-1,0,0
5,115,20,6.5829,6.5829,0,0,-1,-1,0,0
5,115,58,7.3007,7.3007,0,0,-1,-1,0,0
5,115,67,5.9767,5.9767,0,0,-1,-1,0,0
5,115,87,3.7303,3.7303,0,0,-1,-1,0,0
5,116,113,3.202,3.202,0,0,-1,-1,0,0
5,116,134,7.7224,7.7224,0,0,-1,-1,0,0
5,116,143,5.0337,5.0337,0,0,-1,7000054,0,0
5,117,108,2.3899,2.3899,0,0,-1,-1,0,0
5,117,112,2.1378,2.1378,1,1,-1,-1,0,0
5,119,55,6.5422,6.5422,0,0,-1,-1,0,0
5,119,122,3.1249,3.1249,0,0,-1,-1,0,0
5,119,136,0.7994,0.7994,1,1,-1,-1,0,0
5,120,106,1.0625,1.0625,1,1,-1,-1,0,0
5,120,117,4.3475,4.3475,0,0,-1,7000056,0,0
5,120,121,5.784,5.784,0,0,-1,-1,0,0
5,121,130,6.0495,6.0495,0,0,-1,-1,0,0
5,121,131,1.7087,1.7087,1,1,-1,-1,0,0
5,122,116,2.5301,4.206,1,0,-1,-1,0,1
5,123,22,7.791,7.791,0,0,-1,-1,0,0
5,123,42,7.9871,7.9871,0,0,-1,-1,0,0
5,123,146,1.5175,1.5175,0,0,-1,-1,0,0
5,124,90,4.9068,5.8,0,0,-1,-1,0,0
5,124,134,2.2284,2.0428,1,1,-1,-1,0,0
5,124,143,10.0685,7.8841,0,0,-1,7000054,0,0
5,125,106,4.2847,4.2847,0,0,-1,-1,0,0
5,125,117,1.6121,1.6121,0,0,-1,7000056,0,0
5,125,121,1.7679,1.7679,1,1,-1,-1,0,0
5,126,19,6.8663,8.2302,0,0,-1,-1,0,0
5,126,132,3.7153,2.5548,0,1,-1,7000058,0,1
5,127,98,7.7093,7.47,0,0,-1,-1,0,0
5,127,113,4.4939,5.5167,0,0,-1,-1,0,0
5,127,143,3.1316,2.9009,0,1,-1,7000054,0,1
5,128,106,4.9802,4.9802,0,0,6000048,-1,0,0
5,128,117,4.4423,4.4423,0,0,6000048,7000056,1,0
5,128,121,6.9614,6.9614,0,0,6000048,-1,0,0
5,129,119,6.3691,6.3691,0,0,-1,-1,0,0
5,130,68,5.9246,5.9246,0,0,-1,-1,0,0
5,131,106,4.4173,4.2845,0,0,-1,-1,0,0
5,131,117,5.8674,5.8571,0,0,-1,7000056,0,0
5,132,56,4.7256,4.7256,0,0,-1,-1,0,0
5,132,62,7.5373,7.5373,0,0,-1,-1,0,0
5,132,126,2.3189,2.3189,1,1,-1,-1,0,0
5,133,74,3.8505,5.0172,0,0,-1,-1,0,0
5,133,88,4.3033,4.4575,0,0,-1,-1,0,0
5,133,101,8.2317,6.3849,0,0,-1,-1,0,0
5,133,125,3.6812,1.8984,0,0,-1,-1,0,0
5,134,98,7.5004,8.5061,0,0,-1,-1,0,0
5,135,127,2.204,2.204,0,0,-1,-1,0,0
5,136,34,7.988,9.4365,0,0,-1,-1,0,0
5,136,61,7.7278,6.1642,0,0,-1,-1,0,0
5,136,111,5.911,7.3137,0,0,-1,-1,0,0
5,136,123,3.4934,1.6511,0,1,-1,-1,0,1
5,137,107,6.4949,7.4661,0,0,-1,-1,0,0
5,138,74,3.6907,3.6907,0,0,-1,-1,0,0
5,138,88,3.4916,3.4916,0,0,-1,-1,0,0
5,138,101,7.151,7.151,0,0,-1,-1,0,0
5,138,125,2.6882,2.6882,0,0,-1,-1,0,0
5,139,78,7.6725,7.6725,0,0,-1,-1,0,0
5,140,132,8.2986,8.2986,0,0,6000050,7000058,1,0
5,141,3,7.8012,7.8012,0,0,-1,-1,0,0
5,141,59,5.8713,5.8713,0,0,-1,-1,0,0
5,141,111,5.6741,5.6741,0,0,-1,-1,0,0
5,141,150,1.7209,1.7209,1,1,-1,-1,0,0
5,142,72,6.4935,6.4935,0,0,-1,-1,0,0
5,142,73,7.5683,7.5683,0,0,-1,-1,0,0
5,142,105,4.7105,4.7105,0,0,-1,-1,0,0
5,142,147,5.0961,5.0961,0,0,-1,-1,0,0
5,142,151,2.8421,2.8421,0,0,-1,-1,0,0
5,143,29,4.6436,4.6436,0,0,-1,-1,0,0
5,143,52,6.9981,6.9981,0,0,-1,-1,0,0
5,143,156,4.1037,4.1037,0,0,-1,-1,0,0
5,144,130,7.3692,7.3692,0,0,-1,-1,0,0
5,145,159,7.0245,7.0245,0,0,-1,-1,0,0
5,146,10,5.3434,5.3434,0,0,-1,-1,0,0
5,147,127,4.8038,4.8038,0,0,-1,-1,0,0
5,148,79,3.583,3.583,0,0,-1,-1,0,0
5,149,110,7.1606,7.1606,0,0,-1,-1,0,0
5,150,9,6.6107,6.6107,0,0,-1,-1,0,0
5,150,26,5.1503,5.1503,0,0,-1,-1,0,0
5,151,66,1.8949,1.8949,1,1,-1,-1,0,0
5,151,78,7.5482,7.5482,0,0,-1,-1,0,0
5,151,80,6.2029,6.2029,0,0,-1,-1,0,0
6,0,0,4.972,4.972,0,0,-1,-1,0,0
6,0,8,7.1807,7.1807,0,0,-1,-1,0,0
6,0,149,4.2822,4.2822,0,0,-1,-1,0,0
6,1,1,6.2877,6.2877,0,0,-1,-1,0,0
6,1,3,7.8588,7.8588,0,0,-1,-1,0,0
6,1,22,4.1336,4.1336,0,0,-1,-1,0,0
6,2,3,4.8339,4.6235,0,0,-1,-1,0,0
6,2,140,3.6966,3.8641,0,0,-1,-1,0,0
6,3,13,4.9518,5.4017,0,0,-1,-1,0,0
6,3,35,6.7509,6.7689,0,0,-1,-1,0,0
6,3,37,7.2116,6.8131,0,0,-1,-1,0,0
6,3,138,7.335,6.4392,0,0,-1,-1,0,0
6,3,142,4.8519,3.9858,0,0,-1,-1,0,0
6,4,2,4.3258,3.71,0,0,-1,-1,0,0
6,4,139,5.1462,6.6445,0,0,-1,-1,0,0
6,5,4,4.8594,4.8594,0,0,-1,-1,0,0
6,5,25,5.7136,5.7136,0,0,-1,-1,0,0
6,6,18,5.1292,5.1292,0,0,-1,-1,0,0
6,6,19,7.8777,7.8777,0,0,-1,-1,0,0
6,6,31,7.6941,7.6941,0,0,-1,-1,0,0
6,7,39,1.4903,1.4903,1,1,-1,-1,0,0
6,7,66,4.576,4.576,0,0,-1,-1,0,0
6,7,119,7.2325,7.2325,0,0,-1,-1,0,0
6,7,128,6.5461,6.5461,0,0,-1,-1,0,0
6,8,2,5.1806,5.1806,0,0,-1,-1,0,0
6,8,14,5.6124,5.6124,0,0,-1,-1,0,0
6,8,139,4.766,4.766,0,0,-1,-1,0,0
6,9,24,4.8197,4.7484,0,0,-1,-1,0,0
6,9,40,6.0387,6.2695,0,0,-1,-1,0,0
6,9,118,6.9057,7.2482,0,0,-1,-1,0,0
6,10,0,6.0371,4.7563,0,0,-1,-1,0,0
6,10,4,6.3395,7.2209,0,0,-1,-1,0,0
6,10,8,5.2825,3.8662,0,0,-1,-1,0,0
6,10,15,7.0352,5.7392,0,0,-1,-1,0,0
6,11,16,4.8959,4.8959,0,0,-1,-1,0,0
6,11,55,7.5415,7.5415,0,0,-1,-1,0,0
6,11,132,4.8213,4.8213,0,0,-1,-1,0,0
6,12,13,10.4719,7.9368,0,0,-1,-1,0,0
6,12,33,3.7649,4.0187,0,0,-1,-1,0,0
6,12,34,7.9724,5.1365,0,0,-1,-1,0,0
6,12,35,7.3886,4.6679,0,0,-1,-1,0,0
6,12,47,7.6088,8.8305,0,0,-1,-1,0,0
6,12,135,7.0179,9.6946,0,0,-1,-1,0,0
6,12,138,5.9266,6.0273,0,0,-1,-1,0,0
6,12,142,7.2411,6.3313,0,0,-1,-1,0,0
6,13,5,3.0126,3.0126,0,0,-1,-1,0,0
6,13,41,7.5371,7.5371,0,0,-1,-1,0,0
6,14,17,5.2342,6.2707,0,0,-1,-1,0,0
6,14,21,4.4842,4.2096,0,0,-1,-1,0,0
6,14,68,6.4899,6.7285,0,0,-1,-1,0,0
6,15,21,1.638,1.638,0,0,-1,-1,0,0
6,15,29,3.5976,3.5976,0,0,-1,-1,0,0
6,15,68,2.0766,2.0766,0,0,-1,-1,0,0
6,16,3,6.8834,6.8834,0,0,-1,-1,0,0
6,16,140,3.0052,3.0052,0,0,-1,-1,0,0
6,17,15,6.9085,6.4096,0,0,-1,-1,0,0
6,17,27,7.1838,6.8823,0,0,-1,-1,0,0
6,17,39,6.667,7.524,0,0,-1,-1,0,0
6,17,66,5.4674,5.6719,0,0,-1,-1,0,0
6,17,141,5.0608,4.1536,0,0,-1,-1,0,0
6,18,26,5.292,3.0537,0,0,-1,-1,0,0
6,18,54,6.3568,3.2181,0,0,-1,-1,0,0
6,18,78,9.2002,5.8831,0,0,-1,-1,0,0
6,19,2,1.6214,1.6214,0,0,-1,-1,0,0
6,19,10,3.8248,3.8248,0,0,-1,-1,0,0
6,19,14,4.358,4.358,0,0,-1,-1,0,0
6,20,9,3.4634,3.4634,0,0,-1,-1,0,0
6,21,19,4.8291,4.8291,0,0,-1,-1,0,0
6,21,32,4.5529,4.5529,0,0,-1,-1,0,0
6,22,49,5.3967,5.3967,0,0,-1,-1,0,0
6,23,2,2.6653,2.6653,0,1,-1,-1,0,1
6,23,10,4.9417,4.9417,0,0,-1,-1,0,0
6,23,14,2.9622,2.9622,1,0,-1,-1,0,1
6,24,65,4.6063,4.6063,0,0,-1,-1,0,0
6,24,95,7.3011,7.3011,0,0,-1,-1,0,0
6,24,97,4.2312,4.2312,0,0,-1,-1,0,0
6,24,120,5.9035,5.9035,0,0,-1,-1,0,0
6,24,137,7.7043,7.7043,0,0,-1,-1,0,0
6,25,3,2.7939,2.7939,1,1,-1,-1,0,0
6,25,140,6.2403,6.2403,0,0,-1,-1,0,0
6,26,24,1.4977,1.4977,0,0,-1,-1,0,0
6,26,55,5.1192,5.1192,0,0,-1,-1,0,0
6,26,56,3.5506,3.5506,0,0,-1,-1,0,0
6,27,47,7.6942,7.6942,0,0,-1,-1,0,0
6,27,67,4.3573,4.3573,0,0,-1,-1,0,0
6,27,135,7.8981,7.8981,0,0,-1,-1,0,0
6,28,20,4.6743,4.6743,0,0,-1,-1,0,0
6,28,42,5.1842,5.1842,0,0,-1,-1,0,0
6,28,74,1.6715,1.6715,0,1,-1,-1,0,1
6,28,121,7.7962,7.7962,0,0,-1,-1,0,0
6,28,126,6.4539,6.4539,0,0,-1,-1,0,0
6,29,38,4.8947,3.0639,0,0,-1,-1,0,0
6,29,147,7.3224,8.7294,0,0,-1,-1,0,0
6,30,5,1.0547,1.0547,1,1,-1,-1,0,0
6,30,41,5.1511,5.1511,0,0,-1,-1,0,0
6,31,24,8.2095,6.4105,0,0,-1,-1,0,0
6,31,40,6.8264,7.9292,0,0,-1,-1,0,0
6,32,26,7.013,5.7046,0,0,-1,-1,0,0
6,32,54,4.86,2.5196,0,1,-1,-1,0,1
6,32,78,7.7665,5.4521,0,0,-1,-1,0,0
6,33,17,6.9625,6.9625,0,0,-1,-1,0,0
6,33,21,4.007,4.007,0,0,-1,-1,0,0
6,33,29,7.7108,7.7108,0,0,-1,-1,0,0
6,33,68,4.4958,4.4958,0,0,-1,-1,0,0
6,34,17,4.7323,4.7323,0,0,-1,-1,0,0
6,34,20,5.4725,5.4725,0,0,-1,-1,0,0
6,34,42,6.8357,6.8357,0,0,-1,-1,0,0
6,34,74,7.903,7.903,0,0,-1,-1,0,0
6,35,19,6.5123,6.5123,0,0,-1,-1,0,0
6,35,32,4.7327,4.7327,0,0,-1,-1,0,0
6,36,30,2.4649,2.4649,1,1,-1,-1,0,0
6,36,36,3.6371,3.6371,0,0,-1,-1,0,0
6,36,44,4.2108,4.2108,0,0,-1,-1,0,0
6,36,143,6.7632,6.7632,0,0,-1,-1,0,0
6,37,18,6.1466,6.1466,0,0,-1,-1,0,0
6,37,31,4.9675,4.9675,0,0,-1,-1,0,0
6,38,25,4.1652,4.1652,0,0,-1,-1,0,0
6,39,13,4.0023,4.0023,0,0,-1,-1,0,0
6,39,34,4.1686,4.1686,0,0,-1,-1,0,0
6,39,35,1.8875,1.8875,1,1,-1,-1,0,0
6,39,60,7.3898,7.3898,0,0,-1,-1,0,0
6,39,138,5.5587,5.5587,0,0,-1,-1,0,0
6,39,142,4.035,4.035,0,0,-1,-1,0,0
6,40,6,2.0562,2.0562,1,0,-1,-1,0,1
6,40,12,6.2293,6.2293,0,0,-1,-1,0,0
6,40,43,5.8293,5.8293,0,0,-1,-1,0,0
6,40,45,4.8622,4.8622,0,0,-1,-1,0,0
6,41,30,6.6677,6.6677,0,0,-1,-1,0,0
6,41,36,6.7333,6.7333,0,0,-1,-1,0,0
6,41,44,3.0811,3.0811,0,0,-1,-1,0,0
6,41,143,6.6986,6.6986,0,0,-1,-1,0,0
6,42,25,5.6726,5.6726,0,0,-1,-1,0,0
6,42,105,7.5486,7.5486,0,0,-1,-1,0,0
6,43,20,6.9385,6.9385,0,0,-1,-1,0,0
6,43,42,4.4662,4.4662,0,0,-1,-1,0,0
6,43,66,7.1237,7.1237,0,0,-1,-1,0,0
6,43,74,4.4023,4.4023,0,0,-1,-1,0,0
6,43,119,5.7496,5.7496,0,0,-1,-1,0,0
6,43,121,5.1207,5.1207,0,0,-1,-1,0,0
6,43,126,5.1204,5.1204,0,0,-1,-1,0,0
6,44,16,1.5196,5.3701,1,0,-1,-1,0,1
6,44,68,10.9927,7.2789,0,0,-1,-1,0,0
6,45,40,5.1406,5.1406,0,0,-1,-1,0,0
6,46,37,5.323,5.323,0,0,-1,-1,0,0
6,46,39,6.7431,6.7431,0,0,-1,-1,0,0
6,46,52,5.8849,5.8849,0,0,-1,-1,0,0
6,46,128,6.4274,6.4274,0,0,-1,-1,0,0
6,47,34,7.2362,8.0904,0,0,-1,-1,0,0
6,47,46,3.7184,2.8438,0,1,-1,-1,0,1
6,48,53,3.9828,3.9828,0,0,-1,-1,0,0
6,48,59,5.9472,5.9472,0,0,-1,-1,0,0
6,48,130,5.9134,5.9134,0,0,-1,-1,0,0
6,49,33,4.1467,4.1467,0,0,-1,-1,0,0
6,49,47,4.3594,4.3594,0,0,-1,-1,0,0
6,49,135,6.848,6.848,0,0,-1,-1,0,0
6,50,53,6.6654,6.6654,0,0,-1,-1,0,0
6,50,59,4.4577,4.4577,0,0,-1,-1,0,0
6,51,19,7.8808,6.9037,0,0,-1,-1,0,0
6,51,32,7.1925,6.391,0,0,-1,-1,0,0
6,52,52,5.2927,5.2927,0,0,-1,-1,0,0
6,53,50,8.0028,7.7022,0,0,-1,-1,0,0
6,53,57,5.0035,3.0376,0,0,-1,-1,0,0
6,53,71,7.2887,5.1953,0,0,-1,-1,0,0
6,53,90,7.8814,7.4942,0,0,-1,-1,0,0
6,53,100,4.1597,4.9432,0,0,-1,-1,0,0
6,53,106,7.9475,9.9542,0,0,-1,-1,0,0
6,54,7,6.1123,6.1123,0,0,-1,-1,0,0
6,54,43,6.0759,6.0759,0,0,-1,-1,0,0
6,54,45,6.1185,6.1185,0,0,-1,-1,0,0
6,55,15,6.5906,6.5906,0,0,-1,-1,0,0
6,55,27,5.2164,5.2164,0,0,-1,-1,0,0
6,55,39,7.4042,7.4042,0,0,-1,-1,0,0
6,55,66,2.9415,2.9415,1,1,-1,-1,0,0
6,55,125,5.3708,5.3708,0,0,-1,-1,0,0
6,55,126,7.2769,7.2769,0,0,-1,-1,0,0
6,55,141,7.3642,7.3642,0,0,-1,-1,0,0
6,56,50,2.2743,2.2743,0,0,-1,-1,0,0
6,56,57,7.7999,7.7999,0,0,-1,-1,0,0
6,57,30,4.6299,4.0273,0,0,-1,-1,0,0
6,57,36,6.2562,5.3045,0,0,-1,-1,0,0
6,57,44,5.8699,4.6642,0,0,-1,-1,0,0
6,57,143,4.1202,5.1877,0,0,-1,-1,0,0
6,58,9,4.8313,4.8313,0,0,-1,-1,0,0
6,58,23,4.278,4.278,0,0,-1,-1,0,0
6,59,13,0.7634,0.7634,1,1,-1,-1,0,0
6,59,34,5.551,5.551,0,0,-1,-1,0,0
6,59,35,4.055,4.055,0,0,-1,-1,0,0
6,59,60,5.1148,5.1148,0,0,-1,-1,0,0
6,59,142,6.7825,6.7825,0,0,-1,-1,0,0
6,59,146,6.779,6.779,0,0,-1,-1,0,0
6,60,11,5.1113,5.1113,0,0,-1,-1,0,0
6,60,38,7.565,7.565,0,0,-1,-1,0,0
6,61,21,6.5536,6.5536,0,0,-1,-1,0,0
6,61,110,5.8332,5.8332,0,0,-1,-1,0,0
6,61,133,4.713,4.713,0,0,-1,-1,0,0
6,61,146,7.1021,7.1021,0,0,-1,-1,0,0
6,62,50,1.8987,1.0195,1,1,-1,-1,0,0
6,62,57,8.2405,7.1469,0,0,-1,-1,0,0
6,63,61,5.5258,5.5258,0,0,-1,-1,0,0
6,64,105,7.3421,6.9732,0,0,-1,-1,0,0
6,64,124,4.6535,4.2876,0,0,-1,-1,0,0
6,65,0,6.7718,6.7718,0,0,-1,-1,0,0
6,65,40,6.5979,6.5979,0,0,-1,-1,0,0
6,66,51,2.4072,3.4676,1,0,-1,-1,0,1
6,66,70,4.6041,4.7599,0,0,-1,-1,0,0
6,67,58,6.5918,6.1231,0,0,-1,-1,0,0
6,67,77,3.7309,2.3777,0,1,-1,-1,0,1
6,68,85,3.1208,3.1208,0,0,-1,-1,0,0
6,69,95,5.1398,5.1398,0,0,-1,-1,0,0
6,69,116,6.7681,6.7681,0,0,-1,-1,0,0
6,70,48,7.978,6.7607,0,0,-1,-1,0,0
6,70,62,4.8182,3.3753,0,0,-1,-1,0,0
6,70,73,6.2836,5.9818,0,0,-1,-1,0,0
6,70,129,4.4672,6.6043,0,0,-1,-1,0,0
6,70,134,4.5283,5.4068,0,0,-1,-1,0,0
6,71,84,5.3682,5.3682,0,0,-1,-1,0,0
6,71,87,1.5226,1.5226,1,1,-1,-1,0,0
6,71,94,6.042,6.042,0,0,-1,-1,0,0
6,72,60,7.2366,8.2653,0,0,-1,-1,0,0
6,72,63,6.4587,5.4311,0,0,-1,-1,0,0
6,72,89,5.9221,5.4286,0,0,-1,-1,0,0
6,72,110,6.1111,6.3414,0,0,-1,-1,0,0
6,72,133,4.4273,5.2218,0,0,-1,-1,0,0
6,73,21,4.8954,4.8954,0,0,-1,-1,0,0
6,73,29,6.9045,6.9045,0,0,-1,-1,0,0
6,73,63,4.6419,4.6419,0,0,-1,-1,0,0
6,73,68,7.8389,7.8389,0,0,-1,-1,0,0
6,73,110,7.1606,7.1606,0,0,-1,-1,0,0
6,73,133,7.3985,7.3985,0,0,-1,-1,0,0
6,74,53,7.3258,10.8582,0,0,-1,-1,0,0
6,74,59,7.1364,10.9749,0,0,-1,-1,0,0
6,74,79,4.9076,1.5395,0,1,-1,-1,0,1
6,74,86,7.3593,3.6369,0,0,-1,-1,0,0
6,74,122,10.0565,6.6334,0,0,-1,-1,0,0
6,74,123,9.7223,6.3535,0,0,-1,-1,0,0
6,74,130,7.7976,10.9809,0,0,-1,-1,0,0
6,74,145,2.8143,5.9769,1,0,-1,-1,0,1
6,75,42,7.711,7.4171,0,0,-1,-1,0,0
6,75,66,7.5032,7.6332,0,0,-1,-1,0,0
6,75,74,5.0937,5.0376,0,0,-1,-1,0,0
6,75,119,7.7507,6.7863,0,0,-1,-1,0,0
6,75,121,8.2847,7.1994,0,0,-1,-1,0,0
6,75,125,5.9612,6.0862,0,0,-1,-1,0,0
6,75,126,3.3919,2.8215,0,1,-1,-1,0,1
6,76,49,6.0146,6.0146,0,0,-1,-1,0,0
6,76,69,7.3598,7.3598,0,0,-1,-1,0,0
6,76,72,5.5689,5.5689,0,0,-1,-1,0,0
6,77,7,4.6701,4.6701,0,0,-1,-1,0,0
6,77,45,7.4261,7.4261,0,0,-1,-1,0,0
6,78,51,5.9447,5.9447,0,0,-1,-1,0,0
6,78,70,5.3289,5.3289,0,0,-1,-1,0,0
6,78,80,6.1301,6.1301,0,0,-1,-1,0,0
6,78,131,7.1077,7.1077,0,0,-1,-1,0,0
6,79,84,7.7011,7.7011,0,0,-1,-1,0,0
6,79,136,2.8938,2.8938,1,1,-1,-1,0,0
6,79,148,5.3301,5.3301,0,0,-1,-1,0,0
6,80,51,5.6334,5.8023,0,0,-1,-1,0,0
6,80,70,6.3844,6.156,0,0,-1,-1,0,0
6,80,131,4.7428,5.1702,0,0,-1,-1,0,0
6,81,84,6.2692,6.2692,0,0,-1,-1,0,0
6,81,87,3.5942,3.5942,0,0,-1,-1,0,0
6,81,94,2.2673,2.2673,1,1,-1,-1,0,0
6,81,127,7.3094,7.3094,0,0,-1,-1,0,0
6,82,83,4.0901,1.9147,0,0,-1,-1,0,0
6,82,90,5.3281,7.9582,0,0,-1,-1,0,0
6,82,92,4.6057,5.3292,0,0,-1,-1,0,0
6,82,109,6.73,5.6444,0,0,-1,-1,0,0
6,83,67,6.4566,7.6598,0,0,-1,-1,0,0
6,83,81,3.8225,1.8687,0,1,-1,-1,0,1
6,83,88,5.7808,4.9809,0,0,-1,-1,0,0
6,83,144,7.2138,6.9845,0,0,-1,-1,0,0
6,84,83,6.0049,4.1325,0,0,-1,-1,0,0
6,84,92,6.4584,4.9947,0,0,-1,-1,0,0
6,84,109,3.5224,2.4738,0,1,-1,-1,0,1
6,85,105,3.5472,3.5472,0,0,-1,-1,0,0
6,85,124,5.1613,5.1613,0,0,-1,-1,0,0
6,87,9,7.0883,7.0883,0,0,-1,-1,0,0
6,87,23,6.718,6.718,0,0,-1,-1,0,0
6,87,58,3.7316,3.7316,0,0,-1,-1,0,0
6,87,77,4.4219,4.4219,0,0,-1,-1,0,0
6,88,79,2.6135,2.6135,0,0,-1,-1,0,0
6,88,86,4.971,4.971,0,0,-1,-1,0,0
6,88,145,5.1373,5.1373,0,0,-1,-1,0,0
6,89,11,7.5497,5.3241,0,0,-1,-1,0,0
6,89,38,8.4655,7.4892,0,0,-1,-1,0,0
6,89,147,6.2823,8.2364,0,0,-1,-1,0,0
6,90,75,4.9795,4.9795,0,0,-1,-1,0,0
6,90,82,4.0005,4.0005,0,0,-1,-1,0,0
6,90,99,4.7841,4.7841,0,0,-1,-1,0,0
6,92,52,8.3716,6.7248,0,0,-1,-1,0,0
6,92,69,6.6392,8.4041,0,0,-1,-1,0,0
6,92,72,7.2517,9.1522,0,0,-1,-1,0,0
6,93,90,4.2698,2.7112,0,0,-1,-1,0,0
6,93,92,9.9643,7.5083,0,0,-1,-1,0,0
6,93,100,5.2161,6.0403,0,0,-1,-1,0,0
6,94,98,6.6083,6.6083,0,0,-1,-1,0,0
6,95,0,6.5486,7.7458,0,0,-1,-1,0,0
6,95,40,9.0022,7.6036,0,0,-1,-1,0,0
6,95,149,6.5039,8.0645,0,0,-1,-1,0,0
6,96,0,8.1422,7.9197,0,0,-1,-1,0,0
6,96,1,7.8208,9.047,0,0,-1,-1,0,0
6,96,22,7.9246,9.3847,0,0,-1,-1,0,0
6,96,40,8.3381,7.1733,0,0,-1,-1,0,0
6,96,149,7.5202,8.4342,0,0,-1,-1,0,0
6,97,104,5.3095,5.3095,0,0,-1,-1,0,0
6,97,120,6.6344,6.6344,0,0,-1,-1,0,0
6,98,65,8.1571,6.9243,0,0,-1,-1,0,0
6,98,93,5.3364,8.1246,0,0,-1,-1,0,0
6,98,107,1.143,2.2042,1,1,-1,8000062,0,0
6,99,91,3.4772,3.4772,0,0,-1,-1,0,0
6,100,104,5.0293,5.0293,0,0,-1,-1,0,0
6,100,120,6.9065,6.9065,0,0,-1,-1,0,0
6,100,137,2.8146,2.8146,1,0,-1,-1,0,1
6,101,79,4.7526,4.7526,0,0,-1,-1,0,0
6,101,86,3.0743,3.0743,0,0,-1,-1,0,0
6,101,122,2.5765,2.5765,1,1,-1,-1,0,0
6,101,123,3.9456,3.9456,0,0,-1,-1,0,0
6,102,48,4.4947,4.4947,0,0,-1,-1,0,0
6,102,62,1.2363,1.2363,1,1,-1,-1,0,0
6,102,73,4.1961,4.1961,0,0,-1,-1,0,0
6,102,129,7.7784,7.7784,0,0,-1,-1,0,0
6,102,134,6.1207,6.1207,0,0,-1,-1,0,0
6,103,83,8.0979,7.7714,0,0,-1,-1,0,0
6,103,90,2.9187,2.145,1,1,-1,-1,0,0
6,103,92,4.077,4.4373,0,0,-1,-1,0,0
6,103,100,6.8208,6.5097,0,0,-1,-1,0,0
6,104,83,6.0875,6.0875,0,0,-1,-1,0,0
6,104,90,6.4188,6.4188,0,0,-1,-1,0,0
6,104,92,0.8505,0.8505,1,1,-1,-1,0,0
6,104,109,4.4653,4.4653,0,0,-1,-1,0,0
6,105,63,3.3796,3.3796,0,0,-1,-1,0,0
6,105,76,4.4967,4.4967,0,0,-1,-1,0,0
6,105,89,1.9927,1.9927,0,0,-1,-1,0,0
6,105,103,4.0413,4.0413,0,0,-1,-1,0,0
6,106,102,4.386,3.9281,0,0,-1,-1,0,0
6,106,112,6.4611,6.0599,0,0,-1,8000064,0,0
6,107,71,7.5741,7.5741,0,0,-1,-1,0,0
6,107,83,2.6779,2.6779,0,0,-1,-1,0,0
6,107,92,7.6891,7.6891,0,0,-1,-1,0,0
6,107,109,7.2726,7.2726,0,0,-1,-1,0,0
6,108,99,6.1198,6.1198,0,0,-1,-1,0,0
6,109,40,4.8409,4.2247,0,0,-1,-1,0,0
6,109,118,5.6281,1.7487,0,1,-1,-1,0,1
6,110,48,7.9872,6.397,0,0,-1,-1,0,0
6,110,62,5.1107,3.6621,0,0,-1,-1,0,0
6,110,73,3.9498,2.5394,0,1,-1,-1,0,1
6,110,129,6.5541,7.7129,0,0,-1,-1,0,0
6,110,134,7.9649,8.1068,0,0,-1,-1,0,0
6,111,17,6.6645,6.6645,0,0,-1,-1,0,0
6,111,42,7.1373,7.1373,0,0,-1,-1,0,0
6,111,146,5.6248,5.6248,0,0,-1,-1,0,0
6,112,85,7.1098,7.8129,0,0,-1,-1,0,0
6,113,75,4.7249,4.7249,0,0,-1,-1,0,0
6,113,82,6.738,6.738,0,0,-1,-1,0,0
6,113,93,4.8293,4.8293,0,0,-1,-1,0,0
6,113,95,7.8376,7.8376,0,0,-1,-1,0,0
6,114,43,3.1993,3.4463,0,0,-1,-1,0,0
6,114,45,3.0501,2.4659,0,1,-1,-1,0,1
6,115,104,5.5941,6.9428,0,0,-1,-1,0,0
6,115,120,2.8536,1.7949,1,1,-1,-1,0,0
6,115,137,4.5986,5.0382,0,0,-1,-1,0,0
6,116,78,7.4978,7.4978,0,0,-1,-1,0,0
6,116,98,3.253,3.253,0,0,-1,-1,0,0
6,117,102,6.7487,6.7487,0,0,7000056,-1,0,0
6,117,112,5.8299,5.8299,0,0,7000056,8000064,1,0
6,118,26,5.6188,5.6188,0,0,-1,-1,0,0
6,118,49,7.9399,7.9399,0,0,-1,-1,0,0
6,119,105,3.741,3.741,0,0,-1,-1,0,0
6,119,124,7.0662,7.0662,0,0,-1,-1,0,0
6,120,105,1.1666,0.9134,1,1,-1,-1,0,0
6,120,124,5.248,5.7929,0,0,-1,-1,0,0
6,121,102,6.3739,7.0411,0,0,-1,-1,0,0
6,121,112,3.9191,3.554,0,0,-1,8000064,0,0
6,122,27,7.277,7.277,0,0,-1,-1,0,0
6,122,66,6.0362,6.0362,0,0,-1,-1,0,0
6,122,125,0.8069,0.8069,0,1,-1,-1,0,1
6,122,126,4.3245,4.3245,0,0,-1,-1,0,0
6,123,110,3.7931,0.8396,0,1,-1,-1,0,1
6,123,133,8.2519,7.4858,0,0,-1,-1,0,0
6,123,146,4.5558,6.8226,0,0,-1,-1,0,0
6,124,48,4.6836,4.6836,0,0,-1,-1,0,0
6,124,62,5.846,5.846,0,0,-1,-1,0,0
6,124,73,4.7588,4.7588,0,0,-1,-1,0,0
6,124,116,4.5092,4.5092,0,0,-1,-1,0,0
6,125,79,2.6226,2.6226,1,0,-1,-1,0,1
6,125,86,4.1162,4.1162,0,0,-1,-1,0,0
6,125,122,5.0432,5.0432,0,0,-1,-1,0,0
6,125,123,4.3396,4.3396,0,0,-1,-1,0,0
6,125,145,6.8395,6.8395,0,0,-1,-1,0,0
6,126,50,7.8614,10.0777,0,0,-1,-1,0,0
6,126,57,7.698,9.6909,0,0,-1,-1,0,0
6,126,71,6.2544,7.9465,0,0,-1,-1,0,0
6,127,106,7.4982,7.4982,0,0,-1,-1,0,0
6,128,108,3.9191,3.9191,0,0,-1,-1,0,0
6,128,111,1.5554,1.5554,0,1,-1,-1,0,1
6,128,113,3.3468,3.3468,0,0,-1,-1,0,0
6,128,114,4.5975,4.5975,0,0,-1,-1,0,0
6,129,108,3.1887,3.1887,0,0,-1,-1,0,0
6,129,111,6.1645,6.1645,0,0,-1,-1,0,0
6,129,113,7.6466,7.6466,0,0,-1,-1,0,0
6,129,114,5.7846,5.7846,0,0,-1,-1,0,0
6,130,96,4.1127,4.1127,0,0,-1,-1,0,0
6,130,101,2.3754,2.3754,0,0,-1,-1,0,0
6,131,96,8.1687,6.5906,0,0,-1,-1,0,0
6,131,101,5.8041,4.1836,0,0,-1,-1,0,0
6,132,10,7.4234,9.4377,0,0,7000058,-1,0,0
6,132,117,2.9126,0.8065,1,1,7000058,8000068,1,0
6,133,108,5.5268,5.5268,0,0,-1,-1,0,0
6,133,111,3.1762,3.1762,0,0,-1,-1,0,0
6,133,113,5.4122,5.4122,0,0,-1,-1,0,0
6,133,114,6.8802,6.8802,0,0,-1,-1,0,0
6,134,75,6.5568,7.1743,0,0,-1,-1,0,0
6,134,82,5.4002,5.8563,0,0,-1,-1,0,0
6,135,95,4.8539,4.8539,0,0,-1,-1,0,0
6,135,97,3.7457,3.7457,0,0,-1,-1,0,0
6,136,8,7.9194,7.5409,0,0,-1,-1,0,0
6,136,15,7.301,6.8846,0,0,-1,-1,0,0
6,136,27,5.6065,5.4993,0,0,-1,-1,0,0
6,136,66,7.7873,7.6804,0,0,-1,-1,0,0
6,136,125,3.8759,4.1561,0,0,-1,-1,0,0
6,136,126,7.6501,7.9269,0,0,-1,-1,0,0
6,137,83,1.668,1.668,1,1,-1,-1,0,0
6,137,92,5.2304,5.2304,0,0,-1,-1,0,0
6,137,109,3.4063,3.4063,0,0,-1,-1,0,0
6,139,39,5.9117,5.9117,0,0,-1,-1,0,0
6,139,66,4.9608,4.9608,0,0,-1,-1,0,0
6,139,119,3.0594,3.0594,0,0,-1,-1,0,0
6,139,121,7.5515,7.5515,0,0,-1,-1,0,0
6,139,125,7.4134,7.4134,0,0,-1,-1,0,0
6,139,126,6.3235,6.3235,0,0,-1,-1,0,0
6,139,128,3.6858,3.6858,0,0,-1,-1,0,0
6,140,98,6.528,6.528,0,0,-1,-1,0,0
6,141,39,6.6202,6.6202,0,0,-1,-1,0,0
6,141,66,4.3929,4.3929,0,0,-1,-1,0,0
6,141,119,3.002,3.002,0,0,-1,-1,0,0
6,141,121,7.4739,7.4739,0,0,-1,-1,0,0
6,141,125,6.1361,6.1361,0,0,-1,-1,0,0
6,141,126,5.0429,5.0429,0,0,-1,-1,0,0
6,141,128,4.9429,4.9429,0,0,-1,-1,0,0
6,143,75,7.7068,7.9941,0,0,7000054,-1,0,0
6,143,82,8.6762,7.8352,0,0,7000054,-1,0,0
6,143,93,5.8814,7.8829,0,0,7000054,-1,0,0
6,143,107,9.675,11.741,0,0,7000054,8000062,1,0
6,145,97,6.5284,8.4757,0,0,-1,-1,0,0
6,145,120,4.4684,3.6391,0,0,-1,-1,0,0
6,145,137,3.8701,4.6601,0,0,-1,-1,0,0
6,147,63,6.5483,6.5483,0,0,-1,-1,0,0
6,147,76,5.7608,5.7608,0,0,-1,-1,0,0
6,147,89,6.4468,6.4468,0,0,-1,-1,0,0
6,147,103,4.2959,4.2959,0,0,-1,-1,0,0
6,147,127,4.2292,4.2292,0,0,-1,-1,0,0
6,149,86,7.7285,7.7285,0,0,-1,-1,0,0
6,150,13,6.6473,7.4019,0,0,-1,-1,0,0
6,150,60,6.6313,6.4668,0,0,-1,-1,0,0
6,150,133,4.7716,3.4124,0,0,-1,-1,0,0
6,150,146,5.162,6.3289,0,0,-1,-1,0,0
6,151,63,4.7902,4.7902,0,0,-1,-1,0,0
6,151,76,6.6089,6.6089,0,0,-1,-1,0,0
6,151,89,6.0026,6.0026,0,0,-1,-1,0,0
6,151,103,5.8926,5.8926,0,0,-1,-1,0,0
6,151,127,7.672,7.672,0,0,-1,-1,0,0
6,152,76,5.931,5.931,0,0,-1,-1,0,0
6,152,103,5.0071,5.0071,0,0,-1,-1,0,0
6,152,127,2.5376,2.5376,0,0,-1,-1,0,0
6,152,131,6.3154,6.3154,0,0,-1,-1,0,0
6,153,11,4.3593,4.3593,0,0,-1,-1,0,0
6,154,48,7.7906,6.6777,0,0,-1,-1,0,0
6,154,62,9.7401,7.9629,0,0,-1,-1,0,0
6,154,73,7.1183,5.1825,0,0,-1,-1,0,0
6,154,116,4.5452,4.6215,0,0,-1,-1,0,0
6,155,19,4.7469,4.7469,0,0,-1,-1,0,0
6,155,32,7.3417,7.3417,0,0,-1,-1,0,0
6,156,38,4.7246,4.7246,0,0,-1,-1,0,0
6,156,135,3.6615,3.6615,0,0,-1,-1,0,0
6,157,53,4.57,4.57,0,0,-1,-1,0,0
6,157,59,7.6257,7.6257,0,0,-1,-1,0,0
6,157,130,1.474,1.474,1,1,-1,-1,0,0
6,157,145,6.7795,6.7795,0,0,-1,-1,0,0
6,158,108,4.1442,4.1442,0,0,-1,-1,0,0
6,158,111,6.4762,6.4762,0,0,-1,-1,0,0
6,158,113,5.4339,5.4339,0,0,-1,-1,0,0
6,158,114,1.6903,1.6903,1,1,-1,-1,0,0
6,158,143,5.7113,5.7113,0,0,-1,-1,0,0
6,160,19,2.9365,2.9365,1,1,-1,-1,0,0
6,160,32,3.9919,3.9919,0,0,-1,-1,0,0
7,0,0,2.1653,2.1653,1,1,-1,-1,0,0
7,0,7,6.1888,6.1888,0,0,-1,-1,0,0
7,1,2,4.0758,4.0758,0,0,-1,-1,0,0
7,1,11,2.2216,2.2216,0,0,-1,-1,0,0
7,2,1,2.363,3.7695,1,0,-1,-1,0,1
7,2,5,7.1452,9.3352,0,0,-1,-1,0,0
7,2,18,2.6231,5.1781,0,0,-1,-1,0,0
7,3,23,3.1414,2.6647,0,1,-1,-1,0,1
7,4,9,6.9559,6.9559,0,0,-1,-1,0,0
7,4,15,3.596,3.596,0,0,-1,-1,0,0
7,4,40,2.6483,2.6483,1,1,-1,-1,0,0
7,5,8,1.4504,1.4663,1,1,-1,-1,0,0
7,5,58,6.744,6.127,0,0,-1,-1,0,0
7,6,14,3.0602,3.0602,0,0,-1,-1,0,0
7,6,19,0.8105,0.8105,1,1,-1,-1,0,0
7,6,22,7.6027,7.6027,0,0,-1,-1,0,0
7,6,69,7.7378,7.7378,0,0,-1,-1,0,0
7,7,13,1.8675,1.8675,1,1,-1,-1,0,0
7,7,53,2.3878,2.3878,0,0,-1,-1,0,0
7,8,0,3.1102,3.1102,0,0,-1,-1,0,0
7,8,7,3.0967,3.0967,0,0,-1,-1,0,0
7,9,4,0.6645,0.6645,1,1,-1,-1,0,0
7,9,10,4.4591,4.4591,0,0,-1,-1,0,0
7,10,1,3.1542,3.1542,0,0,-1,-1,0,0
7,10,5,3.3761,3.3761,0,0,-1,-1,0,0
7,10,18,3.9167,3.9167,0,0,-1,-1,0,0
7,11,16,7.0644,7.0644,0,0,-1,-1,0,0
7,11,38,1.8402,1.8402,0,0,-1,-1,0,0
7,11,47,0.7826,0.7826,1,1,-1,-1,0,0
7,11,129,7.5633,7.5633,0,0,-1,-1,0,0
7,12,22,2.4211,2.4211,1,1,-1,-1,0,0
7,13,20,3.1302,2.7966,0,0,-1,-1,0,0
7,13,32,7.9607,8.2746,0,0,-1,-1,0,0
7,13,36,7.4543,6.8409,0,0,-1,-1,0,0
7,13,83,8.0833,7.7545,0,0,-1,-1,0,0
7,14,1,5.188,5.188,0,0,-1,-1,0,0
7,14,5,3.4044,3.4044,0,0,-1,-1,0,0
7,14,18,2.9712,2.9712,0,0,-1,-1,0,0
7,15,0,4.2207,4.2207,0,0,-1,-1,0,0
7,15,7,1.1311,1.1311,1,1,-1,-1,0,0
7,15,15,7.8789,7.8789,0,0,-1,-1,0,0
7,17,6,5.9005,5.9005,0,0,-1,-1,0,0
7,17,17,4.0313,4.0313,0,0,-1,-1,0,0
7,17,50,7.3006,7.3006,0,0,-1,-1,0,0
7,18,12,3.354,3.354,0,0,-1,-1,0,0
7,18,27,5.0763,5.0763,0,0,-1,-1,0,0
7,18,135,4.0188,4.0188,0,0,-1,-1,0,0
7,19,34,2.9468,4.628,0,0,-1,-1,0,0
7,19,37,2.6464,4.4068,1,0,-1,-1,0,1
7,20,6,3.6362,3.6362,0,0,-1,-1,0,0
7,20,50,4.2092,4.2092,0,0,-1,-1,0,0
7,20,113,7.7821,7.7821,0,0,-1,-1,0,0
7,20,119,5.793,5.793,0,0,-1,-1,0,0
7,21,17,5.1803,5.1803,0,0,-1,-1,0,0
7,21,24,4.5542,4.5542,0,0,-1,-1,0,0
7,21,46,7.1255,7.1255,0,0,-1,-1,0,0
7,22,2,7.5151,7.5151,0,0,-1,-1,0,0
7,22,11,3.727,3.727,0,0,-1,-1,0,0
7,23,4,5.7463,5.7463,0,0,-1,-1,0,0
7,23,10,2.3908,2.3908,1,1,-1,-1,0,0
7,24,26,4.965,4.965,0,0,-1,-1,0,0
7,24,29,7.9071,7.9071,0,0,-1,-1,0,0
7,25,9,3.5302,3.5302,0,0,-1,-1,0,0
7,25,15,7.2397,7.2397,0,0,-1,-1,0,0
7,25,40,4.0324,4.0324,0,0,-1,-1,0,0
7,26,21,3.1683,3.1683,0,0,-1,-1,0,0
7,26,33,6.3508,6.3508,0,0,-1,-1,0,0
7,27,0,4.3123,4.3123,0,0,-1,-1,0,0
7,27,7,2.4338,2.4338,0,0,-1,-1,0,0
7,28,25,7.7562,7.7562,0,0,-1,-1,0,0
7,28,28,3.7484,3.7484,0,0,-1,-1,0,0
7,29,24,1.3585,1.3585,0,0,-1,-1,0,0
7,29,46,2.9557,2.9557,0,0,-1,-1,0,0
7,29,63,7.89,7.89,0,0,-1,-1,0,0
7,29,65,3.7234,3.7234,0,0,-1,-1,0,0
7,29,66,3.9187,3.9187,0,0,-1,-1,0,0
7,30,3,3.1674,2.2982,0,1,-1,-1,0,1
7,30,41,4.7485,6.5859,0,0,-1,-1,0,0
7,30,44,6.534,7.4414,0,0,-1,-1,0,0
7,30,45,4.0821,6.4199,0,0,-1,-1,0,0
7,30,56,2.4879,4.4707,1,0,-1,-1,0,1
7,30,110,5.289,7.6314,0,0,-1,-1,0,0
7,31,12,5.2078,5.2078,0,0,-1,-1,0,0
7,31,27,3.028,3.028,0,0,-1,-1,0,0
7,31,135,5.4642,5.4642,0,0,-1,-1,0,0
7,32,34,5.2739,5.2739,0,0,-1,-1,0,0
7,32,37,3.1695,3.1695,0,0,-1,-1,0,0
7,32,136,5.7628,5.7628,0,0,-1,-1,0,0
7,33,42,6.8575,6.8575,0,0,-1,-1,0,0
7,33,48,4.3452,4.3452,0,0,-1,-1,0,0
7,34,20,4.0394,4.0394,0,0,-1,-1,0,0
7,34,36,3.7086,3.7086,0,0,-1,-1,0,0
7,34,48,7.833,7.833,0,0,-1,-1,0,0
7,34,83,6.8944,6.8944,0,0,-1,-1,0,0
7,35,20,4.2995,3.0815,0,0,-1,-1,0,0
7,35,36,6.0292,4.252,0,0,-1,-1,0,0
7,35,83,8.5018,6.6874,0,0,-1,-1,0,0
7,35,84,7.4742,9.2845,0,0,-1,-1,0,0
7,36,3,1.9248,1.9248,0,0,-1,-1,0,0
7,36,41,3.5881,3.5881,0,0,-1,-1,0,0
7,36,44,4.3629,4.3629,0,0,-1,-1,0,0
7,36,45,4.1621,4.1621,0,0,-1,-1,0,0
7,36,56,1.9319,1.9319,0,0,-1,-1,0,0
7,36,110,6.7042,6.7042,0,0,-1,-1,0,0
7,37,31,3.9116,3.9116,0,0,-1,-1,0,0
7,37,32,3.6951,3.6951,0,0,-1,-1,0,0
7,37,35,1.8903,1.8903,1,1,-1,-1,0,0
7,37,84,6.4115,6.4115,0,0,-1,-1,0,0
7,37,134,7.9296,7.9296,0,0,-1,-1,0,0
7,38,16,3.2556,3.2556,0,0,-1,-1,0,0
7,38,38,7.5505,7.5505,0,0,-1,-1,0,0
7,38,47,6.5798,6.5798,0,0,-1,-1,0,0
7,39,52,1.9414,1.2825,1,1,-1,-1,0,0
7,39,73,4.508,4.8705,0,0,-1,-1,0,0
7,39,115,7.605,7.5991,0,0,-1,-1,0,0
7,39,133,5.9344,5.0033,0,0,-1,-1,0,0
7,40,29,3.3945,3.3945,0,0,-1,-1,0,0
7,41,8,3.1488,3.1488,0,0,-1,-1,0,0
7,41,58,2.3903,2.3903,1,1,-1,-1,0,0
7,42,6,6.0954,6.0954,0,0,-1,-1,0,0
7,42,50,3.8127,3.8127,0,0,-1,-1,0,0
7,42,73,7.4218,7.4218,0,0,-1,-1,0,0
7,42,113,6.0371,6.0371,0,0,-1,-1,0,0
7,42,115,7.1302,7.1302,0,0,-1,-1,0,0
7,42,119,6.4776,6.4776,0,0,-1,-1,0,0
7,43,14,7.0063,7.0063,0,0,-1,-1,0,0
7,43,22,3.5636,3.5636,0,0,-1,-1,0,0
7,43,69,2.6155,2.6155,0,1,-1,-1,0,1
7,44,3,6.498,6.498,0,0,-1,-1,0,0
7,44,41,1.0532,1.0532,1,1,-1,-1,0,0
7,44,44,3.7493,3.7493,0,0,-1,-1,0,0
7,44,45,2.328,2.328,0,0,-1,-1,0,0
7,44,56,3.2645,3.2645,0,0,-1,-1,0,0
7,44,110,5.6671,5.6671,0,0,-1,-1,0,0
7,45,14,4.9854,3.4678,0,0,-1,-1,0,0
7,45,19,6.659,3.9717,0,0,-1,-1,0,0
7,45,22,5.1076,5.0641,0,0,-1,-1,0,0
7,45,69,1.6928,4.6998,1,0,-1,-1,0,1
7,46,48,7.7728,9.8806,0,0,-1,-1,0,0
7,46,79,3.1157,1.4144,0,1,-1,-1,0,1
7,47,42,3.6893,3.6893,0,0,-1,-1,0,0
7,47,48,5.8304,5.8304,0,0,-1,-1,0,0
7,47,74,7.4966,7.4966,0,0,-1,-1,0,0
7,48,49,3.809,3.809,0,0,-1,-1,0,0
7,48,64,4.0302,4.0302,0,0,-1,-1,0,0
7,48,128,4.7094,4.7094,0,0,-1,-1,0,0
7,49,39,4.0608,4.0608,0,0,-1,-1,0,0
7,49,68,7.6821,7.6821,0,0,-1,-1,0,0
7,49,72,7.1477,7.1477,0,0,-1,-1,0,0
7,50,71,4.8032,3.2666,0,0,-1,-1,0,0
7,50,120,7.9636,8.7326,0,0,-1,-1,0,0
7,51,30,3.6907,3.6907,0,0,-1,-1,0,0
7,52,31,3.2076,3.2076,0,0,-1,-1,0,0
7,52,32,7.7904,7.7904,0,0,-1,-1,0,0
7,52,35,6.0385,6.0385,0,0,-1,-1,0,0
7,52,84,7.8951,7.8951,0,0,-1,-1,0,0
7,52,134,5.0223,5.0223,0,0,-1,-1,0,0
7,53,57,3.0382,3.0382,0,0,-1,-1,0,0
7,53,62,3.2094,3.2094,0,0,-1,-1,0,0
7,53,78,5.6369,5.6369,0,0,-1,-1,0,0
7,53,82,5.4169,5.4169,0,0,-1,-1,0,0
7,54,21,5.6401,4.5926,0,0,-1,-1,0,0
7,54,33,2.9054,2.6599,1,0,-1,-1,0,1
7,54,104,9.794,5.6947,0,0,-1,-1,0,0
7,55,26,1.9652,1.9652,0,0,-1,-1,0,0
7,55,51,3.6491,3.6491,0,0,-1,-1,0,0
7,56,26,2.3709,2.3709,1,1,-1,-1,0,0
7,56,51,5.0767,5.0767,0,0,-1,-1,0,0
7,57,61,4.8499,4.8499,0,0,-1,-1,0,0
7,57,71,7.1331,7.1331,0,0,-1,-1,0,0
7,57,81,5.8595,5.8595,0,0,-1,-1,0,0
7,57,120,7.8472,7.8472,0,0,-1,-1,0,0
7,58,10,6.9351,6.9351,0,0,-1,-1,0,0
7,58,59,6.1439,6.1439,0,0,-1,-1,0,0
7,58,67,4.2415,4.2415,0,0,-1,-1,0,0
7,59,57,1.9196,1.9196,0,0,-1,-1,0,0
7,59,62,5.6546,5.6546,0,0,-1,-1,0,0
7,59,78,2.8979,2.8979,1,1,-1,-1,0,0
7,59,82,4.5873,4.5873,0,0,-1,-1,0,0
7,60,20,1.6589,1.6589,1,1,-1,-1,0,0
7,60,36,4.4908,4.4908,0,0,-1,-1,0,0
7,60,83,3.3615,3.3615,0,0,-1,-1,0,0
7,60,130,6.7335,6.7335,0,0,-1,-1,0,0
7,61,55,1.4346,1.4346,1,1,-1,-1,0,0
7,62,49,6.6344,5.635,0,0,-1,-1,0,0
7,62,64,5.64,5.1859,0,0,-1,-1,0,0
7,62,128,4.1119,4.8631,0,0,-1,-1,0,0
7,63,24,6.4122,6.4122,0,0,-1,-1,0,0
7,63,63,3.4454,3.4454,0,0,-1,-1,0,0
7,63,65,7.5157,7.5157,0,0,-1,-1,0,0
7,63,80,3.4901,3.4901,0,0,-1,-1,0,0
7,64,25,2.9755,2.9755,1,1,-1,-1,0,0
7,64,28,3.9498,3.9498,0,0,-1,-1,0,0
7,65,43,3.5993,3.5993,0,0,-1,-1,0,0
7,65,91,6.3244,6.3244,0,0,-1,-1,0,0
7,65,109,6.5445,6.5445,0,0,-1,-1,0,0
7,66,52,6.4088,4.9392,0,0,-1,-1,0,0
7,66,73,5.8028,3.3098,0,0,-1,-1,0,0
7,66,113,7.4416,5.4751,0,0,-1,-1,0,0
7,66,115,6.6891,4.2775,0,0,-1,-1,0,0
7,66,133,8.4174,6.5807,0,0,-1,-1,0,0
7,67,74,3.7549,3.7549,0,0,-1,-1,0,0
7,67,129,5.3773,5.3773,0,0,-1,-1,0,0
7,68,17,7.1332,7.1332,0,0,-1,-1,0,0
7,68,24,4.03,4.03,0,0,-1,-1,0,0
7,68,46,4.3879,4.3879,0,0,-1,-1,0,0
7,68,65,6.9771,6.9771,0,0,-1,-1,0,0
7,68,66,6.6018,6.6018,0,0,-1,-1,0,0
7,69,39,5.975,5.975,0,0,-1,-1,0,0
7,69,68,1.3163,1.3163,0,0,-1,-1,0,0
7,69,70,3.5622,3.5622,0,0,-1,-1,0,0
7,69,72,6.5843,6.5843,0,0,-1,-1,0,0
7,70,30,1.2417,1.2417,1,1,-1,-1,0,0
7,71,61,2.7071,2.7071,1,1,-1,-1,0,0
7,71,71,6.6156,6.6156,0,0,-1,-1,0,0
7,71,81,6.6518,6.6518,0,0,-1,-1,0,0
7,72,39,6.7794,6.7794,0,0,-1,-1,0,0
7,72,68,3.1108,3.1108,0,0,-1,-1,0,0
7,72,70,5.5056,5.5056,0,0,-1,-1,0,0
7,73,49,6.2603,2.9821,0,0,-1,-1,0,0
7,73,64,3.7201,1.385,0,1,-1,-1,0,1
7,73,125,11.6746,7.9385,0,0,-1,-1,0,0
7,73,128,6.2802,7.825,0,0,-1,-1,0,0
7,74,6,6.6695,5.1235,0,0,-1,-1,0,0
7,74,50,6.2183,4.5961,0,0,-1,-1,0,0
7,74,113,4.9315,5.935,0,0,-1,-1,0,0
7,74,115,7.8395,8.3505,0,0,-1,-1,0,0
7,74,119,3.1314,4.3972,0,0,-1,-1,0,0
7,75,93,3.4724,3.4724,0,0,-1,-1,0,0
7,75,102,4.0669,4.0669,0,0,-1,-1,0,0
7,76,63,2.8541,2.8541,1,1,-1,-1,0,0
7,76,80,1.6095,1.6095,0,0,-1,-1,0,0
7,76,87,5.7582,5.7582,0,0,-1,-1,0,0
7,77,59,3.5344,3.2295,0,0,-1,-1,0,0
7,77,67,4.3852,0.9031,0,1,-1,-1,0,1
7,78,21,5.5771,5.5771,0,0,-1,-1,0,0
7,78,33,2.0611,2.0611,0,1,-1,-1,0,1
7,78,104,6.622,6.622,0,0,-1,-1,0,0
7,79,75,1.8287,3.1686,1,0,-1,-1,0,1
7,79,82,7.5802,12.3508,0,0,-1,-1,0,0
7,80,54,1.0775,1.0775,1,1,-1,-1,0,0
7,80,60,2.7134,2.7134,0,0,-1,-1,0,0
7,81,74,6.0764,9.2407,0,0,-1,-1,0,0
7,81,77,4.1573,0.5411,0,1,-1,-1,0,1
7,82,93,4.9073,4.9073,0,0,-1,-1,0,0
7,82,96,6.6045,6.6045,0,0,-1,-1,0,0
7,82,102,3.3591,3.3591,0,0,-1,-1,0,0
7,83,61,8.8019,7.7472,0,0,-1,-1,0,0
7,83,81,8.0558,7.1563,0,0,-1,-1,0,0
7,83,86,7.3184,7.2944,0,0,-1,-1,0,0
7,83,92,4.8213,6.3093,0,0,-1,-1,0,0
7,84,94,0.1365,0.1365,1,1,-1,-1,0,0
7,84,97,4.5948,4.5948,0,0,-1,-1,0,0
7,84,99,5.1246,5.1246,0,0,-1,-1,0,0
7,84,123,7.5275,7.5275,0,0,-1,-1,0,0
7,84,132,5.7038,5.7038,0,0,-1,-1,0,0
7,85,12,7.8609,7.8609,0,0,-1,-1,0,0
7,85,76,1.9747,1.9747,0,0,-1,-1,0,0
7,86,75,1.9884,1.9884,0,1,-1,-1,0,1
7,87,94,4.7162,4.541,0,0,-1,-1,0,0
7,87,99,8.02,6.9138,0,0,-1,-1,0,0
7,87,123,4.5707,5.8313,0,0,-1,-1,0,0
7,87,132,1.5484,2.4019,0,1,-1,-1,0,1
7,88,77,4.7375,4.7375,0,0,-1,-1,0,0
7,89,63,6.7716,6.7716,0,0,-1,-1,0,0
7,89,80,4.1758,4.1758,0,0,-1,-1,0,0
7,89,83,7.9667,7.9667,0,0,-1,-1,0,0
7,89,116,7.8013,7.8013,0,0,-1,-1,0,0
7,90,81,3.6034,4.8264,0,0,-1,-1,0,0
7,90,86,2.8537,5.5929,0,0,-1,-1,0,0
7,90,120,9.822,7.9692,0,0,-1,-1,0,0
7,90,127,5.3562,4.3723,0,0,-1,-1,0,0
7,91,85,3.2613,3.2613,0,0,-1,-1,0,0
7,91,108,4.6222,4.6222,0,0,-1,-1,0,0
7,92,81,6.9858,7.3102,0,0,-1,-1,0,0
7,92,86,3.7756,3.9817,0,0,-1,-1,0,0
7,92,92,4.4903,4.3125,0,0,-1,-1,0,0
7,93,93,5.8963,5.8963,0,0,-1,-1,0,0
7,93,102,7.7235,7.7235,0,0,-1,-1,0,0
7,93,103,3.8254,3.8254,0,0,-1,9000072,0,0
7,93,121,5.5452,5.5452,0,0,-1,-1,0,0
7,94,87,6.7229,7.4917,0,0,-1,-1,0,0
7,94,94,5.4228,5.3622,0,0,-1,-1,0,0
7,94,97,8.8409,7.8117,0,0,-1,-1,0,0
7,94,99,4.8743,2.8184,0,1,-1,-1,0,1
7,94,132,5.4697,7.3407,0,0,-1,-1,0,0
7,95,91,6.8897,6.8897,0,0,-1,-1,0,0
7,95,122,3.3634,3.3634,0,0,-1,-1,0,0
7,95,124,4.265,4.265,0,0,-1,-1,0,0
7,95,125,7.2474,7.2474,0,0,-1,-1,0,0
7,96,88,1.4494,1.4494,1,1,-1,-1,0,0
7,96,89,2.1141,2.1141,0,0,-1,-1,0,0
7,97,91,2.7488,2.7488,1,1,-1,-1,0,0
7,97,122,4.4233,4.4233,0,0,-1,-1,0,0
7,97,124,7.0209,7.0209,0,0,-1,-1,0,0
7,98,33,7.6429,7.6429,0,0,-1,-1,0,0
7,98,101,4.1845,4.1845,0,0,-1,-1,0,0
7,99,96,1.613,1.613,1,1,-1,-1,0,0
7,100,81,4.5792,4.5792,0,0,-1,-1,0,0
7,100,86,7.2232,7.2232,0,0,-1,-1,0,0
7,100,120,5.6277,5.6277,0,0,-1,-1,0,0
7,100,127,3.397,3.397,0,0,-1,-1,0,0
7,101,88,3.605,3.605,0,0,-1,-1,0,0
7,101,89,3.8647,3.8647,0,0,-1,-1,0,0
7,102,107,3.2745,3.2745,0,0,-1,-1,0,0
7,102,114,5.5363,5.5363,0,0,-1,9000074,0,0
7,103,63,5.44,5.44,0,0,-1,-1,0,0
7,103,80,3.0688,3.0688,0,0,-1,-1,0,0
7,103,87,4.5598,4.5598,0,0,-1,-1,0,0
7,104,90,3.4087,3.4087,0,0,-1,-1,0,0
7,104,109,6.8934,6.8934,0,0,-1,-1,0,0
7,104,126,6.0068,6.0068,0,0,-1,-1,0,0
7,105,5,8.2703,7.4249,0,0,-1,-1,0,0
7,105,98,2.705,1.7382,1,1,-1,-1,0,0
7,105,100,4.1283,3.983,0,0,-1,-1,0,0
7,106,117,1.8698,1.8698,1,1,-1,-1,0,0
7,106,120,4.9251,4.9251,0,0,-1,-1,0,0
7,107,103,3.5798,4.7037,0,0,8000062,9000072,1,0
7,107,121,3.3984,3.7559,0,0,8000062,-1,0,0
7,108,105,5.8899,5.8899,0,0,-1,-1,0,0
7,108,106,2.5139,2.5139,0,0,-1,-1,0,0
7,109,86,7.6252,7.1438,0,0,-1,-1,0,0
7,109,92,0.9792,3.0368,1,0,-1,-1,0,1
7,110,83,7.4553,7.3098,0,0,-1,-1,0,0
7,110,116,2.881,1.126,1,1,-1,-1,0,0
7,110,130,3.5968,6.9914,0,0,-1,-1,0,0
7,111,105,2.6604,2.2844,0,0,-1,-1,0,0
7,111,106,5.7416,6.7352,0,0,-1,-1,0,0
7,112,107,6.154,6.154,0,0,8000064,-1,0,0
7,112,114,2.3767,2.3767,0,0,8000064,9000074,1,0
7,112,118,3.997,3.997,0,0,8000064,-1,0,0
7,113,105,0.4158,0.4158,1,1,-1,-1,0,0
7,113,106,5.2719,5.2719,0,0,-1,-1,0,0
7,114,105,4.5983,4.4928,0,0,-1,-1,0,0
7,114,106,0.6519,1.9639,1,1,-1,-1,0,0
7,115,112,1.7843,1.7843,1,1,8000070,9000079,1,0
7,116,49,4.7582,4.7582,0,0,-1,-1,0,0
7,116,64,4.4039,4.4039,0,0,-1,-1,0,0
7,116,125,4.9213,4.9213,0,0,-1,-1,0,0
7,117,111,3.042,0.4099,0,1,8000068,9000077,1,1
7,118,29,5.1655,7.9706,0,0,-1,-1,0,0
7,118,95,3.6821,2.1796,0,1,-1,-1,0,1
7,119,52,5.8715,5.8715,0,0,-1,-1,0,0
7,119,73,5.6162,5.6162,0,0,-1,-1,0,0
7,119,113,4.9671,4.9671,0,0,-1,-1,0,0
7,119,115,1.7487,1.7487,1,1,-1,-1,0,0
7,119,133,4.1879,4.1879,0,0,-1,-1,0,0
7,120,91,6.7469,4.2367,0,0,-1,-1,0,0
7,120,109,3.2547,4.7426,0,0,-1,-1,0,0
7,121,50,7.8334,7.8334,0,0,-1,-1,0,0
7,121,73,6.5927,6.5927,0,0,-1,-1,0,0
7,121,113,4.8152,4.8152,0,0,-1,-1,0,0
7,121,115,3.1611,3.1611,0,0,-1,-1,0,0
7,121,119,7.6364,7.6364,0,0,-1,-1,0,0
7,121,133,6.0368,6.0368,0,0,-1,-1,0,0
7,122,75,4.3119,6.2257,0,0,-1,-1,0,0
7,123,75,5.9977,5.9977,0,0,-1,-1,0,0
7,124,58,7.278,7.278,0,0,-1,-1,0,0
7,124,98,6.9658,6.9658,0,0,-1,-1,0,0
7,124,100,4.691,4.691,0,0,-1,-1,0,0
7,125,113,7.2814,6.8267,0,0,-1,-1,0,0
7,125,115,8.3739,7.6676,0,0,-1,-1,0,0
7,126,73,7.8466,8.6564,0,0,-1,-1,0,0
7,126,113,3.5167,5.9278,0,0,-1,-1,0,0
7,126,115,5.1907,5.5616,0,0,-1,-1,0,0
7,126,119,5.987,8.9795,0,0,-1,-1,0,0
7,127,80,7.4224,7.4224,0,0,-1,-1,0,0
7,127,87,3.3806,3.3806,0,0,-1,-1,0,0
7,128,52,4.4404,4.4404,0,0,-1,-1,0,0
7,128,73,6.8813,6.8813,0,0,-1,-1,0,0
7,128,115,5.7263,5.7263,0,0,-1,-1,0,0
7,128,133,1.8479,1.8479,1,1,-1,-1,0,0
7,129,128,7.799,7.799,0,0,-1,-1,0,0
7,130,57,4.9463,4.5304,0,0,-1,-1,0,0
7,130,62,5.3256,4.9213,0,0,-1,-1,0,0
7,130,78,7.4161,6.4087,0,0,-1,-1,0,0
7,130,82,7.5134,6.581,0,0,-1,-1,0,0
7,131,87,6.0363,6.0363,0,0,-1,-1,0,0
7,132,6,7.1385,7.1385,0,0,-1,-1,0,0
7,132,26,6.0093,6.0093,0,0,-1,-1,0,0
7,132,51,5.882,5.882,0,0,-1,-1,0,0
7,133,20,6.5593,6.5593,0,0,-1,-1,0,0
7,133,83,5.6604,5.6604,0,0,-1,-1,0,0
7,133,130,6.2394,6.2394,0,0,-1,-1,0,0
7,134,128,4.5425,4.5425,0,0,-1,-1,0,0
7,135,16,4.5995,4.5995,0,0,-1,-1,0,0
7,136,94,5.4885,4.1325,0,0,-1,-1,0,0
7,136,97,1.6397,2.8995,1,1,-1,-1,0,0
7,136,99,6.4324,7.4284,0,0,-1,-1,0,0
7,137,77,5.6696,5.6696,0,0,-1,-1,0,0
7,137,109,7.4599,7.4599,0,0,-1,-1,0,0
7,138,31,6.0172,6.0172,0,0,-1,-1,0,0
7,138,32,5.443,5.443,0,0,-1,-1,0,0
7,138,35,5.8885,5.8885,0,0,-1,-1,0,0
7,138,84,3.4195,3.4195,0,0,-1,-1,0,0
7,141,7,6.5346,6.5346,0,0,-1,-1,0,0
7,141,15,5.8105,5.8105,0,0,-1,-1,0,0
7,142,31,6.8705,6.8705,0,0,-1,-1,0,0
7,142,32,3.9765,3.9765,0,0,-1,-1,0,0
7,142,35,5.1264,5.1264,0,0,-1,-1,0,0
7,142,84,3.8793,3.8793,0,0,-1,-1,0,0
7,143,45,7.217,7.217,0,0,-1,-1,0,0
7,143,106,7.3302,7.3302,0,0,-1,-1,0,0
7,143,110,3.7835,3.7835,0,0,-1,-1,0,0
7,144,74,4.6819,4.6819,0,0,-1,-1,0,0
7,145,57,5.6394,5.6394,0,0,-1,-1,0,0
7,145,62,4.3797,4.3797,0,0,-1,-1,0,0
7,145,78,4.8114,4.8114,0,0,-1,-1,0,0
7,145,82,4.3398,4.3398,0,0,-1,-1,0,0
7,146,20,7.1699,7.1699,0,0,-1,-1,0,0
7,146,130,3.799,3.799,0,0,-1,-1,0,0
7,147,39,6.1513,6.1513,0,0,-1,-1,0,0
7,147,72,4.6795,4.6795,0,0,-1,-1,0,0
7,148,94,5.228,5.228,0,0,-1,-1,0,0
7,148,97,4.712,4.712,0,0,-1,-1,0,0
7,148,99,5.8135,5.8135,0,0,-1,-1,0,0
8,0,2,2.5907,1.1647,1,1,-1,-1,0,0
8,0,12,7.1746,5.4273,0,0,-1,-1,0,0
8,0,18,6.9054,5.0295,0,0,-1,-1,0,0
8,0,119,4.8557,5.9926,0,0,-1,-1,0,0
8,1,3,0.7874,0.7874,0,0,-1,-1,0,0
8,1,7,7.0352,7.0352,0,0,-1,-1,0,0
8,1,9,2.6925,2.6925,1,1,-1,-1,0,0
8,2,6,3.4785,3.4785,0,0,-1,-1,0,0
8,2,24,3.0185,3.0185,0,0,-1,-1,0,0
8,3,11,3.4266,0.5326,0,1,-1,-1,0,1
8,3,33,5.2861,6.2478,0,0,-1,-1,0,0
8,3,42,4.9586,7.4516,0,0,-1,-1,0,0
8,3,44,1.9324,5.0058,0,0,-1,-1,0,0
8,4,19,7.3498,6.769,0,0,-1,-1,0,0
8,4,32,5.3725,4.9237,0,0,-1,-1,0,0
8,4,69,3.9378,3.5882,0,0,-1,-1,0,0
8,5,3,5.0622,5.0622,0,0,-1,-1,0,0
8,5,7,3.3328,3.3328,0,0,-1,-1,0,0
8,5,9,5.6609,5.6609,0,0,-1,-1,0,0
8,5,100,7.5934,7.5934,0,0,-1,-1,0,0
8,6,21,3.0343,3.0343,0,0,-1,-1,0,0
8,6,111,6.7483,6.7483,0,0,-1,-1,0,0
8,7,2,3.8631,3.8059,0,0,-1,-1,0,0
8,7,12,6.8514,6.0234,0,0,-1,-1,0,0
8,7,16,7.2339,7.9643,0,0,-1,-1,0,0
8,7,18,3.6661,2.572,0,0,-1,-1,0,0
8,7,25,7.1727,7.58,0,0,-1,-1,0,0
8,7,119,5.5866,6.6413,0,0,-1,-1,0,0
8,8,0,1.8962,1.4544,1,1,-1,-1,0,0
8,8,1,3.3407,2.0444,0,0,-1,-1,0,0
8,8,36,7.6906,6.4555,0,0,-1,-1,0,0
8,9,10,1.6816,1.6816,1,1,-1,-1,0,0
8,9,16,7.5459,7.5459,0,0,-1,-1,0,0
8,10,13,6.9669,8.2512,0,0,-1,-1,0,0
8,10,19,4.8718,6.4234,0,0,-1,-1,0,0
8,10,32,3.3606,2.2944,0,0,-1,-1,0,0
8,10,69,3.3762,4.7076,0,0,-1,-1,0,0
8,11,6,7.3466,7.3466,0,0,-1,-1,0,0
8,11,24,5.3379,5.3379,0,0,-1,-1,0,0
8,12,14,3.8594,3.8594,0,0,-1,-1,0,0
8,12,34,5.2936,5.2936,0,0,-1,-1,0,0
8,12,89,5.3503,5.3503,0,0,-1,-1,0,0
8,13,5,2.0025,1.53,0,0,-1,-1,0,0
8,13,45,1.6177,2.588,1,1,-1,-1,0,0
8,13,106,5.5194,7.2957,0,0,-1,-1,0,0
8,14,4,0.3764,0.3764,1,1,-1,-1,0,0
8,14,57,5.0559,5.0559,0,0,-1,-1,0,0
8,14,65,7.7301,7.7301,0,0,-1,-1,0,0
8,15,10,5.6178,5.6178,0,0,-1,-1,0,0
8,15,16,1.4017,1.4017,1,1,-1,-1,0,0
8,15,25,3.4885,3.4885,0,0,-1,-1,0,0
8,15,119,7.5483,7.5483,0,0,-1,-1,0,0
8,16,15,4.6226,4.6226,0,0,-1,-1,0,0
8,16,127,1.3691,1.3691,1,1,-1,-1,0,0
8,16,133,6.9524,6.9524,0,0,-1,-1,0,0
8,17,39,1.6231,1.6231,0,0,-1,-1,0,0
8,17,47,4.8695,4.8695,0,0,-1,-1,0,0
8,18,3,1.7615,1.7615,1,1,-1,-1,0,0
8,18,7,7.1939,7.1939,0,0,-1,-1,0,0
8,18,9,4.7477,4.7477,0,0,-1,-1,0,0
8,19,4,2.879,2.8578,0,0,-1,-1,0,0
8,19,57,7.5314,7.8816,0,0,-1,-1,0,0
8,20,41,6.4215,7.6506,0,0,-1,-1,0,0
8,20,49,6.5869,5.0764,0,0,-1,-1,0,0
8,20,58,3.9913,5.636,0,0,-1,-1,0,0
8,20,68,7.4202,6.373,0,0,-1,-1,0,0
8,20,70,7.5051,9.1555,0,0,-1,-1,0,0
8,21,29,6.6299,6.6299,0,0,-1,-1,0,0
8,21,59,4.4731,4.4731,0,0,-1,-1,0,0
8,21,61,1.0097,1.0097,1,1,-1,-1,0,0
8,22,38,0.5023,2.8915,1,0,-1,-1,0,1
8,22,57,7.5135,5.5351,0,0,-1,-1,0,0
8,22,65,5.04,2.6408,0,1,-1,-1,0,1
8,24,22,4.3368,4.3368,0,0,-1,-1,0,0
8,24,47,6.1718,6.1718,0,0,-1,-1,0,0
8,24,60,6.618,6.618,0,0,-1,-1,0,0
8,25,8,4.7178,6.582,0,0,-1,-1,0,0
8,25,20,1.5505,1.5172,1,1,-1,-1,0,0
8,26,17,4.897,4.4197,0,0,-1,-1,0,0
8,27,14,5.2207,5.2207,0,0,-1,-1,0,0
8,27,34,3.8896,3.8896,0,0,-1,-1,0,0
8,27,89,2.0407,2.0407,1,1,-1,-1,0,0
8,28,8,1.0128,1.0128,1,1,-1,-1,0,0
8,28,20,6.1285,6.1285,0,0,-1,-1,0,0
8,29,27,2.6546,2.6546,0,0,-1,-1,0,0
8,30,37,5.1838,4.6618,0,0,-1,-1,0,0
8,31,40,5.478,5.478,0,0,-1,-1,0,0
8,31,71,7.1444,7.1444,0,0,-1,-1,0,0
8,31,132,2.9221,2.9221,1,1,-1,-1,0,0
8,32,40,1.489,1.489,1,0,-1,-1,0,1
8,32,49,4.9323,4.9323,0,0,-1,-1,0,0
8,32,50,6.9648,6.9648,0,0,-1,-1,0,0
8,32,68,7.6735,7.6735,0,0,-1,-1,0,0
8,32,71,7.506,7.506,0,0,-1,-1,0,0
8,32,132,7.6269,7.6269,0,0,-1,-1,0,0
8,33,29,4.5236,5.1626,0,0,-1,-1,0,0
8,33,59,7.7811,8.5107,0,0,-1,-1,0,0
8,33,61,5.8727,6.5245,0,0,-1,-1,0,0
8,34,31,3.0539,3.0539,0,0,-1,-1,0,0
8,34,35,3.4322,3.4322,0,0,-1,-1,0,0
8,35,40,3.0146,1.3325,0,1,-1,-1,0,1
8,35,49,6.7228,4.9207,0,0,-1,-1,0,0
8,35,50,7.042,7.7462,0,0,-1,-1,0,0
8,35,68,9.1182,7.4498,0,0,-1,-1,0,0
8,35,71,8.1705,7.0809,0,0,-1,-1,0,0
8,35,132,5.9633,7.1651,0,0,-1,-1,0,0
8,36,41,2.1205,2.1205,1,1,-1,-1,0,0
8,36,43,7.1293,7.1293,0,0,-1,-1,0,0
8,36,58,4.1188,4.1188,0,0,-1,-1,0,0
8,36,68,7.9177,7.9177,0,0,-1,-1,0,0
8,36,70,6.4816,6.4816,0,0,-1,-1,0,0
8,37,31,3.0204,3.0204,0,0,-1,-1,0,0
8,37,35,5.2422,5.2422,0,0,-1,-1,0,0
8,38,15,6.5044,6.5044,0,0,-1,-1,0,0
8,38,54,4.2356,4.2356,0,0,-1,-1,0,0
8,38,127,5.8394,5.8394,0,0,-1,-1,0,0
8,38,133,6.6629,6.6629,0,0,-1,-1,0,0
8,39,62,4.1107,4.1107,0,0,-1,-1,0,0
8,39,80,1.7442,1.7442,0,1,-1,-1,0,1
8,40,10,7.0149,7.8815,0,0,-1,-1,0,0
8,40,16,6.8578,9.3305,0,0,-1,-1,0,0
8,40,96,5.4455,3.0094,0,0,-1,-1,0,0
8,40,100,9.8702,7.2752,0,0,-1,-1,0,0
8,41,11,7.4594,6.4939,0,0,-1,-1,0,0
8,41,33,2.6089,2.4265,0,0,-1,-1,0,0
8,41,42,1.1812,1.1907,1,1,-1,-1,0,0
8,41,44,4.0952,3.1385,0,0,-1,-1,0,0
8,42,43,5.5515,5.5515,0,0,-1,-1,0,0
8,42,74,4.1997,4.1997,0,0,-1,-1,0,0
8,43,97,7.1509,7.1509,0,0,-1,-1,0,0
8,43,107,5.9012,5.9012,0,0,-1,-1,0,0
8,44,11,5.8204,5.8204,0,0,-1,-1,0,0
8,44,33,0.6569,0.6569,1,1,-1,-1,0,0
8,44,42,4.1262,4.1262,0,0,-1,-1,0,0
8,44,44,5.2052,5.2052,0,0,-1,-1,0,0
8,45,33,4.804,4.804,0,0,-1,-1,0,0
8,45,42,1.4375,1.4375,0,0,-1,-1,0,0
8,45,44,4.2208,4.2208,0,0,-1,-1,0,0
8,46,22,4.3176,4.3176,0,0,-1,-1,0,0
8,46,52,7.6664,7.6664,0,0,-1,-1,0,0
8,46,60,4.4096,4.4096,0,0,-1,-1,0,0
8,47,54,6.5756,7.2436,0,0,-1,-1,0,0
8,47,127,5.8423,5.7096,0,0,-1,-1,0,0
8,47,133,4.4953,3.7545,0,0,-1,-1,0,0
8,47,134,6.224,6.1146,0,0,-1,-1,0,0
8,48,43,2.0495,2.0495,1,1,-1,-1,0,0
8,48,74,6.3272,6.3272,0,0,-1,-1,0,0
8,49,28,3.1873,3.1873,0,0,-1,-1,0,0
8,49,30,5.3802,5.3802,0,0,-1,-1,0,0
8,49,131,4.3797,4.3797,0,0,-1,-1,0,0
8,50,21,2.257,2.257,0,0,-1,-1,0,0
8,50,98,7.4565,7.4565,0,0,-1,-1,0,0
8,50,111,4.0872,4.0872,0,0,-1,-1,0,0
8,51,17,1.2564,1.2564,1,1,-1,-1,0,0
8,52,26,1.4752,0.7754,0,1,-1,-1,0,1
8,52,50,5.426,3.9423,0,0,-1,-1,0,0
8,52,51,6.3333,4.9235,0,0,-1,-1,0,0
8,52,55,2.5798,2.6999,0,0,-1,-1,0,0
8,53,5,5.1621,5.1621,0,0,-1,-1,0,0
8,53,45,4.7235,4.7235,0,0,-1,-1,0,0
8,53,57,7.6668,7.6668,0,0,-1,-1,0,0
8,53,106,1.5354,1.5354,1,1,-1,-1,0,0
8,54,37,5.6773,6.0029,0,0,-1,-1,0,0
8,55,67,5.0552,5.7259,0,0,-1,-1,0,0
8,55,73,5.7341,6.7781,0,0,-1,-1,0,0
8,55,118,3.5345,3.6997,0,0,-1,-1,0,0
8,55,134,4.3652,2.9747,0,0,-1,-1,0,0
8,56,11,6.5923,6.5923,0,0,-1,-1,0,0
8,56,33,3.9745,3.9745,0,0,-1,-1,0,0
8,56,42,1.4526,1.4526,0,0,-1,-1,0,0
8,56,44,2.036,2.036,1,1,-1,-1,0,0
8,57,56,6.9984,6.9984,0,0,-1,-1,0,0
8,57,63,6.0429,6.0429,0,0,-1,-1,0,0
8,57,74,6.3787,6.3787,0,0,-1,-1,0,0
8,57,78,3.8627,3.8627,0,0,-1,-1,0,0
8,57,126,1.7333,1.7333,1,1,-1,-1,0,0
8,57,135,5.5851,5.5851,0,0,-1,-1,0,0
8,58,0,3.795,6.0286,0,0,-1,-1,0,0
8,58,1,2.1224,4.4938,1,0,-1,-1,0,1
8,58,36,2.2921,0.3304,0,1,-1,-1,0,1
8,59,48,4.9859,4.9859,0,0,-1,-1,0,0
8,59,82,3.6153,3.6153,0,0,-1,-1,0,0
8,60,37,7.8916,7.8916,0,0,-1,-1,0,0
8,61,53,7.1943,8.2708,0,0,-1,-1,0,0
8,61,72,6.661,7.8111,0,0,-1,-1,0,0
8,61,91,2.6803,0.2149,1,1,-1,-1,0,0
8,62,56,2.8819,2.8819,0,1,-1,-1,0,1
8,62,63,5.8237,5.8237,0,0,-1,-1,0,0
8,62,78,3.7,3.7,0,0,-1,-1,0,0
8,62,84,7.3595,7.3595,0,0,-1,-1,0,0
8,62,85,6.2921,6.2921,0,0,-1,-1,0,0
8,62,126,5.5937,5.5937,0,0,-1,-1,0,0
8,62,135,4.426,4.426,0,0,-1,-1,0,0
8,63,22,5.9415,3.6654,0,0,-1,-1,0,0
8,63,46,2.7645,4.8054,1,0,-1,-1,0,1
8,63,52,8.1963,6.7577,0,0,-1,-1,0,0
8,63,60,8.7736,6.6971,0,0,-1,-1,0,0
8,64,28,4.9324,2.1182,0,0,-1,-1,0,0
8,64,30,8.4599,5.9841,0,0,-1,-1,0,0
8,64,131,1.8986,2.9215,0,1,-1,-1,0,1
8,65,22,0.7974,0.7974,1,1,-1,-1,0,0
8,65,46,7.9946,7.9946,0,0,-1,-1,0,0
8,65,52,5.052,5.052,0,0,-1,-1,0,0
8,65,60,3.0632,3.0632,0,0,-1,-1,0,0
8,66,22,2.2765,2.2765,0,0,-1,-1,0,0
8,66,52,5.2132,5.2132,0,0,-1,-1,0,0
8,66,60,2.2192,2.2192,1,1,-1,-1,0,0
8,67,48,4.0713,3.2953,0,0,-1,-1,0,0
8,67,82,5.5545,7.0056,0,0,-1,-1,0,0
8,68,23,5.1045,5.1045,0,0,-1,-1,0,0
8,68,62,5.748,5.748,0,0,-1,-1,0,0
8,68,80,4.6346,4.6346,0,0,-1,-1,0,0
8,69,4,6.4875,6.6018,0,0,-1,-1,0,0
8,69,38,6.6015,9.1876,0,0,-1,-1,0,0
8,69,57,1.873,1.5698,0,1,-1,-1,0,1
8,69,65,1.9926,4.349,1,0,-1,-1,0,1
8,69,106,6.6505,4.8558,0,0,-1,-1,0,0
8,70,23,3.1662,3.1662,0,0,-1,-1,0,0
8,70,62,4.3153,4.3153,0,0,-1,-1,0,0
8,70,80,5.4702,5.4702,0,0,-1,-1,0,0
8,71,53,1.701,1.701,1,1,-1,-1,0,0
8,72,23,7.3143,7.3143,0,0,-1,-1,0,0
8,72,62,1.181,1.181,1,0,-1,-1,0,1
8,72,80,4.1407,4.1407,0,0,-1,-1,0,0
8,73,26,4.1077,4.1077,0,0,-1,-1,0,0
8,73,50,5.8339,5.8339,0,0,-1,-1,0,0
8,73,51,5.2645,5.2645,0,0,-1,-1,0,0
8,73,55,2.1517,2.1517,1,1,-1,-1,0,0
8,73,98,7.157,7.157,0,0,-1,-1,0,0
8,74,76,4.6677,4.6677,0,0,-1,-1,0,0
8,75,63,8.136,7.4435,0,0,-1,-1,0,0
8,75,79,2.4527,2.7621,1,1,-1,-1,0,0
8,75,84,4.9184,5.1326,0,0,-1,-1,0,0
8,75,85,5.6663,6.4679,0,0,-1,-1,0,0
8,76,14,5.8234,5.8234,0,0,-1,-1,0,0
8,76,34,7.399,7.399,0,0,-1,-1,0,0
8,76,81,4.8457,4.8457,0,0,-1,-1,0,0
8,77,76,5.7731,9.0395,0,0,-1,-1,0,0
8,77,88,4.7827,1.3004,0,1,-1,-1,0,1
8,77,130,9.3973,6.3113,0,0,-1,-1,0,0
8,77,135,7.3233,6.8691,0,0,-1,-1,0,0
8,78,56,5.8832,5.2461,0,0,-1,-1,0,0
8,78,63,2.556,0.4805,0,1,-1,-1,0,1
8,78,78,1.6442,2.6265,1,0,-1,-1,0,1
8,78,84,6.6468,4.0722,0,0,-1,-1,0,0
8,78,85,7.1337,5.0875,0,0,-1,-1,0,0
8,78,126,5.249,7.8368,0,0,-1,-1,0,0
8,79,43,7.8015,10.0829,0,0,-1,-1,0,0
8,79,94,3.3766,1.1323,0,1,-1,-1,0,1
8,80,46,3.7707,3.7707,0,0,-1,-1,0,0
8,80,86,7.9609,7.9609,0,0,-1,-1,0,0
8,81,64,6.7566,6.7566,0,0,-1,-1,0,0
8,81,72,4.1369,4.1369,0,0,-1,-1,0,0
8,82,56,3.6837,3.6837,0,0,-1,-1,0,0
8,82,63,2.5757,2.5757,0,0,-1,-1,0,0
8,82,78,1.5453,1.5453,0,1,-1,-1,0,1
8,82,84,5.0628,5.0628,0,0,-1,-1,0,0
8,82,85,5.0489,5.0489,0,0,-1,-1,0,0
8,82,126,6.326,6.326,0,0,-1,-1,0,0
8,82,135,7.5303,7.5303,0,0,-1,-1,0,0
8,83,41,3.8953,3.8953,0,0,-1,-1,0,0
8,83,58,1.0327,1.0327,1,1,-1,-1,0,0
8,83,70,2.5982,2.5982,0,0,-1,-1,0,0
8,83,101,6.8257,6.8257,0,0,-1,-1,0,0
8,84,40,3.3034,3.3034,0,0,-1,-1,0,0
8,84,49,4.9231,4.9231,0,0,-1,-1,0,0
8,84,68,5.1489,5.1489,0,0,-1,-1,0,0
8,84,71,3.1604,3.1604,0,0,-1,-1,0,0
8,84,132,7.3589,7.3589,0,0,-1,-1,0,0
8,85,66,6.1732,6.1732,0,0,-1,-1,0,0
8,85,90,2.2534,2.2534,1,1,-1,-1,0,0
8,85,125,6.0769,6.0769,0,0,-1,-1,0,0
8,86,64,4.4359,4.4359,0,0,-1,-1,0,0
8,86,72,5.1072,5.1072,0,0,-1,-1,0,0
8,87,46,4.9845,4.9845,0,0,-1,-1,0,0
8,87,83,5.1817,5.1817,0,0,-1,-1,0,0
8,87,86,2.2032,2.2032,1,1,-1,-1,0,0
8,88,87,2.753,2.4527,1,1,-1,-1,0,0
8,88,108,3.8885,5.2397,0,0,-1,-1,0,0
8,89,87,3.3833,3.3833,0,0,-1,-1,0,0
8,89,108,2.1501,2.1501,1,1,-1,-1,0,0
8,90,93,1.696,1.696,1,1,-1,-1,0,0
8,90,107,7.553,7.553,0,0,-1,-1,0,0
8,90,130,7.7273,7.7273,0,0,-1,-1,0,0
8,91,97,4.3384,2.1025,0,0,-1,-1,0,0
8,91,122,4.2128,4.8502,0,0,-1,-1,0,0
8,91,130,7.5028,8.1101,0,0,-1,-1,0,0
8,92,64,3.9411,3.9411,0,0,-1,-1,0,0
8,92,72,6.5894,6.5894,0,0,-1,-1,0,0
8,93,112,4.9404,4.9404,0,0,-1,-1,0,0
8,93,128,1.4204,1.4204,1,1,-1,-1,0,0
8,94,75,6.5269,6.5175,0,0,-1,-1,0,0
8,94,77,6.7774,6.8674,0,0,-1,-1,0,0
8,94,121,4.4073,4.429,0,0,-1,-1,0,0
8,95,27,6.0064,7.7395,0,0,-1,-1,0,0
8,95,123,2.2186,1.7772,1,1,-1,-1,0,0
8,96,103,3.5053,2.0712,0,1,-1,-1,0,1
8,97,75,2.1324,2.5837,1,1,-1,-1,0,0
8,97,77,5.0804,5.0064,0,0,-1,-1,0,0
8,98,7,8.4592,7.5965,0,0,-1,-1,0,0
8,98,96,5.8958,4.5091,0,0,-1,-1,0,0
8,98,100,2.8344,0.3844,0,1,-1,-1,0,1
8,98,115,1.3994,4.0536,1,0,-1,-1,0,1
8,99,75,7.2284,6.0275,0,0,-1,-1,0,0
8,99,77,3.1526,1.8681,0,1,-1,-1,0,1
8,99,86,7.77,11.7594,0,0,-1,-1,0,0
8,99,121,7.6596,12.08,0,0,-1,-1,0,0
8,100,96,4.2376,4.2376,0,0,-1,-1,0,0
8,100,100,4.4707,4.4707,0,0,-1,-1,0,0
8,100,115,3.0453,3.0453,0,0,-1,-1,0,0
8,101,29,7.9581,7.9581,0,0,-1,-1,0,0
8,101,92,4.9432,4.9432,0,0,-1,-1,0,0
8,101,109,6.8597,6.8597,0,0,-1,-1,0,0
8,101,118,7.9514,7.9514,0,0,-1,-1,0,0
8,101,120,2.6361,2.6361,1,1,-1,-1,0,0
8,102,103,6.303,6.303,0,0,-1,-1,0,0
8,102,112,4.2054,4.2054,0,0,-1,-1,0,0
8,102,128,3.9596,3.9596,0,0,-1,-1,0,0
8,103,97,7.576,7.576,0,0,9000072,-1,0,0
8,104,29,4.1659,4.1659,0,0,-1,-1,0,0
8,104,59,7.1218,7.1218,0,0,-1,-1,0,0
8,104,109,4.2992,4.2992,0,0,-1,-1,0,0
8,105,99,6.3301,6.1142,0,0,-1,-1,0,0
8,105,102,3.3547,2.96,0,1,-1,-1,0,1
8,105,105,4.2324,4.3516,0,0,-1,-1,0,0
8,106,99,3.3317,3.3984,0,0,-1,-1,0,0
8,106,102,5.432,5.973,0,0,-1,-1,0,0
8,106,105,1.6913,2.1823,1,1,-1,-1,0,0
8,107,114,5.2423,5.2423,0,0,-1,-1,0,0
8,107,116,4.9161,4.9161,0,0,-1,10000081,0,0
8,107,117,4.3967,4.3967,0,0,-1,-1,0,0
8,108,66,7.7109,7.7109,0,0,-1,-1,0,0
8,108,90,5.583,5.583,0,0,-1,-1,0,0
8,108,125,4.092,4.092,0,0,-1,-1,0,0
8,109,107,2.4622,2.4622,0,0,-1,-1,0,0
8,109,130,4.3118,4.3118,0,0,-1,-1,0,0
8,110,42,4.8286,4.8286,0,0,-1,-1,0,0
8,110,44,6.3413,6.3413,0,0,-1,-1,0,0
8,110,99,7.8921,7.8921,0,0,-1,-1,0,0
8,110,102,7.8115,7.8115,0,0,-1,-1,0,0
8,111,110,3.2815,2.2112,0,0,9000077,-1,0,0
8,111,113,2.4537,0.7728,0,1,9000077,-1,0,1
8,111,124,3.7258,5.4942,0,0,9000077,10000084,1,0
8,112,104,2.0692,2.6809,1,1,9000079,10000086,1,0
8,113,55,6.7694,6.7694,0,0,-1,-1,0,0
8,113,98,1.7962,1.7962,0,0,-1,-1,0,0
8,113,111,6.5444,6.5444,0,0,-1,-1,0,0
8,113,129,4.0448,4.0448,0,0,-1,-1,0,0
8,114,114,5.5919,5.5919,0,0,9000074,-1,0,0
8,114,116,2.0292,2.0292,1,1,9000074,10000081,1,0
8,115,26,6.4024,7.2347,0,0,-1,-1,0,0
8,115,51,7.405,6.9916,0,0,-1,-1,0,0
8,115,55,4.1634,4.9822,0,0,-1,-1,0,0
8,115,98,4.3413,2.8634,0,0,-1,-1,0,0
8,115,111,6.8481,5.3314,0,0,-1,-1,0,0
8,115,129,6.0256,6.2008,0,0,-1,-1,0,0
8,116,58,6.9956,7.5777,0,0,-1,-1,0,0
8,116,70,5.3051,5.12,0,0,-1,-1,0,0
8,116,101,3.8863,1.1348,0,1,-1,-1,0,1
8,117,95,5.7789,5.1202,0,0,-1,-1,0,0
8,118,114,7.9058,7.9058,0,0,-1,-1,0,0
8,118,116,4.7365,4.7365,0,0,-1,10000081,0,0
8,119,98,3.5831,3.5831,0,0,-1,-1,0,0
8,119,111,7.2226,7.2226,0,0,-1,-1,0,0
8,119,129,5.9987,5.9987,0,0,-1,-1,0,0
8,120,95,2.4898,2.4898,1,1,-1,-1,0,0
8,121,97,7.2773,7.2773,0,0,-1,-1,0,0
8,122,97,7.0906,7.0906,0,0,-1,-1,0,0
8,122,122,2.6106,2.6106,1,1,-1,-1,0,0
8,123,63,7.5343,7.5343,0,0,-1,-1,0,0
8,123,121,4.6492,4.6492,0,0,-1,-1,0,0
8,124,122,5.9831,5.9831,0,0,-1,-1,0,0
8,125,28,3.6602,3.6602,0,0,-1,-1,0,0
8,125,30,5.2339,5.2339,0,0,-1,-1,0,0
8,125,131,6.8863,6.8863,0,0,-1,-1,0,0
8,126,93,4.0528,4.0528,0,0,-1,-1,0,0
8,126,107,5.0542,5.0542,0,0,-1,-1,0,0
8,129,15,7.689,7.689,0,0,-1,-1,0,0
8,129,54,3.1025,3.1025,0,0,-1,-1,0,0
8,130,47,7.9166,7.9166,0,0,-1,-1,0,0
8,130,58,6.7406,6.7406,0,0,-1,-1,0,0
8,130,70,7.4598,7.4598,0,0,-1,-1,0,0
8,131,81,4.165,4.165,0,0,-1,-1,0,0
8,132,121,1.4969,2.7752,1,1,-1,-1,0,0
8,133,26,3.6824,3.9086,0,0,-1,-1,0,0
8,133,50,5.9217,4.6958,0,0,-1,-1,0,0
8,133,51,6.8574,5.4453,0,0,-1,-1,0,0
8,133,55,4.3465,4.673,0,0,-1,-1,0,0
8,134,23,6.6217,6.6217,0,0,-1,-1,0,0
8,134,132,5.6825,5.6825,0,0,-1,-1,0,0
8,135,31,5.8545,5.8545,0,0,-1,-1,0,0
8,135,35,4.2842,4.2842,0,0,-1,-1,0,0
8,136,48,4.9283,4.9283,0,0,-1,-1,0,0
8,136,82,6.8368,6.8368,0,0,-1,-1,0,0
