track_id,t,t_target,track_total_length,observation_index,has_prev_velocity,velocity_z,velocity_y,velocity_x,velocity_magnitude,velocity_mag_xy,velocity_mag_z,velocity_change,direction_cosine,static_next_error,constant_velocity_prediction_error,prediction_improvement_3d,static_error_z,cv_error_z,static_error_xy,cv_error_xy,improves,improves_by_05um,improves_by_10um,source_tracker
6,1,2,5,1,False,0.588648924915816,-0.6871796672688149,1.8190253556812355,2.0316438409631425,1.9444971431501061,0.588648924915816,0.0,0.0,2.5105734162518156,2.0316873767131405,0.47888603953867515,1.5835014153687652,0.9948524904529492,1.948204852143488,1.771446335324637,True,False,False,R1_A1 (3.0um)
6,2,3,5,2,True,1.5835014153687652,1.073679578062972,1.6256427373706526,2.5105734162518156,1.948204852143488,1.5835014153687652,2.0316873767131405,0.6178501624090547,1.953740321921036,3.5868653723276576,-1.6331250504066215,0.8931715782478591,0.6903298371209061,1.737626478075867,3.519807937257919,False,False,False,R1_A1 (3.0um)
6,3,4,5,3,True,0.8931715782478591,0.034555241715523266,-1.7372828533604778,1.953740321921036,1.737626478075867,0.8931715782478591,3.5868653723276576,-0.27986934856596274,0.7307284473187652,1.6957219528659608,-0.9649935055471957,0.2003326552995759,0.6928389229482832,0.7027310231813554,1.547723220824515,False,False,False,R1_A1 (3.0um)
19,1,2,4,1,False,1.3643771993626075,-1.8494328256715207,0.24999372108214857,2.311800981787229,1.8662525652365074,1.3643771993626075,0.0,0.0,2.1453946790631933,3.811327293131235,-1.665932614068042,2.013581363230813,3.3779585625934203,0.7404109822269005,1.7651095390283464,False,False,False,R1_A1 (3.0um)
19,2,3,4,2,True,-2.013581363230813,-0.3366472971330623,-0.6594520603768004,2.1453946790631933,0.7404109822269005,2.013581363230813,3.811327293131235,-0.46162570928476315,0.6995986020633355,2.7580340339900435,-2.058435431926708,0.6776698559475989,2.6912512191784117,0.1737865655018641,0.6032566683577614,False,False,False,R1_A1 (3.0um)
22,1,2,3,1,False,-0.7908916575306222,-1.5272406220789776,1.0503784829068685,2.015258913646942,1.8535800158293456,0.7908916575306222,0.0,0.0,1.4259357780579558,2.978870199926975,-1.5529344218690193,1.415631571158002,2.2065232286886243,0.17111428311650068,2.0012303488780363,False,False,False,R1_A1 (3.0um)
62,1,2,3,1,False,0.8476983126125326,-1.695218094322314,1.3544781331297457,2.329585334271006,2.1698791211596142,0.8476983126125326,0.0,0.0,2.463388181157195,4.354755225173848,-1.8913670440166532,2.066619635395565,2.9143179480080974,1.3406582762443442,3.235837444788722,False,False,False,R1_A1 (3.0um)
69,1,2,3,1,False,1.6582431073261859,-1.1303228585309313,-1.540156840938863,2.5297199572686138,1.9104221677965092,1.6582431073261859,0.0,0.0,2.1345391077031612,4.1138807561227635,-1.9793416484196023,2.041158835995688,3.699401943321874,0.6244419977475382,1.7995666526537841,False,False,False,R1_A1 (3.0um)
99,1,2,3,1,False,-1.556263807703072,1.118247868883671,-0.08886605349985643,1.9184192740102397,1.1217733602325877,1.556263807703072,0.0,0.0,1.8248644562564156,0.6855885273188795,1.139275928937536,1.7018254935758428,0.14556168587277085,0.6587262505194111,0.6699577780704892,True,True,True,R1_A1 (3.0um)
100,1,2,4,1,False,-0.7978540673039376,0.13112438264313653,0.029612393666816672,0.809099258617667,0.13442655088271144,0.7978540673039376,0.0,0.0,1.5031632437617723,0.7943492772942967,0.7088139664674756,1.4177938999229127,0.6199398326189751,0.4993597848623683,0.49665418378417864,True,True,False,R1_A1 (3.0um)
100,2,3,4,2,True,-1.4177938999229127,0.18401794140793015,-0.4642171819071095,1.5031632437617723,0.4993597848623683,1.4177938999229127,0.7943492772942967,0.9386347046705238,2.8434994028424785,1.571356653989199,1.2721427488532795,2.7814424082525875,1.3636485083296748,0.5908189092603415,0.7807845283856385,True,True,True,R1_A1 (3.0um)
107,1,2,3,1,False,1.2721925538227974,-0.5369362863151395,2.00003451613955,2.4304140666383636,2.070854567880482,1.2721925538227974,0.0,0.0,0.8776913301307331,2.8106666494343684,-1.9329753193036354,0.7696337358822145,2.0418262897050123,0.421907553355757,1.931525929650462,False,False,False,R1_A1 (3.0um)
121,1,2,4,1,False,-2.1184199564633204,-0.40626755786058766,-0.6241039113615159,2.2454981925374167,0.7446871965776966,2.1184199564633204,0.0,0.0,0.6192493912568056,1.8363383485665838,-1.2170889573097783,0.5071354669982924,1.611284489465028,0.3553637948417765,0.8808523283874954,False,False,False,R1_A1 (3.0um)
121,2,3,4,2,True,-0.5071354669982924,-0.25815910357371763,0.24420750178150286,0.6192493912568056,0.3553637948417765,0.5071354669982924,1.8363383485665838,0.738424620322659,1.7277957187571116,1.2243651035130365,0.5034306152440751,1.714184226867843,1.2070487598695507,0.21644972190533926,0.20519063818280817,True,True,False,R1_A1 (3.0um)
125,1,2,3,1,False,-2.125383455999035,1.7903307016329109,0.6788111159011301,2.8606508677772498,1.9146980316176043,2.125383455999035,0.0,0.0,2.554971229502907,4.195761067289332,-1.6407898377864254,1.8002051199892612,3.9255885759882965,1.8130470235358063,1.4812715030847976,False,False,False,R1_A1 (3.0um)
128,1,2,3,1,False,-0.9722260676512242,-0.6295119497941002,1.8654308517751375,2.1957552423502595,1.9687858079760947,0.9722260676512242,0.0,0.0,1.59404905054895,1.1566033675349439,0.4374456830140061,1.3228874366060914,0.3506613689548672,0.8893599977656818,1.1021651210757264,True,False,False,R1_A1 (3.0um)
144,1,2,3,1,False,1.3856970440266028,-1.6386744054759248,-1.9188989525374467,2.8788163010229137,2.5233761109297967,1.3856970440266028,0.0,0.0,2.7958388309741466,2.352748536954659,0.44309029401948763,0.06357254388440037,1.4492695879110027,2.7951159726292123,1.8533869913481538,True,False,False,R1_A1 (3.0um)
149,1,2,3,1,False,0.3085516484320934,-2.3489367887063253,0.7067130135865867,2.4722765704226504,2.4529466608368433,0.3085516484320934,0.0,0.0,1.8114713338697828,3.563761299302465,-1.7522899654326822,1.4608405692605544,1.7693922176926478,1.0711550889738,3.0934844073269043,False,False,False,R1_A1 (3.0um)
155,1,2,6,1,False,0.02877804494031677,0.10631103522901242,2.4791092471484717,2.4815545271823294,2.481387655226109,0.02877804494031677,0.0,0.0,1.6056942495722744,3.670936456899227,-2.0652422073269525,0.8599682361680583,0.8311901912277415,1.3559899173266252,3.5755974796666696,False,False,False,R1_A1 (3.0um)
155,2,3,6,2,True,0.8599682361680583,0.910437834464048,-1.0048938279579005,1.6056942495722744,1.3559899173266252,0.8599682361680583,3.670936456899227,-0.5947129402611554,1.527842693297574,2.169994351869512,-0.6421516585719382,0.07893683533947993,0.7810314008285779,1.5258021731172662,2.0245654936468056,False,False,False,R1_A1 (3.0um)
155,3,4,6,3,True,0.07893683533947993,1.147399786100081,1.0057564329134863,1.527842693297574,1.5258021731172662,0.07893683533947993,2.169994351869512,0.04151268289833767,1.3509257889353492,0.6104081151896805,0.7405176737456687,0.16853034043623794,0.24746717577571786,1.3403723406438381,0.5579946809809286,True,True,False,R1_A1 (3.0um)
155,4,5,6,4,True,-0.16853034043623794,0.6201094633898094,1.1883022616226242,1.3509257889353492,1.3403723406438381,0.16853034043623794,0.6104081151896805,0.9173211895635179,2.4857926456275554,2.352713898641847,0.1330787469857082,0.13127582469135657,0.2998061651275945,2.482323857780778,2.333533576405963,True,False,False,R1_A1 (3.0um)
165,2,3,3,1,False,-1.8761847524299782,-0.09115213300290748,-1.2285947714962795,2.2445095342077996,1.231971519110314,1.8761847524299782,0.0,0.0,0.8562699967693476,2.8184324244643983,-1.9621624276950507,0.24533282583361427,2.1215175782635924,0.8203719351220348,1.8554580287332958,False,False,False,R1_A1 (3.0um)
171,2,3,3,1,False,-1.8598269653491002,-0.02927110766990637,-0.4526929291387729,1.9143521167424002,0.45363827642347965,1.8598269653491002,0.0,0.0,0.8807288195484722,2.694876240024008,-1.814147420475536,0.6943106262858834,2.5541375916349836,0.5418634586404122,0.8594993380119501,False,False,False,R1_A1 (3.0um)
174,2,3,4,1,False,-1.8620279506343564,0.11441256564758362,-0.41616925529139337,1.9113961319337855,0.4316098750351474,1.8620279506343564,0.0,0.0,2.7393292287611217,1.15091388472657,1.5884153440345516,2.2992079459494903,0.43717999531513385,1.4891499067681961,1.0646484968066523,True,True,True,R1_A1 (3.0um)
174,3,4,4,2,True,-2.2992079459494903,0.1707831240534503,-1.479324362459522,2.7393292287611217,1.4891499067681961,2.2992079459494903,1.15091388472657,0.938967104722345,2.676811126851139,0.7475087083453154,1.9293024185058238,2.462637644570407,0.1634296986209165,1.0491585392011942,0.7294244324539438,True,True,True,R1_A1 (3.0um)
184,2,3,3,1,False,-2.162872538678812,0.28716094788819646,-0.39127676485024665,2.216658867592091,0.4853441219420739,2.162872538678812,0.0,0.0,1.2371016811790176,3.369520321803852,-2.1324186406248344,1.0239544135727527,3.1868269522515646,0.6942174936580265,1.0944410333371737,False,False,False,R1_A1 (3.0um)
192,2,3,3,1,False,-2.382961016356049,0.7900712375659964,-0.12940444265654705,2.513853869197844,0.8005985699514562,2.382961016356049,0.0,0.0,1.5811039185020541,1.0478850358173044,0.5332188826847497,1.5670655370300537,0.8158954793259952,0.21022655340194188,0.6575542678024667,True,True,False,R1_A1 (3.0um)
198,2,3,3,1,False,-2.644127181794147,0.09588756465768711,-0.31035113456557895,2.664004655642475,0.32482649488938586,2.644127181794147,0.0,0.0,1.1749655392668603,1.9811839325516003,-0.80621839328474,0.7502888044773215,1.8938383773168255,0.9042182968402352,0.5817782869810437,False,False,False,R1_A1 (3.0um)
202,2,3,4,1,False,-0.552445546469059,-0.35633683042280495,0.33517066649044125,0.7379101532062793,0.4891986430801065,0.552445546469059,0.0,0.0,2.8796153650959293,2.419325020975521,0.46029034412040826,2.8729855628191743,2.3205400163501153,0.19529108205229143,0.6842715759375156,True,False,False,R1_A1 (3.0um)
202,3,4,4,2,True,-2.8729855628191743,0.1345521408930921,-0.14154267240037655,2.8796153650959293,0.19529108205229143,2.8729855628191743,2.419325020975521,0.7020485945802676,2.3198795135256356,2.49556554461822,-0.1756860310925843,1.166492313169556,1.7064932496496183,2.0052771979435353,1.8209141046150195,False,False,False,R1_A1 (3.0um)
204,2,3,3,1,False,-0.37613565422412876,0.010480539468844086,-1.6936402601332787,1.7349366567199194,1.6936726875201944,0.37613565422412876,0.0,0.0,0.594700955907306,1.173114978257483,-0.578414022350177,0.02204090937917158,0.3540947448449572,0.594292373559347,1.118398705241221,False,False,False,R1_A1 (3.0um)
209,2,3,4,1,False,-1.3542266514300678,-0.5065690969817354,-1.094722177141577,1.813548653492919,1.2062457855439268,1.3542266514300678,0.0,0.0,0.9512792621156512,1.5025078195034822,-0.551228557387831,0.7222954864722482,0.6319311649578196,0.6190488387462787,1.3631554388345306,False,False,False,R1_A1 (3.0um)
209,3,4,4,2,True,-0.7222954864722482,0.5652359856963827,-0.25244750984502673,0.9512792621156512,0.6190488387462787,0.7222954864722482,1.5025078195034822,0.5612019054740293,1.585239931462053,1.5657959936381824,0.01944393782387066,0.5154520059173535,0.20684348055489465,1.499098018775821,1.5520737315750561,True,False,False,R1_A1 (3.0um)
216,2,3,3,1,False,-1.6386028662431897,0.935413930521392,-0.03049241818636972,1.8870475251674848,0.9359107911442907,1.6386028662431897,0.0,0.0,1.8411826144030248,0.9412016874834496,0.8999809269195752,1.8399824730250884,0.2013796067818987,0.06646742465626909,0.9194057159350604,True,True,False,R1_A1 (3.0um)
224,2,3,4,1,False,-1.6887371731499314,-0.20244408415106108,-0.5729585202026186,1.7947418513699842,0.6076718465426355,1.6887371731499314,0.0,0.0,2.534715805475684,4.12812910521072,-1.5934132997350354,2.356504411151967,4.045241584301898,0.9336333192156154,0.8230859213487534,False,False,False,R1_A1 (3.0um)
224,3,4,4,2,True,2.356504411151967,0.6096343816559511,-0.7071188693936357,2.534715805475684,0.9336333192156154,2.356504411151967,4.12812910521072,-0.812849680822778,0.44548121603263413,2.417283570592629,-1.971802354559995,0.009491633729176385,2.3659960448811432,0.4453800879328415,0.49530049087784844,False,False,False,R1_A1 (3.0um)
227,2,3,3,1,False,0.8488524123053054,-0.02506516914931467,0.947825595358438,1.272616218581862,0.9481569605930557,0.8488524123053054,0.0,0.0,1.512822378792967,2.680717895654109,-1.167895516861142,1.3541485228273835,2.203000935132689,0.6744726294678138,1.5274276794286181,False,False,False,R1_A1 (3.0um)
231,2,3,3,1,False,-0.3542155696004272,1.4680909676926035,1.2190841208208312,1.9408569892718677,1.9082602503479718,0.3542155696004272,0.0,0.0,1.7329954561156575,0.8673628675201728,0.8656325885954848,0.17827564682958297,0.5324912164300102,1.723801335614116,0.6846688603826705,True,True,False,R1_A1 (3.0um)
238,2,3,3,1,False,0.23701421053154803,0.35873939458186044,0.3392571225470675,0.5476906831577187,0.4937502895430804,0.23701421053154803,0.0,0.0,2.0229112700956406,2.322713812047442,-0.29980254195180134,2.0042878794738783,2.2413020900054264,0.2738614665739993,0.6095608206022326,False,False,False,R1_A1 (3.0um)
242,2,3,3,1,False,-1.5987624199084687,-0.13435541748940238,0.1504257357810772,1.6114343162244043,0.2016910513484177,1.5987624199084687,0.0,0.0,2.6136142344240847,3.3467715856053606,-0.7331573511812759,0.7934669811249839,2.3922294010334526,2.490258925543406,2.3405380875017925,False,False,False,R1_A1 (3.0um)
243,2,3,6,1,False,-1.486531496921657,0.039367767560321454,-0.21697258142678777,1.502798327638752,0.2205151292172207,1.486531496921657,0.0,0.0,2.7231317912142505,1.2783898918559105,1.44474189935834,2.589657132152631,1.103125635230974,0.8420942288204717,0.646060793188711,True,True,True,R1_A1 (3.0um)
243,3,4,6,2,True,-2.589657132152631,0.46934631479258826,-0.6991685969802717,2.7231317912142505,0.8420942288204717,2.589657132152631,1.2783898918559105,0.9822756984233545,1.542828914775766,2.9031976365831884,-1.3603687218074225,0.031991491779159276,2.5576656403734717,1.5424971976382686,1.3736458747126818,False,False,False,R1_A1 (3.0um)
243,4,5,6,3,True,-0.031991491779159276,1.5331098259196665,0.1699172339419448,1.542828914775766,1.5424971976382686,0.031991491779159276,2.9031976365831884,0.16271186094642945,2.5660476634674017,2.006778513384194,0.5592691500832077,0.6680605339816097,0.700052025760769,2.4775584219393734,1.880714535225567,True,True,False,R1_A1 (3.0um)
243,5,6,6,4,True,0.6680605339816097,1.397581697241904,2.045742196284067,2.5660476634674017,2.4775584219393734,0.6680605339816097,2.006778513384194,0.6236165608500139,2.530069092741337,4.205966047518056,-1.6758969547767193,2.4955739922630116,3.1636345262446213,0.41636530016972617,2.771563994792043,False,False,False,R1_A1 (3.0um)
269,2,3,3,1,False,0.11285662205025915,1.0809706045383294,-2.5739123788201184,2.7939683245985445,2.791688088185964,0.11285662205025915,0.0,0.0,1.8327417691370231,4.4537724932478975,-2.6210307241108746,0.0188510035044942,0.09400561854576495,1.8326448188359845,4.452780296095173,False,False,False,R1_A1 (3.0um)
271,2,3,3,1,False,-0.9882612978628629,0.4167909623332662,2.09958450302085,2.357674741023789,2.140553618017545,0.9882612978628629,0.0,0.0,2.1961611097453595,4.506412194200337,-2.3102510844549773,0.5743335990199512,1.562594896882814,2.1197321852051876,4.226824819208065,False,False,False,R1_A1 (3.0um)
272,2,3,3,1,False,-2.9863152835844797,-0.009258210968745573,0.047362751696450545,2.986705194305064,0.04825914129573204,2.9863152835844797,0.0,0.0,2.2688127750593634,1.1790305147589033,1.08978226030046,2.134417053428132,0.8518982301563476,0.7692692963505948,0.8150965342762335,True,True,True,R1_A1 (3.0um)
274,2,3,3,1,False,-0.6848963310650831,-0.37290910849640113,-0.07455777030216382,0.7833920146506618,0.3802894480681931,0.6848963310650831,0.0,0.0,2.638343773816094,2.2620780068009143,0.3762657670151799,0.37157896697590154,0.31331736408918154,2.6120465042060927,2.24027434440798,True,False,False,R1_A1 (3.0um)
277,2,3,3,1,False,-0.5992922128283009,-0.19901876947245967,-0.6929122943559705,0.9374897730794873,0.7209271241061659,0.5992922128283009,0.0,0.0,1.871851520433609,1.9639634885579198,-0.09211196812431077,0.08541906993310988,0.6847112827614108,1.86990152068,1.8407398087855376,False,False,False,R1_A1 (3.0um)
285,2,3,3,1,False,-1.561321981974146,0.6439442839104217,0.9189797542840497,1.9227361651980632,1.1221354773666494,1.561321981974146,0.0,0.0,1.664274415226229,1.5443474650964406,0.11992695012978838,1.610005902534823,0.04868392056067705,0.4215332999653011,1.5435799198061122,True,False,False,R1_A1 (3.0um)
324,3,4,3,1,False,-1.6169437282428447,0.1985590191986688,0.4309582065607245,1.6851283868628657,0.47450043193570796,1.6169437282428447,0.0,0.0,1.7056089048130338,1.6292824086805267,0.0763264961325072,1.085634443479833,0.5313092847630116,1.315484546206359,1.5402180401360177,True,False,False,R1_A1 (3.0um)
325,3,4,3,1,False,0.9123950210590692,0.7798390753161613,-0.0031467930193755933,1.2002597886081379,0.7798454242324387,0.9123950210590692,0.0,0.0,1.36358554826895,1.9700154158502634,-0.6064298675813133,0.34291423789854036,0.5694807831605289,1.3197633776152438,1.8859088992574793,False,False,False,R1_A1 (3.0um)
336,3,4,3,1,False,-2.3198044962728233,0.22982593266915785,-1.298031657911018,2.6681827233519972,1.318220825304499,2.3198044962728233,0.0,0.0,1.0207344665687141,2.4202258563533374,-1.3994913897846233,0.5490243309899867,1.7707801652828365,0.8605063249170891,1.6497972002649708,False,False,False,R1_A1 (3.0um)
369,3,4,3,1,False,-2.704552948569983,0.2291745015992177,-0.023409873931413472,2.7143462612569023,0.23036704273991648,2.704552948569983,0.0,0.0,1.0321033715852677,2.480998540991148,-1.4488951694058803,0.38934686278512487,2.315206085784858,0.9558485183736273,0.8917255972242595,False,False,False,R1_A1 (3.0um)
370,3,4,3,1,False,-1.0504885353878848,0.6829232122670277,0.460874842270357,1.3350340434132102,0.823886966816955,1.0504885353878848,0.0,0.0,1.783987870791445,2.1995311088948326,-0.41554323810338767,0.4722418551316139,0.5782466802562709,1.7203489045518774,2.122161133318753,False,False,False,R1_A1 (3.0um)
371,3,4,3,1,False,-1.7433626733352625,1.0422895879359118,-1.9985326118516298,2.849528662170778,2.2539964919569218,1.7433626733352625,0.0,0.0,2.2591254961215874,0.8838480181766533,1.3752774779449342,1.7491887378271311,0.005826064491868621,1.4296806519937721,0.8838288161218406,True,True,True,R1_A1 (3.0um)
382,3,4,4,1,False,-1.8275595878127344,-0.21452743398531027,1.233099085211954,2.2150687169677448,1.251621098369183,1.8275595878127344,0.0,0.0,2.5314157106512924,1.385792299222335,1.1456234114289574,1.060186013267753,0.7673735745449815,2.2987107511393456,1.1539315810194224,True,True,True,R1_A1 (3.0um)
382,4,5,4,2,True,-1.060186013267753,0.2629155968861596,2.2836257369187294,2.5314157106512924,2.2987107511393456,1.060186013267753,1.385792299222335,0.8376796370033953,1.3083209503470925,2.2133258523309394,-0.9050049019838469,0.6648981202582682,0.39528789300948475,1.1267715823511617,2.1777416766541893,False,False,False,R1_A1 (3.0um)
402,4,5,3,1,False,-0.18399368048201836,0.6583371637071096,-0.15211599430743794,0.7002862067036457,0.6756826894645608,0.18399368048201836,0.0,0.0,1.3691860282433377,0.9655978751180943,0.40358815312524343,0.47262759072839344,0.2886339102463751,1.2850266691470025,0.9214497936884387,True,False,False,R1_A1 (3.0um)
430,4,5,3,1,False,0.4939861932359051,1.1290719962134261,0.8918803072769137,1.5212746018551133,1.4388377445500007,0.4939861932359051,0.0,0.0,2.0126544752550326,2.746530524687145,-0.7338760494321126,1.9937671208104604,2.4877533140463655,0.275083086974241,1.1638356290686285,False,False,False,R1_A1 (3.0um)
501,5,6,3,1,False,-2.2289423813473803,0.3735274986928303,0.04433049843274173,2.2604583881897824,0.3761488872388401,2.2289423813473803,0.0,0.0,2.1776062871768795,0.9178171476691824,1.259789139507697,1.8827924690740048,0.34614991227337555,1.0941031305825275,0.8500403253897595,True,True,True,R1_A1 (3.0um)
526,5,6,3,1,False,-2.116325405522872,0.2663225878901656,-0.01972439133452042,2.13310805973246,0.26705200323913,2.116325405522872,0.0,0.0,1.9370786190002127,1.4024689615311647,0.534609657469048,1.4811992241402194,0.6351261813826525,1.2483278554106623,1.250413500319232,True,True,False,R1_A1 (3.0um)
528,5,6,3,1,False,-2.338925698330577,0.12919890931596711,-0.09306962710215316,2.344339509535372,0.15923037919118743,2.338925698330577,0.0,0.0,2.1970922300794906,3.326894748285241,-1.1298025182057505,0.16749316887335652,2.5064188672039336,2.19069858854577,2.1877141331289303,False,False,False,R1_A1 (3.0um)
534,5,6,3,1,False,-0.37332853420754475,0.2587053341258567,-2.1758534435292844,2.222755238904403,2.191179284682889,0.37332853420754475,0.0,0.0,2.157186617627935,4.139559903524529,-1.9823732858965943,1.4925903168694532,1.865918851076998,1.5574428558571887,3.695172937233589,False,False,False,R1_A1 (3.0um)
556,5,6,3,1,False,1.8534184553908304,-0.04999310972254989,-1.6368319057943665,2.4732322918863647,1.6375951877207473,1.8534184553908304,0.0,0.0,2.648177418900175,2.0935127038614687,0.5546647150387063,2.0356544898347657,0.18223603444393532,1.6937988192191988,2.08556598288798,True,True,False,R1_A1 (3.0um)
571,5,6,3,1,False,-1.9615146474641634,1.0351786657049757,-0.24065114777532415,2.2309297517117783,1.0627830657553379,1.9615146474641634,0.0,0.0,2.2032163291464073,2.383120300917674,-0.1799039717712665,1.7057717930317438,0.2557428544324196,1.3944550129404103,2.369358132712888,False,False,False,R1_A1 (3.0um)
580,5,6,3,1,False,-1.436582993716934,-0.06262980420561348,0.556750037318082,1.5419675075257675,0.5602616321224569,1.436582993716934,0.0,0.0,2.6570753917740535,1.7307408480732946,0.9263345437007589,2.501161642135818,1.064578648418884,0.8967943339917444,1.364601108207116,True,True,False,R1_A1 (3.0um)
596,5,6,3,1,False,-1.5605370043134954,0.3855107082611795,-1.6249492240389571,2.285684630197391,1.6700534383332903,1.5605370043134954,0.0,0.0,2.2284237284549917,2.0427895963829394,0.18563413207205226,2.081576239710806,0.5210392353973106,0.7955580882705352,1.9752233924968992,True,False,False,R1_A1 (3.0um)
607,5,6,3,1,False,1.027786841619978,0.8856751467027024,0.48975358167640337,1.442437114074263,1.0120667153165936,1.027786841619978,0.0,0.0,1.7678710906654669,2.255897127925851,-0.48802603726038396,1.044517398067228,2.072304239687206,1.4263069790005152,0.8914185268203342,False,False,False,R1_A1 (3.0um)
649,6,7,3,1,False,-0.8446476509414698,-0.45357357285816136,-0.7617945664643031,1.2245364844424997,0.8866002185257194,0.8446476509414698,0.0,0.0,1.89874087077133,1.0195228805601195,0.8792179902112105,1.6895985783675673,0.8449509274260976,0.8662987581174082,0.5705127818264737,True,True,False,R1_A1 (3.0um)
664,6,7,3,1,False,0.21590515100391983,1.2787891466891068,0.6941944671152598,1.4709937709226775,1.45506276148601,0.21590515100391983,0.0,0.0,2.8536021984241065,1.794946533195984,1.0586556652281225,0.1592610834224395,0.05664406758148033,2.8491545086495402,1.794052537313249,True,True,True,R1_A1 (3.0um)
689,6,7,3,1,False,0.7790072833323372,0.4857668859887809,1.8609730148425854,2.0751005703291505,1.923327852836208,0.7790072833323372,0.0,0.0,2.5765404243379324,4.288862521593678,-1.712322097255746,0.22660879296478154,0.5523984903675556,2.5665558659804266,4.253139738707221,False,False,False,R1_A1 (3.0um)
695,6,7,3,1,False,0.0788237371182614,1.3320941603628427,0.11949483870033362,1.3397638038408466,1.337443033758375,0.0788237371182614,0.0,0.0,2.9187227983577952,2.144958970134207,0.7737638282235881,1.6731326399497561,1.5943089028314947,2.391562238953509,1.4349313941479684,True,True,False,R1_A1 (3.0um)
722,6,7,3,1,False,-0.19610236830538952,-0.4302700475739485,-1.834936142733222,1.894882344791609,1.88470765949204,0.19610236830538952,0.0,0.0,2.407199580732929,3.4676032366588077,-1.0604036559258785,2.15872941517938,1.9626270468739904,1.0651277545534537,2.8587352591251465,False,False,False,R1_A1 (3.0um)
727,7,8,3,1,False,-1.1147623252667103,0.8434681316872386,0.5165147253021658,1.4902754753601684,0.9890530575383368,1.1147623252667103,0.0,0.0,1.9414062040520754,1.2824967172508008,0.6589094868012746,1.595959048544593,0.48119672327788265,1.105428769528153,1.1888008846168097,True,True,False,R1_A1 (3.0um)
744,7,8,4,1,False,-0.39266437948033683,0.00045391166219133083,-0.9788434909136043,1.0546658715690038,0.9788435961581036,0.39266437948033683,0.0,0.0,1.4504263918369613,1.466279615892509,-0.015853224055547788,1.4487001602337273,1.0560357807533904,0.07074294223425677,1.0172336711643306,False,False,False,R1_A1 (3.0um)
744,8,9,4,2,True,-1.4487001602337273,-0.06056437305048945,0.036558454466245394,1.4504263918369613,0.07074294223425677,1.4487001602337273,1.466279615892509,0.3484573130239059,1.8961651799420685,1.4543703726587696,0.4417948072832989,1.2732433324194972,0.1754568278142301,1.4050956572682272,1.4437479289824022,True,False,False,R1_A1 (3.0um)
748,7,8,4,1,False,-0.7615955487007113,-0.029376868012541024,-2.3441163125785067,2.464908125482899,2.3443003833278024,0.7615955487007113,0.0,0.0,2.487930768445051,4.470662513403719,-1.9827317449586674,1.3529860481691145,0.5913904994684032,2.0878764958769245,4.4313745707050956,False,False,False,R1_A1 (3.0um)
748,8,9,4,2,True,-1.3529860481691145,-0.0534177410097314,2.0871930449722953,2.487930768445051,2.0878764958769245,1.3529860481691145,4.470662513403719,-0.6295332724296144,2.035951602357026,4.26547314390201,-2.2295215415449845,0.21842884988549827,1.1345571982836162,2.02420052481908,4.111817250945393,False,False,False,R1_A1 (3.0um)
752,7,8,3,1,False,0.6408904788308831,-0.7640096113867259,-1.798218369094272,2.0562199773116294,1.953791183632314,0.6408904788308831,0.0,0.0,0.8104757916933534,1.3023218686846694,-0.491846076991316,0.11542952574549759,0.5254609530853855,0.8022138327822187,1.191609431163134,False,False,False,R1_A1 (3.0um)
779,7,8,4,1,False,1.7741962859562417,0.895997805140226,2.1032473259482316,2.8938268507333698,2.2861455292532207,1.7741962859562417,0.0,0.0,1.6397384223836475,2.899505783953022,-1.2597673615693745,0.12923496278927438,1.6449613231669664,1.6346377024386987,2.3877261225822806,False,False,False,R1_A1 (3.0um)
779,8,9,4,2,True,0.12923496278927438,-1.2490617443222902,1.0544596612031327,1.6397384223836475,1.6346377024386987,0.12923496278927438,2.8995057839530225,0.27984989446873776,2.1323826301386504,2.5836515693987634,-0.451268939260113,2.1052549940556275,2.234489956844902,0.33905322785790887,1.2970389604078825,False,False,False,R1_A1 (3.0um)
798,7,8,4,1,False,-1.0050814930571335,0.06020479729745887,0.5891123275943713,1.1665619399874327,0.5921806752514691,1.0050814930571335,0.0,0.0,2.704969094713518,1.7381774114853121,0.966791683228206,2.6544132920339365,1.649331798976803,0.5205265396008447,0.5486030720673403,True,True,False,R1_A1 (3.0um)
798,8,9,4,2,True,-2.6544132920339365,0.46979471152936014,0.22414461280136777,2.704969094713518,0.5205265396008447,2.6544132920339365,1.7381774114853121,0.8962824850123458,1.3993611659559078,4.053627870849319,-2.654266704893412,1.2199685547588075,3.874381846792744,0.6854840612189201,1.192083982179625,False,False,False,R1_A1 (3.0um)
802,7,8,4,1,False,0.11334708675405825,-2.613192574242518,-0.1904385241320341,2.622573130272149,2.6201225661311773,0.11334708675405825,0.0,0.0,1.8286748745329546,2.831800884269698,-1.0031260097367432,1.6628885401355724,1.7762356268896307,0.7608242240057177,2.205466673046465,False,False,False,R1_A1 (3.0um)
802,8,9,4,2,True,-1.6628885401355724,-0.4488438840474913,-0.6143229342838055,1.8286748745329546,0.7608242240057177,1.6628885401355724,2.831800884269698,0.22966240705654872,2.452668322464241,1.0481868485400596,1.4044814739241815,1.865706019751273,0.2028174796157005,1.5920813257756083,1.0283777221501236,True,True,True,R1_A1 (3.0um)
827,7,8,4,1,False,1.4523162144592305,-0.7793509041776687,-0.37500077341262283,1.690336001712028,0.8648776860935973,1.4523162144592305,0.0,0.0,0.6518750136177357,1.963900790825566,-1.3120257772078303,0.09142460681106002,1.3608916076481705,0.6454320836839195,1.4159379747849343,False,False,False,R1_A1 (3.0um)
827,8,9,4,2,True,0.09142460681106002,0.2534824023427831,0.5935732864197121,0.6518750136177357,0.6454320836839195,0.09142460681106002,1.963900790825566,-0.2607931052443892,1.6912762118865585,2.182332662167486,-0.49105645028092737,1.0842295825625996,0.9928049757515396,1.2980221250770259,1.943428446968401,False,False,False,R1_A1 (3.0um)
828,7,8,3,1,False,0.47157493478932366,-2.870339313702999,0.40259801192732425,2.9365482890833574,2.8984362913469113,0.47157493478932366,0.0,0.0,2.6464038562110717,4.406795809552819,-1.7603919533417476,2.427048546777989,2.898623481567313,1.0549354111753384,3.3193118592863304,False,False,False,R1_A1 (3.0um)
829,8,9,3,1,False,-2.0399918825967376,0.7202606228990902,-0.09147589012202673,2.1653429484571687,0.726046281839252,2.0399918825967376,0.0,0.0,2.590749094372918,1.1646671310300252,1.426081963342893,2.516310118709697,0.4763182361129594,0.6165746154953892,1.0628125253533425,True,True,True,R1_A1 (3.0um)
831,8,9,3,1,False,-2.2075419628625497,0.27426403598784077,-0.7970180627742494,2.3629854150256184,0.8428870350318344,2.2075419628625497,0.0,0.0,2.6924750029883775,0.9391615579984365,1.753313444989941,2.6906245282283123,0.48308256536576266,0.0998062613939362,0.8053916234116693,True,True,True,R1_A1 (3.0um)
833,8,9,3,1,False,-1.701799851390831,0.044838119308344915,-0.7677030665552991,1.8674852581842176,0.7690113492930513,1.701799851390831,0.0,0.0,1.6176870870872675,2.587965474814488,-0.9702783877272203,0.4482859725406456,1.2535138788501854,1.5543330397801418,2.264126377736397,False,False,False,R1_A1 (3.0um)
838,8,9,3,1,False,-2.1630720631509206,0.3190621333959953,-1.039802369353552,2.4211299764086283,1.0876532592147483,2.1630720631509206,0.0,0.0,0.502308858327923,2.891492575197848,-2.389183716869925,0.33318859683640767,2.4962606599873283,0.37589832148186997,1.459250502766373,False,False,False,R1_A1 (3.0um)
860,8,9,3,1,False,-1.9179970536313249,0.14229838556215668,-1.4193850278644433,2.3903170052521876,1.426500153473298,1.9179970536313249,0.0,0.0,2.1224446281419898,4.493833871775459,-2.3713892436334696,1.7672558455868028,3.6852528992181277,1.1754054516497974,2.5716636513978264,False,False,False,R1_A1 (3.0um)
863,8,9,3,1,False,-0.14788391179345695,-0.30755482573442094,-0.9964139365190192,1.0532332861665517,1.0427994551791144,0.14788391179345695,0.0,0.0,1.1811532057967502,1.1907094536577798,-0.009556247861029599,0.9781134539454541,1.125997365738911,0.6621306266703226,0.3871936665017154,False,False,False,R1_A1 (3.0um)
864,8,9,3,1,False,-1.6800451022817953,0.17835033789904742,0.10607681396602686,1.692812062572492,0.20751176711186153,1.6800451022817953,0.0,0.0,1.9925848940246016,2.4622306150064164,-0.4696457209818148,0.07018100629431956,1.6098640959874757,1.9913485848164678,1.8630397725022685,False,False,False,R1_A1 (3.0um)
876,8,9,3,1,False,-2.8390600600600386,-0.0014124263211385824,-0.581077073831537,2.8979155586919445,0.581078790424099,2.8390600600600386,0.0,0.0,1.6441824628825912,2.6265434238515346,-0.9823609609689434,0.9264318597855823,1.9126282002744563,1.3583298496406866,1.8001621385010396,False,False,False,R1_A1 (3.0um)
880,8,9,3,1,False,-2.5420142628872213,0.12837063995804243,-1.5412721100890074,2.9755394891117684,1.5466087865201914,2.5420142628872213,0.0,0.0,1.5505095057814253,1.5171911425454596,0.03331836323596571,1.130099029662503,1.4119152332247182,1.061581796506717,0.5553056250447913,True,False,False,R1_A1 (3.0um)
886,8,9,3,1,False,-2.431759124785456,-1.060406771603084,-0.538854003885902,2.7070793486233224,1.1894646521715317,2.431759124785456,0.0,0.0,2.6803197189797174,0.2149441598106797,2.4653755591690376,2.479701330199645,0.0479422054141887,1.0174453837713469,0.20952932199752558,True,True,True,R1_A1 (3.0um)
891,8,9,3,1,False,1.0523552243937573,0.9012944410058097,-2.495240386061198,2.854121190826985,2.6530277521388297,1.0523552243937573,0.0,0.0,2.764525767163401,4.805356432808679,-2.040830665645278,2.744429402909219,3.7967846273029764,0.33273107723466083,2.945484160577265,False,False,False,R1_A1 (3.0um)
905,8,9,3,1,False,-0.9139487022337178,0.27065069850903,-1.0918570996408334,1.4493812324416981,1.1249016519854165,0.9139487022337178,0.0,0.0,2.753047484445354,2.452717523779022,0.3003299606663319,2.683520955327573,1.7695722530938554,0.6148054439647397,1.6983631215181971,True,False,False,R1_A1 (3.0um)
921,8,9,3,1,False,-1.5562863855667501,0.3129515257981055,-0.8148008750361768,1.7843392158890363,0.8728339609909102,1.5562863855667501,0.0,0.0,2.069247124801508,2.6809058550342493,-0.6116587302327412,0.8805729633607768,2.436859348927527,1.8725316872345121,1.1175744794426143,False,False,False,R1_A1 (3.0um)
6,1,2,5,1,False,0.588648924915816,-0.6871796672688149,1.8190253556812355,2.0316438409631425,1.9444971431501061,0.588648924915816,0.0,0.0,2.5105734162518156,2.0316873767131405,0.47888603953867515,1.5835014153687652,0.9948524904529492,1.948204852143488,1.771446335324637,True,False,False,R1_A3 (5.0um)
6,2,3,5,2,True,1.5835014153687652,1.073679578062972,1.6256427373706526,2.5105734162518156,1.948204852143488,1.5835014153687652,2.0316873767131405,0.6178501624090547,1.953740321921036,3.5868653723276576,-1.6331250504066215,0.8931715782478591,0.6903298371209061,1.737626478075867,3.519807937257919,False,False,False,R1_A3 (5.0um)
6,3,4,5,3,True,0.8931715782478591,0.034555241715523266,-1.7372828533604778,1.953740321921036,1.737626478075867,0.8931715782478591,3.5868653723276576,-0.27986934856596274,0.7307284473187652,1.6957219528659608,-0.9649935055471957,0.2003326552995759,0.6928389229482832,0.7027310231813554,1.547723220824515,False,False,False,R1_A3 (5.0um)
19,1,2,4,1,False,1.3643771993626075,-1.8494328256715207,0.24999372108214857,2.311800981787229,1.8662525652365074,1.3643771993626075,0.0,0.0,2.1453946790631933,3.811327293131235,-1.665932614068042,2.013581363230813,3.3779585625934203,0.7404109822269005,1.7651095390283464,False,False,False,R1_A3 (5.0um)
19,2,3,4,2,True,-2.013581363230813,-0.3366472971330623,-0.6594520603768004,2.1453946790631933,0.7404109822269005,2.013581363230813,3.811327293131235,-0.46162570928476315,0.6995986020633355,2.7580340339900435,-2.058435431926708,0.6776698559475989,2.6912512191784117,0.1737865655018641,0.6032566683577614,False,False,False,R1_A3 (5.0um)
22,1,2,3,1,False,-0.7908916575306222,-1.5272406220789776,1.0503784829068685,2.015258913646942,1.8535800158293456,0.7908916575306222,0.0,0.0,1.4259357780579558,2.978870199926975,-1.5529344218690193,1.415631571158002,2.2065232286886243,0.17111428311650068,2.0012303488780363,False,False,False,R1_A3 (5.0um)
29,1,2,3,1,False,1.4177710383187758,2.2049757766769886,2.5976686580609254,3.690511529571455,3.407315751849884,1.4177710383187758,0.0,0.0,4.678779595870506,7.297037805052601,-2.6182582091820947,1.522898488097077,0.10512744977829414,4.423998044945976,7.296280487184548,False,False,False,R1_A3 (5.0um)
30,1,2,3,1,False,-3.3233311762638635,0.06240039785631524,3.2755123385401053,4.6666267256668865,3.2761066663924567,3.3233311762638635,0.0,0.0,1.0654606056622808,5.625508076054464,-4.560047470392183,1.0086587105396347,4.331989886803498,0.34324030630267716,3.588900212375124,False,False,False,R1_A3 (5.0um)
39,1,2,3,1,False,-3.177655423164893,0.7739202332368649,-0.49296439650133195,3.307485511986497,0.9175872839307037,3.177655423164893,0.0,0.0,3.1134123053164933,0.3249047289026826,2.7885075764138105,3.0429177735447936,0.13473764962009938,0.658777357186292,0.295649875085678,True,True,True,R1_A3 (5.0um)
44,1,2,4,1,False,-2.4188303332466425,1.4639099091339745,2.4844238756302985,3.7637925549765066,2.883642525671744,2.4188303332466425,0.0,0.0,1.3370403402623168,2.4616360541365454,-1.1245957138742286,0.9512008550724733,1.4676294781741692,0.9396242891699679,1.9762883842747132,False,False,False,R1_A3 (5.0um)
44,2,3,4,2,True,-0.9512008550724733,0.29197301060527536,0.8931100524998357,1.3370403402623168,0.9396242891699679,0.9512008550724733,2.4616360541365454,0.983057020449498,3.6286188014557514,3.0253242093493227,0.6032945921064288,1.027848409625662,0.07664755455318861,3.480000294986794,3.0243531083615416,True,True,False,R1_A3 (5.0um)
47,1,2,4,1,False,-0.8329738988606863,-1.4821023868989727,2.5461551743870316,3.061597487177676,2.946104827956651,0.8329738988606863,0.0,0.0,1.7349366567199194,4.518005123992955,-2.7830684672730355,0.37613565422412876,0.45683824463655753,1.6936726875201944,4.494849176408924,False,False,False,R1_A3 (5.0um)
47,2,3,4,2,True,-0.37613565422412876,0.010480539468844086,-1.6936402601332787,1.7349366567199194,1.6936726875201944,0.37613565422412876,4.518005123992955,-0.7557862472589781,0.594700955907306,1.173114978257483,-0.578414022350177,0.02204090937917158,0.3540947448449572,0.594292373559347,1.118398705241221,False,False,False,R1_A3 (5.0um)
56,1,2,4,1,False,-1.565226231214183,-1.8570373276746963,2.2909904876284912,3.338736019163894,2.9491058052876653,1.565226231214183,0.0,0.0,2.156155921923978,4.065033988641618,-1.90887806671764,0.7632665172254534,2.3284927484396363,2.0165397549590653,3.3320598507943417,False,False,False,R1_A3 (5.0um)
56,2,3,4,2,True,0.7632665172254534,1.373849657856617,1.4761333615014678,2.156155921923978,2.0165397549590653,0.7632665172254534,4.065033988641618,-0.050586985188530505,3.017963802437232,4.183174094116731,-1.1652102916794984,2.8799824758903654,3.6432489931158187,0.9021122166259589,2.0556464374619248,False,False,False,R1_A3 (5.0um)
58,1,2,5,1,False,-0.6988584828335149,-0.6406855555017188,-4.517183564198618,4.615607057876899,4.562392501056291,0.6988584828335149,0.0,0.0,1.209880445050812,3.827971518253507,-2.618091073202695,0.8413394191391319,0.14248093630561698,0.8694588392321853,3.8253189575968087,False,False,False,R1_A3 (5.0um)
58,2,3,5,2,True,-0.8413394191391319,0.31068127285510627,-0.8120565373273649,1.209880445050812,0.8694588392321853,0.8413394191391319,3.827971518253507,0.7265212930845666,3.1404098463402796,2.4336528579050043,0.7067569884352753,3.1381493115873482,2.2968098924482163,0.11913396314581895,0.8045685494357878,True,True,False,R1_A3 (5.0um)
58,3,4,5,3,True,-3.1381493115873482,0.11484287660530867,-0.0316861936471895,3.1404098463402796,0.11913396314581895,3.1381493115873482,2.4336528579050043,0.7110526860957052,4.151106427176436,5.341528145141,-1.190421717964564,0.2695627921527475,3.4077121037400957,4.142344803469689,4.113322397206022,False,False,False,R1_A3 (5.0um)
62,1,2,4,1,False,0.8476983126125326,-1.695218094322314,1.3544781331297457,2.329585334271006,2.1698791211596142,0.8476983126125326,0.0,0.0,2.463388181157195,4.354755225173848,-1.8913670440166532,2.066619635395565,2.9143179480080974,1.3406582762443442,3.235837444788722,False,False,False,R1_A3 (5.0um)
62,2,3,4,2,True,-2.066619635395565,0.10131583634866104,-1.3368244892159282,2.463388181157195,1.3406582762443442,2.066619635395565,4.354755225173848,-0.6507291787858431,3.490192975096595,1.085956425838811,2.404236549257784,2.821166714653639,0.7545470792580744,2.0548638328473285,0.7809994007703939,True,True,True,R1_A3 (5.0um)
66,1,2,4,1,False,-4.688200299972458,-0.03847768554020092,0.4690273662144335,4.711760738323246,0.470603020116296,4.688200299972458,0.0,0.0,1.9408569892718677,4.649274984890903,-2.7084179956190355,0.3542155696004272,4.3339847303720305,1.9082602503479718,1.6829540225550987,False,False,False,R1_A3 (5.0um)
66,2,3,4,2,True,-0.3542155696004272,1.4680909676926035,1.2190841208208312,1.9408569892718677,1.9082602503479718,0.3542155696004272,4.649274984890903,0.23794023046903112,1.7329954561156575,0.8673628675201728,0.8656325885954848,0.17827564682958297,0.5324912164300102,1.723801335614116,0.6846688603826705,True,True,False,R1_A3 (5.0um)
69,1,2,6,1,False,1.6582431073261859,-1.1303228585309313,-1.540156840938863,2.5297199572686138,1.9104221677965092,1.6582431073261859,0.0,0.0,2.1345391077031612,4.1138807561227635,-1.9793416484196023,2.041158835995688,3.699401943321874,0.6244419977475382,1.7995666526537841,False,False,False,R1_A3 (5.0um)
69,2,3,6,2,True,-2.041158835995688,0.35011714469149524,-0.5170549231406767,2.1345391077031612,0.6244419977475382,2.041158835995688,4.1138807561227635,-0.5526399020042698,3.1769650069739135,1.2234587413230067,1.9535062656509068,3.013516799381513,0.972357963385825,1.0058942068538623,0.7425437918128777,True,True,True,R1_A3 (5.0um)
69,3,4,6,3,True,-3.013516799381513,-0.2312868614928334,-0.9789430744854144,3.1769650069739135,1.0058942068538623,3.013516799381513,1.2234587413230067,0.9697553458959555,2.920714586783424,5.453437477868785,-2.5327228910853608,1.8879808327059493,4.901497632087462,2.2284752798234977,2.3906696316439984,False,False,False,R1_A3 (5.0um)
69,4,5,6,4,True,1.8879808327059493,2.135027129768318,-0.6385618434714644,2.920714586783424,2.2284752798234977,1.8879808327059493,5.453437477868785,-0.5990026049675524,3.1901726468065155,5.103459770623922,-1.9132871238174065,1.579132919589476,3.4671137522954254,2.7719200455102064,3.7449197399972025,False,False,False,R1_A3 (5.0um)
70,1,2,7,1,False,-3.596311458268307,0.4158059356756212,1.2137587537700512,3.818319131943848,1.2830061919166666,3.596311458268307,0.0,0.0,1.272616218581862,4.474882078006672,-3.20226585942481,0.8488524123053054,4.445163870573612,0.9481569605930557,0.5148667553963217,False,False,False,R1_A3 (5.0um)
70,2,3,7,2,True,0.8488524123053054,-0.02506516914931467,0.947825595358438,1.272616218581862,0.9481569605930557,0.8488524123053054,4.474882078006672,-0.3936258431616251,1.512822378792967,2.680717895654109,-1.167895516861142,1.3541485228273835,2.203000935132689,0.6744726294678138,1.5274276794286181,False,False,False,R1_A3 (5.0um)
70,3,4,7,3,True,-1.3541485228273835,-0.4201556623766436,-0.5276196994749824,1.512822378792967,0.6744726294678138,1.3541485228273835,2.680717895654109,-0.851338258793075,4.565096057796342,5.799063292612757,-1.233967234816415,4.344578752546035,5.698727275373418,1.4016909359174905,1.0740775170553472,False,False,False,R1_A3 (5.0um)
70,4,5,7,4,True,4.344578752546035,0.22979453313286058,-1.382726275289329,4.565096057796342,1.4016909359174905,4.344578752546035,5.799063292612757,-0.7602178265958555,1.5419675075257675,6.10482690145162,-4.562859393925852,1.436582993716934,5.781161746262969,0.5602616321224569,1.9613975528263223,False,False,False,R1_A3 (5.0um)
70,5,6,7,5,True,-1.436582993716934,-0.06262980420561348,0.556750037318082,1.5419675075257675,0.5602616321224569,1.436582993716934,6.10482690145162,-0.998059880483176,2.6570753917740535,1.7307408480732946,0.9263345437007589,2.501161642135818,1.064578648418884,0.8967943339917444,1.364601108207116,True,True,False,R1_A3 (5.0um)
71,1,2,4,1,False,0.9305379719136084,2.931370235461017,2.782792912772578,4.147622062085354,4.041889144041938,0.9305379719136084,0.0,0.0,2.357674741023789,3.2359964909891192,-0.8783217499653304,0.9882612978628629,1.9187992697764713,2.140553618017545,2.605740327047032,False,False,False,R1_A3 (5.0um)
71,2,3,4,2,True,-0.9882612978628629,0.4167909623332662,2.09958450302085,2.357674741023789,2.140553618017545,0.9882612978628629,3.2359964909891192,0.6283897989533326,2.1961611097453595,4.506412194200337,-2.3102510844549773,0.5743335990199512,1.562594896882814,2.1197321852051876,4.226824819208065,False,False,False,R1_A3 (5.0um)
82,1,2,3,1,False,0.13714988244746706,-1.685129445675976,-3.624892567958959,3.9997896779935407,3.997437601505284,0.13714988244746706,0.0,0.0,2.294924015085756,1.7847619909109007,0.5101620241748555,0.11359713791698312,0.2507470203644502,2.2921108012647204,1.7670600714120026,True,True,False,R1_A3 (5.0um)
83,1,2,5,1,False,0.6669049061180132,0.8621148826375986,-0.054204040714424195,1.091303029730646,0.8638171964571042,0.6669049061180132,0.0,0.0,4.981720014924327,5.721029701260315,-0.7393096863359885,4.8724387278576415,5.539343633975655,1.0377259514778687,1.4303331595946729,False,False,False,R1_A3 (5.0um)
83,2,3,5,2,True,-4.8724387278576415,-0.19331890528631845,-1.0195601753842425,4.981720014924327,1.0377259514778687,4.8724387278576415,5.721029701260315,-0.6181939162461388,2.6681827233519972,2.602410313676082,0.06577240967591536,2.3198044962728233,2.5526342315848183,1.318220825304499,0.5065549530594154,True,False,False,R1_A3 (5.0um)
83,3,4,5,3,True,-2.3198044962728233,0.22982593266915785,-1.298031657911018,2.6681827233519972,1.318220825304499,2.3198044962728233,2.602410313676082,0.9465817874872344,1.0207344665687141,2.4202258563533374,-1.3994913897846233,0.5490243309899867,1.7707801652828365,0.8605063249170891,1.6497972002649708,False,False,False,R1_A3 (5.0um)
87,1,2,3,1,False,1.5356050509587575,-0.005488749654759317,2.7551463270024215,3.154194712140922,2.7551517942878765,1.5356050509587575,0.0,0.0,1.987363770104857,3.888070485861794,-1.9007067157569368,1.8050788700978515,3.340683921056609,0.8314475494290994,1.9892016093456706,False,False,False,R1_A3 (5.0um)
89,1,2,4,1,False,-2.16056384290075,1.6059306947497447,2.464703229691949,3.649905687280615,2.94173000236142,2.16056384290075,0.0,0.0,0.7833920146506618,3.5413624494662526,-2.757970434815591,0.6848963310650831,1.4756675118356668,0.3802894480681931,3.2192628648500183,False,False,False,R1_A3 (5.0um)
89,2,3,4,2,True,-0.6848963310650831,-0.37290910849640113,-0.07455777030216382,0.7833920146506618,0.3802894480681931,0.6848963310650831,3.5413624494662526,0.24381197803780075,2.638343773816094,2.2620780068009143,0.3762657670151799,0.37157896697590154,0.31331736408918154,2.6120465042060927,2.24027434440798,True,False,False,R1_A3 (5.0um)
91,1,2,5,1,False,3.4841436060926725,-2.307956325142385,-2.308260578056533,4.774304762250843,3.2641582827697895,3.4841436060926725,0.0,0.0,1.9113961319337855,6.166800704636665,-4.255404572702879,1.8620279506343564,5.346171556727029,0.4316098750351474,3.0737404927466074,False,False,False,R1_A3 (5.0um)
91,2,3,5,2,True,-1.8620279506343564,0.11441256564758362,-0.41616925529139337,1.9113961319337855,0.4316098750351474,1.8620279506343564,6.166800704636665,-0.6345898057335038,2.7393292287611217,1.15091388472657,1.5884153440345516,2.2992079459494903,0.43717999531513385,1.4891499067681961,1.0646484968066523,True,True,True,R1_A3 (5.0um)
91,3,4,5,3,True,-2.2992079459494903,0.1707831240534503,-1.479324362459522,2.7393292287611217,1.4891499067681961,2.2992079459494903,1.15091388472657,0.938967104722345,2.676811126851139,0.7475087083453154,1.9293024185058238,2.462637644570407,0.1634296986209165,1.0491585392011942,0.7294244324539438,True,True,True,R1_A3 (5.0um)
97,1,2,4,1,False,-1.1508866918174014,-2.427125903394,1.6118122288216838,3.1326377047637775,2.913568055135363,1.1508866918174014,0.0,0.0,4.635559774565903,4.2047468240076595,0.4308129505582432,4.600329635167396,3.449442943349995,0.5704223622668523,2.4044207690367814,True,False,False,R1_A3 (5.0um)
97,2,3,4,2,True,-4.600329635167396,-0.5627010504341712,0.09353715419220521,4.635559774565903,0.5704223622668523,4.600329635167396,4.2047468240076595,0.4690255842544087,0.8690857586896703,4.470126096278807,-3.6010403375891364,0.33618058265745,4.264149052509946,0.8014316388821303,1.3412904885263788,False,False,False,R1_A3 (5.0um)
99,1,2,5,1,False,-1.556263807703072,1.118247868883671,-0.08886605349985643,1.9184192740102397,1.1217733602325877,1.556263807703072,0.0,0.0,1.8248644562564156,0.6855885273188795,1.139275928937536,1.7018254935758428,0.14556168587277085,0.6587262505194111,0.6699577780704892,True,True,True,R1_A3 (5.0um)
99,2,3,5,2,True,-1.7018254935758428,0.5806961664680159,0.3109859086401059,1.8248644562564156,0.6587262505194111,1.7018254935758428,0.6855885273188795,0.9341190786656048,4.785771025066901,3.5842825572415067,1.2014884678253943,4.499343634491472,2.7975181409156296,1.6308007735866956,2.2407529318052166,True,True,True,R1_A3 (5.0um)
99,3,4,5,3,True,-4.499343634491472,-0.9496948783118881,-1.325741604249913,4.785771025066901,1.6308007735866956,4.499343634491472,3.5842825572415067,0.7664070420576541,2.664390580862889,2.354391546753446,0.30999903410944274,2.5622714824708606,1.9370721520206118,0.7305764966842694,1.3382492418418626,True,False,False,R1_A3 (5.0um)
100,1,2,4,1,False,-0.7978540673039376,0.13112438264313653,0.029612393666816672,0.809099258617667,0.13442655088271144,0.7978540673039376,0.0,0.0,1.5031632437617723,0.7943492772942967,0.7088139664674756,1.4177938999229127,0.6199398326189751,0.4993597848623683,0.49665418378417864,True,True,False,R1_A3 (5.0um)
100,2,3,4,2,True,-1.4177938999229127,0.18401794140793015,-0.4642171819071095,1.5031632437617723,0.4993597848623683,1.4177938999229127,0.7943492772942967,0.9386347046705238,2.8434994028424785,1.571356653989199,1.2721427488532795,2.7814424082525875,1.3636485083296748,0.5908189092603415,0.7807845283856385,True,True,True,R1_A3 (5.0um)
101,1,2,8,1,False,-3.6172056293114494,1.183273772843954,-0.39011247073191235,3.82576804394142,1.2459231763318805,3.6172056293114494,0.0,0.0,1.858413293230973,2.1335026328875433,-0.27508933965657034,1.8427328374847534,1.774472791826696,0.24090591132842684,1.1845166928350361,False,False,False,R1_A3 (5.0um)
101,2,3,8,2,True,-1.8427328374847534,0.149791657350967,0.18867463396288953,1.858413293230973,0.24090591132842684,1.8427328374847534,2.1335026328875433,0.9520842222715363,3.2012015389035766,1.485894573781901,1.7153069651216757,3.1615998997363164,1.318867062251563,0.5019734720739134,0.6844504047061616,True,True,True,R1_A3 (5.0um)
101,3,4,8,3,True,-3.1615998997363164,0.09251284782872204,-0.4933748470002901,3.2012015389035766,0.5019734720739134,3.1615998997363164,1.485894573781901,0.9659781617683407,4.879136583161906,1.956537482420228,2.922599100741678,4.77785794730233,1.6162580475660135,0.9889627053376738,1.1026100143719817,True,True,True,R1_A3 (5.0um)
101,4,5,8,4,True,-4.77785794730233,0.9745423020713844,0.1682692307649183,4.879136583161906,0.9889627053376738,4.77785794730233,1.956537482420228,0.9675854262639579,3.4685800114873175,1.8936080739489367,1.5749719375383808,3.44261062116923,1.3352473261331,0.4236500998491184,1.3427084999280405,True,True,True,R1_A3 (5.0um)
101,5,6,8,5,True,-3.44261062116923,-0.27553376656808126,-0.32180825126614465,3.4685800114873175,0.4236500998491184,3.44261062116923,1.8936080739489367,0.9528447090592691,4.7484340334890565,1.6734753031746405,3.0749587303144157,4.604520400649513,1.1619097794802826,1.1601800077572455,1.20436093206461,True,True,True,R1_A3 (5.0um)
101,6,7,8,6,True,-4.604520400649513,0.8211347367561999,-0.8196068536145416,4.7484340334890565,1.1601800077572455,4.604520400649513,1.6734753031746405,0.9647094581486345,1.5196379577922066,5.370111043549761,-3.850473085757554,0.7306681152839047,5.335188515933417,1.332450234744373,0.6114377478593248,False,False,False,R1_A3 (5.0um)
106,1,2,4,1,False,-0.2386246047615188,2.677230951186914,2.682649128514697,3.79751413620956,3.7900094871535415,0.2386246047615188,0.0,0.0,3.578838381100164,6.510008552381453,-2.9311701712812885,2.3333059005180523,2.0946812957565335,2.713626306742195,6.163807396511298,False,False,False,R1_A3 (5.0um)
106,2,3,4,2,True,-2.3333059005180523,-0.339868051750301,-2.692258798860678,3.578838381100164,2.713626306742195,2.3333059005180523,6.510008552381453,-0.5574041609099402,3.9153023442167507,5.1176812485461385,-1.2023789043293878,0.4732142966059243,1.860091603912128,3.8866001435852575,4.76767454706971,False,False,False,R1_A3 (5.0um)
107,1,2,3,1,False,1.2721925538227974,-0.5369362863151395,2.00003451613955,2.4304140666383636,2.070854567880482,1.2721925538227974,0.0,0.0,0.8776913301307331,2.8106666494343684,-1.9329753193036354,0.7696337358822145,2.0418262897050123,0.421907553355757,1.931525929650462,False,False,False,R1_A3 (5.0um)
110,1,2,5,1,False,-3.332395046256341,-1.1121541605925387,0.6948356367706126,3.581136716653459,1.3113670115759801,3.332395046256341,0.0,0.0,2.4711987573719094,4.033295134202656,-1.5620963768307465,0.3806074696736772,2.9517875765826638,2.4417127702629293,2.7485304695991752,False,False,False,R1_A3 (5.0um)
110,2,3,5,2,True,-0.3806074696736772,1.2523612687735124,2.0960802715881535,2.4711987573719094,2.4417127702629293,0.3806074696736772,4.033295134202656,0.15050756863803086,3.74153773436871,2.772542807895811,0.9689949264728988,3.041061062361422,2.6604535926877446,2.179690857138727,0.7803719002947643,True,True,False,R1_A3 (5.0um)
110,3,4,5,3,True,-3.041061062361422,0.4726355810343108,2.127831722724924,3.74153773436871,2.179690857138727,3.041061062361422,2.772542807895811,0.6715781027214279,2.204088663594336,3.9258459121144065,-1.7217572485200705,1.5065647032874736,1.5344963590739482,1.6088100048773295,3.613528338017317,False,False,False,R1_A3 (5.0um)
111,1,2,10,1,False,0.5025988628076661,2.3135227622440766,2.365695642952687,3.346865558011309,3.3089127287534783,0.5025988628076661,0.0,0.0,0.9374897730794873,4.108784662808966,-3.1712948897294786,0.5992922128283009,1.101891075635967,0.7209271241061659,3.9582758194405807,False,False,False,R1_A3 (5.0um)
111,2,3,10,2,True,-0.5992922128283009,-0.19901876947245967,-0.6929122943559705,0.9374897730794873,0.7209271241061659,0.5992922128283009,4.108784662808966,-0.7651764618071993,1.871851520433609,1.9639634885579198,-0.09211196812431077,0.08541906993310988,0.6847112827614108,1.86990152068,1.8407398087855376,False,False,False,R1_A3 (5.0um)
111,3,4,10,3,True,0.08541906993310988,1.6275854934881977,-0.9205960886448281,1.871851520433609,1.86990152068,0.08541906993310988,1.9639634885579198,0.14974644653958516,4.527885254652482,6.194039471162186,-1.666154216509704,2.2083532121938863,2.1229341422607764,3.9528370785414757,5.818872364809065,False,False,False,R1_A3 (5.0um)
111,4,5,10,4,True,2.2083532121938863,-3.581868202017205,1.6718675643932883,4.527885254652482,3.9528370785414757,2.2083532121938863,6.194039471162186,-0.84717733541072,3.6892158887601836,7.100028869891283,-3.410812981131099,3.631582349076748,5.839935561270636,0.6495563992101071,4.0380146846558524,False,False,False,R1_A3 (5.0um)
111,5,6,10,5,True,-3.631582349076748,-0.24472910327870068,-0.6016902706236849,3.6892158887601836,0.6495563992101071,3.631582349076748,7.100028869891281,-0.48784762305587387,1.4709937709226775,4.336310087478372,-2.8653163165556945,0.21590515100391983,3.8474875000806676,1.45506276148601,2.0001062750488297,False,False,False,R1_A3 (5.0um)
111,6,7,10,6,True,0.21590515100391983,1.2787891466891068,0.6941944671152598,1.4709937709226775,1.45506276148601,0.21590515100391983,4.336310087478372,-0.2791185449306465,2.8536021984241065,1.794946533195984,1.0586556652281225,0.1592610834224395,0.05664406758148033,2.8491545086495402,1.794052537313249,True,True,True,R1_A3 (5.0um)
111,7,8,10,7,True,0.1592610834224395,1.3946025924754224,2.4845049855492007,2.8536021984241065,2.8491545086495402,0.1592610834224395,1.794946533195984,0.8439325687570446,3.254746822804522,4.742635890582882,-1.4878890677783598,3.2181174406838604,3.3773785241063,0.486926091437387,3.329550945030041,False,False,False,R1_A3 (5.0um)
111,8,9,10,8,True,-3.2181174406838604,-0.15968928908552016,-0.4599960320196814,3.254746822804522,0.486926091437387,3.2181174406838604,4.742635890582882,-0.2022110691932798,4.311821818945103,6.909910233031098,-2.5980884140859954,2.9094491063684647,6.127566547052325,3.1822811465649603,3.19371063811253,False,False,False,R1_A3 (5.0um)
115,1,2,3,1,False,-1.904904578350564,-1.6168744260267829,1.366693657338299,2.847945911559613,2.117105208190697,1.904904578350564,0.0,0.0,3.3867333571851685,4.651245631648516,-1.2645122744633475,1.637042317471515,3.541946895822079,2.9648027393872622,3.014746774292285,False,False,False,R1_A3 (5.0um)
116,1,2,3,1,False,-2.6696001049301685,-0.8560844983467675,-1.848401884806929,3.3580105592911127,2.037024839334917,2.6696001049301685,0.0,0.0,2.865051406450737,2.2880586345891722,0.5769927718615646,2.8295833849099097,0.15998327997974116,0.4494189909729279,2.282458688661197,True,True,False,R1_A3 (5.0um)
118,1,2,4,1,False,4.498469031379159,-1.0880847732214534,-0.7943439366418374,4.695863540359045,1.3471862393136418,4.498469031379159,0.0,0.0,3.6338444488562383,8.213986179010565,-4.580141730154327,3.174840239275042,7.673309270654201,1.7678277443131414,2.9308520579976194,False,False,False,R1_A3 (5.0um)
118,2,3,4,2,True,-3.174840239275042,0.4242923471087181,1.7161558605640295,3.6338444488562383,1.7678277443131414,3.174840239275042,8.213986179010565,-0.9439034806735207,3.1121959908535533,1.264123115624096,1.8480728752294573,3.050606641586654,0.12423359768838793,0.6160868476053728,1.2580036822921352,True,True,True,R1_A3 (5.0um)
120,1,2,4,1,False,-0.8906410950292383,-1.8390819836776018,1.824534891184669,2.7394144761230774,2.590588757761022,0.8906410950292383,0.0,0.0,3.530123073819902,4.290511605311113,-0.7603885314912109,3.4134110696523337,2.5227699746230954,0.9002187433566262,3.470464160663459,False,False,False,R1_A3 (5.0um)
120,2,3,4,2,True,-3.4134110696523337,0.7747161102224993,-0.45848526088883546,3.530123073819902,0.9002187433566262,3.4134110696523337,4.290511605311113,0.08053748745316101,2.469209496604643,1.8050339453909565,0.6641755512136864,2.028200955572686,1.3852101140796478,1.4083310768198647,1.1572987876365775,True,True,False,R1_A3 (5.0um)
121,1,2,4,1,False,-2.1184199564633204,-0.40626755786058766,-0.6241039113615159,2.2454981925374167,0.7446871965776966,2.1184199564633204,0.0,0.0,0.6192493912568056,1.8363383485665838,-1.2170889573097783,0.5071354669982924,1.611284489465028,0.3553637948417765,0.8808523283874954,False,False,False,R1_A3 (5.0um)
121,2,3,4,2,True,-0.5071354669982924,-0.25815910357371763,0.24420750178150286,0.6192493912568056,0.3553637948417765,0.5071354669982924,1.8363383485665838,0.738424620322659,1.7277957187571116,1.2243651035130365,0.5034306152440751,1.714184226867843,1.2070487598695507,0.21644972190533926,0.20519063818280817,True,True,False,R1_A3 (5.0um)
124,1,2,5,1,False,1.3452659658563562,-0.05673393149177741,2.14120203042377,2.529368575942388,2.141953518186935,1.3452659658563562,0.0,0.0,3.679667602271745,5.772504086424974,-2.092836484153229,0.7088951904293026,0.6363707754270536,3.6107369430899414,5.737319553935915,False,False,False,R1_A3 (5.0um)
124,2,3,5,2,True,0.7088951904293026,-0.4493395639008497,-3.5826687299425117,3.679667602271745,3.6107369430899414,0.7088951904293026,5.772504086424974,-0.7190182424931217,2.7143462612569023,4.977984847185912,-2.2636385859290096,2.704552948569983,3.4134481389992857,0.23036704273991648,3.6233554809285358,False,False,False,R1_A3 (5.0um)
124,3,4,5,3,True,-2.704552948569983,0.2291745015992177,-0.023409873931413472,2.7143462612569023,0.23036704273991648,2.704552948569983,4.977984847185912,-0.19386993021318177,1.0321033715852677,2.480998540991148,-1.4488951694058803,0.38934686278512487,2.315206085784858,0.9558485183736273,0.8917255972242595,False,False,False,R1_A3 (5.0um)
125,1,2,3,1,False,-2.125383455999035,1.7903307016329109,0.6788111159011301,2.8606508677772498,1.9146980316176043,2.125383455999035,0.0,0.0,2.554971229502907,4.195761067289332,-1.6407898377864254,1.8002051199892612,3.9255885759882965,1.8130470235358063,1.4812715030847976,False,False,False,R1_A3 (5.0um)
128,1,2,6,1,False,-0.9722260676512242,-0.6295119497941002,1.8654308517751375,2.1957552423502595,1.9687858079760947,0.9722260676512242,0.0,0.0,1.59404905054895,1.1566033675349439,0.4374456830140061,1.3228874366060914,0.3506613689548672,0.8893599977656818,1.1021651210757264,True,False,False,R1_A3 (5.0um)
128,2,3,6,2,True,-1.3228874366060914,-0.13900544854584496,0.8784296732808734,1.59404905054895,0.8893599977656818,1.3228874366060914,1.1566033675349439,0.8606226359692568,3.1945388790373674,2.4365545236346056,0.7579843554027619,3.0978218627851675,1.774934426179076,0.7801143224755948,1.66925304534951,True,True,False,R1_A3 (5.0um)
128,3,4,6,3,True,-3.0978218627851675,0.0967254338882384,-0.7740946625385607,3.1945388790373674,0.7801143224755948,3.0978218627851675,2.4365545236346056,0.6685915704662514,4.201078792377201,6.565508452981999,-2.364429660604798,3.1175659068825468,6.215387769667714,2.815998195312825,2.1153855721459105,False,False,False,R1_A3 (5.0um)
128,4,5,6,4,True,3.1175659068825468,-0.7395989581547155,-2.717138056319838,4.201078792377201,2.815998195312825,3.1175659068825468,6.565508452981999,-0.5682258015485351,2.288832437605358,4.610379978338262,-2.321547540732904,1.0987605866021646,4.216326493484711,2.0078543524778265,1.8649918082933312,False,False,False,R1_A3 (5.0um)
129,1,2,3,1,False,3.4759889293713613,-1.8121475473759148,0.13689762089491353,3.92238686633273,1.8173111159257322,3.4759889293713613,0.0,0.0,1.125363666483031,4.797454713776666,-3.6720910472936352,1.0133655017730803,4.4893544311444415,0.48942184427784174,1.6915284574318343,False,False,False,R1_A3 (5.0um)
132,1,2,4,1,False,3.1031806255662495,-1.2646848373342578,-3.236227978682341,4.6585758835377264,3.4745646155726573,3.1031806255662495,0.0,0.0,3.679886269233206,7.950869022546396,-4.27098275331319,3.5868859820597017,6.690066607625951,0.8220777981399912,4.296431891606811,False,False,False,R1_A3 (5.0um)
132,2,3,4,2,True,-3.5868859820597017,0.3183960244487096,0.7579154819700893,3.679886269233206,0.8220777981399912,3.5868859820597017,7.950869022546396,-0.8158542255901104,3.277661907268969,2.472341464630785,0.8053204426381839,2.84992319806881,0.7369627839908919,1.6189519274738526,2.3599487648559427,True,True,False,R1_A3 (5.0um)
134,1,2,3,1,False,2.1104405902876877,-0.6929792043013379,-2.2763079944468103,3.180527904029521,2.379453353856002,2.1104405902876877,0.0,0.0,2.8652963549500186,1.1741266953250866,1.691169659624932,0.9826962364601783,1.1277443538275094,2.6915109712830194,0.32675092820860097,True,True,True,R1_A3 (5.0um)
137,1,2,3,1,False,1.0314451354646104,1.3179378873390277,3.2544026238468895,3.6595048545477824,3.511138948117146,1.0314451354646104,0.0,0.0,2.6186823979519955,4.498670466757676,-1.8799880688056803,2.388736369345415,3.420181504810025,1.0730498865896676,2.9223953262064253,False,False,False,R1_A3 (5.0um)
144,1,2,4,1,False,1.3856970440266028,-1.6386744054759248,-1.9188989525374467,2.8788163010229137,2.5233761109297967,1.3856970440266028,0.0,0.0,2.7958388309741466,2.352748536954659,0.44309029401948763,0.06357254388440037,1.4492695879110027,2.7951159726292123,1.8533869913481538,True,False,False,R1_A3 (5.0um)
144,2,3,4,2,True,-0.06357254388440037,-2.7597808062670595,-0.4430386008091034,2.7958388309741466,2.7951159726292123,0.06357254388440037,2.3527485369546595,0.6565572067283216,3.584413175953617,5.294962651459978,-1.7105494755063613,3.001732721217728,2.9381601773333275,1.9589840444272921,4.404979483798837,False,False,False,R1_A3 (5.0um)
146,1,2,3,1,False,1.887082616593844,-1.2492476728555602,-0.8855506332094691,2.4302058501212183,1.531280402837026,1.887082616593844,0.0,0.0,4.028965791476308,5.7868036612204845,-1.7578378697441766,3.728783839693218,5.615866456287062,1.5260197986032216,1.396116241100504,False,False,False,R1_A3 (5.0um)
148,1,2,10,1,False,2.122746597503383,-0.4751779846296671,3.3987220628768995,4.03523963290597,3.4317788066486625,2.122746597503383,0.0,0.0,1.5649696816546064,4.936262400205564,-3.371292718550958,0.7111616676361425,1.4115849298672405,1.3940513573692688,4.730128377692818,False,False,False,R1_A3 (5.0um)
148,2,3,10,2,True,0.7111616676361425,0.7636096276931568,-1.1663102175139421,1.5649696816546064,1.3940513573692688,0.7111616676361425,4.936262400205564,-0.44611027586982815,4.3295899938166835,5.402683590731456,-1.0730935969147728,2.8490281628997156,3.560189830535858,3.2601208630297465,4.063746836616179,False,False,False,R1_A3 (5.0um)
148,3,4,10,3,True,-2.8490281628997156,1.6831228629869912,2.7920396611889835,4.3295899938166835,3.2601208630297465,2.8490281628997156,5.402683590731456,-0.5899418076464074,1.5212746018551133,3.8850126021109563,-2.363738000255843,0.4939861932359051,3.3430143561356207,1.4388377445500007,1.9792872285830794,False,False,False,R1_A3 (5.0um)
148,4,5,10,4,True,0.4939861932359051,1.1290719962134261,0.8918803072769137,1.5212746018551133,1.4388377445500007,0.4939861932359051,3.885012602110955,0.4529194012820013,2.0126544752550326,2.746530524687145,-0.7338760494321126,1.9937671208104604,2.4877533140463655,0.275083086974241,1.1638356290686285,False,False,False,R1_A3 (5.0um)
148,5,6,10,5,True,-1.9937671208104604,0.21952997852116596,0.16576276201178075,2.0126544752550326,0.275083086974241,1.9937671208104604,2.746530524687145,-0.19243180806546964,3.8504928031989154,5.017236401615442,-1.1667435984165264,1.3717898208609505,3.365556941671411,3.597844843078829,3.7209793847940684,False,False,False,R1_A3 (5.0um)
148,6,7,10,6,True,1.3717898208609505,-3.1679609771847197,1.7054356516455726,3.8504928031989154,3.597844843078829,1.3717898208609505,5.017236401615442,-0.40618210024424534,2.8142540130252844,5.53804724819294,-2.7237932351676553,1.8628065137318721,0.49101669287092164,2.1094969879634875,5.5162369356781165,False,False,False,R1_A3 (5.0um)
148,7,8,10,7,True,1.8628065137318721,2.1074340344597573,0.09327021297121973,2.8142540130252844,2.1094969879634875,1.8628065137318721,5.53804724819294,-0.36560784435141075,4.339836669770062,6.554595912312782,-2.21475924254272,0.49220765977434233,1.3705988539575298,4.311834173520634,6.409694716227735,False,False,False,R1_A3 (5.0um)
148,8,9,10,8,True,0.49220765977434233,-4.2966382153584135,0.36168216193507874,4.339836669770062,4.311834173520634,0.49220765977434233,6.554595912312782,-0.6635546177054185,3.683672023586671,6.3960593437111255,-2.7123873201244546,2.0317588940038416,2.523966553778184,3.072685368532126,5.8770033149287455,False,False,False,R1_A3 (5.0um)
149,1,2,4,1,False,0.3085516484320934,-2.3489367887063253,0.7067130135865867,2.4722765704226504,2.4529466608368433,0.3085516484320934,0.0,0.0,1.8114713338697828,3.563761299302465,-1.7522899654326822,1.4608405692605544,1.7693922176926478,1.0711550889738,3.0934844073269043,False,False,False,R1_A3 (5.0um)
149,2,3,4,2,True,-1.4608405692605544,0.7438853875456175,0.7707189856430006,1.8114713338697828,1.0711550889738,1.4608405692605544,3.563761299302465,-0.3691912108322424,4.293289147894177,4.917275395937194,-0.6239862480430176,3.025866609409718,4.486707178670272,3.04572864344236,2.012226630466343,False,False,False,R1_A3 (5.0um)
151,1,2,3,1,False,3.225703146347424,-1.1715714839497906,2.299733578408606,4.131163887092842,2.5809599519683304,3.225703146347424,0.0,0.0,3.767834132822065,7.42962560848548,-3.6617914756634153,1.321047139540859,4.546750285888283,3.52865533986672,5.875916823784869,False,False,False,R1_A3 (5.0um)
152,1,2,6,1,False,0.21909098498824875,-0.9913616088480381,4.010218748106723,4.1367442641366585,4.130938422097868,0.21909098498824875,0.0,0.0,0.7379101532062793,3.8084778443334426,-3.070567691127163,0.552445546469059,0.7715365314573077,0.4891986430801065,3.729508663538071,False,False,False,R1_A3 (5.0um)
152,2,3,6,2,True,-0.552445546469059,-0.35633683042280495,0.33517066649044125,0.7379101532062793,0.4891986430801065,0.552445546469059,3.8084778443334426,0.516398676693856,2.8796153650959293,2.419325020975521,0.46029034412040826,2.8729855628191743,2.3205400163501153,0.19529108205229143,0.6842715759375156,True,False,False,R1_A3 (5.0um)
152,3,4,6,3,True,-2.8729855628191743,0.1345521408930921,-0.14154267240037655,2.8796153650959293,0.19529108205229143,2.8729855628191743,2.419325020975521,0.7020485945802676,2.3198795135256356,2.49556554461822,-0.1756860310925843,1.166492313169556,1.7064932496496183,2.0052771979435353,1.8209141046150195,False,False,False,R1_A3 (5.0um)
152,4,5,6,4,True,-1.166492313169556,0.8548812592804182,-1.8139224551020376,2.3198795135256356,2.0052771979435353,1.166492313169556,2.49556554461822,0.5573185763193615,4.18303053938782,5.192417599411169,-1.0093870600233492,1.0658332248504863,2.232325538020042,4.04496526935102,4.688061776361142,False,False,False,R1_A3 (5.0um)
155,1,2,8,1,False,0.02877804494031677,0.10631103522901242,2.4791092471484717,2.4815545271823294,2.481387655226109,0.02877804494031677,0.0,0.0,1.6056942495722744,3.670936456899227,-2.0652422073269525,0.8599682361680583,0.8311901912277415,1.3559899173266252,3.5755974796666696,False,False,False,R1_A3 (5.0um)
155,2,3,8,2,True,0.8599682361680583,0.910437834464048,-1.0048938279579005,1.6056942495722744,1.3559899173266252,0.8599682361680583,3.670936456899227,-0.5947129402611554,1.527842693297574,2.169994351869512,-0.6421516585719382,0.07893683533947993,0.7810314008285779,1.5258021731172662,2.0245654936468056,False,False,False,R1_A3 (5.0um)
155,3,4,8,3,True,0.07893683533947993,1.147399786100081,1.0057564329134863,1.527842693297574,1.5258021731172662,0.07893683533947993,2.169994351869512,0.04151268289833767,1.3509257889353492,0.6104081151896805,0.7405176737456687,0.16853034043623794,0.24746717577571786,1.3403723406438381,0.5579946809809286,True,True,False,R1_A3 (5.0um)
155,4,5,8,4,True,-0.16853034043623794,0.6201094633898094,1.1883022616226242,1.3509257889353492,1.3403723406438381,0.16853034043623794,0.6104081151896805,0.9173211895635179,2.4857926456275554,2.352713898641847,0.1330787469857082,0.13127582469135657,0.2998061651275945,2.482323857780778,2.333533576405963,True,False,False,R1_A3 (5.0um)
155,5,6,8,5,True,0.13127582469135657,-1.6040019099873746,1.894494552028192,2.4857926456275554,2.482323857780778,0.13127582469135657,2.352713898641847,0.3676017910008785,3.876974803275481,3.52615630056064,0.35081850271484116,1.1260320112902882,1.2573078359816448,3.7098497994908772,3.294382379378971,True,False,False,R1_A3 (5.0um)
155,6,7,8,6,True,-1.1260320112902882,1.2833012942812871,3.4808222193726692,3.876974803275481,3.7098497994908772,1.1260320112902882,3.52615630056064,0.45532825311178693,1.6679582612422068,2.757046128280984,-1.0890878670387771,0.5967251418302784,1.7227571531205665,1.557563438950003,2.152535979917893,False,False,False,R1_A3 (5.0um)
158,1,2,4,1,False,0.828595534070061,-2.4723843547555617,1.9823135068154016,3.27548802410018,3.1689511256791025,0.828595534070061,0.0,0.0,0.5633373839547925,3.600430676579504,-3.0370932926247116,0.5397403714018765,1.3683359054719375,0.16133610767585085,3.3302789532786954,False,False,False,R1_A3 (5.0um)
158,2,3,4,2,True,-0.5397403714018765,0.12481787813131007,-0.10222444393975039,0.5633373839547925,0.16133610767585085,0.5397403714018765,3.600430676579504,-0.5194356192529438,4.122387406072333,4.518627484411334,-0.39624007833900077,3.3186546457322095,3.858395017134086,2.4455284230823815,2.351761517380612,False,False,False,R1_A3 (5.0um)
161,1,2,4,1,False,2.219417456724358,-3.4242203624189145,1.9250409833673223,4.511860118095525,3.9282397938578226,2.219417456724358,0.0,0.0,1.9227361651980632,5.644122030009513,-3.72138586481145,1.561321981974146,3.780739438698504,1.1221354773666494,4.190718647953885,False,False,False,R1_A3 (5.0um)
161,2,3,4,2,True,-1.561321981974146,0.6439442839104217,0.9189797542840497,1.9227361651980632,1.1221354773666494,1.561321981974146,5.644122030009513,-0.4496952458362844,1.664274415226229,1.5443474650964406,0.11992695012978838,1.610005902534823,0.04868392056067705,0.4215332999653011,1.5435799198061122,True,False,False,R1_A3 (5.0um)
163,1,2,4,1,False,-0.46235674623369505,-1.2472803448863417,-0.08585680230047643,1.3329866503565833,1.250231838196842,0.46235674623369505,0.0,0.0,3.0640996263703753,2.6946183472715632,0.369481279098812,2.784138908657539,2.321782162423844,1.2795612754465038,1.3675875210395094,True,False,False,R1_A3 (5.0um)
163,2,3,4,2,True,-2.784138908657539,-0.6105884182879535,1.1244815876993712,3.0640996263703753,1.2795612754465038,2.784138908657539,2.6946183472715632,0.47798797463038223,4.674061315386827,6.520104220398393,-1.8460429050115659,2.8994696305177,5.683608539175239,3.666050332674278,3.1950513326504204,False,False,False,R1_A3 (5.0um)
165,2,3,3,1,False,-1.8761847524299782,-0.09115213300290748,-1.2285947714962795,2.2445095342077996,1.231971519110314,1.8761847524299782,0.0,0.0,0.8562699967693476,2.8184324244643983,-1.9621624276950507,0.24533282583361427,2.1215175782635924,0.8203719351220348,1.8554580287332958,False,False,False,R1_A3 (5.0um)
169,2,3,4,1,False,-1.927824023568455,-1.0736754498672312,-2.3246175806476046,3.2051725903219612,2.5605909216240543,1.927824023568455,0.0,0.0,3.69159311434886,4.325543531245173,-0.633950416896313,3.3572673186036326,1.4294432950351776,1.5351273150276135,4.082526020367284,False,False,False,R1_A3 (5.0um)
169,3,4,4,2,True,-3.3572673186036326,0.40476201646669807,1.4808050456997037,3.69159311434886,1.5351273150276135,3.3572673186036326,4.325543531245173,0.2193449763101716,2.5781974488423565,3.095428071493753,-0.5172306226513967,2.171495776426049,1.1857715421775836,1.3898590497532708,2.8593042502597257,False,False,False,R1_A3 (5.0um)
170,2,3,4,1,False,-1.8598269653491002,-0.02927110766990637,-0.4526929291387729,1.9143521167424002,0.45363827642347965,1.8598269653491002,0.0,0.0,0.8807288195484722,2.694876240024008,-1.814147420475536,0.6943106262858834,2.5541375916349836,0.5418634586404122,0.8594993380119501,False,False,False,R1_A3 (5.0um)
170,3,4,4,2,True,0.6943106262858834,0.48935103744990016,0.2327048988664746,0.8807288195484722,0.5418634586404122,0.6943106262858834,2.694876240024008,-0.8368590426372274,3.9315834804892393,4.593166423242086,-0.6615829427528466,3.226179232230322,3.9204898585162056,2.247023859593318,2.3931019746074513,False,False,False,R1_A3 (5.0um)
172,2,3,4,1,False,-3.113577775452761,-0.3014016785207616,0.19137231875019278,3.133980360498821,0.35702427956507093,3.113577775452761,0.0,0.0,1.0454346664728706,2.647096270649031,-1.6016616041761604,0.6812308513125487,2.4323469241402123,0.7930057812419925,1.0444171133745643,False,False,False,R1_A3 (5.0um)
172,3,4,4,2,True,-0.6812308513125487,0.05246986237798268,-0.7912680219908159,1.0454346664728706,0.7930057812419925,0.6812308513125487,2.647096270649031,0.596337689703123,4.190177557004167,4.106453692283131,0.08372386472103521,3.2485354701376465,2.567304618825098,2.6466214800154146,3.204981890904391,True,False,False,R1_A3 (5.0um)
176,2,3,3,1,False,1.1835181010296907,0.16954089082917534,0.6367852371574543,1.3546049783570673,0.6589685515446284,1.1835181010296907,0.0,0.0,3.0777768220735084,4.330433573070453,-1.2526567509969442,3.023859800124484,4.2073779011541745,0.5735695909687172,1.0250005500755723,False,False,False,R1_A3 (5.0um)
177,2,3,4,1,False,-1.927622123155004,-0.06427674577393816,-0.14748871570078848,1.9343245516156178,0.1608863614678245,1.927622123155004,0.0,0.0,3.2921390701610616,4.47580376574438,-1.1836646955833183,1.6510260298313426,3.5786481529863465,2.848208683734444,2.6881400161782834,False,False,False,R1_A3 (5.0um)
177,3,4,4,2,True,1.6510260298313426,-0.8770328844575417,-2.709816603698556,3.2921390701610616,2.848208683734444,1.6510260298313426,4.47580376574438,-0.42815422364066763,1.0647457974766197,4.143623318416674,-3.0788775209400545,0.24003411810441833,1.891060147935761,1.0373366065988208,3.686937173565016,False,False,False,R1_A3 (5.0um)
179,2,3,6,1,False,0.3067902566917553,0.443129521594372,-0.8581330550789517,1.0133490882852687,0.965792997037974,0.3067902566917553,0.0,0.0,3.44591018282918,3.6937417473744154,-0.24783156454523558,3.3713712063076144,3.6781614629993697,0.7128486356904755,0.33890463024711864,False,False,False,R1_A3 (5.0um)
179,3,4,6,2,True,-3.3713712063076144,0.48556927697103447,-0.5218962106277445,3.44591018282918,0.7128486356904755,3.3713712063076144,3.6937417473744154,-0.10632501206478145,1.8801617943124171,3.5829715522131096,-1.7028097579006924,0.004950614418589794,3.3763218207262042,1.8801552766218452,1.1992231263849562,False,False,False,R1_A3 (5.0um)
179,4,5,6,3,True,0.004950614418589794,0.9201486393091187,-1.6396067655955022,1.8801617943124171,1.8801552766218452,0.004950614418589794,3.5829715522131096,0.19846213490246808,4.702679346979735,6.521812143809293,-1.8191327968295576,0.43246735865768926,0.43741797307627905,4.682751864470868,6.507126797286818,False,False,False,R1_A3 (5.0um)
179,5,6,6,4,True,-0.43246735865768926,-1.033971753194777,4.567172805773907,4.702679346979735,4.682751864470868,0.43246735865768926,6.521812143809293,-0.9547736869348239,1.159418586354669,5.4616132341468315,-4.302194647792162,0.8342475517896304,0.40178019313194113,0.8051599100288509,5.446814830321908,False,False,False,R1_A3 (5.0um)
180,2,3,3,1,False,-2.162872538678812,0.28716094788819646,-0.39127676485024665,2.216658867592091,0.4853441219420739,2.162872538678812,0.0,0.0,1.2371016811790176,3.369520321803852,-2.1324186406248344,1.0239544135727527,3.1868269522515646,0.6942174936580265,1.0944410333371737,False,False,False,R1_A3 (5.0um)
182,2,3,3,1,False,3.6780859914956636,-0.4293017786735902,0.6808797575561414,3.7651313154070283,0.8049206553580409,3.6780859914956636,0.0,0.0,3.1918781315413707,2.8769303933124575,0.3149477382289132,2.0310407965479413,1.6470451949477223,2.4623077162227176,2.3588070319050245,True,False,False,R1_A3 (5.0um)
186,2,3,4,1,False,-4.022357586544853,0.16786893897236155,-1.1341242483519949,4.182556436607475,1.146480610988116,4.022357586544853,0.0,0.0,3.261594775224541,1.0107491448691697,2.2508456303553714,3.1592011056638505,0.8631564808810026,0.8108321970323632,0.5259037206246799,True,True,True,R1_A3 (5.0um)
186,3,4,4,2,True,-3.1592011056638505,-0.22104704590400104,-0.7801198979909714,3.261594775224541,0.8108321970323632,3.1592011056638505,1.0107491448691697,0.9936429430700561,3.8314312980079688,5.545328444869289,-1.7138971468613207,1.674077212804363,4.8332783184682135,3.4463504286308733,2.7184716768253314,False,False,False,R1_A3 (5.0um)
187,2,3,3,1,False,-2.382961016356049,0.7900712375659964,-0.12940444265654705,2.513853869197844,0.8005985699514562,2.382961016356049,0.0,0.0,1.5811039185020541,1.0478850358173044,0.5332188826847497,1.5670655370300537,0.8158954793259952,0.21022655340194188,0.6575542678024667,True,True,False,R1_A3 (5.0um)
191,2,3,6,1,False,-2.5957524525917393,0.7449416037311067,0.5050885326617092,2.7473593164949976,0.9000291210821079,2.5957524525917393,0.0,0.0,3.1777943700799485,0.8843976790013041,2.2933966910786445,3.087604081669582,0.49185162907784274,0.7517167640602095,0.7350110404588259,True,True,True,R1_A3 (5.0um)
191,3,4,6,2,True,-3.087604081669582,0.7158755367474896,-0.2293475730319514,3.1777943700799485,0.7517167640602095,3.087604081669582,0.8843976790013041,0.9658162773255486,3.5093948977607012,0.6281894303550877,2.8812054674056133,3.3402164742051497,0.25261239253556766,1.0764787289479356,0.5751599251923813,True,True,True,R1_A3 (5.0um)
191,4,5,6,3,True,-3.3402164742051497,0.7152445009721191,-0.8045071520542919,3.5093948977607012,1.0764787289479356,3.3402164742051497,0.6281894303550877,0.9872372849881973,2.222755238904403,3.3002185852622135,-1.0774633463578103,0.37332853420754475,2.966887939997605,2.191179284682889,1.4453437867880756,False,False,False,R1_A3 (5.0um)
191,5,6,6,4,True,-0.37332853420754475,0.2587053341258567,-2.1758534435292844,2.222755238904403,2.191179284682889,0.37332853420754475,3.3002185852622135,0.4079885623211547,2.157186617627935,4.139559903524529,-1.9823732858965943,1.4925903168694532,1.865918851076998,1.5574428558571887,3.695172937233589,False,False,False,R1_A3 (5.0um)
192,2,3,3,1,False,-2.644127181794147,0.09588756465768711,-0.31035113456557895,2.664004655642475,0.32482649488938586,2.644127181794147,0.0,0.0,1.1749655392668603,1.9811839325516003,-0.80621839328474,0.7502888044773215,1.8938383773168255,0.9042182968402352,0.5817782869810437,False,False,False,R1_A3 (5.0um)
196,2,3,3,1,False,0.7714625201282388,0.4747591814373209,0.7468462395392166,1.1740230005564274,0.8849720819737219,0.7714625201282388,0.0,0.0,3.167170450230046,4.171864613195891,-1.0046941629658446,2.9042761384020253,3.675738658530264,1.2633878156445135,1.9731699534054925,False,False,False,R1_A3 (5.0um)
198,2,3,4,1,False,-4.297135755337269,0.06040414070474753,0.5805905632420174,4.336601176282869,0.5837243033658629,4.297135755337269,0.0,0.0,1.1943610698681493,4.596212436052518,-3.401851366184369,0.04570201963760567,4.251433735699663,1.1934863596278067,1.7465623230445082,False,False,False,R1_A3 (5.0um)
198,3,4,4,2,True,-0.04570201963760567,0.3443084585524119,-1.1427429177146085,1.1943610698681493,1.1934863596278067,0.04570201963760567,4.596212436052518,-0.08616335648447188,4.230525105761918,4.9083258840784145,-0.6778007783164961,0.4448380655538564,0.39913604591625074,4.207072826314775,4.8920704615903166,False,False,False,R1_A3 (5.0um)
199,2,3,4,1,False,-1.3542266514300678,-0.5065690969817354,-1.094722177141577,1.813548653492919,1.2062457855439268,1.3542266514300678,0.0,0.0,0.9512792621156512,1.5025078195034822,-0.551228557387831,0.7222954864722482,0.6319311649578196,0.6190488387462787,1.3631554388345306,False,False,False,R1_A3 (5.0um)
199,3,4,4,2,True,-0.7222954864722482,0.5652359856963827,-0.25244750984502673,0.9512792621156512,0.6190488387462787,0.7222954864722482,1.5025078195034822,0.5612019054740293,1.585239931462053,1.5657959936381824,0.01944393782387066,0.5154520059173535,0.20684348055489465,1.499098018775821,1.5520737315750561,True,False,False,R1_A3 (5.0um)
200,2,3,4,1,False,-1.9855658028425083,0.171795372147443,0.3919545672913731,2.0311606509898374,0.4279509699858688,1.9855658028425083,0.0,0.0,3.3473404590272846,2.184343862963857,1.1629965960634276,2.473024864735713,0.48745906189320465,2.2558448898450223,2.1292585034809797,True,True,True,R1_A3 (5.0um)
200,3,4,4,2,True,-2.473024864735713,2.2553594512185597,-0.0467965045598433,3.3473404590272846,2.2558448898450223,2.473024864735713,2.184343862963857,0.776508679115187,2.3482735478878243,1.8305434018132336,0.5177301460745907,1.9296511243587204,0.5433737403769925,1.3382209062672703,1.7480372204820702,True,True,False,R1_A3 (5.0um)
201,2,3,3,1,False,0.3450628569733212,0.10070799668842767,0.7092280157041522,0.7951193961407533,0.7163424312831438,0.3450628569733212,0.0,0.0,4.451632742494016,4.323224843152346,0.12840789934166974,3.3136736398396422,3.6587364968129634,2.97264210470697,2.3030241621264924,True,False,False,R1_A3 (5.0um)
205,2,3,6,1,False,-1.6386028662431897,0.935413930521392,-0.03049241818636972,1.8870475251674848,0.9359107911442907,1.6386028662431897,0.0,0.0,1.8411826144030248,0.9412016874834496,0.8999809269195752,1.8399824730250884,0.2013796067818987,0.06646742465626909,0.9194057159350604,True,True,False,R1_A3 (5.0um)
205,3,4,6,2,True,-1.8399824730250884,0.01663194461650619,-0.06435290948131467,1.8411826144030248,0.06646742465626909,1.8399824730250884,0.9412016874834496,0.8728187231674778,3.1772356407378277,1.365123368002816,1.8121122727350116,3.1644527277790218,1.3244702547539333,0.28471959965310273,0.3306665301166773,True,True,True,R1_A3 (5.0um)
205,4,5,6,3,True,-3.1644527277790218,0.1690984081454019,0.22906544651979743,3.1772356407378277,0.28471959965310273,3.1644527277790218,1.365123368002816,0.9932883887206796,4.717074198548485,1.6532051344079155,3.0638690641405697,4.676842406709994,1.5123896789309725,0.6147634483367622,0.6676561057129363,True,True,True,R1_A3 (5.0um)
205,5,6,6,4,True,-4.676842406709994,0.5080454871314828,-0.3461558614500717,4.717074198548485,0.6147634483367622,4.676842406709994,1.6532051344079155,0.9879235923525692,2.2826184534563145,2.6990711844314577,-0.4164527309751431,2.017994226214327,2.658848180495667,1.0667925323252572,0.4642322820562059,False,False,False,R1_A3 (5.0um)
212,2,3,6,1,False,-1.6887371731499314,-0.20244408415106108,-0.5729585202026186,1.7947418513699842,0.6076718465426355,1.6887371731499314,0.0,0.0,2.534715805475684,4.12812910521072,-1.5934132997350354,2.356504411151967,4.045241584301898,0.9336333192156154,0.8230859213487534,False,False,False,R1_A3 (5.0um)
212,3,4,6,2,True,2.356504411151967,0.6096343816559511,-0.7071188693936357,2.534715805475684,0.9336333192156154,2.356504411151967,4.12812910521072,-0.812849680822778,0.44548121603263413,2.417283570592629,-1.971802354559995,0.009491633729176385,2.3659960448811432,0.4453800879328415,0.49530049087784844,False,False,False,R1_A3 (5.0um)
212,4,5,6,3,True,-0.009491633729176385,0.33185650692202984,-0.29704323177035086,0.44548121603263413,0.4453800879328415,0.009491633729176385,2.417283570592629,0.34537716033721505,4.7871768850500604,4.828049037554587,-0.04087215250452658,3.390821304174139,3.3813296704449627,3.3792592993016073,3.4462540778068487,False,False,False,R1_A3 (5.0um)
212,5,6,6,4,True,-3.390821304174139,2.0288466179935583,2.7024386787811654,4.7871768850500604,3.3792592993016073,3.390821304174139,4.828049037554587,-0.045611391125719616,1.7208530075142312,3.894893800574718,-2.1740407930604864,1.3868314656975045,2.0039898384766346,1.018839319629001,3.3397937728305562,False,False,False,R1_A3 (5.0um)
213,2,3,3,1,False,-2.982261409939497,0.6095780926840675,0.10567467586935209,3.045757000388369,0.6186700155983302,2.982261409939497,0.0,0.0,1.860220819256279,4.7790153192659295,-2.9187945000096507,1.5192435917318505,4.501505001671347,1.0734618788649222,1.6048177908118668,False,False,False,R1_A3 (5.0um)
215,2,3,5,1,False,-3.151424555425166,0.9103360271435506,0.44668585530295957,3.3105462788156195,1.0140216642869322,3.151424555425166,0.0,0.0,2.507694966190076,1.08555516994989,1.4221397962401858,2.4748742145571754,0.6765503408679905,0.4043904865041326,0.8489462075280979,True,True,True,R1_A3 (5.0um)
215,3,4,5,2,True,-2.4748742145571754,0.3543450864182276,-0.19486206738692857,2.507694966190076,0.4043904865041326,2.4748742145571754,1.08555516994989,0.9678469001167894,3.1641071956172278,0.6815329410396969,2.482574254577531,3.0868711473169412,0.6119969327597659,0.694838733246001,0.2999114936358018,True,True,True,R1_A3 (5.0um)
215,4,5,5,3,True,-3.0868711473169412,0.6498900018928566,-0.24585331126224474,3.1641071956172278,0.694838733246001,3.0868711473169412,0.6815329410396969,0.9978820565414379,0.9990804783162947,2.9490545810977697,-1.949974102781475,0.4885424427413909,2.5983287045755503,0.871486135169683,1.3948515567157984,False,False,False,R1_A3 (5.0um)
221,2,3,3,1,False,0.23701421053154803,0.35873939458186044,0.3392571225470675,0.5476906831577187,0.4937502895430804,0.23701421053154803,0.0,0.0,2.0229112700956406,2.322713812047442,-0.29980254195180134,2.0042878794738783,2.2413020900054264,0.2738614665739993,0.6095608206022326,False,False,False,R1_A3 (5.0um)
224,2,3,3,1,False,-2.908987612249284,-0.8065277915770679,-0.34660885732625957,3.0385578333780296,0.877852367179811,2.908987612249284,0.0,0.0,2.6500525152458443,1.4253073778903067,1.2247451373555376,2.294541434678262,0.6144461775710219,1.3258423503967012,1.2860626020287278,True,True,True,R1_A3 (5.0um)
225,2,3,3,1,False,-1.5987624199084687,-0.13435541748940238,0.1504257357810772,1.6114343162244043,0.2016910513484177,1.5987624199084687,0.0,0.0,2.6136142344240847,3.3467715856053606,-0.7331573511812759,0.7934669811249839,2.3922294010334526,2.490258925543406,2.3405380875017925,False,False,False,R1_A3 (5.0um)
226,2,3,9,1,False,-1.486531496921657,0.039367767560321454,-0.21697258142678777,1.502798327638752,0.2205151292172207,1.486531496921657,0.0,0.0,2.7231317912142505,1.2783898918559105,1.44474189935834,2.589657132152631,1.103125635230974,0.8420942288204717,0.646060793188711,True,True,True,R1_A3 (5.0um)
226,3,4,9,2,True,-2.589657132152631,0.46934631479258826,-0.6991685969802717,2.7231317912142505,0.8420942288204717,2.589657132152631,1.2783898918559105,0.9822756984233545,1.542828914775766,2.9031976365831884,-1.3603687218074225,0.031991491779159276,2.5576656403734717,1.5424971976382686,1.3736458747126818,False,False,False,R1_A3 (5.0um)
226,4,5,9,3,True,-0.031991491779159276,1.5331098259196665,0.1699172339419448,1.542828914775766,1.5424971976382686,0.031991491779159276,2.9031976365831884,0.16271186094642945,2.5660476634674017,2.006778513384194,0.5592691500832077,0.6680605339816097,0.700052025760769,2.4775584219393734,1.880714535225567,True,True,False,R1_A3 (5.0um)
226,5,6,9,4,True,0.6680605339816097,1.397581697241904,2.045742196284067,2.5660476634674017,2.4775584219393734,0.6680605339816097,2.006778513384194,0.6236165608500139,2.530069092741337,4.205966047518056,-1.6758969547767193,2.4955739922630116,3.1636345262446213,0.41636530016972617,2.771563994792043,False,False,False,R1_A3 (5.0um)
226,6,7,9,5,True,-2.4955739922630116,0.10111748962543743,-0.4039001318114117,2.530069092741337,0.41636530016972617,2.4955739922630116,4.205966047518056,-0.3622996621380534,3.25296948710026,0.8941387942189126,2.358830692881347,3.059059972995236,0.5634859807322243,1.1063284167116536,0.6942389594696443,True,True,True,R1_A3 (5.0um)
226,7,8,9,6,True,-3.059059972995236,0.14549895849489758,-1.0967190245001746,3.25296948710026,1.1063284167116536,3.059059972995236,0.8941387942189126,0.9831779337364277,4.184480776886825,1.0670160903968882,3.117464686489937,4.090784640781003,1.0317246677857668,0.8805455098321779,0.2721535357995728,True,True,True,R1_A3 (5.0um)
226,8,9,9,7,True,-4.090784640781003,0.24841982678184138,-0.8447768844773691,4.184480776886825,0.8805455098321779,4.090784640781003,1.0670160903968882,0.9900525166322246,2.6360962356264497,6.773185166424314,-4.137088930797864,2.47358001321426,6.564364653995263,0.9112657580041511,1.6688780626660593,False,False,False,R1_A3 (5.0um)
239,2,3,5,1,False,-4.526692523525071,0.10825255752176588,-1.8019777996077835,4.873375402021384,1.80522646958472,4.526692523525071,0.0,0.0,3.0672686555318447,3.2950065156245603,-0.22773786009271557,2.875110032067866,1.651582491457205,1.0685875297376646,2.8512003107323616,False,False,False,R1_A3 (5.0um)
239,3,4,5,2,True,-2.875110032067866,-0.33593271713620254,1.0144104289035738,3.0672686555318447,1.0685875297376646,2.875110032067866,3.2950065156245603,0.7459502628599818,2.1576372669165487,2.367041289397234,-0.20940402248068546,1.8708103819476136,1.0042996501202524,1.0749265511578632,2.143424054749703,False,False,False,R1_A3 (5.0um)
239,4,5,5,3,True,-1.8708103819476136,0.3191650454820092,-1.0264505658465026,2.1576372669165487,1.0749265511578632,1.8708103819476136,2.367041289397234,0.6392099694611542,4.0800522453499575,5.962947319143375,-1.8828950737934171,2.9183761520150284,4.789186533962642,2.8512991705773683,3.552524887145769,False,False,False,R1_A3 (5.0um)
240,2,3,3,1,False,-4.408870769372562,0.4257002758690476,0.6352394512185029,4.474694553406654,0.7646894044377547,4.408870769372562,0.0,0.0,1.4286595536055517,4.765543189015599,-3.336883635410047,0.010775320500759022,4.419646089873321,1.4286189178981636,1.7824506519509673,False,False,False,R1_A3 (5.0um)
244,2,3,5,1,False,-1.4534564984183334,-0.8194816541089693,-2.869422694859807,3.3192879621979428,2.984147580666494,1.4534564984183334,0.0,0.0,1.5383579033163397,2.1399813701376016,-0.6016234668212619,1.2588827210656746,0.1945737773526588,0.8841715519615679,2.1311173852471677,False,False,False,R1_A3 (5.0um)
244,3,4,5,2,True,-1.2588827210656746,-0.047942339126528566,-0.8828708090186268,1.5383579033163397,0.8841715519615679,1.2588827210656746,2.1399813701376016,0.8621485827532366,3.35497287518356,2.8009070667350024,0.5540658084485575,3.1098305052961024,1.8509477842304278,1.258887295013828,2.102159055956172,True,True,False,R1_A3 (5.0um)
244,4,5,5,3,True,-3.1098305052961024,0.5496333922500085,1.13256362102576,3.35497287518356,1.258887295013828,3.1098305052961024,2.8009070667350024,0.5596919981331627,3.938398500666842,2.461218711066874,1.477179789599968,3.7019087339511145,0.5920782286550121,1.3441928714106794,2.388941379535803,True,True,True,R1_A3 (5.0um)
245,2,3,3,1,False,0.11285662205025915,1.0809706045383294,-2.5739123788201184,2.7939683245985445,2.791688088185964,0.11285662205025915,0.0,0.0,1.8327417691370231,4.4537724932478975,-2.6210307241108746,0.0188510035044942,0.09400561854576495,1.8326448188359845,4.452780296095173,False,False,False,R1_A3 (5.0um)
246,2,3,4,1,False,-2.9863152835844797,-0.009258210968745573,0.047362751696450545,2.986705194305064,0.04825914129573204,2.9863152835844797,0.0,0.0,2.2688127750593634,1.1790305147589033,1.08978226030046,2.134417053428132,0.8518982301563476,0.7692692963505948,0.8150965342762335,True,True,True,R1_A3 (5.0um)
246,3,4,4,2,True,-2.134417053428132,0.3832658213613698,-0.6669951727590941,2.2688127750593634,0.7692692963505948,2.134417053428132,1.1790305147589033,0.9354554351757819,4.64008713629641,2.4569518268754535,2.1831353094209565,4.493634483268156,2.3592174298400246,1.156571555592973,0.6860797317554701,True,True,True,R1_A3 (5.0um)
250,2,3,3,1,False,-1.9494246079055628,0.8320330750289742,1.9556550851842047,2.883942120094779,2.125291944686426,1.9494246079055628,0.0,0.0,3.045090586156609,2.87952131866729,0.16556926748931922,2.9871745810152532,1.0377499731096904,0.591070808309755,2.6860227135990953,True,False,False,R1_A3 (5.0um)
253,2,3,3,1,False,1.3772167670019115,1.0094441100916498,0.5380942056158631,1.7903208675618143,1.1439068080556605,1.3772167670019115,0.0,0.0,4.716220309143408,5.971177682486848,-1.2549573733434407,4.364060786421732,5.741277553423643,1.7882134818843278,1.6409433172364127,False,False,False,R1_A3 (5.0um)
256,2,3,3,1,False,-2.131767760235988,0.05277770370457091,1.0757693937861958,2.3884093154643753,1.0770632639800908,2.131767760235988,0.0,0.0,3.6006160009962915,1.2881182476217508,2.312497753374541,2.9458555457899678,0.8140877855539799,2.0703552086463373,0.9982533231940414,True,True,True,R1_A3 (5.0um)
260,2,3,3,1,False,-1.4325694602139798,-0.28581596676222887,0.2572933051437758,1.4832888693932174,0.3845654843170869,1.4325694602139798,0.0,0.0,4.586431495510931,3.139399684409387,1.447031811101544,4.565658892144558,3.1330894319305784,0.4360192009487225,0.19894971725207622,True,True,True,R1_A3 (5.0um)
275,3,4,3,1,False,-0.7862016542911334,-0.13491614640685867,-0.8155710179722888,1.140820535021941,0.8266549775557106,0.7862016542911334,0.0,0.0,3.80892358344096,3.950921167647681,-0.14199758420672115,2.7833097704759666,1.9971081161848332,2.6002087581703406,3.409008249511166,False,False,False,R1_A3 (5.0um)
278,3,4,4,1,False,-1.6169437282428447,0.1985590191986688,0.4309582065607245,1.6851283868628657,0.47450043193570796,1.6169437282428447,0.0,0.0,1.7056089048130338,1.6292824086805267,0.0763264961325072,1.085634443479833,0.5313092847630116,1.315484546206359,1.5402180401360177,True,False,False,R1_A3 (5.0um)
278,4,5,4,2,True,-1.085634443479833,0.9425662809285953,-0.9176428484787458,1.7056089048130338,1.315484546206359,1.085634443479833,1.6292824086805267,0.5382768361152247,3.8104486862812963,4.509512538863259,-0.6990638525819626,2.2731334395933516,3.3587678830731846,3.05816669862605,3.009049957345513,False,False,False,R1_A3 (5.0um)
279,3,4,4,1,False,0.9123950210590692,0.7798390753161613,-0.0031467930193755933,1.2002597886081379,0.7798454242324387,0.9123950210590692,0.0,0.0,1.36358554826895,1.9700154158502634,-0.6064298675813133,0.34291423789854036,0.5694807831605289,1.3197633776152438,1.8859088992574793,False,False,False,R1_A3 (5.0um)
279,4,5,4,2,True,0.34291423789854036,-0.7779986439928592,-1.0660644834341255,1.36358554826895,1.3197633776152438,0.34291423789854036,1.9700154158502634,-0.1774873006097176,3.2407817361983504,3.824789561046033,-0.5840078248476828,2.8190779080446333,2.476163670146093,1.5985825002330936,2.9150692384462054,False,False,False,R1_A3 (5.0um)
287,3,4,8,1,False,-2.288906908205419,0.5315858987730593,-1.4544856727442124,2.763549705437381,1.5485839144174736,2.288906908205419,0.0,0.0,3.7970073101956165,4.70808819523493,-0.9110808850393131,1.8093759581431783,0.4795309500622409,3.3381766214166086,4.683603796441679,False,False,False,R1_A3 (5.0um)
287,4,5,8,2,True,-1.8093759581431783,0.8997930102891587,3.214622169774728,3.7970073101956165,3.3381766214166086,1.8093759581431783,4.70808819523493,-0.005318814561732453,4.8276519541306095,4.573956035153379,0.25369591897723076,4.750110190633322,2.9407342324901435,0.8617868454917164,3.5033064361223993,True,False,False,R1_A3 (5.0um)
287,5,6,8,3,True,-4.750110190633322,0.8123832044041706,-0.2875936304311608,4.8276519541306095,0.8617868454917164,4.750110190633322,4.573956035153379,0.45831524370786697,3.128391943756007,2.9349443903183925,0.19344755343761433,2.4981020354897794,2.2520081551435425,1.8831681746565567,1.8821152577428353,True,False,False,R1_A3 (5.0um)
287,6,7,8,4,True,-2.4981020354897794,-0.20323348032107447,-1.872169470565069,3.128391943756007,1.8831681746565567,2.4981020354897794,2.9349443903183925,0.8104186396460267,3.46338034518945,2.6179780773411756,0.8454022678482742,3.3575354543987004,0.859433418908921,0.8496817568362324,2.4728896885832823,True,True,False,R1_A3 (5.0um)
287,7,8,8,5,True,-3.3575354543987004,0.7427673155878978,0.4126206524092737,3.46338034518945,0.8496817568362324,3.3575354543987004,2.6179780773411756,0.6888920407317661,0.6644668776762761,2.9435521850503235,-2.2790853073740474,0.5919620385104025,2.765573415888298,0.3018230880689347,1.0080194181891873,False,False,False,R1_A3 (5.0um)
287,8,9,8,6,True,-0.5919620385104025,-0.2390460765164022,0.18426651837374664,0.6644668776762761,0.3018230880689347,0.5919620385104025,2.9435521850503235,0.819540625432331,3.9377644247432912,3.5881921912245933,0.34957223351869793,1.455978414935032,0.8640163764246296,3.6587040765846495,3.4826138032281446,True,False,False,R1_A3 (5.0um)
288,3,4,3,1,False,1.4691213456688104,-0.6916815366002567,-1.3939263928197363,2.140040108262663,1.5561022256500805,1.4691213456688104,0.0,0.0,3.3143567517188277,4.736592003180048,-1.4222352514612204,1.0008641630119968,0.4682571826568136,3.1596252317106335,4.71338933417127,False,False,False,R1_A3 (5.0um)
299,3,4,3,1,False,-1.0504885353878848,0.6829232122670277,0.460874842270357,1.3350340434132102,0.823886966816955,1.0504885353878848,0.0,0.0,1.783987870791445,2.1995311088948326,-0.41554323810338767,0.4722418551316139,0.5782466802562709,1.7203489045518774,2.122161133318753,False,False,False,R1_A3 (5.0um)
300,3,4,3,1,False,-1.7433626733352625,1.0422895879359118,-1.9985326118516298,2.849528662170778,2.2539964919569218,1.7433626733352625,0.0,0.0,2.2591254961215874,0.8838480181766533,1.3752774779449342,1.7491887378271311,0.005826064491868621,1.4296806519937721,0.8838288161218406,True,True,True,R1_A3 (5.0um)
302,3,4,4,1,False,-0.4978038591454155,0.3094564720369064,-1.554441485119721,1.661282733590764,1.584945310963988,0.4978038591454155,0.0,0.0,3.6386184274005005,2.9900895179597753,0.6485289094407252,3.4426269693877245,2.944823110242309,1.1780762326194276,0.5183166742404993,True,True,False,R1_A3 (5.0um)
302,4,5,4,2,True,-3.4426269693877245,0.4932969422791871,-1.0698232268000112,3.6386184274005005,1.1780762326194276,3.4426269693877245,2.9900895179597753,0.5838736976442399,3.094031466654849,0.9595342058050115,2.134497260849838,2.7636035609490732,0.6790234084386513,1.391231855069442,0.6779624642280802,True,True,True,R1_A3 (5.0um)
305,3,4,4,1,False,-1.8275595878127344,-0.21452743398531027,1.233099085211954,2.2150687169677448,1.251621098369183,1.8275595878127344,0.0,0.0,2.5314157106512924,1.385792299222335,1.1456234114289574,1.060186013267753,0.7673735745449815,2.2987107511393456,1.1539315810194224,True,True,True,R1_A3 (5.0um)
305,4,5,4,2,True,-1.060186013267753,0.2629155968861596,2.2836257369187294,2.5314157106512924,2.2987107511393456,1.060186013267753,1.385792299222335,0.8376796370033953,1.3083209503470925,2.2133258523309394,-0.9050049019838469,0.6648981202582682,0.39528789300948475,1.1267715823511617,2.1777416766541893,False,False,False,R1_A3 (5.0um)
310,3,4,3,1,False,-1.8762279107683213,-0.8033796799113446,-3.5976728860307787,4.136290642365639,3.68628120264522,1.8762279107683213,0.0,0.0,4.090752451480628,4.80290092270744,-0.7121484712268122,1.023290985311057,2.8995188960793783,3.9606983195739485,3.828922491331289,False,False,False,R1_A3 (5.0um)
311,3,4,3,1,False,1.7941780794335997,-3.121330569462401,2.9665272625530505,4.664982690648596,4.30615704814989,1.7941780794335997,0.0,0.0,3.3377228013134594,6.90935506839068,-3.571632267077221,3.0885820474809336,4.88276012691454,1.2653277972076056,4.888541807544401,False,False,False,R1_A3 (5.0um)
320,4,5,4,1,False,-3.0668891083027603,0.6329155339192951,-0.06301520737147914,3.132149707798546,0.6360448014380881,3.0668891083027603,0.0,0.0,4.21310460459211,1.2111650677615946,3.0019395368305153,3.9892725282997077,0.9223834199969474,1.354974207942166,0.7849392638164324,True,True,True,R1_A3 (5.0um)
320,5,6,4,2,True,-3.9892725282997077,1.2257550086225706,-0.57747706709893,4.21310460459211,1.354974207942166,3.9892725282997077,1.2111650677615946,0.988691434876472,0.21430706813284708,4.014969787448313,-3.8006627193154654,0.19389785747112853,3.795374670828579,0.09127508049737719,1.3096234199782781,False,False,False,R1_A3 (5.0um)
321,4,5,4,1,False,-3.211645370601488,1.0076842744554355,-0.3651815101776066,3.3857718645629897,1.0718139448432151,3.211645370601488,0.0,0.0,3.220126182794981,2.344333235223578,0.8757929475714028,2.3367100310740625,0.8749353395274255,2.2156260658783626,2.174945164692636,True,True,False,R1_A3 (5.0um)
321,5,6,4,2,True,-2.3367100310740625,-0.14263257821358621,-2.2110302601800313,3.220126182794981,2.2156260658783626,2.3367100310740625,2.344333235223578,0.7492133302611685,0.45388288159355517,3.602378630281728,-3.148495748688173,0.3455112116131147,2.682221242687177,0.29433258884008523,2.404749675369167,False,False,False,R1_A3 (5.0um)
322,4,5,3,1,False,-3.2139660621724175,0.8966739695004051,1.4790650945856996,3.649826791835127,1.7296409342986243,3.2139660621724175,0.0,0.0,3.78567059946806,3.055806430299427,0.7298641691686334,3.529555134754993,0.3155890725825756,1.3687740640447292,3.039466478960706,True,True,False,R1_A3 (5.0um)
323,4,5,5,1,False,-0.18399368048201836,0.6583371637071096,-0.15211599430743794,0.7002862067036457,0.6756826894645608,0.18399368048201836,0.0,0.0,1.3691860282433377,0.9655978751180943,0.40358815312524343,0.47262759072839344,0.2886339102463751,1.2850266691470025,0.9214497936884387,True,False,False,R1_A3 (5.0um)
323,5,6,5,2,True,-0.47262759072839344,1.1068605230748645,0.6528041994943639,1.3691860282433377,1.2850266691470025,0.47262759072839344,0.9655978751180943,0.7471103918862958,3.542623958443374,3.4913219973077023,0.05130196113567154,3.459833747377232,2.9872061566488384,0.7614032778013381,1.8071880551187582,True,False,False,R1_A3 (5.0um)
323,6,7,5,3,True,-3.459833747377232,-0.01856659189409271,-0.7611768737370177,3.542623958443374,0.7614032778013381,3.459833747377232,3.4913219973077023,0.2304422665227005,3.00520480525537,6.089721992961208,-3.0845171877058384,1.825923990648036,5.285757738025268,2.386892855137389,3.0241493161650324,False,False,False,R1_A3 (5.0um)
327,4,5,3,1,False,-2.223966455458452,1.5733000922382132,2.734685203323963,3.8600263129310695,3.1549605927040982,2.223966455458452,0.0,0.0,4.549076904743469,7.015021315232334,-2.4659444104888655,2.2818536072233258,0.05788715176487358,3.9353836916458755,7.0147824720959475,False,False,False,R1_A3 (5.0um)
331,4,5,6,1,False,-4.299589982479297,0.22554000790334783,-0.276563494727073,4.314374772689203,0.3568692502593827,4.299589982479297,0.0,0.0,2.033613397522868,3.87565429777452,-1.8420409002516522,0.7809607210767453,3.518629261402552,1.877680431468516,1.6247905577827075,False,False,False,R1_A3 (5.0um)
331,5,6,6,2,True,-0.7809607210767453,-0.05552542877818212,-1.8768592726890292,2.033613397522868,1.877680431468516,0.7809607210767453,3.87565429777452,0.44044444946283556,4.5345746100414335,3.9650939302358204,0.5694806798056131,4.417225174945209,3.6362644538684634,1.024933484604095,1.5809967416556026,True,True,False,R1_A3 (5.0um)
331,6,7,6,3,True,-4.417225174945209,0.8462344776937201,-0.578252416013223,4.5345746100414335,1.024933484604095,4.417225174945209,3.9650939302358204,0.48668387458391,4.495842097542282,1.4371776607211992,3.058664436821083,4.363905271192827,0.05331990375238149,1.081169251361157,1.4361882245513278,True,True,True,R1_A3 (5.0um)
331,7,8,6,4,True,-4.363905271192827,-0.5453040064576555,-0.9335793970681197,4.495842097542282,1.081169251361157,4.363905271192827,1.4371776607211992,0.949379344393288,4.387883780620407,0.9413438055082878,3.446539975112119,4.092673339798875,0.2712319313939524,1.5822607262809634,0.9014218765711931,True,True,True,R1_A3 (5.0um)
333,4,5,4,1,False,-3.081869024505508,0.9289882576915076,0.040603990910437204,3.2190968533445976,0.929875188940192,3.081869024505508,0.0,0.0,3.1366649735998227,2.302841440751672,0.8338235328481507,2.323390768043275,0.758478256462233,2.107254729637415,2.1743480484313564,True,True,False,R1_A3 (5.0um)
333,5,6,4,2,True,-2.323390768043275,0.40118746497419977,-2.068712428910029,3.1366649735998227,2.107254729637415,2.323390768043275,2.302841440751672,0.737735767445784,1.491494884574237,2.9822790367909984,-1.4907841522167613,0.5651404050770097,1.7582503629662654,1.3802801575261852,2.4088470093411996,False,False,False,R1_A3 (5.0um)
334,4,5,4,1,False,-3.10986609739129,0.6148923154305237,-0.07979160516474337,3.171076537003484,0.6200477883439929,3.10986609739129,0.0,0.0,2.344339509535372,0.9112757483405455,1.4330637611948265,2.338925698330577,0.7709403990607129,0.15923037919118743,0.48587487135036106,True,True,True,R1_A3 (5.0um)
334,5,6,4,2,True,-2.338925698330577,0.12919890931596711,-0.09306962710215316,2.344339509535372,0.15923037919118743,2.338925698330577,0.9112757483405455,0.990117850718527,2.1970922300794906,3.326894748285241,-1.1298025182057505,0.16749316887335652,2.5064188672039336,2.19069858854577,2.1877141331289303,False,False,False,R1_A3 (5.0um)
338,4,5,7,1,False,0.6544452624474957,0.13993895803007206,-0.4242490749732557,0.7923817205931601,0.4467327943975071,0.6544452624474957,0.0,0.0,4.584602905486742,5.100478099611626,-0.5158751941248845,4.3245093049237795,4.978954567371275,1.5222362078945346,1.1067467012241543,False,False,False,R1_A3 (5.0um)
338,5,6,7,2,True,-4.3245093049237795,0.0009670502268690484,-1.5222359007193962,4.584602905486742,1.5222362078945346,4.3245093049237795,5.100478099611626,-0.6012549160286721,4.531092813571603,7.135998678583973,-2.6049058650123698,0.23344254371139783,4.557951848635177,4.525075321360494,5.490678654435658,False,False,False,R1_A3 (5.0um)
338,6,7,7,3,True,0.23344254371139783,-3.8279521055845507,2.413107818009088,4.531092813571603,4.525075321360494,0.23344254371139783,7.135998678583973,-0.2256047119674519,3.7931193469432114,5.535669770226612,-1.7425504232834004,3.6435770836551455,3.8770196273665434,1.0545617173110162,3.951247728758011,False,False,False,R1_A3 (5.0um)
338,7,8,7,4,True,-3.6435770836551455,-0.12012051052717965,1.0476981810467407,3.7931193469432114,1.0545617173110162,3.6435770836551455,5.535669770226612,0.12436500483359159,2.880988290310917,1.1260490360943582,1.7549392542165587,2.6243830103243617,1.0191940733307838,1.1885736594883218,0.4787795657465326,True,True,True,R1_A3 (5.0um)
338,8,9,7,5,True,-2.6243830103243617,0.35049840562457035,1.1357192486191714,2.880988290310917,1.1885736594883218,2.6243830103243617,1.1260490360943582,0.9800509670829244,3.8862966184707597,1.1347769302280324,2.7515196882427273,3.249635668606718,0.6252526582823563,2.131471188652624,0.9469835239794848,True,True,True,R1_A3 (5.0um)
339,4,5,4,1,False,-3.027214271625212,0.19129891897880213,-0.03247669959047528,3.0334264881071555,0.19403611112045172,3.027214271625212,0.0,0.0,4.864771526445526,2.2805580633269913,2.5842134631185343,4.525159075177157,1.4979448035519454,1.7857595999621403,1.7196239256644112,True,True,True,R1_A3 (5.0um)
339,5,6,4,2,True,-4.525159075177157,0.40924632216028556,-1.7382332400041207,4.864771526445526,1.7857595999621403,4.525159075177157,2.2805580633269913,0.9374151388385843,2.278437679077228,2.6424755080845617,-0.3640378290073336,2.1690875238429186,2.3560715513342387,0.6973790729207622,1.1964964086115077,False,False,False,R1_A3 (5.0um)
341,4,5,4,1,False,3.5252361874669615,1.3161673124041897,2.7355389368023566,4.652177968052129,3.0356992059496006,3.5252361874669615,0.0,0.0,1.9818386292531833,6.2772428861849985,-4.295404256931815,0.2780769339002269,3.8033131213671885,1.9622328025065694,4.993854979171536,False,False,False,R1_A3 (5.0um)
341,5,6,4,2,True,-0.2780769339002269,-0.7017421941320379,-1.8324615860114335,1.9818386292531833,1.9622328025065694,0.2780769339002269,6.2772428861849985,-0.7501917079086714,3.181370398250558,3.14724536785607,0.03412503039448822,3.0621950087122554,2.7841180748120284,0.86260033589297,1.467596658144346,True,False,False,R1_A3 (5.0um)
343,4,5,4,1,False,-3.400816454969913,0.8672506300749774,0.22636737246894967,3.5169473130938527,0.8963067793361498,3.400816454969913,0.0,0.0,3.545639724263142,0.4682629604028963,3.0773767638602454,3.388673647843305,0.01214280712660809,1.0432890120600127,0.4681054927261273,True,True,True,R1_A3 (5.0um)
343,5,6,4,2,True,-3.388673647843305,0.7849981982141756,0.6871897783623204,3.545639724263142,1.0432890120600127,3.388673647843305,0.4682629604028963,0.991240980074086,4.271381875629041,1.6232871330457552,2.648094742583286,4.119153891116142,0.7304802432728366,1.1301656289035753,1.4496412419974691,True,True,True,R1_A3 (5.0um)
344,4,5,3,1,False,-2.7206871399038874,0.25936327714566687,-1.5212349890591454,3.1278688774799868,1.543186703373742,2.7206871399038874,0.0,0.0,3.565331422069675,0.8169159905174156,2.7484154315522593,3.1898423128058937,0.46915517290200626,1.5926374881405105,0.668763904006742,True,True,True,R1_A3 (5.0um)
346,4,5,3,1,False,-4.722441747908565,-0.5868528865754286,-0.25683428651416307,4.765691578732394,0.640593600663597,4.722441747908565,0.0,0.0,4.791111049007252,0.6002866597959879,4.190824389211264,4.681754709013211,0.04068703889535463,1.0178005347571784,0.5989062020007406,True,True,True,R1_A3 (5.0um)
347,4,5,5,1,False,-2.3721692889254973,0.560276563215254,1.2212925099773102,2.7262891184788662,1.3436760108802177,2.3721692889254973,0.0,0.0,3.146654262199257,3.048739171687141,0.097915090512116,1.9460881890223538,0.42608109990314347,2.4726855453867245,3.0188185492481856,True,False,False,R1_A3 (5.0um)
347,5,6,5,2,True,-1.9460881890223538,2.0257098663933135,-1.417982137955633,3.146654262199257,2.4726855453867245,1.9460881890223538,3.048739171687141,0.4685607911065399,2.0751005703291505,4.533113346300445,-2.458012775971295,0.7790072833323372,2.725095472354691,1.923327852836208,3.6225641853470565,False,False,False,R1_A3 (5.0um)
347,6,7,5,3,True,0.7790072833323372,0.4857668859887809,1.8609730148425854,2.0751005703291505,1.923327852836208,0.7790072833323372,4.533113346300445,-0.48560538363692896,2.5765404243379324,4.288862521593678,-1.712322097255746,0.22660879296478154,0.5523984903675556,2.5665558659804266,4.253139738707221,False,False,False,R1_A3 (5.0um)
351,4,5,3,1,False,-2.623494234568895,0.6919933584477675,-0.2933345857596663,2.7290331595923947,0.751598288541569,2.623494234568895,0.0,0.0,3.8934454049017457,2.435981999938556,1.4574634049631898,3.1220075773867393,0.4985133428178443,2.326367513461771,2.3844271326792996,True,True,True,R1_A3 (5.0um)
353,4,5,7,1,False,0.39310834150172813,0.7050400420013858,-1.7522882620467186,1.9292821935347522,1.8888079876292416,0.39310834150172813,0.0,0.0,3.2660486693688746,4.393641043797395,-1.1275923744285201,0.7653896810286576,0.3722813395269293,3.1750988247393255,4.377840589375211,False,False,False,R1_A3 (5.0um)
353,5,6,7,2,True,0.7653896810286576,2.0704470763154745,2.4071770709770703,3.2660486693688746,3.1750988247393255,0.7653896810286576,4.393641043797395,-0.38999975296177086,1.9958299193900415,2.246709403644133,-0.25087948425409135,0.8601605733980158,0.09477089236935843,1.8009610920572539,2.2447096966829565,False,False,False,R1_A3 (5.0um)
353,6,7,7,3,True,0.8601605733980158,-0.09021883586160584,1.7986999240450956,1.9958299193900415,1.8009610920572539,0.8601605733980158,2.246709403644133,0.7365759572480416,3.522383317940517,2.473782159956309,1.048601157984208,1.099418996908426,0.23925842351041027,3.346410331645316,2.462184717217093,True,True,True,R1_A3 (5.0um)
353,7,8,7,4,True,1.099418996908426,-2.518983952971567,2.2029938611839697,3.522383317940517,3.346410331645316,1.099418996908426,2.473782159956309,0.7304985172986491,0.979197027651468,3.0367525373040936,-2.0575555096526257,0.5578076332118176,1.6572266301202436,0.804784109741302,2.5446936690382107,False,False,False,R1_A3 (5.0um)
353,8,9,7,5,True,-0.5578076332118176,-0.5637443174772869,0.5743429357136449,0.979197027651468,0.804784109741302,0.5578076332118176,3.0367525373040936,0.6007561890681171,3.941064207341804,4.515993169127599,-0.5749289617857949,3.2168473109098725,3.77465494412169,2.276813664901589,2.479147909348051,False,False,False,R1_A3 (5.0um)
355,4,5,3,1,False,-1.6096028049282083,0.2834428809304228,-0.480842261838788,1.7036344493913989,0.5581658781405214,1.6096028049282083,0.0,0.0,4.77338608377941,3.5233377435987445,1.250048340180666,4.569588034711813,2.959985229783605,1.3798840160816284,1.9111243536019293,True,True,True,R1_A3 (5.0um)
358,4,5,4,1,False,-4.2806827923651625,0.7526102670453554,0.30863834027933024,4.357284132117582,0.8134370529748819,4.2806827923651625,0.0,0.0,2.4732322918863647,6.485077083310492,-4.011844791424128,1.8534184553908304,6.134101247755993,1.6375951877207473,2.1045252810924593,False,False,False,R1_A3 (5.0um)
358,5,6,4,2,True,1.8534184553908304,-0.04999310972254989,-1.6368319057943665,2.4732322918863647,1.6375951877207473,1.8534184553908304,6.485077083310492,-0.7865866710013538,2.648177418900175,2.0935127038614687,0.5546647150387063,2.0356544898347657,0.18223603444393532,1.6937988192191988,2.08556598288798,True,True,False,R1_A3 (5.0um)
362,4,5,3,1,False,-3.827696464731133,0.4365930276941157,0.9434202118917057,3.966347866003702,1.0395456546188366,3.827696464731133,0.0,0.0,1.727730664780774,2.4117573983747507,-0.6840267335939767,1.5302603192462811,2.297436145484852,0.8020951348587555,0.7337308130609291,False,False,False,R1_A3 (5.0um)
368,4,5,3,1,False,-1.2908692584645678,1.6809105170717515,1.1825606044969206,2.426984382347651,2.0552152562956865,1.2908692584645678,0.0,0.0,4.9450746543282635,6.625117792633922,-1.6800431383056589,0.9200709968542498,0.37079826161031804,4.8587274771927085,6.614733132595853,False,False,False,R1_A3 (5.0um)
370,4,5,3,1,False,-3.243273400582197,0.49910757424969177,1.0670024810692382,3.450568796040057,1.1779654771177812,3.243273400582197,0.0,0.0,1.2344132581703249,3.1052876800536184,-1.8708744218832936,0.44161162868287107,2.801661771899326,1.1527164704985953,1.3392172683215793,False,False,False,R1_A3 (5.0um)
376,4,5,7,1,False,0.371249188032861,3.98277374324978,-1.2672209104218268,4.195969671642688,4.179513790589784,0.371249188032861,0.0,0.0,3.29862906998329,5.587411164507718,-2.288782094524428,3.2472733516015015,3.6185225396343608,0.5798012774369978,4.257400398297485,False,False,False,R1_A3 (5.0um)
376,5,6,7,2,True,-3.2472733516015015,-0.21199738282651026,-0.5396541772211947,3.29862906998329,0.5798012774369978,3.2472733516015015,5.587411164507719,-0.098694409741268,0.7990889644416576,2.5722520961894757,-1.7731631317478183,0.7319776122023658,2.5152957393991358,0.3205494475536708,0.5383012072359739,False,False,False,R1_A3 (5.0um)
376,6,7,7,3,True,-0.7319776122023658,0.2262509639865442,-0.22707366562885056,0.7990889644416576,0.3205494475536708,0.7319776122023658,2.5722520961894757,0.9300465923031112,4.724936993245538,5.485807669483226,-0.7608706762376878,3.6367218366321907,4.3686994488345565,3.0165019265869484,3.3179136384652366,False,False,False,R1_A3 (5.0um)
376,7,8,7,4,True,3.6367218366321907,-1.2262488468830242,2.7560111826008296,4.724936993245538,3.0165019265869484,3.6367218366321907,5.485807669483226,-0.944277468665664,3.4724107941291518,7.92286884262561,-4.450458048496459,3.380895491611833,7.0176173282440235,0.7919484818998204,3.677621205586146,False,False,False,R1_A3 (5.0um)
376,8,9,7,5,True,-3.380895491611833,-0.18296211363846737,-0.7705240184162818,3.4724107941291518,0.7919484818998204,3.380895491611833,7.92286884262561,-0.8651587424128699,1.420441406485018,3.529560179804351,-2.109118773319333,0.11922282560599662,3.261672666005836,1.4154291600471067,1.3488092832906002,False,False,False,R1_A3 (5.0um)
380,5,6,4,1,False,-1.129769382609453,0.7039416826942642,-0.02243908789226623,1.3313212471757574,0.7042992299441119,1.129769382609453,0.0,0.0,4.76017216648471,3.578559405582154,1.1816127609025564,4.704255819253191,3.5744864366437383,0.727472502296978,0.17068723892092547,True,True,True,R1_A3 (5.0um)
380,6,7,4,2,True,-4.704255819253191,0.7013743091056313,-0.19310701728529978,4.76017216648471,0.727472502296978,4.704255819253191,3.578559405582154,0.9172308589178817,4.766043032857782,8.97000791576529,-4.203964882907508,3.8025272638966356,8.506783083149827,2.8733173507941956,2.8452914763039487,False,False,False,R1_A3 (5.0um)
383,5,6,3,1,False,-0.17911023235407697,-0.19973032092349285,-3.1021951454879613,3.113773819197407,3.108618169184706,0.17911023235407697,0.0,0.0,2.4462002474286644,4.607844440431794,-2.16164419300313,1.6992420616340667,1.8783522939881436,1.7596795351693064,4.207614888138846,False,False,False,R1_A3 (5.0um)
384,5,6,3,1,False,-2.2289423813473803,0.3735274986928303,0.04433049843274173,2.2604583881897824,0.3761488872388401,2.2289423813473803,0.0,0.0,2.1776062871768795,0.9178171476691824,1.259789139507697,1.8827924690740048,0.34614991227337555,1.0941031305825275,0.8500403253897595,True,True,True,R1_A3 (5.0um)
386,5,6,4,1,False,-4.416824809413448,0.6371632446230677,-1.0550852490280267,4.585577747685156,1.232550965686664,4.416824809413448,0.0,0.0,3.6141859562565637,1.2320075927348524,2.382178363521711,3.4293359333429834,0.987488876070465,1.1410500351364001,0.7366874698224585,True,True,True,R1_A3 (5.0um)
386,6,7,4,2,True,-3.4293359333429834,-0.09494545852690095,-1.137093022839335,3.6141859562565637,1.1410500351364001,3.4293359333429834,1.2320075927348524,0.982675551572003,4.821259288055289,8.234779704274677,-3.413520416219388,3.640560544750734,7.0698964780937175,3.1608321756562203,4.2223406502758865,False,False,False,R1_A3 (5.0um)
392,5,6,6,1,False,-3.920895890768236,0.2328110276557851,-1.477806687777722,4.19661031873129,1.4960326136280266,3.920895890768236,0.0,0.0,2.0773935546331335,2.3006713932926064,-0.22327783865947293,1.8503365716092333,2.0705593191590026,0.9443614523034464,1.0029321840277883,False,False,False,R1_A3 (5.0um)
392,6,7,6,2,True,-1.8503365716092333,0.7256736915632871,-0.6043312386180162,2.0773935546331335,0.9443614523034464,1.8503365716092333,2.3006713932926064,0.9540027452502002,4.894652926471474,3.063941745067043,1.8307111814044315,4.771376434478974,2.9210398628697405,1.091601663206175,0.9248054588346699,True,True,True,R1_A3 (5.0um)
392,7,8,6,3,True,-4.771376434478974,-0.06141899357088221,-1.089872422966664,4.894652926471474,1.091601663206175,4.771376434478974,3.063941745067043,0.9286599397949968,3.2556191662774943,1.7729622471076845,1.4826569191698098,3.0089277805581602,1.7624486539208135,1.2431451110866785,0.19279489609904665,True,True,True,R1_A3 (5.0um)
392,8,9,6,4,True,-3.0089277805581602,-0.19639830399796665,-1.2275330844443388,3.2556191662774943,1.2431451110866785,3.0089277805581602,1.7729622471076845,0.9856617554808357,1.3690596636506365,3.8642419894301674,-2.495182325779531,0.020322686261835088,3.0292504668199953,1.368908817656712,2.399168139615491,False,False,False,R1_A3 (5.0um)
395,5,6,3,1,False,-1.0806838983862121,0.2355408995217374,-0.911793467453748,1.4334310345705716,0.9417254603327013,1.0806838983862121,0.0,0.0,3.3781576067293355,2.622080862536106,0.7560767441932295,3.353998975341355,2.273315076955143,0.4032861134633975,1.3066547403834425,True,True,False,R1_A3 (5.0um)
398,5,6,3,1,False,-2.116325405522872,0.2663225878901656,-0.01972439133452042,2.13310805973246,0.26705200323913,2.116325405522872,0.0,0.0,1.9370786190002127,1.4024689615311647,0.534609657469048,1.4811992241402194,0.6351261813826525,1.2483278554106623,1.250413500319232,True,True,False,R1_A3 (5.0um)
399,5,6,6,1,False,-4.892713126225431,0.6217836567574437,-0.3919161514238567,4.947611031709766,0.734991962920375,4.892713126225431,0.0,0.0,3.6623093049163566,1.5665254865444556,2.095783818371901,3.4619517072832764,1.4307614189421543,1.1947383903245665,0.6379058410611841,True,True,True,R1_A3 (5.0um)
399,6,7,6,2,True,-3.4619517072832764,0.606025882926474,-1.029627335757226,3.6623093049163566,1.1947383903245665,3.4619517072832764,1.5665254865444556,0.9778693253363699,4.277988551144383,0.7084015821349245,3.5695869690094586,4.006722615568151,0.5447709082848746,1.4991197169062709,0.4528327053755472,True,True,True,R1_A3 (5.0um)
399,7,8,6,3,True,-4.006722615568151,1.057671184509033,-1.0623989792335067,4.277988551144383,1.4991197169062709,4.006722615568151,0.7084015821349245,0.9960819116264991,2.390751845435874,5.057937641302918,-2.667185795867044,0.48183939585287305,4.488562011421024,2.3416928028798263,2.331425369368913,False,False,False,R1_A3 (5.0um)
399,8,9,6,4,True,0.48183939585287305,-1.0281979667190342,-2.103885482694821,2.390751845435874,2.3416928028798263,0.48183939585287305,5.057937641302918,-0.0765502841157012,4.871839375898318,6.423357056479134,-1.5515176805808153,1.8064886554396935,2.2883280512925666,4.524535074714418,6.001922242472643,False,False,False,R1_A3 (5.0um)
402,5,6,5,1,False,-4.308901538424578,0.8277036789758725,-1.2880992118156485,4.572846534436509,1.5311084088562408,4.308901538424578,0.0,0.0,1.3585502892809573,3.3915873561055228,-2.0330370668245656,1.191410182642727,3.1174913557818513,0.652840459224608,1.335706719575927,False,False,False,R1_A3 (5.0um)
402,6,7,5,2,True,-1.191410182642727,0.6518481903484883,0.035980577260488644,1.3585502892809573,0.652840459224608,1.191410182642727,3.3915873561055228,0.9057404120770751,4.120248817978296,5.187682202374918,-1.0674333843966224,3.6032637807016528,4.79467396334438,1.9982343327886192,1.9806938728801533,False,False,False,R1_A3 (5.0um)
402,7,8,5,3,True,3.6032637807016528,0.2711734805141859,1.9797488204822855,4.120248817978296,1.9982343327886192,3.6032637807016528,5.187682202374918,-0.7226300274456916,3.7834874802961274,7.854131254162625,-4.070643773866498,3.579668248767973,7.182932029469626,1.2250521386128717,3.1769270085467074,False,False,False,R1_A3 (5.0um)
403,5,6,3,1,False,-4.7144742366480425,-0.06232993409564358,0.5156306885568132,4.742997718287885,0.5193842774535445,4.7144742366480425,0.0,0.0,0.9276757834960585,3.8829915876150918,-2.9553158041190333,0.9017210645752485,3.812753172072794,0.21790245750405496,0.7352121587259122,False,False,False,R1_A3 (5.0um)
407,5,6,3,1,False,-4.033469487262153,0.08235101821250623,-1.5546751325351096,4.32350234909136,1.5568546682088527,4.033469487262153,0.0,0.0,4.629489100522703,7.6643031705798474,-3.034814070057145,3.3998361600816764,7.433305647343829,3.1421781325156575,1.8674876823493745,False,False,False,R1_A3 (5.0um)
410,5,6,4,1,False,-4.776206597739979,0.6549203805371278,-0.33678501497614377,4.832648788754494,0.7364406637030425,4.776206597739979,0.0,0.0,4.140162723457505,8.840052877588631,-4.699890154131126,4.0561987087224125,8.832405306462391,0.8295778517207993,0.36762940706372726,False,False,False,R1_A3 (5.0um)
410,6,7,4,2,True,4.0561987087224125,0.49329338889096874,-0.6669790435554628,4.140162723457505,0.8295778517207993,4.0561987087224125,8.840052877588631,-0.9409032091015791,4.713018458087142,6.18372226708958,-1.4707038090024378,0.25472313410134007,3.8014755746210724,4.706129950524496,4.877212783143553,False,False,False,R1_A3 (5.0um)
413,5,6,6,1,False,-1.08527491967671,0.331985863284217,0.13190262950637788,1.142556155456069,0.3572295019889365,1.08527491967671,0.0,0.0,4.083001050875798,3.104314908029236,0.9786861428465623,4.03143164414972,2.94615672447301,0.6468821221839114,0.9782288091520456,True,True,False,R1_A3 (5.0um)
413,6,7,6,2,True,-4.03143164414972,-0.4250501216877751,-0.48763600569930077,4.083001050875798,0.6468821221839114,4.03143164414972,3.104314908029236,0.8938325237612389,3.982761960422308,0.40656184154529257,3.5762001188770154,3.97482543952092,0.05660620462879962,0.25130769730405966,0.4026018735652159,True,True,True,R1_A3 (5.0um)
413,7,8,6,3,True,-3.97482543952092,-0.12724217641751068,-0.21671406799006832,3.982761960422308,0.25130769730405966,3.97482543952092,0.40656184154529257,0.9952266550434877,3.209381206083488,0.7868269004788461,2.422554305604642,3.194313795126943,0.780511644393977,0.31062373416017014,0.09948941794260233,True,True,True,R1_A3 (5.0um)
413,8,9,6,4,True,-3.194313795126943,-0.07505776748037363,-0.3014190368315681,3.209381206083488,0.31062373416017014,3.194313795126943,0.7868269004788461,0.999179375308482,4.426047127932436,6.953219715315173,-2.5271725873827373,2.649250427260574,5.843564222387517,3.5456121266064384,3.7682916007496283,False,False,False,R1_A3 (5.0um)
417,5,6,6,1,False,-1.952872217387378,0.40768532754127307,0.9502170531169156,2.209712576732577,1.0339824826014368,1.952872217387378,0.0,0.0,4.899217459056201,6.778453327781777,-1.8792358687255755,4.814629110105605,6.767501327492982,0.9064646949797944,0.3851691826932189,False,False,False,R1_A3 (5.0um)
417,6,7,6,2,True,4.814629110105605,0.025048920792343665,0.9061185324293675,4.899217459056201,0.9064646949797944,4.814629110105605,6.778453327781778,-0.788032742693718,2.622573130272149,5.501346037789916,-2.878772907517767,0.11334708675405825,4.701282023351547,2.6201225661311773,2.8570536509520412,False,False,False,R1_A3 (5.0um)
417,7,8,6,3,True,0.11334708675405825,-2.613192574242518,-0.1904385241320341,2.622573130272149,2.6201225661311773,0.11334708675405825,5.501346037789915,0.023948734161550536,1.8286748745329546,2.831800884269698,-1.0031260097367432,1.6628885401355724,1.7762356268896307,0.7608242240057177,2.205466673046465,False,False,False,R1_A3 (5.0um)
417,8,9,6,4,True,-1.6628885401355724,-0.4488438840474913,-0.6143229342838055,1.8286748745329546,0.7608242240057177,1.6628885401355724,2.831800884269698,0.22966240705654872,2.452668322464241,1.0481868485400596,1.4044814739241815,1.865706019751273,0.2028174796157005,1.5920813257756083,1.0283777221501236,True,True,True,R1_A3 (5.0um)
418,5,6,5,1,False,-4.228386292727045,-0.46386060749692604,-2.1939185305585767,4.7861984729467375,2.2424194928504617,4.228386292727045,0.0,0.0,2.4179126676202607,2.636340776359692,-0.21842810873943153,1.9833725876007655,2.2450137051262793,1.3829442674932235,1.3821020775948498,False,False,False,R1_A3 (5.0um)
418,6,7,5,2,True,-1.9833725876007655,0.5593302564242748,-1.264786350037319,2.4179126676202607,1.3829442674932235,1.9833725876007655,2.636340776359692,0.9420392183374587,3.8224545170085116,1.8686601228326498,1.9537943941758618,3.7417370447624627,1.7583644571616972,0.7813849387152568,0.6324911781640783,True,True,True,R1_A3 (5.0um)
418,7,8,5,3,True,-3.7417370447624627,0.17673175548458175,-0.7611361961268059,3.8224545170085116,0.7813849387152568,3.7417370447624627,1.8686601228326498,0.9178157607442338,4.157253415967574,0.5410609581370477,3.6161924578305262,4.0441315944345355,0.3023945496720728,0.9632007119341446,0.4486696967132997,True,True,True,R1_A3 (5.0um)
423,5,6,6,1,False,-1.9994268917855464,0.7450101965406759,1.4146010340136357,2.5600476897857263,1.5987921310733373,1.9994268917855464,0.0,0.0,3.715267859884969,2.5548111711460724,1.1604566887388965,3.650879709156925,1.6514528173713785,0.6886890589812525,1.9492982614799876,True,True,True,R1_A3 (5.0um)
423,6,7,6,2,True,-3.650879709156925,0.45883737666643754,-0.5135765587858785,3.715267859884969,0.6886890589812525,3.650879709156925,2.5548111711460724,0.7270327540879579,2.9125927712107065,0.8064907558579412,2.106102015352765,2.872711739127425,0.7781679700295001,0.4803372927312122,0.21185360441701295,True,True,True,R1_A3 (5.0um)
423,7,8,6,3,True,-2.872711739127425,0.2954347020028294,-0.3787377082373098,2.9125927712107065,0.4803372927312122,2.872711739127425,0.8064907558579412,0.999716292119519,3.041999359126913,0.409937056129558,2.632062302997355,3.0198127192091846,0.14710098008175976,0.36673047573249334,0.38263519394738654,True,True,True,R1_A3 (5.0um)
423,8,9,6,4,True,-3.0198127192091846,0.3667197760593979,-0.002801370722693264,3.041999359126913,0.36673047573249334,3.0198127192091846,0.409937056129558,0.9914615955946615,3.7257844560749604,5.494240631480448,-1.7684561754054875,1.1694792516591832,4.189291970868368,3.5374832993342125,3.5547873212652954,False,False,False,R1_A3 (5.0um)
425,5,6,4,1,False,-1.9615146474641634,1.0351786657049757,-0.24065114777532415,2.2309297517117783,1.0627830657553379,1.9615146474641634,0.0,0.0,2.2032163291464073,2.383120300917674,-0.1799039717712665,1.7057717930317438,0.2557428544324196,1.3944550129404103,2.369358132712888,False,False,False,R1_A3 (5.0um)
425,6,7,4,2,True,-1.7057717930317438,-1.0010995512478758,0.9707236844776901,2.2032163291464073,1.3944550129404103,1.7057717930317438,2.383120300917674,0.42235613630258906,4.467198835234872,6.604267502138903,-2.137068666904031,3.7537885522702226,5.459560345301966,2.421763187920905,3.716120298888924,False,False,False,R1_A3 (5.0um)
429,5,6,3,1,False,2.5985425964611943,-0.6712212559940838,3.2565166191579564,4.219936266221746,3.324971949558408,2.5985425964611943,0.0,0.0,3.4915942678788983,5.39506455743831,-1.903470289559412,0.1867156785820363,2.411826917879157,3.486598311658002,4.825951978327235,False,False,False,R1_A3 (5.0um)
437,5,6,5,1,False,-0.39289261726140445,-0.09266989278501114,-1.5254545861167657,1.5779619805407146,1.5282667971703952,0.39289261726140445,0.0,0.0,3.043199535035756,1.8814314154665663,1.1617681195691898,1.0907996386854086,0.6979070214240042,2.8409891865837196,1.7472006068427293,True,True,True,R1_A3 (5.0um)
437,6,7,5,2,True,-1.0907996386854086,1.362034600986462,-2.49320703191718,3.043199535035756,2.8409891865837196,1.0907996386854086,1.8814314154665663,0.854972130461506,1.14300424568335,2.2041847684134193,-1.0611805227300692,0.6782991728925358,0.4125004657928728,0.9199831181622115,2.165242217172569,False,False,False,R1_A3 (5.0um)
437,7,8,5,3,True,-0.6782991728925358,0.8313403665100196,-0.3940077825556898,1.14300424568335,0.9199831181622115,0.6782991728925358,2.2041847684134193,0.8206514566262504,3.398386151391808,3.7559334098451704,-0.35754725845336255,1.8320893845835413,2.510388557476077,2.862250324634085,2.793740336839548,False,False,False,R1_A3 (5.0um)
438,5,6,4,1,False,-3.1056219770070896,0.517929453560626,-0.8612815313429287,3.2641912718416877,1.0050158183322435,3.1056219770070896,0.0,0.0,0.7993760911281966,3.6392075705881823,-2.8398314794599857,0.1765162433571419,3.2821382203642315,0.7796436050519989,1.5720688420837858,False,False,False,R1_A3 (5.0um)
438,6,7,4,2,True,0.1765162433571419,0.34152736868217204,0.700858906870355,0.7993760911281966,0.7796436050519989,0.1765162433571419,3.6392075705881823,-0.37363903110197283,3.875882258717507,4.156054241603848,-0.2801719828863414,3.8452951569630045,4.021811400320146,0.4859716445205274,1.0477690200651293,False,False,False,R1_A3 (5.0um)
441,5,6,3,1,False,-1.5605370043134954,0.3855107082611795,-1.6249492240389571,2.285684630197391,1.6700534383332903,1.5605370043134954,0.0,0.0,2.2284237284549917,2.0427895963829394,0.18563413207205226,2.081576239710806,0.5210392353973106,0.7955580882705352,1.9752233924968992,True,False,False,R1_A3 (5.0um)
449,5,6,3,1,False,-3.2409752315889513,-0.28069392661426207,-0.3009599260338689,3.266999603503114,0.41154095484707787,3.2409752315889513,0.0,0.0,2.7018497637641206,1.2554829364169438,1.4463668273471768,2.453450971309614,0.7875242602793371,1.1316229395572286,0.9777744847896136,True,True,True,R1_A3 (5.0um)
451,5,6,5,1,False,1.027786841619978,0.8856751467027024,0.48975358167640337,1.442437114074263,1.0120667153165936,1.027786841619978,0.0,0.0,1.7678710906654669,2.255897127925851,-0.48802603726038396,1.044517398067228,2.072304239687206,1.4263069790005152,0.8914185268203342,False,False,False,R1_A3 (5.0um)
451,6,7,5,2,True,-1.044517398067228,0.5505369533768913,1.3157737880471956,1.7678710906654669,1.4263069790005152,1.044517398067228,2.255897127925851,0.02292533405500351,3.9190986801486947,3.5540436321295767,0.3650550480191179,3.8134401494046486,2.7689227513374206,0.9038853310303763,2.2280693293088527,True,False,False,R1_A3 (5.0um)
451,7,8,5,3,True,-3.8134401494046486,0.1919979728285952,-0.883258439009559,3.9190986801486947,0.9038853310303763,3.8134401494046486,3.5540436321295767,0.4224225481545313,3.9970145662010275,4.958477599914452,-0.9614630337134242,1.703497262413073,2.1099428869915755,3.6158294372625424,4.487164040068853,False,False,False,R1_A3 (5.0um)
452,5,6,3,1,False,3.4003115666853745,-0.8132167955197644,1.8421446035201825,3.9518270517987384,2.013657939371522,3.4003115666853745,0.0,0.0,2.1378036901330266,4.916219590587131,-2.7784159004541045,0.36662750358535234,3.766939070270727,2.1061312616171763,3.1590164772822265,False,False,False,R1_A3 (5.0um)
454,5,6,3,1,False,-1.626407601532847,-3.9726717532756055,-0.14310270334386743,4.295090328421747,3.9752483246934647,1.626407601532847,0.0,0.0,1.0375174284198376,3.9848863191982167,-2.947368890778379,0.6647586793515501,0.9616489221812969,0.7965791313496078,3.8671113673387607,False,False,False,R1_A3 (5.0um)
456,6,7,5,1,False,-1.384563699705609,0.491660074982029,0.5746321858144512,1.5776401417458012,0.7562617128383721,1.384563699705609,0.0,0.0,4.325773991181591,3.7099524612507704,0.6158215299308205,3.5643606294405856,2.1797969297349766,2.451051595963868,3.0020380760174605,True,True,False,R1_A3 (5.0um)
456,7,8,5,2,True,-3.5643606294405856,0.35975269216304895,-2.4245065325872943,4.325773991181591,2.451051595963868,3.5643606294405856,3.7099524612507704,0.5449121373382146,2.3629854150256184,2.120609328396829,0.24237608662878962,2.2075419628625497,1.356818666578036,0.8428870350318344,1.6297321957024256,True,False,False,R1_A3 (5.0um)
456,8,9,5,3,True,-2.2075419628625497,0.27426403598784077,-0.7970180627742494,2.3629854150256184,0.8428870350318344,2.2075419628625497,2.120609328396829,0.9684767527145766,2.6924750029883775,0.9391615579984365,1.753313444989941,2.6906245282283123,0.48308256536576266,0.0998062613939362,0.8053916234116693,True,True,True,R1_A3 (5.0um)
457,6,7,5,1,False,-4.212431352096715,0.9394199569772184,0.4791119683809768,4.342422829474386,1.0545416700220873,4.212431352096715,0.0,0.0,2.962216453444048,5.026318742377464,-2.0641022889334164,0.7752937802500952,3.4371375718466197,2.8589588789208125,3.6674194486280536,False,False,False,R1_A3 (5.0um)
457,7,8,5,2,True,-0.7752937802500952,-0.819491471681765,-2.7389924423409795,2.962216453444048,2.8589588789208125,0.7752937802500952,5.026318742377464,0.09202542595162547,3.404377003139316,3.400149167709722,0.004227835429594151,3.2056904168256324,2.430396636575537,1.1460068634070801,2.377853349472888,True,False,False,R1_A3 (5.0um)
457,8,9,5,3,True,-3.2056904168256324,0.6983805422738101,-0.9086233263291632,3.404377003139316,1.1460068634070801,3.2056904168256324,3.400149167709722,0.43648635833192057,3.332848097340872,1.208621837651538,2.124226259689334,3.324541522478853,0.11885110565322066,0.2351597441371749,1.2027639673407198,True,True,True,R1_A3 (5.0um)
458,6,7,4,1,False,2.2378735295988363,1.95532224995695,2.5673518751852527,3.9271692969202507,3.227162957179873,2.2378735295988363,0.0,0.0,2.9365482890833574,5.576107920539305,-2.6395596314559473,0.47157493478932366,1.7662985948095127,2.8984362913469113,5.288966705839158,False,False,False,R1_A3 (5.0um)
458,7,8,4,2,True,0.47157493478932366,-2.870339313702999,0.40259801192732425,2.9365482890833574,2.8984362913469113,0.47157493478932366,5.576107920539305,-0.3055327812441542,2.6464038562110717,4.406795809552819,-1.7603919533417476,2.427048546777989,2.898623481567313,1.0549354111753384,3.3193118592863304,False,False,False,R1_A3 (5.0um)
460,6,7,5,1,False,2.5690854715977878,0.400341889646441,1.101651711131396,2.823846717089871,1.1721391219665078,2.5690854715977878,0.0,0.0,4.545153229048159,4.621535489727043,-0.07638226067888354,0.580077838482076,3.1491633100798637,4.507984868744445,3.382508053095131,False,False,False,R1_A3 (5.0um)
460,7,8,5,2,True,-0.580077838482076,2.518341191107382,3.7389684703138,4.545153229048159,4.507984868744445,0.580077838482076,4.621535489727043,0.2833674382415892,4.7581621698236285,7.4881267354533705,-2.729964565629742,0.5415425317699061,0.03853530671216987,4.727244326309456,7.488027579833567,False,False,False,R1_A3 (5.0um)
460,8,9,5,3,True,-0.5415425317699061,-4.552336354948011,1.2739986781953903,4.7581621698236285,4.727244326309456,0.5415425317699061,7.488126735453372,-0.295319906568834,4.379735300182271,8.336095376011286,-3.956360075829015,2.4770449358991335,3.0185874676690396,3.611970332823783,7.770367804550062,False,False,False,R1_A3 (5.0um)
462,6,7,5,1,False,-3.515539920876705,0.06242256582170569,-1.2213711454770362,3.7221855121696237,1.2229652700414892,3.515539920876705,0.0,0.0,3.081099899532784,0.979366849833939,2.101733049698845,2.621356762519085,0.8941831583576203,1.619155741272714,0.3994945629958487,True,True,True,R1_A3 (5.0um)
462,7,8,5,2,True,-2.621356762519085,0.02367919143281938,-1.6189825849555888,3.081099899532784,1.619155741272714,2.621356762519085,0.979366849833939,0.9761009622358009,1.0532332861665517,2.5720372546721886,-1.518803968505637,0.14788391179345695,2.473472850725628,1.0427994551791144,0.7052004652188515,False,False,False,R1_A3 (5.0um)
462,8,9,5,3,True,-0.14788391179345695,-0.30755482573442094,-0.9964139365190192,1.0532332861665517,1.0427994551791144,0.14788391179345695,2.5720372546721886,0.614323203251878,1.1811532057967502,1.1907094536577798,-0.009556247861029599,0.9781134539454541,1.125997365738911,0.6621306266703226,0.3871936665017154,False,False,False,R1_A3 (5.0um)
463,6,7,4,1,False,-0.6378003515344943,1.414084668219303,0.5410078271475678,1.6428981119793622,1.5140425746747774,0.6378003515344943,0.0,0.0,4.484184679382604,4.209575232807927,0.27460944657467756,4.469351213564643,3.8315508620301486,0.3644337643769097,1.7434854838357368,True,False,False,R1_A3 (5.0um)
463,7,8,4,2,True,-4.469351213564643,-0.2977241280295928,0.210172101400123,4.484184679382604,0.3644337643769097,4.469351213564643,4.209575232807927,0.3452193826365124,4.554186439809568,1.4782679392964884,3.0759185005130796,4.386979389252293,0.08237182431235013,1.222712544640369,1.4759711998922407,True,True,True,R1_A3 (5.0um)
464,6,7,4,1,False,4.160821536939082,-0.7582087116928662,2.4471846337284653,4.886310361029044,2.561951030375811,4.160821536939082,0.0,0.0,4.732289133604091,9.426285426637383,-4.693996293033292,4.284421066406004,8.445242603345086,2.009551335438783,4.187210803754859,False,False,False,R1_A3 (5.0um)
464,7,8,4,2,True,-4.284421066406004,-1.0192572999623621,-1.7318808060132866,4.732289133604091,2.009551335438783,4.284421066406004,9.426285426637383,-0.9208032988350652,4.031273255506915,1.6417830013566646,2.3894902541502505,3.777791783452834,0.5066292829531704,1.4069304536620073,1.561658795383311,True,True,True,R1_A3 (5.0um)
467,6,7,5,1,False,-2.3038240090937308,0.10035871163323407,-0.5448226325704013,2.36949543929469,0.5539887832453155,2.3038240090937308,0.0,0.0,4.859953509363672,2.519596500480832,2.3403570088828403,4.56860444148694,2.2647804323932093,1.6574080880706696,1.1041449715884606,True,True,True,R1_A3 (5.0um)
467,7,8,5,2,True,-4.56860444148694,0.23191951551953593,-1.6411017362501497,4.859953509363672,1.6574080880706696,4.56860444148694,2.519596500480832,0.9936614397493336,2.905362778435107,2.6598932393099077,0.2454695391251991,2.784010138252121,1.7845943032348188,0.8309154135202746,1.9723729914466952,True,False,False,R1_A3 (5.0um)
467,8,9,5,3,True,-2.784010138252121,0.792429479313796,0.2499518848499349,2.905362778435107,0.8309154135202746,2.784010138252121,2.6598932393099077,0.8847512851360755,4.5236201966905565,2.4686885595454218,2.0549316371451347,4.239345493862082,1.4553353556099609,1.5783185570657057,1.9940968398606116,True,True,True,R1_A3 (5.0um)
472,6,7,5,1,False,0.24025115407656017,1.0381146003118005,0.531389929821156,1.1907047484288376,1.1662148948182158,0.24025115407656017,0.0,0.0,4.851875932342785,3.9857791727565486,0.8660967595862363,1.1060288942512813,1.3462800483278414,4.724129565108101,3.751528441242884,True,True,False,R1_A3 (5.0um)
472,7,8,5,2,True,-1.1060288942512813,2.609744621316814,3.9378462589893495,4.851875932342785,4.724129565108101,1.1060288942512813,3.9857791727565486,0.7851656577455195,3.879262045298091,5.08603298263204,-1.2067709373339492,0.08750504528590852,1.1935339395371898,3.878274988076508,4.944007305374234,False,False,False,R1_A3 (5.0um)
472,8,9,5,3,True,0.08750504528590852,-2.2701799216350267,3.1444077354161664,3.879262045298091,3.878274988076508,0.08750504528590852,5.086032982632033,0.33795150881755087,3.160356171062927,4.034777024846837,-0.8744208537839095,2.7066587181098356,2.794163763395744,1.6315176099740836,2.910682824279901,False,False,False,R1_A3 (5.0um)
473,6,7,5,1,False,-0.8446476509414698,-0.45357357285816136,-0.7617945664643031,1.2245364844424997,0.8866002185257194,0.8446476509414698,0.0,0.0,1.89874087077133,1.0195228805601195,0.8792179902112105,1.6895985783675673,0.8449509274260976,0.8662987581174082,0.5705127818264737,True,True,False,R1_A3 (5.0um)
473,7,8,5,2,True,-1.6895985783675673,0.10851474289191287,-0.8594754731176835,1.89874087077133,0.8662987581174082,1.6895985783675673,1.0195228805601195,0.8742245458924461,4.803197839684639,3.266607677436413,1.5365901622482263,4.696416183012419,3.0068176046448514,1.0071665815992152,1.2766258695030093,True,True,True,R1_A3 (5.0um)
473,8,9,5,3,True,-4.696416183012419,-0.9864690147952047,-0.20313396057584043,4.803197839684639,1.0071665815992152,4.696416183012419,3.266607677436413,0.8774754078547984,1.7009767306946733,3.128983999652044,-1.4280072689573708,1.6087853622863824,3.0876308207260363,0.5523870893294057,0.5070274006216675,False,False,False,R1_A3 (5.0um)
476,6,7,5,1,False,-0.8143187062515764,-0.1889976177643149,-2.803739615784316,2.925712030940539,2.8101024772486447,0.8143187062515764,0.0,0.0,3.7649321665579394,4.018725904020882,-0.25379373746294265,3.7370084240984482,2.922689717846872,0.457692316955279,2.758268062542259,False,False,False,R1_A3 (5.0um)
476,7,8,5,2,True,-3.7370084240984482,-0.45397322052866684,-0.05822861876021079,3.7649321665579394,0.457692316955279,3.7370084240984482,4.018725904020882,0.29887803244456984,4.345209137267667,1.6692199344547534,2.6759892028129135,4.0466397915442585,0.3096313674458102,1.5828925560773437,1.6402510801321757,True,True,True,R1_A3 (5.0um)
476,8,9,5,3,True,-4.0466397915442585,0.17468631470563878,-1.5732239305132723,4.345209137267667,1.5828925560773437,4.0466397915442585,1.6692199344547534,0.9251326092696416,2.0494575989334773,2.4676148833777107,-0.4181572844442334,1.7179065939379434,2.328733197606315,1.1176195167993035,0.8161647548341334,False,False,False,R1_A3 (5.0um)
477,6,7,5,1,False,-0.9291836092433279,0.9519836333590277,1.7431764986117884,2.1927880251365766,1.9861865832534238,0.9291836092433279,0.0,0.0,3.718377696844965,2.8437569565733023,0.8746207402716628,3.504103579474638,2.57491997023131,1.2440220258126855,1.2069551669233778,True,True,False,R1_A3 (5.0um)
477,7,8,5,2,True,-3.504103579474638,-0.14312833249588408,1.2357609320350136,3.718377696844965,1.2440220258126855,3.504103579474638,2.8437569565733023,0.6468112348413844,3.1156936491840876,1.4144206121842686,1.701273036999819,3.1012320381969083,0.4028715412777295,0.2998445611097598,1.355831917827659,True,True,True,R1_A3 (5.0um)
477,8,9,5,3,True,-3.1012320381969083,0.2961479092556587,-0.04693800880530219,3.1156936491840876,0.2998445611097598,3.1012320381969083,1.4144206121842686,0.9293348482977587,3.3766004607195543,1.1322671544269358,2.2443333062926185,3.2250078418006076,0.12377580360369933,1.0003774745845155,1.1254814345142834,True,True,True,R1_A3 (5.0um)
483,6,7,3,1,False,0.5498228728155823,-0.1486263546272255,-1.0538340648474076,1.1978986689172704,1.0642631392294803,0.5498228728155823,0.0,0.0,3.1992556922063233,3.446343454626918,-0.24708776242059471,2.6859604587898787,2.1361375859742964,1.7380602400181147,2.704477661404824,False,False,False,R1_A3 (5.0um)
484,6,7,4,1,False,-1.7026822921208904,0.011497382175122084,0.3609096532797196,1.7405501875928246,0.3610927410338904,1.7026822921208904,0.0,0.0,3.9498176816292743,2.539439817768593,1.4103778638606812,3.7528400544155573,2.050157762294667,1.2317675284263219,1.4985351973749264,True,True,True,R1_A3 (5.0um)
484,7,8,4,2,True,-3.7528400544155573,0.8851329362233571,-0.8566159753927707,3.9498176816292743,1.2317675284263219,3.7528400544155573,2.539439817768593,0.8859691207250951,3.7201099959597377,1.384960431707672,2.335149564252066,3.0612241702511156,0.6916158841644418,2.113793973288298,1.1999095241589421,True,True,True,R1_A3 (5.0um)
488,6,7,5,1,False,-0.980193660386135,1.8851276357689812,3.5912203562674065,4.172690913819345,4.055930207783333,0.980193660386135,0.0,0.0,1.1665619399874327,3.5133481732406078,-2.346786233253175,1.0050814930571335,0.024887832670998478,0.5921806752514691,3.51326002200208,False,False,False,R1_A3 (5.0um)
488,7,8,5,2,True,-1.0050814930571335,0.06020479729745887,0.5891123275943713,1.1665619399874327,0.5921806752514691,1.0050814930571335,3.5133481732406078,0.6603321544391184,2.704969094713518,1.7381774114853121,0.966791683228206,2.6544132920339365,1.649331798976803,0.5205265396008447,0.5486030720673403,True,True,False,R1_A3 (5.0um)
488,8,9,5,3,True,-2.6544132920339365,0.46979471152936014,0.22414461280136777,2.704969094713518,0.5205265396008447,2.6544132920339365,1.7381774114853121,0.8962824850123458,1.3993611659559078,4.053627870849319,-2.654266704893412,1.2199685547588075,3.874381846792744,0.6854840612189201,1.192083982179625,False,False,False,R1_A3 (5.0um)
496,6,7,3,1,False,0.0788237371182614,1.3320941603628427,0.11949483870033362,1.3397638038408466,1.337443033758375,0.0788237371182614,0.0,0.0,2.9187227983577952,2.144958970134207,0.7737638282235881,1.6731326399497561,1.5943089028314947,2.391562238953509,1.4349313941479684,True,True,False,R1_A3 (5.0um)
497,6,7,4,1,False,-3.6975896541414244,0.4479431372880214,-0.20497428912976545,3.730259610786009,0.4926129448641071,3.6975896541414244,0.0,0.0,3.7316306598069966,1.1181404770435335,2.613490182763463,3.5663323134384655,0.1312573407029589,1.0983356551329129,1.1104096707588276,True,True,True,R1_A3 (5.0um)
497,7,8,4,2,True,-3.5663323134384655,0.647173733057798,0.8874161203044935,3.7316306598069966,1.0983356551329129,3.5663323134384655,1.1181404770435335,0.9550919311887764,4.24149052959472,3.032075844971329,1.2094146846233906,3.615065629570765,0.048733316132299365,2.2184549593214262,3.031684184336711,True,True,True,R1_A3 (5.0um)
499,6,7,3,1,False,-0.5856064961152114,0.8773831472028988,0.12757023117364952,1.0625489725982973,0.8866089052549393,0.5856064961152114,0.0,0.0,4.386028733364114,3.9280681586625716,0.4579605747015423,4.3752098648998725,3.789603368784661,0.30787446788984746,1.033743568973812,True,False,False,R1_A3 (5.0um)
508,6,7,5,1,False,2.8642207294336313,-0.8898030511033568,-1.9601811665560689,3.5829903798909752,2.152686618036623,2.8642207294336313,0.0,0.0,2.8938268507333698,4.570414543477898,-1.676587692744528,1.7741962859562417,1.0900244434773896,2.2861455292532207,4.438528563821133,False,False,False,R1_A3 (5.0um)
508,7,8,5,2,True,1.7741962859562417,0.895997805140226,2.1032473259482316,2.8938268507333698,2.2861455292532207,1.7741962859562417,4.570414543477898,0.015593534664586137,1.6397384223836475,2.899505783953022,-1.2597673615693745,0.12923496278927438,1.6449613231669664,1.6346377024386987,2.3877261225822806,False,False,False,R1_A3 (5.0um)
508,8,9,5,3,True,0.12923496278927438,-1.2490617443222902,1.0544596612031327,1.6397384223836475,1.6346377024386987,0.12923496278927438,2.8995057839530225,0.27984989446873776,2.1323826301386504,2.5836515693987634,-0.451268939260113,2.1052549940556275,2.234489956844902,0.33905322785790887,1.2970389604078825,False,False,False,R1_A3 (5.0um)
509,6,7,3,1,False,-0.19610236830538952,-0.4302700475739485,-1.834936142733222,1.894882344791609,1.88470765949204,0.19610236830538952,0.0,0.0,2.407199580732929,3.4676032366588077,-1.0604036559258785,2.15872941517938,1.9626270468739904,1.0651277545534537,2.8587352591251465,False,False,False,R1_A3 (5.0um)
510,7,8,3,1,False,-3.9421804137829497,0.7862618610439114,0.9630246820831623,4.1335711760229215,1.243231375261102,3.9421804137829497,0.0,0.0,3.7269743221045792,2.949699776421666,0.7772745456829133,3.1921651618414586,0.7500152519414911,1.9236473629936919,2.852754089100069,True,True,False,R1_A3 (5.0um)
511,7,8,3,1,False,-4.326893091926806,0.26984111320591353,-2.195239813980699,4.859413122613279,2.2117622085708537,4.326893091926806,0.0,0.0,2.648272024364341,7.255868103934137,-4.607596079569796,1.5461283562814003,5.873021448208206,2.1500771662741274,4.260896737844646,False,False,False,R1_A3 (5.0um)
513,7,8,3,1,False,-1.1147623252667103,0.8434681316872386,0.5165147253021658,1.4902754753601684,0.9890530575383368,1.1147623252667103,0.0,0.0,1.9414062040520754,1.2824967172508008,0.6589094868012746,1.595959048544593,0.48119672327788265,1.105428769528153,1.1888008846168097,True,True,False,R1_A3 (5.0um)
515,7,8,4,1,False,-3.496820784411888,-0.4572381846170188,-0.7113562896086787,3.5976172846111165,0.8456326201357734,3.496820784411888,0.0,0.0,3.9187143408232705,1.7058123716907834,2.212901969132487,3.1921016844540375,0.3047190999578504,2.273061574414485,1.67837484416748,True,True,True,R1_A3 (5.0um)
515,8,9,4,2,True,-3.1921016844540375,0.1743362518166549,-2.2663662087981673,3.9187143408232705,2.273061574414485,3.1921016844540375,1.7058123716907834,0.9004580199227097,2.219204798159856,1.7425505476382848,0.4766542505215712,1.9523448238844026,1.239756860569635,1.0550922352228302,1.2245347433801168,True,False,False,R1_A3 (5.0um)
519,7,8,3,1,False,-4.58705882009806,-0.4008577774502129,-0.1282803505097121,4.606327325007269,0.42088336397298837,4.58705882009806,0.0,0.0,3.5992745040020413,1.5702334143540622,2.029041089647979,3.420717580050492,1.1663412400475686,1.1195839373145047,1.0513234931829096,True,True,True,R1_A3 (5.0um)
520,7,8,3,1,False,-2.236463856688246,1.1399497384423967,1.2267063287084796,2.793933500522371,1.6746025866062446,2.236463856688246,0.0,0.0,3.1414378606537046,2.6647341721961144,0.47670368845759015,2.832408411000756,0.5959445543125099,1.3587105746407862,2.5972405157503173,True,False,False,R1_A3 (5.0um)
523,7,8,3,1,False,-4.432314897604911,-0.8513638726868962,-1.2158875954510346,4.674250575227922,1.4843190655947691,4.432314897604911,0.0,0.0,3.6362343457352795,1.355943098641783,2.2802912470934964,3.505191486078701,0.9271234115262104,0.9673845476470391,0.9894563489888181,True,True,True,R1_A3 (5.0um)
524,7,8,4,1,False,-0.39266437948033683,0.00045391166219133083,-0.9788434909136043,1.0546658715690038,0.9788435961581036,0.39266437948033683,0.0,0.0,1.4504263918369613,1.466279615892509,-0.015853224055547788,1.4487001602337273,1.0560357807533904,0.07074294223425677,1.0172336711643306,False,False,False,R1_A3 (5.0um)
524,8,9,4,2,True,-1.4487001602337273,-0.06056437305048945,0.036558454466245394,1.4504263918369613,0.07074294223425677,1.4487001602337273,1.466279615892509,0.3484573130239059,1.8961651799420685,1.4543703726587696,0.4417948072832989,1.2732433324194972,0.1754568278142301,1.4050956572682272,1.4437479289824022,True,False,False,R1_A3 (5.0um)
526,7,8,4,1,False,-0.7615955487007113,-0.029376868012541024,-2.3441163125785067,2.464908125482899,2.3443003833278024,0.7615955487007113,0.0,0.0,2.487930768445051,4.470662513403719,-1.9827317449586674,1.3529860481691145,0.5913904994684032,2.0878764958769245,4.4313745707050956,False,False,False,R1_A3 (5.0um)
526,8,9,4,2,True,-1.3529860481691145,-0.0534177410097314,2.0871930449722953,2.487930768445051,2.0878764958769245,1.3529860481691145,4.470662513403719,-0.6295332724296144,2.035951602357026,4.26547314390201,-2.2295215415449845,0.21842884988549827,1.1345571982836162,2.02420052481908,4.111817250945393,False,False,False,R1_A3 (5.0um)
528,7,8,4,1,False,-3.897439808163284,0.4582027236291779,-1.396057240222632,4.165208591676422,1.4693282662220952,3.897439808163284,0.0,0.0,3.530209629402172,1.5015880990144064,2.0286215303877655,3.493991906906146,0.40344790125713814,0.5043813854596296,1.4463736066704582,True,True,True,R1_A3 (5.0um)
528,8,9,4,2,True,-3.493991906906146,0.5019312145745332,0.04965518939556546,3.530209629402172,0.5043813854596296,3.493991906906146,1.5015880990144064,0.9370397290734155,1.6815673292319118,2.3260038130194927,-0.6444364837875809,1.4145850553737347,2.0794068515324113,0.9091852417705824,1.0422863733069154,False,False,False,R1_A3 (5.0um)
530,7,8,3,1,False,0.6408904788308831,-0.7640096113867259,-1.798218369094272,2.0562199773116294,1.953791183632314,0.6408904788308831,0.0,0.0,0.8104757916933534,1.3023218686846694,-0.491846076991316,0.11542952574549759,0.5254609530853855,0.8022138327822187,1.191609431163134,False,False,False,R1_A3 (5.0um)
532,7,8,3,1,False,-4.211797473159798,-0.7213433795831321,-1.2989630032528687,4.46619291007491,1.4858132975202931,4.211797473159798,0.0,0.0,3.8126978185036453,1.4075324200335904,2.405165398470055,3.376800681869099,0.834996791290699,1.770277325774367,1.1331054107980654,True,True,True,R1_A3 (5.0um)
535,7,8,4,1,False,-4.323122740643605,-0.15327523516570807,0.5395305842124287,4.359355087588711,0.5608801556622481,4.323122740643605,0.0,0.0,3.6893111730170083,1.9320832957660827,1.7572278772509256,3.463187849069314,0.8599348915742908,1.271749524633995,1.730161219086661,True,True,True,R1_A3 (5.0um)
535,8,9,4,2,True,-3.463187849069314,-0.5586803039131354,-1.1424636411835252,3.6893111730170083,1.271749524633995,3.463187849069314,1.9320832957660827,0.8979051341499932,4.199693092359927,0.7791419957076549,3.4205510966522716,3.685672371375304,0.22248452230599014,2.0132663114691076,0.7467013370883855,True,True,True,R1_A3 (5.0um)
536,7,8,4,1,False,-4.41383034746557,-0.6163724053081694,0.09442092341778618,4.457659541621868,0.6235625492317877,4.41383034746557,0.0,0.0,2.8979155586919445,1.8205424406310542,1.0773731180608903,2.8390600600600386,1.5747702874055314,0.581078790424099,0.9134951122165766,True,True,True,R1_A3 (5.0um)
536,8,9,4,2,True,-2.8390600600600386,-0.0014124263211385824,-0.581077073831537,2.8979155586919445,0.581078790424099,2.8390600600600386,1.8205424406310542,0.9658778881726408,1.6441824628825912,2.6265434238515346,-0.9823609609689434,0.9264318597855823,1.9126282002744563,1.3583298496406866,1.8001621385010396,False,False,False,R1_A3 (5.0um)
547,7,8,3,1,False,-0.23609259537684935,-0.3198132866716463,-1.469770804674777,1.522578888004769,1.5041631416193064,0.23609259537684935,0.0,0.0,4.57068326142618,5.831259923096339,-1.260576661670159,1.0626230707250812,1.2987156661019306,4.445444599344846,5.684798141476173,False,False,False,R1_A3 (5.0um)
551,7,8,3,1,False,-3.9442580742014233,0.5747351497349484,-0.3407590209454554,4.0004510943891916,0.6681595637993659,3.9442580742014233,0.0,0.0,3.3591482674036053,1.536794638571369,1.8223536288322362,3.18108174373584,0.7631763304655834,1.0791645018583549,1.333903913240677,True,True,True,R1_A3 (5.0um)
553,7,8,4,1,False,-3.2546826865296765,-0.0494133228437903,-1.2230204011679007,3.4772374046279024,1.2240182098920576,3.2546826865296765,0.0,0.0,4.62219999426219,4.693790382591372,-0.07159038832918174,3.0556448153319593,0.1990378711977172,3.468107199827062,4.689568432333229,False,False,False,R1_A3 (5.0um)
553,8,9,4,2,True,-3.0556448153319593,-0.1207015484029057,3.466006157770849,4.62219999426219,3.468107199827062,3.0556448153319593,4.693790382591372,0.35539754377471194,4.091956521691728,7.678701259345768,-3.5867447376540404,3.451323812179787,6.506968627511746,2.1982884521591446,4.076985689312165,False,False,False,R1_A3 (5.0um)
556,7,8,3,1,False,-0.31654618469731943,0.7264907932311502,-0.30876521490269226,0.8504859302951231,0.7893825628828721,0.31654618469731943,0.0,0.0,3.775639971110028,3.981660149206881,-0.2060201780968529,3.1930275564144655,3.509573741111785,2.0149521620677753,1.8805610065830862,False,False,False,R1_A3 (5.0um)
557,7,8,4,1,False,-3.5310545255438512,-1.998101494664425,-1.9389304934556293,4.496688459721889,2.7842164142595487,3.5310545255438512,0.0,0.0,2.854121190826985,5.451937492691477,-2.597816301864492,1.0523552243937573,4.5834097499376085,2.6530277521388297,2.9522834363238055,False,False,False,R1_A3 (5.0um)
557,8,9,4,2,True,1.0523552243937573,0.9012944410058097,-2.495240386061198,2.854121190826985,2.6530277521388297,1.0523552243937573,5.451937492691477,-0.052882874606379006,2.764525767163401,4.805356432808679,-2.040830665645278,2.744429402909219,3.7967846273029764,0.33273107723466083,2.945484160577265,False,False,False,R1_A3 (5.0um)
561,7,8,4,1,False,-4.278068090623471,0.5945502904843565,-0.21378310849444304,4.324472205183349,0.6318174304279516,4.278068090623471,0.0,0.0,3.516689433412776,1.1837866961302208,2.332902737282555,3.4581905111898337,0.819877579433637,0.6387667488165524,0.853903798256539,True,True,True,R1_A3 (5.0um)
561,8,9,4,2,True,-3.4581905111898337,-0.1569874438472354,-0.6191751786594644,3.516689433412776,0.6387667488165524,3.4581905111898337,1.1837866961302208,0.9753798488392834,4.044756434603859,7.510125471714728,-3.465369037110869,3.9810082705570196,7.439198781746853,0.7152815984113722,1.0297116521407828,False,False,False,R1_A3 (5.0um)
562,7,8,3,1,False,-2.0823157605165186,-2.747742232230138,3.170216367878993,4.683630869362403,4.195278202211259,2.0823157605165186,0.0,0.0,4.709446438883912,8.0307701686251,-3.321323729741188,3.968013979784466,6.050329740300985,2.536483947702292,5.280793456944539,False,False,False,R1_A3 (5.0um)
563,7,8,4,1,False,-3.027554164658852,0.3220866835539411,-1.3896387626231927,3.346777545976257,1.4264766813052692,3.027554164658852,0.0,0.0,0.4157932180252838,2.9953815813903604,-2.5795883633650765,0.3899257672975409,2.6376283973613113,0.14436722672838578,1.4195870017599548,False,False,False,R1_A3 (5.0um)
563,8,9,4,2,True,-0.3899257672975409,0.14316049786125262,0.0186270772093593,0.4157932180252838,0.14436722672838578,0.3899257672975409,2.9953815813903604,0.8628734455002641,3.3547276663406693,2.960012809198346,0.39471485714232335,3.129584053998485,2.7396582867009442,1.208263780914548,1.1206909934184046,True,False,False,R1_A3 (5.0um)
565,7,8,4,1,False,-3.350577598986277,0.3249126833383542,-2.3627836675941722,4.112746668404528,2.385018849326751,3.350577598986277,0.0,0.0,1.4493812324416981,2.748701345111335,-1.299320112669637,0.9139487022337178,2.436628896752559,1.1249016519854165,1.2720843934768127,False,False,False,R1_A3 (5.0um)
565,8,9,4,2,True,-0.9139487022337178,0.27065069850903,-1.0918570996408334,1.4493812324416981,1.1249016519854165,0.9139487022337178,2.748701345111335,0.9612608240581065,2.753047484445354,2.452717523779022,0.3003299606663319,2.683520955327573,1.7695722530938554,0.6148054439647397,1.6983631215181971,True,False,False,R1_A3 (5.0um)
567,7,8,3,1,False,-3.6007659048347005,-0.4290513152069053,-0.9382518776935314,3.745653042994809,1.0316984138187926,3.6007659048347005,0.0,0.0,2.7488454199766967,1.689167478107375,1.0596779418693216,2.7030527724899915,0.897713132344709,0.4996567342296434,1.4308731254417635,True,True,True,R1_A3 (5.0um)
569,7,8,3,1,False,-2.3320537346207573,-0.32420316778780744,-1.9534903080634116,3.059363773541805,1.9802101094836708,2.3320537346207573,0.0,0.0,1.7486680039500202,1.629799106479414,0.11886889747060625,0.9883762755978296,1.3436774590229277,1.4425505626749835,0.9223752021790181,True,False,False,R1_A3 (5.0um)
573,7,8,4,1,False,-3.961975162501041,0.5393388643555284,1.3776635081526116,4.229194999119197,1.4794739444477123,3.961975162501041,0.0,0.0,3.3805675779457918,5.172852960103545,-1.7922853821577531,0.5567313827404128,3.405243779760628,3.3344095903968105,3.893934070737916,False,False,False,R1_A3 (5.0um)
573,8,9,4,2,True,-0.5567313827404128,-3.278155868371286,0.6099027948723688,3.3805675779457918,3.3344095903968105,0.5567313827404128,5.172852960103545,0.0893860785940526,2.203248774966207,2.6425106925704274,-0.4392619176042203,1.8412636166489627,1.2845322339085499,1.209980767778924,2.309294199620081,False,False,False,R1_A3 (5.0um)
580,7,8,4,1,False,-0.8846861343971497,-0.2601405695057082,-1.1499120064430244,1.4739878883013755,1.1789702025346427,0.8846861343971497,0.0,0.0,4.946280764776136,4.530356009743098,0.4159247550330383,0.5869626452789269,1.4716487796760767,4.911330599444673,4.284667483515299,True,False,False,R1_A3 (5.0um)
580,8,9,4,2,True,0.5869626452789269,-4.436673297966863,-2.1064420960827306,4.946280764776136,4.911330599444673,0.5869626452789269,4.530356009743098,0.41931224261205874,1.733320251570877,6.109543573237853,-4.376223321666976,1.2608365781463071,0.6738739328673802,1.1894075070025576,6.072266182892002,False,False,False,R1_A3 (5.0um)
581,7,8,4,1,False,1.4523162144592305,-0.7793509041776687,-0.37500077341262283,1.690336001712028,0.8648776860935973,1.4523162144592305,0.0,0.0,0.6518750136177357,1.963900790825566,-1.3120257772078303,0.09142460681106002,1.3608916076481705,0.6454320836839195,1.4159379747849343,False,False,False,R1_A3 (5.0um)
581,8,9,4,2,True,0.09142460681106002,0.2534824023427831,0.5935732864197121,0.6518750136177357,0.6454320836839195,0.09142460681106002,1.963900790825566,-0.2607931052443892,1.6912762118865585,2.182332662167486,-0.49105645028092737,1.0842295825625996,0.9928049757515396,1.2980221250770259,1.943428446968401,False,False,False,R1_A3 (5.0um)
582,8,9,3,1,False,-2.0399918825967376,0.7202606228990902,-0.09147589012202673,2.1653429484571687,0.726046281839252,2.0399918825967376,0.0,0.0,2.590749094372918,1.1646671310300252,1.426081963342893,2.516310118709697,0.4763182361129594,0.6165746154953892,1.0628125253533425,True,True,True,R1_A3 (5.0um)
583,8,9,3,1,False,-3.7298880309018188,0.2099960025975136,-1.6297177424024065,4.075799671729804,1.6431914803236205,3.7298880309018188,0.0,0.0,3.4785076368441583,0.9946799758231187,2.4838276610210395,2.965131591912993,0.764756438988826,1.818793562288654,0.6360313226002396,True,True,True,R1_A3 (5.0um)
584,8,9,3,1,False,-1.701799851390831,0.044838119308344915,-0.7677030665552991,1.8674852581842176,0.7690113492930513,1.701799851390831,0.0,0.0,1.6176870870872675,2.587965474814488,-0.9702783877272203,0.4482859725406456,1.2535138788501854,1.5543330397801418,2.264126377736397,False,False,False,R1_A3 (5.0um)
586,8,9,3,1,False,0.6760008790546266,0.32785518809666314,-0.21897086825004664,0.7825691368733536,0.3942553303432658,0.6760008790546266,0.0,0.0,4.495267611892154,3.754511335279227,0.740756276612927,4.18806072011521,3.5120598410605837,1.6332722697562252,1.327324767925963,True,True,False,R1_A3 (5.0um)
587,8,9,3,1,False,-2.1630720631509206,0.3190621333959953,-1.039802369353552,2.4211299764086283,1.0876532592147483,2.1630720631509206,0.0,0.0,0.502308858327923,2.891492575197848,-2.389183716869925,0.33318859683640767,2.4962606599873283,0.37589832148186997,1.459250502766373,False,False,False,R1_A3 (5.0um)
591,8,9,3,1,False,-3.066267009531842,0.06862028579378432,-0.7947661961410759,3.168336381114594,0.7977230410054456,3.066267009531842,0.0,0.0,1.0096554426176312,2.602321970064528,-1.592666527446897,0.6014606221280943,2.4648063874037476,0.8109557526996715,0.8347509260217764,False,False,False,R1_A3 (5.0um)
593,8,9,3,1,False,-3.2270922798862784,0.32707250960141465,-1.8787034516294945,3.7484166882302667,1.906961742065515,3.2270922798862784,0.0,0.0,1.0127908196175395,2.808450450089914,-1.7956596304723744,0.9048285018998996,2.322263777986379,0.45500618287134403,1.5793938318426688,False,False,False,R1_A3 (5.0um)
594,8,9,3,1,False,-3.4131565795056886,-0.41543519283401054,-1.389864848751774,3.7086316254737133,1.4506242439862995,3.4131565795056886,0.0,0.0,2.1204895475970265,1.6947980294560503,0.42569151814097617,1.8587675701606834,1.5543890093450052,1.020519005990183,0.6754370202139974,True,False,False,R1_A3 (5.0um)
595,8,9,3,1,False,-3.309702708038401,0.4935698143194358,2.7995652065712022,4.362947229001069,2.842741020116215,3.309702708038401,0.0,0.0,0.656941499592079,4.788400936411673,-4.131459436819593,0.6170902011258477,3.9267929091642486,0.22532602504094026,2.740270237835232,False,False,False,R1_A3 (5.0um)
598,8,9,3,1,False,-1.9179970536313249,0.14229838556215668,-1.4193850278644433,2.3903170052521876,1.426500153473298,1.9179970536313249,0.0,0.0,2.1224446281419898,4.493833871775459,-2.3713892436334696,1.7672558455868028,3.6852528992181277,1.1754054516497974,2.5716636513978264,False,False,False,R1_A3 (5.0um)
599,8,9,3,1,False,-1.6800451022817953,0.17835033789904742,0.10607681396602686,1.692812062572492,0.20751176711186153,1.6800451022817953,0.0,0.0,1.9925848940246016,2.4622306150064164,-0.4696457209818148,0.07018100629431956,1.6098640959874757,1.9913485848164678,1.8630397725022685,False,False,False,R1_A3 (5.0um)
602,8,9,3,1,False,-3.332344059129227,1.2660744047839927,-0.7799604569676997,3.649082027208522,1.487038235178371,3.332344059129227,0.0,0.0,1.2563792501759399,2.5749362265694966,-1.3185569763935567,0.9841016041792088,2.348242454950018,0.7810459992372822,1.0564345430126134,False,False,False,R1_A3 (5.0um)
606,8,9,3,1,False,0.6995211227487772,0.3435257804373464,-1.2044773224422087,1.434609836601698,1.252507717382468,0.6995211227487772,0.0,0.0,3.534469547927422,3.6996744845182974,-0.1652049365908752,2.566159556378693,1.866638433629916,2.4304938009451056,3.1942530033626615,False,False,False,R1_A3 (5.0um)
607,8,9,3,1,False,-2.5420142628872213,0.12837063995804243,-1.5412721100890074,2.9755394891117684,1.5466087865201914,2.5420142628872213,0.0,0.0,1.5505095057814253,1.5171911425454596,0.03331836323596571,1.130099029662503,1.4119152332247182,1.061581796506717,0.5553056250447913,True,False,False,R1_A3 (5.0um)
610,8,9,3,1,False,-2.431759124785456,-1.060406771603084,-0.538854003885902,2.7070793486233224,1.1894646521715317,2.431759124785456,0.0,0.0,2.6803197189797174,0.2149441598106797,2.4653755591690376,2.479701330199645,0.0479422054141887,1.0174453837713469,0.20952932199752558,True,True,True,R1_A3 (5.0um)
612,8,9,3,1,False,2.173309406102348,2.0708997954278416,-0.8909645697155675,3.131408245796843,2.2544276052230026,2.173309406102348,0.0,0.0,3.5830693346936204,5.654001245281218,-2.070931910587597,1.328022378527578,3.501331784629926,3.327873558197748,4.439415030787477,False,False,False,R1_A3 (5.0um)
621,8,9,3,1,False,-2.9590321456655673,-0.49768815302546443,-1.5195272647317495,3.3634101511720544,1.59895484799448,2.9590321456655673,0.0,0.0,2.6106036442880254,1.6741731127111468,0.9364305315768786,2.5584672823160837,0.4005648633494836,0.5191305740255274,1.6255471083837405,True,True,False,R1_A3 (5.0um)
622,8,9,3,1,False,-1.3883042776403975,0.4535034978782164,-0.6845359827521662,1.612961159354086,0.8211302785004652,1.3883042776403975,0.0,0.0,3.505332463624756,2.071242754129547,1.434089709495209,3.3461006649576213,1.9577963873172237,1.0444931883510618,0.6760768094985792,True,True,True,R1_A3 (5.0um)
624,8,9,3,1,False,-3.5165125316362236,0.39320993573262797,1.5541157437076123,3.86467982937181,1.603087582884579,3.5165125316362236,0.0,0.0,2.150112436190946,5.63985880012426,-3.4897463639333144,2.0158935998030643,5.532406131439288,0.7477676661477201,1.095668600513874,False,False,False,R1_A3 (5.0um)
626,8,9,3,1,False,-3.2200296522294423,-0.08586751959551009,-1.1149516780667668,3.4086773734958036,1.1182533144799458,3.2200296522294423,0.0,0.0,1.6959668796557315,1.7970796949861205,-0.10111281533038907,1.4364257682756865,1.7836038839537558,0.9016566248427406,0.21966477932633144,False,False,False,R1_A3 (5.0um)
628,8,9,3,1,False,-1.5562863855667501,0.3129515257981055,-0.8148008750361768,1.7843392158890363,0.8728339609909102,1.5562863855667501,0.0,0.0,2.069247124801508,2.6809058550342493,-0.6116587302327412,0.8805729633607768,2.436859348927527,1.8725316872345121,1.1175744794426143,False,False,False,R1_A3 (5.0um)
629,8,9,3,1,False,-3.610048073876513,0.7220460022578905,0.06569321065892275,3.682134316263164,0.7250282941398074,3.610048073876513,0.0,0.0,2.218591860873397,1.7771794051740464,0.4414124556993506,2.1211164061733996,1.4889316677031132,0.6503960613316505,0.9702830139117158,True,False,False,R1_A3 (5.0um)
632,8,9,3,1,False,-3.568720887054141,1.1572175825711923,2.8161493832477476,4.691014671888703,3.04464281684709,3.568720887054141,0.0,0.0,4.470719879724425,1.427369559171773,3.0433503205526518,2.468621881743559,1.1000990053105824,3.727363981145397,0.9094866887233086,True,True,True,R1_A3 (5.0um)
633,8,9,3,1,False,-1.6735371318845225,-0.4131312592907648,-0.6657118475474064,1.8478572004255167,0.7834856101857611,1.6735371318845225,0.0,0.0,3.682396663937934,3.9085556913926247,-0.22615902745469052,0.16272836610336583,1.5108087657811566,3.6787993516154907,3.6047558122508794,False,False,False,R1_A3 (5.0um)
640,8,9,3,1,False,1.5279527684508167,-4.119493208036104,-1.610184582480933,4.679482700398775,4.422998833451676,1.5279527684508167,0.0,0.0,1.1809729666037316,4.930930156430173,-3.749957189826441,0.8069792885172191,2.334932056968036,0.8622537768853559,4.343059347618393,False,False,False,R1_A3 (5.0um)
0,1,2,10,1,False,-8.125,0.40625,1.21875,8.225935547097363,1.284675299443404,8.125,0.0,0.0,2.4375,6.5253412267099105,-4.0878412267099105,1.625,6.5,1.8168052317185792,0.5745242597140698,False,False,False,Ground Truth
0,2,3,10,2,True,-1.625,0.8125,1.625,2.4375,1.8168052317185792,1.625,6.5253412267099105,0.773721517375512,1.6750116604071745,2.1877232028983924,-0.5127115424912179,1.625,0.0,0.40625,2.1877232028983924,False,False,False,Ground Truth
0,3,4,10,3,True,-1.625,0.0,-0.40625,1.6750116604071745,0.40625,1.625,2.1877232028983924,0.485071250072666,3.447145558284419,2.1877232028983924,1.2594223553860266,3.25,1.625,1.1490485194281397,1.4647552056572457,True,True,True,Ground Truth
0,4,5,10,4,True,-3.25,0.8125,0.8125,3.447145558284419,1.1490485194281397,3.25,2.1877232028983924,0.8574929257125443,1.7235727791422095,1.7235727791422095,0.0,1.625,1.625,0.5745242597140698,0.5745242597140698,False,False,False,Ground Truth
0,5,6,10,5,True,-1.625,0.40625,0.40625,1.7235727791422095,0.5745242597140698,1.625,1.7235727791422095,1.0,3.374565944310468,1.6750116604071745,1.6995542839032936,3.25,1.625,0.9084026158592896,0.40625,True,True,True,Ground Truth
0,6,7,10,6,True,-3.25,0.40625,0.8125,3.374565944310468,0.9084026158592896,3.25,1.6750116604071745,0.99313261921854,3.25,0.9084026158592896,2.3415973841407105,3.25,0.0,0.0,0.9084026158592896,True,True,True,Ground Truth
0,7,8,10,7,True,-3.25,0.0,0.0,3.25,0.0,3.25,0.9084026158592896,0.9630868246861536,3.300390601883359,0.5745242597140698,2.7258663421692892,3.25,0.0,0.5745242597140698,0.5745242597140698,True,True,True,Ground Truth
0,8,9,10,8,True,-3.25,0.40625,0.40625,3.300390601883359,0.5745242597140698,3.25,0.5745242597140698,0.9847319278346619,3.72334275215162,1.284675299443404,2.4386674527082155,3.25,0.0,1.8168052317185792,1.284675299443404,True,True,True,Ground Truth
1,1,2,10,1,False,-3.25,-0.40625,-0.8125,3.374565944310468,0.9084026158592896,3.25,0.0,0.0,2.0714766773970688,2.7252078475778685,-0.6537311701807997,1.625,1.625,1.284675299443404,2.1877232028983924,False,False,False,Ground Truth
1,2,3,10,2,True,-1.625,0.40625,1.21875,2.0714766773970688,1.284675299443404,1.625,2.7252078475778685,0.590240205812357,2.1877232028983924,0.40625,1.7814732028983924,1.625,0.0,1.4647552056572457,0.40625,True,True,True,Ground Truth
1,3,4,10,3,True,-1.625,0.8125,1.21875,2.1877232028983924,1.4647552056572457,1.625,0.40625,0.9832820049844602,1.86167137607581,0.8125,1.04917137607581,1.625,0.0,0.9084026158592896,0.8125,True,True,True,Ground Truth
1,4,5,10,4,True,-1.625,0.8125,0.40625,1.86167137607581,0.9084026158592896,1.625,0.8125,0.932007033244074,3.494694639736067,1.86167137607581,1.6330232636602573,3.25,1.625,1.284675299443404,0.9084026158592896,True,True,True,Ground Truth
1,5,6,10,5,True,-3.25,0.40625,1.21875,3.494694639736067,1.284675299443404,3.25,1.86167137607581,0.938590635448906,1.86167137607581,2.333728575156074,-0.4720571990802642,1.625,1.625,0.9084026158592896,1.6750116604071745,False,False,False,Ground Truth
1,6,7,10,6,True,-1.625,0.8125,-0.40625,1.86167137607581,0.9084026158592896,1.625,2.333728575156074,0.7863867486193536,3.350023320814349,1.6750116604071745,1.6750116604071745,3.25,1.625,0.8125,0.40625,True,True,True,Ground Truth
1,7,8,10,7,True,-3.25,0.8125,0.0,3.350023320814349,0.8125,3.25,1.6750116604071745,0.9526610232449337,1.9902104160113323,1.8168052317185792,0.1734051842927531,1.625,1.625,1.1490485194281397,0.8125,True,False,False,Ground Truth
1,8,9,10,8,True,-1.625,0.8125,0.8125,1.9902104160113323,1.1490485194281397,1.625,1.8168052317185792,0.8911327886790068,3.300390601883359,1.7235727791422095,1.5768178227411493,3.25,1.625,0.5745242597140698,0.5745242597140698,True,True,True,Ground Truth
2,3,4,8,1,False,-3.25,-0.8125,-0.40625,3.374565944310468,0.9084026158592896,3.25,0.0,0.0,8.325647497342175,5.025034981221523,3.300612516120651,8.125,4.875,1.8168052317185792,1.21875,True,True,True,Ground Truth
2,4,5,8,2,True,-8.125,-0.8125,-1.625,8.325647497342175,1.8168052317185792,8.125,5.025034981221523,0.9868703275903378,3.300390601883359,5.420051026051323,-2.119660424167964,3.25,4.875,0.5745242597140698,2.368824207280903,False,False,False,Ground Truth
2,5,6,8,3,True,-3.25,0.40625,0.40625,3.300390601883359,0.5745242597140698,3.25,5.420051026051323,0.9249624617007738,0.5745242597140698,3.350023320814349,-2.7754990611002794,0.0,3.25,0.5745242597140698,0.8125,False,False,False,Ground Truth
2,6,7,8,4,True,0.0,0.40625,-0.40625,0.5745242597140698,0.5745242597140698,0.0,3.350023320814349,0.0,3.2752922102462856,3.2752922102462856,0.0,3.25,3.25,0.40625,0.40625,False,False,False,Ground Truth
2,7,8,8,5,True,-3.25,0.0,-0.40625,3.2752922102462856,0.40625,3.25,3.2752922102462856,0.08770580193070293,0.8125,3.471001521535247,-2.658501521535247,0.0,3.25,0.8125,1.21875,False,False,False,Ground Truth
2,8,9,8,6,True,0.0,0.0,0.8125,0.8125,0.8125,0.0,3.471001521535247,-0.12403473458920845,1.6750116604071745,1.86167137607581,-0.18665971566863537,1.625,1.625,0.40625,0.9084026158592896,False,False,False,Ground Truth
3,8,9,3,1,False,0.0,0.40625,0.40625,0.5745242597140698,0.5745242597140698,0.0,0.0,0.0,0.5745242597140698,0.0,0.5745242597140698,0.0,0.0,0.5745242597140698,0.0,True,True,False,Ground Truth
