variant,patch_id,split,category,threshold,num_gt,matched_2_0,num_peaks
variant_A_control,train_6bba_t45_p01_crowded,train,crowded,0.1,4,3,66
variant_A_control,train_6bba_t45_p01_crowded,train,crowded,0.2,4,3,66
variant_A_control,train_6bba_t45_p01_crowded,train,crowded,0.3,4,3,66
variant_A_control,train_6bba_t45_p01_crowded,train,crowded,0.4,4,3,66
variant_A_control,train_6bba_t45_p01_crowded,train,crowded,0.5,4,3,66
variant_A_control,train_6bba_t45_p01_crowded,train,crowded,0.6,4,3,50
variant_A_control,train_6bba_t45_p01_crowded,train,crowded,0.7,4,3,33
variant_A_control,train_6bba_t45_p01_crowded,train,crowded,0.8,4,3,18
variant_A_control,train_6bba_t45_p01_crowded,train,crowded,0.85,4,3,10
variant_A_control,train_6bba_t45_p01_crowded,train,crowded,0.9,4,2,5
variant_A_control,train_6bba_t15_p02_crowded,train,crowded,0.1,4,4,61
variant_A_control,train_6bba_t15_p02_crowded,train,crowded,0.2,4,4,61
variant_A_control,train_6bba_t15_p02_crowded,train,crowded,0.3,4,4,61
variant_A_control,train_6bba_t15_p02_crowded,train,crowded,0.4,4,4,60
variant_A_control,train_6bba_t15_p02_crowded,train,crowded,0.5,4,4,56
variant_A_control,train_6bba_t15_p02_crowded,train,crowded,0.6,4,4,44
variant_A_control,train_6bba_t15_p02_crowded,train,crowded,0.7,4,4,39
variant_A_control,train_6bba_t15_p02_crowded,train,crowded,0.8,4,4,13
variant_A_control,train_6bba_t15_p02_crowded,train,crowded,0.85,4,4,6
variant_A_control,train_6bba_t15_p02_crowded,train,crowded,0.9,4,2,2
variant_A_control,train_6bba_t55_p03_boundary,train,boundary,0.1,1,1,78
variant_A_control,train_6bba_t55_p03_boundary,train,boundary,0.2,1,1,78
variant_A_control,train_6bba_t55_p03_boundary,train,boundary,0.3,1,1,78
variant_A_control,train_6bba_t55_p03_boundary,train,boundary,0.4,1,1,77
variant_A_control,train_6bba_t55_p03_boundary,train,boundary,0.5,1,1,71
variant_A_control,train_6bba_t55_p03_boundary,train,boundary,0.6,1,1,56
variant_A_control,train_6bba_t55_p03_boundary,train,boundary,0.7,1,1,40
variant_A_control,train_6bba_t55_p03_boundary,train,boundary,0.8,1,1,10
variant_A_control,train_6bba_t55_p03_boundary,train,boundary,0.85,1,1,7
variant_A_control,train_6bba_t55_p03_boundary,train,boundary,0.9,1,1,3
variant_A_control,train_6bba_t35_p04_boundary,train,boundary,0.1,1,0,58
variant_A_control,train_6bba_t35_p04_boundary,train,boundary,0.2,1,0,58
variant_A_control,train_6bba_t35_p04_boundary,train,boundary,0.3,1,0,58
variant_A_control,train_6bba_t35_p04_boundary,train,boundary,0.4,1,0,57
variant_A_control,train_6bba_t35_p04_boundary,train,boundary,0.5,1,0,54
variant_A_control,train_6bba_t35_p04_boundary,train,boundary,0.6,1,0,47
variant_A_control,train_6bba_t35_p04_boundary,train,boundary,0.7,1,0,25
variant_A_control,train_6bba_t35_p04_boundary,train,boundary,0.8,1,0,3
variant_A_control,train_6bba_t35_p04_boundary,train,boundary,0.85,1,0,2
variant_A_control,train_6bba_t35_p04_boundary,train,boundary,0.9,1,0,1
variant_A_control,train_6bba_t25_p05_crowded,train,crowded,0.1,3,3,59
variant_A_control,train_6bba_t25_p05_crowded,train,crowded,0.2,3,3,59
variant_A_control,train_6bba_t25_p05_crowded,train,crowded,0.3,3,3,59
variant_A_control,train_6bba_t25_p05_crowded,train,crowded,0.4,3,3,59
variant_A_control,train_6bba_t25_p05_crowded,train,crowded,0.5,3,3,55
variant_A_control,train_6bba_t25_p05_crowded,train,crowded,0.6,3,3,44
variant_A_control,train_6bba_t25_p05_crowded,train,crowded,0.7,3,3,31
variant_A_control,train_6bba_t25_p05_crowded,train,crowded,0.8,3,3,16
variant_A_control,train_6bba_t25_p05_crowded,train,crowded,0.85,3,3,9
variant_A_control,train_6bba_t25_p05_crowded,train,crowded,0.9,3,2,5
variant_A_control,train_6bba_t15_p06_crowded,train,crowded,0.1,2,1,62
variant_A_control,train_6bba_t15_p06_crowded,train,crowded,0.2,2,1,62
variant_A_control,train_6bba_t15_p06_crowded,train,crowded,0.3,2,1,62
variant_A_control,train_6bba_t15_p06_crowded,train,crowded,0.4,2,1,59
variant_A_control,train_6bba_t15_p06_crowded,train,crowded,0.5,2,1,49
variant_A_control,train_6bba_t15_p06_crowded,train,crowded,0.6,2,1,41
variant_A_control,train_6bba_t15_p06_crowded,train,crowded,0.7,2,1,26
variant_A_control,train_6bba_t15_p06_crowded,train,crowded,0.8,2,1,9
variant_A_control,train_6bba_t15_p06_crowded,train,crowded,0.85,2,1,8
variant_A_control,train_6bba_t15_p06_crowded,train,crowded,0.9,2,1,3
variant_A_control,train_6bba_t15_p07_isolated,train,isolated,0.1,1,1,64
variant_A_control,train_6bba_t15_p07_isolated,train,isolated,0.2,1,1,64
variant_A_control,train_6bba_t15_p07_isolated,train,isolated,0.3,1,1,64
variant_A_control,train_6bba_t15_p07_isolated,train,isolated,0.4,1,1,63
variant_A_control,train_6bba_t15_p07_isolated,train,isolated,0.5,1,1,54
variant_A_control,train_6bba_t15_p07_isolated,train,isolated,0.6,1,1,45
variant_A_control,train_6bba_t15_p07_isolated,train,isolated,0.7,1,1,36
variant_A_control,train_6bba_t15_p07_isolated,train,isolated,0.8,1,1,9
variant_A_control,train_6bba_t15_p07_isolated,train,isolated,0.85,1,1,9
variant_A_control,train_6bba_t15_p07_isolated,train,isolated,0.9,1,1,5
variant_A_control,train_6bba_t15_p08_isolated,train,isolated,0.1,1,1,61
variant_A_control,train_6bba_t15_p08_isolated,train,isolated,0.2,1,1,61
variant_A_control,train_6bba_t15_p08_isolated,train,isolated,0.3,1,1,61
variant_A_control,train_6bba_t15_p08_isolated,train,isolated,0.4,1,1,61
variant_A_control,train_6bba_t15_p08_isolated,train,isolated,0.5,1,1,57
variant_A_control,train_6bba_t15_p08_isolated,train,isolated,0.6,1,1,46
variant_A_control,train_6bba_t15_p08_isolated,train,isolated,0.7,1,1,39
variant_A_control,train_6bba_t15_p08_isolated,train,isolated,0.8,1,1,17
variant_A_control,train_6bba_t15_p08_isolated,train,isolated,0.85,1,1,9
variant_A_control,train_6bba_t15_p08_isolated,train,isolated,0.9,1,1,5
variant_A_control,train_6bba_t45_p09_isolated,train,isolated,0.1,1,1,58
variant_A_control,train_6bba_t45_p09_isolated,train,isolated,0.2,1,1,58
variant_A_control,train_6bba_t45_p09_isolated,train,isolated,0.3,1,1,58
variant_A_control,train_6bba_t45_p09_isolated,train,isolated,0.4,1,1,55
variant_A_control,train_6bba_t45_p09_isolated,train,isolated,0.5,1,1,46
variant_A_control,train_6bba_t45_p09_isolated,train,isolated,0.6,1,1,38
variant_A_control,train_6bba_t45_p09_isolated,train,isolated,0.7,1,1,33
variant_A_control,train_6bba_t45_p09_isolated,train,isolated,0.8,1,0,5
variant_A_control,train_6bba_t45_p09_isolated,train,isolated,0.85,1,0,3
variant_A_control,train_6bba_t45_p09_isolated,train,isolated,0.9,1,0,3
variant_A_control,train_6bba_t55_p10_isolated,train,isolated,0.1,1,1,74
variant_A_control,train_6bba_t55_p10_isolated,train,isolated,0.2,1,1,74
variant_A_control,train_6bba_t55_p10_isolated,train,isolated,0.3,1,1,74
variant_A_control,train_6bba_t55_p10_isolated,train,isolated,0.4,1,1,74
variant_A_control,train_6bba_t55_p10_isolated,train,isolated,0.5,1,1,66
variant_A_control,train_6bba_t55_p10_isolated,train,isolated,0.6,1,1,44
variant_A_control,train_6bba_t55_p10_isolated,train,isolated,0.7,1,1,25
variant_A_control,train_6bba_t55_p10_isolated,train,isolated,0.8,1,1,17
variant_A_control,train_6bba_t55_p10_isolated,train,isolated,0.85,1,1,6
variant_A_control,train_6bba_t55_p10_isolated,train,isolated,0.9,1,1,4
variant_A_control,train_44b6_t55_p01_isolated,train,isolated,0.1,1,1,74
variant_A_control,train_44b6_t55_p01_isolated,train,isolated,0.2,1,1,74
variant_A_control,train_44b6_t55_p01_isolated,train,isolated,0.3,1,1,74
variant_A_control,train_44b6_t55_p01_isolated,train,isolated,0.4,1,1,74
variant_A_control,train_44b6_t55_p01_isolated,train,isolated,0.5,1,1,70
variant_A_control,train_44b6_t55_p01_isolated,train,isolated,0.6,1,1,55
variant_A_control,train_44b6_t55_p01_isolated,train,isolated,0.7,1,1,32
variant_A_control,train_44b6_t55_p01_isolated,train,isolated,0.8,1,1,25
variant_A_control,train_44b6_t55_p01_isolated,train,isolated,0.85,1,1,12
variant_A_control,train_44b6_t55_p01_isolated,train,isolated,0.9,1,1,3
variant_A_control,train_44b6_t45_p02_isolated,train,isolated,0.1,1,1,62
variant_A_control,train_44b6_t45_p02_isolated,train,isolated,0.2,1,1,62
variant_A_control,train_44b6_t45_p02_isolated,train,isolated,0.3,1,1,62
variant_A_control,train_44b6_t45_p02_isolated,train,isolated,0.4,1,1,62
variant_A_control,train_44b6_t45_p02_isolated,train,isolated,0.5,1,1,60
variant_A_control,train_44b6_t45_p02_isolated,train,isolated,0.6,1,1,58
variant_A_control,train_44b6_t45_p02_isolated,train,isolated,0.7,1,1,39
variant_A_control,train_44b6_t45_p02_isolated,train,isolated,0.8,1,1,16
variant_A_control,train_44b6_t45_p02_isolated,train,isolated,0.85,1,1,9
variant_A_control,train_44b6_t45_p02_isolated,train,isolated,0.9,1,0,4
variant_A_control,train_44b6_t15_p03_isolated,train,isolated,0.1,1,1,64
variant_A_control,train_44b6_t15_p03_isolated,train,isolated,0.2,1,1,64
variant_A_control,train_44b6_t15_p03_isolated,train,isolated,0.3,1,1,64
variant_A_control,train_44b6_t15_p03_isolated,train,isolated,0.4,1,1,63
variant_A_control,train_44b6_t15_p03_isolated,train,isolated,0.5,1,1,60
variant_A_control,train_44b6_t15_p03_isolated,train,isolated,0.6,1,1,49
variant_A_control,train_44b6_t15_p03_isolated,train,isolated,0.7,1,1,30
variant_A_control,train_44b6_t15_p03_isolated,train,isolated,0.8,1,1,18
variant_A_control,train_44b6_t15_p03_isolated,train,isolated,0.85,1,0,11
variant_A_control,train_44b6_t15_p03_isolated,train,isolated,0.9,1,0,4
variant_A_control,train_44b6_t45_p04_crowded,train,crowded,0.1,3,3,72
variant_A_control,train_44b6_t45_p04_crowded,train,crowded,0.2,3,3,72
variant_A_control,train_44b6_t45_p04_crowded,train,crowded,0.3,3,3,72
variant_A_control,train_44b6_t45_p04_crowded,train,crowded,0.4,3,3,72
variant_A_control,train_44b6_t45_p04_crowded,train,crowded,0.5,3,3,65
variant_A_control,train_44b6_t45_p04_crowded,train,crowded,0.6,3,3,50
variant_A_control,train_44b6_t45_p04_crowded,train,crowded,0.7,3,3,44
variant_A_control,train_44b6_t45_p04_crowded,train,crowded,0.8,3,3,14
variant_A_control,train_44b6_t45_p04_crowded,train,crowded,0.85,3,3,8
variant_A_control,train_44b6_t45_p04_crowded,train,crowded,0.9,3,3,6
variant_A_control,train_44b6_t15_p05_crowded,train,crowded,0.1,2,2,73
variant_A_control,train_44b6_t15_p05_crowded,train,crowded,0.2,2,2,73
variant_A_control,train_44b6_t15_p05_crowded,train,crowded,0.3,2,2,73
variant_A_control,train_44b6_t15_p05_crowded,train,crowded,0.4,2,2,73
variant_A_control,train_44b6_t15_p05_crowded,train,crowded,0.5,2,2,71
variant_A_control,train_44b6_t15_p05_crowded,train,crowded,0.6,2,2,61
variant_A_control,train_44b6_t15_p05_crowded,train,crowded,0.7,2,2,40
variant_A_control,train_44b6_t15_p05_crowded,train,crowded,0.8,2,2,23
variant_A_control,train_44b6_t15_p05_crowded,train,crowded,0.85,2,1,10
variant_A_control,train_44b6_t15_p05_crowded,train,crowded,0.9,2,1,4
variant_A_control,train_44b6_t25_p06_crowded,train,crowded,0.1,3,2,62
variant_A_control,train_44b6_t25_p06_crowded,train,crowded,0.2,3,2,62
variant_A_control,train_44b6_t25_p06_crowded,train,crowded,0.3,3,2,62
variant_A_control,train_44b6_t25_p06_crowded,train,crowded,0.4,3,2,62
variant_A_control,train_44b6_t25_p06_crowded,train,crowded,0.5,3,2,58
variant_A_control,train_44b6_t25_p06_crowded,train,crowded,0.6,3,2,34
variant_A_control,train_44b6_t25_p06_crowded,train,crowded,0.7,3,2,26
variant_A_control,train_44b6_t25_p06_crowded,train,crowded,0.8,3,2,20
variant_A_control,train_44b6_t25_p06_crowded,train,crowded,0.85,3,1,12
variant_A_control,train_44b6_t25_p06_crowded,train,crowded,0.9,3,1,5
variant_A_control,train_44b6_t15_p07_crowded,train,crowded,0.1,2,2,61
variant_A_control,train_44b6_t15_p07_crowded,train,crowded,0.2,2,2,61
variant_A_control,train_44b6_t15_p07_crowded,train,crowded,0.3,2,2,61
variant_A_control,train_44b6_t15_p07_crowded,train,crowded,0.4,2,2,61
variant_A_control,train_44b6_t15_p07_crowded,train,crowded,0.5,2,2,58
variant_A_control,train_44b6_t15_p07_crowded,train,crowded,0.6,2,2,54
variant_A_control,train_44b6_t15_p07_crowded,train,crowded,0.7,2,2,33
variant_A_control,train_44b6_t15_p07_crowded,train,crowded,0.8,2,2,20
variant_A_control,train_44b6_t15_p07_crowded,train,crowded,0.85,2,1,5
variant_A_control,train_44b6_t15_p07_crowded,train,crowded,0.9,2,1,3
variant_A_control,train_44b6_t25_p08_isolated,train,isolated,0.1,1,1,58
variant_A_control,train_44b6_t25_p08_isolated,train,isolated,0.2,1,1,58
variant_A_control,train_44b6_t25_p08_isolated,train,isolated,0.3,1,1,58
variant_A_control,train_44b6_t25_p08_isolated,train,isolated,0.4,1,1,58
variant_A_control,train_44b6_t25_p08_isolated,train,isolated,0.5,1,1,56
variant_A_control,train_44b6_t25_p08_isolated,train,isolated,0.6,1,1,51
variant_A_control,train_44b6_t25_p08_isolated,train,isolated,0.7,1,1,37
variant_A_control,train_44b6_t25_p08_isolated,train,isolated,0.8,1,1,20
variant_A_control,train_44b6_t25_p08_isolated,train,isolated,0.85,1,1,7
variant_A_control,train_44b6_t25_p08_isolated,train,isolated,0.9,1,1,4
variant_A_control,train_44b6_t55_p09_boundary,train,boundary,0.1,1,1,63
variant_A_control,train_44b6_t55_p09_boundary,train,boundary,0.2,1,1,63
variant_A_control,train_44b6_t55_p09_boundary,train,boundary,0.3,1,1,63
variant_A_control,train_44b6_t55_p09_boundary,train,boundary,0.4,1,1,63
variant_A_control,train_44b6_t55_p09_boundary,train,boundary,0.5,1,1,63
variant_A_control,train_44b6_t55_p09_boundary,train,boundary,0.6,1,1,55
variant_A_control,train_44b6_t55_p09_boundary,train,boundary,0.7,1,1,31
variant_A_control,train_44b6_t55_p09_boundary,train,boundary,0.8,1,1,21
variant_A_control,train_44b6_t55_p09_boundary,train,boundary,0.85,1,1,13
variant_A_control,train_44b6_t55_p09_boundary,train,boundary,0.9,1,1,5
variant_A_control,train_44b6_t55_p10_boundary,train,boundary,0.1,1,1,64
variant_A_control,train_44b6_t55_p10_boundary,train,boundary,0.2,1,1,64
variant_A_control,train_44b6_t55_p10_boundary,train,boundary,0.3,1,1,64
variant_A_control,train_44b6_t55_p10_boundary,train,boundary,0.4,1,1,64
variant_A_control,train_44b6_t55_p10_boundary,train,boundary,0.5,1,1,63
variant_A_control,train_44b6_t55_p10_boundary,train,boundary,0.6,1,1,61
variant_A_control,train_44b6_t55_p10_boundary,train,boundary,0.7,1,1,43
variant_A_control,train_44b6_t55_p10_boundary,train,boundary,0.8,1,1,14
variant_A_control,train_44b6_t55_p10_boundary,train,boundary,0.85,1,1,7
variant_A_control,train_44b6_t55_p10_boundary,train,boundary,0.9,1,1,6
variant_A_control,inner_val_6bba_t70_p01_zero_annotation,inner_val,zero_annotation,0.1,0,0,70
variant_A_control,inner_val_6bba_t70_p01_zero_annotation,inner_val,zero_annotation,0.2,0,0,70
variant_A_control,inner_val_6bba_t70_p01_zero_annotation,inner_val,zero_annotation,0.3,0,0,70
variant_A_control,inner_val_6bba_t70_p01_zero_annotation,inner_val,zero_annotation,0.4,0,0,68
variant_A_control,inner_val_6bba_t70_p01_zero_annotation,inner_val,zero_annotation,0.5,0,0,57
variant_A_control,inner_val_6bba_t70_p01_zero_annotation,inner_val,zero_annotation,0.6,0,0,42
variant_A_control,inner_val_6bba_t70_p01_zero_annotation,inner_val,zero_annotation,0.7,0,0,21
variant_A_control,inner_val_6bba_t70_p01_zero_annotation,inner_val,zero_annotation,0.8,0,0,1
variant_A_control,inner_val_6bba_t70_p01_zero_annotation,inner_val,zero_annotation,0.85,0,0,0
variant_A_control,inner_val_6bba_t70_p01_zero_annotation,inner_val,zero_annotation,0.9,0,0,0
variant_A_control,inner_val_6bba_t90_p02_boundary,inner_val,boundary,0.1,1,0,63
variant_A_control,inner_val_6bba_t90_p02_boundary,inner_val,boundary,0.2,1,0,63
variant_A_control,inner_val_6bba_t90_p02_boundary,inner_val,boundary,0.3,1,0,63
variant_A_control,inner_val_6bba_t90_p02_boundary,inner_val,boundary,0.4,1,0,56
variant_A_control,inner_val_6bba_t90_p02_boundary,inner_val,boundary,0.5,1,0,44
variant_A_control,inner_val_6bba_t90_p02_boundary,inner_val,boundary,0.6,1,0,32
variant_A_control,inner_val_6bba_t90_p02_boundary,inner_val,boundary,0.7,1,0,25
variant_A_control,inner_val_6bba_t90_p02_boundary,inner_val,boundary,0.8,1,0,5
variant_A_control,inner_val_6bba_t90_p02_boundary,inner_val,boundary,0.85,1,0,5
variant_A_control,inner_val_6bba_t90_p02_boundary,inner_val,boundary,0.9,1,0,3
variant_A_control,inner_val_6bba_t70_p03_crowded,inner_val,crowded,0.1,5,2,64
variant_A_control,inner_val_6bba_t70_p03_crowded,inner_val,crowded,0.2,5,2,64
variant_A_control,inner_val_6bba_t70_p03_crowded,inner_val,crowded,0.3,5,2,64
variant_A_control,inner_val_6bba_t70_p03_crowded,inner_val,crowded,0.4,5,2,63
variant_A_control,inner_val_6bba_t70_p03_crowded,inner_val,crowded,0.5,5,2,60
variant_A_control,inner_val_6bba_t70_p03_crowded,inner_val,crowded,0.6,5,2,53
variant_A_control,inner_val_6bba_t70_p03_crowded,inner_val,crowded,0.7,5,2,34
variant_A_control,inner_val_6bba_t70_p03_crowded,inner_val,crowded,0.8,5,0,9
variant_A_control,inner_val_6bba_t70_p03_crowded,inner_val,crowded,0.85,5,0,6
variant_A_control,inner_val_6bba_t70_p03_crowded,inner_val,crowded,0.9,5,0,3
variant_A_control,inner_val_6bba_t70_p04_crowded,inner_val,crowded,0.1,2,1,70
variant_A_control,inner_val_6bba_t70_p04_crowded,inner_val,crowded,0.2,2,1,70
variant_A_control,inner_val_6bba_t70_p04_crowded,inner_val,crowded,0.3,2,1,70
variant_A_control,inner_val_6bba_t70_p04_crowded,inner_val,crowded,0.4,2,1,70
variant_A_control,inner_val_6bba_t70_p04_crowded,inner_val,crowded,0.5,2,1,59
variant_A_control,inner_val_6bba_t70_p04_crowded,inner_val,crowded,0.6,2,1,47
variant_A_control,inner_val_6bba_t70_p04_crowded,inner_val,crowded,0.7,2,1,43
variant_A_control,inner_val_6bba_t70_p04_crowded,inner_val,crowded,0.8,2,1,9
variant_A_control,inner_val_6bba_t70_p04_crowded,inner_val,crowded,0.85,2,0,6
variant_A_control,inner_val_6bba_t70_p04_crowded,inner_val,crowded,0.9,2,0,4
variant_A_control,inner_val_6bba_t90_p05_isolated,inner_val,isolated,0.1,1,1,71
variant_A_control,inner_val_6bba_t90_p05_isolated,inner_val,isolated,0.2,1,1,71
variant_A_control,inner_val_6bba_t90_p05_isolated,inner_val,isolated,0.3,1,1,71
variant_A_control,inner_val_6bba_t90_p05_isolated,inner_val,isolated,0.4,1,1,71
variant_A_control,inner_val_6bba_t90_p05_isolated,inner_val,isolated,0.5,1,1,68
variant_A_control,inner_val_6bba_t90_p05_isolated,inner_val,isolated,0.6,1,1,62
variant_A_control,inner_val_6bba_t90_p05_isolated,inner_val,isolated,0.7,1,1,34
variant_A_control,inner_val_6bba_t90_p05_isolated,inner_val,isolated,0.8,1,0,7
variant_A_control,inner_val_6bba_t90_p05_isolated,inner_val,isolated,0.85,1,0,4
variant_A_control,inner_val_6bba_t90_p05_isolated,inner_val,isolated,0.9,1,0,1
variant_A_control,inner_val_44b6_t80_p01_crowded,inner_val,crowded,0.1,2,0,64
variant_A_control,inner_val_44b6_t80_p01_crowded,inner_val,crowded,0.2,2,0,64
variant_A_control,inner_val_44b6_t80_p01_crowded,inner_val,crowded,0.3,2,0,64
variant_A_control,inner_val_44b6_t80_p01_crowded,inner_val,crowded,0.4,2,0,64
variant_A_control,inner_val_44b6_t80_p01_crowded,inner_val,crowded,0.5,2,0,51
variant_A_control,inner_val_44b6_t80_p01_crowded,inner_val,crowded,0.6,2,0,35
variant_A_control,inner_val_44b6_t80_p01_crowded,inner_val,crowded,0.7,2,0,23
variant_A_control,inner_val_44b6_t80_p01_crowded,inner_val,crowded,0.8,2,0,15
variant_A_control,inner_val_44b6_t80_p01_crowded,inner_val,crowded,0.85,2,0,7
variant_A_control,inner_val_44b6_t80_p01_crowded,inner_val,crowded,0.9,2,0,4
variant_A_control,inner_val_44b6_t80_p02_zero_annotation,inner_val,zero_annotation,0.1,0,0,73
variant_A_control,inner_val_44b6_t80_p02_zero_annotation,inner_val,zero_annotation,0.2,0,0,73
variant_A_control,inner_val_44b6_t80_p02_zero_annotation,inner_val,zero_annotation,0.3,0,0,73
variant_A_control,inner_val_44b6_t80_p02_zero_annotation,inner_val,zero_annotation,0.4,0,0,73
variant_A_control,inner_val_44b6_t80_p02_zero_annotation,inner_val,zero_annotation,0.5,0,0,72
variant_A_control,inner_val_44b6_t80_p02_zero_annotation,inner_val,zero_annotation,0.6,0,0,70
variant_A_control,inner_val_44b6_t80_p02_zero_annotation,inner_val,zero_annotation,0.7,0,0,41
variant_A_control,inner_val_44b6_t80_p02_zero_annotation,inner_val,zero_annotation,0.8,0,0,15
variant_A_control,inner_val_44b6_t80_p02_zero_annotation,inner_val,zero_annotation,0.85,0,0,8
variant_A_control,inner_val_44b6_t80_p02_zero_annotation,inner_val,zero_annotation,0.9,0,0,6
variant_A_control,inner_val_44b6_t70_p03_isolated,inner_val,isolated,0.1,1,0,66
variant_A_control,inner_val_44b6_t70_p03_isolated,inner_val,isolated,0.2,1,0,66
variant_A_control,inner_val_44b6_t70_p03_isolated,inner_val,isolated,0.3,1,0,66
variant_A_control,inner_val_44b6_t70_p03_isolated,inner_val,isolated,0.4,1,0,66
variant_A_control,inner_val_44b6_t70_p03_isolated,inner_val,isolated,0.5,1,0,64
variant_A_control,inner_val_44b6_t70_p03_isolated,inner_val,isolated,0.6,1,0,60
variant_A_control,inner_val_44b6_t70_p03_isolated,inner_val,isolated,0.7,1,0,43
variant_A_control,inner_val_44b6_t70_p03_isolated,inner_val,isolated,0.8,1,0,15
variant_A_control,inner_val_44b6_t70_p03_isolated,inner_val,isolated,0.85,1,0,6
variant_A_control,inner_val_44b6_t70_p03_isolated,inner_val,isolated,0.9,1,0,2
variant_A_control,inner_val_44b6_t90_p04_crowded,inner_val,crowded,0.1,2,2,60
variant_A_control,inner_val_44b6_t90_p04_crowded,inner_val,crowded,0.2,2,2,60
variant_A_control,inner_val_44b6_t90_p04_crowded,inner_val,crowded,0.3,2,2,60
variant_A_control,inner_val_44b6_t90_p04_crowded,inner_val,crowded,0.4,2,2,60
variant_A_control,inner_val_44b6_t90_p04_crowded,inner_val,crowded,0.5,2,2,57
variant_A_control,inner_val_44b6_t90_p04_crowded,inner_val,crowded,0.6,2,1,42
variant_A_control,inner_val_44b6_t90_p04_crowded,inner_val,crowded,0.7,2,1,27
variant_A_control,inner_val_44b6_t90_p04_crowded,inner_val,crowded,0.8,2,1,12
variant_A_control,inner_val_44b6_t90_p04_crowded,inner_val,crowded,0.85,2,1,8
variant_A_control,inner_val_44b6_t90_p04_crowded,inner_val,crowded,0.9,2,0,4
variant_A_control,inner_val_44b6_t70_p05_boundary,inner_val,boundary,0.1,1,1,55
variant_A_control,inner_val_44b6_t70_p05_boundary,inner_val,boundary,0.2,1,1,55
variant_A_control,inner_val_44b6_t70_p05_boundary,inner_val,boundary,0.3,1,1,55
variant_A_control,inner_val_44b6_t70_p05_boundary,inner_val,boundary,0.4,1,1,55
variant_A_control,inner_val_44b6_t70_p05_boundary,inner_val,boundary,0.5,1,1,54
variant_A_control,inner_val_44b6_t70_p05_boundary,inner_val,boundary,0.6,1,1,47
variant_A_control,inner_val_44b6_t70_p05_boundary,inner_val,boundary,0.7,1,1,33
variant_A_control,inner_val_44b6_t70_p05_boundary,inner_val,boundary,0.8,1,1,18
variant_A_control,inner_val_44b6_t70_p05_boundary,inner_val,boundary,0.85,1,1,9
variant_A_control,inner_val_44b6_t70_p05_boundary,inner_val,boundary,0.9,1,1,2
variant_A_control,held_out_val_6bba_t50_p01_zero_annotation,held_out_val,zero_annotation,0.1,0,0,100
variant_A_control,held_out_val_6bba_t50_p01_zero_annotation,held_out_val,zero_annotation,0.2,0,0,100
variant_A_control,held_out_val_6bba_t50_p01_zero_annotation,held_out_val,zero_annotation,0.3,0,0,100
variant_A_control,held_out_val_6bba_t50_p01_zero_annotation,held_out_val,zero_annotation,0.4,0,0,100
variant_A_control,held_out_val_6bba_t50_p01_zero_annotation,held_out_val,zero_annotation,0.5,0,0,96
variant_A_control,held_out_val_6bba_t50_p01_zero_annotation,held_out_val,zero_annotation,0.6,0,0,84
variant_A_control,held_out_val_6bba_t50_p01_zero_annotation,held_out_val,zero_annotation,0.7,0,0,62
variant_A_control,held_out_val_6bba_t50_p01_zero_annotation,held_out_val,zero_annotation,0.8,0,0,32
variant_A_control,held_out_val_6bba_t50_p01_zero_annotation,held_out_val,zero_annotation,0.85,0,0,12
variant_A_control,held_out_val_6bba_t50_p01_zero_annotation,held_out_val,zero_annotation,0.9,0,0,0
variant_A_control,held_out_val_6bba_t75_p02_isolated,held_out_val,isolated,0.1,1,0,55
variant_A_control,held_out_val_6bba_t75_p02_isolated,held_out_val,isolated,0.2,1,0,55
variant_A_control,held_out_val_6bba_t75_p02_isolated,held_out_val,isolated,0.3,1,0,55
variant_A_control,held_out_val_6bba_t75_p02_isolated,held_out_val,isolated,0.4,1,0,55
variant_A_control,held_out_val_6bba_t75_p02_isolated,held_out_val,isolated,0.5,1,0,53
variant_A_control,held_out_val_6bba_t75_p02_isolated,held_out_val,isolated,0.6,1,0,49
variant_A_control,held_out_val_6bba_t75_p02_isolated,held_out_val,isolated,0.7,1,0,24
variant_A_control,held_out_val_6bba_t75_p02_isolated,held_out_val,isolated,0.8,1,0,1
variant_A_control,held_out_val_6bba_t75_p02_isolated,held_out_val,isolated,0.85,1,0,1
variant_A_control,held_out_val_6bba_t75_p02_isolated,held_out_val,isolated,0.9,1,0,0
variant_A_control,held_out_val_6bba_t25_p03_isolated,held_out_val,isolated,0.1,1,0,53
variant_A_control,held_out_val_6bba_t25_p03_isolated,held_out_val,isolated,0.2,1,0,53
variant_A_control,held_out_val_6bba_t25_p03_isolated,held_out_val,isolated,0.3,1,0,53
variant_A_control,held_out_val_6bba_t25_p03_isolated,held_out_val,isolated,0.4,1,0,53
variant_A_control,held_out_val_6bba_t25_p03_isolated,held_out_val,isolated,0.5,1,0,50
variant_A_control,held_out_val_6bba_t25_p03_isolated,held_out_val,isolated,0.6,1,0,46
variant_A_control,held_out_val_6bba_t25_p03_isolated,held_out_val,isolated,0.7,1,0,38
variant_A_control,held_out_val_6bba_t25_p03_isolated,held_out_val,isolated,0.8,1,0,5
variant_A_control,held_out_val_6bba_t25_p03_isolated,held_out_val,isolated,0.85,1,0,3
variant_A_control,held_out_val_6bba_t25_p03_isolated,held_out_val,isolated,0.9,1,0,1
variant_A_control,held_out_val_6bba_t75_p04_boundary,held_out_val,boundary,0.1,1,0,60
variant_A_control,held_out_val_6bba_t75_p04_boundary,held_out_val,boundary,0.2,1,0,60
variant_A_control,held_out_val_6bba_t75_p04_boundary,held_out_val,boundary,0.3,1,0,60
variant_A_control,held_out_val_6bba_t75_p04_boundary,held_out_val,boundary,0.4,1,0,60
variant_A_control,held_out_val_6bba_t75_p04_boundary,held_out_val,boundary,0.5,1,0,54
variant_A_control,held_out_val_6bba_t75_p04_boundary,held_out_val,boundary,0.6,1,0,50
variant_A_control,held_out_val_6bba_t75_p04_boundary,held_out_val,boundary,0.7,1,0,35
variant_A_control,held_out_val_6bba_t75_p04_boundary,held_out_val,boundary,0.8,1,0,4
variant_A_control,held_out_val_6bba_t75_p04_boundary,held_out_val,boundary,0.85,1,0,3
variant_A_control,held_out_val_6bba_t75_p04_boundary,held_out_val,boundary,0.9,1,0,1
variant_A_control,held_out_val_6bba_t25_p05_crowded,held_out_val,crowded,0.1,4,2,53
variant_A_control,held_out_val_6bba_t25_p05_crowded,held_out_val,crowded,0.2,4,2,53
variant_A_control,held_out_val_6bba_t25_p05_crowded,held_out_val,crowded,0.3,4,2,53
variant_A_control,held_out_val_6bba_t25_p05_crowded,held_out_val,crowded,0.4,4,2,53
variant_A_control,held_out_val_6bba_t25_p05_crowded,held_out_val,crowded,0.5,4,2,50
variant_A_control,held_out_val_6bba_t25_p05_crowded,held_out_val,crowded,0.6,4,2,45
variant_A_control,held_out_val_6bba_t25_p05_crowded,held_out_val,crowded,0.7,4,2,38
variant_A_control,held_out_val_6bba_t25_p05_crowded,held_out_val,crowded,0.8,4,1,5
variant_A_control,held_out_val_6bba_t25_p05_crowded,held_out_val,crowded,0.85,4,1,1
variant_A_control,held_out_val_6bba_t25_p05_crowded,held_out_val,crowded,0.9,4,1,1
variant_A_control,held_out_val_6bba_t50_p06_crowded,held_out_val,crowded,0.1,2,1,53
variant_A_control,held_out_val_6bba_t50_p06_crowded,held_out_val,crowded,0.2,2,1,53
variant_A_control,held_out_val_6bba_t50_p06_crowded,held_out_val,crowded,0.3,2,1,53
variant_A_control,held_out_val_6bba_t50_p06_crowded,held_out_val,crowded,0.4,2,1,52
variant_A_control,held_out_val_6bba_t50_p06_crowded,held_out_val,crowded,0.5,2,1,47
variant_A_control,held_out_val_6bba_t50_p06_crowded,held_out_val,crowded,0.6,2,1,43
variant_A_control,held_out_val_6bba_t50_p06_crowded,held_out_val,crowded,0.7,2,1,24
variant_A_control,held_out_val_6bba_t50_p06_crowded,held_out_val,crowded,0.8,2,0,1
variant_A_control,held_out_val_6bba_t50_p06_crowded,held_out_val,crowded,0.85,2,0,1
variant_A_control,held_out_val_6bba_t50_p06_crowded,held_out_val,crowded,0.9,2,0,1
variant_B_per_patch,train_6bba_t45_p01_crowded,train,crowded,0.1,4,3,62
variant_B_per_patch,train_6bba_t45_p01_crowded,train,crowded,0.2,4,3,62
variant_B_per_patch,train_6bba_t45_p01_crowded,train,crowded,0.3,4,3,62
variant_B_per_patch,train_6bba_t45_p01_crowded,train,crowded,0.4,4,3,62
variant_B_per_patch,train_6bba_t45_p01_crowded,train,crowded,0.5,4,3,59
variant_B_per_patch,train_6bba_t45_p01_crowded,train,crowded,0.6,4,3,55
variant_B_per_patch,train_6bba_t45_p01_crowded,train,crowded,0.7,4,3,39
variant_B_per_patch,train_6bba_t45_p01_crowded,train,crowded,0.8,4,2,13
variant_B_per_patch,train_6bba_t45_p01_crowded,train,crowded,0.85,4,2,6
variant_B_per_patch,train_6bba_t45_p01_crowded,train,crowded,0.9,4,0,4
variant_B_per_patch,train_6bba_t15_p02_crowded,train,crowded,0.1,4,3,68
variant_B_per_patch,train_6bba_t15_p02_crowded,train,crowded,0.2,4,3,68
variant_B_per_patch,train_6bba_t15_p02_crowded,train,crowded,0.3,4,3,68
variant_B_per_patch,train_6bba_t15_p02_crowded,train,crowded,0.4,4,3,68
variant_B_per_patch,train_6bba_t15_p02_crowded,train,crowded,0.5,4,3,65
variant_B_per_patch,train_6bba_t15_p02_crowded,train,crowded,0.6,4,3,59
variant_B_per_patch,train_6bba_t15_p02_crowded,train,crowded,0.7,4,3,49
variant_B_per_patch,train_6bba_t15_p02_crowded,train,crowded,0.8,4,3,9
variant_B_per_patch,train_6bba_t15_p02_crowded,train,crowded,0.85,4,2,4
variant_B_per_patch,train_6bba_t15_p02_crowded,train,crowded,0.9,4,0,0
variant_B_per_patch,train_6bba_t55_p03_boundary,train,boundary,0.1,1,1,87
variant_B_per_patch,train_6bba_t55_p03_boundary,train,boundary,0.2,1,1,87
variant_B_per_patch,train_6bba_t55_p03_boundary,train,boundary,0.3,1,1,87
variant_B_per_patch,train_6bba_t55_p03_boundary,train,boundary,0.4,1,1,87
variant_B_per_patch,train_6bba_t55_p03_boundary,train,boundary,0.5,1,1,81
variant_B_per_patch,train_6bba_t55_p03_boundary,train,boundary,0.6,1,1,75
variant_B_per_patch,train_6bba_t55_p03_boundary,train,boundary,0.7,1,1,46
variant_B_per_patch,train_6bba_t55_p03_boundary,train,boundary,0.8,1,1,10
variant_B_per_patch,train_6bba_t55_p03_boundary,train,boundary,0.85,1,1,7
variant_B_per_patch,train_6bba_t55_p03_boundary,train,boundary,0.9,1,1,1
variant_B_per_patch,train_6bba_t35_p04_boundary,train,boundary,0.1,1,0,53
variant_B_per_patch,train_6bba_t35_p04_boundary,train,boundary,0.2,1,0,53
variant_B_per_patch,train_6bba_t35_p04_boundary,train,boundary,0.3,1,0,53
variant_B_per_patch,train_6bba_t35_p04_boundary,train,boundary,0.4,1,0,51
variant_B_per_patch,train_6bba_t35_p04_boundary,train,boundary,0.5,1,0,48
variant_B_per_patch,train_6bba_t35_p04_boundary,train,boundary,0.6,1,0,47
variant_B_per_patch,train_6bba_t35_p04_boundary,train,boundary,0.7,1,0,10
variant_B_per_patch,train_6bba_t35_p04_boundary,train,boundary,0.8,1,0,3
variant_B_per_patch,train_6bba_t35_p04_boundary,train,boundary,0.85,1,0,2
variant_B_per_patch,train_6bba_t35_p04_boundary,train,boundary,0.9,1,0,0
variant_B_per_patch,train_6bba_t25_p05_crowded,train,crowded,0.1,3,2,55
variant_B_per_patch,train_6bba_t25_p05_crowded,train,crowded,0.2,3,2,55
variant_B_per_patch,train_6bba_t25_p05_crowded,train,crowded,0.3,3,2,55
variant_B_per_patch,train_6bba_t25_p05_crowded,train,crowded,0.4,3,2,55
variant_B_per_patch,train_6bba_t25_p05_crowded,train,crowded,0.5,3,2,54
variant_B_per_patch,train_6bba_t25_p05_crowded,train,crowded,0.6,3,2,50
variant_B_per_patch,train_6bba_t25_p05_crowded,train,crowded,0.7,3,2,37
variant_B_per_patch,train_6bba_t25_p05_crowded,train,crowded,0.8,3,2,14
variant_B_per_patch,train_6bba_t25_p05_crowded,train,crowded,0.85,3,1,7
variant_B_per_patch,train_6bba_t25_p05_crowded,train,crowded,0.9,3,0,0
variant_B_per_patch,train_6bba_t15_p06_crowded,train,crowded,0.1,2,1,67
variant_B_per_patch,train_6bba_t15_p06_crowded,train,crowded,0.2,2,1,67
variant_B_per_patch,train_6bba_t15_p06_crowded,train,crowded,0.3,2,1,67
variant_B_per_patch,train_6bba_t15_p06_crowded,train,crowded,0.4,2,1,66
variant_B_per_patch,train_6bba_t15_p06_crowded,train,crowded,0.5,2,1,58
variant_B_per_patch,train_6bba_t15_p06_crowded,train,crowded,0.6,2,1,47
variant_B_per_patch,train_6bba_t15_p06_crowded,train,crowded,0.7,2,1,31
variant_B_per_patch,train_6bba_t15_p06_crowded,train,crowded,0.8,2,1,8
variant_B_per_patch,train_6bba_t15_p06_crowded,train,crowded,0.85,2,1,8
variant_B_per_patch,train_6bba_t15_p06_crowded,train,crowded,0.9,2,1,4
variant_B_per_patch,train_6bba_t15_p07_isolated,train,isolated,0.1,1,1,69
variant_B_per_patch,train_6bba_t15_p07_isolated,train,isolated,0.2,1,1,69
variant_B_per_patch,train_6bba_t15_p07_isolated,train,isolated,0.3,1,1,69
variant_B_per_patch,train_6bba_t15_p07_isolated,train,isolated,0.4,1,1,69
variant_B_per_patch,train_6bba_t15_p07_isolated,train,isolated,0.5,1,1,67
variant_B_per_patch,train_6bba_t15_p07_isolated,train,isolated,0.6,1,1,60
variant_B_per_patch,train_6bba_t15_p07_isolated,train,isolated,0.7,1,1,54
variant_B_per_patch,train_6bba_t15_p07_isolated,train,isolated,0.8,1,1,11
variant_B_per_patch,train_6bba_t15_p07_isolated,train,isolated,0.85,1,1,8
variant_B_per_patch,train_6bba_t15_p07_isolated,train,isolated,0.9,1,0,1
variant_B_per_patch,train_6bba_t15_p08_isolated,train,isolated,0.1,1,1,62
variant_B_per_patch,train_6bba_t15_p08_isolated,train,isolated,0.2,1,1,62
variant_B_per_patch,train_6bba_t15_p08_isolated,train,isolated,0.3,1,1,62
variant_B_per_patch,train_6bba_t15_p08_isolated,train,isolated,0.4,1,1,62
variant_B_per_patch,train_6bba_t15_p08_isolated,train,isolated,0.5,1,1,60
variant_B_per_patch,train_6bba_t15_p08_isolated,train,isolated,0.6,1,1,50
variant_B_per_patch,train_6bba_t15_p08_isolated,train,isolated,0.7,1,1,39
variant_B_per_patch,train_6bba_t15_p08_isolated,train,isolated,0.8,1,1,11
variant_B_per_patch,train_6bba_t15_p08_isolated,train,isolated,0.85,1,1,7
variant_B_per_patch,train_6bba_t15_p08_isolated,train,isolated,0.9,1,1,4
variant_B_per_patch,train_6bba_t45_p09_isolated,train,isolated,0.1,1,1,62
variant_B_per_patch,train_6bba_t45_p09_isolated,train,isolated,0.2,1,1,62
variant_B_per_patch,train_6bba_t45_p09_isolated,train,isolated,0.3,1,1,62
variant_B_per_patch,train_6bba_t45_p09_isolated,train,isolated,0.4,1,1,62
variant_B_per_patch,train_6bba_t45_p09_isolated,train,isolated,0.5,1,1,57
variant_B_per_patch,train_6bba_t45_p09_isolated,train,isolated,0.6,1,1,52
variant_B_per_patch,train_6bba_t45_p09_isolated,train,isolated,0.7,1,1,31
variant_B_per_patch,train_6bba_t45_p09_isolated,train,isolated,0.8,1,1,8
variant_B_per_patch,train_6bba_t45_p09_isolated,train,isolated,0.85,1,1,5
variant_B_per_patch,train_6bba_t45_p09_isolated,train,isolated,0.9,1,0,2
variant_B_per_patch,train_6bba_t55_p10_isolated,train,isolated,0.1,1,1,61
variant_B_per_patch,train_6bba_t55_p10_isolated,train,isolated,0.2,1,1,61
variant_B_per_patch,train_6bba_t55_p10_isolated,train,isolated,0.3,1,1,61
variant_B_per_patch,train_6bba_t55_p10_isolated,train,isolated,0.4,1,1,61
variant_B_per_patch,train_6bba_t55_p10_isolated,train,isolated,0.5,1,1,57
variant_B_per_patch,train_6bba_t55_p10_isolated,train,isolated,0.6,1,1,49
variant_B_per_patch,train_6bba_t55_p10_isolated,train,isolated,0.7,1,1,28
variant_B_per_patch,train_6bba_t55_p10_isolated,train,isolated,0.8,1,1,8
variant_B_per_patch,train_6bba_t55_p10_isolated,train,isolated,0.85,1,1,5
variant_B_per_patch,train_6bba_t55_p10_isolated,train,isolated,0.9,1,1,3
variant_B_per_patch,train_44b6_t55_p01_isolated,train,isolated,0.1,1,1,73
variant_B_per_patch,train_44b6_t55_p01_isolated,train,isolated,0.2,1,1,73
variant_B_per_patch,train_44b6_t55_p01_isolated,train,isolated,0.3,1,1,73
variant_B_per_patch,train_44b6_t55_p01_isolated,train,isolated,0.4,1,1,73
variant_B_per_patch,train_44b6_t55_p01_isolated,train,isolated,0.5,1,1,71
variant_B_per_patch,train_44b6_t55_p01_isolated,train,isolated,0.6,1,1,64
variant_B_per_patch,train_44b6_t55_p01_isolated,train,isolated,0.7,1,1,41
variant_B_per_patch,train_44b6_t55_p01_isolated,train,isolated,0.8,1,1,12
variant_B_per_patch,train_44b6_t55_p01_isolated,train,isolated,0.85,1,1,8
variant_B_per_patch,train_44b6_t55_p01_isolated,train,isolated,0.9,1,0,2
variant_B_per_patch,train_44b6_t45_p02_isolated,train,isolated,0.1,1,1,67
variant_B_per_patch,train_44b6_t45_p02_isolated,train,isolated,0.2,1,1,67
variant_B_per_patch,train_44b6_t45_p02_isolated,train,isolated,0.3,1,1,67
variant_B_per_patch,train_44b6_t45_p02_isolated,train,isolated,0.4,1,1,67
variant_B_per_patch,train_44b6_t45_p02_isolated,train,isolated,0.5,1,1,67
variant_B_per_patch,train_44b6_t45_p02_isolated,train,isolated,0.6,1,1,67
variant_B_per_patch,train_44b6_t45_p02_isolated,train,isolated,0.7,1,1,49
variant_B_per_patch,train_44b6_t45_p02_isolated,train,isolated,0.8,1,1,10
variant_B_per_patch,train_44b6_t45_p02_isolated,train,isolated,0.85,1,1,9
variant_B_per_patch,train_44b6_t45_p02_isolated,train,isolated,0.9,1,1,5
variant_B_per_patch,train_44b6_t15_p03_isolated,train,isolated,0.1,1,1,61
variant_B_per_patch,train_44b6_t15_p03_isolated,train,isolated,0.2,1,1,61
variant_B_per_patch,train_44b6_t15_p03_isolated,train,isolated,0.3,1,1,61
variant_B_per_patch,train_44b6_t15_p03_isolated,train,isolated,0.4,1,1,61
variant_B_per_patch,train_44b6_t15_p03_isolated,train,isolated,0.5,1,1,59
variant_B_per_patch,train_44b6_t15_p03_isolated,train,isolated,0.6,1,1,52
variant_B_per_patch,train_44b6_t15_p03_isolated,train,isolated,0.7,1,1,37
variant_B_per_patch,train_44b6_t15_p03_isolated,train,isolated,0.8,1,1,11
variant_B_per_patch,train_44b6_t15_p03_isolated,train,isolated,0.85,1,0,8
variant_B_per_patch,train_44b6_t15_p03_isolated,train,isolated,0.9,1,0,4
variant_B_per_patch,train_44b6_t45_p04_crowded,train,crowded,0.1,3,3,76
variant_B_per_patch,train_44b6_t45_p04_crowded,train,crowded,0.2,3,3,76
variant_B_per_patch,train_44b6_t45_p04_crowded,train,crowded,0.3,3,3,76
variant_B_per_patch,train_44b6_t45_p04_crowded,train,crowded,0.4,3,3,76
variant_B_per_patch,train_44b6_t45_p04_crowded,train,crowded,0.5,3,3,72
variant_B_per_patch,train_44b6_t45_p04_crowded,train,crowded,0.6,3,3,63
variant_B_per_patch,train_44b6_t45_p04_crowded,train,crowded,0.7,3,3,42
variant_B_per_patch,train_44b6_t45_p04_crowded,train,crowded,0.8,3,3,13
variant_B_per_patch,train_44b6_t45_p04_crowded,train,crowded,0.85,3,3,9
variant_B_per_patch,train_44b6_t45_p04_crowded,train,crowded,0.9,3,2,4
variant_B_per_patch,train_44b6_t15_p05_crowded,train,crowded,0.1,2,2,66
variant_B_per_patch,train_44b6_t15_p05_crowded,train,crowded,0.2,2,2,66
variant_B_per_patch,train_44b6_t15_p05_crowded,train,crowded,0.3,2,2,66
variant_B_per_patch,train_44b6_t15_p05_crowded,train,crowded,0.4,2,2,66
variant_B_per_patch,train_44b6_t15_p05_crowded,train,crowded,0.5,2,2,66
variant_B_per_patch,train_44b6_t15_p05_crowded,train,crowded,0.6,2,2,64
variant_B_per_patch,train_44b6_t15_p05_crowded,train,crowded,0.7,2,2,44
variant_B_per_patch,train_44b6_t15_p05_crowded,train,crowded,0.8,2,2,14
variant_B_per_patch,train_44b6_t15_p05_crowded,train,crowded,0.85,2,2,10
variant_B_per_patch,train_44b6_t15_p05_crowded,train,crowded,0.9,2,1,4
variant_B_per_patch,train_44b6_t25_p06_crowded,train,crowded,0.1,3,3,48
variant_B_per_patch,train_44b6_t25_p06_crowded,train,crowded,0.2,3,3,48
variant_B_per_patch,train_44b6_t25_p06_crowded,train,crowded,0.3,3,3,48
variant_B_per_patch,train_44b6_t25_p06_crowded,train,crowded,0.4,3,3,48
variant_B_per_patch,train_44b6_t25_p06_crowded,train,crowded,0.5,3,3,47
variant_B_per_patch,train_44b6_t25_p06_crowded,train,crowded,0.6,3,3,43
variant_B_per_patch,train_44b6_t25_p06_crowded,train,crowded,0.7,3,3,27
variant_B_per_patch,train_44b6_t25_p06_crowded,train,crowded,0.8,3,2,13
variant_B_per_patch,train_44b6_t25_p06_crowded,train,crowded,0.85,3,2,9
variant_B_per_patch,train_44b6_t25_p06_crowded,train,crowded,0.9,3,1,4
variant_B_per_patch,train_44b6_t15_p07_crowded,train,crowded,0.1,2,2,62
variant_B_per_patch,train_44b6_t15_p07_crowded,train,crowded,0.2,2,2,62
variant_B_per_patch,train_44b6_t15_p07_crowded,train,crowded,0.3,2,2,62
variant_B_per_patch,train_44b6_t15_p07_crowded,train,crowded,0.4,2,2,62
variant_B_per_patch,train_44b6_t15_p07_crowded,train,crowded,0.5,2,2,60
variant_B_per_patch,train_44b6_t15_p07_crowded,train,crowded,0.6,2,2,59
variant_B_per_patch,train_44b6_t15_p07_crowded,train,crowded,0.7,2,2,41
variant_B_per_patch,train_44b6_t15_p07_crowded,train,crowded,0.8,2,2,11
variant_B_per_patch,train_44b6_t15_p07_crowded,train,crowded,0.85,2,0,6
variant_B_per_patch,train_44b6_t15_p07_crowded,train,crowded,0.9,2,0,4
variant_B_per_patch,train_44b6_t25_p08_isolated,train,isolated,0.1,1,0,67
variant_B_per_patch,train_44b6_t25_p08_isolated,train,isolated,0.2,1,0,67
variant_B_per_patch,train_44b6_t25_p08_isolated,train,isolated,0.3,1,0,67
variant_B_per_patch,train_44b6_t25_p08_isolated,train,isolated,0.4,1,0,67
variant_B_per_patch,train_44b6_t25_p08_isolated,train,isolated,0.5,1,0,67
variant_B_per_patch,train_44b6_t25_p08_isolated,train,isolated,0.6,1,0,63
variant_B_per_patch,train_44b6_t25_p08_isolated,train,isolated,0.7,1,0,44
variant_B_per_patch,train_44b6_t25_p08_isolated,train,isolated,0.8,1,0,13
variant_B_per_patch,train_44b6_t25_p08_isolated,train,isolated,0.85,1,0,6
variant_B_per_patch,train_44b6_t25_p08_isolated,train,isolated,0.9,1,0,4
variant_B_per_patch,train_44b6_t55_p09_boundary,train,boundary,0.1,1,1,65
variant_B_per_patch,train_44b6_t55_p09_boundary,train,boundary,0.2,1,1,65
variant_B_per_patch,train_44b6_t55_p09_boundary,train,boundary,0.3,1,1,65
variant_B_per_patch,train_44b6_t55_p09_boundary,train,boundary,0.4,1,1,65
variant_B_per_patch,train_44b6_t55_p09_boundary,train,boundary,0.5,1,1,64
variant_B_per_patch,train_44b6_t55_p09_boundary,train,boundary,0.6,1,1,56
variant_B_per_patch,train_44b6_t55_p09_boundary,train,boundary,0.7,1,1,36
variant_B_per_patch,train_44b6_t55_p09_boundary,train,boundary,0.8,1,1,11
variant_B_per_patch,train_44b6_t55_p09_boundary,train,boundary,0.85,1,1,9
variant_B_per_patch,train_44b6_t55_p09_boundary,train,boundary,0.9,1,1,4
variant_B_per_patch,train_44b6_t55_p10_boundary,train,boundary,0.1,1,1,73
variant_B_per_patch,train_44b6_t55_p10_boundary,train,boundary,0.2,1,1,73
variant_B_per_patch,train_44b6_t55_p10_boundary,train,boundary,0.3,1,1,73
variant_B_per_patch,train_44b6_t55_p10_boundary,train,boundary,0.4,1,1,73
variant_B_per_patch,train_44b6_t55_p10_boundary,train,boundary,0.5,1,1,73
variant_B_per_patch,train_44b6_t55_p10_boundary,train,boundary,0.6,1,1,71
variant_B_per_patch,train_44b6_t55_p10_boundary,train,boundary,0.7,1,1,47
variant_B_per_patch,train_44b6_t55_p10_boundary,train,boundary,0.8,1,1,11
variant_B_per_patch,train_44b6_t55_p10_boundary,train,boundary,0.85,1,1,8
variant_B_per_patch,train_44b6_t55_p10_boundary,train,boundary,0.9,1,1,5
variant_B_per_patch,inner_val_6bba_t70_p01_zero_annotation,inner_val,zero_annotation,0.1,0,0,70
variant_B_per_patch,inner_val_6bba_t70_p01_zero_annotation,inner_val,zero_annotation,0.2,0,0,70
variant_B_per_patch,inner_val_6bba_t70_p01_zero_annotation,inner_val,zero_annotation,0.3,0,0,70
variant_B_per_patch,inner_val_6bba_t70_p01_zero_annotation,inner_val,zero_annotation,0.4,0,0,68
variant_B_per_patch,inner_val_6bba_t70_p01_zero_annotation,inner_val,zero_annotation,0.5,0,0,62
variant_B_per_patch,inner_val_6bba_t70_p01_zero_annotation,inner_val,zero_annotation,0.6,0,0,53
variant_B_per_patch,inner_val_6bba_t70_p01_zero_annotation,inner_val,zero_annotation,0.7,0,0,7
variant_B_per_patch,inner_val_6bba_t70_p01_zero_annotation,inner_val,zero_annotation,0.8,0,0,1
variant_B_per_patch,inner_val_6bba_t70_p01_zero_annotation,inner_val,zero_annotation,0.85,0,0,1
variant_B_per_patch,inner_val_6bba_t70_p01_zero_annotation,inner_val,zero_annotation,0.9,0,0,0
variant_B_per_patch,inner_val_6bba_t90_p02_boundary,inner_val,boundary,0.1,1,0,68
variant_B_per_patch,inner_val_6bba_t90_p02_boundary,inner_val,boundary,0.2,1,0,68
variant_B_per_patch,inner_val_6bba_t90_p02_boundary,inner_val,boundary,0.3,1,0,68
variant_B_per_patch,inner_val_6bba_t90_p02_boundary,inner_val,boundary,0.4,1,0,68
variant_B_per_patch,inner_val_6bba_t90_p02_boundary,inner_val,boundary,0.5,1,0,54
variant_B_per_patch,inner_val_6bba_t90_p02_boundary,inner_val,boundary,0.6,1,0,46
variant_B_per_patch,inner_val_6bba_t90_p02_boundary,inner_val,boundary,0.7,1,0,34
variant_B_per_patch,inner_val_6bba_t90_p02_boundary,inner_val,boundary,0.8,1,0,8
variant_B_per_patch,inner_val_6bba_t90_p02_boundary,inner_val,boundary,0.85,1,0,4
variant_B_per_patch,inner_val_6bba_t90_p02_boundary,inner_val,boundary,0.9,1,0,1
variant_B_per_patch,inner_val_6bba_t70_p03_crowded,inner_val,crowded,0.1,5,1,62
variant_B_per_patch,inner_val_6bba_t70_p03_crowded,inner_val,crowded,0.2,5,1,62
variant_B_per_patch,inner_val_6bba_t70_p03_crowded,inner_val,crowded,0.3,5,1,62
variant_B_per_patch,inner_val_6bba_t70_p03_crowded,inner_val,crowded,0.4,5,1,62
variant_B_per_patch,inner_val_6bba_t70_p03_crowded,inner_val,crowded,0.5,5,1,61
variant_B_per_patch,inner_val_6bba_t70_p03_crowded,inner_val,crowded,0.6,5,1,56
variant_B_per_patch,inner_val_6bba_t70_p03_crowded,inner_val,crowded,0.7,5,1,44
variant_B_per_patch,inner_val_6bba_t70_p03_crowded,inner_val,crowded,0.8,5,0,7
variant_B_per_patch,inner_val_6bba_t70_p03_crowded,inner_val,crowded,0.85,5,0,3
variant_B_per_patch,inner_val_6bba_t70_p03_crowded,inner_val,crowded,0.9,5,0,1
variant_B_per_patch,inner_val_6bba_t70_p04_crowded,inner_val,crowded,0.1,2,2,68
variant_B_per_patch,inner_val_6bba_t70_p04_crowded,inner_val,crowded,0.2,2,2,68
variant_B_per_patch,inner_val_6bba_t70_p04_crowded,inner_val,crowded,0.3,2,2,68
variant_B_per_patch,inner_val_6bba_t70_p04_crowded,inner_val,crowded,0.4,2,2,68
variant_B_per_patch,inner_val_6bba_t70_p04_crowded,inner_val,crowded,0.5,2,2,64
variant_B_per_patch,inner_val_6bba_t70_p04_crowded,inner_val,crowded,0.6,2,2,53
variant_B_per_patch,inner_val_6bba_t70_p04_crowded,inner_val,crowded,0.7,2,2,39
variant_B_per_patch,inner_val_6bba_t70_p04_crowded,inner_val,crowded,0.8,2,2,9
variant_B_per_patch,inner_val_6bba_t70_p04_crowded,inner_val,crowded,0.85,2,0,4
variant_B_per_patch,inner_val_6bba_t70_p04_crowded,inner_val,crowded,0.9,2,0,3
variant_B_per_patch,inner_val_6bba_t90_p05_isolated,inner_val,isolated,0.1,1,0,69
variant_B_per_patch,inner_val_6bba_t90_p05_isolated,inner_val,isolated,0.2,1,0,69
variant_B_per_patch,inner_val_6bba_t90_p05_isolated,inner_val,isolated,0.3,1,0,69
variant_B_per_patch,inner_val_6bba_t90_p05_isolated,inner_val,isolated,0.4,1,0,69
variant_B_per_patch,inner_val_6bba_t90_p05_isolated,inner_val,isolated,0.5,1,0,64
variant_B_per_patch,inner_val_6bba_t90_p05_isolated,inner_val,isolated,0.6,1,0,59
variant_B_per_patch,inner_val_6bba_t90_p05_isolated,inner_val,isolated,0.7,1,0,16
variant_B_per_patch,inner_val_6bba_t90_p05_isolated,inner_val,isolated,0.8,1,0,9
variant_B_per_patch,inner_val_6bba_t90_p05_isolated,inner_val,isolated,0.85,1,0,7
variant_B_per_patch,inner_val_6bba_t90_p05_isolated,inner_val,isolated,0.9,1,0,2
variant_B_per_patch,inner_val_44b6_t80_p01_crowded,inner_val,crowded,0.1,2,0,59
variant_B_per_patch,inner_val_44b6_t80_p01_crowded,inner_val,crowded,0.2,2,0,59
variant_B_per_patch,inner_val_44b6_t80_p01_crowded,inner_val,crowded,0.3,2,0,59
variant_B_per_patch,inner_val_44b6_t80_p01_crowded,inner_val,crowded,0.4,2,0,59
variant_B_per_patch,inner_val_44b6_t80_p01_crowded,inner_val,crowded,0.5,2,0,50
variant_B_per_patch,inner_val_44b6_t80_p01_crowded,inner_val,crowded,0.6,2,0,43
variant_B_per_patch,inner_val_44b6_t80_p01_crowded,inner_val,crowded,0.7,2,0,29
variant_B_per_patch,inner_val_44b6_t80_p01_crowded,inner_val,crowded,0.8,2,0,10
variant_B_per_patch,inner_val_44b6_t80_p01_crowded,inner_val,crowded,0.85,2,0,7
variant_B_per_patch,inner_val_44b6_t80_p01_crowded,inner_val,crowded,0.9,2,0,5
variant_B_per_patch,inner_val_44b6_t80_p02_zero_annotation,inner_val,zero_annotation,0.1,0,0,75
variant_B_per_patch,inner_val_44b6_t80_p02_zero_annotation,inner_val,zero_annotation,0.2,0,0,75
variant_B_per_patch,inner_val_44b6_t80_p02_zero_annotation,inner_val,zero_annotation,0.3,0,0,75
variant_B_per_patch,inner_val_44b6_t80_p02_zero_annotation,inner_val,zero_annotation,0.4,0,0,75
variant_B_per_patch,inner_val_44b6_t80_p02_zero_annotation,inner_val,zero_annotation,0.5,0,0,75
variant_B_per_patch,inner_val_44b6_t80_p02_zero_annotation,inner_val,zero_annotation,0.6,0,0,74
variant_B_per_patch,inner_val_44b6_t80_p02_zero_annotation,inner_val,zero_annotation,0.7,0,0,39
variant_B_per_patch,inner_val_44b6_t80_p02_zero_annotation,inner_val,zero_annotation,0.8,0,0,10
variant_B_per_patch,inner_val_44b6_t80_p02_zero_annotation,inner_val,zero_annotation,0.85,0,0,8
variant_B_per_patch,inner_val_44b6_t80_p02_zero_annotation,inner_val,zero_annotation,0.9,0,0,4
variant_B_per_patch,inner_val_44b6_t70_p03_isolated,inner_val,isolated,0.1,1,1,68
variant_B_per_patch,inner_val_44b6_t70_p03_isolated,inner_val,isolated,0.2,1,1,68
variant_B_per_patch,inner_val_44b6_t70_p03_isolated,inner_val,isolated,0.3,1,1,68
variant_B_per_patch,inner_val_44b6_t70_p03_isolated,inner_val,isolated,0.4,1,1,68
variant_B_per_patch,inner_val_44b6_t70_p03_isolated,inner_val,isolated,0.5,1,1,67
variant_B_per_patch,inner_val_44b6_t70_p03_isolated,inner_val,isolated,0.6,1,1,64
variant_B_per_patch,inner_val_44b6_t70_p03_isolated,inner_val,isolated,0.7,1,1,40
variant_B_per_patch,inner_val_44b6_t70_p03_isolated,inner_val,isolated,0.8,1,1,9
variant_B_per_patch,inner_val_44b6_t70_p03_isolated,inner_val,isolated,0.85,1,1,5
variant_B_per_patch,inner_val_44b6_t70_p03_isolated,inner_val,isolated,0.9,1,1,3
variant_B_per_patch,inner_val_44b6_t90_p04_crowded,inner_val,crowded,0.1,2,1,64
variant_B_per_patch,inner_val_44b6_t90_p04_crowded,inner_val,crowded,0.2,2,1,64
variant_B_per_patch,inner_val_44b6_t90_p04_crowded,inner_val,crowded,0.3,2,1,64
variant_B_per_patch,inner_val_44b6_t90_p04_crowded,inner_val,crowded,0.4,2,1,64
variant_B_per_patch,inner_val_44b6_t90_p04_crowded,inner_val,crowded,0.5,2,1,62
variant_B_per_patch,inner_val_44b6_t90_p04_crowded,inner_val,crowded,0.6,2,1,54
variant_B_per_patch,inner_val_44b6_t90_p04_crowded,inner_val,crowded,0.7,2,1,29
variant_B_per_patch,inner_val_44b6_t90_p04_crowded,inner_val,crowded,0.8,2,1,14
variant_B_per_patch,inner_val_44b6_t90_p04_crowded,inner_val,crowded,0.85,2,1,9
variant_B_per_patch,inner_val_44b6_t90_p04_crowded,inner_val,crowded,0.9,2,1,4
variant_B_per_patch,inner_val_44b6_t70_p05_boundary,inner_val,boundary,0.1,1,1,67
variant_B_per_patch,inner_val_44b6_t70_p05_boundary,inner_val,boundary,0.2,1,1,67
variant_B_per_patch,inner_val_44b6_t70_p05_boundary,inner_val,boundary,0.3,1,1,67
variant_B_per_patch,inner_val_44b6_t70_p05_boundary,inner_val,boundary,0.4,1,1,67
variant_B_per_patch,inner_val_44b6_t70_p05_boundary,inner_val,boundary,0.5,1,1,62
variant_B_per_patch,inner_val_44b6_t70_p05_boundary,inner_val,boundary,0.6,1,1,57
variant_B_per_patch,inner_val_44b6_t70_p05_boundary,inner_val,boundary,0.7,1,1,35
variant_B_per_patch,inner_val_44b6_t70_p05_boundary,inner_val,boundary,0.8,1,1,12
variant_B_per_patch,inner_val_44b6_t70_p05_boundary,inner_val,boundary,0.85,1,1,7
variant_B_per_patch,inner_val_44b6_t70_p05_boundary,inner_val,boundary,0.9,1,0,2
variant_B_per_patch,held_out_val_6bba_t50_p01_zero_annotation,held_out_val,zero_annotation,0.1,0,0,85
variant_B_per_patch,held_out_val_6bba_t50_p01_zero_annotation,held_out_val,zero_annotation,0.2,0,0,85
variant_B_per_patch,held_out_val_6bba_t50_p01_zero_annotation,held_out_val,zero_annotation,0.3,0,0,85
variant_B_per_patch,held_out_val_6bba_t50_p01_zero_annotation,held_out_val,zero_annotation,0.4,0,0,85
variant_B_per_patch,held_out_val_6bba_t50_p01_zero_annotation,held_out_val,zero_annotation,0.5,0,0,81
variant_B_per_patch,held_out_val_6bba_t50_p01_zero_annotation,held_out_val,zero_annotation,0.6,0,0,69
variant_B_per_patch,held_out_val_6bba_t50_p01_zero_annotation,held_out_val,zero_annotation,0.7,0,0,60
variant_B_per_patch,held_out_val_6bba_t50_p01_zero_annotation,held_out_val,zero_annotation,0.8,0,0,8
variant_B_per_patch,held_out_val_6bba_t50_p01_zero_annotation,held_out_val,zero_annotation,0.85,0,0,4
variant_B_per_patch,held_out_val_6bba_t50_p01_zero_annotation,held_out_val,zero_annotation,0.9,0,0,2
variant_B_per_patch,held_out_val_6bba_t75_p02_isolated,held_out_val,isolated,0.1,1,0,67
variant_B_per_patch,held_out_val_6bba_t75_p02_isolated,held_out_val,isolated,0.2,1,0,67
variant_B_per_patch,held_out_val_6bba_t75_p02_isolated,held_out_val,isolated,0.3,1,0,67
variant_B_per_patch,held_out_val_6bba_t75_p02_isolated,held_out_val,isolated,0.4,1,0,66
variant_B_per_patch,held_out_val_6bba_t75_p02_isolated,held_out_val,isolated,0.5,1,0,65
variant_B_per_patch,held_out_val_6bba_t75_p02_isolated,held_out_val,isolated,0.6,1,0,62
variant_B_per_patch,held_out_val_6bba_t75_p02_isolated,held_out_val,isolated,0.7,1,0,3
variant_B_per_patch,held_out_val_6bba_t75_p02_isolated,held_out_val,isolated,0.8,1,0,1
variant_B_per_patch,held_out_val_6bba_t75_p02_isolated,held_out_val,isolated,0.85,1,0,1
variant_B_per_patch,held_out_val_6bba_t75_p02_isolated,held_out_val,isolated,0.9,1,0,1
variant_B_per_patch,held_out_val_6bba_t25_p03_isolated,held_out_val,isolated,0.1,1,0,63
variant_B_per_patch,held_out_val_6bba_t25_p03_isolated,held_out_val,isolated,0.2,1,0,63
variant_B_per_patch,held_out_val_6bba_t25_p03_isolated,held_out_val,isolated,0.3,1,0,63
variant_B_per_patch,held_out_val_6bba_t25_p03_isolated,held_out_val,isolated,0.4,1,0,63
variant_B_per_patch,held_out_val_6bba_t25_p03_isolated,held_out_val,isolated,0.5,1,0,61
variant_B_per_patch,held_out_val_6bba_t25_p03_isolated,held_out_val,isolated,0.6,1,0,58
variant_B_per_patch,held_out_val_6bba_t25_p03_isolated,held_out_val,isolated,0.7,1,0,41
variant_B_per_patch,held_out_val_6bba_t25_p03_isolated,held_out_val,isolated,0.8,1,0,4
variant_B_per_patch,held_out_val_6bba_t25_p03_isolated,held_out_val,isolated,0.85,1,0,3
variant_B_per_patch,held_out_val_6bba_t25_p03_isolated,held_out_val,isolated,0.9,1,0,1
variant_B_per_patch,held_out_val_6bba_t75_p04_boundary,held_out_val,boundary,0.1,1,0,74
variant_B_per_patch,held_out_val_6bba_t75_p04_boundary,held_out_val,boundary,0.2,1,0,74
variant_B_per_patch,held_out_val_6bba_t75_p04_boundary,held_out_val,boundary,0.3,1,0,74
variant_B_per_patch,held_out_val_6bba_t75_p04_boundary,held_out_val,boundary,0.4,1,0,74
variant_B_per_patch,held_out_val_6bba_t75_p04_boundary,held_out_val,boundary,0.5,1,0,70
variant_B_per_patch,held_out_val_6bba_t75_p04_boundary,held_out_val,boundary,0.6,1,0,65
variant_B_per_patch,held_out_val_6bba_t75_p04_boundary,held_out_val,boundary,0.7,1,0,13
variant_B_per_patch,held_out_val_6bba_t75_p04_boundary,held_out_val,boundary,0.8,1,0,7
variant_B_per_patch,held_out_val_6bba_t75_p04_boundary,held_out_val,boundary,0.85,1,0,4
variant_B_per_patch,held_out_val_6bba_t75_p04_boundary,held_out_val,boundary,0.9,1,0,0
variant_B_per_patch,held_out_val_6bba_t25_p05_crowded,held_out_val,crowded,0.1,4,1,78
variant_B_per_patch,held_out_val_6bba_t25_p05_crowded,held_out_val,crowded,0.2,4,1,78
variant_B_per_patch,held_out_val_6bba_t25_p05_crowded,held_out_val,crowded,0.3,4,1,78
variant_B_per_patch,held_out_val_6bba_t25_p05_crowded,held_out_val,crowded,0.4,4,1,78
variant_B_per_patch,held_out_val_6bba_t25_p05_crowded,held_out_val,crowded,0.5,4,1,76
variant_B_per_patch,held_out_val_6bba_t25_p05_crowded,held_out_val,crowded,0.6,4,1,74
variant_B_per_patch,held_out_val_6bba_t25_p05_crowded,held_out_val,crowded,0.7,4,1,16
variant_B_per_patch,held_out_val_6bba_t25_p05_crowded,held_out_val,crowded,0.8,4,1,5
variant_B_per_patch,held_out_val_6bba_t25_p05_crowded,held_out_val,crowded,0.85,4,1,2
variant_B_per_patch,held_out_val_6bba_t25_p05_crowded,held_out_val,crowded,0.9,4,1,2
variant_B_per_patch,held_out_val_6bba_t50_p06_crowded,held_out_val,crowded,0.1,2,0,63
variant_B_per_patch,held_out_val_6bba_t50_p06_crowded,held_out_val,crowded,0.2,2,0,63
variant_B_per_patch,held_out_val_6bba_t50_p06_crowded,held_out_val,crowded,0.3,2,0,63
variant_B_per_patch,held_out_val_6bba_t50_p06_crowded,held_out_val,crowded,0.4,2,0,63
variant_B_per_patch,held_out_val_6bba_t50_p06_crowded,held_out_val,crowded,0.5,2,0,60
variant_B_per_patch,held_out_val_6bba_t50_p06_crowded,held_out_val,crowded,0.6,2,0,58
variant_B_per_patch,held_out_val_6bba_t50_p06_crowded,held_out_val,crowded,0.7,2,0,9
variant_B_per_patch,held_out_val_6bba_t50_p06_crowded,held_out_val,crowded,0.8,2,0,3
variant_B_per_patch,held_out_val_6bba_t50_p06_crowded,held_out_val,crowded,0.85,2,0,1
variant_B_per_patch,held_out_val_6bba_t50_p06_crowded,held_out_val,crowded,0.9,2,0,0
variant_D1_calibrated_bias,train_6bba_t45_p01_crowded,train,crowded,0.1,4,4,28
variant_D1_calibrated_bias,train_6bba_t45_p01_crowded,train,crowded,0.2,4,4,28
variant_D1_calibrated_bias,train_6bba_t45_p01_crowded,train,crowded,0.3,4,4,23
variant_D1_calibrated_bias,train_6bba_t45_p01_crowded,train,crowded,0.4,4,4,20
variant_D1_calibrated_bias,train_6bba_t45_p01_crowded,train,crowded,0.5,4,4,15
variant_D1_calibrated_bias,train_6bba_t45_p01_crowded,train,crowded,0.6,4,4,11
variant_D1_calibrated_bias,train_6bba_t45_p01_crowded,train,crowded,0.7,4,1,1
variant_D1_calibrated_bias,train_6bba_t45_p01_crowded,train,crowded,0.8,4,0,0
variant_D1_calibrated_bias,train_6bba_t45_p01_crowded,train,crowded,0.85,4,0,0
variant_D1_calibrated_bias,train_6bba_t45_p01_crowded,train,crowded,0.9,4,0,0
variant_D1_calibrated_bias,train_6bba_t15_p02_crowded,train,crowded,0.1,4,4,26
variant_D1_calibrated_bias,train_6bba_t15_p02_crowded,train,crowded,0.2,4,4,25
variant_D1_calibrated_bias,train_6bba_t15_p02_crowded,train,crowded,0.3,4,4,24
variant_D1_calibrated_bias,train_6bba_t15_p02_crowded,train,crowded,0.4,4,4,21
variant_D1_calibrated_bias,train_6bba_t15_p02_crowded,train,crowded,0.5,4,4,14
variant_D1_calibrated_bias,train_6bba_t15_p02_crowded,train,crowded,0.6,4,2,2
variant_D1_calibrated_bias,train_6bba_t15_p02_crowded,train,crowded,0.7,4,0,0
variant_D1_calibrated_bias,train_6bba_t15_p02_crowded,train,crowded,0.8,4,0,0
variant_D1_calibrated_bias,train_6bba_t15_p02_crowded,train,crowded,0.85,4,0,0
variant_D1_calibrated_bias,train_6bba_t15_p02_crowded,train,crowded,0.9,4,0,0
variant_D1_calibrated_bias,train_6bba_t55_p03_boundary,train,boundary,0.1,1,1,23
variant_D1_calibrated_bias,train_6bba_t55_p03_boundary,train,boundary,0.2,1,1,23
variant_D1_calibrated_bias,train_6bba_t55_p03_boundary,train,boundary,0.3,1,1,23
variant_D1_calibrated_bias,train_6bba_t55_p03_boundary,train,boundary,0.4,1,1,18
variant_D1_calibrated_bias,train_6bba_t55_p03_boundary,train,boundary,0.5,1,1,10
variant_D1_calibrated_bias,train_6bba_t55_p03_boundary,train,boundary,0.6,1,1,5
variant_D1_calibrated_bias,train_6bba_t55_p03_boundary,train,boundary,0.7,1,1,2
variant_D1_calibrated_bias,train_6bba_t55_p03_boundary,train,boundary,0.8,1,0,0
variant_D1_calibrated_bias,train_6bba_t55_p03_boundary,train,boundary,0.85,1,0,0
variant_D1_calibrated_bias,train_6bba_t55_p03_boundary,train,boundary,0.9,1,0,0
variant_D1_calibrated_bias,train_6bba_t35_p04_boundary,train,boundary,0.1,1,0,13
variant_D1_calibrated_bias,train_6bba_t35_p04_boundary,train,boundary,0.2,1,0,13
variant_D1_calibrated_bias,train_6bba_t35_p04_boundary,train,boundary,0.3,1,0,13
variant_D1_calibrated_bias,train_6bba_t35_p04_boundary,train,boundary,0.4,1,0,12
variant_D1_calibrated_bias,train_6bba_t35_p04_boundary,train,boundary,0.5,1,0,11
variant_D1_calibrated_bias,train_6bba_t35_p04_boundary,train,boundary,0.6,1,0,5
variant_D1_calibrated_bias,train_6bba_t35_p04_boundary,train,boundary,0.7,1,0,2
variant_D1_calibrated_bias,train_6bba_t35_p04_boundary,train,boundary,0.8,1,0,0
variant_D1_calibrated_bias,train_6bba_t35_p04_boundary,train,boundary,0.85,1,0,0
variant_D1_calibrated_bias,train_6bba_t35_p04_boundary,train,boundary,0.9,1,0,0
variant_D1_calibrated_bias,train_6bba_t25_p05_crowded,train,crowded,0.1,3,3,27
variant_D1_calibrated_bias,train_6bba_t25_p05_crowded,train,crowded,0.2,3,3,27
variant_D1_calibrated_bias,train_6bba_t25_p05_crowded,train,crowded,0.3,3,3,23
variant_D1_calibrated_bias,train_6bba_t25_p05_crowded,train,crowded,0.4,3,3,17
variant_D1_calibrated_bias,train_6bba_t25_p05_crowded,train,crowded,0.5,3,3,16
variant_D1_calibrated_bias,train_6bba_t25_p05_crowded,train,crowded,0.6,3,3,8
variant_D1_calibrated_bias,train_6bba_t25_p05_crowded,train,crowded,0.7,3,0,0
variant_D1_calibrated_bias,train_6bba_t25_p05_crowded,train,crowded,0.8,3,0,0
variant_D1_calibrated_bias,train_6bba_t25_p05_crowded,train,crowded,0.85,3,0,0
variant_D1_calibrated_bias,train_6bba_t25_p05_crowded,train,crowded,0.9,3,0,0
variant_D1_calibrated_bias,train_6bba_t15_p06_crowded,train,crowded,0.1,2,1,21
variant_D1_calibrated_bias,train_6bba_t15_p06_crowded,train,crowded,0.2,2,1,21
variant_D1_calibrated_bias,train_6bba_t15_p06_crowded,train,crowded,0.3,2,1,18
variant_D1_calibrated_bias,train_6bba_t15_p06_crowded,train,crowded,0.4,2,1,16
variant_D1_calibrated_bias,train_6bba_t15_p06_crowded,train,crowded,0.5,2,1,13
variant_D1_calibrated_bias,train_6bba_t15_p06_crowded,train,crowded,0.6,2,1,10
variant_D1_calibrated_bias,train_6bba_t15_p06_crowded,train,crowded,0.7,2,1,3
variant_D1_calibrated_bias,train_6bba_t15_p06_crowded,train,crowded,0.8,2,0,1
variant_D1_calibrated_bias,train_6bba_t15_p06_crowded,train,crowded,0.85,2,0,0
variant_D1_calibrated_bias,train_6bba_t15_p06_crowded,train,crowded,0.9,2,0,0
variant_D1_calibrated_bias,train_6bba_t15_p07_isolated,train,isolated,0.1,1,1,22
variant_D1_calibrated_bias,train_6bba_t15_p07_isolated,train,isolated,0.2,1,1,21
variant_D1_calibrated_bias,train_6bba_t15_p07_isolated,train,isolated,0.3,1,1,19
variant_D1_calibrated_bias,train_6bba_t15_p07_isolated,train,isolated,0.4,1,1,17
variant_D1_calibrated_bias,train_6bba_t15_p07_isolated,train,isolated,0.5,1,1,11
variant_D1_calibrated_bias,train_6bba_t15_p07_isolated,train,isolated,0.6,1,1,7
variant_D1_calibrated_bias,train_6bba_t15_p07_isolated,train,isolated,0.7,1,1,2
variant_D1_calibrated_bias,train_6bba_t15_p07_isolated,train,isolated,0.8,1,0,0
variant_D1_calibrated_bias,train_6bba_t15_p07_isolated,train,isolated,0.85,1,0,0
variant_D1_calibrated_bias,train_6bba_t15_p07_isolated,train,isolated,0.9,1,0,0
variant_D1_calibrated_bias,train_6bba_t15_p08_isolated,train,isolated,0.1,1,1,27
variant_D1_calibrated_bias,train_6bba_t15_p08_isolated,train,isolated,0.2,1,1,23
variant_D1_calibrated_bias,train_6bba_t15_p08_isolated,train,isolated,0.3,1,1,22
variant_D1_calibrated_bias,train_6bba_t15_p08_isolated,train,isolated,0.4,1,1,18
variant_D1_calibrated_bias,train_6bba_t15_p08_isolated,train,isolated,0.5,1,1,15
variant_D1_calibrated_bias,train_6bba_t15_p08_isolated,train,isolated,0.6,1,1,13
variant_D1_calibrated_bias,train_6bba_t15_p08_isolated,train,isolated,0.7,1,1,3
variant_D1_calibrated_bias,train_6bba_t15_p08_isolated,train,isolated,0.8,1,0,1
variant_D1_calibrated_bias,train_6bba_t15_p08_isolated,train,isolated,0.85,1,0,1
variant_D1_calibrated_bias,train_6bba_t15_p08_isolated,train,isolated,0.9,1,0,1
variant_D1_calibrated_bias,train_6bba_t45_p09_isolated,train,isolated,0.1,1,1,15
variant_D1_calibrated_bias,train_6bba_t45_p09_isolated,train,isolated,0.2,1,1,14
variant_D1_calibrated_bias,train_6bba_t45_p09_isolated,train,isolated,0.3,1,1,14
variant_D1_calibrated_bias,train_6bba_t45_p09_isolated,train,isolated,0.4,1,1,14
variant_D1_calibrated_bias,train_6bba_t45_p09_isolated,train,isolated,0.5,1,1,13
variant_D1_calibrated_bias,train_6bba_t45_p09_isolated,train,isolated,0.6,1,0,8
variant_D1_calibrated_bias,train_6bba_t45_p09_isolated,train,isolated,0.7,1,0,4
variant_D1_calibrated_bias,train_6bba_t45_p09_isolated,train,isolated,0.8,1,0,2
variant_D1_calibrated_bias,train_6bba_t45_p09_isolated,train,isolated,0.85,1,0,1
variant_D1_calibrated_bias,train_6bba_t45_p09_isolated,train,isolated,0.9,1,0,1
variant_D1_calibrated_bias,train_6bba_t55_p10_isolated,train,isolated,0.1,1,1,25
variant_D1_calibrated_bias,train_6bba_t55_p10_isolated,train,isolated,0.2,1,1,22
variant_D1_calibrated_bias,train_6bba_t55_p10_isolated,train,isolated,0.3,1,1,21
variant_D1_calibrated_bias,train_6bba_t55_p10_isolated,train,isolated,0.4,1,1,19
variant_D1_calibrated_bias,train_6bba_t55_p10_isolated,train,isolated,0.5,1,1,14
variant_D1_calibrated_bias,train_6bba_t55_p10_isolated,train,isolated,0.6,1,1,10
variant_D1_calibrated_bias,train_6bba_t55_p10_isolated,train,isolated,0.7,1,1,6
variant_D1_calibrated_bias,train_6bba_t55_p10_isolated,train,isolated,0.8,1,0,0
variant_D1_calibrated_bias,train_6bba_t55_p10_isolated,train,isolated,0.85,1,0,0
variant_D1_calibrated_bias,train_6bba_t55_p10_isolated,train,isolated,0.9,1,0,0
variant_D1_calibrated_bias,train_44b6_t55_p01_isolated,train,isolated,0.1,1,1,28
variant_D1_calibrated_bias,train_44b6_t55_p01_isolated,train,isolated,0.2,1,1,24
variant_D1_calibrated_bias,train_44b6_t55_p01_isolated,train,isolated,0.3,1,1,22
variant_D1_calibrated_bias,train_44b6_t55_p01_isolated,train,isolated,0.4,1,1,19
variant_D1_calibrated_bias,train_44b6_t55_p01_isolated,train,isolated,0.5,1,1,18
variant_D1_calibrated_bias,train_44b6_t55_p01_isolated,train,isolated,0.6,1,1,12
variant_D1_calibrated_bias,train_44b6_t55_p01_isolated,train,isolated,0.7,1,0,8
variant_D1_calibrated_bias,train_44b6_t55_p01_isolated,train,isolated,0.8,1,0,0
variant_D1_calibrated_bias,train_44b6_t55_p01_isolated,train,isolated,0.85,1,0,0
variant_D1_calibrated_bias,train_44b6_t55_p01_isolated,train,isolated,0.9,1,0,0
variant_D1_calibrated_bias,train_44b6_t45_p02_isolated,train,isolated,0.1,1,1,25
variant_D1_calibrated_bias,train_44b6_t45_p02_isolated,train,isolated,0.2,1,1,24
variant_D1_calibrated_bias,train_44b6_t45_p02_isolated,train,isolated,0.3,1,1,21
variant_D1_calibrated_bias,train_44b6_t45_p02_isolated,train,isolated,0.4,1,1,20
variant_D1_calibrated_bias,train_44b6_t45_p02_isolated,train,isolated,0.5,1,1,17
variant_D1_calibrated_bias,train_44b6_t45_p02_isolated,train,isolated,0.6,1,1,14
variant_D1_calibrated_bias,train_44b6_t45_p02_isolated,train,isolated,0.7,1,1,8
variant_D1_calibrated_bias,train_44b6_t45_p02_isolated,train,isolated,0.8,1,0,0
variant_D1_calibrated_bias,train_44b6_t45_p02_isolated,train,isolated,0.85,1,0,0
variant_D1_calibrated_bias,train_44b6_t45_p02_isolated,train,isolated,0.9,1,0,0
variant_D1_calibrated_bias,train_44b6_t15_p03_isolated,train,isolated,0.1,1,1,30
variant_D1_calibrated_bias,train_44b6_t15_p03_isolated,train,isolated,0.2,1,1,28
variant_D1_calibrated_bias,train_44b6_t15_p03_isolated,train,isolated,0.3,1,1,27
variant_D1_calibrated_bias,train_44b6_t15_p03_isolated,train,isolated,0.4,1,1,25
variant_D1_calibrated_bias,train_44b6_t15_p03_isolated,train,isolated,0.5,1,1,23
variant_D1_calibrated_bias,train_44b6_t15_p03_isolated,train,isolated,0.6,1,1,17
variant_D1_calibrated_bias,train_44b6_t15_p03_isolated,train,isolated,0.7,1,0,4
variant_D1_calibrated_bias,train_44b6_t15_p03_isolated,train,isolated,0.8,1,0,0
variant_D1_calibrated_bias,train_44b6_t15_p03_isolated,train,isolated,0.85,1,0,0
variant_D1_calibrated_bias,train_44b6_t15_p03_isolated,train,isolated,0.9,1,0,0
variant_D1_calibrated_bias,train_44b6_t45_p04_crowded,train,crowded,0.1,3,3,22
variant_D1_calibrated_bias,train_44b6_t45_p04_crowded,train,crowded,0.2,3,3,21
variant_D1_calibrated_bias,train_44b6_t45_p04_crowded,train,crowded,0.3,3,3,19
variant_D1_calibrated_bias,train_44b6_t45_p04_crowded,train,crowded,0.4,3,3,18
variant_D1_calibrated_bias,train_44b6_t45_p04_crowded,train,crowded,0.5,3,3,15
variant_D1_calibrated_bias,train_44b6_t45_p04_crowded,train,crowded,0.6,3,3,12
variant_D1_calibrated_bias,train_44b6_t45_p04_crowded,train,crowded,0.7,3,3,6
variant_D1_calibrated_bias,train_44b6_t45_p04_crowded,train,crowded,0.8,3,0,2
variant_D1_calibrated_bias,train_44b6_t45_p04_crowded,train,crowded,0.85,3,0,0
variant_D1_calibrated_bias,train_44b6_t45_p04_crowded,train,crowded,0.9,3,0,0
variant_D1_calibrated_bias,train_44b6_t15_p05_crowded,train,crowded,0.1,2,2,28
variant_D1_calibrated_bias,train_44b6_t15_p05_crowded,train,crowded,0.2,2,2,25
variant_D1_calibrated_bias,train_44b6_t15_p05_crowded,train,crowded,0.3,2,2,24
variant_D1_calibrated_bias,train_44b6_t15_p05_crowded,train,crowded,0.4,2,2,24
variant_D1_calibrated_bias,train_44b6_t15_p05_crowded,train,crowded,0.5,2,2,20
variant_D1_calibrated_bias,train_44b6_t15_p05_crowded,train,crowded,0.6,2,2,16
variant_D1_calibrated_bias,train_44b6_t15_p05_crowded,train,crowded,0.7,2,1,8
variant_D1_calibrated_bias,train_44b6_t15_p05_crowded,train,crowded,0.8,2,0,0
variant_D1_calibrated_bias,train_44b6_t15_p05_crowded,train,crowded,0.85,2,0,0
variant_D1_calibrated_bias,train_44b6_t15_p05_crowded,train,crowded,0.9,2,0,0
variant_D1_calibrated_bias,train_44b6_t25_p06_crowded,train,crowded,0.1,3,3,21
variant_D1_calibrated_bias,train_44b6_t25_p06_crowded,train,crowded,0.2,3,3,19
variant_D1_calibrated_bias,train_44b6_t25_p06_crowded,train,crowded,0.3,3,3,17
variant_D1_calibrated_bias,train_44b6_t25_p06_crowded,train,crowded,0.4,3,3,17
variant_D1_calibrated_bias,train_44b6_t25_p06_crowded,train,crowded,0.5,3,3,15
variant_D1_calibrated_bias,train_44b6_t25_p06_crowded,train,crowded,0.6,3,3,14
variant_D1_calibrated_bias,train_44b6_t25_p06_crowded,train,crowded,0.7,3,2,11
variant_D1_calibrated_bias,train_44b6_t25_p06_crowded,train,crowded,0.8,3,0,1
variant_D1_calibrated_bias,train_44b6_t25_p06_crowded,train,crowded,0.85,3,0,0
variant_D1_calibrated_bias,train_44b6_t25_p06_crowded,train,crowded,0.9,3,0,0
variant_D1_calibrated_bias,train_44b6_t15_p07_crowded,train,crowded,0.1,2,2,31
variant_D1_calibrated_bias,train_44b6_t15_p07_crowded,train,crowded,0.2,2,2,28
variant_D1_calibrated_bias,train_44b6_t15_p07_crowded,train,crowded,0.3,2,2,26
variant_D1_calibrated_bias,train_44b6_t15_p07_crowded,train,crowded,0.4,2,2,22
variant_D1_calibrated_bias,train_44b6_t15_p07_crowded,train,crowded,0.5,2,2,21
variant_D1_calibrated_bias,train_44b6_t15_p07_crowded,train,crowded,0.6,2,2,17
variant_D1_calibrated_bias,train_44b6_t15_p07_crowded,train,crowded,0.7,2,1,7
variant_D1_calibrated_bias,train_44b6_t15_p07_crowded,train,crowded,0.8,2,0,0
variant_D1_calibrated_bias,train_44b6_t15_p07_crowded,train,crowded,0.85,2,0,0
variant_D1_calibrated_bias,train_44b6_t15_p07_crowded,train,crowded,0.9,2,0,0
variant_D1_calibrated_bias,train_44b6_t25_p08_isolated,train,isolated,0.1,1,0,27
variant_D1_calibrated_bias,train_44b6_t25_p08_isolated,train,isolated,0.2,1,0,24
variant_D1_calibrated_bias,train_44b6_t25_p08_isolated,train,isolated,0.3,1,0,24
variant_D1_calibrated_bias,train_44b6_t25_p08_isolated,train,isolated,0.4,1,0,21
variant_D1_calibrated_bias,train_44b6_t25_p08_isolated,train,isolated,0.5,1,0,17
variant_D1_calibrated_bias,train_44b6_t25_p08_isolated,train,isolated,0.6,1,0,16
variant_D1_calibrated_bias,train_44b6_t25_p08_isolated,train,isolated,0.7,1,0,8
variant_D1_calibrated_bias,train_44b6_t25_p08_isolated,train,isolated,0.8,1,0,2
variant_D1_calibrated_bias,train_44b6_t25_p08_isolated,train,isolated,0.85,1,0,0
variant_D1_calibrated_bias,train_44b6_t25_p08_isolated,train,isolated,0.9,1,0,0
variant_D1_calibrated_bias,train_44b6_t55_p09_boundary,train,boundary,0.1,1,1,29
variant_D1_calibrated_bias,train_44b6_t55_p09_boundary,train,boundary,0.2,1,1,25
variant_D1_calibrated_bias,train_44b6_t55_p09_boundary,train,boundary,0.3,1,1,22
variant_D1_calibrated_bias,train_44b6_t55_p09_boundary,train,boundary,0.4,1,1,20
variant_D1_calibrated_bias,train_44b6_t55_p09_boundary,train,boundary,0.5,1,1,19
variant_D1_calibrated_bias,train_44b6_t55_p09_boundary,train,boundary,0.6,1,1,14
variant_D1_calibrated_bias,train_44b6_t55_p09_boundary,train,boundary,0.7,1,1,5
variant_D1_calibrated_bias,train_44b6_t55_p09_boundary,train,boundary,0.8,1,0,0
variant_D1_calibrated_bias,train_44b6_t55_p09_boundary,train,boundary,0.85,1,0,0
variant_D1_calibrated_bias,train_44b6_t55_p09_boundary,train,boundary,0.9,1,0,0
variant_D1_calibrated_bias,train_44b6_t55_p10_boundary,train,boundary,0.1,1,1,29
variant_D1_calibrated_bias,train_44b6_t55_p10_boundary,train,boundary,0.2,1,1,27
variant_D1_calibrated_bias,train_44b6_t55_p10_boundary,train,boundary,0.3,1,1,25
variant_D1_calibrated_bias,train_44b6_t55_p10_boundary,train,boundary,0.4,1,1,24
variant_D1_calibrated_bias,train_44b6_t55_p10_boundary,train,boundary,0.5,1,1,22
variant_D1_calibrated_bias,train_44b6_t55_p10_boundary,train,boundary,0.6,1,1,15
variant_D1_calibrated_bias,train_44b6_t55_p10_boundary,train,boundary,0.7,1,1,6
variant_D1_calibrated_bias,train_44b6_t55_p10_boundary,train,boundary,0.8,1,1,1
variant_D1_calibrated_bias,train_44b6_t55_p10_boundary,train,boundary,0.85,1,0,0
variant_D1_calibrated_bias,train_44b6_t55_p10_boundary,train,boundary,0.9,1,0,0
variant_D1_calibrated_bias,inner_val_6bba_t70_p01_zero_annotation,inner_val,zero_annotation,0.1,0,0,13
variant_D1_calibrated_bias,inner_val_6bba_t70_p01_zero_annotation,inner_val,zero_annotation,0.2,0,0,13
variant_D1_calibrated_bias,inner_val_6bba_t70_p01_zero_annotation,inner_val,zero_annotation,0.3,0,0,10
variant_D1_calibrated_bias,inner_val_6bba_t70_p01_zero_annotation,inner_val,zero_annotation,0.4,0,0,10
variant_D1_calibrated_bias,inner_val_6bba_t70_p01_zero_annotation,inner_val,zero_annotation,0.5,0,0,6
variant_D1_calibrated_bias,inner_val_6bba_t70_p01_zero_annotation,inner_val,zero_annotation,0.6,0,0,3
variant_D1_calibrated_bias,inner_val_6bba_t70_p01_zero_annotation,inner_val,zero_annotation,0.7,0,0,3
variant_D1_calibrated_bias,inner_val_6bba_t70_p01_zero_annotation,inner_val,zero_annotation,0.8,0,0,2
variant_D1_calibrated_bias,inner_val_6bba_t70_p01_zero_annotation,inner_val,zero_annotation,0.85,0,0,2
variant_D1_calibrated_bias,inner_val_6bba_t70_p01_zero_annotation,inner_val,zero_annotation,0.9,0,0,2
variant_D1_calibrated_bias,inner_val_6bba_t90_p02_boundary,inner_val,boundary,0.1,1,0,15
variant_D1_calibrated_bias,inner_val_6bba_t90_p02_boundary,inner_val,boundary,0.2,1,0,13
variant_D1_calibrated_bias,inner_val_6bba_t90_p02_boundary,inner_val,boundary,0.3,1,0,9
variant_D1_calibrated_bias,inner_val_6bba_t90_p02_boundary,inner_val,boundary,0.4,1,0,9
variant_D1_calibrated_bias,inner_val_6bba_t90_p02_boundary,inner_val,boundary,0.5,1,0,9
variant_D1_calibrated_bias,inner_val_6bba_t90_p02_boundary,inner_val,boundary,0.6,1,0,9
variant_D1_calibrated_bias,inner_val_6bba_t90_p02_boundary,inner_val,boundary,0.7,1,0,8
variant_D1_calibrated_bias,inner_val_6bba_t90_p02_boundary,inner_val,boundary,0.8,1,0,4
variant_D1_calibrated_bias,inner_val_6bba_t90_p02_boundary,inner_val,boundary,0.85,1,0,0
variant_D1_calibrated_bias,inner_val_6bba_t90_p02_boundary,inner_val,boundary,0.9,1,0,0
variant_D1_calibrated_bias,inner_val_6bba_t70_p03_crowded,inner_val,crowded,0.1,5,4,26
variant_D1_calibrated_bias,inner_val_6bba_t70_p03_crowded,inner_val,crowded,0.2,5,4,26
variant_D1_calibrated_bias,inner_val_6bba_t70_p03_crowded,inner_val,crowded,0.3,5,4,23
variant_D1_calibrated_bias,inner_val_6bba_t70_p03_crowded,inner_val,crowded,0.4,5,4,20
variant_D1_calibrated_bias,inner_val_6bba_t70_p03_crowded,inner_val,crowded,0.5,5,4,12
variant_D1_calibrated_bias,inner_val_6bba_t70_p03_crowded,inner_val,crowded,0.6,5,2,6
variant_D1_calibrated_bias,inner_val_6bba_t70_p03_crowded,inner_val,crowded,0.7,5,0,0
variant_D1_calibrated_bias,inner_val_6bba_t70_p03_crowded,inner_val,crowded,0.8,5,0,0
variant_D1_calibrated_bias,inner_val_6bba_t70_p03_crowded,inner_val,crowded,0.85,5,0,0
variant_D1_calibrated_bias,inner_val_6bba_t70_p03_crowded,inner_val,crowded,0.9,5,0,0
variant_D1_calibrated_bias,inner_val_6bba_t70_p04_crowded,inner_val,crowded,0.1,2,1,20
variant_D1_calibrated_bias,inner_val_6bba_t70_p04_crowded,inner_val,crowded,0.2,2,1,19
variant_D1_calibrated_bias,inner_val_6bba_t70_p04_crowded,inner_val,crowded,0.3,2,1,15
variant_D1_calibrated_bias,inner_val_6bba_t70_p04_crowded,inner_val,crowded,0.4,2,1,14
variant_D1_calibrated_bias,inner_val_6bba_t70_p04_crowded,inner_val,crowded,0.5,2,1,12
variant_D1_calibrated_bias,inner_val_6bba_t70_p04_crowded,inner_val,crowded,0.6,2,0,3
variant_D1_calibrated_bias,inner_val_6bba_t70_p04_crowded,inner_val,crowded,0.7,2,0,1
variant_D1_calibrated_bias,inner_val_6bba_t70_p04_crowded,inner_val,crowded,0.8,2,0,1
variant_D1_calibrated_bias,inner_val_6bba_t70_p04_crowded,inner_val,crowded,0.85,2,0,1
variant_D1_calibrated_bias,inner_val_6bba_t70_p04_crowded,inner_val,crowded,0.9,2,0,0
variant_D1_calibrated_bias,inner_val_6bba_t90_p05_isolated,inner_val,isolated,0.1,1,0,17
variant_D1_calibrated_bias,inner_val_6bba_t90_p05_isolated,inner_val,isolated,0.2,1,0,16
variant_D1_calibrated_bias,inner_val_6bba_t90_p05_isolated,inner_val,isolated,0.3,1,0,14
variant_D1_calibrated_bias,inner_val_6bba_t90_p05_isolated,inner_val,isolated,0.4,1,0,14
variant_D1_calibrated_bias,inner_val_6bba_t90_p05_isolated,inner_val,isolated,0.5,1,0,11
variant_D1_calibrated_bias,inner_val_6bba_t90_p05_isolated,inner_val,isolated,0.6,1,0,9
variant_D1_calibrated_bias,inner_val_6bba_t90_p05_isolated,inner_val,isolated,0.7,1,0,1
variant_D1_calibrated_bias,inner_val_6bba_t90_p05_isolated,inner_val,isolated,0.8,1,0,1
variant_D1_calibrated_bias,inner_val_6bba_t90_p05_isolated,inner_val,isolated,0.85,1,0,0
variant_D1_calibrated_bias,inner_val_6bba_t90_p05_isolated,inner_val,isolated,0.9,1,0,0
variant_D1_calibrated_bias,inner_val_44b6_t80_p01_crowded,inner_val,crowded,0.1,2,2,26
variant_D1_calibrated_bias,inner_val_44b6_t80_p01_crowded,inner_val,crowded,0.2,2,2,21
variant_D1_calibrated_bias,inner_val_44b6_t80_p01_crowded,inner_val,crowded,0.3,2,2,20
variant_D1_calibrated_bias,inner_val_44b6_t80_p01_crowded,inner_val,crowded,0.4,2,2,19
variant_D1_calibrated_bias,inner_val_44b6_t80_p01_crowded,inner_val,crowded,0.5,2,1,17
variant_D1_calibrated_bias,inner_val_44b6_t80_p01_crowded,inner_val,crowded,0.6,2,1,13
variant_D1_calibrated_bias,inner_val_44b6_t80_p01_crowded,inner_val,crowded,0.7,2,0,4
variant_D1_calibrated_bias,inner_val_44b6_t80_p01_crowded,inner_val,crowded,0.8,2,0,0
variant_D1_calibrated_bias,inner_val_44b6_t80_p01_crowded,inner_val,crowded,0.85,2,0,0
variant_D1_calibrated_bias,inner_val_44b6_t80_p01_crowded,inner_val,crowded,0.9,2,0,0
variant_D1_calibrated_bias,inner_val_44b6_t80_p02_zero_annotation,inner_val,zero_annotation,0.1,0,0,24
variant_D1_calibrated_bias,inner_val_44b6_t80_p02_zero_annotation,inner_val,zero_annotation,0.2,0,0,22
variant_D1_calibrated_bias,inner_val_44b6_t80_p02_zero_annotation,inner_val,zero_annotation,0.3,0,0,19
variant_D1_calibrated_bias,inner_val_44b6_t80_p02_zero_annotation,inner_val,zero_annotation,0.4,0,0,18
variant_D1_calibrated_bias,inner_val_44b6_t80_p02_zero_annotation,inner_val,zero_annotation,0.5,0,0,16
variant_D1_calibrated_bias,inner_val_44b6_t80_p02_zero_annotation,inner_val,zero_annotation,0.6,0,0,15
variant_D1_calibrated_bias,inner_val_44b6_t80_p02_zero_annotation,inner_val,zero_annotation,0.7,0,0,14
variant_D1_calibrated_bias,inner_val_44b6_t80_p02_zero_annotation,inner_val,zero_annotation,0.8,0,0,5
variant_D1_calibrated_bias,inner_val_44b6_t80_p02_zero_annotation,inner_val,zero_annotation,0.85,0,0,1
variant_D1_calibrated_bias,inner_val_44b6_t80_p02_zero_annotation,inner_val,zero_annotation,0.9,0,0,0
variant_D1_calibrated_bias,inner_val_44b6_t70_p03_isolated,inner_val,isolated,0.1,1,0,28
variant_D1_calibrated_bias,inner_val_44b6_t70_p03_isolated,inner_val,isolated,0.2,1,0,26
variant_D1_calibrated_bias,inner_val_44b6_t70_p03_isolated,inner_val,isolated,0.3,1,0,22
variant_D1_calibrated_bias,inner_val_44b6_t70_p03_isolated,inner_val,isolated,0.4,1,0,20
variant_D1_calibrated_bias,inner_val_44b6_t70_p03_isolated,inner_val,isolated,0.5,1,0,18
variant_D1_calibrated_bias,inner_val_44b6_t70_p03_isolated,inner_val,isolated,0.6,1,0,12
variant_D1_calibrated_bias,inner_val_44b6_t70_p03_isolated,inner_val,isolated,0.7,1,0,3
variant_D1_calibrated_bias,inner_val_44b6_t70_p03_isolated,inner_val,isolated,0.8,1,0,0
variant_D1_calibrated_bias,inner_val_44b6_t70_p03_isolated,inner_val,isolated,0.85,1,0,0
variant_D1_calibrated_bias,inner_val_44b6_t70_p03_isolated,inner_val,isolated,0.9,1,0,0
variant_D1_calibrated_bias,inner_val_44b6_t90_p04_crowded,inner_val,crowded,0.1,2,2,27
variant_D1_calibrated_bias,inner_val_44b6_t90_p04_crowded,inner_val,crowded,0.2,2,2,25
variant_D1_calibrated_bias,inner_val_44b6_t90_p04_crowded,inner_val,crowded,0.3,2,2,23
variant_D1_calibrated_bias,inner_val_44b6_t90_p04_crowded,inner_val,crowded,0.4,2,2,23
variant_D1_calibrated_bias,inner_val_44b6_t90_p04_crowded,inner_val,crowded,0.5,2,2,18
variant_D1_calibrated_bias,inner_val_44b6_t90_p04_crowded,inner_val,crowded,0.6,2,1,9
variant_D1_calibrated_bias,inner_val_44b6_t90_p04_crowded,inner_val,crowded,0.7,2,0,2
variant_D1_calibrated_bias,inner_val_44b6_t90_p04_crowded,inner_val,crowded,0.8,2,0,0
variant_D1_calibrated_bias,inner_val_44b6_t90_p04_crowded,inner_val,crowded,0.85,2,0,0
variant_D1_calibrated_bias,inner_val_44b6_t90_p04_crowded,inner_val,crowded,0.9,2,0,0
variant_D1_calibrated_bias,inner_val_44b6_t70_p05_boundary,inner_val,boundary,0.1,1,1,29
variant_D1_calibrated_bias,inner_val_44b6_t70_p05_boundary,inner_val,boundary,0.2,1,1,28
variant_D1_calibrated_bias,inner_val_44b6_t70_p05_boundary,inner_val,boundary,0.3,1,1,24
variant_D1_calibrated_bias,inner_val_44b6_t70_p05_boundary,inner_val,boundary,0.4,1,1,21
variant_D1_calibrated_bias,inner_val_44b6_t70_p05_boundary,inner_val,boundary,0.5,1,1,16
variant_D1_calibrated_bias,inner_val_44b6_t70_p05_boundary,inner_val,boundary,0.6,1,1,11
variant_D1_calibrated_bias,inner_val_44b6_t70_p05_boundary,inner_val,boundary,0.7,1,1,6
variant_D1_calibrated_bias,inner_val_44b6_t70_p05_boundary,inner_val,boundary,0.8,1,0,0
variant_D1_calibrated_bias,inner_val_44b6_t70_p05_boundary,inner_val,boundary,0.85,1,0,0
variant_D1_calibrated_bias,inner_val_44b6_t70_p05_boundary,inner_val,boundary,0.9,1,0,0
variant_D1_calibrated_bias,held_out_val_6bba_t50_p01_zero_annotation,held_out_val,zero_annotation,0.1,0,0,25
variant_D1_calibrated_bias,held_out_val_6bba_t50_p01_zero_annotation,held_out_val,zero_annotation,0.2,0,0,21
variant_D1_calibrated_bias,held_out_val_6bba_t50_p01_zero_annotation,held_out_val,zero_annotation,0.3,0,0,18
variant_D1_calibrated_bias,held_out_val_6bba_t50_p01_zero_annotation,held_out_val,zero_annotation,0.4,0,0,14
variant_D1_calibrated_bias,held_out_val_6bba_t50_p01_zero_annotation,held_out_val,zero_annotation,0.5,0,0,8
variant_D1_calibrated_bias,held_out_val_6bba_t50_p01_zero_annotation,held_out_val,zero_annotation,0.6,0,0,2
variant_D1_calibrated_bias,held_out_val_6bba_t50_p01_zero_annotation,held_out_val,zero_annotation,0.7,0,0,2
variant_D1_calibrated_bias,held_out_val_6bba_t50_p01_zero_annotation,held_out_val,zero_annotation,0.8,0,0,0
variant_D1_calibrated_bias,held_out_val_6bba_t50_p01_zero_annotation,held_out_val,zero_annotation,0.85,0,0,0
variant_D1_calibrated_bias,held_out_val_6bba_t50_p01_zero_annotation,held_out_val,zero_annotation,0.9,0,0,0
variant_D1_calibrated_bias,held_out_val_6bba_t75_p02_isolated,held_out_val,isolated,0.1,1,0,7
variant_D1_calibrated_bias,held_out_val_6bba_t75_p02_isolated,held_out_val,isolated,0.2,1,0,7
variant_D1_calibrated_bias,held_out_val_6bba_t75_p02_isolated,held_out_val,isolated,0.3,1,0,6
variant_D1_calibrated_bias,held_out_val_6bba_t75_p02_isolated,held_out_val,isolated,0.4,1,0,6
variant_D1_calibrated_bias,held_out_val_6bba_t75_p02_isolated,held_out_val,isolated,0.5,1,0,5
variant_D1_calibrated_bias,held_out_val_6bba_t75_p02_isolated,held_out_val,isolated,0.6,1,0,2
variant_D1_calibrated_bias,held_out_val_6bba_t75_p02_isolated,held_out_val,isolated,0.7,1,0,2
variant_D1_calibrated_bias,held_out_val_6bba_t75_p02_isolated,held_out_val,isolated,0.8,1,0,0
variant_D1_calibrated_bias,held_out_val_6bba_t75_p02_isolated,held_out_val,isolated,0.85,1,0,0
variant_D1_calibrated_bias,held_out_val_6bba_t75_p02_isolated,held_out_val,isolated,0.9,1,0,0
variant_D1_calibrated_bias,held_out_val_6bba_t25_p03_isolated,held_out_val,isolated,0.1,1,0,11
variant_D1_calibrated_bias,held_out_val_6bba_t25_p03_isolated,held_out_val,isolated,0.2,1,0,11
variant_D1_calibrated_bias,held_out_val_6bba_t25_p03_isolated,held_out_val,isolated,0.3,1,0,11
variant_D1_calibrated_bias,held_out_val_6bba_t25_p03_isolated,held_out_val,isolated,0.4,1,0,9
variant_D1_calibrated_bias,held_out_val_6bba_t25_p03_isolated,held_out_val,isolated,0.5,1,0,5
variant_D1_calibrated_bias,held_out_val_6bba_t25_p03_isolated,held_out_val,isolated,0.6,1,0,3
variant_D1_calibrated_bias,held_out_val_6bba_t25_p03_isolated,held_out_val,isolated,0.7,1,0,2
variant_D1_calibrated_bias,held_out_val_6bba_t25_p03_isolated,held_out_val,isolated,0.8,1,0,0
variant_D1_calibrated_bias,held_out_val_6bba_t25_p03_isolated,held_out_val,isolated,0.85,1,0,0
variant_D1_calibrated_bias,held_out_val_6bba_t25_p03_isolated,held_out_val,isolated,0.9,1,0,0
variant_D1_calibrated_bias,held_out_val_6bba_t75_p04_boundary,held_out_val,boundary,0.1,1,0,11
variant_D1_calibrated_bias,held_out_val_6bba_t75_p04_boundary,held_out_val,boundary,0.2,1,0,10
variant_D1_calibrated_bias,held_out_val_6bba_t75_p04_boundary,held_out_val,boundary,0.3,1,0,9
variant_D1_calibrated_bias,held_out_val_6bba_t75_p04_boundary,held_out_val,boundary,0.4,1,0,9
variant_D1_calibrated_bias,held_out_val_6bba_t75_p04_boundary,held_out_val,boundary,0.5,1,0,4
variant_D1_calibrated_bias,held_out_val_6bba_t75_p04_boundary,held_out_val,boundary,0.6,1,0,3
variant_D1_calibrated_bias,held_out_val_6bba_t75_p04_boundary,held_out_val,boundary,0.7,1,0,2
variant_D1_calibrated_bias,held_out_val_6bba_t75_p04_boundary,held_out_val,boundary,0.8,1,0,0
variant_D1_calibrated_bias,held_out_val_6bba_t75_p04_boundary,held_out_val,boundary,0.85,1,0,0
variant_D1_calibrated_bias,held_out_val_6bba_t75_p04_boundary,held_out_val,boundary,0.9,1,0,0
variant_D1_calibrated_bias,held_out_val_6bba_t25_p05_crowded,held_out_val,crowded,0.1,4,2,11
variant_D1_calibrated_bias,held_out_val_6bba_t25_p05_crowded,held_out_val,crowded,0.2,4,2,11
variant_D1_calibrated_bias,held_out_val_6bba_t25_p05_crowded,held_out_val,crowded,0.3,4,2,11
variant_D1_calibrated_bias,held_out_val_6bba_t25_p05_crowded,held_out_val,crowded,0.4,4,2,10
variant_D1_calibrated_bias,held_out_val_6bba_t25_p05_crowded,held_out_val,crowded,0.5,4,1,5
variant_D1_calibrated_bias,held_out_val_6bba_t25_p05_crowded,held_out_val,crowded,0.6,4,0,4
variant_D1_calibrated_bias,held_out_val_6bba_t25_p05_crowded,held_out_val,crowded,0.7,4,0,1
variant_D1_calibrated_bias,held_out_val_6bba_t25_p05_crowded,held_out_val,crowded,0.8,4,0,0
variant_D1_calibrated_bias,held_out_val_6bba_t25_p05_crowded,held_out_val,crowded,0.85,4,0,0
variant_D1_calibrated_bias,held_out_val_6bba_t25_p05_crowded,held_out_val,crowded,0.9,4,0,0
variant_D1_calibrated_bias,held_out_val_6bba_t50_p06_crowded,held_out_val,crowded,0.1,2,0,10
variant_D1_calibrated_bias,held_out_val_6bba_t50_p06_crowded,held_out_val,crowded,0.2,2,0,10
variant_D1_calibrated_bias,held_out_val_6bba_t50_p06_crowded,held_out_val,crowded,0.3,2,0,9
variant_D1_calibrated_bias,held_out_val_6bba_t50_p06_crowded,held_out_val,crowded,0.4,2,0,8
variant_D1_calibrated_bias,held_out_val_6bba_t50_p06_crowded,held_out_val,crowded,0.5,2,0,1
variant_D1_calibrated_bias,held_out_val_6bba_t50_p06_crowded,held_out_val,crowded,0.6,2,0,1
variant_D1_calibrated_bias,held_out_val_6bba_t50_p06_crowded,held_out_val,crowded,0.7,2,0,0
variant_D1_calibrated_bias,held_out_val_6bba_t50_p06_crowded,held_out_val,crowded,0.8,2,0,0
variant_D1_calibrated_bias,held_out_val_6bba_t50_p06_crowded,held_out_val,crowded,0.85,2,0,0
variant_D1_calibrated_bias,held_out_val_6bba_t50_p06_crowded,held_out_val,crowded,0.9,2,0,0
variant_D2_tail_calibrated,train_6bba_t45_p01_crowded,train,crowded,0.1,4,3,69
variant_D2_tail_calibrated,train_6bba_t45_p01_crowded,train,crowded,0.2,4,3,69
variant_D2_tail_calibrated,train_6bba_t45_p01_crowded,train,crowded,0.3,4,3,69
variant_D2_tail_calibrated,train_6bba_t45_p01_crowded,train,crowded,0.4,4,3,69
variant_D2_tail_calibrated,train_6bba_t45_p01_crowded,train,crowded,0.5,4,3,69
variant_D2_tail_calibrated,train_6bba_t45_p01_crowded,train,crowded,0.6,4,3,68
variant_D2_tail_calibrated,train_6bba_t45_p01_crowded,train,crowded,0.7,4,3,62
variant_D2_tail_calibrated,train_6bba_t45_p01_crowded,train,crowded,0.8,4,2,27
variant_D2_tail_calibrated,train_6bba_t45_p01_crowded,train,crowded,0.85,4,0,9
variant_D2_tail_calibrated,train_6bba_t45_p01_crowded,train,crowded,0.9,4,0,1
variant_D2_tail_calibrated,train_6bba_t15_p02_crowded,train,crowded,0.1,4,4,59
variant_D2_tail_calibrated,train_6bba_t15_p02_crowded,train,crowded,0.2,4,4,59
variant_D2_tail_calibrated,train_6bba_t15_p02_crowded,train,crowded,0.3,4,4,59
variant_D2_tail_calibrated,train_6bba_t15_p02_crowded,train,crowded,0.4,4,4,59
variant_D2_tail_calibrated,train_6bba_t15_p02_crowded,train,crowded,0.5,4,4,58
variant_D2_tail_calibrated,train_6bba_t15_p02_crowded,train,crowded,0.6,4,4,54
variant_D2_tail_calibrated,train_6bba_t15_p02_crowded,train,crowded,0.7,4,3,46
variant_D2_tail_calibrated,train_6bba_t15_p02_crowded,train,crowded,0.8,4,1,16
variant_D2_tail_calibrated,train_6bba_t15_p02_crowded,train,crowded,0.85,4,0,2
variant_D2_tail_calibrated,train_6bba_t15_p02_crowded,train,crowded,0.9,4,0,0
variant_D2_tail_calibrated,train_6bba_t55_p03_boundary,train,boundary,0.1,1,0,79
variant_D2_tail_calibrated,train_6bba_t55_p03_boundary,train,boundary,0.2,1,0,79
variant_D2_tail_calibrated,train_6bba_t55_p03_boundary,train,boundary,0.3,1,0,79
variant_D2_tail_calibrated,train_6bba_t55_p03_boundary,train,boundary,0.4,1,0,79
variant_D2_tail_calibrated,train_6bba_t55_p03_boundary,train,boundary,0.5,1,0,77
variant_D2_tail_calibrated,train_6bba_t55_p03_boundary,train,boundary,0.6,1,0,74
variant_D2_tail_calibrated,train_6bba_t55_p03_boundary,train,boundary,0.7,1,0,67
variant_D2_tail_calibrated,train_6bba_t55_p03_boundary,train,boundary,0.8,1,0,11
variant_D2_tail_calibrated,train_6bba_t55_p03_boundary,train,boundary,0.85,1,0,1
variant_D2_tail_calibrated,train_6bba_t55_p03_boundary,train,boundary,0.9,1,0,0
variant_D2_tail_calibrated,train_6bba_t35_p04_boundary,train,boundary,0.1,1,0,77
variant_D2_tail_calibrated,train_6bba_t35_p04_boundary,train,boundary,0.2,1,0,77
variant_D2_tail_calibrated,train_6bba_t35_p04_boundary,train,boundary,0.3,1,0,77
variant_D2_tail_calibrated,train_6bba_t35_p04_boundary,train,boundary,0.4,1,0,77
variant_D2_tail_calibrated,train_6bba_t35_p04_boundary,train,boundary,0.5,1,0,76
variant_D2_tail_calibrated,train_6bba_t35_p04_boundary,train,boundary,0.6,1,0,73
variant_D2_tail_calibrated,train_6bba_t35_p04_boundary,train,boundary,0.7,1,0,47
variant_D2_tail_calibrated,train_6bba_t35_p04_boundary,train,boundary,0.8,1,0,7
variant_D2_tail_calibrated,train_6bba_t35_p04_boundary,train,boundary,0.85,1,0,2
variant_D2_tail_calibrated,train_6bba_t35_p04_boundary,train,boundary,0.9,1,0,0
variant_D2_tail_calibrated,train_6bba_t25_p05_crowded,train,crowded,0.1,3,2,72
variant_D2_tail_calibrated,train_6bba_t25_p05_crowded,train,crowded,0.2,3,2,72
variant_D2_tail_calibrated,train_6bba_t25_p05_crowded,train,crowded,0.3,3,2,72
variant_D2_tail_calibrated,train_6bba_t25_p05_crowded,train,crowded,0.4,3,2,71
variant_D2_tail_calibrated,train_6bba_t25_p05_crowded,train,crowded,0.5,3,2,71
variant_D2_tail_calibrated,train_6bba_t25_p05_crowded,train,crowded,0.6,3,2,67
variant_D2_tail_calibrated,train_6bba_t25_p05_crowded,train,crowded,0.7,3,2,58
variant_D2_tail_calibrated,train_6bba_t25_p05_crowded,train,crowded,0.8,3,1,20
variant_D2_tail_calibrated,train_6bba_t25_p05_crowded,train,crowded,0.85,3,0,4
variant_D2_tail_calibrated,train_6bba_t25_p05_crowded,train,crowded,0.9,3,0,0
variant_D2_tail_calibrated,train_6bba_t15_p06_crowded,train,crowded,0.1,2,1,71
variant_D2_tail_calibrated,train_6bba_t15_p06_crowded,train,crowded,0.2,2,1,71
variant_D2_tail_calibrated,train_6bba_t15_p06_crowded,train,crowded,0.3,2,1,71
variant_D2_tail_calibrated,train_6bba_t15_p06_crowded,train,crowded,0.4,2,1,71
variant_D2_tail_calibrated,train_6bba_t15_p06_crowded,train,crowded,0.5,2,1,70
variant_D2_tail_calibrated,train_6bba_t15_p06_crowded,train,crowded,0.6,2,1,69
variant_D2_tail_calibrated,train_6bba_t15_p06_crowded,train,crowded,0.7,2,1,62
variant_D2_tail_calibrated,train_6bba_t15_p06_crowded,train,crowded,0.8,2,1,13
variant_D2_tail_calibrated,train_6bba_t15_p06_crowded,train,crowded,0.85,2,1,3
variant_D2_tail_calibrated,train_6bba_t15_p06_crowded,train,crowded,0.9,2,0,1
variant_D2_tail_calibrated,train_6bba_t15_p07_isolated,train,isolated,0.1,1,1,70
variant_D2_tail_calibrated,train_6bba_t15_p07_isolated,train,isolated,0.2,1,1,70
variant_D2_tail_calibrated,train_6bba_t15_p07_isolated,train,isolated,0.3,1,1,70
variant_D2_tail_calibrated,train_6bba_t15_p07_isolated,train,isolated,0.4,1,1,70
variant_D2_tail_calibrated,train_6bba_t15_p07_isolated,train,isolated,0.5,1,1,68
variant_D2_tail_calibrated,train_6bba_t15_p07_isolated,train,isolated,0.6,1,1,62
variant_D2_tail_calibrated,train_6bba_t15_p07_isolated,train,isolated,0.7,1,1,53
variant_D2_tail_calibrated,train_6bba_t15_p07_isolated,train,isolated,0.8,1,1,18
variant_D2_tail_calibrated,train_6bba_t15_p07_isolated,train,isolated,0.85,1,1,6
variant_D2_tail_calibrated,train_6bba_t15_p07_isolated,train,isolated,0.9,1,1,1
variant_D2_tail_calibrated,train_6bba_t15_p08_isolated,train,isolated,0.1,1,1,63
variant_D2_tail_calibrated,train_6bba_t15_p08_isolated,train,isolated,0.2,1,1,63
variant_D2_tail_calibrated,train_6bba_t15_p08_isolated,train,isolated,0.3,1,1,63
variant_D2_tail_calibrated,train_6bba_t15_p08_isolated,train,isolated,0.4,1,1,63
variant_D2_tail_calibrated,train_6bba_t15_p08_isolated,train,isolated,0.5,1,1,62
variant_D2_tail_calibrated,train_6bba_t15_p08_isolated,train,isolated,0.6,1,1,61
variant_D2_tail_calibrated,train_6bba_t15_p08_isolated,train,isolated,0.7,1,1,56
variant_D2_tail_calibrated,train_6bba_t15_p08_isolated,train,isolated,0.8,1,1,26
variant_D2_tail_calibrated,train_6bba_t15_p08_isolated,train,isolated,0.85,1,1,7
variant_D2_tail_calibrated,train_6bba_t15_p08_isolated,train,isolated,0.9,1,0,0
variant_D2_tail_calibrated,train_6bba_t45_p09_isolated,train,isolated,0.1,1,0,74
variant_D2_tail_calibrated,train_6bba_t45_p09_isolated,train,isolated,0.2,1,0,74
variant_D2_tail_calibrated,train_6bba_t45_p09_isolated,train,isolated,0.3,1,0,74
variant_D2_tail_calibrated,train_6bba_t45_p09_isolated,train,isolated,0.4,1,0,74
variant_D2_tail_calibrated,train_6bba_t45_p09_isolated,train,isolated,0.5,1,0,73
variant_D2_tail_calibrated,train_6bba_t45_p09_isolated,train,isolated,0.6,1,0,69
variant_D2_tail_calibrated,train_6bba_t45_p09_isolated,train,isolated,0.7,1,0,65
variant_D2_tail_calibrated,train_6bba_t45_p09_isolated,train,isolated,0.8,1,0,16
variant_D2_tail_calibrated,train_6bba_t45_p09_isolated,train,isolated,0.85,1,0,4
variant_D2_tail_calibrated,train_6bba_t45_p09_isolated,train,isolated,0.9,1,0,1
variant_D2_tail_calibrated,train_6bba_t55_p10_isolated,train,isolated,0.1,1,1,70
variant_D2_tail_calibrated,train_6bba_t55_p10_isolated,train,isolated,0.2,1,1,70
variant_D2_tail_calibrated,train_6bba_t55_p10_isolated,train,isolated,0.3,1,1,70
variant_D2_tail_calibrated,train_6bba_t55_p10_isolated,train,isolated,0.4,1,1,70
variant_D2_tail_calibrated,train_6bba_t55_p10_isolated,train,isolated,0.5,1,1,70
variant_D2_tail_calibrated,train_6bba_t55_p10_isolated,train,isolated,0.6,1,1,70
variant_D2_tail_calibrated,train_6bba_t55_p10_isolated,train,isolated,0.7,1,1,57
variant_D2_tail_calibrated,train_6bba_t55_p10_isolated,train,isolated,0.8,1,1,20
variant_D2_tail_calibrated,train_6bba_t55_p10_isolated,train,isolated,0.85,1,1,11
variant_D2_tail_calibrated,train_6bba_t55_p10_isolated,train,isolated,0.9,1,1,3
variant_D2_tail_calibrated,train_44b6_t55_p01_isolated,train,isolated,0.1,1,1,75
variant_D2_tail_calibrated,train_44b6_t55_p01_isolated,train,isolated,0.2,1,1,75
variant_D2_tail_calibrated,train_44b6_t55_p01_isolated,train,isolated,0.3,1,1,75
variant_D2_tail_calibrated,train_44b6_t55_p01_isolated,train,isolated,0.4,1,1,75
variant_D2_tail_calibrated,train_44b6_t55_p01_isolated,train,isolated,0.5,1,1,74
variant_D2_tail_calibrated,train_44b6_t55_p01_isolated,train,isolated,0.6,1,1,71
variant_D2_tail_calibrated,train_44b6_t55_p01_isolated,train,isolated,0.7,1,1,69
variant_D2_tail_calibrated,train_44b6_t55_p01_isolated,train,isolated,0.8,1,1,32
variant_D2_tail_calibrated,train_44b6_t55_p01_isolated,train,isolated,0.85,1,1,13
variant_D2_tail_calibrated,train_44b6_t55_p01_isolated,train,isolated,0.9,1,0,0
variant_D2_tail_calibrated,train_44b6_t45_p02_isolated,train,isolated,0.1,1,1,72
variant_D2_tail_calibrated,train_44b6_t45_p02_isolated,train,isolated,0.2,1,1,72
variant_D2_tail_calibrated,train_44b6_t45_p02_isolated,train,isolated,0.3,1,1,72
variant_D2_tail_calibrated,train_44b6_t45_p02_isolated,train,isolated,0.4,1,1,72
variant_D2_tail_calibrated,train_44b6_t45_p02_isolated,train,isolated,0.5,1,1,72
variant_D2_tail_calibrated,train_44b6_t45_p02_isolated,train,isolated,0.6,1,1,70
variant_D2_tail_calibrated,train_44b6_t45_p02_isolated,train,isolated,0.7,1,1,68
variant_D2_tail_calibrated,train_44b6_t45_p02_isolated,train,isolated,0.8,1,1,36
variant_D2_tail_calibrated,train_44b6_t45_p02_isolated,train,isolated,0.85,1,0,12
variant_D2_tail_calibrated,train_44b6_t45_p02_isolated,train,isolated,0.9,1,0,3
variant_D2_tail_calibrated,train_44b6_t15_p03_isolated,train,isolated,0.1,1,0,65
variant_D2_tail_calibrated,train_44b6_t15_p03_isolated,train,isolated,0.2,1,0,65
variant_D2_tail_calibrated,train_44b6_t15_p03_isolated,train,isolated,0.3,1,0,65
variant_D2_tail_calibrated,train_44b6_t15_p03_isolated,train,isolated,0.4,1,0,65
variant_D2_tail_calibrated,train_44b6_t15_p03_isolated,train,isolated,0.5,1,0,65
variant_D2_tail_calibrated,train_44b6_t15_p03_isolated,train,isolated,0.6,1,0,65
variant_D2_tail_calibrated,train_44b6_t15_p03_isolated,train,isolated,0.7,1,0,57
variant_D2_tail_calibrated,train_44b6_t15_p03_isolated,train,isolated,0.8,1,0,29
variant_D2_tail_calibrated,train_44b6_t15_p03_isolated,train,isolated,0.85,1,0,11
variant_D2_tail_calibrated,train_44b6_t15_p03_isolated,train,isolated,0.9,1,0,1
variant_D2_tail_calibrated,train_44b6_t45_p04_crowded,train,crowded,0.1,3,3,80
variant_D2_tail_calibrated,train_44b6_t45_p04_crowded,train,crowded,0.2,3,3,80
variant_D2_tail_calibrated,train_44b6_t45_p04_crowded,train,crowded,0.3,3,3,80
variant_D2_tail_calibrated,train_44b6_t45_p04_crowded,train,crowded,0.4,3,3,80
variant_D2_tail_calibrated,train_44b6_t45_p04_crowded,train,crowded,0.5,3,3,80
variant_D2_tail_calibrated,train_44b6_t45_p04_crowded,train,crowded,0.6,3,3,79
variant_D2_tail_calibrated,train_44b6_t45_p04_crowded,train,crowded,0.7,3,3,70
variant_D2_tail_calibrated,train_44b6_t45_p04_crowded,train,crowded,0.8,3,2,17
variant_D2_tail_calibrated,train_44b6_t45_p04_crowded,train,crowded,0.85,3,1,3
variant_D2_tail_calibrated,train_44b6_t45_p04_crowded,train,crowded,0.9,3,1,1
variant_D2_tail_calibrated,train_44b6_t15_p05_crowded,train,crowded,0.1,2,2,78
variant_D2_tail_calibrated,train_44b6_t15_p05_crowded,train,crowded,0.2,2,2,78
variant_D2_tail_calibrated,train_44b6_t15_p05_crowded,train,crowded,0.3,2,2,78
variant_D2_tail_calibrated,train_44b6_t15_p05_crowded,train,crowded,0.4,2,2,78
variant_D2_tail_calibrated,train_44b6_t15_p05_crowded,train,crowded,0.5,2,2,78
variant_D2_tail_calibrated,train_44b6_t15_p05_crowded,train,crowded,0.6,2,2,77
variant_D2_tail_calibrated,train_44b6_t15_p05_crowded,train,crowded,0.7,2,2,75
variant_D2_tail_calibrated,train_44b6_t15_p05_crowded,train,crowded,0.8,2,1,39
variant_D2_tail_calibrated,train_44b6_t15_p05_crowded,train,crowded,0.85,2,0,7
variant_D2_tail_calibrated,train_44b6_t15_p05_crowded,train,crowded,0.9,2,0,0
variant_D2_tail_calibrated,train_44b6_t25_p06_crowded,train,crowded,0.1,3,3,65
variant_D2_tail_calibrated,train_44b6_t25_p06_crowded,train,crowded,0.2,3,3,65
variant_D2_tail_calibrated,train_44b6_t25_p06_crowded,train,crowded,0.3,3,3,65
variant_D2_tail_calibrated,train_44b6_t25_p06_crowded,train,crowded,0.4,3,3,65
variant_D2_tail_calibrated,train_44b6_t25_p06_crowded,train,crowded,0.5,3,3,65
variant_D2_tail_calibrated,train_44b6_t25_p06_crowded,train,crowded,0.6,3,3,64
variant_D2_tail_calibrated,train_44b6_t25_p06_crowded,train,crowded,0.7,3,2,57
variant_D2_tail_calibrated,train_44b6_t25_p06_crowded,train,crowded,0.8,3,2,24
variant_D2_tail_calibrated,train_44b6_t25_p06_crowded,train,crowded,0.85,3,1,5
variant_D2_tail_calibrated,train_44b6_t25_p06_crowded,train,crowded,0.9,3,0,1
variant_D2_tail_calibrated,train_44b6_t15_p07_crowded,train,crowded,0.1,2,1,63
variant_D2_tail_calibrated,train_44b6_t15_p07_crowded,train,crowded,0.2,2,1,63
variant_D2_tail_calibrated,train_44b6_t15_p07_crowded,train,crowded,0.3,2,1,63
variant_D2_tail_calibrated,train_44b6_t15_p07_crowded,train,crowded,0.4,2,1,62
variant_D2_tail_calibrated,train_44b6_t15_p07_crowded,train,crowded,0.5,2,1,62
variant_D2_tail_calibrated,train_44b6_t15_p07_crowded,train,crowded,0.6,2,1,61
variant_D2_tail_calibrated,train_44b6_t15_p07_crowded,train,crowded,0.7,2,1,61
variant_D2_tail_calibrated,train_44b6_t15_p07_crowded,train,crowded,0.8,2,0,30
variant_D2_tail_calibrated,train_44b6_t15_p07_crowded,train,crowded,0.85,2,0,10
variant_D2_tail_calibrated,train_44b6_t15_p07_crowded,train,crowded,0.9,2,0,1
variant_D2_tail_calibrated,train_44b6_t25_p08_isolated,train,isolated,0.1,1,0,71
variant_D2_tail_calibrated,train_44b6_t25_p08_isolated,train,isolated,0.2,1,0,71
variant_D2_tail_calibrated,train_44b6_t25_p08_isolated,train,isolated,0.3,1,0,71
variant_D2_tail_calibrated,train_44b6_t25_p08_isolated,train,isolated,0.4,1,0,71
variant_D2_tail_calibrated,train_44b6_t25_p08_isolated,train,isolated,0.5,1,0,70
variant_D2_tail_calibrated,train_44b6_t25_p08_isolated,train,isolated,0.6,1,0,69
variant_D2_tail_calibrated,train_44b6_t25_p08_isolated,train,isolated,0.7,1,0,65
variant_D2_tail_calibrated,train_44b6_t25_p08_isolated,train,isolated,0.8,1,0,28
variant_D2_tail_calibrated,train_44b6_t25_p08_isolated,train,isolated,0.85,1,0,9
variant_D2_tail_calibrated,train_44b6_t25_p08_isolated,train,isolated,0.9,1,0,5
variant_D2_tail_calibrated,train_44b6_t55_p09_boundary,train,boundary,0.1,1,1,66
variant_D2_tail_calibrated,train_44b6_t55_p09_boundary,train,boundary,0.2,1,1,66
variant_D2_tail_calibrated,train_44b6_t55_p09_boundary,train,boundary,0.3,1,1,66
variant_D2_tail_calibrated,train_44b6_t55_p09_boundary,train,boundary,0.4,1,1,66
variant_D2_tail_calibrated,train_44b6_t55_p09_boundary,train,boundary,0.5,1,1,66
variant_D2_tail_calibrated,train_44b6_t55_p09_boundary,train,boundary,0.6,1,1,65
variant_D2_tail_calibrated,train_44b6_t55_p09_boundary,train,boundary,0.7,1,1,61
variant_D2_tail_calibrated,train_44b6_t55_p09_boundary,train,boundary,0.8,1,1,24
variant_D2_tail_calibrated,train_44b6_t55_p09_boundary,train,boundary,0.85,1,1,10
variant_D2_tail_calibrated,train_44b6_t55_p09_boundary,train,boundary,0.9,1,0,0
variant_D2_tail_calibrated,train_44b6_t55_p10_boundary,train,boundary,0.1,1,1,78
variant_D2_tail_calibrated,train_44b6_t55_p10_boundary,train,boundary,0.2,1,1,78
variant_D2_tail_calibrated,train_44b6_t55_p10_boundary,train,boundary,0.3,1,1,78
variant_D2_tail_calibrated,train_44b6_t55_p10_boundary,train,boundary,0.4,1,1,78
variant_D2_tail_calibrated,train_44b6_t55_p10_boundary,train,boundary,0.5,1,1,78
variant_D2_tail_calibrated,train_44b6_t55_p10_boundary,train,boundary,0.6,1,1,78
variant_D2_tail_calibrated,train_44b6_t55_p10_boundary,train,boundary,0.7,1,1,72
variant_D2_tail_calibrated,train_44b6_t55_p10_boundary,train,boundary,0.8,1,1,33
variant_D2_tail_calibrated,train_44b6_t55_p10_boundary,train,boundary,0.85,1,1,12
variant_D2_tail_calibrated,train_44b6_t55_p10_boundary,train,boundary,0.9,1,1,2
variant_D2_tail_calibrated,inner_val_6bba_t70_p01_zero_annotation,inner_val,zero_annotation,0.1,0,0,90
variant_D2_tail_calibrated,inner_val_6bba_t70_p01_zero_annotation,inner_val,zero_annotation,0.2,0,0,90
variant_D2_tail_calibrated,inner_val_6bba_t70_p01_zero_annotation,inner_val,zero_annotation,0.3,0,0,90
variant_D2_tail_calibrated,inner_val_6bba_t70_p01_zero_annotation,inner_val,zero_annotation,0.4,0,0,88
variant_D2_tail_calibrated,inner_val_6bba_t70_p01_zero_annotation,inner_val,zero_annotation,0.5,0,0,87
variant_D2_tail_calibrated,inner_val_6bba_t70_p01_zero_annotation,inner_val,zero_annotation,0.6,0,0,86
variant_D2_tail_calibrated,inner_val_6bba_t70_p01_zero_annotation,inner_val,zero_annotation,0.7,0,0,76
variant_D2_tail_calibrated,inner_val_6bba_t70_p01_zero_annotation,inner_val,zero_annotation,0.8,0,0,9
variant_D2_tail_calibrated,inner_val_6bba_t70_p01_zero_annotation,inner_val,zero_annotation,0.85,0,0,0
variant_D2_tail_calibrated,inner_val_6bba_t70_p01_zero_annotation,inner_val,zero_annotation,0.9,0,0,0
variant_D2_tail_calibrated,inner_val_6bba_t90_p02_boundary,inner_val,boundary,0.1,1,0,63
variant_D2_tail_calibrated,inner_val_6bba_t90_p02_boundary,inner_val,boundary,0.2,1,0,63
variant_D2_tail_calibrated,inner_val_6bba_t90_p02_boundary,inner_val,boundary,0.3,1,0,63
variant_D2_tail_calibrated,inner_val_6bba_t90_p02_boundary,inner_val,boundary,0.4,1,0,63
variant_D2_tail_calibrated,inner_val_6bba_t90_p02_boundary,inner_val,boundary,0.5,1,0,63
variant_D2_tail_calibrated,inner_val_6bba_t90_p02_boundary,inner_val,boundary,0.6,1,0,62
variant_D2_tail_calibrated,inner_val_6bba_t90_p02_boundary,inner_val,boundary,0.7,1,0,54
variant_D2_tail_calibrated,inner_val_6bba_t90_p02_boundary,inner_val,boundary,0.8,1,0,12
variant_D2_tail_calibrated,inner_val_6bba_t90_p02_boundary,inner_val,boundary,0.85,1,0,6
variant_D2_tail_calibrated,inner_val_6bba_t90_p02_boundary,inner_val,boundary,0.9,1,0,2
variant_D2_tail_calibrated,inner_val_6bba_t70_p03_crowded,inner_val,crowded,0.1,5,1,60
variant_D2_tail_calibrated,inner_val_6bba_t70_p03_crowded,inner_val,crowded,0.2,5,1,60
variant_D2_tail_calibrated,inner_val_6bba_t70_p03_crowded,inner_val,crowded,0.3,5,1,60
variant_D2_tail_calibrated,inner_val_6bba_t70_p03_crowded,inner_val,crowded,0.4,5,1,60
variant_D2_tail_calibrated,inner_val_6bba_t70_p03_crowded,inner_val,crowded,0.5,5,1,59
variant_D2_tail_calibrated,inner_val_6bba_t70_p03_crowded,inner_val,crowded,0.6,5,0,56
variant_D2_tail_calibrated,inner_val_6bba_t70_p03_crowded,inner_val,crowded,0.7,5,0,51
variant_D2_tail_calibrated,inner_val_6bba_t70_p03_crowded,inner_val,crowded,0.8,5,0,11
variant_D2_tail_calibrated,inner_val_6bba_t70_p03_crowded,inner_val,crowded,0.85,5,0,3
variant_D2_tail_calibrated,inner_val_6bba_t70_p03_crowded,inner_val,crowded,0.9,5,0,1
variant_D2_tail_calibrated,inner_val_6bba_t70_p04_crowded,inner_val,crowded,0.1,2,2,67
variant_D2_tail_calibrated,inner_val_6bba_t70_p04_crowded,inner_val,crowded,0.2,2,2,67
variant_D2_tail_calibrated,inner_val_6bba_t70_p04_crowded,inner_val,crowded,0.3,2,2,67
variant_D2_tail_calibrated,inner_val_6bba_t70_p04_crowded,inner_val,crowded,0.4,2,2,67
variant_D2_tail_calibrated,inner_val_6bba_t70_p04_crowded,inner_val,crowded,0.5,2,2,67
variant_D2_tail_calibrated,inner_val_6bba_t70_p04_crowded,inner_val,crowded,0.6,2,1,65
variant_D2_tail_calibrated,inner_val_6bba_t70_p04_crowded,inner_val,crowded,0.7,2,0,61
variant_D2_tail_calibrated,inner_val_6bba_t70_p04_crowded,inner_val,crowded,0.8,2,0,8
variant_D2_tail_calibrated,inner_val_6bba_t70_p04_crowded,inner_val,crowded,0.85,2,0,1
variant_D2_tail_calibrated,inner_val_6bba_t70_p04_crowded,inner_val,crowded,0.9,2,0,0
variant_D2_tail_calibrated,inner_val_6bba_t90_p05_isolated,inner_val,isolated,0.1,1,0,91
variant_D2_tail_calibrated,inner_val_6bba_t90_p05_isolated,inner_val,isolated,0.2,1,0,91
variant_D2_tail_calibrated,inner_val_6bba_t90_p05_isolated,inner_val,isolated,0.3,1,0,91
variant_D2_tail_calibrated,inner_val_6bba_t90_p05_isolated,inner_val,isolated,0.4,1,0,90
variant_D2_tail_calibrated,inner_val_6bba_t90_p05_isolated,inner_val,isolated,0.5,1,0,89
variant_D2_tail_calibrated,inner_val_6bba_t90_p05_isolated,inner_val,isolated,0.6,1,0,87
variant_D2_tail_calibrated,inner_val_6bba_t90_p05_isolated,inner_val,isolated,0.7,1,0,62
variant_D2_tail_calibrated,inner_val_6bba_t90_p05_isolated,inner_val,isolated,0.8,1,0,10
variant_D2_tail_calibrated,inner_val_6bba_t90_p05_isolated,inner_val,isolated,0.85,1,0,4
variant_D2_tail_calibrated,inner_val_6bba_t90_p05_isolated,inner_val,isolated,0.9,1,0,1
variant_D2_tail_calibrated,inner_val_44b6_t80_p01_crowded,inner_val,crowded,0.1,2,0,68
variant_D2_tail_calibrated,inner_val_44b6_t80_p01_crowded,inner_val,crowded,0.2,2,0,68
variant_D2_tail_calibrated,inner_val_44b6_t80_p01_crowded,inner_val,crowded,0.3,2,0,68
variant_D2_tail_calibrated,inner_val_44b6_t80_p01_crowded,inner_val,crowded,0.4,2,0,68
variant_D2_tail_calibrated,inner_val_44b6_t80_p01_crowded,inner_val,crowded,0.5,2,0,68
variant_D2_tail_calibrated,inner_val_44b6_t80_p01_crowded,inner_val,crowded,0.6,2,0,64
variant_D2_tail_calibrated,inner_val_44b6_t80_p01_crowded,inner_val,crowded,0.7,2,0,55
variant_D2_tail_calibrated,inner_val_44b6_t80_p01_crowded,inner_val,crowded,0.8,2,0,18
variant_D2_tail_calibrated,inner_val_44b6_t80_p01_crowded,inner_val,crowded,0.85,2,0,7
variant_D2_tail_calibrated,inner_val_44b6_t80_p01_crowded,inner_val,crowded,0.9,2,0,0
variant_D2_tail_calibrated,inner_val_44b6_t80_p02_zero_annotation,inner_val,zero_annotation,0.1,0,0,74
variant_D2_tail_calibrated,inner_val_44b6_t80_p02_zero_annotation,inner_val,zero_annotation,0.2,0,0,74
variant_D2_tail_calibrated,inner_val_44b6_t80_p02_zero_annotation,inner_val,zero_annotation,0.3,0,0,74
variant_D2_tail_calibrated,inner_val_44b6_t80_p02_zero_annotation,inner_val,zero_annotation,0.4,0,0,74
variant_D2_tail_calibrated,inner_val_44b6_t80_p02_zero_annotation,inner_val,zero_annotation,0.5,0,0,73
variant_D2_tail_calibrated,inner_val_44b6_t80_p02_zero_annotation,inner_val,zero_annotation,0.6,0,0,73
variant_D2_tail_calibrated,inner_val_44b6_t80_p02_zero_annotation,inner_val,zero_annotation,0.7,0,0,69
variant_D2_tail_calibrated,inner_val_44b6_t80_p02_zero_annotation,inner_val,zero_annotation,0.8,0,0,30
variant_D2_tail_calibrated,inner_val_44b6_t80_p02_zero_annotation,inner_val,zero_annotation,0.85,0,0,12
variant_D2_tail_calibrated,inner_val_44b6_t80_p02_zero_annotation,inner_val,zero_annotation,0.9,0,0,4
variant_D2_tail_calibrated,inner_val_44b6_t70_p03_isolated,inner_val,isolated,0.1,1,0,62
variant_D2_tail_calibrated,inner_val_44b6_t70_p03_isolated,inner_val,isolated,0.2,1,0,62
variant_D2_tail_calibrated,inner_val_44b6_t70_p03_isolated,inner_val,isolated,0.3,1,0,62
variant_D2_tail_calibrated,inner_val_44b6_t70_p03_isolated,inner_val,isolated,0.4,1,0,62
variant_D2_tail_calibrated,inner_val_44b6_t70_p03_isolated,inner_val,isolated,0.5,1,0,61
variant_D2_tail_calibrated,inner_val_44b6_t70_p03_isolated,inner_val,isolated,0.6,1,0,59
variant_D2_tail_calibrated,inner_val_44b6_t70_p03_isolated,inner_val,isolated,0.7,1,0,57
variant_D2_tail_calibrated,inner_val_44b6_t70_p03_isolated,inner_val,isolated,0.8,1,0,34
variant_D2_tail_calibrated,inner_val_44b6_t70_p03_isolated,inner_val,isolated,0.85,1,0,16
variant_D2_tail_calibrated,inner_val_44b6_t70_p03_isolated,inner_val,isolated,0.9,1,0,2
variant_D2_tail_calibrated,inner_val_44b6_t90_p04_crowded,inner_val,crowded,0.1,2,1,67
variant_D2_tail_calibrated,inner_val_44b6_t90_p04_crowded,inner_val,crowded,0.2,2,1,67
variant_D2_tail_calibrated,inner_val_44b6_t90_p04_crowded,inner_val,crowded,0.3,2,1,67
variant_D2_tail_calibrated,inner_val_44b6_t90_p04_crowded,inner_val,crowded,0.4,2,1,67
variant_D2_tail_calibrated,inner_val_44b6_t90_p04_crowded,inner_val,crowded,0.5,2,1,66
variant_D2_tail_calibrated,inner_val_44b6_t90_p04_crowded,inner_val,crowded,0.6,2,1,64
variant_D2_tail_calibrated,inner_val_44b6_t90_p04_crowded,inner_val,crowded,0.7,2,1,60
variant_D2_tail_calibrated,inner_val_44b6_t90_p04_crowded,inner_val,crowded,0.8,2,0,22
variant_D2_tail_calibrated,inner_val_44b6_t90_p04_crowded,inner_val,crowded,0.85,2,0,7
variant_D2_tail_calibrated,inner_val_44b6_t90_p04_crowded,inner_val,crowded,0.9,2,0,1
variant_D2_tail_calibrated,inner_val_44b6_t70_p05_boundary,inner_val,boundary,0.1,1,1,64
variant_D2_tail_calibrated,inner_val_44b6_t70_p05_boundary,inner_val,boundary,0.2,1,1,64
variant_D2_tail_calibrated,inner_val_44b6_t70_p05_boundary,inner_val,boundary,0.3,1,1,64
variant_D2_tail_calibrated,inner_val_44b6_t70_p05_boundary,inner_val,boundary,0.4,1,1,64
variant_D2_tail_calibrated,inner_val_44b6_t70_p05_boundary,inner_val,boundary,0.5,1,1,64
variant_D2_tail_calibrated,inner_val_44b6_t70_p05_boundary,inner_val,boundary,0.6,1,1,62
variant_D2_tail_calibrated,inner_val_44b6_t70_p05_boundary,inner_val,boundary,0.7,1,1,58
variant_D2_tail_calibrated,inner_val_44b6_t70_p05_boundary,inner_val,boundary,0.8,1,1,28
variant_D2_tail_calibrated,inner_val_44b6_t70_p05_boundary,inner_val,boundary,0.85,1,0,12
variant_D2_tail_calibrated,inner_val_44b6_t70_p05_boundary,inner_val,boundary,0.9,1,0,1
variant_D2_tail_calibrated,held_out_val_6bba_t50_p01_zero_annotation,held_out_val,zero_annotation,0.1,0,0,96
variant_D2_tail_calibrated,held_out_val_6bba_t50_p01_zero_annotation,held_out_val,zero_annotation,0.2,0,0,96
variant_D2_tail_calibrated,held_out_val_6bba_t50_p01_zero_annotation,held_out_val,zero_annotation,0.3,0,0,95
variant_D2_tail_calibrated,held_out_val_6bba_t50_p01_zero_annotation,held_out_val,zero_annotation,0.4,0,0,93
variant_D2_tail_calibrated,held_out_val_6bba_t50_p01_zero_annotation,held_out_val,zero_annotation,0.5,0,0,93
variant_D2_tail_calibrated,held_out_val_6bba_t50_p01_zero_annotation,held_out_val,zero_annotation,0.6,0,0,92
variant_D2_tail_calibrated,held_out_val_6bba_t50_p01_zero_annotation,held_out_val,zero_annotation,0.7,0,0,89
variant_D2_tail_calibrated,held_out_val_6bba_t50_p01_zero_annotation,held_out_val,zero_annotation,0.8,0,0,53
variant_D2_tail_calibrated,held_out_val_6bba_t50_p01_zero_annotation,held_out_val,zero_annotation,0.85,0,0,8
variant_D2_tail_calibrated,held_out_val_6bba_t50_p01_zero_annotation,held_out_val,zero_annotation,0.9,0,0,1
variant_D2_tail_calibrated,held_out_val_6bba_t75_p02_isolated,held_out_val,isolated,0.1,1,0,61
variant_D2_tail_calibrated,held_out_val_6bba_t75_p02_isolated,held_out_val,isolated,0.2,1,0,61
variant_D2_tail_calibrated,held_out_val_6bba_t75_p02_isolated,held_out_val,isolated,0.3,1,0,61
variant_D2_tail_calibrated,held_out_val_6bba_t75_p02_isolated,held_out_val,isolated,0.4,1,0,61
variant_D2_tail_calibrated,held_out_val_6bba_t75_p02_isolated,held_out_val,isolated,0.5,1,0,60
variant_D2_tail_calibrated,held_out_val_6bba_t75_p02_isolated,held_out_val,isolated,0.6,1,0,58
variant_D2_tail_calibrated,held_out_val_6bba_t75_p02_isolated,held_out_val,isolated,0.7,1,0,42
variant_D2_tail_calibrated,held_out_val_6bba_t75_p02_isolated,held_out_val,isolated,0.8,1,0,4
variant_D2_tail_calibrated,held_out_val_6bba_t75_p02_isolated,held_out_val,isolated,0.85,1,0,2
variant_D2_tail_calibrated,held_out_val_6bba_t75_p02_isolated,held_out_val,isolated,0.9,1,0,1
variant_D2_tail_calibrated,held_out_val_6bba_t25_p03_isolated,held_out_val,isolated,0.1,1,0,65
variant_D2_tail_calibrated,held_out_val_6bba_t25_p03_isolated,held_out_val,isolated,0.2,1,0,65
variant_D2_tail_calibrated,held_out_val_6bba_t25_p03_isolated,held_out_val,isolated,0.3,1,0,65
variant_D2_tail_calibrated,held_out_val_6bba_t25_p03_isolated,held_out_val,isolated,0.4,1,0,65
variant_D2_tail_calibrated,held_out_val_6bba_t25_p03_isolated,held_out_val,isolated,0.5,1,0,62
variant_D2_tail_calibrated,held_out_val_6bba_t25_p03_isolated,held_out_val,isolated,0.6,1,0,61
variant_D2_tail_calibrated,held_out_val_6bba_t25_p03_isolated,held_out_val,isolated,0.7,1,0,58
variant_D2_tail_calibrated,held_out_val_6bba_t25_p03_isolated,held_out_val,isolated,0.8,1,0,13
variant_D2_tail_calibrated,held_out_val_6bba_t25_p03_isolated,held_out_val,isolated,0.85,1,0,6
variant_D2_tail_calibrated,held_out_val_6bba_t25_p03_isolated,held_out_val,isolated,0.9,1,0,3
variant_D2_tail_calibrated,held_out_val_6bba_t75_p04_boundary,held_out_val,boundary,0.1,1,0,58
variant_D2_tail_calibrated,held_out_val_6bba_t75_p04_boundary,held_out_val,boundary,0.2,1,0,58
variant_D2_tail_calibrated,held_out_val_6bba_t75_p04_boundary,held_out_val,boundary,0.3,1,0,58
variant_D2_tail_calibrated,held_out_val_6bba_t75_p04_boundary,held_out_val,boundary,0.4,1,0,58
variant_D2_tail_calibrated,held_out_val_6bba_t75_p04_boundary,held_out_val,boundary,0.5,1,0,58
variant_D2_tail_calibrated,held_out_val_6bba_t75_p04_boundary,held_out_val,boundary,0.6,1,0,56
variant_D2_tail_calibrated,held_out_val_6bba_t75_p04_boundary,held_out_val,boundary,0.7,1,0,43
variant_D2_tail_calibrated,held_out_val_6bba_t75_p04_boundary,held_out_val,boundary,0.8,1,0,6
variant_D2_tail_calibrated,held_out_val_6bba_t75_p04_boundary,held_out_val,boundary,0.85,1,0,5
variant_D2_tail_calibrated,held_out_val_6bba_t75_p04_boundary,held_out_val,boundary,0.9,1,0,3
variant_D2_tail_calibrated,held_out_val_6bba_t25_p05_crowded,held_out_val,crowded,0.1,4,1,69
variant_D2_tail_calibrated,held_out_val_6bba_t25_p05_crowded,held_out_val,crowded,0.2,4,1,69
variant_D2_tail_calibrated,held_out_val_6bba_t25_p05_crowded,held_out_val,crowded,0.3,4,1,69
variant_D2_tail_calibrated,held_out_val_6bba_t25_p05_crowded,held_out_val,crowded,0.4,4,1,69
variant_D2_tail_calibrated,held_out_val_6bba_t25_p05_crowded,held_out_val,crowded,0.5,4,1,67
variant_D2_tail_calibrated,held_out_val_6bba_t25_p05_crowded,held_out_val,crowded,0.6,4,1,66
variant_D2_tail_calibrated,held_out_val_6bba_t25_p05_crowded,held_out_val,crowded,0.7,4,1,60
variant_D2_tail_calibrated,held_out_val_6bba_t25_p05_crowded,held_out_val,crowded,0.8,4,0,11
variant_D2_tail_calibrated,held_out_val_6bba_t25_p05_crowded,held_out_val,crowded,0.85,4,0,5
variant_D2_tail_calibrated,held_out_val_6bba_t25_p05_crowded,held_out_val,crowded,0.9,4,0,2
variant_D2_tail_calibrated,held_out_val_6bba_t50_p06_crowded,held_out_val,crowded,0.1,2,0,66
variant_D2_tail_calibrated,held_out_val_6bba_t50_p06_crowded,held_out_val,crowded,0.2,2,0,66
variant_D2_tail_calibrated,held_out_val_6bba_t50_p06_crowded,held_out_val,crowded,0.3,2,0,66
variant_D2_tail_calibrated,held_out_val_6bba_t50_p06_crowded,held_out_val,crowded,0.4,2,0,66
variant_D2_tail_calibrated,held_out_val_6bba_t50_p06_crowded,held_out_val,crowded,0.5,2,0,64
variant_D2_tail_calibrated,held_out_val_6bba_t50_p06_crowded,held_out_val,crowded,0.6,2,0,61
variant_D2_tail_calibrated,held_out_val_6bba_t50_p06_crowded,held_out_val,crowded,0.7,2,0,48
variant_D2_tail_calibrated,held_out_val_6bba_t50_p06_crowded,held_out_val,crowded,0.8,2,0,4
variant_D2_tail_calibrated,held_out_val_6bba_t50_p06_crowded,held_out_val,crowded,0.85,2,0,2
variant_D2_tail_calibrated,held_out_val_6bba_t50_p06_crowded,held_out_val,crowded,0.9,2,0,1
