condition_id,detector,sequence_id,split,stratum,gt_edges,pred_edges,tp,fp,fn,jaccard
Condition_A_Frozen_Baseline,Learned_UNet_N1,seq_inner_val_6bba_t85_p01_crowded,inner_val,L=1,5,19,5,0,0,1.0
Condition_A_Frozen_Baseline,Learned_UNet_N1,seq_inner_val_6bba_t85_p01_crowded,inner_val,L=2,5,18,4,0,1,0.8
Condition_A_Frozen_Baseline,Learned_UNet_N1,seq_inner_val_6bba_t85_p01_crowded,inner_val,L>=3,8,30,7,0,1,0.875
Condition_A_Frozen_Baseline,Learned_UNet_N1,seq_inner_val_6bba_t75_p02_crowded,inner_val,L=1,2,15,2,0,0,1.0
Condition_A_Frozen_Baseline,Learned_UNet_N1,seq_inner_val_6bba_t75_p02_crowded,inner_val,L=2,2,16,2,0,0,1.0
Condition_A_Frozen_Baseline,Learned_UNet_N1,seq_inner_val_6bba_t75_p02_crowded,inner_val,L>=3,4,19,3,0,1,0.75
Condition_A_Frozen_Baseline,Learned_UNet_N1,seq_inner_val_6bba_t85_p03_crowded,inner_val,L=1,1,12,0,0,1,0.0
Condition_A_Frozen_Baseline,Learned_UNet_N1,seq_inner_val_6bba_t85_p03_crowded,inner_val,L=2,1,11,0,0,1,0.0
Condition_A_Frozen_Baseline,Learned_UNet_N1,seq_inner_val_6bba_t85_p03_crowded,inner_val,L>=3,2,24,0,2,2,0.0
Condition_A_Frozen_Baseline,Learned_UNet_N1,seq_inner_val_6bba_t80_p04_crowded,inner_val,L=1,2,15,2,0,0,1.0
Condition_A_Frozen_Baseline,Learned_UNet_N1,seq_inner_val_6bba_t80_p04_crowded,inner_val,L=2,2,16,2,0,0,1.0
Condition_A_Frozen_Baseline,Learned_UNet_N1,seq_inner_val_6bba_t80_p04_crowded,inner_val,L>=3,4,30,4,0,0,1.0
Condition_A_Frozen_Baseline,Learned_UNet_N1,seq_inner_val_6bba_t75_p05_isolated,inner_val,L=1,1,10,1,0,0,1.0
Condition_A_Frozen_Baseline,Learned_UNet_N1,seq_inner_val_6bba_t75_p05_isolated,inner_val,L=2,1,12,1,0,0,1.0
Condition_A_Frozen_Baseline,Learned_UNet_N1,seq_inner_val_6bba_t75_p05_isolated,inner_val,L>=3,2,14,1,0,1,0.5
Condition_A_Frozen_Baseline,Learned_UNet_N1,seq_inner_val_6bba_t75_p06_isolated,inner_val,L=1,1,13,1,0,0,1.0
Condition_A_Frozen_Baseline,Learned_UNet_N1,seq_inner_val_6bba_t75_p06_isolated,inner_val,L=2,1,14,0,1,1,0.0
Condition_A_Frozen_Baseline,Learned_UNet_N1,seq_inner_val_6bba_t75_p06_isolated,inner_val,L>=3,2,15,0,2,2,0.0
Condition_A_Frozen_Baseline,Learned_UNet_N1,seq_inner_val_6bba_t90_p07_isolated,inner_val,L=1,1,8,0,0,1,0.0
Condition_A_Frozen_Baseline,Learned_UNet_N1,seq_inner_val_6bba_t90_p07_isolated,inner_val,L=2,1,8,0,1,1,0.0
Condition_A_Frozen_Baseline,Learned_UNet_N1,seq_inner_val_6bba_t90_p07_isolated,inner_val,L>=3,2,17,1,1,1,0.3333333333333333
Condition_A_Frozen_Baseline,Learned_UNet_N1,seq_inner_val_6bba_t90_p08_boundary,inner_val,L=1,1,6,1,0,0,1.0
Condition_A_Frozen_Baseline,Learned_UNet_N1,seq_inner_val_6bba_t90_p08_boundary,inner_val,L=2,1,7,1,0,0,1.0
Condition_A_Frozen_Baseline,Learned_UNet_N1,seq_inner_val_6bba_t90_p08_boundary,inner_val,L>=3,2,14,2,0,0,1.0
Condition_A_Frozen_Baseline,Learned_UNet_N1,seq_inner_val_6bba_t90_p09_zero_annotation,inner_val,L=1,0,8,0,0,0,0.0
Condition_A_Frozen_Baseline,Learned_UNet_N1,seq_inner_val_6bba_t90_p09_zero_annotation,inner_val,L=2,0,5,0,0,0,0.0
Condition_A_Frozen_Baseline,Learned_UNet_N1,seq_inner_val_6bba_t90_p09_zero_annotation,inner_val,L>=3,0,14,0,0,0,0.0
Condition_A_Frozen_Baseline,Learned_UNet_N1,seq_inner_val_6bba_t90_p10_zero_annotation,inner_val,L=1,0,8,0,0,0,0.0
Condition_A_Frozen_Baseline,Learned_UNet_N1,seq_inner_val_6bba_t90_p10_zero_annotation,inner_val,L=2,0,5,0,0,0,0.0
Condition_A_Frozen_Baseline,Learned_UNet_N1,seq_inner_val_6bba_t90_p10_zero_annotation,inner_val,L>=3,0,13,0,0,0,0.0
Condition_A_Frozen_Baseline,Learned_UNet_N1,seq_inner_val_44b6_t80_p01_crowded,inner_val,L=1,3,17,2,0,1,0.6666666666666666
Condition_A_Frozen_Baseline,Learned_UNet_N1,seq_inner_val_44b6_t80_p01_crowded,inner_val,L=2,2,15,2,0,0,1.0
Condition_A_Frozen_Baseline,Learned_UNet_N1,seq_inner_val_44b6_t80_p01_crowded,inner_val,L>=3,2,33,2,0,0,1.0
Condition_A_Frozen_Baseline,Learned_UNet_N1,seq_inner_val_44b6_t85_p02_crowded,inner_val,L=1,3,18,3,0,0,1.0
Condition_A_Frozen_Baseline,Learned_UNet_N1,seq_inner_val_44b6_t85_p02_crowded,inner_val,L=2,3,17,3,0,0,1.0
Condition_A_Frozen_Baseline,Learned_UNet_N1,seq_inner_val_44b6_t85_p02_crowded,inner_val,L>=3,6,31,6,0,0,1.0
Condition_A_Frozen_Baseline,Learned_UNet_N1,seq_inner_val_44b6_t90_p03_crowded,inner_val,L=1,2,15,2,0,0,1.0
Condition_A_Frozen_Baseline,Learned_UNet_N1,seq_inner_val_44b6_t90_p03_crowded,inner_val,L=2,2,17,2,0,0,1.0
Condition_A_Frozen_Baseline,Learned_UNet_N1,seq_inner_val_44b6_t90_p03_crowded,inner_val,L>=3,4,29,4,0,0,1.0
Condition_A_Frozen_Baseline,Learned_UNet_N1,seq_inner_val_44b6_t70_p04_crowded,inner_val,L=1,2,19,2,0,0,1.0
Condition_A_Frozen_Baseline,Learned_UNet_N1,seq_inner_val_44b6_t70_p04_crowded,inner_val,L=2,2,23,2,0,0,1.0
Condition_A_Frozen_Baseline,Learned_UNet_N1,seq_inner_val_44b6_t70_p04_crowded,inner_val,L>=3,4,43,4,0,0,1.0
Condition_A_Frozen_Baseline,Learned_UNet_N1,seq_inner_val_44b6_t90_p05_isolated,inner_val,L=1,1,16,1,0,0,1.0
Condition_A_Frozen_Baseline,Learned_UNet_N1,seq_inner_val_44b6_t90_p05_isolated,inner_val,L=2,1,15,1,0,0,1.0
Condition_A_Frozen_Baseline,Learned_UNet_N1,seq_inner_val_44b6_t90_p05_isolated,inner_val,L>=3,2,32,2,0,0,1.0
Condition_A_Frozen_Baseline,Learned_UNet_N1,seq_inner_val_44b6_t75_p06_isolated,inner_val,L=1,1,22,1,0,0,1.0
Condition_A_Frozen_Baseline,Learned_UNet_N1,seq_inner_val_44b6_t75_p06_isolated,inner_val,L=2,1,23,1,0,0,1.0
Condition_A_Frozen_Baseline,Learned_UNet_N1,seq_inner_val_44b6_t75_p06_isolated,inner_val,L>=3,2,40,2,0,0,1.0
Condition_A_Frozen_Baseline,Learned_UNet_N1,seq_inner_val_44b6_t70_p07_isolated,inner_val,L=1,1,16,1,0,0,1.0
Condition_A_Frozen_Baseline,Learned_UNet_N1,seq_inner_val_44b6_t70_p07_isolated,inner_val,L=2,1,19,1,0,0,1.0
Condition_A_Frozen_Baseline,Learned_UNet_N1,seq_inner_val_44b6_t70_p07_isolated,inner_val,L>=3,2,33,2,0,0,1.0
Condition_A_Frozen_Baseline,Learned_UNet_N1,seq_inner_val_44b6_t70_p08_boundary,inner_val,L=1,1,23,1,0,0,1.0
Condition_A_Frozen_Baseline,Learned_UNet_N1,seq_inner_val_44b6_t70_p08_boundary,inner_val,L=2,1,21,1,0,0,1.0
Condition_A_Frozen_Baseline,Learned_UNet_N1,seq_inner_val_44b6_t70_p08_boundary,inner_val,L>=3,2,46,2,0,0,1.0
Condition_A_Frozen_Baseline,Learned_UNet_N1,seq_inner_val_44b6_t90_p09_zero_annotation,inner_val,L=1,0,22,0,0,0,0.0
Condition_A_Frozen_Baseline,Learned_UNet_N1,seq_inner_val_44b6_t90_p09_zero_annotation,inner_val,L=2,0,22,0,0,0,0.0
Condition_A_Frozen_Baseline,Learned_UNet_N1,seq_inner_val_44b6_t90_p09_zero_annotation,inner_val,L>=3,0,45,0,0,0,0.0
Condition_A_Frozen_Baseline,Learned_UNet_N1,seq_inner_val_44b6_t70_p10_zero_annotation,inner_val,L=1,0,10,0,0,0,0.0
Condition_A_Frozen_Baseline,Learned_UNet_N1,seq_inner_val_44b6_t70_p10_zero_annotation,inner_val,L=2,0,8,0,0,0,0.0
Condition_A_Frozen_Baseline,Learned_UNet_N1,seq_inner_val_44b6_t70_p10_zero_annotation,inner_val,L>=3,0,15,0,0,0,0.0
Condition_A_Frozen_Baseline,Learned_UNet_N1,seq_train_44b6_t40_p01_crowded,train,L=1,2,20,2,0,0,1.0
Condition_A_Frozen_Baseline,Learned_UNet_N1,seq_train_44b6_t40_p01_crowded,train,L=2,2,19,2,0,0,1.0
Condition_A_Frozen_Baseline,Learned_UNet_N1,seq_train_44b6_t40_p01_crowded,train,L>=3,4,46,4,0,0,1.0
Condition_A_Frozen_Baseline,Learned_UNet_N1,seq_train_44b6_t45_p02_crowded,train,L=1,1,17,1,0,0,1.0
Condition_A_Frozen_Baseline,Learned_UNet_N1,seq_train_44b6_t45_p02_crowded,train,L=2,1,17,1,0,0,1.0
Condition_A_Frozen_Baseline,Learned_UNet_N1,seq_train_44b6_t45_p02_crowded,train,L>=3,4,18,2,0,2,0.5
Condition_A_Frozen_Baseline,Learned_UNet_N1,seq_train_44b6_t40_p04_crowded,train,L=1,3,19,3,0,0,1.0
Condition_A_Frozen_Baseline,Learned_UNet_N1,seq_train_44b6_t40_p04_crowded,train,L=2,3,17,3,0,0,1.0
Condition_A_Frozen_Baseline,Learned_UNet_N1,seq_train_44b6_t40_p04_crowded,train,L>=3,6,35,6,0,0,1.0
Condition_A_Frozen_Baseline,Learned_UNet_N1,seq_train_44b6_t15_p05_crowded,train,L=1,3,17,2,0,1,0.6666666666666666
Condition_A_Frozen_Baseline,Learned_UNet_N1,seq_train_44b6_t15_p05_crowded,train,L=2,3,14,2,0,1,0.6666666666666666
Condition_A_Frozen_Baseline,Learned_UNet_N1,seq_train_44b6_t15_p05_crowded,train,L>=3,5,18,4,0,1,0.8
Condition_A_Frozen_Baseline,Learned_UNet_N1,seq_train_44b6_t20_p06_crowded,train,L=1,2,17,1,0,1,0.5
Condition_A_Frozen_Baseline,Learned_UNet_N1,seq_train_44b6_t20_p06_crowded,train,L=2,2,16,1,0,1,0.5
Condition_A_Frozen_Baseline,Learned_UNet_N1,seq_train_44b6_t20_p06_crowded,train,L>=3,4,36,4,0,0,1.0
Condition_A_Frozen_Baseline,Learned_UNet_N1,seq_train_6bba_t15_p01_crowded,train,L=1,1,14,1,0,0,1.0
Condition_A_Frozen_Baseline,Learned_UNet_N1,seq_train_6bba_t15_p01_crowded,train,L=2,1,13,1,0,0,1.0
Condition_A_Frozen_Baseline,Learned_UNet_N1,seq_train_6bba_t15_p01_crowded,train,L>=3,3,28,2,0,1,0.6666666666666666
Condition_A_Frozen_Baseline,Learned_UNet_N1,seq_train_6bba_t35_p02_crowded,train,L=1,2,13,1,1,1,0.3333333333333333
Condition_A_Frozen_Baseline,Learned_UNet_N1,seq_train_6bba_t35_p02_crowded,train,L=2,2,13,2,0,0,1.0
Condition_A_Frozen_Baseline,Learned_UNet_N1,seq_train_6bba_t35_p02_crowded,train,L>=3,2,22,2,0,0,1.0
Condition_A_Frozen_Baseline,Learned_UNet_N1,seq_train_6bba_t40_p03_crowded,train,L=1,2,18,2,0,0,1.0
Condition_A_Frozen_Baseline,Learned_UNet_N1,seq_train_6bba_t40_p03_crowded,train,L=2,2,15,2,0,0,1.0
Condition_A_Frozen_Baseline,Learned_UNet_N1,seq_train_6bba_t40_p03_crowded,train,L>=3,4,33,4,0,0,1.0
Condition_A_Frozen_Baseline,Learned_UNet_N1,seq_train_6bba_t45_p04_crowded,train,L=1,3,9,3,0,0,1.0
Condition_A_Frozen_Baseline,Learned_UNet_N1,seq_train_6bba_t45_p04_crowded,train,L=2,2,13,2,0,0,1.0
Condition_A_Frozen_Baseline,Learned_UNet_N1,seq_train_6bba_t45_p04_crowded,train,L>=3,4,23,3,0,1,0.75
Condition_A_Frozen_Baseline,Learned_UNet_N1,seq_train_6bba_t15_p07_crowded,train,L=1,3,20,3,0,0,1.0
Condition_A_Frozen_Baseline,Learned_UNet_N1,seq_train_6bba_t15_p07_crowded,train,L=2,3,21,3,0,0,1.0
Condition_A_Frozen_Baseline,Learned_UNet_N1,seq_train_6bba_t15_p07_crowded,train,L>=3,6,42,6,0,0,1.0
Condition_A_Frozen_Baseline,Learned_UNet_N0,seq_inner_val_6bba_t85_p01_crowded,inner_val,L=1,5,16,3,0,2,0.6
Condition_A_Frozen_Baseline,Learned_UNet_N0,seq_inner_val_6bba_t85_p01_crowded,inner_val,L=2,5,15,3,1,2,0.5
Condition_A_Frozen_Baseline,Learned_UNet_N0,seq_inner_val_6bba_t85_p01_crowded,inner_val,L>=3,8,30,6,0,2,0.75
Condition_A_Frozen_Baseline,Learned_UNet_N0,seq_inner_val_6bba_t75_p02_crowded,inner_val,L=1,2,14,1,0,1,0.5
Condition_A_Frozen_Baseline,Learned_UNet_N0,seq_inner_val_6bba_t75_p02_crowded,inner_val,L=2,2,14,1,0,1,0.5
Condition_A_Frozen_Baseline,Learned_UNet_N0,seq_inner_val_6bba_t75_p02_crowded,inner_val,L>=3,4,17,2,0,2,0.5
Condition_A_Frozen_Baseline,Learned_UNet_N0,seq_inner_val_6bba_t85_p03_crowded,inner_val,L=1,1,13,1,0,0,1.0
Condition_A_Frozen_Baseline,Learned_UNet_N0,seq_inner_val_6bba_t85_p03_crowded,inner_val,L=2,1,14,1,0,0,1.0
Condition_A_Frozen_Baseline,Learned_UNet_N0,seq_inner_val_6bba_t85_p03_crowded,inner_val,L>=3,2,26,2,0,0,1.0
Condition_A_Frozen_Baseline,Learned_UNet_N0,seq_inner_val_6bba_t80_p04_crowded,inner_val,L=1,2,17,2,0,0,1.0
Condition_A_Frozen_Baseline,Learned_UNet_N0,seq_inner_val_6bba_t80_p04_crowded,inner_val,L=2,2,17,2,0,0,1.0
Condition_A_Frozen_Baseline,Learned_UNet_N0,seq_inner_val_6bba_t80_p04_crowded,inner_val,L>=3,4,31,4,0,0,1.0
Condition_A_Frozen_Baseline,Learned_UNet_N0,seq_inner_val_6bba_t75_p05_isolated,inner_val,L=1,1,10,0,0,1,0.0
Condition_A_Frozen_Baseline,Learned_UNet_N0,seq_inner_val_6bba_t75_p05_isolated,inner_val,L=2,1,12,1,0,0,1.0
Condition_A_Frozen_Baseline,Learned_UNet_N0,seq_inner_val_6bba_t75_p05_isolated,inner_val,L>=3,2,14,1,0,1,0.5
Condition_A_Frozen_Baseline,Learned_UNet_N0,seq_inner_val_6bba_t75_p06_isolated,inner_val,L=1,1,11,0,1,1,0.0
Condition_A_Frozen_Baseline,Learned_UNet_N0,seq_inner_val_6bba_t75_p06_isolated,inner_val,L=2,1,12,1,0,0,1.0
Condition_A_Frozen_Baseline,Learned_UNet_N0,seq_inner_val_6bba_t75_p06_isolated,inner_val,L>=3,2,17,0,2,2,0.0
Condition_A_Frozen_Baseline,Learned_UNet_N0,seq_inner_val_6bba_t90_p07_isolated,inner_val,L=1,1,9,0,1,1,0.0
Condition_A_Frozen_Baseline,Learned_UNet_N0,seq_inner_val_6bba_t90_p07_isolated,inner_val,L=2,1,12,1,0,0,1.0
Condition_A_Frozen_Baseline,Learned_UNet_N0,seq_inner_val_6bba_t90_p07_isolated,inner_val,L>=3,2,17,2,0,0,1.0
Condition_A_Frozen_Baseline,Learned_UNet_N0,seq_inner_val_6bba_t90_p08_boundary,inner_val,L=1,1,7,0,0,1,0.0
Condition_A_Frozen_Baseline,Learned_UNet_N0,seq_inner_val_6bba_t90_p08_boundary,inner_val,L=2,1,8,1,0,0,1.0
Condition_A_Frozen_Baseline,Learned_UNet_N0,seq_inner_val_6bba_t90_p08_boundary,inner_val,L>=3,2,20,2,0,0,1.0
Condition_A_Frozen_Baseline,Learned_UNet_N0,seq_inner_val_6bba_t90_p09_zero_annotation,inner_val,L=1,0,4,0,0,0,0.0
Condition_A_Frozen_Baseline,Learned_UNet_N0,seq_inner_val_6bba_t90_p09_zero_annotation,inner_val,L=2,0,8,0,0,0,0.0
Condition_A_Frozen_Baseline,Learned_UNet_N0,seq_inner_val_6bba_t90_p09_zero_annotation,inner_val,L>=3,0,16,0,0,0,0.0
Condition_A_Frozen_Baseline,Learned_UNet_N0,seq_inner_val_6bba_t90_p10_zero_annotation,inner_val,L=1,0,5,0,0,0,0.0
Condition_A_Frozen_Baseline,Learned_UNet_N0,seq_inner_val_6bba_t90_p10_zero_annotation,inner_val,L=2,0,8,0,0,0,0.0
Condition_A_Frozen_Baseline,Learned_UNet_N0,seq_inner_val_6bba_t90_p10_zero_annotation,inner_val,L>=3,0,14,0,0,0,0.0
Condition_A_Frozen_Baseline,Learned_UNet_N0,seq_inner_val_44b6_t80_p01_crowded,inner_val,L=1,3,20,3,0,0,1.0
Condition_A_Frozen_Baseline,Learned_UNet_N0,seq_inner_val_44b6_t80_p01_crowded,inner_val,L=2,2,15,2,0,0,1.0
Condition_A_Frozen_Baseline,Learned_UNet_N0,seq_inner_val_44b6_t80_p01_crowded,inner_val,L>=3,2,34,2,0,0,1.0
Condition_A_Frozen_Baseline,Learned_UNet_N0,seq_inner_val_44b6_t85_p02_crowded,inner_val,L=1,3,17,3,0,0,1.0
Condition_A_Frozen_Baseline,Learned_UNet_N0,seq_inner_val_44b6_t85_p02_crowded,inner_val,L=2,3,20,3,0,0,1.0
Condition_A_Frozen_Baseline,Learned_UNet_N0,seq_inner_val_44b6_t85_p02_crowded,inner_val,L>=3,6,35,6,0,0,1.0
Condition_A_Frozen_Baseline,Learned_UNet_N0,seq_inner_val_44b6_t90_p03_crowded,inner_val,L=1,2,18,2,0,0,1.0
Condition_A_Frozen_Baseline,Learned_UNet_N0,seq_inner_val_44b6_t90_p03_crowded,inner_val,L=2,2,17,2,0,0,1.0
Condition_A_Frozen_Baseline,Learned_UNet_N0,seq_inner_val_44b6_t90_p03_crowded,inner_val,L>=3,4,30,4,0,0,1.0
Condition_A_Frozen_Baseline,Learned_UNet_N0,seq_inner_val_44b6_t70_p04_crowded,inner_val,L=1,2,18,1,1,1,0.3333333333333333
Condition_A_Frozen_Baseline,Learned_UNet_N0,seq_inner_val_44b6_t70_p04_crowded,inner_val,L=2,2,20,0,1,2,0.0
Condition_A_Frozen_Baseline,Learned_UNet_N0,seq_inner_val_44b6_t70_p04_crowded,inner_val,L>=3,4,36,3,1,1,0.6
Condition_A_Frozen_Baseline,Learned_UNet_N0,seq_inner_val_44b6_t90_p05_isolated,inner_val,L=1,1,13,1,0,0,1.0
Condition_A_Frozen_Baseline,Learned_UNet_N0,seq_inner_val_44b6_t90_p05_isolated,inner_val,L=2,1,15,1,0,0,1.0
Condition_A_Frozen_Baseline,Learned_UNet_N0,seq_inner_val_44b6_t90_p05_isolated,inner_val,L>=3,2,32,2,0,0,1.0
Condition_A_Frozen_Baseline,Learned_UNet_N0,seq_inner_val_44b6_t75_p06_isolated,inner_val,L=1,1,21,1,0,0,1.0
Condition_A_Frozen_Baseline,Learned_UNet_N0,seq_inner_val_44b6_t75_p06_isolated,inner_val,L=2,1,19,1,0,0,1.0
Condition_A_Frozen_Baseline,Learned_UNet_N0,seq_inner_val_44b6_t75_p06_isolated,inner_val,L>=3,2,40,2,0,0,1.0
Condition_A_Frozen_Baseline,Learned_UNet_N0,seq_inner_val_44b6_t70_p07_isolated,inner_val,L=1,1,13,1,0,0,1.0
Condition_A_Frozen_Baseline,Learned_UNet_N0,seq_inner_val_44b6_t70_p07_isolated,inner_val,L=2,1,14,1,0,0,1.0
Condition_A_Frozen_Baseline,Learned_UNet_N0,seq_inner_val_44b6_t70_p07_isolated,inner_val,L>=3,2,27,2,0,0,1.0
Condition_A_Frozen_Baseline,Learned_UNet_N0,seq_inner_val_44b6_t70_p08_boundary,inner_val,L=1,1,21,1,0,0,1.0
Condition_A_Frozen_Baseline,Learned_UNet_N0,seq_inner_val_44b6_t70_p08_boundary,inner_val,L=2,1,19,1,0,0,1.0
Condition_A_Frozen_Baseline,Learned_UNet_N0,seq_inner_val_44b6_t70_p08_boundary,inner_val,L>=3,2,42,2,0,0,1.0
Condition_A_Frozen_Baseline,Learned_UNet_N0,seq_inner_val_44b6_t90_p09_zero_annotation,inner_val,L=1,0,20,0,0,0,0.0
Condition_A_Frozen_Baseline,Learned_UNet_N0,seq_inner_val_44b6_t90_p09_zero_annotation,inner_val,L=2,0,19,0,0,0,0.0
Condition_A_Frozen_Baseline,Learned_UNet_N0,seq_inner_val_44b6_t90_p09_zero_annotation,inner_val,L>=3,0,43,0,0,0,0.0
Condition_A_Frozen_Baseline,Learned_UNet_N0,seq_inner_val_44b6_t70_p10_zero_annotation,inner_val,L=1,0,7,0,0,0,0.0
Condition_A_Frozen_Baseline,Learned_UNet_N0,seq_inner_val_44b6_t70_p10_zero_annotation,inner_val,L=2,0,8,0,0,0,0.0
Condition_A_Frozen_Baseline,Learned_UNet_N0,seq_inner_val_44b6_t70_p10_zero_annotation,inner_val,L>=3,0,18,0,0,0,0.0
Condition_A_Frozen_Baseline,Learned_UNet_N0,seq_train_44b6_t40_p01_crowded,train,L=1,2,22,2,0,0,1.0
Condition_A_Frozen_Baseline,Learned_UNet_N0,seq_train_44b6_t40_p01_crowded,train,L=2,2,21,2,0,0,1.0
Condition_A_Frozen_Baseline,Learned_UNet_N0,seq_train_44b6_t40_p01_crowded,train,L>=3,4,39,4,0,0,1.0
Condition_A_Frozen_Baseline,Learned_UNet_N0,seq_train_44b6_t45_p02_crowded,train,L=1,1,18,1,0,0,1.0
Condition_A_Frozen_Baseline,Learned_UNet_N0,seq_train_44b6_t45_p02_crowded,train,L=2,1,17,1,0,0,1.0
Condition_A_Frozen_Baseline,Learned_UNet_N0,seq_train_44b6_t45_p02_crowded,train,L>=3,4,26,2,0,2,0.5
Condition_A_Frozen_Baseline,Learned_UNet_N0,seq_train_44b6_t40_p04_crowded,train,L=1,3,17,3,0,0,1.0
Condition_A_Frozen_Baseline,Learned_UNet_N0,seq_train_44b6_t40_p04_crowded,train,L=2,3,15,3,0,0,1.0
Condition_A_Frozen_Baseline,Learned_UNet_N0,seq_train_44b6_t40_p04_crowded,train,L>=3,6,32,6,0,0,1.0
Condition_A_Frozen_Baseline,Learned_UNet_N0,seq_train_44b6_t15_p05_crowded,train,L=1,3,14,1,0,2,0.3333333333333333
Condition_A_Frozen_Baseline,Learned_UNet_N0,seq_train_44b6_t15_p05_crowded,train,L=2,3,14,2,0,1,0.6666666666666666
Condition_A_Frozen_Baseline,Learned_UNet_N0,seq_train_44b6_t15_p05_crowded,train,L>=3,5,17,3,0,2,0.6
Condition_A_Frozen_Baseline,Learned_UNet_N0,seq_train_44b6_t20_p06_crowded,train,L=1,2,14,1,0,1,0.5
Condition_A_Frozen_Baseline,Learned_UNet_N0,seq_train_44b6_t20_p06_crowded,train,L=2,2,16,1,0,1,0.5
Condition_A_Frozen_Baseline,Learned_UNet_N0,seq_train_44b6_t20_p06_crowded,train,L>=3,4,32,2,1,2,0.4
Condition_A_Frozen_Baseline,Learned_UNet_N0,seq_train_6bba_t15_p01_crowded,train,L=1,1,13,1,0,0,1.0
Condition_A_Frozen_Baseline,Learned_UNet_N0,seq_train_6bba_t15_p01_crowded,train,L=2,1,13,0,1,1,0.0
Condition_A_Frozen_Baseline,Learned_UNet_N0,seq_train_6bba_t15_p01_crowded,train,L>=3,3,28,3,0,0,1.0
Condition_A_Frozen_Baseline,Learned_UNet_N0,seq_train_6bba_t35_p02_crowded,train,L=1,2,15,2,0,0,1.0
Condition_A_Frozen_Baseline,Learned_UNet_N0,seq_train_6bba_t35_p02_crowded,train,L=2,2,14,2,0,0,1.0
Condition_A_Frozen_Baseline,Learned_UNet_N0,seq_train_6bba_t35_p02_crowded,train,L>=3,2,24,2,0,0,1.0
Condition_A_Frozen_Baseline,Learned_UNet_N0,seq_train_6bba_t40_p03_crowded,train,L=1,2,16,2,0,0,1.0
Condition_A_Frozen_Baseline,Learned_UNet_N0,seq_train_6bba_t40_p03_crowded,train,L=2,2,13,2,0,0,1.0
Condition_A_Frozen_Baseline,Learned_UNet_N0,seq_train_6bba_t40_p03_crowded,train,L>=3,4,27,4,0,0,1.0
Condition_A_Frozen_Baseline,Learned_UNet_N0,seq_train_6bba_t45_p04_crowded,train,L=1,3,11,3,0,0,1.0
Condition_A_Frozen_Baseline,Learned_UNet_N0,seq_train_6bba_t45_p04_crowded,train,L=2,2,11,2,0,0,1.0
Condition_A_Frozen_Baseline,Learned_UNet_N0,seq_train_6bba_t45_p04_crowded,train,L>=3,4,21,2,0,2,0.5
Condition_A_Frozen_Baseline,Learned_UNet_N0,seq_train_6bba_t15_p07_crowded,train,L=1,3,18,3,0,0,1.0
Condition_A_Frozen_Baseline,Learned_UNet_N0,seq_train_6bba_t15_p07_crowded,train,L=2,3,19,3,0,0,1.0
Condition_A_Frozen_Baseline,Learned_UNet_N0,seq_train_6bba_t15_p07_crowded,train,L>=3,6,39,5,0,1,0.8333333333333334
Condition_A_Frozen_Baseline,Classical_DoG,seq_inner_val_6bba_t85_p01_crowded,inner_val,L=1,5,0,0,0,5,0.0
Condition_A_Frozen_Baseline,Classical_DoG,seq_inner_val_6bba_t85_p01_crowded,inner_val,L=2,5,0,0,0,5,0.0
Condition_A_Frozen_Baseline,Classical_DoG,seq_inner_val_6bba_t85_p01_crowded,inner_val,L>=3,8,6,0,1,8,0.0
Condition_A_Frozen_Baseline,Classical_DoG,seq_inner_val_6bba_t75_p02_crowded,inner_val,L=1,2,4,1,0,1,0.5
Condition_A_Frozen_Baseline,Classical_DoG,seq_inner_val_6bba_t75_p02_crowded,inner_val,L=2,2,4,1,0,1,0.5
Condition_A_Frozen_Baseline,Classical_DoG,seq_inner_val_6bba_t75_p02_crowded,inner_val,L>=3,4,4,1,0,3,0.25
Condition_A_Frozen_Baseline,Classical_DoG,seq_inner_val_6bba_t85_p03_crowded,inner_val,L=1,1,3,0,0,1,0.0
Condition_A_Frozen_Baseline,Classical_DoG,seq_inner_val_6bba_t85_p03_crowded,inner_val,L=2,1,2,0,0,1,0.0
Condition_A_Frozen_Baseline,Classical_DoG,seq_inner_val_6bba_t85_p03_crowded,inner_val,L>=3,2,4,0,0,2,0.0
Condition_A_Frozen_Baseline,Classical_DoG,seq_inner_val_6bba_t80_p04_crowded,inner_val,L=1,2,2,1,0,1,0.5
Condition_A_Frozen_Baseline,Classical_DoG,seq_inner_val_6bba_t80_p04_crowded,inner_val,L=2,2,2,1,0,1,0.5
Condition_A_Frozen_Baseline,Classical_DoG,seq_inner_val_6bba_t80_p04_crowded,inner_val,L>=3,4,4,2,0,2,0.5
Condition_A_Frozen_Baseline,Classical_DoG,seq_inner_val_6bba_t75_p05_isolated,inner_val,L=1,1,3,1,0,0,1.0
Condition_A_Frozen_Baseline,Classical_DoG,seq_inner_val_6bba_t75_p05_isolated,inner_val,L=2,1,3,1,0,0,1.0
Condition_A_Frozen_Baseline,Classical_DoG,seq_inner_val_6bba_t75_p05_isolated,inner_val,L>=3,2,3,1,0,1,0.5
Condition_A_Frozen_Baseline,Classical_DoG,seq_inner_val_6bba_t75_p06_isolated,inner_val,L=1,1,3,0,0,1,0.0
Condition_A_Frozen_Baseline,Classical_DoG,seq_inner_val_6bba_t75_p06_isolated,inner_val,L=2,1,3,0,0,1,0.0
Condition_A_Frozen_Baseline,Classical_DoG,seq_inner_val_6bba_t75_p06_isolated,inner_val,L>=3,2,2,0,0,2,0.0
Condition_A_Frozen_Baseline,Classical_DoG,seq_inner_val_6bba_t90_p07_isolated,inner_val,L=1,1,1,0,0,1,0.0
Condition_A_Frozen_Baseline,Classical_DoG,seq_inner_val_6bba_t90_p07_isolated,inner_val,L=2,1,1,0,0,1,0.0
Condition_A_Frozen_Baseline,Classical_DoG,seq_inner_val_6bba_t90_p07_isolated,inner_val,L>=3,2,1,0,0,2,0.0
Condition_A_Frozen_Baseline,Classical_DoG,seq_inner_val_6bba_t90_p08_boundary,inner_val,L=1,1,3,1,0,0,1.0
Condition_A_Frozen_Baseline,Classical_DoG,seq_inner_val_6bba_t90_p08_boundary,inner_val,L=2,1,3,1,0,0,1.0
Condition_A_Frozen_Baseline,Classical_DoG,seq_inner_val_6bba_t90_p08_boundary,inner_val,L>=3,2,6,2,0,0,1.0
Condition_A_Frozen_Baseline,Classical_DoG,seq_inner_val_6bba_t90_p09_zero_annotation,inner_val,L=1,0,0,0,0,0,0.0
Condition_A_Frozen_Baseline,Classical_DoG,seq_inner_val_6bba_t90_p09_zero_annotation,inner_val,L=2,0,0,0,0,0,0.0
Condition_A_Frozen_Baseline,Classical_DoG,seq_inner_val_6bba_t90_p09_zero_annotation,inner_val,L>=3,0,0,0,0,0,0.0
Condition_A_Frozen_Baseline,Classical_DoG,seq_inner_val_6bba_t90_p10_zero_annotation,inner_val,L=1,0,0,0,0,0,0.0
Condition_A_Frozen_Baseline,Classical_DoG,seq_inner_val_6bba_t90_p10_zero_annotation,inner_val,L=2,0,0,0,0,0,0.0
Condition_A_Frozen_Baseline,Classical_DoG,seq_inner_val_6bba_t90_p10_zero_annotation,inner_val,L>=3,0,0,0,0,0,0.0
Condition_A_Frozen_Baseline,Classical_DoG,seq_inner_val_44b6_t80_p01_crowded,inner_val,L=1,3,3,0,1,3,0.0
Condition_A_Frozen_Baseline,Classical_DoG,seq_inner_val_44b6_t80_p01_crowded,inner_val,L=2,2,3,0,0,2,0.0
Condition_A_Frozen_Baseline,Classical_DoG,seq_inner_val_44b6_t80_p01_crowded,inner_val,L>=3,2,7,0,0,2,0.0
Condition_A_Frozen_Baseline,Classical_DoG,seq_inner_val_44b6_t85_p02_crowded,inner_val,L=1,3,3,1,0,2,0.3333333333333333
Condition_A_Frozen_Baseline,Classical_DoG,seq_inner_val_44b6_t85_p02_crowded,inner_val,L=2,3,4,1,0,2,0.3333333333333333
Condition_A_Frozen_Baseline,Classical_DoG,seq_inner_val_44b6_t85_p02_crowded,inner_val,L>=3,6,14,2,0,4,0.3333333333333333
Condition_A_Frozen_Baseline,Classical_DoG,seq_inner_val_44b6_t90_p03_crowded,inner_val,L=1,2,5,2,0,0,1.0
Condition_A_Frozen_Baseline,Classical_DoG,seq_inner_val_44b6_t90_p03_crowded,inner_val,L=2,2,5,2,0,0,1.0
Condition_A_Frozen_Baseline,Classical_DoG,seq_inner_val_44b6_t90_p03_crowded,inner_val,L>=3,4,10,3,0,1,0.75
Condition_A_Frozen_Baseline,Classical_DoG,seq_inner_val_44b6_t70_p04_crowded,inner_val,L=1,2,4,0,1,2,0.0
Condition_A_Frozen_Baseline,Classical_DoG,seq_inner_val_44b6_t70_p04_crowded,inner_val,L=2,2,6,1,0,1,0.5
Condition_A_Frozen_Baseline,Classical_DoG,seq_inner_val_44b6_t70_p04_crowded,inner_val,L>=3,4,12,2,0,2,0.5
Condition_A_Frozen_Baseline,Classical_DoG,seq_inner_val_44b6_t90_p05_isolated,inner_val,L=1,1,4,1,0,0,1.0
Condition_A_Frozen_Baseline,Classical_DoG,seq_inner_val_44b6_t90_p05_isolated,inner_val,L=2,1,4,1,0,0,1.0
Condition_A_Frozen_Baseline,Classical_DoG,seq_inner_val_44b6_t90_p05_isolated,inner_val,L>=3,2,13,2,0,0,1.0
Condition_A_Frozen_Baseline,Classical_DoG,seq_inner_val_44b6_t75_p06_isolated,inner_val,L=1,1,6,1,0,0,1.0
Condition_A_Frozen_Baseline,Classical_DoG,seq_inner_val_44b6_t75_p06_isolated,inner_val,L=2,1,5,1,0,0,1.0
Condition_A_Frozen_Baseline,Classical_DoG,seq_inner_val_44b6_t75_p06_isolated,inner_val,L>=3,2,9,2,0,0,1.0
Condition_A_Frozen_Baseline,Classical_DoG,seq_inner_val_44b6_t70_p07_isolated,inner_val,L=1,1,4,1,0,0,1.0
Condition_A_Frozen_Baseline,Classical_DoG,seq_inner_val_44b6_t70_p07_isolated,inner_val,L=2,1,5,1,0,0,1.0
Condition_A_Frozen_Baseline,Classical_DoG,seq_inner_val_44b6_t70_p07_isolated,inner_val,L>=3,2,10,2,0,0,1.0
Condition_A_Frozen_Baseline,Classical_DoG,seq_inner_val_44b6_t70_p08_boundary,inner_val,L=1,1,7,0,0,1,0.0
Condition_A_Frozen_Baseline,Classical_DoG,seq_inner_val_44b6_t70_p08_boundary,inner_val,L=2,1,8,0,0,1,0.0
Condition_A_Frozen_Baseline,Classical_DoG,seq_inner_val_44b6_t70_p08_boundary,inner_val,L>=3,2,16,0,0,2,0.0
Condition_A_Frozen_Baseline,Classical_DoG,seq_inner_val_44b6_t90_p09_zero_annotation,inner_val,L=1,0,6,0,0,0,0.0
Condition_A_Frozen_Baseline,Classical_DoG,seq_inner_val_44b6_t90_p09_zero_annotation,inner_val,L=2,0,7,0,0,0,0.0
Condition_A_Frozen_Baseline,Classical_DoG,seq_inner_val_44b6_t90_p09_zero_annotation,inner_val,L>=3,0,9,0,0,0,0.0
Condition_A_Frozen_Baseline,Classical_DoG,seq_inner_val_44b6_t70_p10_zero_annotation,inner_val,L=1,0,0,0,0,0,0.0
Condition_A_Frozen_Baseline,Classical_DoG,seq_inner_val_44b6_t70_p10_zero_annotation,inner_val,L=2,0,0,0,0,0,0.0
Condition_A_Frozen_Baseline,Classical_DoG,seq_inner_val_44b6_t70_p10_zero_annotation,inner_val,L>=3,0,0,0,0,0,0.0
Condition_A_Frozen_Baseline,Classical_DoG,seq_train_44b6_t40_p01_crowded,train,L=1,2,5,1,0,1,0.5
Condition_A_Frozen_Baseline,Classical_DoG,seq_train_44b6_t40_p01_crowded,train,L=2,2,6,1,0,1,0.5
Condition_A_Frozen_Baseline,Classical_DoG,seq_train_44b6_t40_p01_crowded,train,L>=3,4,12,2,0,2,0.5
Condition_A_Frozen_Baseline,Classical_DoG,seq_train_44b6_t45_p02_crowded,train,L=1,1,5,1,0,0,1.0
Condition_A_Frozen_Baseline,Classical_DoG,seq_train_44b6_t45_p02_crowded,train,L=2,1,5,1,0,0,1.0
Condition_A_Frozen_Baseline,Classical_DoG,seq_train_44b6_t45_p02_crowded,train,L>=3,4,4,0,1,4,0.0
Condition_A_Frozen_Baseline,Classical_DoG,seq_train_44b6_t40_p04_crowded,train,L=1,3,4,1,0,2,0.3333333333333333
Condition_A_Frozen_Baseline,Classical_DoG,seq_train_44b6_t40_p04_crowded,train,L=2,3,5,1,0,2,0.3333333333333333
Condition_A_Frozen_Baseline,Classical_DoG,seq_train_44b6_t40_p04_crowded,train,L>=3,6,8,2,0,4,0.3333333333333333
Condition_A_Frozen_Baseline,Classical_DoG,seq_train_44b6_t15_p05_crowded,train,L=1,3,6,1,0,2,0.3333333333333333
Condition_A_Frozen_Baseline,Classical_DoG,seq_train_44b6_t15_p05_crowded,train,L=2,3,6,1,0,2,0.3333333333333333
Condition_A_Frozen_Baseline,Classical_DoG,seq_train_44b6_t15_p05_crowded,train,L>=3,5,7,1,0,4,0.2
Condition_A_Frozen_Baseline,Classical_DoG,seq_train_44b6_t20_p06_crowded,train,L=1,2,4,0,0,2,0.0
Condition_A_Frozen_Baseline,Classical_DoG,seq_train_44b6_t20_p06_crowded,train,L=2,2,5,0,0,2,0.0
Condition_A_Frozen_Baseline,Classical_DoG,seq_train_44b6_t20_p06_crowded,train,L>=3,4,9,0,0,4,0.0
Condition_A_Frozen_Baseline,Classical_DoG,seq_train_6bba_t15_p01_crowded,train,L=1,1,2,1,0,0,1.0
Condition_A_Frozen_Baseline,Classical_DoG,seq_train_6bba_t15_p01_crowded,train,L=2,1,1,1,0,0,1.0
Condition_A_Frozen_Baseline,Classical_DoG,seq_train_6bba_t15_p01_crowded,train,L>=3,3,4,1,0,2,0.3333333333333333
Condition_A_Frozen_Baseline,Classical_DoG,seq_train_6bba_t35_p02_crowded,train,L=1,2,3,0,0,2,0.0
Condition_A_Frozen_Baseline,Classical_DoG,seq_train_6bba_t35_p02_crowded,train,L=2,2,3,0,0,2,0.0
Condition_A_Frozen_Baseline,Classical_DoG,seq_train_6bba_t35_p02_crowded,train,L>=3,2,3,0,0,2,0.0
Condition_A_Frozen_Baseline,Classical_DoG,seq_train_6bba_t40_p03_crowded,train,L=1,2,4,0,0,2,0.0
Condition_A_Frozen_Baseline,Classical_DoG,seq_train_6bba_t40_p03_crowded,train,L=2,2,4,0,0,2,0.0
Condition_A_Frozen_Baseline,Classical_DoG,seq_train_6bba_t40_p03_crowded,train,L>=3,4,6,0,0,4,0.0
Condition_A_Frozen_Baseline,Classical_DoG,seq_train_6bba_t45_p04_crowded,train,L=1,3,3,1,1,2,0.25
Condition_A_Frozen_Baseline,Classical_DoG,seq_train_6bba_t45_p04_crowded,train,L=2,2,3,2,0,0,1.0
Condition_A_Frozen_Baseline,Classical_DoG,seq_train_6bba_t45_p04_crowded,train,L>=3,4,5,3,0,1,0.75
Condition_A_Frozen_Baseline,Classical_DoG,seq_train_6bba_t15_p07_crowded,train,L=1,3,3,1,0,2,0.3333333333333333
Condition_A_Frozen_Baseline,Classical_DoG,seq_train_6bba_t15_p07_crowded,train,L=2,3,4,2,0,1,0.6666666666666666
Condition_A_Frozen_Baseline,Classical_DoG,seq_train_6bba_t15_p07_crowded,train,L>=3,6,12,4,0,2,0.6666666666666666
Condition_B_Causal_Linear_Velocity,Learned_UNet_N1,seq_inner_val_6bba_t85_p01_crowded,inner_val,L=1,5,19,5,0,0,1.0
Condition_B_Causal_Linear_Velocity,Learned_UNet_N1,seq_inner_val_6bba_t85_p01_crowded,inner_val,L=2,5,16,2,0,3,0.4
Condition_B_Causal_Linear_Velocity,Learned_UNet_N1,seq_inner_val_6bba_t85_p01_crowded,inner_val,L>=3,8,30,6,0,2,0.75
Condition_B_Causal_Linear_Velocity,Learned_UNet_N1,seq_inner_val_6bba_t75_p02_crowded,inner_val,L=1,2,15,2,0,0,1.0
Condition_B_Causal_Linear_Velocity,Learned_UNet_N1,seq_inner_val_6bba_t75_p02_crowded,inner_val,L=2,2,15,2,0,0,1.0
Condition_B_Causal_Linear_Velocity,Learned_UNet_N1,seq_inner_val_6bba_t75_p02_crowded,inner_val,L>=3,4,18,3,0,1,0.75
Condition_B_Causal_Linear_Velocity,Learned_UNet_N1,seq_inner_val_6bba_t85_p03_crowded,inner_val,L=1,1,12,0,0,1,0.0
Condition_B_Causal_Linear_Velocity,Learned_UNet_N1,seq_inner_val_6bba_t85_p03_crowded,inner_val,L=2,1,11,0,0,1,0.0
Condition_B_Causal_Linear_Velocity,Learned_UNet_N1,seq_inner_val_6bba_t85_p03_crowded,inner_val,L>=3,2,21,0,2,2,0.0
Condition_B_Causal_Linear_Velocity,Learned_UNet_N1,seq_inner_val_6bba_t80_p04_crowded,inner_val,L=1,2,15,2,0,0,1.0
Condition_B_Causal_Linear_Velocity,Learned_UNet_N1,seq_inner_val_6bba_t80_p04_crowded,inner_val,L=2,2,16,2,0,0,1.0
Condition_B_Causal_Linear_Velocity,Learned_UNet_N1,seq_inner_val_6bba_t80_p04_crowded,inner_val,L>=3,4,28,4,0,0,1.0
Condition_B_Causal_Linear_Velocity,Learned_UNet_N1,seq_inner_val_6bba_t75_p05_isolated,inner_val,L=1,1,10,1,0,0,1.0
Condition_B_Causal_Linear_Velocity,Learned_UNet_N1,seq_inner_val_6bba_t75_p05_isolated,inner_val,L=2,1,12,1,0,0,1.0
Condition_B_Causal_Linear_Velocity,Learned_UNet_N1,seq_inner_val_6bba_t75_p05_isolated,inner_val,L>=3,2,14,1,0,1,0.5
Condition_B_Causal_Linear_Velocity,Learned_UNet_N1,seq_inner_val_6bba_t75_p06_isolated,inner_val,L=1,1,13,1,0,0,1.0
Condition_B_Causal_Linear_Velocity,Learned_UNet_N1,seq_inner_val_6bba_t75_p06_isolated,inner_val,L=2,1,13,0,1,1,0.0
Condition_B_Causal_Linear_Velocity,Learned_UNet_N1,seq_inner_val_6bba_t75_p06_isolated,inner_val,L>=3,2,15,0,2,2,0.0
Condition_B_Causal_Linear_Velocity,Learned_UNet_N1,seq_inner_val_6bba_t90_p07_isolated,inner_val,L=1,1,8,0,0,1,0.0
Condition_B_Causal_Linear_Velocity,Learned_UNet_N1,seq_inner_val_6bba_t90_p07_isolated,inner_val,L=2,1,8,0,1,1,0.0
Condition_B_Causal_Linear_Velocity,Learned_UNet_N1,seq_inner_val_6bba_t90_p07_isolated,inner_val,L>=3,2,16,1,1,1,0.3333333333333333
Condition_B_Causal_Linear_Velocity,Learned_UNet_N1,seq_inner_val_6bba_t90_p08_boundary,inner_val,L=1,1,6,1,0,0,1.0
Condition_B_Causal_Linear_Velocity,Learned_UNet_N1,seq_inner_val_6bba_t90_p08_boundary,inner_val,L=2,1,4,1,0,0,1.0
Condition_B_Causal_Linear_Velocity,Learned_UNet_N1,seq_inner_val_6bba_t90_p08_boundary,inner_val,L>=3,2,14,2,0,0,1.0
Condition_B_Causal_Linear_Velocity,Learned_UNet_N1,seq_inner_val_6bba_t90_p09_zero_annotation,inner_val,L=1,0,8,0,0,0,0.0
Condition_B_Causal_Linear_Velocity,Learned_UNet_N1,seq_inner_val_6bba_t90_p09_zero_annotation,inner_val,L=2,0,5,0,0,0,0.0
Condition_B_Causal_Linear_Velocity,Learned_UNet_N1,seq_inner_val_6bba_t90_p09_zero_annotation,inner_val,L>=3,0,13,0,0,0,0.0
Condition_B_Causal_Linear_Velocity,Learned_UNet_N1,seq_inner_val_6bba_t90_p10_zero_annotation,inner_val,L=1,0,8,0,0,0,0.0
Condition_B_Causal_Linear_Velocity,Learned_UNet_N1,seq_inner_val_6bba_t90_p10_zero_annotation,inner_val,L=2,0,4,0,0,0,0.0
Condition_B_Causal_Linear_Velocity,Learned_UNet_N1,seq_inner_val_6bba_t90_p10_zero_annotation,inner_val,L>=3,0,12,0,0,0,0.0
Condition_B_Causal_Linear_Velocity,Learned_UNet_N1,seq_inner_val_44b6_t80_p01_crowded,inner_val,L=1,3,17,2,0,1,0.6666666666666666
Condition_B_Causal_Linear_Velocity,Learned_UNet_N1,seq_inner_val_44b6_t80_p01_crowded,inner_val,L=2,2,13,2,0,0,1.0
Condition_B_Causal_Linear_Velocity,Learned_UNet_N1,seq_inner_val_44b6_t80_p01_crowded,inner_val,L>=3,2,34,2,0,0,1.0
Condition_B_Causal_Linear_Velocity,Learned_UNet_N1,seq_inner_val_44b6_t85_p02_crowded,inner_val,L=1,3,18,3,0,0,1.0
Condition_B_Causal_Linear_Velocity,Learned_UNet_N1,seq_inner_val_44b6_t85_p02_crowded,inner_val,L=2,3,17,3,0,0,1.0
Condition_B_Causal_Linear_Velocity,Learned_UNet_N1,seq_inner_val_44b6_t85_p02_crowded,inner_val,L>=3,6,29,5,0,1,0.8333333333333334
Condition_B_Causal_Linear_Velocity,Learned_UNet_N1,seq_inner_val_44b6_t90_p03_crowded,inner_val,L=1,2,15,2,0,0,1.0
Condition_B_Causal_Linear_Velocity,Learned_UNet_N1,seq_inner_val_44b6_t90_p03_crowded,inner_val,L=2,2,14,1,0,1,0.5
Condition_B_Causal_Linear_Velocity,Learned_UNet_N1,seq_inner_val_44b6_t90_p03_crowded,inner_val,L>=3,4,24,3,0,1,0.75
Condition_B_Causal_Linear_Velocity,Learned_UNet_N1,seq_inner_val_44b6_t70_p04_crowded,inner_val,L=1,2,19,2,0,0,1.0
Condition_B_Causal_Linear_Velocity,Learned_UNet_N1,seq_inner_val_44b6_t70_p04_crowded,inner_val,L=2,2,23,2,0,0,1.0
Condition_B_Causal_Linear_Velocity,Learned_UNet_N1,seq_inner_val_44b6_t70_p04_crowded,inner_val,L>=3,4,43,4,0,0,1.0
Condition_B_Causal_Linear_Velocity,Learned_UNet_N1,seq_inner_val_44b6_t90_p05_isolated,inner_val,L=1,1,16,1,0,0,1.0
Condition_B_Causal_Linear_Velocity,Learned_UNet_N1,seq_inner_val_44b6_t90_p05_isolated,inner_val,L=2,1,15,1,0,0,1.0
Condition_B_Causal_Linear_Velocity,Learned_UNet_N1,seq_inner_val_44b6_t90_p05_isolated,inner_val,L>=3,2,30,1,0,1,0.5
Condition_B_Causal_Linear_Velocity,Learned_UNet_N1,seq_inner_val_44b6_t75_p06_isolated,inner_val,L=1,1,22,1,0,0,1.0
Condition_B_Causal_Linear_Velocity,Learned_UNet_N1,seq_inner_val_44b6_t75_p06_isolated,inner_val,L=2,1,21,1,0,0,1.0
Condition_B_Causal_Linear_Velocity,Learned_UNet_N1,seq_inner_val_44b6_t75_p06_isolated,inner_val,L>=3,2,37,2,0,0,1.0
Condition_B_Causal_Linear_Velocity,Learned_UNet_N1,seq_inner_val_44b6_t70_p07_isolated,inner_val,L=1,1,16,1,0,0,1.0
Condition_B_Causal_Linear_Velocity,Learned_UNet_N1,seq_inner_val_44b6_t70_p07_isolated,inner_val,L=2,1,19,1,0,0,1.0
Condition_B_Causal_Linear_Velocity,Learned_UNet_N1,seq_inner_val_44b6_t70_p07_isolated,inner_val,L>=3,2,32,2,0,0,1.0
Condition_B_Causal_Linear_Velocity,Learned_UNet_N1,seq_inner_val_44b6_t70_p08_boundary,inner_val,L=1,1,23,1,0,0,1.0
Condition_B_Causal_Linear_Velocity,Learned_UNet_N1,seq_inner_val_44b6_t70_p08_boundary,inner_val,L=2,1,20,1,0,0,1.0
Condition_B_Causal_Linear_Velocity,Learned_UNet_N1,seq_inner_val_44b6_t70_p08_boundary,inner_val,L>=3,2,43,2,0,0,1.0
Condition_B_Causal_Linear_Velocity,Learned_UNet_N1,seq_inner_val_44b6_t90_p09_zero_annotation,inner_val,L=1,0,22,0,0,0,0.0
Condition_B_Causal_Linear_Velocity,Learned_UNet_N1,seq_inner_val_44b6_t90_p09_zero_annotation,inner_val,L=2,0,22,0,0,0,0.0
Condition_B_Causal_Linear_Velocity,Learned_UNet_N1,seq_inner_val_44b6_t90_p09_zero_annotation,inner_val,L>=3,0,42,0,0,0,0.0
Condition_B_Causal_Linear_Velocity,Learned_UNet_N1,seq_inner_val_44b6_t70_p10_zero_annotation,inner_val,L=1,0,10,0,0,0,0.0
Condition_B_Causal_Linear_Velocity,Learned_UNet_N1,seq_inner_val_44b6_t70_p10_zero_annotation,inner_val,L=2,0,7,0,0,0,0.0
Condition_B_Causal_Linear_Velocity,Learned_UNet_N1,seq_inner_val_44b6_t70_p10_zero_annotation,inner_val,L>=3,0,15,0,0,0,0.0
Condition_B_Causal_Linear_Velocity,Learned_UNet_N1,seq_train_44b6_t40_p01_crowded,train,L=1,2,20,2,0,0,1.0
Condition_B_Causal_Linear_Velocity,Learned_UNet_N1,seq_train_44b6_t40_p01_crowded,train,L=2,2,19,2,0,0,1.0
Condition_B_Causal_Linear_Velocity,Learned_UNet_N1,seq_train_44b6_t40_p01_crowded,train,L>=3,4,45,4,0,0,1.0
Condition_B_Causal_Linear_Velocity,Learned_UNet_N1,seq_train_44b6_t45_p02_crowded,train,L=1,1,17,1,0,0,1.0
Condition_B_Causal_Linear_Velocity,Learned_UNet_N1,seq_train_44b6_t45_p02_crowded,train,L=2,1,14,0,1,1,0.0
Condition_B_Causal_Linear_Velocity,Learned_UNet_N1,seq_train_44b6_t45_p02_crowded,train,L>=3,4,18,3,0,1,0.75
Condition_B_Causal_Linear_Velocity,Learned_UNet_N1,seq_train_44b6_t40_p04_crowded,train,L=1,3,19,3,0,0,1.0
Condition_B_Causal_Linear_Velocity,Learned_UNet_N1,seq_train_44b6_t40_p04_crowded,train,L=2,3,14,3,0,0,1.0
Condition_B_Causal_Linear_Velocity,Learned_UNet_N1,seq_train_44b6_t40_p04_crowded,train,L>=3,6,31,6,0,0,1.0
Condition_B_Causal_Linear_Velocity,Learned_UNet_N1,seq_train_44b6_t15_p05_crowded,train,L=1,3,17,2,0,1,0.6666666666666666
Condition_B_Causal_Linear_Velocity,Learned_UNet_N1,seq_train_44b6_t15_p05_crowded,train,L=2,3,11,1,0,2,0.3333333333333333
Condition_B_Causal_Linear_Velocity,Learned_UNet_N1,seq_train_44b6_t15_p05_crowded,train,L>=3,5,17,4,0,1,0.8
Condition_B_Causal_Linear_Velocity,Learned_UNet_N1,seq_train_44b6_t20_p06_crowded,train,L=1,2,17,1,0,1,0.5
Condition_B_Causal_Linear_Velocity,Learned_UNet_N1,seq_train_44b6_t20_p06_crowded,train,L=2,2,15,1,0,1,0.5
Condition_B_Causal_Linear_Velocity,Learned_UNet_N1,seq_train_44b6_t20_p06_crowded,train,L>=3,4,35,4,0,0,1.0
Condition_B_Causal_Linear_Velocity,Learned_UNet_N1,seq_train_6bba_t15_p01_crowded,train,L=1,1,14,1,0,0,1.0
Condition_B_Causal_Linear_Velocity,Learned_UNet_N1,seq_train_6bba_t15_p01_crowded,train,L=2,1,13,1,0,0,1.0
Condition_B_Causal_Linear_Velocity,Learned_UNet_N1,seq_train_6bba_t15_p01_crowded,train,L>=3,3,29,2,0,1,0.6666666666666666
Condition_B_Causal_Linear_Velocity,Learned_UNet_N1,seq_train_6bba_t35_p02_crowded,train,L=1,2,13,1,1,1,0.3333333333333333
Condition_B_Causal_Linear_Velocity,Learned_UNet_N1,seq_train_6bba_t35_p02_crowded,train,L=2,2,13,2,0,0,1.0
Condition_B_Causal_Linear_Velocity,Learned_UNet_N1,seq_train_6bba_t35_p02_crowded,train,L>=3,2,24,2,0,0,1.0
Condition_B_Causal_Linear_Velocity,Learned_UNet_N1,seq_train_6bba_t40_p03_crowded,train,L=1,2,18,2,0,0,1.0
Condition_B_Causal_Linear_Velocity,Learned_UNet_N1,seq_train_6bba_t40_p03_crowded,train,L=2,2,14,2,0,0,1.0
Condition_B_Causal_Linear_Velocity,Learned_UNet_N1,seq_train_6bba_t40_p03_crowded,train,L>=3,4,32,4,0,0,1.0
Condition_B_Causal_Linear_Velocity,Learned_UNet_N1,seq_train_6bba_t45_p04_crowded,train,L=1,3,9,3,0,0,1.0
Condition_B_Causal_Linear_Velocity,Learned_UNet_N1,seq_train_6bba_t45_p04_crowded,train,L=2,2,13,2,0,0,1.0
Condition_B_Causal_Linear_Velocity,Learned_UNet_N1,seq_train_6bba_t45_p04_crowded,train,L>=3,4,24,4,0,0,1.0
Condition_B_Causal_Linear_Velocity,Learned_UNet_N1,seq_train_6bba_t15_p07_crowded,train,L=1,3,20,3,0,0,1.0
Condition_B_Causal_Linear_Velocity,Learned_UNet_N1,seq_train_6bba_t15_p07_crowded,train,L=2,3,19,2,0,1,0.6666666666666666
Condition_B_Causal_Linear_Velocity,Learned_UNet_N1,seq_train_6bba_t15_p07_crowded,train,L>=3,6,41,6,0,0,1.0
Condition_B_Causal_Linear_Velocity,Learned_UNet_N0,seq_inner_val_6bba_t85_p01_crowded,inner_val,L=1,5,16,3,0,2,0.6
Condition_B_Causal_Linear_Velocity,Learned_UNet_N0,seq_inner_val_6bba_t85_p01_crowded,inner_val,L=2,5,14,2,1,3,0.3333333333333333
Condition_B_Causal_Linear_Velocity,Learned_UNet_N0,seq_inner_val_6bba_t85_p01_crowded,inner_val,L>=3,8,30,6,0,2,0.75
Condition_B_Causal_Linear_Velocity,Learned_UNet_N0,seq_inner_val_6bba_t75_p02_crowded,inner_val,L=1,2,14,1,0,1,0.5
Condition_B_Causal_Linear_Velocity,Learned_UNet_N0,seq_inner_val_6bba_t75_p02_crowded,inner_val,L=2,2,14,1,0,1,0.5
Condition_B_Causal_Linear_Velocity,Learned_UNet_N0,seq_inner_val_6bba_t75_p02_crowded,inner_val,L>=3,4,17,2,0,2,0.5
Condition_B_Causal_Linear_Velocity,Learned_UNet_N0,seq_inner_val_6bba_t85_p03_crowded,inner_val,L=1,1,13,1,0,0,1.0
Condition_B_Causal_Linear_Velocity,Learned_UNet_N0,seq_inner_val_6bba_t85_p03_crowded,inner_val,L=2,1,11,0,0,1,0.0
Condition_B_Causal_Linear_Velocity,Learned_UNet_N0,seq_inner_val_6bba_t85_p03_crowded,inner_val,L>=3,2,22,1,0,1,0.5
Condition_B_Causal_Linear_Velocity,Learned_UNet_N0,seq_inner_val_6bba_t80_p04_crowded,inner_val,L=1,2,17,2,0,0,1.0
Condition_B_Causal_Linear_Velocity,Learned_UNet_N0,seq_inner_val_6bba_t80_p04_crowded,inner_val,L=2,2,17,2,0,0,1.0
Condition_B_Causal_Linear_Velocity,Learned_UNet_N0,seq_inner_val_6bba_t80_p04_crowded,inner_val,L>=3,4,30,4,0,0,1.0
Condition_B_Causal_Linear_Velocity,Learned_UNet_N0,seq_inner_val_6bba_t75_p05_isolated,inner_val,L=1,1,10,0,0,1,0.0
Condition_B_Causal_Linear_Velocity,Learned_UNet_N0,seq_inner_val_6bba_t75_p05_isolated,inner_val,L=2,1,12,1,0,0,1.0
Condition_B_Causal_Linear_Velocity,Learned_UNet_N0,seq_inner_val_6bba_t75_p05_isolated,inner_val,L>=3,2,14,1,0,1,0.5
Condition_B_Causal_Linear_Velocity,Learned_UNet_N0,seq_inner_val_6bba_t75_p06_isolated,inner_val,L=1,1,11,0,1,1,0.0
Condition_B_Causal_Linear_Velocity,Learned_UNet_N0,seq_inner_val_6bba_t75_p06_isolated,inner_val,L=2,1,12,1,0,0,1.0
Condition_B_Causal_Linear_Velocity,Learned_UNet_N0,seq_inner_val_6bba_t75_p06_isolated,inner_val,L>=3,2,16,0,2,2,0.0
Condition_B_Causal_Linear_Velocity,Learned_UNet_N0,seq_inner_val_6bba_t90_p07_isolated,inner_val,L=1,1,9,0,1,1,0.0
Condition_B_Causal_Linear_Velocity,Learned_UNet_N0,seq_inner_val_6bba_t90_p07_isolated,inner_val,L=2,1,10,1,0,0,1.0
Condition_B_Causal_Linear_Velocity,Learned_UNet_N0,seq_inner_val_6bba_t90_p07_isolated,inner_val,L>=3,2,16,2,0,0,1.0
Condition_B_Causal_Linear_Velocity,Learned_UNet_N0,seq_inner_val_6bba_t90_p08_boundary,inner_val,L=1,1,7,0,0,1,0.0
Condition_B_Causal_Linear_Velocity,Learned_UNet_N0,seq_inner_val_6bba_t90_p08_boundary,inner_val,L=2,1,7,1,0,0,1.0
Condition_B_Causal_Linear_Velocity,Learned_UNet_N0,seq_inner_val_6bba_t90_p08_boundary,inner_val,L>=3,2,19,2,0,0,1.0
Condition_B_Causal_Linear_Velocity,Learned_UNet_N0,seq_inner_val_6bba_t90_p09_zero_annotation,inner_val,L=1,0,4,0,0,0,0.0
Condition_B_Causal_Linear_Velocity,Learned_UNet_N0,seq_inner_val_6bba_t90_p09_zero_annotation,inner_val,L=2,0,8,0,0,0,0.0
Condition_B_Causal_Linear_Velocity,Learned_UNet_N0,seq_inner_val_6bba_t90_p09_zero_annotation,inner_val,L>=3,0,15,0,0,0,0.0
Condition_B_Causal_Linear_Velocity,Learned_UNet_N0,seq_inner_val_6bba_t90_p10_zero_annotation,inner_val,L=1,0,5,0,0,0,0.0
Condition_B_Causal_Linear_Velocity,Learned_UNet_N0,seq_inner_val_6bba_t90_p10_zero_annotation,inner_val,L=2,0,8,0,0,0,0.0
Condition_B_Causal_Linear_Velocity,Learned_UNet_N0,seq_inner_val_6bba_t90_p10_zero_annotation,inner_val,L>=3,0,14,0,0,0,0.0
Condition_B_Causal_Linear_Velocity,Learned_UNet_N0,seq_inner_val_44b6_t80_p01_crowded,inner_val,L=1,3,20,3,0,0,1.0
Condition_B_Causal_Linear_Velocity,Learned_UNet_N0,seq_inner_val_44b6_t80_p01_crowded,inner_val,L=2,2,11,2,0,0,1.0
Condition_B_Causal_Linear_Velocity,Learned_UNet_N0,seq_inner_val_44b6_t80_p01_crowded,inner_val,L>=3,2,33,2,0,0,1.0
Condition_B_Causal_Linear_Velocity,Learned_UNet_N0,seq_inner_val_44b6_t85_p02_crowded,inner_val,L=1,3,17,3,0,0,1.0
Condition_B_Causal_Linear_Velocity,Learned_UNet_N0,seq_inner_val_44b6_t85_p02_crowded,inner_val,L=2,3,19,3,0,0,1.0
Condition_B_Causal_Linear_Velocity,Learned_UNet_N0,seq_inner_val_44b6_t85_p02_crowded,inner_val,L>=3,6,32,5,0,1,0.8333333333333334
Condition_B_Causal_Linear_Velocity,Learned_UNet_N0,seq_inner_val_44b6_t90_p03_crowded,inner_val,L=1,2,18,2,0,0,1.0
Condition_B_Causal_Linear_Velocity,Learned_UNet_N0,seq_inner_val_44b6_t90_p03_crowded,inner_val,L=2,2,15,2,0,0,1.0
Condition_B_Causal_Linear_Velocity,Learned_UNet_N0,seq_inner_val_44b6_t90_p03_crowded,inner_val,L>=3,4,28,3,0,1,0.75
Condition_B_Causal_Linear_Velocity,Learned_UNet_N0,seq_inner_val_44b6_t70_p04_crowded,inner_val,L=1,2,18,1,1,1,0.3333333333333333
Condition_B_Causal_Linear_Velocity,Learned_UNet_N0,seq_inner_val_44b6_t70_p04_crowded,inner_val,L=2,2,18,0,1,2,0.0
Condition_B_Causal_Linear_Velocity,Learned_UNet_N0,seq_inner_val_44b6_t70_p04_crowded,inner_val,L>=3,4,36,3,1,1,0.6
Condition_B_Causal_Linear_Velocity,Learned_UNet_N0,seq_inner_val_44b6_t90_p05_isolated,inner_val,L=1,1,13,1,0,0,1.0
Condition_B_Causal_Linear_Velocity,Learned_UNet_N0,seq_inner_val_44b6_t90_p05_isolated,inner_val,L=2,1,15,1,0,0,1.0
Condition_B_Causal_Linear_Velocity,Learned_UNet_N0,seq_inner_val_44b6_t90_p05_isolated,inner_val,L>=3,2,31,1,0,1,0.5
Condition_B_Causal_Linear_Velocity,Learned_UNet_N0,seq_inner_val_44b6_t75_p06_isolated,inner_val,L=1,1,21,1,0,0,1.0
Condition_B_Causal_Linear_Velocity,Learned_UNet_N0,seq_inner_val_44b6_t75_p06_isolated,inner_val,L=2,1,19,1,0,0,1.0
Condition_B_Causal_Linear_Velocity,Learned_UNet_N0,seq_inner_val_44b6_t75_p06_isolated,inner_val,L>=3,2,37,1,0,1,0.5
Condition_B_Causal_Linear_Velocity,Learned_UNet_N0,seq_inner_val_44b6_t70_p07_isolated,inner_val,L=1,1,13,1,0,0,1.0
Condition_B_Causal_Linear_Velocity,Learned_UNet_N0,seq_inner_val_44b6_t70_p07_isolated,inner_val,L=2,1,12,1,0,0,1.0
Condition_B_Causal_Linear_Velocity,Learned_UNet_N0,seq_inner_val_44b6_t70_p07_isolated,inner_val,L>=3,2,27,2,0,0,1.0
Condition_B_Causal_Linear_Velocity,Learned_UNet_N0,seq_inner_val_44b6_t70_p08_boundary,inner_val,L=1,1,21,1,0,0,1.0
Condition_B_Causal_Linear_Velocity,Learned_UNet_N0,seq_inner_val_44b6_t70_p08_boundary,inner_val,L=2,1,17,1,0,0,1.0
Condition_B_Causal_Linear_Velocity,Learned_UNet_N0,seq_inner_val_44b6_t70_p08_boundary,inner_val,L>=3,2,41,2,0,0,1.0
Condition_B_Causal_Linear_Velocity,Learned_UNet_N0,seq_inner_val_44b6_t90_p09_zero_annotation,inner_val,L=1,0,20,0,0,0,0.0
Condition_B_Causal_Linear_Velocity,Learned_UNet_N0,seq_inner_val_44b6_t90_p09_zero_annotation,inner_val,L=2,0,19,0,0,0,0.0
Condition_B_Causal_Linear_Velocity,Learned_UNet_N0,seq_inner_val_44b6_t90_p09_zero_annotation,inner_val,L>=3,0,35,0,0,0,0.0
Condition_B_Causal_Linear_Velocity,Learned_UNet_N0,seq_inner_val_44b6_t70_p10_zero_annotation,inner_val,L=1,0,7,0,0,0,0.0
Condition_B_Causal_Linear_Velocity,Learned_UNet_N0,seq_inner_val_44b6_t70_p10_zero_annotation,inner_val,L=2,0,9,0,0,0,0.0
Condition_B_Causal_Linear_Velocity,Learned_UNet_N0,seq_inner_val_44b6_t70_p10_zero_annotation,inner_val,L>=3,0,16,0,0,0,0.0
Condition_B_Causal_Linear_Velocity,Learned_UNet_N0,seq_train_44b6_t40_p01_crowded,train,L=1,2,22,2,0,0,1.0
Condition_B_Causal_Linear_Velocity,Learned_UNet_N0,seq_train_44b6_t40_p01_crowded,train,L=2,2,21,2,0,0,1.0
Condition_B_Causal_Linear_Velocity,Learned_UNet_N0,seq_train_44b6_t40_p01_crowded,train,L>=3,4,38,4,0,0,1.0
Condition_B_Causal_Linear_Velocity,Learned_UNet_N0,seq_train_44b6_t45_p02_crowded,train,L=1,1,18,1,0,0,1.0
Condition_B_Causal_Linear_Velocity,Learned_UNet_N0,seq_train_44b6_t45_p02_crowded,train,L=2,1,16,1,0,0,1.0
Condition_B_Causal_Linear_Velocity,Learned_UNet_N0,seq_train_44b6_t45_p02_crowded,train,L>=3,4,24,2,0,2,0.5
Condition_B_Causal_Linear_Velocity,Learned_UNet_N0,seq_train_44b6_t40_p04_crowded,train,L=1,3,17,3,0,0,1.0
Condition_B_Causal_Linear_Velocity,Learned_UNet_N0,seq_train_44b6_t40_p04_crowded,train,L=2,3,14,3,0,0,1.0
Condition_B_Causal_Linear_Velocity,Learned_UNet_N0,seq_train_44b6_t40_p04_crowded,train,L>=3,6,30,5,0,1,0.8333333333333334
Condition_B_Causal_Linear_Velocity,Learned_UNet_N0,seq_train_44b6_t15_p05_crowded,train,L=1,3,14,1,0,2,0.3333333333333333
Condition_B_Causal_Linear_Velocity,Learned_UNet_N0,seq_train_44b6_t15_p05_crowded,train,L=2,3,13,2,0,1,0.6666666666666666
Condition_B_Causal_Linear_Velocity,Learned_UNet_N0,seq_train_44b6_t15_p05_crowded,train,L>=3,5,14,2,0,3,0.4
Condition_B_Causal_Linear_Velocity,Learned_UNet_N0,seq_train_44b6_t20_p06_crowded,train,L=1,2,14,1,0,1,0.5
Condition_B_Causal_Linear_Velocity,Learned_UNet_N0,seq_train_44b6_t20_p06_crowded,train,L=2,2,15,1,0,1,0.5
Condition_B_Causal_Linear_Velocity,Learned_UNet_N0,seq_train_44b6_t20_p06_crowded,train,L>=3,4,32,2,1,2,0.4
Condition_B_Causal_Linear_Velocity,Learned_UNet_N0,seq_train_6bba_t15_p01_crowded,train,L=1,1,13,1,0,0,1.0
Condition_B_Causal_Linear_Velocity,Learned_UNet_N0,seq_train_6bba_t15_p01_crowded,train,L=2,1,13,0,1,1,0.0
Condition_B_Causal_Linear_Velocity,Learned_UNet_N0,seq_train_6bba_t15_p01_crowded,train,L>=3,3,28,3,0,0,1.0
Condition_B_Causal_Linear_Velocity,Learned_UNet_N0,seq_train_6bba_t35_p02_crowded,train,L=1,2,15,2,0,0,1.0
Condition_B_Causal_Linear_Velocity,Learned_UNet_N0,seq_train_6bba_t35_p02_crowded,train,L=2,2,13,2,0,0,1.0
Condition_B_Causal_Linear_Velocity,Learned_UNet_N0,seq_train_6bba_t35_p02_crowded,train,L>=3,2,23,2,0,0,1.0
Condition_B_Causal_Linear_Velocity,Learned_UNet_N0,seq_train_6bba_t40_p03_crowded,train,L=1,2,16,2,0,0,1.0
Condition_B_Causal_Linear_Velocity,Learned_UNet_N0,seq_train_6bba_t40_p03_crowded,train,L=2,2,13,2,0,0,1.0
Condition_B_Causal_Linear_Velocity,Learned_UNet_N0,seq_train_6bba_t40_p03_crowded,train,L>=3,4,27,4,0,0,1.0
Condition_B_Causal_Linear_Velocity,Learned_UNet_N0,seq_train_6bba_t45_p04_crowded,train,L=1,3,11,3,0,0,1.0
Condition_B_Causal_Linear_Velocity,Learned_UNet_N0,seq_train_6bba_t45_p04_crowded,train,L=2,2,11,1,0,1,0.5
Condition_B_Causal_Linear_Velocity,Learned_UNet_N0,seq_train_6bba_t45_p04_crowded,train,L>=3,4,20,2,0,2,0.5
Condition_B_Causal_Linear_Velocity,Learned_UNet_N0,seq_train_6bba_t15_p07_crowded,train,L=1,3,18,3,0,0,1.0
Condition_B_Causal_Linear_Velocity,Learned_UNet_N0,seq_train_6bba_t15_p07_crowded,train,L=2,3,18,3,0,0,1.0
Condition_B_Causal_Linear_Velocity,Learned_UNet_N0,seq_train_6bba_t15_p07_crowded,train,L>=3,6,38,5,0,1,0.8333333333333334
Condition_B_Causal_Linear_Velocity,Classical_DoG,seq_inner_val_6bba_t85_p01_crowded,inner_val,L=1,5,0,0,0,5,0.0
Condition_B_Causal_Linear_Velocity,Classical_DoG,seq_inner_val_6bba_t85_p01_crowded,inner_val,L=2,5,0,0,0,5,0.0
Condition_B_Causal_Linear_Velocity,Classical_DoG,seq_inner_val_6bba_t85_p01_crowded,inner_val,L>=3,8,6,0,1,8,0.0
Condition_B_Causal_Linear_Velocity,Classical_DoG,seq_inner_val_6bba_t75_p02_crowded,inner_val,L=1,2,4,1,0,1,0.5
Condition_B_Causal_Linear_Velocity,Classical_DoG,seq_inner_val_6bba_t75_p02_crowded,inner_val,L=2,2,4,1,0,1,0.5
Condition_B_Causal_Linear_Velocity,Classical_DoG,seq_inner_val_6bba_t75_p02_crowded,inner_val,L>=3,4,4,1,0,3,0.25
Condition_B_Causal_Linear_Velocity,Classical_DoG,seq_inner_val_6bba_t85_p03_crowded,inner_val,L=1,1,3,0,0,1,0.0
Condition_B_Causal_Linear_Velocity,Classical_DoG,seq_inner_val_6bba_t85_p03_crowded,inner_val,L=2,1,2,0,0,1,0.0
Condition_B_Causal_Linear_Velocity,Classical_DoG,seq_inner_val_6bba_t85_p03_crowded,inner_val,L>=3,2,4,0,0,2,0.0
Condition_B_Causal_Linear_Velocity,Classical_DoG,seq_inner_val_6bba_t80_p04_crowded,inner_val,L=1,2,2,1,0,1,0.5
Condition_B_Causal_Linear_Velocity,Classical_DoG,seq_inner_val_6bba_t80_p04_crowded,inner_val,L=2,2,2,1,0,1,0.5
Condition_B_Causal_Linear_Velocity,Classical_DoG,seq_inner_val_6bba_t80_p04_crowded,inner_val,L>=3,4,4,2,0,2,0.5
Condition_B_Causal_Linear_Velocity,Classical_DoG,seq_inner_val_6bba_t75_p05_isolated,inner_val,L=1,1,3,1,0,0,1.0
Condition_B_Causal_Linear_Velocity,Classical_DoG,seq_inner_val_6bba_t75_p05_isolated,inner_val,L=2,1,3,1,0,0,1.0
Condition_B_Causal_Linear_Velocity,Classical_DoG,seq_inner_val_6bba_t75_p05_isolated,inner_val,L>=3,2,3,1,0,1,0.5
Condition_B_Causal_Linear_Velocity,Classical_DoG,seq_inner_val_6bba_t75_p06_isolated,inner_val,L=1,1,3,0,0,1,0.0
Condition_B_Causal_Linear_Velocity,Classical_DoG,seq_inner_val_6bba_t75_p06_isolated,inner_val,L=2,1,3,0,0,1,0.0
Condition_B_Causal_Linear_Velocity,Classical_DoG,seq_inner_val_6bba_t75_p06_isolated,inner_val,L>=3,2,2,0,0,2,0.0
Condition_B_Causal_Linear_Velocity,Classical_DoG,seq_inner_val_6bba_t90_p07_isolated,inner_val,L=1,1,1,0,0,1,0.0
Condition_B_Causal_Linear_Velocity,Classical_DoG,seq_inner_val_6bba_t90_p07_isolated,inner_val,L=2,1,0,0,0,1,0.0
Condition_B_Causal_Linear_Velocity,Classical_DoG,seq_inner_val_6bba_t90_p07_isolated,inner_val,L>=3,2,1,0,0,2,0.0
Condition_B_Causal_Linear_Velocity,Classical_DoG,seq_inner_val_6bba_t90_p08_boundary,inner_val,L=1,1,3,1,0,0,1.0
Condition_B_Causal_Linear_Velocity,Classical_DoG,seq_inner_val_6bba_t90_p08_boundary,inner_val,L=2,1,3,1,0,0,1.0
Condition_B_Causal_Linear_Velocity,Classical_DoG,seq_inner_val_6bba_t90_p08_boundary,inner_val,L>=3,2,6,2,0,0,1.0
Condition_B_Causal_Linear_Velocity,Classical_DoG,seq_inner_val_6bba_t90_p09_zero_annotation,inner_val,L=1,0,0,0,0,0,0.0
Condition_B_Causal_Linear_Velocity,Classical_DoG,seq_inner_val_6bba_t90_p09_zero_annotation,inner_val,L=2,0,0,0,0,0,0.0
Condition_B_Causal_Linear_Velocity,Classical_DoG,seq_inner_val_6bba_t90_p09_zero_annotation,inner_val,L>=3,0,0,0,0,0,0.0
Condition_B_Causal_Linear_Velocity,Classical_DoG,seq_inner_val_6bba_t90_p10_zero_annotation,inner_val,L=1,0,0,0,0,0,0.0
Condition_B_Causal_Linear_Velocity,Classical_DoG,seq_inner_val_6bba_t90_p10_zero_annotation,inner_val,L=2,0,0,0,0,0,0.0
Condition_B_Causal_Linear_Velocity,Classical_DoG,seq_inner_val_6bba_t90_p10_zero_annotation,inner_val,L>=3,0,0,0,0,0,0.0
Condition_B_Causal_Linear_Velocity,Classical_DoG,seq_inner_val_44b6_t80_p01_crowded,inner_val,L=1,3,3,0,1,3,0.0
Condition_B_Causal_Linear_Velocity,Classical_DoG,seq_inner_val_44b6_t80_p01_crowded,inner_val,L=2,2,2,0,0,2,0.0
Condition_B_Causal_Linear_Velocity,Classical_DoG,seq_inner_val_44b6_t80_p01_crowded,inner_val,L>=3,2,7,0,0,2,0.0
Condition_B_Causal_Linear_Velocity,Classical_DoG,seq_inner_val_44b6_t85_p02_crowded,inner_val,L=1,3,3,1,0,2,0.3333333333333333
Condition_B_Causal_Linear_Velocity,Classical_DoG,seq_inner_val_44b6_t85_p02_crowded,inner_val,L=2,3,4,1,0,2,0.3333333333333333
Condition_B_Causal_Linear_Velocity,Classical_DoG,seq_inner_val_44b6_t85_p02_crowded,inner_val,L>=3,6,14,2,0,4,0.3333333333333333
Condition_B_Causal_Linear_Velocity,Classical_DoG,seq_inner_val_44b6_t90_p03_crowded,inner_val,L=1,2,5,2,0,0,1.0
Condition_B_Causal_Linear_Velocity,Classical_DoG,seq_inner_val_44b6_t90_p03_crowded,inner_val,L=2,2,5,2,0,0,1.0
Condition_B_Causal_Linear_Velocity,Classical_DoG,seq_inner_val_44b6_t90_p03_crowded,inner_val,L>=3,4,10,3,0,1,0.75
Condition_B_Causal_Linear_Velocity,Classical_DoG,seq_inner_val_44b6_t70_p04_crowded,inner_val,L=1,2,4,0,1,2,0.0
Condition_B_Causal_Linear_Velocity,Classical_DoG,seq_inner_val_44b6_t70_p04_crowded,inner_val,L=2,2,6,1,0,1,0.5
Condition_B_Causal_Linear_Velocity,Classical_DoG,seq_inner_val_44b6_t70_p04_crowded,inner_val,L>=3,4,12,2,0,2,0.5
Condition_B_Causal_Linear_Velocity,Classical_DoG,seq_inner_val_44b6_t90_p05_isolated,inner_val,L=1,1,4,1,0,0,1.0
Condition_B_Causal_Linear_Velocity,Classical_DoG,seq_inner_val_44b6_t90_p05_isolated,inner_val,L=2,1,4,1,0,0,1.0
Condition_B_Causal_Linear_Velocity,Classical_DoG,seq_inner_val_44b6_t90_p05_isolated,inner_val,L>=3,2,13,2,0,0,1.0
Condition_B_Causal_Linear_Velocity,Classical_DoG,seq_inner_val_44b6_t75_p06_isolated,inner_val,L=1,1,6,1,0,0,1.0
Condition_B_Causal_Linear_Velocity,Classical_DoG,seq_inner_val_44b6_t75_p06_isolated,inner_val,L=2,1,5,1,0,0,1.0
Condition_B_Causal_Linear_Velocity,Classical_DoG,seq_inner_val_44b6_t75_p06_isolated,inner_val,L>=3,2,8,2,0,0,1.0
Condition_B_Causal_Linear_Velocity,Classical_DoG,seq_inner_val_44b6_t70_p07_isolated,inner_val,L=1,1,4,1,0,0,1.0
Condition_B_Causal_Linear_Velocity,Classical_DoG,seq_inner_val_44b6_t70_p07_isolated,inner_val,L=2,1,5,1,0,0,1.0
Condition_B_Causal_Linear_Velocity,Classical_DoG,seq_inner_val_44b6_t70_p07_isolated,inner_val,L>=3,2,10,2,0,0,1.0
Condition_B_Causal_Linear_Velocity,Classical_DoG,seq_inner_val_44b6_t70_p08_boundary,inner_val,L=1,1,7,0,0,1,0.0
Condition_B_Causal_Linear_Velocity,Classical_DoG,seq_inner_val_44b6_t70_p08_boundary,inner_val,L=2,1,8,0,0,1,0.0
Condition_B_Causal_Linear_Velocity,Classical_DoG,seq_inner_val_44b6_t70_p08_boundary,inner_val,L>=3,2,16,0,0,2,0.0
Condition_B_Causal_Linear_Velocity,Classical_DoG,seq_inner_val_44b6_t90_p09_zero_annotation,inner_val,L=1,0,6,0,0,0,0.0
Condition_B_Causal_Linear_Velocity,Classical_DoG,seq_inner_val_44b6_t90_p09_zero_annotation,inner_val,L=2,0,7,0,0,0,0.0
Condition_B_Causal_Linear_Velocity,Classical_DoG,seq_inner_val_44b6_t90_p09_zero_annotation,inner_val,L>=3,0,9,0,0,0,0.0
Condition_B_Causal_Linear_Velocity,Classical_DoG,seq_inner_val_44b6_t70_p10_zero_annotation,inner_val,L=1,0,0,0,0,0,0.0
Condition_B_Causal_Linear_Velocity,Classical_DoG,seq_inner_val_44b6_t70_p10_zero_annotation,inner_val,L=2,0,0,0,0,0,0.0
Condition_B_Causal_Linear_Velocity,Classical_DoG,seq_inner_val_44b6_t70_p10_zero_annotation,inner_val,L>=3,0,0,0,0,0,0.0
Condition_B_Causal_Linear_Velocity,Classical_DoG,seq_train_44b6_t40_p01_crowded,train,L=1,2,5,1,0,1,0.5
Condition_B_Causal_Linear_Velocity,Classical_DoG,seq_train_44b6_t40_p01_crowded,train,L=2,2,6,1,0,1,0.5
Condition_B_Causal_Linear_Velocity,Classical_DoG,seq_train_44b6_t40_p01_crowded,train,L>=3,4,12,2,0,2,0.5
Condition_B_Causal_Linear_Velocity,Classical_DoG,seq_train_44b6_t45_p02_crowded,train,L=1,1,5,1,0,0,1.0
Condition_B_Causal_Linear_Velocity,Classical_DoG,seq_train_44b6_t45_p02_crowded,train,L=2,1,5,1,0,0,1.0
Condition_B_Causal_Linear_Velocity,Classical_DoG,seq_train_44b6_t45_p02_crowded,train,L>=3,4,5,0,1,4,0.0
Condition_B_Causal_Linear_Velocity,Classical_DoG,seq_train_44b6_t40_p04_crowded,train,L=1,3,4,1,0,2,0.3333333333333333
Condition_B_Causal_Linear_Velocity,Classical_DoG,seq_train_44b6_t40_p04_crowded,train,L=2,3,5,1,0,2,0.3333333333333333
Condition_B_Causal_Linear_Velocity,Classical_DoG,seq_train_44b6_t40_p04_crowded,train,L>=3,6,8,2,0,4,0.3333333333333333
Condition_B_Causal_Linear_Velocity,Classical_DoG,seq_train_44b6_t15_p05_crowded,train,L=1,3,6,1,0,2,0.3333333333333333
Condition_B_Causal_Linear_Velocity,Classical_DoG,seq_train_44b6_t15_p05_crowded,train,L=2,3,6,1,0,2,0.3333333333333333
Condition_B_Causal_Linear_Velocity,Classical_DoG,seq_train_44b6_t15_p05_crowded,train,L>=3,5,7,1,1,4,0.16666666666666666
Condition_B_Causal_Linear_Velocity,Classical_DoG,seq_train_44b6_t20_p06_crowded,train,L=1,2,4,0,0,2,0.0
Condition_B_Causal_Linear_Velocity,Classical_DoG,seq_train_44b6_t20_p06_crowded,train,L=2,2,5,0,0,2,0.0
Condition_B_Causal_Linear_Velocity,Classical_DoG,seq_train_44b6_t20_p06_crowded,train,L>=3,4,9,0,0,4,0.0
Condition_B_Causal_Linear_Velocity,Classical_DoG,seq_train_6bba_t15_p01_crowded,train,L=1,1,2,1,0,0,1.0
Condition_B_Causal_Linear_Velocity,Classical_DoG,seq_train_6bba_t15_p01_crowded,train,L=2,1,1,1,0,0,1.0
Condition_B_Causal_Linear_Velocity,Classical_DoG,seq_train_6bba_t15_p01_crowded,train,L>=3,3,4,1,0,2,0.3333333333333333
Condition_B_Causal_Linear_Velocity,Classical_DoG,seq_train_6bba_t35_p02_crowded,train,L=1,2,3,0,0,2,0.0
Condition_B_Causal_Linear_Velocity,Classical_DoG,seq_train_6bba_t35_p02_crowded,train,L=2,2,3,0,0,2,0.0
Condition_B_Causal_Linear_Velocity,Classical_DoG,seq_train_6bba_t35_p02_crowded,train,L>=3,2,3,0,0,2,0.0
Condition_B_Causal_Linear_Velocity,Classical_DoG,seq_train_6bba_t40_p03_crowded,train,L=1,2,4,0,0,2,0.0
Condition_B_Causal_Linear_Velocity,Classical_DoG,seq_train_6bba_t40_p03_crowded,train,L=2,2,4,0,0,2,0.0
Condition_B_Causal_Linear_Velocity,Classical_DoG,seq_train_6bba_t40_p03_crowded,train,L>=3,4,6,0,0,4,0.0
Condition_B_Causal_Linear_Velocity,Classical_DoG,seq_train_6bba_t45_p04_crowded,train,L=1,3,3,1,1,2,0.25
Condition_B_Causal_Linear_Velocity,Classical_DoG,seq_train_6bba_t45_p04_crowded,train,L=2,2,3,2,0,0,1.0
Condition_B_Causal_Linear_Velocity,Classical_DoG,seq_train_6bba_t45_p04_crowded,train,L>=3,4,5,3,0,1,0.75
Condition_B_Causal_Linear_Velocity,Classical_DoG,seq_train_6bba_t15_p07_crowded,train,L=1,3,3,1,0,2,0.3333333333333333
Condition_B_Causal_Linear_Velocity,Classical_DoG,seq_train_6bba_t15_p07_crowded,train,L=2,3,4,2,0,1,0.6666666666666666
Condition_B_Causal_Linear_Velocity,Classical_DoG,seq_train_6bba_t15_p07_crowded,train,L>=3,6,12,4,0,2,0.6666666666666666
Condition_C_Causal_Damped_Velocity,Learned_UNet_N1,seq_inner_val_6bba_t85_p01_crowded,inner_val,L=1,5,19,5,0,0,1.0
Condition_C_Causal_Damped_Velocity,Learned_UNet_N1,seq_inner_val_6bba_t85_p01_crowded,inner_val,L=2,5,18,4,0,1,0.8
Condition_C_Causal_Damped_Velocity,Learned_UNet_N1,seq_inner_val_6bba_t85_p01_crowded,inner_val,L>=3,8,31,7,0,1,0.875
Condition_C_Causal_Damped_Velocity,Learned_UNet_N1,seq_inner_val_6bba_t75_p02_crowded,inner_val,L=1,2,15,2,0,0,1.0
Condition_C_Causal_Damped_Velocity,Learned_UNet_N1,seq_inner_val_6bba_t75_p02_crowded,inner_val,L=2,2,16,2,0,0,1.0
Condition_C_Causal_Damped_Velocity,Learned_UNet_N1,seq_inner_val_6bba_t75_p02_crowded,inner_val,L>=3,4,18,3,0,1,0.75
Condition_C_Causal_Damped_Velocity,Learned_UNet_N1,seq_inner_val_6bba_t85_p03_crowded,inner_val,L=1,1,12,0,0,1,0.0
Condition_C_Causal_Damped_Velocity,Learned_UNet_N1,seq_inner_val_6bba_t85_p03_crowded,inner_val,L=2,1,11,0,0,1,0.0
Condition_C_Causal_Damped_Velocity,Learned_UNet_N1,seq_inner_val_6bba_t85_p03_crowded,inner_val,L>=3,2,24,0,2,2,0.0
Condition_C_Causal_Damped_Velocity,Learned_UNet_N1,seq_inner_val_6bba_t80_p04_crowded,inner_val,L=1,2,15,2,0,0,1.0
Condition_C_Causal_Damped_Velocity,Learned_UNet_N1,seq_inner_val_6bba_t80_p04_crowded,inner_val,L=2,2,16,2,0,0,1.0
Condition_C_Causal_Damped_Velocity,Learned_UNet_N1,seq_inner_val_6bba_t80_p04_crowded,inner_val,L>=3,4,29,4,0,0,1.0
Condition_C_Causal_Damped_Velocity,Learned_UNet_N1,seq_inner_val_6bba_t75_p05_isolated,inner_val,L=1,1,10,1,0,0,1.0
Condition_C_Causal_Damped_Velocity,Learned_UNet_N1,seq_inner_val_6bba_t75_p05_isolated,inner_val,L=2,1,12,1,0,0,1.0
Condition_C_Causal_Damped_Velocity,Learned_UNet_N1,seq_inner_val_6bba_t75_p05_isolated,inner_val,L>=3,2,14,1,0,1,0.5
Condition_C_Causal_Damped_Velocity,Learned_UNet_N1,seq_inner_val_6bba_t75_p06_isolated,inner_val,L=1,1,13,1,0,0,1.0
Condition_C_Causal_Damped_Velocity,Learned_UNet_N1,seq_inner_val_6bba_t75_p06_isolated,inner_val,L=2,1,14,0,1,1,0.0
Condition_C_Causal_Damped_Velocity,Learned_UNet_N1,seq_inner_val_6bba_t75_p06_isolated,inner_val,L>=3,2,15,0,2,2,0.0
Condition_C_Causal_Damped_Velocity,Learned_UNet_N1,seq_inner_val_6bba_t90_p07_isolated,inner_val,L=1,1,8,0,0,1,0.0
Condition_C_Causal_Damped_Velocity,Learned_UNet_N1,seq_inner_val_6bba_t90_p07_isolated,inner_val,L=2,1,8,0,1,1,0.0
Condition_C_Causal_Damped_Velocity,Learned_UNet_N1,seq_inner_val_6bba_t90_p07_isolated,inner_val,L>=3,2,17,1,1,1,0.3333333333333333
Condition_C_Causal_Damped_Velocity,Learned_UNet_N1,seq_inner_val_6bba_t90_p08_boundary,inner_val,L=1,1,6,1,0,0,1.0
Condition_C_Causal_Damped_Velocity,Learned_UNet_N1,seq_inner_val_6bba_t90_p08_boundary,inner_val,L=2,1,7,1,0,0,1.0
Condition_C_Causal_Damped_Velocity,Learned_UNet_N1,seq_inner_val_6bba_t90_p08_boundary,inner_val,L>=3,2,14,2,0,0,1.0
Condition_C_Causal_Damped_Velocity,Learned_UNet_N1,seq_inner_val_6bba_t90_p09_zero_annotation,inner_val,L=1,0,8,0,0,0,0.0
Condition_C_Causal_Damped_Velocity,Learned_UNet_N1,seq_inner_val_6bba_t90_p09_zero_annotation,inner_val,L=2,0,5,0,0,0,0.0
Condition_C_Causal_Damped_Velocity,Learned_UNet_N1,seq_inner_val_6bba_t90_p09_zero_annotation,inner_val,L>=3,0,14,0,0,0,0.0
Condition_C_Causal_Damped_Velocity,Learned_UNet_N1,seq_inner_val_6bba_t90_p10_zero_annotation,inner_val,L=1,0,8,0,0,0,0.0
Condition_C_Causal_Damped_Velocity,Learned_UNet_N1,seq_inner_val_6bba_t90_p10_zero_annotation,inner_val,L=2,0,5,0,0,0,0.0
Condition_C_Causal_Damped_Velocity,Learned_UNet_N1,seq_inner_val_6bba_t90_p10_zero_annotation,inner_val,L>=3,0,12,0,0,0,0.0
Condition_C_Causal_Damped_Velocity,Learned_UNet_N1,seq_inner_val_44b6_t80_p01_crowded,inner_val,L=1,3,17,2,0,1,0.6666666666666666
Condition_C_Causal_Damped_Velocity,Learned_UNet_N1,seq_inner_val_44b6_t80_p01_crowded,inner_val,L=2,2,15,2,0,0,1.0
Condition_C_Causal_Damped_Velocity,Learned_UNet_N1,seq_inner_val_44b6_t80_p01_crowded,inner_val,L>=3,2,34,2,0,0,1.0
Condition_C_Causal_Damped_Velocity,Learned_UNet_N1,seq_inner_val_44b6_t85_p02_crowded,inner_val,L=1,3,18,3,0,0,1.0
Condition_C_Causal_Damped_Velocity,Learned_UNet_N1,seq_inner_val_44b6_t85_p02_crowded,inner_val,L=2,3,17,3,0,0,1.0
Condition_C_Causal_Damped_Velocity,Learned_UNet_N1,seq_inner_val_44b6_t85_p02_crowded,inner_val,L>=3,6,30,5,0,1,0.8333333333333334
Condition_C_Causal_Damped_Velocity,Learned_UNet_N1,seq_inner_val_44b6_t90_p03_crowded,inner_val,L=1,2,15,2,0,0,1.0
Condition_C_Causal_Damped_Velocity,Learned_UNet_N1,seq_inner_val_44b6_t90_p03_crowded,inner_val,L=2,2,17,2,0,0,1.0
Condition_C_Causal_Damped_Velocity,Learned_UNet_N1,seq_inner_val_44b6_t90_p03_crowded,inner_val,L>=3,4,27,3,0,1,0.75
Condition_C_Causal_Damped_Velocity,Learned_UNet_N1,seq_inner_val_44b6_t70_p04_crowded,inner_val,L=1,2,19,2,0,0,1.0
Condition_C_Causal_Damped_Velocity,Learned_UNet_N1,seq_inner_val_44b6_t70_p04_crowded,inner_val,L=2,2,23,2,0,0,1.0
Condition_C_Causal_Damped_Velocity,Learned_UNet_N1,seq_inner_val_44b6_t70_p04_crowded,inner_val,L>=3,4,43,4,0,0,1.0
Condition_C_Causal_Damped_Velocity,Learned_UNet_N1,seq_inner_val_44b6_t90_p05_isolated,inner_val,L=1,1,16,1,0,0,1.0
Condition_C_Causal_Damped_Velocity,Learned_UNet_N1,seq_inner_val_44b6_t90_p05_isolated,inner_val,L=2,1,15,1,0,0,1.0
Condition_C_Causal_Damped_Velocity,Learned_UNet_N1,seq_inner_val_44b6_t90_p05_isolated,inner_val,L>=3,2,32,2,0,0,1.0
Condition_C_Causal_Damped_Velocity,Learned_UNet_N1,seq_inner_val_44b6_t75_p06_isolated,inner_val,L=1,1,22,1,0,0,1.0
Condition_C_Causal_Damped_Velocity,Learned_UNet_N1,seq_inner_val_44b6_t75_p06_isolated,inner_val,L=2,1,23,1,0,0,1.0
Condition_C_Causal_Damped_Velocity,Learned_UNet_N1,seq_inner_val_44b6_t75_p06_isolated,inner_val,L>=3,2,36,2,0,0,1.0
Condition_C_Causal_Damped_Velocity,Learned_UNet_N1,seq_inner_val_44b6_t70_p07_isolated,inner_val,L=1,1,16,1,0,0,1.0
Condition_C_Causal_Damped_Velocity,Learned_UNet_N1,seq_inner_val_44b6_t70_p07_isolated,inner_val,L=2,1,19,1,0,0,1.0
Condition_C_Causal_Damped_Velocity,Learned_UNet_N1,seq_inner_val_44b6_t70_p07_isolated,inner_val,L>=3,2,33,2,0,0,1.0
Condition_C_Causal_Damped_Velocity,Learned_UNet_N1,seq_inner_val_44b6_t70_p08_boundary,inner_val,L=1,1,23,1,0,0,1.0
Condition_C_Causal_Damped_Velocity,Learned_UNet_N1,seq_inner_val_44b6_t70_p08_boundary,inner_val,L=2,1,21,1,0,0,1.0
Condition_C_Causal_Damped_Velocity,Learned_UNet_N1,seq_inner_val_44b6_t70_p08_boundary,inner_val,L>=3,2,46,2,0,0,1.0
Condition_C_Causal_Damped_Velocity,Learned_UNet_N1,seq_inner_val_44b6_t90_p09_zero_annotation,inner_val,L=1,0,22,0,0,0,0.0
Condition_C_Causal_Damped_Velocity,Learned_UNet_N1,seq_inner_val_44b6_t90_p09_zero_annotation,inner_val,L=2,0,22,0,0,0,0.0
Condition_C_Causal_Damped_Velocity,Learned_UNet_N1,seq_inner_val_44b6_t90_p09_zero_annotation,inner_val,L>=3,0,43,0,0,0,0.0
Condition_C_Causal_Damped_Velocity,Learned_UNet_N1,seq_inner_val_44b6_t70_p10_zero_annotation,inner_val,L=1,0,10,0,0,0,0.0
Condition_C_Causal_Damped_Velocity,Learned_UNet_N1,seq_inner_val_44b6_t70_p10_zero_annotation,inner_val,L=2,0,8,0,0,0,0.0
Condition_C_Causal_Damped_Velocity,Learned_UNet_N1,seq_inner_val_44b6_t70_p10_zero_annotation,inner_val,L>=3,0,15,0,0,0,0.0
Condition_C_Causal_Damped_Velocity,Learned_UNet_N1,seq_train_44b6_t40_p01_crowded,train,L=1,2,20,2,0,0,1.0
Condition_C_Causal_Damped_Velocity,Learned_UNet_N1,seq_train_44b6_t40_p01_crowded,train,L=2,2,19,2,0,0,1.0
Condition_C_Causal_Damped_Velocity,Learned_UNet_N1,seq_train_44b6_t40_p01_crowded,train,L>=3,4,46,4,0,0,1.0
Condition_C_Causal_Damped_Velocity,Learned_UNet_N1,seq_train_44b6_t45_p02_crowded,train,L=1,1,17,1,0,0,1.0
Condition_C_Causal_Damped_Velocity,Learned_UNet_N1,seq_train_44b6_t45_p02_crowded,train,L=2,1,15,0,0,1,0.0
Condition_C_Causal_Damped_Velocity,Learned_UNet_N1,seq_train_44b6_t45_p02_crowded,train,L>=3,4,20,2,0,2,0.5
Condition_C_Causal_Damped_Velocity,Learned_UNet_N1,seq_train_44b6_t40_p04_crowded,train,L=1,3,19,3,0,0,1.0
Condition_C_Causal_Damped_Velocity,Learned_UNet_N1,seq_train_44b6_t40_p04_crowded,train,L=2,3,16,3,0,0,1.0
Condition_C_Causal_Damped_Velocity,Learned_UNet_N1,seq_train_44b6_t40_p04_crowded,train,L>=3,6,34,6,0,0,1.0
Condition_C_Causal_Damped_Velocity,Learned_UNet_N1,seq_train_44b6_t15_p05_crowded,train,L=1,3,17,2,0,1,0.6666666666666666
Condition_C_Causal_Damped_Velocity,Learned_UNet_N1,seq_train_44b6_t15_p05_crowded,train,L=2,3,11,1,0,2,0.3333333333333333
Condition_C_Causal_Damped_Velocity,Learned_UNet_N1,seq_train_44b6_t15_p05_crowded,train,L>=3,5,17,4,0,1,0.8
Condition_C_Causal_Damped_Velocity,Learned_UNet_N1,seq_train_44b6_t20_p06_crowded,train,L=1,2,17,1,0,1,0.5
Condition_C_Causal_Damped_Velocity,Learned_UNet_N1,seq_train_44b6_t20_p06_crowded,train,L=2,2,15,1,0,1,0.5
Condition_C_Causal_Damped_Velocity,Learned_UNet_N1,seq_train_44b6_t20_p06_crowded,train,L>=3,4,37,4,0,0,1.0
Condition_C_Causal_Damped_Velocity,Learned_UNet_N1,seq_train_6bba_t15_p01_crowded,train,L=1,1,14,1,0,0,1.0
Condition_C_Causal_Damped_Velocity,Learned_UNet_N1,seq_train_6bba_t15_p01_crowded,train,L=2,1,13,1,0,0,1.0
Condition_C_Causal_Damped_Velocity,Learned_UNet_N1,seq_train_6bba_t15_p01_crowded,train,L>=3,3,28,2,0,1,0.6666666666666666
Condition_C_Causal_Damped_Velocity,Learned_UNet_N1,seq_train_6bba_t35_p02_crowded,train,L=1,2,13,1,1,1,0.3333333333333333
Condition_C_Causal_Damped_Velocity,Learned_UNet_N1,seq_train_6bba_t35_p02_crowded,train,L=2,2,13,2,0,0,1.0
Condition_C_Causal_Damped_Velocity,Learned_UNet_N1,seq_train_6bba_t35_p02_crowded,train,L>=3,2,24,2,0,0,1.0
Condition_C_Causal_Damped_Velocity,Learned_UNet_N1,seq_train_6bba_t40_p03_crowded,train,L=1,2,18,2,0,0,1.0
Condition_C_Causal_Damped_Velocity,Learned_UNet_N1,seq_train_6bba_t40_p03_crowded,train,L=2,2,14,2,0,0,1.0
Condition_C_Causal_Damped_Velocity,Learned_UNet_N1,seq_train_6bba_t40_p03_crowded,train,L>=3,4,33,4,0,0,1.0
Condition_C_Causal_Damped_Velocity,Learned_UNet_N1,seq_train_6bba_t45_p04_crowded,train,L=1,3,9,3,0,0,1.0
Condition_C_Causal_Damped_Velocity,Learned_UNet_N1,seq_train_6bba_t45_p04_crowded,train,L=2,2,13,2,0,0,1.0
Condition_C_Causal_Damped_Velocity,Learned_UNet_N1,seq_train_6bba_t45_p04_crowded,train,L>=3,4,24,4,0,0,1.0
Condition_C_Causal_Damped_Velocity,Learned_UNet_N1,seq_train_6bba_t15_p07_crowded,train,L=1,3,20,3,0,0,1.0
Condition_C_Causal_Damped_Velocity,Learned_UNet_N1,seq_train_6bba_t15_p07_crowded,train,L=2,3,21,3,0,0,1.0
Condition_C_Causal_Damped_Velocity,Learned_UNet_N1,seq_train_6bba_t15_p07_crowded,train,L>=3,6,42,6,0,0,1.0
Condition_C_Causal_Damped_Velocity,Learned_UNet_N0,seq_inner_val_6bba_t85_p01_crowded,inner_val,L=1,5,16,3,0,2,0.6
Condition_C_Causal_Damped_Velocity,Learned_UNet_N0,seq_inner_val_6bba_t85_p01_crowded,inner_val,L=2,5,14,2,1,3,0.3333333333333333
Condition_C_Causal_Damped_Velocity,Learned_UNet_N0,seq_inner_val_6bba_t85_p01_crowded,inner_val,L>=3,8,30,6,0,2,0.75
Condition_C_Causal_Damped_Velocity,Learned_UNet_N0,seq_inner_val_6bba_t75_p02_crowded,inner_val,L=1,2,14,1,0,1,0.5
Condition_C_Causal_Damped_Velocity,Learned_UNet_N0,seq_inner_val_6bba_t75_p02_crowded,inner_val,L=2,2,14,1,0,1,0.5
Condition_C_Causal_Damped_Velocity,Learned_UNet_N0,seq_inner_val_6bba_t75_p02_crowded,inner_val,L>=3,4,17,2,0,2,0.5
Condition_C_Causal_Damped_Velocity,Learned_UNet_N0,seq_inner_val_6bba_t85_p03_crowded,inner_val,L=1,1,13,1,0,0,1.0
Condition_C_Causal_Damped_Velocity,Learned_UNet_N0,seq_inner_val_6bba_t85_p03_crowded,inner_val,L=2,1,13,1,0,0,1.0
Condition_C_Causal_Damped_Velocity,Learned_UNet_N0,seq_inner_val_6bba_t85_p03_crowded,inner_val,L>=3,2,23,1,0,1,0.5
Condition_C_Causal_Damped_Velocity,Learned_UNet_N0,seq_inner_val_6bba_t80_p04_crowded,inner_val,L=1,2,17,2,0,0,1.0
Condition_C_Causal_Damped_Velocity,Learned_UNet_N0,seq_inner_val_6bba_t80_p04_crowded,inner_val,L=2,2,17,2,0,0,1.0
Condition_C_Causal_Damped_Velocity,Learned_UNet_N0,seq_inner_val_6bba_t80_p04_crowded,inner_val,L>=3,4,30,4,0,0,1.0
Condition_C_Causal_Damped_Velocity,Learned_UNet_N0,seq_inner_val_6bba_t75_p05_isolated,inner_val,L=1,1,10,0,0,1,0.0
Condition_C_Causal_Damped_Velocity,Learned_UNet_N0,seq_inner_val_6bba_t75_p05_isolated,inner_val,L=2,1,12,1,0,0,1.0
Condition_C_Causal_Damped_Velocity,Learned_UNet_N0,seq_inner_val_6bba_t75_p05_isolated,inner_val,L>=3,2,14,1,0,1,0.5
Condition_C_Causal_Damped_Velocity,Learned_UNet_N0,seq_inner_val_6bba_t75_p06_isolated,inner_val,L=1,1,11,0,1,1,0.0
Condition_C_Causal_Damped_Velocity,Learned_UNet_N0,seq_inner_val_6bba_t75_p06_isolated,inner_val,L=2,1,12,1,0,0,1.0
Condition_C_Causal_Damped_Velocity,Learned_UNet_N0,seq_inner_val_6bba_t75_p06_isolated,inner_val,L>=3,2,17,0,2,2,0.0
Condition_C_Causal_Damped_Velocity,Learned_UNet_N0,seq_inner_val_6bba_t90_p07_isolated,inner_val,L=1,1,9,0,1,1,0.0
Condition_C_Causal_Damped_Velocity,Learned_UNet_N0,seq_inner_val_6bba_t90_p07_isolated,inner_val,L=2,1,11,1,0,0,1.0
Condition_C_Causal_Damped_Velocity,Learned_UNet_N0,seq_inner_val_6bba_t90_p07_isolated,inner_val,L>=3,2,16,2,0,0,1.0
Condition_C_Causal_Damped_Velocity,Learned_UNet_N0,seq_inner_val_6bba_t90_p08_boundary,inner_val,L=1,1,7,0,0,1,0.0
Condition_C_Causal_Damped_Velocity,Learned_UNet_N0,seq_inner_val_6bba_t90_p08_boundary,inner_val,L=2,1,7,1,0,0,1.0
Condition_C_Causal_Damped_Velocity,Learned_UNet_N0,seq_inner_val_6bba_t90_p08_boundary,inner_val,L>=3,2,19,2,0,0,1.0
Condition_C_Causal_Damped_Velocity,Learned_UNet_N0,seq_inner_val_6bba_t90_p09_zero_annotation,inner_val,L=1,0,4,0,0,0,0.0
Condition_C_Causal_Damped_Velocity,Learned_UNet_N0,seq_inner_val_6bba_t90_p09_zero_annotation,inner_val,L=2,0,8,0,0,0,0.0
Condition_C_Causal_Damped_Velocity,Learned_UNet_N0,seq_inner_val_6bba_t90_p09_zero_annotation,inner_val,L>=3,0,15,0,0,0,0.0
Condition_C_Causal_Damped_Velocity,Learned_UNet_N0,seq_inner_val_6bba_t90_p10_zero_annotation,inner_val,L=1,0,5,0,0,0,0.0
Condition_C_Causal_Damped_Velocity,Learned_UNet_N0,seq_inner_val_6bba_t90_p10_zero_annotation,inner_val,L=2,0,8,0,0,0,0.0
Condition_C_Causal_Damped_Velocity,Learned_UNet_N0,seq_inner_val_6bba_t90_p10_zero_annotation,inner_val,L>=3,0,14,0,0,0,0.0
Condition_C_Causal_Damped_Velocity,Learned_UNet_N0,seq_inner_val_44b6_t80_p01_crowded,inner_val,L=1,3,20,3,0,0,1.0
Condition_C_Causal_Damped_Velocity,Learned_UNet_N0,seq_inner_val_44b6_t80_p01_crowded,inner_val,L=2,2,15,2,0,0,1.0
Condition_C_Causal_Damped_Velocity,Learned_UNet_N0,seq_inner_val_44b6_t80_p01_crowded,inner_val,L>=3,2,33,2,0,0,1.0
Condition_C_Causal_Damped_Velocity,Learned_UNet_N0,seq_inner_val_44b6_t85_p02_crowded,inner_val,L=1,3,17,3,0,0,1.0
Condition_C_Causal_Damped_Velocity,Learned_UNet_N0,seq_inner_val_44b6_t85_p02_crowded,inner_val,L=2,3,20,3,0,0,1.0
Condition_C_Causal_Damped_Velocity,Learned_UNet_N0,seq_inner_val_44b6_t85_p02_crowded,inner_val,L>=3,6,33,6,0,0,1.0
Condition_C_Causal_Damped_Velocity,Learned_UNet_N0,seq_inner_val_44b6_t90_p03_crowded,inner_val,L=1,2,18,2,0,0,1.0
Condition_C_Causal_Damped_Velocity,Learned_UNet_N0,seq_inner_val_44b6_t90_p03_crowded,inner_val,L=2,2,17,2,0,0,1.0
Condition_C_Causal_Damped_Velocity,Learned_UNet_N0,seq_inner_val_44b6_t90_p03_crowded,inner_val,L>=3,4,30,4,0,0,1.0
Condition_C_Causal_Damped_Velocity,Learned_UNet_N0,seq_inner_val_44b6_t70_p04_crowded,inner_val,L=1,2,18,1,1,1,0.3333333333333333
Condition_C_Causal_Damped_Velocity,Learned_UNet_N0,seq_inner_val_44b6_t70_p04_crowded,inner_val,L=2,2,20,0,1,2,0.0
Condition_C_Causal_Damped_Velocity,Learned_UNet_N0,seq_inner_val_44b6_t70_p04_crowded,inner_val,L>=3,4,37,3,1,1,0.6
Condition_C_Causal_Damped_Velocity,Learned_UNet_N0,seq_inner_val_44b6_t90_p05_isolated,inner_val,L=1,1,13,1,0,0,1.0
Condition_C_Causal_Damped_Velocity,Learned_UNet_N0,seq_inner_val_44b6_t90_p05_isolated,inner_val,L=2,1,15,1,0,0,1.0
Condition_C_Causal_Damped_Velocity,Learned_UNet_N0,seq_inner_val_44b6_t90_p05_isolated,inner_val,L>=3,2,33,2,0,0,1.0
Condition_C_Causal_Damped_Velocity,Learned_UNet_N0,seq_inner_val_44b6_t75_p06_isolated,inner_val,L=1,1,21,1,0,0,1.0
Condition_C_Causal_Damped_Velocity,Learned_UNet_N0,seq_inner_val_44b6_t75_p06_isolated,inner_val,L=2,1,19,1,0,0,1.0
Condition_C_Causal_Damped_Velocity,Learned_UNet_N0,seq_inner_val_44b6_t75_p06_isolated,inner_val,L>=3,2,39,2,0,0,1.0
Condition_C_Causal_Damped_Velocity,Learned_UNet_N0,seq_inner_val_44b6_t70_p07_isolated,inner_val,L=1,1,13,1,0,0,1.0
Condition_C_Causal_Damped_Velocity,Learned_UNet_N0,seq_inner_val_44b6_t70_p07_isolated,inner_val,L=2,1,14,1,0,0,1.0
Condition_C_Causal_Damped_Velocity,Learned_UNet_N0,seq_inner_val_44b6_t70_p07_isolated,inner_val,L>=3,2,27,2,0,0,1.0
Condition_C_Causal_Damped_Velocity,Learned_UNet_N0,seq_inner_val_44b6_t70_p08_boundary,inner_val,L=1,1,21,1,0,0,1.0
Condition_C_Causal_Damped_Velocity,Learned_UNet_N0,seq_inner_val_44b6_t70_p08_boundary,inner_val,L=2,1,19,1,0,0,1.0
Condition_C_Causal_Damped_Velocity,Learned_UNet_N0,seq_inner_val_44b6_t70_p08_boundary,inner_val,L>=3,2,42,2,0,0,1.0
Condition_C_Causal_Damped_Velocity,Learned_UNet_N0,seq_inner_val_44b6_t90_p09_zero_annotation,inner_val,L=1,0,20,0,0,0,0.0
Condition_C_Causal_Damped_Velocity,Learned_UNet_N0,seq_inner_val_44b6_t90_p09_zero_annotation,inner_val,L=2,0,19,0,0,0,0.0
Condition_C_Causal_Damped_Velocity,Learned_UNet_N0,seq_inner_val_44b6_t90_p09_zero_annotation,inner_val,L>=3,0,40,0,0,0,0.0
Condition_C_Causal_Damped_Velocity,Learned_UNet_N0,seq_inner_val_44b6_t70_p10_zero_annotation,inner_val,L=1,0,7,0,0,0,0.0
Condition_C_Causal_Damped_Velocity,Learned_UNet_N0,seq_inner_val_44b6_t70_p10_zero_annotation,inner_val,L=2,0,9,0,0,0,0.0
Condition_C_Causal_Damped_Velocity,Learned_UNet_N0,seq_inner_val_44b6_t70_p10_zero_annotation,inner_val,L>=3,0,18,0,0,0,0.0
Condition_C_Causal_Damped_Velocity,Learned_UNet_N0,seq_train_44b6_t40_p01_crowded,train,L=1,2,22,2,0,0,1.0
Condition_C_Causal_Damped_Velocity,Learned_UNet_N0,seq_train_44b6_t40_p01_crowded,train,L=2,2,22,2,0,0,1.0
Condition_C_Causal_Damped_Velocity,Learned_UNet_N0,seq_train_44b6_t40_p01_crowded,train,L>=3,4,38,4,0,0,1.0
Condition_C_Causal_Damped_Velocity,Learned_UNet_N0,seq_train_44b6_t45_p02_crowded,train,L=1,1,18,1,0,0,1.0
Condition_C_Causal_Damped_Velocity,Learned_UNet_N0,seq_train_44b6_t45_p02_crowded,train,L=2,1,17,1,0,0,1.0
Condition_C_Causal_Damped_Velocity,Learned_UNet_N0,seq_train_44b6_t45_p02_crowded,train,L>=3,4,25,2,0,2,0.5
Condition_C_Causal_Damped_Velocity,Learned_UNet_N0,seq_train_44b6_t40_p04_crowded,train,L=1,3,17,3,0,0,1.0
Condition_C_Causal_Damped_Velocity,Learned_UNet_N0,seq_train_44b6_t40_p04_crowded,train,L=2,3,14,3,0,0,1.0
Condition_C_Causal_Damped_Velocity,Learned_UNet_N0,seq_train_44b6_t40_p04_crowded,train,L>=3,6,31,6,0,0,1.0
Condition_C_Causal_Damped_Velocity,Learned_UNet_N0,seq_train_44b6_t15_p05_crowded,train,L=1,3,14,1,0,2,0.3333333333333333
Condition_C_Causal_Damped_Velocity,Learned_UNet_N0,seq_train_44b6_t15_p05_crowded,train,L=2,3,14,2,0,1,0.6666666666666666
Condition_C_Causal_Damped_Velocity,Learned_UNet_N0,seq_train_44b6_t15_p05_crowded,train,L>=3,5,15,3,0,2,0.6
Condition_C_Causal_Damped_Velocity,Learned_UNet_N0,seq_train_44b6_t20_p06_crowded,train,L=1,2,14,1,0,1,0.5
Condition_C_Causal_Damped_Velocity,Learned_UNet_N0,seq_train_44b6_t20_p06_crowded,train,L=2,2,15,1,0,1,0.5
Condition_C_Causal_Damped_Velocity,Learned_UNet_N0,seq_train_44b6_t20_p06_crowded,train,L>=3,4,33,2,1,2,0.4
Condition_C_Causal_Damped_Velocity,Learned_UNet_N0,seq_train_6bba_t15_p01_crowded,train,L=1,1,13,1,0,0,1.0
Condition_C_Causal_Damped_Velocity,Learned_UNet_N0,seq_train_6bba_t15_p01_crowded,train,L=2,1,13,0,1,1,0.0
Condition_C_Causal_Damped_Velocity,Learned_UNet_N0,seq_train_6bba_t15_p01_crowded,train,L>=3,3,27,3,0,0,1.0
Condition_C_Causal_Damped_Velocity,Learned_UNet_N0,seq_train_6bba_t35_p02_crowded,train,L=1,2,15,2,0,0,1.0
Condition_C_Causal_Damped_Velocity,Learned_UNet_N0,seq_train_6bba_t35_p02_crowded,train,L=2,2,13,2,0,0,1.0
Condition_C_Causal_Damped_Velocity,Learned_UNet_N0,seq_train_6bba_t35_p02_crowded,train,L>=3,2,24,2,0,0,1.0
Condition_C_Causal_Damped_Velocity,Learned_UNet_N0,seq_train_6bba_t40_p03_crowded,train,L=1,2,16,2,0,0,1.0
Condition_C_Causal_Damped_Velocity,Learned_UNet_N0,seq_train_6bba_t40_p03_crowded,train,L=2,2,13,2,0,0,1.0
Condition_C_Causal_Damped_Velocity,Learned_UNet_N0,seq_train_6bba_t40_p03_crowded,train,L>=3,4,27,4,0,0,1.0
Condition_C_Causal_Damped_Velocity,Learned_UNet_N0,seq_train_6bba_t45_p04_crowded,train,L=1,3,11,3,0,0,1.0
Condition_C_Causal_Damped_Velocity,Learned_UNet_N0,seq_train_6bba_t45_p04_crowded,train,L=2,2,11,2,0,0,1.0
Condition_C_Causal_Damped_Velocity,Learned_UNet_N0,seq_train_6bba_t45_p04_crowded,train,L>=3,4,21,2,0,2,0.5
Condition_C_Causal_Damped_Velocity,Learned_UNet_N0,seq_train_6bba_t15_p07_crowded,train,L=1,3,18,3,0,0,1.0
Condition_C_Causal_Damped_Velocity,Learned_UNet_N0,seq_train_6bba_t15_p07_crowded,train,L=2,3,19,3,0,0,1.0
Condition_C_Causal_Damped_Velocity,Learned_UNet_N0,seq_train_6bba_t15_p07_crowded,train,L>=3,6,39,5,0,1,0.8333333333333334
Condition_C_Causal_Damped_Velocity,Classical_DoG,seq_inner_val_6bba_t85_p01_crowded,inner_val,L=1,5,0,0,0,5,0.0
Condition_C_Causal_Damped_Velocity,Classical_DoG,seq_inner_val_6bba_t85_p01_crowded,inner_val,L=2,5,0,0,0,5,0.0
Condition_C_Causal_Damped_Velocity,Classical_DoG,seq_inner_val_6bba_t85_p01_crowded,inner_val,L>=3,8,6,0,1,8,0.0
Condition_C_Causal_Damped_Velocity,Classical_DoG,seq_inner_val_6bba_t75_p02_crowded,inner_val,L=1,2,4,1,0,1,0.5
Condition_C_Causal_Damped_Velocity,Classical_DoG,seq_inner_val_6bba_t75_p02_crowded,inner_val,L=2,2,4,1,0,1,0.5
Condition_C_Causal_Damped_Velocity,Classical_DoG,seq_inner_val_6bba_t75_p02_crowded,inner_val,L>=3,4,4,1,0,3,0.25
Condition_C_Causal_Damped_Velocity,Classical_DoG,seq_inner_val_6bba_t85_p03_crowded,inner_val,L=1,1,3,0,0,1,0.0
Condition_C_Causal_Damped_Velocity,Classical_DoG,seq_inner_val_6bba_t85_p03_crowded,inner_val,L=2,1,2,0,0,1,0.0
Condition_C_Causal_Damped_Velocity,Classical_DoG,seq_inner_val_6bba_t85_p03_crowded,inner_val,L>=3,2,4,0,0,2,0.0
Condition_C_Causal_Damped_Velocity,Classical_DoG,seq_inner_val_6bba_t80_p04_crowded,inner_val,L=1,2,2,1,0,1,0.5
Condition_C_Causal_Damped_Velocity,Classical_DoG,seq_inner_val_6bba_t80_p04_crowded,inner_val,L=2,2,2,1,0,1,0.5
Condition_C_Causal_Damped_Velocity,Classical_DoG,seq_inner_val_6bba_t80_p04_crowded,inner_val,L>=3,4,4,2,0,2,0.5
Condition_C_Causal_Damped_Velocity,Classical_DoG,seq_inner_val_6bba_t75_p05_isolated,inner_val,L=1,1,3,1,0,0,1.0
Condition_C_Causal_Damped_Velocity,Classical_DoG,seq_inner_val_6bba_t75_p05_isolated,inner_val,L=2,1,3,1,0,0,1.0
Condition_C_Causal_Damped_Velocity,Classical_DoG,seq_inner_val_6bba_t75_p05_isolated,inner_val,L>=3,2,3,1,0,1,0.5
Condition_C_Causal_Damped_Velocity,Classical_DoG,seq_inner_val_6bba_t75_p06_isolated,inner_val,L=1,1,3,0,0,1,0.0
Condition_C_Causal_Damped_Velocity,Classical_DoG,seq_inner_val_6bba_t75_p06_isolated,inner_val,L=2,1,3,0,0,1,0.0
Condition_C_Causal_Damped_Velocity,Classical_DoG,seq_inner_val_6bba_t75_p06_isolated,inner_val,L>=3,2,2,0,0,2,0.0
Condition_C_Causal_Damped_Velocity,Classical_DoG,seq_inner_val_6bba_t90_p07_isolated,inner_val,L=1,1,1,0,0,1,0.0
Condition_C_Causal_Damped_Velocity,Classical_DoG,seq_inner_val_6bba_t90_p07_isolated,inner_val,L=2,1,1,0,0,1,0.0
Condition_C_Causal_Damped_Velocity,Classical_DoG,seq_inner_val_6bba_t90_p07_isolated,inner_val,L>=3,2,1,0,0,2,0.0
Condition_C_Causal_Damped_Velocity,Classical_DoG,seq_inner_val_6bba_t90_p08_boundary,inner_val,L=1,1,3,1,0,0,1.0
Condition_C_Causal_Damped_Velocity,Classical_DoG,seq_inner_val_6bba_t90_p08_boundary,inner_val,L=2,1,3,1,0,0,1.0
Condition_C_Causal_Damped_Velocity,Classical_DoG,seq_inner_val_6bba_t90_p08_boundary,inner_val,L>=3,2,6,2,0,0,1.0
Condition_C_Causal_Damped_Velocity,Classical_DoG,seq_inner_val_6bba_t90_p09_zero_annotation,inner_val,L=1,0,0,0,0,0,0.0
Condition_C_Causal_Damped_Velocity,Classical_DoG,seq_inner_val_6bba_t90_p09_zero_annotation,inner_val,L=2,0,0,0,0,0,0.0
Condition_C_Causal_Damped_Velocity,Classical_DoG,seq_inner_val_6bba_t90_p09_zero_annotation,inner_val,L>=3,0,0,0,0,0,0.0
Condition_C_Causal_Damped_Velocity,Classical_DoG,seq_inner_val_6bba_t90_p10_zero_annotation,inner_val,L=1,0,0,0,0,0,0.0
Condition_C_Causal_Damped_Velocity,Classical_DoG,seq_inner_val_6bba_t90_p10_zero_annotation,inner_val,L=2,0,0,0,0,0,0.0
Condition_C_Causal_Damped_Velocity,Classical_DoG,seq_inner_val_6bba_t90_p10_zero_annotation,inner_val,L>=3,0,0,0,0,0,0.0
Condition_C_Causal_Damped_Velocity,Classical_DoG,seq_inner_val_44b6_t80_p01_crowded,inner_val,L=1,3,3,0,1,3,0.0
Condition_C_Causal_Damped_Velocity,Classical_DoG,seq_inner_val_44b6_t80_p01_crowded,inner_val,L=2,2,3,0,0,2,0.0
Condition_C_Causal_Damped_Velocity,Classical_DoG,seq_inner_val_44b6_t80_p01_crowded,inner_val,L>=3,2,7,0,0,2,0.0
Condition_C_Causal_Damped_Velocity,Classical_DoG,seq_inner_val_44b6_t85_p02_crowded,inner_val,L=1,3,3,1,0,2,0.3333333333333333
Condition_C_Causal_Damped_Velocity,Classical_DoG,seq_inner_val_44b6_t85_p02_crowded,inner_val,L=2,3,4,1,0,2,0.3333333333333333
Condition_C_Causal_Damped_Velocity,Classical_DoG,seq_inner_val_44b6_t85_p02_crowded,inner_val,L>=3,6,14,2,0,4,0.3333333333333333
Condition_C_Causal_Damped_Velocity,Classical_DoG,seq_inner_val_44b6_t90_p03_crowded,inner_val,L=1,2,5,2,0,0,1.0
Condition_C_Causal_Damped_Velocity,Classical_DoG,seq_inner_val_44b6_t90_p03_crowded,inner_val,L=2,2,5,2,0,0,1.0
Condition_C_Causal_Damped_Velocity,Classical_DoG,seq_inner_val_44b6_t90_p03_crowded,inner_val,L>=3,4,10,3,0,1,0.75
Condition_C_Causal_Damped_Velocity,Classical_DoG,seq_inner_val_44b6_t70_p04_crowded,inner_val,L=1,2,4,0,1,2,0.0
Condition_C_Causal_Damped_Velocity,Classical_DoG,seq_inner_val_44b6_t70_p04_crowded,inner_val,L=2,2,6,1,0,1,0.5
Condition_C_Causal_Damped_Velocity,Classical_DoG,seq_inner_val_44b6_t70_p04_crowded,inner_val,L>=3,4,12,2,0,2,0.5
Condition_C_Causal_Damped_Velocity,Classical_DoG,seq_inner_val_44b6_t90_p05_isolated,inner_val,L=1,1,4,1,0,0,1.0
Condition_C_Causal_Damped_Velocity,Classical_DoG,seq_inner_val_44b6_t90_p05_isolated,inner_val,L=2,1,4,1,0,0,1.0
Condition_C_Causal_Damped_Velocity,Classical_DoG,seq_inner_val_44b6_t90_p05_isolated,inner_val,L>=3,2,13,2,0,0,1.0
Condition_C_Causal_Damped_Velocity,Classical_DoG,seq_inner_val_44b6_t75_p06_isolated,inner_val,L=1,1,6,1,0,0,1.0
Condition_C_Causal_Damped_Velocity,Classical_DoG,seq_inner_val_44b6_t75_p06_isolated,inner_val,L=2,1,5,1,0,0,1.0
Condition_C_Causal_Damped_Velocity,Classical_DoG,seq_inner_val_44b6_t75_p06_isolated,inner_val,L>=3,2,9,2,0,0,1.0
Condition_C_Causal_Damped_Velocity,Classical_DoG,seq_inner_val_44b6_t70_p07_isolated,inner_val,L=1,1,4,1,0,0,1.0
Condition_C_Causal_Damped_Velocity,Classical_DoG,seq_inner_val_44b6_t70_p07_isolated,inner_val,L=2,1,5,1,0,0,1.0
Condition_C_Causal_Damped_Velocity,Classical_DoG,seq_inner_val_44b6_t70_p07_isolated,inner_val,L>=3,2,10,2,0,0,1.0
Condition_C_Causal_Damped_Velocity,Classical_DoG,seq_inner_val_44b6_t70_p08_boundary,inner_val,L=1,1,7,0,0,1,0.0
Condition_C_Causal_Damped_Velocity,Classical_DoG,seq_inner_val_44b6_t70_p08_boundary,inner_val,L=2,1,8,0,0,1,0.0
Condition_C_Causal_Damped_Velocity,Classical_DoG,seq_inner_val_44b6_t70_p08_boundary,inner_val,L>=3,2,16,0,0,2,0.0
Condition_C_Causal_Damped_Velocity,Classical_DoG,seq_inner_val_44b6_t90_p09_zero_annotation,inner_val,L=1,0,6,0,0,0,0.0
Condition_C_Causal_Damped_Velocity,Classical_DoG,seq_inner_val_44b6_t90_p09_zero_annotation,inner_val,L=2,0,7,0,0,0,0.0
Condition_C_Causal_Damped_Velocity,Classical_DoG,seq_inner_val_44b6_t90_p09_zero_annotation,inner_val,L>=3,0,9,0,0,0,0.0
Condition_C_Causal_Damped_Velocity,Classical_DoG,seq_inner_val_44b6_t70_p10_zero_annotation,inner_val,L=1,0,0,0,0,0,0.0
Condition_C_Causal_Damped_Velocity,Classical_DoG,seq_inner_val_44b6_t70_p10_zero_annotation,inner_val,L=2,0,0,0,0,0,0.0
Condition_C_Causal_Damped_Velocity,Classical_DoG,seq_inner_val_44b6_t70_p10_zero_annotation,inner_val,L>=3,0,0,0,0,0,0.0
Condition_C_Causal_Damped_Velocity,Classical_DoG,seq_train_44b6_t40_p01_crowded,train,L=1,2,5,1,0,1,0.5
Condition_C_Causal_Damped_Velocity,Classical_DoG,seq_train_44b6_t40_p01_crowded,train,L=2,2,6,1,0,1,0.5
Condition_C_Causal_Damped_Velocity,Classical_DoG,seq_train_44b6_t40_p01_crowded,train,L>=3,4,12,2,0,2,0.5
Condition_C_Causal_Damped_Velocity,Classical_DoG,seq_train_44b6_t45_p02_crowded,train,L=1,1,5,1,0,0,1.0
Condition_C_Causal_Damped_Velocity,Classical_DoG,seq_train_44b6_t45_p02_crowded,train,L=2,1,5,1,0,0,1.0
Condition_C_Causal_Damped_Velocity,Classical_DoG,seq_train_44b6_t45_p02_crowded,train,L>=3,4,5,0,1,4,0.0
Condition_C_Causal_Damped_Velocity,Classical_DoG,seq_train_44b6_t40_p04_crowded,train,L=1,3,4,1,0,2,0.3333333333333333
Condition_C_Causal_Damped_Velocity,Classical_DoG,seq_train_44b6_t40_p04_crowded,train,L=2,3,5,1,0,2,0.3333333333333333
Condition_C_Causal_Damped_Velocity,Classical_DoG,seq_train_44b6_t40_p04_crowded,train,L>=3,6,8,2,0,4,0.3333333333333333
Condition_C_Causal_Damped_Velocity,Classical_DoG,seq_train_44b6_t15_p05_crowded,train,L=1,3,6,1,0,2,0.3333333333333333
Condition_C_Causal_Damped_Velocity,Classical_DoG,seq_train_44b6_t15_p05_crowded,train,L=2,3,6,1,0,2,0.3333333333333333
Condition_C_Causal_Damped_Velocity,Classical_DoG,seq_train_44b6_t15_p05_crowded,train,L>=3,5,7,1,0,4,0.2
Condition_C_Causal_Damped_Velocity,Classical_DoG,seq_train_44b6_t20_p06_crowded,train,L=1,2,4,0,0,2,0.0
Condition_C_Causal_Damped_Velocity,Classical_DoG,seq_train_44b6_t20_p06_crowded,train,L=2,2,5,0,0,2,0.0
Condition_C_Causal_Damped_Velocity,Classical_DoG,seq_train_44b6_t20_p06_crowded,train,L>=3,4,9,0,0,4,0.0
Condition_C_Causal_Damped_Velocity,Classical_DoG,seq_train_6bba_t15_p01_crowded,train,L=1,1,2,1,0,0,1.0
Condition_C_Causal_Damped_Velocity,Classical_DoG,seq_train_6bba_t15_p01_crowded,train,L=2,1,1,1,0,0,1.0
Condition_C_Causal_Damped_Velocity,Classical_DoG,seq_train_6bba_t15_p01_crowded,train,L>=3,3,4,1,0,2,0.3333333333333333
Condition_C_Causal_Damped_Velocity,Classical_DoG,seq_train_6bba_t35_p02_crowded,train,L=1,2,3,0,0,2,0.0
Condition_C_Causal_Damped_Velocity,Classical_DoG,seq_train_6bba_t35_p02_crowded,train,L=2,2,3,0,0,2,0.0
Condition_C_Causal_Damped_Velocity,Classical_DoG,seq_train_6bba_t35_p02_crowded,train,L>=3,2,3,0,0,2,0.0
Condition_C_Causal_Damped_Velocity,Classical_DoG,seq_train_6bba_t40_p03_crowded,train,L=1,2,4,0,0,2,0.0
Condition_C_Causal_Damped_Velocity,Classical_DoG,seq_train_6bba_t40_p03_crowded,train,L=2,2,4,0,0,2,0.0
Condition_C_Causal_Damped_Velocity,Classical_DoG,seq_train_6bba_t40_p03_crowded,train,L>=3,4,6,0,0,4,0.0
Condition_C_Causal_Damped_Velocity,Classical_DoG,seq_train_6bba_t45_p04_crowded,train,L=1,3,3,1,1,2,0.25
Condition_C_Causal_Damped_Velocity,Classical_DoG,seq_train_6bba_t45_p04_crowded,train,L=2,2,3,2,0,0,1.0
Condition_C_Causal_Damped_Velocity,Classical_DoG,seq_train_6bba_t45_p04_crowded,train,L>=3,4,5,3,0,1,0.75
Condition_C_Causal_Damped_Velocity,Classical_DoG,seq_train_6bba_t15_p07_crowded,train,L=1,3,3,1,0,2,0.3333333333333333
Condition_C_Causal_Damped_Velocity,Classical_DoG,seq_train_6bba_t15_p07_crowded,train,L=2,3,4,2,0,1,0.6666666666666666
Condition_C_Causal_Damped_Velocity,Classical_DoG,seq_train_6bba_t15_p07_crowded,train,L>=3,6,12,4,0,2,0.6666666666666666
Condition_D_Ablation_Dual_Envelope_Static,Learned_UNet_N1,seq_inner_val_6bba_t85_p01_crowded,inner_val,L=1,5,19,5,0,0,1.0
Condition_D_Ablation_Dual_Envelope_Static,Learned_UNet_N1,seq_inner_val_6bba_t85_p01_crowded,inner_val,L=2,5,18,4,0,1,0.8
Condition_D_Ablation_Dual_Envelope_Static,Learned_UNet_N1,seq_inner_val_6bba_t85_p01_crowded,inner_val,L>=3,8,30,7,0,1,0.875
Condition_D_Ablation_Dual_Envelope_Static,Learned_UNet_N1,seq_inner_val_6bba_t75_p02_crowded,inner_val,L=1,2,15,2,0,0,1.0
Condition_D_Ablation_Dual_Envelope_Static,Learned_UNet_N1,seq_inner_val_6bba_t75_p02_crowded,inner_val,L=2,2,16,2,0,0,1.0
Condition_D_Ablation_Dual_Envelope_Static,Learned_UNet_N1,seq_inner_val_6bba_t75_p02_crowded,inner_val,L>=3,4,19,3,0,1,0.75
Condition_D_Ablation_Dual_Envelope_Static,Learned_UNet_N1,seq_inner_val_6bba_t85_p03_crowded,inner_val,L=1,1,12,0,0,1,0.0
Condition_D_Ablation_Dual_Envelope_Static,Learned_UNet_N1,seq_inner_val_6bba_t85_p03_crowded,inner_val,L=2,1,11,0,0,1,0.0
Condition_D_Ablation_Dual_Envelope_Static,Learned_UNet_N1,seq_inner_val_6bba_t85_p03_crowded,inner_val,L>=3,2,24,0,2,2,0.0
Condition_D_Ablation_Dual_Envelope_Static,Learned_UNet_N1,seq_inner_val_6bba_t80_p04_crowded,inner_val,L=1,2,15,2,0,0,1.0
Condition_D_Ablation_Dual_Envelope_Static,Learned_UNet_N1,seq_inner_val_6bba_t80_p04_crowded,inner_val,L=2,2,16,2,0,0,1.0
Condition_D_Ablation_Dual_Envelope_Static,Learned_UNet_N1,seq_inner_val_6bba_t80_p04_crowded,inner_val,L>=3,4,30,4,0,0,1.0
Condition_D_Ablation_Dual_Envelope_Static,Learned_UNet_N1,seq_inner_val_6bba_t75_p05_isolated,inner_val,L=1,1,10,1,0,0,1.0
Condition_D_Ablation_Dual_Envelope_Static,Learned_UNet_N1,seq_inner_val_6bba_t75_p05_isolated,inner_val,L=2,1,12,1,0,0,1.0
Condition_D_Ablation_Dual_Envelope_Static,Learned_UNet_N1,seq_inner_val_6bba_t75_p05_isolated,inner_val,L>=3,2,14,1,0,1,0.5
Condition_D_Ablation_Dual_Envelope_Static,Learned_UNet_N1,seq_inner_val_6bba_t75_p06_isolated,inner_val,L=1,1,13,1,0,0,1.0
Condition_D_Ablation_Dual_Envelope_Static,Learned_UNet_N1,seq_inner_val_6bba_t75_p06_isolated,inner_val,L=2,1,14,0,1,1,0.0
Condition_D_Ablation_Dual_Envelope_Static,Learned_UNet_N1,seq_inner_val_6bba_t75_p06_isolated,inner_val,L>=3,2,15,0,2,2,0.0
Condition_D_Ablation_Dual_Envelope_Static,Learned_UNet_N1,seq_inner_val_6bba_t90_p07_isolated,inner_val,L=1,1,8,0,0,1,0.0
Condition_D_Ablation_Dual_Envelope_Static,Learned_UNet_N1,seq_inner_val_6bba_t90_p07_isolated,inner_val,L=2,1,8,0,1,1,0.0
Condition_D_Ablation_Dual_Envelope_Static,Learned_UNet_N1,seq_inner_val_6bba_t90_p07_isolated,inner_val,L>=3,2,17,1,1,1,0.3333333333333333
Condition_D_Ablation_Dual_Envelope_Static,Learned_UNet_N1,seq_inner_val_6bba_t90_p08_boundary,inner_val,L=1,1,6,1,0,0,1.0
Condition_D_Ablation_Dual_Envelope_Static,Learned_UNet_N1,seq_inner_val_6bba_t90_p08_boundary,inner_val,L=2,1,7,1,0,0,1.0
Condition_D_Ablation_Dual_Envelope_Static,Learned_UNet_N1,seq_inner_val_6bba_t90_p08_boundary,inner_val,L>=3,2,14,2,0,0,1.0
Condition_D_Ablation_Dual_Envelope_Static,Learned_UNet_N1,seq_inner_val_6bba_t90_p09_zero_annotation,inner_val,L=1,0,8,0,0,0,0.0
Condition_D_Ablation_Dual_Envelope_Static,Learned_UNet_N1,seq_inner_val_6bba_t90_p09_zero_annotation,inner_val,L=2,0,5,0,0,0,0.0
Condition_D_Ablation_Dual_Envelope_Static,Learned_UNet_N1,seq_inner_val_6bba_t90_p09_zero_annotation,inner_val,L>=3,0,14,0,0,0,0.0
Condition_D_Ablation_Dual_Envelope_Static,Learned_UNet_N1,seq_inner_val_6bba_t90_p10_zero_annotation,inner_val,L=1,0,8,0,0,0,0.0
Condition_D_Ablation_Dual_Envelope_Static,Learned_UNet_N1,seq_inner_val_6bba_t90_p10_zero_annotation,inner_val,L=2,0,5,0,0,0,0.0
Condition_D_Ablation_Dual_Envelope_Static,Learned_UNet_N1,seq_inner_val_6bba_t90_p10_zero_annotation,inner_val,L>=3,0,13,0,0,0,0.0
Condition_D_Ablation_Dual_Envelope_Static,Learned_UNet_N1,seq_inner_val_44b6_t80_p01_crowded,inner_val,L=1,3,17,2,0,1,0.6666666666666666
Condition_D_Ablation_Dual_Envelope_Static,Learned_UNet_N1,seq_inner_val_44b6_t80_p01_crowded,inner_val,L=2,2,15,2,0,0,1.0
Condition_D_Ablation_Dual_Envelope_Static,Learned_UNet_N1,seq_inner_val_44b6_t80_p01_crowded,inner_val,L>=3,2,33,2,0,0,1.0
Condition_D_Ablation_Dual_Envelope_Static,Learned_UNet_N1,seq_inner_val_44b6_t85_p02_crowded,inner_val,L=1,3,18,3,0,0,1.0
Condition_D_Ablation_Dual_Envelope_Static,Learned_UNet_N1,seq_inner_val_44b6_t85_p02_crowded,inner_val,L=2,3,17,3,0,0,1.0
Condition_D_Ablation_Dual_Envelope_Static,Learned_UNet_N1,seq_inner_val_44b6_t85_p02_crowded,inner_val,L>=3,6,31,6,0,0,1.0
Condition_D_Ablation_Dual_Envelope_Static,Learned_UNet_N1,seq_inner_val_44b6_t90_p03_crowded,inner_val,L=1,2,15,2,0,0,1.0
Condition_D_Ablation_Dual_Envelope_Static,Learned_UNet_N1,seq_inner_val_44b6_t90_p03_crowded,inner_val,L=2,2,17,2,0,0,1.0
Condition_D_Ablation_Dual_Envelope_Static,Learned_UNet_N1,seq_inner_val_44b6_t90_p03_crowded,inner_val,L>=3,4,29,4,0,0,1.0
Condition_D_Ablation_Dual_Envelope_Static,Learned_UNet_N1,seq_inner_val_44b6_t70_p04_crowded,inner_val,L=1,2,19,2,0,0,1.0
Condition_D_Ablation_Dual_Envelope_Static,Learned_UNet_N1,seq_inner_val_44b6_t70_p04_crowded,inner_val,L=2,2,23,2,0,0,1.0
Condition_D_Ablation_Dual_Envelope_Static,Learned_UNet_N1,seq_inner_val_44b6_t70_p04_crowded,inner_val,L>=3,4,43,4,0,0,1.0
Condition_D_Ablation_Dual_Envelope_Static,Learned_UNet_N1,seq_inner_val_44b6_t90_p05_isolated,inner_val,L=1,1,16,1,0,0,1.0
Condition_D_Ablation_Dual_Envelope_Static,Learned_UNet_N1,seq_inner_val_44b6_t90_p05_isolated,inner_val,L=2,1,15,1,0,0,1.0
Condition_D_Ablation_Dual_Envelope_Static,Learned_UNet_N1,seq_inner_val_44b6_t90_p05_isolated,inner_val,L>=3,2,32,2,0,0,1.0
Condition_D_Ablation_Dual_Envelope_Static,Learned_UNet_N1,seq_inner_val_44b6_t75_p06_isolated,inner_val,L=1,1,22,1,0,0,1.0
Condition_D_Ablation_Dual_Envelope_Static,Learned_UNet_N1,seq_inner_val_44b6_t75_p06_isolated,inner_val,L=2,1,23,1,0,0,1.0
Condition_D_Ablation_Dual_Envelope_Static,Learned_UNet_N1,seq_inner_val_44b6_t75_p06_isolated,inner_val,L>=3,2,40,2,0,0,1.0
Condition_D_Ablation_Dual_Envelope_Static,Learned_UNet_N1,seq_inner_val_44b6_t70_p07_isolated,inner_val,L=1,1,16,1,0,0,1.0
Condition_D_Ablation_Dual_Envelope_Static,Learned_UNet_N1,seq_inner_val_44b6_t70_p07_isolated,inner_val,L=2,1,19,1,0,0,1.0
Condition_D_Ablation_Dual_Envelope_Static,Learned_UNet_N1,seq_inner_val_44b6_t70_p07_isolated,inner_val,L>=3,2,33,2,0,0,1.0
Condition_D_Ablation_Dual_Envelope_Static,Learned_UNet_N1,seq_inner_val_44b6_t70_p08_boundary,inner_val,L=1,1,23,1,0,0,1.0
Condition_D_Ablation_Dual_Envelope_Static,Learned_UNet_N1,seq_inner_val_44b6_t70_p08_boundary,inner_val,L=2,1,21,1,0,0,1.0
Condition_D_Ablation_Dual_Envelope_Static,Learned_UNet_N1,seq_inner_val_44b6_t70_p08_boundary,inner_val,L>=3,2,46,2,0,0,1.0
Condition_D_Ablation_Dual_Envelope_Static,Learned_UNet_N1,seq_inner_val_44b6_t90_p09_zero_annotation,inner_val,L=1,0,22,0,0,0,0.0
Condition_D_Ablation_Dual_Envelope_Static,Learned_UNet_N1,seq_inner_val_44b6_t90_p09_zero_annotation,inner_val,L=2,0,22,0,0,0,0.0
Condition_D_Ablation_Dual_Envelope_Static,Learned_UNet_N1,seq_inner_val_44b6_t90_p09_zero_annotation,inner_val,L>=3,0,45,0,0,0,0.0
Condition_D_Ablation_Dual_Envelope_Static,Learned_UNet_N1,seq_inner_val_44b6_t70_p10_zero_annotation,inner_val,L=1,0,10,0,0,0,0.0
Condition_D_Ablation_Dual_Envelope_Static,Learned_UNet_N1,seq_inner_val_44b6_t70_p10_zero_annotation,inner_val,L=2,0,8,0,0,0,0.0
Condition_D_Ablation_Dual_Envelope_Static,Learned_UNet_N1,seq_inner_val_44b6_t70_p10_zero_annotation,inner_val,L>=3,0,15,0,0,0,0.0
Condition_D_Ablation_Dual_Envelope_Static,Learned_UNet_N1,seq_train_44b6_t40_p01_crowded,train,L=1,2,20,2,0,0,1.0
Condition_D_Ablation_Dual_Envelope_Static,Learned_UNet_N1,seq_train_44b6_t40_p01_crowded,train,L=2,2,19,2,0,0,1.0
Condition_D_Ablation_Dual_Envelope_Static,Learned_UNet_N1,seq_train_44b6_t40_p01_crowded,train,L>=3,4,46,4,0,0,1.0
Condition_D_Ablation_Dual_Envelope_Static,Learned_UNet_N1,seq_train_44b6_t45_p02_crowded,train,L=1,1,17,1,0,0,1.0
Condition_D_Ablation_Dual_Envelope_Static,Learned_UNet_N1,seq_train_44b6_t45_p02_crowded,train,L=2,1,17,1,0,0,1.0
Condition_D_Ablation_Dual_Envelope_Static,Learned_UNet_N1,seq_train_44b6_t45_p02_crowded,train,L>=3,4,18,2,0,2,0.5
Condition_D_Ablation_Dual_Envelope_Static,Learned_UNet_N1,seq_train_44b6_t40_p04_crowded,train,L=1,3,19,3,0,0,1.0
Condition_D_Ablation_Dual_Envelope_Static,Learned_UNet_N1,seq_train_44b6_t40_p04_crowded,train,L=2,3,17,3,0,0,1.0
Condition_D_Ablation_Dual_Envelope_Static,Learned_UNet_N1,seq_train_44b6_t40_p04_crowded,train,L>=3,6,35,6,0,0,1.0
Condition_D_Ablation_Dual_Envelope_Static,Learned_UNet_N1,seq_train_44b6_t15_p05_crowded,train,L=1,3,17,2,0,1,0.6666666666666666
Condition_D_Ablation_Dual_Envelope_Static,Learned_UNet_N1,seq_train_44b6_t15_p05_crowded,train,L=2,3,14,2,0,1,0.6666666666666666
Condition_D_Ablation_Dual_Envelope_Static,Learned_UNet_N1,seq_train_44b6_t15_p05_crowded,train,L>=3,5,18,4,0,1,0.8
Condition_D_Ablation_Dual_Envelope_Static,Learned_UNet_N1,seq_train_44b6_t20_p06_crowded,train,L=1,2,17,1,0,1,0.5
Condition_D_Ablation_Dual_Envelope_Static,Learned_UNet_N1,seq_train_44b6_t20_p06_crowded,train,L=2,2,16,1,0,1,0.5
Condition_D_Ablation_Dual_Envelope_Static,Learned_UNet_N1,seq_train_44b6_t20_p06_crowded,train,L>=3,4,36,4,0,0,1.0
Condition_D_Ablation_Dual_Envelope_Static,Learned_UNet_N1,seq_train_6bba_t15_p01_crowded,train,L=1,1,14,1,0,0,1.0
Condition_D_Ablation_Dual_Envelope_Static,Learned_UNet_N1,seq_train_6bba_t15_p01_crowded,train,L=2,1,13,1,0,0,1.0
Condition_D_Ablation_Dual_Envelope_Static,Learned_UNet_N1,seq_train_6bba_t15_p01_crowded,train,L>=3,3,28,2,0,1,0.6666666666666666
Condition_D_Ablation_Dual_Envelope_Static,Learned_UNet_N1,seq_train_6bba_t35_p02_crowded,train,L=1,2,13,1,1,1,0.3333333333333333
Condition_D_Ablation_Dual_Envelope_Static,Learned_UNet_N1,seq_train_6bba_t35_p02_crowded,train,L=2,2,13,2,0,0,1.0
Condition_D_Ablation_Dual_Envelope_Static,Learned_UNet_N1,seq_train_6bba_t35_p02_crowded,train,L>=3,2,22,2,0,0,1.0
Condition_D_Ablation_Dual_Envelope_Static,Learned_UNet_N1,seq_train_6bba_t40_p03_crowded,train,L=1,2,18,2,0,0,1.0
Condition_D_Ablation_Dual_Envelope_Static,Learned_UNet_N1,seq_train_6bba_t40_p03_crowded,train,L=2,2,15,2,0,0,1.0
Condition_D_Ablation_Dual_Envelope_Static,Learned_UNet_N1,seq_train_6bba_t40_p03_crowded,train,L>=3,4,33,4,0,0,1.0
Condition_D_Ablation_Dual_Envelope_Static,Learned_UNet_N1,seq_train_6bba_t45_p04_crowded,train,L=1,3,9,3,0,0,1.0
Condition_D_Ablation_Dual_Envelope_Static,Learned_UNet_N1,seq_train_6bba_t45_p04_crowded,train,L=2,2,13,2,0,0,1.0
Condition_D_Ablation_Dual_Envelope_Static,Learned_UNet_N1,seq_train_6bba_t45_p04_crowded,train,L>=3,4,23,3,0,1,0.75
Condition_D_Ablation_Dual_Envelope_Static,Learned_UNet_N1,seq_train_6bba_t15_p07_crowded,train,L=1,3,20,3,0,0,1.0
Condition_D_Ablation_Dual_Envelope_Static,Learned_UNet_N1,seq_train_6bba_t15_p07_crowded,train,L=2,3,21,3,0,0,1.0
Condition_D_Ablation_Dual_Envelope_Static,Learned_UNet_N1,seq_train_6bba_t15_p07_crowded,train,L>=3,6,42,6,0,0,1.0
Condition_D_Ablation_Dual_Envelope_Static,Learned_UNet_N0,seq_inner_val_6bba_t85_p01_crowded,inner_val,L=1,5,16,3,0,2,0.6
Condition_D_Ablation_Dual_Envelope_Static,Learned_UNet_N0,seq_inner_val_6bba_t85_p01_crowded,inner_val,L=2,5,15,3,1,2,0.5
Condition_D_Ablation_Dual_Envelope_Static,Learned_UNet_N0,seq_inner_val_6bba_t85_p01_crowded,inner_val,L>=3,8,30,6,0,2,0.75
Condition_D_Ablation_Dual_Envelope_Static,Learned_UNet_N0,seq_inner_val_6bba_t75_p02_crowded,inner_val,L=1,2,14,1,0,1,0.5
Condition_D_Ablation_Dual_Envelope_Static,Learned_UNet_N0,seq_inner_val_6bba_t75_p02_crowded,inner_val,L=2,2,14,1,0,1,0.5
Condition_D_Ablation_Dual_Envelope_Static,Learned_UNet_N0,seq_inner_val_6bba_t75_p02_crowded,inner_val,L>=3,4,17,2,0,2,0.5
Condition_D_Ablation_Dual_Envelope_Static,Learned_UNet_N0,seq_inner_val_6bba_t85_p03_crowded,inner_val,L=1,1,13,1,0,0,1.0
Condition_D_Ablation_Dual_Envelope_Static,Learned_UNet_N0,seq_inner_val_6bba_t85_p03_crowded,inner_val,L=2,1,14,1,0,0,1.0
Condition_D_Ablation_Dual_Envelope_Static,Learned_UNet_N0,seq_inner_val_6bba_t85_p03_crowded,inner_val,L>=3,2,26,2,0,0,1.0
Condition_D_Ablation_Dual_Envelope_Static,Learned_UNet_N0,seq_inner_val_6bba_t80_p04_crowded,inner_val,L=1,2,17,2,0,0,1.0
Condition_D_Ablation_Dual_Envelope_Static,Learned_UNet_N0,seq_inner_val_6bba_t80_p04_crowded,inner_val,L=2,2,17,2,0,0,1.0
Condition_D_Ablation_Dual_Envelope_Static,Learned_UNet_N0,seq_inner_val_6bba_t80_p04_crowded,inner_val,L>=3,4,31,4,0,0,1.0
Condition_D_Ablation_Dual_Envelope_Static,Learned_UNet_N0,seq_inner_val_6bba_t75_p05_isolated,inner_val,L=1,1,10,0,0,1,0.0
Condition_D_Ablation_Dual_Envelope_Static,Learned_UNet_N0,seq_inner_val_6bba_t75_p05_isolated,inner_val,L=2,1,12,1,0,0,1.0
Condition_D_Ablation_Dual_Envelope_Static,Learned_UNet_N0,seq_inner_val_6bba_t75_p05_isolated,inner_val,L>=3,2,14,1,0,1,0.5
Condition_D_Ablation_Dual_Envelope_Static,Learned_UNet_N0,seq_inner_val_6bba_t75_p06_isolated,inner_val,L=1,1,11,0,1,1,0.0
Condition_D_Ablation_Dual_Envelope_Static,Learned_UNet_N0,seq_inner_val_6bba_t75_p06_isolated,inner_val,L=2,1,12,1,0,0,1.0
Condition_D_Ablation_Dual_Envelope_Static,Learned_UNet_N0,seq_inner_val_6bba_t75_p06_isolated,inner_val,L>=3,2,17,0,2,2,0.0
Condition_D_Ablation_Dual_Envelope_Static,Learned_UNet_N0,seq_inner_val_6bba_t90_p07_isolated,inner_val,L=1,1,9,0,1,1,0.0
Condition_D_Ablation_Dual_Envelope_Static,Learned_UNet_N0,seq_inner_val_6bba_t90_p07_isolated,inner_val,L=2,1,12,1,0,0,1.0
Condition_D_Ablation_Dual_Envelope_Static,Learned_UNet_N0,seq_inner_val_6bba_t90_p07_isolated,inner_val,L>=3,2,17,2,0,0,1.0
Condition_D_Ablation_Dual_Envelope_Static,Learned_UNet_N0,seq_inner_val_6bba_t90_p08_boundary,inner_val,L=1,1,7,0,0,1,0.0
Condition_D_Ablation_Dual_Envelope_Static,Learned_UNet_N0,seq_inner_val_6bba_t90_p08_boundary,inner_val,L=2,1,8,1,0,0,1.0
Condition_D_Ablation_Dual_Envelope_Static,Learned_UNet_N0,seq_inner_val_6bba_t90_p08_boundary,inner_val,L>=3,2,20,2,0,0,1.0
Condition_D_Ablation_Dual_Envelope_Static,Learned_UNet_N0,seq_inner_val_6bba_t90_p09_zero_annotation,inner_val,L=1,0,4,0,0,0,0.0
Condition_D_Ablation_Dual_Envelope_Static,Learned_UNet_N0,seq_inner_val_6bba_t90_p09_zero_annotation,inner_val,L=2,0,8,0,0,0,0.0
Condition_D_Ablation_Dual_Envelope_Static,Learned_UNet_N0,seq_inner_val_6bba_t90_p09_zero_annotation,inner_val,L>=3,0,16,0,0,0,0.0
Condition_D_Ablation_Dual_Envelope_Static,Learned_UNet_N0,seq_inner_val_6bba_t90_p10_zero_annotation,inner_val,L=1,0,5,0,0,0,0.0
Condition_D_Ablation_Dual_Envelope_Static,Learned_UNet_N0,seq_inner_val_6bba_t90_p10_zero_annotation,inner_val,L=2,0,8,0,0,0,0.0
Condition_D_Ablation_Dual_Envelope_Static,Learned_UNet_N0,seq_inner_val_6bba_t90_p10_zero_annotation,inner_val,L>=3,0,14,0,0,0,0.0
Condition_D_Ablation_Dual_Envelope_Static,Learned_UNet_N0,seq_inner_val_44b6_t80_p01_crowded,inner_val,L=1,3,20,3,0,0,1.0
Condition_D_Ablation_Dual_Envelope_Static,Learned_UNet_N0,seq_inner_val_44b6_t80_p01_crowded,inner_val,L=2,2,15,2,0,0,1.0
Condition_D_Ablation_Dual_Envelope_Static,Learned_UNet_N0,seq_inner_val_44b6_t80_p01_crowded,inner_val,L>=3,2,34,2,0,0,1.0
Condition_D_Ablation_Dual_Envelope_Static,Learned_UNet_N0,seq_inner_val_44b6_t85_p02_crowded,inner_val,L=1,3,17,3,0,0,1.0
Condition_D_Ablation_Dual_Envelope_Static,Learned_UNet_N0,seq_inner_val_44b6_t85_p02_crowded,inner_val,L=2,3,20,3,0,0,1.0
Condition_D_Ablation_Dual_Envelope_Static,Learned_UNet_N0,seq_inner_val_44b6_t85_p02_crowded,inner_val,L>=3,6,35,6,0,0,1.0
Condition_D_Ablation_Dual_Envelope_Static,Learned_UNet_N0,seq_inner_val_44b6_t90_p03_crowded,inner_val,L=1,2,18,2,0,0,1.0
Condition_D_Ablation_Dual_Envelope_Static,Learned_UNet_N0,seq_inner_val_44b6_t90_p03_crowded,inner_val,L=2,2,17,2,0,0,1.0
Condition_D_Ablation_Dual_Envelope_Static,Learned_UNet_N0,seq_inner_val_44b6_t90_p03_crowded,inner_val,L>=3,4,30,4,0,0,1.0
Condition_D_Ablation_Dual_Envelope_Static,Learned_UNet_N0,seq_inner_val_44b6_t70_p04_crowded,inner_val,L=1,2,18,1,1,1,0.3333333333333333
Condition_D_Ablation_Dual_Envelope_Static,Learned_UNet_N0,seq_inner_val_44b6_t70_p04_crowded,inner_val,L=2,2,20,0,1,2,0.0
Condition_D_Ablation_Dual_Envelope_Static,Learned_UNet_N0,seq_inner_val_44b6_t70_p04_crowded,inner_val,L>=3,4,36,3,1,1,0.6
Condition_D_Ablation_Dual_Envelope_Static,Learned_UNet_N0,seq_inner_val_44b6_t90_p05_isolated,inner_val,L=1,1,13,1,0,0,1.0
Condition_D_Ablation_Dual_Envelope_Static,Learned_UNet_N0,seq_inner_val_44b6_t90_p05_isolated,inner_val,L=2,1,15,1,0,0,1.0
Condition_D_Ablation_Dual_Envelope_Static,Learned_UNet_N0,seq_inner_val_44b6_t90_p05_isolated,inner_val,L>=3,2,32,2,0,0,1.0
Condition_D_Ablation_Dual_Envelope_Static,Learned_UNet_N0,seq_inner_val_44b6_t75_p06_isolated,inner_val,L=1,1,21,1,0,0,1.0
Condition_D_Ablation_Dual_Envelope_Static,Learned_UNet_N0,seq_inner_val_44b6_t75_p06_isolated,inner_val,L=2,1,19,1,0,0,1.0
Condition_D_Ablation_Dual_Envelope_Static,Learned_UNet_N0,seq_inner_val_44b6_t75_p06_isolated,inner_val,L>=3,2,40,2,0,0,1.0
Condition_D_Ablation_Dual_Envelope_Static,Learned_UNet_N0,seq_inner_val_44b6_t70_p07_isolated,inner_val,L=1,1,13,1,0,0,1.0
Condition_D_Ablation_Dual_Envelope_Static,Learned_UNet_N0,seq_inner_val_44b6_t70_p07_isolated,inner_val,L=2,1,14,1,0,0,1.0
Condition_D_Ablation_Dual_Envelope_Static,Learned_UNet_N0,seq_inner_val_44b6_t70_p07_isolated,inner_val,L>=3,2,27,2,0,0,1.0
Condition_D_Ablation_Dual_Envelope_Static,Learned_UNet_N0,seq_inner_val_44b6_t70_p08_boundary,inner_val,L=1,1,21,1,0,0,1.0
Condition_D_Ablation_Dual_Envelope_Static,Learned_UNet_N0,seq_inner_val_44b6_t70_p08_boundary,inner_val,L=2,1,19,1,0,0,1.0
Condition_D_Ablation_Dual_Envelope_Static,Learned_UNet_N0,seq_inner_val_44b6_t70_p08_boundary,inner_val,L>=3,2,42,2,0,0,1.0
Condition_D_Ablation_Dual_Envelope_Static,Learned_UNet_N0,seq_inner_val_44b6_t90_p09_zero_annotation,inner_val,L=1,0,20,0,0,0,0.0
Condition_D_Ablation_Dual_Envelope_Static,Learned_UNet_N0,seq_inner_val_44b6_t90_p09_zero_annotation,inner_val,L=2,0,19,0,0,0,0.0
Condition_D_Ablation_Dual_Envelope_Static,Learned_UNet_N0,seq_inner_val_44b6_t90_p09_zero_annotation,inner_val,L>=3,0,43,0,0,0,0.0
Condition_D_Ablation_Dual_Envelope_Static,Learned_UNet_N0,seq_inner_val_44b6_t70_p10_zero_annotation,inner_val,L=1,0,7,0,0,0,0.0
Condition_D_Ablation_Dual_Envelope_Static,Learned_UNet_N0,seq_inner_val_44b6_t70_p10_zero_annotation,inner_val,L=2,0,8,0,0,0,0.0
Condition_D_Ablation_Dual_Envelope_Static,Learned_UNet_N0,seq_inner_val_44b6_t70_p10_zero_annotation,inner_val,L>=3,0,18,0,0,0,0.0
Condition_D_Ablation_Dual_Envelope_Static,Learned_UNet_N0,seq_train_44b6_t40_p01_crowded,train,L=1,2,22,2,0,0,1.0
Condition_D_Ablation_Dual_Envelope_Static,Learned_UNet_N0,seq_train_44b6_t40_p01_crowded,train,L=2,2,21,2,0,0,1.0
Condition_D_Ablation_Dual_Envelope_Static,Learned_UNet_N0,seq_train_44b6_t40_p01_crowded,train,L>=3,4,39,4,0,0,1.0
Condition_D_Ablation_Dual_Envelope_Static,Learned_UNet_N0,seq_train_44b6_t45_p02_crowded,train,L=1,1,18,1,0,0,1.0
Condition_D_Ablation_Dual_Envelope_Static,Learned_UNet_N0,seq_train_44b6_t45_p02_crowded,train,L=2,1,17,1,0,0,1.0
Condition_D_Ablation_Dual_Envelope_Static,Learned_UNet_N0,seq_train_44b6_t45_p02_crowded,train,L>=3,4,26,2,0,2,0.5
Condition_D_Ablation_Dual_Envelope_Static,Learned_UNet_N0,seq_train_44b6_t40_p04_crowded,train,L=1,3,17,3,0,0,1.0
Condition_D_Ablation_Dual_Envelope_Static,Learned_UNet_N0,seq_train_44b6_t40_p04_crowded,train,L=2,3,15,3,0,0,1.0
Condition_D_Ablation_Dual_Envelope_Static,Learned_UNet_N0,seq_train_44b6_t40_p04_crowded,train,L>=3,6,32,6,0,0,1.0
Condition_D_Ablation_Dual_Envelope_Static,Learned_UNet_N0,seq_train_44b6_t15_p05_crowded,train,L=1,3,14,1,0,2,0.3333333333333333
Condition_D_Ablation_Dual_Envelope_Static,Learned_UNet_N0,seq_train_44b6_t15_p05_crowded,train,L=2,3,14,2,0,1,0.6666666666666666
Condition_D_Ablation_Dual_Envelope_Static,Learned_UNet_N0,seq_train_44b6_t15_p05_crowded,train,L>=3,5,17,3,0,2,0.6
Condition_D_Ablation_Dual_Envelope_Static,Learned_UNet_N0,seq_train_44b6_t20_p06_crowded,train,L=1,2,14,1,0,1,0.5
Condition_D_Ablation_Dual_Envelope_Static,Learned_UNet_N0,seq_train_44b6_t20_p06_crowded,train,L=2,2,16,1,0,1,0.5
Condition_D_Ablation_Dual_Envelope_Static,Learned_UNet_N0,seq_train_44b6_t20_p06_crowded,train,L>=3,4,32,2,1,2,0.4
Condition_D_Ablation_Dual_Envelope_Static,Learned_UNet_N0,seq_train_6bba_t15_p01_crowded,train,L=1,1,13,1,0,0,1.0
Condition_D_Ablation_Dual_Envelope_Static,Learned_UNet_N0,seq_train_6bba_t15_p01_crowded,train,L=2,1,13,0,1,1,0.0
Condition_D_Ablation_Dual_Envelope_Static,Learned_UNet_N0,seq_train_6bba_t15_p01_crowded,train,L>=3,3,28,3,0,0,1.0
Condition_D_Ablation_Dual_Envelope_Static,Learned_UNet_N0,seq_train_6bba_t35_p02_crowded,train,L=1,2,15,2,0,0,1.0
Condition_D_Ablation_Dual_Envelope_Static,Learned_UNet_N0,seq_train_6bba_t35_p02_crowded,train,L=2,2,14,2,0,0,1.0
Condition_D_Ablation_Dual_Envelope_Static,Learned_UNet_N0,seq_train_6bba_t35_p02_crowded,train,L>=3,2,24,2,0,0,1.0
Condition_D_Ablation_Dual_Envelope_Static,Learned_UNet_N0,seq_train_6bba_t40_p03_crowded,train,L=1,2,16,2,0,0,1.0
Condition_D_Ablation_Dual_Envelope_Static,Learned_UNet_N0,seq_train_6bba_t40_p03_crowded,train,L=2,2,13,2,0,0,1.0
Condition_D_Ablation_Dual_Envelope_Static,Learned_UNet_N0,seq_train_6bba_t40_p03_crowded,train,L>=3,4,27,4,0,0,1.0
Condition_D_Ablation_Dual_Envelope_Static,Learned_UNet_N0,seq_train_6bba_t45_p04_crowded,train,L=1,3,11,3,0,0,1.0
Condition_D_Ablation_Dual_Envelope_Static,Learned_UNet_N0,seq_train_6bba_t45_p04_crowded,train,L=2,2,11,2,0,0,1.0
Condition_D_Ablation_Dual_Envelope_Static,Learned_UNet_N0,seq_train_6bba_t45_p04_crowded,train,L>=3,4,21,2,0,2,0.5
Condition_D_Ablation_Dual_Envelope_Static,Learned_UNet_N0,seq_train_6bba_t15_p07_crowded,train,L=1,3,18,3,0,0,1.0
Condition_D_Ablation_Dual_Envelope_Static,Learned_UNet_N0,seq_train_6bba_t15_p07_crowded,train,L=2,3,19,3,0,0,1.0
Condition_D_Ablation_Dual_Envelope_Static,Learned_UNet_N0,seq_train_6bba_t15_p07_crowded,train,L>=3,6,39,5,0,1,0.8333333333333334
Condition_D_Ablation_Dual_Envelope_Static,Classical_DoG,seq_inner_val_6bba_t85_p01_crowded,inner_val,L=1,5,0,0,0,5,0.0
Condition_D_Ablation_Dual_Envelope_Static,Classical_DoG,seq_inner_val_6bba_t85_p01_crowded,inner_val,L=2,5,0,0,0,5,0.0
Condition_D_Ablation_Dual_Envelope_Static,Classical_DoG,seq_inner_val_6bba_t85_p01_crowded,inner_val,L>=3,8,6,0,1,8,0.0
Condition_D_Ablation_Dual_Envelope_Static,Classical_DoG,seq_inner_val_6bba_t75_p02_crowded,inner_val,L=1,2,4,1,0,1,0.5
Condition_D_Ablation_Dual_Envelope_Static,Classical_DoG,seq_inner_val_6bba_t75_p02_crowded,inner_val,L=2,2,4,1,0,1,0.5
Condition_D_Ablation_Dual_Envelope_Static,Classical_DoG,seq_inner_val_6bba_t75_p02_crowded,inner_val,L>=3,4,4,1,0,3,0.25
Condition_D_Ablation_Dual_Envelope_Static,Classical_DoG,seq_inner_val_6bba_t85_p03_crowded,inner_val,L=1,1,3,0,0,1,0.0
Condition_D_Ablation_Dual_Envelope_Static,Classical_DoG,seq_inner_val_6bba_t85_p03_crowded,inner_val,L=2,1,2,0,0,1,0.0
Condition_D_Ablation_Dual_Envelope_Static,Classical_DoG,seq_inner_val_6bba_t85_p03_crowded,inner_val,L>=3,2,4,0,0,2,0.0
Condition_D_Ablation_Dual_Envelope_Static,Classical_DoG,seq_inner_val_6bba_t80_p04_crowded,inner_val,L=1,2,2,1,0,1,0.5
Condition_D_Ablation_Dual_Envelope_Static,Classical_DoG,seq_inner_val_6bba_t80_p04_crowded,inner_val,L=2,2,2,1,0,1,0.5
Condition_D_Ablation_Dual_Envelope_Static,Classical_DoG,seq_inner_val_6bba_t80_p04_crowded,inner_val,L>=3,4,4,2,0,2,0.5
Condition_D_Ablation_Dual_Envelope_Static,Classical_DoG,seq_inner_val_6bba_t75_p05_isolated,inner_val,L=1,1,3,1,0,0,1.0
Condition_D_Ablation_Dual_Envelope_Static,Classical_DoG,seq_inner_val_6bba_t75_p05_isolated,inner_val,L=2,1,3,1,0,0,1.0
Condition_D_Ablation_Dual_Envelope_Static,Classical_DoG,seq_inner_val_6bba_t75_p05_isolated,inner_val,L>=3,2,3,1,0,1,0.5
Condition_D_Ablation_Dual_Envelope_Static,Classical_DoG,seq_inner_val_6bba_t75_p06_isolated,inner_val,L=1,1,3,0,0,1,0.0
Condition_D_Ablation_Dual_Envelope_Static,Classical_DoG,seq_inner_val_6bba_t75_p06_isolated,inner_val,L=2,1,3,0,0,1,0.0
Condition_D_Ablation_Dual_Envelope_Static,Classical_DoG,seq_inner_val_6bba_t75_p06_isolated,inner_val,L>=3,2,2,0,0,2,0.0
Condition_D_Ablation_Dual_Envelope_Static,Classical_DoG,seq_inner_val_6bba_t90_p07_isolated,inner_val,L=1,1,1,0,0,1,0.0
Condition_D_Ablation_Dual_Envelope_Static,Classical_DoG,seq_inner_val_6bba_t90_p07_isolated,inner_val,L=2,1,1,0,0,1,0.0
Condition_D_Ablation_Dual_Envelope_Static,Classical_DoG,seq_inner_val_6bba_t90_p07_isolated,inner_val,L>=3,2,1,0,0,2,0.0
Condition_D_Ablation_Dual_Envelope_Static,Classical_DoG,seq_inner_val_6bba_t90_p08_boundary,inner_val,L=1,1,3,1,0,0,1.0
Condition_D_Ablation_Dual_Envelope_Static,Classical_DoG,seq_inner_val_6bba_t90_p08_boundary,inner_val,L=2,1,3,1,0,0,1.0
Condition_D_Ablation_Dual_Envelope_Static,Classical_DoG,seq_inner_val_6bba_t90_p08_boundary,inner_val,L>=3,2,6,2,0,0,1.0
Condition_D_Ablation_Dual_Envelope_Static,Classical_DoG,seq_inner_val_6bba_t90_p09_zero_annotation,inner_val,L=1,0,0,0,0,0,0.0
Condition_D_Ablation_Dual_Envelope_Static,Classical_DoG,seq_inner_val_6bba_t90_p09_zero_annotation,inner_val,L=2,0,0,0,0,0,0.0
Condition_D_Ablation_Dual_Envelope_Static,Classical_DoG,seq_inner_val_6bba_t90_p09_zero_annotation,inner_val,L>=3,0,0,0,0,0,0.0
Condition_D_Ablation_Dual_Envelope_Static,Classical_DoG,seq_inner_val_6bba_t90_p10_zero_annotation,inner_val,L=1,0,0,0,0,0,0.0
Condition_D_Ablation_Dual_Envelope_Static,Classical_DoG,seq_inner_val_6bba_t90_p10_zero_annotation,inner_val,L=2,0,0,0,0,0,0.0
Condition_D_Ablation_Dual_Envelope_Static,Classical_DoG,seq_inner_val_6bba_t90_p10_zero_annotation,inner_val,L>=3,0,0,0,0,0,0.0
Condition_D_Ablation_Dual_Envelope_Static,Classical_DoG,seq_inner_val_44b6_t80_p01_crowded,inner_val,L=1,3,3,0,1,3,0.0
Condition_D_Ablation_Dual_Envelope_Static,Classical_DoG,seq_inner_val_44b6_t80_p01_crowded,inner_val,L=2,2,3,0,0,2,0.0
Condition_D_Ablation_Dual_Envelope_Static,Classical_DoG,seq_inner_val_44b6_t80_p01_crowded,inner_val,L>=3,2,7,0,0,2,0.0
Condition_D_Ablation_Dual_Envelope_Static,Classical_DoG,seq_inner_val_44b6_t85_p02_crowded,inner_val,L=1,3,3,1,0,2,0.3333333333333333
Condition_D_Ablation_Dual_Envelope_Static,Classical_DoG,seq_inner_val_44b6_t85_p02_crowded,inner_val,L=2,3,4,1,0,2,0.3333333333333333
Condition_D_Ablation_Dual_Envelope_Static,Classical_DoG,seq_inner_val_44b6_t85_p02_crowded,inner_val,L>=3,6,14,2,0,4,0.3333333333333333
Condition_D_Ablation_Dual_Envelope_Static,Classical_DoG,seq_inner_val_44b6_t90_p03_crowded,inner_val,L=1,2,5,2,0,0,1.0
Condition_D_Ablation_Dual_Envelope_Static,Classical_DoG,seq_inner_val_44b6_t90_p03_crowded,inner_val,L=2,2,5,2,0,0,1.0
Condition_D_Ablation_Dual_Envelope_Static,Classical_DoG,seq_inner_val_44b6_t90_p03_crowded,inner_val,L>=3,4,10,3,0,1,0.75
Condition_D_Ablation_Dual_Envelope_Static,Classical_DoG,seq_inner_val_44b6_t70_p04_crowded,inner_val,L=1,2,4,0,1,2,0.0
Condition_D_Ablation_Dual_Envelope_Static,Classical_DoG,seq_inner_val_44b6_t70_p04_crowded,inner_val,L=2,2,6,1,0,1,0.5
Condition_D_Ablation_Dual_Envelope_Static,Classical_DoG,seq_inner_val_44b6_t70_p04_crowded,inner_val,L>=3,4,12,2,0,2,0.5
Condition_D_Ablation_Dual_Envelope_Static,Classical_DoG,seq_inner_val_44b6_t90_p05_isolated,inner_val,L=1,1,4,1,0,0,1.0
Condition_D_Ablation_Dual_Envelope_Static,Classical_DoG,seq_inner_val_44b6_t90_p05_isolated,inner_val,L=2,1,4,1,0,0,1.0
Condition_D_Ablation_Dual_Envelope_Static,Classical_DoG,seq_inner_val_44b6_t90_p05_isolated,inner_val,L>=3,2,13,2,0,0,1.0
Condition_D_Ablation_Dual_Envelope_Static,Classical_DoG,seq_inner_val_44b6_t75_p06_isolated,inner_val,L=1,1,6,1,0,0,1.0
Condition_D_Ablation_Dual_Envelope_Static,Classical_DoG,seq_inner_val_44b6_t75_p06_isolated,inner_val,L=2,1,5,1,0,0,1.0
Condition_D_Ablation_Dual_Envelope_Static,Classical_DoG,seq_inner_val_44b6_t75_p06_isolated,inner_val,L>=3,2,9,2,0,0,1.0
Condition_D_Ablation_Dual_Envelope_Static,Classical_DoG,seq_inner_val_44b6_t70_p07_isolated,inner_val,L=1,1,4,1,0,0,1.0
Condition_D_Ablation_Dual_Envelope_Static,Classical_DoG,seq_inner_val_44b6_t70_p07_isolated,inner_val,L=2,1,5,1,0,0,1.0
Condition_D_Ablation_Dual_Envelope_Static,Classical_DoG,seq_inner_val_44b6_t70_p07_isolated,inner_val,L>=3,2,10,2,0,0,1.0
Condition_D_Ablation_Dual_Envelope_Static,Classical_DoG,seq_inner_val_44b6_t70_p08_boundary,inner_val,L=1,1,7,0,0,1,0.0
Condition_D_Ablation_Dual_Envelope_Static,Classical_DoG,seq_inner_val_44b6_t70_p08_boundary,inner_val,L=2,1,8,0,0,1,0.0
Condition_D_Ablation_Dual_Envelope_Static,Classical_DoG,seq_inner_val_44b6_t70_p08_boundary,inner_val,L>=3,2,16,0,0,2,0.0
Condition_D_Ablation_Dual_Envelope_Static,Classical_DoG,seq_inner_val_44b6_t90_p09_zero_annotation,inner_val,L=1,0,6,0,0,0,0.0
Condition_D_Ablation_Dual_Envelope_Static,Classical_DoG,seq_inner_val_44b6_t90_p09_zero_annotation,inner_val,L=2,0,7,0,0,0,0.0
Condition_D_Ablation_Dual_Envelope_Static,Classical_DoG,seq_inner_val_44b6_t90_p09_zero_annotation,inner_val,L>=3,0,9,0,0,0,0.0
Condition_D_Ablation_Dual_Envelope_Static,Classical_DoG,seq_inner_val_44b6_t70_p10_zero_annotation,inner_val,L=1,0,0,0,0,0,0.0
Condition_D_Ablation_Dual_Envelope_Static,Classical_DoG,seq_inner_val_44b6_t70_p10_zero_annotation,inner_val,L=2,0,0,0,0,0,0.0
Condition_D_Ablation_Dual_Envelope_Static,Classical_DoG,seq_inner_val_44b6_t70_p10_zero_annotation,inner_val,L>=3,0,0,0,0,0,0.0
Condition_D_Ablation_Dual_Envelope_Static,Classical_DoG,seq_train_44b6_t40_p01_crowded,train,L=1,2,5,1,0,1,0.5
Condition_D_Ablation_Dual_Envelope_Static,Classical_DoG,seq_train_44b6_t40_p01_crowded,train,L=2,2,6,1,0,1,0.5
Condition_D_Ablation_Dual_Envelope_Static,Classical_DoG,seq_train_44b6_t40_p01_crowded,train,L>=3,4,12,2,0,2,0.5
Condition_D_Ablation_Dual_Envelope_Static,Classical_DoG,seq_train_44b6_t45_p02_crowded,train,L=1,1,5,1,0,0,1.0
Condition_D_Ablation_Dual_Envelope_Static,Classical_DoG,seq_train_44b6_t45_p02_crowded,train,L=2,1,5,1,0,0,1.0
Condition_D_Ablation_Dual_Envelope_Static,Classical_DoG,seq_train_44b6_t45_p02_crowded,train,L>=3,4,4,0,1,4,0.0
Condition_D_Ablation_Dual_Envelope_Static,Classical_DoG,seq_train_44b6_t40_p04_crowded,train,L=1,3,4,1,0,2,0.3333333333333333
Condition_D_Ablation_Dual_Envelope_Static,Classical_DoG,seq_train_44b6_t40_p04_crowded,train,L=2,3,5,1,0,2,0.3333333333333333
Condition_D_Ablation_Dual_Envelope_Static,Classical_DoG,seq_train_44b6_t40_p04_crowded,train,L>=3,6,8,2,0,4,0.3333333333333333
Condition_D_Ablation_Dual_Envelope_Static,Classical_DoG,seq_train_44b6_t15_p05_crowded,train,L=1,3,6,1,0,2,0.3333333333333333
Condition_D_Ablation_Dual_Envelope_Static,Classical_DoG,seq_train_44b6_t15_p05_crowded,train,L=2,3,6,1,0,2,0.3333333333333333
Condition_D_Ablation_Dual_Envelope_Static,Classical_DoG,seq_train_44b6_t15_p05_crowded,train,L>=3,5,7,1,0,4,0.2
Condition_D_Ablation_Dual_Envelope_Static,Classical_DoG,seq_train_44b6_t20_p06_crowded,train,L=1,2,4,0,0,2,0.0
Condition_D_Ablation_Dual_Envelope_Static,Classical_DoG,seq_train_44b6_t20_p06_crowded,train,L=2,2,5,0,0,2,0.0
Condition_D_Ablation_Dual_Envelope_Static,Classical_DoG,seq_train_44b6_t20_p06_crowded,train,L>=3,4,9,0,0,4,0.0
Condition_D_Ablation_Dual_Envelope_Static,Classical_DoG,seq_train_6bba_t15_p01_crowded,train,L=1,1,2,1,0,0,1.0
Condition_D_Ablation_Dual_Envelope_Static,Classical_DoG,seq_train_6bba_t15_p01_crowded,train,L=2,1,1,1,0,0,1.0
Condition_D_Ablation_Dual_Envelope_Static,Classical_DoG,seq_train_6bba_t15_p01_crowded,train,L>=3,3,4,1,0,2,0.3333333333333333
Condition_D_Ablation_Dual_Envelope_Static,Classical_DoG,seq_train_6bba_t35_p02_crowded,train,L=1,2,3,0,0,2,0.0
Condition_D_Ablation_Dual_Envelope_Static,Classical_DoG,seq_train_6bba_t35_p02_crowded,train,L=2,2,3,0,0,2,0.0
Condition_D_Ablation_Dual_Envelope_Static,Classical_DoG,seq_train_6bba_t35_p02_crowded,train,L>=3,2,3,0,0,2,0.0
Condition_D_Ablation_Dual_Envelope_Static,Classical_DoG,seq_train_6bba_t40_p03_crowded,train,L=1,2,4,0,0,2,0.0
Condition_D_Ablation_Dual_Envelope_Static,Classical_DoG,seq_train_6bba_t40_p03_crowded,train,L=2,2,4,0,0,2,0.0
Condition_D_Ablation_Dual_Envelope_Static,Classical_DoG,seq_train_6bba_t40_p03_crowded,train,L>=3,4,6,0,0,4,0.0
Condition_D_Ablation_Dual_Envelope_Static,Classical_DoG,seq_train_6bba_t45_p04_crowded,train,L=1,3,3,1,1,2,0.25
Condition_D_Ablation_Dual_Envelope_Static,Classical_DoG,seq_train_6bba_t45_p04_crowded,train,L=2,2,3,2,0,0,1.0
Condition_D_Ablation_Dual_Envelope_Static,Classical_DoG,seq_train_6bba_t45_p04_crowded,train,L>=3,4,5,3,0,1,0.75
Condition_D_Ablation_Dual_Envelope_Static,Classical_DoG,seq_train_6bba_t15_p07_crowded,train,L=1,3,3,1,0,2,0.3333333333333333
Condition_D_Ablation_Dual_Envelope_Static,Classical_DoG,seq_train_6bba_t15_p07_crowded,train,L=2,3,4,2,0,1,0.6666666666666666
Condition_D_Ablation_Dual_Envelope_Static,Classical_DoG,seq_train_6bba_t15_p07_crowded,train,L>=3,6,12,4,0,2,0.6666666666666666
