source_prediction_id,target_prediction_id,source_frame,target_frame,source_z_um,source_y_um,source_x_um,target_z_um,target_y_um,target_x_um,distance_um,dz_um,dy_um,dx_um,dxy_um,abs_dz_um,direction_z,direction_y,direction_x,normalized_abs_dz,xy_z_ratio,source_dog_score,target_dog_score,source_score_ratio,target_score_ratio,score_difference,score_ratio_target_source,has_previous_observation,track_history_length,has_velocity_history,previous_velocity_z,previous_velocity_y,previous_velocity_x,previous_velocity_magnitude,velocity_change,direction_change,source_candidate_count_3um,source_candidate_count_4um,source_candidate_count_5um,target_rank_by_distance,nearest_competitor_distance_um,second_nearest_distance_um,distance_margin_um,distance_ratio_to_second,target_candidate_count_3um,target_candidate_count_4um,target_candidate_count_5um,nearest_source_competitor_distance_um,target_distance_margin_um,source_neighbor_count_3um,source_neighbor_count_5um,target_neighbor_count_3um,target_neighbor_count_5um,density_ratio_target_source,source_refinement_shift_3d,source_refinement_shift_z,source_refinement_shift_xy,target_refinement_shift_3d,target_refinement_shift_z,target_refinement_shift_xy,max_refinement_shift_3d,source_raw_center_intensity,target_raw_center_intensity,source_raw_local_contrast,target_raw_local_contrast,source_raw_signal_background_ratio,target_raw_signal_background_ratio,intensity_difference,contrast_difference,label_category,association_label
3,52,0,1,93.312,62.805,69.9465,96.2115,61.2428,71.0051,3.4596,2.8995,-1.5622,1.0587,1.8872,2.8995,0.8381,-0.4516,0.306,1.7843,0.6508,0.27071,0.20167,2.5692,1.89,-0.06905,0.7449,0,1,0,0.0,0.0,0.0,0.0,0.0,0.0,0,1,1,1,3.4596,5.0,1.5404,0.6919,1,2,2,1.8192,-1.6403,0,1,1,3,2.0,0.7099,0.687,0.1786,0.3624,0.3365,0.1343,0.7099,873.0,893.0,0.7797,0.3663,1.8415,1.3452,20.0,-0.4134,AMBIGUOUS,0
4,61,0,1,89.1928,50.2516,12.241,90.5031,50.1051,15.5521,3.564,1.3103,-0.1465,3.3111,3.3144,1.3103,0.3676,-0.0411,0.9291,0.8063,2.5295,0.26922,0.19224,2.555,1.8016,-0.07698,0.7141,0,1,0,0.0,0.0,0.0,0.0,0.0,0.0,0,1,1,1,3.564,5.0,1.436,0.7128,0,1,1,3.564,1.436,1,3,0,0,0.25,0.2264,0.1822,0.1345,0.5279,0.4969,0.1782,0.5279,930.0,685.0,0.5869,0.5225,1.7333,1.5398,-245.0,-0.0644,AMBIGUOUS,0
6,38,0,1,49.8863,58.5211,7.4848,50.4749,57.834,9.3039,2.0316,0.5886,-0.6872,1.819,1.9445,0.5886,0.2897,-0.3382,0.8953,0.3622,3.3033,0.26735,0.21933,2.5373,2.0555,-0.04802,0.8204,0,1,0,0.0,0.0,0.0,0.0,0.0,0.0,1,1,1,1,2.0316,5.0,2.9684,0.4063,1,1,1,2.0316,2.9684,0,0,0,0,1.0,0.5186,0.4887,0.1736,0.1817,0.0999,0.1518,0.5186,948.0,1008.0,0.6301,0.4762,1.7045,1.5673,60.0,-0.1539,AMBIGUOUS,0
7,19,0,1,66.0351,63.4492,41.6166,69.6733,61.7975,39.0332,4.758,3.6382,-1.6517,-2.5834,3.0663,3.6382,0.7646,-0.3471,-0.543,2.2389,0.8428,0.26725,0.24389,2.5363,2.2857,-0.02336,0.9126,0,1,0,0.0,0.0,0.0,0.0,0.0,0.0,0,0,1,1,4.758,5.0,0.242,0.9516,0,0,1,4.758,0.242,0,0,0,0,1.0,0.6209,0.5899,0.1939,0.2098,0.2017,0.0579,0.6209,925.0,831.0,0.5988,0.5489,1.6278,1.5427,-94.0,-0.0499,AMBIGUOUS,0
9,6,0,1,84.9715,54.7786,28.0152,88.3859,53.49,29.8944,4.1049,3.4144,-1.2886,1.8792,2.2786,3.4144,0.8318,-0.3139,0.4578,2.1011,0.6674,0.2628,0.26088,2.4941,2.4449,-0.00191,0.9927,0,1,0,0.0,0.0,0.0,0.0,0.0,0.0,0,0,2,1,4.1049,4.7448,0.64,0.8651,1,2,3,2.0153,-2.0896,0,2,0,1,0.6667,0.4763,0.4715,0.0671,0.6714,0.6359,0.2156,0.6714,951.0,964.0,0.6051,0.6368,1.7492,1.8946,13.0,0.0317,AMBIGUOUS,0
9,16,0,1,84.9715,54.7786,28.0152,80.8008,55.5983,25.9065,4.7448,-4.1707,0.8197,-2.1087,2.2624,4.1707,-0.879,0.1728,-0.4444,2.5666,0.5425,0.2628,0.2506,2.4941,2.3486,-0.01219,0.9536,0,1,0,0.0,0.0,0.0,0.0,0.0,0.0,0,0,2,2,4.1049,4.1049,-0.64,1.1559,0,0,2,4.5935,-0.1513,0,2,0,1,0.6667,0.4763,0.4715,0.0671,0.4624,0.4492,0.11,0.4763,951.0,942.0,0.6051,0.5865,1.7492,1.7828,-9.0,-0.0186,AMBIGUOUS,0
10,8,0,1,75.9134,53.4937,6.5646,78.5643,50.3597,7.8317,4.2959,2.6509,-3.134,1.2671,3.3805,2.6509,0.6171,-0.7295,0.295,1.6313,1.2752,0.25906,0.25963,2.4586,2.4332,0.00057,1.0022,0,1,0,0.0,0.0,0.0,0.0,0.0,0.0,0,0,1,1,4.2959,5.0,0.7041,0.8592,0,0,1,4.2959,0.7041,0,0,2,2,3.0,0.4842,0.4616,0.1463,0.5757,0.5643,0.114,0.5757,1088.0,965.0,0.6,0.5855,1.8217,1.6171,-123.0,-0.0145,AMBIGUOUS,0
12,6,0,1,89.5563,54.2546,26.4697,88.3859,53.49,29.8944,3.6991,-1.1704,-0.7646,3.4247,3.5091,1.1704,-0.3164,-0.2067,0.9258,0.7202,2.9982,0.25757,0.26088,2.4445,2.4449,0.00332,1.0129,0,1,0,0.0,0.0,0.0,0.0,0.0,0.0,0,1,3,1,3.6991,4.73,1.0309,0.782,1,2,3,2.0153,-1.6838,1,2,0,1,0.6667,0.2652,0.1813,0.1936,0.6714,0.6359,0.2156,0.6714,975.0,964.0,0.6177,0.6368,1.7814,1.8946,-11.0,0.0191,AMBIGUOUS,0
12,14,0,1,89.5563,54.2546,26.4697,92.0597,53.5917,30.4278,4.73,2.5034,-0.6629,3.9581,4.0132,2.5034,0.5293,-0.1402,0.8368,1.5405,1.6031,0.25757,0.25273,2.4445,2.3685,-0.00484,0.9812,0,1,0,0.0,0.0,0.0,0.0,0.0,0.0,0,1,3,2,3.6991,3.6991,-1.0309,1.2787,0,1,2,3.5849,-1.1451,1,2,0,2,1.0,0.2652,0.1813,0.1936,0.5678,0.5653,0.0528,0.5678,975.0,1019.0,0.6177,0.5758,1.7814,1.7471,44.0,-0.0419,AMBIGUOUS,0
12,1,0,1,89.5563,54.2546,26.4697,93.8024,52.1286,26.5916,4.7502,4.2461,-2.126,0.1219,2.1295,4.2461,0.8939,-0.4476,0.0257,2.613,0.5015,0.25757,0.29171,2.4445,2.7339,0.03414,1.1326,0,1,0,0.0,0.0,0.0,0.0,0.0,0.0,0,1,3,3,3.6991,3.6991,-1.0511,1.2842,0,0,1,4.7502,0.2498,1,2,0,1,0.6667,0.2652,0.1813,0.1936,0.5012,0.4476,0.2255,0.5012,975.0,1067.0,0.6177,0.7752,1.7814,1.9788,92.0,0.1575,AMBIGUOUS,0
15,183,0,1,69.3951,58.08,17.7834,69.8604,60.041,16.7874,2.2481,0.4653,1.961,-0.996,2.1995,0.4653,0.207,0.8723,-0.443,0.2863,4.727,0.25459,0.05347,2.4161,0.5011,-0.20111,0.21,0,1,0,0.0,0.0,0.0,0.0,0.0,0.0,1,3,4,1,2.2481,3.1888,0.9406,0.705,1,2,2,2.2481,1.5909,1,1,0,0,0.5,0.4887,0.4799,0.0926,0.1564,0.0146,0.1557,0.4887,871.0,514.0,0.5679,0.1305,1.5699,1.1005,-357.0,-0.4374,AMBIGUOUS,0
15,47,0,1,69.3951,58.08,17.7834,68.5542,55.0087,17.9514,3.1888,-0.8409,-3.0713,0.168,3.0759,0.8409,-0.2637,-0.9632,0.0527,0.5175,3.6577,0.25459,0.20707,2.4161,1.9406,-0.04752,0.8133,0,1,0,0.0,0.0,0.0,0.0,0.0,0.0,1,3,4,2,2.2481,2.2481,-0.9406,1.4184,0,2,2,3.0616,-0.1272,1,1,0,2,1.5,0.4887,0.4799,0.0926,0.3544,0.3042,0.1818,0.4887,871.0,889.0,0.5679,0.3325,1.5699,1.3921,18.0,-0.2355,AMBIGUOUS,0
15,40,0,1,69.3951,58.08,17.7834,71.1209,56.1094,20.5374,3.8008,1.7258,-1.9706,2.754,3.3864,1.7258,0.4541,-0.5185,0.7246,1.062,1.9622,0.25459,0.21596,2.4161,2.0239,-0.03863,0.8483,0,1,0,0.0,0.0,0.0,0.0,0.0,0.0,1,3,4,3,2.2481,2.2481,-1.5527,1.6907,0,1,1,3.8008,1.1992,1,1,0,2,1.5,0.4887,0.4799,0.0926,0.4228,0.3791,0.1874,0.4887,871.0,925.0,0.5679,0.4797,1.5699,1.5166,54.0,-0.0882,AMBIGUOUS,0
15,27,0,1,69.3951,58.08,17.7834,72.4011,55.0447,16.6751,4.4133,3.006,-3.0353,-1.1083,3.2313,3.006,0.6811,-0.6878,-0.2511,1.8498,1.075,0.25459,0.23428,2.4161,2.1956,-0.02031,0.9202,0,1,0,0.0,0.0,0.0,0.0,0.0,0.0,1,3,4,4,2.2481,2.2481,-2.1652,1.9631,0,1,2,3.576,-0.8373,1,1,0,3,2.0,0.4887,0.4799,0.0926,0.7515,0.7239,0.2018,0.7515,871.0,910.0,0.5679,0.5583,1.5699,1.6236,39.0,-0.0097,AMBIGUOUS,0
19,34,0,1,68.3438,62.7247,33.7419,69.7081,60.8753,33.9919,2.3118,1.3644,-1.8494,0.25,1.8663,1.3644,0.5902,-0.8,0.1081,0.8396,1.3678,0.25289,0.22137,2.4001,2.0746,-0.03153,0.8753,0,1,0,0.0,0.0,0.0,0.0,0.0,0.0,1,1,1,1,2.3118,5.0,2.6882,0.4624,1,2,2,2.3118,1.5309,0,1,0,0,0.5,0.1888,0.0938,0.1638,0.2223,0.1669,0.147,0.2223,1087.0,850.0,0.6719,0.4282,1.7435,1.4004,-237.0,-0.2437,AMBIGUOUS,0
20,9,0,1,60.3406,57.0268,10.8547,56.4315,58.7977,9.7814,4.4237,-3.9091,1.7709,-1.0734,2.0708,3.9091,-0.8837,0.4003,-0.2426,2.4056,0.5297,0.25268,0.25846,2.398,2.4222,0.00578,1.0229,0,1,0,0.0,0.0,0.0,0.0,0.0,0.0,0,0,1,1,4.4237,5.0,0.5763,0.8847,0,0,1,4.4237,0.5763,0,0,1,1,2.0,0.2873,0.2156,0.1899,0.4576,0.4435,0.113,0.4576,1040.0,905.0,0.5366,0.5161,1.6404,1.7337,-135.0,-0.0204,AMBIGUOUS,0
22,6,0,1,89.1768,55.0173,28.844,88.3859,53.49,29.8944,2.0153,-0.7909,-1.5272,1.0504,1.8536,0.7909,-0.3925,-0.7578,0.5212,0.4867,2.3437,0.25233,0.26088,2.3948,2.4449,0.00855,1.0339,0,1,0,0.0,0.0,0.0,0.0,0.0,0.0,1,2,2,1,2.0153,3.5849,1.5696,0.5622,1,2,3,2.0153,1.6838,1,2,0,1,0.6667,0.2634,0.1982,0.1735,0.6714,0.6359,0.2156,0.6714,1007.0,964.0,0.5053,0.6368,1.6222,1.8946,-43.0,0.1315,AMBIGUOUS,0
22,14,0,1,89.1768,55.0173,28.844,92.0597,53.5917,30.4278,3.5849,2.8829,-1.4256,1.5837,2.1308,2.8829,0.8042,-0.3977,0.4418,1.7741,0.7391,0.25233,0.25273,2.3948,2.3685,0.0004,1.0016,0,1,0,0.0,0.0,0.0,0.0,0.0,0.0,1,2,2,2,2.0153,2.0153,-1.5696,1.7789,0,1,2,3.5849,1.1451,1,2,0,2,1.0,0.2634,0.1982,0.1735,0.5678,0.5653,0.0528,0.5678,1007.0,1019.0,0.5053,0.5758,1.6222,1.7471,12.0,0.0705,AMBIGUOUS,0
23,35,0,1,64.7251,66.611,48.9134,66.9627,62.9528,51.1145,4.8202,2.2376,-3.6582,2.2011,4.2694,2.2376,0.4642,-0.7589,0.4566,1.377,1.908,0.24956,0.22106,2.3684,2.0717,-0.02849,0.8858,0,1,0,0.0,0.0,0.0,0.0,0.0,0.0,0,0,1,1,4.8202,5.0,0.1798,0.964,0,0,1,4.8202,0.1798,1,2,0,0,0.3333,0.3201,0.2749,0.164,0.3459,0.3377,0.0747,0.3459,865.0,974.0,0.5635,0.4457,1.6297,1.4495,109.0,-0.1178,AMBIGUOUS,0
28,34,0,1,69.6884,60.2604,30.1987,69.7081,60.8753,33.9919,3.8427,0.0197,0.6149,3.7932,3.8427,0.0197,0.0051,0.16,0.9871,0.0121,194.669,0.24757,0.22137,2.3496,2.0746,-0.0262,0.8942,0,1,0,0.0,0.0,0.0,0.0,0.0,0.0,0,1,1,1,3.8427,5.0,1.1573,0.7685,1,2,2,2.3118,-1.5309,0,2,0,0,0.3333,0.2678,0.1866,0.1921,0.2223,0.1669,0.147,0.2678,946.0,850.0,0.5395,0.4282,1.5747,1.4004,-96.0,-0.1113,AMBIGUOUS,0
29,185,0,1,61.4907,66.7736,52.4597,62.9085,68.9785,55.0574,3.6905,1.4178,2.205,2.5977,3.4073,1.4178,0.3842,0.5975,0.7039,0.8725,2.4033,0.24687,0.04667,2.3429,0.4374,-0.2002,0.189,0,1,0,0.0,0.0,0.0,0.0,0.0,0.0,0,1,1,1,3.6905,5.0,1.3095,0.7381,0,1,1,3.6905,1.3095,0,2,0,0,0.3333,0.3036,0.2593,0.1579,0.5116,0.4665,0.2101,0.5116,922.0,289.0,0.5516,0.2534,1.6054,1.265,-633.0,-0.2983,AMBIGUOUS,0
30,7,0,1,83.0731,49.6081,2.8633,79.7498,49.6705,6.1388,4.6666,-3.3233,0.0624,3.2755,3.2761,3.3233,-0.7121,0.0134,0.7019,2.0451,0.9858,0.24635,0.26039,2.338,2.4403,0.01404,1.057,0,1,0,0.0,0.0,0.0,0.0,0.0,0.0,0,0,1,1,4.6666,5.0,0.3334,0.9333,0,0,1,4.6666,0.3334,0,0,1,2,3.0,0.2043,0.1981,0.0496,0.1711,0.1248,0.117,0.2043,901.0,975.0,0.5635,0.6156,1.8427,1.6867,74.0,0.0521,AMBIGUOUS,0
31,125,0,1,76.7667,53.9759,20.0041,75.8792,56.0062,17.7074,3.1914,-0.8876,2.0303,-2.2967,3.0655,0.8876,-0.2781,0.6362,-0.7197,0.5462,3.4539,0.24271,0.13301,2.3035,1.2465,-0.10971,0.548,0,1,0,0.0,0.0,0.0,0.0,0.0,0.0,0,1,2,1,3.1914,4.9159,1.7245,0.6492,0,1,2,3.1914,1.0708,0,0,0,1,2.0,0.4075,0.3917,0.1125,0.5264,0.4958,0.1768,0.5264,997.0,629.0,0.5646,0.268,1.6365,1.3461,-368.0,-0.2966,AMBIGUOUS,0
31,150,0,1,76.7667,53.9759,20.0041,79.5578,57.9957,20.4692,4.9159,2.7911,4.0198,0.4651,4.0466,2.7911,0.5678,0.8177,0.0946,1.7176,1.4498,0.24271,0.10529,2.3035,0.9867,-0.13742,0.4338,0,1,0,0.0,0.0,0.0,0.0,0.0,0.0,0,1,2,2,3.1914,3.1914,-1.7245,1.5404,0,0,2,4.2748,-0.6411,0,0,1,1,2.0,0.4075,0.3917,0.1125,0.1967,0.0672,0.1849,0.4075,997.0,541.0,0.5646,0.2948,1.6365,1.3099,-456.0,-0.2698,AMBIGUOUS,0
32,187,0,1,66.1579,56.1082,1.1001,64.1269,58.4616,2.3052,3.334,-2.0311,2.3534,1.2051,2.6439,2.0311,-0.6092,0.7059,0.3614,1.2499,1.3018,0.24251,0.044,2.3015,0.4124,-0.19851,0.1814,0,1,0,0.0,0.0,0.0,0.0,0.0,0.0,0,2,2,1,3.334,3.4909,0.1569,0.955,0,1,1,3.334,1.666,0,0,0,0,1.0,0.4841,0.4671,0.1271,0.7644,0.7519,0.1378,0.7644,1045.0,390.0,0.8185,0.1844,2.0208,1.2672,-655.0,-0.6342,AMBIGUOUS,0
32,63,0,1,66.1579,56.1082,1.1001,66.441,53.1301,2.8993,3.4909,0.2831,-2.9782,1.7992,3.4794,0.2831,0.0811,-0.8531,0.5154,0.1742,12.2901,0.24251,0.18715,2.3015,1.7539,-0.05537,0.7717,0,1,0,0.0,0.0,0.0,0.0,0.0,0.0,0,2,2,2,3.334,3.334,-0.1569,1.0471,0,2,2,3.042,-0.449,0,0,0,1,2.0,0.4841,0.4671,0.1271,0.2117,0.184,0.1047,0.4841,1045.0,849.0,0.8185,0.2702,2.0208,1.3948,-196.0,-0.5483,AMBIGUOUS,0
34,180,0,1,78.4909,60.381,36.6244,76.2863,61.2069,38.0677,2.7614,-2.2046,0.8259,1.4433,1.6629,2.2046,-0.7984,0.2991,0.5227,1.3567,0.7543,0.23851,0.05972,2.2635,0.5597,-0.17879,0.2504,0,1,0,0.0,0.0,0.0,0.0,0.0,0.0,1,2,2,1,2.7614,3.3348,0.5734,0.8281,1,1,1,2.7614,2.2386,1,1,0,1,1.0,0.5171,0.4909,0.1625,0.2024,0.0887,0.1819,0.5171,944.0,312.0,0.4824,0.2603,1.5459,1.4786,-632.0,-0.2221,AMBIGUOUS,0
34,184,0,1,78.4909,60.381,36.6244,75.8026,60.456,34.6525,3.3348,-2.6883,0.075,-1.9719,1.9734,2.6883,-0.8061,0.0225,-0.5913,1.6543,0.7341,0.23851,0.05134,2.2635,0.4812,-0.18717,0.2153,0,1,0,0.0,0.0,0.0,0.0,0.0,0.0,1,2,2,2,2.7614,2.7614,-0.5734,1.2077,0,1,1,3.3348,1.6652,1,1,0,1,1.0,0.5171,0.4909,0.1625,0.59,0.5724,0.1427,0.59,944.0,301.0,0.4824,0.2079,1.5459,1.5588,-643.0,-0.2745,AMBIGUOUS,0
36,17,0,1,63.9587,61.0059,29.1862,62.7435,61.3635,28.1244,1.6529,-1.2153,0.3576,-1.0617,1.1203,1.2153,-0.7352,0.2163,-0.6424,0.7479,0.9219,0.23354,0.25032,2.2165,2.3459,0.01677,1.0718,0,1,0,0.0,0.0,0.0,0.0,0.0,0.0,1,1,1,1,1.6529,5.0,3.3471,0.3306,1,2,2,1.6529,1.6546,1,1,0,1,1.0,0.5912,0.5837,0.0936,0.6387,0.6315,0.0953,0.6387,981.0,861.0,0.4696,0.6076,1.5862,1.8693,-120.0,0.138,AMBIGUOUS,0
37,157,0,1,41.6642,72.1328,59.2205,40.6129,73.0529,57.3829,2.3084,-1.0513,0.9202,-1.8376,2.0551,1.0513,-0.4554,0.3986,-0.796,0.647,1.9548,0.23328,0.09778,2.2139,0.9164,-0.1355,0.4192,0,1,0,0.0,0.0,0.0,0.0,0.0,0.0,2,2,3,1,2.3084,2.6465,0.3381,0.8722,2,2,2,1.9822,-0.3262,0,1,1,1,1.0,0.6197,0.5858,0.2019,0.1252,0.0121,0.1246,0.6197,1021.0,599.0,0.5667,0.2405,1.5888,1.252,-422.0,-0.3262,AMBIGUOUS,0
37,161,0,1,41.6642,72.1328,59.2205,39.2558,73.2264,59.1306,2.6465,-2.4083,1.0936,-0.0899,1.0973,2.4083,-0.91,0.4132,-0.034,1.4821,0.4556,0.23328,0.09195,2.2139,0.8618,-0.14133,0.3942,0,1,0,0.0,0.0,0.0,0.0,0.0,0.0,2,2,3,2,2.3084,2.3084,-0.3381,1.1465,1,2,2,2.6465,0.9796,0,1,1,1,1.0,0.6197,0.5858,0.2019,0.3299,0.2558,0.2083,0.6197,1021.0,601.0,0.5667,0.2127,1.5888,1.2251,-420.0,-0.354,AMBIGUOUS,0
37,45,0,1,41.6642,72.1328,59.2205,42.1347,67.7018,57.3418,4.8358,0.4705,-4.431,-1.8786,4.8128,0.4705,0.0973,-0.9163,-0.3885,0.2895,10.2295,0.23328,0.21285,2.2139,1.9948,-0.02043,0.9124,0,1,0,0.0,0.0,0.0,0.0,0.0,0.0,2,2,3,3,2.3084,2.3084,-2.5274,2.0949,0,0,3,4.1367,-0.699,0,1,0,1,1.0,0.6197,0.5858,0.2019,0.1927,0.1153,0.1544,0.6197,1021.0,929.0,0.5667,0.4286,1.5888,1.4217,-92.0,-0.1381,AMBIGUOUS,0
38,166,0,1,74.1753,64.5223,56.7458,72.3539,66.85,60.218,4.5598,-1.8213,2.3277,3.4722,4.1802,1.8213,-0.3994,0.5105,0.7615,1.1208,2.2951,0.23301,0.08463,2.2113,0.7931,-0.14838,0.3632,0,1,0,0.0,0.0,0.0,0.0,0.0,0.0,0,0,1,1,4.5598,5.0,0.4402,0.912,0,0,1,4.5598,0.4402,0,1,0,0,0.5,0.5934,0.5747,0.1476,0.7975,0.7711,0.2038,0.7975,816.0,414.0,0.5845,0.3556,1.6031,1.3678,-402.0,-0.2289,AMBIGUOUS,0
39,17,0,1,65.9211,60.5896,28.6174,62.7435,61.3635,28.1244,3.3075,-3.1777,0.7739,-0.493,0.9176,3.1777,-0.9607,0.234,-0.149,1.9555,0.2888,0.23085,0.25032,2.1909,2.3459,0.01947,1.0843,0,1,0,0.0,0.0,0.0,0.0,0.0,0.0,0,1,1,1,3.3075,5.0,1.6925,0.6615,1,2,2,1.6529,-1.6546,1,2,0,1,0.6667,0.7288,0.7039,0.1891,0.6387,0.6315,0.0953,0.7288,1009.0,861.0,0.5761,0.6076,1.6115,1.8693,-148.0,0.0315,AMBIGUOUS,0
44,84,0,1,17.0868,74.3786,75.7012,14.668,75.8425,78.1856,3.7638,-2.4188,1.4639,2.4844,2.8836,2.4188,-0.6427,0.3889,0.6601,1.4885,1.1922,0.22606,0.17045,2.1454,1.5974,-0.05561,0.754,0,1,0,0.0,0.0,0.0,0.0,0.0,0.0,0,1,1,1,3.7638,5.0,1.2362,0.7528,0,1,1,3.7638,1.2362,0,0,0,0,1.0,0.8011,0.7882,0.143,0.2285,0.043,0.2244,0.8011,959.0,720.0,0.5122,0.3851,1.5853,1.3639,-239.0,-0.1272,AMBIGUOUS,0
46,60,0,1,94.4698,65.2904,89.8916,91.5088,63.9607,89.8587,3.246,-2.961,-1.3297,-0.0329,1.3301,2.961,-0.9122,-0.4096,-0.0101,1.8221,0.4492,0.22381,0.19372,2.124,1.8155,-0.03008,0.8656,0,1,0,0.0,0.0,0.0,0.0,0.0,0.0,0,2,2,1,3.246,3.5226,0.2766,0.9215,0,1,2,3.246,1.1492,1,2,0,1,0.6667,0.2718,0.2198,0.16,0.545,0.5088,0.1955,0.545,874.0,755.0,0.4771,0.4602,1.4945,1.4242,-119.0,-0.0169,AMBIGUOUS,0
46,79,0,1,94.4698,65.2904,89.8916,92.6075,65.2998,92.8817,3.5226,-1.8623,0.0094,2.9901,2.9901,1.8623,-0.5287,0.0027,0.8488,1.146,1.6056,0.22381,0.17537,2.124,1.6435,-0.04844,0.7836,0,1,0,0.0,0.0,0.0,0.0,0.0,0.0,0,2,2,2,3.246,3.246,-0.2766,1.0852,1,2,2,1.9011,-1.6215,1,2,0,1,0.6667,0.2718,0.2198,0.16,0.1844,0.0175,0.1836,0.2718,874.0,770.0,0.4771,0.3676,1.4945,1.3468,-104.0,-0.1095,AMBIGUOUS,0
47,47,0,1,69.3872,56.4908,15.4053,68.5542,55.0087,17.9514,3.0616,-0.833,-1.4821,2.5462,2.9461,0.833,-0.2721,-0.4841,0.8316,0.5126,3.5368,0.21953,0.20707,2.0834,1.9406,-0.01246,0.9432,0,1,0,0.0,0.0,0.0,0.0,0.0,0.0,0,3,3,1,3.0616,3.576,0.5144,0.8562,0,2,2,3.0616,0.1272,1,1,0,2,1.5,0.4894,0.4878,0.0391,0.3544,0.3042,0.1818,0.4894,833.0,889.0,0.4672,0.3325,1.5466,1.3921,56.0,-0.1347,AMBIGUOUS,0
47,27,0,1,69.3872,56.4908,15.4053,72.4011,55.0447,16.6751,3.576,3.014,-1.4461,1.2698,1.9245,3.014,0.8428,-0.4044,0.3551,1.8547,0.6385,0.21953,0.23428,2.0834,2.1956,0.01475,1.0672,0,1,0,0.0,0.0,0.0,0.0,0.0,0.0,0,3,3,2,3.0616,3.0616,-0.5144,1.168,0,1,2,3.576,0.8373,1,1,0,3,2.0,0.4894,0.4878,0.0391,0.7515,0.7239,0.2018,0.7515,833.0,910.0,0.4672,0.5583,1.5466,1.6236,77.0,0.0911,AMBIGUOUS,0
47,183,0,1,69.3872,56.4908,15.4053,69.8604,60.041,16.7874,3.839,0.4733,3.5502,1.3821,3.8098,0.4733,0.1233,0.9248,0.36,0.2912,8.05,0.21953,0.05347,2.0834,0.5011,-0.16606,0.2436,0,1,0,0.0,0.0,0.0,0.0,0.0,0.0,0,3,3,3,3.0616,3.0616,-0.7774,1.2539,1,2,2,2.2481,-1.5909,1,1,0,0,0.5,0.4894,0.4878,0.0391,0.1564,0.0146,0.1557,0.4894,833.0,514.0,0.4672,0.1305,1.5466,1.1005,-319.0,-0.3367,AMBIGUOUS,0
49,5,0,1,61.1256,60.5396,17.588,61.0989,59.8403,17.6701,0.7046,-0.0267,-0.6993,0.0821,0.7041,0.0267,-0.0379,-0.9925,0.1165,0.0164,26.3836,0.21649,0.26236,2.0546,2.4587,0.04586,1.2118,0,1,0,0.0,0.0,0.0,0.0,0.0,0.0,1,1,1,1,0.7046,5.0,4.2954,0.1409,1,1,1,0.7046,4.2954,0,0,0,0,1.0,0.6358,0.6244,0.1196,0.6923,0.6511,0.2352,0.6923,1007.0,893.0,0.4843,0.6212,1.5793,1.6966,-114.0,0.1369,AMBIGUOUS,0
50,79,0,1,94.4671,65.6221,92.6527,92.6075,65.2998,92.8817,1.9011,-1.8596,-0.3222,0.2289,0.3953,1.8596,-0.9781,-0.1695,0.1204,1.1443,0.2126,0.21636,0.17537,2.0534,1.6435,-0.04099,0.8105,0,1,0,0.0,0.0,0.0,0.0,0.0,0.0,1,1,2,1,1.9011,4.3952,2.4941,0.4325,1,2,2,1.9011,1.6215,1,2,0,1,0.6667,0.2901,0.2171,0.1924,0.1844,0.0175,0.1836,0.2901,832.0,770.0,0.4567,0.3676,1.4537,1.3468,-62.0,-0.0891,AMBIGUOUS,0
50,60,0,1,94.4671,65.6221,92.6527,91.5088,63.9607,89.8587,4.3952,-2.9583,-1.6614,-2.794,3.2507,2.9583,-0.6731,-0.378,-0.6357,1.8205,1.0988,0.21636,0.19372,2.0534,1.8155,-0.02264,0.8954,0,1,0,0.0,0.0,0.0,0.0,0.0,0.0,1,1,2,2,1.9011,1.9011,-2.4941,2.3119,0,1,2,3.246,-1.1492,1,2,0,1,0.6667,0.2901,0.2171,0.1924,0.545,0.5088,0.1955,0.545,832.0,755.0,0.4567,0.4602,1.4537,1.4242,-77.0,0.0035,AMBIGUOUS,0
55,66,0,1,49.0401,71.7695,77.5623,46.4625,71.3465,78.9603,2.9626,-2.5776,-0.4231,1.3979,1.4606,2.5776,-0.87,-0.1428,0.4719,1.5862,0.5666,0.20946,0.1849,1.9879,1.7328,-0.02457,0.8827,0,1,0,0.0,0.0,0.0,0.0,0.0,0.0,1,1,1,1,2.9626,5.0,2.0374,0.5925,1,1,1,2.9626,2.0374,0,1,0,1,1.0,0.3222,0.2901,0.1403,0.6959,0.6625,0.2131,0.6959,1003.0,753.0,0.4344,0.449,1.5032,1.4254,-250.0,0.0146,AMBIGUOUS,0
56,36,0,1,52.3912,65.5461,37.6009,50.826,63.6891,39.8919,3.3387,-1.5652,-1.857,2.291,2.9491,1.5652,-0.4688,-0.5562,0.6862,0.9632,1.8841,0.20842,0.21943,1.978,2.0565,0.01101,1.0528,0,1,0,0.0,0.0,0.0,0.0,0.0,0.0,0,1,2,1,3.3387,4.3904,1.0516,0.7605,0,1,1,3.3387,1.6613,0,1,0,0,0.5,0.4529,0.3912,0.2282,0.4671,0.451,0.1216,0.4671,810.0,850.0,0.5063,0.3929,1.5279,1.5353,40.0,-0.1134,AMBIGUOUS,0
56,15,0,1,52.3912,65.5461,37.6009,56.4103,63.9575,38.3743,4.3904,4.0191,-1.5886,0.7734,1.7669,4.0191,0.9154,-0.3618,0.1762,2.4733,0.4396,0.20842,0.25269,1.978,2.3682,0.04427,1.2124,0,1,0,0.0,0.0,0.0,0.0,0.0,0.0,0,1,2,2,3.3387,3.3387,-1.0516,1.315,1,1,2,2.4723,-1.9181,0,1,0,0,0.5,0.4529,0.3912,0.2282,0.531,0.4647,0.2569,0.531,810.0,961.0,0.5063,0.5601,1.5279,1.6567,151.0,0.0538,AMBIGUOUS,0
57,96,0,1,32.6034,62.7343,13.0834,30.5229,61.5023,13.8895,2.5488,-2.0805,-1.232,0.8061,1.4723,2.0805,-0.8163,-0.4834,0.3163,1.2803,0.7076,0.20807,0.16101,1.9747,1.5089,-0.04707,0.7738,0,1,0,0.0,0.0,0.0,0.0,0.0,0.0,1,2,4,1,2.5488,3.6173,1.0686,0.7046,1,1,1,2.5488,2.4512,0,0,1,2,3.0,0.2172,0.1034,0.191,0.3938,0.3521,0.1763,0.3938,939.0,830.0,0.4219,0.282,1.369,1.3195,-109.0,-0.1398,AMBIGUOUS,0
57,92,0,1,32.6034,62.7343,13.0834,30.5135,61.5125,10.3955,3.6173,-2.0899,-1.2218,-2.6879,2.9526,2.0899,-0.5777,-0.3378,-0.7431,1.2861,1.4128,0.20807,0.16258,1.9747,1.5236,-0.0455,0.7813,0,1,0,0.0,0.0,0.0,0.0,0.0,0.0,1,2,4,2,2.5488,2.5488,-1.0686,1.4192,0,1,1,3.6173,1.3827,0,0,0,3,4.0,0.2172,0.1034,0.191,0.4325,0.3615,0.2374,0.4325,939.0,832.0,0.4219,0.28,1.369,1.2718,-107.0,-0.1418,AMBIGUOUS,0
57,182,0,1,32.6034,62.7343,13.0834,34.0927,65.554,16.5042,4.6765,1.4893,2.8197,3.4208,4.4331,1.4893,0.3185,0.6029,0.7315,0.9165,2.9766,0.20807,0.05347,1.9747,0.5011,-0.1546,0.257,0,1,0,0.0,0.0,0.0,0.0,0.0,0.0,1,2,4,3,2.5488,2.5488,-2.1278,1.8348,1,1,2,2.3861,-2.2904,0,0,0,0,1.0,0.2172,0.1034,0.191,0.2145,0.0323,0.212,0.2172,939.0,483.0,0.4219,0.1275,1.369,1.1033,-456.0,-0.2943,AMBIGUOUS,0
57,87,0,1,32.6034,62.7343,13.0834,27.8705,61.6347,13.3773,4.8678,-4.7329,-1.0996,0.2939,1.1382,4.7329,-0.9723,-0.2259,0.0604,2.9125,0.2405,0.20807,0.16577,1.9747,1.5536,-0.0423,0.7967,0,1,0,0.0,0.0,0.0,0.0,0.0,0.0,1,2,4,4,2.5488,2.5488,-2.319,1.9099,0,0,1,4.8678,0.1322,0,0,1,3,4.0,0.2172,0.1034,0.191,0.2728,0.2455,0.1189,0.2728,939.0,879.0,0.4219,0.2744,1.369,1.2815,-60.0,-0.1475,AMBIGUOUS,0
58,56,0,1,49.9066,71.3522,74.5376,49.2077,70.7116,70.0204,4.6156,-0.6989,-0.6407,-4.5172,4.5624,0.6989,-0.1514,-0.1388,-0.9787,0.4301,6.5283,0.2073,0.19816,1.9674,1.8572,-0.00913,0.9559,0,1,0,0.0,0.0,0.0,0.0,0.0,0.0,0,0,1,1,4.6156,5.0,0.3844,0.9231,0,0,1,4.6156,0.3844,0,1,0,1,1.0,0.5281,0.4684,0.2438,0.4809,0.4577,0.1474,0.5281,884.0,837.0,0.4162,0.371,1.4353,1.3928,-47.0,-0.0452,AMBIGUOUS,0
59,177,0,1,40.0844,62.8446,10.3099,40.0558,64.1439,12.6672,2.6917,-0.0286,1.2992,2.3572,2.6916,0.0286,-0.0106,0.4827,0.8757,0.0176,94.0123,0.20659,0.06566,1.9606,0.6153,-0.14093,0.3178,0,1,0,0.0,0.0,0.0,0.0,0.0,0.0,1,1,2,1,2.6917,4.9566,2.2649,0.5431,1,1,1,2.6917,2.3083,0,0,0,0,1.0,0.5755,0.5406,0.1975,0.5756,0.5692,0.0854,0.5756,894.0,456.0,0.4311,0.211,1.3789,1.202,-438.0,-0.2201,AMBIGUOUS,0
59,20,0,1,40.0844,62.8446,10.3099,38.4892,59.0137,7.5993,4.9566,-1.5952,-3.8309,-2.7106,4.6929,1.5952,-0.3218,-0.7729,-0.5469,0.9817,2.9418,0.20659,0.24382,1.9606,2.285,0.03723,1.1802,0,1,0,0.0,0.0,0.0,0.0,0.0,0.0,1,1,2,2,2.6917,2.6917,-2.2649,1.8414,0,0,1,4.9566,0.0434,0,0,0,0,1.0,0.5755,0.5406,0.1975,0.5355,0.5108,0.1607,0.5755,894.0,838.0,0.4311,0.5041,1.3789,1.571,-56.0,0.0731,AMBIGUOUS,0
61,51,0,1,44.9166,62.7665,21.9101,48.6244,62.4397,22.3241,3.7452,3.7078,-0.3268,0.414,0.5274,3.7078,0.99,-0.0873,0.1105,2.2818,0.1422,0.20129,0.20221,1.9103,1.895,0.00092,1.0046,0,1,0,0.0,0.0,0.0,0.0,0.0,0.0,0,1,1,1,3.7452,5.0,1.2548,0.749,0,2,2,3.7452,0.2546,0,0,0,1,2.0,0.6181,0.5834,0.2041,0.1768,0.1256,0.1244,0.6181,921.0,1018.0,0.4148,0.4575,1.4333,1.6364,97.0,0.0427,AMBIGUOUS,0
62,137,0,1,25.3122,73.2026,84.1188,26.1599,71.5074,85.4732,2.3296,0.8477,-1.6952,1.3545,2.1699,0.8477,0.3639,-0.7277,0.5814,0.5217,2.5597,0.19511,0.12071,1.8517,1.1313,-0.07439,0.6187,0,1,0,0.0,0.0,0.0,0.0,0.0,0.0,1,1,2,1,2.3296,4.1333,1.8038,0.5636,1,1,1,2.3296,2.6704,0,0,0,2,3.0,0.6926,0.6878,0.0815,0.2268,0.1599,0.1609,0.6926,921.0,625.0,0.3832,0.2748,1.3867,1.2638,-296.0,-0.1084,AMBIGUOUS,0
62,154,0,1,25.3122,73.2026,84.1188,22.727,75.6171,86.2569,4.1333,-2.5851,2.4145,2.1381,3.2251,2.5851,-0.6254,0.5842,0.5173,1.5909,1.2476,0.19511,0.10092,1.8517,0.9458,-0.09419,0.5172,0,1,0,0.0,0.0,0.0,0.0,0.0,0.0,1,1,2,2,2.3296,2.3296,-1.8038,1.7743,0,0,2,4.1333,0.5635,0,0,0,0,1.0,0.6926,0.6878,0.0815,0.1446,0.023,0.1427,0.6926,921.0,578.0,0.3832,0.2654,1.3867,1.2187,-343.0,-0.1178,AMBIGUOUS,0
63,186,0,1,59.056,70.4415,69.4938,61.389,72.1255,73.095,4.6095,2.333,1.6839,3.6012,3.9755,2.333,0.5061,0.3653,0.7813,1.4357,1.704,0.19309,0.04582,1.8325,0.4294,-0.14727,0.2373,0,1,0,0.0,0.0,0.0,0.0,0.0,0.0,0,0,1,1,4.6095,5.0,0.3905,0.9219,1,1,3,1.8767,-2.7327,0,1,0,0,0.5,0.5792,0.556,0.1622,0.4076,0.361,0.1894,0.5792,927.0,340.0,0.3376,0.1887,1.2874,1.1732,-587.0,-0.1489,AMBIGUOUS,0
65,169,0,1,44.9389,64.5292,27.3271,44.1665,65.4878,26.382,1.552,-0.7724,0.9586,-0.9451,1.3462,0.7724,-0.4977,0.6176,-0.609,0.4753,1.7429,0.1899,0.07884,1.8022,0.7389,-0.11105,0.4152,0,1,0,0.0,0.0,0.0,0.0,0.0,0.0,1,1,1,1,1.552,5.0,3.448,0.3104,1,1,2,1.552,2.9993,0,1,0,0,0.5,0.5751,0.5611,0.1261,0.3037,0.2915,0.0851,0.5751,859.0,513.0,0.3754,0.2387,1.4477,1.2415,-346.0,-0.1367,AMBIGUOUS,0
66,83,0,1,27.6583,69.0558,30.6332,22.9701,69.0174,31.1022,4.7118,-4.6882,-0.0385,0.469,0.4706,4.6882,-0.995,-0.0082,0.0995,2.885,0.1004,0.18902,0.17079,1.7939,1.6006,-0.01823,0.9036,0,1,0,0.0,0.0,0.0,0.0,0.0,0.0,0,0,1,1,4.7118,5.0,0.2882,0.9424,0,0,1,4.7118,0.2882,0,0,0,0,1.0,0.1679,0.0333,0.1646,0.2873,0.2201,0.1846,0.2873,928.0,792.0,0.361,0.3931,1.3739,1.4186,-136.0,0.0321,AMBIGUOUS,0
69,136,0,1,32.6858,74.6141,102.058,34.344,73.4838,100.5178,2.5297,1.6582,-1.1303,-1.5402,1.9104,1.6582,0.6555,-0.4468,-0.6088,1.0205,1.1521,0.183,0.12076,1.7368,1.1318,-0.06224,0.6599,0,1,0,0.0,0.0,0.0,0.0,0.0,0.0,1,1,1,1,2.5297,5.0,2.4703,0.5059,1,1,1,2.5297,2.4703,0,0,0,1,2.0,0.2469,0.1858,0.1626,0.2838,0.219,0.1804,0.2838,864.0,606.0,0.4019,0.2843,1.4084,1.3141,-258.0,-0.1176,AMBIGUOUS,0
70,75,0,1,11.8384,74.5669,85.8701,8.2421,74.9827,87.0838,3.8183,-3.5963,0.4158,1.2138,1.283,3.5963,-0.9419,0.1089,0.3179,2.2131,0.3568,0.18204,0.17992,1.7276,1.6862,-0.00211,0.9884,0,1,0,0.0,0.0,0.0,0.0,0.0,0.0,0,1,2,1,3.8183,4.7771,0.9588,0.7993,0,1,1,3.8183,1.1817,0,0,0,0,1.0,0.5207,0.4634,0.2375,0.2554,0.1171,0.227,0.5207,916.0,861.0,0.3229,0.3097,1.3008,1.2501,-55.0,-0.0132,AMBIGUOUS,0
70,132,0,1,11.8384,74.5669,85.8701,15.9289,73.0696,83.909,4.7771,4.0906,-1.4973,-1.9611,2.4673,4.0906,0.8563,-0.3134,-0.4105,2.5173,0.6032,0.18204,0.12634,1.7276,1.184,-0.0557,0.694,0,1,0,0.0,0.0,0.0,0.0,0.0,0.0,0,1,2,2,3.8183,3.8183,-0.9588,1.2511,0,0,1,4.7771,0.2229,0,0,0,0,1.0,0.5207,0.4634,0.2375,0.3745,0.3211,0.1929,0.5207,916.0,765.0,0.3229,0.2264,1.3008,1.2372,-151.0,-0.0966,AMBIGUOUS,0
71,127,0,1,99.6502,62.1692,94.2921,100.5807,65.1005,97.0749,4.1476,0.9305,2.9314,2.7828,4.0419,0.9305,0.2244,0.7068,0.6709,0.5726,4.3436,0.18198,0.13186,1.727,1.2357,-0.05012,0.7246,0,1,0,0.0,0.0,0.0,0.0,0.0,0.0,0,0,1,1,4.1476,5.0,0.8524,0.8295,0,0,1,4.1476,0.8524,0,0,0,0,1.0,0.527,0.5252,0.0441,0.1978,0.1693,0.1023,0.527,893.0,609.0,0.3048,0.349,1.3033,1.3243,-284.0,0.0442,AMBIGUOUS,0
78,165,0,1,77.9152,64.8338,68.0049,76.3025,67.2649,66.5947,3.2403,-1.6127,2.431,-1.4102,2.8104,1.6127,-0.4977,0.7503,-0.4352,0.9925,1.7427,0.17821,0.08481,1.6913,0.7949,-0.09339,0.4759,0,1,0,0.0,0.0,0.0,0.0,0.0,0.0,0,1,1,1,3.2403,5.0,1.7597,0.6481,0,1,1,3.2403,1.7597,0,2,0,0,0.3333,0.2465,0.0848,0.2315,0.1897,0.0725,0.1753,0.2465,723.0,373.0,0.4365,0.3379,1.4443,1.3931,-350.0,-0.0986,AMBIGUOUS,0
82,51,0,1,48.4873,64.1248,25.949,48.6244,62.4397,22.3241,3.9998,0.1371,-1.6851,-3.6249,3.9974,0.1371,0.0343,-0.4213,-0.9063,0.0844,29.1463,0.17226,0.20221,1.6349,1.895,0.02994,1.1738,0,1,0,0.0,0.0,0.0,0.0,0.0,0.0,0,1,2,1,3.9998,4.5513,0.5515,0.8788,0,2,2,3.7452,-0.2546,0,1,0,1,1.0,0.2749,0.2627,0.0808,0.1768,0.1256,0.1244,0.2749,825.0,1018.0,0.3208,0.4575,1.3684,1.6364,193.0,0.1367,AMBIGUOUS,0
82,169,0,1,48.4873,64.1248,25.949,44.1665,65.4878,26.382,4.5513,-4.3207,1.363,0.433,1.4301,4.3207,-0.9493,0.2995,0.0951,2.6589,0.331,0.17226,0.07884,1.6349,0.7389,-0.09342,0.4577,0,1,0,0.0,0.0,0.0,0.0,0.0,0.0,0,1,2,2,3.9998,3.9998,-0.5515,1.1379,1,1,2,1.552,-2.9993,0,1,0,0,0.5,0.2749,0.2627,0.0808,0.3037,0.2915,0.0851,0.3037,825.0,513.0,0.3208,0.2387,1.3684,1.2415,-312.0,-0.0821,AMBIGUOUS,0
83,39,0,1,52.4088,69.3726,65.5828,53.0757,70.2347,65.5286,1.0913,0.6669,0.8621,-0.0542,0.8638,0.6669,0.6111,0.79,-0.0497,0.4104,1.2953,0.17029,0.21836,1.6161,2.0464,0.04807,1.2823,0,1,0,0.0,0.0,0.0,0.0,0.0,0.0,1,2,2,1,1.0913,3.7989,2.7076,0.2873,1,1,1,1.0913,3.9087,0,0,0,1,2.0,0.4556,0.4088,0.201,0.5646,0.5493,0.1309,0.5646,852.0,844.0,0.3296,0.4348,1.3436,1.482,-8.0,0.1051,AMBIGUOUS,0
83,64,0,1,52.4088,69.3726,65.5828,53.0958,70.6866,69.0804,3.7989,0.687,1.314,3.4976,3.7363,0.687,0.1808,0.3459,0.9207,0.4228,5.4387,0.17029,0.18714,1.6161,1.7538,0.01685,1.0989,0,1,0,0.0,0.0,0.0,0.0,0.0,0.0,1,2,2,2,1.0913,1.0913,-2.7076,3.4811,0,1,1,3.7989,1.2011,0,0,0,2,3.0,0.4556,0.4088,0.201,0.5295,0.5292,0.0179,0.5295,852.0,793.0,0.3296,0.3699,1.3436,1.434,-59.0,0.0403,AMBIGUOUS,0
85,167,0,1,41.6604,73.8651,87.2988,38.053,75.3491,87.6291,3.9146,-3.6073,1.4839,0.3303,1.5203,3.6073,-0.9215,0.3791,0.0844,2.2199,0.4214,0.1686,0.08286,1.6001,0.7766,-0.08574,0.4915,0,1,0,0.0,0.0,0.0,0.0,0.0,0.0,0,1,1,1,3.9146,5.0,1.0854,0.7829,1,2,2,2.6874,-1.2272,0,2,0,0,0.3333,0.5957,0.5896,0.0852,0.7152,0.678,0.2276,0.7152,756.0,440.0,0.4065,0.307,1.4286,1.2879,-316.0,-0.0995,AMBIGUOUS,0
86,164,0,1,24.5308,75.4105,90.5886,21.1011,76.959,92.1974,4.0926,-3.4297,1.5485,1.6088,2.233,3.4297,-0.838,0.3784,0.3931,2.1106,0.6511,0.16326,0.0852,1.5494,0.7985,-0.07806,0.5219,0,1,0,0.0,0.0,0.0,0.0,0.0,0.0,0,0,3,1,4.0926,4.6968,0.6042,0.8714,0,0,1,4.0926,0.9074,0,0,0,0,1.0,0.2177,0.1558,0.1521,0.1806,0.0239,0.1791,0.2177,789.0,497.0,0.3439,0.2464,1.3369,1.2452,-292.0,-0.0975,AMBIGUOUS,0
86,154,0,1,24.5308,75.4105,90.5886,22.727,75.6171,86.2569,4.6968,-1.8038,0.2066,-4.3317,4.3366,1.8038,-0.384,0.044,-0.9223,1.11,2.4042,0.16326,0.10092,1.5494,0.9458,-0.06234,0.6181,0,1,0,0.0,0.0,0.0,0.0,0.0,0.0,0,0,3,2,4.0926,4.0926,-0.6042,1.1476,0,0,2,4.1333,-0.5635,0,0,0,0,1.0,0.2177,0.1558,0.1521,0.1446,0.023,0.1427,0.2177,789.0,578.0,0.3439,0.2654,1.3369,1.2187,-211.0,-0.0786,AMBIGUOUS,0
86,162,0,1,24.5308,75.4105,90.5886,22.2679,71.0086,91.0696,4.9729,-2.2629,-4.4019,0.481,4.4281,2.2629,-0.4551,-0.8852,0.0967,1.3926,1.9568,0.16326,0.08853,1.5494,0.8297,-0.07473,0.5423,0,1,0,0.0,0.0,0.0,0.0,0.0,0.0,0,0,3,3,4.0926,4.0926,-0.8803,1.2151,0,0,1,4.9729,0.0271,0,0,0,1,2.0,0.2177,0.1558,0.1521,0.4945,0.4821,0.11,0.4945,789.0,584.0,0.3439,0.2038,1.3369,1.1715,-205.0,-0.1401,AMBIGUOUS,0
87,65,0,1,34.2742,70.8353,70.5082,35.8098,70.8299,73.2633,3.1542,1.5356,-0.0055,2.7551,2.7552,1.5356,0.4868,-0.0017,0.8735,0.945,1.7942,0.16207,0.18531,1.5382,1.7367,0.02324,1.1434,0,1,0,0.0,0.0,0.0,0.0,0.0,0.0,0,1,1,1,3.1542,5.0,1.8458,0.6308,0,1,1,3.1542,1.8458,0,0,0,1,2.0,0.2761,0.1492,0.2324,0.2073,0.0598,0.1985,0.2761,711.0,886.0,0.3925,0.3489,1.3714,1.3422,175.0,-0.0436,AMBIGUOUS,0
89,131,0,1,16.1994,74.6788,99.7198,14.0388,76.2848,102.1845,3.6499,-2.1606,1.6059,2.4647,2.9417,2.1606,-0.592,0.44,0.6753,1.3296,1.3616,0.15569,0.12735,1.4776,1.1935,-0.02834,0.818,0,1,0,0.0,0.0,0.0,0.0,0.0,0.0,0,1,2,1,3.6499,4.59,0.9401,0.7952,0,1,1,3.6499,1.3501,0,0,0,0,1.0,0.2078,0.0506,0.2016,0.6229,0.5862,0.2108,0.6229,827.0,723.0,0.3031,0.3538,1.2924,1.3792,-104.0,0.0507,AMBIGUOUS,0
89,85,0,1,16.1994,74.6788,99.7198,20.034,72.2844,100.5141,4.59,3.8346,-2.3944,0.7942,2.5227,3.8346,0.8354,-0.5217,0.173,2.3597,0.6579,0.15569,0.16961,1.4776,1.5895,0.01392,1.0894,0,1,0,0.0,0.0,0.0,0.0,0.0,0.0,0,1,2,2,3.6499,3.6499,-0.9401,1.2576,0,0,1,4.59,0.41,0,0,1,1,2.0,0.2078,0.0506,0.2016,0.5612,0.534,0.1726,0.5612,827.0,831.0,0.3031,0.3139,1.2924,1.2986,4.0,0.0108,AMBIGUOUS,0
90,55,0,1,42.786,66.0464,35.0613,41.4639,67.0912,38.3832,3.7248,-1.3221,1.0448,3.3218,3.4822,1.3221,-0.355,0.2805,0.8918,0.8136,2.6338,0.15421,0.19821,1.4635,1.8576,0.044,1.2853,0,1,0,0.0,0.0,0.0,0.0,0.0,0.0,0,1,1,1,3.7248,5.0,1.2752,0.745,1,2,2,0.8091,-2.9157,0,1,0,2,1.5,0.5765,0.536,0.2122,0.8123,0.7861,0.2046,0.8123,680.0,808.0,0.4474,0.4737,1.4908,1.528,128.0,0.0262,AMBIGUOUS,0
91,11,0,1,80.6974,65.8938,72.1551,84.1815,63.5858,69.8469,4.7743,3.4841,-2.308,-2.3083,3.2642,3.4841,0.7298,-0.4834,-0.4835,2.1441,0.9369,0.15239,0.25604,1.4463,2.3995,0.10365,1.6801,0,1,0,0.0,0.0,0.0,0.0,0.0,0.0,0,0,1,1,4.7743,5.0,0.2257,0.9549,0,1,2,3.8592,-0.9151,2,2,0,0,0.3333,0.5803,0.5526,0.1771,0.3747,0.3185,0.1974,0.5803,628.0,862.0,0.4443,0.6169,1.5309,1.6712,234.0,0.1725,AMBIGUOUS,0
92,112,0,1,3.7303,64.6827,11.2994,3.3157,62.0122,8.0049,4.2611,-0.4146,-2.6704,-3.2945,4.2409,0.4146,-0.0973,-0.6267,-0.7732,0.2551,10.2288,0.15165,0.14218,1.4392,1.3325,-0.00947,0.9375,0,1,0,0.0,0.0,0.0,0.0,0.0,0.0,0,0,1,1,4.2611,5.0,0.7389,0.8522,0,2,5,3.296,-0.9651,0,2,0,1,0.6667,0.4943,0.4803,0.1167,0.1987,0.0657,0.1875,0.4943,851.0,766.0,0.2441,0.2936,1.2847,1.2527,-85.0,0.0495,AMBIGUOUS,0
94,11,0,1,80.8824,65.5814,69.6847,84.1815,63.5858,69.8469,3.8592,3.2992,-1.9956,0.1622,2.0022,3.2992,0.8549,-0.5171,0.042,2.0303,0.6069,0.15022,0.25604,1.4257,2.3995,0.10582,1.7044,0,1,0,0.0,0.0,0.0,0.0,0.0,0.0,0,1,1,1,3.8592,5.0,1.1408,0.7718,0,1,2,3.8592,0.9151,1,3,0,0,0.25,0.4495,0.3676,0.2587,0.3747,0.3185,0.1974,0.4495,647.0,862.0,0.3776,0.6169,1.3828,1.6712,215.0,0.2393,AMBIGUOUS,0
95,188,0,1,64.9412,70.6513,74.6681,63.5152,70.9889,78.4625,4.0676,-1.426,0.3376,3.7944,3.8094,1.426,-0.3506,0.083,0.9328,0.8776,2.6713,0.14995,0.0436,1.4231,0.4086,-0.10636,0.2907,0,1,0,0.0,0.0,0.0,0.0,0.0,0.0,0,0,3,1,4.0676,4.1552,0.0877,0.9789,0,0,1,4.0676,0.9324,0,2,0,0,0.3333,0.1071,0.0588,0.0895,0.1839,0.1402,0.119,0.1839,659.0,308.0,0.3536,0.2087,1.3799,1.215,-351.0,-0.1449,AMBIGUOUS,0
95,186,0,1,64.9412,70.6513,74.6681,61.389,72.1255,73.095,4.1552,-3.5522,1.4742,-1.5731,2.1559,3.5522,-0.8549,0.3548,-0.3786,2.186,0.6069,0.14995,0.04582,1.4231,0.4294,-0.10414,0.3055,0,1,0,0.0,0.0,0.0,0.0,0.0,0.0,0,0,3,2,4.0676,4.0676,-0.0877,1.0216,1,1,3,1.8767,-2.2785,0,2,0,0,0.3333,0.1071,0.0588,0.0895,0.4076,0.361,0.1894,0.4076,659.0,340.0,0.3536,0.1887,1.3799,1.1732,-319.0,-0.1648,AMBIGUOUS,0
95,129,0,1,64.9412,70.6513,74.6681,64.0119,67.3599,71.7911,4.4692,-0.9293,-3.2913,-2.877,4.3715,0.9293,-0.2079,-0.7364,-0.6437,0.5719,4.7039,0.14995,0.12932,1.4231,1.2119,-0.02064,0.8624,0,1,0,0.0,0.0,0.0,0.0,0.0,0.0,0,0,3,3,4.0676,4.0676,-0.4017,1.0988,1,1,3,2.7394,-1.7298,0,2,0,0,0.3333,0.1071,0.0588,0.0895,0.6518,0.6369,0.1388,0.6518,659.0,530.0,0.3536,0.4907,1.3799,1.5362,-129.0,0.1371,AMBIGUOUS,0
96,186,0,1,61.6343,70.3473,73.6429,61.389,72.1255,73.095,1.8767,-0.2453,1.7782,-0.5479,1.8606,0.2453,-0.1307,0.9475,-0.2919,0.151,7.5853,0.14952,0.04582,1.419,0.4294,-0.1037,0.3064,0,1,0,0.0,0.0,0.0,0.0,0.0,0.0,1,1,2,1,1.8767,4.2434,2.3667,0.4423,1,1,3,1.8767,2.2785,0,2,0,0,0.3333,0.1738,0.1157,0.1298,0.4076,0.361,0.1894,0.4076,784.0,340.0,0.3038,0.1887,1.3171,1.1732,-444.0,-0.115,AMBIGUOUS,0
96,129,0,1,61.6343,70.3473,73.6429,64.0119,67.3599,71.7911,4.2434,2.3775,-2.9874,-1.8518,3.5148,2.3775,0.5603,-0.704,-0.4364,1.4631,1.4783,0.14952,0.12932,1.419,1.2119,-0.0202,0.8649,0,1,0,0.0,0.0,0.0,0.0,0.0,0.0,1,1,2,2,1.8767,1.8767,-2.3667,2.261,1,1,3,2.7394,-1.504,0,2,0,0,0.3333,0.1738,0.1157,0.1298,0.6518,0.6369,0.1388,0.6518,784.0,530.0,0.3038,0.4907,1.3171,1.5362,-254.0,0.1869,AMBIGUOUS,0
97,133,0,1,19.3222,71.04,53.0009,17.7691,68.7765,51.508,3.1248,-1.5532,-2.2635,-1.4929,2.7115,1.5532,-0.497,-0.7244,-0.4778,0.9558,1.7458,0.14922,0.12302,1.4162,1.1529,-0.0262,0.8244,0,1,0,0.0,0.0,0.0,0.0,0.0,0.0,0,3,3,1,3.1248,3.1326,0.0078,0.9975,0,1,1,3.1248,1.8752,0,0,0,1,2.0,0.2645,0.1778,0.1959,0.1818,0.1059,0.1477,0.2645,691.0,686.0,0.3692,0.2819,1.352,1.2697,-5.0,-0.0874,AMBIGUOUS,0
97,106,0,1,19.3222,71.04,53.0009,18.1714,68.6129,54.6127,3.1326,-1.1509,-2.4271,1.6118,2.9136,1.1509,-0.3674,-0.7748,0.5145,0.7082,2.5316,0.14922,0.14666,1.4162,1.3745,-0.00256,0.9828,0,1,0,0.0,0.0,0.0,0.0,0.0,0.0,0,3,3,2,3.1248,3.1248,-0.0078,1.0025,0,1,1,3.1326,1.8674,0,0,0,1,2.0,0.2645,0.1778,0.1959,0.347,0.2964,0.1805,0.347,691.0,652.0,0.3692,0.3736,1.352,1.3644,-39.0,0.0044,AMBIGUOUS,0
97,170,0,1,19.3222,71.04,53.0009,19.4936,74.0235,55.376,3.8173,0.1713,2.9835,2.3751,3.8134,0.1713,0.0449,0.7816,0.6222,0.1054,22.2554,0.14922,0.07755,1.4162,0.7268,-0.07167,0.5197,0,1,0,0.0,0.0,0.0,0.0,0.0,0.0,0,3,3,3,3.1248,3.1248,-0.6924,1.2216,0,1,1,3.8173,1.1827,0,0,0,0,1.0,0.2645,0.1778,0.1959,0.1527,0.0064,0.1525,0.2645,691.0,476.0,0.3692,0.2436,1.352,1.2064,-215.0,-0.1257,AMBIGUOUS,0
98,157,0,1,40.2463,71.6743,56.0067,40.6129,73.0529,57.3829,1.9822,0.3666,1.3787,1.3762,1.948,0.3666,0.1849,0.6955,0.6943,0.2256,5.314,0.14725,0.09778,1.3975,0.9164,-0.04947,0.6641,0,1,0,0.0,0.0,0.0,0.0,0.0,0.0,1,2,3,1,1.9822,3.6261,1.6439,0.5466,2,2,2,1.9822,0.3262,0,2,1,1,0.6667,0.4206,0.3787,0.183,0.1252,0.0121,0.1246,0.4206,785.0,599.0,0.2989,0.2405,1.3039,1.252,-186.0,-0.0584,AMBIGUOUS,0
98,161,0,1,40.2463,71.6743,56.0067,39.2558,73.2264,59.1306,3.6261,-0.9904,1.5521,3.1239,3.4882,0.9904,-0.2731,0.428,0.8615,0.6095,3.5219,0.14725,0.09195,1.3975,0.8618,-0.0553,0.6245,0,1,0,0.0,0.0,0.0,0.0,0.0,0.0,1,2,3,2,1.9822,1.9822,-1.6439,1.8294,1,2,2,2.6465,-0.9796,0,2,1,1,0.6667,0.4206,0.3787,0.183,0.3299,0.2558,0.2083,0.4206,785.0,601.0,0.2989,0.2127,1.3039,1.2251,-184.0,-0.0863,AMBIGUOUS,0
98,45,0,1,40.2463,71.6743,56.0067,42.1347,67.7018,57.3418,4.5967,1.8884,-3.9725,1.3351,4.1909,1.8884,0.4108,-0.8642,0.2905,1.1621,2.2193,0.14725,0.21285,1.3975,1.9948,0.0656,1.4455,0,1,0,0.0,0.0,0.0,0.0,0.0,0.0,1,2,3,3,1.9822,1.9822,-2.6145,2.319,0,0,3,4.1367,-0.4599,0,2,0,1,0.6667,0.4206,0.3787,0.183,0.1927,0.1153,0.1544,0.4206,785.0,929.0,0.2989,0.4286,1.3039,1.4217,144.0,0.1297,AMBIGUOUS,0
99,121,0,1,17.7104,71.4546,67.5413,16.1541,72.5729,67.4525,1.9184,-1.5563,1.1182,-0.0889,1.1218,1.5563,-0.8112,0.5829,-0.0463,0.9577,0.7208,0.14563,0.1345,1.3821,1.2605,-0.01113,0.9236,0,1,0,0.0,0.0,0.0,0.0,0.0,0.0,1,1,1,1,1.9184,5.0,3.0816,0.3837,1,1,1,1.9184,3.0816,0,0,0,0,1.0,0.1999,0.1646,0.1133,0.1752,0.0959,0.1466,0.1999,797.0,761.0,0.2763,0.2675,1.2755,1.2297,-36.0,-0.0089,AMBIGUOUS,0
100,55,0,1,42.2617,66.9601,38.3535,41.4639,67.0912,38.3832,0.8091,-0.7979,0.1311,0.0296,0.1344,0.7979,-0.9861,0.1621,0.0366,0.491,0.1685,0.14436,0.19821,1.3701,1.8576,0.05385,1.373,0,1,0,0.0,0.0,0.0,0.0,0.0,0.0,1,2,3,1,0.8091,3.3105,2.5014,0.2444,1,2,2,0.8091,2.9157,0,1,0,2,1.5,0.181,0.0117,0.1807,0.8123,0.7861,0.2046,0.8123,687.0,808.0,0.3185,0.4737,1.2828,1.528,121.0,0.1552,AMBIGUOUS,0
100,43,0,1,42.2617,66.9601,38.3535,45.2867,67.4553,39.604,3.3105,3.025,0.4953,1.2504,1.3449,3.025,0.9138,0.1496,0.3777,1.8615,0.4446,0.14436,0.21291,1.3701,1.9954,0.06855,1.4748,0,1,0,0.0,0.0,0.0,0.0,0.0,0.0,1,2,3,2,0.8091,0.8091,-2.5014,4.0916,0,1,1,3.3105,1.6895,0,1,0,1,1.0,0.181,0.0117,0.1807,0.2914,0.2133,0.1985,0.2914,687.0,778.0,0.3185,0.4498,1.2828,1.5468,91.0,0.1313,AMBIGUOUS,0
100,58,0,1,42.2617,66.9601,38.3535,41.3841,67.9411,43.0172,4.8458,-0.8777,0.981,4.6636,4.7657,0.8777,-0.1811,0.2024,0.9624,0.5401,5.43,0.14436,0.19728,1.3701,1.8489,0.05291,1.3665,0,1,0,0.0,0.0,0.0,0.0,0.0,0.0,1,2,3,3,0.8091,0.8091,-4.0367,5.9892,0,0,1,4.8458,0.1542,0,1,0,1,1.0,0.181,0.0117,0.1807,0.7666,0.7591,0.1074,0.7666,687.0,793.0,0.3185,0.4005,1.2828,1.4297,106.0,0.0821,AMBIGUOUS,0
101,63,0,1,64.0874,51.2258,3.196,66.441,53.1301,2.8993,3.042,2.3536,1.9043,-0.2966,1.9272,2.3536,0.7737,0.626,-0.0975,1.4484,0.8188,0.14418,0.18715,1.3684,1.7539,0.04296,1.298,0,1,0,0.0,0.0,0.0,0.0,0.0,0.0,0,2,3,1,3.042,3.8258,0.7838,0.7951,0,2,2,3.042,0.449,0,0,0,1,2.0,0.7155,0.7124,0.0662,0.2117,0.184,0.1047,0.7155,696.0,849.0,0.4103,0.2702,1.4808,1.3948,153.0,-0.1401,AMBIGUOUS,0
101,26,0,1,64.0874,51.2258,3.196,60.4702,52.4091,2.8058,3.8258,-3.6172,1.1833,-0.3901,1.2459,3.6172,-0.9455,0.3093,-0.102,2.226,0.3444,0.14418,0.23476,1.3684,2.2001,0.09058,1.6282,0,1,0,0.0,0.0,0.0,0.0,0.0,0.0,0,2,3,2,3.042,3.042,-0.7838,1.2577,0,1,1,3.8258,1.1742,0,0,0,0,1.0,0.7155,0.7124,0.0662,0.3473,0.3452,0.038,0.7155,696.0,867.0,0.4103,0.4261,1.4808,1.6148,171.0,0.0158,AMBIGUOUS,0
101,10,0,1,64.0874,51.2258,3.196,64.1776,54.3607,6.3795,4.4689,0.0902,3.1349,3.1835,4.4679,0.0902,0.0202,0.7015,0.7124,0.0555,49.5513,0.14418,0.25813,1.3684,2.4191,0.11394,1.7903,0,1,0,0.0,0.0,0.0,0.0,0.0,0.0,0,2,3,3,3.042,3.042,-1.4269,1.4691,0,0,1,4.4689,0.5311,0,0,0,1,2.0,0.7155,0.7124,0.0662,0.8152,0.8026,0.1429,0.8152,696.0,920.0,0.4103,0.645,1.4808,1.849,224.0,0.2347,AMBIGUOUS,0
103,181,0,1,7.6699,63.6837,9.2003,7.6998,62.4743,5.5966,3.8013,0.0299,-1.2094,-3.6036,3.8012,0.0299,0.0079,-0.3182,-0.948,0.0184,127.1874,0.14356,0.05699,1.3624,0.5341,-0.08657,0.397,0,1,0,0.0,0.0,0.0,0.0,0.0,0.0,0,1,2,1,3.8013,4.8147,1.0135,0.7895,0,1,1,3.8013,1.1987,1,2,0,1,0.6667,0.487,0.4551,0.1735,0.4436,0.4252,0.1266,0.487,906.0,492.0,0.2385,0.1246,1.2749,1.2175,-414.0,-0.1139,AMBIGUOUS,0
103,112,0,1,7.6699,63.6837,9.2003,3.3157,62.0122,8.0049,4.8147,-4.3542,-1.6715,-1.1954,2.0549,4.3542,-0.9043,-0.3472,-0.2483,2.6795,0.4719,0.14356,0.14218,1.3624,1.3325,-0.00138,0.9904,0,1,0,0.0,0.0,0.0,0.0,0.0,0.0,0,1,2,2,3.8013,3.8013,-1.0135,1.2666,0,2,5,3.296,-1.5188,1,2,0,1,0.6667,0.487,0.4551,0.1735,0.1987,0.0657,0.1875,0.487,906.0,766.0,0.2385,0.2936,1.2749,1.2527,-140.0,0.0552,AMBIGUOUS,0
104,112,0,1,5.6115,62.4329,10.3321,3.3157,62.0122,8.0049,3.296,-2.2957,-0.4206,-2.3272,2.365,2.2957,-0.6965,-0.1276,-0.7061,1.4128,1.0301,0.14284,0.14218,1.3556,1.3325,-0.00066,0.9954,0,1,0,0.0,0.0,0.0,0.0,0.0,0.0,0,1,1,1,3.296,5.0,1.704,0.6592,0,2,5,3.296,0.105,1,2,0,1,0.6667,0.7682,0.7365,0.2185,0.1987,0.0657,0.1875,0.7682,938.0,766.0,0.2326,0.2936,1.2266,1.2527,-172.0,0.061,AMBIGUOUS,0
105,48,0,1,86.1653,58.1642,58.398,87.2245,60.5255,54.3218,4.8283,1.0593,2.3613,-4.0761,4.7107,1.0593,0.2194,0.4891,-0.8442,0.6518,4.4472,0.14279,0.20437,1.3551,1.9153,0.06158,1.4313,0,1,0,0.0,0.0,0.0,0.0,0.0,0.0,0,0,1,1,4.8283,5.0,0.1717,0.9657,0,1,2,3.8273,-1.001,1,2,0,1,0.6667,0.1304,0.0403,0.124,0.5381,0.5255,0.1158,0.5381,531.0,736.0,0.4777,0.5318,1.5119,1.5455,205.0,0.0541,AMBIGUOUS,0
106,155,0,1,24.5792,73.349,66.2344,24.3405,76.0263,68.917,3.7975,-0.2386,2.6772,2.6826,3.79,0.2386,-0.0628,0.705,0.7064,0.1468,15.8827,0.14195,0.09914,1.3472,0.9291,-0.04281,0.6984,0,1,0,0.0,0.0,0.0,0.0,0.0,0.0,0,1,2,1,3.7975,4.5635,0.766,0.8321,0,1,1,3.7975,1.2025,0,1,0,0,0.5,0.2741,0.2042,0.1829,0.1602,0.0345,0.1564,0.2741,801.0,625.0,0.2712,0.2357,1.26,1.1819,-176.0,-0.0355,AMBIGUOUS,0
106,140,0,1,24.5792,73.349,66.2344,24.7014,70.9715,70.1277,4.5635,0.1223,-2.3775,3.8933,4.5619,0.1223,0.0268,-0.521,0.8531,0.0752,37.3101,0.14195,0.11484,1.3472,1.0762,-0.02711,0.809,0,1,0,0.0,0.0,0.0,0.0,0.0,0.0,0,1,2,2,3.7975,3.7975,-0.766,1.2017,0,0,1,4.5635,0.4365,0,1,0,1,1.0,0.2741,0.2042,0.1829,0.3809,0.3264,0.1963,0.3809,801.0,660.0,0.2712,0.2494,1.26,1.2391,-141.0,-0.0218,AMBIGUOUS,0
107,146,0,1,3.1885,75.4806,92.0095,4.4607,74.9437,94.0095,2.4304,1.2722,-0.5369,2.0,2.0709,1.2722,0.5234,-0.2209,0.8229,0.7829,1.6278,0.14173,0.10984,1.3451,1.0294,-0.03189,0.775,0,1,0,0.0,0.0,0.0,0.0,0.0,0.0,1,1,1,1,2.4304,5.0,2.5696,0.4861,1,1,1,2.4304,2.5696,0,0,0,1,2.0,0.222,0.0615,0.2133,0.4865,0.4143,0.2549,0.4865,825.0,698.0,0.2404,0.2243,1.2098,1.2342,-127.0,-0.016,AMBIGUOUS,0
108,167,0,1,37.7106,73.2701,85.9609,38.053,75.3491,87.6291,2.6874,0.3424,2.079,1.6681,2.6655,0.3424,0.1274,0.7736,0.6207,0.2107,7.7842,0.14166,0.08286,1.3445,0.7766,-0.0588,0.5849,0,1,0,0.0,0.0,0.0,0.0,0.0,0.0,1,1,1,1,2.6874,5.0,2.3126,0.5375,1,2,2,2.6874,1.2272,0,2,0,0,0.3333,0.4008,0.3356,0.219,0.7152,0.678,0.2276,0.7152,680.0,440.0,0.3019,0.307,1.3063,1.2879,-240.0,0.0051,AMBIGUOUS,0
109,159,0,1,3.3288,70.2454,41.5595,4.2443,68.625,40.0189,2.4161,0.9155,-1.6204,-1.5406,2.2359,0.9155,0.3789,-0.6707,-0.6376,0.5634,2.4423,0.13755,0.09545,1.3054,0.8946,-0.04209,0.694,0,1,0,0.0,0.0,0.0,0.0,0.0,0.0,2,3,4,1,2.4161,2.8413,0.4252,0.8503,1,1,2,2.4161,1.7234,0,0,0,1,2.0,0.1496,0.0788,0.1272,0.6624,0.6307,0.2023,0.6624,865.0,679.0,0.2401,0.1941,1.2407,1.2047,-186.0,-0.0461,AMBIGUOUS,0
109,115,0,1,3.3288,70.2454,41.5595,3.6577,69.0256,44.1045,2.8413,0.3289,-1.2198,2.545,2.8222,0.3289,0.1157,-0.4293,0.8957,0.2024,8.5818,0.13755,0.14065,1.3054,1.3181,0.0031,1.0226,0,1,0,0.0,0.0,0.0,0.0,0.0,0.0,2,3,4,2,2.4161,2.4161,-0.4252,1.176,1,1,1,2.8413,2.1587,0,0,0,2,3.0,0.1496,0.0788,0.1272,0.4459,0.4077,0.1806,0.4459,865.0,826.0,0.2401,0.2592,1.2407,1.2404,-39.0,0.019,AMBIGUOUS,0
109,95,0,1,3.3288,70.2454,41.5595,4.6789,72.6835,43.6094,3.4597,1.3501,2.4381,2.0499,3.1854,1.3501,0.3902,0.7047,0.5925,0.8308,2.3593,0.13755,0.16105,1.3054,1.5093,0.0235,1.1709,0,1,0,0.0,0.0,0.0,0.0,0.0,0.0,2,3,4,3,2.4161,2.4161,-1.0436,1.432,0,1,1,3.4597,1.5403,0,0,0,2,3.0,0.1496,0.0788,0.1272,0.2439,0.1961,0.145,0.2439,865.0,858.0,0.2401,0.2811,1.2407,1.2501,-7.0,0.041,AMBIGUOUS,0
109,107,0,1,3.3288,70.2454,41.5595,7.5562,72.6665,42.3214,4.9308,4.2274,2.4211,0.7619,2.5382,4.2274,0.8573,0.491,0.1545,2.6015,0.6004,0.13755,0.14563,1.3054,1.3648,0.00809,1.0588,0,1,0,0.0,0.0,0.0,0.0,0.0,0.0,2,3,4,4,2.4161,2.4161,-2.5148,2.0409,0,0,2,4.1272,-0.8037,0,0,0,1,2.0,0.1496,0.0788,0.1272,0.5756,0.5688,0.0884,0.5756,865.0,810.0,0.2401,0.2568,1.2407,1.235,-55.0,0.0167,AMBIGUOUS,0
110,77,0,1,23.067,65.5572,17.5108,22.2389,63.4423,15.475,3.05,-0.8281,-2.1149,-2.0358,2.9355,0.8281,-0.2715,-0.6934,-0.6675,0.5096,3.5449,0.13559,0.17848,1.2868,1.6727,0.04289,1.3163,0,1,0,0.0,0.0,0.0,0.0,0.0,0.0,0,3,4,1,3.05,3.5811,0.5311,0.8517,2,3,3,1.9989,-1.0511,0,2,1,2,1.0,0.3536,0.317,0.1567,0.5168,0.5111,0.0771,0.5168,703.0,935.0,0.3185,0.3236,1.3351,1.3018,232.0,0.0052,AMBIGUOUS,0
110,86,0,1,23.067,65.5572,17.5108,19.7346,64.445,18.2056,3.5811,-3.3324,-1.1122,0.6948,1.3114,3.3324,-0.9305,-0.3106,0.194,2.0507,0.3935,0.13559,0.1666,1.2868,1.5614,0.03102,1.2288,0,1,0,0.0,0.0,0.0,0.0,0.0,0.0,0,3,4,2,3.05,3.05,-0.5311,1.1741,0,1,2,3.5811,0.8377,0,2,1,2,1.0,0.3536,0.317,0.1567,0.2879,0.2346,0.1668,0.3536,703.0,927.0,0.3185,0.2786,1.3351,1.2892,224.0,-0.0398,AMBIGUOUS,0
110,80,0,1,23.067,65.5572,17.5108,20.1183,63.5391,15.8744,3.9301,-2.9487,-2.0181,-1.6364,2.5981,2.9487,-0.7503,-0.5135,-0.4164,1.8146,0.8811,0.13559,0.17421,1.2868,1.6327,0.03862,1.2849,0,1,0,0.0,0.0,0.0,0.0,0.0,0.0,0,3,4,3,3.05,3.05,-0.88,1.2885,1,2,3,2.1958,-1.7343,0,2,2,2,1.0,0.3536,0.317,0.1567,0.6404,0.6183,0.1669,0.6404,703.0,821.0,0.3185,0.3097,1.3351,1.2918,118.0,-0.0087,AMBIGUOUS,0
110,110,0,1,23.067,65.5572,17.5108,22.6895,66.1008,22.0749,4.6119,-0.3775,0.5437,4.5641,4.5964,0.3775,-0.0819,0.1179,0.9896,0.2323,12.1749,0.13559,0.14418,1.2868,1.3512,0.00859,1.0633,0,1,0,0.0,0.0,0.0,0.0,0.0,0.0,0,3,4,4,3.05,3.05,-1.5618,1.5121,0,0,1,4.6119,0.3881,0,2,0,0,0.3333,0.3536,0.317,0.1567,0.1909,0.0605,0.1811,0.3536,703.0,681.0,0.3185,0.3418,1.3351,1.4146,-22.0,0.0234,AMBIGUOUS,0
111,134,0,1,12.5858,71.3894,44.1757,13.0884,73.7029,46.5414,3.3469,0.5026,2.3135,2.3657,3.3089,0.5026,0.1502,0.6913,0.7068,0.3093,6.5836,0.13418,0.12249,1.2735,1.1479,-0.0117,0.9128,0,1,0,0.0,0.0,0.0,0.0,0.0,0.0,0,1,1,1,3.3469,5.0,1.6531,0.6694,0,2,2,3.3469,0.5795,0,2,0,0,0.3333,0.4415,0.4142,0.1529,0.2621,0.0884,0.2468,0.4415,749.0,610.0,0.2466,0.2922,1.2285,1.2258,-139.0,0.0456,AMBIGUOUS,0
112,182,0,1,35.5026,65.05,18.3621,34.0927,65.554,16.5042,2.3861,-1.4098,0.504,-1.8579,1.9251,1.4098,-0.5909,0.2112,-0.7786,0.8676,1.3655,0.13338,0.05347,1.2659,0.5011,-0.07991,0.4009,0,1,0,0.0,0.0,0.0,0.0,0.0,0.0,1,1,1,1,2.3861,5.0,2.6139,0.4772,1,1,2,2.3861,2.2904,0,0,0,0,1.0,0.2651,0.2474,0.0951,0.2145,0.0323,0.212,0.2651,672.0,483.0,0.2705,0.1275,1.2741,1.1033,-189.0,-0.143,AMBIGUOUS,0
114,171,0,1,44.6435,73.9075,97.7603,45.4721,71.9939,96.7187,2.331,0.8286,-1.9136,-1.0416,2.1787,0.8286,0.3555,-0.821,-0.4468,0.5099,2.6295,0.13304,0.07639,1.2626,0.716,-0.05664,0.5742,0,1,0,0.0,0.0,0.0,0.0,0.0,0.0,1,1,1,1,2.331,5.0,2.669,0.4662,1,1,2,2.331,2.6688,0,1,0,0,0.5,0.7828,0.7685,0.149,0.0971,0.0279,0.093,0.7828,603.0,475.0,0.3833,0.2315,1.4048,1.2071,-128.0,-0.1518,AMBIGUOUS,0
115,77,0,1,24.1438,65.0592,14.1083,22.2389,63.4423,15.475,2.8479,-1.9049,-1.6169,1.3667,2.1171,1.9049,-0.6689,-0.5677,0.4799,1.1722,1.1114,0.13266,0.17848,1.259,1.6727,0.04582,1.3454,0,1,0,0.0,0.0,0.0,0.0,0.0,0.0,1,1,2,1,2.8479,4.6513,1.8034,0.6123,2,3,3,1.9989,-0.8491,0,2,1,2,1.0,0.2629,0.2312,0.1253,0.5168,0.5111,0.0771,0.5168,711.0,935.0,0.2784,0.3236,1.2975,1.3018,224.0,0.0452,AMBIGUOUS,0
115,80,0,1,24.1438,65.0592,14.1083,20.1183,63.5391,15.8744,4.6513,-4.0255,-1.5201,1.7661,2.3302,4.0255,-0.8655,-0.3268,0.3797,2.4773,0.5789,0.13266,0.17421,1.259,1.6327,0.04155,1.3132,0,1,0,0.0,0.0,0.0,0.0,0.0,0.0,1,1,2,2,2.8479,2.8479,-1.8034,1.6332,1,2,3,2.1958,-2.4556,0,2,2,2,1.0,0.2629,0.2312,0.1253,0.6404,0.6183,0.1669,0.6404,711.0,821.0,0.2784,0.3097,1.2975,1.2918,110.0,0.0313,AMBIGUOUS,0
116,151,0,1,81.5828,59.6349,23.8583,78.9132,58.7788,22.0099,3.358,-2.6696,-0.8561,-1.8484,2.037,2.6696,-0.795,-0.2549,-0.5504,1.6428,0.763,0.13225,0.10462,1.2552,0.9805,-0.02763,0.7911,0,1,0,0.0,0.0,0.0,0.0,0.0,0.0,0,1,3,1,3.358,4.2748,0.9167,0.7855,0,1,1,3.358,1.642,0,0,1,1,2.0,0.3605,0.3328,0.1386,0.7267,0.7118,0.1466,0.7267,562.0,571.0,0.4069,0.2822,1.3943,1.2447,9.0,-0.1247,AMBIGUOUS,0
116,150,0,1,81.5828,59.6349,23.8583,79.5578,57.9957,20.4692,4.2748,-2.025,-1.6392,-3.3891,3.7647,2.025,-0.4737,-0.3835,-0.7928,1.2461,1.8591,0.13225,0.10529,1.2552,0.9867,-0.02697,0.7961,0,1,0,0.0,0.0,0.0,0.0,0.0,0.0,0,1,3,2,3.358,3.358,-0.9167,1.273,0,0,2,4.2748,0.6411,0,0,1,1,2.0,0.3605,0.3328,0.1386,0.1967,0.0672,0.1849,0.3605,562.0,541.0,0.4069,0.2948,1.3943,1.3099,-21.0,-0.1121,AMBIGUOUS,0
116,16,0,1,81.5828,59.6349,23.8583,80.8008,55.5983,25.9065,4.5935,-0.782,-4.0366,2.0481,4.5265,0.782,-0.1702,-0.8788,0.4459,0.4812,5.7885,0.13225,0.2506,1.2552,2.3486,0.11835,1.8948,0,1,0,0.0,0.0,0.0,0.0,0.0,0.0,0,1,3,3,3.358,3.358,-1.2355,1.3679,0,0,2,4.5935,0.1513,0,0,0,1,2.0,0.3605,0.3328,0.1386,0.4624,0.4492,0.11,0.4624,562.0,942.0,0.4069,0.5865,1.3943,1.7828,380.0,0.1795,AMBIGUOUS,0
118,41,0,1,67.1403,69.1796,83.5559,71.6388,68.0915,82.7616,4.6959,4.4985,-1.0881,-0.7943,1.3472,4.4985,0.958,-0.2317,-0.1692,2.7683,0.2995,0.13186,0.21521,1.2514,2.0169,0.08335,1.6321,0,1,0,0.0,0.0,0.0,0.0,0.0,0.0,0,0,1,1,4.6959,5.0,0.3041,0.9392,0,0,1,4.6959,0.3041,0,1,0,1,1.0,0.5446,0.5153,0.1761,0.2393,0.1388,0.1949,0.5446,561.0,767.0,0.4338,0.5242,1.4574,1.6067,206.0,0.0904,AMBIGUOUS,0
120,129,0,1,64.9025,69.199,69.9666,64.0119,67.3599,71.7911,2.7394,-0.8906,-1.8391,1.8245,2.5906,0.8906,-0.3251,-0.6713,0.666,0.5481,2.9087,0.13071,0.12932,1.2405,1.2119,-0.00139,0.9894,0,1,0,0.0,0.0,0.0,0.0,0.0,0.0,1,1,2,1,2.7394,4.7022,1.9628,0.5826,1,1,3,2.7394,1.504,0,1,0,0,0.5,0.1911,0.0975,0.1644,0.6518,0.6369,0.1388,0.6518,615.0,530.0,0.2995,0.4907,1.3943,1.5362,-85.0,0.1912,AMBIGUOUS,0
120,97,0,1,64.9025,69.199,69.9666,65.4647,65.8169,66.7485,4.7022,0.5622,-3.3821,-3.2181,4.6685,0.5622,0.1196,-0.7193,-0.6844,0.346,8.3043,0.13071,0.159,1.2405,1.4901,0.0283,1.2165,0,1,0,0.0,0.0,0.0,0.0,0.0,0.0,1,1,2,2,2.7394,2.7394,-1.9628,1.7165,0,0,1,4.7022,0.2978,0,1,0,0,0.5,0.1911,0.0975,0.1644,0.4808,0.4647,0.1236,0.4808,615.0,606.0,0.2995,0.4246,1.3943,1.4788,-9.0,0.1251,AMBIGUOUS,0
121,104,0,1,51.0491,67.5255,50.3546,52.8655,66.3731,50.3287,2.1513,1.8164,-1.1525,-0.0259,1.1528,1.8164,0.8443,-0.5357,-0.0121,1.1178,0.6347,0.12938,0.14806,1.2279,1.3876,0.01868,1.1444,0,1,0,0.0,0.0,0.0,0.0,0.0,0.0,2,2,3,1,2.1513,2.2455,0.0942,0.958,1,1,1,2.1513,2.8487,0,0,0,2,3.0,0.6801,0.6741,0.0904,0.7764,0.7595,0.1611,0.7764,579.0,692.0,0.4363,0.3239,1.4853,1.4011,113.0,-0.1124,AMBIGUOUS,0
121,22,0,1,51.0491,67.5255,50.3546,48.9307,67.1193,49.7305,2.2455,-2.1184,-0.4063,-0.6241,0.7447,2.1184,-0.9434,-0.1809,-0.2779,1.3036,0.3515,0.12938,0.24253,1.2279,2.2729,0.11315,1.8745,0,1,0,0.0,0.0,0.0,0.0,0.0,0.0,2,2,3,2,2.1513,2.1513,-0.0942,1.0438,1,1,1,2.2455,2.7545,0,0,0,1,2.0,0.6801,0.6741,0.0904,0.262,0.1807,0.1897,0.6801,579.0,891.0,0.4363,0.4902,1.4853,1.4993,312.0,0.0539,AMBIGUOUS,0
121,29,0,1,51.0491,67.5255,50.3546,53.3721,66.1804,47.1476,4.1822,2.323,-1.3452,-3.207,3.4777,2.323,0.5555,-0.3216,-0.7668,1.4295,1.4971,0.12938,0.23107,1.2279,2.1656,0.10169,1.786,0,1,0,0.0,0.0,0.0,0.0,0.0,0.0,2,2,3,3,2.1513,2.1513,-2.0309,1.944,0,0,1,4.1822,0.8178,0,0,0,1,2.0,0.6801,0.6741,0.0904,0.2568,0.2529,0.0446,0.6801,579.0,818.0,0.4363,0.4818,1.4853,1.4935,239.0,0.0454,AMBIGUOUS,0
122,175,0,1,1.2035,60.9253,5.571,1.3504,58.9631,4.1705,2.4152,0.1469,-1.9622,-1.4005,2.4107,0.1469,0.0608,-0.8124,-0.5799,0.0904,16.4086,0.12632,0.06696,1.1988,0.6275,-0.05936,0.5301,0,1,0,0.0,0.0,0.0,0.0,0.0,0.0,1,3,3,1,2.4152,3.401,0.9858,0.7101,1,1,2,2.4152,2.2675,0,2,0,1,0.6667,0.4375,0.4215,0.1172,0.3005,0.2746,0.122,0.4375,877.0,573.0,0.2262,0.1704,1.2878,1.2057,-304.0,-0.0557,AMBIGUOUS,0
122,112,0,1,1.2035,60.9253,5.571,3.3157,62.0122,8.0049,3.401,2.1122,1.087,2.4339,2.6656,2.1122,0.6211,0.3196,0.7156,1.2998,1.262,0.12632,0.14218,1.1988,1.3325,0.01586,1.1255,0,1,0,0.0,0.0,0.0,0.0,0.0,0.0,1,3,3,2,2.4152,2.4152,-0.9858,1.4082,0,2,5,3.296,-0.105,0,2,0,1,0.6667,0.4375,0.4215,0.1172,0.1987,0.0657,0.1875,0.4375,877.0,766.0,0.2262,0.2936,1.2878,1.2527,-111.0,0.0675,AMBIGUOUS,0
122,168,0,1,1.2035,60.9253,5.571,4.6119,62.5562,4.6478,3.8897,3.4084,1.6309,-0.9231,1.8741,3.4084,0.8763,0.4193,-0.2373,2.0975,0.5498,0.12632,0.08051,1.1988,0.7545,-0.04581,0.6374,0,1,0,0.0,0.0,0.0,0.0,0.0,0.0,1,3,3,3,2.4152,2.4152,-1.4745,1.6105,2,3,3,2.4853,-1.4043,0,2,0,4,1.6667,0.4375,0.4215,0.1172,0.3183,0.2631,0.1792,0.4375,877.0,671.0,0.2262,0.1401,1.2878,1.1461,-206.0,-0.0861,AMBIGUOUS,0
123,82,0,1,4.3315,73.2486,77.9627,3.7196,72.0357,77.7048,1.3828,-0.6119,-1.2129,-0.2578,1.24,0.6119,-0.4425,-0.8772,-0.1865,0.3765,2.0266,0.12447,0.17148,1.1813,1.6071,0.04701,1.3777,0,1,0,0.0,0.0,0.0,0.0,0.0,0.0,3,4,5,1,1.3828,2.3149,0.9321,0.5973,2,2,2,1.3828,1.0988,0,1,0,4,2.5,0.5586,0.5435,0.1291,0.4996,0.4696,0.1706,0.5586,733.0,956.0,0.2787,0.3546,1.2881,1.4251,223.0,0.0759,AMBIGUOUS,0
123,88,0,1,4.3315,73.2486,77.9627,3.5879,75.3738,77.4251,2.3149,-0.7436,2.1253,-0.5375,2.1922,0.7436,-0.3212,0.9181,-0.2322,0.4576,2.9479,0.12447,0.16529,1.1813,1.549,0.04082,1.3279,0,1,0,0.0,0.0,0.0,0.0,0.0,0.0,3,4,5,2,1.3828,1.3828,-0.9321,1.6741,1,1,3,2.3149,1.7732,0,1,1,4,2.5,0.5586,0.5435,0.1291,0.4221,0.3379,0.253,0.5586,733.0,842.0,0.2787,0.2984,1.2881,1.3123,109.0,0.0197,AMBIGUOUS,0
123,74,0,1,4.3315,73.2486,77.9627,4.5314,75.5163,79.4963,2.7448,0.1999,2.2677,1.5336,2.7376,0.1999,0.0728,0.8262,0.5587,0.123,13.695,0.12447,0.18019,1.1813,1.6887,0.05572,1.4476,0,1,0,0.0,0.0,0.0,0.0,0.0,0.0,3,4,5,3,1.3828,1.3828,-1.3621,1.9851,2,2,2,2.7448,0.134,0,1,1,3,2.0,0.5586,0.5435,0.1291,0.3698,0.3436,0.1368,0.5586,733.0,916.0,0.2787,0.3168,1.2881,1.4343,183.0,0.0381,AMBIGUOUS,0
123,68,0,1,4.3315,73.2486,77.9627,7.9776,73.8015,79.0655,3.8492,3.6461,0.553,1.1028,1.2337,3.6461,0.9472,0.1437,0.2865,2.2438,0.3384,0.12447,0.18397,1.1813,1.7241,0.0595,1.478,0,1,0,0.0,0.0,0.0,0.0,0.0,0.0,3,4,5,4,1.3828,1.3828,-2.4664,2.7837,0,1,1,3.8492,1.1508,0,1,1,4,2.5,0.5586,0.5435,0.1291,0.2524,0.1474,0.2049,0.5586,733.0,965.0,0.2787,0.3447,1.2881,1.3934,232.0,0.066,AMBIGUOUS,0
123,59,0,1,4.3315,73.2486,77.9627,8.0199,73.8257,76.1618,4.145,3.6885,0.5771,-1.8009,1.8911,3.6885,0.8899,0.1392,-0.4345,2.2698,0.5127,0.12447,0.19577,1.1813,1.8347,0.0713,1.5728,0,1,0,0.0,0.0,0.0,0.0,0.0,0.0,3,4,5,5,1.3828,1.3828,-2.7623,2.9976,0,0,2,4.145,0.673,0,1,1,3,2.0,0.5586,0.5435,0.1291,0.2466,0.1051,0.2231,0.5586,733.0,892.0,0.2787,0.3875,1.2881,1.4672,159.0,0.1088,AMBIGUOUS,0
124,109,0,1,54.1343,70.8594,81.9635,55.4795,70.8027,84.1047,2.5294,1.3453,-0.0567,2.1412,2.142,1.3453,0.5319,-0.0224,0.8465,0.8279,1.5922,0.12432,0.14456,1.1798,1.3548,0.02024,1.1628,0,1,0,0.0,0.0,0.0,0.0,0.0,0.0,1,1,2,1,2.5294,4.5395,2.0101,0.5572,1,2,2,2.5294,0.6039,0,1,1,1,1.0,0.5465,0.5093,0.1984,0.257,0.2295,0.1157,0.5465,630.0,677.0,0.3393,0.3613,1.3294,1.3609,47.0,0.022,AMBIGUOUS,0
124,113,0,1,54.1343,70.8594,81.9635,56.8663,70.8979,85.5886,4.5395,2.732,0.0385,3.6251,3.6253,2.732,0.6018,0.0085,0.7986,1.6812,1.327,0.12432,0.14176,1.1798,1.3285,0.01744,1.1403,0,1,0,0.0,0.0,0.0,0.0,0.0,0.0,1,1,2,2,2.5294,2.5294,-2.0101,1.7947,0,1,2,3.9224,-0.6171,0,1,1,1,1.0,0.5465,0.5093,0.1984,0.2353,0.0087,0.2352,0.5465,630.0,597.0,0.3393,0.3842,1.3294,1.3812,-33.0,0.0448,AMBIGUOUS,0
125,141,0,1,18.2656,53.7139,20.0334,16.1403,55.5042,20.7122,2.8607,-2.1254,1.7903,0.6788,1.9147,2.1254,-0.743,0.6258,0.2373,1.3079,0.9009,0.12376,0.114,1.1746,1.0684,-0.00976,0.9211,0,1,0,0.0,0.0,0.0,0.0,0.0,0.0,1,1,1,1,2.8607,5.0,2.1393,0.5721,1,1,1,2.8607,2.1393,0,0,0,0,1.0,0.4203,0.3906,0.1551,0.1876,0.1097,0.1522,0.4203,490.0,484.0,0.467,0.3882,1.4515,1.3566,-6.0,-0.0789,AMBIGUOUS,0
126,172,0,1,60.619,49.7342,29.1476,60.8285,51.2065,32.1505,3.351,0.2094,1.4723,3.003,3.3445,0.2094,0.0625,0.4394,0.8961,0.1289,15.9703,0.12341,0.07498,1.1712,0.7027,-0.04843,0.6075,0,1,0,0.0,0.0,0.0,0.0,0.0,0.0,0,1,2,1,3.351,4.8622,1.5112,0.6892,0,1,1,3.351,1.649,0,1,0,1,1.0,0.533,0.494,0.1999,0.706,0.7035,0.0599,0.706,520.0,431.0,0.424,0.2944,1.4384,1.3203,-89.0,-0.1296,UNMATCHED_TARGET,0
126,179,0,1,60.619,49.7342,29.1476,57.0595,51.2043,32.1157,4.8622,-3.5595,1.4701,2.9681,3.3122,3.5595,-0.7321,0.3023,0.6105,2.1905,0.9305,0.12341,0.0648,1.1712,0.6072,-0.05861,0.525,0,1,0,0.0,0.0,0.0,0.0,0.0,0.0,0,1,2,2,3.351,3.351,-1.5112,1.451,0,0,1,4.8622,0.1378,0,1,0,2,1.5,0.533,0.494,0.1999,0.1866,0.1845,0.0276,0.533,520.0,499.0,0.424,0.1798,1.4384,1.1741,-21.0,-0.2442,TRUE_EDGE,1
127,52,0,1,97.0958,62.0899,69.6597,96.2115,61.2428,71.0051,1.8192,-0.8842,-0.8471,1.3455,1.5899,0.8842,-0.486,-0.4656,0.7396,0.5441,1.7981,0.12295,0.20167,1.1668,1.89,0.07872,1.6403,0,1,0,0.0,0.0,0.0,0.0,0.0,0.0,2,2,2,1,1.8192,2.0321,0.2128,0.8953,1,2,2,1.8192,1.6403,0,2,1,3,1.3333,0.452,0.4042,0.2021,0.3624,0.3365,0.1343,0.452,537.0,893.0,0.3177,0.3663,1.4922,1.3452,356.0,0.0486,AMBIGUOUS,0
127,57,0,1,97.0958,62.0899,69.6597,98.5729,60.8536,70.307,2.0321,1.4772,-1.2363,0.6473,1.3955,1.4772,0.7269,-0.6084,0.3185,0.909,0.9447,0.12295,0.1975,1.1668,1.8509,0.07455,1.6064,0,1,0,0.0,0.0,0.0,0.0,0.0,0.0,2,2,2,2,1.8192,1.8192,-0.2128,1.117,1,1,1,2.0321,2.9679,0,2,1,2,1.0,0.452,0.4042,0.2021,0.559,0.5521,0.0877,0.559,537.0,855.0,0.3177,0.3424,1.4922,1.324,318.0,0.0247,AMBIGUOUS,0
128,77,0,1,21.0905,64.1686,14.009,22.2389,63.4423,15.475,1.9989,1.1484,-0.7263,1.466,1.6361,1.1484,0.5745,-0.3633,0.7334,0.7067,1.4246,0.12259,0.17848,1.1634,1.6727,0.05589,1.4559,0,1,0,0.0,0.0,0.0,0.0,0.0,0.0,2,2,3,1,1.9989,2.1958,0.1969,0.9103,2,3,3,1.9989,0.8491,0,2,1,2,1.0,0.2004,0.0345,0.1974,0.5168,0.5111,0.0771,0.5168,721.0,935.0,0.2487,0.3236,1.2611,1.3018,214.0,0.0749,AMBIGUOUS,0
128,80,0,1,21.0905,64.1686,14.009,20.1183,63.5391,15.8744,2.1958,-0.9722,-0.6295,1.8654,1.9688,0.9722,-0.4428,-0.2867,0.8496,0.5983,2.025,0.12259,0.17421,1.1634,1.6327,0.05162,1.4211,0,1,0,0.0,0.0,0.0,0.0,0.0,0.0,2,2,3,2,1.9989,1.9989,-0.1969,1.0985,1,2,3,2.1958,1.7343,0,2,2,2,1.0,0.2004,0.0345,0.1974,0.6404,0.6183,0.1669,0.6404,721.0,821.0,0.2487,0.3097,1.2611,1.2918,100.0,0.061,AMBIGUOUS,0
128,86,0,1,21.0905,64.1686,14.009,19.7346,64.445,18.2056,4.4189,-1.3559,0.2764,4.1966,4.2057,1.3559,-0.3068,0.0626,0.9497,0.8344,3.1018,0.12259,0.1666,1.1634,1.5614,0.04401,1.359,0,1,0,0.0,0.0,0.0,0.0,0.0,0.0,2,2,3,3,1.9989,1.9989,-2.42,2.2107,0,1,2,3.5811,-0.8377,0,2,1,2,1.0,0.2004,0.0345,0.1974,0.2879,0.2346,0.1668,0.2879,721.0,927.0,0.2487,0.2786,1.2611,1.2892,206.0,0.0299,AMBIGUOUS,0
129,109,0,1,53.3903,72.71,85.4517,55.4795,70.8027,84.1047,3.1333,2.0893,-1.9074,-1.347,2.3351,2.0893,0.6668,-0.6087,-0.4299,1.2857,1.1177,0.12239,0.14456,1.1615,1.3548,0.02218,1.1812,0,1,0,0.0,0.0,0.0,0.0,0.0,0.0,0,2,2,1,3.1333,3.9224,0.7891,0.7988,1,2,2,2.5294,-0.6039,0,1,1,1,1.0,0.273,0.2347,0.1395,0.257,0.2295,0.1157,0.273,590.0,677.0,0.3948,0.3613,1.4376,1.3609,87.0,-0.0335,AMBIGUOUS,0
129,113,0,1,53.3903,72.71,85.4517,56.8663,70.8979,85.5886,3.9224,3.476,-1.8121,0.1369,1.8173,3.476,0.8862,-0.462,0.0349,2.1391,0.5228,0.12239,0.14176,1.1615,1.3285,0.01937,1.1583,0,1,0,0.0,0.0,0.0,0.0,0.0,0.0,0,2,2,2,3.1333,3.1333,-0.7891,1.2518,0,1,2,3.9224,0.6171,0,1,1,1,1.0,0.273,0.2347,0.1395,0.2353,0.0087,0.2352,0.273,590.0,597.0,0.3948,0.3842,1.4376,1.3812,7.0,-0.0106,AMBIGUOUS,0
132,116,0,1,16.1543,62.4041,8.0348,19.2575,61.1395,4.7986,4.6586,3.1032,-1.2647,-3.2362,3.4746,3.1032,0.6661,-0.2715,-0.6947,1.9096,1.1197,0.11973,0.14055,1.1363,1.3172,0.02082,1.1739,0,1,0,0.0,0.0,0.0,0.0,0.0,0.0,0,0,1,1,4.6586,5.0,0.3414,0.9317,0,1,2,3.16,-1.4986,1,1,0,2,1.5,0.2059,0.0957,0.1822,0.3247,0.2425,0.2159,0.3247,694.0,741.0,0.2646,0.3074,1.2454,1.3185,47.0,0.0428,AMBIGUOUS,0
133,73,0,1,7.7297,72.9232,68.134,7.901,70.9277,67.0003,2.3014,0.1713,-1.9955,-1.1337,2.2951,0.1713,0.0744,-0.8671,-0.4926,0.1054,13.3982,0.11835,0.18062,1.1232,1.6927,0.06227,1.5262,0,1,0,0.0,0.0,0.0,0.0,0.0,0.0,1,2,3,1,2.3014,3.0317,0.7303,0.7591,1,1,1,2.3014,2.6986,0,0,2,2,3.0,0.4588,0.3953,0.2328,0.2806,0.224,0.1689,0.4588,614.0,883.0,0.2837,0.3039,1.2972,1.3047,269.0,0.0202,AMBIGUOUS,0
133,105,0,1,7.7297,72.9232,68.134,5.2454,71.9094,66.7228,3.0317,-2.4843,-1.0138,-1.4112,1.7377,2.4843,-0.8194,-0.3344,-0.4655,1.5288,0.6995,0.11835,0.14752,1.1232,1.3825,0.02917,1.2464,0,1,0,0.0,0.0,0.0,0.0,0.0,0.0,1,2,3,2,2.3014,2.3014,-0.7303,1.3173,0,1,1,3.0317,1.9683,0,0,2,2,3.0,0.4588,0.3953,0.2328,0.3831,0.3704,0.0978,0.4588,614.0,817.0,0.2837,0.239,1.2972,1.219,203.0,-0.0447,AMBIGUOUS,0
133,102,0,1,7.7297,72.9232,68.134,5.3305,69.66,67.5328,4.0946,-2.3991,-3.2632,-0.6012,3.3182,2.3991,-0.5859,-0.797,-0.1468,1.4764,1.3831,0.11835,0.14896,1.1232,1.396,0.03061,1.2586,0,1,0,0.0,0.0,0.0,0.0,0.0,0.0,1,2,3,3,2.3014,2.3014,-1.7932,1.7792,0,0,1,4.0946,0.9054,0,0,2,2,3.0,0.4588,0.3953,0.2328,0.5031,0.4555,0.2136,0.5031,614.0,832.0,0.2837,0.2689,1.2972,1.287,218.0,-0.0149,AMBIGUOUS,0
134,139,0,1,40.4141,72.8298,83.8521,42.5245,72.1368,81.5758,3.1805,2.1104,-0.693,-2.2763,2.3795,2.1104,0.6636,-0.2179,-0.7157,1.2987,1.1275,0.11758,0.11585,1.1158,1.0857,-0.00173,0.9853,0,1,0,0.0,0.0,0.0,0.0,0.0,0.0,0,1,1,1,3.1805,5.0,1.8195,0.6361,0,1,1,3.1805,1.8195,0,2,0,1,0.6667,0.2897,0.2109,0.1986,0.3357,0.2745,0.1932,0.3357,623.0,564.0,0.2854,0.2811,1.3491,1.2572,-59.0,-0.0043,AMBIGUOUS,0
137,152,0,1,3.7152,65.6129,23.0646,4.7466,66.9308,26.319,3.6595,1.0314,1.3179,3.2544,3.5111,1.0314,0.2819,0.3601,0.8893,0.6347,3.4041,0.11377,0.10368,1.0797,0.9716,-0.0101,0.9113,0,1,0,0.0,0.0,0.0,0.0,0.0,0.0,0,1,1,1,3.6595,5.0,1.3405,0.7319,0,1,1,3.6595,1.3405,0,0,0,0,1.0,0.5144,0.4652,0.2196,0.1848,0.1284,0.133,0.5144,742.0,731.0,0.2193,0.204,1.2367,1.2028,-11.0,-0.0154,AMBIGUOUS,0
138,30,0,1,31.8495,70.7833,54.264,27.9235,72.2819,55.6151,4.4142,-3.926,1.4987,1.3512,2.0178,3.926,-0.8894,0.3395,0.3061,2.416,0.514,0.11362,0.23093,1.0783,2.1643,0.11732,2.0326,0,1,0,0.0,0.0,0.0,0.0,0.0,0.0,0,0,1,1,4.4142,5.0,0.5858,0.8828,0,0,1,4.4142,0.5858,0,0,0,0,1.0,0.68,0.6505,0.1982,0.3029,0.2985,0.0512,0.68,671.0,890.0,0.2605,0.4831,1.2592,1.4776,219.0,0.2226,AMBIGUOUS,0
140,107,0,1,8.2581,69.5774,39.6759,7.5562,72.6665,42.3214,4.1272,-0.7019,3.0891,2.6454,4.0671,0.7019,-0.1701,0.7485,0.641,0.4319,5.7946,0.1124,0.14563,1.0668,1.3648,0.03323,1.2956,0,1,0,0.0,0.0,0.0,0.0,0.0,0.0,0,0,2,1,4.1272,4.1395,0.0123,0.997,0,0,2,4.1272,0.8037,0,0,0,1,2.0,0.2195,0.1331,0.1745,0.5756,0.5688,0.0884,0.5756,637.0,810.0,0.293,0.2568,1.3068,1.235,173.0,-0.0362,AMBIGUOUS,0
140,159,0,1,8.2581,69.5774,39.6759,4.2443,68.625,40.0189,4.1395,-4.0138,-0.9524,0.343,1.0123,4.0138,-0.9696,-0.2301,0.0828,2.47,0.2522,0.1124,0.09545,1.0668,0.8946,-0.01695,0.8492,0,1,0,0.0,0.0,0.0,0.0,0.0,0.0,0,0,2,2,4.1272,4.1272,-0.0123,1.003,1,1,2,2.4161,-1.7234,0,0,0,1,2.0,0.2195,0.1331,0.1745,0.6624,0.6307,0.2023,0.6624,637.0,679.0,0.293,0.1941,1.3068,1.2047,42.0,-0.099,AMBIGUOUS,0
142,171,0,1,45.2539,73.6223,101.4408,45.4721,71.9939,96.7187,4.9997,0.2182,-1.6284,-4.7221,4.995,0.2182,0.0436,-0.3257,-0.9445,0.1343,22.8927,0.11145,0.07639,1.0577,0.716,-0.03506,0.6854,0,1,0,0.0,0.0,0.0,0.0,0.0,0.0,0,0,1,1,4.9997,5.0,0.0003,0.9999,1,1,2,2.331,-2.6688,0,1,0,0,0.5,0.2893,0.2461,0.152,0.0971,0.0279,0.093,0.2893,609.0,475.0,0.2996,0.2315,1.2881,1.2071,-134.0,-0.0681,AMBIGUOUS,0
143,168,0,1,3.1681,63.0119,2.6769,4.6119,62.5562,4.6478,2.4853,1.4438,-0.4557,1.9709,2.0229,1.4438,0.5809,-0.1834,0.793,0.8885,1.4011,0.11093,0.08051,1.0527,0.7545,-0.03041,0.7258,0,1,0,0.0,0.0,0.0,0.0,0.0,0.0,1,1,3,1,2.4853,4.6827,2.1974,0.5307,2,3,3,2.4853,0.0152,1,2,0,4,1.6667,0.1908,0.0819,0.1723,0.3183,0.2631,0.1792,0.3183,916.0,671.0,0.1508,0.1401,1.138,1.1461,-245.0,-0.0107,AMBIGUOUS,0
143,175,0,1,3.1681,63.0119,2.6769,1.3504,58.9631,4.1705,4.6827,-1.8177,-4.0488,1.4936,4.3155,1.8177,-0.3882,-0.8646,0.319,1.1186,2.3742,0.11093,0.06696,1.0527,0.6275,-0.04397,0.6036,0,1,0,0.0,0.0,0.0,0.0,0.0,0.0,1,1,3,2,2.4853,2.4853,-2.1974,1.8841,1,1,2,2.4152,-2.2675,1,2,0,1,0.6667,0.1908,0.0819,0.1723,0.3005,0.2746,0.122,0.3005,916.0,573.0,0.1508,0.1704,1.138,1.2057,-343.0,0.0197,AMBIGUOUS,0
143,158,0,1,3.1681,63.0119,2.6769,4.2597,66.8601,5.6123,4.9615,1.0917,3.8482,2.9354,4.8399,1.0917,0.22,0.7756,0.5916,0.6718,4.4336,0.11093,0.09769,1.0527,0.9156,-0.01323,0.8807,0,1,0,0.0,0.0,0.0,0.0,0.0,0.0,1,1,3,3,2.4853,2.4853,-2.4762,1.9963,0,1,2,3.0002,-1.9614,1,2,0,1,0.6667,0.1908,0.0819,0.1723,0.643,0.6153,0.187,0.643,916.0,672.0,0.1508,0.2,1.138,1.2212,-244.0,0.0492,AMBIGUOUS,0
144,74,0,1,3.1457,77.1549,81.4152,4.5314,75.5163,79.4963,2.8788,1.3857,-1.6387,-1.9189,2.5234,1.3857,0.4813,-0.5692,-0.6666,0.8527,1.821,0.11085,0.18019,1.052,1.6887,0.06933,1.6255,0,1,0,0.0,0.0,0.0,0.0,0.0,0.0,1,1,2,1,2.8788,4.3918,1.513,0.6555,2,2,2,2.7448,-0.134,0,0,1,3,4.0,0.198,0.1043,0.1683,0.3698,0.3436,0.1368,0.3698,614.0,916.0,0.2858,0.3168,1.2544,1.4343,302.0,0.031,AMBIGUOUS,0
144,88,0,1,3.1457,77.1549,81.4152,3.5879,75.3738,77.4251,4.3918,0.4422,-1.7811,-3.99,4.3695,0.4422,0.1007,-0.4055,-0.9085,0.2721,9.882,0.11085,0.16529,1.052,1.549,0.05443,1.491,0,1,0,0.0,0.0,0.0,0.0,0.0,0.0,1,1,2,2,2.8788,2.8788,-1.513,1.5256,1,1,3,2.3149,-2.0769,0,0,1,4,5.0,0.198,0.1043,0.1683,0.4221,0.3379,0.253,0.4221,614.0,842.0,0.2858,0.2984,1.2544,1.3123,228.0,0.0126,AMBIGUOUS,0
145,168,0,1,3.2238,64.5387,4.0189,4.6119,62.5562,4.6478,2.5005,1.3881,-1.9824,0.6289,2.0798,1.3881,0.5551,-0.7928,0.2515,0.8542,1.4983,0.10961,0.08051,1.0402,0.7545,-0.02909,0.7346,0,1,0,0.0,0.0,0.0,0.0,0.0,0.0,1,2,3,1,2.5005,3.0002,0.4997,0.8334,2,3,3,2.4853,-0.0152,1,2,0,4,1.6667,0.075,0.0262,0.0702,0.3183,0.2631,0.1792,0.3183,987.0,671.0,0.1771,0.1401,1.2308,1.1461,-316.0,-0.037,AMBIGUOUS,0
145,158,0,1,3.2238,64.5387,4.0189,4.2597,66.8601,5.6123,3.0002,1.0359,2.3214,1.5934,2.8156,1.0359,0.3453,0.7738,0.5311,0.6375,2.718,0.10961,0.09769,1.0402,0.9156,-0.01191,0.8913,0,1,0,0.0,0.0,0.0,0.0,0.0,0.0,1,2,3,2,2.5005,2.5005,-0.4997,1.1998,0,1,2,3.0002,1.9614,1,2,0,1,0.6667,0.075,0.0262,0.0702,0.643,0.6153,0.187,0.643,987.0,672.0,0.1771,0.2,1.2308,1.2212,-315.0,0.0229,AMBIGUOUS,0
145,112,0,1,3.2238,64.5387,4.0189,3.3157,62.0122,8.0049,4.7201,0.0919,-2.5264,3.986,4.7192,0.0919,0.0195,-0.5352,0.8445,0.0565,51.3579,0.10961,0.14218,1.0402,1.3325,0.03257,1.2972,0,1,0,0.0,0.0,0.0,0.0,0.0,0.0,1,2,3,3,2.5005,2.5005,-2.2196,1.8877,0,2,5,3.296,-1.4241,1,2,0,1,0.6667,0.075,0.0262,0.0702,0.1987,0.0657,0.1875,0.1987,987.0,766.0,0.1771,0.2936,1.2308,1.2527,-221.0,0.1166,AMBIGUOUS,0
146,67,0,1,28.7949,68.6221,39.3283,30.682,67.3729,38.4427,2.4302,1.8871,-1.2492,-0.8856,1.5313,1.8871,0.7765,-0.5141,-0.3644,1.1613,0.8115,0.10687,0.1848,1.0143,1.7319,0.07792,1.7291,0,1,0,0.0,0.0,0.0,0.0,0.0,0.0,1,1,1,1,2.4302,5.0,2.5698,0.486,1,1,1,2.4302,2.5698,0,1,0,1,1.0,0.463,0.4551,0.0851,0.2535,0.193,0.1642,0.463,590.0,793.0,0.2956,0.3783,1.3795,1.3856,203.0,0.0827,AMBIGUOUS,0
147,42,0,1,16.3579,68.7938,28.3352,18.1129,67.2634,29.3244,2.53,1.755,-1.5304,0.9892,1.8223,1.755,0.6937,-0.6049,0.391,1.08,1.0384,0.10557,0.21496,1.0019,2.0145,0.10939,2.0361,0,1,0,0.0,0.0,0.0,0.0,0.0,0.0,1,2,2,1,2.53,3.5603,1.0303,0.7106,1,1,1,2.53,2.47,0,1,0,2,1.5,0.2026,0.1079,0.1715,0.3041,0.2379,0.1893,0.3041,666.0,965.0,0.2405,0.4734,1.2428,1.5089,299.0,0.2329,AMBIGUOUS,0
147,81,0,1,16.3579,68.7938,28.3352,14.9265,67.5028,31.3285,3.5603,-1.4314,-1.2911,2.9933,3.2599,1.4314,-0.402,-0.3626,0.8407,0.8809,2.2774,0.10557,0.17252,1.0019,1.6168,0.06694,1.6341,0,1,0,0.0,0.0,0.0,0.0,0.0,0.0,1,2,2,2,2.53,2.53,-1.0303,1.4072,0,1,2,3.5603,0.475,0,1,0,2,1.5,0.2026,0.1079,0.1715,0.3121,0.3015,0.0805,0.3121,666.0,904.0,0.2405,0.286,1.2428,1.3347,238.0,0.0455,AMBIGUOUS,0
148,81,0,1,12.8038,67.9779,27.9297,14.9265,67.5028,31.3285,4.0352,2.1227,-0.4752,3.3987,3.4318,2.1227,0.5261,-0.1178,0.8423,1.3063,1.6167,0.10358,0.17252,0.983,1.6168,0.06894,1.6655,0,1,0,0.0,0.0,0.0,0.0,0.0,0.0,0,0,1,1,4.0352,5.0,0.9648,0.807,0,1,2,3.5603,-0.475,0,1,0,2,1.5,0.2585,0.1962,0.1683,0.3121,0.3015,0.0805,0.3121,663.0,904.0,0.2206,0.286,1.213,1.3347,241.0,0.0653,AMBIGUOUS,0
149,15,0,1,56.1018,66.3065,37.6676,56.4103,63.9575,38.3743,2.4723,0.3086,-2.3489,0.7067,2.4529,0.3086,0.1248,-0.9501,0.2859,0.1899,7.9498,0.10214,0.25269,0.9694,2.3682,0.15055,2.474,0,1,0,0.0,0.0,0.0,0.0,0.0,0.0,1,1,1,1,2.4723,5.0,2.5277,0.4945,1,1,2,2.4723,1.9181,0,2,0,0,0.3333,0.7865,0.7732,0.1436,0.531,0.4647,0.2569,0.7865,518.0,961.0,0.3056,0.5601,1.4563,1.6567,443.0,0.2545,AMBIGUOUS,0
150,116,0,1,16.3967,62.1363,5.6976,19.2575,61.1395,4.7986,3.16,2.8607,-0.9968,-0.899,1.3423,2.8607,0.9053,-0.3154,-0.2845,1.7605,0.4692,0.1015,0.14055,0.9633,1.3172,0.03906,1.3848,0,1,0,0.0,0.0,0.0,0.0,0.0,0.0,0,1,1,1,3.16,5.0,1.84,0.632,0,1,2,3.16,1.4986,1,1,0,2,1.5,0.1484,0.1467,0.0224,0.3247,0.2425,0.2159,0.3247,690.0,741.0,0.2226,0.3074,1.236,1.3185,51.0,0.0847,AMBIGUOUS,0
151,126,0,1,15.7611,70.4065,43.3061,18.9868,69.235,45.6059,4.1312,3.2257,-1.1716,2.2997,2.581,3.2257,0.7808,-0.2836,0.5567,1.985,0.8001,0.09511,0.13229,0.9026,1.2398,0.03718,1.3909,0,1,0,0.0,0.0,0.0,0.0,0.0,0.0,0,0,1,1,4.1312,5.0,0.8688,0.8262,0,1,2,3.8463,-0.2849,0,2,0,0,0.3333,0.5303,0.4889,0.2053,0.5517,0.5132,0.2024,0.5517,598.0,667.0,0.2126,0.329,1.2253,1.335,69.0,0.1164,AMBIGUOUS,0
152,45,0,1,41.9156,68.6931,53.3316,42.1347,67.7018,57.3418,4.1367,0.2191,-0.9914,4.0102,4.1309,0.2191,0.053,-0.2396,0.9694,0.1348,18.8548,0.09382,0.21285,0.8904,1.9948,0.11904,2.2688,0,1,0,0.0,0.0,0.0,0.0,0.0,0.0,0,0,1,1,4.1367,5.0,0.8633,0.8273,0,0,3,4.1367,0.4599,0,1,0,1,1.0,0.3549,0.3344,0.1187,0.1927,0.1153,0.1544,0.3549,524.0,929.0,0.2956,0.4286,1.3487,1.4217,405.0,0.1331,AMBIGUOUS,0
153,48,0,1,86.4445,56.8495,53.5957,87.2245,60.5255,54.3218,3.8273,0.78,3.676,0.7261,3.747,0.78,0.2038,0.9605,0.1897,0.48,4.8037,0.09381,0.20437,0.8903,1.9153,0.11056,2.1785,0,1,0,0.0,0.0,0.0,0.0,0.0,0.0,0,1,2,1,3.8273,4.5644,0.7371,0.8385,0,1,2,3.8273,1.001,0,1,0,1,1.0,0.3219,0.3195,0.0388,0.5381,0.5255,0.1158,0.5381,456.0,736.0,0.3136,0.5318,1.3896,1.5455,280.0,0.2182,AMBIGUOUS,0
153,71,0,1,86.4445,56.8495,53.5957,86.1471,59.6019,49.9666,4.5644,-0.2974,2.7524,-3.6291,4.5547,0.2974,-0.0651,0.603,-0.7951,0.183,15.3166,0.09381,0.18168,0.8903,1.7027,0.08787,1.9366,0,1,0,0.0,0.0,0.0,0.0,0.0,0.0,0,1,2,2,3.8273,3.8273,-0.7371,1.1926,0,0,1,4.5644,0.4356,0,1,1,2,1.5,0.3219,0.3195,0.0388,0.119,0.0221,0.1169,0.3219,456.0,762.0,0.3136,0.3875,1.3896,1.3081,306.0,0.0739,AMBIGUOUS,0
154,126,0,1,16.0372,71.1779,47.1287,18.9868,69.235,45.6059,3.8463,2.9496,-1.943,-1.5228,2.4686,2.9496,0.7669,-0.5052,-0.3959,1.8151,0.8369,0.08841,0.13229,0.8391,1.2398,0.04388,1.4963,0,1,0,0.0,0.0,0.0,0.0,0.0,0.0,0,2,2,1,3.8463,3.9263,0.08,0.9796,0,1,2,3.8463,0.2849,0,2,0,0,0.3333,0.2289,0.2128,0.0843,0.5517,0.5132,0.2024,0.5517,581.0,667.0,0.1968,0.329,1.2367,1.335,86.0,0.1322,AMBIGUOUS,0
154,134,0,1,16.0372,71.1779,47.1287,13.0884,73.7029,46.5414,3.9263,-2.9488,2.525,-0.5872,2.5924,2.9488,-0.751,0.6431,-0.1496,1.8147,0.8791,0.08841,0.12249,0.8391,1.1479,0.03407,1.3854,0,1,0,0.0,0.0,0.0,0.0,0.0,0.0,0,2,2,2,3.8463,3.8463,-0.08,1.0208,0,2,2,3.3469,-0.5795,0,2,0,0,0.3333,0.2289,0.2128,0.0843,0.2621,0.0884,0.2468,0.2621,581.0,610.0,0.1968,0.2922,1.2367,1.2258,29.0,0.0954,AMBIGUOUS,0
155,82,0,1,3.6908,71.9294,75.2257,3.7196,72.0357,77.7048,2.4816,0.0288,0.1063,2.4791,2.4814,0.0288,0.0116,0.0428,0.999,0.0177,86.222,0.08638,0.17148,0.8198,1.6071,0.0851,1.9851,0,1,0,0.0,0.0,0.0,0.0,0.0,0.0,1,1,3,1,2.4816,4.0881,1.6065,0.607,2,2,2,1.3828,-1.0988,0,1,0,4,2.5,0.4469,0.4408,0.0732,0.4996,0.4696,0.1706,0.4996,595.0,956.0,0.2121,0.3546,1.233,1.4251,361.0,0.1425,AMBIGUOUS,0
155,88,0,1,3.6908,71.9294,75.2257,3.5879,75.3738,77.4251,4.0881,-0.103,3.4445,2.1994,4.0868,0.103,-0.0252,0.8426,0.538,0.0634,39.6819,0.08638,0.16529,0.8198,1.549,0.0789,1.9134,0,1,0,0.0,0.0,0.0,0.0,0.0,0.0,1,1,3,2,2.4816,2.4816,-1.6065,1.6474,1,1,3,2.3149,-1.7732,0,1,1,4,2.5,0.4469,0.4408,0.0732,0.4221,0.3379,0.253,0.4469,595.0,842.0,0.2121,0.2984,1.233,1.3123,247.0,0.0863,AMBIGUOUS,0
155,59,0,1,3.6908,71.9294,75.2257,8.0199,73.8257,76.1618,4.818,4.3291,1.8963,0.936,2.1148,4.3291,0.8985,0.3936,0.1943,2.6641,0.4885,0.08638,0.19577,0.8198,1.8347,0.10939,2.2663,0,1,0,0.0,0.0,0.0,0.0,0.0,0.0,1,1,3,3,2.4816,2.4816,-2.3365,1.9415,0,0,2,4.145,-0.673,0,1,1,3,2.0,0.4469,0.4408,0.0732,0.2466,0.1051,0.2231,0.4469,595.0,892.0,0.2121,0.3875,1.233,1.4672,297.0,0.1753,AMBIGUOUS,0
156,125,0,1,78.0564,58.4398,14.9682,75.8792,56.0062,17.7074,4.2622,-2.1773,-2.4336,2.7392,3.6641,2.1773,-0.5108,-0.571,0.6427,1.3398,1.6829,0.07964,0.13301,0.7558,1.2465,0.05337,1.6701,0,1,0,0.0,0.0,0.0,0.0,0.0,0.0,0,0,1,1,4.2622,5.0,0.7378,0.8524,0,1,2,3.1914,-1.0708,0,0,0,1,2.0,0.1039,0.0564,0.0872,0.5264,0.4958,0.1768,0.5264,484.0,629.0,0.2489,0.268,1.2325,1.3461,145.0,0.0191,AMBIGUOUS,0
157,142,0,1,100.1307,48.5551,49.5398,100.3302,45.9159,45.596,4.7495,0.1995,-2.6392,-3.9438,4.7453,0.1995,0.042,-0.5557,-0.8303,0.1228,23.7824,0.07177,0.11381,0.6811,1.0666,0.04204,1.5858,0,1,0,0.0,0.0,0.0,0.0,0.0,0.0,0,0,1,1,4.7495,5.0,0.2505,0.9499,1,1,2,1.333,-3.4166,0,1,0,0,0.5,0.6497,0.6193,0.1963,0.4307,0.4198,0.0965,0.6497,423.0,490.0,0.2651,0.3932,1.2082,1.3994,67.0,0.1281,UNMATCHED_TARGET,0
158,117,0,1,32.0455,67.9057,26.217,32.8741,65.4333,28.1993,3.2755,0.8286,-2.4724,1.9823,3.169,0.8286,0.253,-0.7548,0.6052,0.5099,3.8245,0.06868,0.13885,0.6518,1.3013,0.07018,2.0218,0,1,0,0.0,0.0,0.0,0.0,0.0,0.0,0,1,1,1,3.2755,5.0,1.7245,0.6551,0,1,1,3.2755,1.7245,0,0,0,0,1.0,0.4962,0.4545,0.1991,0.411,0.3741,0.1702,0.4962,500.0,748.0,0.1528,0.2722,1.3194,1.3052,248.0,0.1194,AMBIGUOUS,0
159,100,0,1,12.5314,66.2935,14.3149,9.3931,63.5979,15.853,4.4137,-3.1382,-2.6957,1.5381,3.1036,3.1382,-0.711,-0.6107,0.3485,1.9312,0.989,0.06529,0.15146,0.6197,1.4194,0.08616,2.3196,0,1,0,0.0,0.0,0.0,0.0,0.0,0.0,0,0,1,1,4.4137,5.0,0.5863,0.8827,0,0,1,4.4137,0.5863,0,0,0,1,2.0,0.4842,0.4686,0.1218,0.4013,0.3569,0.1836,0.4842,556.0,805.0,0.1697,0.271,1.1883,1.2612,249.0,0.1014,AMBIGUOUS,0
160,103,0,1,40.1698,63.0052,48.8088,38.3585,67.0236,48.0951,4.4652,-1.8112,4.0184,-0.7137,4.0813,1.8112,-0.4056,0.8999,-0.1598,1.1146,2.2533,0.06045,0.14847,0.5737,1.3914,0.08802,2.4561,0,1,0,0.0,0.0,0.0,0.0,0.0,0.0,0,0,1,1,4.4652,5.0,0.5348,0.893,0,0,1,4.4652,0.5348,0,0,0,1,2.0,0.4604,0.4552,0.0692,0.6606,0.6415,0.1578,0.6606,398.0,677.0,0.2155,0.3453,1.1946,1.3918,279.0,0.1297,AMBIGUOUS,0
161,147,0,1,24.1589,55.3828,3.7281,26.3783,51.9586,5.6531,4.5119,2.2194,-3.4242,1.925,3.9282,2.2194,0.4919,-0.7589,0.4267,1.3658,1.7699,0.05542,0.10873,0.526,1.019,0.05331,1.9619,0,1,0,0.0,0.0,0.0,0.0,0.0,0.0,0,0,1,1,4.5119,5.0,0.4881,0.9024,0,0,1,4.5119,0.4881,0,0,0,1,2.0,0.2636,0.2161,0.151,0.3821,0.3783,0.0538,0.3821,433.0,552.0,0.163,0.2867,1.1502,1.2905,119.0,0.1237,AMBIGUOUS,0
163,142,0,1,100.7926,47.1632,45.6819,100.3302,45.9159,45.596,1.333,-0.4624,-1.2473,-0.0859,1.2502,0.4624,-0.3469,-0.9357,-0.0644,0.2845,2.704,0.05129,0.11381,0.4868,1.0666,0.06252,2.2187,0,1,0,0.0,0.0,0.0,0.0,0.0,0.0,1,1,1,1,1.333,5.0,3.667,0.2666,1,1,2,1.333,3.4166,0,1,0,0,0.5,0.1906,0.0426,0.1858,0.4307,0.4198,0.0965,0.4307,359.0,490.0,0.2222,0.3932,1.187,1.3994,131.0,0.171,AMBIGUOUS,0
0,0,1,2,71.0211,62.3118,47.5873,67.7014,62.5473,47.6705,3.3291,-3.3197,0.2355,0.0832,0.2498,3.3197,-0.9972,0.0707,0.025,2.0429,0.0752,0.30953,0.31464,2.9008,2.9036,0.00511,1.0165,0,1,0,0.0,0.0,0.0,0.0,0.0,0.0,0,1,1,1,3.3291,5.0,1.6709,0.6658,0,2,2,3.3291,0.2165,0,0,0,0,1.0,0.5066,0.4789,0.1653,0.5662,0.5486,0.1401,0.5662,925.0,980.0,0.8089,0.8569,1.9652,1.9375,55.0,0.048,AMBIGUOUS,0
1,1,1,2,93.8024,52.1286,26.5916,91.9262,52.0374,25.363,2.2445,-1.8762,-0.0912,-1.2286,1.232,1.8762,-0.8359,-0.0406,-0.5474,1.1546,0.6566,0.29171,0.29219,2.7339,2.6964,0.00048,1.0016,0,1,0,0.0,0.0,0.0,0.0,0.0,0.0,1,1,1,1,2.2445,5.0,2.7555,0.4489,1,1,1,2.2445,2.7555,0,1,0,0,0.5,0.5012,0.4476,0.2255,0.7214,0.6988,0.1794,0.7214,1067.0,1066.0,0.7752,0.8633,1.9788,2.0811,-1.0,0.0881,AMBIGUOUS,0
2,4,1,2,79.0266,56.0581,28.3651,80.7665,56.0072,26.3014,2.6997,1.7399,-0.0508,-2.0637,2.0643,1.7399,0.6445,-0.0188,-0.7644,1.0707,1.1864,0.26431,0.2633,2.477,2.4298,-0.00101,0.9962,0,1,0,0.0,0.0,0.0,0.0,0.0,0.0,1,2,2,1,2.6997,3.9448,1.245,0.6844,2,2,2,0.5696,-2.1302,0,1,0,0,0.5,0.6028,0.5984,0.0725,0.4978,0.4835,0.1185,0.6028,985.0,993.0,0.6307,0.567,1.7189,1.7439,8.0,-0.0637,AMBIGUOUS,0
2,18,1,2,79.0266,56.0581,28.3651,75.2712,56.0175,27.1581,3.9448,-3.7553,-0.0406,-1.207,1.2077,3.7553,-0.952,-0.0103,-0.306,2.311,0.3216,0.26431,0.2462,2.477,2.272,-0.0181,0.9315,0,1,0,0.0,0.0,0.0,0.0,0.0,0.0,1,2,2,2,2.6997,2.6997,-1.245,1.4612,0,1,1,3.9448,1.0552,0,1,0,0,0.5,0.6028,0.5984,0.0725,0.5267,0.5212,0.0755,0.6028,985.0,907.0,0.6307,0.5206,1.7189,1.6518,-78.0,-0.11,AMBIGUOUS,0
3,12,1,2,79.3488,50.3431,9.2479,78.4674,50.5471,9.0582,0.9244,-0.8814,0.204,-0.1898,0.2786,0.8814,-0.9535,0.2206,-0.2053,0.5424,0.3161,0.2641,0.25331,2.4751,2.3376,-0.01079,0.9591,0,1,0,0.0,0.0,0.0,0.0,0.0,0.0,2,4,4,1,0.9244,2.3839,1.4595,0.3878,2,3,3,0.9244,0.3201,1,2,2,3,1.3333,0.2941,0.2762,0.101,0.5125,0.4674,0.2101,0.5125,871.0,952.0,0.6119,0.5441,1.7071,1.6301,81.0,-0.0678,AMBIGUOUS,0
3,10,1,2,79.3488,50.3431,9.2479,80.9872,50.098,7.5337,2.3839,1.6384,-0.2451,-1.7142,1.7317,1.6384,0.6873,-0.1028,-0.7191,1.0082,1.0569,0.2641,0.25425,2.4751,2.3463,-0.00985,0.9627,0,1,0,0.0,0.0,0.0,0.0,0.0,0.0,2,4,4,2,0.9244,0.9244,-1.4595,2.5788,3,3,3,1.913,-0.4709,1,2,2,3,1.3333,0.2941,0.2762,0.101,0.3464,0.2628,0.2257,0.3464,871.0,908.0,0.6119,0.5108,1.7071,1.5866,37.0,-0.1011,AMBIGUOUS,0
3,20,1,2,79.3488,50.3431,9.2479,76.7045,50.3304,7.379,3.2382,-2.6444,-0.0127,-1.869,1.869,2.6444,-0.8166,-0.0039,-0.5772,1.6273,0.7068,0.2641,0.24265,2.4751,2.2392,-0.02145,0.9188,0,1,0,0.0,0.0,0.0,0.0,0.0,0.0,2,4,4,3,0.9244,0.9244,-2.3138,3.503,1,3,3,1.9144,-1.3238,1,2,1,3,1.3333,0.2941,0.2762,0.101,0.339,0.3295,0.0801,0.339,871.0,932.0,0.6119,0.4632,1.7071,1.5763,61.0,-0.1487,AMBIGUOUS,0
3,7,1,2,79.3488,50.3431,9.2479,80.7585,49.5167,5.832,3.7867,1.4096,-0.8264,-3.416,3.5145,1.4096,0.3723,-0.2182,-0.9021,0.8675,2.4932,0.2641,0.25598,2.4751,2.3622,-0.00813,0.9692,0,1,0,0.0,0.0,0.0,0.0,0.0,0.0,2,4,4,4,0.9244,0.9244,-2.8623,4.0963,1,3,3,1.0655,-2.7212,1,2,1,3,1.3333,0.2941,0.2762,0.101,0.5144,0.4915,0.1515,0.5144,871.0,907.0,0.6119,0.5301,1.7071,1.6229,36.0,-0.0818,AMBIGUOUS,0
4,17,1,2,41.7324,57.2739,30.1415,40.9681,57.7411,30.6516,1.0309,-0.7643,0.4673,0.5101,0.6918,0.7643,-0.7414,0.4533,0.4948,0.4704,0.9051,0.26305,0.24648,2.4652,2.2745,-0.01657,0.937,0,1,0,0.0,0.0,0.0,0.0,0.0,0.0,1,2,2,1,1.0309,3.03,1.9991,0.3402,1,1,2,1.0309,3.8941,0,1,0,1,1.0,0.5236,0.5176,0.0793,0.3925,0.3431,0.1906,0.5236,878.0,1004.0,0.6482,0.5574,1.7901,1.6862,126.0,-0.0908,AMBIGUOUS,0
4,35,1,2,41.7324,57.2739,30.1415,41.339,57.6796,27.1647,3.03,-0.3935,0.4058,-2.9768,3.0043,0.3935,-0.1299,0.1339,-0.9824,0.2421,7.635,0.26305,0.22783,2.4652,2.1025,-0.03521,0.8661,0,1,0,0.0,0.0,0.0,0.0,0.0,0.0,1,2,2,2,1.0309,1.0309,-1.9991,2.9392,0,2,2,3.03,0.928,0,1,0,1,1.0,0.5236,0.5176,0.0793,0.716,0.714,0.0546,0.716,878.0,945.0,0.6482,0.4925,1.7901,1.5235,67.0,-0.1557,AMBIGUOUS,0
5,67,1,2,61.0989,59.8403,17.6701,59.171,58.7666,15.3455,3.2052,-1.9278,-1.0737,-2.3246,2.5606,1.9278,-0.6015,-0.335,-0.7253,1.1864,1.3282,0.26236,0.19257,2.4587,1.777,-0.06979,0.734,0,1,0,0.0,0.0,0.0,0.0,0.0,0.0,0,1,2,1,3.2052,4.1475,0.9423,0.7728,0,1,1,3.2052,1.7948,0,0,0,1,2.0,0.6923,0.6511,0.2352,0.6916,0.671,0.1672,0.6923,893.0,809.0,0.6212,0.4437,1.6966,1.5307,-84.0,-0.1775,AMBIGUOUS,0
5,24,1,2,61.0989,59.8403,17.6701,57.0523,59.5877,18.5437,4.1475,-4.0466,-0.2526,0.8736,0.9094,4.0466,-0.9757,-0.0609,0.2106,2.4902,0.2247,0.26236,0.23624,2.4587,2.1801,-0.02611,0.9005,0,1,0,0.0,0.0,0.0,0.0,0.0,0.0,0,1,2,2,3.2052,3.2052,-0.9423,1.294,0,0,1,4.1475,0.8525,0,0,0,1,2.0,0.6923,0.6511,0.2352,0.2632,0.1773,0.1945,0.6923,893.0,859.0,0.6212,0.5422,1.6966,1.6265,-34.0,-0.079,AMBIGUOUS,0
6,8,1,2,88.3859,53.49,29.8944,89.8015,53.6609,29.8859,1.4259,1.4156,0.1709,-0.0085,0.1711,1.4156,0.9928,0.1199,-0.006,0.8712,0.1209,0.26088,0.25587,2.4449,2.3613,-0.00501,0.9808,1,2,1,-0.7909,-1.5272,1.0504,2.0153,2.9789,1.4836,2,2,2,1,1.4259,2.1775,0.7516,0.6548,2,2,2,1.4259,0.8973,0,1,0,1,1.0,0.6714,0.6359,0.2156,0.463,0.4265,0.1802,0.6714,964.0,1067.0,0.6368,0.6887,1.8946,1.9014,103.0,0.0519,AMBIGUOUS,0
6,21,1,2,88.3859,53.49,29.8944,86.7092,53.1854,28.5388,2.1775,-1.6767,-0.3046,-1.3556,1.3894,1.6767,-0.77,-0.1399,-0.6225,1.0318,0.8286,0.26088,0.24171,2.4449,2.2306,-0.01917,0.9265,1,2,1,-0.7909,-1.5272,1.0504,2.0153,2.8404,0.9163,2,2,2,2,1.4259,1.4259,-0.7516,1.5271,1,1,1,2.1775,2.8225,0,1,0,1,1.0,0.6714,0.6359,0.2156,0.5939,0.5842,0.1067,0.6714,964.0,910.0,0.6368,0.4894,1.8946,1.7492,-54.0,-0.1474,AMBIGUOUS,0
7,7,1,2,79.7498,49.6705,6.1388,80.7585,49.5167,5.832,1.0655,1.0087,-0.1538,-0.3069,0.3432,1.0087,0.9467,-0.1443,-0.288,0.6207,0.3403,0.26039,0.25598,2.4403,2.3622,-0.00441,0.9831,0,1,0,0.0,0.0,0.0,0.0,0.0,0.0,2,4,4,1,1.0655,1.913,0.8476,0.557,1,3,3,1.0655,2.0206,1,2,1,3,1.3333,0.1711,0.1248,0.117,0.5144,0.4915,0.1515,0.5144,975.0,907.0,0.6156,0.5301,1.6867,1.6229,-68.0,-0.0854,AMBIGUOUS,0
7,10,1,2,79.7498,49.6705,6.1388,80.9872,50.098,7.5337,1.913,1.2374,0.4275,1.3949,1.4589,1.2374,0.6468,0.2235,0.7292,0.7615,1.179,0.26039,0.25425,2.4403,2.3463,-0.00613,0.9765,0,1,0,0.0,0.0,0.0,0.0,0.0,0.0,2,4,4,2,1.0655,1.0655,-0.8476,1.7955,3,3,3,1.913,0.4709,1,2,2,3,1.3333,0.1711,0.1248,0.117,0.3464,0.2628,0.2257,0.3464,975.0,908.0,0.6156,0.5108,1.6867,1.5866,-67.0,-0.1048,AMBIGUOUS,0
7,12,1,2,79.7498,49.6705,6.1388,78.4674,50.5471,9.0582,3.3069,-1.2824,0.8766,2.9193,3.0481,1.2824,-0.3878,0.2651,0.8828,0.7892,2.3768,0.26039,0.25331,2.4403,2.3376,-0.00708,0.9728,0,1,0,0.0,0.0,0.0,0.0,0.0,0.0,2,4,4,3,1.0655,1.0655,-2.2414,3.1037,2,3,3,0.9244,-2.3825,1,2,2,3,1.3333,0.1711,0.1248,0.117,0.5125,0.4674,0.2101,0.5125,975.0,952.0,0.6156,0.5441,1.6867,1.6301,-23.0,-0.0714,AMBIGUOUS,0
7,20,1,2,79.7498,49.6705,6.1388,76.7045,50.3304,7.379,3.3538,-3.0454,0.6599,1.2401,1.4048,3.0454,-0.908,0.1968,0.3698,1.8741,0.4613,0.26039,0.24265,2.4403,2.2392,-0.01774,0.9319,0,1,0,0.0,0.0,0.0,0.0,0.0,0.0,2,4,4,4,1.0655,1.0655,-2.2883,3.1477,1,3,3,1.9144,-1.4394,1,2,1,3,1.3333,0.1711,0.1248,0.117,0.339,0.3295,0.0801,0.339,975.0,932.0,0.6156,0.4632,1.6867,1.5763,-43.0,-0.1524,AMBIGUOUS,0
8,12,1,2,78.5643,50.3597,7.8317,78.4674,50.5471,9.0582,1.2445,-0.0969,0.1874,1.2265,1.2407,0.0969,-0.0779,0.1506,0.9855,0.0596,12.8055,0.25963,0.25331,2.4332,2.3376,-0.00633,0.9756,0,1,0,0.0,0.0,0.0,0.0,0.0,0.0,3,4,4,1,1.2445,1.9144,0.6699,0.6501,2,3,3,0.9244,-0.3201,2,2,2,3,1.3333,0.5757,0.5643,0.114,0.5125,0.4674,0.2101,0.5757,965.0,952.0,0.5855,0.5441,1.6171,1.6301,-13.0,-0.0414,AMBIGUOUS,0
8,20,1,2,78.5643,50.3597,7.8317,76.7045,50.3304,7.379,1.9144,-1.8598,-0.0293,-0.4527,0.4536,1.8598,-0.9715,-0.0153,-0.2365,1.1445,0.2439,0.25963,0.24265,2.4332,2.2392,-0.01699,0.9346,0,1,0,0.0,0.0,0.0,0.0,0.0,0.0,3,4,4,2,1.2445,1.2445,-0.6699,1.5383,1,3,3,1.9144,1.3238,2,2,1,3,1.3333,0.5757,0.5643,0.114,0.339,0.3295,0.0801,0.5757,965.0,932.0,0.5855,0.4632,1.6171,1.5763,-33.0,-0.1223,AMBIGUOUS,0
8,10,1,2,78.5643,50.3597,7.8317,80.9872,50.098,7.5337,2.4552,2.4229,-0.2617,-0.298,0.3966,2.4229,0.9869,-0.1066,-0.1214,1.491,0.1637,0.25963,0.25425,2.4332,2.3463,-0.00538,0.9793,0,1,0,0.0,0.0,0.0,0.0,0.0,0.0,3,4,4,3,1.2445,1.2445,-1.2107,1.9728,3,3,3,1.913,-0.5422,2,2,2,3,1.3333,0.5757,0.5643,0.114,0.3464,0.2628,0.2257,0.5757,965.0,908.0,0.5855,0.5108,1.6171,1.5866,-57.0,-0.0748,AMBIGUOUS,0
8,7,1,2,78.5643,50.3597,7.8317,80.7585,49.5167,5.832,3.0861,2.1942,-0.843,-1.9997,2.1701,2.1942,0.711,-0.2731,-0.648,1.3503,0.989,0.25963,0.25598,2.4332,2.3622,-0.00366,0.9859,0,1,0,0.0,0.0,0.0,0.0,0.0,0.0,3,4,4,4,1.2445,1.2445,-1.8416,2.4798,1,3,3,1.0655,-2.0206,2,2,1,3,1.3333,0.5757,0.5643,0.114,0.5144,0.4915,0.1515,0.5757,965.0,907.0,0.5855,0.5301,1.6171,1.6229,-58.0,-0.0554,AMBIGUOUS,0
9,41,1,2,56.4315,58.7977,9.7814,52.0584,58.9076,10.9295,4.5226,-4.3731,0.1099,1.1481,1.1534,4.3731,-0.9669,0.0243,0.2539,2.6911,0.2637,0.25846,0.2241,2.4222,2.0681,-0.03435,0.8671,0,1,0,0.0,0.0,0.0,0.0,0.0,0.0,0,0,1,1,4.5226,5.0,0.4774,0.9045,1,1,3,2.5106,-2.0121,1,1,0,1,1.0,0.4576,0.4435,0.113,0.0704,0.0584,0.0393,0.4576,905.0,986.0,0.5161,0.4626,1.7337,1.5617,81.0,-0.0535,AMBIGUOUS,0
10,33,1,2,64.1776,54.3607,6.3795,62.7059,54.1026,5.8239,1.5941,-1.4716,-0.2581,-0.5556,0.6126,1.4716,-0.9232,-0.1619,-0.3485,0.9056,0.4163,0.25813,0.22851,2.4191,2.1087,-0.02962,0.8853,0,1,0,0.0,0.0,0.0,0.0,0.0,0.0,1,2,2,1,1.5941,3.7451,2.1511,0.4256,1,1,3,1.5941,2.526,0,1,0,1,1.0,0.8152,0.8026,0.1429,0.6865,0.6691,0.1539,0.8152,920.0,887.0,0.645,0.4214,1.849,1.4829,-33.0,-0.2236,AMBIGUOUS,0
10,53,1,2,64.1776,54.3607,6.3795,64.551,53.2608,2.819,3.7451,0.3735,-1.0999,-3.5605,3.7265,0.3735,0.0997,-0.2937,-0.9507,0.2298,9.9784,0.25813,0.20458,2.4191,1.8879,-0.05355,0.7925,0,1,0,0.0,0.0,0.0,0.0,0.0,0.0,1,2,2,2,1.5941,1.5941,-2.1511,2.3494,1,2,3,1.8962,-1.849,0,1,0,1,1.0,0.8152,0.8026,0.1429,0.4516,0.449,0.0488,0.8152,920.0,892.0,0.645,0.3783,1.849,1.4999,-28.0,-0.2667,AMBIGUOUS,0
11,28,1,2,84.1815,63.5858,69.8469,82.3195,63.7002,69.4307,1.9114,-1.862,0.1144,-0.4162,0.4316,1.862,-0.9742,0.0599,-0.2177,1.1459,0.2318,0.25604,0.23401,2.3995,2.1595,-0.02203,0.9139,0,1,0,0.0,0.0,0.0,0.0,0.0,0.0,1,1,1,1,1.9114,5.0,3.0886,0.3823,1,1,1,1.9114,3.0886,0,0,0,0,1.0,0.3747,0.3185,0.1974,0.5626,0.5555,0.0895,0.5626,862.0,807.0,0.6169,0.5691,1.6712,1.6144,-55.0,-0.0478,AMBIGUOUS,0
12,14,1,2,55.1681,57.319,7.5558,52.0545,57.0176,7.7472,3.134,-3.1136,-0.3014,0.1914,0.357,3.1136,-0.9935,-0.0962,0.0611,1.916,0.1147,0.25478,0.25002,2.3877,2.3072,-0.00475,0.9813,0,1,0,0.0,0.0,0.0,0.0,0.0,0.0,0,1,2,1,3.134,4.8555,1.7215,0.6455,1,2,2,2.3632,-0.7708,1,1,0,1,1.0,0.1862,0.0819,0.1672,0.1553,0.0545,0.1454,0.1862,975.0,1002.0,0.5107,0.5424,1.7599,1.6489,27.0,0.0317,AMBIGUOUS,0
12,41,1,2,55.1681,57.319,7.5558,52.0584,58.9076,10.9295,4.8555,-3.1097,1.5886,3.3737,3.729,3.1097,-0.6404,0.3272,0.6948,1.9136,1.1992,0.25478,0.2241,2.3877,2.0681,-0.03067,0.8796,0,1,0,0.0,0.0,0.0,0.0,0.0,0.0,0,1,2,2,3.134,3.134,-1.7215,1.5493,1,1,3,2.5106,-2.3449,1,1,0,1,1.0,0.1862,0.0819,0.1672,0.0704,0.0584,0.0393,0.1862,975.0,986.0,0.5107,0.4626,1.7599,1.5617,11.0,-0.0481,AMBIGUOUS,0
13,15,1,2,91.2179,45.9404,3.3193,88.931,45.9984,2.3579,2.4814,-2.2869,0.0579,-0.9614,0.9631,2.2869,-0.9216,0.0233,-0.3874,1.4073,0.4212,0.25379,0.24965,2.3785,2.3038,-0.00414,0.9837,0,1,0,0.0,0.0,0.0,0.0,0.0,0.0,1,1,1,1,2.4814,5.0,2.5186,0.4963,1,1,1,2.4814,2.5186,0,0,0,0,1.0,0.2311,0.2179,0.0772,0.4604,0.444,0.1218,0.4604,880.0,866.0,0.5907,0.5745,1.754,1.6455,-14.0,-0.0163,AMBIGUOUS,0
14,8,1,2,92.0597,53.5917,30.4278,89.8015,53.6609,29.8859,2.3233,-2.2581,0.0692,-0.5419,0.5463,2.2581,-0.972,0.0298,-0.2332,1.3896,0.2419,0.25273,0.25587,2.3685,2.3613,0.00315,1.0124,0,1,0,0.0,0.0,0.0,0.0,0.0,0.0,1,1,1,1,2.3233,5.0,2.6767,0.4647,2,2,2,1.4259,-0.8973,0,2,0,1,0.6667,0.5678,0.5653,0.0528,0.463,0.4265,0.1802,0.5678,1019.0,1067.0,0.5758,0.6887,1.7471,1.9014,48.0,0.113,AMBIGUOUS,0
15,32,1,2,56.4103,63.9575,38.3743,54.9495,64.7014,39.1451,1.8115,-1.4608,0.7439,0.7707,1.0712,1.4608,-0.8064,0.4107,0.4255,0.899,0.7332,0.25269,0.2293,2.3682,2.116,-0.02339,0.9074,1,2,1,0.3086,-2.3489,0.7067,2.4723,3.5638,1.3692,1,1,2,1,1.8115,4.9899,3.1784,0.363,1,1,2,1.8115,2.4997,0,0,0,2,3.0,0.531,0.4647,0.2569,0.3506,0.3005,0.1807,0.531,961.0,889.0,0.5601,0.4167,1.6567,1.5578,-72.0,-0.1434,AMBIGUOUS,0
15,11,1,2,56.4103,63.9575,38.3743,51.5214,64.2005,37.4057,4.9899,-4.8889,0.2429,-0.9686,0.9986,4.8889,-0.9798,0.0487,-0.1941,3.0086,0.2043,0.25269,0.25397,2.3682,2.3436,0.00127,1.005,1,2,1,0.3086,-2.3489,0.7067,2.4723,6.0447,1.224,1,1,2,2,1.8115,1.8115,-3.1784,2.7546,1,1,2,2.6318,-2.3581,0,0,0,2,3.0,0.531,0.4647,0.2569,0.4798,0.4786,0.0333,0.531,961.0,970.0,0.5601,0.6091,1.6567,1.7037,9.0,0.049,AMBIGUOUS,0
16,4,1,2,80.8008,55.5983,25.9065,80.7665,56.0072,26.3014,0.5696,-0.0343,0.4089,0.395,0.5685,0.0343,-0.0603,0.7179,0.6935,0.0211,16.553,0.2506,0.2633,2.3486,2.4298,0.01269,1.0507,0,1,0,0.0,0.0,0.0,0.0,0.0,0.0,1,1,1,1,0.5696,5.0,4.4304,0.1139,2,2,2,0.5696,2.1302,0,1,0,0,0.5,0.4624,0.4492,0.11,0.4978,0.4835,0.1185,0.4978,942.0,993.0,0.5865,0.567,1.7828,1.7439,51.0,-0.0195,AMBIGUOUS,0
17,2,1,2,62.7435,61.3635,28.1244,59.7005,61.9745,27.8782,3.1134,-3.0429,0.611,-0.2462,0.6588,3.0429,-0.9774,0.1963,-0.0791,1.8726,0.2165,0.25032,0.27681,2.3459,2.5545,0.02649,1.1058,0,1,0,0.0,0.0,0.0,0.0,0.0,0.0,0,1,1,1,3.1134,5.0,1.8866,0.6227,0,3,3,3.1134,0.2336,0,1,0,1,1.0,0.6387,0.6315,0.0953,0.4864,0.4245,0.2376,0.6387,861.0,1047.0,0.6076,0.69,1.8693,1.9999,186.0,0.0824,AMBIGUOUS,0
18,5,1,2,96.237,61.8359,74.6727,97.4205,62.0054,75.3095,1.3546,1.1835,0.1695,0.6368,0.659,1.1835,0.8737,0.1252,0.4701,0.7283,0.5568,0.24576,0.26154,2.3032,2.4136,0.01579,1.0642,0,1,0,0.0,0.0,0.0,0.0,0.0,0.0,1,1,1,1,1.3546,5.0,3.6454,0.2709,2,2,3,1.3546,0.5119,1,2,0,0,0.3333,0.38,0.362,0.1156,0.2292,0.0795,0.215,0.38,887.0,899.0,0.494,0.5432,1.5456,1.5842,12.0,0.0493,AMBIGUOUS,0
19,22,1,2,69.6733,61.7975,39.0332,67.7457,61.7332,38.8857,1.9343,-1.9276,-0.0643,-0.1475,0.1609,1.9276,-0.9965,-0.0332,-0.0762,1.1862,0.0835,0.24389,0.24171,2.2857,2.2305,-0.00218,0.991,0,1,0,0.0,0.0,0.0,0.0,0.0,0.0,1,1,1,1,1.9343,5.0,3.0657,0.3869,1,1,1,1.9343,3.0657,0,0,0,0,1.0,0.2098,0.2017,0.0579,0.5174,0.5043,0.1155,0.5174,831.0,834.0,0.5489,0.5395,1.5427,1.6528,3.0,-0.0093,AMBIGUOUS,0
21,36,1,2,72.2607,68.1568,85.7336,72.5675,68.5999,84.8755,1.0133,0.3068,0.4431,-0.8581,0.9658,0.3068,0.3027,0.4373,-0.8468,0.1888,3.148,0.24346,0.2274,2.2816,2.0985,-0.01606,0.934,0,1,0,0.0,0.0,0.0,0.0,0.0,0.0,1,1,2,1,1.0133,4.0151,3.0018,0.2524,2,3,3,1.0133,1.3509,0,2,0,1,0.6667,0.7665,0.7607,0.0944,0.5612,0.5575,0.0642,0.7665,865.0,751.0,0.5382,0.5654,1.5267,1.6353,-114.0,0.0271,AMBIGUOUS,0
21,26,1,2,72.2607,68.1568,85.7336,68.464,68.5158,84.4777,4.0151,-3.7967,0.359,-1.2559,1.3062,3.7967,-0.9456,0.0894,-0.3128,2.3364,0.344,0.24346,0.23518,2.2816,2.1703,-0.00828,0.966,0,1,0,0.0,0.0,0.0,0.0,0.0,0.0,1,1,2,2,1.0133,1.0133,-3.0018,3.9622,0,1,2,3.6338,-0.3813,0,2,0,1,0.6667,0.7665,0.7607,0.0944,0.2569,0.214,0.1422,0.7665,865.0,917.0,0.5382,0.4785,1.5267,1.4262,52.0,-0.0597,AMBIGUOUS,0
22,64,1,2,48.9307,67.1193,49.7305,48.4235,66.8611,49.9747,0.6192,-0.5071,-0.2582,0.2442,0.3554,0.5071,-0.819,-0.4169,0.3944,0.3121,0.7007,0.24253,0.19571,2.2729,1.806,-0.04682,0.8069,1,2,1,-2.1184,-0.4063,-0.6241,2.2455,1.8363,0.2616,1,2,2,1,0.6192,3.202,2.5827,0.1934,1,1,2,0.6192,3.8634,0,1,0,1,1.0,0.262,0.1807,0.1897,0.3682,0.3265,0.1703,0.3682,891.0,783.0,0.4902,0.4268,1.4993,1.4416,-108.0,-0.0634,AMBIGUOUS,0
22,23,1,2,48.9307,67.1193,49.7305,50.0505,66.3901,46.8207,3.202,1.1199,-0.7291,-2.9098,2.9997,1.1199,0.3497,-0.2277,-0.9088,0.6891,2.6787,0.24253,0.24072,2.2729,2.2214,-0.00181,0.9925,1,2,1,-2.1184,-0.4063,-0.6241,2.2455,3.9768,1.0362,1,2,2,2,0.6192,0.6192,-2.5827,5.1707,0,2,3,3.202,0.1422,0,1,0,1,1.0,0.262,0.1807,0.1897,0.3809,0.3245,0.1994,0.3809,891.0,875.0,0.4902,0.4961,1.4993,1.4943,-16.0,0.006,AMBIGUOUS,0
23,16,1,2,85.6034,62.5892,64.9096,83.4405,62.8764,64.5184,2.2167,-2.1629,0.2872,-0.3913,0.4853,2.1629,-0.9757,0.1295,-0.1765,1.331,0.2244,0.24107,0.24864,2.2592,2.2945,0.00758,1.0314,0,1,0,0.0,0.0,0.0,0.0,0.0,0.0,1,1,1,1,2.2167,5.0,2.7833,0.4433,1,1,1,2.2167,2.7833,0,0,0,0,1.0,0.5301,0.5216,0.0942,0.5779,0.5655,0.1192,0.5779,826.0,885.0,0.5435,0.5861,1.5263,1.5741,59.0,0.0426,AMBIGUOUS,0
24,5,1,2,98.897,61.2852,74.4234,97.4205,62.0054,75.3095,1.8665,-1.4765,0.7202,0.8861,1.1419,1.4765,-0.791,0.3859,0.4747,0.9086,0.7734,0.2406,0.26154,2.2549,2.4136,0.02094,1.087,0,1,0,0.0,0.0,0.0,0.0,0.0,0.0,1,1,1,1,1.8665,5.0,3.1335,0.3733,2,2,3,1.3546,-0.5119,1,3,0,0,0.25,0.2485,0.228,0.0989,0.2292,0.0795,0.215,0.2485,876.0,899.0,0.4697,0.5432,1.5015,1.5842,23.0,0.0735,AMBIGUOUS,0
25,6,1,2,94.7226,53.7043,38.9088,92.4123,54.2398,37.8723,2.5882,-2.3103,0.5355,-1.0364,1.1666,2.3103,-0.8927,0.2069,-0.4004,1.4217,0.505,0.23492,0.26119,2.2016,2.4103,0.02627,1.1118,0,1,0,0.0,0.0,0.0,0.0,0.0,0.0,1,3,3,1,2.5882,3.4063,0.8182,0.7598,1,1,1,2.5882,2.4118,0,0,0,1,2.0,0.4878,0.4726,0.1209,0.3043,0.2127,0.2177,0.4878,867.0,883.0,0.4712,0.6484,1.5249,1.7507,16.0,0.1772,AMBIGUOUS,0
25,39,1,2,94.7226,53.7043,38.9088,92.2448,54.7798,40.9841,3.4063,-2.4778,1.0755,2.0753,2.3374,2.4778,-0.7274,0.3157,0.6093,1.5248,0.9434,0.23492,0.22487,2.2016,2.0751,-0.01005,0.9572,0,1,0,0.0,0.0,0.0,0.0,0.0,0.0,1,3,3,2,2.5882,2.5882,-0.8182,1.3161,0,1,1,3.4063,1.5937,0,0,0,1,2.0,0.4878,0.4726,0.1209,0.3884,0.3802,0.0795,0.4878,867.0,892.0,0.4712,0.4709,1.5249,1.5158,25.0,-0.0003,AMBIGUOUS,0
25,25,1,2,94.7226,53.7043,38.9088,98.4007,53.275,39.5896,3.7651,3.6781,-0.4293,0.6809,0.8049,3.6781,0.9769,-0.114,0.1808,2.2634,0.2188,0.23492,0.23567,2.2016,2.1748,0.00075,1.0032,0,1,0,0.0,0.0,0.0,0.0,0.0,0.0,1,3,3,3,2.5882,2.5882,-1.177,1.4547,0,2,2,3.7651,0.0647,0,0,0,1,2.0,0.4878,0.4726,0.1209,0.7493,0.7243,0.1918,0.7493,867.0,925.0,0.4712,0.4951,1.5249,1.5044,58.0,0.0239,AMBIGUOUS,0
26,37,1,2,60.4702,52.4091,2.8058,58.6275,52.5589,2.9945,1.8584,-1.8427,0.1498,0.1887,0.2409,1.8427,-0.9916,0.0806,0.1015,1.134,0.1307,0.23476,0.22707,2.2001,2.0954,-0.00769,0.9672,0,1,0,0.0,0.0,0.0,0.0,0.0,0.0,1,1,3,1,1.8584,4.1201,2.2617,0.4511,1,1,1,1.8584,3.1416,0,0,0,0,1.0,0.3473,0.3452,0.038,0.2496,0.1275,0.2145,0.3473,867.0,1027.0,0.4261,0.492,1.6148,1.6594,160.0,0.0659,AMBIGUOUS,0
26,33,1,2,60.4702,52.4091,2.8058,62.7059,54.1026,5.8239,4.1201,2.2357,1.6935,3.0181,3.4607,2.2357,0.5426,0.411,0.7325,1.3758,1.5479,0.23476,0.22851,2.2001,2.1087,-0.00625,0.9734,0,1,0,0.0,0.0,0.0,0.0,0.0,0.0,1,1,3,2,1.8584,1.8584,-2.2617,2.217,1,1,3,1.5941,-2.526,0,0,0,1,2.0,0.3473,0.3452,0.038,0.6865,0.6691,0.1539,0.6865,867.0,887.0,0.4261,0.4214,1.6148,1.4829,20.0,-0.0047,AMBIGUOUS,0
26,53,1,2,60.4702,52.4091,2.8058,64.551,53.2608,2.819,4.1688,4.0808,0.8517,0.0132,0.8518,4.0808,0.9789,0.2043,0.0032,2.5113,0.2087,0.23476,0.20458,2.2001,1.8879,-0.03018,0.8714,0,1,0,0.0,0.0,0.0,0.0,0.0,0.0,1,1,3,3,1.8584,1.8584,-2.3104,2.2432,1,2,3,1.8962,-2.2726,0,0,0,1,2.0,0.3473,0.3452,0.038,0.4516,0.449,0.0488,0.4516,867.0,892.0,0.4261,0.3783,1.6148,1.4999,25.0,-0.0478,AMBIGUOUS,0
27,51,1,2,72.4011,55.0447,16.6751,72.4762,56.0381,17.9308,1.6029,0.0751,0.9934,1.2557,1.6012,0.0751,0.0469,0.6197,0.7834,0.0462,21.317,0.23428,0.21238,2.1956,1.9599,-0.02189,0.9065,0,1,0,0.0,0.0,0.0,0.0,0.0,0.0,1,1,3,1,1.6029,4.2437,2.6408,0.3777,2,3,5,1.6029,1.3357,0,3,0,4,1.25,0.7515,0.7239,0.2018,0.6516,0.6488,0.0609,0.7515,910.0,877.0,0.5583,0.4126,1.6236,1.4616,-33.0,-0.1457,AMBIGUOUS,0
27,44,1,2,72.4011,55.0447,16.6751,68.1781,55.0192,16.2578,4.2437,-4.2231,-0.0255,-0.4173,0.4181,4.2231,-0.9951,-0.006,-0.0983,2.5988,0.099,0.23428,0.21835,2.1956,2.015,-0.01593,0.932,0,1,0,0.0,0.0,0.0,0.0,0.0,0.0,1,1,3,2,1.6029,1.6029,-2.6408,2.6474,1,1,2,1.7349,-2.5088,0,3,0,2,0.75,0.7515,0.7239,0.2018,0.1898,0.0719,0.1756,0.7515,910.0,987.0,0.5583,0.4961,1.6236,1.5927,77.0,-0.0621,AMBIGUOUS,0
27,148,1,2,72.4011,55.0447,16.6751,75.992,57.0871,15.1335,4.4094,3.5909,2.0424,-1.5416,2.5589,3.5909,0.8144,0.4632,-0.3496,2.2098,0.7126,0.23428,0.06834,2.1956,0.6307,-0.16593,0.2917,0,1,0,0.0,0.0,0.0,0.0,0.0,0.0,1,1,3,3,1.6029,1.6029,-2.8064,2.7508,1,1,2,2.794,-1.6154,0,3,0,2,0.75,0.7515,0.7239,0.2018,0.4414,0.383,0.2194,0.7515,910.0,401.0,0.5583,0.2435,1.6236,1.3775,-509.0,-0.3148,AMBIGUOUS,0
28,158,1,2,45.1835,57.6802,28.1056,46.7366,59.1076,28.1822,2.1108,1.5531,1.4274,0.0766,1.4295,1.5531,0.7358,0.6762,0.0363,0.9558,0.9204,0.23308,0.04362,2.1844,0.4026,-0.18946,0.1872,0,1,0,0.0,0.0,0.0,0.0,0.0,0.0,1,2,3,1,2.1108,3.958,1.8472,0.5333,1,1,1,2.1108,2.8892,0,1,0,0,0.5,0.3252,0.3165,0.0747,0.4628,0.3884,0.2516,0.4628,827.0,461.0,0.5032,0.1098,1.6185,1.1537,-366.0,-0.3934,AMBIGUOUS,0
28,35,1,2,45.1835,57.6802,28.1056,41.339,57.6796,27.1647,3.958,-3.8445,-0.0005,-0.9409,0.9409,3.8445,-0.9713,-0.0001,-0.2377,2.3659,0.2447,0.23308,0.22783,2.1844,2.1025,-0.00524,0.9775,0,1,0,0.0,0.0,0.0,0.0,0.0,0.0,1,2,3,2,2.1108,2.1108,-1.8472,1.8751,0,2,2,3.03,-0.928,0,1,0,1,1.0,0.3252,0.3165,0.0747,0.716,0.714,0.0546,0.716,827.0,945.0,0.5032,0.4925,1.6185,1.5235,118.0,-0.0107,AMBIGUOUS,0
28,17,1,2,45.1835,57.6802,28.1056,40.9681,57.7411,30.6516,4.925,-4.2154,0.061,2.546,2.5467,4.2154,-0.8559,0.0124,0.517,2.5941,0.6041,0.23308,0.24648,2.1844,2.2745,0.0134,1.0575,0,1,0,0.0,0.0,0.0,0.0,0.0,0.0,1,2,3,3,2.1108,2.1108,-2.8141,2.3332,1,1,2,1.0309,-3.8941,0,1,0,1,1.0,0.3252,0.3165,0.0747,0.3925,0.3431,0.1906,0.3925,827.0,1004.0,0.5032,0.5574,1.6185,1.6862,177.0,0.0542,AMBIGUOUS,0
29,23,1,2,53.3721,66.1804,47.1476,50.0505,66.3901,46.8207,3.3442,-3.3216,0.2098,-0.3269,0.3884,3.3216,-0.9932,0.0627,-0.0977,2.044,0.1169,0.23107,0.24072,2.1656,2.2214,0.00965,1.0417,0,1,0,0.0,0.0,0.0,0.0,0.0,0.0,0,1,1,1,3.3442,5.0,1.6558,0.6688,0,2,3,3.202,-0.1422,0,1,0,1,1.0,0.2568,0.2529,0.0446,0.3809,0.3245,0.1994,0.3809,818.0,875.0,0.4818,0.4961,1.4935,1.4943,57.0,0.0144,AMBIGUOUS,0
30,3,1,2,27.9235,72.2819,55.6151,23.9011,72.4498,54.481,4.1826,-4.0224,0.1679,-1.1341,1.1465,4.0224,-0.9617,0.0401,-0.2712,2.4753,0.285,0.23093,0.26558,2.1643,2.4509,0.03465,1.15,0,1,0,0.0,0.0,0.0,0.0,0.0,0.0,0,0,1,1,4.1826,5.0,0.8174,0.8365,0,0,2,4.1826,0.5823,0,0,0,0,1.0,0.3029,0.2985,0.0512,0.4953,0.4739,0.144,0.4953,890.0,1061.0,0.4831,0.6113,1.4776,1.6731,171.0,0.1282,AMBIGUOUS,0
31,19,1,2,59.471,62.5826,31.4914,57.088,63.3727,31.362,2.5139,-2.383,0.7901,-0.1294,0.8006,2.383,-0.9479,0.3143,-0.0515,1.4664,0.336,0.22723,0.24403,2.1295,2.252,0.0168,1.0739,0,1,0,0.0,0.0,0.0,0.0,0.0,0.0,1,2,2,1,2.5139,3.6712,1.1574,0.6847,1,1,2,2.5139,2.2837,0,1,0,1,1.0,0.683,0.654,0.1971,0.2279,0.213,0.0808,0.683,958.0,1050.0,0.4809,0.5531,1.6201,1.7917,92.0,0.0721,AMBIGUOUS,0
31,2,1,2,59.471,62.5826,31.4914,59.7005,61.9745,27.8782,3.6712,0.2295,-0.6081,-3.6132,3.6641,0.2295,0.0625,-0.1656,-0.9842,0.1413,15.9621,0.22723,0.27681,2.1295,2.5545,0.04958,1.2182,0,1,0,0.0,0.0,0.0,0.0,0.0,0.0,1,2,2,2,2.5139,2.5139,-1.1574,1.4604,0,3,3,3.1134,-0.5578,0,1,0,1,1.0,0.683,0.654,0.1971,0.4864,0.4245,0.2376,0.683,958.0,1047.0,0.4809,0.69,1.6201,1.9999,89.0,0.209,AMBIGUOUS,0
32,59,1,2,45.1145,67.9956,57.8567,41.5822,67.3454,57.677,3.5961,-3.5322,-0.6502,-0.1797,0.6746,3.5322,-0.9822,-0.1808,-0.05,2.1737,0.191,0.22679,0.20136,2.1254,1.8582,-0.02543,0.8879,0,1,0,0.0,0.0,0.0,0.0,0.0,0.0,0,1,1,1,3.5961,5.0,1.4039,0.7192,1,2,2,0.7379,-2.8582,0,1,0,0,0.5,0.4476,0.3855,0.2274,0.6742,0.6678,0.0927,0.6742,803.0,897.0,0.4724,0.3732,1.5323,1.339,94.0,-0.0991,AMBIGUOUS,0
33,2,1,2,56.5421,62.0762,26.7753,59.7005,61.9745,27.8782,3.347,3.1585,-0.1017,1.1029,1.1075,3.1585,0.9437,-0.0304,0.3295,1.9437,0.3507,0.22582,0.27681,2.1164,2.5545,0.05099,1.2258,0,1,0,0.0,0.0,0.0,0.0,0.0,0.0,0,2,3,1,3.347,3.9242,0.5772,0.8529,0,3,3,3.1134,-0.2336,0,0,0,1,2.0,0.3444,0.3329,0.0882,0.4864,0.4245,0.2376,0.4864,1030.0,1047.0,0.5584,0.69,1.6661,1.9999,17.0,0.1316,AMBIGUOUS,0
33,50,1,2,56.5421,62.0762,26.7753,52.6698,62.1759,27.4037,3.9242,-3.8723,0.0997,0.6283,0.6362,3.8723,-0.9868,0.0254,0.1601,2.3829,0.1643,0.22582,0.21277,2.1164,1.9634,-0.01306,0.9422,0,1,0,0.0,0.0,0.0,0.0,0.0,0.0,0,2,3,2,3.347,3.347,-0.5772,1.1724,0,1,1,3.9242,1.0758,0,0,0,0,1.0,0.3444,0.3329,0.0882,0.6951,0.6698,0.186,0.6951,1030.0,936.0,0.5584,0.437,1.6661,1.4785,-94.0,-0.1214,AMBIGUOUS,0
33,19,1,2,56.5421,62.0762,26.7753,57.088,63.3727,31.362,4.7976,0.546,1.2965,4.5867,4.7664,0.546,0.1138,0.2702,0.956,0.336,8.73,0.22582,0.24403,2.1164,2.252,0.01821,1.0806,0,1,0,0.0,0.0,0.0,0.0,0.0,0.0,0,2,3,3,3.347,3.347,-1.4505,1.4334,1,1,2,2.5139,-2.2837,0,0,0,1,2.0,0.3444,0.3329,0.0882,0.2279,0.213,0.0808,0.3444,1030.0,1050.0,0.5584,0.5531,1.6661,1.7917,20.0,-0.0053,AMBIGUOUS,0
34,29,1,2,69.7081,60.8753,33.9919,67.6946,60.5386,33.3324,2.1454,-2.0136,-0.3366,-0.6595,0.7404,2.0136,-0.9386,-0.1569,-0.3074,1.2391,0.3677,0.22137,0.23388,2.0746,2.1583,0.01251,1.0565,1,2,1,1.3644,-1.8494,0.25,2.3118,3.8113,1.4616,1,1,1,1,2.1454,5.0,2.8546,0.4291,1,1,1,2.1454,2.8546,0,0,0,0,1.0,0.2223,0.1669,0.147,0.5559,0.5554,0.0212,0.5559,850.0,975.0,0.4282,0.4966,1.4004,1.5256,125.0,0.0684,AMBIGUOUS,0
35,0,1,2,66.9627,62.9528,51.1145,67.7014,62.5473,47.6705,3.5456,0.7386,-0.4055,-3.4441,3.4679,0.7386,0.2083,-0.1144,-0.9714,0.4545,4.695,0.22106,0.31464,2.0717,2.9036,0.09358,1.4233,0,1,0,0.0,0.0,0.0,0.0,0.0,0.0,0,1,2,1,3.5456,4.5627,1.0171,0.7771,0,2,2,3.3291,-0.2165,0,0,0,0,1.0,0.3459,0.3377,0.0747,0.5662,0.5486,0.1401,0.5662,974.0,980.0,0.4457,0.8569,1.4495,1.9375,6.0,0.4112,AMBIGUOUS,0
35,101,1,2,66.9627,62.9528,51.1145,64.4314,64.5847,54.5421,4.5627,-2.5314,1.6319,3.4275,3.7962,2.5314,-0.5548,0.3576,0.7512,1.5578,1.4997,0.22106,0.14552,2.0717,1.3429,-0.07554,0.6583,0,1,0,0.0,0.0,0.0,0.0,0.0,0.0,0,1,2,2,3.5456,3.5456,-1.0171,1.2869,0,0,2,4.5627,0.116,0,0,0,0,1.0,0.3459,0.3377,0.0747,0.5782,0.5686,0.105,0.5782,974.0,589.0,0.4457,0.448,1.4495,1.5198,-385.0,0.0023,AMBIGUOUS,0
36,27,1,2,50.826,63.6891,39.8919,51.5892,65.0629,41.368,2.1562,0.7633,1.3738,1.4761,2.0165,0.7633,0.354,0.6372,0.6846,0.4697,2.642,0.21943,0.23501,2.0565,2.1688,0.01558,1.071,0,1,0,0.0,0.0,0.0,0.0,0.0,0.0,2,2,3,1,2.1562,2.6318,0.4756,0.8193,1,1,1,2.1562,2.8438,0,0,0,2,3.0,0.4671,0.451,0.1216,0.4213,0.4108,0.0937,0.4671,850.0,1058.0,0.3929,0.5834,1.5353,1.6698,208.0,0.1905,AMBIGUOUS,0
36,11,1,2,50.826,63.6891,39.8919,51.5214,64.2005,37.4057,2.6318,0.6954,0.5114,-2.4862,2.5382,0.6954,0.2642,0.1943,-0.9447,0.428,3.6498,0.21943,0.25397,2.0565,2.3436,0.03453,1.1574,0,1,0,0.0,0.0,0.0,0.0,0.0,0.0,2,2,3,2,2.1562,2.1562,-0.4756,1.2206,1,1,2,2.6318,2.3581,0,0,0,2,3.0,0.4671,0.451,0.1216,0.4798,0.4786,0.0333,0.4798,850.0,970.0,0.3929,0.6091,1.5353,1.7037,120.0,0.2162,AMBIGUOUS,0
36,32,1,2,50.826,63.6891,39.8919,54.9495,64.7014,39.1451,4.3111,4.1235,1.0123,-0.7468,1.258,4.1235,0.9565,0.2348,-0.1732,2.5375,0.3051,0.21943,0.2293,2.0565,2.116,0.00987,1.045,0,1,0,0.0,0.0,0.0,0.0,0.0,0.0,2,2,3,3,2.1562,2.1562,-2.155,1.9995,1,1,2,1.8115,-2.4997,0,0,0,2,3.0,0.4671,0.451,0.1216,0.3506,0.3005,0.1807,0.4671,850.0,889.0,0.3929,0.4167,1.5353,1.5578,39.0,0.0238,AMBIGUOUS,0
37,56,1,2,100.0826,53.9472,42.9641,97.4868,54.6921,43.4692,2.7474,-2.5958,0.7449,0.5051,0.9,2.5958,-0.9448,0.2711,0.1838,1.5974,0.3467,0.2194,0.20327,2.0562,1.8758,-0.01613,0.9265,0,1,0,0.0,0.0,0.0,0.0,0.0,0.0,1,2,2,1,2.7474,3.8298,1.0825,0.7174,1,1,1,2.7474,2.2526,0,0,0,1,2.0,0.6799,0.6674,0.1294,0.1522,0.0132,0.1516,0.6799,778.0,749.0,0.5461,0.5066,1.6242,1.6447,-29.0,-0.0396,AMBIGUOUS,0
37,25,1,2,100.0826,53.9472,42.9641,98.4007,53.275,39.5896,3.8298,-1.6819,-0.6722,-3.3745,3.4408,1.6819,-0.4391,-0.1755,-0.8811,1.035,2.0458,0.2194,0.23567,2.0562,2.1748,0.01627,1.0742,0,1,0,0.0,0.0,0.0,0.0,0.0,0.0,1,2,2,2,2.7474,2.7474,-1.0825,1.394,0,2,2,3.7651,-0.0647,0,0,0,1,2.0,0.6799,0.6674,0.1294,0.7493,0.7243,0.1918,0.7493,778.0,925.0,0.5461,0.4951,1.6242,1.5044,147.0,-0.051,AMBIGUOUS,0
38,14,1,2,50.4749,57.834,9.3039,52.0545,57.0176,7.7472,2.3632,1.5796,-0.8164,-1.5567,1.7577,1.5796,0.6684,-0.3455,-0.6587,0.972,1.1128,0.21933,0.25002,2.0555,2.3072,0.0307,1.14,1,2,1,0.5886,-0.6872,1.819,2.0316,3.5205,1.2793,2,2,2,1,2.3632,2.5106,0.1474,0.9413,1,2,2,2.3632,0.7708,0,0,0,1,2.0,0.1817,0.0999,0.1518,0.1553,0.0545,0.1454,0.1817,1008.0,1002.0,0.4762,0.5424,1.5673,1.6489,-6.0,0.0662,AMBIGUOUS,0
38,41,1,2,50.4749,57.834,9.3039,52.0584,58.9076,10.9295,2.5106,1.5835,1.0737,1.6256,1.9482,1.5835,0.6307,0.4277,0.6475,0.9745,1.2303,0.21933,0.2241,2.0555,2.0681,0.00478,1.0218,1,2,1,0.5886,-0.6872,1.819,2.0316,2.0317,0.3821,2,2,2,2,2.3632,2.3632,-0.1474,1.0624,1,1,3,2.5106,2.0121,0,0,0,1,2.0,0.1817,0.0999,0.1518,0.0704,0.0584,0.0393,0.1817,1008.0,986.0,0.4762,0.4626,1.5673,1.5617,-22.0,-0.0137,AMBIGUOUS,0
39,52,1,2,53.0757,70.2347,65.5286,48.2033,70.0414,64.509,4.9817,-4.8724,-0.1933,-1.0196,1.0377,4.8724,-0.9781,-0.0388,-0.2047,2.9984,0.213,0.21836,0.20818,2.0464,1.9211,-0.01018,0.9534,1,2,1,0.6669,0.8621,-0.0542,1.0913,5.721,1.6182,0,0,1,1,4.9817,5.0,0.0183,0.9963,0,0,1,4.9817,0.0183,0,1,0,1,1.0,0.5646,0.5493,0.1309,0.5777,0.5467,0.1867,0.5777,844.0,917.0,0.4348,0.3969,1.482,1.4101,73.0,-0.0378,AMBIGUOUS,0
40,49,1,2,71.1209,56.1094,20.5374,68.4768,56.2053,20.227,2.664,-2.6441,0.0959,-0.3104,0.3248,2.6441,-0.9925,0.036,-0.1165,1.6272,0.1228,0.21596,0.21358,2.0239,1.971,-0.00237,0.989,0,1,0,0.0,0.0,0.0,0.0,0.0,0.0,2,2,2,1,2.664,2.9387,0.2747,0.9065,2,2,2,2.5722,-0.0918,0,2,0,3,1.3333,0.4228,0.3791,0.1874,0.2813,0.2268,0.1664,0.4228,925.0,984.0,0.4797,0.4569,1.5166,1.5138,59.0,-0.0228,AMBIGUOUS,0
40,51,1,2,71.1209,56.1094,20.5374,72.4762,56.0381,17.9308,2.9387,1.3553,-0.0713,-2.6065,2.6075,1.3553,0.4612,-0.0243,-0.887,0.834,1.9239,0.21596,0.21238,2.0239,1.9599,-0.00358,0.9834,0,1,0,0.0,0.0,0.0,0.0,0.0,0.0,2,2,2,2,2.664,2.664,-0.2747,1.1031,2,3,5,1.6029,-1.3357,0,2,0,4,1.6667,0.4228,0.3791,0.1874,0.6516,0.6488,0.0609,0.6516,925.0,877.0,0.4797,0.4126,1.5166,1.4616,-48.0,-0.0672,AMBIGUOUS,0
41,36,1,2,71.6388,68.0915,82.7616,72.5675,68.5999,84.8755,2.3642,0.9287,0.5084,2.1139,2.1742,0.9287,0.3928,0.2151,0.8941,0.5715,2.3412,0.21521,0.2274,2.0169,2.0985,0.01219,1.0566,0,1,0,0.0,0.0,0.0,0.0,0.0,0.0,1,2,2,1,2.3642,3.6338,1.2696,0.6506,2,3,3,1.0133,-1.3509,0,1,0,1,1.0,0.2393,0.1388,0.1949,0.5612,0.5575,0.0642,0.5612,767.0,751.0,0.5242,0.5654,1.6067,1.6353,-16.0,0.0412,AMBIGUOUS,0
41,26,1,2,71.6388,68.0915,82.7616,68.464,68.5158,84.4777,3.6338,-3.1748,0.4243,1.7162,1.7678,3.1748,-0.8737,0.1168,0.4723,1.9537,0.5568,0.21521,0.23518,2.0169,2.1703,0.01997,1.0928,0,1,0,0.0,0.0,0.0,0.0,0.0,0.0,1,2,2,2,2.3642,2.3642,-1.2696,1.537,0,1,2,3.6338,0.3813,0,1,0,1,1.0,0.2393,0.1388,0.1949,0.2569,0.214,0.1422,0.2569,767.0,917.0,0.5242,0.4785,1.6067,1.4262,150.0,-0.0457,AMBIGUOUS,0
42,66,1,2,18.1129,67.2634,29.3244,15.6377,68.2664,30.1621,2.799,-2.4752,1.003,0.8378,1.3068,2.4752,-0.8843,0.3583,0.2993,1.5232,0.528,0.21496,0.19407,2.0145,1.7909,-0.02089,0.9028,1,2,1,1.755,-1.5304,0.9892,2.53,4.9331,1.7132,1,1,1,1,2.799,5.0,2.201,0.5598,2,2,3,1.565,-1.2341,0,2,0,1,0.6667,0.3041,0.2379,0.1893,0.6206,0.6123,0.101,0.6206,965.0,889.0,0.4734,0.3732,1.5089,1.4276,-76.0,-0.1002,AMBIGUOUS,0
44,151,1,2,76.3355,68.1939,85.7164,79.242,69.3892,85.5212,3.1488,2.9065,1.1953,-0.1951,1.2112,2.9065,0.9231,0.3796,-0.062,1.7886,0.4167,0.21287,0.06568,1.995,0.6061,-0.14719,0.3085,0,1,0,0.0,0.0,0.0,0.0,0.0,0.0,0,2,2,1,3.1488,3.882,0.7333,0.8111,0,1,1,3.1488,1.8512,0,1,0,0,0.5,0.0687,0.0395,0.0562,0.4382,0.383,0.2129,0.4382,732.0,353.0,0.5762,0.2984,1.7098,1.3779,-379.0,-0.2778,AMBIGUOUS,0
44,36,1,2,76.3355,68.1939,85.7164,72.5675,68.5999,84.8755,3.882,-3.768,0.4061,-0.8409,0.9338,3.768,-0.9706,0.1046,-0.2166,2.3188,0.2478,0.21287,0.2274,1.995,2.0985,0.01453,1.0683,0,1,0,0.0,0.0,0.0,0.0,0.0,0.0,0,2,2,2,3.1488,3.1488,-0.7333,1.2329,2,3,3,1.0133,-2.8687,0,1,0,1,1.0,0.0687,0.0395,0.0562,0.5612,0.5575,0.0642,0.5612,732.0,751.0,0.5762,0.5654,1.7098,1.6353,19.0,-0.0108,AMBIGUOUS,0
45,59,1,2,42.1347,67.7018,57.3418,41.5822,67.3454,57.677,0.7379,-0.5524,-0.3563,0.3352,0.4892,0.5524,-0.7487,-0.4829,0.4542,0.34,0.8855,0.21285,0.20136,1.9948,1.8582,-0.01149,0.946,0,1,0,0.0,0.0,0.0,0.0,0.0,0.0,1,1,1,1,0.7379,5.0,4.2621,0.1476,1,2,2,0.7379,2.8582,0,1,0,0,0.5,0.1927,0.1153,0.1544,0.6742,0.6678,0.0927,0.6742,929.0,897.0,0.4286,0.3732,1.4217,1.339,-32.0,-0.0554,AMBIGUOUS,0
46,66,1,2,17.4585,67.8371,33.9234,15.6377,68.2664,30.1621,4.2008,-1.8208,0.4293,-3.7612,3.7857,1.8208,-0.4335,0.1022,-0.8954,1.1205,2.0791,0.21131,0.19407,1.9804,1.7909,-0.01724,0.9184,0,1,0,0.0,0.0,0.0,0.0,0.0,0.0,0,0,1,1,4.2008,5.0,0.7992,0.8402,2,2,3,1.565,-2.6358,0,2,0,1,0.6667,0.4627,0.4165,0.2017,0.6206,0.6123,0.101,0.6206,948.0,889.0,0.4442,0.3732,1.4468,1.4276,-59.0,-0.071,AMBIGUOUS,0
47,44,1,2,68.5542,55.0087,17.9514,68.1781,55.0192,16.2578,1.7349,-0.3761,0.0105,-1.6936,1.6937,0.3761,-0.2168,0.006,-0.9762,0.2315,4.5028,0.20707,0.21835,1.9406,2.015,0.01128,1.0545,0,1,0,0.0,0.0,0.0,0.0,0.0,0.0,2,2,3,1,1.7349,2.5722,0.8372,0.6745,1,1,2,1.7349,2.5088,0,2,0,2,1.0,0.3544,0.3042,0.1818,0.1898,0.0719,0.1756,0.3544,889.0,987.0,0.3325,0.4961,1.3921,1.5927,98.0,0.1637,AMBIGUOUS,0
47,49,1,2,68.5542,55.0087,17.9514,68.4768,56.2053,20.227,2.5722,-0.0774,1.1966,2.2756,2.571,0.0774,-0.0301,0.4652,0.8847,0.0476,33.2272,0.20707,0.21358,1.9406,1.971,0.00652,1.0315,0,1,0,0.0,0.0,0.0,0.0,0.0,0.0,2,2,3,2,1.7349,1.7349,-0.8372,1.4826,2,2,2,2.5722,0.0918,0,2,0,3,1.3333,0.3544,0.3042,0.1818,0.2813,0.2268,0.1664,0.3544,889.0,984.0,0.3325,0.4569,1.3921,1.5138,95.0,0.1245,AMBIGUOUS,0
47,51,1,2,68.5542,55.0087,17.9514,72.4762,56.0381,17.9308,4.0549,3.922,1.0294,-0.0206,1.0296,3.922,0.9672,0.2539,-0.0051,2.4136,0.2625,0.20707,0.21238,1.9406,1.9599,0.00532,1.0257,0,1,0,0.0,0.0,0.0,0.0,0.0,0.0,2,2,3,3,1.7349,1.7349,-2.32,2.3372,2,3,5,1.6029,-2.452,0,2,0,4,1.6667,0.3544,0.3042,0.1818,0.6516,0.6488,0.0609,0.6516,889.0,877.0,0.3325,0.4126,1.3921,1.4616,-12.0,0.0801,AMBIGUOUS,0
48,77,1,2,87.2245,60.5255,54.3218,87.996,61.0002,55.0687,1.174,0.7715,0.4748,0.7468,0.885,0.7715,0.6571,0.4044,0.6361,0.4747,1.1471,0.20437,0.18243,1.9153,1.6835,-0.02195,0.8926,0,1,0,0.0,0.0,0.0,0.0,0.0,0.0,1,2,2,1,1.174,3.1764,2.0024,0.3696,1,1,1,1.174,3.826,0,1,0,1,1.0,0.5381,0.5255,0.1158,0.312,0.246,0.1919,0.5381,736.0,597.0,0.5318,0.6017,1.5455,1.6411,-139.0,0.0699,AMBIGUOUS,0
48,57,1,2,87.2245,60.5255,54.3218,84.0765,60.9489,54.319,3.1764,-3.148,0.4234,-0.0028,0.4234,3.148,-0.9911,0.1333,-0.0009,1.9373,0.1345,0.20437,0.20255,1.9153,1.8692,-0.00182,0.9911,0,1,0,0.0,0.0,0.0,0.0,0.0,0.0,1,2,2,2,1.174,1.174,-2.0024,2.7056,0,1,1,3.1764,1.8236,0,1,0,2,1.5,0.5381,0.5255,0.1158,0.4399,0.4235,0.119,0.5381,736.0,732.0,0.5318,0.5353,1.5455,1.5128,-4.0,0.0034,AMBIGUOUS,0
49,47,1,2,51.9137,62.0206,19.5853,48.5108,61.8017,20.1226,3.452,-3.4029,-0.2189,0.5373,0.5802,3.4029,-0.9858,-0.0634,0.1557,2.0941,0.1705,0.2037,0.21609,1.9091,1.9941,0.01239,1.0608,0,1,0,0.0,0.0,0.0,0.0,0.0,0.0,0,1,2,1,3.452,4.1286,0.6766,0.8361,1,3,3,2.2949,-1.157,0,2,1,1,0.6667,0.182,0.0863,0.1602,0.3097,0.2392,0.1968,0.3097,872.0,958.0,0.3048,0.4219,1.4188,1.5109,86.0,0.1171,AMBIGUOUS,0
49,42,1,2,51.9137,62.0206,19.5853,48.4962,60.9482,17.5321,4.1286,-3.4176,-1.0724,-2.0531,2.3163,3.4176,-0.8278,-0.2597,-0.4973,2.1031,0.6778,0.2037,0.22127,1.9091,2.0419,0.01757,1.0862,0,1,0,0.0,0.0,0.0,0.0,0.0,0.0,0,1,2,2,3.452,3.452,-0.6766,1.196,1,1,3,0.7951,-3.3334,0,2,1,1,0.6667,0.182,0.0863,0.1602,0.2619,0.2538,0.0643,0.2619,872.0,964.0,0.3048,0.435,1.4188,1.5331,92.0,0.1302,AMBIGUOUS,0
50,73,1,2,27.0967,60.373,10.3722,25.8534,61.1156,12.8239,2.8475,-1.2433,0.7426,2.4517,2.5617,1.2433,-0.4366,0.2608,0.861,0.7651,2.0604,0.20349,0.18612,1.9071,1.7176,-0.01737,0.9146,0,1,0,0.0,0.0,0.0,0.0,0.0,0.0,1,1,2,1,2.8475,4.3366,1.4891,0.6566,2,2,3,2.1551,-0.6923,0,2,0,1,0.6667,0.5834,0.5283,0.2475,0.2902,0.1466,0.2504,0.5834,893.0,897.0,0.4147,0.3413,1.4129,1.3778,4.0,-0.0734,AMBIGUOUS,0
50,40,1,2,27.0967,60.373,10.3722,22.7996,60.4334,10.9528,4.3366,-4.2971,0.0604,0.5806,0.5837,4.2971,-0.9909,0.0139,0.1339,2.6444,0.1358,0.20349,0.22447,1.9071,2.0715,0.02098,1.1031,0,1,0,0.0,0.0,0.0,0.0,0.0,0.0,1,1,2,2,2.8475,2.8475,-1.4891,1.523,0,0,1,4.3366,0.6634,0,2,0,1,0.6667,0.5834,0.5283,0.2475,0.1108,0.0496,0.0991,0.5834,893.0,907.0,0.4147,0.4275,1.4129,1.5017,14.0,0.0128,AMBIGUOUS,0
51,47,1,2,48.6244,62.4397,22.3241,48.5108,61.8017,20.1226,2.2949,-0.1136,-0.638,-2.2015,2.2921,0.1136,-0.0495,-0.278,-0.9593,0.0699,20.1774,0.20221,0.21609,1.895,1.9941,0.01388,1.0687,0,1,0,0.0,0.0,0.0,0.0,0.0,0.0,1,1,1,1,2.2949,5.0,2.7051,0.459,1,3,3,2.2949,1.157,0,1,1,1,1.0,0.1768,0.1256,0.1244,0.3097,0.2392,0.1968,0.3097,1018.0,958.0,0.4575,0.4219,1.6364,1.5109,-60.0,-0.0356,AMBIGUOUS,0
52,58,1,2,96.2115,61.2428,71.0051,94.8573,60.7362,69.9104,1.8135,-1.3542,-0.5066,-1.0947,1.2062,1.3542,-0.7467,-0.2793,-0.6036,0.8334,0.8907,0.20167,0.20254,1.89,1.8691,0.00087,1.0043,0,1,0,0.0,0.0,0.0,0.0,0.0,0.0,2,2,3,1,1.8135,1.9628,0.1492,0.924,1,2,2,1.8135,1.925,1,3,1,1,0.5,0.3624,0.3365,0.1343,0.6408,0.6073,0.2044,0.6408,893.0,829.0,0.3663,0.4306,1.3452,1.5083,-64.0,0.0644,AMBIGUOUS,0
52,46,1,2,96.2115,61.2428,71.0051,97.0854,60.6239,69.3602,1.9628,0.8739,-0.6189,-1.645,1.7575,0.8739,0.4452,-0.3153,-0.8381,0.5378,2.0112,0.20167,0.21634,1.89,1.9964,0.01467,1.0728,0,1,0,0.0,0.0,0.0,0.0,0.0,0.0,2,2,3,2,1.8135,1.8135,-0.1492,1.0823,2,2,2,1.7781,-0.1847,1,3,1,1,0.5,0.3624,0.3365,0.1343,0.4385,0.4146,0.1427,0.4385,893.0,779.0,0.3663,0.502,1.3452,1.5242,-114.0,0.1357,AMBIGUOUS,0
52,5,1,2,96.2115,61.2428,71.0051,97.4205,62.0054,75.3095,4.5355,1.209,0.7626,4.3043,4.3714,1.209,0.2666,0.1681,0.949,0.744,3.6157,0.20167,0.26154,1.89,2.4136,0.05988,1.2969,0,1,0,0.0,0.0,0.0,0.0,0.0,0.0,2,2,3,3,1.8135,1.8135,-2.7219,2.5009,2,2,3,1.3546,-3.1809,1,3,0,0,0.25,0.3624,0.3365,0.1343,0.2292,0.0795,0.215,0.3624,893.0,899.0,0.3663,0.5432,1.3452,1.5842,6.0,0.1769,AMBIGUOUS,0
53,76,1,2,51.7414,52.3378,14.3931,49.7559,52.5096,14.785,2.0312,-1.9856,0.1718,0.392,0.428,1.9856,-0.9776,0.0846,0.193,1.2219,0.2155,0.20089,0.18269,1.8827,1.6859,-0.0182,0.9094,0,1,0,0.0,0.0,0.0,0.0,0.0,0.0,1,1,1,1,2.0312,5.0,2.9688,0.4062,1,1,1,2.0312,2.9688,0,0,0,0,1.0,0.3193,0.2586,0.1873,0.6478,0.6191,0.1905,0.6478,632.0,672.0,0.7414,0.7218,1.7846,1.8009,40.0,-0.0196,AMBIGUOUS,0
54,42,1,2,48.1511,60.8475,16.8229,48.4962,60.9482,17.5321,0.7951,0.3451,0.1007,0.7092,0.7163,0.3451,0.434,0.1267,0.892,0.2123,2.076,0.20047,0.22127,1.8788,2.0419,0.0208,1.1037,0,1,0,0.0,0.0,0.0,0.0,0.0,0.0,1,2,2,1,0.7951,3.4537,2.6586,0.2302,1,1,3,0.7951,3.2936,0,2,1,1,0.6667,0.6281,0.5989,0.1894,0.2619,0.2538,0.0643,0.6281,1039.0,964.0,0.4945,0.435,1.6383,1.5331,-75.0,-0.0595,AMBIGUOUS,0
54,47,1,2,48.1511,60.8475,16.8229,48.5108,61.8017,20.1226,3.4537,0.3597,0.9542,3.2997,3.4349,0.3597,0.1042,0.2763,0.9554,0.2214,9.548,0.20047,0.21609,1.8788,1.9941,0.01562,1.0779,0,1,0,0.0,0.0,0.0,0.0,0.0,0.0,1,2,2,2,0.7951,0.7951,-2.6586,4.3436,1,3,3,2.2949,-1.1587,0,2,1,1,0.6667,0.6281,0.5989,0.1894,0.3097,0.2392,0.1968,0.6281,1039.0,958.0,0.4945,0.4219,1.6383,1.5109,-81.0,-0.0726,AMBIGUOUS,0
55,31,1,2,41.4639,67.0912,38.3832,40.0461,67.2752,37.9189,1.5032,-1.4178,0.184,-0.4642,0.4994,1.4178,-0.9432,0.1224,-0.3088,0.8725,0.3522,0.19821,0.22946,1.8576,2.1175,0.03125,1.1576,1,2,1,-0.7979,0.1311,0.0296,0.8091,0.7943,0.0614,1,2,2,1,1.5032,3.847,2.3439,0.3907,1,1,1,1.5032,3.4968,0,2,0,1,0.6667,0.8123,0.7861,0.2046,0.6168,0.5789,0.2128,0.8123,808.0,876.0,0.4737,0.4957,1.528,1.5439,68.0,0.022,AMBIGUOUS,0
55,55,1,2,41.4639,67.0912,38.3832,40.1205,67.9206,41.8913,3.847,-1.3433,0.8294,3.5082,3.6049,1.3433,-0.3492,0.2156,0.9119,0.8267,2.6836,0.19821,0.20395,1.8576,1.8821,0.00574,1.029,1,2,1,-0.7979,0.1311,0.0296,0.8091,3.5896,0.5874,1,2,2,2,1.5032,1.5032,-2.3439,2.5593,1,2,2,1.6925,-2.1546,0,2,0,1,0.6667,0.8123,0.7861,0.2046,0.5125,0.5045,0.0904,0.8123,808.0,936.0,0.4737,0.3714,1.528,1.4058,128.0,-0.1023,AMBIGUOUS,0
56,38,1,2,49.2077,70.7116,70.0204,48.3664,71.0222,69.2084,1.2099,-0.8413,0.3107,-0.8121,0.8695,0.8413,-0.6954,0.2568,-0.6712,0.5177,1.0334,0.19816,0.2267,1.8572,2.092,0.02854,1.144,0,1,0,0.0,0.0,0.0,0.0,0.0,0.0,1,1,1,1,1.2099,5.0,3.7901,0.242,1,1,2,1.2099,3.5332,0,1,0,1,1.0,0.4809,0.4577,0.1474,0.4166,0.3836,0.1625,0.4809,837.0,953.0,0.371,0.4621,1.3928,1.4855,116.0,0.0911,AMBIGUOUS,0
57,46,1,2,98.5729,60.8536,70.307,97.0854,60.6239,69.3602,1.7781,-1.4875,-0.2297,-0.9468,0.9742,1.4875,-0.8365,-0.1292,-0.5325,0.9154,0.655,0.1975,0.21634,1.8509,1.9964,0.01884,1.0954,0,1,0,0.0,0.0,0.0,0.0,0.0,0.0,1,2,2,1,1.7781,3.7385,1.9604,0.4756,2,2,2,1.7781,0.1847,1,2,1,1,0.6667,0.559,0.5521,0.0877,0.4385,0.4146,0.1427,0.559,855.0,779.0,0.3424,0.502,1.324,1.5242,-76.0,0.1595,AMBIGUOUS,0
57,58,1,2,98.5729,60.8536,70.307,94.8573,60.7362,69.9104,3.7385,-3.7156,-0.1174,-0.3965,0.4136,3.7156,-0.9939,-0.0314,-0.1061,2.2865,0.1113,0.1975,0.20254,1.8509,1.8691,0.00504,1.0255,0,1,0,0.0,0.0,0.0,0.0,0.0,0.0,1,2,2,2,1.7781,1.7781,-1.9604,2.1025,1,2,2,1.8135,-1.925,1,2,1,1,0.6667,0.559,0.5521,0.0877,0.6408,0.6073,0.2044,0.6408,855.0,829.0,0.3424,0.4306,1.324,1.5083,-26.0,0.0882,AMBIGUOUS,0
58,55,1,2,41.3841,67.9411,43.0172,40.1205,67.9206,41.8913,1.6925,-1.2635,-0.0205,-1.1258,1.126,1.2635,-0.7466,-0.0121,-0.6652,0.7775,0.8912,0.19728,0.20395,1.8489,1.8821,0.00667,1.0338,0,1,0,0.0,0.0,0.0,0.0,0.0,0.0,1,1,1,1,1.6925,5.0,3.3075,0.3385,1,2,2,1.6925,2.1546,0,1,0,1,1.0,0.7666,0.7591,0.1074,0.5125,0.5045,0.0904,0.7666,793.0,936.0,0.4005,0.3714,1.4297,1.4058,143.0,-0.0292,AMBIGUOUS,0
59,75,1,2,8.0199,73.8257,76.1618,4.5796,72.9461,76.6999,3.5916,-3.4404,-0.8796,0.5382,1.0311,3.4404,-0.9579,-0.2449,0.1498,2.1171,0.2997,0.19577,0.18358,1.8347,1.6942,-0.01218,0.9378,0,1,0,0.0,0.0,0.0,0.0,0.0,0.0,0,1,2,1,3.5916,4.7033,1.1118,0.7636,2,4,5,1.6057,-1.9859,1,3,1,1,0.5,0.2466,0.1051,0.2231,0.3548,0.2954,0.1965,0.3548,892.0,1016.0,0.3875,0.3839,1.4672,1.4449,124.0,-0.0036,AMBIGUOUS,0
59,68,1,2,8.0199,73.8257,76.1618,4.4678,72.7565,79.0532,4.7033,-3.5521,-1.0692,2.8914,3.0828,3.5521,-0.7552,-0.2273,0.6148,2.1859,0.8679,0.19577,0.1924,1.8347,1.7755,-0.00337,0.9828,0,1,0,0.0,0.0,0.0,0.0,0.0,0.0,0,1,2,2,3.5916,3.5916,-1.1118,1.3095,2,4,5,1.7022,-3.0011,1,3,1,1,0.5,0.2466,0.1051,0.2231,0.4412,0.4072,0.1698,0.4412,892.0,1003.0,0.3875,0.4129,1.4672,1.45,111.0,0.0254,AMBIGUOUS,0
60,34,1,2,91.5088,63.9607,89.8587,89.8702,64.8961,89.8282,1.887,-1.6386,0.9354,-0.0305,0.9359,1.6386,-0.8683,0.4957,-0.0162,1.0084,0.5712,0.19372,0.22806,1.8155,2.1045,0.03433,1.1772,0,1,0,0.0,0.0,0.0,0.0,0.0,0.0,1,2,2,1,1.887,3.1836,1.2965,0.5927,1,1,2,1.887,2.2336,0,1,0,1,1.0,0.545,0.5088,0.1955,0.5081,0.4952,0.114,0.545,755.0,859.0,0.4602,0.4909,1.4242,1.4266,104.0,0.0306,AMBIGUOUS,0
60,65,1,2,91.5088,63.9607,89.8587,90.9877,65.3587,92.671,3.1836,-0.5211,1.398,2.8123,3.1406,0.5211,-0.1637,0.4391,0.8834,0.3207,6.0268,0.19372,0.19557,1.8155,1.8048,0.00185,1.0095,0,1,0,0.0,0.0,0.0,0.0,0.0,0.0,1,2,2,2,1.887,1.887,-1.2965,1.6871,1,2,2,1.6345,-1.5491,0,1,0,1,1.0,0.545,0.5088,0.1955,0.0673,0.0123,0.0662,0.545,755.0,856.0,0.4602,0.3459,1.4242,1.2907,101.0,-0.1143,AMBIGUOUS,0
61,13,1,2,90.5031,50.1051,15.5521,88.9457,50.5296,15.4846,1.6156,-1.5574,0.4244,-0.0675,0.4298,1.5574,-0.964,0.2627,-0.0418,0.9584,0.2759,0.19224,0.25172,1.8016,2.3229,0.05948,1.3094,0,1,0,0.0,0.0,0.0,0.0,0.0,0.0,1,1,1,1,1.6156,5.0,3.3844,0.3231,1,1,2,1.6156,2.8085,0,0,0,0,1.0,0.5279,0.4969,0.1782,0.4587,0.4293,0.1616,0.5279,685.0,800.0,0.5225,0.6407,1.5398,1.6505,115.0,0.1182,AMBIGUOUS,0
62,72,1,2,81.76,67.2564,93.084,80.7826,67.6874,92.0218,1.5065,-0.9774,0.431,-1.0622,1.1463,0.9774,-0.6488,0.2861,-0.7051,0.6015,1.1728,0.18716,0.18689,1.754,1.7246,-0.00028,0.9985,0,1,0,0.0,0.0,0.0,0.0,0.0,0.0,1,1,2,1,1.5065,4.1726,2.6661,0.361,1,2,3,1.5065,1.702,1,2,0,1,0.6667,0.5438,0.51,0.1887,0.5308,0.4674,0.2515,0.5438,713.0,718.0,0.4293,0.478,1.4336,1.4996,5.0,0.0487,AMBIGUOUS,0
62,90,1,2,81.76,67.2564,93.084,78.3623,68.6529,95.0628,4.1726,-3.3977,1.3965,1.9788,2.422,3.3977,-0.8143,0.3347,0.4742,2.0909,0.7128,0.18716,0.16505,1.754,1.5231,-0.02211,0.8818,0,1,0,0.0,0.0,0.0,0.0,0.0,0.0,1,1,2,2,1.5065,1.5065,-2.6661,2.7698,0,1,2,3.0621,-1.1104,1,2,0,1,0.6667,0.5438,0.51,0.1887,0.3623,0.3623,0.0034,0.5438,713.0,609.0,0.4293,0.513,1.4336,1.5528,-104.0,0.0838,AMBIGUOUS,0
63,53,1,2,66.441,53.1301,2.8993,64.551,53.2608,2.819,1.8962,-1.89,0.1308,-0.0803,0.1534,1.89,-0.9967,0.069,-0.0423,1.1631,0.0812,0.18715,0.20458,1.7539,1.8879,0.01743,1.0931,0,1,0,0.0,0.0,0.0,0.0,0.0,0.0,1,1,2,1,1.8962,4.8425,2.9463,0.3916,1,2,3,1.8962,1.849,0,1,0,1,1.0,0.2117,0.184,0.1047,0.4516,0.449,0.0488,0.4516,849.0,892.0,0.2702,0.3783,1.3948,1.4999,43.0,0.1081,AMBIGUOUS,0
63,33,1,2,66.441,53.1301,2.8993,62.7059,54.1026,5.8239,4.8425,-3.7351,0.9725,2.9246,3.082,3.7351,-0.7713,0.2008,0.6039,2.2985,0.8252,0.18715,0.22851,1.7539,2.1087,0.04137,1.221,0,1,0,0.0,0.0,0.0,0.0,0.0,0.0,1,1,2,2,1.8962,1.8962,-2.9463,2.5538,1,1,3,1.5941,-3.2484,0,1,0,1,1.0,0.2117,0.184,0.1047,0.6865,0.6691,0.1539,0.6865,849.0,887.0,0.2702,0.4214,1.3948,1.4829,38.0,0.1512,AMBIGUOUS,0
64,38,1,2,53.0958,70.6866,69.0804,48.3664,71.0222,69.2084,4.7431,-4.7295,0.3357,0.128,0.3592,4.7295,-0.9971,0.0708,0.027,2.9104,0.076,0.18714,0.2267,1.7538,2.092,0.03957,1.2114,0,1,0,0.0,0.0,0.0,0.0,0.0,0.0,0,0,1,1,4.7431,5.0,0.2569,0.9486,1,1,2,1.2099,-3.5332,0,2,0,1,0.6667,0.5295,0.5292,0.0179,0.4166,0.3836,0.1625,0.5295,793.0,953.0,0.3699,0.4621,1.434,1.4855,160.0,0.0922,AMBIGUOUS,0
65,62,1,2,35.8098,70.8299,73.2633,34.0047,71.1025,74.0488,1.9874,-1.8051,0.2726,0.7855,0.8314,1.8051,-0.9083,0.1372,0.3952,1.1108,0.4606,0.18531,0.19844,1.7367,1.8312,0.01313,1.0708,0,1,0,0.0,0.0,0.0,0.0,0.0,0.0,1,1,1,1,1.9874,5.0,3.0126,0.3975,1,2,3,1.9874,1.505,0,1,0,0,0.5,0.2073,0.0598,0.1985,0.1642,0.1203,0.1117,0.2073,886.0,886.0,0.3489,0.3749,1.3422,1.3685,0.0,0.026,AMBIGUOUS,0
66,89,1,2,46.4625,71.3465,78.9603,43.5072,71.4521,78.9729,2.9572,-2.9553,0.1056,0.0126,0.1064,2.9553,-0.9994,0.0357,0.0043,1.8186,0.036,0.1849,0.16669,1.7328,1.5383,-0.0182,0.9015,1,2,1,-2.5776,-0.4231,1.3979,2.9626,1.5302,0.1336,1,1,1,1,2.9572,5.0,2.0428,0.5914,2,2,2,2.8653,-0.0919,0,1,0,0,0.5,0.6959,0.6625,0.2131,0.4041,0.3678,0.1674,0.6959,753.0,709.0,0.449,0.3924,1.4254,1.3676,-44.0,-0.0566,AMBIGUOUS,0
67,79,1,2,30.682,67.3729,38.4427,26.9532,67.3642,36.9167,4.029,-3.7288,-0.0087,-1.526,1.526,3.7288,-0.9255,-0.0022,-0.3788,2.2946,0.4093,0.1848,0.17994,1.7319,1.6605,-0.00486,0.9737,1,2,1,1.8871,-1.2492,-0.8856,2.4302,5.7868,1.5795,0,0,1,1,4.029,5.0,0.971,0.8058,0,0,2,4.029,0.3351,0,1,0,0,0.5,0.2535,0.193,0.1642,0.6778,0.6718,0.0899,0.6778,793.0,785.0,0.3783,0.3729,1.3856,1.3843,-8.0,-0.0054,AMBIGUOUS,0
68,68,1,2,7.9776,73.8015,79.0655,4.4678,72.7565,79.0532,3.6621,-3.5098,-1.0451,-0.0123,1.0451,3.5098,-0.9584,-0.2854,-0.0034,2.1599,0.2978,0.18397,0.1924,1.7241,1.7755,0.00844,1.0458,0,1,0,0.0,0.0,0.0,0.0,0.0,0.0,0,1,2,1,3.6621,4.2278,0.5657,0.8662,2,4,5,1.7022,-1.9599,1,4,1,1,0.4,0.2524,0.1474,0.2049,0.4412,0.4072,0.1698,0.4412,965.0,1003.0,0.3447,0.4129,1.3934,1.45,38.0,0.0682,AMBIGUOUS,0
68,75,1,2,7.9776,73.8015,79.0655,4.5796,72.9461,76.6999,4.2278,-3.398,-0.8554,-2.3655,2.5155,3.398,-0.8037,-0.2023,-0.5595,2.0911,0.7403,0.18397,0.18358,1.7241,1.6942,-0.00038,0.9979,0,1,0,0.0,0.0,0.0,0.0,0.0,0.0,0,1,2,2,3.6621,3.6621,-0.5657,1.1545,2,4,5,1.6057,-2.6221,1,4,1,1,0.4,0.2524,0.1474,0.2049,0.3548,0.2954,0.1965,0.3548,965.0,1016.0,0.3447,0.3839,1.3934,1.4449,51.0,0.0392,AMBIGUOUS,0
69,72,1,2,83.8615,67.3422,92.8559,80.7826,67.6874,92.0218,3.2085,-3.0789,0.3451,-0.8341,0.9026,3.0789,-0.9596,0.1076,-0.26,1.8947,0.2932,0.18337,0.18689,1.7185,1.7246,0.00352,1.0192,0,1,0,0.0,0.0,0.0,0.0,0.0,0.0,0,1,1,1,3.2085,5.0,1.7915,0.6417,1,2,3,1.5065,-1.702,1,2,0,1,0.6667,0.669,0.6385,0.1996,0.5308,0.4674,0.2515,0.669,700.0,718.0,0.4249,0.478,1.4206,1.4996,18.0,0.0531,AMBIGUOUS,0
70,60,1,2,44.4721,60.2242,17.5487,42.7834,60.0217,16.9757,1.7947,-1.6887,-0.2024,-0.573,0.6077,1.6887,-0.9409,-0.1128,-0.3192,1.0392,0.3598,0.18279,0.20063,1.7131,1.8514,0.01783,1.0976,0,1,0,0.0,0.0,0.0,0.0,0.0,0.0,1,1,2,1,1.7947,4.0887,2.294,0.439,1,1,1,1.7947,3.2053,0,1,0,0,0.5,0.6105,0.5971,0.1273,0.5502,0.5334,0.1349,0.6105,960.0,1017.0,0.3888,0.4372,1.4624,1.4725,57.0,0.0483,AMBIGUOUS,0
70,42,1,2,44.4721,60.2242,17.5487,48.4962,60.9482,17.5321,4.0887,4.0241,0.7241,-0.0165,0.7242,4.0241,0.9842,0.1771,-0.004,2.4763,0.18,0.18279,0.22127,1.7131,2.0419,0.03848,1.2105,0,1,0,0.0,0.0,0.0,0.0,0.0,0.0,1,1,2,2,1.7947,1.7947,-2.294,2.2782,1,1,3,0.7951,-3.2936,0,1,1,1,1.0,0.6105,0.5971,0.1273,0.2619,0.2538,0.0643,0.6105,960.0,964.0,0.3888,0.435,1.4624,1.5331,4.0,0.0462,AMBIGUOUS,0
71,69,1,2,86.1471,59.6019,49.9666,83.1649,60.2115,50.0723,3.0458,-2.9823,0.6096,0.1057,0.6187,2.9823,-0.9792,0.2001,0.0347,1.8352,0.2074,0.18168,0.19143,1.7027,1.7666,0.00975,1.0537,0,1,0,0.0,0.0,0.0,0.0,0.0,0.0,0,2,2,1,3.0458,3.6427,0.5969,0.8361,0,1,2,3.0458,1.6026,1,2,1,2,1.0,0.119,0.0221,0.1169,0.3197,0.2899,0.1349,0.3197,762.0,818.0,0.3875,0.4405,1.3081,1.387,56.0,0.053,AMBIGUOUS,0
71,74,1,2,86.1471,59.6019,49.9666,83.3789,59.782,47.6059,3.6427,-2.7683,0.1801,-2.3607,2.3676,2.7683,-0.76,0.0495,-0.6481,1.7036,0.8553,0.18168,0.18522,1.7027,1.7093,0.00354,1.0195,0,1,0,0.0,0.0,0.0,0.0,0.0,0.0,0,2,2,2,3.0458,3.0458,-0.5969,1.196,0,2,2,3.3105,-0.3321,1,2,1,1,0.6667,0.119,0.0221,0.1169,0.5133,0.5039,0.0978,0.5133,762.0,670.0,0.3875,0.5154,1.3081,1.5371,-92.0,0.1279,AMBIGUOUS,0
72,90,1,2,81.1004,67.7775,96.1181,78.3623,68.6529,95.0628,3.0621,-2.738,0.8754,-1.0552,1.3711,2.738,-0.8942,0.2859,-0.3446,1.6849,0.5008,0.18071,0.16505,1.6936,1.5231,-0.01566,0.9133,0,1,0,0.0,0.0,0.0,0.0,0.0,0.0,0,1,2,1,3.0621,4.1096,1.0474,0.7451,0,1,2,3.0621,1.1104,0,2,0,1,0.6667,0.2311,0.1496,0.1761,0.3623,0.3623,0.0034,0.3623,658.0,609.0,0.5418,0.513,1.636,1.5528,-49.0,-0.0288,AMBIGUOUS,0
72,72,1,2,81.1004,67.7775,96.1181,80.7826,67.6874,92.0218,4.1096,-0.3178,-0.0901,-4.0963,4.0973,0.3178,-0.0773,-0.0219,-0.9968,0.1955,12.894,0.18071,0.18689,1.6936,1.7246,0.00617,1.0342,0,1,0,0.0,0.0,0.0,0.0,0.0,0.0,0,1,2,2,3.0621,3.0621,-1.0474,1.3421,1,2,3,1.5065,-2.6031,0,2,0,1,0.6667,0.2311,0.1496,0.1761,0.5308,0.4674,0.2515,0.5308,658.0,718.0,0.5418,0.478,1.636,1.4996,60.0,-0.0638,AMBIGUOUS,0
73,104,1,2,7.901,70.9277,67.0003,4.394,69.9834,66.7578,3.64,-3.507,-0.9444,-0.2425,0.975,3.507,-0.9635,-0.2594,-0.0666,2.1581,0.278,0.18062,0.13646,1.6927,1.2593,-0.04416,0.7555,1,2,1,0.1713,-1.9955,-1.1337,2.3014,3.9279,0.8139,0,1,1,1,3.64,5.0,1.36,0.728,2,3,3,1.2578,-2.3821,2,2,0,0,0.3333,0.2806,0.224,0.1689,0.5106,0.481,0.1714,0.5106,883.0,813.0,0.3039,0.2829,1.3047,1.2723,-70.0,-0.021,AMBIGUOUS,0
74,68,1,2,4.5314,75.5163,79.4963,4.4678,72.7565,79.0532,2.7958,-0.0636,-2.7598,-0.443,2.7951,0.0636,-0.0227,-0.9871,-0.1585,0.0391,43.9667,0.18019,0.1924,1.6887,1.7755,0.01222,1.0678,1,2,1,1.3857,-1.6387,-1.9189,2.8788,2.3527,0.3434,1,2,2,1,2.7958,3.7983,1.0025,0.7361,2,4,5,1.7022,-1.0936,1,3,1,1,0.5,0.3698,0.3436,0.1368,0.4412,0.4072,0.1698,0.4412,916.0,1003.0,0.3168,0.4129,1.4343,1.45,87.0,0.096,AMBIGUOUS,0
74,75,1,2,4.5314,75.5163,79.4963,4.5796,72.9461,76.6999,3.7983,0.0482,-2.5701,-2.7963,3.798,0.0482,0.0127,-0.6767,-0.7362,0.0297,78.7905,0.18019,0.18358,1.6887,1.6942,0.0034,1.0189,1,2,1,1.3857,-1.6387,-1.9189,2.8788,1.851,0.118,1,2,2,2,2.7958,2.7958,-1.0025,1.3586,2,4,5,1.6057,-2.1926,1,3,1,1,0.5,0.3698,0.3436,0.1368,0.3548,0.2954,0.1965,0.3698,916.0,1016.0,0.3168,0.3839,1.4343,1.4449,100.0,0.067,AMBIGUOUS,0
75,81,1,2,8.2421,74.9827,87.0838,9.0909,74.9577,88.0317,1.2726,0.8489,-0.0251,0.9478,0.9482,0.8489,0.667,-0.0197,0.7448,0.5224,1.117,0.17992,0.17816,1.6862,1.6441,-0.00176,0.9902,0,1,0,0.0,0.0,0.0,0.0,0.0,0.0,2,2,2,1,1.2726,1.8767,0.6041,0.6781,1,1,1,1.2726,3.7274,0,0,1,1,2.0,0.2554,0.1171,0.227,0.6995,0.6591,0.2344,0.6995,861.0,944.0,0.3097,0.3777,1.2501,1.4278,83.0,0.068,AMBIGUOUS,0
75,70,1,2,8.2421,74.9827,87.0838,6.7037,75.2954,88.1122,1.8767,-1.5383,0.3127,1.0284,1.0749,1.5383,-0.8197,0.1666,0.548,0.9467,0.6987,0.17992,0.18944,1.6862,1.7482,0.00952,1.0529,0,1,0,0.0,0.0,0.0,0.0,0.0,0.0,2,2,2,2,1.2726,1.2726,-0.6041,1.4747,1,1,1,1.8767,3.1233,0,0,1,1,2.0,0.2554,0.1171,0.227,0.2506,0.2037,0.146,0.2554,861.0,976.0,0.3097,0.3602,1.2501,1.3702,115.0,0.0505,AMBIGUOUS,0
76,74,1,2,86.5303,58.8717,47.1592,83.3789,59.782,47.6059,3.3105,-3.1514,0.9103,0.4467,1.014,3.1514,-0.9519,0.275,0.1349,1.9393,0.3218,0.17958,0.18522,1.6829,1.7093,0.00565,1.0314,0,1,0,0.0,0.0,0.0,0.0,0.0,0.0,0,1,2,1,3.3105,4.6484,1.3378,0.7122,0,2,2,3.3105,0.3321,1,1,1,1,1.0,0.4082,0.4053,0.0486,0.5133,0.5039,0.0978,0.5133,683.0,670.0,0.4965,0.5154,1.5351,1.5371,-13.0,0.0189,AMBIGUOUS,0
76,69,1,2,86.5303,58.8717,47.1592,83.1649,60.2115,50.0723,4.6484,-3.3654,1.3398,2.9131,3.2064,3.3654,-0.724,0.2882,0.6267,2.071,0.9528,0.17958,0.19143,1.6829,1.7666,0.01186,1.066,0,1,0,0.0,0.0,0.0,0.0,0.0,0.0,0,1,2,2,3.3105,3.3105,-1.3378,1.4041,0,1,2,3.0458,-1.6026,1,1,1,2,1.5,0.4082,0.4053,0.0486,0.3197,0.2899,0.1349,0.4082,683.0,818.0,0.4965,0.4405,1.5351,1.387,135.0,-0.0559,AMBIGUOUS,0
77,145,1,2,22.2389,63.4423,15.475,23.876,64.4923,18.2477,3.3867,1.637,1.0499,2.7727,2.9648,1.637,0.4834,0.31,0.8187,1.0074,1.8111,0.17848,0.07432,1.6727,0.6858,-0.10416,0.4164,1,2,1,-1.9049,-1.6169,1.3667,2.8479,4.6512,1.1064,0,2,2,1,3.3867,3.6732,0.2865,0.922,0,1,4,3.3867,0.7551,1,2,0,0,0.3333,0.5168,0.5111,0.0771,0.5103,0.499,0.1069,0.5168,935.0,530.0,0.3236,0.17,1.3018,1.2529,-405.0,-0.1537,AMBIGUOUS,0
77,43,1,2,22.2389,63.4423,15.475,18.7954,63.4001,16.7529,3.6732,-3.4435,-0.0422,1.2778,1.2785,3.4435,-0.9375,-0.0115,0.3479,2.1191,0.3713,0.17848,0.21936,1.6727,2.0243,0.04088,1.2291,1,2,1,-1.9049,-1.6169,1.3667,2.8479,2.2034,0.1995,0,2,2,2,3.3867,3.3867,-0.2865,1.0846,2,3,3,1.594,-2.0792,1,2,0,1,0.6667,0.5168,0.5111,0.0771,0.7116,0.7046,0.0998,0.7116,935.0,900.0,0.3236,0.4923,1.3018,1.4773,-35.0,0.1686,AMBIGUOUS,0
78,88,1,2,34.1728,66.3477,47.926,32.5561,67.0026,47.6493,1.7662,-1.6168,0.6549,-0.2767,0.711,1.6168,-0.9154,0.3708,-0.1567,0.9949,0.4397,0.17707,0.16958,1.6594,1.5649,-0.00749,0.9577,0,1,0,0.0,0.0,0.0,0.0,0.0,0.0,1,1,1,1,1.7662,5.0,3.2338,0.3532,1,1,1,1.7662,3.2338,0,1,0,0,0.5,0.138,0.0478,0.1295,0.1338,0.0561,0.1215,0.138,732.0,721.0,0.3859,0.3777,1.4114,1.3885,-11.0,-0.0082,AMBIGUOUS,0
79,65,1,2,92.6075,65.2998,92.8817,90.9877,65.3587,92.671,1.6345,-1.6198,0.0589,-0.2106,0.2187,1.6198,-0.991,0.036,-0.1289,0.9968,0.135,0.17537,0.19557,1.6435,1.8048,0.0202,1.1152,1,2,1,-1.8596,-0.3222,0.2289,1.9011,0.6292,0.0523,1,1,2,1,1.6345,4.1206,2.4861,0.3967,1,2,2,1.6345,1.5491,0,1,0,1,1.0,0.1844,0.0175,0.1836,0.0673,0.0123,0.0662,0.1844,770.0,856.0,0.3676,0.3459,1.3468,1.2907,86.0,-0.0217,AMBIGUOUS,0
79,34,1,2,92.6075,65.2998,92.8817,89.8702,64.8961,89.8282,4.1206,-2.7373,-0.4037,-3.0535,3.08,2.7373,-0.6643,-0.098,-0.741,1.6845,1.1252,0.17537,0.22806,1.6435,2.1045,0.05268,1.3004,1,2,1,-1.8596,-0.3222,0.2289,1.9011,3.3987,0.4229,1,1,2,2,1.6345,1.6345,-2.4861,2.521,1,1,2,1.887,-2.2336,0,1,0,1,1.0,0.1844,0.0175,0.1836,0.5081,0.4952,0.114,0.5081,770.0,859.0,0.3676,0.4909,1.3468,1.4266,89.0,0.1232,AMBIGUOUS,0
80,43,1,2,20.1183,63.5391,15.8744,18.7954,63.4001,16.7529,1.594,-1.3229,-0.139,0.8784,0.8894,1.3229,-0.8299,-0.0872,0.5511,0.8141,0.6723,0.17421,0.21936,1.6327,2.0243,0.04515,1.2592,1,2,1,-0.9722,-0.6295,1.8654,2.1958,1.1566,0.1394,1,1,3,1,1.594,4.5454,2.9514,0.3507,2,3,3,1.594,0.427,2,2,0,1,0.6667,0.6404,0.6183,0.1669,0.7116,0.7046,0.0998,0.7116,821.0,900.0,0.3097,0.4923,1.2918,1.4773,79.0,0.1825,AMBIGUOUS,0
80,145,1,2,20.1183,63.5391,15.8744,23.876,64.4923,18.2477,4.5454,3.7577,0.9532,2.3733,2.5575,3.7577,0.8267,0.2097,0.5221,2.3124,0.6806,0.17421,0.07432,1.6327,0.6858,-0.09989,0.4266,1,2,1,-0.9722,-0.6295,1.8654,2.1958,5.0135,0.9826,1,1,3,2,1.594,1.594,-2.9514,2.8515,0,1,4,3.3867,-1.1587,2,2,0,0,0.3333,0.6404,0.6183,0.1669,0.5103,0.499,0.1069,0.6404,821.0,530.0,0.3097,0.17,1.2918,1.2529,-291.0,-0.1398,AMBIGUOUS,0
80,97,1,2,20.1183,63.5391,15.8744,19.354,65.6974,20.3017,4.9843,-0.7643,2.1583,4.4273,4.9253,0.7643,-0.1533,0.433,0.8882,0.4703,6.4444,0.17421,0.15433,1.6327,1.4242,-0.01988,0.8859,1,2,1,-0.9722,-0.6295,1.8654,2.1958,3.7919,0.3016,1,1,3,3,1.594,1.594,-3.3902,3.1268,1,2,3,2.4712,-2.5131,2,2,0,2,1.0,0.6404,0.6183,0.1669,0.1862,0.146,0.1156,0.6404,821.0,829.0,0.3097,0.2977,1.2918,1.3348,8.0,-0.0121,AMBIGUOUS,0
81,66,1,2,14.9265,67.5028,31.3285,15.6377,68.2664,30.1621,1.565,0.7112,0.7636,-1.1663,1.3941,0.7112,0.4544,0.4879,-0.7453,0.4376,1.9602,0.17252,0.19407,1.6168,1.7909,0.02156,1.125,0,1,0,0.0,0.0,0.0,0.0,0.0,0.0,1,2,3,1,1.565,3.8255,2.2605,0.4091,2,2,3,1.565,1.2341,0,2,0,1,0.6667,0.3121,0.3015,0.0805,0.6206,0.6123,0.101,0.6206,904.0,889.0,0.286,0.3732,1.3347,1.4276,-15.0,0.0872,AMBIGUOUS,0
81,94,1,2,14.9265,67.5028,31.3285,11.5559,69.1064,32.1661,3.8255,-3.3706,1.6036,0.8376,1.8092,3.3706,-0.8811,0.4192,0.219,2.0742,0.5368,0.17252,0.15569,1.6168,1.4368,-0.01682,0.9025,0,1,0,0.0,0.0,0.0,0.0,0.0,0.0,1,2,3,2,1.565,1.565,-2.2605,2.4444,0,1,1,3.8255,1.1745,0,2,0,2,1.0,0.3121,0.3015,0.0805,0.1997,0.1809,0.0846,0.3121,904.0,983.0,0.286,0.278,1.3347,1.2731,79.0,-0.0079,AMBIGUOUS,0
81,54,1,2,14.9265,67.5028,31.3285,11.1213,66.1997,34.2678,4.9817,-3.8052,-1.303,2.9394,3.2153,3.8052,-0.7638,-0.2616,0.59,2.3417,0.845,0.17252,0.20401,1.6168,1.8827,0.0315,1.1826,0,1,0,0.0,0.0,0.0,0.0,0.0,0.0,1,2,3,3,1.565,1.565,-3.4167,3.1833,0,0,1,4.9817,0.0183,0,2,0,1,0.6667,0.3121,0.3015,0.0805,0.2917,0.2537,0.1441,0.3121,904.0,954.0,0.286,0.4229,1.3347,1.5154,50.0,0.137,AMBIGUOUS,0
82,75,1,2,3.7196,72.0357,77.7048,4.5796,72.9461,76.6999,1.6057,0.86,0.9104,-1.0049,1.356,0.86,0.5356,0.567,-0.6258,0.5292,1.5768,0.17148,0.18358,1.6071,1.6942,0.01211,1.0706,1,2,1,0.0288,0.1063,2.4791,2.4816,3.6709,1.5947,2,2,2,1,1.6057,1.7022,0.0965,0.9433,2,4,5,1.6057,1.1152,0,4,1,1,0.4,0.4996,0.4696,0.1706,0.3548,0.2954,0.1965,0.4996,956.0,1016.0,0.3546,0.3839,1.4251,1.4449,60.0,0.0293,AMBIGUOUS,0
82,68,1,2,3.7196,72.0357,77.7048,4.4678,72.7565,79.0532,1.7022,0.7482,0.7208,1.3484,1.5289,0.7482,0.4395,0.4235,0.7921,0.4604,2.0435,0.17148,0.1924,1.6071,1.7755,0.02092,1.122,1,2,1,0.0288,0.1063,2.4791,2.4816,1.4743,0.1854,2,2,2,2,1.6057,1.6057,-0.0965,1.0601,2,4,5,1.7022,1.0936,0,4,1,1,0.4,0.4996,0.4696,0.1706,0.4412,0.4072,0.1698,0.4996,956.0,1003.0,0.3546,0.4129,1.4251,1.45,47.0,0.0583,AMBIGUOUS,0
83,142,1,2,22.9701,69.0174,31.1022,22.6159,70.4855,32.3213,1.9409,-0.3542,1.4681,1.2191,1.9083,0.3542,-0.1825,0.7564,0.6281,0.218,5.3873,0.17079,0.07626,1.6006,0.7037,-0.09453,0.4465,0,1,0,0.0,0.0,0.0,0.0,0.0,0.0,2,2,2,1,1.9409,2.7173,0.7765,0.7143,1,1,1,1.9409,3.0591,0,0,0,1,2.0,0.2873,0.2201,0.1846,0.3012,0.1341,0.2697,0.3012,792.0,549.0,0.3931,0.1975,1.4186,1.178,-243.0,-0.1956,AMBIGUOUS,0
83,150,1,2,22.9701,69.0174,31.1022,22.4928,69.8534,28.5612,2.7173,-0.4774,0.836,-2.5411,2.6751,0.4774,-0.1757,0.3077,-0.9351,0.2938,5.6038,0.17079,0.06588,1.6006,0.6079,-0.10491,0.3857,0,1,0,0.0,0.0,0.0,0.0,0.0,0.0,2,2,2,2,1.9409,1.9409,-0.7765,1.4001,1,1,1,2.7173,2.2827,0,0,0,1,2.0,0.2873,0.2201,0.1846,0.2862,0.2572,0.1255,0.2873,792.0,472.0,0.3931,0.1989,1.4186,1.1889,-320.0,-0.1942,AMBIGUOUS,0
84,86,1,2,14.668,75.8425,78.1856,13.7168,76.1345,79.0787,1.337,-0.9512,0.292,0.8931,0.9396,0.9512,-0.7114,0.2184,0.668,0.5854,0.9878,0.17045,0.17189,1.5974,1.5862,0.00143,1.0084,0,1,0,0.0,0.0,0.0,0.0,0.0,0.0,1,1,1,1,1.337,5.0,3.663,0.2674,1,1,1,1.337,3.663,0,0,0,0,1.0,0.2285,0.043,0.2244,0.7489,0.7168,0.217,0.7489,720.0,783.0,0.3851,0.3842,1.3639,1.364,63.0,-0.0008,AMBIGUOUS,0
85,83,1,2,20.034,72.2844,100.5141,17.4562,73.0833,101.3373,2.8215,-2.5778,0.7989,0.8233,1.1472,2.5778,-0.9136,0.2831,0.2918,1.5863,0.445,0.16961,0.17648,1.5895,1.6286,0.00687,1.0405,0,1,0,0.0,0.0,0.0,0.0,0.0,0.0,1,1,1,1,2.8215,5.0,2.1785,0.5643,1,1,2,2.8215,1.9372,1,1,0,0,0.5,0.5612,0.534,0.1726,0.4582,0.4188,0.1858,0.5612,831.0,836.0,0.3139,0.3226,1.2986,1.3267,5.0,0.0087,AMBIGUOUS,0
86,43,1,2,19.7346,64.445,18.2056,18.7954,63.4001,16.7529,2.021,-0.9392,-1.0449,-1.4528,1.7895,0.9392,-0.4647,-0.517,-0.7188,0.578,1.9053,0.1666,0.21936,1.5614,2.0243,0.05276,1.3167,0,1,0,0.0,0.0,0.0,0.0,0.0,0.0,2,2,3,1,2.021,2.4712,0.4502,0.8178,2,3,3,1.594,-0.427,1,2,0,1,0.6667,0.2879,0.2346,0.1668,0.7116,0.7046,0.0998,0.7116,927.0,900.0,0.2786,0.4923,1.2892,1.4773,-27.0,0.2136,AMBIGUOUS,0
86,97,1,2,19.7346,64.445,18.2056,19.354,65.6974,20.3017,2.4712,-0.3806,1.2524,2.0961,2.4417,0.3806,-0.154,0.5068,0.8482,0.2342,6.4153,0.1666,0.15433,1.5614,1.4242,-0.01227,0.9263,0,1,0,0.0,0.0,0.0,0.0,0.0,0.0,2,2,3,2,2.021,2.021,-0.4502,1.2227,1,2,3,2.4712,1.3278,1,2,0,2,1.0,0.2879,0.2346,0.1668,0.1862,0.146,0.1156,0.2879,927.0,829.0,0.2786,0.2977,1.2892,1.3348,-98.0,0.0191,AMBIGUOUS,0
86,145,1,2,19.7346,64.445,18.2056,23.876,64.4923,18.2477,4.1418,4.1414,0.0472,0.0421,0.0632,4.1414,0.9999,0.0114,0.0102,2.5485,0.0153,0.1666,0.07432,1.5614,0.6858,-0.09229,0.4461,0,1,0,0.0,0.0,0.0,0.0,0.0,0.0,2,2,3,3,2.021,2.021,-2.1208,2.0494,0,1,4,3.3867,-0.7551,1,2,0,0,0.3333,0.2879,0.2346,0.1668,0.5103,0.499,0.1069,0.5103,927.0,530.0,0.2786,0.17,1.2892,1.2529,-397.0,-0.1087,AMBIGUOUS,0
87,73,1,2,27.8705,61.6347,13.3773,25.8534,61.1156,12.8239,2.1551,-2.0171,-0.5191,-0.5533,0.7587,2.0171,-0.936,-0.2409,-0.2568,1.2413,0.3761,0.16577,0.18612,1.5536,1.7176,0.02035,1.1228,0,1,0,0.0,0.0,0.0,0.0,0.0,0.0,1,1,1,1,2.1551,5.0,2.8449,0.431,2,2,3,2.1551,0.6923,1,3,0,1,0.5,0.2728,0.2455,0.1189,0.2902,0.1466,0.2504,0.2902,879.0,897.0,0.2744,0.3413,1.2815,1.3778,18.0,0.0669,AMBIGUOUS,0
88,75,1,2,3.5879,75.3738,77.4251,4.5796,72.9461,76.6999,2.7209,0.9917,-2.4277,-0.7252,2.5337,0.9917,0.3645,-0.8923,-0.2665,0.6103,2.5548,0.16529,0.18358,1.549,1.6942,0.0183,1.1107,1,2,1,-0.7436,2.1253,-0.5375,2.3149,4.8761,1.8744,1,2,2,1,2.7209,3.2056,0.4847,0.8488,2,4,5,1.6057,-1.1152,1,4,1,1,0.4,0.4221,0.3379,0.253,0.3548,0.2954,0.1965,0.4221,842.0,1016.0,0.2984,0.3839,1.3123,1.4449,174.0,0.0855,AMBIGUOUS,0
88,68,1,2,3.5879,75.3738,77.4251,4.4678,72.7565,79.0532,3.2056,0.88,-2.6174,1.6281,3.0824,0.88,0.2745,-0.8165,0.5079,0.5415,3.5029,0.16529,0.1924,1.549,1.7755,0.02712,1.1641,1,2,1,-0.7436,2.1253,-0.5375,2.3149,5.4606,1.9557,1,2,2,2,2.7209,2.7209,-0.4847,1.1781,2,4,5,1.7022,-1.5034,1,4,1,1,0.4,0.4221,0.3379,0.253,0.4412,0.4072,0.1698,0.4412,842.0,1003.0,0.2984,0.4129,1.3123,1.45,161.0,0.1144,AMBIGUOUS,0
90,78,1,2,85.4117,44.9628,11.9738,83.4367,45.4019,11.708,2.0406,-1.975,0.4391,-0.2658,0.5133,1.975,-0.9678,0.2152,-0.1302,1.2154,0.2599,0.16444,0.18132,1.5411,1.6733,0.01688,1.1026,0,1,0,0.0,0.0,0.0,0.0,0.0,0.0,1,1,1,1,2.0406,5.0,2.9594,0.4081,1,1,1,2.0406,2.9594,0,1,0,0,0.5,0.7504,0.7133,0.2328,0.5749,0.5617,0.1224,0.7504,593.0,651.0,0.5036,0.5868,1.4987,1.6554,58.0,0.0832,AMBIGUOUS,0
91,48,1,2,33.7802,72.1621,60.8342,34.0172,72.5209,61.1735,0.5477,0.237,0.3587,0.3393,0.4938,0.237,0.4328,0.655,0.6194,0.1459,2.0832,0.16393,0.21412,1.5363,1.976,0.0502,1.3062,0,1,0,0.0,0.0,0.0,0.0,0.0,0.0,1,1,1,1,0.5477,5.0,4.4523,0.1095,1,1,1,0.5477,4.4523,0,1,0,0,0.5,0.3901,0.3448,0.1824,0.2824,0.1078,0.2611,0.3901,754.0,816.0,0.4729,0.5591,1.4299,1.5587,62.0,0.0862,AMBIGUOUS,0
92,63,1,2,30.5135,61.5125,10.3955,33.1079,59.574,7.6918,4.2189,2.5944,-1.9385,-2.7037,3.3269,2.5944,0.615,-0.4595,-0.6409,1.5965,1.2823,0.16258,0.19705,1.5236,1.8184,0.03448,1.212,0,1,0,0.0,0.0,0.0,0.0,0.0,0.0,0,0,1,1,4.2189,5.0,0.7811,0.8438,0,0,1,4.2189,0.7811,0,3,0,0,0.25,0.4325,0.3615,0.2374,0.6255,0.6079,0.1473,0.6255,832.0,889.0,0.28,0.375,1.2718,1.3666,57.0,0.095,AMBIGUOUS,0
93,120,1,2,4.927,74.3763,98.2262,3.0052,74.5236,98.5599,1.9561,-1.9218,0.1473,0.3337,0.3648,1.9218,-0.9825,0.0753,0.1706,1.1827,0.1898,0.16249,0.12055,1.5229,1.1125,-0.04194,0.7419,0,1,0,0.0,0.0,0.0,0.0,0.0,0.0,1,1,2,1,1.9561,4.2298,2.2737,0.4625,1,2,3,1.9561,1.5043,0,2,0,1,0.6667,0.1059,0.052,0.0923,0.3428,0.2448,0.24,0.3428,877.0,732.0,0.2933,0.2478,1.2785,1.2379,-145.0,-0.0455,AMBIGUOUS,0
93,135,1,2,4.927,74.3763,98.2262,3.6911,75.2672,94.2803,4.2298,-1.2359,0.8909,-3.9459,4.0452,1.2359,-0.2922,0.2106,-0.9329,0.7606,3.273,0.16249,0.08822,1.5229,0.8141,-0.07428,0.5429,0,1,0,0.0,0.0,0.0,0.0,0.0,0.0,1,1,2,2,1.9561,1.9561,-2.2737,2.1623,1,1,2,0.8777,-3.3521,0,2,0,1,0.6667,0.1059,0.052,0.0923,0.4558,0.4411,0.1151,0.4558,877.0,597.0,0.2933,0.2111,1.2785,1.2142,-280.0,-0.0822,AMBIGUOUS,0
94,87,1,2,33.7453,73.5254,96.0689,30.8364,72.7189,95.7222,3.0386,-2.909,-0.8065,-0.3466,0.8779,2.909,-0.9574,-0.2654,-0.1141,1.7901,0.3018,0.16157,0.17052,1.5142,1.5736,0.00895,1.0554,0,1,0,0.0,0.0,0.0,0.0,0.0,0.0,0,1,2,1,3.0386,4.1995,1.1609,0.7236,0,1,1,3.0386,1.9614,0,1,0,1,1.0,0.4263,0.3797,0.1939,0.1576,0.0386,0.1528,0.4263,686.0,790.0,0.3942,0.3498,1.3672,1.3492,104.0,-0.0444,AMBIGUOUS,0
94,80,1,2,33.7453,73.5254,96.0689,32.3029,73.8339,100.0008,4.1995,-1.4425,0.3085,3.9319,3.944,1.4425,-0.3435,0.0735,0.9363,0.8877,2.7341,0.16157,0.17841,1.5142,1.6464,0.01684,1.1042,0,1,0,0.0,0.0,0.0,0.0,0.0,0.0,0,1,2,2,3.0386,3.0386,-1.1609,1.3821,1,1,2,2.1345,-2.065,0,1,0,1,1.0,0.4263,0.3797,0.1939,0.2315,0.1971,0.1214,0.4263,686.0,740.0,0.3942,0.4113,1.3672,1.4304,54.0,0.0171,AMBIGUOUS,0
95,91,1,2,4.6789,72.6835,43.6094,3.0802,72.5492,43.7598,1.6114,-1.5988,-0.1344,0.1504,0.2017,1.5988,-0.9921,-0.0834,0.0933,0.9839,0.1262,0.16105,0.16138,1.5093,1.4893,0.00033,1.0021,0,1,0,0.0,0.0,0.0,0.0,0.0,0.0,1,1,2,1,1.6114,4.7826,3.1712,0.3369,1,2,3,1.6114,1.9757,0,2,0,1,0.6667,0.2439,0.1961,0.145,0.2662,0.1698,0.205,0.2662,858.0,917.0,0.2811,0.2897,1.2501,1.2668,59.0,0.0086,AMBIGUOUS,0
95,95,1,2,4.6789,72.6835,43.6094,1.8074,68.946,44.4207,4.7826,-2.8716,-3.7375,0.8113,3.8246,2.8716,-0.6004,-0.7815,0.1696,1.7671,1.3319,0.16105,0.1556,1.5093,1.4359,-0.00545,0.9661,0,1,0,0.0,0.0,0.0,0.0,0.0,0.0,1,1,2,2,1.6114,1.6114,-3.1712,2.9679,1,1,2,1.8788,-2.9038,0,2,0,1,0.6667,0.2439,0.1961,0.145,0.2574,0.1824,0.1817,0.2574,858.0,887.0,0.2811,0.2911,1.2501,1.2764,29.0,0.01,AMBIGUOUS,0
96,73,1,2,30.5229,61.5023,13.8895,25.8534,61.1156,12.8239,4.8051,-4.6695,-0.3867,-1.0656,1.1336,4.6695,-0.9718,-0.0805,-0.2218,2.8735,0.2428,0.16101,0.18612,1.5089,1.7176,0.02511,1.156,1,2,1,-2.0805,-1.232,0.8061,2.5488,3.3046,0.238,0,0,1,1,4.8051,5.0,0.1949,0.961,2,2,3,2.1551,-2.65,1,2,0,1,0.6667,0.3938,0.3521,0.1763,0.2902,0.1466,0.2504,0.3938,830.0,897.0,0.282,0.3413,1.3195,1.3778,67.0,0.0592,AMBIGUOUS,0
97,84,1,2,65.4647,65.8169,66.7485,63.9782,65.8562,66.5315,1.5028,-1.4865,0.0394,-0.217,0.2205,1.4865,-0.9892,0.0262,-0.1444,0.9148,0.1483,0.159,0.17351,1.4901,1.6012,0.01451,1.0913,0,1,0,0.0,0.0,0.0,0.0,0.0,0.0,1,1,1,1,1.5028,5.0,3.4972,0.3006,1,1,1,1.5028,3.4972,0,0,0,0,1.0,0.4808,0.4647,0.1236,0.6119,0.6032,0.1032,0.6119,606.0,678.0,0.4246,0.4596,1.4788,1.4655,72.0,0.035,AMBIGUOUS,0
98,79,1,2,30.4869,66.3012,34.5871,26.9532,67.3642,36.9167,4.364,-3.5338,1.063,2.3297,2.5607,3.5338,-0.8097,0.2436,0.5338,2.1746,0.7246,0.15707,0.17994,1.472,1.6605,0.02287,1.1456,0,1,0,0.0,0.0,0.0,0.0,0.0,0.0,0,0,1,1,4.364,5.0,0.636,0.8728,0,0,2,4.029,-0.3351,0,1,0,0,0.5,0.4006,0.3881,0.0996,0.6778,0.6718,0.0899,0.6778,749.0,785.0,0.325,0.3729,1.3505,1.3843,36.0,0.0479,AMBIGUOUS,0
99,82,1,2,35.8324,63.075,23.7626,33.3655,62.818,23.0655,2.5764,-2.4669,-0.257,-0.6971,0.743,2.4669,-0.9575,-0.0998,-0.2706,1.5181,0.3012,0.15697,0.17738,1.4711,1.6369,0.02041,1.13,0,1,0,0.0,0.0,0.0,0.0,0.0,0.0,1,1,2,1,2.5764,4.615,2.0386,0.5583,1,1,1,2.5764,2.4236,0,1,0,0,0.5,0.2411,0.0824,0.2266,0.7796,0.7595,0.176,0.7796,829.0,796.0,0.3056,0.3597,1.2924,1.3244,-33.0,0.0542,AMBIGUOUS,0
99,139,1,2,35.8324,63.075,23.7626,39.1281,65.1806,26.2127,4.615,3.2957,2.1056,2.4501,3.2305,3.2957,0.7141,0.4563,0.5309,2.0281,0.9802,0.15697,0.08648,1.4711,0.7981,-0.07049,0.5509,0,1,0,0.0,0.0,0.0,0.0,0.0,0.0,1,1,2,2,2.5764,2.5764,-2.0386,1.7912,1,1,2,0.7401,-3.8748,0,1,0,0,0.5,0.2411,0.0824,0.2266,0.2941,0.1281,0.2647,0.2941,829.0,570.0,0.3056,0.2507,1.2924,1.2721,-259.0,-0.0549,AMBIGUOUS,0
100,103,1,2,9.3931,63.5979,15.853,7.7465,64.2956,16.5266,1.911,-1.6466,0.6977,0.6736,0.9698,1.6466,-0.8617,0.3651,0.3525,1.0133,0.589,0.15146,0.14081,1.4194,1.2994,-0.01065,0.9297,0,1,0,0.0,0.0,0.0,0.0,0.0,0.0,1,1,2,1,1.911,4.0509,2.1399,0.4717,1,2,2,1.911,1.9186,0,1,1,1,1.0,0.4013,0.3569,0.1836,0.4144,0.3785,0.1688,0.4144,805.0,737.0,0.271,0.2706,1.2612,1.3056,-68.0,-0.0004,AMBIGUOUS,0
100,108,1,2,9.3931,63.5979,15.853,5.4379,64.1959,16.4917,4.0509,-3.9553,0.5981,0.6387,0.875,3.9553,-0.9764,0.1476,0.1577,2.434,0.2212,0.15146,0.13064,1.4194,1.2056,-0.02081,0.8626,0,1,0,0.0,0.0,0.0,0.0,0.0,0.0,1,1,2,2,1.911,1.911,-2.1399,2.1198,0,0,1,4.0509,0.9491,0,1,1,1,1.0,0.4013,0.3569,0.1836,0.5865,0.5629,0.1648,0.5865,805.0,826.0,0.271,0.2285,1.2612,1.2207,21.0,-0.0426,AMBIGUOUS,0
101,105,1,2,79.058,57.6181,54.3649,76.3308,58.1484,56.4536,3.4759,-2.7272,0.5302,2.0887,2.155,2.7272,-0.7846,0.1525,0.6009,1.6783,0.7902,0.15094,0.13499,1.4146,1.2457,-0.01595,0.8943,0,1,0,0.0,0.0,0.0,0.0,0.0,0.0,0,1,1,1,3.4759,5.0,1.5241,0.6952,0,2,2,3.3193,-0.1566,0,0,0,0,1.0,0.5758,0.567,0.1004,0.0719,0.0442,0.0567,0.5758,567.0,522.0,0.493,0.4914,1.5085,1.4583,-45.0,-0.0015,AMBIGUOUS,0
102,104,1,2,5.3305,69.66,67.5328,4.394,69.9834,66.7578,1.2578,-0.9365,0.3234,-0.7749,0.8397,0.9365,-0.7445,0.2571,-0.6161,0.5763,0.8966,0.14896,0.13646,1.396,1.2593,-0.0125,0.9161,0,1,0,0.0,0.0,0.0,0.0,0.0,0.0,1,1,1,1,1.2578,5.0,3.7422,0.2516,2,3,3,1.2578,0.8482,2,2,0,0,0.3333,0.5031,0.4555,0.2136,0.5106,0.481,0.1714,0.5106,832.0,813.0,0.2689,0.2829,1.287,1.2723,-19.0,0.014,AMBIGUOUS,0
104,64,1,2,52.8655,66.3731,50.3287,48.4235,66.8611,49.9747,4.4826,-4.4419,0.488,-0.3539,0.6029,4.4419,-0.9909,0.1089,-0.079,2.7335,0.1357,0.14806,0.19571,1.3876,1.806,0.04765,1.3218,0,1,0,0.0,0.0,0.0,0.0,0.0,0.0,0,0,2,1,4.4826,4.4977,0.0151,0.9966,1,1,2,0.6192,-3.8634,0,2,0,1,0.6667,0.7764,0.7595,0.1611,0.3682,0.3265,0.1703,0.7764,692.0,783.0,0.3239,0.4268,1.4011,1.4416,91.0,0.1029,AMBIGUOUS,0
104,23,1,2,52.8655,66.3731,50.3287,50.0505,66.3901,46.8207,4.4977,-2.8149,0.0171,-3.5079,3.508,2.8149,-0.6259,0.0038,-0.7799,1.7323,1.2462,0.14806,0.24072,1.3876,2.2214,0.09266,1.6258,0,1,0,0.0,0.0,0.0,0.0,0.0,0.0,0,0,2,2,4.4826,4.4826,-0.0151,1.0034,0,2,3,3.202,-1.2958,0,2,0,1,0.6667,0.7764,0.7595,0.1611,0.3809,0.3245,0.1994,0.7764,692.0,875.0,0.3239,0.4961,1.4011,1.4943,183.0,0.1723,AMBIGUOUS,0
105,104,1,2,5.2454,71.9094,66.7228,4.394,69.9834,66.7578,2.1061,-0.8514,-1.926,0.0351,1.9263,0.8514,-0.4042,-0.9145,0.0167,0.5239,2.2626,0.14752,0.13646,1.3825,1.2593,-0.01105,0.9251,0,1,0,0.0,0.0,0.0,0.0,0.0,0.0,1,1,1,1,2.1061,5.0,2.8939,0.4212,2,3,3,1.2578,-0.8482,2,2,0,0,0.3333,0.3831,0.3704,0.0978,0.5106,0.481,0.1714,0.5106,817.0,813.0,0.239,0.2829,1.219,1.2723,-4.0,0.0439,AMBIGUOUS,0
106,126,1,2,18.1714,68.6129,54.6127,13.571,68.0502,54.7062,4.6356,-4.6003,-0.5627,0.0935,0.5704,4.6003,-0.9924,-0.1214,0.0202,2.831,0.124,0.14666,0.10948,1.3745,1.0103,-0.03718,0.7465,0,1,0,0.0,0.0,0.0,0.0,0.0,0.0,0,0,1,1,4.6356,5.0,0.3644,0.9271,0,0,1,4.6356,0.3644,0,1,0,1,1.0,0.347,0.2964,0.1805,0.6204,0.571,0.2426,0.6204,652.0,566.0,0.3736,0.2837,1.3644,1.2786,-86.0,-0.0899,AMBIGUOUS,0
107,91,1,2,7.5562,72.6665,42.3214,3.0802,72.5492,43.7598,4.703,-4.476,-0.1174,1.4385,1.4432,4.476,-0.9517,-0.025,0.3059,2.7545,0.3224,0.14563,0.16138,1.3648,1.4893,0.01575,1.1081,0,1,0,0.0,0.0,0.0,0.0,0.0,0.0,0,0,1,1,4.703,5.0,0.297,0.9406,1,2,3,1.6114,-3.0915,0,1,0,1,1.0,0.5756,0.5688,0.0884,0.2662,0.1698,0.205,0.5756,810.0,917.0,0.2568,0.2897,1.235,1.2668,107.0,0.0329,AMBIGUOUS,0
108,139,1,2,38.6885,64.7542,26.6284,39.1281,65.1806,26.2127,0.7401,0.4396,0.4263,-0.4157,0.5954,0.4396,0.5939,0.5761,-0.5616,0.2705,1.3545,0.14458,0.08648,1.355,0.7981,-0.0581,0.5981,0,1,0,0.0,0.0,0.0,0.0,0.0,0.0,1,1,1,1,0.7401,5.0,4.2599,0.148,1,1,2,0.7401,3.8748,0,1,0,0,0.5,0.3958,0.3115,0.2443,0.2941,0.1281,0.2647,0.3958,766.0,570.0,0.306,0.2507,1.3526,1.2721,-196.0,-0.0553,AMBIGUOUS,0
109,125,1,2,55.4795,70.8027,84.1047,55.8529,70.677,85.1518,1.1188,0.3734,-0.1256,1.0472,1.0547,0.3734,0.3337,-0.1123,0.936,0.2298,2.8248,0.14456,0.11116,1.3548,1.0258,-0.0334,0.7689,1,2,1,1.3453,-0.0567,2.1412,2.5294,1.465,0.0277,1,2,2,1,1.1188,3.6797,2.5609,0.304,2,2,2,1.1188,0.0066,1,1,0,1,1.0,0.257,0.2295,0.1157,0.624,0.6029,0.161,0.624,677.0,478.0,0.3613,0.4031,1.3609,1.4458,-199.0,0.0418,AMBIGUOUS,0
109,128,1,2,55.4795,70.8027,84.1047,56.1884,70.3533,80.522,3.6797,0.7089,-0.4493,-3.5827,3.6107,0.7089,0.1927,-0.1221,-0.9736,0.4362,5.0935,0.14456,0.10278,1.3548,0.9485,-0.04178,0.711,1,2,1,1.3453,-0.0567,2.1412,2.5294,5.7725,1.719,1,2,2,2,1.1188,1.1188,-2.5609,3.2889,0,1,1,3.6797,1.3203,1,1,0,1,1.0,0.257,0.2295,0.1157,0.6955,0.6866,0.1111,0.6955,677.0,459.0,0.3613,0.3948,1.3609,1.4498,-218.0,0.0335,AMBIGUOUS,0
110,96,1,2,22.6895,66.1008,22.0749,19.1572,66.1559,23.416,3.7787,-3.5323,0.0551,1.3411,1.3422,3.5323,-0.9348,0.0146,0.3549,2.1737,0.38,0.14418,0.15534,1.3512,1.4335,0.01116,1.0774,0,1,0,0.0,0.0,0.0,0.0,0.0,0.0,0,2,3,1,3.7787,3.799,0.0203,0.9947,0,1,1,3.7787,1.2213,0,0,0,1,2.0,0.1909,0.0605,0.1811,0.378,0.3428,0.1594,0.378,681.0,670.0,0.3418,0.4291,1.4146,1.4744,-11.0,0.0872,AMBIGUOUS,0
110,97,1,2,22.6895,66.1008,22.0749,19.354,65.6974,20.3017,3.799,-3.3355,-0.4035,-1.7732,1.8185,3.3355,-0.878,-0.1062,-0.4668,2.0526,0.5452,0.14418,0.15433,1.3512,1.4242,0.01015,1.0704,0,1,0,0.0,0.0,0.0,0.0,0.0,0.0,0,2,3,2,3.7787,3.7787,-0.0203,1.0054,1,2,3,2.4712,-1.3278,0,0,0,2,3.0,0.1909,0.0605,0.1811,0.1862,0.146,0.1156,0.1909,681.0,829.0,0.3418,0.2977,1.4146,1.3348,148.0,-0.0441,AMBIGUOUS,0
110,145,1,2,22.6895,66.1008,22.0749,23.876,64.4923,18.2477,4.3178,1.1865,-1.6086,-3.8272,4.1515,1.1865,0.2748,-0.3726,-0.8864,0.7301,3.499,0.14418,0.07432,1.3512,0.6858,-0.06986,0.5155,0,1,0,0.0,0.0,0.0,0.0,0.0,0.0,0,2,3,3,3.7787,3.7787,-0.539,1.1426,0,1,4,3.3867,-0.931,0,0,0,0,1.0,0.1909,0.0605,0.1811,0.5103,0.499,0.1069,0.5103,681.0,530.0,0.3418,0.17,1.4146,1.2529,-151.0,-0.1719,AMBIGUOUS,0
113,125,1,2,56.8663,70.8979,85.5886,55.8529,70.677,85.1518,1.1254,-1.0134,-0.2209,-0.4368,0.4894,1.0134,-0.9005,-0.1963,-0.3881,0.6236,0.483,0.14176,0.11116,1.3285,1.0258,-0.0306,0.7842,0,1,0,0.0,0.0,0.0,0.0,0.0,0.0,1,1,1,1,1.1254,5.0,3.8746,0.2251,2,2,2,1.1188,-0.0066,1,1,0,1,1.0,0.2353,0.0087,0.2352,0.624,0.6029,0.161,0.624,597.0,478.0,0.3842,0.4031,1.3812,1.4458,-119.0,0.0189,AMBIGUOUS,0
114,62,1,2,35.5848,70.8024,77.1488,34.0047,71.1025,74.0488,3.4924,-1.5801,0.3001,-3.1,3.1145,1.5801,-0.4524,0.0859,-0.8876,0.9724,1.971,0.14165,0.19844,1.3275,1.8312,0.05679,1.4009,0,1,0,0.0,0.0,0.0,0.0,0.0,0.0,0,1,1,1,3.4924,5.0,1.5076,0.6985,1,2,3,1.9874,-1.505,0,1,0,0,0.5,0.2049,0.1652,0.1212,0.1642,0.1203,0.1117,0.2049,723.0,886.0,0.3123,0.3749,1.3584,1.3685,163.0,0.0626,AMBIGUOUS,0
115,95,1,2,3.6577,69.0256,44.1045,1.8074,68.946,44.4207,1.8788,-1.8503,-0.0796,0.3162,0.3261,1.8503,-0.9848,-0.0424,0.1683,1.1386,0.1762,0.14065,0.1556,1.3181,1.4359,0.01495,1.1063,0,1,0,0.0,0.0,0.0,0.0,0.0,0.0,1,2,2,1,1.8788,3.5872,1.7083,0.5238,1,1,2,1.8788,2.9038,0,2,0,1,0.6667,0.4459,0.4077,0.1806,0.2574,0.1824,0.1817,0.4459,826.0,887.0,0.2592,0.2911,1.2404,1.2764,61.0,0.032,AMBIGUOUS,0
115,91,1,2,3.6577,69.0256,44.1045,3.0802,72.5492,43.7598,3.5872,-0.5775,3.5235,-0.3447,3.5404,0.5775,-0.161,0.9823,-0.0961,0.3554,6.1306,0.14065,0.16138,1.3181,1.4893,0.02073,1.1474,0,1,0,0.0,0.0,0.0,0.0,0.0,0.0,1,2,2,2,1.8788,1.8788,-1.7083,1.9093,1,2,3,1.6114,-1.9757,0,2,0,1,0.6667,0.4459,0.4077,0.1806,0.2662,0.1698,0.205,0.4459,826.0,917.0,0.2592,0.2897,1.2404,1.2668,91.0,0.0306,AMBIGUOUS,0
116,121,1,2,19.2575,61.1395,4.7986,15.6706,61.4578,5.5565,3.6799,-3.5869,0.3184,0.7579,0.8221,3.5869,-0.9747,0.0865,0.206,2.2073,0.2292,0.14055,0.11912,1.3172,1.0992,-0.02143,0.8475,0,1,0,0.0,0.0,0.0,0.0,0.0,0.0,0,1,2,1,3.6799,4.6048,0.9249,0.7991,0,1,1,3.6799,1.3201,0,2,1,3,1.3333,0.3247,0.2425,0.2159,0.6049,0.5794,0.1737,0.6049,741.0,655.0,0.3074,0.2546,1.3185,1.3169,-86.0,-0.0528,AMBIGUOUS,0
116,100,1,2,19.2575,61.1395,4.7986,15.8049,61.0829,1.752,4.6048,-3.4525,-0.0565,-3.0466,3.0471,3.4525,-0.7498,-0.0123,-0.6616,2.1246,0.8826,0.14055,0.14894,1.3172,1.3744,0.00839,1.0597,0,1,0,0.0,0.0,0.0,0.0,0.0,0.0,0,1,2,2,3.6799,3.6799,-0.9249,1.2514,0,1,2,3.6333,-0.9716,0,2,1,2,1.0,0.3247,0.2425,0.2159,0.4851,0.4451,0.1931,0.4851,741.0,835.0,0.3074,0.2833,1.3185,1.3268,94.0,-0.024,AMBIGUOUS,0
117,117,1,2,32.8741,65.4333,28.1993,32.3344,65.5581,28.0971,0.5633,-0.5397,0.1248,-0.1022,0.1613,0.5397,-0.9581,0.2216,-0.1815,0.3321,0.2989,0.13885,0.1214,1.3013,1.1203,-0.01745,0.8743,0,1,0,0.0,0.0,0.0,0.0,0.0,0.0,1,2,2,1,0.5633,3.3798,2.8165,0.1667,1,1,1,0.5633,4.4367,0,0,1,1,2.0,0.411,0.3741,0.1702,0.2342,0.1656,0.1655,0.411,748.0,654.0,0.2722,0.2645,1.3052,1.2889,-94.0,-0.0077,AMBIGUOUS,0
117,118,1,2,32.8741,65.4333,28.1993,29.5837,65.2518,27.4488,3.3798,-3.2904,-0.1815,-0.7506,0.7722,3.2904,-0.9735,-0.0537,-0.2221,2.0249,0.2347,0.13885,0.12108,1.3013,1.1173,-0.01777,0.872,0,1,0,0.0,0.0,0.0,0.0,0.0,0.0,1,2,2,2,0.5633,0.5633,-2.8165,5.9996,0,1,1,3.3798,1.6202,0,0,1,1,2.0,0.411,0.3741,0.1702,0.4078,0.3337,0.2343,0.411,748.0,711.0,0.2722,0.248,1.3052,1.2819,-37.0,-0.0242,AMBIGUOUS,0
118,71,1,2,64.5197,70.9468,101.2748,59.993,71.055,99.4728,4.8734,-4.5267,0.1083,-1.802,1.8052,4.5267,-0.9289,0.0222,-0.3698,2.7857,0.3988,0.13767,0.18891,1.2902,1.7433,0.05124,1.3722,0,1,0,0.0,0.0,0.0,0.0,0.0,0.0,0,0,1,1,4.8734,5.0,0.1266,0.9747,0,0,1,4.8734,0.1266,0,0,0,0,1.0,0.5161,0.4803,0.1888,0.1494,0.132,0.0701,0.5161,588.0,734.0,0.4225,0.5263,1.4327,1.5392,146.0,0.1038,AMBIGUOUS,0
119,152,1,2,23.9143,70.473,47.0968,27.4011,72.5011,46.6623,4.057,3.4867,2.0281,-0.4345,2.0741,3.4867,0.8594,0.4999,-0.1071,2.1457,0.5948,0.1356,0.06188,1.2708,0.5711,-0.07371,0.4564,0,1,0,0.0,0.0,0.0,0.0,0.0,0.0,0,0,2,1,4.057,4.4747,0.4177,0.9067,0,0,1,4.057,0.943,0,0,0,0,1.0,0.4998,0.4607,0.1938,0.2981,0.2239,0.1968,0.4998,557.0,474.0,0.385,0.1655,1.4218,1.1584,-83.0,-0.2196,AMBIGUOUS,0
119,99,1,2,23.9143,70.473,47.0968,19.5054,70.8987,47.7321,4.4747,-4.4089,0.4257,0.6352,0.7647,4.4089,-0.9853,0.0951,0.142,2.7132,0.1734,0.1356,0.15139,1.2708,1.397,0.01579,1.1165,0,1,0,0.0,0.0,0.0,0.0,0.0,0.0,0,0,2,2,4.057,4.057,-0.4177,1.103,1,1,3,2.7492,-1.7255,0,0,0,0,1.0,0.4998,0.4607,0.1938,0.28,0.0054,0.28,0.4998,557.0,681.0,0.385,0.3482,1.4218,1.3605,124.0,-0.0369,AMBIGUOUS,0
120,149,1,2,16.0046,71.864,62.2137,15.7752,72.6363,63.574,1.581,-0.2294,0.7723,1.3603,1.5643,0.2294,-0.1451,0.4885,0.8604,0.1411,6.8199,0.13462,0.06765,1.2616,0.6243,-0.06696,0.5026,0,1,0,0.0,0.0,0.0,0.0,0.0,0.0,1,2,3,1,1.581,3.476,1.895,0.4548,1,2,2,1.581,2.3164,0,0,0,3,4.0,0.2556,0.2454,0.0713,0.5214,0.4748,0.2154,0.5214,727.0,490.0,0.2885,0.189,1.2748,1.2048,-237.0,-0.0994,AMBIGUOUS,0
120,147,1,2,16.0046,71.864,62.2137,14.4808,73.8628,59.8126,3.476,-1.5238,1.9988,-2.4011,3.1242,1.5238,-0.4384,0.575,-0.6908,0.9377,2.0503,0.13462,0.06852,1.2616,0.6323,-0.0661,0.509,0,1,0,0.0,0.0,0.0,0.0,0.0,0.0,1,2,3,2,1.581,1.581,-1.895,2.1986,0,1,1,3.476,1.524,0,0,0,2,3.0,0.2556,0.2454,0.0713,0.1876,0.1442,0.12,0.2556,727.0,448.0,0.2885,0.2094,1.2748,1.1968,-279.0,-0.0791,AMBIGUOUS,0
120,130,1,2,16.0046,71.864,62.2137,11.417,71.9292,63.1783,4.6883,-4.5876,0.0652,0.9646,0.9668,4.5876,-0.9785,0.0139,0.2057,2.8231,0.2107,0.13462,0.10021,1.2616,0.9248,-0.03441,0.7444,0,1,0,0.0,0.0,0.0,0.0,0.0,0.0,1,2,3,3,1.581,1.581,-3.1074,2.9655,0,0,1,4.6883,0.3117,0,0,0,2,3.0,0.2556,0.2454,0.0713,0.2025,0.042,0.198,0.2556,727.0,597.0,0.2885,0.2342,1.2748,1.2276,-130.0,-0.0542,AMBIGUOUS,0
121,114,1,2,16.1541,72.5729,67.4525,14.4523,73.1536,67.7634,1.8249,-1.7018,0.5807,0.311,0.6587,1.7018,-0.9326,0.3182,0.1704,1.0473,0.3871,0.1345,0.12383,1.2605,1.1427,-0.01067,0.9207,1,2,1,-1.5563,1.1182,-0.0889,1.9184,0.6856,0.0659,1,2,4,1,1.8249,3.8974,2.0725,0.4682,1,1,1,1.8249,3.1751,0,0,0,2,3.0,0.1752,0.0959,0.1466,0.1926,0.1727,0.0852,0.1926,761.0,752.0,0.2675,0.2501,1.2297,1.2143,-9.0,-0.0174,AMBIGUOUS,0
121,149,1,2,16.1541,72.5729,67.4525,15.7752,72.6363,63.574,3.8974,-0.3789,0.0634,-3.8784,3.8789,0.3789,-0.0972,0.0163,-0.9951,0.2331,10.2385,0.1345,0.06765,1.2605,0.6243,-0.06685,0.503,1,2,1,-1.5563,1.1182,-0.0889,1.9184,4.1061,0.8656,1,2,4,2,1.8249,1.8249,-2.0725,2.1357,1,2,2,1.581,-2.3164,0,0,0,3,4.0,0.1752,0.0959,0.1466,0.5214,0.4748,0.2154,0.5214,761.0,490.0,0.2675,0.189,1.2297,1.2048,-271.0,-0.0784,AMBIGUOUS,0
121,138,1,2,16.1541,72.5729,67.4525,14.7283,73.7971,71.0995,4.1028,-1.4258,1.2243,3.6471,3.8471,1.4258,-0.3475,0.2984,0.8889,0.8774,2.6983,0.1345,0.08651,1.2605,0.7983,-0.04799,0.6432,1,2,1,-1.5563,1.1182,-0.0889,1.9184,3.7397,0.5853,1,2,4,3,1.8249,1.8249,-2.2779,2.2483,0,0,1,4.1028,0.8972,0,0,0,1,2.0,0.1752,0.0959,0.1466,0.1744,0.1033,0.1405,0.1752,761.0,594.0,0.2675,0.1995,1.2297,1.2442,-167.0,-0.068,AMBIGUOUS,0
121,107,1,2,16.1541,72.5729,67.4525,19.38,71.2825,70.9596,4.9368,3.226,-1.2904,3.5071,3.737,3.226,0.6535,-0.2614,0.7104,1.9852,1.1584,0.1345,0.13328,1.2605,1.2299,-0.00122,0.9909,1,2,1,-1.5563,1.1182,-0.0889,1.9184,6.45,1.7154,1,2,4,4,1.8249,1.8249,-3.1119,2.7053,1,1,2,2.1056,-2.8312,0,0,0,0,1.0,0.1752,0.0959,0.1466,0.2608,0.12,0.2315,0.2608,761.0,705.0,0.2675,0.2796,1.2297,1.2994,-56.0,0.0121,AMBIGUOUS,0
122,100,1,2,19.3793,60.4319,1.7271,15.8049,61.0829,1.752,3.6333,-3.5744,0.651,0.025,0.6515,3.5744,-0.9838,0.1792,0.0069,2.1996,0.1823,0.134,0.14894,1.2558,1.3744,0.01494,1.1115,0,1,0,0.0,0.0,0.0,0.0,0.0,0.0,0,1,1,1,3.6333,5.0,1.3667,0.7267,0,1,2,3.6333,0.9716,0,2,1,2,1.0,0.1867,0.1207,0.1424,0.4851,0.4451,0.1931,0.4851,798.0,835.0,0.2748,0.2833,1.2698,1.3268,37.0,0.0086,AMBIGUOUS,0
124,105,1,2,77.7842,58.9679,59.3231,76.3308,58.1484,56.4536,3.3193,-1.4535,-0.8195,-2.8694,2.9841,1.4535,-0.4379,-0.2469,-0.8645,0.8944,2.0531,0.13319,0.13499,1.2482,1.2457,0.0018,1.0135,0,1,0,0.0,0.0,0.0,0.0,0.0,0.0,0,2,2,1,3.3193,3.7293,0.41,0.8901,0,2,2,3.3193,0.1566,1,1,0,0,0.5,0.2247,0.2158,0.0625,0.0719,0.0442,0.0567,0.2247,553.0,522.0,0.4479,0.4914,1.4201,1.4583,-31.0,0.0435,AMBIGUOUS,0
124,102,1,2,77.7842,58.9679,59.3231,74.7967,59.5325,61.4826,3.7293,-2.9875,0.5647,2.1596,2.2322,2.9875,-0.8011,0.1514,0.5791,1.8385,0.7472,0.13319,0.14346,1.2482,1.3239,0.01027,1.0771,0,1,0,0.0,0.0,0.0,0.0,0.0,0.0,0,2,2,2,3.3193,3.3193,-0.41,1.1235,1,2,2,2.7784,-0.951,1,1,0,0,0.5,0.2247,0.2158,0.0625,0.2369,0.0467,0.2323,0.2369,553.0,549.0,0.4479,0.469,1.4201,1.4574,-4.0,0.0211,AMBIGUOUS,0
125,132,1,2,75.8792,56.0062,17.7074,76.8996,57.4891,18.8311,2.122,1.0205,1.4829,1.1237,1.8606,1.0205,0.4809,0.6988,0.5295,0.628,1.8232,0.13301,0.09553,1.2465,0.8816,-0.03748,0.7182,0,1,0,0.0,0.0,0.0,0.0,0.0,0.0,2,3,3,1,2.122,2.794,0.6719,0.7595,1,3,3,2.122,1.0412,0,1,0,3,2.0,0.5264,0.4958,0.1768,0.579,0.5246,0.2449,0.579,629.0,601.0,0.268,0.2694,1.3461,1.2851,-28.0,0.0014,AMBIGUOUS,0
125,148,1,2,75.8792,56.0062,17.7074,75.992,57.0871,15.1335,2.794,0.1129,1.081,-2.5739,2.7917,0.1129,0.0404,0.3869,-0.9212,0.0695,24.7364,0.13301,0.06834,1.2465,0.6307,-0.06467,0.5138,0,1,0,0.0,0.0,0.0,0.0,0.0,0.0,2,3,3,2,2.122,2.122,-0.6719,1.3166,1,1,2,2.794,1.6154,0,1,0,2,1.5,0.5264,0.4958,0.1768,0.4414,0.383,0.2194,0.5264,629.0,401.0,0.268,0.2435,1.3461,1.3775,-228.0,-0.0245,AMBIGUOUS,0
125,51,1,2,75.8792,56.0062,17.7074,72.4762,56.0381,17.9308,3.4104,-3.4029,0.032,0.2234,0.2257,3.4029,-0.9978,0.0094,0.0655,2.0941,0.0663,0.13301,0.21238,1.2465,1.9599,0.07937,1.5967,0,1,0,0.0,0.0,0.0,0.0,0.0,0.0,2,3,3,3,2.122,2.122,-1.2884,1.6071,2,3,5,1.6029,-1.8074,0,1,0,4,2.5,0.5264,0.4958,0.1768,0.6516,0.6488,0.0609,0.6516,629.0,877.0,0.268,0.4126,1.3461,1.4616,248.0,0.1445,AMBIGUOUS,0
126,99,1,2,18.9868,69.235,45.6059,19.5054,70.8987,47.7321,2.7492,0.5187,1.6637,2.1262,2.6998,0.5187,0.1887,0.6052,0.7734,0.3192,5.205,0.13229,0.15139,1.2398,1.397,0.0191,1.1444,0,1,0,0.0,0.0,0.0,0.0,0.0,0.0,1,2,2,1,2.7492,3.7678,1.0187,0.7296,1,1,3,2.7492,1.7255,0,0,0,0,1.0,0.5517,0.5132,0.2024,0.28,0.0054,0.28,0.5517,667.0,681.0,0.329,0.3482,1.335,1.3605,14.0,0.0192,AMBIGUOUS,0
126,143,1,2,18.9868,69.235,45.6059,17.6657,68.9151,42.0917,3.7678,-1.321,-0.3199,-3.5141,3.5287,1.321,-0.3506,-0.0849,-0.9327,0.813,2.6711,0.13229,0.07593,1.2398,0.7007,-0.05636,0.574,0,1,0,0.0,0.0,0.0,0.0,0.0,0.0,1,2,2,2,2.7492,2.7492,-1.0187,1.3705,0,1,1,3.7678,1.2322,0,0,0,0,1.0,0.5517,0.5132,0.2024,0.301,0.2093,0.2163,0.5517,667.0,511.0,0.329,0.2311,1.335,1.3116,-156.0,-0.0979,AMBIGUOUS,0
127,61,1,2,100.5807,65.1005,97.0749,99.5748,64.9727,95.5761,1.8096,-1.0059,-0.1278,-1.4988,1.5043,1.0059,-0.5559,-0.0706,-0.8283,0.619,1.4954,0.13186,0.19926,1.2357,1.8388,0.0674,1.5111,0,1,0,0.0,0.0,0.0,0.0,0.0,0.0,2,2,2,1,1.8096,2.3577,0.5481,0.7675,1,1,1,1.8096,3.1904,0,0,0,1,2.0,0.1978,0.1693,0.1023,0.4632,0.4498,0.1108,0.4632,609.0,782.0,0.349,0.4685,1.3243,1.5017,173.0,0.1195,AMBIGUOUS,0
127,45,1,2,100.5807,65.1005,97.0749,99.5924,65.5173,99.1745,2.3577,-0.9883,0.4168,2.0996,2.1406,0.9883,-0.4192,0.1768,0.8905,0.6082,2.166,0.13186,0.2168,1.2357,2.0007,0.08494,1.6442,0,1,0,0.0,0.0,0.0,0.0,0.0,0.0,2,2,2,2,1.8096,1.8096,-0.5481,1.3029,1,1,1,2.3577,2.6423,0,0,0,1,2.0,0.1978,0.1693,0.1023,0.483,0.4674,0.1216,0.483,609.0,836.0,0.349,0.547,1.3243,1.562,227.0,0.198,AMBIGUOUS,0
128,106,1,2,13.0625,54.5487,31.1755,10.0762,54.5394,31.2229,2.9867,-2.9863,-0.0093,0.0474,0.0483,2.9863,-0.9999,-0.0031,0.0159,1.8377,0.0162,0.1298,0.13464,1.2165,1.2424,0.00483,1.0372,0,1,0,0.0,0.0,0.0,0.0,0.0,0.0,1,1,1,1,2.9867,5.0,2.0133,0.5973,1,1,1,2.9867,2.0133,0,0,0,0,1.0,0.1657,0.0625,0.1535,0.3467,0.3262,0.1175,0.3467,429.0,466.0,0.6309,0.6064,1.6444,1.614,37.0,-0.0245,AMBIGUOUS,0
129,98,1,2,64.0119,67.3599,71.7911,60.5985,68.1346,71.3326,3.5301,-3.4134,0.7747,-0.4585,0.9002,3.4134,-0.9669,0.2195,-0.1299,2.1006,0.2637,0.12932,0.15433,1.2119,1.4242,0.02501,1.1934,1,2,1,-0.8906,-1.8391,1.8245,2.7394,4.2905,0.9195,0,1,1,1,3.5301,5.0,1.4699,0.706,0,1,2,3.5301,0.9036,0,0,0,0,1.0,0.6518,0.6369,0.1388,0.5153,0.4735,0.2033,0.6518,530.0,598.0,0.4907,0.4832,1.5362,1.5235,68.0,-0.0075,AMBIGUOUS,0
130,102,1,2,77.5606,59.4976,61.2021,74.7967,59.5325,61.4826,2.7784,-2.764,0.0349,0.2805,0.2827,2.764,-0.9948,0.0126,0.101,1.7009,0.1023,0.12826,0.14346,1.202,1.3239,0.0152,1.1185,0,1,0,0.0,0.0,0.0,0.0,0.0,0.0,1,1,1,1,2.7784,5.0,2.2216,0.5557,1,2,2,2.7784,0.951,1,1,0,0,0.5,0.4974,0.4394,0.2331,0.2369,0.0467,0.2323,0.4974,512.0,549.0,0.4783,0.469,1.5001,1.4574,37.0,-0.0092,AMBIGUOUS,0
131,115,1,2,14.0388,76.2848,102.1845,13.3539,75.9119,102.11,0.7834,-0.6849,-0.3729,-0.0746,0.3803,0.6849,-0.8743,-0.476,-0.0952,0.4215,0.5553,0.12735,0.12321,1.1935,1.137,-0.00414,0.9675,0,1,0,0.0,0.0,0.0,0.0,0.0,0.0,1,1,2,1,0.7834,4.7587,3.9753,0.1646,1,1,1,0.7834,4.2166,0,0,0,0,1.0,0.6229,0.5862,0.2108,0.3853,0.3539,0.1522,0.6229,723.0,803.0,0.3538,0.2673,1.3792,1.2766,80.0,-0.0865,AMBIGUOUS,0
131,83,1,2,14.0388,76.2848,102.1845,17.4562,73.0833,101.3373,4.7587,3.4173,-3.2015,-0.8472,3.3117,3.4173,0.7181,-0.6728,-0.178,2.103,0.9691,0.12735,0.17648,1.1935,1.6286,0.04913,1.3857,0,1,0,0.0,0.0,0.0,0.0,0.0,0.0,1,1,2,2,0.7834,0.7834,-3.9753,6.0745,1,1,2,2.8215,-1.9372,0,0,0,0,1.0,0.6229,0.5862,0.2108,0.4582,0.4188,0.1858,0.6229,723.0,836.0,0.3538,0.3226,1.3792,1.3267,113.0,-0.0312,AMBIGUOUS,0
133,140,1,2,17.7691,68.7765,51.508,13.4684,68.6701,51.4985,4.302,-4.3006,-0.1064,-0.0095,0.1068,4.3006,-0.9997,-0.0247,-0.0022,2.6466,0.0248,0.12302,0.08472,1.1529,0.7818,-0.0383,0.6887,0,1,0,0.0,0.0,0.0,0.0,0.0,0.0,0,0,2,1,4.302,4.6665,0.3645,0.9219,0,0,1,4.302,0.698,0,1,0,1,1.0,0.1818,0.1059,0.1477,0.4782,0.4684,0.0962,0.4782,686.0,562.0,0.2819,0.1904,1.2697,1.174,-124.0,-0.0915,AMBIGUOUS,0
133,99,1,2,17.7691,68.7765,51.508,19.5054,70.8987,47.7321,4.6665,1.7364,2.1222,-3.7759,4.3314,1.7364,0.3721,0.4548,-0.8092,1.0685,2.4945,0.12302,0.15139,1.1529,1.397,0.02837,1.2306,0,1,0,0.0,0.0,0.0,0.0,0.0,0.0,0,0,2,2,4.302,4.302,-0.3645,1.0847,1,1,3,2.7492,-1.9173,0,1,0,0,0.5,0.1818,0.1059,0.1477,0.28,0.0054,0.28,0.28,686.0,681.0,0.2819,0.3482,1.2697,1.3605,-5.0,0.0663,AMBIGUOUS,0
134,133,1,2,13.0884,73.7029,46.5414,12.4891,73.5039,45.8485,0.9375,-0.5993,-0.199,-0.6929,0.7209,0.5993,-0.6393,-0.2123,-0.7391,0.3688,1.203,0.12249,0.09477,1.1479,0.8746,-0.02771,0.7737,0,1,0,0.0,0.0,0.0,0.0,0.0,0.0,1,1,1,1,0.9375,5.0,4.0625,0.1875,1,1,1,0.9375,4.0625,0,0,0,0,1.0,0.2621,0.0884,0.2468,0.5149,0.5109,0.0639,0.5149,610.0,624.0,0.2922,0.2256,1.2258,1.1876,14.0,-0.0666,AMBIGUOUS,0
135,119,1,2,18.7993,70.4159,90.8043,16.8499,71.2479,92.76,2.8839,-1.9494,0.832,1.9557,2.1253,1.9494,-0.676,0.2885,0.6781,1.1996,1.0902,0.12195,0.12073,1.1429,1.1141,-0.00123,0.9899,0,1,0,0.0,0.0,0.0,0.0,0.0,0.0,1,1,1,1,2.8839,5.0,2.1161,0.5768,1,1,1,2.8839,2.1161,0,1,0,0,0.5,0.7399,0.7007,0.2375,0.6339,0.5999,0.2049,0.7399,571.0,649.0,0.3336,0.3066,1.331,1.2857,78.0,-0.027,AMBIGUOUS,0
136,80,1,2,34.344,73.4838,100.5178,32.3029,73.8339,100.0008,2.1345,-2.0412,0.3501,-0.5171,0.6244,2.0412,-0.9563,0.164,-0.2422,1.2561,0.3059,0.12076,0.17841,1.1318,1.6464,0.05765,1.4773,1,2,1,1.6582,-1.1303,-1.5402,2.5297,4.1139,1.5526,1,1,1,1,2.1345,5.0,2.8655,0.4269,1,1,2,2.1345,2.065,0,1,0,1,1.0,0.2838,0.219,0.1804,0.2315,0.1971,0.1214,0.2838,606.0,740.0,0.2843,0.4113,1.3141,1.4304,134.0,0.1269,AMBIGUOUS,0
137,85,1,2,26.1599,71.5074,85.4732,24.5603,72.0813,86.7007,2.0963,-1.5996,0.5739,1.2274,1.355,1.5996,-0.763,0.2738,0.5855,0.9843,0.8471,0.12071,0.17216,1.1313,1.5888,0.05145,1.4262,1,2,1,0.8477,-1.6952,1.3545,2.3296,3.3398,1.1365,2,2,3,1,2.0963,2.4634,0.3671,0.851,1,1,2,2.0963,1.9111,0,2,1,3,1.3333,0.2268,0.1599,0.1609,0.3061,0.1853,0.2436,0.3061,625.0,856.0,0.2748,0.326,1.2638,1.3175,231.0,0.0511,AMBIGUOUS,0
137,93,1,2,26.1599,71.5074,85.4732,24.0933,71.6087,84.1364,2.4634,-2.0666,0.1013,-1.3368,1.3407,2.0666,-0.8389,0.0411,-0.5427,1.2718,0.6487,0.12071,0.15571,1.1313,1.4369,0.035,1.2899,1,2,1,0.8477,-1.6952,1.3545,2.3296,4.3548,1.6507,2,2,3,2,2.0963,2.0963,-0.3671,1.1751,1,1,2,2.4634,2.2727,0,2,1,2,1.0,0.2268,0.1599,0.1609,0.305,0.2817,0.1167,0.305,625.0,730.0,0.2748,0.3002,1.2638,1.3292,105.0,0.0253,AMBIGUOUS,0
137,92,1,2,26.1599,71.5074,85.4732,21.3236,70.4223,85.6183,4.9587,-4.8363,-1.085,0.145,1.0947,4.8363,-0.9753,-0.2188,0.0292,2.9762,0.2263,0.12071,0.15633,1.1313,1.4426,0.03561,1.295,1,2,1,0.8477,-1.6952,1.3545,2.3296,5.8432,1.1787,2,2,3,3,2.0963,2.0963,-2.8623,2.3654,0,0,1,4.9587,0.0413,0,2,0,3,1.3333,0.2268,0.1599,0.1609,0.2635,0.1986,0.1732,0.2635,625.0,740.0,0.2748,0.3082,1.2638,1.2804,115.0,0.0334,AMBIGUOUS,0
138,137,1,2,33.6523,65.3537,73.0394,32.3398,65.4444,69.8476,3.4523,-1.3125,0.0908,-3.1918,3.1931,1.3125,-0.3802,0.0263,-0.9245,0.8077,2.4328,0.1205,0.08713,1.1293,0.8041,-0.03337,0.7231,0,1,0,0.0,0.0,0.0,0.0,0.0,0.0,0,1,1,1,3.4523,5.0,1.5477,0.6905,0,1,1,3.4523,1.5477,0,0,0,0,1.0,0.4833,0.4727,0.1005,0.1669,0.1602,0.047,0.4833,625.0,468.0,0.2808,0.257,1.2078,1.2263,-157.0,-0.0238,AMBIGUOUS,0
139,89,1,2,42.5245,72.1368,81.5758,43.5072,71.4521,78.9729,2.8653,0.9827,-0.6847,-2.603,2.6915,0.9827,0.343,-0.239,-0.9084,0.6047,2.7389,0.11585,0.16669,1.0857,1.5383,0.05085,1.4389,0,1,0,0.0,0.0,0.0,0.0,0.0,0.0,1,1,1,1,2.8653,5.0,2.1347,0.5731,2,2,2,2.8653,0.0919,0,1,0,0,0.5,0.3357,0.2745,0.1932,0.4041,0.3678,0.1674,0.4041,564.0,709.0,0.2811,0.3924,1.2572,1.3676,145.0,0.1113,AMBIGUOUS,0
140,110,1,2,24.7014,70.9715,70.1277,23.8174,72.067,68.6625,2.0318,-0.884,1.0955,-1.4652,1.8295,0.884,-0.4351,0.5392,-0.7211,0.544,2.0695,0.11484,0.12717,1.0762,1.1736,0.01234,1.1074,0,1,0,0.0,0.0,0.0,0.0,0.0,0.0,1,1,1,1,2.0318,5.0,2.9682,0.4064,1,1,3,2.0318,1.9699,0,1,0,1,1.0,0.3809,0.3264,0.1963,0.5803,0.5576,0.1609,0.5803,660.0,644.0,0.2494,0.282,1.2391,1.308,-16.0,0.0326,AMBIGUOUS,0
141,159,1,2,16.1403,55.5042,20.7122,17.9405,56.1982,22.3871,2.555,1.8002,0.694,1.675,1.813,1.8002,0.7046,0.2716,0.6556,1.1078,1.0071,0.114,0.04352,1.0684,0.4016,-0.07048,0.3818,1,2,1,-2.1254,1.7903,0.6788,2.8607,4.1958,1.1979,1,1,1,1,2.555,5.0,2.445,0.511,1,1,1,2.555,2.445,0,0,0,0,1.0,0.1876,0.1097,0.1522,0.1568,0.0655,0.1425,0.1876,484.0,349.0,0.3882,0.1846,1.3566,1.2008,-135.0,-0.2036,AMBIGUOUS,0
142,124,1,2,100.3302,45.9159,45.596,97.5461,45.3053,46.7205,3.0641,-2.7841,-0.6106,1.1245,1.2796,2.7841,-0.9086,-0.1993,0.367,1.7133,0.4596,0.11381,0.11248,1.0666,1.038,-0.00133,0.9883,1,2,1,-0.4624,-1.2473,-0.0859,1.333,2.6946,0.522,0,2,2,1,3.0641,3.4966,0.4325,0.8763,0,2,2,3.0641,0.7024,0,0,1,1,2.0,0.4307,0.4198,0.0965,0.2001,0.0461,0.1947,0.4307,490.0,526.0,0.3932,0.3485,1.3994,1.3247,36.0,-0.0447,AMBIGUOUS,0
142,111,1,2,100.3302,45.9159,45.596,97.2599,45.3782,44.0117,3.4966,-3.0703,-0.5377,-1.5843,1.6731,3.0703,-0.8781,-0.1538,-0.4531,1.8894,0.5449,0.11381,0.12701,1.0666,1.172,0.01319,1.1159,1,2,1,-0.4624,-1.2473,-0.0859,1.333,3.0904,0.5224,0,2,2,2,3.0641,3.0641,-0.4325,1.1412,1,2,2,1.7903,-1.7063,0,0,1,1,2.0,0.4307,0.4198,0.0965,0.302,0.2401,0.183,0.4307,490.0,452.0,0.3932,0.5394,1.3994,1.496,-38.0,0.1462,AMBIGUOUS,0
143,111,1,2,95.8826,44.3688,43.4736,97.2599,45.3782,44.0117,1.7903,1.3772,1.0094,0.5381,1.1439,1.3772,0.7693,0.5638,0.3006,0.8475,0.8306,0.11346,0.12701,1.0634,1.172,0.01354,1.1193,0,1,0,0.0,0.0,0.0,0.0,0.0,0.0,1,2,2,1,1.7903,3.7665,1.9762,0.4753,1,2,2,1.7903,1.7063,0,0,1,1,2.0,0.088,0.0076,0.0877,0.302,0.2401,0.183,0.302,438.0,452.0,0.4899,0.5394,1.4368,1.496,14.0,0.0495,AMBIGUOUS,0
143,124,1,2,95.8826,44.3688,43.4736,97.5461,45.3053,46.7205,3.7665,1.6634,0.9365,3.2469,3.3793,1.6634,0.4416,0.2486,0.8621,1.0236,2.0315,0.11346,0.11248,1.0634,1.038,-0.00098,0.9913,0,1,0,0.0,0.0,0.0,0.0,0.0,0.0,1,2,2,2,1.7903,1.7903,-1.9762,2.1038,0,2,2,3.0641,-0.7024,0,0,1,1,2.0,0.088,0.0076,0.0877,0.2001,0.0461,0.1947,0.2001,438.0,526.0,0.4899,0.3485,1.4368,1.3247,88.0,-0.1413,AMBIGUOUS,0
145,13,1,2,86.7558,46.7101,15.9198,88.9457,50.5296,15.4846,4.4242,2.1899,3.8194,-0.4352,3.8442,2.1899,0.495,0.8633,-0.0984,1.3476,1.7554,0.11329,0.25172,1.0617,2.3229,0.13843,2.222,0,1,0,0.0,0.0,0.0,0.0,0.0,0.0,0,0,1,1,4.4242,5.0,0.5758,0.8848,1,1,2,1.6156,-2.8085,0,1,0,0,0.5,0.6354,0.6308,0.0765,0.4587,0.4293,0.1616,0.6354,541.0,800.0,0.3686,0.6407,1.3791,1.6505,259.0,0.2722,AMBIGUOUS,0
146,135,1,2,4.4607,74.9437,94.0095,3.6911,75.2672,94.2803,0.8777,-0.7696,0.3236,0.2708,0.4219,0.7696,-0.8769,0.3686,0.3085,0.4736,0.5482,0.10984,0.08822,1.0294,0.8141,-0.02162,0.8031,1,2,1,1.2722,-0.5369,2.0,2.4304,2.8107,1.2866,1,1,2,1,0.8777,4.7959,3.9182,0.183,1,1,2,0.8777,3.3521,0,1,0,1,1.0,0.4865,0.4143,0.2549,0.4558,0.4411,0.1151,0.4865,698.0,597.0,0.2243,0.2111,1.2342,1.2142,-101.0,-0.0133,AMBIGUOUS,0
146,120,1,2,4.4607,74.9437,94.0095,3.0052,74.5236,98.5599,4.7959,-1.4555,-0.4201,4.5504,4.5697,1.4555,-0.3035,-0.0876,0.9488,0.8957,3.1396,0.10984,0.12055,1.0294,1.1125,0.01071,1.0975,1,2,1,1.2722,-0.5369,2.0,2.4304,3.7361,0.3587,1,1,2,2,0.8777,0.8777,-3.9182,5.4642,1,2,3,1.9561,-2.8398,0,1,0,1,1.0,0.4865,0.4143,0.2549,0.3428,0.2448,0.24,0.4865,698.0,732.0,0.2243,0.2478,1.2342,1.2379,34.0,0.0234,AMBIGUOUS,0
147,123,1,2,26.3783,51.9586,5.6531,24.817,52.6026,6.5721,1.9227,-1.5613,0.6439,0.919,1.1221,1.5613,-0.812,0.3349,0.478,0.9608,0.7187,0.10873,0.11372,1.019,1.0494,0.00499,1.0459,0,1,0,0.0,0.0,0.0,0.0,0.0,0.0,1,1,1,1,1.9227,5.0,3.0773,0.3845,1,2,2,1.9227,2.0257,0,1,0,1,1.0,0.3821,0.3783,0.0538,0.489,0.442,0.2091,0.489,552.0,565.0,0.2867,0.3189,1.2905,1.3058,13.0,0.0321,AMBIGUOUS,0
148,127,1,2,93.8396,50.5329,52.004,91.7079,50.5857,53.0798,2.3884,-2.1318,0.0528,1.0758,1.0771,2.1318,-0.8925,0.0221,0.4504,1.3119,0.5052,0.10862,0.10795,1.0179,0.9962,-0.00067,0.9939,0,1,0,0.0,0.0,0.0,0.0,0.0,0.0,1,1,1,1,2.3884,5.0,2.6116,0.4777,1,1,1,2.3884,2.6116,0,0,0,0,1.0,0.4397,0.4104,0.158,0.7474,0.7079,0.2399,0.7474,409.0,449.0,0.5173,0.5714,1.4635,1.4989,40.0,0.0541,TRUE_EDGE,1
150,132,1,2,79.5578,57.9957,20.4692,76.8996,57.4891,18.8311,3.1633,-2.6582,-0.5066,-1.6382,1.7147,2.6582,-0.8403,-0.1601,-0.5179,1.6358,0.6451,0.10529,0.09553,0.9867,0.8816,-0.00976,0.9073,0,1,0,0.0,0.0,0.0,0.0,0.0,0.0,0,1,2,1,3.1633,4.0046,0.8413,0.7899,1,3,3,2.122,-1.0412,1,1,0,3,2.0,0.1967,0.0672,0.1849,0.579,0.5246,0.2449,0.579,541.0,601.0,0.2948,0.2694,1.3099,1.2851,60.0,-0.0254,AMBIGUOUS,0
150,131,1,2,79.5578,57.9957,20.4692,76.0836,59.2276,22.0342,4.0046,-3.4742,1.2319,1.565,1.9917,3.4742,-0.8676,0.3076,0.3908,2.138,0.5733,0.10529,0.09848,0.9867,0.9088,-0.00681,0.9353,0,1,0,0.0,0.0,0.0,0.0,0.0,0.0,0,1,2,2,3.1633,3.1633,-0.8413,1.266,1,1,2,2.8651,-1.1396,1,1,0,1,1.0,0.1967,0.0672,0.1849,0.3185,0.2914,0.1287,0.3185,541.0,586.0,0.2948,0.2434,1.3099,1.1522,45.0,-0.0515,AMBIGUOUS,0
151,131,1,2,78.9132,58.7788,22.0099,76.0836,59.2276,22.0342,2.8651,-2.8296,0.4488,0.0243,0.4494,2.8296,-0.9876,0.1566,0.0085,1.7413,0.1588,0.10462,0.09848,0.9805,0.9088,-0.00615,0.9413,0,1,0,0.0,0.0,0.0,0.0,0.0,0.0,1,2,2,1,2.8651,3.9778,1.1128,0.7203,1,1,2,2.8651,1.1396,1,1,0,1,1.0,0.7267,0.7118,0.1466,0.3185,0.2914,0.1287,0.7267,571.0,586.0,0.2822,0.2434,1.2447,1.1522,15.0,-0.0389,AMBIGUOUS,0
151,132,1,2,78.9132,58.7788,22.0099,76.8996,57.4891,18.8311,3.9778,-2.0136,-1.2897,-3.1789,3.4305,2.0136,-0.5062,-0.3242,-0.7991,1.2391,1.7037,0.10462,0.09553,0.9805,0.8816,-0.00909,0.9131,0,1,0,0.0,0.0,0.0,0.0,0.0,0.0,1,2,2,2,2.8651,2.8651,-1.1128,1.3884,1,3,3,2.122,-1.8558,1,1,0,3,2.0,0.7267,0.7118,0.1466,0.579,0.5246,0.2449,0.7267,571.0,601.0,0.2822,0.2694,1.2447,1.2851,30.0,-0.0128,AMBIGUOUS,0
152,116,1,2,4.7466,66.9308,26.319,2.3579,66.4437,27.2751,2.6187,-2.3887,-0.4871,0.9561,1.073,2.3887,-0.9122,-0.186,0.3651,1.47,0.4492,0.10368,0.12271,0.9716,1.1324,0.01904,1.1836,0,1,0,0.0,0.0,0.0,0.0,0.0,0.0,1,1,1,1,2.6187,5.0,2.3813,0.5237,1,1,1,2.6187,2.3813,0,0,0,0,1.0,0.1848,0.1284,0.133,0.7571,0.7329,0.1898,0.7571,731.0,752.0,0.204,0.2468,1.2028,1.2384,21.0,0.0428,AMBIGUOUS,0
153,62,1,2,32.313,75.1674,73.5703,34.0047,71.1025,74.0488,4.4288,1.6917,-4.0649,0.4785,4.093,1.6917,0.382,-0.9178,0.108,1.041,2.4195,0.102,0.19844,0.9559,1.8312,0.09644,1.9454,0,1,0,0.0,0.0,0.0,0.0,0.0,0.0,0,0,1,1,4.4288,5.0,0.5712,0.8858,1,2,3,1.9874,-2.4414,0,0,0,0,1.0,0.1913,0.187,0.0406,0.1642,0.1203,0.1117,0.1913,599.0,886.0,0.2554,0.3749,1.2484,1.3685,287.0,0.1195,AMBIGUOUS,0
154,122,1,2,22.727,75.6171,86.2569,21.2945,75.3313,86.5142,1.4833,-1.4326,-0.2858,0.2573,0.3846,1.4326,-0.9658,-0.1927,0.1735,0.8816,0.2684,0.10092,0.11775,0.9458,1.0866,0.01683,1.1668,0,1,0,0.0,0.0,0.0,0.0,0.0,0.0,1,1,3,1,1.4833,4.0075,2.5242,0.3701,1,1,1,1.4833,3.5167,0,0,0,2,3.0,0.1446,0.023,0.1427,0.2442,0.1695,0.1759,0.2442,578.0,710.0,0.2654,0.239,1.2187,1.2195,132.0,-0.0264,AMBIGUOUS,0
154,85,1,2,22.727,75.6171,86.2569,24.5603,72.0813,86.7007,4.0075,1.8333,-3.5358,0.4438,3.5635,1.8333,0.4575,-0.8823,0.1107,1.1282,1.9438,0.10092,0.17216,0.9458,1.5888,0.07125,1.706,0,1,0,0.0,0.0,0.0,0.0,0.0,0.0,1,1,3,2,1.4833,1.4833,-2.5242,2.7017,1,1,2,2.0963,-1.9111,0,0,1,3,4.0,0.1446,0.023,0.1427,0.3061,0.1853,0.2436,0.3061,578.0,856.0,0.2654,0.326,1.2187,1.3175,278.0,0.0606,AMBIGUOUS,0
154,93,1,2,22.727,75.6171,86.2569,24.0933,71.6087,84.1364,4.7361,1.3662,-4.0084,-2.1205,4.5347,1.3662,0.2885,-0.8464,-0.4477,0.8408,3.3192,0.10092,0.15571,0.9458,1.4369,0.05479,1.5429,0,1,0,0.0,0.0,0.0,0.0,0.0,0.0,1,1,3,3,1.4833,1.4833,-3.2528,3.193,1,1,2,2.4634,-2.2727,0,0,1,2,3.0,0.1446,0.023,0.1427,0.305,0.2817,0.1167,0.305,578.0,730.0,0.2654,0.3002,1.2187,1.3292,152.0,0.0348,AMBIGUOUS,0
155,141,1,2,24.3405,76.0263,68.917,22.0072,75.6864,66.2248,3.5788,-2.3333,-0.3399,-2.6923,2.7136,2.3333,-0.652,-0.095,-0.7523,1.4359,1.163,0.09914,0.08079,0.9291,0.7455,-0.01835,0.8149,0,1,0,0.0,0.0,0.0,0.0,0.0,0.0,0,1,2,1,3.5788,4.0018,0.4229,0.8943,0,1,1,3.5788,1.4212,0,0,0,1,2.0,0.1602,0.0345,0.1564,0.7531,0.7428,0.124,0.7531,625.0,563.0,0.2357,0.1907,1.1819,1.1901,-62.0,-0.045,UNMATCHED_SOURCE,0
155,110,1,2,24.3405,76.0263,68.917,23.8174,72.067,68.6625,4.0018,-0.5231,-3.9593,-0.2545,3.9674,0.5231,-0.1307,-0.9894,-0.0636,0.3219,7.5843,0.09914,0.12717,0.9291,1.1736,0.02804,1.2828,0,1,0,0.0,0.0,0.0,0.0,0.0,0.0,0,1,2,2,3.5788,3.5788,-0.4229,1.1182,1,1,3,2.0318,-1.9699,0,0,0,1,2.0,0.1602,0.0345,0.1564,0.5803,0.5576,0.1609,0.5803,625.0,644.0,0.2357,0.282,1.1819,1.308,19.0,0.0463,AMBIGUOUS,0
156,107,1,2,21.3175,70.6411,71.4776,19.38,71.2825,70.9596,2.1056,-1.9375,0.6414,-0.518,0.8245,1.9375,-0.9202,0.3046,-0.246,1.1923,0.4255,0.09888,0.13328,0.9267,1.2299,0.0344,1.3479,0,1,0,0.0,0.0,0.0,0.0,0.0,0.0,1,1,2,1,2.1056,4.0259,1.9203,0.523,1,1,2,2.1056,2.8312,0,1,0,0,0.5,0.1993,0.1925,0.0516,0.2608,0.12,0.2315,0.2608,648.0,705.0,0.2079,0.2796,1.2214,1.2994,57.0,0.0717,AMBIGUOUS,0
156,110,1,2,21.3175,70.6411,71.4776,23.8174,72.067,68.6625,4.0259,2.4999,1.426,-2.8151,3.1557,2.4999,0.621,0.3542,-0.6993,1.5384,1.2623,0.09888,0.12717,0.9267,1.1736,0.02829,1.2861,0,1,0,0.0,0.0,0.0,0.0,0.0,0.0,1,1,2,2,2.1056,2.1056,-1.9203,1.912,1,1,3,2.0318,-1.994,0,1,0,1,1.0,0.1993,0.1925,0.0516,0.5803,0.5576,0.1609,0.5803,648.0,644.0,0.2079,0.282,1.2214,1.308,-4.0,0.0741,AMBIGUOUS,0
160,144,1,2,26.6094,52.0068,10.0394,25.268,52.8918,10.6312,1.7125,-1.3414,0.8849,0.5918,1.0646,1.3414,-0.7833,0.5167,0.3456,0.8255,0.7936,0.09264,0.07484,0.8682,0.6907,-0.0178,0.8079,0,1,0,0.0,0.0,0.0,0.0,0.0,0.0,1,2,2,1,1.7125,3.9484,2.2359,0.4337,1,1,1,1.7125,3.2875,0,1,0,1,1.0,0.6206,0.6094,0.1171,0.7394,0.732,0.1049,0.7394,467.0,465.0,0.3129,0.2407,1.3127,1.2245,-2.0,-0.0722,AMBIGUOUS,0
160,123,1,2,26.6094,52.0068,10.0394,24.817,52.6026,6.5721,3.9484,-1.7925,0.5957,-3.4673,3.5181,1.7925,-0.454,0.1509,-0.8781,1.1031,1.9627,0.09264,0.11372,0.8682,1.0494,0.02107,1.2275,0,1,0,0.0,0.0,0.0,0.0,0.0,0.0,1,2,2,2,1.7125,1.7125,-2.2359,2.3056,1,2,2,1.9227,-2.0257,0,1,0,1,1.0,0.6206,0.6094,0.1171,0.489,0.442,0.2091,0.6206,467.0,565.0,0.3129,0.3189,1.3127,1.3058,98.0,0.0059,AMBIGUOUS,0
163,120,1,2,3.0307,74.1254,101.9972,3.0052,74.5236,98.5599,3.4604,-0.0255,0.3982,-3.4373,3.4603,0.0255,-0.0074,0.1151,-0.9933,0.0157,135.7333,0.0879,0.12055,0.8238,1.1125,0.03265,1.3715,0,1,0,0.0,0.0,0.0,0.0,0.0,0.0,0,1,1,1,3.4604,5.0,1.5396,0.6921,1,2,3,1.9561,-1.5043,0,1,0,1,1.0,0.2902,0.2193,0.19,0.3428,0.2448,0.24,0.3428,701.0,732.0,0.1856,0.2478,1.1923,1.2379,31.0,0.0622,AMBIGUOUS,0
170,3,1,2,19.4936,74.0235,55.376,23.9011,72.4498,54.481,4.7649,4.4076,-1.5737,-0.895,1.8104,4.4076,0.925,-0.3303,-0.1878,2.7123,0.4107,0.07755,0.26558,0.7268,2.4509,0.18803,3.4245,0,1,0,0.0,0.0,0.0,0.0,0.0,0.0,0,0,1,1,4.7649,5.0,0.2351,0.953,0,0,2,4.1826,-0.5823,0,0,0,0,1.0,0.1527,0.0064,0.1525,0.4953,0.4739,0.144,0.4953,476.0,1061.0,0.2436,0.6113,1.2064,1.6731,585.0,0.3677,AMBIGUOUS,0
173,112,1,2,5.3409,68.1172,52.3502,2.3832,67.8452,51.7747,3.0254,-2.9577,-0.272,-0.5755,0.6365,2.9577,-0.9776,-0.0899,-0.1902,1.8201,0.2152,0.06997,0.12575,0.6557,1.1605,0.05578,1.7973,0,1,0,0.0,0.0,0.0,0.0,0.0,0.0,0,1,1,1,3.0254,5.0,1.9746,0.6051,0,1,1,3.0254,1.9746,0,0,0,0,1.0,0.4877,0.4659,0.1441,0.7795,0.7582,0.181,0.7795,500.0,680.0,0.1816,0.3151,1.2061,1.3038,180.0,0.1334,AMBIGUOUS,0
174,103,1,2,9.9652,64.5206,19.64,7.7465,64.2956,16.5266,3.8296,-2.2187,-0.225,-3.1133,3.1215,2.2187,-0.5794,-0.0588,-0.813,1.3654,1.4069,0.06805,0.14081,0.6378,1.2994,0.07275,2.069,0,1,0,0.0,0.0,0.0,0.0,0.0,0.0,0,1,1,1,3.8296,5.0,1.1704,0.7659,1,2,2,1.911,-1.9186,0,1,1,1,1.0,0.2669,0.2152,0.1579,0.4144,0.3785,0.1688,0.4144,556.0,737.0,0.1692,0.2706,1.2304,1.3056,181.0,0.1015,AMBIGUOUS,0
183,153,1,2,69.8604,60.041,16.7874,67.913,60.1061,17.1149,1.9758,-1.9474,0.0651,0.3275,0.3339,1.9474,-0.9856,0.0329,0.1658,1.1984,0.1715,0.05347,0.05718,0.5011,0.5276,0.00371,1.0693,0,1,0,0.0,0.0,0.0,0.0,0.0,0.0,1,1,3,1,1.9758,4.1459,2.1701,0.4766,1,1,1,1.9758,3.0242,0,0,0,1,2.0,0.1564,0.0146,0.1557,0.3415,0.337,0.0557,0.3415,514.0,545.0,0.1305,0.1367,1.1005,1.1432,31.0,0.0061,AMBIGUOUS,0
183,146,1,2,69.8604,60.041,16.7874,68.1737,60.8672,20.4835,4.1459,-1.6867,0.8262,3.6961,3.7873,1.6867,-0.4068,0.1993,0.8915,1.038,2.2454,0.05347,0.07184,0.5011,0.6629,0.01836,1.3434,0,1,0,0.0,0.0,0.0,0.0,0.0,0.0,1,1,3,2,1.9758,1.9758,-2.1701,2.0983,0,0,1,4.1459,0.8541,0,0,0,2,3.0,0.1564,0.0146,0.1557,0.2,0.0763,0.1848,0.2,514.0,509.0,0.1305,0.2172,1.1005,1.2351,-5.0,0.0867,AMBIGUOUS,0
183,51,1,2,69.8604,60.041,16.7874,72.4762,56.0381,17.9308,4.9166,2.6158,-4.0029,1.1435,4.163,2.6158,0.532,-0.8142,0.2326,1.6097,1.5915,0.05347,0.21238,0.5011,1.9599,0.15891,3.9719,0,1,0,0.0,0.0,0.0,0.0,0.0,0.0,1,1,3,3,1.9758,1.9758,-2.9408,2.4884,2,3,5,1.6029,-3.3137,0,0,0,4,5.0,0.1564,0.0146,0.1557,0.6516,0.6488,0.0609,0.6516,514.0,877.0,0.1305,0.4126,1.1005,1.4616,363.0,0.2821,AMBIGUOUS,0
185,101,1,2,62.9085,68.9785,55.0574,64.4314,64.5847,54.5421,4.6788,1.5229,-4.3939,-0.5153,4.424,1.5229,0.3255,-0.9391,-0.1101,0.9372,2.905,0.04667,0.14552,0.4374,1.3429,0.09886,3.1182,0,1,0,0.0,0.0,0.0,0.0,0.0,0.0,0,0,1,1,4.6788,5.0,0.3212,0.9358,0,0,2,4.5627,-0.116,0,0,0,0,1.0,0.5116,0.4665,0.2101,0.5782,0.5686,0.105,0.5782,289.0,589.0,0.2534,0.448,1.265,1.5198,300.0,0.1946,AMBIGUOUS,0
186,98,1,2,61.389,72.1255,73.095,60.5985,68.1346,71.3326,4.4337,-0.7906,-3.9908,-1.7624,4.3627,0.7906,-0.1783,-0.9001,-0.3975,0.4865,5.5183,0.04582,0.15433,0.4294,1.4242,0.10851,3.3682,1,2,1,-0.2453,1.7782,-0.5479,1.8767,5.9206,1.7135,0,0,1,1,4.4337,5.0,0.5663,0.8867,0,1,2,3.5301,-0.9036,0,0,0,0,1.0,0.4076,0.361,0.1894,0.5153,0.4735,0.2033,0.5153,340.0,598.0,0.1887,0.4832,1.1732,1.5235,258.0,0.2944,AMBIGUOUS,0
0,30,2,3,67.7014,62.5473,47.6705,64.1557,62.8341,46.647,3.7015,-3.5456,0.2868,-1.0235,1.0629,3.5456,-0.9579,0.0775,-0.2765,2.1819,0.2998,0.31464,0.2389,2.9036,2.1593,-0.07574,0.7593,0,1,0,0.0,0.0,0.0,0.0,0.0,0.0,0,1,1,1,3.7015,5.0,1.2985,0.7403,0,1,2,3.7015,0.9635,0,0,0,0,1.0,0.5662,0.5486,0.1401,0.7955,0.7807,0.1526,0.7955,980.0,768.0,0.8569,0.7412,1.9375,1.7927,-212.0,-0.1157,AMBIGUOUS,0
1,0,2,3,91.9262,52.0374,25.363,92.1716,52.7173,25.822,0.8563,0.2453,0.6799,0.4591,0.8204,0.2453,0.2865,0.794,0.5361,0.151,3.3439,0.29219,0.29313,2.6964,2.6494,0.00094,1.0032,1,2,1,-1.8762,-0.0912,-1.2286,2.2445,2.8184,1.5652,1,1,2,1,0.8563,4.156,3.2997,0.206,1,1,2,0.8563,3.9419,0,0,0,1,2.0,0.7214,0.6988,0.1794,0.4963,0.4534,0.2018,0.7214,1066.0,875.0,0.8633,0.6895,2.0811,1.9187,-191.0,-0.1739,AMBIGUOUS,0
1,1,2,3,91.9262,52.0374,25.363,88.1283,52.2565,23.6896,4.156,-3.7979,0.2191,-1.6733,1.6876,3.7979,-0.9138,0.0527,-0.4026,2.3372,0.4444,0.29219,0.29105,2.6964,2.6305,-0.00114,0.9961,1,2,1,-1.8762,-0.0912,-1.2286,2.2445,1.9968,0.0179,1,1,2,2,0.8563,0.8563,-3.2997,4.8536,0,0,1,4.156,0.844,0,0,0,1,2.0,0.7214,0.6988,0.1794,0.4263,0.3783,0.1964,0.7214,1066.0,1070.0,0.8633,0.8554,2.0811,2.0947,4.0,-0.0079,AMBIGUOUS,0
2,19,2,3,59.7005,61.9745,27.8782,56.6511,62.0442,26.7403,3.2556,-3.0495,0.0696,-1.1379,1.1401,3.0495,-0.9367,0.0214,-0.3495,1.8766,0.3739,0.27681,0.25488,2.5545,2.3037,-0.02193,0.9208,0,1,0,0.0,0.0,0.0,0.0,0.0,0.0,0,1,1,1,3.2556,5.0,1.7444,0.6511,0,1,3,3.2556,0.7827,0,1,0,1,1.0,0.4864,0.4245,0.2376,0.2606,0.2239,0.1333,0.4864,1047.0,1193.0,0.69,0.6625,1.9999,1.9319,146.0,-0.0275,AMBIGUOUS,0
3,25,2,3,23.9011,72.4498,54.481,20.7419,72.2287,53.7009,3.2616,-3.1592,-0.221,-0.7801,0.8108,3.1592,-0.9686,-0.0678,-0.2392,1.9441,0.2567,0.26558,0.24525,2.4509,2.2166,-0.02034,0.9234,0,1,0,0.0,0.0,0.0,0.0,0.0,0.0,0,1,1,1,3.2616,5.0,1.7384,0.6523,0,1,1,3.2616,1.7384,0,0,0,0,1.0,0.4953,0.4739,0.144,0.3994,0.3831,0.113,0.4953,1061.0,964.0,0.6113,0.5435,1.6731,1.536,-97.0,-0.0677,AMBIGUOUS,0
4,2,2,3,80.7665,56.0072,26.3014,77.4819,56.7011,27.0625,3.4423,-3.2846,0.6939,0.761,1.0299,3.2846,-0.9542,0.2016,0.2211,2.0213,0.3135,0.2633,0.28137,2.4298,2.543,0.01807,1.0686,1,2,1,-0.0343,0.4089,0.395,0.5696,3.2832,0.6444,0,2,2,1,3.4423,3.5923,0.15,0.9582,1,2,2,2.3159,-1.1264,0,0,1,2,3.0,0.4978,0.4835,0.1185,0.5684,0.5181,0.2338,0.5684,993.0,1071.0,0.567,0.7375,1.7439,2.0084,78.0,0.1705,AMBIGUOUS,0
4,8,2,3,80.7665,56.0072,26.3014,77.6229,56.4462,24.6192,3.5923,-3.1436,0.4389,-1.6822,1.7386,3.1436,-0.8751,0.1222,-0.4683,1.9345,0.553,0.2633,0.26594,2.4298,2.4036,0.00264,1.01,1,2,1,-0.0343,0.4089,0.395,0.5696,3.7394,1.1843,0,2,2,2,3.4423,3.4423,-0.15,1.0436,0,2,3,3.4871,-0.1052,0,0,1,2,3.0,0.4978,0.4835,0.1185,0.4111,0.3771,0.1636,0.4978,993.0,1091.0,0.567,0.6314,1.7439,1.9124,98.0,0.0644,AMBIGUOUS,0
5,7,2,3,97.4205,62.0054,75.3095,94.3967,62.462,74.9623,3.0778,-3.0239,0.4565,-0.3472,0.5736,3.0239,-0.9825,0.1483,-0.1128,1.8608,0.1897,0.26154,0.26763,2.4136,2.4189,0.00609,1.0233,1,2,1,1.1835,0.1695,0.6368,1.3546,4.3304,1.8929,0,1,1,1,3.0778,5.0,1.9222,0.6156,0,1,1,3.0778,1.9222,0,0,0,0,1.0,0.2292,0.0795,0.215,0.2632,0.1467,0.2185,0.2632,899.0,912.0,0.5432,0.6522,1.5842,1.7208,13.0,0.109,AMBIGUOUS,0
6,17,2,3,92.4123,54.2398,37.8723,92.1868,54.2883,37.0304,0.873,-0.2255,0.0485,-0.842,0.8433,0.2255,-0.2583,0.0555,-0.9645,0.1388,3.7397,0.26119,0.25564,2.4103,2.3105,-0.00555,0.9788,0,1,0,0.0,0.0,0.0,0.0,0.0,0.0,2,2,2,1,0.873,2.7191,1.8461,0.3211,1,2,2,0.873,3.1116,0,1,1,1,1.0,0.3043,0.2127,0.2177,0.467,0.4382,0.1614,0.467,883.0,949.0,0.6484,0.5604,1.7507,1.6495,66.0,-0.0881,AMBIGUOUS,0
6,18,2,3,92.4123,54.2398,37.8723,89.7366,54.634,37.5915,2.7191,-2.6756,0.3941,-0.2809,0.484,2.6756,-0.984,0.145,-0.1033,1.6466,0.1809,0.26119,0.25529,2.4103,2.3074,-0.0059,0.9774,0,1,0,0.0,0.0,0.0,0.0,0.0,0.0,2,2,2,2,0.873,0.873,-1.8461,3.1147,1,1,2,2.7191,1.5025,0,1,1,1,1.0,0.3043,0.2127,0.2177,0.4532,0.3616,0.2732,0.4532,883.0,891.0,0.6484,0.4863,1.7507,1.5163,8.0,-0.1621,AMBIGUOUS,0
7,13,2,3,80.7585,49.5167,5.832,77.5247,49.8138,4.6103,3.4696,-3.2338,0.2971,-1.2217,1.2573,3.2338,-0.932,0.0856,-0.3521,1.99,0.3888,0.25598,0.26194,2.3622,2.3675,0.00597,1.0233,1,2,1,1.0087,-0.1538,-0.3069,1.0655,4.3633,1.7933,0,1,2,1,3.4696,4.0191,0.5495,0.8633,1,2,4,2.9335,-0.5361,1,3,0,2,0.75,0.5144,0.4915,0.1515,0.5196,0.4753,0.2099,0.5196,907.0,939.0,0.5301,0.5967,1.6229,1.7288,32.0,0.0665,AMBIGUOUS,0
7,4,2,3,80.7585,49.5167,5.832,77.3988,50.8197,7.6117,4.0191,-3.3597,1.303,1.7797,2.2057,3.3597,-0.8359,0.3242,0.4428,2.0675,0.6565,0.25598,0.27487,2.3622,2.4843,0.01889,1.0738,1,2,1,1.0087,-0.1538,-0.3069,1.0655,5.0556,1.9657,0,1,2,2,3.4696,3.4696,-0.5495,1.1584,2,3,4,0.8807,-3.1383,1,3,0,2,0.75,0.5144,0.4915,0.1515,0.6119,0.6012,0.1138,0.6119,907.0,990.0,0.5301,0.6428,1.6229,1.754,83.0,0.1126,AMBIGUOUS,0
8,3,2,3,89.8015,53.6609,29.8859,87.6216,53.9652,28.5357,2.5822,-2.1799,0.3043,-1.3502,1.3841,2.1799,-0.8442,0.1179,-0.5229,1.3415,0.6349,0.25587,0.28112,2.3613,2.5408,0.02525,1.0987,1,3,1,1.4156,0.1709,-0.0085,1.4259,3.8401,1.8209,1,1,2,1,2.5822,4.7982,2.216,0.5382,2,2,2,1.2003,-1.3819,0,1,0,0,0.5,0.463,0.4265,0.1802,0.1746,0.1284,0.1183,0.463,1067.0,1061.0,0.6887,0.701,1.9014,1.8829,-6.0,0.0123,AMBIGUOUS,0
8,0,2,3,89.8015,53.6609,29.8859,92.1716,52.7173,25.822,4.7982,2.37,-0.9436,-4.0639,4.172,2.37,0.4939,-0.1967,-0.847,1.4585,1.7603,0.25587,0.29313,2.3613,2.6494,0.03726,1.1456,1,3,1,1.4156,0.1709,-0.0085,1.4259,4.3127,0.5281,1,1,2,2,2.5822,2.5822,-2.216,1.8582,1,1,2,0.8563,-3.9419,0,1,0,1,1.0,0.463,0.4265,0.1802,0.4963,0.4534,0.2018,0.4963,1067.0,875.0,0.6887,0.6895,1.9014,1.9187,-192.0,0.0007,AMBIGUOUS,0
9,46,2,3,100.6393,60.6332,84.4603,99.8531,60.4983,83.6448,1.1408,-0.7862,-0.1349,-0.8156,0.8267,0.7862,-0.6892,-0.1183,-0.7149,0.4838,1.0515,0.25454,0.22254,2.3489,2.0114,-0.032,0.8743,0,1,0,0.0,0.0,0.0,0.0,0.0,0.0,1,1,1,1,1.1408,5.0,3.8592,0.2282,1,1,1,1.1408,3.8592,0,0,0,0,1.0,0.1556,0.1107,0.1094,0.7301,0.7281,0.054,0.7301,767.0,720.0,0.78,0.6719,1.9215,1.804,-47.0,-0.1081,AMBIGUOUS,0
10,4,2,3,80.9872,50.098,7.5337,77.3988,50.8197,7.6117,3.6611,-3.5885,0.7218,0.078,0.726,3.5885,-0.9801,0.1971,0.0213,2.2083,0.2023,0.25425,0.27487,2.3463,2.4843,0.02061,1.0811,0,1,0,0.0,0.0,0.0,0.0,0.0,0.0,0,1,2,1,3.6611,4.5405,0.8793,0.8063,2,3,4,0.8807,-2.7804,2,3,0,2,0.75,0.3464,0.2628,0.2257,0.6119,0.6012,0.1138,0.6119,908.0,990.0,0.5108,0.6428,1.5866,1.754,82.0,0.132,AMBIGUOUS,0
10,13,2,3,80.9872,50.098,7.5337,77.5247,49.8138,4.6103,4.5405,-3.4625,-0.2842,-2.9234,2.9372,3.4625,-0.7626,-0.0626,-0.6439,2.1308,0.8483,0.25425,0.26194,2.3463,2.3675,0.00769,1.0302,0,1,0,0.0,0.0,0.0,0.0,0.0,0.0,0,1,2,2,3.6611,3.6611,-0.8793,1.2402,1,2,4,2.9335,-1.607,2,3,0,2,0.75,0.3464,0.2628,0.2257,0.5196,0.4753,0.2099,0.5196,908.0,939.0,0.5108,0.5967,1.5866,1.7288,31.0,0.0859,AMBIGUOUS,0
11,57,2,3,51.5214,64.2005,37.4057,52.1878,64.7474,38.3431,1.2735,0.6664,0.547,0.9374,1.0853,0.6664,0.5233,0.4295,0.736,0.4101,1.6286,0.25397,0.21153,2.3436,1.9119,-0.04243,0.8329,0,1,0,0.0,0.0,0.0,0.0,0.0,0.0,2,2,3,1,1.2735,2.9453,1.6717,0.4324,2,3,3,1.2735,1.6026,0,2,0,2,1.0,0.4798,0.4786,0.0333,0.2882,0.1878,0.2187,0.4798,970.0,849.0,0.6091,0.4758,1.7037,1.5529,-121.0,-0.1333,AMBIGUOUS,0
11,31,2,3,51.5214,64.2005,37.4057,48.6209,64.5785,37.0609,2.9453,-2.9005,0.3781,-0.3448,0.5117,2.9005,-0.9848,0.1284,-0.1171,1.7849,0.1764,0.25397,0.23863,2.3436,2.1568,-0.01534,0.9396,0,1,0,0.0,0.0,0.0,0.0,0.0,0.0,2,2,3,2,1.2735,1.2735,-1.6717,2.3126,1,1,1,2.9453,2.0547,0,2,0,2,1.0,0.4798,0.4786,0.0333,0.1593,0.1291,0.0934,0.4798,970.0,920.0,0.6091,0.5368,1.7037,1.5794,-50.0,-0.0724,AMBIGUOUS,0
11,41,2,3,51.5214,64.2005,37.4057,48.7092,65.8231,40.8823,4.7568,-2.8121,1.6226,3.4765,3.8366,2.8121,-0.5912,0.3411,0.7309,1.7306,1.3643,0.25397,0.22857,2.3436,2.0659,-0.02539,0.9,0,1,0,0.0,0.0,0.0,0.0,0.0,0.0,2,2,3,3,1.2735,1.2735,-3.4833,3.7351,0,1,2,3.018,-1.7389,0,2,0,2,1.0,0.4798,0.4786,0.0333,0.1548,0.0408,0.1494,0.4798,970.0,1003.0,0.6091,0.5713,1.7037,1.6277,33.0,-0.0378,AMBIGUOUS,0
12,4,2,3,78.4674,50.5471,9.0582,77.3988,50.8197,7.6117,1.819,-1.0686,0.2727,-1.4465,1.472,1.0686,-0.5875,0.1499,-0.7952,0.6576,1.3774,0.25331,0.27487,2.3376,2.4843,0.02156,1.0851,1,2,1,-0.8814,0.204,-0.1898,0.9244,1.2724,0.2435,1,1,2,1,1.819,4.6054,2.7864,0.395,2,3,4,0.8807,-0.9382,2,3,0,2,0.75,0.5125,0.4674,0.2101,0.6119,0.6012,0.1138,0.6119,952.0,990.0,0.5441,0.6428,1.6301,1.754,38.0,0.0986,AMBIGUOUS,0
12,13,2,3,78.4674,50.5471,9.0582,77.5247,49.8138,4.6103,4.6054,-0.9427,-0.7333,-4.4479,4.5079,0.9427,-0.2047,-0.1592,-0.9658,0.5801,4.782,0.25331,0.26194,2.3376,2.3675,0.00863,1.0341,1,2,1,-0.8814,0.204,-0.1898,0.9244,4.3604,0.6417,1,1,2,2,1.819,1.819,-2.7864,2.5319,1,2,4,2.9335,-1.6719,2,3,0,2,0.75,0.5125,0.4674,0.2101,0.5196,0.4753,0.2099,0.5196,952.0,939.0,0.5441,0.5967,1.6301,1.7288,-13.0,0.0525,AMBIGUOUS,0
13,23,2,3,88.9457,50.5296,15.4846,86.1749,50.8427,14.3541,3.0089,-2.7708,0.3131,-1.1305,1.1731,2.7708,-0.9209,0.1041,-0.3757,1.7051,0.4234,0.25172,0.24771,2.3229,2.2388,-0.00401,0.9841,1,2,1,-1.5574,0.4244,-0.0675,1.6156,1.617,0.0693,0,1,1,1,3.0089,5.0,1.9911,0.6018,0,1,1,3.0089,1.9911,0,0,0,0,1.0,0.4587,0.4293,0.1616,0.1568,0.0499,0.1487,0.4587,800.0,817.0,0.6407,0.6234,1.6505,1.6298,17.0,-0.0173,AMBIGUOUS,0
14,39,2,3,52.0545,57.0176,7.7472,51.3733,57.0701,6.9559,1.0454,-0.6812,0.0525,-0.7913,0.793,0.6812,-0.6516,0.0502,-0.7569,0.4192,1.1641,0.25002,0.22946,2.3072,2.0739,-0.02056,0.9177,0,1,0,0.0,0.0,0.0,0.0,0.0,0.0,2,2,2,1,1.0454,2.5685,1.523,0.407,1,1,2,1.0454,3.3858,0,1,0,2,1.5,0.1553,0.0545,0.1454,0.6583,0.6267,0.2013,0.6583,1002.0,916.0,0.5424,0.4786,1.6489,1.6584,-86.0,-0.0638,AMBIGUOUS,0
14,29,2,3,52.0545,57.0176,7.7472,52.9516,58.9422,9.1922,2.5685,0.8971,1.9246,1.445,2.4067,0.8971,0.3493,0.7493,0.5626,0.5521,2.6828,0.25002,0.23906,2.3072,2.1606,-0.01097,0.9561,0,1,0,0.0,0.0,0.0,0.0,0.0,0.0,2,2,2,2,1.0454,1.0454,-1.523,2.4568,2,2,2,1.9537,-0.6147,0,1,0,1,1.0,0.1553,0.0545,0.1454,0.6912,0.6734,0.1557,0.6912,1002.0,856.0,0.5424,0.4983,1.6489,1.5631,-146.0,-0.0441,AMBIGUOUS,0
15,6,2,3,88.931,45.9984,2.3579,85.8412,46.5445,2.5524,3.1437,-3.0897,0.5462,0.1945,0.5798,3.0897,-0.9828,0.1737,0.0619,1.9014,0.1876,0.24965,0.27263,2.3038,2.4641,0.02298,1.092,1,2,1,-2.2869,0.0579,-0.9614,2.4814,1.4897,0.1141,0,1,1,1,3.1437,5.0,1.8563,0.6287,0,1,1,3.1437,1.8563,0,0,0,0,1.0,0.4604,0.444,0.1218,0.3522,0.2838,0.2087,0.4604,866.0,898.0,0.5745,0.6887,1.6455,1.7869,32.0,0.1142,AMBIGUOUS,0
16,64,2,3,83.4405,62.8764,64.5184,84.4644,62.9762,65.2054,1.2371,1.024,0.0998,0.687,0.6942,1.024,0.8277,0.0807,0.5553,0.6301,0.678,0.24864,0.20081,2.2945,1.8149,-0.04784,0.8076,1,2,1,-2.1629,0.2872,-0.3913,2.2167,3.3695,1.8952,2,2,3,1,1.2371,2.8226,1.5855,0.4383,1,1,2,1.2371,3.5565,0,0,0,1,2.0,0.5779,0.5655,0.1192,0.2041,0.0356,0.201,0.5779,885.0,740.0,0.5861,0.4854,1.5741,1.5786,-145.0,-0.1007,AMBIGUOUS,0
16,53,2,3,83.4405,62.8764,64.5184,80.7528,62.9347,63.6583,2.8226,-2.6877,0.0583,-0.86,0.862,2.6877,-0.9522,0.0206,-0.3047,1.654,0.3207,0.24864,0.21726,2.2945,1.9636,-0.03139,0.8738,1,2,1,-2.1629,0.2872,-0.3913,2.2167,0.74,0.0144,2,2,3,2,1.2371,1.2371,-1.5855,2.2816,1,1,1,2.8226,2.1774,0,0,0,2,3.0,0.5779,0.5655,0.1192,0.5133,0.4972,0.1275,0.5779,885.0,806.0,0.5861,0.4959,1.5741,1.4793,-79.0,-0.0902,AMBIGUOUS,0
16,9,2,3,83.4405,62.8764,64.5184,80.0203,63.871,67.9514,4.947,-3.4202,0.9946,3.433,3.5742,3.4202,-0.6914,0.2011,0.694,2.1047,1.045,0.24864,0.26436,2.2945,2.3893,0.01571,1.0632,1,2,1,-2.1629,0.2872,-0.3913,2.2167,4.0874,0.4219,2,2,3,3,1.2371,1.2371,-3.7099,3.9988,1,1,2,2.7393,-2.2076,0,0,0,1,2.0,0.5779,0.5655,0.1192,0.4194,0.3953,0.1402,0.5779,885.0,907.0,0.5861,0.6021,1.5741,1.6054,22.0,0.016,AMBIGUOUS,0
17,33,2,3,40.9681,57.7411,30.6516,39.4877,57.9223,30.2269,1.5508,-1.4805,0.1812,-0.4247,0.4617,1.4805,-0.9547,0.1168,-0.2738,0.911,0.3119,0.24648,0.23566,2.2745,2.1299,-0.01082,0.9561,1,2,1,-0.7643,0.4673,0.5101,1.0309,1.2118,0.3747,1,2,2,1,1.5508,3.5182,1.9674,0.4408,1,2,2,1.5508,2.0358,0,1,1,1,1.0,0.3925,0.3431,0.1906,0.5424,0.4877,0.2376,0.5424,1004.0,893.0,0.5574,0.531,1.6862,1.6296,-111.0,-0.0265,AMBIGUOUS,0
17,28,2,3,40.9681,57.7411,30.6516,39.9359,58.0669,27.304,3.5182,-1.0322,0.3258,-3.3475,3.3634,1.0322,-0.2934,0.0926,-0.9515,0.6352,3.2585,0.24648,0.24235,2.2745,2.1904,-0.00413,0.9833,1,2,1,-0.7643,0.4673,0.5101,1.0309,3.8695,1.2113,1,2,2,2,1.5508,1.5508,-1.9674,2.2687,1,2,2,1.4622,-2.056,0,1,1,1,1.0,0.3925,0.3431,0.1906,0.6949,0.6891,0.0894,0.6949,1004.0,964.0,0.5574,0.5492,1.6862,1.6257,-40.0,-0.0082,AMBIGUOUS,0
18,24,2,3,75.2712,56.0175,27.1581,73.6543,56.216,27.589,1.6851,-1.6169,0.1986,0.431,0.4745,1.6169,-0.9595,0.1178,0.2557,0.995,0.2935,0.2462,0.24586,2.272,2.2221,-0.00034,0.9986,0,1,0,0.0,0.0,0.0,0.0,0.0,0.0,2,4,4,1,1.6851,2.3159,0.6308,0.7276,1,1,1,1.6851,3.3149,0,0,1,3,4.0,0.5267,0.5212,0.0755,0.5523,0.5293,0.1577,0.5523,907.0,974.0,0.5206,0.5599,1.6518,1.6591,67.0,0.0393,AMBIGUOUS,0
18,2,2,3,75.2712,56.0175,27.1581,77.4819,56.7011,27.0625,2.3159,2.2106,0.6836,-0.0956,0.6903,2.2106,0.9545,0.2952,-0.0413,1.3604,0.3123,0.2462,0.28137,2.272,2.543,0.03516,1.1428,0,1,0,0.0,0.0,0.0,0.0,0.0,0.0,2,4,4,2,1.6851,1.6851,-0.6308,1.3743,1,2,2,2.3159,1.1264,0,0,1,2,3.0,0.5267,0.5212,0.0755,0.5684,0.5181,0.2338,0.5684,907.0,1071.0,0.5206,0.7375,1.6518,2.0084,164.0,0.2169,AMBIGUOUS,0
18,27,2,3,75.2712,56.0175,27.1581,72.0092,55.9823,26.0241,3.4537,-3.262,-0.0351,-1.134,1.1345,3.262,-0.9445,-0.0102,-0.3283,2.0074,0.3478,0.2462,0.24271,2.272,2.1937,-0.00349,0.9858,0,1,0,0.0,0.0,0.0,0.0,0.0,0.0,2,4,4,3,1.6851,1.6851,-1.7686,2.0495,0,1,1,3.4537,1.5463,0,0,1,1,2.0,0.5267,0.5212,0.0755,0.516,0.5092,0.0837,0.5267,907.0,916.0,0.5206,0.5112,1.6518,1.6917,9.0,-0.0095,AMBIGUOUS,0
18,8,2,3,75.2712,56.0175,27.1581,77.6229,56.4462,24.6192,3.4871,2.3517,0.4287,-2.5389,2.5748,2.3517,0.6744,0.1229,-0.7281,1.4472,1.0949,0.2462,0.26594,2.272,2.4036,0.01974,1.0802,0,1,0,0.0,0.0,0.0,0.0,0.0,0.0,2,4,4,4,1.6851,1.6851,-1.802,2.0694,0,2,3,3.4871,0.1052,0,0,1,2,3.0,0.5267,0.5212,0.0755,0.4111,0.3771,0.1636,0.5267,907.0,1091.0,0.5206,0.6314,1.6518,1.9124,184.0,0.1107,AMBIGUOUS,0
19,26,2,3,57.088,63.3727,31.362,55.521,63.506,31.1995,1.5811,-1.5671,0.1334,-0.1625,0.2102,1.5671,-0.9911,0.0843,-0.1028,0.9643,0.1342,0.24403,0.24353,2.252,2.201,-0.00051,0.9979,1,2,1,-2.383,0.7901,-0.1294,2.5139,1.0479,0.0287,1,1,2,1,1.5811,4.8287,3.2476,0.3274,1,1,2,1.5811,3.3491,0,1,0,1,1.0,0.2279,0.213,0.0808,0.3119,0.271,0.1544,0.3119,1050.0,1091.0,0.5531,0.5507,1.7917,1.7044,41.0,-0.0023,AMBIGUOUS,0
19,19,2,3,57.088,63.3727,31.362,56.6511,62.0442,26.7403,4.8287,-0.437,-1.3285,-4.6218,4.8089,0.437,-0.0905,-0.2751,-0.9571,0.2689,11.0055,0.24403,0.25488,2.252,2.3037,0.01085,1.0444,1,2,1,-2.383,0.7901,-0.1294,2.5139,5.3345,0.9514,1,1,2,2,1.5811,1.5811,-3.2476,3.054,0,1,3,3.2556,-1.5731,0,1,0,1,1.0,0.2279,0.213,0.0808,0.2606,0.2239,0.1333,0.2606,1050.0,1193.0,0.5531,0.6625,1.7917,1.9319,143.0,0.1094,AMBIGUOUS,0
20,4,2,3,76.7045,50.3304,7.379,77.3988,50.8197,7.6117,0.8807,0.6943,0.4894,0.2327,0.5419,0.6943,0.7883,0.5556,0.2642,0.4273,0.7804,0.24265,0.27487,2.2392,2.4843,0.03222,1.1328,1,2,1,-1.8598,-0.0293,-0.4527,1.9144,2.6949,1.8369,2,3,3,1,0.8807,2.9335,2.0527,0.3002,2,3,4,0.8807,0.9382,1,3,0,2,0.75,0.339,0.3295,0.0801,0.6119,0.6012,0.1138,0.6119,932.0,990.0,0.4632,0.6428,1.5763,1.754,58.0,0.1795,AMBIGUOUS,0
20,13,2,3,76.7045,50.3304,7.379,77.5247,49.8138,4.6103,2.9335,0.8203,-0.5166,-2.7687,2.8165,0.8203,0.2796,-0.1761,-0.9438,0.5048,3.4336,0.24265,0.26194,2.2392,2.3675,0.0193,1.0795,1,2,1,-1.8598,-0.0293,-0.4527,1.9144,3.5755,1.0458,2,3,3,2,0.8807,0.8807,-2.0527,3.3307,1,2,4,2.9335,0.5361,1,3,0,2,0.75,0.339,0.3295,0.0801,0.5196,0.4753,0.2099,0.5196,932.0,939.0,0.4632,0.5967,1.5763,1.7288,7.0,0.1335,AMBIGUOUS,0
20,15,2,3,76.7045,50.3304,7.379,73.6193,50.9502,6.8502,3.1909,-3.0852,0.6198,-0.5288,0.8147,3.0852,-0.9669,0.1942,-0.1657,1.8986,0.2641,0.24265,0.25897,2.2392,2.3406,0.01632,1.0673,1,2,1,-1.8598,-0.0293,-0.4527,1.9144,1.3887,0.0245,2,3,3,3,0.8807,0.8807,-2.3102,3.6231,0,1,2,3.1909,1.4917,1,3,0,2,0.75,0.339,0.3295,0.0801,0.5254,0.4943,0.178,0.5254,932.0,970.0,0.4632,0.5192,1.5763,1.6273,38.0,0.056,AMBIGUOUS,0
21,3,2,3,86.7092,53.1854,28.5388,87.6216,53.9652,28.5357,1.2003,0.9124,0.7798,-0.0031,0.7798,0.9124,0.7602,0.6497,-0.0026,0.5615,0.8547,0.24171,0.28112,2.2306,2.5408,0.03941,1.163,0,1,0,0.0,0.0,0.0,0.0,0.0,0.0,1,1,1,1,1.2003,5.0,3.7997,0.2401,2,2,2,1.2003,1.3819,0,1,0,0,0.5,0.5939,0.5842,0.1067,0.1746,0.1284,0.1183,0.5939,910.0,1061.0,0.4894,0.701,1.7492,1.8829,151.0,0.2116,AMBIGUOUS,0
22,45,2,3,67.7457,61.7332,38.8857,69.3967,60.8562,36.1759,3.2921,1.651,-0.877,-2.7098,2.8482,1.651,0.5015,-0.2664,-0.8231,1.016,1.7251,0.24171,0.2246,2.2305,2.03,-0.01711,0.9292,1,2,1,-1.9276,-0.0643,-0.1475,1.9343,4.4758,1.4282,0,1,1,1,3.2921,5.0,1.7079,0.6584,0,2,2,3.2921,0.037,0,0,0,1,2.0,0.5174,0.5043,0.1155,0.4855,0.4783,0.0837,0.5174,834.0,873.0,0.5395,0.4388,1.6528,1.4672,39.0,-0.1007,AMBIGUOUS,0
23,11,2,3,50.0505,66.3901,46.8207,48.3865,66.6605,46.4983,1.7165,-1.6641,0.2704,-0.3225,0.4208,1.6641,-0.9695,0.1575,-0.1879,1.024,0.2529,0.24072,0.26352,2.2214,2.3817,0.0228,1.0947,0,1,0,0.0,0.0,0.0,0.0,0.0,0.0,1,1,2,1,1.7165,4.6325,2.916,0.3705,1,2,2,1.7165,1.766,0,1,0,1,1.0,0.3809,0.3245,0.1994,0.4098,0.3635,0.1891,0.4098,875.0,913.0,0.4961,0.6123,1.4943,1.6786,38.0,0.1162,AMBIGUOUS,0
23,70,2,3,50.0505,66.3901,46.8207,46.7094,66.6492,50.019,4.6325,-3.3412,0.2591,3.1983,3.2088,3.3412,-0.7213,0.0559,0.6904,2.0561,0.9604,0.24072,0.19438,2.2214,1.7568,-0.04635,0.8075,0,1,0,0.0,0.0,0.0,0.0,0.0,0.0,1,1,2,2,1.7165,1.7165,-2.916,2.6988,1,1,2,1.7278,-2.9047,0,1,0,1,1.0,0.3809,0.3245,0.1994,0.4194,0.4156,0.0558,0.4194,875.0,853.0,0.4961,0.3951,1.4943,1.4254,-22.0,-0.101,AMBIGUOUS,0
24,38,2,3,57.0523,59.5877,18.5437,55.8138,59.1714,16.8263,2.158,-1.2385,-0.4163,-1.7175,1.7672,1.2385,-0.5739,-0.1929,-0.7959,0.7622,1.4269,0.23624,0.23154,2.1801,2.0927,-0.00471,0.9801,0,1,0,0.0,0.0,0.0,0.0,0.0,0.0,1,1,1,1,2.158,5.0,2.842,0.4316,1,2,2,2.158,1.5336,0,1,0,0,0.5,0.2632,0.1773,0.1945,0.6055,0.5638,0.221,0.6055,859.0,847.0,0.5422,0.54,1.6265,1.604,-12.0,-0.0022,AMBIGUOUS,0
25,105,2,3,98.4007,53.275,39.5896,100.4317,54.8888,41.4494,3.1919,2.031,1.6138,1.8597,2.4623,2.031,0.6363,0.5056,0.5826,1.2499,1.2123,0.23567,0.15502,2.1748,1.4011,-0.08065,0.6578,0,1,0,0.0,0.0,0.0,0.0,0.0,0.0,0,1,1,1,3.1919,5.0,1.8081,0.6384,0,2,2,3.1919,0.3846,0,1,0,0,0.5,0.7493,0.7243,0.1918,0.3217,0.3183,0.0466,0.7493,925.0,618.0,0.4951,0.4266,1.5044,1.5387,-307.0,-0.0685,AMBIGUOUS,0
26,32,2,3,68.464,68.5158,84.4777,69.1961,69.0855,84.3536,0.936,0.7321,0.5697,-0.1242,0.5831,0.7321,0.7822,0.6087,-0.1327,0.4505,0.7964,0.23518,0.23856,2.1703,2.1562,0.00339,1.0144,0,1,0,0.0,0.0,0.0,0.0,0.0,0.0,1,2,2,1,0.936,3.1122,2.1762,0.3007,1,2,2,0.936,2.5099,0,1,0,1,1.0,0.2569,0.214,0.1422,0.6949,0.6789,0.1482,0.6949,917.0,782.0,0.4785,0.639,1.4262,1.7383,-135.0,0.1605,AMBIGUOUS,0
26,36,2,3,68.464,68.5158,84.4777,65.4133,68.9276,84.9359,3.1122,-3.0506,0.4118,0.4582,0.6161,3.0506,-0.9802,0.1323,0.1472,1.8773,0.202,0.23518,0.2319,2.1703,2.096,-0.00328,0.9861,0,1,0,0.0,0.0,0.0,0.0,0.0,0.0,1,2,2,2,0.936,0.936,-2.1762,3.3251,0,1,1,3.1122,1.8878,0,1,0,1,1.0,0.2569,0.214,0.1422,0.4358,0.4133,0.1381,0.4358,917.0,829.0,0.4785,0.5081,1.4262,1.536,-88.0,0.0296,AMBIGUOUS,0
27,41,2,3,51.5892,65.0629,41.368,48.7092,65.8231,40.8823,3.018,-2.88,0.7602,-0.4858,0.9021,2.88,-0.9543,0.2519,-0.161,1.7723,0.3132,0.23501,0.22857,2.1688,2.0659,-0.00644,0.9726,1,2,1,0.7633,1.3738,1.4761,2.1562,4.1832,1.2875,0,2,2,1,3.018,3.0997,0.0817,0.9736,0,1,2,3.018,1.7389,0,2,0,2,1.0,0.4213,0.4108,0.0937,0.1548,0.0408,0.1494,0.4213,1058.0,1003.0,0.5834,0.5713,1.6698,1.6277,-55.0,-0.0121,AMBIGUOUS,0
27,57,2,3,51.5892,65.0629,41.368,52.1878,64.7474,38.3431,3.0997,0.5985,-0.3155,-3.0249,3.0413,0.5985,0.1931,-0.1018,-0.9759,0.3683,5.0812,0.23501,0.21153,2.1688,1.9119,-0.02348,0.9001,1,2,1,0.7633,1.3738,1.4761,2.1562,4.8105,1.6646,0,2,2,2,3.018,3.018,-0.0817,1.0271,2,3,3,1.2735,-1.8261,0,2,0,2,1.0,0.4213,0.4108,0.0937,0.2882,0.1878,0.2187,0.4213,1058.0,849.0,0.5834,0.4758,1.6698,1.5529,-209.0,-0.1076,AMBIGUOUS,0
28,9,2,3,82.3195,63.7002,69.4307,80.0203,63.871,67.9514,2.7393,-2.2992,0.1708,-1.4793,1.4891,2.2992,-0.8393,0.0623,-0.54,1.4149,0.6477,0.23401,0.26436,2.1595,2.3893,0.03035,1.1297,1,2,1,-1.862,0.1144,-0.4162,1.9114,1.1509,0.061,1,1,2,1,2.7393,4.7936,2.0543,0.5715,1,1,2,2.7393,2.2076,0,0,0,1,2.0,0.5626,0.5555,0.0895,0.4194,0.3953,0.1402,0.5626,807.0,907.0,0.5691,0.6021,1.6144,1.6054,100.0,0.033,AMBIGUOUS,0
28,64,2,3,82.3195,63.7002,69.4307,84.4644,62.9762,65.2054,4.7936,2.1449,-0.7241,-4.2253,4.2869,2.1449,0.4475,-0.151,-0.8815,1.3199,1.9986,0.23401,0.20081,2.1595,1.8149,-0.0332,0.8581,1,2,1,-1.862,0.1144,-0.4162,1.9114,5.5918,1.253,1,1,2,2,2.7393,2.7393,-2.0543,1.7499,1,1,2,1.2371,-3.5565,0,0,0,1,2.0,0.5626,0.5555,0.0895,0.2041,0.0356,0.201,0.5626,807.0,740.0,0.5691,0.4854,1.6144,1.5786,-67.0,-0.0836,AMBIGUOUS,0
29,37,2,3,67.6946,60.5386,33.3324,68.3722,60.5583,33.1598,0.6996,0.6777,0.0197,-0.1727,0.1738,0.6777,0.9687,0.0281,-0.2468,0.417,0.2564,0.23388,0.23189,2.1583,2.0959,-0.00199,0.9915,1,3,1,-2.0136,-0.3366,-0.6595,2.1454,2.758,1.8377,2,3,3,1,0.6996,2.2461,1.5465,0.3115,1,1,1,0.6996,4.3004,0,0,1,2,3.0,0.5559,0.5554,0.0212,0.1975,0.1222,0.1551,0.5559,975.0,941.0,0.4966,0.4919,1.5256,1.5897,-34.0,-0.0047,AMBIGUOUS,0
29,59,2,3,67.6946,60.5386,33.3324,65.5114,60.3737,32.8306,2.2461,-2.1832,-0.1649,-0.5018,0.5282,2.1832,-0.972,-0.0734,-0.2234,1.3435,0.242,0.23388,0.20816,2.1583,1.8814,-0.02571,0.8901,1,3,1,-2.0136,-0.3366,-0.6595,2.1454,0.2883,0.0076,2,3,3,2,0.6996,0.6996,-1.5465,3.2106,1,1,1,2.2461,2.7539,0,0,1,1,2.0,0.5559,0.5554,0.0212,0.5404,0.5114,0.1747,0.5559,975.0,984.0,0.4966,0.4054,1.5256,1.437,9.0,-0.0912,AMBIGUOUS,0
29,45,2,3,67.6946,60.5386,33.3324,69.3967,60.8562,36.1759,3.3292,1.7022,0.3175,2.8434,2.8611,1.7022,0.5113,0.0954,0.8541,1.0475,1.6809,0.23388,0.2246,2.1583,2.03,-0.00928,0.9603,1,3,1,-2.0136,-0.3366,-0.6595,2.1454,5.1483,1.7574,2,3,3,3,0.6996,0.6996,-2.6296,4.7587,0,2,2,3.2921,-0.037,0,0,0,1,2.0,0.5559,0.5554,0.0212,0.4855,0.4783,0.0837,0.5559,975.0,873.0,0.4966,0.4388,1.5256,1.4672,-102.0,-0.0578,AMBIGUOUS,0
31,49,2,3,40.0461,67.2752,37.9189,37.2646,66.7219,37.7117,2.8435,-2.7814,-0.5533,-0.2073,0.5908,2.7814,-0.9782,-0.1946,-0.0729,1.7117,0.2124,0.22946,0.22223,2.1175,2.0086,-0.00723,0.9685,1,3,1,-1.4178,0.184,-0.4642,1.5032,1.5714,0.0787,1,1,1,1,2.8435,5.0,2.1565,0.5687,1,1,1,2.8435,2.1565,0,1,0,1,1.0,0.6168,0.5789,0.2128,0.1625,0.1104,0.1193,0.6168,876.0,936.0,0.4957,0.4425,1.5439,1.4703,60.0,-0.0532,AMBIGUOUS,0
32,57,2,3,54.9495,64.7014,39.1451,52.1878,64.7474,38.3431,2.8761,-2.7617,0.046,-0.802,0.8033,2.7617,-0.9602,0.016,-0.2788,1.6995,0.2909,0.2293,0.21153,2.116,1.9119,-0.01777,0.9225,1,3,1,-1.4608,0.7439,0.7707,1.8115,2.157,0.3377,1,1,2,1,2.8761,4.2933,1.4171,0.6699,2,3,3,1.2735,-1.6026,0,2,0,2,1.0,0.3506,0.3005,0.1807,0.2882,0.1878,0.2187,0.3506,889.0,849.0,0.4167,0.4758,1.5578,1.5529,-40.0,0.0591,AMBIGUOUS,0
32,154,2,3,54.9495,64.7014,39.1451,57.9753,66.3006,41.7372,4.2933,3.0259,1.5991,2.5921,3.0457,3.0259,0.7048,0.3725,0.6038,1.8621,1.0066,0.2293,0.05567,2.116,0.5031,-0.17363,0.2428,1,3,1,-1.4608,0.7439,0.7707,1.8115,4.9173,1.1585,1,1,2,2,2.8761,2.8761,-1.4171,1.4927,0,0,2,4.2933,0.5166,0,2,0,0,0.3333,0.3506,0.3005,0.1807,0.5416,0.5247,0.1343,0.5416,889.0,416.0,0.4167,0.1959,1.5578,1.1945,-473.0,-0.2208,AMBIGUOUS,0
33,12,2,3,62.7059,54.1026,5.8239,61.2424,54.481,4.5424,1.9818,-1.4636,0.3784,-1.2815,1.3362,1.4636,-0.7385,0.1909,-0.6467,0.9007,0.913,0.22851,0.26337,2.1087,2.3803,0.03486,1.1525,0,1,0,0.0,0.0,0.0,0.0,0.0,0.0,1,1,1,1,1.9818,5.0,3.0182,0.3964,1,3,3,1.9818,1.6138,0,1,0,0,0.5,0.6865,0.6691,0.1539,0.5148,0.5076,0.0855,0.6865,887.0,1014.0,0.4214,0.5585,1.4829,1.735,127.0,0.1372,AMBIGUOUS,0
34,14,2,3,89.8702,64.8961,89.8282,88.0302,64.9128,89.7638,1.8412,-1.84,0.0166,-0.0644,0.0665,1.84,-0.9993,0.009,-0.035,1.1323,0.0361,0.22806,0.25997,2.1045,2.3496,0.03191,1.1399,1,2,1,-1.6386,0.9354,-0.0305,1.887,0.9412,0.1272,2,2,3,1,1.8412,2.9736,1.1324,0.6192,1,1,2,1.8412,2.3298,0,1,0,2,1.5,0.5081,0.4952,0.114,0.294,0.2802,0.089,0.5081,859.0,917.0,0.4909,0.5893,1.4266,1.5388,58.0,0.0984,AMBIGUOUS,0
34,107,2,3,89.8702,64.8961,89.8282,92.4568,64.667,91.2771,2.9736,2.5866,-0.2291,1.4489,1.4669,2.5866,0.8699,-0.0771,0.4873,1.5918,0.5671,0.22806,0.15126,2.1045,1.3671,-0.07679,0.6633,1,2,1,-1.6386,0.9354,-0.0305,1.887,4.6257,1.8014,2,2,3,2,1.8412,1.8412,-1.1324,1.6151,2,2,2,2.14,-0.8336,0,1,0,2,1.5,0.5081,0.4952,0.114,0.2244,0.1682,0.1485,0.5081,859.0,733.0,0.4909,0.3163,1.4266,1.3657,-126.0,-0.1746,AMBIGUOUS,0
34,87,2,3,89.8702,64.8961,89.8282,88.3027,65.496,93.8062,4.3176,-1.5675,0.5999,3.978,4.023,1.5675,-0.363,0.1389,0.9214,0.9646,2.5665,0.22806,0.17773,2.1045,1.6064,-0.05032,0.7793,1,2,1,-1.6386,0.9354,-0.0305,1.887,4.0231,0.6308,2,2,3,3,1.8412,1.8412,-2.4764,2.345,1,1,2,2.9183,-1.3992,0,1,0,2,1.5,0.5081,0.4952,0.114,0.5612,0.5527,0.0973,0.5612,859.0,742.0,0.4909,0.4075,1.4266,1.4498,-117.0,-0.0834,AMBIGUOUS,0
35,28,2,3,41.339,57.6796,27.1647,39.9359,58.0669,27.304,1.4622,-1.403,0.3873,0.1394,0.4116,1.403,-0.9596,0.2649,0.0953,0.8634,0.2933,0.22783,0.24235,2.1025,2.1904,0.01452,1.0637,0,1,0,0.0,0.0,0.0,0.0,0.0,0.0,1,2,2,1,1.4622,3.5866,2.1244,0.4077,1,2,2,1.4622,2.056,0,1,1,1,1.0,0.716,0.714,0.0546,0.6949,0.6891,0.0894,0.716,945.0,964.0,0.4925,0.5492,1.5235,1.6257,19.0,0.0567,AMBIGUOUS,0
35,33,2,3,41.339,57.6796,27.1647,39.4877,57.9223,30.2269,3.5866,-1.8513,0.2427,3.0622,3.0718,1.8513,-0.5162,0.0677,0.8538,1.1393,1.6593,0.22783,0.23566,2.1025,2.1299,0.00782,1.0343,0,1,0,0.0,0.0,0.0,0.0,0.0,0.0,1,2,2,2,1.4622,1.4622,-2.1244,2.4529,1,2,2,1.5508,-2.0358,0,1,1,1,1.0,0.716,0.714,0.0546,0.5424,0.4877,0.2376,0.716,945.0,893.0,0.4925,0.531,1.5235,1.6296,-52.0,0.0385,AMBIGUOUS,0
36,32,2,3,72.5675,68.5999,84.8755,69.1961,69.0855,84.3536,3.4459,-3.3714,0.4856,-0.5219,0.7128,3.3714,-0.9784,0.1409,-0.1515,2.0747,0.2114,0.2274,0.23856,2.0985,2.1562,0.01116,1.0491,1,2,1,0.3068,0.4431,-0.8581,1.0133,3.6937,1.1063,0,1,1,1,3.4459,5.0,1.5541,0.6892,1,2,2,0.936,-2.5099,0,1,0,1,1.0,0.5612,0.5575,0.0642,0.6949,0.6789,0.1482,0.6949,751.0,782.0,0.5654,0.639,1.6353,1.7383,31.0,0.0737,AMBIGUOUS,0
37,56,2,3,58.6275,52.5589,2.9945,55.4659,52.6514,2.5011,3.2012,-3.1616,0.0925,-0.4934,0.502,3.1616,-0.9876,0.0289,-0.1541,1.9456,0.1588,0.22707,0.21417,2.0954,1.9357,-0.01289,0.9432,1,2,1,-1.8427,0.1498,0.1887,1.8584,1.4859,0.034,0,2,2,1,3.2012,3.5956,0.3944,0.8903,0,1,1,3.2012,1.7988,0,0,0,0,1.0,0.2496,0.1275,0.2145,0.2768,0.2159,0.1732,0.2768,1027.0,1017.0,0.492,0.4277,1.6594,1.6276,-10.0,-0.0643,AMBIGUOUS,0
37,12,2,3,58.6275,52.5589,2.9945,61.2424,54.481,4.5424,3.5956,2.6149,1.9221,1.5478,2.4679,2.6149,0.7273,0.5346,0.4305,1.6092,0.9438,0.22707,0.26337,2.0954,2.3803,0.0363,1.1599,1,2,1,-1.8427,0.1498,0.1887,1.8584,4.9859,1.6343,0,2,2,2,3.2012,3.2012,-0.3944,1.1232,1,3,3,1.9818,-1.6138,0,0,0,0,1.0,0.2496,0.1275,0.2145,0.5148,0.5076,0.0855,0.5148,1027.0,1014.0,0.492,0.5585,1.6594,1.735,-13.0,0.0665,AMBIGUOUS,0
38,68,2,3,48.3664,71.0222,69.2084,45.2282,71.1371,69.1767,3.1404,-3.1381,0.1148,-0.0317,0.1191,3.1381,-0.9993,0.0366,-0.0101,1.9312,0.038,0.2267,0.19688,2.092,1.7794,-0.02982,0.8684,1,2,1,-0.8413,0.3107,-0.8121,1.2099,2.4337,0.2889,0,1,1,1,3.1404,5.0,1.8596,0.6281,0,1,1,3.1404,1.8596,0,1,0,0,0.5,0.4166,0.3836,0.1625,0.298,0.2718,0.1221,0.4166,953.0,817.0,0.4621,0.4133,1.4855,1.4478,-136.0,-0.0489,AMBIGUOUS,0
39,48,2,3,92.2448,54.7798,40.9841,94.3992,55.408,43.2399,3.1819,2.1544,0.6282,2.2558,2.3416,2.1544,0.6771,0.1974,0.7089,1.3258,1.0869,0.22487,0.22243,2.0751,2.0104,-0.00244,0.9892,0,1,0,0.0,0.0,0.0,0.0,0.0,0.0,0,2,3,1,3.1819,3.9846,0.8026,0.7986,0,2,2,3.1778,-0.0041,0,1,0,0,0.5,0.3884,0.3802,0.0795,0.2805,0.1492,0.2375,0.3884,892.0,866.0,0.4709,0.4978,1.5158,1.5775,-26.0,0.0269,AMBIGUOUS,0
39,17,2,3,92.2448,54.7798,40.9841,92.1868,54.2883,37.0304,3.9846,-0.058,-0.4915,-3.9537,3.9841,0.058,-0.0146,-0.1233,-0.9923,0.0357,68.6475,0.22487,0.25564,2.0751,2.3105,0.03077,1.1368,0,1,0,0.0,0.0,0.0,0.0,0.0,0.0,0,2,3,2,3.1819,3.1819,-0.8026,1.2522,1,2,2,0.873,-3.1116,0,1,1,1,1.0,0.3884,0.3802,0.0795,0.467,0.4382,0.1614,0.467,892.0,949.0,0.4709,0.5604,1.5158,1.6495,57.0,0.0895,AMBIGUOUS,0
39,18,2,3,92.2448,54.7798,40.9841,89.7366,54.634,37.5915,4.2216,-2.5082,-0.1458,-3.3926,3.3958,2.5082,-0.5941,-0.0345,-0.8036,1.5435,1.3539,0.22487,0.25529,2.0751,2.3074,0.03042,1.1353,0,1,0,0.0,0.0,0.0,0.0,0.0,0.0,0,2,3,3,3.1819,3.1819,-1.0397,1.3267,1,1,2,2.7191,-1.5025,0,1,1,1,1.0,0.3884,0.3802,0.0795,0.4532,0.3616,0.2732,0.4532,892.0,891.0,0.4709,0.4863,1.5158,1.5163,-1.0,0.0154,AMBIGUOUS,0
40,54,2,3,22.7996,60.4334,10.9528,22.7538,60.7778,9.8101,1.1944,-0.0457,0.3443,-1.1427,1.1935,0.0457,-0.0383,0.2883,-0.9568,0.0281,26.1139,0.22447,0.21435,2.0715,1.9374,-0.01012,0.9549,0,1,0,0.0,0.0,0.0,0.0,0.0,0.0,1,1,1,1,1.1944,5.0,3.8056,0.2389,1,1,2,1.1944,3.1421,0,1,0,0,0.5,0.1108,0.0496,0.0991,0.1707,0.0038,0.1707,0.1707,907.0,900.0,0.4275,0.4283,1.5017,1.4123,-7.0,0.0008,AMBIGUOUS,0
41,29,2,3,52.0584,58.9076,10.9295,52.9516,58.9422,9.1922,1.9537,0.8932,0.0346,-1.7373,1.7376,0.8932,0.4572,0.0177,-0.8892,0.5496,1.9455,0.2241,0.23906,2.0681,2.1606,0.01495,1.0667,1,3,1,1.5835,1.0737,1.6256,2.5106,3.5869,1.2799,1,1,2,1,1.9537,4.4312,2.4774,0.4409,2,2,2,1.9537,0.6147,0,1,0,1,1.0,0.0704,0.0584,0.0393,0.6912,0.6734,0.1557,0.6912,986.0,856.0,0.4626,0.4983,1.5617,1.5631,-130.0,0.0358,AMBIGUOUS,0
41,39,2,3,52.0584,58.9076,10.9295,51.3733,57.0701,6.9559,4.4312,-0.6852,-1.8376,-3.9736,4.3779,0.6852,-0.1546,-0.4147,-0.8967,0.4216,6.3896,0.2241,0.22946,2.0681,2.0739,0.00535,1.0239,1,3,1,1.5835,1.0737,1.6256,2.5106,6.7062,1.8555,1,1,2,2,1.9537,1.9537,-2.4774,2.2681,1,1,2,1.0454,-3.3858,0,1,0,2,1.5,0.0704,0.0584,0.0393,0.6583,0.6267,0.2013,0.6583,986.0,916.0,0.4626,0.4786,1.5617,1.6584,-70.0,0.0161,AMBIGUOUS,0
42,44,2,3,48.4962,60.9482,17.5321,45.1399,60.6313,16.2686,3.6002,-3.3563,-0.3169,-1.2636,1.3027,3.3563,-0.9322,-0.088,-0.351,2.0654,0.3881,0.22127,0.22579,2.0419,2.0407,0.00452,1.0204,1,2,1,0.3451,0.1007,0.7092,0.7951,4.215,1.7288,0,1,2,1,3.6002,4.4516,0.8514,0.8087,1,2,2,2.5347,-1.0655,1,1,0,2,1.5,0.2619,0.2538,0.0643,0.3742,0.3601,0.1018,0.3742,964.0,958.0,0.435,0.4362,1.5331,1.4987,-6.0,0.0012,AMBIGUOUS,0
42,58,2,3,48.4962,60.9482,17.5321,45.1825,62.2644,20.1975,4.4516,-3.3137,1.3162,2.6654,2.9726,3.3137,-0.7444,0.2957,0.5987,2.0392,0.8971,0.22127,0.20822,2.0419,1.8819,-0.01305,0.941,1,2,1,0.3451,0.1007,0.7092,0.7951,4.3232,0.7515,0,1,2,2,3.6002,3.6002,-0.8514,1.2365,0,1,3,3.3612,-1.0904,1,1,1,2,1.5,0.2619,0.2538,0.0643,0.3546,0.3175,0.1579,0.3546,964.0,856.0,0.435,0.3946,1.5331,1.4774,-108.0,-0.0404,AMBIGUOUS,0
43,51,2,3,18.7954,63.4001,16.7529,15.6976,63.4968,15.9788,3.1945,-3.0978,0.0967,-0.7741,0.7801,3.0978,-0.9697,0.0303,-0.2423,1.9064,0.2518,0.21936,0.21977,2.0243,1.9863,0.00041,1.0019,1,3,1,-1.3229,-0.139,0.8784,1.594,2.4366,0.3314,0,1,1,1,3.1945,5.0,1.8055,0.6389,0,1,1,3.1945,1.8055,0,1,0,0,0.5,0.7116,0.7046,0.0998,0.5816,0.5524,0.1818,0.7116,900.0,911.0,0.4923,0.4891,1.4773,1.5362,11.0,-0.0031,AMBIGUOUS,0
44,47,2,3,68.1781,55.0192,16.2578,68.156,55.1438,15.6767,0.5947,-0.022,0.1246,-0.5811,0.5943,0.022,-0.0371,0.2095,-0.9771,0.0136,26.9619,0.21835,0.22253,2.015,2.0113,0.00418,1.0192,1,2,1,-0.3761,0.0105,-1.6936,1.7349,1.1731,0.0369,2,3,3,1,0.5947,2.8608,2.2661,0.2079,1,1,3,0.5947,4.0888,0,2,0,2,1.0,0.1898,0.0719,0.1756,0.2191,0.094,0.1979,0.2191,987.0,924.0,0.4961,0.4457,1.5927,1.5014,-63.0,-0.0505,AMBIGUOUS,0
44,55,2,3,68.1781,55.0192,16.2578,65.3667,55.0399,16.7871,2.8608,-2.8114,0.0207,0.5293,0.5297,2.8114,-0.9827,0.0072,0.185,1.7301,0.1884,0.21835,0.21423,2.015,1.9362,-0.00412,0.9811,1,2,1,-0.3761,0.0105,-1.6936,1.7349,3.2973,0.9675,2,3,3,2,0.5947,0.5947,-2.2661,4.8105,1,1,2,2.8608,1.9208,0,2,0,2,1.0,0.1898,0.0719,0.1756,0.436,0.3667,0.2358,0.436,987.0,923.0,0.4961,0.3851,1.5927,1.4055,-64.0,-0.111,AMBIGUOUS,0
44,67,2,3,68.1781,55.0192,16.2578,67.7265,56.3872,19.3413,3.4034,-0.4515,1.368,3.0835,3.3733,0.4515,-0.1327,0.4019,0.906,0.2779,7.4708,0.21835,0.19706,2.015,1.781,-0.02129,0.9025,1,2,1,-0.3761,0.0105,-1.6936,1.7349,4.9668,1.8532,2,3,3,3,0.5947,0.5947,-2.8087,5.7229,1,2,5,1.175,-2.2284,0,2,0,2,1.0,0.1898,0.0719,0.1756,0.5531,0.5235,0.1785,0.5531,987.0,870.0,0.4961,0.3741,1.5927,1.4058,-117.0,-0.122,AMBIGUOUS,0
45,20,2,3,99.5924,65.5173,99.1745,100.1668,65.6336,97.058,2.1962,0.5743,0.1163,-2.1165,2.1197,0.5743,0.2615,0.0529,-0.9637,0.3534,3.6908,0.2168,0.25233,2.0007,2.2806,0.03554,1.1639,1,2,1,-0.9883,0.4168,2.0996,2.3577,4.5064,1.9585,1,1,1,1,2.1962,5.0,2.8038,0.4392,2,2,2,1.7272,-0.469,0,1,0,1,1.0,0.483,0.4674,0.1216,0.6111,0.5832,0.1825,0.6111,836.0,801.0,0.547,0.7365,1.562,1.8224,-35.0,0.1895,AMBIGUOUS,0
46,40,2,3,97.0854,60.6239,69.3602,94.135,61.3015,69.658,3.0418,-2.9504,0.6776,0.2978,0.7401,2.9504,-0.9699,0.2227,0.0979,1.8156,0.2509,0.21634,0.22881,1.9964,2.068,0.01247,1.0576,1,2,1,-1.4875,-0.2297,-0.9468,1.7781,2.1242,0.2695,0,1,1,1,3.0418,5.0,1.9582,0.6084,1,2,2,0.9513,-2.0905,1,1,0,0,0.5,0.4385,0.4146,0.1427,0.2254,0.115,0.1939,0.4385,779.0,877.0,0.502,0.5075,1.5242,1.546,98.0,0.0056,AMBIGUOUS,0
47,58,2,3,48.5108,61.8017,20.1226,45.1825,62.2644,20.1975,3.3612,-3.3284,0.4627,0.0749,0.4687,3.3284,-0.9902,0.1377,0.0223,2.0482,0.1408,0.21609,0.20822,1.9941,1.8819,-0.00787,0.9636,1,2,1,-0.1136,-0.638,-2.2015,2.2949,4.09,1.0106,0,1,1,1,3.3612,5.0,1.6388,0.6722,0,1,3,3.3612,1.0904,1,1,1,2,1.5,0.3097,0.2392,0.1968,0.3546,0.3175,0.1579,0.3546,958.0,856.0,0.4219,0.3946,1.5109,1.4774,-102.0,-0.0273,AMBIGUOUS,0
48,5,2,3,34.0172,72.5209,61.1735,32.013,72.6666,60.9416,2.0229,-2.0043,0.1457,-0.2319,0.2739,2.0043,-0.9908,0.072,-0.1146,1.2334,0.1366,0.21412,0.27479,1.976,2.4836,0.06067,1.2833,1,2,1,0.237,0.3587,0.3393,0.5477,2.3227,1.4526,1,1,1,1,2.0229,5.0,2.9771,0.4046,1,1,1,2.0229,2.9771,0,0,0,0,1.0,0.2824,0.1078,0.2611,0.4898,0.487,0.0523,0.4898,816.0,1209.0,0.5591,0.7942,1.5587,1.9034,393.0,0.2351,AMBIGUOUS,0
49,67,2,3,68.4768,56.2053,20.227,67.7265,56.3872,19.3413,1.175,-0.7503,0.1818,-0.8857,0.9042,0.7503,-0.6386,0.1548,-0.7538,0.4617,1.2052,0.21358,0.19706,1.971,1.781,-0.01653,0.9226,1,2,1,-2.6441,0.0959,-0.3104,2.664,1.9812,0.2728,1,1,3,1,1.175,4.6835,3.5085,0.2509,1,2,5,1.175,2.2284,0,3,0,2,0.75,0.2813,0.2268,0.1664,0.5531,0.5235,0.1785,0.5531,984.0,870.0,0.4569,0.3741,1.5138,1.4058,-114.0,-0.0828,AMBIGUOUS,0
49,47,2,3,68.4768,56.2053,20.227,68.156,55.1438,15.6767,4.6835,-0.3208,-1.0615,-4.5503,4.6725,0.3208,-0.0685,-0.2266,-0.9716,0.1974,14.565,0.21358,0.22253,1.971,2.0113,0.00895,1.0419,1,2,1,-2.6441,0.0959,-0.3104,2.664,4.9714,0.827,1,1,3,2,1.175,1.175,-3.5085,3.9861,1,1,3,0.5947,-4.0888,0,3,0,2,0.75,0.2813,0.2268,0.1664,0.2191,0.094,0.1979,0.2813,984.0,924.0,0.4569,0.4457,1.5138,1.5014,-60.0,-0.0112,AMBIGUOUS,0
49,55,2,3,68.4768,56.2053,20.227,65.3667,55.0399,16.7871,4.7817,-3.1101,-1.1654,-3.4399,3.632,3.1101,-0.6504,-0.2437,-0.7194,1.9139,1.1678,0.21358,0.21423,1.971,1.9362,0.00064,1.003,1,2,1,-2.6441,0.0959,-0.3104,2.664,3.4062,0.2794,1,1,3,3,1.175,1.175,-3.6067,4.0696,1,1,2,2.8608,-1.9208,0,3,0,2,0.75,0.2813,0.2268,0.1664,0.436,0.3667,0.2358,0.436,984.0,923.0,0.4569,0.3851,1.5138,1.4055,-61.0,-0.0718,AMBIGUOUS,0
50,61,2,3,52.6698,62.1759,27.4037,50.9555,62.0757,26.9815,1.7683,-1.7142,-0.1003,-0.4221,0.4339,1.7142,-0.9694,-0.0567,-0.2387,1.0549,0.2531,0.21277,0.20545,1.9634,1.8569,-0.00731,0.9656,0,1,0,0.0,0.0,0.0,0.0,0.0,0.0,1,1,3,1,1.7683,4.0384,2.2701,0.4379,1,1,1,1.7683,3.2317,0,0,0,0,1.0,0.6951,0.6698,0.186,0.61,0.5805,0.1873,0.6951,936.0,977.0,0.437,0.4359,1.4785,1.4744,41.0,-0.0011,AMBIGUOUS,0
50,19,2,3,52.6698,62.1759,27.4037,56.6511,62.0442,26.7403,4.0384,3.9813,-0.1317,-0.6634,0.6764,3.9813,0.9859,-0.0326,-0.1643,2.45,0.1699,0.21277,0.25488,1.9634,2.3037,0.04212,1.1979,0,1,0,0.0,0.0,0.0,0.0,0.0,0.0,1,1,3,2,1.7683,1.7683,-2.2701,2.2837,0,1,3,3.2556,-0.7827,0,0,0,1,2.0,0.6951,0.6698,0.186,0.2606,0.2239,0.1333,0.6951,936.0,1193.0,0.437,0.6625,1.4785,1.9319,257.0,0.2255,AMBIGUOUS,0
50,26,2,3,52.6698,62.1759,27.4037,55.521,63.506,31.1995,4.9302,2.8512,1.3301,3.7959,4.0221,2.8512,0.5783,0.2698,0.7699,1.7546,1.4107,0.21277,0.24353,1.9634,2.201,0.03076,1.1446,0,1,0,0.0,0.0,0.0,0.0,0.0,0.0,1,1,3,3,1.7683,1.7683,-3.1619,2.7881,1,1,2,1.5811,-3.3491,0,0,0,1,2.0,0.6951,0.6698,0.186,0.3119,0.271,0.1544,0.6951,936.0,1091.0,0.437,0.5507,1.4785,1.7044,155.0,0.1137,AMBIGUOUS,0
51,132,2,3,72.4762,56.0381,17.9308,76.0109,57.3815,16.9423,3.9084,3.5346,1.3434,-0.9885,1.6679,3.5346,0.9044,0.3437,-0.2529,2.1751,0.4719,0.21238,0.11811,1.9599,1.0675,-0.09427,0.5561,1,2,1,0.0751,0.9934,1.2557,1.6029,4.1385,0.9427,0,1,4,1,3.9084,4.9234,1.015,0.7938,2,3,3,1.8327,-2.0756,0,4,0,0,0.2,0.6516,0.6488,0.0609,0.3963,0.3641,0.1565,0.6516,877.0,582.0,0.4126,0.3186,1.4616,1.3765,-295.0,-0.0939,AMBIGUOUS,0
51,149,2,3,72.4762,56.0381,17.9308,73.0829,59.6999,21.1655,4.9234,0.6067,3.6618,3.2346,4.8859,0.6067,0.1232,0.7438,0.657,0.3733,8.0536,0.21238,0.08536,1.9599,0.7715,-0.12702,0.4019,1,2,1,0.0751,0.9934,1.2557,1.6029,3.3643,0.0186,0,1,4,2,3.9084,3.9084,-1.015,1.2597,0,1,3,3.1594,-1.7639,0,4,0,0,0.2,0.6516,0.6488,0.0609,0.0614,0.0421,0.0447,0.6516,877.0,586.0,0.4126,0.2241,1.4616,1.119,-291.0,-0.1885,AMBIGUOUS,0
51,47,2,3,72.4762,56.0381,17.9308,68.156,55.1438,15.6767,4.9543,-4.3202,-0.8943,-2.2541,2.4251,4.3202,-0.872,-0.1805,-0.455,2.6586,0.5613,0.21238,0.22253,1.9599,2.0113,0.01015,1.0478,1,2,1,0.0751,0.9934,1.2557,1.6029,5.9331,1.5092,0,1,4,3,3.9084,3.9084,-1.0459,1.2676,1,1,3,0.5947,-4.3596,0,4,0,2,0.6,0.6516,0.6488,0.0609,0.2191,0.094,0.1979,0.6516,877.0,924.0,0.4126,0.4457,1.4616,1.5014,47.0,0.0331,AMBIGUOUS,0
51,67,2,3,72.4762,56.0381,17.9308,67.7265,56.3872,19.3413,4.967,-4.7497,0.349,1.4104,1.453,4.7497,-0.9563,0.0703,0.284,2.9229,0.3059,0.21238,0.19706,1.9599,1.781,-0.01533,0.9278,1,2,1,0.0751,0.9934,1.2557,1.6029,4.8701,0.7788,0,1,4,4,3.9084,3.9084,-1.0586,1.2709,1,2,5,1.175,-3.792,0,4,0,2,0.6,0.6516,0.6488,0.0609,0.5531,0.5235,0.1785,0.6516,877.0,870.0,0.4126,0.3741,1.4616,1.4058,-7.0,-0.0384,AMBIGUOUS,0
52,69,2,3,48.2033,70.0414,64.509,45.8835,70.2712,63.211,2.6682,-2.3198,0.2298,-1.298,1.3182,2.3198,-0.8694,0.0861,-0.4865,1.4276,0.5682,0.20818,0.19671,1.9211,1.7779,-0.01147,0.9449,0,1,0,0.0,0.0,0.0,0.0,0.0,0.0,1,1,1,1,2.6682,5.0,2.3318,0.5336,1,1,1,2.6682,2.3318,0,1,0,0,0.5,0.5777,0.5467,0.1867,0.4172,0.3835,0.1643,0.5777,917.0,912.0,0.3969,0.3734,1.4101,1.411,-5.0,-0.0235,AMBIGUOUS,0
53,12,2,3,64.551,53.2608,2.819,61.2424,54.481,4.5424,3.925,-3.3087,1.2202,1.7234,2.1116,3.3087,-0.843,0.3109,0.4391,2.0361,0.6382,0.20458,0.26337,1.8879,2.3803,0.05879,1.2874,0,1,0,0.0,0.0,0.0,0.0,0.0,0.0,0,1,1,1,3.925,5.0,1.075,0.785,1,3,3,1.9818,-1.9433,0,1,0,0,0.5,0.4516,0.449,0.0488,0.5148,0.5076,0.0855,0.5148,892.0,1014.0,0.3783,0.5585,1.4999,1.735,122.0,0.1802,AMBIGUOUS,0
54,52,2,3,11.1213,66.1997,34.2678,9.5622,67.4251,35.6342,2.4082,-1.5591,1.2254,1.3663,1.8354,1.5591,-0.6474,0.5089,0.5674,0.9594,1.1772,0.20401,0.21872,1.8827,1.9768,0.01471,1.0721,0,1,0,0.0,0.0,0.0,0.0,0.0,0.0,1,1,4,1,2.4082,4.3089,1.9007,0.5589,1,1,2,2.4082,1.9311,0,1,0,2,1.5,0.2917,0.2537,0.1441,0.2209,0.1878,0.1165,0.2917,954.0,974.0,0.4229,0.435,1.5154,1.567,20.0,0.0121,AMBIGUOUS,0
54,63,2,3,11.1213,66.1997,34.2678,12.7887,69.9495,32.9542,4.3089,1.6673,3.7498,-1.3136,3.9732,1.6673,0.387,0.8702,-0.3049,1.0261,2.383,0.20401,0.20196,1.8827,1.8253,-0.00205,0.9899,0,1,0,0.0,0.0,0.0,0.0,0.0,0.0,1,1,4,2,2.4082,2.4082,-1.9007,1.7893,1,1,3,1.6887,-2.6202,0,1,0,2,1.5,0.2917,0.2537,0.1441,0.2291,0.2113,0.0886,0.2917,954.0,843.0,0.4229,0.4162,1.5154,1.5219,-111.0,-0.0068,AMBIGUOUS,0
54,84,2,3,11.1213,66.1997,34.2678,6.8563,66.2174,32.7644,4.5223,-4.2651,0.0177,-1.5035,1.5036,4.2651,-0.9431,0.0039,-0.3325,2.6247,0.3525,0.20401,0.18278,1.8827,1.652,-0.02123,0.8959,0,1,0,0.0,0.0,0.0,0.0,0.0,0.0,1,1,4,3,2.4082,2.4082,-2.1142,1.8779,0,0,1,4.5223,0.4777,0,1,0,2,1.5,0.2917,0.2537,0.1441,0.3835,0.3563,0.1419,0.3835,954.0,991.0,0.4229,0.3189,1.5154,1.4058,37.0,-0.1041,AMBIGUOUS,0
54,66,2,3,11.1213,66.1997,34.2678,9.092,68.4382,30.4411,4.8757,-2.0293,2.2385,-3.8268,4.4334,2.0293,-0.4162,0.4591,-0.7849,1.2488,2.1847,0.20401,0.19969,1.8827,1.8048,-0.00432,0.9788,0,1,0,0.0,0.0,0.0,0.0,0.0,0.0,1,1,4,4,2.4082,2.4082,-2.4676,2.0247,0,1,2,3.0811,-1.7947,0,1,0,2,1.5,0.2917,0.2537,0.1441,0.6849,0.658,0.1902,0.6849,954.0,975.0,0.4229,0.4326,1.5154,1.5044,21.0,0.0097,AMBIGUOUS,0
55,79,2,3,40.1205,67.9206,41.8913,36.97,68.3389,42.5555,3.2468,-3.1505,0.4183,0.6642,0.7849,3.1505,-0.9703,0.1288,0.2046,1.9388,0.2491,0.20395,0.18954,1.8821,1.7131,-0.01441,0.9293,1,2,1,-1.2635,-0.0205,-1.1258,1.6925,2.6377,0.4132,0,1,1,1,3.2468,5.0,1.7532,0.6494,0,1,1,3.2468,1.7532,0,1,0,1,1.0,0.5125,0.5045,0.0904,0.4267,0.405,0.1344,0.5125,936.0,833.0,0.3714,0.3621,1.4058,1.4298,-103.0,-0.0093,AMBIGUOUS,0
56,48,2,3,97.4868,54.6921,43.4692,94.3992,55.408,43.2399,3.1778,-3.0876,0.7159,-0.2293,0.7517,3.0876,-0.9716,0.2253,-0.0722,1.9001,0.2435,0.20327,0.22243,1.8758,2.0104,0.01917,1.0943,1,2,1,-2.5958,0.7449,0.5051,2.7474,0.8844,0.0342,0,2,2,1,3.1778,3.5765,0.3987,0.8885,0,2,2,3.1778,0.0041,0,1,0,0,0.5,0.1522,0.0132,0.1516,0.2805,0.1492,0.2375,0.2805,749.0,866.0,0.5066,0.4978,1.6447,1.5775,117.0,-0.0088,AMBIGUOUS,0
56,105,2,3,97.4868,54.6921,43.4692,100.4317,54.8888,41.4494,3.5765,2.9449,0.1967,-2.0198,2.0294,2.9449,0.8234,0.055,-0.5648,1.8123,0.6891,0.20327,0.15502,1.8758,1.4011,-0.04825,0.7626,1,2,1,-2.5958,0.7449,0.5051,2.7474,6.1135,1.8669,0,2,2,2,3.1778,3.1778,-0.3987,1.1255,0,2,2,3.1919,-0.3846,0,1,0,0,0.5,0.1522,0.0132,0.1516,0.3217,0.3183,0.0466,0.3217,749.0,618.0,0.5066,0.4266,1.6447,1.5387,-131.0,-0.08,AMBIGUOUS,0
57,42,2,3,84.0765,60.9489,54.319,85.0917,61.3259,53.848,1.181,1.0152,0.377,-0.471,0.6034,1.0152,0.8596,0.3193,-0.3989,0.6248,0.5943,0.20255,0.22838,1.8692,2.0641,0.02583,1.1275,0,1,0,0.0,0.0,0.0,0.0,0.0,0.0,1,2,2,1,1.181,3.1165,1.9356,0.3789,1,2,3,1.181,1.9862,0,2,0,2,1.0,0.4399,0.4235,0.119,0.6197,0.5917,0.1841,0.6197,732.0,809.0,0.5353,0.5542,1.5128,1.5467,77.0,0.0189,AMBIGUOUS,0
57,35,2,3,84.0765,60.9489,54.319,81.1952,61.2664,53.1743,3.1165,-2.8813,0.3175,-1.1447,1.1879,2.8813,-0.9245,0.1019,-0.3673,1.7731,0.4123,0.20255,0.23261,1.8692,2.1024,0.03006,1.1484,0,1,0,0.0,0.0,0.0,0.0,0.0,0.0,1,2,2,2,1.181,1.181,-1.9356,2.6389,0,2,2,3.1165,0.7064,0,2,0,2,1.0,0.4399,0.4235,0.119,0.1047,0.0548,0.0892,0.4399,732.0,870.0,0.5353,0.494,1.5128,1.4248,138.0,-0.0412,AMBIGUOUS,0
58,40,2,3,94.8573,60.7362,69.9104,94.135,61.3015,69.658,0.9513,-0.7223,0.5652,-0.2524,0.619,0.7223,-0.7593,0.5942,-0.2654,0.4445,0.8571,0.20254,0.22881,1.8691,2.068,0.02627,1.1297,1,2,1,-1.3542,-0.5066,-1.0947,1.8135,1.5025,0.4388,1,1,1,1,0.9513,5.0,4.0487,0.1903,1,2,2,0.9513,2.0905,1,1,0,0,0.5,0.6408,0.6073,0.2044,0.2254,0.115,0.1939,0.6408,829.0,877.0,0.4306,0.5075,1.5083,1.546,48.0,0.0769,AMBIGUOUS,0
59,80,2,3,41.5822,67.3454,57.677,38.7092,67.48,57.5354,2.8796,-2.873,0.1346,-0.1415,0.1953,2.873,-0.9977,0.0467,-0.0492,1.768,0.068,0.20136,0.18729,1.8582,1.6928,-0.01407,0.9301,1,2,1,-0.5524,-0.3563,0.3352,0.7379,2.4193,0.298,1,1,1,1,2.8796,5.0,2.1204,0.5759,1,1,1,2.8796,2.1204,0,0,0,0,1.0,0.6742,0.6678,0.0927,0.3309,0.2908,0.1579,0.6742,897.0,880.0,0.3732,0.3303,1.339,1.3064,-17.0,-0.0429,AMBIGUOUS,0
60,65,2,3,42.7834,60.0217,16.9757,41.0485,59.8527,15.974,2.0104,-1.7348,-0.169,-1.0017,1.0158,1.7348,-0.8629,-0.084,-0.4983,1.0676,0.5855,0.20063,0.20031,1.8514,1.8104,-0.00032,0.9984,1,2,1,-1.6887,-0.2024,-0.573,1.7947,0.4325,0.0195,2,2,4,1,2.0104,2.5347,0.5244,0.7931,1,1,1,2.0104,2.9896,0,0,0,1,2.0,0.5502,0.5334,0.1349,0.4629,0.4235,0.1869,0.5502,1017.0,1049.0,0.4372,0.476,1.4725,1.487,32.0,0.0389,AMBIGUOUS,0
60,44,2,3,42.7834,60.0217,16.9757,45.1399,60.6313,16.2686,2.5347,2.3565,0.6096,-0.7071,0.9336,2.3565,0.9297,0.2405,-0.279,1.4502,0.3962,0.20063,0.22579,1.8514,2.0407,0.02516,1.1254,1,2,1,-1.6887,-0.2024,-0.573,1.7947,4.1281,1.8128,2,2,4,2,2.0104,2.0104,-0.5244,1.2608,1,2,2,2.5347,1.0655,0,0,0,2,3.0,0.5502,0.5334,0.1349,0.3742,0.3601,0.1018,0.5502,1017.0,958.0,0.4372,0.4362,1.4725,1.4987,-59.0,-0.001,AMBIGUOUS,0
60,77,2,3,42.7834,60.0217,16.9757,42.7723,61.9641,20.8768,4.3579,-0.0111,1.9424,3.9011,4.3579,0.0111,-0.0025,0.4457,0.8952,0.0068,393.2824,0.20063,0.18986,1.8514,1.716,-0.01076,0.9463,1,2,1,-1.6887,-0.2024,-0.573,1.7947,5.2376,1.3337,2,2,4,3,2.0104,2.0104,-2.3476,2.1677,0,0,1,4.3579,0.6421,0,0,1,1,2.0,0.5502,0.5334,0.1349,0.5785,0.5223,0.2488,0.5785,1017.0,895.0,0.4372,0.3739,1.4725,1.4319,-122.0,-0.0633,AMBIGUOUS,0
60,58,2,3,42.7834,60.0217,16.9757,45.1825,62.2644,20.1975,4.6006,2.3991,2.2427,3.2218,3.9255,2.3991,0.5215,0.4875,0.7003,1.4764,1.6362,0.20063,0.20822,1.8514,1.8819,0.00759,1.0378,1,2,1,-1.6887,-0.2024,-0.573,1.7947,6.0901,1.7692,2,2,4,4,2.0104,2.0104,-2.5902,2.2884,0,1,3,3.3612,-1.2394,0,0,1,2,3.0,0.5502,0.5334,0.1349,0.3546,0.3175,0.1579,0.5502,1017.0,856.0,0.4372,0.3946,1.4725,1.4774,-161.0,-0.0426,AMBIGUOUS,0
61,20,2,3,99.5748,64.9727,95.5761,100.1668,65.6336,97.058,1.7272,0.592,0.6608,1.4819,1.6225,0.592,0.3428,0.3826,0.858,0.3643,2.7408,0.19926,0.25233,1.8388,2.2806,0.05308,1.2664,0,1,0,0.0,0.0,0.0,0.0,0.0,0.0,2,2,2,1,1.7272,2.7635,1.0364,0.625,2,2,2,1.7272,0.469,0,1,0,1,1.0,0.4632,0.4498,0.1108,0.6111,0.5832,0.1825,0.6111,782.0,801.0,0.4685,0.7365,1.5017,1.8224,19.0,0.268,AMBIGUOUS,0
61,72,2,3,99.5748,64.9727,95.5761,97.2859,65.5043,94.1216,2.7635,-2.2889,0.5316,-1.4545,1.5486,2.2889,-0.8282,0.1924,-0.5263,1.4086,0.6766,0.19926,0.19366,1.8388,1.7503,-0.0056,0.9719,0,1,0,0.0,0.0,0.0,0.0,0.0,0.0,2,2,2,2,1.7272,1.7272,-1.0364,1.6001,1,1,1,2.7635,2.2365,0,1,0,1,1.0,0.4632,0.4498,0.1108,0.2682,0.2141,0.1616,0.4632,782.0,804.0,0.4685,0.4894,1.5017,1.6203,22.0,0.0209,AMBIGUOUS,0
62,100,2,3,34.0047,71.1025,74.0488,31.9411,71.3064,72.6196,2.5185,-2.0636,0.204,-1.4292,1.4437,2.0636,-0.8194,0.081,-0.5675,1.2699,0.6996,0.19844,0.16187,1.8312,1.463,-0.03657,0.8157,1,2,1,-1.8051,0.2726,0.7855,1.9874,2.2308,0.4689,1,1,1,1,2.5185,5.0,2.4815,0.5037,1,1,1,2.5185,2.4815,0,0,0,0,1.0,0.1642,0.1203,0.1117,0.5998,0.5589,0.2174,0.5998,886.0,772.0,0.3749,0.3242,1.3685,1.346,-114.0,-0.0507,AMBIGUOUS,0
63,62,2,3,33.1079,59.574,7.6918,31.3363,58.7413,6.205,2.4582,-1.7716,-0.8327,-1.4868,1.7041,1.7716,-0.7207,-0.3387,-0.6049,1.0902,0.9619,0.19705,0.20311,1.8184,1.8357,0.00606,1.0307,0,1,0,0.0,0.0,0.0,0.0,0.0,0.0,1,1,1,1,2.4582,5.0,2.5418,0.4916,1,1,1,2.4582,2.5418,0,0,0,0,1.0,0.6255,0.6079,0.1473,0.5024,0.4613,0.1989,0.6255,889.0,824.0,0.375,0.4431,1.3666,1.4709,-65.0,0.068,AMBIGUOUS,0
64,70,2,3,48.4235,66.8611,49.9747,46.7094,66.6492,50.019,1.7278,-1.7142,-0.2119,0.0443,0.2164,1.7142,-0.9921,-0.1226,0.0256,1.0549,0.1263,0.19571,0.19438,1.806,1.7568,-0.00133,0.9932,1,3,1,-0.5071,-0.2582,0.2442,0.6192,1.2244,0.1263,1,2,2,1,1.7278,3.4824,1.7546,0.4961,1,1,2,1.7278,2.9047,0,1,0,1,1.0,0.3682,0.3265,0.1703,0.4194,0.4156,0.0558,0.4194,783.0,853.0,0.4268,0.3951,1.4416,1.4254,70.0,-0.0317,AMBIGUOUS,0
64,11,2,3,48.4235,66.8611,49.9747,48.3865,66.6605,46.4983,3.4824,-0.0371,-0.2006,-3.4765,3.4822,0.0371,-0.0106,-0.0576,-0.9983,0.0228,93.8944,0.19571,0.26352,1.806,2.3817,0.06781,1.3465,1,3,1,-0.5071,-0.2582,0.2442,0.6192,3.7507,1.361,1,2,2,2,1.7278,1.7278,-1.7546,2.0155,1,2,2,1.7165,-1.766,0,1,0,1,1.0,0.3682,0.3265,0.1703,0.4098,0.3635,0.1891,0.4098,783.0,913.0,0.4268,0.6123,1.4416,1.6786,130.0,0.1855,AMBIGUOUS,0
65,107,2,3,90.9877,65.3587,92.671,92.4568,64.667,91.2771,2.14,1.4691,-0.6917,-1.3939,1.5561,1.4691,0.6865,-0.3232,-0.6514,0.9041,1.0592,0.19557,0.15126,1.8048,1.3671,-0.04431,0.7734,0,1,0,0.0,0.0,0.0,0.0,0.0,0.0,2,2,3,1,2.14,2.9183,0.7783,0.7333,2,2,2,2.14,0.8336,0,1,0,2,1.5,0.0673,0.0123,0.0662,0.2244,0.1682,0.1485,0.2244,856.0,733.0,0.3459,0.3163,1.2907,1.3657,-123.0,-0.0296,AMBIGUOUS,0
65,87,2,3,90.9877,65.3587,92.671,88.3027,65.496,93.8062,2.9183,-2.685,0.1373,1.1352,1.1434,2.685,-0.92,0.0471,0.389,1.6523,0.4259,0.19557,0.17773,1.8048,1.6064,-0.01784,0.9088,0,1,0,0.0,0.0,0.0,0.0,0.0,0.0,2,2,3,2,2.14,2.14,-0.7783,1.3637,1,1,2,2.9183,1.3992,0,1,0,2,1.5,0.0673,0.0123,0.0662,0.5612,0.5527,0.0973,0.5612,856.0,742.0,0.3459,0.4075,1.2907,1.4498,-114.0,0.0616,AMBIGUOUS,0
65,14,2,3,90.9877,65.3587,92.671,88.0302,64.9128,89.7638,4.171,-2.9575,-0.4459,-2.9072,2.9412,2.9575,-0.7091,-0.1069,-0.697,1.82,0.9945,0.19557,0.25997,1.8048,2.3496,0.0644,1.3293,0,1,0,0.0,0.0,0.0,0.0,0.0,0.0,2,2,3,3,2.14,2.14,-2.031,1.949,1,1,2,1.8412,-2.3298,0,1,0,2,1.5,0.0673,0.0123,0.0662,0.294,0.2802,0.089,0.294,856.0,917.0,0.3459,0.5893,1.2907,1.5388,61.0,0.2434,AMBIGUOUS,0
66,63,2,3,15.6377,68.2664,30.1621,12.7887,69.9495,32.9542,4.3296,-2.849,1.6831,2.792,3.2601,2.849,-0.658,0.3887,0.6449,1.7532,1.1443,0.19407,0.20196,1.7909,1.8253,0.00789,1.0406,1,2,1,0.7112,0.7636,-1.1663,1.565,5.4027,1.5899,0,0,1,1,4.3296,5.0,0.6704,0.8659,1,1,3,1.6887,-2.6409,0,1,0,2,1.5,0.6206,0.6123,0.101,0.2291,0.2113,0.0886,0.6206,889.0,843.0,0.3732,0.4162,1.4276,1.5219,-46.0,0.043,AMBIGUOUS,0
67,38,2,3,59.171,58.7666,15.3455,55.8138,59.1714,16.8263,3.6916,-3.3573,0.4048,1.4808,1.5351,3.3573,-0.9094,0.1096,0.4011,2.066,0.4573,0.19257,0.23154,1.777,2.0927,0.03897,1.2024,0,1,0,0.0,0.0,0.0,0.0,0.0,0.0,0,1,1,1,3.6916,5.0,1.3084,0.7383,1,2,2,2.158,-1.5336,0,1,0,0,0.5,0.6916,0.671,0.1672,0.6055,0.5638,0.221,0.6916,809.0,847.0,0.4437,0.54,1.5307,1.604,38.0,0.0963,AMBIGUOUS,0
68,78,2,3,4.4678,72.7565,79.0532,4.6585,74.0935,77.7057,1.9078,0.1907,1.337,-1.3475,1.8983,0.1907,0.1,0.7008,-0.7063,0.1174,9.9536,0.1924,0.18961,1.7755,1.7137,-0.00279,0.9855,1,3,1,-0.0636,-2.7598,-0.443,2.7958,4.2032,1.5821,1,2,3,1,1.9078,3.5844,1.6766,0.5323,2,2,2,1.5278,-0.38,1,1,0,2,1.5,0.4412,0.4072,0.1698,0.2894,0.2165,0.192,0.4412,1003.0,865.0,0.4129,0.335,1.45,1.3776,-138.0,-0.0779,AMBIGUOUS,0
68,85,2,3,4.4678,72.7565,79.0532,1.4661,74.3452,77.9071,3.5844,-3.0017,1.5887,-1.1461,1.959,3.0017,-0.8374,0.4432,-0.3197,1.8472,0.6526,0.1924,0.18094,1.7755,1.6354,-0.01146,0.9404,1,3,1,-0.0636,-2.7598,-0.443,2.7958,5.295,1.3678,1,2,3,2,1.9078,1.9078,-1.6766,1.8788,0,2,2,3.5844,0.0362,1,1,1,2,1.5,0.4412,0.4072,0.1698,0.1841,0.1589,0.0929,0.4412,1003.0,980.0,0.4129,0.3802,1.45,1.3864,-23.0,-0.0327,AMBIGUOUS,0
68,95,2,3,4.4678,72.7565,79.0532,0.9369,71.6976,77.4007,4.0397,-3.5309,-1.0589,-1.6525,1.9627,3.5309,-0.874,-0.2621,-0.4091,2.1728,0.5559,0.1924,0.16775,1.7755,1.5161,-0.02465,0.8719,1,3,1,-0.0636,-2.7598,-0.443,2.7958,4.047,0.6566,1,2,3,3,1.9078,1.9078,-2.1319,2.1174,0,1,2,3.9139,-0.1258,1,1,1,2,1.5,0.4412,0.4072,0.1698,0.7414,0.6881,0.2762,0.7414,1003.0,906.0,0.4129,0.4545,1.45,1.4752,-97.0,0.0416,AMBIGUOUS,0
69,119,2,3,83.1649,60.2115,50.0723,84.6841,59.497,49.2711,1.8602,1.5192,-0.7145,-0.8012,1.0735,1.5192,0.8167,-0.3841,-0.4307,0.9349,0.7066,0.19143,0.14081,1.7666,1.2726,-0.05063,0.7355,0,1,0,0.0,0.0,0.0,0.0,0.0,0.0,2,4,5,1,1.8602,2.5122,0.652,0.7405,2,2,2,1.8602,0.2747,1,2,0,3,1.3333,0.3197,0.2899,0.1349,0.2848,0.1841,0.2173,0.3197,818.0,651.0,0.4405,0.3749,1.387,1.4353,-167.0,-0.0657,AMBIGUOUS,0
69,92,2,3,83.1649,60.2115,50.0723,80.7263,60.5556,49.5761,2.5122,-2.4385,0.3441,-0.4962,0.6038,2.4385,-0.9707,0.137,-0.1975,1.5006,0.2476,0.19143,0.17161,1.7666,1.551,-0.01983,0.8964,0,1,0,0.0,0.0,0.0,0.0,0.0,0.0,2,4,5,2,1.8602,1.8602,-0.652,1.3505,1,2,2,2.5122,0.8814,1,2,1,3,1.3333,0.3197,0.2899,0.1349,0.5244,0.5237,0.0279,0.5244,818.0,853.0,0.4405,0.3717,1.387,1.3098,35.0,-0.0688,AMBIGUOUS,0
69,90,2,3,83.1649,60.2115,50.0723,80.904,60.1364,47.411,3.4928,-2.2609,-0.0751,-2.6613,2.6623,2.2609,-0.6473,-0.0215,-0.7619,1.3913,1.1776,0.19143,0.17215,1.7666,1.5559,-0.01928,0.8993,0,1,0,0.0,0.0,0.0,0.0,0.0,0.0,2,4,5,3,1.8602,1.8602,-1.6326,1.8776,1,2,2,2.5077,-0.9851,1,2,1,2,1.0,0.3197,0.2899,0.1349,0.3665,0.346,0.1208,0.3665,818.0,693.0,0.4405,0.4811,1.387,1.511,-125.0,0.0406,AMBIGUOUS,0
69,35,2,3,83.1649,60.2115,50.0723,81.1952,61.2664,53.1743,3.823,-1.9696,1.0549,3.1021,3.2765,1.9696,-0.5152,0.2759,0.8114,1.2121,1.6635,0.19143,0.23261,1.7666,2.1024,0.04118,1.2151,0,1,0,0.0,0.0,0.0,0.0,0.0,0.0,2,4,5,4,1.8602,1.8602,-1.9627,2.0551,0,2,2,3.1165,-0.7064,1,2,0,2,1.0,0.3197,0.2899,0.1349,0.1047,0.0548,0.0892,0.3197,818.0,870.0,0.4405,0.494,1.387,1.4248,52.0,0.0535,AMBIGUOUS,0
69,42,2,3,83.1649,60.2115,50.0723,85.0917,61.3259,53.848,4.383,1.9268,1.1145,3.7757,3.9368,1.9268,0.4396,0.2543,0.8614,1.1858,2.0431,0.19143,0.22838,1.7666,2.0641,0.03695,1.193,0,1,0,0.0,0.0,0.0,0.0,0.0,0.0,2,4,5,5,1.8602,1.8602,-2.5228,2.3562,1,2,3,1.181,-3.202,1,2,0,2,1.0,0.3197,0.2899,0.1349,0.6197,0.5917,0.1841,0.6197,818.0,809.0,0.4405,0.5542,1.387,1.5467,-9.0,0.1137,AMBIGUOUS,0
70,82,2,3,6.7037,75.2954,88.1122,7.7368,74.5375,87.504,1.4183,1.033,-0.7579,-0.6082,0.9718,1.033,0.7284,-0.5344,-0.4288,0.6357,0.9407,0.18944,0.18509,1.7482,1.6728,-0.00435,0.977,0,1,0,0.0,0.0,0.0,0.0,0.0,0.0,1,2,2,1,1.4183,3.324,1.9057,0.4267,2,2,2,1.4183,0.0945,1,1,0,1,1.0,0.2506,0.2037,0.146,0.4626,0.3882,0.2515,0.4626,976.0,948.0,0.3602,0.3504,1.3702,1.3619,-28.0,-0.0098,AMBIGUOUS,0
70,74,2,3,6.7037,75.2954,88.1122,3.442,74.6574,88.169,3.324,-3.2617,-0.638,0.0567,0.6405,3.2617,-0.9813,-0.1919,0.0171,2.0072,0.1964,0.18944,0.19172,1.7482,1.7328,0.00228,1.0121,0,1,0,0.0,0.0,0.0,0.0,0.0,0.0,1,2,2,2,1.4183,1.4183,-1.9057,2.3436,0,1,1,3.324,1.676,1,1,1,2,1.5,0.2506,0.2037,0.146,0.2136,0.192,0.0934,0.2506,976.0,1004.0,0.3602,0.3816,1.3702,1.4478,28.0,0.0214,AMBIGUOUS,0
71,125,2,3,59.993,71.055,99.4728,59.4605,71.5838,98.757,1.0371,-0.5325,0.5288,-0.7159,0.89,0.5325,-0.5134,0.5099,-0.6902,0.3277,1.6714,0.18891,0.12713,1.7433,1.149,-0.06179,0.6729,0,1,0,0.0,0.0,0.0,0.0,0.0,0.0,1,3,3,1,1.0371,3.0673,2.0301,0.3381,1,1,1,1.0371,3.9629,0,0,0,2,3.0,0.1494,0.132,0.0701,0.6708,0.6645,0.0921,0.6708,734.0,536.0,0.5263,0.367,1.5392,1.4202,-198.0,-0.1592,AMBIGUOUS,0
71,116,2,3,59.993,71.055,99.4728,57.1179,70.7191,100.4872,3.0673,-2.8751,-0.3359,1.0144,1.0686,2.8751,-0.9374,-0.1095,0.3307,1.7693,0.3717,0.18891,0.14187,1.7433,1.2822,-0.04705,0.7509,0,1,0,0.0,0.0,0.0,0.0,0.0,0.0,1,3,3,2,1.0371,1.0371,-2.0301,2.9575,0,1,1,3.0673,1.9327,0,0,1,2,3.0,0.1494,0.132,0.0701,0.2839,0.2429,0.1469,0.2839,734.0,634.0,0.5263,0.368,1.5392,1.3714,-100.0,-0.1583,AMBIGUOUS,0
71,98,2,3,59.993,71.055,99.4728,56.6353,71.0837,97.5736,3.8577,-3.3577,0.0287,-1.8992,1.8994,3.3577,-0.8704,0.0074,-0.4923,2.0663,0.5657,0.18891,0.16372,1.7433,1.4798,-0.02519,0.8666,0,1,0,0.0,0.0,0.0,0.0,0.0,0.0,1,3,3,3,1.0371,1.0371,-2.8206,3.7196,0,1,1,3.8577,1.1423,0,0,1,2,3.0,0.1494,0.132,0.0701,0.2509,0.2397,0.0743,0.2509,734.0,630.0,0.5263,0.5175,1.5392,1.5085,-104.0,-0.0088,AMBIGUOUS,0
72,34,2,3,80.7826,67.6874,92.0218,77.8257,68.0013,90.7979,3.2156,-2.9569,0.314,-1.2239,1.2635,2.9569,-0.9196,0.0976,-0.3806,1.8196,0.4273,0.18689,0.23481,1.7246,2.1222,0.04792,1.2564,1,2,1,-0.9774,0.431,-1.0622,1.5065,1.9895,0.1071,0,1,1,1,3.2156,5.0,1.7844,0.6431,0,1,2,3.2156,1.1321,0,1,0,0,0.5,0.5308,0.4674,0.2515,0.3099,0.1743,0.2563,0.5308,718.0,875.0,0.478,0.5387,1.4996,1.5721,157.0,0.0607,AMBIGUOUS,0
73,54,2,3,25.8534,61.1156,12.8239,22.7538,60.7778,9.8101,4.3364,-3.0995,-0.3378,-3.0139,3.0327,3.0995,-0.7148,-0.0779,-0.695,1.9074,0.9784,0.18612,0.21435,1.7176,1.9374,0.02823,1.1517,1,2,1,-2.0171,-0.5191,-0.5533,2.1551,2.6942,0.1338,0,0,1,1,4.3364,5.0,0.6636,0.8673,1,1,2,1.1944,-3.1421,0,1,0,0,0.5,0.2902,0.1466,0.2504,0.1707,0.0038,0.1707,0.2902,897.0,900.0,0.3413,0.4283,1.3778,1.4123,3.0,0.087,AMBIGUOUS,0
74,119,2,3,83.3789,59.782,47.6059,84.6841,59.497,49.2711,2.135,1.3053,-0.285,1.6653,1.6895,1.3053,0.6114,-0.1335,0.78,0.8032,1.2944,0.18522,0.14081,1.7093,1.2726,-0.04442,0.7602,0,1,0,0.0,0.0,0.0,0.0,0.0,0.0,2,3,3,1,2.135,2.5077,0.3727,0.8514,2,2,2,1.8602,-0.2747,1,1,0,3,2.0,0.5133,0.5039,0.0978,0.2848,0.1841,0.2173,0.5133,670.0,651.0,0.5154,0.3749,1.5371,1.4353,-19.0,-0.1405,AMBIGUOUS,0
74,90,2,3,83.3789,59.782,47.6059,80.904,60.1364,47.411,2.5077,-2.4749,0.3543,-0.1949,0.4044,2.4749,-0.9869,0.1413,-0.0777,1.523,0.1634,0.18522,0.17215,1.7093,1.5559,-0.01307,0.9294,0,1,0,0.0,0.0,0.0,0.0,0.0,0.0,2,3,3,2,2.135,2.135,-0.3727,1.1746,1,2,2,2.5077,0.9851,1,1,1,2,1.5,0.5133,0.5039,0.0978,0.3665,0.346,0.1208,0.5133,670.0,693.0,0.5154,0.4811,1.5371,1.511,23.0,-0.0343,AMBIGUOUS,0
74,92,2,3,83.3789,59.782,47.6059,80.7263,60.5556,49.5761,3.3935,-2.6525,0.7736,1.9702,2.1167,2.6525,-0.7816,0.228,0.5806,1.6323,0.798,0.18522,0.17161,1.7093,1.551,-0.01362,0.9265,0,1,0,0.0,0.0,0.0,0.0,0.0,0.0,2,3,3,3,2.135,2.135,-1.2586,1.5895,1,2,2,2.5122,-0.8814,1,1,1,3,2.0,0.5133,0.5039,0.0978,0.5244,0.5237,0.0279,0.5244,670.0,853.0,0.5154,0.3717,1.5371,1.3098,183.0,-0.1437,AMBIGUOUS,0
75,78,2,3,4.5796,72.9461,76.6999,4.6585,74.0935,77.7057,1.5278,0.0789,1.1474,1.0058,1.5258,0.0789,0.0517,0.751,0.6583,0.0486,19.3292,0.18358,0.18961,1.6942,1.7137,0.00603,1.0328,1,3,1,0.86,0.9104,-1.0049,1.6057,2.17,0.9585,1,3,3,1,1.5278,3.6206,2.0927,0.422,2,2,2,1.5278,0.38,1,1,0,2,1.5,0.3548,0.2954,0.1965,0.2894,0.2165,0.192,0.3548,1016.0,865.0,0.3839,0.335,1.4449,1.3776,-151.0,-0.0489,AMBIGUOUS,0
75,85,2,3,4.5796,72.9461,76.6999,1.4661,74.3452,77.9071,3.6206,-3.1135,1.3991,1.2072,1.8479,3.1135,-0.8599,0.3864,0.3334,1.916,0.5935,0.18358,0.18094,1.6942,1.6354,-0.00264,0.9856,1,3,1,0.86,0.9104,-1.0049,1.6057,4.5739,1.4501,1,3,3,2,1.5278,1.5278,-2.0927,2.3697,0,2,2,3.5844,-0.0362,1,1,1,2,1.5,0.3548,0.2954,0.1965,0.1841,0.1589,0.0929,0.3548,1016.0,980.0,0.3839,0.3802,1.4449,1.3864,-36.0,-0.0037,AMBIGUOUS,0
75,95,2,3,4.5796,72.9461,76.6999,0.9369,71.6976,77.4007,3.9139,-3.6427,-1.2485,0.7008,1.4318,3.6427,-0.9307,-0.319,0.179,2.2416,0.3931,0.18358,0.16775,1.6942,1.5161,-0.01584,0.9137,1,3,1,0.86,0.9104,-1.0049,1.6057,5.2767,1.7914,1,3,3,3,1.5278,1.5278,-2.3861,2.5617,0,1,2,3.9139,0.1258,1,1,1,2,1.5,0.3548,0.2954,0.1965,0.7414,0.6881,0.2762,0.7414,1016.0,906.0,0.3839,0.4545,1.4449,1.4752,-110.0,0.0706,AMBIGUOUS,0
76,123,2,3,49.7559,52.5096,14.785,47.2828,54.765,14.7382,3.3473,-2.473,2.2554,-0.0468,2.2558,2.473,-0.7388,0.6738,-0.014,1.5219,0.9122,0.18269,0.13178,1.6859,1.191,-0.05092,0.7213,1,2,1,-1.9856,0.1718,0.392,2.0312,2.1843,0.2235,0,1,1,1,3.3473,5.0,1.6527,0.6695,0,1,1,3.3473,1.6527,0,0,0,0,1.0,0.6478,0.6191,0.1905,0.2096,0.1578,0.1379,0.6478,672.0,627.0,0.7218,0.4493,1.8009,1.424,-45.0,-0.2725,AMBIGUOUS,0
77,42,2,3,87.996,61.0002,55.0687,85.0917,61.3259,53.848,3.1672,-2.9043,0.3257,-1.2207,1.2634,2.9043,-0.917,0.1028,-0.3854,1.7872,0.435,0.18243,0.22838,1.6835,2.0641,0.04596,1.2519,1,2,1,0.7715,0.4748,0.7468,1.174,4.1719,1.8062,0,1,1,1,3.1672,5.0,1.8328,0.6334,1,2,3,1.181,-1.9862,0,1,0,2,1.5,0.312,0.246,0.1919,0.6197,0.5917,0.1841,0.6197,597.0,809.0,0.6017,0.5542,1.6411,1.5467,212.0,-0.0475,AMBIGUOUS,0
78,76,2,3,83.4367,45.4019,11.708,80.8913,46.0198,12.1567,2.6575,-2.5454,0.6179,0.4488,0.7637,2.5454,-0.9578,0.2325,0.1689,1.5664,0.3,0.18132,0.19057,1.6733,1.7224,0.00925,1.051,1,2,1,-1.975,0.4391,-0.2658,2.0406,0.9316,0.0449,1,1,1,1,2.6575,5.0,2.3425,0.5315,1,1,1,2.6575,2.3425,0,0,0,0,1.0,0.5749,0.5617,0.1224,0.3775,0.3587,0.1177,0.5749,651.0,610.0,0.5868,0.6769,1.6554,1.7647,-41.0,0.0901,AMBIGUOUS,0
79,60,2,3,26.9532,67.3642,36.9167,24.2305,67.5959,37.3087,2.7604,-2.7226,0.2317,0.3919,0.4553,2.7226,-0.9863,0.0839,0.142,1.6755,0.1672,0.17994,0.20696,1.6605,1.8705,0.02702,1.1502,0,1,0,0.0,0.0,0.0,0.0,0.0,0.0,1,1,1,1,2.7604,5.0,2.2396,0.5521,1,1,1,2.7604,2.2396,0,0,0,1,2.0,0.6778,0.6718,0.0899,0.2244,0.1445,0.1717,0.6778,785.0,938.0,0.3729,0.4153,1.3843,1.4864,153.0,0.0425,AMBIGUOUS,0
80,88,2,3,32.3029,73.8339,100.0008,29.2893,73.6026,99.0218,3.177,-3.0135,-0.2313,-0.9789,1.0059,3.0135,-0.9486,-0.0728,-0.3081,1.8545,0.3338,0.17841,0.17502,1.6464,1.5819,-0.00339,0.981,1,3,1,-2.0412,0.3501,-0.5171,2.1345,1.2235,0.0302,0,1,1,1,3.177,5.0,1.823,0.6354,0,2,2,3.177,0.5729,0,1,0,1,1.0,0.2315,0.1971,0.1214,0.1315,0.0393,0.1255,0.2315,740.0,763.0,0.4113,0.4036,1.4304,1.3836,23.0,-0.0077,AMBIGUOUS,0
81,82,2,3,9.0909,74.9577,88.0317,7.7368,74.5375,87.504,1.5128,-1.3541,-0.4202,-0.5276,0.6745,1.3541,-0.8951,-0.2777,-0.3488,0.8333,0.4981,0.17816,0.18509,1.6441,1.6728,0.00693,1.0389,1,2,1,0.8489,-0.0251,0.9478,1.2726,2.6807,1.8513,1,1,1,1,1.5128,5.0,3.4872,0.3026,2,2,2,1.4183,-0.0945,1,1,0,1,1.0,0.6995,0.6591,0.2344,0.4626,0.3882,0.2515,0.6995,944.0,948.0,0.3777,0.3504,1.4278,1.3619,4.0,-0.0273,AMBIGUOUS,0
82,91,2,3,33.3655,62.818,23.0655,30.303,63.0815,22.4776,3.1295,-3.0625,0.2635,-0.5879,0.6443,3.0625,-0.9786,0.0842,-0.1879,1.8846,0.2104,0.17738,0.17176,1.6369,1.5524,-0.00563,0.9683,1,2,1,-2.4669,-0.257,-0.6971,2.5764,0.7985,0.0206,0,1,2,1,3.1295,4.3504,1.2209,0.7194,0,1,1,3.1295,1.8705,0,0,0,1,2.0,0.7796,0.7595,0.176,0.5982,0.572,0.175,0.7796,796.0,894.0,0.3597,0.3234,1.3244,1.3319,98.0,-0.0363,AMBIGUOUS,0
82,151,2,3,33.3655,62.818,23.0655,35.653,65.463,25.6534,4.3504,2.2875,2.645,2.5879,3.7005,2.2875,0.5258,0.608,0.5949,1.4077,1.6177,0.17738,0.07009,1.6369,0.6334,-0.1073,0.3951,1,2,1,-2.4669,-0.257,-0.6971,2.5764,6.4667,1.7251,0,1,2,2,3.1295,3.1295,-1.2209,1.3901,0,1,3,3.5311,-0.8193,0,0,0,0,1.0,0.7796,0.7595,0.176,0.1272,0.097,0.0823,0.7796,796.0,499.0,0.3597,0.1615,1.3244,1.2274,-297.0,-0.1982,AMBIGUOUS,0
83,94,2,3,17.4562,73.0833,101.3373,12.9823,73.4994,101.1085,4.4989,-4.4738,0.4161,-0.2288,0.4749,4.4738,-0.9944,0.0925,-0.0509,2.7531,0.1061,0.17648,0.16961,1.6286,1.533,-0.00687,0.9611,0,1,0,0.0,0.0,0.0,0.0,0.0,0.0,0,0,1,1,4.4989,5.0,0.5011,0.8998,1,2,3,2.6383,-1.8606,0,0,0,1,2.0,0.4582,0.4188,0.1858,0.06,0.0177,0.0574,0.4582,836.0,923.0,0.3226,0.2958,1.3267,1.2925,87.0,-0.0268,AMBIGUOUS,0
84,97,2,3,63.9782,65.8562,66.5315,61.3885,66.3256,65.8323,2.7231,-2.5897,0.4693,-0.6992,0.8421,2.5897,-0.951,0.1724,-0.2568,1.5936,0.3252,0.17351,0.16557,1.6012,1.4964,-0.00795,0.9542,1,2,1,-1.4865,0.0394,-0.217,1.5028,1.2784,0.0177,1,1,1,1,2.7231,5.0,2.2769,0.5446,1,1,1,2.7231,2.2769,0,0,0,0,1.0,0.6119,0.6032,0.1032,0.3775,0.3615,0.1086,0.6119,678.0,701.0,0.4596,0.4242,1.4655,1.4621,23.0,-0.0354,AMBIGUOUS,0
86,102,2,3,13.7168,76.1345,79.0787,12.6889,74.0955,81.8988,3.6286,-1.0278,-2.039,2.8201,3.48,1.0278,-0.2833,-0.5619,0.7772,0.6325,3.3857,0.17189,0.16085,1.5862,1.4538,-0.01103,0.9358,1,2,1,-0.9512,0.292,0.8931,1.337,3.0253,0.4021,0,2,2,1,3.6286,3.8419,0.2133,0.9445,0,1,1,3.6286,1.3714,0,0,0,2,3.0,0.7489,0.7168,0.217,0.3854,0.3111,0.2275,0.7489,783.0,940.0,0.3842,0.264,1.364,1.2787,157.0,-0.1202,AMBIGUOUS,0
86,75,2,3,13.7168,76.1345,79.0787,9.9594,75.6412,78.4469,3.8419,-3.7573,-0.4933,-0.6318,0.8016,3.7573,-0.978,-0.1284,-0.1645,2.3122,0.2133,0.17189,0.19139,1.5862,1.7298,0.0195,1.1135,1,2,1,-0.9512,0.292,0.8931,1.337,3.2888,0.4421,0,2,2,2,3.6286,3.6286,-0.2133,1.0588,0,1,1,3.8419,1.1581,0,0,0,2,3.0,0.7489,0.7168,0.217,0.2274,0.2094,0.0886,0.7489,783.0,828.0,0.3842,0.3997,1.364,1.405,45.0,0.0155,AMBIGUOUS,0
87,101,2,3,30.8364,72.7189,95.7222,28.5418,72.7464,94.3967,2.6501,-2.2945,0.0275,-1.3256,1.3258,2.2945,-0.8658,0.0104,-0.5002,1.412,0.5778,0.17052,0.16099,1.5736,1.4551,-0.00953,0.9441,0,1,0,0.0,0.0,0.0,0.0,0.0,0.0,1,2,2,1,2.6501,3.7498,1.0998,0.7067,1,1,1,2.6501,2.3499,0,1,0,1,1.0,0.1576,0.0386,0.1528,0.7237,0.7082,0.1493,0.7237,790.0,750.0,0.3498,0.3472,1.3492,1.3255,-40.0,-0.0026,AMBIGUOUS,0
87,88,2,3,30.8364,72.7189,95.7222,29.2893,73.6026,99.0218,3.7498,-1.547,0.8837,3.2996,3.4159,1.547,-0.4126,0.2357,0.8799,0.952,2.208,0.17052,0.17502,1.5736,1.5819,0.0045,1.0264,0,1,0,0.0,0.0,0.0,0.0,0.0,0.0,1,2,2,2,2.6501,2.6501,-1.0998,1.415,0,2,2,3.177,-0.5729,0,1,0,1,1.0,0.1576,0.0386,0.1528,0.1315,0.0393,0.1255,0.1576,790.0,763.0,0.3498,0.4036,1.3492,1.3836,-27.0,0.0538,AMBIGUOUS,0
89,93,2,3,43.5072,71.4521,78.9729,40.5678,71.0583,79.0126,2.966,-2.9394,-0.3938,0.0397,0.3958,2.9394,-0.9911,-0.1328,0.0134,1.8089,0.1347,0.16669,0.17103,1.5383,1.5458,0.00434,1.026,1,2,1,0.9827,-0.6847,-2.603,2.8653,4.7383,1.3203,1,2,2,1,2.966,3.3803,0.4143,0.8774,1,1,1,2.966,2.034,0,0,1,1,2.0,0.4041,0.3678,0.1674,0.2111,0.0572,0.2032,0.4041,709.0,809.0,0.3924,0.3525,1.3676,1.3053,100.0,-0.0399,AMBIGUOUS,0
89,99,2,3,43.5072,71.4521,78.9729,40.8879,70.5579,77.0323,3.3803,-2.6194,-0.8942,-1.9406,2.1367,2.6194,-0.7749,-0.2645,-0.5741,1.6119,0.8157,0.16669,0.16248,1.5383,1.4685,-0.00422,0.9747,1,2,1,0.9827,-0.6847,-2.603,2.8653,3.6684,0.681,1,2,2,2,2.966,2.966,-0.4143,1.1397,0,1,1,3.3803,1.6197,0,0,1,1,2.0,0.4041,0.3678,0.1674,0.3316,0.2629,0.2022,0.4041,709.0,803.0,0.3924,0.3361,1.3676,1.3235,94.0,-0.0563,AMBIGUOUS,0
90,34,2,3,78.3623,68.6529,95.0628,77.8257,68.0013,90.7979,4.3477,-0.5366,-0.6516,-4.2649,4.3144,0.5366,-0.1234,-0.1499,-0.981,0.3302,8.0399,0.16505,0.23481,1.5231,2.1222,0.06976,1.4227,0,1,0,0.0,0.0,0.0,0.0,0.0,0.0,0,0,1,1,4.3477,5.0,0.6523,0.8695,0,1,2,3.2156,-1.1321,0,1,0,0,0.5,0.3623,0.3623,0.0034,0.3099,0.1743,0.2563,0.3623,609.0,875.0,0.513,0.5387,1.5528,1.5721,266.0,0.0256,AMBIGUOUS,0
91,143,2,3,3.0802,72.5492,43.7598,3.8736,72.4936,46.2495,2.6136,0.7935,-0.0556,2.4896,2.4903,0.7935,0.3036,-0.0213,0.9526,0.4883,3.1384,0.16138,0.09692,1.4893,0.876,-0.06446,0.6006,1,2,1,-1.5988,-0.1344,0.1504,1.6114,3.3468,1.2105,1,1,2,1,2.6136,4.4052,1.7915,0.5933,1,1,2,2.6136,1.8807,0,1,1,1,1.0,0.2662,0.1698,0.205,0.6524,0.6236,0.1917,0.6524,917.0,668.0,0.2897,0.1862,1.2668,1.2033,-249.0,-0.1036,AMBIGUOUS,0
91,139,2,3,3.0802,72.5492,43.7598,6.7018,71.9465,46.1942,4.4052,3.6216,-0.6027,2.4344,2.5079,3.6216,0.8221,-0.1368,0.5526,2.2287,0.6925,0.16138,0.10032,1.4893,0.9067,-0.06106,0.6216,1,2,1,-1.5988,-0.1344,0.1504,1.6114,5.7173,1.7527,1,1,2,2,2.6136,2.6136,-1.7915,1.6855,0,0,1,4.4052,0.5948,0,1,1,1,1.0,0.2662,0.1698,0.205,0.2373,0.2018,0.1249,0.2662,917.0,725.0,0.2897,0.1887,1.2668,1.1936,-192.0,-0.101,AMBIGUOUS,0
92,103,2,3,21.3236,70.4223,85.6183,18.6222,70.2617,84.3084,3.0065,-2.7014,-0.1606,-1.3099,1.3197,2.7014,-0.8985,-0.0534,-0.4357,1.6624,0.4885,0.15633,0.1592,1.4426,1.4389,0.00287,1.0184,0,1,0,0.0,0.0,0.0,0.0,0.0,0.0,0,2,2,1,3.0065,3.6494,0.643,0.8238,0,1,1,3.0065,1.9935,0,3,0,1,0.5,0.2635,0.1986,0.1732,0.7716,0.7472,0.1926,0.7716,740.0,846.0,0.3082,0.292,1.2804,1.2809,106.0,-0.0162,AMBIGUOUS,0
92,83,2,3,21.3236,70.4223,85.6183,21.2721,71.3728,82.0951,3.6494,-0.0515,0.9504,-3.5231,3.6491,0.0515,-0.0141,0.2604,-0.9654,0.0317,70.8948,0.15633,0.18345,1.4426,1.658,0.02712,1.1735,0,1,0,0.0,0.0,0.0,0.0,0.0,0.0,0,2,2,2,3.0065,3.0065,-0.643,1.2139,0,2,2,3.4902,-0.1593,0,3,0,1,0.5,0.2635,0.1986,0.1732,0.1972,0.1471,0.1313,0.2635,740.0,795.0,0.3082,0.4291,1.2804,1.464,55.0,0.121,AMBIGUOUS,0
93,83,2,3,24.0933,71.6087,84.1364,21.2721,71.3728,82.0951,3.4902,-2.8212,-0.2359,-2.0413,2.0549,2.8212,-0.8083,-0.0676,-0.5849,1.7361,0.7284,0.15571,0.18345,1.4369,1.658,0.02774,1.1781,1,3,1,-2.0666,0.1013,-1.3368,2.4634,1.086,0.0073,0,1,1,1,3.4902,5.0,1.5098,0.698,0,2,2,3.4902,0.1593,1,2,0,1,0.6667,0.305,0.2817,0.1167,0.1972,0.1471,0.1313,0.305,730.0,795.0,0.3002,0.4291,1.3292,1.464,65.0,0.129,AMBIGUOUS,0
94,63,2,3,11.5559,69.1064,32.1661,12.7887,69.9495,32.9542,1.6887,1.2328,0.8431,0.7881,1.1541,1.2328,0.73,0.4993,0.4667,0.7586,0.9362,0.15569,0.20196,1.4368,1.8253,0.04627,1.2972,0,1,0,0.0,0.0,0.0,0.0,0.0,0.0,1,2,3,1,1.6887,3.0811,1.3924,0.5481,1,1,3,1.6887,2.6202,0,2,0,2,1.0,0.1997,0.1809,0.0846,0.2291,0.2113,0.0886,0.2291,983.0,843.0,0.278,0.4162,1.2731,1.5219,-140.0,0.1382,AMBIGUOUS,0
94,66,2,3,11.5559,69.1064,32.1661,9.092,68.4382,30.4411,3.0811,-2.4639,-0.6682,-1.725,1.8499,2.4639,-0.7997,-0.2169,-0.5599,1.5163,0.7508,0.15569,0.19969,1.4368,1.8048,0.044,1.2826,0,1,0,0.0,0.0,0.0,0.0,0.0,0.0,1,2,3,2,1.6887,1.6887,-1.3924,1.8245,0,1,2,3.0811,1.7947,0,2,0,2,1.0,0.1997,0.1809,0.0846,0.6849,0.658,0.1902,0.6849,983.0,975.0,0.278,0.4326,1.2731,1.5044,-8.0,0.1546,AMBIGUOUS,0
94,52,2,3,11.5559,69.1064,32.1661,9.5622,67.4251,35.6342,4.3392,-1.9937,-1.6812,3.4681,3.8541,1.9937,-0.4595,-0.3875,0.7992,1.2269,1.9332,0.15569,0.21872,1.4368,1.9768,0.06303,1.4048,0,1,0,0.0,0.0,0.0,0.0,0.0,0.0,1,2,3,3,1.6887,1.6887,-2.6505,2.5696,1,1,2,2.4082,-1.9311,0,2,0,2,1.0,0.1997,0.1809,0.0846,0.2209,0.1878,0.1165,0.2209,983.0,974.0,0.278,0.435,1.2731,1.567,-9.0,0.157,AMBIGUOUS,0
95,143,2,3,1.8074,68.946,44.4207,3.8736,72.4936,46.2495,4.4944,2.0663,3.5476,1.8288,3.9912,2.0663,0.4597,0.7893,0.4069,1.2716,1.9316,0.1556,0.09692,1.4359,0.876,-0.05867,0.6229,1,2,1,-1.8503,-0.0796,0.3162,1.8788,5.5483,1.4177,0,0,1,1,4.4944,5.0,0.5056,0.8989,1,1,2,2.6136,-1.8807,0,1,1,1,1.0,0.2574,0.1824,0.1817,0.6524,0.6236,0.1917,0.6524,887.0,668.0,0.2911,0.1862,1.2764,1.2033,-219.0,-0.1049,AMBIGUOUS,0
96,89,2,3,19.1572,66.1559,23.416,16.313,66.17,22.4295,3.0105,-2.8442,0.0141,-0.9865,0.9866,2.8442,-0.9448,0.0047,-0.3277,1.7503,0.3469,0.15534,0.17477,1.4335,1.5796,0.01943,1.1251,0,1,0,0.0,0.0,0.0,0.0,0.0,0.0,0,1,1,1,3.0105,5.0,1.9895,0.6021,0,2,2,3.0105,0.7311,0,1,0,0,0.5,0.378,0.3428,0.1594,0.117,0.063,0.0987,0.378,670.0,770.0,0.4291,0.3842,1.4744,1.4301,100.0,-0.0448,AMBIGUOUS,0
97,89,2,3,19.354,65.6974,20.3017,16.313,66.17,22.4295,3.7415,-3.0411,0.4726,2.1278,2.1797,3.0411,-0.8128,0.1263,0.5687,1.8714,0.7168,0.15433,0.17477,1.4242,1.5796,0.02044,1.1325,1,2,1,-0.3806,1.2524,2.0961,2.4712,2.7725,0.3284,0,1,1,1,3.7415,5.0,1.2585,0.7483,0,2,2,3.0105,-0.7311,0,2,0,0,0.3333,0.1862,0.146,0.1156,0.117,0.063,0.0987,0.1862,829.0,770.0,0.2977,0.3842,1.3348,1.4301,-59.0,0.0866,AMBIGUOUS,0
98,121,2,3,60.5985,68.1346,71.3326,58.5703,68.2423,69.9284,2.4692,-2.0282,0.1077,-1.4042,1.4083,2.0282,-0.8214,0.0436,-0.5687,1.2481,0.6944,0.15433,0.13597,1.4242,1.229,-0.01835,0.8811,0,1,0,0.0,0.0,0.0,0.0,0.0,0.0,1,1,1,1,2.4692,5.0,2.5308,0.4938,1,1,1,2.4692,2.5308,0,0,0,0,1.0,0.5153,0.4735,0.2033,0.0886,0.0703,0.054,0.5153,598.0,576.0,0.4832,0.3572,1.5235,1.3745,-22.0,-0.126,AMBIGUOUS,0
99,118,2,3,19.5054,70.8987,47.7321,19.5162,71.8463,46.663,1.4287,0.0108,0.9476,-1.0691,1.4286,0.0108,0.0075,0.6633,-0.7483,0.0066,132.5702,0.15139,0.14103,1.397,1.2746,-0.01036,0.9316,0,1,0,0.0,0.0,0.0,0.0,0.0,0.0,1,1,1,1,1.4287,5.0,3.5713,0.2857,1,1,1,1.4287,3.5713,0,0,0,0,1.0,0.28,0.0054,0.28,0.0834,0.0162,0.0818,0.28,681.0,682.0,0.3482,0.3342,1.3605,1.3613,1.0,-0.014,AMBIGUOUS,0
100,109,2,3,15.8049,61.0829,1.752,14.3246,61.1939,1.3067,1.5499,-1.4804,0.1109,-0.4453,0.4589,1.4804,-0.9552,0.0716,-0.2873,0.911,0.31,0.14894,0.14664,1.3744,1.3253,-0.0023,0.9845,0,1,0,0.0,0.0,0.0,0.0,0.0,0.0,1,2,2,1,1.5499,3.7607,2.2108,0.4121,2,2,3,1.5499,0.3111,1,2,0,1,0.6667,0.4851,0.4451,0.1931,0.3471,0.3004,0.1738,0.4851,835.0,806.0,0.2833,0.2866,1.3268,1.328,-29.0,0.0033,AMBIGUOUS,0
100,110,2,3,15.8049,61.0829,1.752,12.8206,61.6997,3.9557,3.7607,-2.9843,0.6167,2.2037,2.2884,2.9843,-0.7936,0.164,0.586,1.8365,0.7668,0.14894,0.14663,1.3744,1.3253,-0.00231,0.9845,0,1,0,0.0,0.0,0.0,0.0,0.0,0.0,1,2,2,2,1.5499,1.5499,-2.2108,2.4264,1,4,4,2.6806,-1.0801,1,2,0,1,0.6667,0.4851,0.4451,0.1931,0.2147,0.1794,0.1181,0.4851,835.0,803.0,0.2833,0.2878,1.3268,1.3299,-32.0,0.0045,AMBIGUOUS,0
101,71,2,3,64.4314,64.5847,54.5421,61.0843,65.1578,53.8727,3.4611,-3.3471,0.5731,-0.6694,0.8812,3.3471,-0.967,0.1656,-0.1934,2.0597,0.2633,0.14552,0.19429,1.3429,1.756,0.04876,1.3351,0,1,0,0.0,0.0,0.0,0.0,0.0,0.0,0,1,1,1,3.4611,5.0,1.5389,0.6922,0,1,1,3.4611,1.5389,0,0,0,0,1.0,0.5782,0.5686,0.105,0.7023,0.6657,0.2237,0.7023,589.0,652.0,0.448,0.6296,1.5198,1.6618,63.0,0.1816,AMBIGUOUS,0
102,120,2,3,74.7967,59.5325,61.4826,72.4079,59.3475,59.5886,3.0542,-2.3888,-0.185,-1.894,1.903,2.3888,-0.7822,-0.0606,-0.6201,1.47,0.7966,0.14346,0.1368,1.3239,1.2364,-0.00666,0.9536,1,2,1,-2.764,0.0349,0.2805,2.7784,2.2176,0.2853,0,1,1,1,3.0542,5.0,1.9458,0.6108,0,1,1,3.0542,1.9458,0,0,0,1,2.0,0.2369,0.0467,0.2323,0.7297,0.7171,0.1348,0.7297,549.0,578.0,0.469,0.5199,1.4574,1.6013,29.0,0.0509,AMBIGUOUS,0
103,131,2,3,7.7465,64.2956,16.5266,4.4289,64.5802,16.9045,3.3511,-3.3176,0.2846,0.3779,0.4731,3.3176,-0.99,0.0849,0.1128,2.0416,0.1426,0.14081,0.11823,1.2994,1.0686,-0.02258,0.8396,1,2,1,-1.6466,0.6977,0.6736,1.911,1.7465,0.0762,0,1,1,1,3.3511,5.0,1.6489,0.6702,1,2,2,1.1559,-2.1953,1,1,1,2,1.5,0.4144,0.3785,0.1688,0.4734,0.4461,0.1586,0.4734,737.0,685.0,0.2706,0.2345,1.3056,1.2608,-52.0,-0.0361,AMBIGUOUS,0
104,73,2,3,4.394,69.9834,66.7578,1.9471,69.8594,66.448,2.4696,-2.4469,-0.124,-0.3099,0.3338,2.4469,-0.9908,-0.0502,-0.1255,1.5058,0.1364,0.13646,0.19223,1.2593,1.7374,0.05577,1.4087,1,2,1,-0.9365,0.3234,-0.7749,1.2578,1.6425,0.1979,1,1,1,1,2.4696,5.0,2.5304,0.4939,1,1,1,2.4696,2.5304,0,0,0,0,1.0,0.5106,0.481,0.1714,0.3679,0.3221,0.1777,0.5106,813.0,956.0,0.2829,0.3546,1.2723,1.3455,143.0,0.0717,AMBIGUOUS,0
105,104,2,3,76.3308,58.1484,56.4536,75.0719,58.1004,55.5708,1.5384,-1.2589,-0.0479,-0.8829,0.8842,1.2589,-0.8183,-0.0312,-0.5739,0.7747,0.7023,0.13499,0.15521,1.2457,1.4028,0.02022,1.1498,0,1,0,0.0,0.0,0.0,0.0,0.0,0.0,1,1,1,1,1.5384,5.0,3.4616,0.3077,1,1,1,1.5384,3.4616,0,0,0,1,2.0,0.0719,0.0442,0.0567,0.3331,0.3219,0.0858,0.3331,522.0,607.0,0.4914,0.4612,1.4583,1.362,85.0,-0.0302,AMBIGUOUS,0
106,115,2,3,10.0762,54.5394,31.2229,7.9418,54.9227,30.5559,2.2688,-2.1344,0.3833,-0.667,0.7693,2.1344,-0.9408,0.1689,-0.294,1.3135,0.3604,0.13464,0.1427,1.2424,1.2898,0.00807,1.0599,1,2,1,-2.9863,-0.0093,0.0474,2.9867,1.179,0.0645,1,1,1,1,2.2688,5.0,2.7312,0.4538,1,1,1,2.2688,2.7312,0,0,0,0,1.0,0.3467,0.3262,0.1175,0.2177,0.1832,0.1176,0.3467,466.0,453.0,0.6064,0.6355,1.614,1.6787,-13.0,0.0291,AMBIGUOUS,0
107,108,2,3,19.38,71.2825,70.9596,21.534,71.8367,66.7593,4.7528,2.154,0.5543,-4.2003,4.2367,2.154,0.4532,0.1166,-0.8837,1.3255,1.9669,0.13328,0.14802,1.2299,1.3378,0.01474,1.1106,1,2,1,-1.9375,0.6414,-0.518,2.1056,5.5052,1.1641,0,0,1,1,4.7528,5.0,0.2472,0.9506,1,2,3,2.9815,-1.7714,0,0,0,0,1.0,0.2608,0.12,0.2315,0.4361,0.409,0.1512,0.4361,705.0,772.0,0.2796,0.2935,1.2994,1.2935,67.0,0.0139,UNMATCHED_SOURCE,0
108,131,2,3,5.4379,64.1959,16.4917,4.4289,64.5802,16.9045,1.1559,-1.0089,0.3842,0.4128,0.564,1.0089,-0.8729,0.3324,0.3572,0.6209,0.559,0.13064,0.11823,1.2056,1.0686,-0.01242,0.9049,0,1,0,0.0,0.0,0.0,0.0,0.0,0.0,1,2,2,1,1.1559,3.5424,2.3865,0.3263,1,2,2,1.1559,2.1953,1,1,1,2,1.5,0.5865,0.5629,0.1648,0.4734,0.4461,0.1586,0.5865,826.0,685.0,0.2285,0.2345,1.2207,1.2608,-141.0,0.006,AMBIGUOUS,0
108,122,2,3,5.4379,64.1959,16.4917,1.9586,64.236,17.1563,3.5424,-3.4793,0.0401,0.6646,0.6658,3.4793,-0.9822,0.0113,0.1876,2.1411,0.1914,0.13064,0.13389,1.2056,1.2101,0.00324,1.0248,0,1,0,0.0,0.0,0.0,0.0,0.0,0.0,1,2,2,2,1.1559,1.1559,-2.3865,3.0647,0,1,1,3.5424,1.4576,1,1,1,1,1.0,0.5865,0.5629,0.1648,0.3499,0.3336,0.1056,0.5865,826.0,810.0,0.2285,0.2535,1.2207,1.2448,-16.0,0.025,AMBIGUOUS,0
109,109,2,3,13.4193,59.6317,1.7577,14.3246,61.1939,1.3067,1.861,0.9053,1.5621,-0.451,1.6259,0.9053,0.4865,0.8394,-0.2424,0.5571,1.796,0.12832,0.14664,1.1842,1.3253,0.01832,1.1427,0,1,0,0.0,0.0,0.0,0.0,0.0,0.0,1,2,2,1,1.861,3.0766,1.2157,0.6049,2,2,3,1.5499,-0.3111,1,3,0,1,0.5,0.4483,0.4193,0.1587,0.3471,0.3004,0.1738,0.4483,835.0,806.0,0.2275,0.2866,1.21,1.328,-29.0,0.0591,AMBIGUOUS,0
109,110,2,3,13.4193,59.6317,1.7577,12.8206,61.6997,3.9557,3.0766,-0.5986,2.0679,2.198,3.0178,0.5986,-0.1946,0.6721,0.7144,0.3684,5.0412,0.12832,0.14663,1.1842,1.3253,0.01831,1.1427,0,1,0,0.0,0.0,0.0,0.0,0.0,0.0,1,2,2,2,1.861,1.861,-1.2157,1.6532,1,4,4,2.6806,-0.396,1,3,0,1,0.5,0.4483,0.4193,0.1587,0.2147,0.1794,0.1181,0.4483,835.0,803.0,0.2275,0.2878,1.21,1.3299,-32.0,0.0603,AMBIGUOUS,0
110,108,2,3,23.8174,72.067,68.6625,21.534,71.8367,66.7593,2.9815,-2.2834,-0.2303,-1.9032,1.9171,2.2834,-0.7659,-0.0772,-0.6383,1.4052,0.8396,0.12717,0.14802,1.1736,1.3378,0.02085,1.1639,1,2,1,-0.884,1.0955,-1.4652,2.0318,1.9768,0.2481,1,1,1,1,2.9815,5.0,2.0185,0.5963,1,2,3,2.9815,0.9338,0,1,0,0,0.5,0.5803,0.5576,0.1609,0.4361,0.409,0.1512,0.5803,644.0,772.0,0.282,0.2935,1.308,1.2935,128.0,0.0115,UNMATCHED_SOURCE,0
111,136,2,3,97.2599,45.3782,44.0117,92.8958,45.3237,45.7991,4.7162,-4.3641,-0.0545,1.7874,1.7882,4.3641,-0.9253,-0.0116,0.379,2.6856,0.4098,0.12701,0.10544,1.172,0.953,-0.02157,0.8302,1,2,1,1.3772,1.0094,0.5381,1.7903,5.9712,1.6044,0,0,1,1,4.7162,5.0,0.2838,0.9432,0,0,2,4.7162,0.0245,1,1,0,0,0.5,0.302,0.2401,0.183,0.3404,0.2708,0.2063,0.3404,452.0,465.0,0.5394,0.4239,1.496,1.328,13.0,-0.1155,AMBIGUOUS,0
113,110,2,3,13.0714,60.5371,6.358,12.8206,61.6997,3.9557,2.6806,-0.2508,1.1626,-2.4023,2.6688,0.2508,-0.0936,0.4337,-0.8962,0.1543,10.6412,0.12404,0.14663,1.1447,1.3253,0.02259,1.1821,0,1,0,0.0,0.0,0.0,0.0,0.0,0.0,1,1,1,1,2.6806,5.0,2.3194,0.5361,1,4,4,2.6806,0.396,1,2,0,1,0.6667,0.1591,0.0714,0.1421,0.2147,0.1794,0.1181,0.2147,674.0,803.0,0.277,0.2878,1.2918,1.3299,129.0,0.0109,AMBIGUOUS,0
114,112,2,3,14.4523,73.1536,67.7634,9.9529,72.2039,66.4377,4.7858,-4.4993,-0.9497,-1.3257,1.6308,4.4993,-0.9402,-0.1984,-0.277,2.7688,0.3625,0.12383,0.14394,1.1427,1.3009,0.02011,1.1624,1,3,1,-1.7018,0.5807,0.311,1.8249,3.5843,0.2336,0,0,1,1,4.7858,5.0,0.2142,0.9572,0,1,2,3.5837,-1.2021,0,2,0,0,0.3333,0.1926,0.1727,0.0852,0.2967,0.2029,0.2165,0.2967,752.0,825.0,0.2501,0.2556,1.2143,1.2404,73.0,0.0055,AMBIGUOUS,0
115,94,2,3,13.3539,75.9119,102.11,12.9823,73.4994,101.1085,2.6383,-0.3716,-2.4124,-1.0014,2.612,0.3716,-0.1408,-0.9144,-0.3796,0.2287,7.0296,0.12321,0.16961,1.137,1.533,0.0464,1.3766,1,2,1,-0.6849,-0.3729,-0.0746,0.7834,2.2621,0.4055,1,2,2,1,2.6383,3.5608,0.9225,0.7409,1,2,3,2.6383,1.3186,0,0,0,1,2.0,0.3853,0.3539,0.1522,0.06,0.0177,0.0574,0.3853,803.0,923.0,0.2673,0.2958,1.2766,1.2925,120.0,0.0285,AMBIGUOUS,0
115,117,2,3,13.3539,75.9119,102.11,9.8777,75.1796,101.8665,3.5608,-3.4762,-0.7323,-0.2435,0.7717,3.4762,-0.9762,-0.2056,-0.0684,2.1392,0.222,0.12321,0.1413,1.137,1.2771,0.01809,1.1468,1,2,1,-0.6849,-0.3729,-0.0746,0.7834,2.8194,0.0421,1,2,2,2,2.6383,2.6383,-0.9225,1.3496,0,1,1,3.5608,1.4392,0,0,0,1,2.0,0.3853,0.3539,0.1522,0.1653,0.1277,0.1049,0.3853,803.0,839.0,0.2673,0.2755,1.2766,1.2552,36.0,0.0082,AMBIGUOUS,0
117,151,2,3,32.3344,65.5581,28.0971,35.653,65.463,25.6534,4.1224,3.3187,-0.0951,-2.4437,2.4455,3.3187,0.805,-0.0231,-0.5928,2.0422,0.7369,0.1214,0.07009,1.1203,0.6334,-0.05131,0.5773,1,2,1,-0.5397,0.1248,-0.1022,0.5633,4.5186,1.6689,0,0,2,1,4.1224,4.6935,0.5711,0.8783,0,1,3,3.5311,-0.5912,1,1,0,0,0.5,0.2342,0.1656,0.1655,0.1272,0.097,0.0823,0.2342,654.0,499.0,0.2645,0.1615,1.2889,1.2274,-155.0,-0.103,AMBIGUOUS,0
117,106,2,3,32.3344,65.5581,28.0971,28.0714,65.0319,26.2052,4.6935,-4.2629,-0.5262,-1.8919,1.9637,4.2629,-0.9083,-0.1121,-0.4031,2.6234,0.4606,0.1214,0.15496,1.1203,1.4006,0.03356,1.2765,1,2,1,-0.5397,0.1248,-0.1022,0.5633,4.182,0.0815,0,0,2,2,4.1224,4.1224,-0.5711,1.1385,1,1,2,1.9702,-2.7233,1,1,0,1,1.0,0.2342,0.1656,0.1655,0.4906,0.4464,0.2035,0.4906,654.0,906.0,0.2645,0.2616,1.2889,1.2708,252.0,-0.0029,AMBIGUOUS,0
118,106,2,3,29.5837,65.2518,27.4488,28.0714,65.0319,26.2052,1.9702,-1.5123,-0.2198,-1.2435,1.2628,1.5123,-0.7676,-0.1116,-0.6312,0.9306,0.835,0.12108,0.15496,1.1173,1.4006,0.03388,1.2798,0,1,0,0.0,0.0,0.0,0.0,0.0,0.0,1,1,1,1,1.9702,5.0,3.0298,0.394,1,1,2,1.9702,2.7233,1,1,0,1,1.0,0.4078,0.3337,0.2343,0.4906,0.4464,0.2035,0.4906,711.0,906.0,0.248,0.2616,1.2819,1.2708,195.0,0.0136,AMBIGUOUS,0
119,141,2,3,16.8499,71.2479,92.76,13.8627,71.2248,92.1694,3.0451,-2.9872,-0.0231,-0.5906,0.5911,2.9872,-0.981,-0.0076,-0.194,1.8383,0.1979,0.12073,0.09773,1.1141,0.8833,-0.02299,0.8095,1,2,1,-1.9494,0.832,1.9557,2.8839,2.8795,0.4706,0,1,3,1,3.0451,4.7083,1.6633,0.6467,0,1,1,3.0451,1.9549,0,0,1,1,2.0,0.6339,0.5999,0.2049,0.7751,0.7623,0.1401,0.7751,649.0,580.0,0.3066,0.251,1.2857,1.2265,-69.0,-0.0555,AMBIGUOUS,0
119,146,2,3,16.8499,71.2479,92.76,16.0135,75.7282,91.5785,4.7083,-0.8364,4.4803,-1.1815,4.6335,0.8364,-0.1776,0.9516,-0.2509,0.5147,5.54,0.12073,0.09514,1.1141,0.8599,-0.02559,0.7881,1,2,1,-1.9494,0.832,1.9557,2.8839,4.9387,0.7756,0,1,3,2,3.0451,3.0451,-1.6633,1.5462,0,0,1,4.7083,0.2917,0,0,0,1,2.0,0.6339,0.5999,0.2049,0.3363,0.2365,0.2391,0.6339,649.0,587.0,0.3066,0.2243,1.2857,1.1909,-62.0,-0.0823,AMBIGUOUS,0
119,144,2,3,16.8499,71.2479,92.76,11.9817,70.6571,92.4312,4.9149,-4.8681,-0.5908,-0.3288,0.6762,4.8681,-0.9905,-0.1202,-0.0669,2.9958,0.1389,0.12073,0.0969,1.1141,0.8758,-0.02382,0.8027,1,2,1,-1.9494,0.832,1.9557,2.8839,3.9702,0.4105,0,1,3,3,3.0451,3.0451,-1.8698,1.614,0,0,1,4.9149,0.0851,0,0,1,1,2.0,0.6339,0.5999,0.2049,0.6377,0.6067,0.1962,0.6377,649.0,569.0,0.3066,0.2505,1.2857,1.2488,-80.0,-0.0561,AMBIGUOUS,0
121,110,2,3,15.6706,61.4578,5.5565,12.8206,61.6997,3.9557,3.2777,-2.8499,0.2418,-1.6008,1.619,2.8499,-0.8695,0.0738,-0.4884,1.7538,0.5681,0.11912,0.14663,1.0992,1.3253,0.02751,1.231,0,1,0,0.0,0.0,0.0,0.0,0.0,0.0,0,1,2,1,3.2777,4.4656,1.188,0.734,1,4,4,2.6806,-0.5971,1,3,0,1,0.5,0.6049,0.5794,0.1737,0.2147,0.1794,0.1181,0.6049,655.0,803.0,0.2546,0.2878,1.3169,1.3299,148.0,0.0333,AMBIGUOUS,0
121,109,2,3,15.6706,61.4578,5.5565,14.3246,61.1939,1.3067,4.4656,-1.346,-0.264,-4.2498,4.258,1.346,-0.3014,-0.0591,-0.9517,0.8283,3.1635,0.11912,0.14664,1.0992,1.3253,0.02752,1.231,0,1,0,0.0,0.0,0.0,0.0,0.0,0.0,0,1,2,2,3.2777,3.2777,-1.188,1.3624,2,2,3,1.5499,-2.9158,1,3,0,1,0.5,0.6049,0.5794,0.1737,0.3471,0.3004,0.1738,0.6049,655.0,806.0,0.2546,0.2866,1.3169,1.328,151.0,0.0321,AMBIGUOUS,0
122,129,2,3,21.2945,75.3313,86.5142,16.7288,75.176,86.9216,4.5864,-4.5657,-0.1553,0.4074,0.436,4.5657,-0.9955,-0.0339,0.0888,2.8096,0.0955,0.11775,0.1235,1.0866,1.1162,0.00576,1.0489,1,2,1,-1.4326,-0.2858,0.2573,1.4833,3.1394,0.0166,0,0,1,1,4.5864,5.0,0.4136,0.9173,0,0,1,4.5864,0.4136,0,2,0,1,0.6667,0.2442,0.1695,0.1759,0.4795,0.4788,0.0253,0.4795,710.0,768.0,0.239,0.259,1.2195,1.2107,58.0,0.02,AMBIGUOUS,0
123,145,2,3,24.817,52.6026,6.5721,23.207,52.3524,6.2328,1.6643,-1.61,-0.2501,-0.3393,0.4215,1.61,-0.9674,-0.1503,-0.2039,0.9908,0.2618,0.11372,0.09657,1.0494,0.8728,-0.01715,0.8492,1,2,1,-1.5613,0.6439,0.919,1.9227,1.5443,0.3622,1,1,1,1,1.6643,5.0,3.3357,0.3329,1,1,2,1.6643,3.2229,0,1,0,0,0.5,0.489,0.442,0.2091,0.4807,0.457,0.1491,0.489,565.0,561.0,0.3189,0.2647,1.3058,1.2403,-4.0,-0.0541,AMBIGUOUS,0
124,156,2,3,97.5461,45.3053,46.7205,100.4455,47.1514,49.8878,4.6741,2.8995,1.8461,3.1673,3.6661,2.8995,0.6203,0.395,0.6776,1.7843,1.2644,0.11248,0.04843,1.038,0.4377,-0.06405,0.4306,0,1,0,0.0,0.0,0.0,0.0,0.0,0.0,0,0,2,1,4.6741,4.7407,0.0667,0.9859,0,0,1,4.6741,0.3259,1,1,0,0,0.5,0.2001,0.0461,0.1947,0.3161,0.3045,0.0851,0.3161,526.0,310.0,0.3485,0.224,1.3247,1.3219,-216.0,-0.1245,AMBIGUOUS,0
124,136,2,3,97.5461,45.3053,46.7205,92.8958,45.3237,45.7991,4.7407,-4.6503,0.0184,-0.9214,0.9216,4.6503,-0.9809,0.0039,-0.1944,2.8617,0.1982,0.11248,0.10544,1.038,0.953,-0.00704,0.9374,0,1,0,0.0,0.0,0.0,0.0,0.0,0.0,0,0,2,2,4.6741,4.6741,-0.0667,1.0143,0,0,2,4.7162,-0.0245,1,1,0,0,0.5,0.2001,0.0461,0.1947,0.3404,0.2708,0.2063,0.3404,526.0,465.0,0.3485,0.4239,1.3247,1.328,-61.0,0.0753,AMBIGUOUS,0
125,127,2,3,55.8529,70.677,85.1518,53.3747,70.9022,84.4749,2.5789,-2.4782,0.2252,-0.6769,0.7134,2.4782,-0.961,0.0873,-0.2625,1.5251,0.2879,0.11116,0.12526,1.0258,1.1321,0.0141,1.1268,1,2,1,-1.0134,-0.2209,-0.4368,1.1254,1.55,0.0499,1,1,1,1,2.5789,5.0,2.4211,0.5158,1,1,2,2.5789,2.3041,0,1,0,1,1.0,0.624,0.6029,0.161,0.3162,0.2503,0.1932,0.624,478.0,508.0,0.4031,0.4066,1.4458,1.4488,30.0,0.0035,AMBIGUOUS,0
126,130,2,3,13.571,68.0502,54.7062,13.2348,68.8238,54.9157,0.8691,-0.3362,0.7736,0.2095,0.8014,0.3362,-0.3868,0.8901,0.241,0.2069,2.3839,0.10948,0.11849,1.0103,1.0709,0.00901,1.0823,0,1,0,0.0,0.0,0.0,0.0,0.0,0.0,1,1,1,1,0.8691,5.0,4.1309,0.1738,1,2,2,0.8691,2.5595,0,1,0,0,0.5,0.6204,0.571,0.2426,0.2973,0.2348,0.1823,0.6204,566.0,693.0,0.2837,0.252,1.2786,1.216,127.0,-0.0317,AMBIGUOUS,0
127,138,2,3,91.7079,50.5857,53.0798,88.762,50.8245,55.1363,3.6006,-2.9459,0.2388,2.0565,2.0704,2.9459,-0.8182,0.0663,0.5712,1.8128,0.7028,0.10795,0.10199,0.9962,0.9218,-0.00597,0.9447,1,2,1,-2.1318,0.0528,1.0758,2.3884,1.2881,0.011,0,2,2,1,3.6006,3.7593,0.1587,0.9578,0,1,1,3.6006,1.3994,0,0,0,1,2.0,0.7474,0.7079,0.2399,0.6249,0.613,0.1216,0.7474,449.0,478.0,0.5714,0.4203,1.4989,1.4172,29.0,-0.1511,UNMATCHED_TARGET,0
127,134,2,3,91.7079,50.5857,53.0798,88.1111,50.2818,52.0294,3.7593,-3.5968,-0.304,-1.0504,1.0935,3.5968,-0.9568,-0.0809,-0.2794,2.2134,0.304,0.10795,0.11655,0.9962,1.0534,0.0086,1.0796,1,2,1,-2.1318,0.0528,1.0758,2.3884,2.6065,0.2737,0,2,2,2,3.6006,3.6006,-0.1587,1.0441,0,1,1,3.7593,1.2407,0,0,0,1,2.0,0.7474,0.7079,0.2399,0.3741,0.3611,0.0978,0.7474,449.0,495.0,0.5714,0.4067,1.4989,1.3464,46.0,-0.1648,TRUE_EDGE,1
128,135,2,3,56.1884,70.3533,80.522,53.4839,70.5825,80.4986,2.7143,-2.7046,0.2292,-0.0234,0.2304,2.7046,-0.9964,0.0844,-0.0086,1.6643,0.0852,0.10278,0.11189,0.9485,1.0113,0.00911,1.0886,0,1,0,0.0,0.0,0.0,0.0,0.0,0.0,1,1,2,1,2.7143,4.883,2.1687,0.5559,1,1,1,2.7143,2.2857,0,1,0,1,1.0,0.6955,0.6866,0.1111,0.1862,0.1411,0.1215,0.6955,459.0,463.0,0.3948,0.4002,1.4498,1.455,4.0,0.0053,AMBIGUOUS,0
128,127,2,3,56.1884,70.3533,80.522,53.3747,70.9022,84.4749,4.883,-2.8138,0.5489,3.9529,3.9908,2.8138,-0.5762,0.1124,0.8095,1.7316,1.4183,0.10278,0.12526,0.9485,1.1321,0.02248,1.2187,0,1,0,0.0,0.0,0.0,0.0,0.0,0.0,1,1,2,2,2.7143,2.7143,-2.1687,1.799,1,1,2,2.5789,-2.3041,0,1,0,1,1.0,0.6955,0.6866,0.1111,0.3162,0.2503,0.1932,0.6955,459.0,508.0,0.3948,0.4066,1.4498,1.4488,49.0,0.0118,AMBIGUOUS,0
129,133,2,3,70.8782,67.5427,68.2943,69.8277,68.2256,68.7552,1.335,-1.0505,0.6829,0.4609,0.8239,1.0505,-0.7869,0.5115,0.3452,0.6465,0.7843,0.10267,0.11741,0.9475,1.0612,0.01474,1.1435,0,1,0,0.0,0.0,0.0,0.0,0.0,0.0,1,1,1,1,1.335,5.0,3.665,0.267,1,1,1,1.335,3.665,0,0,0,0,1.0,0.6322,0.6218,0.1142,0.1124,0.0473,0.1019,0.6322,474.0,514.0,0.3559,0.4085,1.3884,1.4443,40.0,0.0526,AMBIGUOUS,0
130,137,2,3,11.417,71.9292,63.1783,9.6737,72.9715,61.1798,2.8495,-1.7434,1.0423,-1.9985,2.254,1.7434,-0.6118,0.3658,-0.7014,1.0728,1.2929,0.10021,0.10316,0.9248,0.9323,0.00295,1.0294,0,1,0,0.0,0.0,0.0,0.0,0.0,0.0,1,3,3,1,2.8495,3.0052,0.1557,0.9482,1,1,1,2.8495,2.1505,0,2,0,1,0.6667,0.2025,0.042,0.198,0.2373,0.0763,0.2246,0.2373,597.0,655.0,0.2342,0.2558,1.2276,1.2861,58.0,0.0216,AMBIGUOUS,0
130,148,2,3,11.417,71.9292,63.1783,12.6532,73.6483,61.0457,3.0052,1.2362,1.7191,-2.1325,2.7392,1.2362,0.4114,0.572,-0.7096,0.7607,2.2158,0.10021,0.08595,0.9248,0.7768,-0.01427,0.8576,0,1,0,0.0,0.0,0.0,0.0,0.0,0.0,1,3,3,2,2.8495,2.8495,-0.1557,1.0546,1,2,3,2.2151,-0.7901,0,2,0,1,0.6667,0.2025,0.042,0.198,0.3817,0.3468,0.1594,0.3817,597.0,567.0,0.2342,0.216,1.2276,1.2399,-30.0,-0.0183,AMBIGUOUS,0
130,112,2,3,11.417,71.9292,63.1783,9.9529,72.2039,66.4377,3.5837,-1.4641,0.2747,3.2594,3.271,1.4641,-0.4085,0.0767,0.9095,0.901,2.2341,0.10021,0.14394,0.9248,1.3009,0.04373,1.4363,0,1,0,0.0,0.0,0.0,0.0,0.0,0.0,1,3,3,3,2.8495,2.8495,-0.7342,1.2576,0,1,2,3.5837,1.2021,0,2,0,0,0.3333,0.2025,0.042,0.198,0.2967,0.2029,0.2165,0.2967,597.0,825.0,0.2342,0.2556,1.2276,1.2404,228.0,0.0214,AMBIGUOUS,0
131,149,2,3,76.0836,59.2276,22.0342,73.0829,59.6999,21.1655,3.1594,-3.0007,0.4723,-0.8687,0.9888,3.0007,-0.9498,0.1495,-0.275,1.8466,0.3295,0.09848,0.08536,0.9088,0.7715,-0.01312,0.8668,1,2,1,-2.8296,0.4488,0.0243,2.8651,0.9096,0.0409,0,1,2,1,3.1594,4.0973,0.9379,0.7711,0,1,3,3.1594,1.7639,0,1,0,0,0.5,0.3185,0.2914,0.1287,0.0614,0.0421,0.0447,0.3185,586.0,586.0,0.2434,0.2241,1.1522,1.119,0.0,-0.0193,AMBIGUOUS,0
131,8,2,3,76.0836,59.2276,22.0342,77.6229,56.4462,24.6192,4.0973,1.5393,-2.7814,2.585,3.7972,1.5393,0.3757,-0.6788,0.6309,0.9472,2.4669,0.09848,0.26594,0.9088,2.4036,0.16746,2.7005,1,2,1,-2.8296,0.4488,0.0243,2.8651,6.0065,1.472,0,1,2,2,3.1594,3.1594,-0.9379,1.2968,0,2,3,3.4871,-0.6102,0,1,1,2,1.5,0.3185,0.2914,0.1287,0.4111,0.3771,0.1636,0.4111,586.0,1091.0,0.2434,0.6314,1.1522,1.9124,505.0,0.388,AMBIGUOUS,0
132,132,2,3,76.8996,57.4891,18.8311,76.0109,57.3815,16.9423,2.0902,-0.8888,-0.1076,-1.8887,1.8918,0.8888,-0.4252,-0.0515,-0.9036,0.5469,2.1286,0.09553,0.11811,0.8816,1.0675,0.02258,1.2363,0,1,0,0.0,0.0,0.0,0.0,0.0,0.0,1,1,2,1,2.0902,4.9904,2.9003,0.4188,2,3,3,1.8327,-0.2574,0,3,0,0,0.25,0.579,0.5246,0.2449,0.3963,0.3641,0.1565,0.579,601.0,582.0,0.2694,0.3186,1.2851,1.3765,-19.0,0.0492,AMBIGUOUS,0
132,149,2,3,76.8996,57.4891,18.8311,73.0829,59.6999,21.1655,4.9904,-3.8167,2.2108,2.3344,3.2152,3.8167,-0.7648,0.443,0.4678,2.3487,0.8424,0.09553,0.08536,0.8816,0.7715,-0.01017,0.8935,0,1,0,0.0,0.0,0.0,0.0,0.0,0.0,1,1,2,2,2.0902,2.0902,-2.9003,2.3876,0,1,3,3.1594,-1.831,0,3,0,0,0.25,0.579,0.5246,0.2449,0.0614,0.0421,0.0447,0.579,601.0,586.0,0.2694,0.2241,1.2851,1.119,-15.0,-0.0454,AMBIGUOUS,0
133,158,2,3,12.4891,73.5039,45.8485,12.5745,75.1315,44.9279,1.8719,0.0854,1.6276,-0.9206,1.8699,0.0854,0.0456,0.8695,-0.4918,0.0526,21.8907,0.09477,0.04519,0.8746,0.4084,-0.04959,0.4768,1,2,1,-0.5993,-0.199,-0.6929,0.9375,1.964,0.8503,1,1,2,1,1.8719,4.2823,2.4104,0.4371,1,1,1,1.8719,3.1281,0,0,0,0,1.0,0.5149,0.5109,0.0639,0.4573,0.4255,0.1677,0.5149,624.0,471.0,0.2256,0.1181,1.1876,1.1029,-153.0,-0.1076,AMBIGUOUS,0
133,128,2,3,12.4891,73.5039,45.8485,14.6041,69.8714,45.0306,4.2823,2.1151,-3.6325,-0.8179,3.7235,2.1151,0.4939,-0.8483,-0.191,1.3016,1.7605,0.09477,0.12518,0.8746,1.1314,0.0304,1.3208,1,2,1,-0.5993,-0.199,-0.6929,0.9375,4.3786,0.9945,1,1,2,2,1.8719,1.8719,-2.4104,2.2877,0,0,2,4.2823,0.068,0,0,0,0,1.0,0.5149,0.5109,0.0639,0.0666,0.0209,0.0633,0.5149,624.0,700.0,0.2256,0.247,1.1876,1.2448,76.0,0.0214,AMBIGUOUS,0
134,94,2,3,13.3135,69.5805,100.6724,12.9823,73.4994,101.1085,3.9569,-0.3312,3.9189,0.4361,3.9431,0.3312,-0.0837,0.9904,0.1102,0.2038,11.905,0.08988,0.16961,0.8294,1.533,0.07973,1.8871,0,1,0,0.0,0.0,0.0,0.0,0.0,0.0,0,1,1,1,3.9569,5.0,1.0431,0.7914,1,2,3,2.6383,-1.3186,0,0,0,1,2.0,0.3418,0.3135,0.1361,0.06,0.0177,0.0574,0.3418,564.0,923.0,0.2274,0.2958,1.2806,1.2925,359.0,0.0684,AMBIGUOUS,0
136,113,2,3,8.7178,55.2654,22.0538,8.22,55.5748,20.4994,1.6613,-0.4978,0.3095,-1.5544,1.5849,0.4978,-0.2997,0.1863,-0.9357,0.3063,3.1839,0.08723,0.14393,0.805,1.3008,0.05669,1.6499,0,1,0,0.0,0.0,0.0,0.0,0.0,0.0,1,1,1,1,1.6613,5.0,3.3387,0.3323,1,1,1,1.6613,3.3387,0,0,0,0,1.0,0.6043,0.5928,0.1173,0.2249,0.095,0.2038,0.6043,472.0,621.0,0.3005,0.4213,1.3018,1.4441,149.0,0.1208,AMBIGUOUS,0
139,151,2,3,39.1281,65.1806,26.2127,35.653,65.463,25.6534,3.5311,-3.4751,0.2824,-0.5593,0.6265,3.4751,-0.9841,0.08,-0.1584,2.1385,0.1803,0.08648,0.07009,0.7981,0.6334,-0.0164,0.8104,1,2,1,0.4396,0.4263,-0.4157,0.7401,3.92,1.4495,0,1,1,1,3.5311,5.0,1.4689,0.7062,0,1,3,3.5311,0.5912,0,0,0,0,1.0,0.2941,0.1281,0.2647,0.1272,0.097,0.0823,0.2941,570.0,499.0,0.2507,0.1615,1.2721,1.2274,-71.0,-0.0892,AMBIGUOUS,0
140,130,2,3,13.4684,68.6701,51.4985,13.2348,68.8238,54.9157,3.4286,-0.2336,0.1536,3.4172,3.4207,0.2336,-0.0681,0.0448,0.9967,0.1437,14.645,0.08472,0.11849,0.7818,1.0709,0.03377,1.3986,0,1,0,0.0,0.0,0.0,0.0,0.0,0.0,0,1,1,1,3.4286,5.0,1.5714,0.6857,1,2,2,0.8691,-2.5595,0,1,0,0,0.5,0.4782,0.4684,0.0962,0.2973,0.2348,0.1823,0.4782,562.0,693.0,0.1904,0.252,1.174,1.216,131.0,0.0616,AMBIGUOUS,0
141,108,2,3,22.0072,75.6864,66.2248,21.534,71.8367,66.7593,3.9153,-0.4732,-3.8497,0.5345,3.8866,0.4732,-0.1209,-0.9832,0.1365,0.2912,8.2132,0.08079,0.14802,0.7455,1.3378,0.06723,1.8322,0,1,0,0.0,0.0,0.0,0.0,0.0,0.0,0,1,1,1,3.9153,5.0,1.0847,0.7831,1,2,3,2.9815,-0.9338,0,1,0,0,0.5,0.7531,0.7428,0.124,0.4361,0.409,0.1512,0.7531,563.0,772.0,0.1907,0.2935,1.1901,1.2935,209.0,0.1028,TRUE_EDGE,1
142,150,2,3,22.6159,70.4855,32.3213,22.7942,72.1177,32.8757,1.733,0.1783,1.6322,0.5544,1.7238,0.1783,0.1029,0.9419,0.3199,0.1097,9.6692,0.07626,0.07079,0.7037,0.6398,-0.00547,0.9283,1,2,1,-0.3542,1.4681,1.2191,1.9409,0.8674,0.1054,1,1,2,1,1.733,4.4158,2.6828,0.3924,1,1,2,1.733,3.1489,0,1,0,0,0.5,0.3012,0.1341,0.2697,0.2021,0.0442,0.1972,0.3012,549.0,505.0,0.1975,0.2184,1.178,1.2221,-44.0,0.0208,AMBIGUOUS,0
142,81,2,3,22.6159,70.4855,32.3213,23.8243,66.2628,32.778,4.4158,1.2084,-4.2227,0.4567,4.2473,1.2084,0.2736,-0.9563,0.1034,0.7436,3.5149,0.07626,0.18646,0.7037,1.6853,0.11021,2.4452,1,2,1,-0.3542,1.4681,1.2191,1.9409,5.9504,1.7083,1,1,2,2,1.733,1.733,-2.6828,2.5481,0,0,1,4.4158,0.5842,0,1,0,1,1.0,0.3012,0.1341,0.2697,0.5672,0.5507,0.1356,0.5672,549.0,977.0,0.1975,0.346,1.178,1.4052,428.0,0.1485,AMBIGUOUS,0
143,128,2,3,17.6657,68.9151,42.0917,14.6041,69.8714,45.0306,4.3502,-3.0616,0.9563,2.9389,3.0905,3.0616,-0.7038,0.2198,0.6756,1.884,1.0095,0.07593,0.12518,0.7007,1.1314,0.04925,1.6485,0,1,0,0.0,0.0,0.0,0.0,0.0,0.0,0,0,1,1,4.3502,5.0,0.6498,0.87,0,0,2,4.2823,-0.068,0,0,0,0,1.0,0.301,0.2093,0.2163,0.0666,0.0209,0.0633,0.301,511.0,700.0,0.2311,0.247,1.3116,1.2448,189.0,0.0159,AMBIGUOUS,0
144,145,2,3,25.268,52.8918,10.6312,23.207,52.3524,6.2328,4.8872,-2.0611,-0.5394,-4.3984,4.4313,2.0611,-0.4217,-0.1104,-0.9,1.2683,2.15,0.07484,0.09657,0.6907,0.8728,0.02172,1.2902,1,2,1,-1.3414,0.8849,0.5918,1.7125,5.2392,1.0377,0,0,1,1,4.8872,5.0,0.1128,0.9774,1,1,2,1.6643,-3.2229,0,1,0,0,0.5,0.7394,0.732,0.1049,0.4807,0.457,0.1491,0.7394,465.0,561.0,0.2407,0.2647,1.2245,1.2403,96.0,0.024,AMBIGUOUS,0
146,67,2,3,68.1737,60.8672,20.4835,67.7265,56.3872,19.3413,4.6449,-0.4472,-4.48,-1.1422,4.6234,0.4472,-0.0963,-0.9645,-0.2459,0.2752,10.3387,0.07184,0.19706,0.6629,1.781,0.12522,2.7431,0,1,0,0.0,0.0,0.0,0.0,0.0,0.0,0,0,1,1,4.6449,5.0,0.3551,0.929,1,2,5,1.175,-3.47,0,2,0,2,1.0,0.2,0.0763,0.1848,0.5531,0.5235,0.1785,0.5531,509.0,870.0,0.2172,0.3741,1.2351,1.4058,361.0,0.1569,AMBIGUOUS,0
147,148,2,3,14.4808,73.8628,59.8126,12.6532,73.6483,61.0457,2.2151,-1.8276,-0.2145,1.2331,1.2516,1.8276,-0.8251,-0.0968,0.5567,1.1247,0.6849,0.06852,0.08595,0.6323,0.7768,0.01743,1.2544,0,1,0,0.0,0.0,0.0,0.0,0.0,0.0,1,1,1,1,2.2151,5.0,2.7849,0.443,1,2,3,2.2151,0.7901,0,2,0,1,0.6667,0.1876,0.1442,0.12,0.3817,0.3468,0.1594,0.3817,448.0,567.0,0.2094,0.216,1.1968,1.2399,119.0,0.0066,AMBIGUOUS,0
148,132,2,3,75.992,57.0871,15.1335,76.0109,57.3815,16.9423,1.8327,0.0189,0.2944,1.8088,1.8326,0.0189,0.0103,0.1606,0.987,0.0116,97.2122,0.06834,0.11811,0.6307,1.0675,0.04977,1.7282,1,2,1,0.1129,1.081,-2.5739,2.794,4.4538,1.8467,1,1,1,1,1.8327,5.0,3.1673,0.3665,2,3,3,1.8327,0.2574,0,2,0,0,0.3333,0.4414,0.383,0.2194,0.3963,0.3641,0.1565,0.4414,401.0,582.0,0.2435,0.3186,1.3775,1.3765,181.0,0.0751,AMBIGUOUS,0
149,148,2,3,15.7752,72.6363,63.574,12.6532,73.6483,61.0457,4.1429,-3.122,1.012,-2.5283,2.7233,3.122,-0.7536,0.2443,-0.6103,1.9212,0.8723,0.06765,0.08595,0.6243,0.7768,0.01829,1.2704,1,2,1,-0.2294,0.7723,1.3603,1.581,4.8524,1.2964,0,0,1,1,4.1429,5.0,0.8571,0.8286,1,2,3,2.2151,-1.9278,0,3,0,1,0.5,0.5214,0.4748,0.2154,0.3817,0.3468,0.1594,0.5214,490.0,567.0,0.189,0.216,1.2048,1.2399,77.0,0.0269,AMBIGUOUS,0
150,150,2,3,22.4928,69.8534,28.5612,22.7942,72.1177,32.8757,4.8819,0.3014,2.2643,4.3145,4.8726,0.3014,0.0617,0.4638,0.8838,0.1855,16.1654,0.06588,0.07079,0.6079,0.6398,0.00491,1.0745,0,1,0,0.0,0.0,0.0,0.0,0.0,0.0,0,0,1,1,4.8819,5.0,0.1181,0.9764,1,1,2,1.733,-3.1489,0,1,0,0,0.5,0.2862,0.2572,0.1255,0.2021,0.0442,0.1972,0.2862,472.0,505.0,0.1989,0.2184,1.1889,1.2221,33.0,0.0194,AMBIGUOUS,0
153,67,2,3,67.913,60.1061,17.1149,67.7265,56.3872,19.3413,4.3384,-0.1865,-3.7189,2.2264,4.3344,0.1865,-0.043,-0.8572,0.5132,0.1148,23.2393,0.05718,0.19706,0.5276,1.781,0.13988,3.4464,1,2,1,-1.9474,0.0651,0.3275,1.9758,4.5853,0.9008,0,0,1,1,4.3384,5.0,0.6616,0.8677,1,2,5,1.175,-3.1635,0,1,0,2,1.5,0.3415,0.337,0.0557,0.5531,0.5235,0.1785,0.5531,545.0,870.0,0.1367,0.3741,1.1432,1.4058,325.0,0.2375,AMBIGUOUS,0
154,126,2,3,16.3769,59.5115,42.198,14.7763,59.6635,43.1657,1.8765,-1.6005,0.152,0.9677,0.9796,1.6005,-0.8529,0.081,0.5157,0.9849,0.6121,0.05658,0.12595,0.5221,1.1383,0.06937,2.2262,0,1,0,0.0,0.0,0.0,0.0,0.0,0.0,1,1,1,1,1.8765,5.0,3.1235,0.3753,1,1,1,1.8765,3.1235,0,0,0,0,1.0,0.2417,0.1269,0.2057,0.1913,0.1513,0.1171,0.2417,274.0,447.0,0.3417,0.6071,1.3623,1.6784,173.0,0.2654,AMBIGUOUS,0
155,15,2,3,71.5596,54.9047,5.4194,73.6193,50.9502,6.8502,4.6827,2.0597,-3.9544,1.4308,4.2053,2.0597,0.4399,-0.8445,0.3056,1.2675,2.0417,0.05059,0.25897,0.4669,2.3406,0.20838,5.1186,0,1,0,0.0,0.0,0.0,0.0,0.0,0.0,0,0,1,1,4.6827,5.0,0.3173,0.9365,0,1,2,3.1909,-1.4917,0,0,0,2,3.0,0.1623,0.0596,0.1509,0.5254,0.4943,0.178,0.5254,372.0,970.0,0.2069,0.5192,1.2162,1.6273,598.0,0.3123,AMBIGUOUS,0
156,155,2,3,55.8233,72.8607,72.9898,53.9471,72.0573,69.3921,4.1363,-1.8762,-0.8034,-3.5977,3.6863,1.8762,-0.4536,-0.1942,-0.8698,1.1546,1.9647,0.04528,0.05241,0.4178,0.4737,0.00713,1.1575,0,1,0,0.0,0.0,0.0,0.0,0.0,0.0,0,0,1,1,4.1363,5.0,0.8637,0.8273,0,0,1,4.1363,0.8637,0,0,0,0,1.0,0.6059,0.5733,0.196,0.3639,0.3221,0.1694,0.6059,313.0,408.0,0.1994,0.2015,1.2056,1.1797,95.0,0.0021,AMBIGUOUS,0
157,30,2,3,62.3616,65.9554,43.6805,64.1557,62.8341,46.647,4.665,1.7942,-3.1213,2.9665,4.3062,1.7942,0.3846,-0.6691,0.6359,1.1041,2.4001,0.04371,0.2389,0.4034,2.1593,0.19519,5.4652,0,1,0,0.0,0.0,0.0,0.0,0.0,0.0,0,0,2,1,4.665,4.8098,0.1449,0.9699,0,1,2,3.7015,-0.9635,0,0,0,0,1.0,0.6575,0.6116,0.2413,0.7955,0.7807,0.1526,0.7955,337.0,768.0,0.1775,0.7412,1.1844,1.7927,431.0,0.5637,AMBIGUOUS,0
157,154,2,3,62.3616,65.9554,43.6805,57.9753,66.3006,41.7372,4.8098,-4.3862,0.3452,-1.9433,1.9737,4.3862,-0.9119,0.0718,-0.404,2.6992,0.45,0.04371,0.05567,0.4034,0.5031,0.01196,1.2735,0,1,0,0.0,0.0,0.0,0.0,0.0,0.0,0,0,2,2,4.665,4.665,-0.1449,1.0311,0,0,2,4.2933,-0.5166,0,0,0,0,1.0,0.6575,0.6116,0.2413,0.5416,0.5247,0.1343,0.6575,337.0,416.0,0.1775,0.1959,1.1844,1.1945,79.0,0.0184,AMBIGUOUS,0
0,8,3,4,92.1716,52.7173,25.822,87.9645,53.1872,27.4696,4.5425,-4.2071,0.4699,1.6476,1.7133,4.2071,-0.9261,0.1034,0.3627,2.589,0.4072,0.29313,0.25979,2.6494,2.4347,-0.03334,0.8863,1,3,1,0.2453,0.6799,0.4591,0.8563,4.6131,0.9888,0,0,2,1,4.5425,4.7182,0.1757,0.9628,1,2,3,1.3636,-3.179,0,1,1,1,1.0,0.4963,0.4534,0.2018,0.2667,0.2145,0.1585,0.4963,875.0,1115.0,0.6895,0.6541,1.9187,1.9413,240.0,-0.0353,AMBIGUOUS,0
0,2,3,4,92.1716,52.7173,25.822,87.5016,52.737,25.1492,4.7182,-4.6699,0.0197,-0.6728,0.6731,4.6699,-0.9898,0.0042,-0.1426,2.8738,0.1441,0.29313,0.28507,2.6494,2.6717,-0.00806,0.9725,1,3,1,0.2453,0.6799,0.4591,0.8563,5.0869,1.3567,0,0,2,2,4.5425,4.5425,-0.1757,1.0387,1,2,3,1.6595,-3.0587,0,1,1,1,1.0,0.4963,0.4534,0.2018,0.2624,0.2484,0.0847,0.4963,875.0,1079.0,0.6895,0.7022,1.9187,1.9588,204.0,0.0127,AMBIGUOUS,0
1,2,3,4,88.1283,52.2565,23.6896,87.5016,52.737,25.1492,1.6595,-0.6267,0.4805,1.4596,1.5366,0.6267,-0.3776,0.2895,0.8795,0.3856,2.452,0.29105,0.28507,2.6305,2.6717,-0.00597,0.9795,0,1,0,0.0,0.0,0.0,0.0,0.0,0.0,1,2,2,1,1.6595,3.8963,2.2368,0.4259,1,2,3,1.6595,1.9448,0,1,1,1,1.0,0.4263,0.3783,0.1964,0.2624,0.2484,0.0847,0.4263,1070.0,1079.0,0.8554,0.7022,2.0947,1.9588,9.0,-0.1533,AMBIGUOUS,0
1,8,3,4,88.1283,52.2565,23.6896,87.9645,53.1872,27.4696,3.8963,-0.1638,0.9307,3.78,3.8929,0.1638,-0.042,0.2389,0.9701,0.1008,23.7661,0.29105,0.25979,2.6305,2.4347,-0.03126,0.8926,0,1,0,0.0,0.0,0.0,0.0,0.0,0.0,1,2,2,2,1.6595,1.6595,-2.2368,2.3479,1,2,3,1.3636,-2.5328,0,1,1,1,1.0,0.4263,0.3783,0.1964,0.2667,0.2145,0.1585,0.4263,1070.0,1115.0,0.8554,0.6541,2.0947,1.9413,45.0,-0.2013,AMBIGUOUS,0
2,25,3,4,77.4819,56.7011,27.0625,72.5686,57.1586,26.6714,4.95,-4.9132,0.4575,-0.3911,0.6019,4.9132,-0.9926,0.0924,-0.079,3.0235,0.1225,0.28137,0.24355,2.543,2.2825,-0.03781,0.8656,0,1,0,0.0,0.0,0.0,0.0,0.0,0.0,0,0,1,1,4.95,5.0,0.05,0.99,2,2,3,1.4545,-3.4954,1,2,1,1,0.6667,0.5684,0.5181,0.2338,0.5869,0.5564,0.187,0.5869,1071.0,953.0,0.7375,0.5238,2.0084,1.6857,-118.0,-0.2137,AMBIGUOUS,0
3,8,3,4,87.6216,53.9652,28.5357,87.9645,53.1872,27.4696,1.3636,0.3429,-0.778,-1.0661,1.3198,0.3429,0.2515,-0.5706,-0.7818,0.211,3.8487,0.28112,0.25979,2.5408,2.4347,-0.02133,0.9241,1,2,1,0.9124,0.7798,-0.0031,1.2003,1.97,1.1775,1,2,3,1,1.3636,3.6043,2.2407,0.3783,1,2,3,1.3636,2.5328,0,0,1,1,2.0,0.1746,0.1284,0.1183,0.2667,0.2145,0.1585,0.2667,1061.0,1115.0,0.701,0.6541,1.8829,1.9413,54.0,-0.0469,AMBIGUOUS,0
3,2,3,4,87.6216,53.9652,28.5357,87.5016,52.737,25.1492,3.6043,-0.12,-1.2282,-3.3865,3.6023,0.12,-0.0333,-0.3408,-0.9396,0.0738,30.0285,0.28112,0.28507,2.5408,2.6717,0.00395,1.0141,1,2,1,0.9124,0.7798,-0.0031,1.2003,4.0676,1.2442,1,2,3,2,1.3636,1.3636,-2.2407,2.6433,1,2,3,1.6595,-1.9448,0,0,1,1,2.0,0.1746,0.1284,0.1183,0.2624,0.2484,0.0847,0.2624,1061.0,1079.0,0.701,0.7022,1.8829,1.9588,18.0,0.0012,AMBIGUOUS,0
3,12,3,4,87.6216,53.9652,28.5357,83.0669,54.7199,28.3592,4.6202,-4.5547,0.7547,-0.1765,0.775,4.5547,-0.9858,0.1633,-0.0382,2.8029,0.1702,0.28112,0.25712,2.5408,2.4097,-0.024,0.9146,1,2,1,0.9124,0.7798,-0.0031,1.2003,5.4699,1.6432,1,2,3,3,1.3636,1.3636,-3.2566,3.3883,0,0,1,4.6202,0.3798,0,0,0,0,1.0,0.1746,0.1284,0.1183,0.2414,0.1919,0.1465,0.2414,1061.0,974.0,0.701,0.5356,1.8829,1.6897,-87.0,-0.1655,AMBIGUOUS,0
4,15,3,4,77.3988,50.8197,7.6117,74.1726,51.4525,5.4556,3.9316,-3.2262,0.6327,-2.1561,2.247,3.2262,-0.8206,0.1609,-0.5484,1.9853,0.6965,0.27487,0.25487,2.4843,2.3886,-0.01999,0.9273,1,3,1,0.6943,0.4894,0.2327,0.8807,4.5932,1.7024,0,1,1,1,3.9316,5.0,1.0684,0.7863,1,3,3,1.5822,-2.3494,0,2,1,2,1.0,0.6119,0.6012,0.1138,0.6195,0.5774,0.2244,0.6195,990.0,913.0,0.6428,0.5677,1.754,1.7842,-77.0,-0.075,AMBIGUOUS,0
5,140,3,4,32.013,72.6666,60.9416,33.8686,73.2931,62.5081,2.5079,1.8556,0.6266,1.5665,1.6871,1.8556,0.7399,0.2498,0.6246,1.1419,0.9092,0.27479,0.09411,2.4836,0.882,-0.18068,0.3425,1,3,1,-2.0043,0.1457,-0.2319,2.0229,4.2853,1.7867,1,1,2,1,2.5079,4.0155,1.5076,0.6246,1,1,1,2.5079,2.4921,0,0,0,0,1.0,0.4898,0.487,0.0523,0.3114,0.2564,0.1767,0.4898,1209.0,582.0,0.7942,0.2372,1.9034,1.2117,-627.0,-0.557,AMBIGUOUS,0
5,0,3,4,32.013,72.6666,60.9416,28.0858,72.6929,60.104,4.0155,-3.9271,0.0263,-0.8375,0.838,3.9271,-0.978,0.0065,-0.2086,2.4167,0.2134,0.27479,0.28632,2.4836,2.6833,0.01153,1.0419,1,3,1,-2.0043,0.1457,-0.2319,2.0229,2.0195,0.0066,1,1,2,2,2.5079,2.5079,-1.5076,1.6011,0,0,1,4.0155,0.9845,0,0,0,0,1.0,0.4898,0.487,0.0523,0.462,0.4608,0.0333,0.4898,1209.0,1050.0,0.7942,0.723,1.9034,1.76,-159.0,-0.0712,AMBIGUOUS,0
7,90,3,4,94.3967,62.462,74.9623,93.6196,62.0718,70.944,4.1113,-0.7771,-0.3901,-4.0183,4.0372,0.7771,-0.189,-0.0949,-0.9774,0.4782,5.1951,0.26763,0.15934,2.4189,1.4933,-0.1083,0.5954,0,1,0,0.0,0.0,0.0,0.0,0.0,0.0,0,0,1,1,4.1113,5.0,0.8887,0.8223,1,1,2,1.5852,-2.526,0,0,0,1,2.0,0.2632,0.1467,0.2185,0.6535,0.6304,0.1719,0.6535,912.0,645.0,0.6522,0.3719,1.7208,1.3971,-267.0,-0.2804,AMBIGUOUS,0
8,28,3,4,77.6229,56.4462,24.6192,72.7744,56.7114,24.4149,4.8601,-4.8485,0.2653,-0.2043,0.3348,4.8485,-0.9976,0.0546,-0.042,2.9837,0.0691,0.26594,0.24061,2.4036,2.255,-0.02533,0.9048,0,1,0,0.0,0.0,0.0,0.0,0.0,0.0,0,0,1,1,4.8601,5.0,0.1399,0.972,1,2,4,1.9252,-2.9348,1,2,1,1,0.6667,0.4111,0.3771,0.1636,0.389,0.3506,0.1684,0.4111,1091.0,939.0,0.6314,0.4883,1.9124,1.5956,-152.0,-0.1431,AMBIGUOUS,0
9,11,3,4,80.0203,63.871,67.9514,77.5577,64.4501,67.0765,2.6768,-2.4626,0.5791,-0.8749,1.0492,2.4626,-0.92,0.2163,-0.3268,1.5155,0.426,0.26436,0.25764,2.3893,2.4146,-0.00671,0.9746,1,3,1,-2.2992,0.1708,-1.4793,2.7393,0.7475,0.0378,1,1,2,1,2.6768,4.861,2.1842,0.5507,1,1,2,2.6768,2.2414,0,1,1,1,1.0,0.4194,0.3953,0.1402,0.4673,0.4423,0.1506,0.4673,907.0,989.0,0.6021,0.617,1.6054,1.7192,82.0,0.0149,AMBIGUOUS,0
9,23,3,4,80.0203,63.871,67.9514,75.3242,64.2345,66.7498,4.861,-4.6961,0.3635,-1.2016,1.2553,4.6961,-0.9661,0.0748,-0.2472,2.8899,0.2673,0.26436,0.24413,2.3893,2.288,-0.02023,0.9235,1,3,1,-2.2992,0.1708,-1.4793,2.7393,2.4206,0.051,1,1,2,2,2.6768,2.6768,-2.1842,1.816,0,0,1,4.861,0.139,0,1,1,2,1.5,0.4194,0.3953,0.1402,0.5895,0.5742,0.1334,0.5895,907.0,978.0,0.6021,0.5269,1.6054,1.5252,71.0,-0.0752,AMBIGUOUS,0
10,24,3,4,100.504,45.6004,12.9015,97.208,46.0864,12.8336,3.3323,-3.296,0.4859,-0.0678,0.4906,3.296,-0.9891,0.1458,-0.0204,2.0283,0.1489,0.26384,0.24392,2.3846,2.286,-0.01992,0.9245,0,1,0,0.0,0.0,0.0,0.0,0.0,0.0,0,1,1,1,3.3323,5.0,1.6677,0.6665,0,1,1,3.3323,1.6677,0,1,0,1,1.0,0.2834,0.246,0.1407,0.3813,0.292,0.2452,0.3813,853.0,807.0,0.6653,0.6866,1.6865,1.746,-46.0,0.0213,AMBIGUOUS,0
11,35,3,4,48.3865,66.6605,46.4983,45.3575,67.1348,45.893,3.1251,-3.029,0.4743,-0.6052,0.769,3.029,-0.9693,0.1518,-0.1937,1.864,0.2539,0.26352,0.22801,2.3817,2.1369,-0.0355,0.8653,0,1,0,0.0,0.0,0.0,0.0,0.0,0.0,0,1,2,1,3.1251,4.0598,0.9347,0.7698,0,1,2,3.1251,1.2439,0,1,0,1,1.0,0.4098,0.3635,0.1891,0.1767,0.1425,0.1044,0.4098,913.0,863.0,0.6123,0.5064,1.6786,1.5831,-50.0,-0.1059,AMBIGUOUS,0
11,155,3,4,48.3865,66.6605,46.4983,49.8724,68.7618,49.638,4.0598,1.486,2.1013,3.1397,3.778,1.486,0.366,0.5176,0.7734,0.9144,2.5425,0.26352,0.05206,2.3817,0.4879,-0.21145,0.1976,0,1,0,0.0,0.0,0.0,0.0,0.0,0.0,0,1,2,2,3.1251,3.1251,-0.9347,1.2991,0,1,2,3.8227,-0.237,0,1,0,0,0.5,0.4098,0.3635,0.1891,0.5191,0.5026,0.1298,0.5191,913.0,382.0,0.6123,0.1939,1.6786,1.2215,-531.0,-0.4184,AMBIGUOUS,0
12,156,3,4,61.2424,54.481,4.5424,63.3375,56.7853,5.4359,3.2401,2.0951,2.3044,0.8935,2.4715,2.0951,0.6466,0.7112,0.2758,1.2893,1.1797,0.26337,0.05205,2.3803,0.4878,-0.21131,0.1976,1,2,1,-1.4636,0.3784,-1.2815,1.9818,4.594,1.5201,0,1,1,1,3.2401,5.0,1.7599,0.648,0,1,1,3.2401,1.7599,0,0,0,0,1.0,0.5148,0.5076,0.0855,0.1827,0.0375,0.1788,0.5148,1014.0,369.0,0.5585,0.2058,1.735,1.2068,-645.0,-0.3528,AMBIGUOUS,0
13,15,3,4,77.5247,49.8138,4.6103,74.1726,51.4525,5.4556,3.8258,-3.3521,1.6387,0.8453,1.8439,3.3521,-0.8762,0.4283,0.2209,2.0628,0.5501,0.26194,0.25487,2.3675,2.3886,-0.00707,0.973,0,1,0,0.0,0.0,0.0,0.0,0.0,0.0,0,1,1,1,3.8258,5.0,1.1742,0.7652,1,3,3,1.5822,-2.2436,0,2,1,2,1.0,0.5196,0.4753,0.2099,0.6195,0.5774,0.2244,0.6195,939.0,913.0,0.5967,0.5677,1.7288,1.7842,-26.0,-0.0289,AMBIGUOUS,0
14,37,3,4,88.0302,64.9128,89.7638,84.8657,65.0819,89.9929,3.1772,-3.1645,0.1691,0.2291,0.2847,3.1645,-0.996,0.0532,0.0721,1.9474,0.09,0.25997,0.22484,2.3496,2.1071,-0.03513,0.8649,1,3,1,-1.84,0.0166,-0.0644,1.8412,1.3651,0.0067,0,2,2,1,3.1772,3.8444,0.6671,0.8265,0,1,1,3.1772,1.8228,0,2,0,1,0.6667,0.294,0.2802,0.089,0.4223,0.3657,0.2111,0.4223,917.0,874.0,0.5893,0.4856,1.5388,1.4707,-43.0,-0.1036,AMBIGUOUS,0
14,75,3,4,88.0302,64.9128,89.7638,86.7714,65.9882,93.2334,3.8444,-1.2588,1.0755,3.4696,3.6324,1.2588,-0.3274,0.2797,0.9025,0.7746,2.8857,0.25997,0.18186,2.3496,1.7044,-0.0781,0.6996,1,3,1,-1.84,0.0166,-0.0644,1.8412,3.7346,0.7018,0,2,2,2,3.1772,3.1772,-0.6671,1.21,1,2,2,1.7074,-2.137,0,2,0,1,0.6667,0.294,0.2802,0.089,0.6997,0.6464,0.2679,0.6997,917.0,831.0,0.5893,0.361,1.5388,1.3653,-86.0,-0.2282,AMBIGUOUS,0
15,3,3,4,73.6193,50.9502,6.8502,72.4226,51.8505,7.2721,1.5558,-1.1967,0.9002,0.4219,0.9942,1.1967,-0.7692,0.5786,0.2712,0.7364,0.8308,0.25897,0.27374,2.3406,2.5654,0.01477,1.057,0,1,0,0.0,0.0,0.0,0.0,0.0,0.0,2,2,3,1,1.5558,1.5822,0.0264,0.9833,1,1,1,1.5558,3.4442,0,2,1,2,1.0,0.5254,0.4943,0.178,0.7193,0.7024,0.1549,0.7193,970.0,942.0,0.5192,0.7025,1.6273,1.8744,-28.0,0.1832,AMBIGUOUS,0
15,15,3,4,73.6193,50.9502,6.8502,74.1726,51.4525,5.4556,1.5822,0.5533,0.5023,-1.3946,1.4823,0.5533,0.3497,0.3174,-0.8814,0.3405,2.679,0.25897,0.25487,2.3406,2.3886,-0.0041,0.9842,0,1,0,0.0,0.0,0.0,0.0,0.0,0.0,2,2,3,2,1.5558,1.5558,-0.0264,1.017,1,3,3,1.5822,2.2436,0,2,1,2,1.0,0.5254,0.4943,0.178,0.6195,0.5774,0.2244,0.6195,970.0,913.0,0.5192,0.5677,1.6273,1.7842,-57.0,0.0485,AMBIGUOUS,0
15,13,3,4,73.6193,50.9502,6.8502,71.6421,50.8929,3.3684,4.0044,-1.9772,-0.0573,-3.4818,3.4822,1.9772,-0.4938,-0.0143,-0.8695,1.2167,1.7612,0.25897,0.25571,2.3406,2.3965,-0.00326,0.9874,0,1,0,0.0,0.0,0.0,0.0,0.0,0.0,2,2,3,3,1.5558,1.5558,-2.4486,2.5739,0,0,1,4.0044,0.9956,0,2,0,2,1.0,0.5254,0.4943,0.178,0.2161,0.1421,0.1628,0.5254,970.0,1044.0,0.5192,0.6199,1.6273,1.82,74.0,0.1007,AMBIGUOUS,0
16,1,3,4,100.805,43.1778,5.6833,97.7381,43.8107,5.6202,3.1321,-3.0669,0.6329,-0.063,0.636,3.0669,-0.9792,0.2021,-0.0201,1.8873,0.2074,0.25783,0.28548,2.3303,2.6754,0.02764,1.1072,0,1,0,0.0,0.0,0.0,0.0,0.0,0.0,0,2,2,1,3.1321,3.8289,0.6967,0.818,0,1,2,3.1321,1.0391,0,1,0,1,1.0,0.1278,0.055,0.1154,0.2556,0.2381,0.093,0.2556,1144.0,937.0,0.7204,0.669,1.8223,1.7174,-207.0,-0.0515,AMBIGUOUS,0
16,5,3,4,100.805,43.1778,5.6833,99.2389,42.3639,2.2854,3.8289,-1.5661,-0.8139,-3.3978,3.4939,1.5661,-0.409,-0.2126,-0.8874,0.9638,2.2309,0.25783,0.2702,2.3303,2.5323,0.01237,1.048,0,1,0,0.0,0.0,0.0,0.0,0.0,0.0,0,2,2,2,3.1321,3.1321,-0.6967,1.2224,1,2,2,0.7003,-3.1286,0,1,0,1,1.0,0.1278,0.055,0.1154,0.2215,0.1139,0.19,0.2215,1144.0,1034.0,0.7204,0.5766,1.8223,1.6927,-110.0,-0.1438,AMBIGUOUS,0
17,33,3,4,92.1868,54.2883,37.0304,94.1215,55.4319,40.457,4.0979,1.9348,1.1436,3.4266,3.6124,1.9348,0.4721,0.2791,0.8362,1.1906,1.8671,0.25564,0.23174,2.3105,2.1719,-0.0239,0.9065,1,2,1,-0.2255,0.0485,-0.842,0.873,4.9078,1.9129,0,0,1,1,4.0979,5.0,0.9021,0.8196,1,1,2,2.7968,-1.3011,1,1,0,1,1.0,0.467,0.4382,0.1614,0.279,0.1285,0.2477,0.467,949.0,865.0,0.5604,0.4373,1.6495,1.4416,-84.0,-0.123,AMBIGUOUS,0
18,27,3,4,89.7366,54.634,37.5915,86.525,55.6417,37.2263,3.3858,-3.2116,1.0077,-0.3652,1.0718,3.2116,-0.9486,0.2976,-0.1079,1.9764,0.3337,0.25529,0.2424,2.3074,2.2717,-0.0129,0.9495,0,1,0,0.0,0.0,0.0,0.0,0.0,0.0,0,1,2,1,3.3858,4.4952,1.1094,0.7532,0,1,1,3.3858,1.6142,1,1,1,1,1.0,0.4532,0.3616,0.2732,0.427,0.4,0.1494,0.4532,891.0,880.0,0.4863,0.4855,1.5163,1.4839,-11.0,-0.0008,AMBIGUOUS,0
18,45,3,4,89.7366,54.634,37.5915,86.1809,56.1164,39.9079,4.4952,-3.5557,1.4824,2.3165,2.7502,3.5557,-0.791,0.3298,0.5153,2.1881,0.7735,0.25529,0.21379,2.3074,2.0036,-0.0415,0.8374,0,1,0,0.0,0.0,0.0,0.0,0.0,0.0,0,1,2,2,3.3858,3.3858,-1.1094,1.3277,0,0,1,4.4952,0.5048,1,1,1,1,1.0,0.4532,0.3616,0.2732,0.123,0.0559,0.1096,0.4532,891.0,910.0,0.4863,0.3933,1.5163,1.444,19.0,-0.093,AMBIGUOUS,0
19,7,3,4,56.6511,62.0442,26.7403,53.4371,62.9408,28.2193,3.6498,-3.214,0.8967,1.4791,1.7296,3.214,-0.8806,0.2457,0.4052,1.9778,0.5382,0.25488,0.26264,2.3037,2.4614,0.00776,1.0304,0,1,0,0.0,0.0,0.0,0.0,0.0,0.0,0,1,1,1,3.6498,5.0,1.3502,0.73,1,3,3,2.905,-0.7448,0,1,0,1,1.0,0.2606,0.2239,0.1333,0.2673,0.1879,0.1901,0.2673,1193.0,982.0,0.6625,0.5505,1.9319,1.745,-211.0,-0.112,AMBIGUOUS,0
20,26,3,4,100.1668,65.6336,97.058,95.4765,66.4041,97.3362,4.7613,-4.6903,0.7705,0.2783,0.8193,4.6903,-0.9851,0.1618,0.0584,2.8863,0.1747,0.25233,0.24242,2.2806,2.2719,-0.00991,0.9607,1,3,1,0.5743,0.1163,-2.1165,2.1962,5.8206,1.3054,0,0,1,1,4.7613,5.0,0.2387,0.9523,0,1,2,3.797,-0.9643,0,1,0,1,1.0,0.6111,0.5832,0.1825,0.469,0.3985,0.2474,0.6111,801.0,807.0,0.7365,0.6537,1.8224,1.6947,6.0,-0.0828,AMBIGUOUS,0
21,5,3,4,99.4229,41.7055,2.4376,99.2389,42.3639,2.2854,0.7003,-0.184,0.6583,-0.1521,0.6757,0.184,-0.2627,0.9401,-0.2172,0.1132,3.6723,0.24916,0.2702,2.252,2.5323,0.02104,1.0844,0,1,0,0.0,0.0,0.0,0.0,0.0,0.0,1,1,2,1,0.7003,4.1713,3.471,0.1679,1,2,2,0.7003,3.1286,0,1,0,1,1.0,0.3284,0.2979,0.1382,0.2215,0.1139,0.19,0.3284,1039.0,1034.0,0.541,0.5766,1.6622,1.6927,-5.0,0.0356,AMBIGUOUS,0
21,1,3,4,99.4229,41.7055,2.4376,97.7381,43.8107,5.6202,4.1713,-1.6848,2.1052,3.1827,3.8159,1.6848,-0.4039,0.5047,0.763,1.0368,2.265,0.24916,0.28548,2.252,2.6754,0.03631,1.1457,0,1,0,0.0,0.0,0.0,0.0,0.0,0.0,1,1,2,2,0.7003,0.7003,-3.471,5.9565,0,1,2,3.1321,-1.0391,0,1,0,1,1.0,0.3284,0.2979,0.1382,0.2556,0.2381,0.093,0.3284,1039.0,937.0,0.541,0.669,1.6622,1.7174,-102.0,0.1279,AMBIGUOUS,0
22,6,3,4,99.7826,55.8426,55.5276,99.6802,55.7544,52.9899,2.5413,-0.1023,-0.0881,-2.5378,2.5393,0.1023,-0.0403,-0.0347,-0.9986,0.063,24.8121,0.24825,0.26398,2.2437,2.474,0.01574,1.0634,0,1,0,0.0,0.0,0.0,0.0,0.0,0.0,2,2,2,1,2.5413,2.799,0.2577,0.9079,1,1,1,2.5413,2.4587,0,0,0,0,1.0,0.6955,0.6576,0.2264,0.5911,0.5552,0.2027,0.6955,860.0,875.0,0.5349,0.634,1.7054,1.8361,15.0,0.0991,AMBIGUOUS,0
22,4,3,4,99.7826,55.8426,55.5276,99.1029,56.6466,58.1211,2.799,-0.6796,0.8041,2.5935,2.7153,0.6796,-0.2428,0.2873,0.9266,0.4182,3.9952,0.24825,0.2714,2.2437,2.5435,0.02315,1.0933,0,1,0,0.0,0.0,0.0,0.0,0.0,0.0,2,2,2,2,2.5413,2.5413,-0.2577,1.1014,1,1,1,2.799,2.201,0,0,0,0,1.0,0.6955,0.6576,0.2264,0.1813,0.0221,0.18,0.6955,860.0,934.0,0.5349,0.6121,1.7054,1.734,74.0,0.0772,AMBIGUOUS,0
23,123,3,4,86.1749,50.8427,14.3541,85.3704,51.6239,15.4341,1.5569,-0.8045,0.7811,1.08,1.3329,0.8045,-0.5167,0.5017,0.6937,0.4951,1.6568,0.24771,0.11513,2.2388,1.0789,-0.13258,0.4648,0,1,0,0.0,0.0,0.0,0.0,0.0,0.0,1,1,2,1,1.5569,4.0789,2.522,0.3817,1,1,1,1.5569,3.4431,0,0,0,1,2.0,0.1568,0.0499,0.1487,0.7552,0.7546,0.0303,0.7552,817.0,472.0,0.6234,0.3957,1.6298,1.561,-345.0,-0.2277,AMBIGUOUS,0
23,63,3,4,86.1749,50.8427,14.3541,82.1109,51.1889,14.3191,4.0789,-4.064,0.3462,-0.035,0.348,4.064,-0.9964,0.0849,-0.0086,2.5009,0.0856,0.24771,0.19449,2.2388,1.8227,-0.05321,0.7852,0,1,0,0.0,0.0,0.0,0.0,0.0,0.0,1,1,2,2,1.5569,1.5569,-2.522,2.6199,0,0,1,4.0789,0.9211,0,0,0,1,2.0,0.1568,0.0499,0.1487,0.7707,0.7641,0.1004,0.7707,817.0,710.0,0.6234,0.5534,1.6298,1.4925,-107.0,-0.07,AMBIGUOUS,0
24,25,3,4,73.6543,56.216,27.589,72.5686,57.1586,26.6714,1.7056,-1.0856,0.9426,-0.9176,1.3155,1.0856,-0.6365,0.5526,-0.538,0.6681,1.2117,0.24586,0.24355,2.2221,2.2825,-0.00231,0.9906,1,2,1,-1.6169,0.1986,0.431,1.6851,1.6293,0.4617,1,2,2,1,1.7056,3.3308,1.6252,0.5121,2,2,3,1.4545,-0.2511,1,3,1,1,0.5,0.5523,0.5293,0.1577,0.5869,0.5564,0.187,0.5869,974.0,953.0,0.5599,0.5238,1.6591,1.6857,-21.0,-0.0361,AMBIGUOUS,0
24,28,3,4,73.6543,56.216,27.589,72.7744,56.7114,24.4149,3.3308,-0.8799,0.4954,-3.1741,3.2125,0.8799,-0.2642,0.1487,-0.9529,0.5415,3.6509,0.24586,0.24061,2.2221,2.255,-0.00525,0.9786,1,2,1,-1.6169,0.1986,0.431,1.6851,3.6916,0.9727,1,2,2,2,1.7056,1.7056,-1.6252,1.9529,1,2,4,1.9252,-1.4056,1,3,1,1,0.5,0.5523,0.5293,0.1577,0.389,0.3506,0.1684,0.5523,974.0,939.0,0.5599,0.4883,1.6591,1.5956,-35.0,-0.0717,AMBIGUOUS,0
25,20,3,4,20.7419,72.2287,53.7009,17.3957,72.5705,52.986,3.4388,-3.3462,0.3417,-0.7149,0.7924,3.3462,-0.9731,0.0994,-0.2079,2.0592,0.2368,0.24525,0.24663,2.2166,2.3113,0.00138,1.0056,0,1,0,0.0,0.0,0.0,0.0,0.0,0.0,0,2,2,1,3.4388,3.8314,0.3927,0.8975,0,1,1,3.4388,1.5612,0,0,0,0,1.0,0.3994,0.3831,0.113,0.5308,0.4793,0.2282,0.5308,964.0,1039.0,0.5435,0.6085,1.536,1.6291,75.0,0.065,AMBIGUOUS,0
25,151,3,4,20.7419,72.2287,53.7009,22.416,72.6592,50.2815,3.8314,1.6741,0.4305,-3.4194,3.4464,1.6741,0.4369,0.1124,-0.8924,1.0302,2.0587,0.24525,0.06614,2.2166,0.6199,-0.1791,0.2697,0,1,0,0.0,0.0,0.0,0.0,0.0,0.0,0,2,2,2,3.4388,3.4388,-0.3927,1.1142,0,1,2,3.8314,0.8764,0,0,0,0,1.0,0.3994,0.3831,0.113,0.3519,0.334,0.1108,0.3994,964.0,474.0,0.5435,0.1843,1.536,1.2246,-490.0,-0.3592,AMBIGUOUS,0
26,7,3,4,55.521,63.506,31.1995,53.4371,62.9408,28.2193,3.6801,-2.0839,-0.5652,-2.9802,3.0333,2.0839,-0.5662,-0.1536,-0.8098,1.2824,1.4556,0.24353,0.26264,2.201,2.4614,0.01911,1.0785,1,3,1,-1.5671,0.1334,-0.1625,1.5811,2.9486,0.3685,0,1,1,1,3.6801,5.0,1.3199,0.736,1,3,3,2.905,-0.7752,0,1,0,1,1.0,0.3119,0.271,0.1544,0.2673,0.1879,0.1901,0.3119,1091.0,982.0,0.5507,0.5505,1.7044,1.745,-109.0,-0.0002,AMBIGUOUS,0
27,25,3,4,72.0092,55.9823,26.0241,72.5686,57.1586,26.6714,1.4545,0.5595,1.1763,0.6473,1.3426,0.5595,0.3846,0.8087,0.445,0.3443,2.3998,0.24271,0.24355,2.1937,2.2825,0.00084,1.0034,0,1,0,0.0,0.0,0.0,0.0,0.0,0.0,2,2,2,1,1.4545,1.9252,0.4707,0.7555,2,2,3,1.4545,0.2511,1,1,1,1,1.0,0.516,0.5092,0.0837,0.5869,0.5564,0.187,0.5869,916.0,953.0,0.5112,0.5238,1.6917,1.6857,37.0,0.0127,AMBIGUOUS,0
27,28,3,4,72.0092,55.9823,26.0241,72.7744,56.7114,24.4149,1.9252,0.7652,0.7291,-1.6092,1.7666,0.7652,0.3974,0.3787,-0.8358,0.4709,2.3088,0.24271,0.24061,2.1937,2.255,-0.0021,0.9913,0,1,0,0.0,0.0,0.0,0.0,0.0,0.0,2,2,2,2,1.4545,1.4545,-0.4707,1.3236,1,2,4,1.9252,1.4056,1,1,1,1,1.0,0.516,0.5092,0.0837,0.389,0.3506,0.1684,0.516,916.0,939.0,0.5112,0.4883,1.6917,1.5956,23.0,-0.0229,AMBIGUOUS,0
29,154,3,4,52.9516,58.9422,9.1922,53.1519,59.5733,8.8831,0.7307,0.2003,0.6311,-0.3091,0.7027,0.2003,0.2742,0.8636,-0.4231,0.1233,3.5078,0.23906,0.05452,2.1606,0.511,-0.18453,0.2281,1,4,1,0.8932,0.0346,-1.7373,1.9537,1.6957,0.4832,1,1,2,1,0.7307,4.8474,4.1167,0.1507,1,2,2,0.7307,2.8947,0,1,0,0,0.5,0.6912,0.6734,0.1557,0.4979,0.4731,0.1553,0.6912,856.0,439.0,0.4983,0.1658,1.5631,1.293,-417.0,-0.3326,AMBIGUOUS,0
29,18,3,4,52.9516,58.9422,9.1922,48.1247,59.0139,8.7521,4.8474,-4.8269,0.0717,-0.4402,0.446,4.8269,-0.9958,0.0148,-0.0908,2.9704,0.0924,0.23906,0.25123,2.1606,2.3545,0.01218,1.0509,1,4,1,0.8932,0.0346,-1.7373,1.9537,5.8654,1.3742,1,1,2,2,0.7307,0.7307,-4.1167,6.6337,1,1,3,1.8261,-3.0213,0,1,0,0,0.5,0.6912,0.6734,0.1557,0.661,0.6253,0.2144,0.6912,856.0,954.0,0.4983,0.5269,1.5631,1.6053,98.0,0.0285,AMBIGUOUS,0
30,60,3,4,64.1557,62.8341,46.647,61.0672,63.9683,47.2078,3.3377,-3.0886,1.1343,0.5608,1.2653,3.0886,-0.9254,0.3398,0.168,1.9007,0.4097,0.2389,0.19534,2.1593,1.8307,-0.04356,0.8176,0,1,0,0.0,0.0,0.0,0.0,0.0,0.0,0,1,1,1,3.3377,5.0,1.6623,0.6675,0,1,1,3.3377,1.6623,0,0,1,1,2.0,0.7955,0.7807,0.1526,0.7128,0.6828,0.2046,0.7955,768.0,647.0,0.7412,0.6433,1.7927,1.8865,-121.0,-0.0979,AMBIGUOUS,0
31,10,3,4,48.6209,64.5785,37.0609,46.6912,65.3937,36.9289,2.099,-1.9297,0.8151,-0.132,0.8258,1.9297,-0.9194,0.3883,-0.0629,1.1875,0.4279,0.23863,0.25809,2.1568,2.4188,0.01946,1.0815,0,1,0,0.0,0.0,0.0,0.0,0.0,0.0,1,2,2,1,2.099,3.86,1.761,0.5438,1,1,2,2.099,2.3604,0,2,1,1,0.6667,0.1593,0.1291,0.0934,0.4358,0.4338,0.0418,0.4358,920.0,957.0,0.5368,0.5509,1.5794,1.5565,37.0,0.0141,AMBIGUOUS,0
31,47,3,4,48.6209,64.5785,37.0609,46.397,66.1518,39.7956,3.86,-2.224,1.5733,2.7347,3.155,2.224,-0.5762,0.4076,0.7085,1.3686,1.4186,0.23863,0.21233,2.1568,1.9899,-0.0263,0.8898,0,1,0,0.0,0.0,0.0,0.0,0.0,0.0,1,2,2,2,2.099,2.099,-1.761,1.839,1,2,2,2.576,-1.2841,0,2,1,1,0.6667,0.1593,0.1291,0.0934,0.7313,0.728,0.069,0.7313,920.0,938.0,0.5368,0.4339,1.5794,1.4623,18.0,-0.1028,AMBIGUOUS,0
32,152,3,4,69.1961,69.0855,84.3536,69.201,70.0056,82.714,1.8802,0.005,0.9201,-1.6396,1.8802,0.005,0.0026,0.4894,-0.8721,0.003,379.7055,0.23856,0.06424,2.1562,0.602,-0.17433,0.2693,0,1,0,0.0,0.0,0.0,0.0,0.0,0.0,1,1,1,1,1.8802,5.0,3.1198,0.376,1,1,2,1.8802,2.6416,0,1,0,0,0.5,0.6949,0.6789,0.1482,0.7051,0.674,0.2074,0.7051,782.0,326.0,0.639,0.3058,1.7383,1.4779,-456.0,-0.3332,AMBIGUOUS,0
35,14,3,4,81.1952,61.2664,53.1743,80.8862,61.9644,53.5831,0.8659,-0.309,0.698,0.4087,0.8089,0.309,-0.3569,0.8061,0.472,0.1902,2.6175,0.23261,0.25521,2.1024,2.3918,0.0226,1.0971,0,1,0,0.0,0.0,0.0,0.0,0.0,0.0,1,1,2,1,0.8659,4.9707,4.1048,0.1742,1,1,3,0.8659,3.3845,0,2,0,0,0.3333,0.1047,0.0548,0.0892,0.4134,0.3638,0.1964,0.4134,870.0,866.0,0.494,0.6188,1.4248,1.6688,-4.0,0.1248,AMBIGUOUS,0
35,38,3,4,81.1952,61.2664,53.1743,78.1028,61.2476,49.2828,4.9707,-3.0924,-0.0188,-3.8916,3.8916,3.0924,-0.6221,-0.0038,-0.7829,1.903,1.2585,0.23261,0.22305,2.1024,2.0904,-0.00956,0.9589,0,1,0,0.0,0.0,0.0,0.0,0.0,0.0,1,1,2,2,0.8659,0.8659,-4.1048,5.7405,1,2,3,2.729,-2.2416,0,2,1,1,0.6667,0.1047,0.0548,0.0892,0.1893,0.1028,0.1589,0.1893,870.0,893.0,0.494,0.4511,1.4248,1.3634,23.0,-0.0429,AMBIGUOUS,0
36,21,3,4,65.4133,68.9276,84.9359,62.7574,69.4793,83.1946,3.2235,-2.656,0.5517,-1.7413,1.8266,2.656,-0.8239,0.1711,-0.5402,1.6344,0.6878,0.2319,0.24632,2.096,2.3085,0.01442,1.0622,0,1,0,0.0,0.0,0.0,0.0,0.0,0.0,0,1,2,1,3.2235,4.5217,1.2983,0.7129,0,1,1,3.2235,1.7765,0,1,0,0,0.5,0.4358,0.4133,0.1381,0.6238,0.6176,0.0873,0.6238,829.0,817.0,0.5081,0.5783,1.536,1.567,-12.0,0.0703,AMBIGUOUS,0
36,152,3,4,65.4133,68.9276,84.9359,69.201,70.0056,82.714,4.5217,3.7877,1.078,-2.222,2.4697,3.7877,0.8377,0.2384,-0.4914,2.3309,0.652,0.2319,0.06424,2.096,0.602,-0.16767,0.277,0,1,0,0.0,0.0,0.0,0.0,0.0,0.0,0,1,2,2,3.2235,3.2235,-1.2983,1.4027,1,1,2,1.8802,-2.6416,0,1,0,0,0.5,0.4358,0.4133,0.1381,0.7051,0.674,0.2074,0.7051,829.0,326.0,0.5081,0.3058,1.536,1.4779,-503.0,-0.2022,AMBIGUOUS,0
37,139,3,4,68.3722,60.5583,33.1598,69.1567,61.7521,36.6987,3.8164,0.7845,1.1938,3.539,3.7349,0.7845,0.2056,0.3128,0.9273,0.4827,4.761,0.23189,0.09424,2.0959,0.8832,-0.13765,0.4064,1,4,1,0.6777,0.0197,-0.1727,0.6996,3.8944,1.021,0,1,1,1,3.8164,5.0,1.1836,0.7633,1,2,2,1.0647,-2.7516,1,2,0,0,0.3333,0.1975,0.1222,0.1551,0.7311,0.7183,0.1362,0.7311,941.0,433.0,0.4919,0.309,1.5897,1.6116,-508.0,-0.1828,AMBIGUOUS,0
38,58,3,4,55.8138,59.1714,16.8263,53.6423,59.3906,15.4538,2.5782,-2.1715,0.2192,-1.3725,1.3899,2.1715,-0.8423,0.085,-0.5323,1.3363,0.64,0.23154,0.19668,2.0927,1.8433,-0.03486,0.8494,0,1,0,0.0,0.0,0.0,0.0,0.0,0.0,1,1,1,1,2.5782,5.0,2.4218,0.5156,1,1,1,2.5782,2.4218,0,0,0,1,2.0,0.6055,0.5638,0.221,0.0816,0.0173,0.0797,0.6055,847.0,827.0,0.54,0.4169,1.604,1.4302,-20.0,-0.1231,AMBIGUOUS,0
39,154,3,4,51.3733,57.0701,6.9559,53.1519,59.5733,8.8831,3.6254,1.7787,2.5032,1.9272,3.1591,1.7787,0.4906,0.6905,0.5316,1.0946,1.7761,0.22946,0.05452,2.0739,0.511,-0.17494,0.2376,1,2,1,-0.6812,0.0525,-0.7913,1.0454,4.4099,1.6874,0,1,2,1,3.6254,4.1902,0.5648,0.8652,1,2,2,0.7307,-2.8947,0,2,0,0,0.3333,0.6583,0.6267,0.2013,0.4979,0.4731,0.1553,0.6583,916.0,439.0,0.4786,0.1658,1.6584,1.293,-477.0,-0.3129,AMBIGUOUS,0
39,18,3,4,51.3733,57.0701,6.9559,48.1247,59.0139,8.7521,4.1902,-3.2485,1.9438,1.7961,2.6466,3.2485,-0.7753,0.4639,0.4287,1.9991,0.8147,0.22946,0.25123,2.0739,2.3545,0.02178,1.0949,1,2,1,-0.6812,0.0525,-0.7913,1.0454,4.1065,0.796,0,1,2,2,3.6254,3.6254,-0.5648,1.1558,1,1,3,1.8261,-2.3641,0,2,0,0,0.3333,0.6583,0.6267,0.2013,0.661,0.6253,0.2144,0.661,916.0,954.0,0.4786,0.5269,1.6584,1.6053,38.0,0.0482,AMBIGUOUS,0
40,90,3,4,94.135,61.3015,69.658,93.6196,62.0718,70.944,1.5852,-0.5155,0.7704,1.286,1.4991,0.5155,-0.3252,0.486,0.8112,0.3172,2.9083,0.22881,0.15934,2.068,1.4933,-0.06947,0.6964,1,3,1,-0.7223,0.5652,-0.2524,0.9513,1.5658,0.6796,1,1,2,1,1.5852,4.6916,3.1064,0.3379,1,1,2,1.5852,2.526,0,0,0,1,2.0,0.2254,0.115,0.1939,0.6535,0.6304,0.1719,0.6535,877.0,645.0,0.5075,0.3719,1.546,1.3971,-232.0,-0.1357,AMBIGUOUS,0
40,46,3,4,94.135,61.3015,69.658,89.507,61.7372,69.0229,4.6916,-4.628,0.4358,-0.635,0.7702,4.628,-0.9864,0.0929,-0.1354,2.848,0.1664,0.22881,0.21331,2.068,1.9991,-0.0155,0.9322,1,3,1,-0.7223,0.5652,-0.2524,0.9513,3.9265,0.1599,1,1,2,2,1.5852,1.5852,-3.1064,2.9596,0,0,1,4.6916,0.3084,0,0,0,1,2.0,0.2254,0.115,0.1939,0.1384,0.132,0.0416,0.2254,877.0,828.0,0.5075,0.4931,1.546,1.5198,-49.0,-0.0144,AMBIGUOUS,0
41,47,3,4,48.7092,65.8231,40.8823,46.397,66.1518,39.7956,2.576,-2.3123,0.3287,-1.0867,1.1353,2.3123,-0.8976,0.1276,-0.4218,1.4229,0.491,0.22857,0.21233,2.0659,1.9899,-0.01624,0.9289,0,1,0,0.0,0.0,0.0,0.0,0.0,0.0,1,1,2,1,2.576,4.4594,1.8834,0.5777,1,2,2,2.576,1.2841,0,2,1,1,0.6667,0.1548,0.0408,0.1494,0.7313,0.728,0.069,0.7313,1003.0,938.0,0.5713,0.4339,1.6277,1.4623,-65.0,-0.1374,AMBIGUOUS,0
41,10,3,4,48.7092,65.8231,40.8823,46.6912,65.3937,36.9289,4.4594,-2.018,-0.4294,-3.9533,3.9766,2.018,-0.4525,-0.0963,-0.8865,1.2419,1.9705,0.22857,0.25809,2.0659,2.4188,0.02951,1.1291,0,1,0,0.0,0.0,0.0,0.0,0.0,0.0,1,1,2,2,2.576,2.576,-1.8834,1.7311,1,1,2,2.099,-2.3604,0,2,1,1,0.6667,0.1548,0.0408,0.1494,0.4358,0.4338,0.0418,0.4358,1003.0,957.0,0.5713,0.5509,1.6277,1.5565,-46.0,-0.0204,AMBIGUOUS,0
42,14,3,4,85.0917,61.3259,53.848,80.8862,61.9644,53.5831,4.2619,-4.2055,0.6384,-0.2649,0.6912,4.2055,-0.9868,0.1498,-0.0622,2.588,0.1644,0.22838,0.25521,2.0641,2.3918,0.02683,1.1175,0,1,0,0.0,0.0,0.0,0.0,0.0,0.0,0,0,1,1,4.2619,5.0,0.7381,0.8524,1,1,3,0.8659,-3.396,0,2,0,0,0.3333,0.6197,0.5917,0.1841,0.4134,0.3638,0.1964,0.6197,809.0,866.0,0.5542,0.6188,1.5467,1.6688,57.0,0.0646,AMBIGUOUS,0
43,66,3,4,100.5847,46.8208,17.0336,97.3447,47.4115,16.517,3.3337,-3.24,0.5907,-0.5166,0.7847,3.24,-0.9719,0.1772,-0.155,1.9939,0.2422,0.22837,0.19275,2.064,1.8064,-0.03562,0.844,0,1,0,0.0,0.0,0.0,0.0,0.0,0.0,0,1,1,1,3.3337,5.0,1.6663,0.6667,0,1,1,3.3337,1.6663,0,1,0,1,1.0,0.1964,0.1653,0.106,0.2405,0.1553,0.1837,0.2405,853.0,713.0,0.5472,0.5356,1.6047,1.5483,-140.0,-0.0116,AMBIGUOUS,0
44,146,3,4,45.1399,60.6313,16.2686,45.1304,60.9632,15.9715,0.4455,-0.0095,0.3319,-0.297,0.4454,0.0095,-0.0213,0.7449,-0.6668,0.0058,46.9185,0.22579,0.08012,2.0407,0.7509,-0.14566,0.3549,1,3,1,2.3565,0.6096,-0.7071,2.5347,2.4173,0.6546,1,2,2,1,0.4455,3.5689,3.1234,0.1248,1,1,3,0.4455,3.7847,0,2,0,1,0.6667,0.3742,0.3601,0.1018,0.3919,0.3696,0.1303,0.3919,958.0,577.0,0.4362,0.1715,1.4987,1.2916,-381.0,-0.2647,AMBIGUOUS,0
44,32,3,4,45.1399,60.6313,16.2686,41.703,59.9927,15.5498,3.5689,-3.4369,-0.6387,-0.7188,0.9615,3.4369,-0.963,-0.179,-0.2014,2.115,0.2798,0.22579,0.2336,2.0407,2.1893,0.00782,1.0346,1,3,1,2.3565,0.6096,-0.7071,2.5347,5.9264,1.8822,1,2,2,2,0.4455,0.4455,-3.1234,8.0112,1,2,2,0.7924,-2.7765,0,2,0,3,1.3333,0.3742,0.3601,0.1018,0.5739,0.547,0.1735,0.5739,958.0,976.0,0.4362,0.516,1.4987,1.6508,18.0,0.0798,AMBIGUOUS,0
45,139,3,4,69.3967,60.8562,36.1759,69.1567,61.7521,36.6987,1.0647,-0.24,0.8959,0.5228,1.0373,0.24,-0.2254,0.8415,0.491,0.1477,4.3216,0.2246,0.09424,2.03,0.8832,-0.13037,0.4196,0,1,0,0.0,0.0,0.0,0.0,0.0,0.0,1,1,1,1,1.0647,5.0,3.9353,0.2129,1,2,2,1.0647,2.7516,0,1,0,0,0.5,0.4855,0.4783,0.0837,0.7311,0.7183,0.1362,0.7311,873.0,433.0,0.4388,0.309,1.4672,1.6116,-440.0,-0.1298,AMBIGUOUS,0
46,81,3,4,99.8531,60.4983,83.6448,97.0698,61.5175,86.0369,3.8089,-2.7833,1.0193,2.3921,2.6002,2.7833,-0.7307,0.2676,0.628,1.7128,0.9342,0.22254,0.16975,2.0114,1.5909,-0.05279,0.7628,1,2,1,-0.7862,-0.1349,-0.8156,1.1408,3.9509,0.977,0,2,2,1,3.8089,3.9444,0.1355,0.9657,0,1,1,3.8089,1.1911,0,0,0,1,2.0,0.7301,0.7281,0.054,0.4723,0.4302,0.1948,0.7301,720.0,690.0,0.6719,0.4483,1.804,1.4739,-30.0,-0.2236,AMBIGUOUS,0
46,44,3,4,99.8531,60.4983,83.6448,96.0405,61.2346,82.9519,3.9444,-3.8126,0.7364,-0.6929,1.0111,3.8126,-0.9666,0.1867,-0.1757,2.3462,0.2652,0.22254,0.2169,2.0114,2.0328,-0.00564,0.9747,1,2,1,-0.7862,-0.1349,-0.8156,1.1408,3.1517,0.2304,0,2,2,2,3.8089,3.8089,-0.1355,1.0356,0,1,1,3.9444,1.0556,0,0,0,1,2.0,0.7301,0.7281,0.054,0.2126,0.1655,0.1335,0.7301,720.0,695.0,0.6719,0.7211,1.804,1.8038,-25.0,0.0492,AMBIGUOUS,0
48,33,3,4,94.3992,55.408,43.2399,94.1215,55.4319,40.457,2.7968,-0.2777,0.0239,-2.7829,2.783,0.2777,-0.0993,0.0086,-0.995,0.1709,10.0231,0.22243,0.23174,2.0104,2.1719,0.00931,1.0419,0,1,0,0.0,0.0,0.0,0.0,0.0,0.0,1,2,2,1,2.7968,3.5094,0.7126,0.797,1,1,2,2.7968,1.3011,0,0,0,1,2.0,0.2805,0.1492,0.2375,0.279,0.1285,0.2477,0.2805,866.0,865.0,0.4978,0.4373,1.5775,1.4416,-1.0,-0.0604,AMBIGUOUS,0
48,49,3,4,94.3992,55.408,43.2399,91.059,56.1232,42.4354,3.5094,-3.3402,0.7152,-0.8045,1.0765,3.3402,-0.9518,0.2038,-0.2292,2.0555,0.3223,0.22243,0.21175,2.0104,1.9845,-0.01068,0.952,0,1,0,0.0,0.0,0.0,0.0,0.0,0.0,1,2,2,2,2.7968,2.7968,-0.7126,1.2548,0,1,1,3.5094,1.4906,0,0,0,1,2.0,0.2805,0.1492,0.2375,0.2038,0.059,0.1951,0.2805,866.0,875.0,0.4978,0.4267,1.5775,1.4793,9.0,-0.071,AMBIGUOUS,0
50,18,3,4,46.8268,57.761,8.469,48.1247,59.0139,8.7521,1.8261,1.298,1.2529,0.2831,1.2845,1.298,0.7108,0.6861,0.155,0.7987,0.9896,0.22067,0.25123,1.9945,2.3545,0.03056,1.1385,0,1,0,0.0,0.0,0.0,0.0,0.0,0.0,1,1,2,1,1.8261,4.3144,2.4883,0.4233,1,1,3,1.8261,2.3641,0,1,0,0,0.5,0.3134,0.2982,0.0963,0.661,0.6253,0.2144,0.661,1062.0,954.0,0.4906,0.5269,1.5473,1.6053,-108.0,0.0363,AMBIGUOUS,0
50,16,3,4,46.8268,57.761,8.469,42.5272,57.9866,8.1924,4.3144,-4.2996,0.2255,-0.2766,0.3569,4.2996,-0.9966,0.0523,-0.0641,2.6459,0.083,0.22067,0.25471,1.9945,2.3871,0.03404,1.1542,0,1,0,0.0,0.0,0.0,0.0,0.0,0.0,1,1,2,2,1.8261,1.8261,-2.4883,2.3627,0,0,1,4.3144,0.6856,0,1,0,0,0.5,0.3134,0.2982,0.0963,0.3047,0.2772,0.1266,0.3134,1062.0,966.0,0.4906,0.4952,1.5473,1.6085,-96.0,0.0046,AMBIGUOUS,0
51,50,3,4,15.6976,63.4968,15.9788,18.8152,62.7572,13.2616,4.2011,3.1176,-0.7396,-2.7171,2.816,3.1176,0.7421,-0.176,-0.6468,1.9185,0.9033,0.21977,0.20816,1.9863,1.9508,-0.01161,0.9471,0,1,0,0.0,0.0,0.0,0.0,0.0,0.0,0,0,1,1,4.2011,5.0,0.7989,0.8402,0,0,1,4.2011,0.7989,0,0,0,2,3.0,0.5816,0.5524,0.1818,0.7265,0.6848,0.2425,0.7265,911.0,913.0,0.4891,0.4468,1.5362,1.5004,2.0,-0.0423,AMBIGUOUS,0
53,9,3,4,80.7528,62.9347,63.6583,77.7294,63.5881,61.7694,3.6244,-3.0234,0.6535,-1.889,1.9988,3.0234,-0.8342,0.1803,-0.5212,1.8605,0.6611,0.21726,0.25957,1.9636,2.4326,0.04231,1.1947,0,1,0,0.0,0.0,0.0,0.0,0.0,0.0,0,1,2,1,3.6244,4.9182,1.2939,0.7369,0,1,1,3.6244,1.3756,0,2,1,1,0.6667,0.5133,0.4972,0.1275,0.333,0.2706,0.1941,0.5133,806.0,972.0,0.4959,0.6055,1.4793,1.6553,166.0,0.1096,AMBIGUOUS,0
53,11,3,4,80.7528,62.9347,63.6583,77.5577,64.4501,67.0765,4.9182,-3.1951,1.5154,3.4182,3.739,3.1951,-0.6496,0.3081,0.695,1.9662,1.1702,0.21726,0.25764,1.9636,2.4146,0.04039,1.1859,0,1,0,0.0,0.0,0.0,0.0,0.0,0.0,0,1,2,2,3.6244,3.6244,-1.2939,1.357,1,1,2,2.6768,-2.2414,0,2,1,1,0.6667,0.5133,0.4972,0.1275,0.4673,0.4423,0.1506,0.5133,806.0,989.0,0.4959,0.617,1.4793,1.7192,183.0,0.1211,AMBIGUOUS,0
54,115,3,4,22.7538,60.7778,9.8101,22.5989,62.6385,9.6099,1.8779,-0.155,1.8607,-0.2001,1.8715,0.155,-0.0825,0.9909,-0.1066,0.0954,12.0775,0.21435,0.12275,1.9374,1.1504,-0.0916,0.5727,1,2,1,-0.0457,0.3443,-1.1427,1.1944,1.7888,0.6092,1,1,4,1,1.8779,4.2305,2.3527,0.4439,1,1,1,1.8779,3.1221,0,0,0,2,3.0,0.1707,0.0038,0.1707,0.2196,0.1511,0.1593,0.2196,900.0,783.0,0.4283,0.1825,1.4123,1.2054,-117.0,-0.2458,AMBIGUOUS,0
54,124,3,4,22.7538,60.7778,9.8101,22.309,63.733,12.8044,4.2305,-0.4448,2.9552,2.9943,4.2071,0.4448,-0.1051,0.6986,0.7078,0.2737,9.4575,0.21435,0.11512,1.9374,1.0789,-0.09923,0.5371,1,2,1,-0.0457,0.3443,-1.1427,1.1944,4.9083,1.4718,1,1,4,2,1.8779,1.8779,-2.3527,2.2528,0,0,1,4.2305,0.7695,0,0,0,2,3.0,0.1707,0.0038,0.1707,0.4848,0.441,0.2015,0.4848,900.0,685.0,0.4283,0.223,1.4123,1.32,-215.0,-0.2053,AMBIGUOUS,0
54,52,3,4,22.7538,60.7778,9.8101,25.8145,59.1761,6.4529,4.817,3.0607,-1.6017,-3.3571,3.7196,3.0607,0.6354,-0.3325,-0.6969,1.8835,1.2153,0.21435,0.20488,1.9374,1.9201,-0.00948,0.9558,1,2,1,-0.0457,0.3443,-1.1427,1.1944,4.2825,0.4534,1,1,4,3,1.8779,1.8779,-2.9391,2.5651,0,0,2,4.5859,-0.2311,0,0,0,0,1.0,0.1707,0.0038,0.1707,0.235,0.1855,0.1443,0.235,900.0,803.0,0.4283,0.4425,1.4123,1.415,-97.0,0.0142,AMBIGUOUS,0
54,51,3,4,22.7538,60.7778,9.8101,18.3733,62.8636,8.871,4.9418,-4.3805,2.0858,-0.9391,2.2875,4.3805,-0.8864,0.4221,-0.19,2.6957,0.5222,0.21435,0.20625,1.9374,1.9329,-0.00811,0.9622,1,2,1,-0.0457,0.3443,-1.1427,1.1944,4.676,0.6626,1,1,4,4,1.8779,1.8779,-3.0639,2.6316,0,0,1,4.9418,0.0582,0,0,0,2,3.0,0.1707,0.0038,0.1707,0.5136,0.4983,0.1244,0.5136,900.0,1013.0,0.4283,0.453,1.4123,1.4617,113.0,0.0247,AMBIGUOUS,0
55,40,3,4,65.3667,55.0399,16.7871,62.2848,55.9689,16.8277,3.2191,-3.0819,0.929,0.0406,0.9299,3.0819,-0.9574,0.2886,0.0126,1.8965,0.3017,0.21423,0.22292,1.9362,2.0891,0.00869,1.0406,0,1,0,0.0,0.0,0.0,0.0,0.0,0.0,0,1,1,1,3.2191,5.0,1.7809,0.6438,0,1,1,3.2191,1.7809,0,2,0,0,0.3333,0.436,0.3667,0.2358,0.5694,0.5348,0.1953,0.5694,923.0,908.0,0.3851,0.4751,1.4055,1.5432,-15.0,0.09,AMBIGUOUS,0
56,17,3,4,55.4659,52.6514,2.5011,55.9274,55.2096,4.6169,3.3518,0.4615,2.5583,2.1158,3.3198,0.4615,0.1377,0.7633,0.6313,0.284,7.1934,0.21417,0.25193,1.9357,2.361,0.03775,1.1763,0,1,0,0.0,0.0,0.0,0.0,0.0,0.0,0,1,2,1,3.3518,4.8791,1.5274,0.687,0,1,1,3.3518,1.6482,0,0,0,0,1.0,0.2768,0.2159,0.1732,0.6946,0.6774,0.1536,0.6946,1017.0,1082.0,0.4277,0.5471,1.6276,1.8823,65.0,0.1194,AMBIGUOUS,0
56,53,3,4,55.4659,52.6514,2.5011,50.688,53.6259,2.6694,4.8791,-4.7779,0.9745,0.1683,0.989,4.7779,-0.9792,0.1997,0.0345,2.9402,0.207,0.21417,0.2045,1.9357,1.9166,-0.00967,0.9548,0,1,0,0.0,0.0,0.0,0.0,0.0,0.0,0,1,2,2,3.3518,3.3518,-1.5274,1.4557,0,0,1,4.8791,0.1209,0,0,0,0,1.0,0.2768,0.2159,0.1732,0.3583,0.313,0.1743,0.3583,1017.0,1005.0,0.4277,0.3744,1.6276,1.6263,-12.0,-0.0533,AMBIGUOUS,0
58,146,3,4,45.1825,62.2644,20.1975,45.1304,60.9632,15.9715,4.4221,-0.0521,-1.3012,-4.226,4.4218,0.0521,-0.0118,-0.2942,-0.9557,0.0321,84.8582,0.20822,0.08012,1.8819,0.7509,-0.1281,0.3848,0,1,0,0.0,0.0,0.0,0.0,0.0,0.0,0,0,1,1,4.4221,5.0,0.5779,0.8844,1,1,3,0.4455,-3.9766,1,2,0,1,0.6667,0.3546,0.3175,0.1579,0.3919,0.3696,0.1303,0.3919,856.0,577.0,0.3946,0.1715,1.4774,1.2916,-279.0,-0.2231,AMBIGUOUS,0
59,43,3,4,65.5114,60.3737,32.8306,62.4015,60.9886,32.7508,3.1711,-3.1099,0.6149,-0.0798,0.62,3.1099,-0.9807,0.1939,-0.0252,1.9138,0.1994,0.20816,0.21828,1.8814,2.0457,0.01011,1.0486,0,1,0,0.0,0.0,0.0,0.0,0.0,0.0,0,1,1,1,3.1711,5.0,1.8289,0.6342,0,1,1,3.1711,1.8289,1,1,0,0,0.5,0.5404,0.5114,0.1747,0.6718,0.6515,0.1636,0.6718,984.0,935.0,0.4054,0.4244,1.437,1.4635,-49.0,0.019,AMBIGUOUS,0
60,67,3,4,24.2305,67.5959,37.3087,22.3885,68.3852,35.6551,2.5982,-1.842,0.7893,-1.6536,1.8323,1.842,-0.709,0.3038,-0.6365,1.1336,0.9947,0.20696,0.19054,1.8705,1.7857,-0.01642,0.9207,0,1,0,0.0,0.0,0.0,0.0,0.0,0.0,1,1,2,1,2.5982,4.6889,2.0908,0.5541,1,2,3,2.5982,1.2545,0,1,0,1,1.0,0.2244,0.1445,0.1717,0.3975,0.3615,0.1652,0.3975,938.0,818.0,0.4153,0.3658,1.4864,1.476,-120.0,-0.0495,AMBIGUOUS,0
60,64,3,4,24.2305,67.5959,37.3087,28.0636,67.944,39.9869,4.6889,3.833,0.3481,2.6782,2.7008,3.833,0.8175,0.0742,0.5712,2.3588,0.7046,0.20696,0.19316,1.8705,1.8103,-0.0138,0.9333,0,1,0,0.0,0.0,0.0,0.0,0.0,0.0,1,1,2,2,2.5982,2.5982,-2.0908,1.8047,0,0,1,4.6889,0.3111,0,1,0,2,1.5,0.2244,0.1445,0.1717,0.4825,0.4386,0.2011,0.4825,938.0,890.0,0.4153,0.3263,1.4864,1.4289,-48.0,-0.0891,AMBIGUOUS,0
61,7,3,4,50.9555,62.0757,26.9815,53.4371,62.9408,28.2193,2.905,2.4816,0.8652,1.2378,1.5102,2.4816,0.8543,0.2978,0.4261,1.5271,0.6086,0.20545,0.26264,1.8569,2.4614,0.05719,1.2783,0,1,0,0.0,0.0,0.0,0.0,0.0,0.0,1,1,2,1,2.905,4.7097,1.8047,0.6168,1,3,3,2.905,0.7448,0,0,0,1,2.0,0.61,0.5805,0.1873,0.2673,0.1879,0.1901,0.61,977.0,982.0,0.4359,0.5505,1.4744,1.745,5.0,0.1146,AMBIGUOUS,0
61,29,3,4,50.9555,62.0757,26.9815,50.0912,64.1965,31.0969,4.7097,-0.8643,2.1208,4.1154,4.6297,0.8643,-0.1835,0.4503,0.8738,0.5319,5.3567,0.20545,0.23883,1.8569,2.2383,0.03338,1.1625,0,1,0,0.0,0.0,0.0,0.0,0.0,0.0,1,1,2,2,2.905,2.905,-1.8047,1.6212,0,0,1,4.7097,0.2903,0,0,0,1,2.0,0.61,0.5805,0.1873,0.3385,0.2838,0.1846,0.61,977.0,1045.0,0.4359,0.5666,1.4744,1.734,68.0,0.1307,AMBIGUOUS,0
63,149,3,4,12.7887,69.9495,32.9542,13.2827,71.0786,33.8461,1.5213,0.494,1.1291,0.8919,1.4388,0.494,0.3247,0.7422,0.5863,0.304,2.9127,0.20196,0.06732,1.8253,0.6309,-0.13464,0.3333,0,1,0,0.0,0.0,0.0,0.0,0.0,0.0,1,1,1,1,1.5213,5.0,3.4787,0.3043,1,1,1,1.5213,3.4787,0,2,0,0,0.3333,0.2291,0.2113,0.0886,0.3104,0.2827,0.1282,0.3104,843.0,560.0,0.4162,0.1566,1.5219,1.1732,-283.0,-0.2596,AMBIGUOUS,0
65,32,3,4,41.0485,59.8527,15.974,41.703,59.9927,15.5498,0.7924,0.6544,0.1399,-0.4242,0.4467,0.6544,0.8259,0.1766,-0.5354,0.4027,0.6826,0.20031,0.2336,1.8104,2.1893,0.0333,1.1662,0,1,0,0.0,0.0,0.0,0.0,0.0,0.0,1,1,4,1,0.7924,4.2302,3.4378,0.1873,1,2,2,0.7924,2.7765,0,1,0,3,2.0,0.4629,0.4235,0.1869,0.5739,0.547,0.1735,0.5739,1049.0,976.0,0.476,0.516,1.487,1.6508,-73.0,0.04,AMBIGUOUS,0
65,146,3,4,41.0485,59.8527,15.974,45.1304,60.9632,15.9715,4.2302,4.0818,1.1105,-0.0025,1.1105,4.0818,0.9649,0.2625,-0.0006,2.5119,0.272,0.20031,0.08012,1.8104,0.7509,-0.12018,0.4,0,1,0,0.0,0.0,0.0,0.0,0.0,0.0,1,1,4,2,0.7924,0.7924,-3.4378,5.3386,1,1,3,0.4455,-3.7847,0,1,0,1,1.0,0.4629,0.4235,0.1869,0.3919,0.3696,0.1303,0.4629,1049.0,577.0,0.476,0.1715,1.487,1.2916,-472.0,-0.3045,AMBIGUOUS,0
65,48,3,4,41.0485,59.8527,15.974,40.0516,62.2235,19.3556,4.2484,-0.9969,2.3707,3.3815,4.1298,0.9969,-0.2347,0.558,0.796,0.6135,4.1425,0.20031,0.21194,1.8104,1.9862,0.01163,1.0581,0,1,0,0.0,0.0,0.0,0.0,0.0,0.0,1,1,4,3,0.7924,0.7924,-3.456,5.3616,0,1,2,3.1279,-1.1205,0,1,0,1,1.0,0.4629,0.4235,0.1869,0.5951,0.5734,0.1593,0.5951,1049.0,968.0,0.476,0.4263,1.487,1.5067,-81.0,-0.0497,AMBIGUOUS,0
65,142,3,4,41.0485,59.8527,15.974,42.9657,55.2627,15.8779,4.9752,1.9171,-4.59,-0.0962,4.591,1.9171,0.3853,-0.9226,-0.0193,1.1798,2.3947,0.20031,0.08889,1.8104,0.8331,-0.11141,0.4438,0,1,0,0.0,0.0,0.0,0.0,0.0,0.0,1,1,4,4,0.7924,0.7924,-4.1829,6.2788,0,0,2,4.4927,-0.4825,0,1,1,2,1.5,0.4629,0.4235,0.1869,0.7166,0.7157,0.0364,0.7166,1049.0,485.0,0.476,0.2983,1.487,1.3665,-564.0,-0.1777,AMBIGUOUS,0
66,103,3,4,9.092,68.4382,30.4411,7.5079,71.4345,32.8655,4.1671,-1.5841,2.9963,2.4244,3.8543,1.5841,-0.3801,0.719,0.5818,0.9748,2.4332,0.19969,0.1421,1.8048,1.3317,-0.05759,0.7116,0,1,0,0.0,0.0,0.0,0.0,0.0,0.0,0,0,1,1,4.1671,5.0,0.8329,0.8334,0,0,1,4.1671,0.8329,0,2,1,1,0.6667,0.6849,0.658,0.1902,0.6219,0.6171,0.0772,0.6849,975.0,687.0,0.4326,0.3471,1.5044,1.3732,-288.0,-0.0856,AMBIGUOUS,0
67,122,3,4,67.7265,56.3872,19.3413,70.9989,58.5072,18.2944,4.0372,3.2724,2.12,-1.0468,2.3644,3.2724,0.8106,0.5251,-0.2593,2.0138,0.7225,0.19706,0.11696,1.781,1.0962,-0.08009,0.5936,1,3,1,-0.7503,0.1818,-0.8857,1.175,4.4682,1.2409,0,0,1,1,4.0372,5.0,0.9628,0.8074,0,1,2,3.7428,-0.2944,0,2,0,0,0.3333,0.5531,0.5235,0.1785,0.5013,0.5011,0.015,0.5531,870.0,576.0,0.3741,0.3207,1.4058,1.3054,-294.0,-0.0534,AMBIGUOUS,0
68,105,3,4,45.2282,71.1371,69.1767,45.4978,71.0992,65.0345,4.1511,0.2696,-0.0379,-4.1422,4.1423,0.2696,0.0649,-0.0091,-0.9978,0.1659,15.3668,0.19688,0.14069,1.7794,1.3185,-0.05618,0.7146,0,1,0,0.0,0.0,0.0,0.0,0.0,0.0,0,0,2,1,4.1511,4.3142,0.1631,0.9622,1,1,2,2.0395,-2.1116,0,0,1,2,3.0,0.298,0.2718,0.1221,0.035,0.0022,0.0349,0.298,817.0,751.0,0.4133,0.2785,1.4478,1.3049,-66.0,-0.1348,AMBIGUOUS,0
68,89,3,4,45.2282,71.1371,69.1767,41.0558,71.8106,68.3111,4.3142,-4.1724,0.6735,-0.8656,1.0967,4.1724,-0.9671,0.1561,-0.2006,2.5676,0.2628,0.19688,0.15951,1.7794,1.4949,-0.03737,0.8102,0,1,0,0.0,0.0,0.0,0.0,0.0,0.0,0,0,2,2,4.1511,4.1511,-0.1631,1.0393,0,0,1,4.3142,0.6858,0,0,1,1,2.0,0.298,0.2718,0.1221,0.4455,0.4308,0.1135,0.4455,817.0,770.0,0.4133,0.3315,1.4478,1.3681,-47.0,-0.0818,AMBIGUOUS,0
69,102,3,4,45.8835,70.2712,63.211,45.3345,71.0975,63.4511,1.0207,-0.549,0.8263,0.2402,0.8605,0.549,-0.5379,0.8095,0.2353,0.3379,1.5673,0.19671,0.14312,1.7779,1.3413,-0.05359,0.7276,1,2,1,-2.3198,0.2298,-1.298,2.6682,2.4202,0.5771,2,2,3,1,1.0207,2.0395,1.0188,0.5005,1,1,1,1.0207,3.9793,0,0,1,2,3.0,0.4172,0.3835,0.1643,0.1822,0.1655,0.0762,0.4172,912.0,730.0,0.3734,0.2858,1.411,1.3835,-182.0,-0.0876,AMBIGUOUS,0
69,105,3,4,45.8835,70.2712,63.211,45.4978,71.0992,65.0345,2.0395,-0.3857,0.828,1.8236,2.0027,0.3857,-0.1891,0.406,0.8941,0.2374,5.1919,0.19671,0.14069,1.7779,1.3185,-0.05601,0.7152,1,2,1,-2.3198,0.2298,-1.298,2.6682,3.7206,1.2356,2,2,3,2,1.0207,1.0207,-1.0188,1.9981,1,1,2,2.0395,2.1116,0,0,1,2,3.0,0.4172,0.3835,0.1643,0.035,0.0022,0.0349,0.4172,912.0,751.0,0.3734,0.2785,1.411,1.3049,-161.0,-0.095,AMBIGUOUS,0
69,65,3,4,45.8835,70.2712,63.211,41.4973,70.8342,62.2704,4.5211,-4.3862,0.563,-0.9406,1.0962,4.3862,-0.9702,0.1245,-0.208,2.6992,0.2499,0.19671,0.19295,1.7779,1.8083,-0.00376,0.9809,1,2,1,-2.3198,0.2298,-1.298,2.6682,2.1234,0.0446,2,2,3,3,1.0207,1.0207,-3.5004,4.4293,0,0,1,4.5211,0.4789,0,0,0,3,4.0,0.4172,0.3835,0.1643,0.7753,0.7527,0.1859,0.7753,912.0,909.0,0.3734,0.3923,1.411,1.4078,-3.0,0.0189,AMBIGUOUS,0
70,155,3,4,46.7094,66.6492,50.019,49.8724,68.7618,49.638,3.8227,3.1631,2.1126,-0.381,2.1467,3.1631,0.8274,0.5526,-0.0997,1.9465,0.6787,0.19438,0.05206,1.7568,0.4879,-0.14231,0.2679,1,4,1,-1.7142,-0.2119,0.0443,1.7278,5.4196,1.8912,0,1,2,1,3.8227,4.3689,0.5462,0.875,0,1,2,3.8227,0.237,0,1,0,0,0.5,0.4194,0.4156,0.0558,0.5191,0.5026,0.1298,0.5191,853.0,382.0,0.3951,0.1939,1.4254,1.2215,-471.0,-0.2012,AMBIGUOUS,0
70,35,3,4,46.7094,66.6492,50.019,45.3575,67.1348,45.893,4.3689,-1.3519,0.4856,-4.126,4.1545,1.3519,-0.3094,0.1112,-0.9444,0.8319,3.0731,0.19438,0.22801,1.7568,2.1369,0.03364,1.173,1,4,1,-1.7142,-0.2119,0.0443,1.7278,4.2437,0.7309,0,1,2,2,3.8227,3.8227,-0.5462,1.1429,0,1,2,3.1251,-1.2439,0,1,0,1,1.0,0.4194,0.4156,0.0558,0.1767,0.1425,0.1044,0.4194,853.0,863.0,0.3951,0.5064,1.4254,1.5831,10.0,0.1113,AMBIGUOUS,0
71,73,3,4,61.0843,65.1578,53.8727,58.0571,65.3491,53.8402,3.0334,-3.0272,0.1913,-0.0325,0.194,3.0272,-0.998,0.0631,-0.0107,1.8629,0.0641,0.19429,0.18428,1.756,1.727,-0.01001,0.9485,0,1,0,0.0,0.0,0.0,0.0,0.0,0.0,0,1,1,1,3.0334,5.0,1.9666,0.6067,0,1,1,3.0334,1.9666,0,0,0,0,1.0,0.7023,0.6657,0.2237,0.4857,0.4429,0.1994,0.7023,652.0,595.0,0.6296,0.6922,1.6618,1.6974,-57.0,0.0626,AMBIGUOUS,0
72,26,3,4,97.2859,65.5043,94.1216,95.4765,66.4041,97.3362,3.797,-1.8094,0.8998,3.2146,3.3382,1.8094,-0.4765,0.237,0.8466,1.1135,1.8449,0.19366,0.24242,1.7503,2.2719,0.04876,1.2518,1,2,1,-2.2889,0.5316,-1.4545,2.7635,4.7081,1.0053,0,2,2,1,3.797,3.9033,0.1063,0.9728,0,1,2,3.797,0.9643,0,1,0,1,1.0,0.2682,0.2141,0.1616,0.469,0.3985,0.2474,0.469,804.0,807.0,0.4894,0.6537,1.6203,1.6947,3.0,0.1643,AMBIGUOUS,0
72,79,3,4,97.2859,65.5043,94.1216,93.4577,66.2577,94.0071,3.9033,-3.8282,0.7534,-0.1145,0.7621,3.8282,-0.9808,0.193,-0.0293,2.3558,0.1991,0.19366,0.17367,1.7503,1.6276,-0.01998,0.8968,1,2,1,-2.2889,0.5316,-1.4545,2.7635,2.0528,0.1351,0,2,2,2,3.797,3.797,-0.1063,1.028,0,2,2,3.3144,-0.589,0,1,0,1,1.0,0.2682,0.2141,0.1616,0.8099,0.7923,0.1679,0.8099,804.0,679.0,0.4894,0.5135,1.6203,1.5919,-125.0,0.0241,AMBIGUOUS,0
73,119,3,4,1.9471,69.8594,66.448,5.0183,72.0174,66.271,3.7578,3.0712,2.158,-0.1769,2.1652,3.0712,0.8173,0.5743,-0.0471,1.89,0.705,0.19223,0.11876,1.7374,1.113,-0.07347,0.6178,0,1,0,0.0,0.0,0.0,0.0,0.0,0.0,0,1,1,1,3.7578,5.0,1.2422,0.7516,0,1,2,3.7578,1.1832,0,0,1,2,3.0,0.3679,0.3221,0.1777,0.1887,0.1433,0.1228,0.3679,956.0,832.0,0.3546,0.2154,1.3455,1.1932,-124.0,-0.1393,AMBIGUOUS,0
74,129,3,4,3.442,74.6574,88.169,6.9673,75.9736,90.9045,4.6522,3.5252,1.3162,2.7355,3.0357,3.5252,0.7578,0.2829,0.588,2.1694,0.8611,0.19172,0.10807,1.7328,1.0128,-0.08365,0.5637,0,1,0,0.0,0.0,0.0,0.0,0.0,0.0,0,0,1,1,4.6522,5.0,0.3478,0.9304,0,1,2,3.7707,-0.8815,1,2,1,1,0.6667,0.2136,0.192,0.0934,0.477,0.4673,0.0956,0.477,1004.0,593.0,0.3816,0.2679,1.4478,1.2527,-411.0,-0.1137,AMBIGUOUS,0
75,84,3,4,9.9594,75.6412,78.4469,8.1544,72.5697,80.0926,3.9243,-1.805,-3.0715,1.6457,3.4846,1.805,-0.46,-0.7827,0.4194,1.1108,1.9305,0.19139,0.16426,1.7298,1.5394,-0.02713,0.8582,0,1,0,0.0,0.0,0.0,0.0,0.0,0.0,0,1,1,1,3.9243,5.0,1.0757,0.7849,1,2,3,2.4567,-1.4676,0,2,1,2,1.0,0.2274,0.2094,0.0886,0.1638,0.0294,0.1611,0.2274,828.0,942.0,0.3997,0.3106,1.405,1.3354,114.0,-0.0891,AMBIGUOUS,0
76,80,3,4,80.8913,46.0198,12.1567,77.4905,46.8871,12.3831,3.5169,-3.4008,0.8673,0.2264,0.8963,3.4008,-0.967,0.2466,0.0644,2.0928,0.2636,0.19057,0.17024,1.7224,1.5955,-0.02033,0.8933,0,1,0,0.0,0.0,0.0,0.0,0.0,0.0,0,1,1,1,3.5169,5.0,1.4831,0.7034,0,1,1,3.5169,1.4831,0,0,0,0,1.0,0.3775,0.3587,0.1177,0.5712,0.5095,0.2581,0.5712,610.0,603.0,0.6769,0.6166,1.7647,1.6797,-7.0,-0.0603,AMBIGUOUS,0
77,48,3,4,42.7723,61.9641,20.8768,40.0516,62.2235,19.3556,3.1279,-2.7207,0.2594,-1.5212,1.5432,2.7207,-0.8698,0.0829,-0.4863,1.6743,0.5672,0.18986,0.21194,1.716,1.9862,0.02207,1.1162,0,1,0,0.0,0.0,0.0,0.0,0.0,0.0,0,1,1,1,3.1279,5.0,1.8721,0.6256,0,1,2,3.1279,1.1205,1,1,0,1,1.0,0.5785,0.5223,0.2488,0.5951,0.5734,0.1593,0.5951,895.0,968.0,0.3739,0.4263,1.4319,1.5067,73.0,0.0524,AMBIGUOUS,0
78,86,3,4,4.6585,74.0935,77.7057,4.49,74.7136,78.894,1.3509,-0.1685,0.6201,1.1883,1.3404,0.1685,-0.1248,0.459,0.8796,0.1037,7.9533,0.18961,0.1636,1.7137,1.5332,-0.02601,0.8628,1,4,1,0.0789,1.1474,1.0058,1.5278,0.6104,0.0827,1,2,4,1,1.3509,3.8513,2.5004,0.3508,1,2,3,1.3509,1.8512,0,2,0,2,1.0,0.2894,0.2165,0.192,0.3952,0.385,0.0893,0.3952,865.0,905.0,0.335,0.2997,1.3776,1.3431,40.0,-0.0353,AMBIGUOUS,0
78,113,3,4,4.6585,74.0935,77.7057,5.48,71.5772,80.5032,3.8513,0.8215,-2.5163,2.7975,3.7627,0.8215,0.2133,-0.6534,0.7264,0.5055,4.5804,0.18961,0.12606,1.7137,1.1814,-0.06355,0.6648,1,4,1,0.0789,1.1474,1.0058,1.5278,4.1454,1.0015,1,2,4,2,1.3509,1.3509,-2.5004,2.8509,0,1,2,3.8513,0.8877,0,2,1,2,1.0,0.2894,0.2165,0.192,0.6134,0.605,0.1014,0.6134,865.0,962.0,0.335,0.1974,1.3776,1.2017,97.0,-0.1376,AMBIGUOUS,0
78,107,3,4,4.6585,74.0935,77.7057,1.33,72.4026,75.6484,4.2627,-3.3285,-1.6909,-2.0573,2.663,3.3285,-0.7808,-0.3967,-0.4826,2.0483,0.8001,0.18961,0.13511,1.7137,1.2662,-0.0545,0.7126,1,4,1,0.0789,1.1474,1.0058,1.5278,5.3897,1.656,1,2,4,3,1.3509,1.3509,-2.9117,3.1554,2,2,3,1.9293,-2.3334,0,2,0,0,0.3333,0.2894,0.2165,0.192,0.3202,0.295,0.1245,0.3202,865.0,730.0,0.335,0.3071,1.3776,1.2839,-135.0,-0.0279,AMBIGUOUS,0
78,84,3,4,4.6585,74.0935,77.7057,8.1544,72.5697,80.0926,4.4989,3.4959,-1.5238,2.3869,2.8318,3.4959,0.7771,-0.3387,0.5305,2.1513,0.81,0.18961,0.16426,1.7137,1.5394,-0.02535,0.8663,1,4,1,0.0789,1.1474,1.0058,1.5278,4.5517,0.865,1,2,4,4,1.3509,1.3509,-3.148,3.3303,1,2,3,2.4567,-2.0422,0,2,1,2,1.0,0.2894,0.2165,0.192,0.1638,0.0294,0.1611,0.2894,865.0,942.0,0.335,0.3106,1.3776,1.3354,77.0,-0.0244,AMBIGUOUS,0
80,126,3,4,38.7092,67.48,57.5354,37.5427,68.3349,55.7215,2.3199,-1.1665,0.8549,-1.8139,2.0053,1.1665,-0.5028,0.3685,-0.7819,0.7178,1.7191,0.18729,0.11281,1.6928,1.0573,-0.07448,0.6023,1,3,1,-2.873,0.1346,-0.1415,2.8796,2.4956,0.4427,1,1,2,1,2.3199,4.6234,2.3035,0.5018,1,1,1,2.3199,2.6801,0,0,0,2,3.0,0.3309,0.2908,0.1579,0.199,0.1677,0.1071,0.3309,880.0,626.0,0.3303,0.311,1.3064,1.3361,-254.0,-0.0193,AMBIGUOUS,0
80,136,3,4,38.7092,67.48,57.5354,34.1148,67.9963,57.565,4.6234,-4.5944,0.5163,0.0295,0.5171,4.5944,-0.9937,0.1117,0.0064,2.8273,0.1126,0.18729,0.09995,1.6928,0.9367,-0.08734,0.5337,1,3,1,-2.873,0.1346,-0.1415,2.8796,1.7715,0.0037,1,1,2,2,2.3199,2.3199,-2.3035,1.993,0,0,1,4.6234,0.3766,0,0,0,2,3.0,0.3309,0.2908,0.1579,0.1959,0.0102,0.1956,0.3309,880.0,597.0,0.3303,0.2511,1.3064,1.2973,-283.0,-0.0792,AMBIGUOUS,0
81,67,3,4,23.8243,66.2628,32.778,22.3885,68.3852,35.6551,3.8527,-1.4358,2.1224,2.877,3.5752,1.4358,-0.3727,0.5509,0.7468,0.8835,2.4901,0.18646,0.19054,1.6853,1.7857,0.00408,1.0219,0,1,0,0.0,0.0,0.0,0.0,0.0,0.0,0,1,2,1,3.8527,4.7657,0.913,0.8084,1,2,3,2.5982,-1.2545,0,1,0,1,1.0,0.5672,0.5507,0.1356,0.3975,0.3615,0.1652,0.5672,977.0,818.0,0.346,0.3658,1.4052,1.476,-159.0,0.0198,AMBIGUOUS,0
81,76,3,4,23.8243,66.2628,32.778,19.1018,65.6759,32.5212,4.7657,-4.7224,-0.5869,-0.2568,0.6406,4.7224,-0.9909,-0.1231,-0.0539,2.9061,0.1356,0.18646,0.17879,1.6853,1.6755,-0.00768,0.9588,0,1,0,0.0,0.0,0.0,0.0,0.0,0.0,0,1,2,2,3.8527,3.8527,-0.913,1.237,0,0,1,4.7657,0.2343,0,1,0,0,0.5,0.5672,0.5507,0.1356,0.4215,0.3982,0.1382,0.5672,977.0,758.0,0.346,0.3994,1.4052,1.49,-219.0,0.0533,AMBIGUOUS,0
82,129,3,4,7.7368,74.5375,87.504,6.9673,75.9736,90.9045,3.7707,-0.7695,1.4361,3.4005,3.6913,0.7695,-0.2041,0.3809,0.9018,0.4735,4.7972,0.18509,0.10807,1.6728,1.0128,-0.07702,0.5839,1,3,1,-1.3541,-0.4202,-0.5276,1.5128,4.3838,1.2376,0,1,3,1,3.7707,4.0617,0.2911,0.9283,0,1,2,3.7707,0.8815,0,1,1,1,1.0,0.4626,0.3882,0.2515,0.477,0.4673,0.0956,0.477,948.0,593.0,0.3504,0.2679,1.3619,1.2527,-355.0,-0.0825,AMBIGUOUS,0
82,134,3,4,7.7368,74.5375,87.504,9.3881,75.5253,91.081,4.0617,1.6514,0.9878,3.577,3.7109,1.6514,0.4066,0.2432,0.8807,1.0162,2.2471,0.18509,0.10258,1.6728,0.9614,-0.0825,0.5542,1,3,1,-1.3541,-0.4202,-0.5276,1.5128,5.2786,1.7386,0,1,3,2,3.7707,3.7707,-0.2911,1.0772,0,0,1,4.0617,0.9383,0,1,1,2,1.5,0.4626,0.3882,0.2515,0.3727,0.3619,0.0891,0.4626,948.0,639.0,0.3504,0.2222,1.3619,1.1833,-309.0,-0.1283,AMBIGUOUS,0
82,106,3,4,7.7368,74.5375,87.504,12.0813,74.7673,86.1213,4.5651,4.3446,0.2298,-1.3827,1.4017,4.3446,0.9517,0.0503,-0.3029,2.6736,0.3226,0.18509,0.13602,1.6728,1.2748,-0.04906,0.7349,1,3,1,-1.3541,-0.4202,-0.5276,1.5128,5.7991,1.7602,0,1,3,3,3.7707,3.7707,-0.7944,1.2107,0,0,3,4.3186,-0.2465,0,1,0,0,0.5,0.4626,0.3882,0.2515,0.7066,0.7063,0.0177,0.7066,948.0,791.0,0.3504,0.2783,1.3619,1.1936,-157.0,-0.0721,AMBIGUOUS,0
84,69,3,4,6.8563,66.2174,32.7644,4.4841,66.7777,33.9857,2.7263,-2.3722,0.5603,1.2213,1.3437,2.3722,-0.8701,0.2055,0.448,1.4598,0.5664,0.18278,0.18688,1.652,1.7514,0.0041,1.0224,0,1,0,0.0,0.0,0.0,0.0,0.0,0.0,1,1,3,1,2.7263,4.3978,1.6715,0.6199,1,1,1,2.7263,2.2737,0,2,0,2,1.0,0.3835,0.3563,0.1419,0.4422,0.3909,0.2067,0.4422,991.0,925.0,0.3189,0.384,1.4058,1.4345,-66.0,0.0652,AMBIGUOUS,0
84,77,3,4,6.8563,66.2174,32.7644,4.9048,70.154,32.9543,4.3978,-1.9515,3.9366,0.1899,3.9411,1.9515,-0.4437,0.8951,0.0432,1.2009,2.0196,0.18278,0.17539,1.652,1.6437,-0.00739,0.9596,0,1,0,0.0,0.0,0.0,0.0,0.0,0.0,1,1,3,2,2.7263,2.7263,-1.6715,1.6131,0,0,1,4.3978,0.6022,0,2,1,3,1.3333,0.3835,0.3563,0.1419,0.1392,0.0298,0.136,0.3835,991.0,844.0,0.3189,0.355,1.4058,1.404,-147.0,0.0361,AMBIGUOUS,0
84,57,3,4,6.8563,66.2174,32.7644,3.6651,67.5114,29.7979,4.5451,-3.1912,1.294,-2.9665,3.2364,3.1912,-0.7021,0.2847,-0.6527,1.9638,1.0142,0.18278,0.20033,1.652,1.8774,0.01755,1.096,0,1,0,0.0,0.0,0.0,0.0,0.0,0.0,1,1,3,3,2.7263,2.7263,-1.8188,1.6671,0,0,1,4.5451,0.4549,0,2,0,2,1.0,0.3835,0.3563,0.1419,0.4448,0.4151,0.1598,0.4448,991.0,966.0,0.3189,0.4197,1.4058,1.4102,-25.0,0.1008,AMBIGUOUS,0
85,107,3,4,1.4661,74.3452,77.9071,1.33,72.4026,75.6484,2.9823,-0.136,-1.9426,-2.2587,2.9792,0.136,-0.0456,-0.6514,-0.7574,0.0837,21.8998,0.18094,0.13511,1.6354,1.2662,-0.04583,0.7467,0,1,0,0.0,0.0,0.0,0.0,0.0,0.0,1,2,2,1,2.9823,3.2021,0.2199,0.9313,2,2,3,1.9293,-1.053,1,2,0,0,0.3333,0.1841,0.1589,0.0929,0.3202,0.295,0.1245,0.3202,980.0,730.0,0.3802,0.3071,1.3864,1.2839,-250.0,-0.0731,AMBIGUOUS,0
85,86,3,4,1.4661,74.3452,77.9071,4.49,74.7136,78.894,3.2021,3.0239,0.3684,0.9869,1.0534,3.0239,0.9443,0.1151,0.3082,1.8609,0.3484,0.18094,0.1636,1.6354,1.5332,-0.01735,0.9041,0,1,0,0.0,0.0,0.0,0.0,0.0,0.0,1,2,2,2,2.9823,2.9823,-0.2199,1.0737,1,2,3,1.3509,-1.8512,1,2,0,2,1.0,0.1841,0.1589,0.0929,0.3952,0.385,0.0893,0.3952,980.0,905.0,0.3802,0.2997,1.3864,1.3431,-75.0,-0.0805,AMBIGUOUS,0
86,54,3,4,34.193,67.3462,40.6371,31.1568,68.8271,41.6295,3.5208,-3.0362,1.4809,0.9924,1.7827,3.0362,-0.8623,0.4206,0.2819,1.8684,0.5871,0.17911,0.20367,1.6188,1.9087,0.02456,1.1371,0,1,0,0.0,0.0,0.0,0.0,0.0,0.0,0,1,1,1,3.5208,5.0,1.4792,0.7042,0,1,1,3.5208,1.4792,0,2,0,1,0.6667,0.1144,0.068,0.0921,0.3814,0.2818,0.257,0.3814,942.0,979.0,0.2971,0.4019,1.3439,1.5025,37.0,0.1048,AMBIGUOUS,0
87,75,3,4,88.3027,65.496,93.8062,86.7714,65.9882,93.2334,1.7074,-1.5313,0.4922,-0.5728,0.7552,1.5313,-0.8969,0.2883,-0.3355,0.9423,0.4932,0.17773,0.18186,1.6064,1.7044,0.00413,1.0232,0,1,0,0.0,0.0,0.0,0.0,0.0,0.0,1,1,1,1,1.7074,5.0,3.2926,0.3415,1,2,2,1.7074,2.137,0,2,0,1,0.6667,0.5612,0.5527,0.0973,0.6997,0.6464,0.2679,0.6997,742.0,831.0,0.4075,0.361,1.4498,1.3653,89.0,-0.0465,AMBIGUOUS,0
88,135,3,4,29.2893,73.6026,99.0218,31.1773,75.7376,98.3832,2.9207,1.888,2.135,-0.6386,2.2285,1.888,0.6464,0.731,-0.2186,1.1618,1.1803,0.17502,0.10034,1.5819,0.9403,-0.07468,0.5733,0,1,0,0.0,0.0,0.0,0.0,0.0,0.0,1,1,1,1,2.9207,5.0,2.0793,0.5841,1,1,1,2.9207,2.0793,0,1,0,0,0.5,0.1315,0.0393,0.1255,0.3565,0.3023,0.1889,0.3565,763.0,501.0,0.4036,0.3536,1.3836,1.3124,-262.0,-0.05,AMBIGUOUS,0
89,116,3,4,16.313,66.17,22.4295,14.8064,66.7949,20.9471,2.2041,-1.5066,0.6249,-1.4825,1.6088,1.5066,-0.6835,0.2835,-0.6726,0.9271,1.0679,0.17477,0.12045,1.5796,1.1288,-0.05433,0.6892,0,1,0,0.0,0.0,0.0,0.0,0.0,0.0,1,1,1,1,2.2041,5.0,2.7959,0.4408,1,1,1,2.2041,2.7959,0,0,0,1,2.0,0.117,0.063,0.0987,0.3057,0.1814,0.246,0.3057,770.0,668.0,0.3842,0.2862,1.4301,1.2936,-102.0,-0.098,AMBIGUOUS,0
90,39,3,4,80.904,60.1364,47.411,77.8171,60.7863,47.1651,3.1641,-3.0869,0.6499,-0.2459,0.6948,3.0869,-0.9756,0.2054,-0.0777,1.8996,0.2251,0.17215,0.22297,1.5559,2.0896,0.05082,1.2952,1,2,1,-2.4749,0.3543,-0.1949,2.5077,0.6815,0.0021,0,2,2,1,3.1641,3.5475,0.3834,0.8919,0,2,2,3.1641,0.6213,1,2,1,1,0.6667,0.3665,0.346,0.1208,0.2407,0.1829,0.1565,0.3665,693.0,815.0,0.4811,0.53,1.511,1.5523,122.0,0.0489,AMBIGUOUS,0
90,38,3,4,80.904,60.1364,47.411,78.1028,61.2476,49.2828,3.5475,-2.8011,1.1112,1.8718,2.1768,2.8011,-0.7896,0.3132,0.5276,1.7238,0.7771,0.17215,0.22305,1.5559,2.0904,0.0509,1.2957,1,2,1,-2.4749,0.3543,-0.1949,2.5077,2.2249,0.2175,0,2,2,2,3.1641,3.1641,-0.3834,1.1212,1,2,3,2.729,-0.8185,1,2,1,1,0.6667,0.3665,0.346,0.1208,0.1893,0.1028,0.1589,0.3665,693.0,893.0,0.4811,0.4511,1.511,1.3634,200.0,-0.0301,AMBIGUOUS,0
91,141,3,4,30.303,63.0815,22.4776,30.332,65.6151,25.7448,4.1346,0.029,2.5336,3.2672,4.1345,0.029,0.007,0.6128,0.7902,0.0178,142.658,0.17176,0.09127,1.5524,0.8554,-0.08049,0.5314,0,1,0,0.0,0.0,0.0,0.0,0.0,0.0,0,0,1,1,4.1346,5.0,0.8654,0.8269,1,1,2,2.3795,-1.755,0,1,0,0,0.5,0.5982,0.572,0.175,0.5972,0.543,0.2485,0.5982,894.0,589.0,0.3234,0.2399,1.3319,1.322,-305.0,-0.0835,AMBIGUOUS,0
92,38,3,4,80.7263,60.5556,49.5761,78.1028,61.2476,49.2828,2.729,-2.6235,0.692,-0.2933,0.7516,2.6235,-0.9613,0.2536,-0.1075,1.6145,0.2865,0.17161,0.22305,1.551,2.0904,0.05145,1.2998,0,1,0,0.0,0.0,0.0,0.0,0.0,0.0,1,2,3,1,2.729,3.7854,1.0564,0.7209,1,2,3,2.729,0.8185,1,3,1,1,0.5,0.5244,0.5237,0.0279,0.1893,0.1028,0.1589,0.5244,853.0,893.0,0.3717,0.4511,1.3098,1.3634,40.0,0.0793,AMBIGUOUS,0
92,39,3,4,80.7263,60.5556,49.5761,77.8171,60.7863,47.1651,3.7854,-2.9092,0.2307,-2.411,2.422,2.9092,-0.7685,0.0609,-0.6369,1.7903,0.8325,0.17161,0.22297,1.551,2.0896,0.05137,1.2993,0,1,0,0.0,0.0,0.0,0.0,0.0,0.0,1,2,3,2,2.729,2.729,-1.0564,1.3871,0,2,2,3.1641,-0.6213,1,3,1,1,0.5,0.5244,0.5237,0.0279,0.2407,0.1829,0.1565,0.5244,853.0,815.0,0.3717,0.53,1.3098,1.5523,-38.0,0.1583,AMBIGUOUS,0
92,14,3,4,80.7263,60.5556,49.5761,80.8862,61.9644,53.5831,4.2504,0.1599,1.4088,4.007,4.2474,0.1599,0.0376,0.3314,0.9427,0.0984,26.5672,0.17161,0.25521,1.551,2.3918,0.08361,1.4872,0,1,0,0.0,0.0,0.0,0.0,0.0,0.0,1,2,3,3,2.729,2.729,-1.5214,1.5575,1,1,3,0.8659,-3.3845,1,3,0,0,0.25,0.5244,0.5237,0.0279,0.4134,0.3638,0.1964,0.5244,853.0,866.0,0.3717,0.6188,1.3098,1.6688,13.0,0.2471,AMBIGUOUS,0
93,109,3,4,40.5678,71.0583,79.0126,37.3338,70.6637,75.3713,4.8861,-3.234,-0.3946,-3.6414,3.6627,3.234,-0.6619,-0.0808,-0.7453,1.9901,1.1326,0.17103,0.13311,1.5458,1.2474,-0.03792,0.7783,0,1,0,0.0,0.0,0.0,0.0,0.0,0.0,0,0,1,1,4.8861,5.0,0.1139,0.9772,0,1,2,3.9245,-0.9616,1,1,0,1,1.0,0.2111,0.0572,0.2032,0.1971,0.0412,0.1927,0.2111,809.0,720.0,0.3525,0.2771,1.3053,1.3024,-89.0,-0.0753,AMBIGUOUS,0
95,107,3,4,0.9369,71.6976,77.4007,1.33,72.4026,75.6484,1.9293,0.3931,0.705,-1.7523,1.8888,0.3931,0.2038,0.3654,-0.9083,0.2419,4.8048,0.16775,0.13511,1.5161,1.2662,-0.03264,0.8054,0,1,0,0.0,0.0,0.0,0.0,0.0,0.0,1,1,2,1,1.9293,4.8939,2.9647,0.3942,2,2,3,1.9293,1.053,1,2,0,0,0.3333,0.7414,0.6881,0.2762,0.3202,0.295,0.1245,0.7414,906.0,730.0,0.4545,0.3071,1.4752,1.2839,-176.0,-0.1474,AMBIGUOUS,0
95,86,3,4,0.9369,71.6976,77.4007,4.49,74.7136,78.894,4.8939,3.5531,3.0161,1.4933,3.3655,3.5531,0.726,0.6163,0.3051,2.1865,0.9472,0.16775,0.1636,1.5161,1.5332,-0.00415,0.9752,0,1,0,0.0,0.0,0.0,0.0,0.0,0.0,1,1,2,2,1.9293,1.9293,-2.9647,2.5367,1,2,3,1.3509,-3.543,1,2,0,2,1.0,0.7414,0.6881,0.2762,0.3952,0.385,0.0893,0.7414,906.0,905.0,0.4545,0.2997,1.4752,1.3431,-1.0,-0.1548,AMBIGUOUS,0
97,130,3,4,61.3885,66.3256,65.8323,61.3565,67.8587,66.0023,1.5428,-0.032,1.5331,0.1699,1.5425,0.032,-0.0207,0.9937,0.1101,0.0197,48.2144,0.16557,0.10752,1.4964,1.0077,-0.05804,0.6494,1,3,1,-2.5897,0.4693,-0.6992,2.7231,2.9032,0.8373,1,1,2,1,1.5428,4.4338,2.891,0.348,1,1,2,1.5428,3.2868,0,0,0,2,3.0,0.3775,0.3615,0.1086,0.4371,0.3935,0.1903,0.4371,701.0,578.0,0.4242,0.2637,1.4621,1.2779,-123.0,-0.1605,AMBIGUOUS,0
97,56,3,4,61.3885,66.3256,65.8323,57.2385,66.9447,64.3996,4.4338,-4.15,0.6191,-1.4327,1.5608,4.15,-0.936,0.1396,-0.3231,2.5539,0.3761,0.16557,0.20202,1.4964,1.8933,0.03646,1.2202,1,3,1,-2.5897,0.4693,-0.6992,2.7231,1.7307,0.0029,1,1,2,2,1.5428,1.5428,-2.891,2.8738,0,0,1,4.4338,0.5662,0,0,0,2,3.0,0.3775,0.3615,0.1086,0.4211,0.3635,0.2126,0.4211,701.0,734.0,0.4242,0.5055,1.4621,1.5367,33.0,0.0813,AMBIGUOUS,0
98,101,3,4,56.6353,71.0837,97.5736,55.0257,71.3671,97.0928,1.7036,-1.6096,0.2834,-0.4808,0.5582,1.6096,-0.9448,0.1664,-0.2822,0.9905,0.3468,0.16372,0.14703,1.4798,1.3779,-0.0167,0.898,0,1,0,0.0,0.0,0.0,0.0,0.0,0.0,2,2,2,1,1.7036,2.3432,0.6396,0.7271,1,1,3,1.7036,2.3361,1,2,1,1,0.6667,0.2509,0.2397,0.0743,0.2607,0.2243,0.1329,0.2607,630.0,549.0,0.5175,0.4779,1.5085,1.5186,-81.0,-0.0396,AMBIGUOUS,0
98,95,3,4,56.6353,71.0837,97.5736,55.2471,71.0383,99.4608,2.3432,-1.3882,-0.0454,1.8871,1.8877,1.3882,-0.5925,-0.0194,0.8054,0.8543,1.3598,0.16372,0.15414,1.4798,1.4446,-0.00958,0.9415,0,1,0,0.0,0.0,0.0,0.0,0.0,0.0,2,2,2,2,1.7036,1.7036,-0.6396,1.3754,2,2,3,2.1576,-0.1856,1,2,1,1,0.6667,0.2509,0.2397,0.0743,0.0897,0.0029,0.0897,0.2509,630.0,643.0,0.5175,0.456,1.5085,1.4264,13.0,-0.0615,AMBIGUOUS,0
99,109,3,4,40.8879,70.5579,77.0323,37.3338,70.6637,75.3713,3.9245,-3.5541,0.1058,-1.661,1.6644,3.5541,-0.9056,0.027,-0.4232,2.1871,0.4683,0.16248,0.13311,1.4685,1.2474,-0.02937,0.8192,0,1,0,0.0,0.0,0.0,0.0,0.0,0.0,0,1,1,1,3.9245,5.0,1.0755,0.7849,0,1,2,3.9245,0.9616,1,1,0,1,1.0,0.3316,0.2629,0.2022,0.1971,0.0412,0.1927,0.3316,803.0,720.0,0.3361,0.2771,1.3235,1.3024,-83.0,-0.059,AMBIGUOUS,0
102,106,3,4,12.6889,74.0955,81.8988,12.0813,74.7673,86.1213,4.3186,-0.6076,0.6718,4.2225,4.2756,0.6076,-0.1407,0.1556,0.9778,0.3739,7.0373,0.16085,0.13602,1.4538,1.2748,-0.02483,0.8456,0,1,0,0.0,0.0,0.0,0.0,0.0,0.0,0,0,2,1,4.3186,4.7032,0.3846,0.9182,0,0,3,4.3186,0.2465,0,2,0,0,0.3333,0.3854,0.3111,0.2275,0.7066,0.7063,0.0177,0.7066,940.0,791.0,0.264,0.2783,1.2787,1.1936,-149.0,0.0143,AMBIGUOUS,0
102,100,3,4,12.6889,74.0955,81.8988,16.2369,71.3753,83.3591,4.7032,3.548,-2.7202,1.4603,3.0874,3.548,0.7544,-0.5784,0.3105,2.1834,0.8702,0.16085,0.14831,1.4538,1.39,-0.01254,0.922,0,1,0,0.0,0.0,0.0,0.0,0.0,0.0,0,0,2,2,4.3186,4.3186,-0.3846,1.0891,1,1,2,2.7984,-1.9049,0,2,0,0,0.3333,0.3854,0.3111,0.2275,0.1476,0.0131,0.147,0.3854,940.0,731.0,0.264,0.324,1.2787,1.365,-209.0,0.06,AMBIGUOUS,0
103,100,3,4,18.6222,70.2617,84.3084,16.2369,71.3753,83.3591,2.7984,-2.3853,1.1135,-0.9493,1.4632,2.3853,-0.8524,0.3979,-0.3392,1.4679,0.6134,0.1592,0.14831,1.4389,1.39,-0.01089,0.9316,0,1,0,0.0,0.0,0.0,0.0,0.0,0.0,1,1,1,1,2.7984,5.0,2.2016,0.5597,1,1,2,2.7984,1.9049,0,1,0,0,0.5,0.7716,0.7472,0.1926,0.1476,0.0131,0.147,0.7716,846.0,731.0,0.292,0.324,1.2809,1.365,-115.0,0.032,AMBIGUOUS,0
104,68,3,4,75.0719,58.1004,55.5708,71.962,58.6501,56.7033,3.355,-3.1098,0.5496,1.1326,1.2589,3.1098,-0.9269,0.1638,0.3376,1.9137,0.4048,0.15521,0.18721,1.4028,1.7545,0.03201,1.2062,1,2,1,-1.2589,-0.0479,-0.8829,1.5384,2.8009,0.4403,0,1,1,1,3.355,5.0,1.645,0.671,0,2,2,3.0017,-0.3533,0,1,0,0,0.5,0.3331,0.3219,0.0858,0.5152,0.462,0.228,0.5152,607.0,643.0,0.4612,0.7003,1.362,1.6336,36.0,0.2391,AMBIGUOUS,0
106,141,3,4,28.0714,65.0319,26.2052,30.332,65.6151,25.7448,2.3795,2.2606,0.5832,-0.4605,0.743,2.2606,0.95,0.2451,-0.1935,1.3911,0.3287,0.15496,0.09127,1.4006,0.8554,-0.06369,0.589,0,1,0,0.0,0.0,0.0,0.0,0.0,0.0,1,1,2,1,2.3795,4.3573,1.9778,0.5461,1,1,2,2.3795,1.755,0,1,0,0,0.5,0.4906,0.4464,0.2035,0.5972,0.543,0.2485,0.5972,906.0,589.0,0.2616,0.2399,1.2708,1.322,-317.0,-0.0217,AMBIGUOUS,0
106,74,3,4,28.0714,65.0319,26.2052,23.7907,65.7846,26.5139,4.3573,-4.2807,0.7526,0.3086,0.8134,4.2807,-0.9824,0.1727,0.0708,2.6343,0.19,0.15496,0.18284,1.4006,1.7135,0.02787,1.1799,0,1,0,0.0,0.0,0.0,0.0,0.0,0.0,1,1,2,2,2.3795,2.3795,-1.9778,1.8311,0,0,1,4.3573,0.6427,0,1,1,1,1.0,0.4906,0.4464,0.2035,0.5948,0.5843,0.1112,0.5948,906.0,924.0,0.2616,0.3465,1.2708,1.3925,18.0,0.0848,AMBIGUOUS,0
107,79,3,4,92.4568,64.667,91.2771,93.4577,66.2577,94.0071,3.3144,1.0009,1.5907,2.73,3.1596,1.0009,0.302,0.4799,0.8237,0.6159,3.1569,0.15126,0.17367,1.3671,1.6276,0.02241,1.1482,1,2,1,1.4691,-0.6917,-1.3939,2.14,4.7366,1.4843,0,1,1,1,3.3144,5.0,1.6856,0.6629,0,2,2,3.3144,0.589,0,2,0,1,0.6667,0.2244,0.1682,0.1485,0.8099,0.7923,0.1679,0.8099,733.0,679.0,0.3163,0.5135,1.3657,1.5919,-54.0,0.1972,AMBIGUOUS,0
111,92,3,4,27.2398,66.9271,47.7812,23.1841,67.2739,47.2074,4.1108,-4.0557,0.3468,-0.5738,0.6704,4.0557,-0.9866,0.0844,-0.1396,2.4958,0.1653,0.14496,0.15809,1.3102,1.4816,0.01314,1.0906,0,1,0,0.0,0.0,0.0,0.0,0.0,0.0,0,0,1,1,4.1108,5.0,0.8892,0.8222,0,0,1,4.1108,0.8892,0,0,0,0,1.0,0.4285,0.3852,0.1878,0.4712,0.4341,0.1832,0.4712,728.0,726.0,0.3176,0.3757,1.3089,1.3679,-2.0,0.0581,AMBIGUOUS,0
112,128,3,4,9.9529,72.2039,66.4377,7.3906,72.4337,65.7442,2.6644,-2.5623,0.2298,-0.6935,0.7306,2.5623,-0.9617,0.0862,-0.2603,1.5768,0.2851,0.14394,0.10846,1.3009,1.0164,-0.03548,0.7535,0,1,0,0.0,0.0,0.0,0.0,0.0,0.0,1,2,3,1,2.6644,3.9073,1.2429,0.6819,1,1,1,2.6644,2.3356,0,0,1,2,3.0,0.2967,0.2029,0.2165,0.7474,0.7344,0.1391,0.7474,825.0,750.0,0.2556,0.2087,1.2404,1.1933,-75.0,-0.0469,AMBIGUOUS,0
112,121,3,4,9.9529,72.2039,66.4377,11.5931,73.9112,63.3294,3.9073,1.6401,1.7073,-3.1083,3.5464,1.6401,0.4198,0.437,-0.7955,1.0093,2.1622,0.14394,0.11804,1.3009,1.1062,-0.0259,0.8201,0,1,0,0.0,0.0,0.0,0.0,0.0,0.0,1,2,3,2,2.6644,2.6644,-1.2429,1.4665,1,3,3,2.5314,-1.3759,0,0,0,0,1.0,0.2967,0.2029,0.2165,0.2243,0.2181,0.0527,0.2967,825.0,639.0,0.2556,0.2718,1.2404,1.2517,-186.0,0.0162,UNMATCHED_SOURCE,0
112,119,3,4,9.9529,72.2039,66.4377,5.0183,72.0174,66.271,4.9409,-4.9346,-0.1865,-0.1667,0.2501,4.9346,-0.9987,-0.0377,-0.0337,3.0367,0.0507,0.14394,0.11876,1.3009,1.113,-0.02518,0.8251,0,1,0,0.0,0.0,0.0,0.0,0.0,0.0,1,2,3,3,2.6644,2.6644,-2.2765,1.8544,0,1,2,3.7578,-1.1832,0,0,1,2,3.0,0.2967,0.2029,0.2165,0.1887,0.1433,0.1228,0.2967,825.0,832.0,0.2556,0.2154,1.2404,1.1932,7.0,-0.0403,AMBIGUOUS,0
113,114,3,4,8.22,55.5748,20.4994,4.7774,56.0681,19.4295,3.6386,-3.4426,0.4933,-1.0698,1.1781,3.4426,-0.9461,0.1356,-0.294,2.1185,0.3422,0.14393,0.12534,1.3008,1.1746,-0.01859,0.8708,1,2,1,-0.4978,0.3095,-1.5544,1.6613,2.9901,0.4161,0,1,1,1,3.6386,5.0,1.3614,0.7277,0,1,1,3.6386,1.3614,0,0,0,0,1.0,0.2249,0.095,0.2038,0.1205,0.0976,0.0707,0.2249,621.0,579.0,0.4213,0.4255,1.4441,1.4114,-42.0,0.0043,AMBIGUOUS,0
114,84,3,4,9.9533,72.5034,81.7644,8.1544,72.5697,80.0926,2.4567,-1.7989,0.0664,-1.6718,1.6732,1.7989,-0.7322,0.027,-0.6805,1.107,0.9301,0.14307,0.16426,1.2931,1.5394,0.02119,1.1481,0,1,0,0.0,0.0,0.0,0.0,0.0,0.0,1,1,2,1,2.4567,4.7391,2.2823,0.5184,1,2,3,2.4567,1.4676,0,2,1,2,1.0,0.2991,0.2033,0.2194,0.1638,0.0294,0.1611,0.2991,965.0,942.0,0.2437,0.3106,1.2196,1.3354,-23.0,0.0669,AMBIGUOUS,0
114,113,3,4,9.9533,72.5034,81.7644,5.48,71.5772,80.5032,4.7391,-4.4733,-0.9261,-1.2612,1.5647,4.4733,-0.9439,-0.1954,-0.2661,2.7528,0.3498,0.14307,0.12606,1.2931,1.1814,-0.01701,0.8811,0,1,0,0.0,0.0,0.0,0.0,0.0,0.0,1,1,2,2,2.4567,2.4567,-2.2823,1.929,0,1,2,3.8513,-0.8877,0,2,1,2,1.0,0.2991,0.2033,0.2194,0.6134,0.605,0.1014,0.6134,965.0,962.0,0.2437,0.1974,1.2196,1.2017,-3.0,-0.0463,AMBIGUOUS,0
115,98,3,4,7.9418,54.9227,30.5559,3.4482,55.9694,30.0638,4.6401,-4.4936,1.0467,-0.4921,1.1566,4.4936,-0.9684,0.2256,-0.106,2.7653,0.2574,0.1427,0.15324,1.2898,1.4362,0.01054,1.0739,1,3,1,-2.1344,0.3833,-0.667,2.2688,2.457,0.0196,0,0,1,1,4.6401,5.0,0.3599,0.928,0,0,1,4.6401,0.3599,0,0,0,0,1.0,0.2177,0.1832,0.1176,0.219,0.1982,0.0931,0.219,453.0,520.0,0.6355,0.7417,1.6787,1.7918,67.0,0.1062,AMBIGUOUS,0
116,95,3,4,57.1179,70.7191,100.4872,55.2471,71.0383,99.4608,2.1576,-1.8708,0.3192,-1.0265,1.0749,1.8708,-0.8671,0.1479,-0.4757,1.1513,0.5746,0.14187,0.15414,1.2822,1.4446,0.01227,1.0865,0,1,0,0.0,0.0,0.0,0.0,0.0,0.0,1,1,2,1,2.1576,4.0397,1.8821,0.5341,2,2,3,2.1576,0.1856,1,2,1,1,0.6667,0.2839,0.2429,0.1469,0.0897,0.0029,0.0897,0.2839,634.0,643.0,0.368,0.456,1.3714,1.4264,9.0,0.088,AMBIGUOUS,0
116,101,3,4,57.1179,70.7191,100.4872,55.0257,71.3671,97.0928,4.0397,-2.0922,0.648,-3.3944,3.4557,2.0922,-0.5179,0.1604,-0.8403,1.2875,1.6517,0.14187,0.14703,1.2822,1.3779,0.00516,1.0364,0,1,0,0.0,0.0,0.0,0.0,0.0,0.0,1,1,2,2,2.1576,2.1576,-1.8821,1.8723,1,1,3,1.7036,-2.3361,1,2,1,1,0.6667,0.2839,0.2429,0.1469,0.2607,0.2243,0.1329,0.2839,634.0,549.0,0.368,0.4779,1.3714,1.5186,-85.0,0.1099,AMBIGUOUS,0
117,72,3,4,9.8777,75.1796,101.8665,8.2286,72.8018,99.6396,3.6514,-1.6492,-2.3778,-2.2269,3.2577,1.6492,-0.4517,-0.6512,-0.6099,1.0149,1.9754,0.1413,0.18481,1.2771,1.732,0.04351,1.3079,0,1,0,0.0,0.0,0.0,0.0,0.0,0.0,0,1,1,1,3.6514,5.0,1.3486,0.7303,0,1,1,3.6514,1.3486,0,1,0,0,0.5,0.1653,0.1277,0.1049,0.1714,0.1036,0.1365,0.1714,839.0,836.0,0.2755,0.3481,1.2552,1.341,-3.0,0.0726,AMBIGUOUS,0
118,151,3,4,19.5162,71.8463,46.663,22.416,72.6592,50.2815,4.7078,2.8998,0.8129,3.6185,3.7087,2.8998,0.616,0.1727,0.7686,1.7845,1.279,0.14103,0.06614,1.2746,0.6199,-0.07489,0.469,1,2,1,0.0108,0.9476,-1.0691,1.4287,5.508,1.456,0,0,2,1,4.7078,4.7431,0.0353,0.9926,0,1,2,3.8314,-0.8764,0,0,0,0,1.0,0.0834,0.0162,0.0818,0.3519,0.334,0.1108,0.3519,682.0,474.0,0.3342,0.1843,1.3613,1.2246,-208.0,-0.1499,AMBIGUOUS,0
118,82,3,4,19.5162,71.8463,46.663,14.7828,71.5496,46.5998,4.7431,-4.7334,-0.2967,-0.0632,0.3034,4.7334,-0.998,-0.0626,-0.0133,2.9128,0.0641,0.14103,0.16602,1.2746,1.5559,0.02499,1.1772,1,2,1,0.0108,0.9476,-1.0691,1.4287,5.0067,1.0391,0,0,2,2,4.7078,4.7078,-0.0353,1.0075,1,1,3,2.3045,-2.4385,0,0,0,0,1.0,0.0834,0.0162,0.0818,0.2038,0.1578,0.1289,0.2038,682.0,742.0,0.3342,0.376,1.3613,1.379,60.0,0.0418,AMBIGUOUS,0
120,68,3,4,72.4079,59.3475,59.5886,71.962,58.6501,56.7033,3.0017,-0.4458,-0.6975,-2.8853,2.9684,0.4458,-0.1485,-0.2324,-0.9612,0.2744,6.6582,0.1368,0.18721,1.2364,1.7545,0.05042,1.3685,0,1,0,0.0,0.0,0.0,0.0,0.0,0.0,0,2,2,1,3.0017,3.9663,0.9647,0.7568,0,2,2,3.0017,0.3533,0,1,0,0,0.5,0.7297,0.7171,0.1348,0.5152,0.462,0.228,0.7297,578.0,643.0,0.5199,0.7003,1.6013,1.6336,65.0,0.1804,AMBIGUOUS,0
120,138,3,4,72.4079,59.3475,59.5886,68.5802,59.7841,60.532,3.9663,-3.8277,0.4366,0.9434,1.0395,3.8277,-0.965,0.1101,0.2379,2.3555,0.2716,0.1368,0.09426,1.2364,0.8834,-0.04254,0.689,0,1,0,0.0,0.0,0.0,0.0,0.0,0.0,0,2,2,2,3.0017,3.0017,-0.9647,1.3214,0,1,1,3.9663,1.0337,0,1,0,0,0.5,0.7297,0.7171,0.1348,0.3366,0.3302,0.0654,0.7297,578.0,452.0,0.5199,0.3265,1.6013,1.3969,-126.0,-0.1933,AMBIGUOUS,0
121,93,3,4,58.5703,68.2423,69.9284,54.9704,68.2788,68.2047,3.9914,-3.5999,0.0365,-1.7237,1.7241,3.5999,-0.9019,0.0092,-0.4319,2.2153,0.4789,0.13597,0.1567,1.229,1.4686,0.02073,1.1524,1,2,1,-2.0282,0.1077,-1.4042,2.4692,1.6054,0.0132,0,1,2,1,3.9914,4.8296,0.8382,0.8264,0,1,2,3.9914,0.0993,0,0,0,1,2.0,0.0886,0.0703,0.054,0.2847,0.2796,0.0537,0.2847,576.0,697.0,0.3572,0.4188,1.3745,1.451,121.0,0.0616,AMBIGUOUS,0
121,130,3,4,58.5703,68.2423,69.9284,61.3565,67.8587,66.0023,4.8296,2.7863,-0.3836,-3.9262,3.9449,2.7863,0.5769,-0.0794,-0.8129,1.7146,1.4158,0.13597,0.10752,1.229,1.0077,-0.02845,0.7908,1,2,1,-2.0282,0.1077,-1.4042,2.4692,5.4572,1.015,0,1,2,2,3.9914,3.9914,-0.8382,1.21,1,1,2,1.5428,-3.2868,0,0,0,2,3.0,0.0886,0.0703,0.054,0.4371,0.3935,0.1903,0.4371,576.0,578.0,0.3572,0.2637,1.3745,1.2779,2.0,-0.0935,AMBIGUOUS,0
123,117,3,4,47.2828,54.765,14.7382,45.3532,55.6339,15.756,2.3483,-1.9297,0.8689,1.0178,1.3382,1.9297,-0.8217,0.37,0.4334,1.1875,0.6935,0.13178,0.11906,1.191,1.1158,-0.01272,0.9035,0,1,0,0.0,0.0,0.0,0.0,0.0,0.0,1,1,2,1,2.3483,4.4927,2.1444,0.5227,1,1,1,2.3483,2.6517,0,0,1,1,2.0,0.2096,0.1578,0.1379,0.1725,0.1468,0.0906,0.2096,627.0,572.0,0.4493,0.3941,1.424,1.4429,-55.0,-0.0552,AMBIGUOUS,0
123,142,3,4,47.2828,54.765,14.7382,42.9657,55.2627,15.8779,4.4927,-4.3172,0.4978,1.1396,1.2436,4.3172,-0.9609,0.1108,0.2537,2.6567,0.2881,0.13178,0.08889,1.191,0.8331,-0.04288,0.6746,0,1,0,0.0,0.0,0.0,0.0,0.0,0.0,1,1,2,2,2.3483,2.3483,-2.1444,1.9132,0,0,2,4.4927,0.4825,0,0,1,2,3.0,0.2096,0.1578,0.1379,0.7166,0.7157,0.0364,0.7166,627.0,485.0,0.4493,0.2983,1.424,1.3665,-142.0,-0.151,AMBIGUOUS,0
125,95,3,4,59.4605,71.5838,98.757,55.2471,71.0383,99.4608,4.3065,-4.2134,-0.5456,0.7038,0.8905,4.2134,-0.9784,-0.1267,0.1634,2.5929,0.2114,0.12713,0.15414,1.149,1.4446,0.02701,1.2125,0,1,0,0.0,0.0,0.0,0.0,0.0,0.0,0,0,2,1,4.3065,4.7417,0.4352,0.9082,2,2,3,2.1576,-2.1489,0,2,1,1,0.6667,0.6708,0.6645,0.0921,0.0897,0.0029,0.0897,0.6708,536.0,643.0,0.367,0.456,1.4202,1.4264,107.0,0.089,AMBIGUOUS,0
125,101,3,4,59.4605,71.5838,98.757,55.0257,71.3671,97.0928,4.7417,-4.4348,-0.2167,-1.6642,1.6782,4.4348,-0.9353,-0.0457,-0.351,2.7291,0.3784,0.12713,0.14703,1.149,1.3779,0.0199,1.1565,0,1,0,0.0,0.0,0.0,0.0,0.0,0.0,0,0,2,2,4.3065,4.3065,-0.4352,1.1011,1,1,3,1.7036,-3.0381,0,2,1,1,0.6667,0.6708,0.6645,0.0921,0.2607,0.2243,0.1329,0.6708,536.0,549.0,0.367,0.4779,1.4202,1.5186,13.0,0.1109,AMBIGUOUS,0
127,150,3,4,53.3747,70.9022,84.4749,53.0945,71.0423,81.3365,3.1539,-0.2801,0.1401,-3.1383,3.1415,0.2801,-0.0888,0.0444,-0.9951,0.1724,11.2145,0.12526,0.06685,1.1321,0.6266,-0.0584,0.5337,0,1,0,0.0,0.0,0.0,0.0,0.0,0.0,0,1,1,1,3.1539,5.0,1.8461,0.6308,1,2,2,1.0321,-2.1218,0,1,0,0,0.5,0.3162,0.2503,0.1932,0.5399,0.5305,0.1007,0.5399,508.0,385.0,0.4066,0.2668,1.4488,1.2784,-123.0,-0.1398,AMBIGUOUS,0
128,82,3,4,14.6041,69.8714,45.0306,14.7828,71.5496,46.5998,2.3045,0.1787,1.6783,1.5692,2.2976,0.1787,0.0775,0.7282,0.6809,0.11,12.857,0.12518,0.16602,1.1314,1.5559,0.04085,1.3263,0,1,0,0.0,0.0,0.0,0.0,0.0,0.0,1,1,1,1,2.3045,5.0,2.6955,0.4609,1,1,3,2.3045,2.2233,0,0,0,0,1.0,0.0666,0.0209,0.0633,0.2038,0.1578,0.1289,0.2038,700.0,742.0,0.247,0.376,1.2448,1.379,42.0,0.129,AMBIGUOUS,0
129,106,3,4,16.7288,75.176,86.9216,12.0813,74.7673,86.1213,4.7335,-4.6475,-0.4087,-0.8003,0.8986,4.6475,-0.9818,-0.0863,-0.1691,2.86,0.1934,0.1235,0.13602,1.1162,1.2748,0.01252,1.1014,0,1,0,0.0,0.0,0.0,0.0,0.0,0.0,0,0,1,1,4.7335,5.0,0.2665,0.9467,0,0,3,4.3186,-0.4149,0,1,0,0,0.5,0.4795,0.4788,0.0253,0.7066,0.7063,0.0177,0.7066,768.0,791.0,0.259,0.2783,1.2107,1.1936,23.0,0.0193,AMBIGUOUS,0
131,97,3,4,4.4289,64.5802,16.9045,7.1716,63.9007,18.2258,3.1192,2.7427,-0.6795,1.3212,1.4857,2.7427,0.8793,-0.2178,0.4236,1.6878,0.5417,0.11823,0.15383,1.0686,1.4416,0.0356,1.3011,1,2,1,-1.0089,0.3842,0.4128,1.1559,4.0039,1.6886,0,1,1,1,3.1192,5.0,1.8808,0.6238,0,1,2,3.1192,1.3779,1,2,0,1,0.6667,0.4734,0.4461,0.1586,0.6844,0.6716,0.1317,0.6844,685.0,835.0,0.2345,0.2783,1.2608,1.3395,150.0,0.0438,AMBIGUOUS,0
133,137,3,4,69.8277,68.2256,68.7552,69.3555,68.7068,67.1035,1.784,-0.4722,0.4812,-1.6517,1.7203,0.4722,-0.2647,0.2697,-0.9258,0.2906,3.6429,0.11741,0.09611,1.0612,0.9007,-0.0213,0.8186,1,2,1,-1.0505,0.6829,0.4609,1.335,2.1995,0.9733,1,1,2,1,1.784,4.2444,2.4604,0.4203,1,1,1,1.784,3.216,0,0,0,1,2.0,0.1124,0.0473,0.1019,0.527,0.5195,0.0882,0.527,514.0,462.0,0.4085,0.3592,1.4443,1.3821,-52.0,-0.0493,AMBIGUOUS,0
133,132,3,4,69.8277,68.2256,68.7552,65.6967,68.9162,68.0675,4.2444,-4.131,0.6905,-0.6877,0.9746,4.131,-0.9733,0.1627,-0.162,2.5422,0.2359,0.11741,0.10655,1.0612,0.9986,-0.01086,0.9075,1,2,1,-1.0505,0.6829,0.4609,1.335,3.2877,0.2069,1,1,2,2,1.784,1.784,-2.4604,2.3792,0,0,1,4.2444,0.7556,0,0,0,2,3.0,0.1124,0.0473,0.1019,0.7349,0.6967,0.2339,0.7349,514.0,508.0,0.4085,0.3941,1.4443,1.4361,-6.0,-0.0144,AMBIGUOUS,0
134,88,3,4,88.1111,50.2818,52.0294,86.8202,51.9627,53.212,2.427,-1.2909,1.6809,1.1826,2.0552,1.2909,-0.5319,0.6926,0.4873,0.7944,1.5921,0.11655,0.16157,1.0534,1.5142,0.04502,1.3863,0,1,0,0.0,0.0,0.0,0.0,0.0,0.0,1,2,2,1,2.427,3.857,1.4301,0.6292,2,2,2,2.427,0.5343,0,1,1,1,1.0,0.3741,0.3611,0.0978,0.6963,0.6952,0.0379,0.6963,495.0,553.0,0.4067,0.5729,1.3464,1.5957,58.0,0.1663,TRUE_EDGE,1
134,91,3,4,88.1111,50.2818,52.0294,86.6782,52.0771,55.1278,3.857,-1.4329,1.7954,3.0984,3.581,1.4329,-0.3715,0.4655,0.8033,0.8818,2.4992,0.11655,0.15863,1.0534,1.4866,0.04208,1.361,0,1,0,0.0,0.0,0.0,0.0,0.0,0.0,1,2,2,2,2.427,2.427,-1.4301,1.5892,1,2,2,2.4313,-1.4257,0,1,1,1,1.0,0.3741,0.3611,0.0978,0.5718,0.5532,0.1445,0.5718,495.0,559.0,0.4067,0.5699,1.3464,1.5817,64.0,0.1632,UNMATCHED_TARGET,0
135,150,3,4,53.4839,70.5825,80.4986,53.0945,71.0423,81.3365,1.0321,-0.3893,0.4599,0.838,0.9558,0.3893,-0.3772,0.4456,0.8119,0.2396,2.455,0.11189,0.06685,1.0113,0.6266,-0.04503,0.5975,1,2,1,-2.7046,0.2292,-0.0234,2.7143,2.481,0.5935,1,1,1,1,1.0321,5.0,3.9679,0.2064,1,2,2,1.0321,2.1218,0,1,0,0,0.5,0.1862,0.1411,0.1215,0.5399,0.5305,0.1007,0.5399,463.0,385.0,0.4002,0.2668,1.455,1.2784,-78.0,-0.1333,AMBIGUOUS,0
137,120,3,4,9.6737,72.9715,61.1798,7.9245,73.3979,59.8151,2.2591,-1.7492,0.4264,-1.3646,1.4297,1.7492,-0.7743,0.1888,-0.604,1.0764,0.8173,0.10316,0.1181,0.9323,1.1068,0.01494,1.1449,1,2,1,-1.7434,1.0423,-1.9985,2.8495,0.8838,0.0336,1,2,2,1,2.2591,3.0312,0.772,0.7453,1,1,2,2.2591,2.6336,0,1,0,1,1.0,0.2373,0.0763,0.2246,0.2594,0.2005,0.1645,0.2594,655.0,623.0,0.2558,0.2968,1.2861,1.3102,-32.0,0.041,AMBIGUOUS,0
137,121,3,4,9.6737,72.9715,61.1798,11.5931,73.9112,63.3294,3.0312,1.9194,0.9397,2.1496,2.3461,1.9194,0.6332,0.31,0.7092,1.1812,1.2223,0.10316,0.11804,0.9323,1.1062,0.01488,1.1442,1,2,1,-1.7434,1.0423,-1.9985,2.8495,5.5347,1.7714,1,2,2,2,2.2591,2.2591,-0.772,1.3417,1,3,3,2.5314,-0.4998,0,1,0,0,0.5,0.2373,0.0763,0.2246,0.2243,0.2181,0.0527,0.2373,655.0,639.0,0.2558,0.2718,1.2861,1.2517,-16.0,0.016,UNMATCHED_SOURCE,0
138,91,3,4,88.762,50.8245,55.1363,86.6782,52.0771,55.1278,2.4313,-2.0838,1.2526,-0.0085,1.2526,2.0838,-0.8571,0.5152,-0.0035,1.2823,0.6011,0.10199,0.15863,0.9218,1.4866,0.05664,1.5554,0,1,0,0.0,0.0,0.0,0.0,0.0,0.0,2,2,2,1,2.4313,2.9613,0.5299,0.821,1,2,2,2.4313,1.4257,0,1,1,1,1.0,0.6249,0.613,0.1216,0.5718,0.5532,0.1445,0.6249,478.0,559.0,0.4203,0.5699,1.4172,1.5817,81.0,0.1496,AMBIGUOUS,0
138,88,3,4,88.762,50.8245,55.1363,86.8202,51.9627,53.212,2.9613,-1.9418,1.1381,-1.9244,2.2357,1.9418,-0.6557,0.3843,-0.6498,1.1949,1.1514,0.10199,0.16157,0.9218,1.5142,0.05958,1.5842,0,1,0,0.0,0.0,0.0,0.0,0.0,0.0,2,2,2,2,2.4313,2.4313,-0.5299,1.218,2,2,2,2.427,-0.5343,0,1,1,1,1.0,0.6249,0.613,0.1216,0.6963,0.6952,0.0379,0.6963,478.0,553.0,0.4203,0.5729,1.4172,1.5957,75.0,0.1526,UNMATCHED_SOURCE,0
140,110,3,4,53.3009,53.7584,33.4226,50.0577,54.2575,34.4896,3.4506,-3.2433,0.4991,1.067,1.178,3.2433,-0.9399,0.1446,0.3092,1.9959,0.3632,0.09809,0.12971,0.8865,1.2156,0.03162,1.3224,0,1,0,0.0,0.0,0.0,0.0,0.0,0.0,0,1,1,1,3.4506,5.0,1.5494,0.6901,0,2,2,3.4506,0.3858,0,1,0,0,0.5,0.3673,0.3241,0.173,0.3672,0.3173,0.1847,0.3673,537.0,681.0,0.2447,0.3073,1.2518,1.3032,144.0,0.0626,UNMATCHED_SOURCE,0
141,127,3,4,13.8627,71.2248,92.1694,9.1087,71.1407,92.0838,4.7556,-4.7541,-0.0841,-0.0856,0.12,4.7541,-0.9997,-0.0177,-0.018,2.9256,0.0252,0.09773,0.11091,0.8833,1.0394,0.01317,1.1348,0,1,0,0.0,0.0,0.0,0.0,0.0,0.0,0,0,1,1,4.7556,5.0,0.2444,0.9511,1,1,2,2.9341,-1.8214,1,1,0,1,1.0,0.7751,0.7623,0.1401,0.6571,0.6413,0.1429,0.7751,580.0,653.0,0.251,0.2631,1.2265,1.2426,73.0,0.0121,AMBIGUOUS,0
142,110,3,4,53.3022,53.6741,36.4519,50.0577,54.2575,34.4896,3.8364,-3.2445,0.5835,-1.9623,2.0472,3.2445,-0.8457,0.1521,-0.5115,1.9966,0.631,0.09731,0.12971,0.8795,1.2156,0.0324,1.333,0,1,0,0.0,0.0,0.0,0.0,0.0,0.0,0,1,1,1,3.8364,5.0,1.1636,0.7673,0,2,2,3.4506,-0.3858,0,1,0,0,0.5,0.3448,0.3228,0.121,0.3672,0.3173,0.1847,0.3672,598.0,681.0,0.234,0.3073,1.214,1.3032,83.0,0.0733,TRUE_EDGE,1
144,127,3,4,11.9817,70.6571,92.4312,9.1087,71.1407,92.0838,2.9341,-2.8731,0.4837,-0.3474,0.5955,2.8731,-0.9792,0.1648,-0.1184,1.768,0.2073,0.0969,0.11091,0.8758,1.0394,0.014,1.1445,0,1,0,0.0,0.0,0.0,0.0,0.0,0.0,1,1,1,1,2.9341,5.0,2.0659,0.5868,1,1,2,2.9341,1.8214,1,1,0,1,1.0,0.6377,0.6067,0.1962,0.6571,0.6413,0.1429,0.6571,569.0,653.0,0.2505,0.2631,1.2488,1.2426,84.0,0.0127,AMBIGUOUS,0
147,125,3,4,50.7709,52.8645,41.1631,49.8657,54.0085,41.7469,1.5713,-0.9053,1.144,0.5837,1.2843,0.9053,-0.5761,0.728,0.3715,0.5571,1.4187,0.08643,0.11487,0.7812,1.0765,0.02843,1.329,0,1,0,0.0,0.0,0.0,0.0,0.0,0.0,1,1,1,1,1.5713,5.0,3.4287,0.3143,1,1,1,1.5713,3.4287,0,0,0,0,1.0,0.4205,0.3959,0.1418,0.519,0.5093,0.0995,0.519,416.0,528.0,0.3032,0.3794,1.3134,1.3911,112.0,0.0763,AMBIGUOUS,0
148,121,3,4,12.6532,73.6483,61.0457,11.5931,73.9112,63.3294,2.5314,-1.0602,0.2629,2.2836,2.2987,1.0602,-0.4188,0.1039,0.9021,0.6524,2.1682,0.08595,0.11804,0.7768,1.1062,0.03209,1.3734,1,2,1,-1.8276,-0.2145,1.2331,2.2151,1.3858,0.1623,1,1,2,1,2.5314,4.8927,2.3613,0.5174,1,3,3,2.5314,0.4998,0,1,0,0,0.5,0.3817,0.3468,0.1594,0.2243,0.2181,0.0527,0.3817,567.0,639.0,0.216,0.2718,1.2399,1.2517,72.0,0.0558,UNMATCHED_SOURCE,0
148,120,3,4,12.6532,73.6483,61.0457,7.9245,73.3979,59.8151,4.8927,-4.7288,-0.2504,-1.2306,1.2558,4.7288,-0.9665,-0.0512,-0.2515,2.91,0.2656,0.08595,0.1181,0.7768,1.1068,0.03216,1.3741,1,2,1,-1.8276,-0.2145,1.2331,2.2151,3.8063,0.3376,1,1,2,2,2.5314,2.5314,-2.3613,1.9328,1,1,2,2.2591,-2.6336,0,1,0,1,1.0,0.3817,0.3468,0.1594,0.2594,0.2005,0.1645,0.3817,567.0,623.0,0.216,0.2968,1.2399,1.3102,56.0,0.0809,AMBIGUOUS,0
149,122,3,4,73.0829,59.6999,21.1655,70.9989,58.5072,18.2944,3.7428,-2.084,-1.1927,-2.8711,3.1089,2.084,-0.5568,-0.3187,-0.7671,1.2825,1.4918,0.08536,0.11696,0.7715,1.0962,0.0316,1.3702,0,1,0,0.0,0.0,0.0,0.0,0.0,0.0,0,1,2,1,3.7428,4.4255,0.6827,0.8457,0,1,2,3.7428,0.2944,0,0,0,0,1.0,0.0614,0.0421,0.0447,0.5013,0.5011,0.015,0.5013,586.0,576.0,0.2241,0.3207,1.119,1.3054,-10.0,0.0966,AMBIGUOUS,0
149,28,3,4,73.0829,59.6999,21.1655,72.7744,56.7114,24.4149,4.4255,-0.3086,-2.9885,3.2495,4.4147,0.3086,-0.0697,-0.6753,0.7343,0.1899,14.3079,0.08536,0.24061,0.7715,2.255,0.15525,2.8188,0,1,0,0.0,0.0,0.0,0.0,0.0,0.0,0,1,2,2,3.7428,3.7428,-0.6827,1.1824,1,2,4,1.9252,-2.5003,0,0,1,1,2.0,0.0614,0.0421,0.0447,0.389,0.3506,0.1684,0.389,586.0,939.0,0.2241,0.4883,1.119,1.5956,353.0,0.2642,AMBIGUOUS,0
150,67,3,4,22.7942,72.1177,32.8757,22.3885,68.3852,35.6551,4.6713,-0.4057,-3.7325,2.7793,4.6536,0.4057,-0.0868,-0.799,0.595,0.2496,11.4715,0.07079,0.19054,0.6398,1.7857,0.11976,2.6918,1,3,1,0.1783,1.6322,0.5544,1.733,5.8371,1.5712,0,0,1,1,4.6713,5.0,0.3287,0.9343,1,2,3,2.5982,-2.0731,0,0,0,1,2.0,0.2021,0.0442,0.1972,0.3975,0.3615,0.1652,0.3975,505.0,818.0,0.2184,0.3658,1.2221,1.476,313.0,0.1475,AMBIGUOUS,0
152,96,3,4,15.988,67.4254,67.9257,16.3592,71.4082,66.6585,4.196,0.3712,3.9828,-1.2672,4.1795,0.3712,0.0885,0.9492,-0.302,0.2285,11.2579,0.06368,0.15404,0.5756,1.4437,0.09036,2.4189,0,1,0,0.0,0.0,0.0,0.0,0.0,0.0,0,0,1,1,4.196,5.0,0.804,0.8392,0,0,1,4.196,0.804,0,0,0,0,1.0,0.2748,0.262,0.0828,0.1466,0.1092,0.0977,0.2748,519.0,779.0,0.169,0.3375,1.1522,1.3361,260.0,0.1685,AMBIGUOUS,0
153,97,3,4,4.5826,66.2083,21.0887,7.1716,63.9007,18.2258,4.4972,2.589,-2.3076,-2.8629,3.6772,2.589,0.5757,-0.5131,-0.6366,1.5933,1.4203,0.05866,0.15383,0.5302,1.4416,0.09517,2.6224,0,1,0,0.0,0.0,0.0,0.0,0.0,0.0,0,0,1,1,4.4972,5.0,0.5028,0.8994,0,1,2,3.1192,-1.3779,0,1,0,1,1.0,0.2949,0.2924,0.0378,0.6844,0.6716,0.1317,0.6844,506.0,835.0,0.1605,0.2783,1.2148,1.3395,329.0,0.1178,AMBIGUOUS,0
155,93,3,4,53.9471,72.0573,69.3921,54.9704,68.2788,68.2047,4.0908,1.0233,-3.7785,-1.1874,3.9607,1.0233,0.2501,-0.9237,-0.2903,0.6297,3.8705,0.05241,0.1567,0.4737,1.4686,0.1043,2.9901,0,1,0,0.0,0.0,0.0,0.0,0.0,0.0,0,0,1,1,4.0908,5.0,0.9092,0.8182,0,1,2,3.9914,-0.0993,0,0,0,1,2.0,0.3639,0.3221,0.1694,0.2847,0.2796,0.0537,0.3639,408.0,697.0,0.2015,0.4188,1.1797,1.451,289.0,0.2173,AMBIGUOUS,0
157,52,3,4,25.8014,61.2435,2.3595,25.8145,59.1761,6.4529,4.5859,0.0132,-2.0674,4.0935,4.5859,0.0132,0.0029,-0.4508,0.8926,0.0081,348.3651,0.04709,0.20488,0.4256,1.9201,0.15779,4.351,0,1,0,0.0,0.0,0.0,0.0,0.0,0.0,0,0,1,1,4.5859,5.0,0.4141,0.9172,0,0,2,4.5859,0.2311,0,0,0,0,1.0,0.2358,0.1986,0.1271,0.235,0.1855,0.1443,0.2358,405.0,803.0,0.1671,0.4425,1.1924,1.415,398.0,0.2754,AMBIGUOUS,0
158,82,3,4,12.5745,75.1315,44.9279,14.7828,71.5496,46.5998,4.5279,2.2084,-3.5819,1.6719,3.9528,2.2084,0.4877,-0.7911,0.3692,1.359,1.7899,0.04519,0.16602,0.4084,1.5559,0.12084,3.6741,1,3,1,0.0854,1.6276,-0.9206,1.8719,6.194,1.8472,0,0,1,1,4.5279,5.0,0.4721,0.9056,1,1,3,2.3045,-2.2233,0,0,0,0,1.0,0.4573,0.4255,0.1677,0.2038,0.1578,0.1289,0.4573,471.0,742.0,0.1181,0.376,1.1029,1.379,271.0,0.2579,AMBIGUOUS,0
0,74,4,5,28.0858,72.6929,60.104,25.2459,72.7941,60.9707,2.9709,-2.8399,0.1013,0.8667,0.8726,2.8399,-0.9559,0.0341,0.2917,1.7476,0.3073,0.28632,0.17661,2.6833,1.6636,-0.10971,0.6168,0,1,0,0.0,0.0,0.0,0.0,0.0,0.0,1,2,2,1,2.9709,3.996,1.0251,0.7435,1,1,1,2.9709,2.0291,0,0,0,1,2.0,0.462,0.4608,0.0333,0.7586,0.7541,0.0824,0.7586,1050.0,686.0,0.723,0.4727,1.76,1.5612,-364.0,-0.2503,AMBIGUOUS,0
0,13,4,5,28.0858,72.6929,60.104,24.7632,72.6342,57.8848,3.996,-3.3226,-0.0587,-2.2192,2.22,3.3226,-0.8315,-0.0147,-0.5554,2.0447,0.6681,0.28632,0.25586,2.6833,2.4101,-0.03046,0.8936,0,1,0,0.0,0.0,0.0,0.0,0.0,0.0,1,2,2,2,2.9709,2.9709,-1.0251,1.345,0,1,1,3.996,1.004,0,0,0,1,2.0,0.462,0.4608,0.0333,0.4436,0.3882,0.2147,0.462,1050.0,961.0,0.723,0.6516,1.76,1.757,-89.0,-0.0714,AMBIGUOUS,0
1,0,4,5,97.7381,43.8107,5.6202,98.7662,43.4707,2.9382,2.8924,1.0281,-0.34,-2.682,2.7035,1.0281,0.3555,-0.1175,-0.9273,0.6327,2.6295,0.28548,0.32056,2.6754,3.0195,0.03508,1.1229,0,1,0,0.0,0.0,0.0,0.0,0.0,0.0,1,1,2,1,2.8924,4.2131,1.3207,0.6865,2,2,2,1.3692,-1.5232,0,1,0,0,0.5,0.2556,0.2381,0.093,0.371,0.3588,0.0945,0.371,937.0,946.0,0.669,0.8236,1.7174,2.0233,9.0,0.1547,AMBIGUOUS,0
1,2,4,5,97.7381,43.8107,5.6202,93.7488,45.0365,5.0428,4.2131,-3.9893,1.2258,-0.5775,1.355,3.9893,-0.9469,0.2909,-0.1371,2.4549,0.3397,0.28548,0.2888,2.6754,2.7203,0.00332,1.0116,0,1,0,0.0,0.0,0.0,0.0,0.0,0.0,1,1,2,2,2.8924,2.8924,-1.3207,1.4566,0,0,1,4.2131,0.7869,0,1,0,0,0.5,0.2556,0.2381,0.093,0.5316,0.5012,0.1773,0.5316,937.0,992.0,0.669,0.7334,1.7174,1.886,55.0,0.0645,AMBIGUOUS,0
2,6,4,5,87.5016,52.737,25.1492,82.8878,54.5202,25.257,4.9476,-4.6139,1.7832,0.1078,1.7864,4.6139,-0.9325,0.3604,0.0218,2.8393,0.3872,0.28507,0.2692,2.6717,2.5358,-0.01587,0.9443,1,2,1,-0.6267,0.4805,1.4596,1.6595,4.4071,0.5243,0,0,1,1,4.9476,5.0,0.0524,0.9895,0,1,2,3.1138,-1.8339,1,1,1,2,1.5,0.2624,0.2484,0.0847,0.1087,0.0128,0.108,0.2624,1079.0,1098.0,0.7022,0.6598,1.9588,1.9434,19.0,-0.0424,AMBIGUOUS,0
3,8,4,5,72.4226,51.8505,7.2721,69.4131,51.2665,3.4127,4.9288,-3.0095,-0.584,-3.8594,3.9033,3.0095,-0.6106,-0.1185,-0.783,1.852,1.297,0.27374,0.26428,2.5654,2.4894,-0.00945,0.9655,1,2,1,-1.1967,0.9002,0.4219,1.5558,4.8804,0.8113,0,0,1,1,4.9288,5.0,0.0712,0.9858,1,1,2,2.2605,-2.6683,1,2,0,1,0.6667,0.7193,0.7024,0.1549,0.496,0.4619,0.1809,0.7193,942.0,1054.0,0.7025,0.6264,1.8744,1.8326,112.0,-0.076,AMBIGUOUS,0
5,0,4,5,99.2389,42.3639,2.2854,98.7662,43.4707,2.9382,1.3692,-0.4726,1.1069,0.6528,1.285,0.4726,-0.3452,0.8084,0.4768,0.2908,2.7189,0.2702,0.32056,2.5323,3.0195,0.05035,1.1863,1,2,1,-0.184,0.6583,-0.1521,0.7003,0.9656,0.2529,1,1,1,1,1.3692,5.0,3.6308,0.2738,2,2,2,1.3692,1.5232,0,1,0,0,0.5,0.2215,0.1139,0.19,0.371,0.3588,0.0945,0.371,1034.0,946.0,0.5766,0.8236,1.6927,2.0233,-88.0,0.247,AMBIGUOUS,0
6,3,4,5,99.6802,55.7544,52.9899,98.5505,56.4584,52.9674,1.3313,-1.1298,0.7039,-0.0224,0.7043,1.1298,-0.8486,0.5288,-0.0169,0.6952,0.6234,0.26398,0.27599,2.474,2.5997,0.01201,1.0455,0,1,0,0.0,0.0,0.0,0.0,0.0,0.0,1,1,1,1,1.3313,5.0,3.6687,0.2663,1,1,1,1.3313,3.6687,0,0,0,1,2.0,0.5911,0.5552,0.2027,0.5952,0.5745,0.1553,0.5952,875.0,898.0,0.634,0.6401,1.8361,1.8003,23.0,0.006,AMBIGUOUS,0
7,5,4,5,53.4371,62.9408,28.2193,49.9076,62.7342,26.8662,3.7857,-3.5296,-0.2066,-1.3531,1.3688,3.5296,-0.9323,-0.0546,-0.3574,2.172,0.3878,0.26264,0.27106,2.4614,2.5533,0.00842,1.0321,0,1,0,0.0,0.0,0.0,0.0,0.0,0.0,0,1,1,1,3.7857,5.0,1.2143,0.7571,0,1,2,3.7857,0.6944,0,1,0,1,1.0,0.2673,0.1879,0.1901,0.5009,0.4674,0.1799,0.5009,982.0,945.0,0.5505,0.6171,1.745,1.7648,-37.0,0.0666,AMBIGUOUS,0
8,145,4,5,87.9645,53.1872,27.4696,90.7836,54.2481,28.6655,3.2408,2.8191,1.0609,1.1958,1.5986,2.8191,0.8699,0.3273,0.369,1.7348,0.5671,0.25979,0.05241,2.4347,0.4937,-0.20738,0.2017,1,3,1,0.3429,-0.778,-1.0661,1.3636,3.8248,1.2565,0,1,1,1,3.2408,5.0,1.7592,0.6482,0,1,1,3.2408,1.7592,1,1,0,0,0.5,0.2667,0.2145,0.1585,0.3384,0.2164,0.2601,0.3384,1115.0,309.0,0.6541,0.2265,1.9413,1.2094,-806.0,-0.4277,AMBIGUOUS,0
9,17,4,5,77.7294,63.5881,61.7694,74.4696,63.6913,60.9848,3.3544,-3.2597,0.1032,-0.7845,0.7913,3.2597,-0.9718,0.0308,-0.2339,2.006,0.2427,0.25957,0.2482,2.4326,2.338,-0.01137,0.9562,0,1,0,0.0,0.0,0.0,0.0,0.0,0.0,0,1,1,1,3.3544,5.0,1.6456,0.6709,1,2,2,1.4334,-1.921,1,1,0,1,1.0,0.333,0.2706,0.1941,0.2982,0.2804,0.1016,0.333,972.0,981.0,0.6055,0.5412,1.6553,1.5872,9.0,-0.0643,AMBIGUOUS,0
10,29,4,5,46.6912,65.3937,36.9289,44.1151,65.2622,35.9621,2.7547,-2.5761,-0.1314,-0.9668,0.9757,2.5761,-0.9352,-0.0477,-0.351,1.5853,0.3788,0.25809,0.23412,2.4188,2.2053,-0.02397,0.9071,0,1,0,0.0,0.0,0.0,0.0,0.0,0.0,1,1,1,1,2.7547,5.0,2.2453,0.5509,1,1,2,2.7547,1.7944,1,1,0,1,1.0,0.4358,0.4338,0.0418,0.3407,0.2401,0.2418,0.4358,957.0,922.0,0.5509,0.5168,1.5565,1.6101,-35.0,-0.0341,AMBIGUOUS,0
11,30,4,5,77.5577,64.4501,67.0765,74.2344,64.2595,65.4437,3.7077,-3.3233,-0.1906,-1.6328,1.6439,3.3233,-0.8963,-0.0514,-0.4404,2.0451,0.4947,0.25764,0.23359,2.4146,2.2003,-0.02405,0.9066,1,4,1,-2.4626,0.5791,-0.8749,2.6768,1.3812,0.0426,0,1,1,1,3.7077,5.0,1.2923,0.7415,1,3,3,1.7013,-2.0064,1,1,1,2,1.5,0.4673,0.4423,0.1506,0.522,0.5156,0.0811,0.522,989.0,974.0,0.617,0.4832,1.7192,1.5479,-15.0,-0.1338,AMBIGUOUS,0
12,6,4,5,83.0669,54.7199,28.3592,82.8878,54.5202,25.257,3.1138,-0.1791,-0.1997,-3.1022,3.1086,0.1791,-0.0575,-0.0641,-0.9963,0.1102,17.3558,0.25712,0.2692,2.4097,2.5358,0.01208,1.047,0,1,0,0.0,0.0,0.0,0.0,0.0,0.0,0,1,2,1,3.1138,4.8775,1.7637,0.6384,0,1,2,3.1138,1.8339,0,0,1,2,3.0,0.2414,0.1919,0.1465,0.1087,0.0128,0.108,0.2414,974.0,1098.0,0.5356,0.6598,1.6897,1.9434,124.0,0.1243,AMBIGUOUS,0
12,12,4,5,83.0669,54.7199,28.3592,78.4293,55.1803,26.9203,4.8775,-4.6376,0.4604,-1.4388,1.5107,4.6376,-0.9508,0.0944,-0.295,2.8539,0.3258,0.25712,0.25598,2.4097,2.4113,-0.00114,0.9956,0,1,0,0.0,0.0,0.0,0.0,0.0,0.0,0,1,2,2,3.1138,3.1138,-1.7637,1.5664,0,0,1,4.8775,0.1225,0,0,0,1,2.0,0.2414,0.1919,0.1465,0.448,0.4293,0.1284,0.448,974.0,1104.0,0.5356,0.6176,1.6897,1.8012,130.0,0.0821,AMBIGUOUS,0
13,8,4,5,71.6421,50.8929,3.3684,69.4131,51.2665,3.4127,2.2605,-2.2289,0.3735,0.0443,0.3761,2.2289,-0.9861,0.1652,0.0196,1.3717,0.1688,0.25571,0.26428,2.3965,2.4894,0.00857,1.0335,0,1,0,0.0,0.0,0.0,0.0,0.0,0.0,1,1,1,1,2.2605,5.0,2.7395,0.4521,1,1,2,2.2605,2.6683,0,2,0,1,0.6667,0.2161,0.1421,0.1628,0.496,0.4619,0.1809,0.496,1044.0,1054.0,0.6199,0.6264,1.82,1.8326,10.0,0.0065,AMBIGUOUS,0
16,22,4,5,42.5272,57.9866,8.1924,42.9303,59.4053,9.1632,1.7657,0.4031,1.4187,0.9708,1.7191,0.4031,0.2283,0.8035,0.5498,0.2481,4.2645,0.25471,0.23999,2.3871,2.2606,-0.01472,0.9422,0,1,0,0.0,0.0,0.0,0.0,0.0,0.0,2,3,3,1,1.7657,2.0336,0.2679,0.8683,1,1,1,1.7657,3.2343,0,0,0,2,3.0,0.3047,0.2772,0.1266,0.7099,0.6803,0.203,0.7099,966.0,1004.0,0.4952,0.5327,1.6085,1.5838,38.0,0.0375,AMBIGUOUS,0
16,31,4,5,42.5272,57.9866,8.1924,41.7462,57.9311,6.3156,2.0336,-0.781,-0.0555,-1.8769,1.8777,0.781,-0.384,-0.0273,-0.9229,0.4806,2.4043,0.25471,0.23273,2.3871,2.1922,-0.02198,0.9137,0,1,0,0.0,0.0,0.0,0.0,0.0,0.0,2,3,3,2,1.7657,1.7657,-0.2679,1.1517,1,1,1,2.0336,2.9664,0,0,1,2,3.0,0.3047,0.2772,0.1266,0.5606,0.5038,0.2459,0.5606,966.0,929.0,0.4952,0.4697,1.6085,1.5197,-37.0,-0.0255,AMBIGUOUS,0
16,21,4,5,42.5272,57.9866,8.1924,39.1758,58.3661,7.2063,3.514,-3.3514,0.3796,-0.9862,1.0567,3.3514,-0.9537,0.108,-0.2806,2.0624,0.3153,0.25471,0.24213,2.3871,2.2808,-0.01258,0.9506,0,1,0,0.0,0.0,0.0,0.0,0.0,0.0,2,3,3,3,1.7657,1.7657,-1.7483,1.9902,0,1,1,3.514,1.486,0,0,1,2,3.0,0.3047,0.2772,0.1266,0.2452,0.1758,0.1709,0.3047,966.0,889.0,0.4952,0.4583,1.6085,1.5176,-77.0,-0.0369,AMBIGUOUS,0
17,150,4,5,55.9274,55.2096,4.6169,58.9946,56.8687,4.3819,3.4951,3.0672,1.6591,-0.235,1.6757,3.0672,0.8776,0.4747,-0.0672,1.8875,0.5463,0.25193,0.04438,2.361,0.418,-0.20755,0.1761,0,1,0,0.0,0.0,0.0,0.0,0.0,0.0,0,1,2,1,3.4951,4.5856,1.0905,0.7622,0,1,2,3.4951,0.9746,0,0,0,0,1.0,0.6946,0.6774,0.1536,0.5022,0.4946,0.0871,0.6946,1082.0,338.0,0.5471,0.1757,1.8823,1.1741,-744.0,-0.3714,AMBIGUOUS,0
17,7,4,5,55.9274,55.2096,4.6169,51.5106,55.8468,3.5619,4.5856,-4.4168,0.6372,-1.0551,1.2326,4.4168,-0.9632,0.1389,-0.2301,2.718,0.2791,0.25193,0.2663,2.361,2.5084,0.01437,1.057,0,1,0,0.0,0.0,0.0,0.0,0.0,0.0,0,1,2,2,3.4951,3.4951,-1.0905,1.312,1,1,2,2.5309,-2.0547,0,0,0,0,1.0,0.6946,0.6774,0.1536,0.5336,0.4894,0.2126,0.6946,1082.0,951.0,0.5471,0.608,1.8823,1.8313,-131.0,0.0608,AMBIGUOUS,0
18,34,4,5,48.1247,59.0139,8.7521,50.397,59.0359,13.0573,4.8682,2.2723,0.022,4.3053,4.3053,2.2723,0.4668,0.0045,0.8844,1.3983,1.8947,0.25123,0.23062,2.3545,2.1723,-0.02061,0.9179,0,1,0,0.0,0.0,0.0,0.0,0.0,0.0,0,0,1,1,4.8682,5.0,0.1318,0.9736,0,1,3,3.6353,-1.2329,0,0,0,1,2.0,0.661,0.6253,0.2144,0.1435,0.022,0.1418,0.661,954.0,884.0,0.5269,0.4754,1.6053,1.4734,-70.0,-0.0515,AMBIGUOUS,0
20,113,4,5,17.3957,72.5705,52.986,17.4626,72.9515,51.4077,1.625,0.0669,0.381,-1.5782,1.6236,0.0669,0.0412,0.2345,-0.9713,0.0412,24.2689,0.24663,0.12704,2.3113,1.1967,-0.11959,0.5151,0,1,0,0.0,0.0,0.0,0.0,0.0,0.0,1,2,2,1,1.625,3.3225,1.6975,0.4891,1,1,1,1.625,3.375,0,0,0,1,2.0,0.5308,0.4793,0.2282,0.4845,0.4124,0.2544,0.5308,1039.0,664.0,0.6085,0.3031,1.6291,1.3267,-375.0,-0.3054,AMBIGUOUS,0
20,24,4,5,17.3957,72.5705,52.986,14.0827,72.3248,52.9413,3.3225,-3.3131,-0.2457,-0.0447,0.2497,3.3131,-0.9972,-0.0739,-0.0134,2.0388,0.0754,0.24663,0.23779,2.3113,2.2399,-0.00883,0.9642,0,1,0,0.0,0.0,0.0,0.0,0.0,0.0,1,2,2,2,1.625,1.625,-1.6975,2.0446,0,1,1,3.3225,1.6775,0,0,0,1,2.0,0.5308,0.4793,0.2282,0.5576,0.5423,0.1294,0.5576,1039.0,965.0,0.6085,0.5315,1.6291,1.5507,-74.0,-0.077,AMBIGUOUS,0
22,10,4,5,73.0165,68.4029,89.28,68.7686,68.9717,87.2811,4.729,-4.2479,0.5688,-1.9988,2.0782,4.2479,-0.8983,0.1203,-0.4227,2.6141,0.4892,0.24458,0.26179,2.2922,2.4659,0.01721,1.0703,0,1,0,0.0,0.0,0.0,0.0,0.0,0.0,0,0,1,1,4.729,5.0,0.271,0.9458,0,0,2,4.7027,-0.0264,0,0,0,0,1.0,0.2102,0.1085,0.18,0.5302,0.5186,0.1103,0.5302,870.0,907.0,0.6061,0.5677,1.6254,1.6114,37.0,-0.0384,AMBIGUOUS,0
23,30,4,5,75.3242,64.2345,66.7498,74.2344,64.2595,65.4437,1.7013,-1.0899,0.025,-1.3061,1.3064,1.0899,-0.6406,0.0147,-0.7677,0.6707,1.1987,0.24413,0.23359,2.288,2.2003,-0.01054,0.9568,0,1,0,0.0,0.0,0.0,0.0,0.0,0.0,1,2,2,1,1.7013,3.4196,1.7183,0.4975,1,3,3,1.7013,2.0064,1,2,1,2,1.0,0.5895,0.5742,0.1334,0.522,0.5156,0.0811,0.5895,978.0,974.0,0.5269,0.4832,1.5252,1.5479,-4.0,-0.0437,AMBIGUOUS,0
23,26,4,5,75.3242,64.2345,66.7498,72.086,64.498,65.6832,3.4196,-3.2383,0.2635,-1.0666,1.0987,3.2383,-0.947,0.0771,-0.3119,1.9928,0.3393,0.24413,0.23553,2.288,2.2186,-0.0086,0.9648,0,1,0,0.0,0.0,0.0,0.0,0.0,0.0,1,2,2,2,1.7013,1.7013,-1.7183,2.01,0,1,1,3.4196,1.5804,1,2,1,1,0.6667,0.5895,0.5742,0.1334,0.6076,0.586,0.1609,0.6076,978.0,914.0,0.5269,0.5259,1.5252,1.5554,-64.0,-0.001,AMBIGUOUS,0
25,146,4,5,72.5686,57.1586,26.6714,74.8418,59.7754,28.254,3.8104,2.2731,2.6168,1.5826,3.0582,2.2731,0.5966,0.6867,0.4153,1.3989,1.3454,0.24355,0.0502,2.2825,0.4729,-0.19335,0.2061,1,3,1,-1.0856,0.9426,-0.9176,1.7056,4.5095,1.2237,0,1,2,1,3.8104,4.6073,0.7968,0.827,0,1,1,3.8104,1.1896,1,1,0,0,0.5,0.5869,0.5564,0.187,0.2128,0.0918,0.192,0.5869,953.0,335.0,0.5238,0.226,1.6857,1.2661,-618.0,-0.2978,AMBIGUOUS,0
25,19,4,5,72.5686,57.1586,26.6714,68.0025,57.66,26.3162,4.6073,-4.5661,0.5014,-0.3552,0.6145,4.5661,-0.9911,0.1088,-0.0771,2.8099,0.1346,0.24355,0.24584,2.2825,2.3157,0.00229,1.0094,1,3,1,-1.0856,0.9426,-0.9176,1.7056,3.5531,0.2676,0,1,2,2,3.8104,3.8104,-0.7968,1.2091,0,0,2,4.6073,0.3926,1,1,1,2,1.5,0.5869,0.5564,0.187,0.2648,0.2475,0.0942,0.5869,953.0,1059.0,0.5238,0.5197,1.6857,1.6355,106.0,-0.0041,AMBIGUOUS,0
26,37,4,5,95.4765,66.4041,97.3362,90.7264,67.2165,97.0486,4.8277,-4.7501,0.8124,-0.2876,0.8618,4.7501,-0.9839,0.1683,-0.0596,2.9231,0.1814,0.24242,0.22463,2.2719,2.1159,-0.01779,0.9266,0,1,0,0.0,0.0,0.0,0.0,0.0,0.0,0,0,1,1,4.8277,5.0,0.1723,0.9655,0,0,2,4.1988,-0.6288,0,1,0,0,0.5,0.469,0.3985,0.2474,0.3335,0.2736,0.1907,0.469,807.0,844.0,0.6537,0.5203,1.6947,1.5007,37.0,-0.1334,AMBIGUOUS,0
27,16,4,5,86.525,55.6417,37.2263,84.1883,55.499,35.0153,3.2201,-2.3367,-0.1426,-2.211,2.2156,2.3367,-0.7257,-0.0443,-0.6866,1.438,0.9482,0.2424,0.24843,2.2717,2.3401,0.00604,1.0249,0,1,0,0.0,0.0,0.0,0.0,0.0,0.0,0,1,3,1,3.2201,4.0274,0.8073,0.7996,0,1,1,3.2201,1.7799,1,1,0,0,0.5,0.427,0.4,0.1494,0.3577,0.3117,0.1754,0.427,880.0,905.0,0.4855,0.5397,1.4839,1.601,25.0,0.0543,AMBIGUOUS,0
27,84,4,5,86.525,55.6417,37.2263,90.5344,55.4009,36.9316,4.0274,4.0094,-0.2407,-0.2947,0.3805,4.0094,0.9955,-0.0598,-0.0732,2.4673,0.0949,0.2424,0.16356,2.2717,1.5406,-0.07884,0.6747,0,1,0,0.0,0.0,0.0,0.0,0.0,0.0,0,1,3,2,3.2201,3.2201,-0.8073,1.2507,0,0,1,4.0274,0.9726,1,1,0,1,1.0,0.427,0.4,0.1494,0.4909,0.4656,0.1554,0.4909,880.0,709.0,0.4855,0.3839,1.4839,1.4172,-171.0,-0.1016,AMBIGUOUS,0
27,47,4,5,86.525,55.6417,37.2263,85.6546,56.8906,41.3218,4.3692,-0.8704,1.2489,4.0955,4.2817,0.8704,-0.1992,0.2858,0.9373,0.5356,4.9193,0.2424,0.2061,2.2717,1.9414,-0.03629,0.8503,0,1,0,0.0,0.0,0.0,0.0,0.0,0.0,0,1,3,3,3.2201,3.2201,-1.1491,1.3569,1,1,2,1.6957,-2.6736,1,1,0,0,0.5,0.427,0.4,0.1494,0.4847,0.4704,0.1168,0.4847,880.0,809.0,0.4855,0.5038,1.4839,1.6102,-71.0,0.0183,AMBIGUOUS,0
29,5,4,5,50.0912,64.1965,31.0969,49.9076,62.7342,26.8662,4.48,-0.1837,-1.4623,-4.2307,4.4763,0.1837,-0.041,-0.3264,-0.9443,0.113,24.3704,0.23883,0.27106,2.2383,2.5533,0.03223,1.1349,0,1,0,0.0,0.0,0.0,0.0,0.0,0.0,0,0,2,1,4.48,4.5283,0.0483,0.9893,0,1,2,3.7857,-0.6944,0,1,0,1,1.0,0.3385,0.2838,0.1846,0.5009,0.4674,0.1799,0.5009,1045.0,945.0,0.5666,0.6171,1.734,1.7648,-100.0,0.0505,AMBIGUOUS,0
29,38,4,5,50.0912,64.1965,31.0969,45.908,64.073,29.3676,4.5283,-4.1832,-0.1235,-1.7293,1.7338,4.1832,-0.9238,-0.0273,-0.3819,2.5743,0.4145,0.23883,0.22269,2.2383,2.0976,-0.01615,0.9324,0,1,0,0.0,0.0,0.0,0.0,0.0,0.0,0,0,2,2,4.48,4.48,-0.0483,1.0108,0,0,1,4.5283,0.4717,0,1,0,2,1.5,0.3385,0.2838,0.1846,0.4398,0.408,0.1641,0.4398,1045.0,957.0,0.5666,0.4335,1.734,1.4683,-88.0,-0.1332,AMBIGUOUS,0
30,40,4,5,58.6851,63.6033,47.0889,54.7642,63.8361,45.6111,4.1966,-3.9209,0.2328,-1.4778,1.496,3.9209,-0.9343,0.0555,-0.3521,2.4129,0.3816,0.23715,0.22075,2.2226,2.0794,-0.01641,0.9308,0,1,0,0.0,0.0,0.0,0.0,0.0,0.0,0,0,1,1,4.1966,5.0,0.8034,0.8393,0,0,1,4.1966,0.8034,1,1,0,0,0.5,0.2593,0.1851,0.1816,0.5013,0.4858,0.1239,0.5013,722.0,751.0,0.6749,0.5991,1.7319,1.5919,29.0,-0.0758,AMBIGUOUS,0
31,32,4,5,34.3549,58.0829,27.428,34.2382,58.8472,28.0794,1.011,-0.1167,0.7643,0.6513,1.0042,0.1167,-0.1154,0.756,0.6443,0.0718,8.6066,0.23475,0.23237,2.2001,2.1888,-0.00239,0.9898,0,1,0,0.0,0.0,0.0,0.0,0.0,0.0,2,2,2,1,1.011,2.8548,1.8438,0.3541,1,1,1,1.011,3.989,0,0,1,1,2.0,0.3029,0.2299,0.1973,0.1364,0.1132,0.0761,0.3029,917.0,916.0,0.503,0.4811,1.5548,1.5217,-1.0,-0.0219,AMBIGUOUS,0
31,56,4,5,34.3549,58.0829,27.428,31.5208,58.4183,27.3581,2.8548,-2.8341,0.3354,-0.0699,0.3426,2.8341,-0.9928,0.1175,-0.0245,1.7441,0.1209,0.23475,0.19726,2.2001,1.8581,-0.03749,0.8403,0,1,0,0.0,0.0,0.0,0.0,0.0,0.0,2,2,2,2,1.011,1.011,-1.8438,2.8238,1,1,1,2.8548,2.1452,0,0,1,1,2.0,0.3029,0.2299,0.1973,0.6657,0.6458,0.1615,0.6657,917.0,795.0,0.503,0.438,1.5548,1.4977,-122.0,-0.065,AMBIGUOUS,0
32,141,4,5,41.703,59.9927,15.5498,41.7396,62.992,18.674,4.3311,0.0366,2.9994,3.1242,4.3309,0.0366,0.0084,0.6925,0.7213,0.0225,118.3879,0.2336,0.06797,2.1893,0.6403,-0.16563,0.291,1,2,1,0.6544,0.1399,-0.4242,0.7924,4.5989,1.2569,0,0,3,1,4.3311,4.4862,0.1551,0.9654,1,1,3,1.976,-2.3551,0,3,0,0,0.25,0.5739,0.547,0.1735,0.5112,0.5104,0.0269,0.5739,976.0,490.0,0.516,0.1888,1.6508,1.2527,-486.0,-0.3272,AMBIGUOUS,0
32,136,4,5,41.703,59.9927,15.5498,40.9802,55.5688,15.7323,4.4862,-0.7227,-4.4238,0.1826,4.4276,0.7227,-0.1611,-0.9861,0.0407,0.4448,6.1261,0.2336,0.09786,2.1893,0.9218,-0.13574,0.4189,1,2,1,0.6544,0.1399,-0.4242,0.7924,4.8055,1.329,0,0,3,2,4.3311,4.3311,-0.1551,1.0358,1,1,3,2.0142,-2.4721,0,3,0,0,0.25,0.5739,0.547,0.1735,0.3824,0.3552,0.1416,0.5739,976.0,499.0,0.516,0.3484,1.6508,1.3281,-477.0,-0.1676,AMBIGUOUS,0
32,45,4,5,41.703,59.9927,15.5498,37.3785,59.9937,14.0275,4.5846,-4.3245,0.001,-1.5222,1.5222,4.3245,-0.9433,0.0002,-0.332,2.6612,0.352,0.2336,0.2094,2.1893,1.9724,-0.0242,0.8964,1,2,1,0.6544,0.1399,-0.4242,0.7924,5.1005,1.6013,0,0,3,3,4.3311,4.3311,-0.2535,1.0585,1,1,2,1.8309,-2.7537,0,3,0,1,0.5,0.5739,0.547,0.1735,0.232,0.0035,0.232,0.5739,976.0,1017.0,0.516,0.4337,1.6508,1.5418,41.0,-0.0823,AMBIGUOUS,0
33,77,4,5,94.1215,55.4319,40.457,90.6857,56.3819,40.2595,3.5703,-3.4359,0.95,-0.1975,0.9703,3.4359,-0.9624,0.2661,-0.0553,2.1144,0.2824,0.23174,0.17368,2.1719,1.636,-0.05806,0.7494,0,1,0,0.0,0.0,0.0,0.0,0.0,0.0,0,1,2,1,3.5703,4.4719,0.9017,0.7984,1,2,3,2.2228,-1.3475,0,1,0,1,1.0,0.279,0.1285,0.2477,0.3286,0.3143,0.0959,0.3286,865.0,717.0,0.4373,0.4135,1.4416,1.4514,-148.0,-0.0238,AMBIGUOUS,0
33,129,4,5,94.1215,55.4319,40.457,98.465,55.7553,41.4709,4.4719,4.3435,0.3233,1.014,1.0643,4.3435,0.9713,0.0723,0.2267,2.6729,0.245,0.23174,0.10111,2.1719,0.9524,-0.13063,0.4363,0,1,0,0.0,0.0,0.0,0.0,0.0,0.0,0,1,2,2,3.5703,3.5703,-0.9017,1.2526,0,0,1,4.4719,0.5281,0,1,0,0,0.5,0.279,0.1285,0.2477,0.6682,0.66,0.1045,0.6682,865.0,401.0,0.4373,0.4139,1.4416,1.5278,-464.0,-0.0234,AMBIGUOUS,0
34,17,4,5,75.5503,63.4558,61.8966,74.4696,63.6913,60.9848,1.4334,-1.0807,0.2355,-0.9118,0.9417,1.0807,-0.7539,0.1643,-0.6361,0.665,0.8714,0.23081,0.2482,2.1631,2.338,0.01739,1.0754,0,1,0,0.0,0.0,0.0,0.0,0.0,0.0,1,2,2,1,1.4334,3.8677,2.4343,0.3706,1,2,2,1.4334,1.921,1,2,0,1,0.6667,0.8176,0.8003,0.1674,0.2982,0.2804,0.1016,0.8176,915.0,981.0,0.5104,0.5412,1.512,1.5872,66.0,0.0308,AMBIGUOUS,0
34,30,4,5,75.5503,63.4558,61.8966,74.2344,64.2595,65.4437,3.8677,-1.3159,0.8037,3.547,3.6369,1.3159,-0.3402,0.2078,0.9171,0.8098,2.7638,0.23081,0.23359,2.1631,2.2003,0.00278,1.012,0,1,0,0.0,0.0,0.0,0.0,0.0,0.0,1,2,2,2,1.4334,1.4334,-2.4343,2.6982,1,3,3,1.7013,-2.1664,1,2,1,2,1.0,0.8176,0.8003,0.1674,0.522,0.5156,0.0811,0.8176,915.0,974.0,0.5104,0.4832,1.512,1.5479,59.0,-0.0273,AMBIGUOUS,0
36,42,4,5,42.2599,67.1352,46.2175,39.1199,67.2563,44.7372,3.4735,-3.1399,0.1211,-1.4803,1.4852,3.1399,-0.904,0.0349,-0.4262,1.9323,0.473,0.22514,0.21692,2.11,2.0433,-0.00822,0.9635,0,1,0,0.0,0.0,0.0,0.0,0.0,0.0,0,1,1,1,3.4735,5.0,1.5265,0.6947,0,1,1,3.4735,1.5265,0,1,0,0,0.5,0.1411,0.0099,0.1408,0.2229,0.1199,0.1879,0.2229,931.0,967.0,0.4529,0.4332,1.4632,1.4101,36.0,-0.0197,AMBIGUOUS,0
37,111,4,5,84.8657,65.0819,89.9929,85.9684,66.2713,92.357,2.867,1.1026,1.1894,2.3641,2.6465,1.1026,0.3846,0.4149,0.8246,0.6785,2.4002,0.22484,0.12977,2.1071,1.2224,-0.09507,0.5772,0,1,0,0.0,0.0,0.0,0.0,0.0,0.0,1,1,2,1,2.867,4.7171,1.8501,0.6078,2,2,2,1.2219,-1.645,0,1,0,1,1.0,0.4223,0.3657,0.2111,0.2154,0.1566,0.1479,0.4223,874.0,676.0,0.4856,0.3122,1.4707,1.3401,-198.0,-0.1734,AMBIGUOUS,0
37,82,4,5,84.8657,65.0819,89.9929,80.1889,65.5899,89.6467,4.7171,-4.6768,0.508,-0.3462,0.6148,4.6768,-0.9915,0.1077,-0.0734,2.8781,0.1314,0.22484,0.16591,2.1071,1.5628,-0.05893,0.7379,0,1,0,0.0,0.0,0.0,0.0,0.0,0.0,1,1,2,2,2.867,2.867,-1.8501,1.6453,0,0,1,4.7171,0.2829,0,1,0,1,1.0,0.4223,0.3657,0.2111,0.6081,0.5639,0.2276,0.6081,874.0,645.0,0.4856,0.4496,1.4707,1.3982,-229.0,-0.036,AMBIGUOUS,0
38,123,4,5,78.1028,61.2476,49.2828,77.3286,60.0619,46.6806,2.9625,-0.7743,-1.1857,-2.6021,2.8595,0.7743,-0.2614,-0.4002,-0.8784,0.4765,3.6932,0.22305,0.10994,2.0904,1.0355,-0.11312,0.4929,1,2,1,-2.6235,0.692,-0.2933,2.729,3.5037,0.7558,1,2,2,1,2.9625,3.8934,0.9309,0.7609,2,2,2,0.9991,-1.9634,1,1,0,0,0.5,0.1893,0.1028,0.1589,0.6755,0.6714,0.0737,0.6755,893.0,522.0,0.4511,0.3392,1.3634,1.4701,-371.0,-0.1119,AMBIGUOUS,0
38,15,4,5,78.1028,61.2476,49.2828,74.9808,62.3308,51.3415,3.8934,-3.122,1.0833,2.0588,2.3264,3.122,-0.8019,0.2782,0.5288,1.9212,0.7452,0.22305,0.24943,2.0904,2.3495,0.02637,1.1182,1,2,1,-2.6235,0.692,-0.2933,2.729,2.436,0.2154,1,2,2,2,2.9625,2.9625,-0.9309,1.3142,0,1,1,3.8934,1.1066,1,1,0,0,0.5,0.1893,0.1028,0.1589,0.3279,0.2308,0.2328,0.3279,893.0,849.0,0.4511,0.5912,1.3634,1.5626,-44.0,0.1401,AMBIGUOUS,0
39,123,4,5,77.8171,60.7863,47.1651,77.3286,60.0619,46.6806,0.9991,-0.4885,-0.7244,-0.4845,0.8715,0.4885,-0.489,-0.7251,-0.4849,0.3006,1.7838,0.22297,0.10994,2.0896,1.0355,-0.11304,0.493,0,1,0,0.0,0.0,0.0,0.0,0.0,0.0,1,1,1,1,0.9991,5.0,4.0009,0.1998,2,2,2,0.9991,1.9634,1,1,0,0,0.5,0.2407,0.1829,0.1565,0.6755,0.6714,0.0737,0.6755,815.0,522.0,0.53,0.3392,1.5523,1.4701,-293.0,-0.1908,AMBIGUOUS,0
40,14,4,5,62.2848,55.9689,16.8277,59.9614,56.3701,14.759,3.1367,-2.3234,0.4012,-2.0687,2.1073,2.3234,-0.7407,0.1279,-0.6595,1.4298,0.907,0.22292,0.255,2.0891,2.4019,0.03208,1.1439,0,1,0,0.0,0.0,0.0,0.0,0.0,0.0,0,1,2,1,3.1367,4.5857,1.449,0.684,0,1,1,3.1367,1.8633,0,0,0,1,2.0,0.5694,0.5348,0.1953,0.2333,0.1636,0.1664,0.5694,908.0,970.0,0.4751,0.598,1.5432,1.6781,62.0,0.1229,AMBIGUOUS,0
40,52,4,5,62.2848,55.9689,16.8277,58.334,57.2846,18.7482,4.5857,-3.9508,1.3157,1.9206,2.328,3.9508,-0.8616,0.2869,0.4188,2.4313,0.5892,0.22292,0.20157,2.0891,1.8987,-0.02134,0.9043,0,1,0,0.0,0.0,0.0,0.0,0.0,0.0,0,1,2,2,3.1367,3.1367,-1.449,1.462,0,0,1,4.5857,0.4143,0,0,0,1,2.0,0.5694,0.5348,0.1953,0.1768,0.166,0.0608,0.5694,908.0,881.0,0.4751,0.3931,1.5432,1.4298,-27.0,-0.082,AMBIGUOUS,0
41,35,4,5,63.3212,62.6539,38.452,61.2049,62.9202,38.4323,2.1331,-2.1163,0.2663,-0.0197,0.2671,2.1163,-0.9921,0.1249,-0.0092,1.3024,0.1262,0.22258,0.22937,2.086,2.1606,0.00679,1.0305,0,1,0,0.0,0.0,0.0,0.0,0.0,0.0,1,1,1,1,2.1331,5.0,2.8669,0.4266,1,1,1,2.1331,2.8669,0,0,0,0,1.0,0.177,0.0538,0.1686,0.5706,0.5451,0.1686,0.5706,837.0,827.0,0.5084,0.5894,1.5599,1.657,-10.0,0.081,AMBIGUOUS,0
42,39,4,5,92.7168,67.6648,101.6787,87.8241,68.2866,101.2868,4.9476,-4.8927,0.6218,-0.3919,0.735,4.8927,-0.9889,0.1257,-0.0792,3.0109,0.1502,0.21859,0.22157,2.0486,2.0871,0.00298,1.0136,0,1,0,0.0,0.0,0.0,0.0,0.0,0.0,0,0,1,1,4.9476,5.0,0.0524,0.9895,0,0,1,4.9476,0.0524,0,0,0,0,1.0,0.2323,0.0918,0.2134,0.1545,0.0741,0.1356,0.2323,739.0,735.0,0.6284,0.6467,1.5792,1.674,-4.0,0.0183,AMBIGUOUS,0
43,27,4,5,62.4015,60.9886,32.7508,60.0626,61.1178,32.6577,2.3443,-2.3389,0.1292,-0.0931,0.1592,2.3389,-0.9977,0.0551,-0.0397,1.4393,0.0681,0.21828,0.23465,2.0457,2.2103,0.01637,1.075,0,1,0,0.0,0.0,0.0,0.0,0.0,0.0,1,1,1,1,2.3443,5.0,2.6557,0.4689,1,1,1,2.3443,2.6557,0,0,0,0,1.0,0.6718,0.6515,0.1636,0.2476,0.0624,0.2396,0.6718,935.0,893.0,0.4244,0.4863,1.4635,1.4477,-42.0,0.0619,AMBIGUOUS,0
45,47,4,5,86.1809,56.1164,39.9079,85.6546,56.8906,41.3218,1.6957,-0.5263,0.7742,1.4138,1.6119,0.5263,-0.3104,0.4566,0.8338,0.3239,3.0625,0.21379,0.2061,2.0036,1.9414,-0.00769,0.964,0,1,0,0.0,0.0,0.0,0.0,0.0,0.0,1,1,2,1,1.6957,4.5262,2.8306,0.3746,1,1,2,1.6957,2.6736,1,1,0,0,0.5,0.123,0.0559,0.1096,0.4847,0.4704,0.1168,0.4847,910.0,809.0,0.3933,0.5038,1.444,1.6102,-101.0,0.1105,AMBIGUOUS,0
45,77,4,5,86.1809,56.1164,39.9079,90.6857,56.3819,40.2595,4.5262,4.5047,0.2656,0.3516,0.4406,4.5047,0.9953,0.0587,0.0777,2.7721,0.0978,0.21379,0.17368,2.0036,1.636,-0.04011,0.8124,0,1,0,0.0,0.0,0.0,0.0,0.0,0.0,1,1,2,2,1.6957,1.6957,-2.8306,2.6693,1,2,3,2.2228,-2.3035,1,1,0,1,1.0,0.123,0.0559,0.1096,0.3286,0.3143,0.0959,0.3286,910.0,717.0,0.3933,0.4135,1.444,1.4514,-193.0,0.0203,AMBIGUOUS,0
46,33,4,5,89.507,61.7372,69.0229,85.1981,62.5649,67.7348,4.5728,-4.3089,0.8277,-1.2881,1.5311,4.3089,-0.9423,0.181,-0.2817,2.6516,0.3553,0.21331,0.23227,1.9991,2.1879,0.01896,1.0889,0,1,0,0.0,0.0,0.0,0.0,0.0,0.0,0,0,1,1,4.5728,5.0,0.4272,0.9146,0,0,1,4.5728,0.4272,0,1,0,1,1.0,0.1384,0.132,0.0416,0.7066,0.6981,0.1089,0.7066,828.0,886.0,0.4931,0.4666,1.5198,1.4644,58.0,-0.0265,AMBIGUOUS,0
47,29,4,5,46.397,66.1518,39.7956,44.1151,65.2622,35.9621,4.5491,-2.2819,-0.8896,-3.8335,3.9354,2.2819,-0.5016,-0.1956,-0.8427,1.4042,1.7246,0.21233,0.23412,1.9899,2.2053,0.02179,1.1026,0,1,0,0.0,0.0,0.0,0.0,0.0,0.0,0,0,2,1,4.5491,4.6128,0.0637,0.9862,1,1,2,2.7547,-1.7944,1,1,0,1,1.0,0.7313,0.728,0.069,0.3407,0.2401,0.2418,0.7313,938.0,922.0,0.4339,0.5168,1.4623,1.6101,-16.0,0.0828,AMBIGUOUS,0
47,143,4,5,46.397,66.1518,39.7956,50.7934,66.1468,41.1917,4.6128,4.3965,-0.005,1.3961,1.3961,4.3965,0.9531,-0.0011,0.3027,2.7055,0.3176,0.21233,0.05508,1.9899,0.5188,-0.15725,0.2594,0,1,0,0.0,0.0,0.0,0.0,0.0,0.0,0,0,2,2,4.5491,4.5491,-0.0637,1.014,0,0,1,4.6128,0.3872,1,1,0,0,0.5,0.7313,0.728,0.069,0.4539,0.4184,0.1759,0.7313,938.0,406.0,0.4339,0.2013,1.4623,1.2069,-532.0,-0.2326,AMBIGUOUS,0
48,141,4,5,40.0516,62.2235,19.3556,41.7396,62.992,18.674,1.976,1.688,0.7686,-0.6816,1.0273,1.688,0.8542,0.389,-0.3449,1.0387,0.6086,0.21194,0.06797,1.9862,0.6403,-0.14396,0.3207,0,1,0,0.0,0.0,0.0,0.0,0.0,0.0,1,2,2,1,1.976,3.5653,1.5894,0.5542,1,1,3,1.976,2.3551,0,1,0,0,0.5,0.5951,0.5734,0.1593,0.5112,0.5104,0.0269,0.5951,968.0,490.0,0.4263,0.1888,1.5067,1.2527,-478.0,-0.2375,AMBIGUOUS,0
48,66,4,5,40.0516,62.2235,19.3556,36.8618,61.8143,17.8164,3.5653,-3.1898,-0.4092,-1.5392,1.5926,3.1898,-0.8947,-0.1148,-0.4317,1.963,0.4993,0.21194,0.18893,1.9862,1.7796,-0.023,0.8915,0,1,0,0.0,0.0,0.0,0.0,0.0,0.0,1,2,2,2,1.976,1.976,-1.5894,1.8043,0,2,3,3.4962,-0.0691,0,1,0,2,1.5,0.5951,0.5734,0.1593,0.5206,0.5132,0.087,0.5951,968.0,896.0,0.4263,0.3136,1.5067,1.3718,-72.0,-0.1127,AMBIGUOUS,0
49,77,4,5,91.059,56.1232,42.4354,90.6857,56.3819,40.2595,2.2228,-0.3733,0.2587,-2.1759,2.1912,0.3733,-0.168,0.1164,-0.9789,0.2297,5.8693,0.21175,0.17368,1.9845,1.636,-0.03807,0.8202,0,1,0,0.0,0.0,0.0,0.0,0.0,0.0,1,1,1,1,2.2228,5.0,2.7772,0.4446,1,2,3,2.2228,1.3475,0,1,0,1,1.0,0.2038,0.059,0.1951,0.3286,0.3143,0.0959,0.3286,875.0,717.0,0.4267,0.4135,1.4793,1.4514,-158.0,-0.0132,AMBIGUOUS,0
50,72,4,5,18.8152,62.7572,13.2616,17.7164,63.6427,11.4596,2.2888,-1.0988,0.8855,-1.8021,2.0079,1.0988,-0.4801,0.3869,-0.7873,0.6762,1.8274,0.20816,0.17826,1.9508,1.6791,-0.0299,0.8564,0,1,0,0.0,0.0,0.0,0.0,0.0,0.0,1,1,2,1,2.2888,4.5177,2.2289,0.5066,2,2,3,2.2888,0.4931,0,2,0,2,1.0,0.7265,0.6848,0.2425,0.227,0.1586,0.1623,0.7265,913.0,871.0,0.4468,0.3037,1.5004,1.3322,-42.0,-0.1431,AMBIGUOUS,0
50,61,4,5,18.8152,62.7572,13.2616,14.3448,63.0996,12.7066,4.5177,-4.4704,0.3424,-0.5551,0.6522,4.4704,-0.9895,0.0758,-0.1229,2.751,0.1459,0.20816,0.19241,1.9508,1.8125,-0.01574,0.9244,0,1,0,0.0,0.0,0.0,0.0,0.0,0.0,1,1,2,2,2.2888,2.2888,-2.2289,1.9738,0,0,1,4.5177,0.4823,0,2,0,2,1.0,0.7265,0.6848,0.2425,0.3292,0.2802,0.1728,0.7265,913.0,911.0,0.4468,0.3841,1.5004,1.4299,-2.0,-0.0627,AMBIGUOUS,0
51,72,4,5,18.3733,62.8636,8.871,17.7164,63.6427,11.4596,2.782,-0.6569,0.7791,2.5886,2.7033,0.6569,-0.2361,0.28,0.9305,0.4043,4.1149,0.20625,0.17826,1.9329,1.6791,-0.02799,0.8643,0,1,0,0.0,0.0,0.0,0.0,0.0,0.0,1,1,3,1,2.782,4.7314,1.9494,0.588,2,2,3,2.2888,-0.4931,0,2,0,2,1.0,0.5136,0.4983,0.1244,0.227,0.1586,0.1623,0.5136,1013.0,871.0,0.453,0.3037,1.4617,1.3322,-142.0,-0.1493,AMBIGUOUS,0
51,151,4,5,18.3733,62.8636,8.871,16.8541,59.8178,5.5845,4.7314,-1.5193,-3.0457,-3.2865,4.4808,1.5193,-0.3211,-0.6437,-0.6946,0.9349,2.9493,0.20625,0.04024,1.9329,0.379,-0.16601,0.1951,0,1,0,0.0,0.0,0.0,0.0,0.0,0.0,1,1,3,2,2.782,2.782,-1.9494,1.7007,0,0,1,4.7314,0.2686,0,2,0,1,0.6667,0.5136,0.4983,0.1244,0.6208,0.6041,0.1429,0.6208,1013.0,507.0,0.453,0.0942,1.4617,1.1612,-506.0,-0.3588,AMBIGUOUS,0
51,55,4,5,18.3733,62.8636,8.871,13.6589,62.8013,9.3866,4.743,-4.7145,-0.0623,0.5156,0.5194,4.7145,-0.994,-0.0131,0.1087,2.9012,0.1102,0.20625,0.19863,1.9329,1.871,-0.00762,0.963,0,1,0,0.0,0.0,0.0,0.0,0.0,0.0,1,1,3,3,2.782,2.782,-1.961,1.7049,0,0,1,4.743,0.257,0,2,0,2,1.0,0.5136,0.4983,0.1244,0.6812,0.6589,0.1729,0.6812,1013.0,984.0,0.453,0.4402,1.4617,1.4357,-29.0,-0.0128,AMBIGUOUS,0
52,54,4,5,25.8145,59.1761,6.4529,21.7976,59.9137,5.4089,4.2154,-4.0169,0.7376,-1.0441,1.2783,4.0169,-0.9529,0.175,-0.2477,2.4719,0.3182,0.20488,0.2008,1.9201,1.8914,-0.00408,0.9801,0,1,0,0.0,0.0,0.0,0.0,0.0,0.0,0,0,1,1,4.2154,5.0,0.7846,0.8431,0,0,1,4.2154,0.7846,0,0,0,1,2.0,0.235,0.1855,0.1443,0.7118,0.6726,0.233,0.7118,803.0,851.0,0.4425,0.4339,1.415,1.4289,48.0,-0.0085,AMBIGUOUS,0
53,7,4,5,50.688,53.6259,2.6694,51.5106,55.8468,3.5619,2.5309,0.8225,2.2209,0.8924,2.3935,0.8225,0.325,0.8775,0.3526,0.5062,2.9098,0.2045,0.2663,1.9166,2.5084,0.0618,1.3022,0,1,0,0.0,0.0,0.0,0.0,0.0,0.0,1,2,2,1,2.5309,3.4686,0.9377,0.7297,1,1,2,2.5309,2.0547,0,0,0,0,1.0,0.3583,0.313,0.1743,0.5336,0.4894,0.2126,0.5336,1005.0,951.0,0.3744,0.608,1.6263,1.8313,-54.0,0.2336,AMBIGUOUS,0
53,51,4,5,50.688,53.6259,2.6694,47.2454,53.3504,2.3476,3.4686,-3.4426,-0.2755,-0.3218,0.4237,3.4426,-0.9925,-0.0794,-0.0928,2.1185,0.1231,0.2045,0.20235,1.9166,1.9061,-0.00215,0.9895,0,1,0,0.0,0.0,0.0,0.0,0.0,0.0,1,2,2,2,2.5309,2.5309,-0.9377,1.3705,0,1,1,3.4686,1.5314,0,0,0,0,1.0,0.3583,0.313,0.1743,0.1998,0.1204,0.1594,0.3583,1005.0,1004.0,0.3744,0.4341,1.6263,1.6791,-1.0,0.0598,AMBIGUOUS,0
54,36,4,5,31.1568,68.8271,41.6295,26.9783,68.276,40.1188,4.4773,-4.1785,-0.5511,-1.5107,1.6081,4.1785,-0.9333,-0.1231,-0.3374,2.5714,0.3848,0.20367,0.22509,1.9087,2.1202,0.02142,1.1052,0,1,0,0.0,0.0,0.0,0.0,0.0,0.0,0,0,1,1,4.4773,5.0,0.5227,0.8955,1,1,2,1.1426,-3.3347,0,1,0,1,1.0,0.3814,0.2818,0.257,0.6549,0.6467,0.1033,0.6549,979.0,960.0,0.4019,0.4904,1.5025,1.5787,-19.0,0.0885,AMBIGUOUS,0
55,81,4,5,18.9833,68.2664,36.8696,16.5278,67.7205,35.7122,2.7689,-2.4555,-0.5459,-1.1574,1.2797,2.4555,-0.8868,-0.1971,-0.418,1.5111,0.5211,0.20355,0.16731,1.9076,1.576,-0.03624,0.822,0,1,0,0.0,0.0,0.0,0.0,0.0,0.0,1,1,1,1,2.7689,5.0,2.2311,0.5538,1,1,2,2.7689,1.8124,0,1,0,0,0.5,0.5263,0.5167,0.1005,0.3063,0.2778,0.1289,0.5263,933.0,820.0,0.4067,0.343,1.4199,1.3311,-113.0,-0.0637,AMBIGUOUS,0
56,58,4,5,57.2385,66.9447,64.3996,53.205,67.027,62.8449,4.3235,-4.0335,0.0824,-1.5547,1.5569,4.0335,-0.9329,0.019,-0.3596,2.4821,0.386,0.20202,0.19466,1.8933,1.8336,-0.00736,0.9636,0,1,0,0.0,0.0,0.0,0.0,0.0,0.0,0,0,1,1,4.3235,5.0,0.6765,0.8647,0,0,1,4.3235,0.6765,0,2,0,1,0.6667,0.4211,0.3635,0.2126,0.4379,0.42,0.1239,0.4379,734.0,752.0,0.5055,0.4661,1.5367,1.4748,18.0,-0.0394,AMBIGUOUS,0
57,75,4,5,3.6651,67.5114,29.7979,1.2386,68.1397,29.3771,2.5416,-2.4265,0.6283,-0.4208,0.7562,2.4265,-0.9547,0.2472,-0.1656,1.4932,0.3116,0.20033,0.17525,1.8774,1.6508,-0.02508,0.8748,0,1,0,0.0,0.0,0.0,0.0,0.0,0.0,1,2,3,1,2.5416,3.2575,0.7159,0.7802,1,1,1,2.5416,2.4584,0,2,0,2,1.0,0.4448,0.4151,0.1598,0.4215,0.3864,0.1683,0.4448,966.0,937.0,0.4197,0.3709,1.4102,1.3541,-29.0,-0.0487,AMBIGUOUS,0
57,107,4,5,3.6651,67.5114,29.7979,2.538,68.8034,32.5677,3.2575,-1.1271,1.292,2.7698,3.0563,1.1271,-0.346,0.3966,0.8503,0.6936,2.7116,0.20033,0.13384,1.8774,1.2607,-0.06649,0.6681,0,1,0,0.0,0.0,0.0,0.0,0.0,0.0,1,2,3,2,2.5416,2.5416,-0.7159,1.2817,1,3,3,2.7523,-0.5052,0,2,1,3,1.3333,0.4448,0.4151,0.1598,0.7302,0.712,0.162,0.7302,966.0,880.0,0.4197,0.214,1.4102,1.236,-86.0,-0.2056,AMBIGUOUS,0
57,90,4,5,3.6651,67.5114,29.7979,1.1461,65.5948,33.1191,4.588,-2.519,-1.9166,3.3212,3.8346,2.519,-0.549,-0.4178,0.7239,1.5502,1.5223,0.20033,0.15847,1.8774,1.4927,-0.04186,0.7911,0,1,0,0.0,0.0,0.0,0.0,0.0,0.0,1,2,3,3,2.5416,2.5416,-2.0463,1.8051,0,1,2,3.6459,-0.9421,0,2,0,2,1.0,0.4448,0.4151,0.1598,0.5498,0.4789,0.2701,0.5498,966.0,897.0,0.4197,0.3483,1.4102,1.4322,-69.0,-0.0714,AMBIGUOUS,0
58,34,4,5,53.6423,59.3906,15.4538,50.397,59.0359,13.0573,4.0498,-3.2452,-0.3546,-2.3965,2.4226,3.2452,-0.8013,-0.0876,-0.5918,1.9971,0.7465,0.19668,0.23062,1.8433,2.1723,0.03394,1.1726,1,2,1,-2.1715,0.2192,-1.3725,2.5782,1.5909,0.0175,0,0,1,1,4.0498,5.0,0.9502,0.81,0,1,3,3.6353,-0.4145,0,1,0,1,1.0,0.0816,0.0173,0.0797,0.1435,0.022,0.1418,0.1435,827.0,884.0,0.4169,0.4754,1.4302,1.4734,57.0,0.0585,AMBIGUOUS,0
59,69,4,5,21.5989,65.2282,25.6853,19.7943,65.8281,25.863,1.91,-1.8046,0.5999,0.1777,0.6257,1.8046,-0.9448,0.3141,0.093,1.1105,0.3467,0.19606,0.18469,1.8374,1.7397,-0.01137,0.942,0,1,0,0.0,0.0,0.0,0.0,0.0,0.0,1,1,3,1,1.91,4.1562,2.2463,0.4595,1,1,2,1.91,2.1394,1,1,0,0,0.5,0.5144,0.4739,0.2002,0.325,0.2943,0.1379,0.5144,941.0,936.0,0.3607,0.3557,1.433,1.3902,-5.0,-0.005,AMBIGUOUS,0
59,100,4,5,21.5989,65.2282,25.6853,25.6441,65.7346,24.877,4.1562,4.0453,0.5064,-0.8083,0.9538,4.0453,0.9733,0.1218,-0.1945,2.4894,0.2358,0.19606,0.13924,1.8374,1.3116,-0.05682,0.7102,0,1,0,0.0,0.0,0.0,0.0,0.0,0.0,1,1,3,2,1.91,1.91,-2.2463,2.1761,1,2,4,2.4732,-1.683,1,1,0,0,0.5,0.5144,0.4739,0.2002,0.3767,0.3559,0.1235,0.5144,941.0,722.0,0.3607,0.2917,1.433,1.3853,-219.0,-0.069,AMBIGUOUS,0
59,67,4,5,21.5989,65.2282,25.6853,21.2052,63.8002,21.2939,4.6345,-0.3936,-1.428,-4.3914,4.6178,0.3936,-0.0849,-0.3081,-0.9475,0.2422,11.7311,0.19606,0.18759,1.8374,1.767,-0.00847,0.9568,0,1,0,0.0,0.0,0.0,0.0,0.0,0.0,1,1,3,3,1.91,1.91,-2.7246,2.4265,0,0,2,4.2018,-0.4327,1,1,0,0,0.5,0.5144,0.4739,0.2002,0.1879,0.0802,0.1699,0.5144,941.0,918.0,0.3607,0.3622,1.433,1.3369,-23.0,0.0015,AMBIGUOUS,0
61,45,4,5,36.1064,59.5456,15.2657,37.3785,59.9937,14.0275,1.8309,1.2721,0.4481,-1.2382,1.3168,1.2721,0.6948,0.2447,-0.6763,0.7828,1.0351,0.19469,0.2094,1.8246,1.9724,0.0147,1.0755,0,1,0,0.0,0.0,0.0,0.0,0.0,0.0,1,2,4,1,1.8309,3.4962,1.6654,0.5237,1,1,2,1.8309,2.7537,0,0,0,1,2.0,0.4319,0.3564,0.2439,0.232,0.0035,0.232,0.4319,1023.0,1017.0,0.4082,0.4337,1.4252,1.5418,-6.0,0.0255,AMBIGUOUS,0
61,66,4,5,36.1064,59.5456,15.2657,36.8618,61.8143,17.8164,3.4962,0.7554,2.2687,2.5507,3.4137,0.7554,0.2161,0.6489,0.7295,0.4648,4.5192,0.19469,0.18893,1.8246,1.7796,-0.00576,0.9704,0,1,0,0.0,0.0,0.0,0.0,0.0,0.0,1,2,4,2,1.8309,1.8309,-1.6654,1.9096,0,2,3,3.4962,0.0691,0,0,0,2,3.0,0.4319,0.3564,0.2439,0.5206,0.5132,0.087,0.5206,1023.0,896.0,0.4082,0.3136,1.4252,1.3718,-127.0,-0.0946,AMBIGUOUS,0
61,65,4,5,36.1064,59.5456,15.2657,31.3302,60.2005,14.9289,4.8326,-4.7762,0.6549,-0.3368,0.7364,4.7762,-0.9883,0.1355,-0.0697,2.9392,0.1542,0.19469,0.18985,1.8246,1.7883,-0.00485,0.9751,0,1,0,0.0,0.0,0.0,0.0,0.0,0.0,1,2,4,3,1.8309,1.8309,-3.0018,2.6396,0,0,1,4.8326,0.1674,0,0,0,1,2.0,0.4319,0.3564,0.2439,0.4726,0.4552,0.1272,0.4726,1023.0,940.0,0.4082,0.351,1.4252,1.4196,-83.0,-0.0572,AMBIGUOUS,0
61,89,4,5,36.1064,59.5456,15.2657,32.5878,61.9345,17.7,4.9003,-3.5186,2.389,2.4343,3.4107,3.5186,-0.718,0.4875,0.4968,2.1653,0.9693,0.19469,0.15867,1.8246,1.4946,-0.03603,0.815,0,1,0,0.0,0.0,0.0,0.0,0.0,0.0,1,2,4,4,1.8309,1.8309,-3.0695,2.6765,0,0,2,4.2951,-0.6053,0,0,0,2,3.0,0.4319,0.3564,0.2439,0.269,0.0878,0.2543,0.4319,1023.0,853.0,0.4082,0.2664,1.4252,1.3397,-170.0,-0.1418,AMBIGUOUS,0
62,64,4,5,9.9785,63.8229,16.7318,5.609,63.826,16.7618,4.3696,-4.3695,0.0031,0.03,0.0302,4.3695,-1.0,0.0007,0.0069,2.6889,0.0069,0.19454,0.1909,1.8232,1.7982,-0.00364,0.9813,0,1,0,0.0,0.0,0.0,0.0,0.0,0.0,0,0,2,1,4.3696,4.9609,0.5913,0.8808,1,1,2,2.1426,-2.227,0,1,0,0,0.5,0.2442,0.2285,0.0862,0.7429,0.734,0.1146,0.7429,893.0,979.0,0.3917,0.3998,1.4204,1.4303,86.0,0.0081,AMBIGUOUS,0
62,91,4,5,9.9785,63.8229,16.7318,9.5356,66.7897,20.683,4.9609,-0.4428,2.9667,3.9513,4.9411,0.4428,-0.0893,0.598,0.7965,0.2725,11.1576,0.19454,0.15605,1.8232,1.4699,-0.03849,0.8021,0,1,0,0.0,0.0,0.0,0.0,0.0,0.0,0,0,2,2,4.3696,4.3696,-0.5913,1.1353,1,1,3,2.6277,-2.3332,0,1,0,0,0.5,0.2442,0.2285,0.0862,0.2726,0.2144,0.1685,0.2726,893.0,777.0,0.3917,0.3081,1.4204,1.3468,-116.0,-0.0835,AMBIGUOUS,0
64,36,4,5,28.0636,67.944,39.9869,26.9783,68.276,40.1188,1.1426,-1.0853,0.332,0.1319,0.3572,1.0853,-0.9499,0.2906,0.1154,0.6679,0.3292,0.19316,0.22509,1.8103,2.1202,0.03192,1.1653,0,1,0,0.0,0.0,0.0,0.0,0.0,0.0,1,2,3,1,1.1426,3.099,1.9565,0.3687,1,1,2,1.1426,3.3347,0,2,0,1,0.6667,0.4825,0.4386,0.2011,0.6549,0.6467,0.1033,0.6549,890.0,960.0,0.3263,0.4904,1.4289,1.5787,70.0,0.1642,AMBIGUOUS,0
64,60,4,5,28.0636,67.944,39.9869,29.2012,66.9486,37.2815,3.099,1.1377,-0.9954,-2.7053,2.8827,1.1377,0.3671,-0.3212,-0.873,0.7001,2.5338,0.19316,0.1928,1.8103,1.8161,-0.00036,0.9981,0,1,0,0.0,0.0,0.0,0.0,0.0,0.0,1,2,3,2,1.1426,1.1426,-1.9565,2.7124,1,2,2,2.1778,-0.9213,0,2,1,2,1.0,0.4825,0.4386,0.2011,0.134,0.0488,0.1248,0.4825,890.0,941.0,0.3263,0.3228,1.4289,1.3837,51.0,-0.0035,AMBIGUOUS,0
64,59,4,5,28.0636,67.944,39.9869,27.904,66.553,35.3829,4.8121,-0.1596,-1.391,-4.604,4.8095,0.1596,-0.0332,-0.2891,-0.9567,0.0982,30.143,0.19316,0.19297,1.8103,1.8177,-0.0002,0.999,0,1,0,0.0,0.0,0.0,0.0,0.0,0.0,1,2,3,3,1.1426,1.1426,-3.6696,4.2117,0,1,2,3.5878,-1.2243,0,2,1,1,0.6667,0.4825,0.4386,0.2011,0.2908,0.279,0.0819,0.4825,890.0,892.0,0.3263,0.3616,1.4289,1.4388,2.0,0.0353,AMBIGUOUS,0
65,79,4,5,41.4973,70.8342,62.2704,39.101,70.7298,62.5433,2.414,-2.3962,-0.1044,0.2729,0.2922,2.3962,-0.9926,-0.0433,0.113,1.4746,0.1219,0.19295,0.17317,1.8083,1.6312,-0.01978,0.8975,0,1,0,0.0,0.0,0.0,0.0,0.0,0.0,1,2,3,1,2.414,3.9562,1.5422,0.6102,1,1,2,2.414,1.8387,0,3,1,4,1.25,0.7753,0.7527,0.1859,0.1112,0.101,0.0465,0.7753,909.0,859.0,0.3923,0.3314,1.4078,1.3621,-50.0,-0.061,AMBIGUOUS,0
65,94,4,5,41.4973,70.8342,62.2704,41.9548,71.6042,66.1239,3.9562,0.4575,0.77,3.8535,3.9297,0.4575,0.1156,0.1946,0.974,0.2815,8.5891,0.19295,0.15013,1.8083,1.4141,-0.04282,0.7781,0,1,0,0.0,0.0,0.0,0.0,0.0,0.0,1,2,3,2,2.414,2.414,-1.5422,1.6389,2,4,5,1.8713,-2.0849,0,3,0,2,0.75,0.7753,0.7527,0.1859,0.3271,0.2952,0.1409,0.7753,909.0,760.0,0.3923,0.2823,1.4078,1.3571,-149.0,-0.11,AMBIGUOUS,0
65,73,4,5,41.4973,70.8342,62.2704,37.7437,68.98,63.4992,4.3632,-3.7536,-1.8543,1.2288,2.2245,3.7536,-0.8603,-0.425,0.2816,2.3099,0.5926,0.19295,0.17809,1.8083,1.6775,-0.01486,0.923,0,1,0,0.0,0.0,0.0,0.0,0.0,0.0,1,2,3,3,2.414,2.414,-1.9492,1.8075,0,0,2,4.3632,0.0215,0,3,1,2,0.75,0.7753,0.7527,0.1859,0.3977,0.3687,0.1492,0.7753,909.0,936.0,0.3923,0.3306,1.4078,1.3224,27.0,-0.0618,AMBIGUOUS,0
68,108,4,5,71.962,58.6501,56.7033,68.2601,59.1306,55.4479,3.9384,-3.7019,0.4805,-1.2554,1.3442,3.7019,-0.94,0.122,-0.3188,2.2781,0.3631,0.18721,0.13214,1.7545,1.2447,-0.05507,0.7058,0,1,0,0.0,0.0,0.0,0.0,0.0,0.0,0,1,1,1,3.9384,5.0,1.0616,0.7877,0,1,1,3.9384,1.0616,0,0,0,0,1.0,0.5152,0.462,0.228,0.269,0.0101,0.2689,0.5152,643.0,553.0,0.7003,0.4948,1.6336,1.4606,-90.0,-0.2055,AMBIGUOUS,0
69,107,4,5,4.4841,66.7777,33.9857,2.538,68.8034,32.5677,3.1467,-1.9461,2.0257,-1.418,2.4727,1.9461,-0.6185,0.6438,-0.4506,1.1976,1.2706,0.18688,0.13384,1.7514,1.2607,-0.05304,0.7162,1,2,1,-2.3722,0.5603,1.2213,2.7263,3.0487,0.5314,0,2,3,1,3.1467,3.6459,0.4992,0.8631,1,3,3,2.7523,-0.3944,0,2,1,3,1.3333,0.4422,0.3909,0.2067,0.7302,0.712,0.162,0.7302,925.0,880.0,0.384,0.214,1.4345,1.236,-45.0,-0.17,AMBIGUOUS,0
69,90,4,5,4.4841,66.7777,33.9857,1.1461,65.5948,33.1191,3.6459,-3.338,-1.183,-0.8665,1.4664,3.338,-0.9156,-0.3245,-0.2377,2.0541,0.4393,0.18688,0.15847,1.7514,1.4927,-0.0284,0.848,1,2,1,-2.3722,0.5603,1.2213,2.7263,2.8863,0.3765,0,2,3,2,3.1467,3.1467,-0.4992,1.1587,0,1,2,3.6459,0.9421,0,2,0,2,1.0,0.4422,0.3909,0.2067,0.5498,0.4789,0.2701,0.5498,925.0,897.0,0.384,0.3483,1.4345,1.4322,-28.0,-0.0357,AMBIGUOUS,0
69,99,4,5,4.4841,66.7777,33.9857,2.9519,70.5617,33.9045,4.0832,-1.5322,3.784,-0.0812,3.7848,1.5322,-0.3752,0.9267,-0.0199,0.9429,2.4702,0.18688,0.13952,1.7514,1.3142,-0.04736,0.7466,1,2,1,-2.3722,0.5603,1.2213,2.7263,3.5769,0.492,0,2,3,3,3.1467,3.1467,-0.9365,1.2976,1,1,3,2.2097,-1.8735,0,2,1,1,0.6667,0.4422,0.3909,0.2067,0.3731,0.2981,0.2244,0.4422,925.0,710.0,0.384,0.2899,1.4345,1.3431,-215.0,-0.0942,AMBIGUOUS,0
70,60,4,5,31.2652,66.7147,36.6273,29.2012,66.9486,37.2815,2.1778,-2.064,0.2338,0.6542,0.6948,2.064,-0.9477,0.1074,0.3004,1.2701,0.3366,0.18658,0.1928,1.7486,1.8161,0.00622,1.0334,0,1,0,0.0,0.0,0.0,0.0,0.0,0.0,1,2,2,1,2.1778,3.5878,1.41,0.607,1,2,2,2.1778,0.9213,0,1,1,2,1.5,0.4056,0.3902,0.1107,0.134,0.0488,0.1248,0.4056,875.0,941.0,0.3397,0.3228,1.3781,1.3837,66.0,-0.0169,AMBIGUOUS,0
70,59,4,5,31.2652,66.7147,36.6273,27.904,66.553,35.3829,3.5878,-3.3612,-0.1617,-1.2444,1.2548,3.3612,-0.9368,-0.0451,-0.3468,2.0684,0.3733,0.18658,0.19297,1.7486,1.8177,0.00639,1.0342,0,1,0,0.0,0.0,0.0,0.0,0.0,0.0,1,2,2,2,2.1778,2.1778,-1.41,1.6475,0,1,2,3.5878,1.2243,0,1,1,1,1.0,0.4056,0.3902,0.1107,0.2908,0.279,0.0819,0.4056,875.0,892.0,0.3397,0.3616,1.3781,1.4388,17.0,0.0219,AMBIGUOUS,0
71,100,4,5,25.2637,63.2011,22.2021,25.6441,65.7346,24.877,3.7039,0.3804,2.5335,2.675,3.6843,0.3804,0.1027,0.684,0.7222,0.2341,9.6845,0.18655,0.13924,1.7483,1.3116,-0.04731,0.7464,0,1,0,0.0,0.0,0.0,0.0,0.0,0.0,0,1,2,1,3.7039,4.2018,0.4979,0.8815,1,2,4,2.4732,-1.2306,0,0,0,0,1.0,0.7697,0.7363,0.2243,0.3767,0.3559,0.1235,0.7697,902.0,722.0,0.345,0.2917,1.3303,1.3853,-180.0,-0.0533,AMBIGUOUS,0
71,67,4,5,25.2637,63.2011,22.2021,21.2052,63.8002,21.2939,4.2018,-4.0585,0.5991,-0.9082,1.088,4.0585,-0.9659,0.1426,-0.2161,2.4975,0.2681,0.18655,0.18759,1.7483,1.767,0.00105,1.0056,0,1,0,0.0,0.0,0.0,0.0,0.0,0.0,0,1,2,2,3.7039,3.7039,-0.4979,1.1344,0,0,2,4.2018,0.4327,0,0,0,0,1.0,0.7697,0.7363,0.2243,0.1879,0.0802,0.1699,0.7697,902.0,918.0,0.345,0.3622,1.3303,1.3369,16.0,0.0172,AMBIGUOUS,0
72,132,4,5,8.2286,72.8018,99.6396,5.6282,72.358,99.2472,2.667,-2.6004,-0.4438,-0.3925,0.5924,2.6004,-0.975,-0.1664,-0.1472,1.6002,0.2278,0.18481,0.09998,1.732,0.9418,-0.08483,0.541,0,1,0,0.0,0.0,0.0,0.0,0.0,0.0,1,1,1,1,2.667,5.0,2.333,0.5334,1,1,1,2.667,2.333,0,0,0,0,1.0,0.1714,0.1036,0.1365,0.7644,0.7532,0.1304,0.7644,836.0,595.0,0.3481,0.2487,1.341,1.2547,-241.0,-0.0995,AMBIGUOUS,0
73,48,4,5,58.0571,65.3491,53.8402,53.5319,65.7583,52.1019,4.8648,-4.5252,0.4092,-1.7382,1.7858,4.5252,-0.9302,0.0841,-0.3573,2.7847,0.3946,0.18428,0.2061,1.727,1.9414,0.02183,1.1184,0,1,0,0.0,0.0,0.0,0.0,0.0,0.0,0,0,1,1,4.8648,5.0,0.1352,0.973,0,0,1,4.8648,0.1352,0,0,0,0,1.0,0.4857,0.4429,0.1994,0.1483,0.0931,0.1154,0.4857,595.0,644.0,0.6922,0.6791,1.6974,1.6771,49.0,-0.0131,AMBIGUOUS,0
74,100,4,5,23.7907,65.7846,26.5139,25.6441,65.7346,24.877,2.4732,1.8534,-0.05,-1.6368,1.6376,1.8534,0.7494,-0.0202,-0.6618,1.1406,0.8836,0.18284,0.13924,1.7135,1.3116,-0.0436,0.7615,0,1,0,0.0,0.0,0.0,0.0,0.0,0.0,1,1,2,1,2.4732,4.0493,1.5761,0.6108,1,2,4,2.4732,1.2306,1,1,0,0,0.5,0.5948,0.5843,0.1112,0.3767,0.3559,0.1235,0.5948,924.0,722.0,0.3465,0.2917,1.3925,1.3853,-202.0,-0.0547,AMBIGUOUS,0
74,69,4,5,23.7907,65.7846,26.5139,19.7943,65.8281,25.863,4.0493,-3.9964,0.0436,-0.6509,0.6524,3.9964,-0.9869,0.0108,-0.1607,2.4593,0.1632,0.18284,0.18469,1.7135,1.7397,0.00186,1.0102,0,1,0,0.0,0.0,0.0,0.0,0.0,0.0,1,1,2,2,2.4732,2.4732,-1.5761,1.6373,1,1,2,1.91,-2.1394,1,1,0,0,0.5,0.5948,0.5843,0.1112,0.325,0.2943,0.1379,0.5948,924.0,936.0,0.3465,0.3557,1.3925,1.3902,12.0,0.0093,AMBIGUOUS,0
75,111,4,5,86.7714,65.9882,93.2334,85.9684,66.2713,92.357,1.2219,-0.8031,0.283,-0.8764,0.921,0.8031,-0.6572,0.2316,-0.7172,0.4942,1.1468,0.18186,0.12977,1.7044,1.2224,-0.05209,0.7136,1,2,1,-1.5313,0.4922,-0.5728,1.7074,0.8162,0.1032,1,1,1,1,1.2219,5.0,3.7781,0.2444,2,2,2,1.2219,1.645,0,1,0,1,1.0,0.6997,0.6464,0.2679,0.2154,0.1566,0.1479,0.6997,831.0,676.0,0.361,0.3122,1.3653,1.3401,-155.0,-0.0488,AMBIGUOUS,0
76,81,4,5,19.1018,65.6759,32.5212,16.5278,67.7205,35.7122,4.5813,-2.574,2.0446,3.191,3.7899,2.574,-0.5618,0.4463,0.6965,1.584,1.4724,0.17879,0.16731,1.6755,1.576,-0.01147,0.9358,0,1,0,0.0,0.0,0.0,0.0,0.0,0.0,0,0,2,1,4.5813,4.7911,0.2098,0.9562,1,1,2,2.7689,-1.8124,0,0,0,0,1.0,0.4215,0.3982,0.1382,0.3063,0.2778,0.1289,0.4215,758.0,820.0,0.3994,0.343,1.49,1.3311,62.0,-0.0564,AMBIGUOUS,0
76,92,4,5,19.1018,65.6759,32.5212,14.4201,65.1234,31.6664,4.7911,-4.6818,-0.5525,-0.8548,1.0178,4.6818,-0.9772,-0.1153,-0.1784,2.8811,0.2174,0.17879,0.15529,1.6755,1.4628,-0.02349,0.8686,0,1,0,0.0,0.0,0.0,0.0,0.0,0.0,0,0,2,2,4.5813,4.5813,-0.2098,1.0458,0,0,1,4.7911,0.2089,0,0,0,0,1.0,0.4215,0.3982,0.1382,0.2401,0.2049,0.1252,0.4215,758.0,746.0,0.3994,0.3675,1.49,1.428,-12.0,-0.0318,AMBIGUOUS,0
77,99,4,5,4.9048,70.154,32.9543,2.9519,70.5617,33.9045,2.2097,-1.9529,0.4077,0.9502,1.034,1.9529,-0.8838,0.1845,0.43,1.2018,0.5295,0.17539,0.13952,1.6437,1.3142,-0.03587,0.7955,0,1,0,0.0,0.0,0.0,0.0,0.0,0.0,2,2,2,1,2.2097,2.7523,0.5426,0.8029,1,1,3,2.2097,1.8735,1,3,1,1,0.5,0.1392,0.0298,0.136,0.3731,0.2981,0.2244,0.3731,844.0,710.0,0.355,0.2899,1.404,1.3431,-134.0,-0.0651,AMBIGUOUS,0
77,107,4,5,4.9048,70.154,32.9543,2.538,68.8034,32.5677,2.7523,-2.3668,-1.3506,-0.3866,1.4048,2.3668,-0.8599,-0.4907,-0.1405,1.4565,0.5936,0.17539,0.13384,1.6437,1.2607,-0.04155,0.7631,0,1,0,0.0,0.0,0.0,0.0,0.0,0.0,2,2,2,2,2.2097,2.2097,-0.5426,1.2455,1,3,3,2.7523,0.3944,1,3,1,3,1.0,0.1392,0.0298,0.136,0.7302,0.712,0.162,0.7302,844.0,880.0,0.355,0.214,1.404,1.236,36.0,-0.141,AMBIGUOUS,0
78,50,4,5,33.9794,68.0332,52.6922,29.751,67.5694,50.4983,4.7862,-4.2284,-0.4639,-2.1939,2.2424,4.2284,-0.8835,-0.0969,-0.4584,2.6021,0.5303,0.17435,0.20347,1.6339,1.9166,0.02913,1.1671,0,1,0,0.0,0.0,0.0,0.0,0.0,0.0,0,0,1,1,4.7862,5.0,0.2138,0.9572,0,0,1,4.7862,0.2138,0,2,0,0,0.3333,0.2675,0.1456,0.2245,0.5326,0.501,0.1805,0.5326,792.0,928.0,0.383,0.3905,1.388,1.3744,136.0,0.0074,AMBIGUOUS,0
79,37,4,5,93.4577,66.2577,94.0071,90.7264,67.2165,97.0486,4.1988,-2.7313,0.9588,3.0415,3.1891,2.7313,-0.6505,0.2283,0.7244,1.6808,1.1676,0.17367,0.22463,1.6276,2.1159,0.05095,1.2934,0,1,0,0.0,0.0,0.0,0.0,0.0,0.0,0,0,1,1,4.1988,5.0,0.8012,0.8398,0,0,2,4.1988,0.6288,0,1,0,0,0.5,0.8099,0.7923,0.1679,0.3335,0.2736,0.1907,0.8099,679.0,844.0,0.5135,0.5203,1.5919,1.5007,165.0,0.0068,AMBIGUOUS,0
80,70,4,5,77.4905,46.8871,12.3831,74.1018,47.6721,13.0703,3.5456,-3.3887,0.785,0.6872,1.0433,3.3887,-0.9557,0.2214,0.1938,2.0853,0.3079,0.17024,0.18393,1.5955,1.7325,0.01369,1.0804,0,1,0,0.0,0.0,0.0,0.0,0.0,0.0,0,1,1,1,3.5456,5.0,1.4544,0.7091,0,1,1,3.5456,1.4544,0,0,0,0,1.0,0.5712,0.5095,0.2581,0.6671,0.6482,0.1574,0.6671,603.0,642.0,0.6166,0.6283,1.6797,1.535,39.0,0.0117,AMBIGUOUS,0
82,62,4,5,14.7828,71.5496,46.5998,11.1513,71.3049,45.9981,3.6892,-3.6316,-0.2447,-0.6017,0.6496,3.6316,-0.9844,-0.0663,-0.1631,2.2348,0.1789,0.16602,0.19171,1.5559,1.8058,0.02569,1.1547,0,1,0,0.0,0.0,0.0,0.0,0.0,0.0,0,1,1,1,3.6892,5.0,1.3108,0.7378,0,1,1,3.6892,1.3108,0,0,0,0,1.0,0.2038,0.1578,0.1289,0.3108,0.2237,0.2157,0.3108,742.0,834.0,0.376,0.386,1.379,1.3753,92.0,0.0101,AMBIGUOUS,0
83,49,4,5,7.8239,69.4758,53.1818,3.0931,69.3008,52.8007,4.7493,-4.7307,-0.175,-0.3811,0.4194,4.7307,-0.9961,-0.0369,-0.0802,2.9112,0.0886,0.16557,0.20603,1.5517,1.9407,0.04046,1.2443,0,1,0,0.0,0.0,0.0,0.0,0.0,0.0,0,0,1,1,4.7493,5.0,0.2507,0.9499,0,0,1,4.7493,0.2507,0,0,0,0,1.0,0.3035,0.3011,0.0376,0.2301,0.1569,0.1684,0.3035,787.0,946.0,0.3557,0.3959,1.3469,1.3935,159.0,0.0401,AMBIGUOUS,0
84,85,4,5,8.1544,72.5697,80.0926,4.6213,73.1096,80.7885,3.6413,-3.5332,0.5399,0.6959,0.8808,3.5332,-0.9703,0.1483,0.1911,2.1742,0.2493,0.16426,0.16211,1.5394,1.527,-0.00214,0.9869,1,2,1,-1.7989,0.0664,-1.6718,2.4567,2.9729,0.4156,0,1,1,1,3.6413,5.0,1.3587,0.7283,2,3,3,1.7796,-1.8617,1,2,0,1,0.6667,0.1638,0.0294,0.1611,0.2601,0.2537,0.0573,0.2601,942.0,919.0,0.3106,0.2594,1.3354,1.336,-23.0,-0.0512,AMBIGUOUS,0
86,85,4,5,4.49,74.7136,78.894,4.6213,73.1096,80.7885,2.4858,0.1313,-1.604,1.8945,2.4823,0.1313,0.0528,-0.6453,0.7621,0.0808,18.9091,0.1636,0.16211,1.5332,1.527,-0.00148,0.9909,1,5,1,-0.1685,0.6201,1.1883,1.3509,2.3527,0.6324,2,2,2,1,2.4858,2.5485,0.0627,0.9754,2,3,3,1.7796,-0.7062,0,2,0,1,0.6667,0.3952,0.385,0.0893,0.2601,0.2537,0.0573,0.3952,905.0,919.0,0.2997,0.2594,1.3431,1.336,14.0,-0.0403,AMBIGUOUS,0
86,78,4,5,4.49,74.7136,78.894,2.0954,74.4731,78.0556,2.5485,-2.3946,-0.2406,-0.8384,0.8722,2.3946,-0.9396,-0.0944,-0.329,1.4736,0.3643,0.1636,0.17343,1.5332,1.6336,0.00983,1.0601,1,5,1,-0.1685,0.6201,1.1883,1.3509,3.1311,1.2155,2,2,2,2,2.4858,2.4858,-0.0627,1.0252,1,2,2,2.5485,0.7176,0,2,0,1,0.6667,0.3952,0.385,0.0893,0.491,0.4704,0.1408,0.491,905.0,930.0,0.2997,0.3067,1.3431,1.3533,25.0,0.007,AMBIGUOUS,0
87,105,4,5,50.8035,58.9295,16.6682,47.8245,59.3717,16.763,3.0132,-2.9791,0.4423,0.0947,0.4523,2.9791,-0.9887,0.1468,0.0314,1.8333,0.1518,0.16231,0.13795,1.5212,1.2995,-0.02436,0.8499,0,1,0,0.0,0.0,0.0,0.0,0.0,0.0,0,2,2,1,3.0132,3.6353,0.6221,0.8289,0,2,3,3.0132,0.2144,0,1,0,1,1.0,0.4293,0.4285,0.0261,0.71,0.6995,0.1221,0.71,779.0,665.0,0.337,0.3258,1.3458,1.3677,-114.0,-0.0111,AMBIGUOUS,0
87,34,4,5,50.8035,58.9295,16.6682,50.397,59.0359,13.0573,3.6353,-0.4065,0.1065,-3.6109,3.6125,0.4065,-0.1118,0.0293,-0.9933,0.2502,8.8867,0.16231,0.23062,1.5212,2.1723,0.06831,1.4208,0,1,0,0.0,0.0,0.0,0.0,0.0,0.0,0,2,2,2,3.0132,3.0132,-0.6221,1.2064,0,1,3,3.6353,0.4145,0,1,0,1,1.0,0.4293,0.4285,0.0261,0.1435,0.022,0.1418,0.4293,779.0,884.0,0.337,0.4754,1.3458,1.4734,105.0,0.1385,AMBIGUOUS,0
88,126,4,5,86.8202,51.9627,53.212,84.6788,52.8221,56.5424,4.0517,-2.1414,0.8595,3.3305,3.4396,2.1414,-0.5285,0.2121,0.822,1.3178,1.6062,0.16157,0.10751,1.5142,1.0127,-0.05406,0.6654,1,2,1,-1.2909,1.6809,1.1826,2.427,2.4519,0.1715,0,0,2,1,4.0517,4.9451,0.8934,0.8193,1,1,2,2.56,-1.4917,1,1,0,0,0.5,0.6963,0.6952,0.0379,0.1936,0.1788,0.0743,0.6963,553.0,441.0,0.5729,0.4832,1.5957,1.4357,-112.0,-0.0897,UNMATCHED_TARGET,0
88,140,4,5,86.8202,51.9627,53.212,85.9002,47.1069,53.3814,4.9451,-0.9201,-4.8558,0.1694,4.8587,0.9201,-0.1861,-0.9819,0.0343,0.5662,5.2808,0.16157,0.07146,1.5142,0.6731,-0.09011,0.4423,1,2,1,-1.2909,1.6809,1.1826,2.427,6.6251,1.5644,0,0,2,2,4.0517,4.0517,-0.8934,1.2205,0,0,1,4.9451,0.0549,1,1,0,0,0.5,0.6963,0.6952,0.0379,0.2781,0.2248,0.1636,0.6963,553.0,421.0,0.5729,0.2558,1.5957,1.2699,-132.0,-0.3171,TRUE_EDGE,1
89,94,4,5,41.0558,71.8106,68.3111,41.9548,71.6042,66.1239,2.3738,0.899,-0.2064,-2.1872,2.1969,0.899,0.3787,-0.0869,-0.9214,0.5532,2.4437,0.15951,0.15013,1.4949,1.4141,-0.00938,0.9412,0,1,0,0.0,0.0,0.0,0.0,0.0,0.0,1,2,2,1,2.3738,3.2174,0.8437,0.7378,2,4,5,1.8713,-0.5025,1,1,0,2,1.5,0.4455,0.4308,0.1135,0.3271,0.2952,0.1409,0.4455,770.0,760.0,0.3315,0.2823,1.3681,1.3571,-10.0,-0.0492,AMBIGUOUS,0
89,88,4,5,41.0558,71.8106,68.3111,38.5595,71.5126,66.3032,3.2174,-2.4963,-0.298,-2.0079,2.0299,2.4963,-0.7759,-0.0926,-0.6241,1.5362,0.8132,0.15951,0.15951,1.4949,1.5025,0.0,1.0,0,1,0,0.0,0.0,0.0,0.0,0.0,0.0,1,2,2,2,2.3738,2.3738,-0.8437,1.3554,1,2,2,2.2309,-0.9865,1,1,0,3,2.0,0.4455,0.4308,0.1135,0.4487,0.4405,0.0854,0.4487,770.0,897.0,0.3315,0.2562,1.3681,1.2627,127.0,-0.0753,AMBIGUOUS,0
91,126,4,5,86.6782,52.0771,55.1278,84.6788,52.8221,56.5424,2.56,-1.9994,0.745,1.4146,1.5988,1.9994,-0.781,0.291,0.5526,1.2304,0.7996,0.15863,0.10751,1.4866,1.0127,-0.05112,0.6777,0,1,0,0.0,0.0,0.0,0.0,0.0,0.0,1,1,1,1,2.56,5.0,2.44,0.512,1,1,2,2.56,1.4917,1,1,0,0,0.5,0.5718,0.5532,0.1445,0.1936,0.1788,0.0743,0.5718,559.0,441.0,0.5699,0.4832,1.5817,1.4357,-118.0,-0.0867,AMBIGUOUS,0
92,103,4,5,23.1841,67.2739,47.2074,19.1475,67.5155,46.4102,4.1217,-4.0366,0.2416,-0.7972,0.833,4.0366,-0.9794,0.0586,-0.1934,2.4841,0.2064,0.15809,0.13836,1.4816,1.3033,-0.01973,0.8752,0,1,0,0.0,0.0,0.0,0.0,0.0,0.0,0,0,1,1,4.1217,5.0,0.8783,0.8243,0,0,1,4.1217,0.8783,0,0,0,0,1.0,0.4712,0.4341,0.1832,0.374,0.3525,0.125,0.4712,726.0,640.0,0.3757,0.3317,1.3679,1.303,-86.0,-0.044,AMBIGUOUS,0
94,94,4,5,40.521,70.4774,66.5439,41.9548,71.6042,66.1239,1.8713,1.4338,1.1268,-0.42,1.2025,1.4338,0.7662,0.6021,-0.2244,0.8823,0.8387,0.15599,0.15013,1.4619,1.4141,-0.00586,0.9624,0,1,0,0.0,0.0,0.0,0.0,0.0,0.0,2,2,4,1,1.8713,2.2309,0.3596,0.8388,2,4,5,1.8713,0.5025,1,2,0,2,1.0,0.2364,0.104,0.2122,0.3271,0.2952,0.1409,0.3271,964.0,760.0,0.2473,0.2823,1.233,1.3571,-204.0,0.035,AMBIGUOUS,0
94,88,4,5,40.521,70.4774,66.5439,38.5595,71.5126,66.3032,2.2309,-1.9615,1.0352,-0.2407,1.0628,1.9615,-0.8792,0.464,-0.1079,1.2071,0.5418,0.15599,0.15951,1.4619,1.5025,0.00352,1.0226,0,1,0,0.0,0.0,0.0,0.0,0.0,0.0,2,2,4,2,1.8713,1.8713,-0.3596,1.1922,1,2,2,2.2309,0.9865,1,2,0,3,1.3333,0.2364,0.104,0.2122,0.4487,0.4405,0.0854,0.4487,964.0,897.0,0.2473,0.2562,1.233,1.2627,-67.0,0.0088,AMBIGUOUS,0
94,79,4,5,40.521,70.4774,66.5439,39.101,70.7298,62.5433,4.2527,-1.42,0.2524,-4.0006,4.0086,1.42,-0.3339,0.0594,-0.9407,0.8738,2.823,0.15599,0.17317,1.4619,1.6312,0.01718,1.1101,0,1,0,0.0,0.0,0.0,0.0,0.0,0.0,2,2,4,3,1.8713,1.8713,-2.3813,2.2726,1,1,2,2.414,-1.8387,1,2,1,4,1.6667,0.2364,0.104,0.2122,0.1112,0.101,0.0465,0.2364,964.0,859.0,0.2473,0.3314,1.233,1.3621,-105.0,0.0841,AMBIGUOUS,0
94,73,4,5,40.521,70.4774,66.5439,37.7437,68.98,63.4992,4.3847,-2.7773,-1.4974,-3.0447,3.393,2.7773,-0.6334,-0.3415,-0.6944,1.7091,1.2217,0.15599,0.17809,1.4619,1.6775,0.0221,1.1417,0,1,0,0.0,0.0,0.0,0.0,0.0,0.0,2,2,4,4,1.8713,1.8713,-2.5134,2.3431,0,0,2,4.3632,-0.0215,1,2,1,2,1.0,0.2364,0.104,0.2122,0.3977,0.3687,0.1492,0.3977,964.0,936.0,0.2473,0.3306,1.233,1.3224,-28.0,0.0833,AMBIGUOUS,0
95,144,4,5,55.2471,71.0383,99.4608,58.1655,72.8621,101.6524,4.0801,2.9184,1.8239,2.1917,2.8513,2.9184,0.7153,0.447,0.5372,1.7959,0.977,0.15414,0.05263,1.4446,0.4957,-0.10151,0.3414,1,2,1,-1.8708,0.3192,-1.0265,2.1576,5.9629,1.8096,0,0,2,1,4.0801,4.8966,0.8166,0.8332,0,0,1,4.0801,0.9199,1,1,0,0,0.5,0.0897,0.0029,0.0897,0.3749,0.3345,0.1693,0.3749,643.0,296.0,0.456,0.2772,1.4264,1.2629,-347.0,-0.1788,AMBIGUOUS,0
95,110,4,5,55.2471,71.0383,99.4608,50.4561,71.1422,98.4542,4.8966,-4.791,0.104,-1.0065,1.0119,4.791,-0.9784,0.0212,-0.2056,2.9483,0.2112,0.15414,0.13007,1.4446,1.2252,-0.02407,0.8438,1,2,1,-1.8708,0.3192,-1.0265,2.1576,2.9281,0.0507,0,0,2,2,4.0801,4.0801,-0.8166,1.2001,0,0,2,4.7734,-0.1233,1,1,0,0,0.5,0.0897,0.0029,0.0897,0.1704,0.0811,0.1498,0.1704,643.0,526.0,0.456,0.4008,1.4264,1.3992,-117.0,-0.0552,AMBIGUOUS,0
96,112,4,5,16.3592,71.4082,66.6585,13.112,71.1962,66.1188,3.2986,-3.2473,-0.212,-0.5397,0.5798,3.2473,-0.9844,-0.0643,-0.1636,1.9983,0.1786,0.15404,0.12864,1.4437,1.2117,-0.02541,0.8351,0,1,0,0.0,0.0,0.0,0.0,0.0,0.0,0,1,1,1,3.2986,5.0,1.7014,0.6597,0,1,2,3.2986,0.8798,0,0,0,1,2.0,0.1466,0.1092,0.0977,0.1817,0.112,0.1431,0.1817,779.0,721.0,0.3375,0.2762,1.3361,1.2815,-58.0,-0.0613,AMBIGUOUS,0
97,64,4,5,7.1716,63.9007,18.2258,5.609,63.826,16.7618,2.1426,-1.5626,-0.0747,-1.464,1.4659,1.5626,-0.7293,-0.0348,-0.6833,0.9616,0.9381,0.15383,0.1909,1.4416,1.7982,0.03708,1.241,0,1,0,0.0,0.0,0.0,0.0,0.0,0.0,1,1,2,1,2.1426,4.4691,2.3265,0.4794,1,1,2,2.1426,2.227,0,1,0,0,0.5,0.6844,0.6716,0.1317,0.7429,0.734,0.1146,0.7429,835.0,979.0,0.2783,0.3998,1.3395,1.4303,144.0,0.1215,AMBIGUOUS,0
97,91,4,5,7.1716,63.9007,18.2258,9.5356,66.7897,20.683,4.4691,2.364,2.889,2.4573,3.7927,2.364,0.529,0.6464,0.5498,1.4548,1.6043,0.15383,0.15605,1.4416,1.4699,0.00222,1.0144,0,1,0,0.0,0.0,0.0,0.0,0.0,0.0,1,1,2,2,2.1426,2.1426,-2.3265,2.0859,1,1,3,2.6277,-1.8414,0,1,0,0,0.5,0.6844,0.6716,0.1317,0.2726,0.2144,0.1685,0.6844,835.0,777.0,0.2783,0.3081,1.3395,1.3468,-58.0,0.0298,AMBIGUOUS,0
99,109,4,5,34.4495,70.5196,77.4651,33.9392,71.3867,78.4903,1.4364,-0.5103,0.8671,1.0251,1.3427,0.5103,-0.3553,0.6037,0.7137,0.314,2.6311,0.15181,0.132,1.4228,1.2434,-0.01982,0.8695,0,1,0,0.0,0.0,0.0,0.0,0.0,0.0,1,2,2,1,1.4364,3.7997,2.3634,0.378,1,1,2,1.4364,3.2299,0,1,0,1,1.0,0.3873,0.3245,0.2115,0.2333,0.1858,0.1411,0.3873,752.0,652.0,0.2898,0.2799,1.2318,1.2832,-100.0,-0.0099,AMBIGUOUS,0
99,117,4,5,34.4495,70.5196,77.4651,30.7878,69.598,77.0404,3.7997,-3.6617,-0.9216,-0.4247,1.0148,3.6617,-0.9637,-0.2425,-0.1118,2.2534,0.2771,0.15181,0.11882,1.4228,1.1192,-0.033,0.7826,0,1,0,0.0,0.0,0.0,0.0,0.0,0.0,1,2,2,2,1.4364,1.4364,-2.3634,2.6454,0,2,2,3.7997,0.1521,0,1,0,1,1.0,0.3873,0.3245,0.2115,0.2143,0.0872,0.1958,0.3873,752.0,665.0,0.2898,0.2785,1.2318,1.2882,-87.0,-0.0114,AMBIGUOUS,0
101,110,4,5,55.0257,71.3671,97.0928,50.4561,71.1422,98.4542,4.7734,-4.5696,-0.2249,1.3614,1.3799,4.5696,-0.9573,-0.0471,0.2852,2.8121,0.302,0.14703,0.13007,1.3779,1.2252,-0.01696,0.8847,1,2,1,-1.6096,0.2834,-0.4808,1.7036,3.5233,0.1839,0,0,1,1,4.7734,5.0,0.2266,0.9547,0,0,2,4.7734,0.1233,1,1,0,0,0.5,0.2607,0.2243,0.1329,0.1704,0.0811,0.1498,0.2607,549.0,526.0,0.4779,0.4008,1.5186,1.3992,-23.0,-0.0771,AMBIGUOUS,0
102,94,4,5,45.3345,71.0975,63.4511,41.9548,71.6042,66.1239,4.3385,-3.3797,0.5067,2.6728,2.7204,3.3797,-0.779,0.1168,0.6161,2.0798,0.8049,0.14312,0.15013,1.3413,1.4141,0.00701,1.0489,1,3,1,-0.549,0.8263,0.2402,1.0207,3.746,0.3415,0,0,1,1,4.3385,5.0,0.6615,0.8677,2,4,5,1.8713,-2.4672,1,2,0,2,1.0,0.1822,0.1655,0.0762,0.3271,0.2952,0.1409,0.3271,730.0,760.0,0.2858,0.2823,1.3835,1.3571,30.0,-0.0035,AMBIGUOUS,0
103,133,4,5,7.5079,71.4345,32.8655,11.2889,71.2981,34.0118,3.9533,3.781,-0.1364,1.1463,1.1544,3.781,0.9564,-0.0345,0.29,2.3267,0.3053,0.1421,0.09945,1.3317,0.9368,-0.04265,0.6999,0,1,0,0.0,0.0,0.0,0.0,0.0,0.0,0,1,3,1,3.9533,4.2199,0.2667,0.9368,1,2,2,2.0127,-1.9406,1,1,1,1,1.0,0.6219,0.6171,0.0772,0.247,0.0861,0.2315,0.6219,687.0,650.0,0.3471,0.2236,1.3732,1.2117,-37.0,-0.1234,AMBIGUOUS,0
103,138,4,5,7.5079,71.4345,32.8655,10.1065,70.7632,36.122,4.2199,2.5985,-0.6712,3.2565,3.325,2.5985,0.6158,-0.1591,0.7717,1.5991,1.2796,0.1421,0.08573,1.3317,0.8076,-0.05636,0.6033,0,1,0,0.0,0.0,0.0,0.0,0.0,0.0,0,1,3,2,3.9533,3.9533,-0.2667,1.0675,0,1,2,3.9201,-0.2998,1,1,1,1,1.0,0.6219,0.6171,0.0772,0.366,0.3565,0.0831,0.6219,687.0,649.0,0.3471,0.1773,1.3732,1.1881,-38.0,-0.1697,AMBIGUOUS,0
103,99,4,5,7.5079,71.4345,32.8655,2.9519,70.5617,33.9045,4.7538,-4.556,-0.8728,1.039,1.3569,4.556,-0.9584,-0.1836,0.2186,2.8037,0.2978,0.1421,0.13952,1.3317,1.3142,-0.00258,0.9819,0,1,0,0.0,0.0,0.0,0.0,0.0,0.0,0,1,3,3,3.9533,3.9533,-0.8005,1.2025,1,1,3,2.2097,-2.5441,1,1,1,1,1.0,0.6219,0.6171,0.0772,0.3731,0.2981,0.2244,0.6219,687.0,710.0,0.3471,0.2899,1.3732,1.3431,23.0,-0.0572,AMBIGUOUS,0
104,91,4,5,10.8231,65.9969,22.8322,9.5356,66.7897,20.683,2.6277,-1.2874,0.7928,-2.1491,2.2907,1.2874,-0.49,0.3017,-0.8179,0.7923,1.7792,0.14093,0.15605,1.3208,1.4699,0.01512,1.1073,0,1,0,0.0,0.0,0.0,0.0,0.0,0.0,1,1,1,1,2.6277,5.0,2.3723,0.5255,1,1,3,2.6277,1.8414,0,1,0,0,0.5,0.5877,0.5519,0.2019,0.2726,0.2144,0.1685,0.5877,682.0,777.0,0.3369,0.3081,1.3649,1.3468,95.0,-0.0288,AMBIGUOUS,0
105,94,4,5,45.4978,71.0992,65.0345,41.9548,71.6042,66.1239,3.7409,-3.543,0.505,1.0894,1.2007,3.543,-0.9471,0.135,0.2912,2.1803,0.3389,0.14069,0.15013,1.3185,1.4141,0.00944,1.0671,0,1,0,0.0,0.0,0.0,0.0,0.0,0.0,0,1,1,1,3.7409,5.0,1.2591,0.7482,2,4,5,1.8713,-1.8696,1,2,0,2,1.0,0.035,0.0022,0.0349,0.3271,0.2952,0.1409,0.3271,751.0,760.0,0.2785,0.2823,1.3049,1.3571,9.0,0.0038,AMBIGUOUS,0
106,87,4,5,12.0813,74.7673,86.1213,10.6448,74.7047,86.6781,1.542,-1.4366,-0.0626,0.5568,0.5603,1.4366,-0.9317,-0.0406,0.3611,0.8841,0.39,0.13602,0.16134,1.2748,1.5198,0.02532,1.1861,0,1,0,0.0,0.0,0.0,0.0,0.0,0.0,1,1,2,1,1.542,4.3795,2.8375,0.3521,1,1,2,1.542,3.1098,0,0,0,2,3.0,0.7066,0.7063,0.0177,0.7462,0.7302,0.1536,0.7462,791.0,872.0,0.2783,0.3104,1.1936,1.246,81.0,0.032,AMBIGUOUS,0
106,114,4,5,12.0813,74.7673,86.1213,11.4969,70.6291,84.8123,4.3795,-0.5844,-4.1382,-1.309,4.3403,0.5844,-0.1334,-0.9449,-0.2989,0.3596,7.4268,0.13602,0.12621,1.2748,1.1889,-0.00981,0.9279,0,1,0,0.0,0.0,0.0,0.0,0.0,0.0,1,1,2,2,1.542,1.542,-2.8375,2.8402,0,0,1,4.3795,0.6205,0,0,0,1,2.0,0.7066,0.7063,0.0177,0.1646,0.1219,0.1106,0.7066,791.0,782.0,0.2783,0.2589,1.1936,1.2395,-9.0,-0.0194,AMBIGUOUS,0
107,78,4,5,1.33,72.4026,75.6484,2.0954,74.4731,78.0556,3.266,0.7654,2.0704,2.4072,3.1751,0.7654,0.2343,0.6339,0.737,0.471,4.1483,0.13511,0.17343,1.2662,1.6336,0.03831,1.2836,1,2,1,0.3931,0.705,-1.7523,1.9293,4.3936,1.39,0,1,1,1,3.266,5.0,1.734,0.6532,1,2,2,2.5485,-0.7176,0,0,0,1,2.0,0.3202,0.295,0.1245,0.491,0.4704,0.1408,0.491,730.0,930.0,0.3071,0.3067,1.2839,1.3533,200.0,-0.0004,AMBIGUOUS,0
108,139,4,5,5.4957,61.3257,1.3421,3.0114,62.3878,4.9018,4.4689,-2.4844,1.0621,3.5597,3.7148,2.4844,-0.5559,0.2377,0.7965,1.5288,1.4953,0.13342,0.08185,1.2504,0.7709,-0.05157,0.6135,0,1,0,0.0,0.0,0.0,0.0,0.0,0.0,0,0,1,1,4.4689,5.0,0.5311,0.8938,0,0,1,4.4689,0.5311,0,0,0,0,1.0,0.6331,0.6207,0.1246,0.297,0.2386,0.1768,0.6331,827.0,577.0,0.2862,0.2243,1.287,1.2076,-250.0,-0.0619,AMBIGUOUS,0
109,109,4,5,37.3338,70.6637,75.3713,33.9392,71.3867,78.4903,4.6663,-3.3946,0.723,3.119,3.2017,3.3946,-0.7275,0.1549,0.6684,2.089,0.9432,0.13311,0.132,1.2474,1.2434,-0.00111,0.9917,0,1,0,0.0,0.0,0.0,0.0,0.0,0.0,0,0,1,1,4.6663,5.0,0.3337,0.9333,1,1,2,1.4364,-3.2299,0,1,0,1,1.0,0.1971,0.0412,0.1927,0.2333,0.1858,0.1411,0.2333,720.0,652.0,0.2771,0.2799,1.3024,1.2832,-68.0,0.0028,AMBIGUOUS,0
110,131,4,5,50.0577,54.2575,34.4896,49.6161,55.4055,34.3851,1.2344,-0.4416,1.148,-0.1045,1.1527,0.4416,-0.3578,0.93,-0.0847,0.2718,2.6102,0.12971,0.09999,1.2156,0.9419,-0.02972,0.7709,0,1,0,0.0,0.0,0.0,0.0,0.0,0.0,2,2,3,1,1.2344,2.5622,1.3278,0.4818,1,1,1,1.2344,3.7656,0,0,1,2,3.0,0.3672,0.3173,0.1847,0.7884,0.7589,0.2134,0.7884,681.0,544.0,0.3073,0.2711,1.3032,1.3487,-137.0,-0.0362,UNMATCHED_TARGET,0
110,128,4,5,50.0577,54.2575,34.4896,50.1219,55.5017,36.7286,2.5622,0.0642,1.2442,2.2389,2.5614,0.0642,0.025,0.4856,0.8738,0.0395,39.9112,0.12971,0.10171,1.2156,0.958,-0.028,0.7841,0,1,0,0.0,0.0,0.0,0.0,0.0,0.0,2,2,3,2,1.2344,1.2344,-1.3278,2.0757,1,1,1,2.5622,2.4378,0,0,1,2,3.0,0.3672,0.3173,0.1847,0.3399,0.2531,0.2268,0.3672,681.0,569.0,0.3073,0.2691,1.3032,1.3247,-112.0,-0.0382,TRUE_EDGE,1
110,120,4,5,50.0577,54.2575,34.4896,45.9253,54.1448,35.296,4.2118,-4.1324,-0.1127,0.8063,0.8142,4.1324,-0.9811,-0.0268,0.1914,2.543,0.197,0.12971,0.11645,1.2156,1.0969,-0.01326,0.8978,0,1,0,0.0,0.0,0.0,0.0,0.0,0.0,2,2,3,3,1.2344,1.2344,-2.9774,3.412,0,0,2,4.127,-0.0848,0,0,0,3,4.0,0.3672,0.3173,0.1847,0.4428,0.4253,0.1232,0.4428,681.0,660.0,0.3073,0.2782,1.3032,1.2525,-21.0,-0.0291,UNMATCHED_TARGET,0
112,134,4,5,4.9206,72.4607,69.5993,2.1806,71.6369,69.4427,2.8655,-2.74,-0.8238,-0.1566,0.8385,2.74,-0.9562,-0.2875,-0.0546,1.6862,0.306,0.12829,0.09903,1.2023,0.9328,-0.02926,0.7719,0,1,0,0.0,0.0,0.0,0.0,0.0,0.0,1,1,2,1,2.8655,4.8922,2.0267,0.5857,1,1,2,2.8655,1.4074,0,2,0,0,0.3333,0.2027,0.0456,0.1975,0.5728,0.5556,0.1394,0.5728,728.0,677.0,0.2771,0.2357,1.287,1.225,-51.0,-0.0414,AMBIGUOUS,0
112,104,4,5,4.9206,72.4607,69.5993,4.6254,71.9247,64.7456,4.8922,-0.2952,-0.536,-4.8537,4.8832,0.2952,-0.0603,-0.1096,-0.9921,0.1816,16.5433,0.12829,0.13804,1.2023,1.3002,0.00975,1.076,0,1,0,0.0,0.0,0.0,0.0,0.0,0.0,1,1,2,2,2.8655,2.8655,-2.0267,1.7073,2,2,3,1.578,-3.3142,0,2,0,1,0.6667,0.2027,0.0456,0.1975,0.2927,0.2496,0.1529,0.2927,728.0,853.0,0.2771,0.2326,1.287,1.224,125.0,-0.0446,UNMATCHED_SOURCE,0
113,85,4,5,5.48,71.5772,80.5032,4.6213,73.1096,80.7885,1.7796,-0.8587,1.5324,0.2853,1.5587,0.8587,-0.4825,0.8611,0.1603,0.5285,1.8151,0.12606,0.16211,1.1814,1.527,0.03606,1.286,0,1,0,0.0,0.0,0.0,0.0,0.0,0.0,1,1,1,1,1.7796,5.0,3.2204,0.3559,2,3,3,1.7796,0.7062,1,2,0,1,0.6667,0.6134,0.605,0.1014,0.2601,0.2537,0.0573,0.6134,962.0,919.0,0.1974,0.2594,1.2017,1.336,-43.0,0.062,AMBIGUOUS,0
114,118,4,5,4.7774,56.0681,19.4295,2.0138,55.9623,18.0423,3.094,-2.7636,-0.1058,-1.3872,1.3912,2.7636,-0.8932,-0.0342,-0.4483,1.7007,0.5034,0.12534,0.11783,1.1746,1.1099,-0.00751,0.9401,0,1,0,0.0,0.0,0.0,0.0,0.0,0.0,0,1,1,1,3.094,5.0,1.906,0.6188,0,1,1,3.094,1.906,0,0,0,0,1.0,0.1205,0.0976,0.0707,0.4349,0.3888,0.195,0.4349,579.0,582.0,0.4255,0.3658,1.4114,1.3729,3.0,-0.0597,AMBIGUOUS,0
117,136,4,5,45.3532,55.6339,15.756,40.9802,55.5688,15.7323,4.3735,-4.373,-0.065,-0.0237,0.0692,4.373,-0.9999,-0.0149,-0.0054,2.691,0.0158,0.11906,0.09786,1.1158,0.9218,-0.02121,0.8219,1,2,1,-1.9297,0.8689,1.0178,2.3483,2.8154,0.1862,0,0,2,1,4.3735,4.5927,0.2192,0.9523,1,1,3,2.0142,-2.3593,1,1,0,0,0.5,0.1725,0.1468,0.0906,0.3824,0.3552,0.1416,0.3824,572.0,499.0,0.3941,0.3484,1.4429,1.3281,-73.0,-0.0456,AMBIGUOUS,0
117,105,4,5,45.3532,55.6339,15.756,47.8245,59.3717,16.763,4.5927,2.4713,3.7379,1.007,3.8712,2.4713,0.5381,0.8139,0.2193,1.5208,1.5664,0.11906,0.13795,1.1158,1.2995,0.01889,1.1586,1,2,1,-1.9297,0.8689,1.0178,2.3483,5.2535,1.046,0,0,2,2,4.3735,4.3735,-0.2192,1.0501,0,2,3,3.0132,-1.5795,1,1,0,1,1.0,0.1725,0.1468,0.0906,0.71,0.6995,0.1221,0.71,572.0,665.0,0.3941,0.3258,1.4429,1.3677,93.0,-0.0682,AMBIGUOUS,0
118,95,4,5,47.1845,70.9741,81.8797,44.3379,71.2252,81.6707,2.8652,-2.8466,0.2511,-0.209,0.3267,2.8466,-0.9935,0.0876,-0.0729,1.7517,0.1148,0.11895,0.1494,1.1148,1.4073,0.03045,1.256,0,1,0,0.0,0.0,0.0,0.0,0.0,0.0,1,1,2,1,2.8652,4.8393,1.974,0.5921,1,1,1,2.8652,2.1348,0,0,0,1,2.0,0.2264,0.0595,0.2185,0.4814,0.4629,0.1323,0.4814,522.0,617.0,0.3747,0.4096,1.364,1.4175,95.0,0.0349,AMBIGUOUS,0
118,130,4,5,47.1845,70.9741,81.8797,45.1312,70.2517,77.5576,4.8393,-2.0533,-0.7224,-4.3221,4.3821,2.0533,-0.4243,-0.1493,-0.8931,1.2636,2.1342,0.11895,0.10034,1.1148,0.9452,-0.01861,0.8435,0,1,0,0.0,0.0,0.0,0.0,0.0,0.0,1,1,2,2,2.8652,2.8652,-1.974,1.689,0,0,1,4.8393,0.1607,0,0,0,1,2.0,0.2264,0.0595,0.2185,0.3718,0.3688,0.0467,0.3718,522.0,505.0,0.3747,0.3282,1.364,1.3826,-17.0,-0.0465,AMBIGUOUS,0
119,104,4,5,5.0183,72.0174,66.271,4.6254,71.9247,64.7456,1.578,-0.3929,-0.0927,-1.5255,1.5283,0.3929,-0.249,-0.0587,-0.9667,0.2418,3.8898,0.11876,0.13804,1.113,1.3002,0.01928,1.1623,0,1,0,0.0,0.0,0.0,0.0,0.0,0.0,1,1,2,1,1.578,4.2729,2.6949,0.3693,2,2,3,1.578,1.4058,1,2,0,1,0.6667,0.1887,0.1433,0.1228,0.2927,0.2496,0.1529,0.2927,832.0,853.0,0.2154,0.2326,1.1932,1.224,21.0,0.0172,UNMATCHED_SOURCE,0
119,134,4,5,5.0183,72.0174,66.271,2.1806,71.6369,69.4427,4.2729,-2.8378,-0.3804,3.1717,3.1944,2.8378,-0.6641,-0.089,0.7423,1.7463,1.1257,0.11876,0.09903,1.113,0.9328,-0.01973,0.8339,0,1,0,0.0,0.0,0.0,0.0,0.0,0.0,1,1,2,2,1.578,1.578,-2.6949,2.7078,1,1,2,2.8655,-1.4074,1,2,0,0,0.3333,0.1887,0.1433,0.1228,0.5728,0.5556,0.1394,0.5728,832.0,677.0,0.2154,0.2357,1.1932,1.225,-155.0,0.0204,AMBIGUOUS,0
120,98,4,5,7.9245,73.3979,59.8151,3.7767,73.0586,60.0796,4.1701,-4.1478,-0.3393,0.2645,0.4302,4.1478,-0.9947,-0.0814,0.0634,2.5525,0.1037,0.1181,0.13953,1.1068,1.3143,0.02143,1.1814,1,3,1,-1.7492,0.4264,-1.3646,2.2591,2.9989,0.2835,0,0,1,1,4.1701,5.0,0.8299,0.834,1,1,2,2.0263,-2.1438,0,1,0,1,1.0,0.2594,0.2005,0.1645,0.5328,0.5267,0.0804,0.5328,623.0,751.0,0.2968,0.2814,1.3102,1.284,128.0,-0.0154,AMBIGUOUS,0
121,127,4,5,11.5931,73.9112,63.3294,10.9282,75.005,63.6,1.3083,-0.6649,1.0938,0.2706,1.1268,0.6649,-0.5082,0.836,0.2068,0.4092,1.6947,0.11804,0.10625,1.1062,1.0009,-0.01178,0.9002,1,3,1,-1.0602,0.2629,2.2836,2.5314,2.2133,0.5137,1,1,2,1,1.3083,4.1785,2.8701,0.3131,1,1,2,1.3083,3.5623,0,0,0,0,1.0,0.2243,0.2181,0.0527,0.5054,0.4468,0.2361,0.5054,639.0,587.0,0.2718,0.2907,1.2517,1.3078,-52.0,0.0189,UNMATCHED_TARGET,0
121,112,4,5,11.5931,73.9112,63.3294,13.112,71.1962,66.1188,4.1785,1.5189,-2.715,2.7895,3.8926,1.5189,0.3635,-0.6498,0.6676,0.9347,2.5628,0.11804,0.12864,1.1062,1.2117,0.0106,1.0898,1,3,1,-1.0602,0.2629,2.2836,2.5314,3.9719,0.6175,1,1,2,2,1.3083,1.3083,-2.8701,3.1938,0,1,2,3.2986,-0.8798,0,0,0,1,2.0,0.2243,0.2181,0.0527,0.1817,0.112,0.1431,0.2243,639.0,721.0,0.2718,0.2762,1.2517,1.2815,82.0,0.0044,UNMATCHED_TARGET,0
122,119,4,5,70.9989,58.5072,18.2944,67.8933,59.0251,17.4331,3.2642,-3.1056,0.5179,-0.8613,1.005,3.1056,-0.9514,0.1587,-0.2639,1.9112,0.3236,0.11696,0.11673,1.0962,1.0995,-0.00024,0.998,0,1,0,0.0,0.0,0.0,0.0,0.0,0.0,0,1,1,1,3.2642,5.0,1.7358,0.6528,0,1,1,3.2642,1.7358,0,0,0,0,1.0,0.5013,0.5011,0.015,0.3777,0.3567,0.1241,0.5013,576.0,529.0,0.3207,0.3338,1.3054,1.3171,-47.0,0.0131,AMBIGUOUS,0
124,72,4,5,22.309,63.733,12.8044,17.7164,63.6427,11.4596,4.7863,-4.5926,-0.0903,-1.3448,1.3479,4.5926,-0.9595,-0.0189,-0.281,2.8262,0.2935,0.11512,0.17826,1.0789,1.6791,0.06313,1.5484,0,1,0,0.0,0.0,0.0,0.0,0.0,0.0,0,0,1,1,4.7863,5.0,0.2137,0.9573,2,2,3,2.2888,-2.4975,0,2,0,2,1.0,0.4848,0.441,0.2015,0.227,0.1586,0.1623,0.4848,685.0,871.0,0.223,0.3037,1.32,1.3322,186.0,0.0807,AMBIGUOUS,0
125,125,4,5,49.8657,54.0085,41.7469,45.6667,54.0927,39.5934,4.7198,-4.199,0.0842,-2.1535,2.1552,4.199,-0.8897,0.0178,-0.4563,2.584,0.5133,0.11487,0.10806,1.0765,1.0179,-0.0068,0.9408,1,2,1,-0.9053,1.144,0.5837,1.5713,4.4118,0.644,0,0,1,1,4.7198,5.0,0.2802,0.944,1,1,2,1.4424,-3.2773,0,0,0,1,2.0,0.519,0.5093,0.0995,0.258,0.1667,0.1969,0.519,528.0,626.0,0.3794,0.2635,1.3911,1.2678,98.0,-0.1159,AMBIGUOUS,0
126,149,4,5,37.5427,68.3349,55.7215,38.6086,71.8065,57.7974,4.183,1.0658,3.4717,2.0758,4.045,1.0658,0.2548,0.8299,0.4963,0.6559,3.7951,0.11281,0.04523,1.0573,0.4261,-0.06758,0.401,1,4,1,-1.1665,0.8549,-1.8139,2.3199,5.1924,1.2103,0,0,1,1,4.183,5.0,0.817,0.8366,0,0,1,4.183,0.817,0,2,0,1,0.6667,0.199,0.1677,0.1071,0.4186,0.3914,0.1484,0.4186,626.0,369.0,0.311,0.1864,1.3361,1.2543,-257.0,-0.1246,AMBIGUOUS,0
127,137,4,5,9.1087,71.1407,92.0838,4.9821,70.2651,91.7132,4.2347,-4.1265,-0.8757,-0.3706,0.9509,4.1265,-0.9745,-0.2068,-0.0875,2.5394,0.2304,0.11091,0.09107,1.0394,0.8579,-0.01984,0.8211,1,2,1,-2.8731,0.4837,-0.3474,2.9341,1.8492,0.0695,0,0,1,1,4.2347,5.0,0.7653,0.8469,0,0,1,4.2347,0.7653,0,1,0,0,0.5,0.6571,0.6413,0.1429,0.147,0.1071,0.1007,0.6571,653.0,585.0,0.2631,0.2487,1.2426,1.2673,-68.0,-0.0144,AMBIGUOUS,0
128,104,4,5,7.3906,72.4337,65.7442,4.6254,71.9247,64.7456,2.9837,-2.7652,-0.509,-0.9986,1.1209,2.7652,-0.9268,-0.1706,-0.3347,1.7017,0.4053,0.10846,0.13804,1.0164,1.3002,0.02958,1.2727,1,2,1,-2.5623,0.2298,-0.6935,2.6644,0.8247,0.0364,1,1,2,1,2.9837,4.8707,1.8869,0.6126,2,2,3,1.578,-1.4058,1,2,0,1,0.6667,0.7474,0.7344,0.1391,0.2927,0.2496,0.1529,0.7474,750.0,853.0,0.2087,0.2326,1.1933,1.224,103.0,0.0239,UNMATCHED_SOURCE,0
128,127,4,5,7.3906,72.4337,65.7442,10.9282,75.005,63.6,4.8707,3.5375,2.5713,-2.1442,3.3481,3.5375,0.7263,0.5279,-0.4402,2.1769,0.9464,0.10846,0.10625,1.0164,1.0009,-0.0022,0.9797,1,2,1,-2.5623,0.2298,-0.6935,2.6644,6.6929,1.5383,1,1,2,2,2.9837,2.9837,-1.8869,1.6324,1,1,2,1.3083,-3.5623,1,2,0,0,0.3333,0.7474,0.7344,0.1391,0.5054,0.4468,0.2361,0.7474,750.0,587.0,0.2087,0.2907,1.1933,1.3078,-163.0,0.0821,AMBIGUOUS,0
129,93,4,5,6.9673,75.9736,90.9045,6.6892,75.2719,89.0721,1.9818,-0.2781,-0.7017,-1.8325,1.9622,0.2781,-0.1403,-0.3541,-0.9246,0.1711,7.0564,0.10807,0.15393,1.0128,1.4499,0.04586,1.4243,0,1,0,0.0,0.0,0.0,0.0,0.0,0.0,1,1,1,1,1.9818,5.0,3.0182,0.3964,1,2,2,1.9818,1.3922,1,1,0,1,1.0,0.477,0.4673,0.0956,0.2446,0.1892,0.1551,0.477,593.0,767.0,0.2679,0.3056,1.2527,1.2147,174.0,0.0377,AMBIGUOUS,0
130,122,4,5,61.3565,67.8587,66.0023,62.0246,69.2563,68.048,2.566,0.6681,1.3976,2.0457,2.4776,0.6681,0.2603,0.5446,0.7972,0.4111,3.7086,0.10752,0.11146,1.0077,1.0499,0.00394,1.0366,1,4,1,-0.032,1.5331,0.1699,1.5428,2.0068,0.3764,1,1,1,1,2.566,5.0,2.434,0.5132,1,2,2,2.566,1.1219,0,2,0,0,0.3333,0.4371,0.3935,0.1903,0.3921,0.2746,0.2799,0.4371,578.0,485.0,0.2637,0.4115,1.2779,1.4638,-93.0,0.1477,AMBIGUOUS,0
131,98,4,5,5.0077,72.7941,58.492,3.7767,73.0586,60.0796,2.0263,-1.231,0.2645,1.5876,1.6095,1.231,-0.6075,0.1305,0.7835,0.7575,1.3075,0.10659,0.13953,0.9989,1.3143,0.03294,1.309,0,1,0,0.0,0.0,0.0,0.0,0.0,0.0,1,1,1,1,2.0263,5.0,2.9737,0.4053,1,1,2,2.0263,2.1438,0,1,0,1,1.0,0.1528,0.1327,0.0758,0.5328,0.5267,0.0804,0.5328,603.0,751.0,0.2766,0.2814,1.281,1.284,148.0,0.0048,AMBIGUOUS,0
132,122,4,5,65.6967,68.9162,68.0675,62.0246,69.2563,68.048,3.6879,-3.6722,0.3401,-0.0195,0.3406,3.6722,-0.9957,0.0922,-0.0053,2.2598,0.0928,0.10655,0.11146,0.9986,1.0499,0.00491,1.0461,0,1,0,0.0,0.0,0.0,0.0,0.0,0.0,0,1,1,1,3.6879,5.0,1.3121,0.7376,1,2,2,2.566,-1.1219,0,2,0,0,0.3333,0.7349,0.6967,0.2339,0.3921,0.2746,0.2799,0.7349,508.0,485.0,0.3941,0.4115,1.4361,1.4638,-23.0,0.0173,AMBIGUOUS,0
133,124,4,5,21.2134,74.3859,73.4807,19.6529,74.7714,71.8558,2.2857,-1.5605,0.3855,-1.6249,1.6701,1.5605,-0.6827,0.1687,-0.7109,0.9603,1.0702,0.10453,0.10906,0.9797,1.0273,0.00452,1.0433,0,1,0,0.0,0.0,0.0,0.0,0.0,0.0,1,1,1,1,2.2857,5.0,2.7143,0.4571,1,1,1,2.2857,2.7143,0,1,0,0,0.5,0.1102,0.0884,0.0658,0.1624,0.1529,0.0548,0.1624,627.0,625.0,0.2539,0.2541,1.2538,1.2258,-2.0,0.0002,AMBIGUOUS,0
134,93,4,5,9.3881,75.5253,91.081,6.6892,75.2719,89.0721,3.3741,-2.6989,-0.2535,-2.009,2.0249,2.6989,-0.7999,-0.0751,-0.5954,1.6609,0.7502,0.10258,0.15393,0.9614,1.4499,0.05134,1.5005,0,1,0,0.0,0.0,0.0,0.0,0.0,0.0,0,1,2,1,3.3741,4.6517,1.2776,0.7253,1,2,2,1.9818,-1.3922,1,2,0,1,0.6667,0.3727,0.3619,0.0891,0.2446,0.1892,0.1551,0.3727,639.0,767.0,0.2222,0.3056,1.1833,1.2147,128.0,0.0835,AMBIGUOUS,0
134,87,4,5,9.3881,75.5253,91.081,10.6448,74.7047,86.6781,4.6517,1.2566,-0.8207,-4.403,4.4788,1.2566,0.2701,-0.1764,-0.9465,0.7733,3.5642,0.10258,0.16134,0.9614,1.5198,0.05876,1.5728,0,1,0,0.0,0.0,0.0,0.0,0.0,0.0,0,1,2,2,3.3741,3.3741,-1.2776,1.3787,1,1,2,1.542,-3.1098,1,2,0,2,1.0,0.3727,0.3619,0.0891,0.7462,0.7302,0.1536,0.7462,639.0,872.0,0.2222,0.3104,1.1833,1.246,233.0,0.0882,AMBIGUOUS,0
135,135,4,5,31.1773,75.7376,98.3832,29.5982,76.2315,101.1108,3.1902,-1.5791,0.4938,2.7276,2.7719,1.5791,-0.495,0.1548,0.855,0.9718,1.7553,0.10034,0.09876,0.9403,0.9303,-0.00158,0.9843,1,2,1,1.888,2.135,-0.6386,2.9207,5.1035,1.3937,0,1,1,1,3.1902,5.0,1.8098,0.638,0,1,1,3.1902,1.8098,0,0,0,0,1.0,0.3565,0.3023,0.1889,0.3793,0.3482,0.1505,0.3793,501.0,494.0,0.3536,0.3294,1.3124,1.2434,-7.0,-0.0242,AMBIGUOUS,0
138,96,4,5,68.5802,59.7841,60.532,67.0499,60.5355,60.8127,1.7277,-1.5303,0.7514,0.2807,0.8021,1.5303,-0.8857,0.4349,0.1624,0.9417,0.5242,0.09426,0.14894,0.8834,1.403,0.05468,1.5801,0,1,0,0.0,0.0,0.0,0.0,0.0,0.0,1,1,1,1,1.7277,5.0,3.2723,0.3455,1,1,1,1.7277,3.2723,0,0,0,0,1.0,0.3366,0.3302,0.0654,0.4429,0.4249,0.1249,0.4429,452.0,646.0,0.3265,0.3799,1.3969,1.3375,194.0,0.0534,AMBIGUOUS,0
141,100,4,5,30.332,65.6151,25.7448,25.6441,65.7346,24.877,4.7689,-4.6878,0.1195,-0.8677,0.8759,4.6878,-0.983,0.025,-0.182,2.8848,0.1869,0.09127,0.13924,0.8554,1.3116,0.04797,1.5255,0,1,0,0.0,0.0,0.0,0.0,0.0,0.0,0,0,1,1,4.7689,5.0,0.2311,0.9538,1,2,4,2.4732,-2.2957,0,0,0,0,1.0,0.5972,0.543,0.2485,0.3767,0.3559,0.1235,0.5972,589.0,722.0,0.2399,0.2917,1.322,1.3853,133.0,0.0518,AMBIGUOUS,0
142,136,4,5,42.9657,55.2627,15.8779,40.9802,55.5688,15.7323,2.0142,-1.9854,0.3061,-0.1455,0.339,1.9854,-0.9857,0.152,-0.0723,1.2218,0.1707,0.08889,0.09786,0.8331,0.9218,0.00896,1.1008,0,1,0,0.0,0.0,0.0,0.0,0.0,0.0,1,1,1,1,2.0142,5.0,2.9858,0.4028,1,1,3,2.0142,2.3593,1,2,0,0,0.3333,0.7166,0.7157,0.0364,0.3824,0.3552,0.1416,0.7166,485.0,499.0,0.2983,0.3484,1.3665,1.3281,14.0,0.0501,AMBIGUOUS,0
143,43,4,5,66.8886,61.3778,22.975,67.8266,57.3469,23.3554,4.1561,0.938,-4.031,0.3804,4.0489,0.938,0.2257,-0.9699,0.0915,0.5772,4.3167,0.08612,0.21327,0.8071,2.0089,0.12714,2.4763,0,1,0,0.0,0.0,0.0,0.0,0.0,0.0,0,0,1,1,4.1561,5.0,0.8439,0.8312,0,0,1,4.1561,0.8439,1,1,1,1,1.0,0.3217,0.2636,0.1845,0.4725,0.4234,0.2097,0.4725,592.0,1048.0,0.2244,0.4651,1.1842,1.5404,456.0,0.2407,AMBIGUOUS,0
144,97,4,5,23.0384,70.051,73.1558,21.8018,69.8098,71.4623,2.1108,-1.2367,-0.2411,-1.6935,1.7106,1.2367,-0.5859,-0.1142,-0.8023,0.761,1.3832,0.08375,0.13988,0.7849,1.3176,0.05613,1.6702,0,1,0,0.0,0.0,0.0,0.0,0.0,0.0,1,1,1,1,2.1108,5.0,2.8892,0.4222,1,1,1,2.1108,2.8892,0,2,0,0,0.3333,0.3393,0.2884,0.1786,0.6809,0.6768,0.0753,0.6809,644.0,786.0,0.1629,0.2641,1.1336,1.2403,142.0,0.1011,AMBIGUOUS,0
145,101,4,5,23.097,73.9432,86.7696,19.856,73.6625,86.4686,3.267,-3.241,-0.2807,-0.301,0.4115,3.241,-0.992,-0.0859,-0.0921,1.9944,0.127,0.08288,0.13876,0.7767,1.307,0.05588,1.6742,0,1,0,0.0,0.0,0.0,0.0,0.0,0.0,0,1,1,1,3.267,5.0,1.733,0.6534,0,1,1,3.267,1.733,0,0,0,0,1.0,0.3855,0.347,0.168,0.3846,0.356,0.1454,0.3855,474.0,648.0,0.2699,0.3604,1.2688,1.382,174.0,0.0905,AMBIGUOUS,0
146,105,4,5,45.1304,60.9632,15.9715,47.8245,59.3717,16.763,3.2276,2.6941,-1.5915,0.7915,1.7774,2.6941,0.8347,-0.4931,0.2452,1.6579,0.6597,0.08012,0.13795,0.7509,1.2995,0.05783,1.7218,1,4,1,-0.0095,0.3319,-0.297,0.4455,3.4919,1.5486,0,1,2,1,3.2276,4.7872,1.5596,0.6742,0,2,3,3.0132,-0.2144,0,1,0,1,1.0,0.3919,0.3696,0.1303,0.71,0.6995,0.1221,0.71,577.0,665.0,0.1715,0.3258,1.2916,1.3677,88.0,0.1543,AMBIGUOUS,0
146,141,4,5,45.1304,60.9632,15.9715,41.7396,62.992,18.674,4.7872,-3.3908,2.0288,2.7024,3.3793,3.3908,-0.7083,0.4238,0.5645,2.0867,0.9966,0.08012,0.06797,0.7509,0.6403,-0.01215,0.8484,1,4,1,-0.0095,0.3319,-0.297,0.4455,4.828,1.0456,0,1,2,2,3.2276,3.2276,-1.5596,1.4832,1,1,3,1.976,-2.8112,0,1,0,0,0.5,0.3919,0.3696,0.1303,0.5112,0.5104,0.0269,0.5112,577.0,490.0,0.1715,0.1888,1.2916,1.2527,-87.0,0.0173,AMBIGUOUS,0
147,19,4,5,65.9629,62.1449,25.4648,68.0025,57.66,26.3162,4.9999,2.0396,-4.4849,0.8514,4.565,2.0396,0.4079,-0.897,0.1703,1.2551,2.2382,0.07671,0.24584,0.719,2.3157,0.16913,3.2046,0,1,0,0.0,0.0,0.0,0.0,0.0,0.0,0,0,1,1,4.9999,5.0,0.0001,1.0,0,0,2,4.6073,-0.3926,1,1,1,2,1.5,0.6746,0.6621,0.1295,0.2648,0.2475,0.0942,0.6746,461.0,1059.0,0.3031,0.5197,1.4064,1.6355,598.0,0.2166,AMBIGUOUS,0
148,125,4,5,44.6389,53.207,39.1036,45.6667,54.0927,39.5934,1.4424,1.0278,0.8857,0.4898,1.0121,1.0278,0.7125,0.614,0.3395,0.6325,0.9847,0.07129,0.10806,0.6681,1.0179,0.03677,1.5159,0,1,0,0.0,0.0,0.0,0.0,0.0,0.0,1,1,2,1,1.4424,4.127,2.6846,0.3495,1,1,2,1.4424,3.2773,0,0,0,1,2.0,0.771,0.7639,0.1043,0.258,0.1667,0.1969,0.771,431.0,626.0,0.2212,0.2635,1.2654,1.2678,195.0,0.0423,AMBIGUOUS,0
148,120,4,5,44.6389,53.207,39.1036,45.9253,54.1448,35.296,4.127,1.2864,0.9378,-3.8076,3.9214,1.2864,0.3117,0.2272,-0.9226,0.7916,3.0483,0.07129,0.11645,0.6681,1.0969,0.04517,1.6336,0,1,0,0.0,0.0,0.0,0.0,0.0,0.0,1,1,2,2,1.4424,1.4424,-2.6846,2.8612,0,0,2,4.127,0.0848,0,0,0,3,4.0,0.771,0.7639,0.1043,0.4428,0.4253,0.1232,0.771,431.0,660.0,0.2212,0.2782,1.2654,1.2525,229.0,0.057,AMBIGUOUS,0
149,133,4,5,13.2827,71.0786,33.8461,11.2889,71.2981,34.0118,2.0127,-1.9938,0.2195,0.1658,0.2751,1.9938,-0.9906,0.1091,0.0824,1.2269,0.138,0.06732,0.09945,0.6309,0.9368,0.03213,1.4773,1,2,1,0.494,1.1291,0.8919,1.5213,2.7465,1.1924,1,2,2,1,2.0127,3.9201,1.9075,0.5134,1,2,2,2.0127,1.9406,0,0,1,1,2.0,0.3104,0.2827,0.1282,0.247,0.0861,0.2315,0.3104,560.0,650.0,0.1566,0.2236,1.1732,1.2117,90.0,0.067,AMBIGUOUS,0
149,138,4,5,13.2827,71.0786,33.8461,10.1065,70.7632,36.122,3.9201,-3.1762,-0.3153,2.2759,2.2977,3.1762,-0.8102,-0.0804,0.5806,1.9546,0.7234,0.06732,0.08573,0.6309,0.8076,0.01842,1.2736,1,2,1,0.494,1.1291,0.8919,1.5213,4.18,0.9824,1,2,2,2,2.0127,2.0127,-1.9075,1.9477,0,1,2,3.9201,0.2998,0,0,1,1,2.0,0.3104,0.2827,0.1282,0.366,0.3565,0.0831,0.366,560.0,649.0,0.1566,0.1773,1.1732,1.1881,89.0,0.0207,AMBIGUOUS,0
150,11,4,5,53.0945,71.0423,81.3365,57.882,69.9626,80.794,4.9376,4.7875,-1.0797,-0.5425,1.2083,4.7875,0.9696,-0.2187,-0.1099,2.9461,0.2524,0.06685,0.26088,0.6266,2.4574,0.19403,3.9021,1,3,1,-0.3893,0.4599,0.838,1.0321,5.5745,1.5524,0,0,1,1,4.9376,5.0,0.0624,0.9875,0,0,1,4.9376,0.0624,0,0,0,2,3.0,0.5399,0.5305,0.1007,0.6262,0.618,0.1008,0.6262,385.0,886.0,0.2668,0.5675,1.2784,1.5658,501.0,0.3007,AMBIGUOUS,0
152,10,4,5,69.201,70.0056,82.714,68.7686,68.9717,87.2811,4.7027,-0.4325,-1.034,4.5672,4.6828,0.4325,-0.092,-0.2199,0.9712,0.2661,10.828,0.06424,0.26179,0.602,2.4659,0.19755,4.0754,1,2,1,0.005,0.9201,-1.6396,1.8802,6.5218,1.9548,0,0,1,1,4.7027,5.0,0.2973,0.9405,0,0,2,4.7027,0.0264,0,0,0,0,1.0,0.7051,0.674,0.2074,0.5302,0.5186,0.1103,0.7051,326.0,907.0,0.3058,0.5677,1.4779,1.6114,581.0,0.2618,AMBIGUOUS,0
153,117,4,5,27.3875,70.4112,75.1983,30.7878,69.598,77.0404,3.9518,3.4003,-0.8132,1.8421,2.0137,3.4003,0.8604,-0.2058,0.4662,2.0925,0.5922,0.05837,0.11882,0.547,1.1192,0.06044,2.0355,0,1,0,0.0,0.0,0.0,0.0,0.0,0.0,0,1,1,1,3.9518,5.0,1.0482,0.7904,0,2,2,3.7997,-0.1521,0,1,0,1,1.0,0.274,0.2375,0.1366,0.2143,0.0872,0.1958,0.274,556.0,665.0,0.1452,0.2785,1.1261,1.2882,109.0,0.1332,AMBIGUOUS,0
156,150,4,5,63.3375,56.7853,5.4359,58.9946,56.8687,4.3819,4.4697,-4.3429,0.0834,-1.054,1.0573,4.3429,-0.9716,0.0187,-0.2358,2.6725,0.2435,0.05205,0.04438,0.4878,0.418,-0.00767,0.8525,0,1,0,0.0,0.0,0.0,0.0,0.0,0.0,0,0,1,1,4.4697,5.0,0.5303,0.8939,0,1,2,3.4951,-0.9746,0,0,0,0,1.0,0.1827,0.0375,0.1788,0.5022,0.4946,0.0871,0.5022,369.0,338.0,0.2058,0.1757,1.2068,1.1741,-31.0,-0.03,AMBIGUOUS,0
157,89,4,5,34.2142,65.9072,17.8431,32.5878,61.9345,17.7,4.2951,-1.6264,-3.9727,-0.1431,3.9752,1.6264,-0.3787,-0.9249,-0.0333,1.0009,2.4442,0.04238,0.15867,0.3971,1.4946,0.11629,3.7441,0,1,0,0.0,0.0,0.0,0.0,0.0,0.0,0,0,2,1,4.2951,4.8746,0.5795,0.8811,0,0,2,4.2951,0.6053,0,0,0,2,3.0,0.134,0.0892,0.0999,0.269,0.0878,0.2543,0.269,490.0,853.0,0.117,0.2664,1.1071,1.3397,363.0,0.1494,AMBIGUOUS,0
157,66,4,5,34.2142,65.9072,17.8431,36.8618,61.8143,17.8164,4.8746,2.6475,-4.0929,-0.0267,4.093,2.6475,0.5431,-0.8396,-0.0055,1.6293,1.546,0.04238,0.18893,0.3971,1.7796,0.14655,4.4583,0,1,0,0.0,0.0,0.0,0.0,0.0,0.0,0,0,2,2,4.2951,4.2951,-0.5795,1.1349,0,2,3,3.4962,-1.3784,0,0,0,2,3.0,0.134,0.0892,0.0999,0.5206,0.5132,0.087,0.5206,490.0,896.0,0.117,0.3136,1.1071,1.3718,406.0,0.1966,AMBIGUOUS,0
0,16,5,6,98.7662,43.4707,2.9382,95.3064,43.4522,2.1771,3.5426,-3.4598,-0.0186,-0.7612,0.7614,3.4598,-0.9766,-0.0052,-0.2149,2.1291,0.2201,0.32056,0.24662,3.0195,2.3183,-0.07393,0.7694,1,3,1,-0.4726,1.1069,0.6528,1.3692,3.4913,0.7696,0,1,1,1,3.5426,5.0,1.4574,0.7085,0,2,2,3.5426,0.0834,0,0,0,2,3.0,0.371,0.3588,0.0945,0.5872,0.5686,0.1468,0.5872,946.0,844.0,0.8236,0.5833,2.0233,1.6613,-102.0,-0.2403,AMBIGUOUS,0
1,0,5,6,82.7105,53.9016,22.7486,79.4919,54.572,21.8475,3.4089,-3.2186,0.6704,-0.9011,1.1232,3.2186,-0.9442,0.1967,-0.2643,1.9807,0.349,0.30069,0.28529,2.8324,2.6817,-0.0154,0.9488,0,1,0,0.0,0.0,0.0,0.0,0.0,0.0,0,1,2,1,3.4089,4.3323,0.9234,0.7869,0,1,2,3.4089,1.4035,1,1,0,1,1.0,0.2095,0.1645,0.1297,0.2096,0.1331,0.1619,0.2096,1133.0,1040.0,0.8325,0.6083,2.1925,1.9829,-93.0,-0.2242,AMBIGUOUS,0
1,159,5,6,82.7105,53.9016,22.7486,84.587,56.1378,25.9497,4.3323,1.8766,2.2362,3.2011,3.9048,1.8766,0.4332,0.5162,0.7389,1.1548,2.0808,0.30069,0.04281,2.8324,0.4024,-0.25788,0.1424,0,1,0,0.0,0.0,0.0,0.0,0.0,0.0,0,1,2,2,3.4089,3.4089,-0.9234,1.2709,1,1,2,2.4462,-1.8861,1,1,0,0,0.5,0.2095,0.1645,0.1297,0.1256,0.087,0.0905,0.2095,1133.0,276.0,0.8325,0.209,2.1925,1.2588,-857.0,-0.6235,AMBIGUOUS,0
2,2,5,6,93.7488,45.0365,5.0428,93.5549,45.0464,4.952,0.2143,-0.1939,0.0099,-0.0907,0.0913,0.1939,-0.9048,0.0464,-0.4234,0.1193,0.4707,0.2888,0.28271,2.7203,2.6575,-0.00608,0.9789,0,1,0,0.0,0.0,0.0,0.0,0.0,0.0,1,3,3,1,0.2143,3.6261,3.4117,0.0591,1,1,1,0.2143,4.7857,0,0,0,2,3.0,0.5316,0.5012,0.1773,0.7009,0.6951,0.0904,0.7009,992.0,950.0,0.7334,0.6935,1.886,1.8218,-42.0,-0.0399,AMBIGUOUS,0
2,16,5,6,93.7488,45.0365,5.0428,95.3064,43.4522,2.1771,3.6261,1.5576,-1.5843,-2.8657,3.2745,1.5576,0.4296,-0.4369,-0.7903,0.9585,2.1023,0.2888,0.24662,2.7203,2.3183,-0.04217,0.854,0,1,0,0.0,0.0,0.0,0.0,0.0,0.0,1,3,3,2,0.2143,0.2143,-3.4117,16.9198,0,2,2,3.5426,-0.0834,0,0,0,2,3.0,0.5316,0.5012,0.1773,0.5872,0.5686,0.1468,0.5872,992.0,844.0,0.7334,0.5833,1.886,1.6613,-148.0,-0.1501,AMBIGUOUS,0
2,25,5,6,93.7488,45.0365,5.0428,91.1206,44.2267,2.5221,3.7306,-2.6282,-0.8098,-2.5207,2.6476,2.6282,-0.7045,-0.2171,-0.6757,1.6174,1.0074,0.2888,0.24079,2.7203,2.2635,-0.048,0.8338,0,1,0,0.0,0.0,0.0,0.0,0.0,0.0,1,3,3,3,0.2143,0.2143,-3.5163,17.4075,0,1,1,3.7306,1.2694,0,0,0,2,3.0,0.5316,0.5012,0.1773,0.1571,0.1206,0.1007,0.5316,992.0,960.0,0.7334,0.4522,1.886,1.5142,-32.0,-0.2812,AMBIGUOUS,0
3,8,5,6,98.5505,56.4584,52.9674,93.8462,57.1597,52.7743,4.7602,-4.7043,0.7014,-0.1931,0.7275,4.7043,-0.9883,0.1473,-0.0406,2.8949,0.1546,0.27599,0.25725,2.5997,2.4181,-0.01875,0.9321,1,2,1,-1.1298,0.7039,-0.0224,1.3313,3.5786,0.0828,0,0,1,1,4.7602,5.0,0.2398,0.952,1,1,3,0.8343,-3.9259,0,1,0,2,1.5,0.5952,0.5745,0.1553,0.4234,0.4038,0.1274,0.5952,898.0,902.0,0.6401,0.5093,1.8003,1.5974,4.0,-0.1308,AMBIGUOUS,0
4,4,5,6,94.3468,57.6436,56.9193,92.9622,58.1353,57.494,1.5776,-1.3846,0.4917,0.5746,0.7563,1.3846,-0.8776,0.3116,0.3642,0.852,0.5462,0.27231,0.27094,2.565,2.5469,-0.00137,0.995,0,1,0,0.0,0.0,0.0,0.0,0.0,0.0,1,1,2,1,1.5776,4.2031,2.6254,0.3754,1,1,1,1.5776,3.4224,0,1,0,1,1.0,0.1151,0.0968,0.0624,0.391,0.3372,0.1979,0.391,1018.0,962.0,0.6415,0.6686,1.7837,1.7887,-56.0,0.0271,AMBIGUOUS,0
4,8,5,6,94.3468,57.6436,56.9193,93.8462,57.1597,52.7743,4.2031,-0.5006,-0.4839,-4.145,4.1732,0.5006,-0.1191,-0.1151,-0.9862,0.308,8.337,0.27231,0.25725,2.565,2.4181,-0.01506,0.9447,0,1,0,0.0,0.0,0.0,0.0,0.0,0.0,1,1,2,2,1.5776,1.5776,-2.6254,2.6642,1,1,3,0.8343,-3.3688,0,1,0,2,1.5,0.1151,0.0968,0.0624,0.4234,0.4038,0.1274,0.4234,1018.0,902.0,0.6415,0.5093,1.7837,1.5974,-116.0,-0.1322,AMBIGUOUS,0
5,3,5,6,49.9076,62.7342,26.8662,45.1274,62.7577,25.6972,4.9211,-4.7802,0.0235,-1.169,1.1692,4.7802,-0.9714,0.0048,-0.2375,2.9417,0.2446,0.27106,0.27228,2.5533,2.5595,0.00122,1.0045,0,1,0,0.0,0.0,0.0,0.0,0.0,0.0,0,0,1,1,4.9211,5.0,0.0789,0.9842,1,2,3,1.1907,-3.7304,0,1,0,1,1.0,0.5009,0.4674,0.1799,0.4332,0.3726,0.2209,0.5009,945.0,968.0,0.6171,0.6368,1.7648,1.759,23.0,0.0197,AMBIGUOUS,0
6,159,5,6,82.8878,54.5202,25.257,84.587,56.1378,25.9497,2.4462,1.6992,1.6176,0.6927,1.7597,1.6992,0.6946,0.6613,0.2832,1.0457,1.0356,0.2692,0.04281,2.5358,0.4024,-0.2264,0.159,0,1,0,0.0,0.0,0.0,0.0,0.0,0.0,1,1,2,1,2.4462,4.8124,2.3662,0.5083,1,1,2,2.4462,1.8861,1,2,0,0,0.3333,0.1087,0.0128,0.108,0.1256,0.087,0.0905,0.1256,1098.0,276.0,0.6598,0.209,1.9434,1.2588,-822.0,-0.4508,AMBIGUOUS,0
6,0,5,6,82.8878,54.5202,25.257,79.4919,54.572,21.8475,4.8124,-3.3959,0.0518,-3.4095,3.4099,3.3959,-0.7057,0.0108,-0.7085,2.0898,1.0041,0.2692,0.28529,2.5358,2.6817,0.01608,1.0597,0,1,0,0.0,0.0,0.0,0.0,0.0,0.0,1,1,2,2,2.4462,2.4462,-2.3662,1.9673,0,1,2,3.4089,-1.4035,1,2,0,1,0.6667,0.1087,0.0128,0.108,0.2096,0.1331,0.1619,0.2096,1098.0,1040.0,0.6598,0.6083,1.9434,1.9829,-58.0,-0.0515,AMBIGUOUS,0
7,11,5,6,51.5106,55.8468,3.5619,48.0812,55.7518,2.4248,3.6142,-3.4293,-0.0949,-1.1371,1.1411,3.4293,-0.9489,-0.0263,-0.3146,2.1104,0.3327,0.2663,0.25532,2.5084,2.4,-0.01097,0.9588,0,1,0,0.0,0.0,0.0,0.0,0.0,0.0,0,1,1,1,3.6142,5.0,1.3858,0.7228,1,2,2,2.5439,-1.0703,0,0,0,0,1.0,0.5336,0.4894,0.2126,0.6757,0.6688,0.0964,0.6757,951.0,1005.0,0.608,0.6818,1.8313,1.9213,54.0,0.0739,AMBIGUOUS,0
8,31,5,6,69.4131,51.2665,3.4127,67.5303,52.1651,2.7886,2.1776,-1.8828,0.8986,-0.6241,1.0941,1.8828,-0.8646,0.4127,-0.2866,1.1586,0.5811,0.26428,0.23504,2.4894,2.2093,-0.02925,0.8893,1,2,1,-2.2289,0.3735,0.0443,2.2605,0.9178,0.0849,1,1,1,1,2.1776,5.0,2.8224,0.4355,1,1,3,2.1776,2.3757,0,1,0,0,0.5,0.496,0.4619,0.1809,0.7404,0.7197,0.174,0.7404,1054.0,801.0,0.6264,0.5558,1.8326,1.809,-253.0,-0.0707,AMBIGUOUS,0
9,8,5,6,94.0599,56.7154,52.1013,93.8462,57.1597,52.7743,0.8343,-0.2137,0.4444,0.673,0.8065,0.2137,-0.2561,0.5326,0.8067,0.1315,3.7743,0.26242,0.25725,2.4719,2.4181,-0.00518,0.9803,0,1,0,0.0,0.0,0.0,0.0,0.0,0.0,1,1,2,1,0.8343,4.3424,3.5081,0.1921,1,1,3,0.8343,3.3688,0,2,0,2,1.0,0.2681,0.1901,0.1891,0.4234,0.4038,0.1274,0.4234,939.0,902.0,0.6206,0.5093,1.8072,1.5974,-37.0,-0.1113,AMBIGUOUS,0
9,23,5,6,94.0599,56.7154,52.1013,89.8475,57.6548,52.5804,4.3424,-4.2124,0.9394,0.4791,1.0545,4.2124,-0.9701,0.2163,0.1103,2.5923,0.2503,0.26242,0.24231,2.4719,2.2777,-0.02011,0.9234,0,1,0,0.0,0.0,0.0,0.0,0.0,0.0,1,1,2,2,0.8343,0.8343,-3.5081,5.2047,0,0,1,4.3424,0.6576,0,2,1,2,1.0,0.2681,0.1901,0.1891,0.5046,0.4725,0.1772,0.5046,939.0,905.0,0.6206,0.5135,1.8072,1.5423,-34.0,-0.1071,AMBIGUOUS,0
10,51,5,6,68.7686,68.9717,87.2811,67.9343,69.4059,86.6031,1.1594,-0.8342,0.4342,-0.678,0.8052,0.8342,-0.7195,0.3745,-0.5848,0.5134,0.9651,0.26179,0.20987,2.4659,1.9728,-0.05192,0.8017,0,1,0,0.0,0.0,0.0,0.0,0.0,0.0,1,2,3,1,1.1594,3.9026,2.7432,0.2971,1,1,1,1.1594,3.8406,0,0,0,2,3.0,0.5302,0.5186,0.1103,0.3298,0.3157,0.0955,0.5302,907.0,804.0,0.5677,0.4478,1.6114,1.5089,-103.0,-0.1199,AMBIGUOUS,0
10,35,5,6,68.7686,68.9717,87.2811,65.085,69.5035,88.4554,3.9026,-3.6836,0.5318,1.1743,1.2891,3.6836,-0.9439,0.1363,0.3009,2.2668,0.35,0.26179,0.22882,2.4659,2.1509,-0.03297,0.874,0,1,0,0.0,0.0,0.0,0.0,0.0,0.0,1,2,3,2,1.1594,1.1594,-2.7432,3.366,0,1,1,3.9026,1.0974,0,0,0,2,3.0,0.5302,0.5186,0.1103,0.1411,0.085,0.1126,0.5302,907.0,846.0,0.5677,0.527,1.6114,1.5734,-61.0,-0.0406,AMBIGUOUS,0
10,21,5,6,68.7686,68.9717,87.2811,65.107,68.9256,85.4712,4.0847,-3.6615,-0.0461,-1.8099,1.8105,3.6615,-0.8964,-0.0113,-0.4431,2.2533,0.4945,0.26179,0.2432,2.4659,2.2861,-0.01859,0.929,0,1,0,0.0,0.0,0.0,0.0,0.0,0.0,1,2,3,3,1.1594,1.1594,-2.9253,3.5231,0,0,1,4.0847,0.9153,0,0,0,2,3.0,0.5302,0.5186,0.1103,0.2353,0.107,0.2096,0.5302,907.0,792.0,0.5677,0.5594,1.6114,1.5854,-115.0,-0.0083,AMBIGUOUS,0
11,155,5,6,57.882,69.9626,80.794,59.7171,70.6137,79.369,2.413,1.8351,0.6511,-1.425,1.5667,1.8351,0.7605,0.2698,-0.5906,1.1293,0.8537,0.26088,0.04596,2.4574,0.432,-0.21492,0.1762,0,1,0,0.0,0.0,0.0,0.0,0.0,0.0,1,2,3,1,2.413,3.9272,1.5142,0.6144,1,2,3,2.413,1.2625,0,2,0,1,0.6667,0.6262,0.618,0.1008,0.4409,0.4079,0.1674,0.6262,886.0,264.0,0.5675,0.239,1.5658,1.518,-622.0,-0.3285,AMBIGUOUS,0
11,160,5,6,57.882,69.9626,80.794,60.1199,71.918,83.3614,3.9272,2.2379,1.9553,2.5674,3.2272,2.2379,0.5698,0.4979,0.6537,1.3772,1.4421,0.26088,0.04104,2.4574,0.3858,-0.21984,0.1573,0,1,0,0.0,0.0,0.0,0.0,0.0,0.0,1,2,3,2,2.413,2.413,-1.5142,1.6275,0,1,1,3.9272,1.0728,0,2,0,1,0.6667,0.6262,0.618,0.1008,0.0811,0.0051,0.081,0.6262,886.0,308.0,0.5675,0.1826,1.5658,1.18,-578.0,-0.3848,AMBIGUOUS,0
11,6,5,6,57.882,69.9626,80.794,53.1702,70.2604,81.4159,4.7619,-4.7118,0.2977,0.6219,0.6895,4.7118,-0.9895,0.0625,0.1306,2.8995,0.1463,0.26088,0.26202,2.4574,2.463,0.00114,1.0044,0,1,0,0.0,0.0,0.0,0.0,0.0,0.0,1,2,3,3,2.413,2.413,-2.349,1.9735,0,0,1,4.7619,0.2381,0,2,0,1,0.6667,0.6262,0.618,0.1008,0.4845,0.4548,0.1672,0.6262,886.0,886.0,0.5675,0.5475,1.5658,1.564,0.0,-0.0199,AMBIGUOUS,0
12,10,5,6,78.4293,55.1803,26.9203,77.3064,55.7185,25.8006,1.6746,-1.1229,0.5382,-1.1198,1.2424,1.1229,-0.6705,0.3214,-0.6687,0.691,1.1064,0.25598,0.25576,2.4113,2.4042,-0.00022,0.9991,0,1,0,0.0,0.0,0.0,0.0,0.0,0.0,1,1,1,1,1.6746,5.0,3.3254,0.3349,1,1,1,1.6746,3.3254,0,1,0,1,1.0,0.448,0.4293,0.1284,0.7244,0.6936,0.2089,0.7244,1104.0,1008.0,0.6176,0.6563,1.8012,1.9284,-96.0,0.0387,AMBIGUOUS,0
13,154,5,6,24.7632,72.6342,57.8848,27.3323,73.0346,58.9865,2.8238,2.5691,0.4003,1.1017,1.1721,2.5691,0.9098,0.1418,0.3901,1.581,0.4562,0.25586,0.04643,2.4101,0.4364,-0.20943,0.1815,0,1,0,0.0,0.0,0.0,0.0,0.0,0.0,1,1,1,1,2.8238,5.0,2.1762,0.5648,2,2,2,2.8238,0.0655,0,1,0,0,0.5,0.4436,0.3882,0.2147,0.3167,0.2927,0.1209,0.4436,961.0,307.0,0.6516,0.2013,1.757,1.2599,-654.0,-0.4503,AMBIGUOUS,0
14,75,5,6,59.9614,56.3701,14.759,59.3963,57.7437,14.8941,1.4915,-0.5651,1.3737,0.1351,1.3803,0.5651,-0.3789,0.921,0.0906,0.3478,2.4424,0.255,0.18575,2.4019,1.746,-0.06925,0.7284,0,1,0,0.0,0.0,0.0,0.0,0.0,0.0,1,2,3,1,1.4915,3.9436,2.4521,0.3782,1,1,2,1.4915,2.5326,0,1,0,2,1.5,0.2333,0.1636,0.1664,0.7436,0.7287,0.1483,0.7436,970.0,784.0,0.598,0.3438,1.6781,1.4392,-186.0,-0.2542,AMBIGUOUS,0
14,28,5,6,59.9614,56.3701,14.759,56.2542,56.8301,13.4951,3.9436,-3.7072,0.46,-1.2638,1.3449,3.7072,-0.94,0.1166,-0.3205,2.2814,0.3628,0.255,0.23692,2.4019,2.227,-0.01808,0.9291,0,1,0,0.0,0.0,0.0,0.0,0.0,0.0,1,2,3,2,1.4915,1.4915,-2.4521,2.6441,0,1,1,3.9436,1.0564,0,1,0,2,1.5,0.2333,0.1636,0.1664,0.6287,0.6208,0.0996,0.6287,970.0,944.0,0.598,0.5329,1.6781,1.6323,-26.0,-0.0651,AMBIGUOUS,0
14,43,5,6,59.9614,56.3701,14.759,56.0546,57.6554,17.5152,4.951,-3.9068,1.2853,2.7563,3.0412,3.9068,-0.7891,0.2596,0.5567,2.4042,0.7784,0.255,0.22078,2.4019,2.0753,-0.03422,0.8658,0,1,0,0.0,0.0,0.0,0.0,0.0,0.0,1,2,3,3,1.4915,1.4915,-3.4595,3.3195,1,1,2,2.6179,-2.3331,0,1,0,2,1.5,0.2333,0.1636,0.1664,0.8066,0.8046,0.0565,0.8066,970.0,1021.0,0.598,0.5295,1.6781,1.6097,51.0,-0.0685,AMBIGUOUS,0
15,22,5,6,74.9808,62.3308,51.3415,71.1161,62.5657,50.6601,3.9313,-3.8647,0.2349,-0.6815,0.7208,3.8647,-0.983,0.0598,-0.1733,2.3783,0.1865,0.24943,0.24277,2.3495,2.2821,-0.00666,0.9733,0,1,0,0.0,0.0,0.0,0.0,0.0,0.0,0,1,1,1,3.9313,5.0,1.0687,0.7863,0,1,1,3.9313,1.0687,0,0,0,0,1.0,0.3279,0.2308,0.2328,0.4026,0.3839,0.1212,0.4026,849.0,791.0,0.5912,0.6255,1.5626,1.6481,-58.0,0.0343,AMBIGUOUS,0
16,64,5,6,84.1883,55.499,35.0153,84.5338,55.7447,35.1774,0.4539,0.3455,0.2456,0.1622,0.2943,0.3455,0.7612,0.5412,0.3573,0.2126,0.8519,0.24843,0.1989,2.3401,1.8697,-0.04953,0.8006,0,1,0,0.0,0.0,0.0,0.0,0.0,0.0,1,1,3,1,0.4539,4.2883,3.8345,0.1058,1,1,1,0.4539,4.5461,0,0,0,2,3.0,0.3577,0.3117,0.1754,0.1914,0.0338,0.1884,0.3577,905.0,809.0,0.5397,0.3969,1.601,1.4778,-96.0,-0.1429,AMBIGUOUS,0
16,5,5,6,84.1883,55.499,35.0153,80.1033,56.4024,34.0735,4.2883,-4.085,0.9034,-0.9417,1.305,4.085,-0.9526,0.2107,-0.2196,2.5138,0.3195,0.24843,0.26358,2.3401,2.4777,0.01515,1.061,0,1,0,0.0,0.0,0.0,0.0,0.0,0.0,1,1,3,2,0.4539,0.4539,-3.8345,9.4481,0,0,1,4.2883,0.7117,0,0,0,1,2.0,0.3577,0.3117,0.1754,0.4856,0.4783,0.084,0.4856,905.0,951.0,0.5397,0.5997,1.601,1.6353,46.0,0.0599,AMBIGUOUS,0
16,85,5,6,84.1883,55.499,35.0153,85.6489,56.9657,39.1053,4.5839,1.4606,1.4667,4.09,4.345,1.4606,0.3186,0.32,0.8922,0.8988,2.9748,0.24843,0.16741,2.3401,1.5737,-0.08102,0.6739,0,1,0,0.0,0.0,0.0,0.0,0.0,0.0,1,1,3,3,0.4539,0.4539,-4.1301,10.0994,1,1,2,2.2178,-2.3662,0,0,0,3,4.0,0.3577,0.3117,0.1754,0.496,0.4761,0.1389,0.496,905.0,712.0,0.5397,0.3773,1.601,1.4203,-193.0,-0.1624,AMBIGUOUS,0
17,18,5,6,74.4696,63.6913,60.9848,71.1156,63.7992,61.3734,3.3782,-3.354,0.1078,0.3886,0.4033,3.354,-0.9928,0.0319,0.115,2.064,0.1202,0.2482,0.24583,2.338,2.3108,-0.00237,0.9904,1,2,1,-1.0807,0.2355,-0.9118,1.4334,2.6221,0.3194,0,1,1,1,3.3782,5.0,1.6218,0.6756,0,1,2,3.3782,1.0944,0,1,0,1,1.0,0.2982,0.2804,0.1016,0.3859,0.3844,0.0347,0.3859,981.0,940.0,0.5412,0.4806,1.5872,1.4747,-41.0,-0.0606,AMBIGUOUS,0
18,91,5,6,92.2335,47.4847,11.4085,92.4681,48.0919,12.0915,0.9435,0.2347,0.6072,0.683,0.9139,0.2347,0.2487,0.6435,0.7239,0.1444,3.8945,0.24796,0.16178,2.3357,1.5207,-0.08619,0.6524,0,1,0,0.0,0.0,0.0,0.0,0.0,0.0,1,1,1,1,0.9435,5.0,4.0565,0.1887,1,1,1,0.9435,4.0565,0,0,0,0,1.0,0.3957,0.3915,0.0574,0.2401,0.1569,0.1818,0.3957,778.0,563.0,0.5988,0.4849,1.6185,1.672,-215.0,-0.1139,AMBIGUOUS,0
19,17,5,6,68.0025,57.66,26.3162,64.5332,57.9079,26.6414,3.4933,-3.4693,0.2479,0.3252,0.409,3.4693,-0.9931,0.071,0.0931,2.135,0.1179,0.24584,0.24659,2.3157,2.3179,0.00074,1.003,0,1,0,0.0,0.0,0.0,0.0,0.0,0.0,0,1,1,1,3.4933,5.0,1.5067,0.6987,1,2,3,1.3186,-2.1747,1,2,0,1,0.6667,0.2648,0.2475,0.0942,0.5308,0.4668,0.2526,0.5308,1059.0,1024.0,0.5197,0.6394,1.6355,1.8166,-35.0,0.1197,AMBIGUOUS,0
20,41,5,6,84.5753,64.0215,72.241,81.0598,64.0839,71.0197,3.7222,-3.5155,0.0624,-1.2214,1.223,3.5155,-0.9445,0.0168,-0.3281,2.1634,0.3479,0.24554,0.22266,2.3129,2.093,-0.02288,0.9068,0,1,0,0.0,0.0,0.0,0.0,0.0,0.0,0,1,2,1,3.7222,4.5775,0.8553,0.8131,0,1,1,3.7222,1.2778,0,1,0,2,1.5,0.1958,0.0753,0.1808,0.2289,0.1902,0.1274,0.2289,902.0,884.0,0.5455,0.4915,1.5598,1.5598,-18.0,-0.054,AMBIGUOUS,0
20,57,5,6,84.5753,64.0215,72.241,84.0067,63.2168,67.7708,4.5775,-0.5686,-0.8047,-4.4702,4.542,0.5686,-0.1242,-0.1758,-0.9766,0.3499,7.988,0.24554,0.20508,2.3129,1.9278,-0.04046,0.8352,0,1,0,0.0,0.0,0.0,0.0,0.0,0.0,0,1,2,2,3.7222,3.7222,-0.8553,1.2298,1,1,2,1.3586,-3.219,0,1,1,2,1.5,0.1958,0.0753,0.1808,0.5231,0.4933,0.1742,0.5231,902.0,907.0,0.5455,0.3745,1.5598,1.3196,5.0,-0.171,AMBIGUOUS,0
21,14,5,6,39.1758,58.3661,7.2063,38.538,59.7802,7.7473,1.6429,-0.6378,1.4141,0.541,1.514,0.6378,-0.3882,0.8607,0.3293,0.3925,2.3738,0.24213,0.24905,2.2808,2.3411,0.00692,1.0286,0,1,0,0.0,0.0,0.0,0.0,0.0,0.0,2,2,2,1,1.6429,2.3953,0.7524,0.6859,1,2,3,1.6429,2.3272,1,2,1,1,0.6667,0.2452,0.1758,0.1709,0.4669,0.462,0.0678,0.4669,889.0,885.0,0.4583,0.5228,1.5176,1.5708,-4.0,0.0645,AMBIGUOUS,0
21,33,5,6,39.1758,58.3661,7.2063,37.329,58.7773,5.7373,2.3953,-1.8468,0.4112,-1.4689,1.5254,1.8468,-0.771,0.1717,-0.6133,1.1365,0.826,0.24213,0.23183,2.2808,2.1792,-0.0103,0.9575,0,1,0,0.0,0.0,0.0,0.0,0.0,0.0,2,2,2,2,1.6429,1.6429,-0.7524,1.458,1,1,2,2.3953,2.1393,1,2,1,2,1.0,0.2452,0.1758,0.1709,0.1457,0.046,0.1383,0.2452,889.0,976.0,0.4583,0.4957,1.5176,1.5849,87.0,0.0374,AMBIGUOUS,0
22,14,5,6,42.9303,59.4053,9.1632,38.538,59.7802,7.7473,4.6301,-4.3923,0.3749,-1.4159,1.4647,4.3923,-0.9486,0.081,-0.3058,2.7029,0.3335,0.23999,0.24905,2.2606,2.3411,0.00906,1.0377,0,1,0,0.0,0.0,0.0,0.0,0.0,0.0,0,0,2,1,4.6301,4.8863,0.2562,0.9476,1,2,3,1.6429,-2.9872,0,2,1,1,0.6667,0.7099,0.6803,0.203,0.4669,0.462,0.0678,0.7099,1004.0,885.0,0.5327,0.5228,1.5838,1.5708,-119.0,-0.0099,AMBIGUOUS,0
22,34,5,6,42.9303,59.4053,9.1632,47.0911,58.6471,11.6104,4.8863,4.1608,-0.7582,2.4472,2.562,4.1608,0.8515,-0.1552,0.5008,2.5605,0.6157,0.23999,0.2292,2.2606,2.1545,-0.01079,0.955,0,1,0,0.0,0.0,0.0,0.0,0.0,0.0,0,0,2,2,4.6301,4.6301,-0.2562,1.0553,0,1,2,3.6296,-1.2567,0,2,0,1,0.6667,0.7099,0.6803,0.203,0.228,0.0339,0.2254,0.7099,1004.0,884.0,0.5327,0.4769,1.5838,1.4482,-120.0,-0.0558,AMBIGUOUS,0
23,9,5,6,66.9605,52.577,7.2873,63.338,52.2189,6.1753,3.8062,-3.6225,-0.358,-1.112,1.1682,3.6225,-0.9517,-0.0941,-0.2922,2.2292,0.3225,0.23929,0.25587,2.254,2.4052,0.01658,1.0693,0,1,0,0.0,0.0,0.0,0.0,0.0,0.0,0,1,2,1,3.8062,4.5533,0.7471,0.8359,1,2,2,1.2514,-2.5548,0,2,0,1,0.6667,0.3773,0.3355,0.1726,0.2076,0.037,0.2043,0.3773,953.0,1115.0,0.5027,0.6172,1.66,1.8393,162.0,0.1144,AMBIGUOUS,0
23,31,5,6,66.9605,52.577,7.2873,67.5303,52.1651,2.7886,4.5533,0.5698,-0.4119,-4.4986,4.5175,0.5698,0.1251,-0.0905,-0.988,0.3507,7.928,0.23929,0.23504,2.254,2.2093,-0.00425,0.9822,0,1,0,0.0,0.0,0.0,0.0,0.0,0.0,0,1,2,2,3.8062,3.8062,-0.7471,1.1963,1,1,3,2.1776,-2.3757,0,2,0,0,0.3333,0.3773,0.3355,0.1726,0.7404,0.7197,0.174,0.7404,953.0,801.0,0.5027,0.5558,1.66,1.809,-152.0,0.053,AMBIGUOUS,0
24,24,5,6,14.0827,72.3248,52.9413,11.0039,72.4403,54.8524,3.6255,-3.0787,0.1155,1.9111,1.9146,3.0787,-0.8492,0.0319,0.5271,1.8946,0.6219,0.23779,0.24164,2.2399,2.2714,0.00385,1.0162,0,1,0,0.0,0.0,0.0,0.0,0.0,0.0,0,1,2,1,3.6255,4.3581,0.7326,0.8319,0,1,1,3.6255,1.3745,0,1,0,0,0.5,0.5576,0.5423,0.1294,0.3925,0.3711,0.1281,0.5576,965.0,976.0,0.5315,0.4913,1.5507,1.5213,11.0,-0.0402,AMBIGUOUS,0
24,145,5,6,14.0827,72.3248,52.9413,15.989,73.7919,49.3072,4.3581,1.9063,1.4671,-3.6341,3.9191,1.9063,0.4374,0.3366,-0.8339,1.1731,2.0558,0.23779,0.06593,2.2399,0.6198,-0.17186,0.2773,0,1,0,0.0,0.0,0.0,0.0,0.0,0.0,0,1,2,2,3.6255,3.6255,-0.7326,1.2021,1,1,2,2.7,-1.6581,0,1,0,0,0.5,0.5576,0.5423,0.1294,0.3348,0.261,0.2097,0.5576,965.0,466.0,0.5315,0.1907,1.5507,1.1535,-499.0,-0.3408,AMBIGUOUS,0
25,9,5,6,63.7771,51.1514,5.6918,63.338,52.2189,6.1753,1.2514,-0.4391,1.0675,0.4835,1.1719,0.4391,-0.3508,0.853,0.3863,0.2702,2.6691,0.23694,0.25587,2.2319,2.4052,0.01893,1.0799,0,1,0,0.0,0.0,0.0,0.0,0.0,0.0,1,1,2,1,1.2514,4.8521,3.6006,0.2579,1,2,2,1.2514,2.5548,0,1,0,1,1.0,0.4037,0.4021,0.0363,0.2076,0.037,0.2043,0.4037,893.0,1115.0,0.4378,0.6172,1.6372,1.8393,222.0,0.1793,AMBIGUOUS,0
25,31,5,6,63.7771,51.1514,5.6918,67.5303,52.1651,2.7886,4.8521,3.7532,1.0137,-2.9032,3.075,3.7532,0.7735,0.2089,-0.5983,2.3097,0.8193,0.23694,0.23504,2.2319,2.2093,-0.00191,0.992,0,1,0,0.0,0.0,0.0,0.0,0.0,0.0,1,1,2,2,1.2514,1.2514,-3.6006,3.8772,1,1,3,2.1776,-2.6745,0,1,0,0,0.5,0.4037,0.4021,0.0363,0.7404,0.7197,0.174,0.7404,893.0,801.0,0.4378,0.5558,1.6372,1.809,-92.0,0.1179,AMBIGUOUS,0
26,32,5,6,72.086,64.498,65.6832,69.7821,64.5984,65.1384,2.3695,-2.3038,0.1004,-0.5448,0.554,2.3038,-0.9723,0.0424,-0.2299,1.4177,0.2405,0.23553,0.23214,2.2186,2.1821,-0.00339,0.9856,0,1,0,0.0,0.0,0.0,0.0,0.0,0.0,1,1,2,1,2.3695,4.4726,2.1031,0.5298,1,1,2,2.3695,2.106,1,1,0,1,1.0,0.6076,0.586,0.1609,0.1667,0.0929,0.1384,0.6076,914.0,919.0,0.5259,0.4646,1.5554,1.5006,5.0,-0.0613,AMBIGUOUS,0
26,18,5,6,72.086,64.498,65.6832,71.1156,63.7992,61.3734,4.4726,-0.9703,-0.6988,-4.3097,4.366,0.9703,-0.217,-0.1562,-0.9636,0.5971,4.4996,0.23553,0.24583,2.2186,2.3108,0.0103,1.0437,0,1,0,0.0,0.0,0.0,0.0,0.0,0.0,1,1,2,2,2.3695,2.3695,-2.1031,1.8876,0,1,2,3.3782,-1.0944,1,1,0,1,1.0,0.6076,0.586,0.1609,0.3859,0.3844,0.0347,0.6076,914.0,940.0,0.5259,0.4806,1.5554,1.4747,26.0,-0.0454,AMBIGUOUS,0
27,86,5,6,60.0626,61.1178,32.6577,60.2301,62.4942,34.362,2.1971,0.1675,1.3764,1.7043,2.1907,0.1675,0.0762,0.6265,0.7757,0.1031,13.0793,0.23465,0.16715,2.2103,1.5712,-0.0675,0.7123,1,2,1,-2.3389,0.1292,-0.0931,2.3443,3.3269,1.0723,1,1,3,1,2.1971,4.8958,2.6987,0.4488,1,1,2,2.1971,2.0099,0,0,1,1,2.0,0.2476,0.0624,0.2396,0.2106,0.1051,0.1825,0.2476,893.0,765.0,0.4863,0.3917,1.4477,1.3925,-128.0,-0.0946,AMBIGUOUS,0
27,92,5,6,60.0626,61.1178,32.6577,59.7237,62.9519,37.1843,4.8958,-0.3389,1.834,4.5266,4.884,0.3389,-0.0692,0.3746,0.9246,0.2085,14.4121,0.23465,0.16142,2.2103,1.5174,-0.07323,0.6879,1,2,1,-2.3389,0.1292,-0.0931,2.3443,5.3149,0.947,1,1,3,2,2.1971,2.1971,-2.6987,2.2283,1,1,2,1.9371,-2.9587,0,0,1,2,3.0,0.2476,0.0624,0.2396,0.4446,0.4013,0.1914,0.4446,893.0,670.0,0.4863,0.4167,1.4477,1.5537,-223.0,-0.0696,AMBIGUOUS,0
27,46,5,6,60.0626,61.1178,32.6577,55.4723,62.0586,31.2222,4.9007,-4.5904,0.9408,-1.4355,1.7163,4.5904,-0.9367,0.192,-0.2929,2.8248,0.3739,0.23465,0.21651,2.2103,2.0352,-0.01815,0.9227,1,2,1,-2.3389,0.1292,-0.0931,2.3443,2.744,0.0433,1,1,3,3,2.1971,2.1971,-2.7036,2.2306,0,0,1,4.9007,0.0993,0,0,0,0,1.0,0.2476,0.0624,0.2396,0.2498,0.2223,0.1141,0.2498,893.0,884.0,0.4863,0.4475,1.4477,1.5043,-9.0,-0.0388,AMBIGUOUS,0
28,17,5,6,63.7087,56.9935,27.1132,64.5332,57.9079,26.6414,1.3186,0.8246,0.9145,-0.4718,1.029,0.8246,0.6253,0.6935,-0.3578,0.5074,1.2479,0.23413,0.24659,2.2054,2.3179,0.01245,1.0532,0,1,0,0.0,0.0,0.0,0.0,0.0,0.0,1,1,3,1,1.3186,4.4433,3.1247,0.2968,1,2,3,1.3186,2.1747,0,1,0,1,1.0,0.3694,0.3337,0.1586,0.5308,0.4668,0.2526,0.5308,931.0,1024.0,0.4547,0.6394,1.5716,1.8166,93.0,0.1848,AMBIGUOUS,0
28,55,5,6,63.7087,56.9935,27.1132,64.3514,57.7283,22.7785,4.4433,0.6427,0.7348,-4.3347,4.3965,0.6427,0.1447,0.1654,-0.9756,0.3955,6.8402,0.23413,0.20695,2.2054,1.9454,-0.02718,0.8839,0,1,0,0.0,0.0,0.0,0.0,0.0,0.0,1,1,3,2,1.3186,1.3186,-3.1247,3.3696,0,1,2,3.5433,-0.8999,0,1,0,1,1.0,0.3694,0.3337,0.1586,0.6505,0.6486,0.0498,0.6505,931.0,1152.0,0.4547,0.5702,1.5716,1.7812,221.0,0.1155,AMBIGUOUS,0
28,7,5,6,63.7087,56.9935,27.1132,58.9891,57.2197,25.8338,4.8951,-4.7195,0.2262,-1.2794,1.2993,4.7195,-0.9641,0.0462,-0.2614,2.9043,0.2753,0.23413,0.25803,2.2054,2.4255,0.0239,1.1021,0,1,0,0.0,0.0,0.0,0.0,0.0,0.0,1,1,3,3,1.3186,1.3186,-3.5765,3.7123,0,0,1,4.8951,0.1049,0,1,0,0,0.5,0.3694,0.3337,0.1586,0.5202,0.4891,0.1772,0.5202,931.0,906.0,0.4547,0.5205,1.5716,1.8097,-25.0,0.0658,AMBIGUOUS,0
30,32,5,6,74.2344,64.2595,65.4437,69.7821,64.5984,65.1384,4.4755,-4.4522,0.3389,-0.3053,0.4561,4.4522,-0.9948,0.0757,-0.0682,2.7398,0.1024,0.23359,0.23214,2.2003,2.1821,-0.00145,0.9938,1,2,1,-1.0899,0.025,-1.3061,1.7013,3.5222,0.3092,0,0,1,1,4.4755,5.0,0.5245,0.8951,1,1,2,2.3695,-2.106,1,2,0,1,0.6667,0.522,0.5156,0.0811,0.1667,0.0929,0.1384,0.522,974.0,919.0,0.4832,0.4646,1.5479,1.5006,-55.0,-0.0185,AMBIGUOUS,0
31,14,5,6,41.7462,57.9311,6.3156,38.538,59.7802,7.7473,3.9701,-3.2082,1.8492,1.4317,2.3386,3.2082,-0.8081,0.4658,0.3606,1.9743,0.7289,0.23273,0.24905,2.1922,2.3411,0.01632,1.0701,1,2,1,-0.781,-0.0555,-1.8769,2.0336,4.5239,1.0352,0,1,2,1,3.9701,4.5346,0.5645,0.8755,1,2,3,1.6429,-2.3272,1,2,1,1,0.6667,0.5606,0.5038,0.2459,0.4669,0.462,0.0678,0.5606,929.0,885.0,0.4697,0.5228,1.5197,1.5708,-44.0,0.0531,AMBIGUOUS,0
31,33,5,6,41.7462,57.9311,6.3156,37.329,58.7773,5.7373,4.5346,-4.4172,0.8462,-0.5783,1.0249,4.4172,-0.9741,0.1866,-0.1275,2.7183,0.232,0.23273,0.23183,2.1922,2.1792,-0.00089,0.9962,1,2,1,-0.781,-0.0555,-1.8769,2.0336,3.9651,0.5133,0,1,2,2,3.9701,3.9701,-0.5645,1.1422,1,1,2,2.3953,-2.1393,1,2,1,2,1.0,0.5606,0.5038,0.2459,0.1457,0.046,0.1383,0.5606,929.0,976.0,0.4697,0.4957,1.5197,1.5849,47.0,0.026,AMBIGUOUS,0
32,47,5,6,34.2382,58.8472,28.0794,30.5916,59.3703,29.1013,3.8231,-3.6466,0.523,1.0219,1.148,3.6466,-0.9539,0.1368,0.2673,2.2441,0.3148,0.23237,0.21564,2.1888,2.027,-0.01672,0.928,1,2,1,-0.1167,0.7643,0.6513,1.011,3.5576,0.6143,0,1,1,1,3.8231,5.0,1.1769,0.7646,1,2,2,2.1928,-1.6303,1,1,0,0,0.5,0.1364,0.1132,0.0761,0.3252,0.2834,0.1596,0.3252,916.0,826.0,0.4811,0.4536,1.5217,1.457,-90.0,-0.0274,AMBIGUOUS,0
33,57,5,6,85.1981,62.5649,67.7348,84.0067,63.2168,67.7708,1.3586,-1.1914,0.6518,0.036,0.6528,1.1914,-0.877,0.4798,0.0265,0.7332,0.548,0.23227,0.20508,2.1879,1.9278,-0.02718,0.883,0,1,0,0.0,0.0,0.0,0.0,0.0,0.0,1,2,2,1,1.3586,3.7893,2.4308,0.3585,1,1,2,1.3586,3.219,0,1,1,2,1.5,0.7066,0.6981,0.1089,0.5231,0.4933,0.1742,0.7066,886.0,907.0,0.4666,0.3745,1.4644,1.3196,21.0,-0.0921,AMBIGUOUS,0
33,36,5,6,85.1981,62.5649,67.7348,81.5462,62.9571,66.8029,3.7893,-3.6519,0.3921,-0.932,1.0111,3.6519,-0.9637,0.1035,-0.246,2.2473,0.2769,0.23227,0.22685,2.1879,2.1324,-0.00542,0.9767,0,1,0,0.0,0.0,0.0,0.0,0.0,0.0,1,2,2,2,1.3586,1.3586,-2.4308,2.7892,0,1,1,3.7893,1.2107,0,1,1,2,1.5,0.7066,0.6981,0.1089,0.3457,0.2962,0.1782,0.7066,886.0,925.0,0.4666,0.4534,1.4644,1.475,39.0,-0.0132,AMBIGUOUS,0
34,34,5,6,50.397,59.0359,13.0573,47.0911,58.6471,11.6104,3.6296,-3.3059,-0.3888,-1.4469,1.4983,3.3059,-0.9108,-0.1071,-0.3986,2.0344,0.4532,0.23062,0.2292,2.1723,2.1545,-0.00142,0.9938,0,1,0,0.0,0.0,0.0,0.0,0.0,0.0,0,1,1,1,3.6296,5.0,1.3704,0.7259,0,1,2,3.6296,1.2567,0,1,0,1,1.0,0.1435,0.022,0.1418,0.228,0.0339,0.2254,0.228,884.0,884.0,0.4754,0.4769,1.4734,1.4482,0.0,0.0015,AMBIGUOUS,0
35,92,5,6,61.2049,62.9202,38.4323,59.7237,62.9519,37.1843,1.9371,-1.4812,0.0317,-1.2479,1.2483,1.4812,-0.7647,0.0164,-0.6442,0.9115,0.8428,0.22937,0.16142,2.1606,1.5174,-0.06795,0.7038,1,2,1,-2.1163,0.2663,-0.0197,2.1331,1.4025,0.2334,1,1,2,1,1.9371,4.207,2.2699,0.4604,1,1,2,1.9371,2.9587,0,0,1,2,3.0,0.5706,0.5451,0.1686,0.4446,0.4013,0.1914,0.5706,827.0,670.0,0.5894,0.4167,1.657,1.5537,-157.0,-0.1727,AMBIGUOUS,0
35,86,5,6,61.2049,62.9202,38.4323,60.2301,62.4942,34.362,4.207,-0.9748,-0.4259,-4.0702,4.0925,0.9748,-0.2317,-0.1012,-0.9675,0.5999,4.1982,0.22937,0.16715,2.1606,1.5712,-0.06222,0.7287,1,2,1,-2.1163,0.2663,-0.0197,2.1331,4.2648,0.7738,1,1,2,2,1.9371,1.9371,-2.2699,2.1718,1,1,2,2.1971,-2.0099,0,0,1,1,2.0,0.5706,0.5451,0.1686,0.2106,0.1051,0.1825,0.5706,827.0,765.0,0.5894,0.3917,1.657,1.3925,-62.0,-0.1977,AMBIGUOUS,0
36,48,5,6,26.9783,68.276,40.1188,22.9468,67.8509,39.6311,4.083,-4.0314,-0.4251,-0.4876,0.6469,4.0314,-0.9874,-0.1041,-0.1194,2.4809,0.1605,0.22509,0.21425,2.1202,2.014,-0.01083,0.9519,1,2,1,-1.0853,0.332,0.1319,1.1426,3.1043,0.1062,0,0,1,1,4.083,5.0,0.917,0.8166,0,0,1,4.083,0.917,0,1,0,1,1.0,0.6549,0.6467,0.1033,0.2678,0.1968,0.1815,0.6549,960.0,857.0,0.4904,0.4586,1.5787,1.5106,-103.0,-0.0318,AMBIGUOUS,0
37,20,5,6,90.7264,67.2165,97.0486,88.2283,67.0133,95.1765,3.1284,-2.4981,-0.2032,-1.8722,1.8832,2.4981,-0.7985,-0.065,-0.5984,1.5373,0.7538,0.22463,0.24502,2.1159,2.3032,0.02039,1.0908,0,1,0,0.0,0.0,0.0,0.0,0.0,0.0,0,1,1,1,3.1284,5.0,1.8716,0.6257,0,2,2,3.1284,0.5604,0,0,0,0,1.0,0.3335,0.2736,0.1907,0.492,0.4783,0.1154,0.492,844.0,755.0,0.5203,0.6069,1.5007,1.6762,-89.0,0.0866,AMBIGUOUS,0
38,3,5,6,45.908,64.073,29.3676,45.1274,62.7577,25.6972,3.9763,-0.7806,-1.3153,-3.6703,3.8989,0.7806,-0.1963,-0.3308,-0.9231,0.4804,4.9944,0.22269,0.27228,2.0976,2.5595,0.0496,1.2227,0,1,0,0.0,0.0,0.0,0.0,0.0,0.0,0,1,1,1,3.9763,5.0,1.0237,0.7953,1,2,3,1.1907,-2.7856,0,2,0,1,0.6667,0.4398,0.408,0.1641,0.4332,0.3726,0.2209,0.4398,957.0,968.0,0.4335,0.6368,1.4683,1.759,11.0,0.2034,AMBIGUOUS,0
39,58,5,6,87.8241,68.2866,101.2868,84.3622,68.8926,100.2572,3.6623,-3.462,0.606,-1.0296,1.1947,3.462,-0.9453,0.1655,-0.2811,2.1304,0.3451,0.22157,0.20499,2.0871,1.9269,-0.01658,0.9252,0,1,0,0.0,0.0,0.0,0.0,0.0,0.0,0,1,1,1,3.6623,5.0,1.3377,0.7325,0,1,1,3.6623,1.3377,0,0,0,0,1.0,0.1545,0.0741,0.1356,0.2353,0.1378,0.1907,0.2353,735.0,657.0,0.6467,0.6208,1.674,1.541,-78.0,-0.0259,AMBIGUOUS,0
40,29,5,6,54.7642,63.8361,45.6111,52.9139,64.5617,45.0068,2.0774,-1.8503,0.7257,-0.6043,0.9444,1.8503,-0.8907,0.3493,-0.2909,1.1387,0.5104,0.22075,0.23596,2.0794,2.218,0.01521,1.0689,0,1,0,0.0,0.0,0.0,0.0,0.0,0.0,1,1,1,1,2.0774,5.0,2.9226,0.4155,1,1,2,2.0774,2.5662,0,0,0,0,1.0,0.5013,0.4858,0.1239,0.7171,0.7111,0.0927,0.7171,751.0,775.0,0.5991,0.6783,1.5919,1.7818,24.0,0.0792,AMBIGUOUS,0
41,96,5,6,77.4067,52.1239,12.6655,76.057,52.7105,12.6568,1.4716,-1.3497,0.5866,-0.0087,0.5867,1.3497,-0.9171,0.3986,-0.0059,0.8306,0.4347,0.21792,0.16026,2.0527,1.5064,-0.05766,0.7354,0,1,0,0.0,0.0,0.0,0.0,0.0,0.0,2,2,4,1,1.4716,2.34,0.8684,0.6289,1,2,2,1.4716,1.6169,0,1,1,3,2.0,0.6104,0.5933,0.1432,0.3398,0.318,0.1199,0.6104,759.0,620.0,0.6691,0.451,1.6378,1.5401,-139.0,-0.2181,AMBIGUOUS,0
41,95,5,6,77.4067,52.1239,12.6655,75.9842,53.1764,14.1968,2.34,-1.4224,1.0525,1.5312,1.8581,1.4224,-0.6079,0.4498,0.6544,0.8753,1.3063,0.21792,0.16026,2.0527,1.5064,-0.05766,0.7354,0,1,0,0.0,0.0,0.0,0.0,0.0,0.0,2,2,4,2,1.4716,1.4716,-0.8684,1.5901,2,2,2,1.7831,-0.557,0,1,2,3,2.0,0.6104,0.5933,0.1432,0.3937,0.3908,0.0477,0.6104,759.0,582.0,0.6691,0.4743,1.6378,1.601,-177.0,-0.1948,AMBIGUOUS,0
41,45,5,6,77.4067,52.1239,12.6655,73.1172,52.3416,11.4381,4.4669,-4.2894,0.2177,-1.2274,1.2466,4.2894,-0.9603,0.0487,-0.2748,2.6396,0.2906,0.21792,0.21808,2.0527,2.05,0.00017,1.0008,0,1,0,0.0,0.0,0.0,0.0,0.0,0.0,2,2,4,3,1.4716,1.4716,-2.9952,3.0353,0,0,1,4.4669,0.5331,0,1,1,3,2.0,0.6104,0.5933,0.1432,0.0907,0.0078,0.0904,0.6104,759.0,715.0,0.6691,0.6196,1.6378,1.6825,-44.0,-0.0494,AMBIGUOUS,0
41,65,5,6,77.4067,52.1239,12.6655,73.0415,52.9097,14.1253,4.6694,-4.3652,0.7858,1.4597,1.6578,4.3652,-0.9349,0.1683,0.3126,2.6863,0.3798,0.21792,0.1974,2.0527,1.8556,-0.02052,0.9058,0,1,0,0.0,0.0,0.0,0.0,0.0,0.0,2,2,4,4,1.4716,1.4716,-3.1977,3.1729,0,0,2,4.1639,-0.5055,0,1,2,3,2.0,0.6104,0.5933,0.1432,0.1586,0.0835,0.1349,0.6104,759.0,723.0,0.6691,0.5277,1.6378,1.4803,-36.0,-0.1413,AMBIGUOUS,0
42,27,5,6,39.1199,67.2563,44.7372,37.2037,67.7226,44.683,1.9729,-1.9163,0.4664,-0.0542,0.4695,1.9163,-0.9713,0.2364,-0.0275,1.1792,0.245,0.21692,0.23859,2.0433,2.2428,0.02167,1.0999,0,1,0,0.0,0.0,0.0,0.0,0.0,0.0,1,1,1,1,1.9729,5.0,3.0271,0.3946,1,1,1,1.9729,3.0271,0,0,0,0,1.0,0.2229,0.1199,0.1879,0.2099,0.1713,0.1212,0.2229,967.0,941.0,0.4332,0.5138,1.4101,1.551,-26.0,0.0807,AMBIGUOUS,0
43,55,5,6,67.8266,57.3469,23.3554,64.3514,57.7283,22.7785,3.5433,-3.4752,0.3814,-0.5769,0.6915,3.4752,-0.9808,0.1076,-0.1628,2.1386,0.199,0.21327,0.20695,2.0089,1.9454,-0.00631,0.9704,0,1,0,0.0,0.0,0.0,0.0,0.0,0.0,0,1,2,1,3.5433,4.686,1.1427,0.7561,0,1,2,3.5433,0.8999,1,1,0,1,1.0,0.4725,0.4234,0.2097,0.6505,0.6486,0.0498,0.6505,1048.0,1152.0,0.4651,0.5702,1.5404,1.7812,104.0,0.1051,AMBIGUOUS,0
43,17,5,6,67.8266,57.3469,23.3554,64.5332,57.9079,26.6414,4.686,-3.2934,0.561,3.286,3.3335,3.2934,-0.7028,0.1197,0.7012,2.0267,1.0122,0.21327,0.24659,2.0089,2.3179,0.03332,1.1562,0,1,0,0.0,0.0,0.0,0.0,0.0,0.0,0,1,2,2,3.5433,3.5433,-1.1427,1.3225,1,2,3,1.3186,-3.3674,1,1,0,1,1.0,0.4725,0.4234,0.2097,0.5308,0.4668,0.2526,0.5308,1048.0,1024.0,0.4651,0.6394,1.5404,1.8166,-24.0,0.1743,AMBIGUOUS,0
44,3,5,6,44.8871,61.7196,25.1658,45.1274,62.7577,25.6972,1.1907,0.2403,1.0381,0.5314,1.1662,0.2403,0.2018,0.8718,0.4463,0.1478,4.8541,0.21241,0.27228,2.0008,2.5595,0.05987,1.2819,0,1,0,0.0,0.0,0.0,0.0,0.0,0.0,1,1,2,1,1.1907,4.1842,2.9935,0.2846,1,2,3,1.1907,2.7856,0,1,0,1,1.0,0.614,0.6129,0.0373,0.4332,0.3726,0.2209,0.614,1023.0,968.0,0.4794,0.6368,1.4908,1.759,-55.0,0.1574,AMBIGUOUS,0
44,59,5,6,44.8871,61.7196,25.1658,40.8223,62.3995,24.4428,4.1842,-4.0648,0.6799,-0.723,0.9925,4.0648,-0.9715,0.1625,-0.1728,2.5014,0.2442,0.21241,0.20374,2.0008,1.9152,-0.00867,0.9592,0,1,0,0.0,0.0,0.0,0.0,0.0,0.0,1,1,2,2,1.1907,1.1907,-2.9935,3.5141,0,0,1,4.1842,0.8158,0,1,0,2,1.5,0.614,0.6129,0.0373,0.2647,0.1973,0.1765,0.614,1023.0,947.0,0.4794,0.3811,1.4908,1.4404,-76.0,-0.0983,AMBIGUOUS,0
45,61,5,6,37.3785,59.9937,14.0275,35.3864,60.6938,14.2619,2.1245,-1.9921,0.7001,0.2344,0.7383,1.9921,-0.9377,0.3296,0.1103,1.2259,0.3706,0.2094,0.20173,1.9724,1.8963,-0.00767,0.9634,0,1,0,0.0,0.0,0.0,0.0,0.0,0.0,1,1,2,1,2.1245,4.5311,2.4066,0.4689,1,1,4,2.1245,1.8838,0,1,0,2,1.5,0.232,0.0035,0.232,0.4006,0.3636,0.1682,0.4006,1017.0,859.0,0.4337,0.3323,1.5418,1.4485,-158.0,-0.1014,AMBIGUOUS,0
45,123,5,6,37.3785,59.9937,14.0275,37.6119,56.1657,16.4407,4.5311,0.2334,-3.828,2.4131,4.5251,0.2334,0.0515,-0.8448,0.5326,0.1437,19.384,0.2094,0.11226,1.9724,1.0553,-0.09714,0.5361,0,1,0,0.0,0.0,0.0,0.0,0.0,0.0,1,1,2,2,2.1245,2.1245,-2.4066,2.1328,0,1,2,3.4934,-1.0377,0,1,0,0,0.5,0.232,0.0035,0.232,0.3211,0.2369,0.2168,0.3211,1017.0,507.0,0.4337,0.3719,1.5418,1.3722,-510.0,-0.0618,AMBIGUOUS,0
46,62,5,6,13.3547,74.2459,102.7279,12.5101,73.7923,101.9661,1.2245,-0.8446,-0.4536,-0.7618,0.8866,0.8446,-0.6898,-0.3704,-0.6221,0.5198,1.0497,0.20852,0.19983,1.9642,1.8784,-0.0087,0.9583,0,1,0,0.0,0.0,0.0,0.0,0.0,0.0,1,1,2,1,1.2245,4.6319,3.4073,0.2644,1,1,1,1.2245,3.7755,0,0,0,1,2.0,0.3718,0.3547,0.1114,0.511,0.4899,0.1452,0.511,959.0,921.0,0.5105,0.4589,1.534,1.5038,-38.0,-0.0516,AMBIGUOUS,0
46,56,5,6,13.3547,74.2459,102.7279,8.8157,74.6341,101.8911,4.6319,-4.5391,0.3882,-0.8368,0.9225,4.5391,-0.98,0.0838,-0.1807,2.7933,0.2032,0.20852,0.20606,1.9642,1.937,-0.00246,0.9882,0,1,0,0.0,0.0,0.0,0.0,0.0,0.0,1,1,2,2,1.2245,1.2245,-3.4073,3.7826,0,0,2,4.6319,0.0937,0,0,0,1,2.0,0.3718,0.3547,0.1114,0.7046,0.6907,0.1395,0.7046,959.0,901.0,0.5105,0.5097,1.534,1.5497,-58.0,-0.0008,AMBIGUOUS,0
47,85,5,6,85.6546,56.8906,41.3218,85.6489,56.9657,39.1053,2.2178,-0.0057,0.0751,-2.2165,2.2178,0.0057,-0.0026,0.0339,-0.9994,0.0035,388.3916,0.2061,0.16741,1.9414,1.5737,-0.03869,0.8123,0,1,0,0.0,0.0,0.0,0.0,0.0,0.0,1,1,3,1,2.2178,4.0002,1.7824,0.5544,1,1,2,2.2178,2.3662,0,0,0,3,4.0,0.4847,0.4704,0.1168,0.496,0.4761,0.1389,0.496,809.0,712.0,0.5038,0.3773,1.6102,1.4203,-97.0,-0.1265,AMBIGUOUS,0
47,120,5,6,85.6546,56.8906,41.3218,89.5542,57.286,40.5228,4.0002,3.8996,0.3955,-0.799,0.8915,3.8996,0.9748,0.0989,-0.1997,2.3997,0.2286,0.2061,0.11566,1.9414,1.0872,-0.09044,0.5612,0,1,0,0.0,0.0,0.0,0.0,0.0,0.0,1,1,3,2,2.2178,2.2178,-1.7824,1.8037,1,1,3,1.4721,-2.5281,0,0,1,2,3.0,0.4847,0.4704,0.1168,0.2063,0.1792,0.1023,0.4847,809.0,549.0,0.5038,0.3442,1.6102,1.3693,-260.0,-0.1595,AMBIGUOUS,0
47,42,5,6,85.6546,56.8906,41.3218,81.0758,57.5861,40.0759,4.796,-4.5788,0.6956,-1.2459,1.4269,4.5788,-0.9547,0.145,-0.2598,2.8177,0.3116,0.2061,0.22087,1.9414,2.0762,0.01477,1.0717,0,1,0,0.0,0.0,0.0,0.0,0.0,0.0,1,1,3,3,2.2178,2.2178,-2.5782,2.1625,0,0,1,4.796,0.204,0,0,1,2,3.0,0.4847,0.4704,0.1168,0.2471,0.1742,0.1752,0.4847,809.0,803.0,0.5038,0.5421,1.6102,1.6154,-6.0,0.0383,AMBIGUOUS,0
48,89,5,6,53.5319,65.7583,52.1019,51.3629,66.197,51.5598,2.2784,-2.1691,0.4387,-0.5421,0.6974,2.1691,-0.952,0.1925,-0.2379,1.3348,0.3215,0.2061,0.16451,1.9414,1.5464,-0.04159,0.7982,0,1,0,0.0,0.0,0.0,0.0,0.0,0.0,1,1,2,1,2.2784,4.7391,2.4607,0.4808,1,1,1,2.2784,2.7216,0,0,1,1,2.0,0.1483,0.0931,0.1154,0.6384,0.6371,0.0403,0.6384,644.0,582.0,0.6791,0.4845,1.6771,1.5462,-62.0,-0.1946,AMBIGUOUS,0
48,60,5,6,53.5319,65.7583,52.1019,48.8858,66.1622,51.2595,4.7391,-4.6461,0.4038,-0.8424,0.9342,4.6461,-0.9804,0.0852,-0.1778,2.8591,0.2011,0.2061,0.20299,1.9414,1.9081,-0.00311,0.9849,0,1,0,0.0,0.0,0.0,0.0,0.0,0.0,1,1,2,2,2.2784,2.2784,-2.4607,2.08,0,0,1,4.7391,0.2609,0,0,1,1,2.0,0.1483,0.0931,0.1154,0.1638,0.1358,0.0916,0.1638,644.0,735.0,0.6791,0.5344,1.6771,1.5264,91.0,-0.1447,AMBIGUOUS,0
50,83,5,6,29.751,67.5694,50.4983,27.7677,68.1287,49.2335,2.4179,-1.9834,0.5593,-1.2648,1.3829,1.9834,-0.8203,0.2313,-0.5231,1.2205,0.6973,0.20347,0.17616,1.9166,1.6559,-0.02731,0.8658,0,1,0,0.0,0.0,0.0,0.0,0.0,0.0,1,1,1,1,2.4179,5.0,2.5821,0.4836,1,1,1,2.4179,2.5821,0,0,0,0,1.0,0.5326,0.501,0.1805,0.2026,0.1427,0.1438,0.5326,928.0,867.0,0.3905,0.3104,1.3744,1.2744,-61.0,-0.08,AMBIGUOUS,0
51,11,5,6,47.2454,53.3504,2.3476,48.0812,55.7518,2.4248,2.5439,0.8358,2.4015,0.0772,2.4027,0.8358,0.3286,0.944,0.0303,0.5143,2.8747,0.20235,0.25532,1.9061,2.4,0.05297,1.2618,0,1,0,0.0,0.0,0.0,0.0,0.0,0.0,1,1,2,1,2.5439,4.7484,2.2045,0.5357,1,2,2,2.5439,1.0703,0,0,0,0,1.0,0.1998,0.1204,0.1594,0.6757,0.6688,0.0964,0.6757,1004.0,1005.0,0.4341,0.6818,1.6791,1.9213,1.0,0.2477,AMBIGUOUS,0
51,44,5,6,47.2454,53.3504,2.3476,42.6409,54.1715,1.528,4.7484,-4.6045,0.8211,-0.8196,1.1602,4.6045,-0.9697,0.1729,-0.1726,2.8336,0.252,0.20235,0.2185,1.9061,2.0539,0.01615,1.0798,0,1,0,0.0,0.0,0.0,0.0,0.0,0.0,1,1,2,2,2.5439,2.5439,-2.2045,1.8666,0,0,1,4.7484,0.2516,0,0,0,0,1.0,0.1998,0.1204,0.1594,0.4265,0.3909,0.1705,0.4265,1004.0,943.0,0.4341,0.5315,1.6791,1.742,-61.0,0.0973,AMBIGUOUS,0
52,43,5,6,58.334,57.2846,18.7482,56.0546,57.6554,17.5152,2.6179,-2.2794,0.3708,-1.233,1.2876,2.2794,-0.8707,0.1417,-0.471,1.4027,0.5649,0.20157,0.22078,1.8987,2.0753,0.0192,1.0953,0,1,0,0.0,0.0,0.0,0.0,0.0,0.0,1,1,2,1,2.6179,4.0241,1.4062,0.6506,1,1,2,2.6179,2.3331,0,1,0,2,1.5,0.1768,0.166,0.0608,0.8066,0.8046,0.0565,0.8066,881.0,1021.0,0.3931,0.5295,1.4298,1.6097,140.0,0.1363,AMBIGUOUS,0
52,75,5,6,58.334,57.2846,18.7482,59.3963,57.7437,14.8941,4.0241,1.0623,0.4592,-3.8542,3.8814,1.0623,0.264,0.1141,-0.9578,0.6537,3.6539,0.20157,0.18575,1.8987,1.746,-0.01582,0.9215,0,1,0,0.0,0.0,0.0,0.0,0.0,0.0,1,1,2,2,2.6179,2.6179,-1.4062,1.5371,1,1,2,1.4915,-2.5326,0,1,0,2,1.5,0.1768,0.166,0.0608,0.7436,0.7287,0.1483,0.7436,881.0,784.0,0.3931,0.3438,1.4298,1.4392,-97.0,-0.0493,AMBIGUOUS,0
53,12,5,6,39.7859,65.6494,37.6277,38.9715,65.4604,34.8239,2.9257,-0.8143,-0.189,-2.8037,2.8101,0.8143,-0.2783,-0.0646,-0.9583,0.5011,3.4509,0.20089,0.25178,1.8923,2.3667,0.05089,1.2533,0,1,0,0.0,0.0,0.0,0.0,0.0,0.0,1,2,2,1,2.9257,3.2068,0.2811,0.9124,1,1,1,2.9257,2.0743,0,1,0,1,1.0,0.8172,0.7859,0.224,0.129,0.0285,0.1258,0.8172,861.0,954.0,0.3856,0.5486,1.4389,1.582,93.0,0.163,AMBIGUOUS,0
53,49,5,6,39.7859,65.6494,37.6277,36.8418,66.8161,38.1327,3.2068,-2.944,1.1666,0.505,1.2713,2.944,-0.9181,0.3638,0.1575,1.8117,0.4318,0.20089,0.21333,1.8923,2.0053,0.01244,1.0619,0,1,0,0.0,0.0,0.0,0.0,0.0,0.0,1,2,2,2,2.9257,2.9257,-0.2811,1.0961,0,1,1,3.2068,1.7932,0,1,0,1,1.0,0.8172,0.7859,0.224,0.569,0.5332,0.1988,0.8172,861.0,870.0,0.3856,0.4351,1.4389,1.4873,9.0,0.0495,AMBIGUOUS,0
55,80,5,6,13.6589,62.8013,9.3866,12.7572,62.7916,9.1689,0.9277,-0.9017,-0.0096,-0.2177,0.2179,0.9017,-0.972,-0.0104,-0.2347,0.5549,0.2417,0.19863,0.18322,1.871,1.7223,-0.01541,0.9224,0,1,0,0.0,0.0,0.0,0.0,0.0,0.0,1,2,2,1,0.9277,3.9725,3.0449,0.2335,1,2,2,0.9277,2.9621,0,2,0,1,0.6667,0.6812,0.6589,0.1729,0.3477,0.2428,0.2489,0.6812,984.0,950.0,0.4402,0.2979,1.4357,1.3043,-34.0,-0.1423,AMBIGUOUS,0
55,78,5,6,13.6589,62.8013,9.3866,10.0346,62.0071,7.9672,3.9725,-3.6243,-0.7942,-1.4194,1.6265,3.6243,-0.9123,-0.1999,-0.3573,2.2303,0.4488,0.19863,0.18477,1.871,1.7368,-0.01386,0.9302,0,1,0,0.0,0.0,0.0,0.0,0.0,0.0,1,2,2,2,0.9277,0.9277,-3.0449,4.2823,0,1,1,3.9725,1.0275,0,2,0,1,0.6667,0.6812,0.6589,0.1729,0.358,0.2846,0.2172,0.6812,984.0,974.0,0.4402,0.3708,1.4357,1.3542,-10.0,-0.0694,AMBIGUOUS,0
56,47,5,6,31.5208,58.4183,27.3581,30.5916,59.3703,29.1013,2.1928,-0.9292,0.952,1.7432,1.9862,0.9292,-0.4237,0.4341,0.795,0.5718,2.1376,0.19726,0.21564,1.8581,2.027,0.01838,1.0932,0,1,0,0.0,0.0,0.0,0.0,0.0,0.0,1,1,1,1,2.1928,5.0,2.8072,0.4386,1,2,2,2.1928,1.6303,1,1,0,0,0.5,0.6657,0.6458,0.1615,0.3252,0.2834,0.1596,0.6657,795.0,826.0,0.438,0.4536,1.4977,1.457,31.0,0.0156,AMBIGUOUS,0
57,95,5,6,76.9184,52.6522,15.6222,75.9842,53.1764,14.1968,1.7831,-0.9342,0.5242,-1.4254,1.5188,0.9342,-0.5239,0.294,-0.7994,0.5749,1.6258,0.19511,0.16026,1.8379,1.5064,-0.03485,0.8214,0,1,0,0.0,0.0,0.0,0.0,0.0,0.0,1,2,3,1,1.7831,3.0885,1.3055,0.5773,2,2,2,1.7831,0.557,0,1,2,3,2.0,0.5959,0.5434,0.2446,0.3937,0.3908,0.0477,0.5959,708.0,582.0,0.5956,0.4743,1.6198,1.601,-126.0,-0.1212,AMBIGUOUS,0
57,96,5,6,76.9184,52.6522,15.6222,76.057,52.7105,12.6568,3.0885,-0.8614,0.0584,-2.9654,2.966,0.8614,-0.2789,0.0189,-0.9601,0.5301,3.4431,0.19511,0.16026,1.8379,1.5064,-0.03485,0.8214,0,1,0,0.0,0.0,0.0,0.0,0.0,0.0,1,2,3,2,1.7831,1.7831,-1.3055,1.7321,1,2,2,1.4716,-1.6169,0,1,1,3,2.0,0.5959,0.5434,0.2446,0.3398,0.318,0.1199,0.5959,708.0,620.0,0.5956,0.451,1.6198,1.5401,-88.0,-0.1446,AMBIGUOUS,0
57,65,5,6,76.9184,52.6522,15.6222,73.0415,52.9097,14.1253,4.1639,-3.8769,0.2576,-1.4969,1.5189,3.8769,-0.9311,0.0619,-0.3595,2.3858,0.3918,0.19511,0.1974,1.8379,1.8556,0.00229,1.0117,0,1,0,0.0,0.0,0.0,0.0,0.0,0.0,1,2,3,3,1.7831,1.7831,-2.3808,2.3352,0,0,2,4.1639,0.5055,0,1,2,3,2.0,0.5959,0.5434,0.2446,0.1586,0.0835,0.1349,0.5959,708.0,723.0,0.5956,0.5277,1.6198,1.4803,15.0,-0.0678,AMBIGUOUS,0
58,94,5,6,53.205,67.027,62.8449,51.467,67.4888,62.7284,1.802,-1.738,0.4618,-0.1165,0.4762,1.738,-0.9644,0.2562,-0.0647,1.0695,0.274,0.19466,0.16121,1.8336,1.5153,-0.03346,0.8281,0,1,0,0.0,0.0,0.0,0.0,0.0,0.0,1,1,3,1,1.802,4.5503,2.7483,0.396,1,2,2,1.802,1.8381,0,1,1,1,1.0,0.4379,0.42,0.1239,0.5605,0.533,0.1736,0.5605,752.0,688.0,0.4661,0.3768,1.4748,1.4136,-64.0,-0.0893,AMBIGUOUS,0
58,63,5,6,53.205,67.027,62.8449,48.6978,66.9462,62.2253,4.5503,-4.5072,-0.0809,-0.6196,0.6249,4.5072,-0.9905,-0.0178,-0.1362,2.7737,0.1386,0.19466,0.19981,1.8336,1.8782,0.00515,1.0264,0,1,0,0.0,0.0,0.0,0.0,0.0,0.0,1,1,3,2,1.802,1.802,-2.7483,2.5251,0,0,2,4.2492,-0.3011,0,1,1,1,1.0,0.4379,0.42,0.1239,0.1214,0.0522,0.1096,0.4379,752.0,758.0,0.4661,0.4707,1.4748,1.4553,6.0,0.0046,AMBIGUOUS,0
58,140,5,6,53.205,67.027,62.8449,56.6048,68.5417,60.0919,4.6295,3.3998,1.5146,-2.753,3.1422,3.3998,0.7344,0.3272,-0.5947,2.0922,0.9242,0.19466,0.07473,1.8336,0.7024,-0.11993,0.3839,0,1,0,0.0,0.0,0.0,0.0,0.0,0.0,1,1,3,3,1.802,1.802,-2.8275,2.5691,0,0,1,4.6295,0.3705,0,1,0,0,0.5,0.4379,0.42,0.1239,0.2953,0.2702,0.1193,0.4379,752.0,391.0,0.4661,0.3047,1.4748,1.3118,-361.0,-0.1615,AMBIGUOUS,0
59,50,5,6,27.904,66.553,35.3829,23.8927,66.7241,35.0309,4.0304,-4.0113,0.171,-0.3521,0.3914,4.0113,-0.9953,0.0424,-0.0874,2.4685,0.0976,0.19297,0.21123,1.8177,1.9856,0.01827,1.0947,0,1,0,0.0,0.0,0.0,0.0,0.0,0.0,0,0,1,1,4.0304,5.0,0.9696,0.8061,0,0,1,4.0304,0.9696,1,1,0,1,1.0,0.2908,0.279,0.0819,0.5012,0.4823,0.1361,0.5012,892.0,917.0,0.3616,0.4316,1.4388,1.4905,25.0,0.07,AMBIGUOUS,0
61,80,5,6,14.3448,63.0996,12.7066,12.7572,62.7916,9.1689,3.8898,-1.5876,-0.308,-3.5376,3.551,1.5876,-0.4082,-0.0792,-0.9095,0.977,2.2367,0.19241,0.18322,1.8125,1.7223,-0.0092,0.9522,0,1,0,0.0,0.0,0.0,0.0,0.0,0.0,0,1,1,1,3.8898,5.0,1.1102,0.778,1,2,2,0.9277,-2.9621,0,2,0,1,0.6667,0.3292,0.2802,0.1728,0.3477,0.2428,0.2489,0.3477,911.0,950.0,0.3841,0.2979,1.4299,1.3043,39.0,-0.0861,AMBIGUOUS,0
62,115,5,6,11.1513,71.3049,45.9981,11.3672,72.5837,46.6923,1.471,0.2159,1.2788,0.6942,1.4551,0.2159,0.1468,0.8693,0.4719,0.1329,6.7393,0.19171,0.12277,1.8058,1.154,-0.06894,0.6404,0,1,0,0.0,0.0,0.0,0.0,0.0,0.0,1,1,2,1,1.471,4.5618,3.0908,0.3225,1,1,1,1.471,3.529,0,0,0,0,1.0,0.3108,0.2237,0.2157,0.1379,0.0078,0.1376,0.3108,834.0,679.0,0.386,0.2887,1.3753,1.2688,-155.0,-0.0973,AMBIGUOUS,0
62,100,5,6,11.1513,71.3049,45.9981,14.1127,67.9707,46.9588,4.5618,2.9614,-3.3342,0.9607,3.4699,2.9614,0.6492,-0.7309,0.2106,1.8224,1.1717,0.19171,0.14652,1.8058,1.3773,-0.04519,0.7643,0,1,0,0.0,0.0,0.0,0.0,0.0,0.0,1,1,2,2,1.471,1.471,-3.0908,3.1012,0,0,1,4.5618,0.4382,0,0,0,0,1.0,0.3108,0.2237,0.2157,0.5533,0.5123,0.2091,0.5533,834.0,675.0,0.386,0.3628,1.3753,1.3313,-159.0,-0.0232,AMBIGUOUS,0
63,138,5,6,3.9017,62.7945,42.4639,0.913,62.221,42.385,3.0442,-2.9887,-0.5736,-0.079,0.579,2.9887,-0.9817,-0.1884,-0.0259,1.8392,0.1937,0.19092,0.08134,1.7984,0.7646,-0.10958,0.426,0,1,0,0.0,0.0,0.0,0.0,0.0,0.0,0,1,3,1,3.0442,4.1888,1.1446,0.7267,0,1,1,3.0442,1.9558,0,0,0,1,2.0,0.7015,0.6517,0.2595,0.7275,0.712,0.1497,0.7275,701.0,427.0,0.6355,0.3579,1.6649,1.3309,-274.0,-0.2777,AMBIGUOUS,0
63,142,5,6,3.9017,62.7945,42.4639,4.7633,59.1081,44.2567,4.1888,0.8616,-3.6864,1.7928,4.0992,0.8616,0.2057,-0.8801,0.428,0.5302,4.7574,0.19092,0.07361,1.7984,0.6919,-0.11731,0.3855,0,1,0,0.0,0.0,0.0,0.0,0.0,0.0,0,1,3,2,3.0442,3.0442,-1.1446,1.376,0,0,1,4.1888,0.8112,0,0,0,0,1.0,0.7015,0.6517,0.2595,0.232,0.1117,0.2034,0.7015,701.0,315.0,0.6355,0.381,1.6649,1.4782,-386.0,-0.2545,AMBIGUOUS,0
63,149,5,6,3.9017,62.7945,42.4639,1.5164,66.9914,42.4904,4.8274,-2.3852,4.1968,0.0264,4.1969,2.3852,-0.4941,0.8694,0.0055,1.4678,1.7595,0.19092,0.05959,1.7984,0.5601,-0.13133,0.3121,0,1,0,0.0,0.0,0.0,0.0,0.0,0.0,0,1,3,3,3.0442,3.0442,-1.7831,1.5857,0,0,1,4.8274,0.1726,0,0,0,1,2.0,0.7015,0.6517,0.2595,0.2022,0.1086,0.1706,0.7015,701.0,546.0,0.6355,0.1658,1.6649,1.2181,-155.0,-0.4697,AMBIGUOUS,0
64,79,5,6,5.609,63.826,16.7618,4.6061,66.912,19.3713,4.164,-1.0029,3.086,2.6095,4.0414,1.0029,-0.2408,0.7411,0.6267,0.6172,4.0298,0.1909,0.18396,1.7982,1.7292,-0.00694,0.9636,1,2,1,-1.5626,-0.0747,-1.464,2.1426,5.1862,1.2784,0,0,1,1,4.164,5.0,0.836,0.8328,0,1,2,3.583,-0.581,0,0,0,0,1.0,0.7429,0.734,0.1146,0.3211,0.2689,0.1755,0.7429,979.0,811.0,0.3998,0.3419,1.4303,1.3592,-168.0,-0.0578,AMBIGUOUS,0
65,72,5,6,31.3302,60.2005,14.9289,31.9231,61.7761,16.9194,2.6069,0.5929,1.5756,1.9904,2.5385,0.5929,0.2274,0.6044,0.7635,0.3648,4.2818,0.18985,0.18736,1.7883,1.7612,-0.00249,0.9869,0,1,0,0.0,0.0,0.0,0.0,0.0,0.0,2,2,4,1,2.6069,2.7623,0.1554,0.9437,2,2,2,1.0375,-1.5693,0,1,0,2,1.5,0.4726,0.4552,0.1272,0.595,0.5769,0.1455,0.595,940.0,883.0,0.351,0.3425,1.4196,1.4292,-57.0,-0.0086,AMBIGUOUS,0
65,73,5,6,31.3302,60.2005,14.9289,31.9189,60.4689,12.2435,2.7623,0.5887,0.2684,-2.6854,2.6988,0.5887,0.2131,0.0972,-0.9722,0.3623,4.5844,0.18985,0.18668,1.7883,1.7548,-0.00317,0.9833,0,1,0,0.0,0.0,0.0,0.0,0.0,0.0,2,2,4,2,2.6069,2.6069,-0.1554,1.0596,1,1,1,2.7623,2.2377,0,1,0,2,1.5,0.4726,0.4552,0.1272,0.5871,0.5811,0.0838,0.5871,940.0,1101.0,0.351,0.4893,1.4196,1.5686,161.0,0.1383,AMBIGUOUS,0
65,61,5,6,31.3302,60.2005,14.9289,35.3864,60.6938,14.2619,4.1402,4.0562,0.4933,-0.667,0.8296,4.0562,0.9797,0.1191,-0.1611,2.4961,0.2045,0.18985,0.20173,1.7883,1.8963,0.01188,1.0626,0,1,0,0.0,0.0,0.0,0.0,0.0,0.0,2,2,4,3,2.6069,2.6069,-1.5333,1.5882,1,1,4,2.1245,-2.0157,0,1,0,2,1.5,0.4726,0.4552,0.1272,0.4006,0.3636,0.1682,0.4726,940.0,859.0,0.351,0.3323,1.4196,1.4485,-81.0,-0.0187,AMBIGUOUS,0
65,105,5,6,31.3302,60.2005,14.9289,26.5778,61.4658,15.7601,4.9877,-4.7524,1.2653,0.8311,1.5139,4.7524,-0.9528,0.2537,0.1666,2.9245,0.3186,0.18985,0.14192,1.7883,1.334,-0.04793,0.7475,0,1,0,0.0,0.0,0.0,0.0,0.0,0.0,2,2,4,4,2.6069,2.6069,-2.3808,1.9133,0,0,2,4.7105,-0.2772,0,1,0,1,1.0,0.4726,0.4552,0.1272,0.5965,0.5778,0.148,0.5965,940.0,815.0,0.351,0.239,1.4196,1.3428,-125.0,-0.1121,AMBIGUOUS,0
66,61,5,6,36.8618,61.8143,17.8164,35.3864,60.6938,14.2619,4.0083,-1.4754,-1.1205,-3.5544,3.7269,1.4754,-0.3681,-0.2796,-0.8868,0.9079,2.526,0.18893,0.20173,1.7796,1.8963,0.0128,1.0677,0,1,0,0.0,0.0,0.0,0.0,0.0,0.0,0,0,2,1,4.0083,4.0913,0.083,0.9797,1,1,4,2.1245,-1.8838,0,2,0,2,1.0,0.5206,0.5132,0.087,0.4006,0.3636,0.1682,0.5206,896.0,859.0,0.3136,0.3323,1.3718,1.4485,-37.0,0.0187,AMBIGUOUS,0
66,150,5,6,36.8618,61.8143,17.8164,40.3527,63.9079,18.2275,4.0913,3.491,2.0936,0.4112,2.1335,3.491,0.8533,0.5117,0.1005,2.1483,0.6112,0.18893,0.05902,1.7796,0.5548,-0.12991,0.3124,0,1,0,0.0,0.0,0.0,0.0,0.0,0.0,0,0,2,2,4.0083,4.0083,-0.083,1.0207,1,1,2,1.7209,-2.3705,0,2,0,0,0.3333,0.5206,0.5132,0.087,0.305,0.2723,0.1375,0.5206,896.0,451.0,0.3136,0.1944,1.3718,1.1663,-445.0,-0.1192,AMBIGUOUS,0
67,81,5,6,21.2052,63.8002,21.2939,16.4316,64.2686,21.1542,4.7986,-4.7737,0.4684,-0.1397,0.4888,4.7737,-0.9948,0.0976,-0.0291,2.9376,0.1024,0.18759,0.18026,1.767,1.6944,-0.00734,0.9609,0,1,0,0.0,0.0,0.0,0.0,0.0,0.0,0,0,1,1,4.7986,5.0,0.2014,0.9597,0,0,1,4.7986,0.2014,0,0,0,0,1.0,0.1879,0.0802,0.1699,0.201,0.1816,0.0862,0.201,918.0,887.0,0.3622,0.3212,1.3369,1.324,-31.0,-0.041,AMBIGUOUS,0
68,114,5,6,91.2967,62.1938,80.4312,91.9381,62.5602,83.771,3.4205,0.6414,0.3665,3.3397,3.3598,0.6414,0.1875,0.1071,0.9764,0.3947,5.2378,0.18609,0.1252,1.7529,1.1769,-0.06089,0.6728,0,1,0,0.0,0.0,0.0,0.0,0.0,0.0,0,2,3,1,3.4205,3.5168,0.0964,0.9726,1,2,2,1.1979,-2.2226,0,1,0,1,1.0,0.2991,0.2967,0.038,0.6919,0.6869,0.0835,0.6919,645.0,542.0,0.6548,0.3703,1.8115,1.4607,-103.0,-0.2845,AMBIGUOUS,0
68,77,5,6,91.2967,62.1938,80.4312,87.8384,62.7579,80.7307,3.5168,-3.4584,0.5641,0.2994,0.6387,3.4584,-0.9834,0.1604,0.0851,2.1282,0.1847,0.18609,0.18498,1.7529,1.7388,-0.00111,0.994,0,1,0,0.0,0.0,0.0,0.0,0.0,0.0,0,2,3,2,3.4205,3.4205,-0.0964,1.0282,0,1,1,3.5168,1.4832,0,1,0,1,1.0,0.2991,0.2967,0.038,0.2424,0.0884,0.2258,0.2991,645.0,652.0,0.6548,0.5406,1.8115,1.5994,7.0,-0.1141,AMBIGUOUS,0
68,54,5,6,91.2967,62.1938,80.4312,88.7639,62.5812,83.9275,4.3346,-2.5328,0.3874,3.4962,3.5176,2.5328,-0.5843,0.0894,0.8066,1.5586,1.3888,0.18609,0.20781,1.7529,1.9535,0.02172,1.1167,0,1,0,0.0,0.0,0.0,0.0,0.0,0.0,0,2,3,3,3.4205,3.4205,-0.9141,1.2673,1,1,2,2.7765,-1.5581,0,1,0,2,1.5,0.2991,0.2967,0.038,0.6336,0.6111,0.1673,0.6336,645.0,739.0,0.6548,0.5719,1.8115,1.5871,94.0,-0.0829,AMBIGUOUS,0
69,71,5,6,19.7943,65.8281,25.863,15.7124,65.7579,25.8856,4.0826,-4.0819,-0.0702,0.0226,0.0738,4.0819,-0.9998,-0.0172,0.0055,2.512,0.0181,0.18469,0.18932,1.7397,1.7796,0.00462,1.025,1,2,1,-1.8046,0.5999,0.1777,1.91,2.379,0.0602,0,0,1,1,4.0826,5.0,0.9174,0.8165,0,0,1,4.0826,0.9174,0,0,0,0,1.0,0.325,0.2943,0.1379,0.5524,0.5376,0.1268,0.5524,936.0,911.0,0.3557,0.3717,1.3902,1.3727,-25.0,0.016,AMBIGUOUS,0
70,109,5,6,74.1018,47.6721,13.0703,69.9826,48.5071,12.3087,4.2714,-4.1192,0.835,-0.7616,1.1302,4.1192,-0.9644,0.1955,-0.1783,2.5349,0.2744,0.18393,0.13544,1.7325,1.2732,-0.04848,0.7364,0,1,0,0.0,0.0,0.0,0.0,0.0,0.0,0,0,1,1,4.2714,5.0,0.7286,0.8543,0,0,1,4.2714,0.7286,0,0,0,0,1.0,0.6671,0.6482,0.1574,0.2301,0.1076,0.2034,0.6671,642.0,503.0,0.6283,0.501,1.535,1.494,-139.0,-0.1273,AMBIGUOUS,0
71,114,5,6,91.3883,62.7089,84.8248,91.9381,62.5602,83.771,1.1979,0.5498,-0.1486,-1.0538,1.0643,0.5498,0.459,-0.1241,-0.8797,0.3384,1.9356,0.18309,0.1252,1.7246,1.1769,-0.05789,0.6838,0,1,0,0.0,0.0,0.0,0.0,0.0,0.0,2,2,2,1,1.1979,2.7765,1.5786,0.4314,1,2,2,1.1979,2.2226,0,1,0,1,1.0,0.4229,0.3883,0.1675,0.6919,0.6869,0.0835,0.6919,649.0,542.0,0.5397,0.3703,1.5344,1.4607,-107.0,-0.1694,AMBIGUOUS,0
71,54,5,6,91.3883,62.7089,84.8248,88.7639,62.5812,83.9275,2.7765,-2.6244,-0.1277,-0.8973,0.9064,2.6244,-0.9452,-0.046,-0.3232,1.615,0.3454,0.18309,0.20781,1.7246,1.9535,0.02473,1.1351,0,1,0,0.0,0.0,0.0,0.0,0.0,0.0,2,2,2,2,1.1979,1.1979,-1.5786,2.3178,1,1,2,2.7765,1.5581,0,1,0,2,1.5,0.4229,0.3883,0.1675,0.6336,0.6111,0.1673,0.6336,649.0,739.0,0.5397,0.5719,1.5344,1.5871,90.0,0.0322,AMBIGUOUS,0
72,152,5,6,17.7164,63.6427,11.4596,19.8838,64.3229,12.5563,2.5225,2.1674,0.6802,1.0967,1.2905,2.1674,0.8592,0.2697,0.4348,1.3338,0.5954,0.17826,0.05568,1.6791,0.5234,-0.12258,0.3123,1,2,1,-1.0988,0.8855,-1.8021,2.2888,4.3718,1.6505,1,1,1,1,2.5225,5.0,2.4775,0.5045,1,1,1,2.5225,2.4775,0,2,0,1,0.6667,0.227,0.1586,0.1623,0.4087,0.3838,0.1405,0.4087,871.0,454.0,0.3037,0.1614,1.3322,1.1829,-417.0,-0.1423,AMBIGUOUS,0
73,110,5,6,37.7437,68.98,63.4992,36.041,68.9914,63.8601,1.7406,-1.7027,0.0115,0.3609,0.3611,1.7027,-0.9782,0.0066,0.2074,1.0478,0.2121,0.17809,0.13526,1.6775,1.2714,-0.04283,0.7595,0,1,0,0.0,0.0,0.0,0.0,0.0,0.0,1,1,2,1,1.7406,4.1697,2.4291,0.4174,1,2,3,1.7406,2.0171,1,2,0,2,1.0,0.3977,0.3687,0.1492,0.3098,0.291,0.1062,0.3977,936.0,702.0,0.3306,0.2845,1.3224,1.2849,-234.0,-0.0461,AMBIGUOUS,0
73,70,5,6,37.7437,68.98,63.4992,36.8537,70.5115,67.274,4.1697,-0.89,1.5315,3.7747,4.0736,0.89,-0.2134,0.3673,0.9053,0.5477,4.5772,0.17809,0.18989,1.6775,1.7849,0.0118,1.0662,0,1,0,0.0,0.0,0.0,0.0,0.0,0.0,1,1,2,2,1.7406,1.7406,-2.4291,2.3956,1,1,2,2.2032,-1.9665,1,2,0,2,1.0,0.3977,0.3687,0.1492,0.574,0.5213,0.2403,0.574,936.0,899.0,0.3306,0.3444,1.3224,1.327,-37.0,0.0138,AMBIGUOUS,0
74,154,5,6,25.2459,72.7941,60.9707,27.3323,73.0346,58.9865,2.8893,2.0864,0.2404,-1.9843,1.9988,2.0864,0.7221,0.0832,-0.6868,1.2839,0.958,0.17661,0.04643,1.6636,0.4364,-0.13018,0.2629,1,2,1,-2.8399,0.1013,0.8667,2.9709,5.6935,1.8878,1,1,2,1,2.8893,4.4216,1.5323,0.6534,2,2,2,2.8238,-0.0655,0,1,0,0,0.5,0.7586,0.7541,0.0824,0.3167,0.2927,0.1209,0.7586,686.0,307.0,0.4727,0.2013,1.5612,1.2599,-379.0,-0.2715,AMBIGUOUS,0
74,69,5,6,25.2459,72.7941,60.9707,20.9661,72.1468,61.8733,4.4216,-4.2799,-0.6474,0.9026,1.1107,4.2799,-0.9679,-0.1464,0.2041,2.6338,0.2595,0.17661,0.19041,1.6636,1.7899,0.01381,1.0782,1,2,1,-2.8399,0.1013,0.8667,2.9709,1.6233,0.0202,1,1,2,2,2.8893,2.8893,-1.5323,1.5304,0,0,1,4.4216,0.5784,0,1,0,0,0.5,0.7586,0.7541,0.0824,0.2606,0.1589,0.2066,0.7586,686.0,708.0,0.4727,0.5627,1.5612,1.5049,22.0,0.09,AMBIGUOUS,0
76,94,5,6,50.0907,68.3496,65.9865,51.467,67.4888,62.7284,3.6401,1.3764,-0.8608,-3.2581,3.3698,1.3764,0.3781,-0.2365,-0.895,0.847,2.4483,0.17416,0.16121,1.6405,1.5153,-0.01295,0.9256,0,1,0,0.0,0.0,0.0,0.0,0.0,0.0,0,1,2,1,3.6401,4.2492,0.6091,0.8566,1,2,2,1.802,-1.8381,0,1,1,1,1.0,0.3479,0.2843,0.2004,0.5605,0.533,0.1736,0.5605,746.0,688.0,0.4054,0.3768,1.4027,1.4136,-58.0,-0.0286,AMBIGUOUS,0
76,63,5,6,50.0907,68.3496,65.9865,48.6978,66.9462,62.2253,4.2492,-1.3929,-1.4034,-3.7612,4.0145,1.3929,-0.3278,-0.3303,-0.8851,0.8571,2.8822,0.17416,0.19981,1.6405,1.8782,0.02565,1.1473,0,1,0,0.0,0.0,0.0,0.0,0.0,0.0,0,1,2,2,3.6401,3.6401,-0.6091,1.1673,0,0,2,4.2492,0.3011,0,1,1,1,1.0,0.3479,0.2843,0.2004,0.1214,0.0522,0.1096,0.3479,746.0,758.0,0.4054,0.4707,1.4027,1.4553,12.0,0.0653,AMBIGUOUS,0
77,120,5,6,90.6857,56.3819,40.2595,89.5542,57.286,40.5228,1.4721,-1.1315,0.9041,0.2633,0.9417,1.1315,-0.7686,0.6142,0.1788,0.6963,0.8322,0.17368,0.11566,1.636,1.0872,-0.05802,0.666,1,2,1,-0.3733,0.2587,-2.1759,2.2228,2.6345,0.9745,2,2,2,1,1.4721,2.1572,0.6851,0.6824,1,1,3,1.4721,2.5281,0,1,1,2,1.5,0.3286,0.3143,0.0959,0.2063,0.1792,0.1023,0.3286,717.0,549.0,0.4135,0.3442,1.4514,1.3693,-168.0,-0.0693,AMBIGUOUS,0
77,119,5,6,90.6857,56.3819,40.2595,92.1783,56.7291,41.7778,2.1572,1.4926,0.3471,1.5183,1.5574,1.4926,0.6919,0.1609,0.7038,0.9185,1.0434,0.17368,0.11583,1.636,1.0888,-0.05785,0.6669,1,2,1,-0.3733,0.2587,-2.1759,2.2228,4.1396,1.7864,2,2,2,2,1.4721,1.4721,-0.6851,1.4654,1,1,1,2.1572,2.8428,0,1,1,1,1.0,0.3286,0.3143,0.0959,0.4746,0.4467,0.1601,0.4746,717.0,477.0,0.4135,0.3824,1.4514,1.4218,-240.0,-0.0312,AMBIGUOUS,0
78,84,5,6,2.0954,74.4731,78.0556,2.9556,74.3828,79.8543,1.9958,0.8602,-0.0902,1.7987,1.801,0.8602,0.431,-0.0452,0.9012,0.5293,2.0937,0.17343,0.17026,1.6336,1.6004,-0.00317,0.9817,0,1,0,0.0,0.0,0.0,0.0,0.0,0.0,1,1,1,1,1.9958,5.0,3.0042,0.3992,2,2,2,1.9958,0.2994,0,1,0,1,1.0,0.491,0.4704,0.1408,0.3457,0.2944,0.1812,0.491,930.0,868.0,0.3067,0.2678,1.3533,1.2726,-62.0,-0.0388,AMBIGUOUS,0
79,110,5,6,39.101,70.7298,62.5433,36.041,68.9914,63.8601,3.7576,-3.06,-1.7383,1.3169,2.1808,3.06,-0.8144,-0.4626,0.3505,1.8831,0.7127,0.17317,0.13526,1.6312,1.2714,-0.03792,0.781,1,2,1,-2.3962,-0.1044,0.2729,2.414,2.0494,0.132,0,1,1,1,3.7576,5.0,1.2424,0.7515,1,2,3,1.7406,-2.0171,1,4,0,2,0.6,0.1112,0.101,0.0465,0.3098,0.291,0.1062,0.3098,859.0,702.0,0.3314,0.2845,1.3621,1.2849,-157.0,-0.0469,AMBIGUOUS,0
80,76,5,6,72.1928,60.8349,45.5933,69.6206,61.7683,44.4219,2.9766,-2.5723,0.9334,-1.1714,1.4978,2.5723,-0.8642,0.3136,-0.3935,1.5829,0.5823,0.16733,0.1853,1.5762,1.7418,0.01797,1.1074,0,1,0,0.0,0.0,0.0,0.0,0.0,0.0,1,1,2,1,2.9766,4.0996,1.1231,0.7261,1,1,1,2.9766,2.0234,0,0,0,0,1.0,0.7066,0.6928,0.1386,0.2913,0.2544,0.1418,0.7066,642.0,705.0,0.4309,0.4822,1.4529,1.4931,63.0,0.0512,AMBIGUOUS,0
80,146,5,6,72.1928,60.8349,45.5933,76.2744,60.8937,45.9738,4.0996,4.0815,0.0587,0.3805,0.385,4.0815,0.9956,0.0143,0.0928,2.5117,0.0943,0.16733,0.06426,1.5762,0.6041,-0.10307,0.384,0,1,0,0.0,0.0,0.0,0.0,0.0,0.0,1,1,2,2,2.9766,2.9766,-1.1231,1.3773,1,1,2,1.5175,-2.5821,0,0,0,0,1.0,0.7066,0.6928,0.1386,0.1289,0.1006,0.0805,0.7066,642.0,348.0,0.4309,0.2617,1.4529,1.488,-294.0,-0.1692,AMBIGUOUS,0
81,74,5,6,16.5278,67.7205,35.7122,12.6607,68.1301,35.7173,3.8888,-3.8672,0.4096,0.005,0.4096,3.8672,-0.9944,0.1053,0.0013,2.3798,0.1059,0.16731,0.18588,1.576,1.7472,0.01857,1.111,1,2,1,-2.4555,-0.5459,-1.1574,2.7689,2.0633,0.1394,0,1,1,1,3.8888,5.0,1.1112,0.7778,0,3,3,3.6907,-0.1981,0,0,1,1,2.0,0.3063,0.2778,0.1289,0.3614,0.3393,0.1243,0.3614,820.0,824.0,0.343,0.3539,1.3311,1.3841,4.0,0.0109,AMBIGUOUS,0
82,67,5,6,80.1889,65.5899,89.6467,78.1709,66.5423,89.1661,2.2826,-2.018,0.9524,-0.4807,1.0668,2.018,-0.8841,0.4172,-0.2106,1.2418,0.5286,0.16591,0.19591,1.5628,1.8416,0.03001,1.1809,0,1,0,0.0,0.0,0.0,0.0,0.0,0.0,1,1,2,1,2.2826,4.7194,2.4368,0.4837,1,1,1,2.2826,2.7174,0,1,0,1,1.0,0.6081,0.5639,0.2276,0.2738,0.1709,0.2139,0.6081,645.0,674.0,0.4496,0.5932,1.3982,1.567,29.0,0.1436,AMBIGUOUS,0
82,87,5,6,80.1889,65.5899,89.6467,78.1048,66.8008,93.7042,4.7194,-2.0841,1.2109,4.0575,4.2343,2.0841,-0.4416,0.2566,0.8597,1.2825,2.0317,0.16591,0.16598,1.5628,1.5602,7e-05,1.0004,0,1,0,0.0,0.0,0.0,0.0,0.0,0.0,1,1,2,2,2.2826,2.2826,-2.4368,2.0675,0,1,2,3.7303,-0.9892,0,1,0,1,1.0,0.6081,0.5639,0.2276,0.2477,0.1048,0.2244,0.6081,645.0,688.0,0.4496,0.4047,1.3982,1.4223,43.0,-0.0449,AMBIGUOUS,0
83,37,5,6,55.787,69.3692,76.8303,53.1624,69.8573,76.753,2.6707,-2.6246,0.4882,-0.0773,0.4942,2.6246,-0.9827,0.1828,-0.0289,1.6151,0.1883,0.16565,0.22377,1.5604,2.1034,0.05812,1.3508,0,1,0,0.0,0.0,0.0,0.0,0.0,0.0,1,1,2,1,2.6707,4.8415,2.1708,0.5516,1,1,2,2.6707,1.9867,1,2,0,1,0.6667,0.5483,0.537,0.111,0.4638,0.4626,0.0333,0.5483,702.0,742.0,0.416,0.5918,1.505,1.718,40.0,0.1758,AMBIGUOUS,0
83,155,5,6,55.787,69.3692,76.8303,59.7171,70.6137,79.369,4.8415,3.9301,1.2446,2.5387,2.8274,3.9301,0.8118,0.2571,0.5244,2.4185,0.7194,0.16565,0.04596,1.5604,0.432,-0.11969,0.2774,0,1,0,0.0,0.0,0.0,0.0,0.0,0.0,1,1,2,2,2.6707,2.6707,-2.1708,1.8128,1,2,3,2.413,-2.4285,1,2,0,1,0.6667,0.5483,0.537,0.111,0.4409,0.4079,0.1674,0.5483,702.0,264.0,0.416,0.239,1.505,1.518,-438.0,-0.177,AMBIGUOUS,0
84,120,5,6,90.5344,55.4009,36.9316,89.5542,57.286,40.5228,4.1727,-0.9802,1.8851,3.5912,4.0559,0.9802,-0.2349,0.4518,0.8606,0.6032,4.1379,0.16356,0.11566,1.5406,1.0872,-0.04789,0.7072,0,1,0,0.0,0.0,0.0,0.0,0.0,0.0,0,0,1,1,4.1727,5.0,0.8273,0.8345,1,1,3,1.4721,-2.7006,0,1,1,2,1.5,0.4909,0.4656,0.1554,0.2063,0.1792,0.1023,0.4909,709.0,549.0,0.3839,0.3442,1.4172,1.3693,-160.0,-0.0396,AMBIGUOUS,0
85,84,5,6,4.6213,73.1096,80.7885,2.9556,74.3828,79.8543,2.2953,-1.6657,1.2732,-0.9342,1.5792,1.6657,-0.7257,0.5547,-0.407,1.025,0.9481,0.16211,0.17026,1.527,1.6004,0.00815,1.0502,1,6,1,0.1313,-1.604,1.8945,2.4858,4.4169,1.7065,1,2,3,1,2.2953,3.877,1.5817,0.592,2,2,2,1.9958,-0.2994,0,1,0,1,1.0,0.2601,0.2537,0.0573,0.3457,0.2944,0.1812,0.3457,919.0,868.0,0.2594,0.2678,1.336,1.2726,-51.0,0.0085,AMBIGUOUS,0
85,137,5,6,4.6213,73.1096,80.7885,3.4952,74.3929,84.2693,3.877,-1.126,1.2833,3.4808,3.7098,1.126,-0.2904,0.331,0.8978,0.6929,3.2946,0.16211,0.09072,1.527,0.8527,-0.0714,0.5596,1,6,1,0.1313,-1.604,1.8945,2.4858,3.5262,0.5447,1,2,3,2,2.2953,2.2953,-1.5817,1.6891,0,1,1,3.877,1.123,0,1,0,2,1.5,0.2601,0.2537,0.0573,0.3056,0.2452,0.1823,0.3056,919.0,757.0,0.2594,0.1592,1.336,1.1017,-162.0,-0.1001,AMBIGUOUS,0
85,104,5,6,4.6213,73.1096,80.7885,8.242,71.1354,83.4274,4.8961,3.6208,-1.9742,2.6389,3.2957,3.6208,0.7395,-0.4032,0.539,2.2282,0.9102,0.16211,0.14347,1.527,1.3487,-0.01864,0.885,1,6,1,0.1313,-1.604,1.8945,2.4858,3.5872,0.29,1,2,3,3,2.2953,2.2953,-2.6008,2.1331,0,1,2,3.5733,-1.3228,0,1,0,1,1.0,0.2601,0.2537,0.0573,0.1918,0.117,0.152,0.2601,919.0,864.0,0.2594,0.2402,1.336,1.2509,-55.0,-0.0192,AMBIGUOUS,0
86,155,5,6,57.7951,69.4901,76.4446,59.7171,70.6137,79.369,3.6755,1.922,1.1237,2.9244,3.1329,1.922,0.5229,0.3057,0.7957,1.1828,1.63,0.16202,0.04596,1.5262,0.432,-0.11606,0.2837,0,1,0,0.0,0.0,0.0,0.0,0.0,0.0,0,1,2,1,3.6755,4.6575,0.982,0.7892,1,2,3,2.413,-1.2625,1,2,0,1,0.6667,0.7086,0.7049,0.0727,0.4409,0.4079,0.1674,0.7086,637.0,264.0,0.4862,0.239,1.6249,1.518,-373.0,-0.2471,AMBIGUOUS,0
86,37,5,6,57.7951,69.4901,76.4446,53.1624,69.8573,76.753,4.6575,-4.6327,0.3673,0.3084,0.4796,4.6327,-0.9947,0.0789,0.0662,2.8509,0.1035,0.16202,0.22377,1.5262,2.1034,0.06175,1.3811,0,1,0,0.0,0.0,0.0,0.0,0.0,0.0,0,1,2,2,3.6755,3.6755,-0.982,1.2672,1,1,2,2.6707,-1.9867,1,2,0,1,0.6667,0.7086,0.7049,0.0727,0.4638,0.4626,0.0333,0.7086,637.0,742.0,0.4862,0.5918,1.6249,1.718,105.0,0.1057,AMBIGUOUS,0
87,82,5,6,10.6448,74.7047,86.6781,8.1436,75.3779,86.0856,2.6571,-2.5012,0.6733,-0.5924,0.8968,2.5012,-0.9413,0.2534,-0.223,1.5392,0.3586,0.16134,0.17744,1.5198,1.6679,0.0161,1.0998,1,2,1,-1.4366,-0.0626,0.5568,1.542,1.7307,0.2138,1,2,2,1,2.6571,3.3827,0.7257,0.7855,1,2,2,2.6571,0.6664,0,2,0,1,0.6667,0.7462,0.7302,0.1536,0.1897,0.0186,0.1887,0.7462,872.0,926.0,0.3104,0.3521,1.246,1.2842,54.0,0.0417,AMBIGUOUS,0
87,103,5,6,10.6448,74.7047,86.6781,11.5757,71.9612,84.9318,3.3827,0.931,-2.7435,-1.7463,3.2521,0.931,0.2752,-0.811,-0.5162,0.5729,3.4932,0.16134,0.14401,1.5198,1.3537,-0.01733,0.8926,1,2,1,-1.4366,-0.0626,0.5568,1.542,4.254,1.4099,1,2,2,2,2.6571,2.6571,-0.7257,1.2731,1,2,2,1.3398,-2.043,0,2,0,2,1.0,0.7462,0.7302,0.1536,0.2097,0.2007,0.0606,0.7462,872.0,833.0,0.3104,0.2465,1.246,1.2286,-39.0,-0.0639,AMBIGUOUS,0
88,70,5,6,38.5595,71.5126,66.3032,36.8537,70.5115,67.274,2.2032,-1.7058,-1.0011,0.9707,1.3945,1.7058,-0.7742,-0.4544,0.4406,1.0497,0.8175,0.15951,0.18989,1.5025,1.7849,0.03038,1.1904,1,2,1,-1.9615,1.0352,-0.2407,2.2309,2.3831,0.5776,1,1,2,1,2.2032,4.3206,2.1174,0.5099,1,1,2,2.2032,1.9665,0,3,0,2,0.75,0.4487,0.4405,0.0854,0.574,0.5213,0.2403,0.574,897.0,899.0,0.2562,0.3444,1.2627,1.327,2.0,0.0882,AMBIGUOUS,0
88,110,5,6,38.5595,71.5126,66.3032,36.041,68.9914,63.8601,4.3206,-2.5185,-2.5211,-2.4431,3.5107,2.5185,-0.5829,-0.5835,-0.5655,1.5498,1.394,0.15951,0.13526,1.5025,1.2714,-0.02425,0.8479,1,2,1,-1.9615,1.0352,-0.2407,2.2309,4.22,0.6973,1,1,2,2,2.2032,2.2032,-2.1174,1.961,1,2,3,1.7406,-2.58,0,3,0,2,0.75,0.4487,0.4405,0.0854,0.3098,0.291,0.1062,0.4487,897.0,702.0,0.2562,0.2845,1.2627,1.2849,-195.0,0.0283,AMBIGUOUS,0
89,72,5,6,32.5878,61.9345,17.7,31.9231,61.7761,16.9194,1.0375,-0.6648,-0.1585,-0.7807,0.7966,0.6648,-0.6407,-0.1527,-0.7524,0.4091,1.1983,0.15867,0.18736,1.4946,1.7612,0.0287,1.1809,0,1,0,0.0,0.0,0.0,0.0,0.0,0.0,1,1,2,1,1.0375,4.6034,3.5659,0.2254,2,2,2,1.0375,1.5693,0,2,0,2,1.0,0.269,0.0878,0.2543,0.595,0.5769,0.1455,0.595,853.0,883.0,0.2664,0.3425,1.3397,1.4292,30.0,0.076,AMBIGUOUS,0
89,61,5,6,32.5878,61.9345,17.7,35.3864,60.6938,14.2619,4.6034,2.7986,-1.2408,-3.4381,3.6551,2.7986,0.6079,-0.2695,-0.7468,1.7222,1.3061,0.15867,0.20173,1.4946,1.8963,0.04306,1.2714,0,1,0,0.0,0.0,0.0,0.0,0.0,0.0,1,1,2,2,1.0375,1.0375,-3.5659,4.437,1,1,4,2.1245,-2.4789,0,2,0,2,1.0,0.269,0.0878,0.2543,0.4006,0.3636,0.1682,0.4006,853.0,859.0,0.2664,0.3323,1.3397,1.4485,6.0,0.0659,AMBIGUOUS,0
90,101,5,6,1.1461,65.5948,33.1191,3.317,69.2892,34.4287,4.4807,2.1709,3.6944,1.3095,3.9197,2.1709,0.4845,0.8245,0.2923,1.3359,1.8055,0.15847,0.14637,1.4927,1.3759,-0.0121,0.9236,0,1,0,0.0,0.0,0.0,0.0,0.0,0.0,0,0,1,1,4.4807,5.0,0.5193,0.8961,2,2,3,1.4238,-3.0569,0,2,0,1,0.6667,0.5498,0.4789,0.2701,0.2174,0.067,0.2068,0.5498,897.0,788.0,0.3483,0.2733,1.4322,1.288,-109.0,-0.075,AMBIGUOUS,0
93,107,5,6,6.6892,75.2719,89.0721,3.627,75.6077,88.2775,3.1814,-3.0622,0.3358,-0.7945,0.8626,3.0622,-0.9625,0.1056,-0.2497,1.8844,0.2817,0.15393,0.14053,1.4499,1.321,-0.01339,0.913,1,2,1,-0.2781,-0.7017,-1.8325,1.9818,3.1472,0.6714,0,2,2,1,3.1814,3.3234,0.1421,0.9573,0,1,1,3.1814,1.8186,0,1,0,1,1.0,0.2446,0.1892,0.1551,0.3986,0.377,0.1294,0.3986,767.0,772.0,0.3056,0.2904,1.2147,1.2333,5.0,-0.0152,AMBIGUOUS,0
93,82,5,6,6.6892,75.2719,89.0721,8.1436,75.3779,86.0856,3.3234,1.4544,0.106,-2.9864,2.9883,1.4544,0.4376,0.0319,-0.8986,0.895,2.0547,0.15393,0.17744,1.4499,1.6679,0.02351,1.1528,1,2,1,-0.2781,-0.7017,-1.8325,1.9818,2.2328,0.2418,0,2,2,2,3.1814,3.1814,-0.1421,1.0447,1,2,2,2.6571,-0.6664,0,1,0,1,1.0,0.2446,0.1892,0.1551,0.1897,0.0186,0.1887,0.2446,767.0,926.0,0.3056,0.3521,1.2147,1.2842,159.0,0.0465,AMBIGUOUS,0
95,68,5,6,44.3379,71.2252,81.6707,40.1253,71.1134,80.6071,4.3463,-4.2126,-0.1118,-1.0636,1.0694,4.2126,-0.9693,-0.0257,-0.2447,2.5924,0.2539,0.1494,0.19084,1.4073,1.7939,0.04144,1.2773,1,2,1,-2.8466,0.2511,-0.209,2.8652,1.6518,0.0215,0,0,1,1,4.3463,5.0,0.6537,0.8693,0,0,1,4.3463,0.6537,0,1,0,0,0.5,0.4814,0.4629,0.1323,0.5281,0.4997,0.1708,0.5281,617.0,715.0,0.4096,0.4778,1.4175,1.44,98.0,0.0683,AMBIGUOUS,0
97,90,5,6,21.8018,69.8098,71.4623,19.7034,69.8664,71.9787,2.1617,-2.0983,0.0565,0.5164,0.5195,2.0983,-0.9707,0.0262,0.2389,1.2913,0.2476,0.13988,0.16361,1.3176,1.5379,0.02373,1.1696,1,2,1,-1.2367,-0.2411,-1.6935,2.1108,2.3905,0.6259,1,1,1,1,2.1617,5.0,2.8383,0.4323,1,1,2,2.1617,2.7452,0,0,0,0,1.0,0.6809,0.6768,0.0753,0.2161,0.2034,0.073,0.6809,786.0,871.0,0.2641,0.3005,1.2403,1.3058,85.0,0.0364,AMBIGUOUS,0
98,98,5,6,3.7767,73.0586,60.0796,3.5346,73.2867,62.2524,2.1981,-0.242,0.2281,2.1728,2.1847,0.242,-0.1101,0.1038,0.9885,0.1489,9.0268,0.13953,0.15777,1.3143,1.4831,0.01824,1.1307,1,2,1,-1.231,0.2645,1.5876,2.0263,1.1497,0.1451,1,1,1,1,2.1981,5.0,2.8019,0.4396,1,2,2,2.1981,0.8451,0,1,0,0,0.5,0.5328,0.5267,0.0804,0.3412,0.2846,0.1881,0.5328,751.0,893.0,0.2814,0.2796,1.284,1.2809,142.0,-0.0018,AMBIGUOUS,0
99,101,5,6,2.9519,70.5617,33.9045,3.317,69.2892,34.4287,1.4238,0.3651,-1.2725,0.5242,1.3762,0.3651,0.2564,-0.8937,0.3681,0.2247,3.7694,0.13952,0.14637,1.3142,1.3759,0.00685,1.0491,1,2,1,-1.9529,0.4077,0.9502,2.2097,2.8944,1.2332,1,1,2,1,1.4238,4.8992,3.4754,0.2906,2,2,3,1.4238,0.6513,1,1,0,1,1.0,0.3731,0.2981,0.2244,0.2174,0.067,0.2068,0.3731,710.0,788.0,0.2899,0.2733,1.3431,1.288,78.0,-0.0166,AMBIGUOUS,0
99,125,5,6,2.9519,70.5617,33.9045,7.7665,70.5867,34.8106,4.8992,4.8146,0.025,0.9061,0.9065,4.8146,0.9827,0.0051,0.185,2.9628,0.1883,0.13952,0.10709,1.3142,1.0066,-0.03243,0.7675,1,2,1,-1.9529,0.4077,0.9502,2.2097,6.7785,1.788,1,1,2,2,1.4238,1.4238,-3.4754,3.4409,1,2,3,2.6882,-2.2111,1,1,0,2,1.5,0.3731,0.2981,0.2244,0.3934,0.3585,0.162,0.3934,710.0,766.0,0.2899,0.1878,1.3431,1.1852,56.0,-0.1021,AMBIGUOUS,0
100,144,5,6,25.6441,65.7346,24.877,27.6798,67.3762,24.46,2.6482,2.0357,1.6417,-0.417,1.6938,2.0357,0.7687,0.6199,-0.1575,1.2527,0.8321,0.13924,0.06865,1.3116,0.6453,-0.07059,0.493,1,2,1,1.8534,-0.05,-1.6368,2.4732,2.0935,0.3323,1,2,2,1,2.6482,3.8164,1.1683,0.6939,1,1,1,2.6482,2.3518,0,0,0,1,2.0,0.3767,0.3559,0.1235,0.1183,0.0548,0.1048,0.3767,722.0,454.0,0.2917,0.2158,1.3853,1.2035,-268.0,-0.0759,AMBIGUOUS,0
100,148,5,6,25.6441,65.7346,24.877,26.3789,68.117,27.7665,3.8164,0.7348,2.3825,2.8895,3.745,0.7348,0.1925,0.6243,0.7571,0.4522,5.0967,0.13924,0.06161,1.3116,0.5792,-0.07763,0.4425,1,2,1,1.8534,-0.05,-1.6368,2.4732,5.2589,1.3694,1,2,2,2,2.6482,2.6482,-1.1683,1.4412,0,1,1,3.8164,1.1836,0,0,0,1,2.0,0.3767,0.3559,0.1235,0.4258,0.3789,0.1942,0.4258,722.0,440.0,0.2917,0.1861,1.3853,1.1831,-282.0,-0.1056,AMBIGUOUS,0
101,93,5,6,19.856,73.6625,86.4686,17.4026,73.9548,85.3754,2.7018,-2.4535,0.2924,-1.0932,1.1316,2.4535,-0.9081,0.1082,-0.4046,1.5098,0.4612,0.13876,0.16124,1.307,1.5157,0.02248,1.162,0,1,0,0.0,0.0,0.0,0.0,0.0,0.0,1,1,1,1,2.7018,5.0,2.2982,0.5404,1,1,1,2.7018,2.2982,0,0,0,0,1.0,0.3846,0.356,0.1454,0.4769,0.4724,0.0653,0.4769,648.0,754.0,0.3604,0.3346,1.382,1.3287,106.0,-0.0258,AMBIGUOUS,0
102,53,5,6,16.3975,72.3075,94.4315,14.264,72.4098,94.0381,2.1719,-2.1335,0.1023,-0.3933,0.4064,2.1335,-0.9823,0.0471,-0.1811,1.3129,0.1905,0.13848,0.20811,1.3045,1.9563,0.06963,1.5028,0,1,0,0.0,0.0,0.0,0.0,0.0,0.0,1,1,1,1,2.1719,5.0,2.8281,0.4344,2,2,2,2.1719,0.0008,0,1,0,0,0.5,0.2339,0.1475,0.1815,0.4214,0.361,0.2174,0.4214,729.0,874.0,0.2954,0.3692,1.3165,1.3654,145.0,0.0737,AMBIGUOUS,0
104,98,5,6,4.6254,71.9247,64.7456,3.5346,73.2867,62.2524,3.0432,-1.0908,1.362,-2.4932,2.841,1.0908,-0.3584,0.4476,-0.8193,0.6713,2.6045,0.13804,0.15777,1.3002,1.4831,0.01973,1.143,1,2,1,-0.3929,-0.0927,-1.5255,1.578,1.8814,0.145,0,1,1,1,3.0432,5.0,1.9568,0.6086,1,2,2,2.1981,-0.8451,0,1,0,0,0.5,0.2927,0.2496,0.1529,0.3412,0.2846,0.1881,0.3412,853.0,893.0,0.2326,0.2796,1.224,1.2809,40.0,0.047,UNMATCHED_TARGET,0
105,111,5,6,47.8245,59.3717,16.763,45.2587,59.6473,15.7373,2.7769,-2.5658,0.2756,-1.0257,1.0621,2.5658,-0.924,0.0992,-0.3694,1.5789,0.4139,0.13795,0.13006,1.2995,1.2226,-0.00789,0.9428,0,1,0,0.0,0.0,0.0,0.0,0.0,0.0,1,1,1,1,2.7769,5.0,2.2231,0.5554,1,1,1,2.7769,2.2231,0,1,0,1,1.0,0.71,0.6995,0.1221,0.2732,0.2413,0.1282,0.71,665.0,645.0,0.3258,0.3175,1.3677,1.3628,-20.0,-0.0083,AMBIGUOUS,0
106,53,5,6,12.9866,73.5462,95.3789,14.264,72.4098,94.0381,2.1727,1.2774,-1.1364,-1.3407,1.7575,1.2774,0.5879,-0.523,-0.6171,0.7861,1.3759,0.13482,0.20811,1.27,1.9563,0.07329,1.5436,0,1,0,0.0,0.0,0.0,0.0,0.0,0.0,1,1,1,1,2.1727,5.0,2.8273,0.4345,2,2,2,2.1719,-0.0008,0,1,0,0,0.5,0.0921,0.0134,0.0911,0.4214,0.361,0.2174,0.4214,635.0,874.0,0.3243,0.3692,1.3274,1.3654,239.0,0.0449,AMBIGUOUS,0
107,101,5,6,2.538,68.8034,32.5677,3.317,69.2892,34.4287,2.0751,0.779,0.4858,1.861,1.9233,0.779,0.3754,0.2341,0.8968,0.4794,2.4689,0.13384,0.14637,1.2607,1.3759,0.01253,1.0936,0,1,0,0.0,0.0,0.0,0.0,0.0,0.0,1,1,1,1,2.0751,5.0,2.9249,0.415,2,2,3,1.4238,-0.6513,1,3,0,1,0.5,0.7302,0.712,0.162,0.2174,0.067,0.2068,0.7302,880.0,788.0,0.214,0.2733,1.236,1.288,-92.0,0.0593,AMBIGUOUS,0
108,118,5,6,68.2601,59.1306,55.4479,63.9376,59.8322,56.1146,4.4295,-4.3225,0.7016,0.6666,0.9678,4.3225,-0.9758,0.1584,0.1505,2.66,0.2239,0.13214,0.11805,1.2447,1.1097,-0.01409,0.8934,0,1,0,0.0,0.0,0.0,0.0,0.0,0.0,0,0,1,1,4.4295,5.0,0.5705,0.8859,0,0,1,4.4295,0.5705,0,0,0,0,1.0,0.269,0.0101,0.2689,0.5763,0.5626,0.1248,0.5763,553.0,440.0,0.4948,0.5426,1.4606,1.5865,-113.0,0.0478,AMBIGUOUS,0
109,112,5,6,33.9392,71.3867,78.4903,30.4212,71.6441,77.5396,3.6533,-3.518,0.2574,-0.9507,0.9849,3.518,-0.963,0.0705,-0.2602,2.1649,0.28,0.132,0.12993,1.2434,1.2213,-0.00207,0.9843,1,2,1,-0.5103,0.8671,1.0251,1.4364,3.6499,0.8011,0,1,1,1,3.6533,5.0,1.3467,0.7307,1,2,2,2.1378,-1.5155,0,1,1,1,1.0,0.2333,0.1858,0.1411,0.4792,0.4538,0.1539,0.4792,652.0,704.0,0.2799,0.2502,1.2832,1.2302,52.0,-0.0297,AMBIGUOUS,0
111,20,5,6,85.9684,66.2713,92.357,88.2283,67.0133,95.1765,3.6888,2.2599,0.742,2.8194,2.9154,2.2599,0.6127,0.2012,0.7643,1.3907,1.2901,0.12977,0.24502,1.2224,2.3032,0.11525,1.8881,0,1,0,0.0,0.0,0.0,0.0,0.0,0.0,0,1,1,1,3.6888,5.0,1.3112,0.7378,0,2,2,3.1284,-0.5604,0,1,0,0,0.5,0.2154,0.1566,0.1479,0.492,0.4783,0.1154,0.492,676.0,755.0,0.3122,0.6069,1.3401,1.6762,79.0,0.2946,AMBIGUOUS,0
112,113,5,6,13.112,71.1962,66.1188,12.38,71.4224,65.8917,0.7991,-0.732,0.2263,-0.2271,0.3205,0.732,-0.916,0.2831,-0.2842,0.4504,0.4379,0.12864,0.1259,1.2117,1.1835,-0.00273,0.9788,0,1,0,0.0,0.0,0.0,0.0,0.0,0.0,1,1,1,1,0.7991,5.0,4.2009,0.1598,1,2,3,0.7991,2.4029,0,1,0,1,1.0,0.1817,0.112,0.1431,0.6298,0.62,0.1109,0.6298,721.0,630.0,0.2762,0.2774,1.2815,1.2855,-91.0,0.0012,AMBIGUOUS,0
113,145,5,6,17.4626,72.9515,51.4077,15.989,73.7919,49.3072,2.7,-1.4736,0.8404,-2.1005,2.2624,1.4736,-0.5458,0.3113,-0.778,0.9068,1.5353,0.12704,0.06593,1.1967,0.6198,-0.06111,0.519,0,1,0,0.0,0.0,0.0,0.0,0.0,0.0,1,1,1,1,2.7,5.0,2.3,0.54,1,1,2,2.7,1.6581,0,1,0,0,0.5,0.4845,0.4124,0.2544,0.3348,0.261,0.2097,0.4845,664.0,466.0,0.3031,0.1907,1.3267,1.1535,-198.0,-0.1125,AMBIGUOUS,0
114,103,5,6,11.4969,70.6291,84.8123,11.5757,71.9612,84.9318,1.3398,0.0788,1.3321,0.1195,1.3374,0.0788,0.0588,0.9943,0.0892,0.0485,16.9673,0.12621,0.14401,1.1889,1.3537,0.0178,1.141,0,1,0,0.0,0.0,0.0,0.0,0.0,0.0,1,2,2,1,1.3398,3.5733,2.2335,0.3749,1,2,2,1.3398,2.043,0,1,0,2,1.5,0.1646,0.1219,0.1106,0.2097,0.2007,0.0606,0.2097,782.0,833.0,0.2589,0.2465,1.2395,1.2286,51.0,-0.0124,AMBIGUOUS,0
114,104,5,6,11.4969,70.6291,84.8123,8.242,71.1354,83.4274,3.5733,-3.2549,0.5063,-1.3849,1.4745,3.2549,-0.9109,0.1417,-0.3876,2.003,0.453,0.12621,0.14347,1.1889,1.3487,0.01726,1.1367,0,1,0,0.0,0.0,0.0,0.0,0.0,0.0,1,2,2,2,1.3398,1.3398,-2.2335,2.6671,0,1,2,3.5733,1.3228,0,1,0,1,1.0,0.1646,0.1219,0.1106,0.1918,0.117,0.152,0.1918,782.0,864.0,0.2589,0.2402,1.2395,1.2509,82.0,-0.0187,AMBIGUOUS,0
115,87,5,6,81.8024,66.3529,93.9092,78.1048,66.8008,93.7042,3.7303,-3.6976,0.4479,-0.205,0.4926,3.6976,-0.9912,0.1201,-0.0549,2.2754,0.1332,0.12507,0.16598,1.1781,1.5602,0.04091,1.3271,0,1,0,0.0,0.0,0.0,0.0,0.0,0.0,0,1,1,1,3.7303,5.0,1.2697,0.7461,0,1,2,3.7303,0.9892,0,2,0,1,0.6667,0.5722,0.5524,0.1492,0.2477,0.1048,0.2244,0.5722,638.0,688.0,0.3242,0.4047,1.3493,1.4223,50.0,0.0805,AMBIGUOUS,0
116,113,5,6,11.8097,71.4228,69.0426,12.38,71.4224,65.8917,3.202,0.5703,-0.0004,-3.1508,3.1508,0.5703,0.1781,-0.0001,-0.984,0.3509,5.525,0.12325,0.1259,1.161,1.1835,0.00265,1.0215,0,1,0,0.0,0.0,0.0,0.0,0.0,0.0,0,1,1,1,3.202,5.0,1.798,0.6404,1,2,3,0.7991,-2.4029,0,1,0,1,1.0,0.442,0.4347,0.0797,0.6298,0.62,0.1109,0.6298,687.0,630.0,0.2663,0.2774,1.2481,1.2855,-57.0,0.0111,AMBIGUOUS,0
117,112,5,6,30.7878,69.598,77.0404,30.4212,71.6441,77.5396,2.1378,-0.3666,2.0461,0.4992,2.1061,0.3666,-0.1715,0.9571,0.2335,0.2256,5.7446,0.11882,0.12993,1.1192,1.2213,0.01111,1.0935,0,1,0,0.0,0.0,0.0,0.0,0.0,0.0,2,2,2,1,2.1378,2.3899,0.2521,0.8945,1,2,2,2.1378,1.5155,0,1,1,1,1.0,0.2143,0.0872,0.1958,0.4792,0.4538,0.1539,0.4792,665.0,704.0,0.2785,0.2502,1.2882,1.2302,39.0,-0.0283,AMBIGUOUS,0
117,108,5,6,30.7878,69.598,77.0404,28.8826,69.9299,75.6363,2.3899,-1.9052,0.3319,-1.4042,1.4429,1.9052,-0.7972,0.1389,-0.5875,1.1724,0.7573,0.11882,0.13913,1.1192,1.3078,0.02031,1.171,0,1,0,0.0,0.0,0.0,0.0,0.0,0.0,2,2,2,2,2.1378,2.1378,-0.2521,1.1179,1,1,1,2.3899,2.6101,0,1,1,1,1.0,0.2143,0.0872,0.1958,0.3787,0.3674,0.092,0.3787,665.0,689.0,0.2785,0.298,1.2882,1.2501,24.0,0.0195,AMBIGUOUS,0
119,136,5,6,67.8933,59.0251,17.4331,68.0698,59.3666,18.134,0.7994,0.1765,0.3415,0.7009,0.7796,0.1765,0.2208,0.4272,0.8768,0.1086,4.4168,0.11673,0.09188,1.0995,0.8637,-0.02485,0.7871,0,1,0,0.0,0.0,0.0,0.0,0.0,0.0,1,2,2,1,0.7994,3.1249,2.3256,0.2558,1,1,1,0.7994,4.2006,0,0,0,1,2.0,0.3777,0.3567,0.1241,0.2389,0.1802,0.1569,0.3777,529.0,461.0,0.3338,0.2766,1.3171,1.3057,-68.0,-0.0572,AMBIGUOUS,0
119,122,5,6,67.8933,59.0251,17.4331,64.8095,59.5033,17.2699,3.1249,-3.0838,0.4782,-0.1632,0.5053,3.0838,-0.9868,0.153,-0.0522,1.8977,0.1638,0.11673,0.1126,1.0995,1.0584,-0.00413,0.9646,0,1,0,0.0,0.0,0.0,0.0,0.0,0.0,1,2,2,2,0.7994,0.7994,-2.3256,3.9092,0,1,1,3.1249,1.8751,0,0,0,1,2.0,0.3777,0.3567,0.1241,0.335,0.1905,0.2756,0.3777,529.0,563.0,0.3338,0.2942,1.3171,1.2434,34.0,-0.0396,AMBIGUOUS,0
120,106,5,6,45.9253,54.1448,35.296,45.3397,55.0221,35.4235,1.0625,-0.5856,0.8774,0.1276,0.8866,0.5856,-0.5511,0.8257,0.1201,0.3604,1.514,0.11645,0.14111,1.0969,1.3265,0.02466,1.2118,0,1,0,0.0,0.0,0.0,0.0,0.0,0.0,1,1,2,1,1.0625,4.3475,3.2849,0.2444,1,1,4,1.0625,3.2221,0,3,0,1,0.5,0.4428,0.4253,0.1232,0.2528,0.1603,0.1954,0.4428,660.0,712.0,0.2782,0.3175,1.2525,1.3181,52.0,0.0393,AMBIGUOUS,0
120,117,5,6,45.9253,54.1448,35.296,46.5768,55.4097,39.404,4.3475,0.6515,1.2649,4.108,4.2984,0.6515,0.1499,0.291,0.9449,0.4009,6.5976,0.11645,0.12066,1.0969,1.1342,0.0042,1.0361,0,1,0,0.0,0.0,0.0,0.0,0.0,0.0,1,1,2,2,1.0625,1.0625,-3.2849,4.0915,1,1,3,1.6121,-2.7354,0,3,1,2,0.75,0.4428,0.4253,0.1232,0.571,0.5482,0.1597,0.571,660.0,625.0,0.2782,0.3073,1.2525,1.3364,-35.0,0.0291,UNMATCHED_SOURCE,0
121,131,5,6,71.1762,69.7026,101.6997,69.7523,70.4025,101.0653,1.7087,-1.4239,0.6999,-0.6344,0.9447,1.4239,-0.8333,0.4096,-0.3713,0.8762,0.6634,0.11309,0.10319,1.0652,0.9699,-0.0099,0.9124,0,1,0,0.0,0.0,0.0,0.0,0.0,0.0,1,1,1,1,1.7087,5.0,3.2913,0.3417,1,1,1,1.7087,3.2913,0,0,0,1,2.0,0.3917,0.3238,0.2203,0.195,0.1227,0.1516,0.3917,544.0,494.0,0.3899,0.3154,1.3878,1.3069,-50.0,-0.0744,AMBIGUOUS,0
122,116,5,6,62.0246,69.2563,68.048,59.529,69.3574,67.6441,2.5301,-2.4956,0.1011,-0.4039,0.4164,2.4956,-0.9864,0.04,-0.1596,1.5357,0.1668,0.11146,0.12237,1.0499,1.1502,0.01091,1.0978,1,5,1,0.6681,1.3976,2.0457,2.566,4.206,1.3623,1,1,1,1,2.5301,5.0,2.4699,0.506,1,1,1,2.5301,2.4699,0,0,0,0,1.0,0.3921,0.2746,0.2799,0.6384,0.596,0.2286,0.6384,485.0,548.0,0.4115,0.4349,1.4638,1.4862,63.0,0.0234,AMBIGUOUS,0
123,146,5,6,77.3286,60.0619,46.6806,76.2744,60.8937,45.9738,1.5175,-1.0542,0.8318,-0.7069,1.0916,1.0542,-0.6947,0.5481,-0.4658,0.6487,1.0355,0.10994,0.06426,1.0355,0.6041,-0.04567,0.5845,1,2,1,-0.4885,-0.7244,-0.4845,0.9991,1.6707,0.8319,1,1,1,1,1.5175,5.0,3.4825,0.3035,1,1,2,1.5175,2.5821,0,0,0,0,1.0,0.6755,0.6714,0.0737,0.1289,0.1006,0.0805,0.6755,522.0,348.0,0.3392,0.2617,1.4701,1.488,-174.0,-0.0775,AMBIGUOUS,0
124,134,5,6,19.6529,74.7714,71.8558,17.5713,75.4996,72.1761,2.2284,-2.0816,0.7282,0.3203,0.7956,2.0816,-0.9341,0.3268,0.1437,1.281,0.3822,0.10906,0.1006,1.0273,0.9456,-0.00846,0.9224,1,2,1,-1.5605,0.3855,-1.6249,2.2857,2.0428,0.4093,1,1,2,1,2.2284,4.9068,2.6784,0.4541,1,1,1,2.2284,2.7716,0,0,0,0,1.0,0.1624,0.1529,0.0548,0.3388,0.3037,0.1502,0.3388,625.0,572.0,0.2541,0.2567,1.2258,1.2435,-53.0,0.0026,AMBIGUOUS,0
124,90,5,6,19.6529,74.7714,71.8558,19.7034,69.8664,71.9787,4.9068,0.0506,-4.905,0.1229,4.9066,0.0506,0.0103,-0.9996,0.025,0.0311,97.0528,0.10906,0.16361,1.0273,1.5379,0.05455,1.5002,1,2,1,-1.5605,0.3855,-1.6249,2.2857,5.8,1.1934,1,1,2,2,2.2284,2.2284,-2.6784,2.2019,1,1,2,2.1617,-2.7452,0,0,0,0,1.0,0.1624,0.1529,0.0548,0.2161,0.2034,0.073,0.2161,625.0,871.0,0.2541,0.3005,1.2258,1.3058,246.0,0.0464,AMBIGUOUS,0
125,117,5,6,45.6667,54.0927,39.5934,46.5768,55.4097,39.404,1.6121,0.9101,1.317,-0.1894,1.3306,0.9101,0.5646,0.817,-0.1175,0.5601,1.4619,0.10806,0.12066,1.0179,1.1342,0.0126,1.1166,1,2,1,1.0278,0.8857,0.4898,1.4424,0.8131,0.136,2,2,3,1,1.6121,1.7679,0.1558,0.9119,1,1,3,1.6121,2.7354,0,1,1,2,1.5,0.258,0.1667,0.1969,0.571,0.5482,0.1597,0.571,626.0,625.0,0.2635,0.3073,1.2678,1.3364,-1.0,0.0438,UNMATCHED_SOURCE,0
125,121,5,6,45.6667,54.0927,39.5934,44.6221,54.6432,40.9091,1.7679,-1.0445,0.5505,1.3158,1.4263,1.0445,-0.5908,0.3114,0.7443,0.6428,1.3655,0.10806,0.11557,1.0179,1.0863,0.0075,1.0694,1,2,1,1.0278,0.8857,0.4898,1.4424,2.2559,0.9771,2,2,3,2,1.6121,1.6121,-0.1558,1.0966,1,1,1,1.7679,3.2321,0,1,1,1,1.0,0.258,0.1667,0.1969,0.7832,0.7471,0.2348,0.7832,626.0,572.0,0.2635,0.3062,1.2678,1.3222,-54.0,0.0427,AMBIGUOUS,0
125,106,5,6,45.6667,54.0927,39.5934,45.3397,55.0221,35.4235,4.2847,-0.327,0.9295,-4.1698,4.2722,0.327,-0.0763,0.2169,-0.9732,0.2012,13.066,0.10806,0.14111,1.0179,1.3265,0.03305,1.3059,1,2,1,1.0278,0.8857,0.4898,1.4424,4.8527,1.2516,2,2,3,3,1.6121,1.6121,-2.6726,2.6579,1,1,4,1.0625,-3.2221,0,1,0,1,1.0,0.258,0.1667,0.1969,0.2528,0.1603,0.1954,0.258,626.0,712.0,0.2635,0.3175,1.2678,1.3181,86.0,0.054,AMBIGUOUS,0
126,132,5,6,84.6788,52.8221,56.5424,81.0279,53.281,56.0289,3.7153,-3.6509,0.4588,-0.5136,0.6887,3.6509,-0.9827,0.1235,-0.1382,2.2467,0.1886,0.10751,0.10242,1.0127,0.9628,-0.00508,0.9527,1,2,1,-1.9994,0.745,1.4146,2.56,2.5548,0.273,0,1,1,1,3.7153,5.0,1.2847,0.7431,0,1,1,3.7153,1.2847,0,0,0,0,1.0,0.1936,0.1788,0.0743,0.2331,0.2221,0.0707,0.2331,441.0,431.0,0.4832,0.4858,1.4357,1.5106,-10.0,0.0026,UNMATCHED_SOURCE,0
127,143,5,6,10.9282,75.005,63.6,11.1076,75.7834,66.628,3.1316,0.1794,0.7784,3.028,3.1264,0.1794,0.0573,0.2486,0.9669,0.1104,17.4227,0.10625,0.06899,1.0009,0.6485,-0.03726,0.6493,1,4,1,-0.6649,1.0938,0.2706,1.3083,2.9009,0.6213,0,1,2,1,3.1316,4.4939,1.3623,0.6969,0,1,1,3.1316,1.8684,0,0,0,1,2.0,0.5054,0.4468,0.2361,0.3254,0.2674,0.1854,0.5054,587.0,515.0,0.2907,0.1864,1.3078,1.1309,-72.0,-0.1044,UNMATCHED_SOURCE,0
127,113,5,6,10.9282,75.005,63.6,12.38,71.4224,65.8917,4.4939,1.4518,-3.5826,2.2918,4.2529,1.4518,0.3231,-0.7972,0.51,0.8934,2.9293,0.10625,0.1259,1.0009,1.1835,0.01965,1.1849,1,4,1,-0.6649,1.0938,0.2706,1.3083,5.5167,1.7252,0,1,2,2,3.1316,3.1316,-1.3623,1.435,1,2,3,0.7991,-3.6948,0,0,0,1,2.0,0.5054,0.4468,0.2361,0.6298,0.62,0.1109,0.6298,587.0,630.0,0.2907,0.2774,1.3078,1.2855,43.0,-0.0133,AMBIGUOUS,0
128,117,5,6,50.1219,55.5017,36.7286,46.5768,55.4097,39.404,4.4423,-3.545,-0.0921,2.6754,2.677,3.545,-0.798,-0.0207,0.6023,2.1816,0.7551,0.10171,0.12066,0.958,1.1342,0.01895,1.1863,0,1,0,0.0,0.0,0.0,0.0,0.0,0.0,0,0,2,1,4.4423,4.9802,0.5379,0.892,1,1,3,1.6121,-2.8302,1,2,1,2,1.0,0.3399,0.2531,0.2268,0.571,0.5482,0.1597,0.571,569.0,625.0,0.2691,0.3073,1.3247,1.3364,56.0,0.0382,TRUE_EDGE,1
128,106,5,6,50.1219,55.5017,36.7286,45.3397,55.0221,35.4235,4.9802,-4.7822,-0.4796,-1.305,1.3904,4.7822,-0.9602,-0.0963,-0.262,2.9429,0.2907,0.10171,0.14111,0.958,1.3265,0.03941,1.3875,0,1,0,0.0,0.0,0.0,0.0,0.0,0.0,0,0,2,2,4.4423,4.4423,-0.5379,1.1211,1,1,4,1.0625,-3.9176,1,2,0,1,0.6667,0.3399,0.2531,0.2268,0.2528,0.1603,0.1954,0.3399,569.0,712.0,0.2691,0.3175,1.3247,1.3181,143.0,0.0484,UNMATCHED_TARGET,0
131,106,5,6,49.6161,55.4055,34.3851,45.3397,55.0221,35.4235,4.4173,-4.2764,-0.3833,1.0384,1.1069,4.2764,-0.9681,-0.0868,0.2351,2.6316,0.2589,0.09999,0.14111,0.9419,1.3265,0.04112,1.4113,1,2,1,-0.4416,1.148,-0.1045,1.2344,4.2845,0.7543,0,0,1,1,4.4173,5.0,0.5827,0.8835,1,1,4,1.0625,-3.3548,1,2,0,1,0.6667,0.7884,0.7589,0.2134,0.2528,0.1603,0.1954,0.7884,544.0,712.0,0.2711,0.3175,1.3487,1.3181,168.0,0.0464,AMBIGUOUS,0
132,126,5,6,5.6282,72.358,99.2472,3.3162,72.2854,99.4104,2.3189,-2.312,-0.0726,0.1632,0.1786,2.312,-0.997,-0.0313,0.0704,1.4228,0.0773,0.09998,0.10681,0.9418,1.004,0.00682,1.0682,0,1,0,0.0,0.0,0.0,0.0,0.0,0.0,1,1,2,1,2.3189,4.7256,2.4067,0.4907,1,1,1,2.3189,2.6811,0,0,0,0,1.0,0.7644,0.7532,0.1304,0.1405,0.0662,0.1239,0.7644,595.0,646.0,0.2487,0.2265,1.2547,1.2589,51.0,-0.0221,AMBIGUOUS,0
132,56,5,6,5.6282,72.358,99.2472,8.8157,74.6341,101.8911,4.7256,3.1875,2.2761,2.6439,3.4887,3.1875,0.6745,0.4817,0.5595,1.9615,1.0945,0.09998,0.20606,0.9418,1.937,0.10608,2.0609,0,1,0,0.0,0.0,0.0,0.0,0.0,0.0,1,1,2,2,2.3189,2.3189,-2.4067,2.0379,0,0,2,4.6319,-0.0937,0,0,0,1,2.0,0.7644,0.7532,0.1304,0.7046,0.6907,0.1395,0.7644,595.0,901.0,0.2487,0.5097,1.2547,1.5497,306.0,0.261,AMBIGUOUS,0
133,125,5,6,11.2889,71.2981,34.0118,7.7665,70.5867,34.8106,3.6812,-3.5224,-0.7114,0.7988,1.0696,3.5224,-0.9569,-0.1932,0.217,2.1676,0.3037,0.09945,0.10709,0.9368,1.0066,0.00764,1.0768,1,3,1,-1.9938,0.2195,0.1658,2.0127,1.8984,0.0553,0,2,3,1,3.6812,3.8505,0.1693,0.956,1,2,3,2.6882,-0.993,1,1,0,2,1.5,0.247,0.0861,0.2315,0.3934,0.3585,0.162,0.3934,650.0,766.0,0.2236,0.1878,1.2117,1.1852,116.0,-0.0358,AMBIGUOUS,0
133,74,5,6,11.2889,71.2981,34.0118,12.6607,68.1301,35.7173,3.8505,1.3718,-3.168,1.7054,3.5978,1.3718,0.3563,-0.8227,0.4429,0.8442,2.6227,0.09945,0.18588,0.9368,1.7472,0.08643,1.8691,1,3,1,-1.9938,0.2195,0.1658,2.0127,5.0172,1.4062,0,2,3,2,3.6812,3.6812,-0.1693,1.046,0,3,3,3.6907,-0.1598,1,1,1,1,1.0,0.247,0.0861,0.2315,0.3614,0.3393,0.1243,0.3614,650.0,824.0,0.2236,0.3539,1.2117,1.3841,174.0,0.1303,AMBIGUOUS,0
133,88,5,6,11.2889,71.2981,34.0118,10.2932,67.3508,35.4067,4.3033,-0.9957,-3.9473,1.3948,4.1865,0.9957,-0.2314,-0.9173,0.3241,0.6127,4.2046,0.09945,0.16549,0.9368,1.5556,0.06604,1.6641,1,3,1,-1.9938,0.2195,0.1658,2.0127,4.4575,0.8441,0,2,3,3,3.6812,3.6812,-0.6221,1.169,0,1,2,3.4916,-0.8117,1,1,1,2,1.5,0.247,0.0861,0.2315,0.5536,0.5432,0.1071,0.5536,650.0,884.0,0.2236,0.2756,1.2117,1.2433,234.0,0.052,AMBIGUOUS,0
135,127,5,6,29.5982,76.2315,101.1108,27.5625,75.7979,100.3858,2.204,-2.0357,-0.4336,-0.725,0.8447,2.0357,-0.9236,-0.1967,-0.3289,1.2528,0.415,0.09876,0.10679,0.9303,1.0038,0.00803,1.0813,0,1,0,0.0,0.0,0.0,0.0,0.0,0.0,1,1,1,1,2.204,5.0,2.796,0.4408,1,1,2,2.204,2.5997,0,0,0,0,1.0,0.3793,0.3482,0.1505,0.1867,0.0625,0.1759,0.3793,494.0,532.0,0.3294,0.3493,1.2434,1.3205,38.0,0.0199,AMBIGUOUS,0
136,123,5,6,40.9802,55.5688,15.7323,37.6119,56.1657,16.4407,3.4934,-3.3683,0.5969,0.7083,0.9263,3.3683,-0.9642,0.1709,0.2028,2.0728,0.275,0.09786,0.11226,0.9218,1.0553,0.01441,1.1472,1,2,1,-1.9854,0.3061,-0.1455,2.0142,1.6511,0.0382,0,1,1,1,3.4934,5.0,1.5066,0.6987,0,1,2,3.4934,1.0377,0,0,0,0,1.0,0.3824,0.3552,0.1416,0.3211,0.2369,0.2168,0.3824,499.0,507.0,0.3484,0.3719,1.3281,1.3722,8.0,0.0235,AMBIGUOUS,0
138,125,5,6,10.1065,70.7632,36.122,7.7665,70.5867,34.8106,2.6882,-2.3399,-0.1765,-1.3114,1.3232,2.3399,-0.8705,-0.0657,-0.4878,1.44,0.5655,0.08573,0.10709,0.8076,1.0066,0.02136,1.2491,0,1,0,0.0,0.0,0.0,0.0,0.0,0.0,1,3,3,1,2.6882,3.4916,0.8034,0.7699,1,2,3,2.6882,0.993,1,1,0,2,1.5,0.366,0.3565,0.0831,0.3934,0.3585,0.162,0.3934,649.0,766.0,0.1773,0.1878,1.1881,1.1852,117.0,0.0105,AMBIGUOUS,0
138,88,5,6,10.1065,70.7632,36.122,10.2932,67.3508,35.4067,3.4916,0.1867,-3.4124,-0.7153,3.4866,0.1867,0.0535,-0.9773,-0.2049,0.1149,18.6732,0.08573,0.16549,0.8076,1.5556,0.07976,1.9303,0,1,0,0.0,0.0,0.0,0.0,0.0,0.0,1,3,3,2,2.6882,2.6882,-0.8034,1.2989,0,1,2,3.4916,0.8117,1,1,1,2,1.5,0.366,0.3565,0.0831,0.5536,0.5432,0.1071,0.5536,649.0,884.0,0.1773,0.2756,1.1881,1.2433,235.0,0.0983,AMBIGUOUS,0
138,74,5,6,10.1065,70.7632,36.122,12.6607,68.1301,35.7173,3.6907,2.5542,-2.6331,-0.4047,2.664,2.5542,0.6921,-0.7135,-0.1097,1.5718,1.043,0.08573,0.18588,0.8076,1.7472,0.10014,2.1681,0,1,0,0.0,0.0,0.0,0.0,0.0,0.0,1,3,3,3,2.6882,2.6882,-1.0025,1.3729,0,3,3,3.6907,0.1598,1,1,1,1,1.0,0.366,0.3565,0.0831,0.3614,0.3393,0.1243,0.366,649.0,824.0,0.1773,0.3539,1.1881,1.3841,175.0,0.1766,AMBIGUOUS,0
141,150,5,6,41.7396,62.992,18.674,40.3527,63.9079,18.2275,1.7209,-1.3868,0.9158,-0.4464,1.0188,1.3868,-0.8059,0.5322,-0.2594,0.8534,0.7347,0.06797,0.05902,0.6403,0.5548,-0.00895,0.8683,0,1,0,0.0,0.0,0.0,0.0,0.0,0.0,1,1,1,1,1.7209,5.0,3.2791,0.3442,1,1,2,1.7209,2.3705,0,0,0,0,1.0,0.5112,0.5104,0.0269,0.305,0.2723,0.1375,0.5112,490.0,451.0,0.1888,0.1944,1.2527,1.1663,-39.0,0.0056,AMBIGUOUS,0
142,151,5,6,27.4534,66.0014,14.8377,26.2038,65.1087,12.4462,2.8421,-1.2496,-0.8927,-2.3915,2.5527,1.2496,-0.4397,-0.3141,-0.8414,0.769,2.0428,0.05824,0.05735,0.5486,0.539,-0.0009,0.9846,0,1,0,0.0,0.0,0.0,0.0,0.0,0.0,1,1,2,1,2.8421,4.7105,1.8684,0.6034,1,1,1,2.8421,2.1579,0,0,0,2,3.0,0.3203,0.1716,0.2705,0.2741,0.2038,0.1833,0.3203,517.0,519.0,0.144,0.1456,1.0842,1.1422,2.0,0.0016,AMBIGUOUS,0
142,105,5,6,27.4534,66.0014,14.8377,26.5778,61.4658,15.7601,4.7105,-0.8755,-4.5356,0.9224,4.6284,0.8755,-0.1859,-0.9629,0.1958,0.5388,5.2863,0.05824,0.14192,0.5486,1.334,0.08368,2.4366,0,1,0,0.0,0.0,0.0,0.0,0.0,0.0,1,1,2,2,2.8421,2.8421,-1.8684,1.6574,0,0,2,4.7105,0.2772,0,0,0,1,2.0,0.3203,0.1716,0.2705,0.5965,0.5778,0.148,0.5965,517.0,815.0,0.144,0.239,1.0842,1.3428,298.0,0.095,AMBIGUOUS,0
143,156,5,6,50.7934,66.1468,41.1917,47.0231,67.6443,40.5726,4.1037,-3.7703,1.4975,-0.6191,1.6204,3.7703,-0.9187,0.3649,-0.1509,2.3202,0.4298,0.05508,0.04518,0.5188,0.4247,-0.0099,0.8203,0,1,0,0.0,0.0,0.0,0.0,0.0,0.0,0,0,2,1,4.1037,4.6436,0.5399,0.8837,0,0,1,4.1037,0.8963,0,0,0,0,1.0,0.4539,0.4184,0.1759,0.23,0.1019,0.2062,0.4539,406.0,369.0,0.2013,0.1547,1.2069,1.1523,-37.0,-0.0466,AMBIGUOUS,0
143,29,5,6,50.7934,66.1468,41.1917,52.9139,64.5617,45.0068,4.6436,2.1205,-1.5851,3.815,4.1312,2.1205,0.4566,-0.3413,0.8216,1.3049,1.9483,0.05508,0.23596,0.5188,2.218,0.18088,4.2839,0,1,0,0.0,0.0,0.0,0.0,0.0,0.0,0,0,2,2,4.1037,4.1037,-0.5399,1.1316,1,1,2,2.0774,-2.5662,0,0,0,0,1.0,0.4539,0.4184,0.1759,0.7171,0.7111,0.0927,0.7171,406.0,775.0,0.2013,0.6783,1.2069,1.7818,369.0,0.477,AMBIGUOUS,0
147,127,5,6,22.8576,76.5291,101.0228,27.5625,75.7979,100.3858,4.8038,4.7049,-0.7312,-0.637,0.9697,4.7049,0.9794,-0.1522,-0.1326,2.8953,0.2061,0.04886,0.10679,0.4603,1.0038,0.05792,2.1853,0,1,0,0.0,0.0,0.0,0.0,0.0,0.0,0,0,1,1,4.8038,5.0,0.1962,0.9608,1,1,2,2.204,-2.5997,0,0,0,0,1.0,0.2305,0.1076,0.2038,0.1867,0.0625,0.1759,0.2305,370.0,532.0,0.1867,0.3493,1.1556,1.3205,162.0,0.1626,AMBIGUOUS,0
148,79,5,6,1.7419,67.8018,21.3315,4.6061,66.912,19.3713,3.583,2.8642,-0.8898,-1.9602,2.1527,2.8642,0.7994,-0.2483,-0.5471,1.7626,0.7516,0.04672,0.18396,0.4401,1.7292,0.13724,3.9376,0,1,0,0.0,0.0,0.0,0.0,0.0,0.0,0,1,1,1,3.583,5.0,1.417,0.7166,0,1,2,3.583,0.581,0,0,0,0,1.0,0.2352,0.1169,0.2041,0.3211,0.2689,0.1755,0.3211,432.0,811.0,0.1154,0.3419,1.1811,1.3592,379.0,0.2265,AMBIGUOUS,0
151,66,5,6,16.8541,59.8178,5.5845,16.658,59.3876,3.7495,1.8949,-0.1961,-0.4303,-1.8349,1.8847,0.1961,-0.1035,-0.2271,-0.9684,0.1207,9.6108,0.04024,0.19628,0.379,1.8451,0.15605,4.8783,0,1,0,0.0,0.0,0.0,0.0,0.0,0.0,1,1,1,1,1.8949,5.0,3.1051,0.379,1,1,1,1.8949,3.1051,0,1,0,0,0.5,0.6208,0.6041,0.1429,0.4252,0.408,0.1197,0.6208,507.0,801.0,0.0942,0.4236,1.1612,1.401,294.0,0.3294,AMBIGUOUS,0
0,149,6,7,79.4919,54.572,21.8475,81.2136,54.0712,17.9588,4.2822,1.7218,-0.5008,-3.8887,3.9208,1.7218,0.4021,-0.117,-0.9081,1.0596,2.2772,0.28529,0.03836,2.6817,0.3588,-0.24693,0.1345,0,1,0,0.0,0.0,0.0,0.0,0.0,0.0,0,0,2,1,4.2822,4.972,0.6898,0.8613,0,0,1,4.2822,0.7178,0,1,0,0,0.5,0.2096,0.1331,0.1619,0.0997,0.0364,0.0929,0.2096,1040.0,229.0,0.6083,0.2236,1.9829,1.2382,-811.0,-0.3847,AMBIGUOUS,0
0,0,6,7,79.4919,54.572,21.8475,74.7202,54.6436,20.4524,4.972,-4.7717,0.0716,-1.3951,1.3969,4.7717,-0.9597,0.0144,-0.2806,2.9364,0.2927,0.28529,0.29857,2.6817,2.7927,0.01328,1.0465,0,1,0,0.0,0.0,0.0,0.0,0.0,0.0,0,0,2,2,4.2822,4.2822,-0.6898,1.1611,0,0,1,4.972,0.028,0,1,0,1,1.0,0.2096,0.1331,0.1619,0.246,0.0298,0.2442,0.246,1040.0,1021.0,0.6083,0.7126,1.9829,2.1312,-19.0,0.1043,AMBIGUOUS,0
1,22,6,7,87.145,48.6544,10.6717,83.2029,49.4406,11.6348,4.1336,-3.9422,0.7863,0.963,1.2432,3.9422,-0.9537,0.1902,0.233,2.426,0.3154,0.28312,0.24427,2.6614,2.2848,-0.03885,0.8628,0,1,0,0.0,0.0,0.0,0.0,0.0,0.0,0,0,1,1,4.1336,5.0,0.8664,0.8267,0,0,1,4.1336,0.8664,0,0,0,1,2.0,0.6221,0.605,0.1452,0.3792,0.3279,0.1905,0.6221,875.0,764.0,0.6961,0.6378,1.7254,1.7331,-111.0,-0.0583,AMBIGUOUS,0
2,140,6,7,93.5549,45.0464,4.952,97.1323,44.9636,4.0244,3.6966,3.5774,-0.0828,-0.9276,0.9313,3.5774,0.9677,-0.0224,-0.2509,2.2015,0.2603,0.28271,0.05356,2.6575,0.5009,-0.22916,0.1894,1,2,1,-0.1939,0.0099,-0.0907,0.2143,3.8641,1.7704,0,1,2,1,3.6966,4.8339,1.1373,0.7647,0,2,2,3.0052,-0.6914,0,2,0,0,0.3333,0.7009,0.6951,0.0904,0.3919,0.3677,0.1356,0.7009,950.0,249.0,0.6935,0.332,1.8218,1.4067,-701.0,-0.3615,AMBIGUOUS,0
2,3,6,7,93.5549,45.0464,4.952,88.8841,45.3666,3.7488,4.8339,-4.6708,0.3202,-1.2032,1.2451,4.6708,-0.9663,0.0662,-0.2489,2.8743,0.2666,0.28271,0.272,2.6575,2.5442,-0.01072,0.9621,1,2,1,-0.1939,0.0099,-0.0907,0.2143,4.6235,0.0173,0,1,2,2,3.6966,3.6966,-1.1373,1.3077,1,1,2,2.7939,-2.04,0,2,0,0,0.3333,0.7009,0.6951,0.0904,0.517,0.4909,0.1623,0.7009,950.0,883.0,0.6935,0.6208,1.8218,1.7502,-67.0,-0.0727,AMBIGUOUS,0
3,142,6,7,45.1274,62.7577,25.6972,44.0213,65.3675,29.6351,4.8519,-1.106,2.6097,3.9378,4.7241,1.106,-0.228,0.5379,0.8116,0.6806,4.2712,0.27228,0.05032,2.5595,0.4706,-0.22197,0.1848,1,2,1,0.2403,1.0381,0.5314,1.1907,3.9858,0.2148,0,0,2,1,4.8519,4.9518,0.0999,0.9798,0,0,2,4.035,-0.8168,0,1,1,1,1.0,0.4332,0.3726,0.2209,0.1529,0.1463,0.0442,0.4332,968.0,393.0,0.6368,0.1743,1.759,1.2231,-575.0,-0.4625,AMBIGUOUS,0
3,13,6,7,45.1274,62.7577,25.6972,40.2614,62.7926,24.78,4.9518,-4.866,0.0349,-0.9172,0.9179,4.866,-0.9827,0.007,-0.1852,2.9944,0.1886,0.27228,0.25463,2.5595,2.3817,-0.01766,0.9352,1,2,1,0.2403,1.0381,0.5314,1.1907,5.4017,1.2748,0,0,2,2,4.8519,4.8519,-0.0999,1.0206,1,1,3,0.7634,-4.1883,0,1,0,3,2.0,0.4332,0.3726,0.2209,0.404,0.3636,0.1761,0.4332,968.0,887.0,0.6368,0.5266,1.759,1.5859,-81.0,-0.1102,AMBIGUOUS,0
4,2,6,7,92.9622,58.1353,57.494,89.3978,58.495,55.0695,4.3258,-3.5644,0.3598,-2.4245,2.4511,3.5644,-0.824,0.0832,-0.5605,2.1935,0.6877,0.27094,0.28015,2.5469,2.6204,0.00921,1.034,1,2,1,-1.3846,0.4917,0.5746,1.5776,3.71,0.4551,0,0,1,1,4.3258,5.0,0.6742,0.8652,2,2,3,1.6214,-2.7044,0,1,0,0,0.5,0.391,0.3372,0.1979,0.182,0.0228,0.1806,0.391,962.0,1042.0,0.6686,0.7544,1.7887,1.8117,80.0,0.0858,AMBIGUOUS,0
5,4,6,7,80.1033,56.4024,34.0735,75.7764,56.6722,31.8783,4.8594,-4.3269,0.2698,-2.1952,2.2118,4.3269,-0.8904,0.0555,-0.4517,2.6627,0.5112,0.26358,0.26895,2.4777,2.5157,0.00537,1.0204,0,1,0,0.0,0.0,0.0,0.0,0.0,0.0,0,0,1,1,4.8594,5.0,0.1406,0.9719,0,0,1,4.8594,0.1406,0,1,0,0,0.5,0.4856,0.4783,0.084,0.6602,0.5986,0.2784,0.6602,951.0,901.0,0.5997,0.6766,1.6353,1.7369,-50.0,0.077,AMBIGUOUS,0
7,39,6,7,58.9891,57.2197,25.8338,57.8744,58.0631,26.3503,1.4903,-1.1148,0.8435,0.5165,0.9891,1.1148,-0.748,0.566,0.3466,0.686,0.8872,0.25803,0.22706,2.4255,2.1239,-0.03097,0.88,0,1,0,0.0,0.0,0.0,0.0,0.0,0.0,1,1,2,1,1.4903,4.576,3.0857,0.3257,1,1,1,1.4903,3.5097,0,0,0,0,1.0,0.5202,0.4891,0.1772,0.6289,0.6256,0.0638,0.6289,906.0,1007.0,0.5205,0.466,1.8097,1.5517,101.0,-0.0544,AMBIGUOUS,0
7,66,6,7,58.9891,57.2197,25.8338,61.5041,57.9965,22.0907,4.576,2.515,0.7768,-3.7431,3.8229,2.515,0.5496,0.1698,-0.818,1.5477,1.5201,0.25803,0.20119,2.4255,1.8818,-0.05684,0.7797,0,1,0,0.0,0.0,0.0,0.0,0.0,0.0,1,1,2,2,1.4903,1.4903,-3.0857,3.0706,1,1,4,2.9415,-1.6345,0,0,0,0,1.0,0.5202,0.4891,0.1772,0.3056,0.2459,0.1814,0.5202,906.0,940.0,0.5205,0.377,1.8097,1.5384,34.0,-0.1434,AMBIGUOUS,0
8,139,6,7,93.8462,57.1597,52.7743,97.6487,58.3689,55.3808,4.766,3.8025,1.2092,2.6065,2.8733,3.8025,0.7978,0.2537,0.5469,2.34,0.7556,0.25725,0.05458,2.4181,0.5106,-0.20266,0.2122,0,1,0,0.0,0.0,0.0,0.0,0.0,0.0,0,0,1,1,4.766,5.0,0.234,0.9532,0,0,1,4.766,0.234,0,2,0,0,0.3333,0.4234,0.4038,0.1274,0.2375,0.1487,0.1852,0.4234,902.0,284.0,0.5093,0.3242,1.5974,1.3605,-618.0,-0.1851,AMBIGUOUS,0
9,24,6,7,63.338,52.2189,6.1753,59.3809,52.8567,3.4988,4.8197,-3.9572,0.6377,-2.6764,2.7514,3.9572,-0.821,0.1323,-0.5553,2.4352,0.6953,0.25587,0.24356,2.4052,2.2781,-0.01232,0.9519,1,2,1,-0.4391,1.0675,0.4835,1.2514,4.7484,0.8136,0,0,1,1,4.8197,5.0,0.1803,0.9639,1,1,2,1.4977,-3.322,0,1,0,1,1.0,0.2076,0.037,0.2043,0.7619,0.7441,0.1635,0.7619,1115.0,835.0,0.6172,0.5647,1.8393,1.7468,-280.0,-0.0525,AMBIGUOUS,0
11,132,6,7,48.0812,55.7518,2.4248,51.7218,57.3234,5.1672,4.8213,3.6406,1.5715,2.7425,3.1608,3.6406,0.7551,0.326,0.5688,2.2403,0.8682,0.25532,0.06123,2.4,0.5727,-0.1941,0.2398,0,1,0,0.0,0.0,0.0,0.0,0.0,0.0,0,0,2,1,4.8213,4.8959,0.0746,0.9848,0,0,1,4.8213,0.1787,0,0,0,0,1.0,0.6757,0.6688,0.0964,0.3036,0.2782,0.1216,0.6757,1005.0,384.0,0.6818,0.2345,1.9213,1.2788,-621.0,-0.4474,AMBIGUOUS,0
11,16,6,7,48.0812,55.7518,2.4248,43.3716,55.4412,1.1239,4.8959,-4.7097,-0.3106,-1.3009,1.3374,4.7097,-0.962,-0.0634,-0.2657,2.8983,0.284,0.25532,0.25111,2.4,2.3488,-0.00421,0.9835,0,1,0,0.0,0.0,0.0,0.0,0.0,0.0,0,0,2,2,4.8213,4.8213,-0.0746,1.0155,1,1,2,1.5196,-3.3763,0,0,0,0,1.0,0.6757,0.6688,0.0964,0.5468,0.5034,0.2134,0.6757,1005.0,1023.0,0.6818,0.9311,1.9213,2.2019,18.0,0.2492,AMBIGUOUS,0
12,33,6,7,38.9715,65.4604,34.8239,35.2345,65.0065,34.7657,3.7649,-3.737,-0.454,-0.0582,0.4577,3.737,-0.9926,-0.1206,-0.0155,2.2997,0.1225,0.25178,0.23389,2.3667,2.1877,-0.01789,0.9289,1,2,1,-0.8143,-0.189,-2.8037,2.9257,4.0187,0.7011,0,1,1,1,3.7649,5.0,1.2351,0.753,0,1,2,3.7649,0.3817,0,1,0,0,0.5,0.129,0.0285,0.1258,0.5434,0.5155,0.1719,0.5434,954.0,882.0,0.5486,0.4517,1.582,1.5121,-72.0,-0.0968,AMBIGUOUS,0
13,5,6,7,100.7213,50.4607,33.3534,97.844,50.713,32.497,3.0126,-2.8773,0.2523,-0.8564,0.8927,2.8773,-0.9551,0.0837,-0.2843,1.7706,0.3103,0.25172,0.26873,2.3661,2.5137,0.01702,1.0676,0,1,0,0.0,0.0,0.0,0.0,0.0,0.0,0,1,1,1,3.0126,5.0,1.9874,0.6025,1,2,2,1.0547,-1.9579,1,1,0,1,1.0,0.0992,0.0287,0.095,0.3507,0.344,0.0683,0.3507,832.0,803.0,0.6298,0.685,1.7269,1.7347,-29.0,0.0552,AMBIGUOUS,0
14,21,6,7,38.538,59.7802,7.7473,34.0687,59.4825,7.9575,4.4842,-4.4694,-0.2977,0.2102,0.3644,4.4694,-0.9967,-0.0664,0.0469,2.7504,0.0815,0.24905,0.2448,2.3411,2.2897,-0.00425,0.9829,1,2,1,-0.6378,1.4141,0.541,1.6429,4.2096,0.6548,0,0,1,1,4.4842,5.0,0.5158,0.8968,1,1,4,1.638,-2.8462,1,1,0,2,1.5,0.4669,0.462,0.0678,0.2452,0.0563,0.2387,0.4669,885.0,976.0,0.5228,0.5624,1.5708,1.6534,91.0,0.0396,AMBIGUOUS,0
15,21,6,7,33.134,58.8147,6.7898,34.0687,59.4825,7.9575,1.638,0.9346,0.6678,1.1677,1.3451,0.9346,0.5706,0.4077,0.7129,0.5752,1.4392,0.24699,0.2448,2.3217,2.2897,-0.0022,0.9911,0,1,0,0.0,0.0,0.0,0.0,0.0,0.0,2,3,3,1,1.638,2.0766,0.4387,0.7888,1,1,4,1.638,2.369,0,1,0,2,1.5,0.6511,0.634,0.1481,0.2452,0.0563,0.2387,0.6511,921.0,976.0,0.5323,0.5624,1.6651,1.6534,55.0,0.0301,AMBIGUOUS,0
15,68,6,7,33.134,58.8147,6.7898,32.9651,58.232,4.8038,2.0766,-0.1689,-0.5827,-1.986,2.0698,0.1689,-0.0813,-0.2806,-0.9564,0.1039,12.2532,0.24699,0.1996,2.3217,1.867,-0.04739,0.8081,0,1,0,0.0,0.0,0.0,0.0,0.0,0.0,2,3,3,2,1.638,1.638,-0.4387,1.2678,1,1,2,2.0766,2.4192,0,1,0,2,1.5,0.6511,0.634,0.1481,0.4904,0.4651,0.1555,0.6511,921.0,898.0,0.5323,0.3843,1.6651,1.4592,-23.0,-0.1481,AMBIGUOUS,0
15,29,6,7,33.134,58.8147,6.7898,29.6372,58.3575,6.0784,3.5976,-3.4968,-0.4572,-0.7114,0.8456,3.4968,-0.972,-0.1271,-0.1977,2.1519,0.2418,0.24699,0.23753,2.3217,2.2218,-0.00946,0.9617,0,1,0,0.0,0.0,0.0,0.0,0.0,0.0,2,3,3,3,1.638,1.638,-1.9597,2.1964,0,1,1,3.5976,1.4024,0,1,0,2,1.5,0.6511,0.634,0.1481,0.4129,0.3872,0.1433,0.6511,921.0,901.0,0.5323,0.4441,1.6651,1.549,-20.0,-0.0882,AMBIGUOUS,0
16,140,6,7,95.3064,43.4522,2.1771,97.1323,44.9636,4.0244,3.0052,1.8259,1.5114,1.8474,2.3869,1.8259,0.6076,0.5029,0.6147,1.1236,1.3072,0.24662,0.05356,2.3183,0.5009,-0.19307,0.2172,0,1,0,0.0,0.0,0.0,0.0,0.0,0.0,0,1,1,1,3.0052,5.0,1.9948,0.601,0,2,2,3.0052,0.6914,0,2,0,0,0.3333,0.5872,0.5686,0.1468,0.3919,0.3677,0.1356,0.5872,844.0,249.0,0.5833,0.332,1.6613,1.4067,-595.0,-0.2513,AMBIGUOUS,0
19,2,6,7,88.3066,58.0471,53.957,89.3978,58.495,55.0695,1.6214,1.0912,0.4479,1.1125,1.1993,1.0912,0.673,0.2763,0.6861,0.6715,1.099,0.24535,0.28015,2.3063,2.6204,0.0348,1.1419,0,1,0,0.0,0.0,0.0,0.0,0.0,0.0,1,2,3,1,1.6214,3.8248,2.2034,0.4239,2,2,3,1.6214,1.0438,1,1,0,0,0.5,0.5635,0.5566,0.0877,0.182,0.0228,0.1806,0.5635,886.0,1042.0,0.5223,0.7544,1.6912,1.8117,156.0,0.2321,AMBIGUOUS,0
19,10,6,7,88.3066,58.0471,53.957,84.9596,58.2121,52.1132,3.8248,-3.347,0.165,-1.8437,1.8511,3.347,-0.8751,0.0431,-0.482,2.0597,0.5531,0.24535,0.25672,2.3063,2.4013,0.01137,1.0464,0,1,0,0.0,0.0,0.0,0.0,0.0,0.0,1,2,3,2,1.6214,1.6214,-2.2034,2.3589,0,1,2,3.8248,1.1168,1,1,0,1,1.0,0.5635,0.5566,0.0877,0.4879,0.4596,0.1638,0.5635,886.0,961.0,0.5223,0.5668,1.6912,1.7329,75.0,0.0444,AMBIGUOUS,0
19,14,6,7,88.3066,58.0471,53.957,89.0722,56.8353,49.8414,4.358,0.7655,-1.2118,-4.1156,4.2903,0.7655,0.1757,-0.2781,-0.9444,0.4711,5.6043,0.24535,0.25232,2.3063,2.3601,0.00697,1.0284,0,1,0,0.0,0.0,0.0,0.0,0.0,0.0,1,2,3,3,1.6214,1.6214,-2.7366,2.6878,1,1,2,2.9622,-1.3958,1,1,0,1,1.0,0.5635,0.5566,0.0877,0.3309,0.3028,0.1334,0.5635,886.0,833.0,0.5223,0.513,1.6912,1.6264,-53.0,-0.0093,AMBIGUOUS,0
20,9,6,7,88.2283,67.0133,95.1765,84.8708,67.756,95.5891,3.4634,-3.3575,0.7428,0.4126,0.8497,3.3575,-0.9694,0.2145,0.1191,2.0662,0.2531,0.24502,0.25703,2.3032,2.4041,0.012,1.049,0,1,0,0.0,0.0,0.0,0.0,0.0,0.0,0,1,1,1,3.4634,5.0,1.5366,0.6927,0,1,2,3.4634,1.3679,0,0,0,0,1.0,0.492,0.4783,0.1154,0.3995,0.3708,0.1489,0.492,755.0,908.0,0.6069,0.554,1.6762,1.5975,153.0,-0.0528,AMBIGUOUS,0
21,32,6,7,65.107,68.9256,85.4712,60.7453,69.6287,86.5713,4.5529,-4.3617,0.7031,1.1,1.3055,4.3617,-0.958,0.1544,0.2416,2.6841,0.2993,0.2432,0.23407,2.2861,2.1895,-0.00912,0.9625,0,1,0,0.0,0.0,0.0,0.0,0.0,0.0,0,0,2,1,4.5529,4.8291,0.2762,0.9428,0,1,3,3.9919,-0.561,0,2,1,1,0.6667,0.2353,0.107,0.2096,0.6419,0.6203,0.1648,0.6419,792.0,874.0,0.5594,0.4787,1.5854,1.514,82.0,-0.0806,AMBIGUOUS,0
21,19,6,7,65.107,68.9256,85.4712,60.5914,69.0476,83.764,4.8291,-4.5156,0.122,-1.7072,1.7116,4.5156,-0.9351,0.0253,-0.3535,2.7788,0.379,0.2432,0.24518,2.2861,2.2933,0.00198,1.0081,0,1,0,0.0,0.0,0.0,0.0,0.0,0.0,0,0,2,2,4.5529,4.5529,-0.2762,1.0607,1,1,3,2.9365,-1.8925,0,2,1,1,0.6667,0.2353,0.107,0.2096,0.4729,0.4664,0.0779,0.4729,792.0,870.0,0.5594,0.4976,1.5854,1.5139,78.0,-0.0618,AMBIGUOUS,0
23,2,6,7,89.8475,57.6548,52.5804,89.3978,58.495,55.0695,2.6653,-0.4496,0.8402,2.4891,2.6271,0.4496,-0.1687,0.3153,0.9339,0.2767,5.8429,0.24231,0.28015,2.2777,2.6204,0.03784,1.1561,0,1,0,0.0,0.0,0.0,0.0,0.0,0.0,2,2,3,1,2.6653,2.9622,0.297,0.8997,2,2,3,1.6214,-1.0438,1,2,0,0,0.3333,0.5046,0.4725,0.1772,0.182,0.0228,0.1806,0.5046,905.0,1042.0,0.5135,0.7544,1.5423,1.8117,137.0,0.2409,AMBIGUOUS,0
23,14,6,7,89.8475,57.6548,52.5804,89.0722,56.8353,49.8414,2.9622,-0.7753,-0.8195,-2.739,2.859,0.7753,-0.2617,-0.2766,-0.9246,0.4771,3.6876,0.24231,0.25232,2.2777,2.3601,0.01,1.0413,0,1,0,0.0,0.0,0.0,0.0,0.0,0.0,2,2,3,2,2.6653,2.6653,-0.297,1.1114,1,1,2,2.9622,1.3958,1,2,0,1,0.6667,0.5046,0.4725,0.1772,0.3309,0.3028,0.1334,0.5046,905.0,833.0,0.5135,0.513,1.5423,1.6264,-72.0,-0.0005,AMBIGUOUS,0
23,10,6,7,89.8475,57.6548,52.5804,84.9596,58.2121,52.1132,4.9417,-4.8879,0.5573,-0.4672,0.7272,4.8879,-0.9891,0.1128,-0.0945,3.0079,0.1488,0.24231,0.25672,2.2777,2.4013,0.01441,1.0595,0,1,0,0.0,0.0,0.0,0.0,0.0,0.0,2,2,3,3,2.6653,2.6653,-2.2764,1.8541,0,1,2,3.8248,-1.1168,1,2,0,1,0.6667,0.5046,0.4725,0.1772,0.4879,0.4596,0.1638,0.5046,905.0,961.0,0.5135,0.5668,1.5423,1.7329,56.0,0.0532,AMBIGUOUS,0
24,97,6,7,11.0039,72.4403,54.8524,14.6788,74.3687,55.6767,4.2312,3.6749,1.9284,0.8243,2.0972,3.6749,0.8685,0.4558,0.1948,2.2615,0.5707,0.24164,0.14129,2.2714,1.3216,-0.10035,0.5847,0,1,0,0.0,0.0,0.0,0.0,0.0,0.0,0,0,2,1,4.2312,4.6063,0.3751,0.9186,0,1,2,3.7457,-0.4856,0,0,0,0,1.0,0.3925,0.3711,0.1281,0.0628,0.0538,0.0323,0.3925,976.0,608.0,0.4913,0.3946,1.5213,1.3651,-368.0,-0.0967,AMBIGUOUS,0
24,65,6,7,11.0039,72.4403,54.8524,6.4169,72.0394,54.7241,4.6063,-4.5871,-0.4009,-0.1283,0.4209,4.5871,-0.9958,-0.087,-0.0278,2.8228,0.0918,0.24164,0.20207,2.2714,1.8901,-0.03957,0.8363,0,1,0,0.0,0.0,0.0,0.0,0.0,0.0,0,0,2,2,4.2312,4.2312,-0.3751,1.0886,0,0,1,4.6063,0.3937,0,0,0,0,1.0,0.3925,0.3711,0.1281,0.1974,0.0831,0.179,0.3925,976.0,845.0,0.4913,0.3888,1.5213,1.3918,-131.0,-0.1025,AMBIGUOUS,0
25,3,6,7,91.1206,44.2267,2.5221,88.8841,45.3666,3.7488,2.7939,-2.2365,1.1399,1.2267,1.6746,2.2365,-0.8005,0.408,0.4391,1.3763,0.7488,0.24079,0.272,2.2635,2.5442,0.0312,1.1296,0,1,0,0.0,0.0,0.0,0.0,0.0,0.0,1,1,1,1,2.7939,5.0,2.2061,0.5588,1,1,2,2.7939,2.04,0,2,0,0,0.3333,0.1571,0.1206,0.1007,0.517,0.4909,0.1623,0.517,960.0,883.0,0.4522,0.6208,1.5142,1.7502,-77.0,0.1686,AMBIGUOUS,0
26,24,6,7,58.9571,51.7186,4.3753,59.3809,52.8567,3.4988,1.4977,0.4238,1.1381,-0.8764,1.4364,0.4238,0.283,0.7599,-0.5852,0.2608,3.3892,0.2386,0.24356,2.2429,2.2781,0.00495,1.0208,0,1,0,0.0,0.0,0.0,0.0,0.0,0.0,1,2,2,1,1.4977,3.5506,2.0529,0.4218,1,1,2,1.4977,3.322,0,1,0,1,1.0,0.4829,0.4571,0.156,0.7619,0.7441,0.1635,0.7619,962.0,835.0,0.4572,0.5647,1.7059,1.7468,-127.0,0.1074,AMBIGUOUS,0
26,56,6,7,58.9571,51.7186,4.3753,55.4792,51.6737,3.6619,3.5506,-3.4779,-0.0449,-0.7134,0.7148,3.4779,-0.9795,-0.0127,-0.2009,2.1402,0.2055,0.2386,0.21029,2.2429,1.9669,-0.02832,0.8813,0,1,0,0.0,0.0,0.0,0.0,0.0,0.0,1,2,2,2,1.4977,1.4977,-2.0529,2.3707,0,1,1,3.5506,1.4494,0,1,1,2,1.5,0.4829,0.4571,0.156,0.2428,0.2292,0.0801,0.4829,962.0,999.0,0.4572,0.4402,1.7059,1.4728,37.0,-0.0171,AMBIGUOUS,0
27,67,6,7,37.2037,67.7226,44.683,32.9,67.5948,45.3524,4.3573,-4.3037,-0.1278,0.6695,0.6816,4.3037,-0.9877,-0.0293,0.1536,2.6484,0.1584,0.23859,0.20101,2.2428,1.8802,-0.03758,0.8425,0,1,0,0.0,0.0,0.0,0.0,0.0,0.0,0,0,1,1,4.3573,5.0,0.6427,0.8715,0,0,1,4.3573,0.6427,0,0,0,0,1.0,0.2099,0.1713,0.1212,0.4545,0.4,0.2157,0.4545,941.0,818.0,0.5138,0.4028,1.551,1.425,-123.0,-0.1111,AMBIGUOUS,0
28,74,6,7,56.2542,56.8301,13.4951,54.5868,56.9255,13.4295,1.6715,-1.6674,0.0954,-0.0657,0.1158,1.6674,-0.9976,0.0571,-0.0393,1.0261,0.0695,0.23692,0.18918,2.227,1.7695,-0.04773,0.7985,0,1,0,0.0,0.0,0.0,0.0,0.0,0.0,1,1,2,1,1.6715,4.6743,3.0028,0.3576,1,1,2,1.6715,2.7309,0,2,0,2,1.0,0.6287,0.6208,0.0996,0.6655,0.6632,0.0556,0.6655,944.0,798.0,0.5329,0.3315,1.6323,1.4102,-146.0,-0.2015,AMBIGUOUS,0
28,20,6,7,56.2542,56.8301,13.4951,51.8219,55.9787,12.2792,4.6743,-4.4323,-0.8514,-1.2159,1.4843,4.4323,-0.9482,-0.1821,-0.2601,2.7276,0.3349,0.23692,0.24494,2.227,2.2911,0.00803,1.0339,0,1,0,0.0,0.0,0.0,0.0,0.0,0.0,1,1,2,2,1.6715,1.6715,-3.0028,2.7965,0,0,1,4.6743,0.3257,0,2,0,2,1.0,0.6287,0.6208,0.0996,0.2171,0.1781,0.1242,0.6287,944.0,955.0,0.5329,0.5821,1.6323,1.6451,11.0,0.0492,AMBIGUOUS,0
29,38,6,7,52.9139,64.5617,45.0068,48.1425,64.5003,43.9169,4.8947,-4.7714,-0.0614,-1.0899,1.0916,4.7714,-0.9748,-0.0125,-0.2227,2.9362,0.2288,0.23596,0.22847,2.218,2.1371,-0.00749,0.9683,1,2,1,-1.8503,0.7257,-0.6043,2.0774,3.0639,0.0713,0,0,1,1,4.8947,5.0,0.1053,0.9789,0,0,2,4.7246,-0.1701,0,0,0,0,1.0,0.7171,0.7111,0.0927,0.6161,0.6075,0.1024,0.7171,775.0,733.0,0.6783,0.5975,1.7818,1.6581,-42.0,-0.0808,AMBIGUOUS,0
30,5,6,7,98.2367,50.7125,33.4759,97.844,50.713,32.497,1.0547,-0.3927,0.0005,-0.9788,0.9788,0.3927,-0.3723,0.0004,-0.9281,0.2416,2.4928,0.23518,0.26873,2.2107,2.5137,0.03356,1.1427,0,1,0,0.0,0.0,0.0,0.0,0.0,0.0,1,1,1,1,1.0547,5.0,3.9453,0.2109,1,2,2,1.0547,1.9579,1,1,0,1,1.0,0.7577,0.7367,0.1772,0.3507,0.344,0.0683,0.7577,772.0,803.0,0.6131,0.685,1.7306,1.7347,31.0,0.0719,AMBIGUOUS,0
32,54,6,7,69.7821,64.5984,65.1384,65.2135,64.8303,63.4973,4.86,-4.5686,0.2319,-1.6411,1.6574,4.5686,-0.9401,0.0477,-0.3377,2.8114,0.3628,0.23214,0.21243,2.1821,1.987,-0.01971,0.9151,1,2,1,-2.3038,0.1004,-0.5448,2.3695,2.5196,0.0063,0,0,1,1,4.86,5.0,0.14,0.972,0,0,1,4.86,0.14,0,1,0,2,1.5,0.1667,0.0929,0.1384,0.2989,0.2135,0.2092,0.2989,919.0,827.0,0.4646,0.4281,1.5006,1.46,-92.0,-0.0365,AMBIGUOUS,0
33,21,6,7,37.329,58.7773,5.7373,34.0687,59.4825,7.9575,4.007,-3.2604,0.7052,2.2201,2.3294,3.2604,-0.8137,0.176,0.5541,2.0064,0.7145,0.23183,0.2448,2.1792,2.2897,0.01296,1.0559,0,1,0,0.0,0.0,0.0,0.0,0.0,0.0,0,0,2,1,4.007,4.4958,0.4888,0.8913,1,1,4,1.638,-2.369,1,2,0,2,1.0,0.1457,0.046,0.1383,0.2452,0.0563,0.2387,0.2452,976.0,976.0,0.4957,0.5624,1.5849,1.6534,0.0,0.0667,AMBIGUOUS,0
33,68,6,7,37.329,58.7773,5.7373,32.9651,58.232,4.8038,4.4958,-4.3639,-0.5453,-0.9336,1.0812,4.3639,-0.9707,-0.1213,-0.2077,2.6855,0.2478,0.23183,0.1996,2.1792,1.867,-0.03223,0.861,0,1,0,0.0,0.0,0.0,0.0,0.0,0.0,0,0,2,2,4.007,4.007,-0.4888,1.122,1,1,2,2.0766,-2.4192,1,2,0,2,1.0,0.1457,0.046,0.1383,0.4904,0.4651,0.1555,0.4904,976.0,898.0,0.4957,0.3843,1.5849,1.4592,-78.0,-0.1114,AMBIGUOUS,0
34,17,6,7,47.0911,58.6471,11.6104,42.8067,57.6278,9.8785,4.7323,-4.2844,-1.0193,-1.7319,2.0096,4.2844,-0.9054,-0.2154,-0.366,2.6366,0.469,0.2292,0.24986,2.1545,2.3371,0.02066,1.0901,0,1,0,0.0,0.0,0.0,0.0,0.0,0.0,0,0,1,1,4.7323,5.0,0.2677,0.9465,0,0,1,4.7323,0.2677,0,1,0,0,0.5,0.228,0.0339,0.2254,0.5744,0.5567,0.1417,0.5744,884.0,822.0,0.4769,0.5636,1.4482,1.5412,-62.0,0.0867,AMBIGUOUS,0
35,32,6,7,65.085,69.5035,88.4554,60.7453,69.6287,86.5713,4.7327,-4.3397,0.1252,-1.8842,1.8883,4.3397,-0.917,0.0264,-0.3981,2.6706,0.4351,0.22882,0.23407,2.1509,2.1895,0.00526,1.023,0,1,0,0.0,0.0,0.0,0.0,0.0,0.0,0,0,1,1,4.7327,5.0,0.2673,0.9465,0,1,3,3.9919,-0.7408,0,2,1,1,0.6667,0.1411,0.085,0.1126,0.6419,0.6203,0.1648,0.6419,846.0,874.0,0.527,0.4787,1.5734,1.514,28.0,-0.0483,AMBIGUOUS,0
36,30,6,7,81.5462,62.9571,66.8029,80.7846,62.9277,64.4587,2.4649,-0.7616,-0.0294,-2.3441,2.3443,0.7616,-0.309,-0.0119,-0.951,0.4687,3.0781,0.22685,0.23516,2.1324,2.1996,0.00831,1.0366,0,1,0,0.0,0.0,0.0,0.0,0.0,0.0,1,2,3,1,2.4649,3.6371,1.1721,0.6777,1,1,2,2.4649,2.165,1,2,1,1,0.6667,0.3457,0.2962,0.1782,0.4863,0.4654,0.1411,0.4863,925.0,846.0,0.4534,0.4629,1.475,1.5205,-79.0,0.0095,AMBIGUOUS,0
36,36,6,7,81.5462,62.9571,66.8029,78.4535,63.0807,64.8928,3.6371,-3.0927,0.1236,-1.91,1.914,3.0927,-0.8503,0.034,-0.5252,1.9032,0.6189,0.22685,0.23195,2.1324,2.1696,0.0051,1.0225,0,1,0,0.0,0.0,0.0,0.0,0.0,0.0,1,2,3,2,2.4649,2.4649,-1.1721,1.4755,0,1,1,3.6371,1.3629,1,2,1,2,1.0,0.3457,0.2962,0.1782,0.4793,0.4535,0.155,0.4793,925.0,886.0,0.4534,0.4466,1.475,1.5038,-39.0,-0.0068,AMBIGUOUS,0
36,44,6,7,81.5462,62.9571,66.8029,78.4384,64.1076,69.4007,4.2108,-3.1078,1.1505,2.5978,2.8412,3.1078,-0.7381,0.2732,0.6169,1.9125,0.9142,0.22685,0.22135,2.1324,2.0705,-0.0055,0.9758,0,1,0,0.0,0.0,0.0,0.0,0.0,0.0,1,2,3,3,2.4649,2.4649,-1.7459,1.7083,0,1,2,3.0811,-1.1297,1,2,0,1,0.6667,0.3457,0.2962,0.1782,0.4508,0.4384,0.105,0.4508,925.0,870.0,0.4534,0.4527,1.475,1.5192,-55.0,-0.0007,AMBIGUOUS,0
37,31,6,7,53.1624,69.8573,76.753,48.3883,70.0374,75.3924,4.9675,-4.7741,0.1801,-1.3606,1.3725,4.7741,-0.9611,0.0363,-0.2739,2.9379,0.2875,0.22377,0.23417,2.1034,2.1903,0.0104,1.0465,0,1,0,0.0,0.0,0.0,0.0,0.0,0.0,0,0,1,1,4.9675,5.0,0.0325,0.9935,0,0,1,4.9675,0.0325,0,1,0,1,1.0,0.4638,0.4626,0.0333,0.4314,0.3617,0.2352,0.4638,742.0,822.0,0.5918,0.5454,1.718,1.5889,80.0,-0.0464,AMBIGUOUS,0
38,25,6,7,79.8637,57.5877,39.0512,75.9662,58.0459,37.6551,4.1652,-3.8974,0.4582,-1.3961,1.4693,3.8974,-0.9357,0.11,-0.3352,2.3984,0.377,0.22353,0.24195,2.1012,2.2631,0.01842,1.0824,0,1,0,0.0,0.0,0.0,0.0,0.0,0.0,0,0,1,1,4.1652,5.0,0.8348,0.833,0,0,1,4.1652,0.8348,1,1,0,0,0.5,0.2637,0.2387,0.1121,0.4305,0.4088,0.1349,0.4305,880.0,763.0,0.4476,0.5816,1.4729,1.6569,-117.0,0.134,AMBIGUOUS,0
39,35,6,7,40.356,64.0528,28.5776,38.7442,63.8138,27.6247,1.8875,-1.6118,-0.2389,-0.9529,0.9824,1.6118,-0.8539,-0.1266,-0.5048,0.9918,0.6095,0.22324,0.23254,2.0985,2.1751,0.0093,1.0416,0,1,0,0.0,0.0,0.0,0.0,0.0,0.0,1,1,4,1,1.8875,4.0023,2.1148,0.4716,1,1,2,1.8875,2.1675,0,1,1,2,1.5,0.3319,0.269,0.1944,0.2578,0.2558,0.0326,0.3319,952.0,856.0,0.5272,0.466,1.6039,1.53,-96.0,-0.0611,AMBIGUOUS,0
39,13,6,7,40.356,64.0528,28.5776,40.2614,62.7926,24.78,4.0023,-0.0946,-1.2601,-3.7976,4.0012,0.0946,-0.0236,-0.3148,-0.9488,0.0582,42.2949,0.22324,0.25463,2.0985,2.3817,0.03138,1.1406,0,1,0,0.0,0.0,0.0,0.0,0.0,0.0,1,1,4,2,1.8875,1.8875,-2.1148,2.1204,1,1,3,0.7634,-3.2389,0,1,0,3,2.0,0.3319,0.269,0.1944,0.404,0.3636,0.1761,0.404,952.0,887.0,0.5272,0.5266,1.6039,1.5859,-65.0,-0.0005,AMBIGUOUS,0
39,142,6,7,40.356,64.0528,28.5776,44.0213,65.3675,29.6351,4.035,3.6653,1.3147,1.0575,1.6872,3.6653,0.9084,0.3258,0.2621,2.2556,0.4603,0.22324,0.05032,2.0985,0.4706,-0.17293,0.2254,0,1,0,0.0,0.0,0.0,0.0,0.0,0.0,1,1,4,3,1.8875,1.8875,-2.1475,2.1377,0,0,2,4.035,0.8168,0,1,1,1,1.0,0.3319,0.269,0.1944,0.1529,0.1463,0.0442,0.3319,952.0,393.0,0.5272,0.1743,1.6039,1.2231,-559.0,-0.3529,AMBIGUOUS,0
39,34,6,7,40.356,64.0528,28.5776,36.3559,63.465,27.562,4.1686,-4.0001,-0.5878,-1.0156,1.1734,4.0001,-0.9596,-0.141,-0.2436,2.4616,0.2933,0.22324,0.23273,2.0985,2.1769,0.00948,1.0425,0,1,0,0.0,0.0,0.0,0.0,0.0,0.0,1,1,4,4,1.8875,1.8875,-2.2811,2.2085,0,0,1,4.1686,0.8314,0,1,1,3,2.0,0.3319,0.269,0.1944,0.6158,0.6059,0.1098,0.6158,952.0,957.0,0.5272,0.4794,1.6039,1.4876,5.0,-0.0478,AMBIGUOUS,0
40,6,6,7,99.5005,61.0833,82.2728,100.1414,60.3193,80.4746,2.0562,0.6409,-0.764,-1.7982,1.9538,0.6409,0.3117,-0.3716,-0.8745,0.3944,3.0486,0.22319,0.26385,2.098,2.468,0.04066,1.1822,0,1,0,0.0,0.0,0.0,0.0,0.0,0.0,1,1,2,1,2.0562,4.8622,2.8059,0.4229,1,1,1,2.0562,2.9438,0,0,0,0,1.0,0.448,0.3755,0.2443,0.6399,0.6086,0.1978,0.6399,1000.0,941.0,0.4189,0.6569,1.4778,1.8667,-59.0,0.238,AMBIGUOUS,0
40,45,6,7,99.5005,61.0833,82.2728,94.7421,61.5206,83.1708,4.8622,-4.7585,0.4372,0.8981,0.9989,4.7585,-0.9787,0.0899,0.1847,2.9283,0.2099,0.22319,0.22125,2.098,2.0695,-0.00194,0.9913,0,1,0,0.0,0.0,0.0,0.0,0.0,0.0,1,1,2,2,2.0562,2.0562,-2.8059,2.3646,0,1,2,3.0501,-1.8121,0,0,1,1,2.0,0.448,0.3755,0.2443,0.5344,0.4921,0.2085,0.5344,1000.0,928.0,0.4189,0.4281,1.4778,1.6273,-72.0,0.0092,AMBIGUOUS,0
41,44,6,7,81.0598,64.0839,71.0197,78.4384,64.1076,69.4007,3.0811,-2.6214,0.0237,-1.619,1.6192,2.6214,-0.8508,0.0077,-0.5255,1.6131,0.6177,0.22266,0.22135,2.093,2.0705,-0.00131,0.9941,0,1,0,0.0,0.0,0.0,0.0,0.0,0.0,0,1,1,1,3.0811,5.0,1.9189,0.6162,0,1,2,3.0811,1.1297,0,2,0,1,0.6667,0.2289,0.1902,0.1274,0.4508,0.4384,0.105,0.4508,884.0,870.0,0.4915,0.4527,1.5598,1.5192,-14.0,-0.0388,AMBIGUOUS,0
43,74,6,7,56.0546,57.6554,17.5152,54.5868,56.9255,13.4295,4.4023,-1.4678,-0.7299,-4.0858,4.1504,1.4678,-0.3334,-0.1658,-0.9281,0.9033,2.8276,0.22078,0.18918,2.0753,1.7695,-0.03159,0.8569,0,1,0,0.0,0.0,0.0,0.0,0.0,0.0,0,0,2,1,4.4023,4.4662,0.0639,0.9857,1,1,2,1.6715,-2.7309,0,2,0,2,1.0,0.8066,0.8046,0.0565,0.6655,0.6632,0.0556,0.8066,1021.0,798.0,0.5295,0.3315,1.6097,1.4102,-223.0,-0.198,AMBIGUOUS,0
43,42,6,7,56.0546,57.6554,17.5152,51.8428,56.9341,16.2163,4.4662,-4.2118,-0.7213,-1.299,1.4858,4.2118,-0.943,-0.1615,-0.2908,2.5919,0.3528,0.22078,0.22179,2.0753,2.0745,0.00101,1.0046,0,1,0,0.0,0.0,0.0,0.0,0.0,0.0,0,0,2,2,4.4023,4.4023,-0.0639,1.0145,0,0,1,4.4662,0.5338,0,2,0,2,1.0,0.8066,0.8046,0.0565,0.1713,0.1572,0.068,0.8066,1021.0,913.0,0.5295,0.4999,1.6097,1.5757,-108.0,-0.0296,AMBIGUOUS,0
44,16,6,7,42.6409,54.1715,1.528,43.3716,55.4412,1.1239,1.5196,0.7307,1.2697,-0.4041,1.3325,0.7307,0.4808,0.8355,-0.2659,0.4496,1.8236,0.2185,0.25111,2.0539,2.3488,0.03261,1.1492,0,1,0,0.0,0.0,0.0,0.0,0.0,0.0,1,1,1,1,1.5196,5.0,3.4804,0.3039,1,1,2,1.5196,3.3763,0,0,0,0,1.0,0.4265,0.3909,0.1705,0.5468,0.5034,0.2134,0.5468,943.0,1023.0,0.5315,0.9311,1.742,2.2019,80.0,0.3996,AMBIGUOUS,0
47,46,6,7,30.5916,59.3703,29.1013,27.0875,59.2272,30.337,3.7184,-3.5041,-0.1431,1.2358,1.244,3.5041,-0.9424,-0.0385,0.3323,2.1564,0.355,0.21564,0.22078,2.027,2.0651,0.00514,1.0238,1,2,1,-0.9292,0.952,1.7432,2.1928,2.8438,0.3532,0,1,1,1,3.7184,5.0,1.2816,0.7437,0,1,1,3.7184,1.2816,0,0,0,0,1.0,0.3252,0.2834,0.1596,0.56,0.5375,0.1569,0.56,826.0,818.0,0.4536,0.476,1.457,1.4571,-8.0,0.0224,AMBIGUOUS,0
48,53,6,7,22.9468,67.8509,39.6311,18.972,67.7237,39.4144,3.9828,-3.9748,-0.1272,-0.2167,0.2513,3.9748,-0.998,-0.0319,-0.0544,2.446,0.0632,0.21425,0.21252,2.014,1.9878,-0.00174,0.9919,0,1,0,0.0,0.0,0.0,0.0,0.0,0.0,0,1,1,1,3.9828,5.0,1.0172,0.7966,0,1,2,3.9828,0.5872,0,1,0,2,1.5,0.2678,0.1968,0.1815,0.5415,0.528,0.1203,0.5415,857.0,864.0,0.4586,0.4222,1.5106,1.4705,7.0,-0.0364,AMBIGUOUS,0
49,33,6,7,36.8418,66.8161,38.1327,35.2345,65.0065,34.7657,4.1467,-1.6073,-1.8096,-3.367,3.8225,1.6073,-0.3876,-0.4364,-0.812,0.9891,2.3782,0.21333,0.23389,2.0053,2.1877,0.02056,1.0964,0,1,0,0.0,0.0,0.0,0.0,0.0,0.0,0,0,2,1,4.1467,4.3594,0.2127,0.9512,0,1,2,3.7649,-0.3817,0,1,0,0,0.5,0.569,0.5332,0.1988,0.5434,0.5155,0.1719,0.569,870.0,882.0,0.4351,0.4517,1.4873,1.5121,12.0,0.0166,AMBIGUOUS,0
49,47,6,7,36.8418,66.8161,38.1327,32.5187,66.6628,38.6722,4.3594,-4.3231,-0.1533,0.5395,0.5609,4.3231,-0.9917,-0.0352,0.1238,2.6604,0.1297,0.21333,0.22034,2.0053,2.061,0.00701,1.0328,0,1,0,0.0,0.0,0.0,0.0,0.0,0.0,0,0,2,2,4.1467,4.1467,-0.2127,1.0513,0,0,1,4.3594,0.6406,0,1,0,0,0.5,0.569,0.5332,0.1988,0.0891,0.0187,0.0871,0.569,870.0,975.0,0.4351,0.4899,1.4873,1.5516,105.0,0.0547,AMBIGUOUS,0
50,59,6,7,23.8927,66.7241,35.0309,19.4788,66.1077,35.1253,4.4577,-4.4138,-0.6164,0.0944,0.6236,4.4138,-0.9902,-0.1383,0.0212,2.7162,0.1413,0.21123,0.20791,1.9856,1.9447,-0.00332,0.9843,0,1,0,0.0,0.0,0.0,0.0,0.0,0.0,0,0,1,1,4.4577,5.0,0.5423,0.8915,0,0,1,4.4577,0.5423,0,1,0,1,1.0,0.5012,0.4823,0.1361,0.2192,0.0212,0.2182,0.5012,917.0,905.0,0.4316,0.4568,1.4905,1.534,-12.0,0.0252,AMBIGUOUS,0
53,100,6,7,14.264,72.4098,94.0381,15.5814,73.4782,90.2399,4.1597,1.3174,1.0684,-3.7982,3.9456,1.3174,0.3167,0.2568,-0.9131,0.8107,2.995,0.20811,0.1337,1.9563,1.2505,-0.07442,0.6424,1,2,1,-2.1335,0.1023,-0.3933,2.1719,4.9432,1.1336,0,0,1,1,4.1597,5.0,0.8403,0.8319,0,0,1,4.1597,0.8403,0,0,0,1,2.0,0.4214,0.361,0.2174,0.6728,0.6686,0.0746,0.6728,874.0,661.0,0.3692,0.31,1.3654,1.3214,-213.0,-0.0591,AMBIGUOUS,0
55,66,6,7,64.3514,57.7283,22.7785,61.5041,57.9965,22.0907,2.9415,-2.8473,0.2682,-0.6879,0.7383,2.8473,-0.968,0.0912,-0.2339,1.7522,0.2593,0.20695,0.20119,1.9454,1.8818,-0.00577,0.9721,0,1,0,0.0,0.0,0.0,0.0,0.0,0.0,1,1,1,1,2.9415,5.0,2.0585,0.5883,1,1,4,2.9415,1.4514,0,1,0,0,0.5,0.6505,0.6486,0.0498,0.3056,0.2459,0.1814,0.6505,1152.0,940.0,0.5702,0.377,1.7812,1.5384,-212.0,-0.1931,AMBIGUOUS,0
56,50,6,7,8.8157,74.6341,101.8911,10.8205,73.9008,101.1066,2.2743,2.0048,-0.7333,-0.7845,1.0738,2.0048,0.8815,-0.3224,-0.3449,1.2338,0.5356,0.20606,0.21868,1.937,2.0455,0.01262,1.0612,0,1,0,0.0,0.0,0.0,0.0,0.0,0.0,1,1,1,1,2.2743,5.0,2.7257,0.4549,2,2,2,1.8987,-0.3756,0,1,0,0,0.5,0.7046,0.6907,0.1395,0.5579,0.5545,0.0617,0.7046,901.0,897.0,0.5097,0.4708,1.5497,1.5695,-4.0,-0.0389,AMBIGUOUS,0
57,143,6,7,84.0067,63.2168,67.7708,87.61,63.488,69.7506,4.1202,3.6033,0.2712,1.9797,1.9982,3.6033,0.8745,0.0658,0.4805,2.2174,0.5546,0.20508,0.04875,1.9278,0.456,-0.15634,0.2377,1,2,1,-1.1914,0.6518,0.036,1.3586,5.1877,1.7226,0,0,2,1,4.1202,4.6299,0.5096,0.8899,0,0,1,4.1202,0.8798,1,2,0,0,0.3333,0.5231,0.4933,0.1742,0.2187,0.14,0.1681,0.5231,907.0,313.0,0.3745,0.1649,1.3196,1.2317,-594.0,-0.2096,AMBIGUOUS,0
57,30,6,7,84.0067,63.2168,67.7708,80.7846,62.9277,64.4587,4.6299,-3.2221,-0.2891,-3.3121,3.3247,3.2221,-0.6959,-0.0624,-0.7154,1.9828,1.0318,0.20508,0.23516,1.9278,2.1996,0.03007,1.1466,1,2,1,-1.1914,0.6518,0.036,1.3586,4.0273,0.4386,0,0,2,2,4.1202,4.1202,-0.5096,1.1237,1,1,2,2.4649,-2.165,1,2,1,1,0.6667,0.5231,0.4933,0.1742,0.4863,0.4654,0.1411,0.5231,907.0,846.0,0.3745,0.4629,1.3196,1.5205,-61.0,0.0884,AMBIGUOUS,0
58,23,6,7,84.3622,68.8926,100.2572,80.3555,69.9503,99.1948,4.278,-4.0067,1.0577,-1.0624,1.4991,4.0067,-0.9366,0.2472,-0.2483,2.4657,0.3742,0.20499,0.24358,1.9269,2.2784,0.03859,1.1883,0,1,0,0.0,0.0,0.0,0.0,0.0,0.0,0,0,2,1,4.278,4.8313,0.5533,0.8855,0,0,1,4.278,0.722,0,0,0,0,1.0,0.2353,0.1378,0.1907,0.7376,0.7305,0.1027,0.7376,657.0,798.0,0.6208,0.6517,1.541,1.6822,141.0,0.0309,AMBIGUOUS,0
58,9,6,7,84.3622,68.8926,100.2572,84.8708,67.756,95.5891,4.8313,0.5086,-1.1366,-4.6681,4.8045,0.5086,0.1053,-0.2353,-0.9662,0.313,9.447,0.20499,0.25703,1.9269,2.4041,0.05204,1.2539,0,1,0,0.0,0.0,0.0,0.0,0.0,0.0,0,0,2,2,4.278,4.278,-0.5533,1.1293,0,1,2,3.4634,-1.3679,0,0,0,0,1.0,0.2353,0.1378,0.1907,0.3995,0.3708,0.1489,0.3995,657.0,908.0,0.6208,0.554,1.541,1.5975,251.0,-0.0668,AMBIGUOUS,0
59,13,6,7,40.8223,62.3995,24.4428,40.2614,62.7926,24.78,0.7634,-0.5609,0.3931,0.3372,0.5179,0.5609,-0.7347,0.5149,0.4417,0.3452,0.9233,0.20374,0.25463,1.9152,2.3817,0.05089,1.2497,0,1,0,0.0,0.0,0.0,0.0,0.0,0.0,1,1,2,1,0.7634,4.055,3.2916,0.1883,1,1,3,0.7634,3.2389,0,2,0,3,1.3333,0.2647,0.1973,0.1765,0.404,0.3636,0.1761,0.404,947.0,887.0,0.3811,0.5266,1.4404,1.5859,-60.0,0.1455,AMBIGUOUS,0
59,35,6,7,40.8223,62.3995,24.4428,38.7442,63.8138,27.6247,4.055,-2.0781,1.4143,3.1819,3.4821,2.0781,-0.5125,0.3488,0.7847,1.2788,1.6756,0.20374,0.23254,1.9152,2.1751,0.0288,1.1414,0,1,0,0.0,0.0,0.0,0.0,0.0,0.0,1,1,2,2,0.7634,0.7634,-3.2916,5.3114,1,1,2,1.8875,-2.1675,0,2,1,2,1.0,0.2647,0.1973,0.1765,0.2578,0.2558,0.0326,0.2647,947.0,856.0,0.3811,0.466,1.4404,1.53,-91.0,0.0849,AMBIGUOUS,0
61,133,6,7,35.3864,60.6938,14.2619,35.6411,64.1084,17.5005,4.713,0.2547,3.4146,3.2386,4.7061,0.2547,0.054,0.7245,0.6872,0.1568,18.4754,0.20173,0.06091,1.8963,0.5698,-0.14082,0.302,0,1,0,0.0,0.0,0.0,0.0,0.0,0.0,0,0,1,1,4.713,5.0,0.287,0.9426,0,0,3,4.4273,-0.2857,0,2,0,0,0.3333,0.4006,0.3636,0.1682,0.1383,0.1089,0.0853,0.4006,859.0,454.0,0.3323,0.1882,1.4485,1.1537,-405.0,-0.1441,AMBIGUOUS,0
62,50,6,7,12.5101,73.7923,101.9661,10.8205,73.9008,101.1066,1.8987,-1.6896,0.1085,-0.8595,0.8663,1.6896,-0.8899,0.0572,-0.4527,1.0398,0.5127,0.19983,0.21868,1.8784,2.0455,0.01886,1.0944,1,2,1,-0.8446,-0.4536,-0.7618,1.2245,1.0195,0.1258,1,1,1,1,1.8987,5.0,3.1013,0.3797,2,2,2,1.8987,0.3756,0,1,0,0,0.5,0.511,0.4899,0.1452,0.5579,0.5545,0.0617,0.5579,921.0,897.0,0.4589,0.4708,1.5038,1.5695,-24.0,0.0118,AMBIGUOUS,0
64,124,6,7,84.5338,55.7447,35.1774,89.163,56.1559,35.4129,4.6535,4.6293,0.4112,0.2355,0.4739,4.6293,0.9948,0.0884,0.0506,2.8488,0.1024,0.1989,0.07641,1.8697,0.7148,-0.12249,0.3842,1,2,1,0.3455,0.2456,0.1622,0.4539,4.2876,0.1768,0,0,1,1,4.6535,5.0,0.3465,0.9307,0,0,1,4.6535,0.3465,0,2,0,0,0.3333,0.1914,0.0338,0.1884,0.2417,0.212,0.1162,0.2417,809.0,372.0,0.3969,0.2968,1.4778,1.2797,-437.0,-0.1,AMBIGUOUS,0
66,51,6,7,16.658,59.3876,3.7495,14.4993,60.1133,4.5292,2.4072,-2.1587,0.7257,0.7797,1.0651,2.1587,-0.8968,0.3015,0.3239,1.3284,0.4934,0.19628,0.2163,1.8451,2.0232,0.02001,1.102,1,2,1,-0.1961,-0.4303,-1.8349,1.8949,3.4676,1.2893,1,1,2,1,2.4072,4.6041,2.1969,0.5228,1,1,1,2.4072,2.5928,0,0,1,1,2.0,0.4252,0.408,0.1197,0.14,0.1257,0.0616,0.4252,801.0,805.0,0.4236,0.4065,1.401,1.4165,4.0,-0.0171,AMBIGUOUS,0
66,70,6,7,16.658,59.3876,3.7495,12.0792,59.8284,3.5546,4.6041,-4.5788,0.4408,-0.1949,0.482,4.5788,-0.9945,0.0958,-0.0423,2.8177,0.1053,0.19628,0.19535,1.8451,1.8273,-0.00093,0.9953,1,2,1,-0.1961,-0.4303,-1.8349,1.8949,4.7599,0.8778,1,1,2,2,2.4072,2.4072,-2.1969,1.9126,0,0,1,4.6041,0.3959,0,0,1,1,2.0,0.4252,0.408,0.1197,0.7199,0.7042,0.1495,0.7199,801.0,853.0,0.4236,0.3629,1.401,1.3791,52.0,-0.0607,AMBIGUOUS,0
67,77,6,7,78.1709,66.5423,89.1661,74.9219,67.5174,90.7194,3.7309,-3.249,0.9752,1.5534,1.8341,3.249,-0.8708,0.2614,0.4163,1.9994,0.5645,0.19591,0.18544,1.8416,1.7345,-0.01047,0.9465,1,2,1,-2.018,0.9524,-0.4807,2.2826,2.3777,0.2088,0,1,1,1,3.7309,5.0,1.2691,0.7462,0,1,2,3.7309,0.691,0,1,0,1,1.0,0.2738,0.1709,0.2139,0.2275,0.1719,0.1489,0.2738,674.0,685.0,0.5932,0.4921,1.567,1.5256,11.0,-0.1011,AMBIGUOUS,0
68,85,6,7,40.1253,71.1134,80.6071,37.1406,70.8669,79.7293,3.1208,-2.9846,-0.2465,-0.8779,0.9118,2.9846,-0.9564,-0.079,-0.2813,1.8367,0.3055,0.19084,0.16813,1.7939,1.5726,-0.02271,0.881,0,1,0,0.0,0.0,0.0,0.0,0.0,0.0,0,1,1,1,3.1208,5.0,1.8792,0.6242,0,1,1,3.1208,1.8792,0,0,0,0,1.0,0.5281,0.4997,0.1708,0.313,0.2344,0.2075,0.5281,715.0,716.0,0.4778,0.4159,1.44,1.38,1.0,-0.062,AMBIGUOUS,0
70,129,6,7,36.8537,70.5115,67.274,40.6075,72.83,66.5745,4.4672,3.7538,2.3186,-0.6994,2.4218,3.7538,0.8403,0.519,-0.1566,2.31,0.6452,0.18989,0.07109,1.7849,0.665,-0.11879,0.3744,1,3,1,-1.7058,-1.0011,0.9707,2.2032,6.6043,1.9554,0,0,3,1,4.4672,4.5283,0.0611,0.9865,0,0,1,4.4672,0.5328,0,2,0,1,0.6667,0.574,0.5213,0.2403,0.1234,0.0175,0.1222,0.574,899.0,459.0,0.3444,0.2058,1.327,1.2209,-440.0,-0.1386,AMBIGUOUS,0
70,134,6,7,36.8537,70.5115,67.274,37.0852,74.358,69.6523,4.5283,0.2315,3.8465,2.3783,4.5224,0.2315,0.0511,0.8494,0.5252,0.1424,19.5373,0.18989,0.05719,1.7849,0.535,-0.13269,0.3012,1,3,1,-1.7058,-1.0011,0.9707,2.2032,5.4068,1.1941,0,0,3,2,4.4672,4.4672,-0.0611,1.0137,0,0,1,4.5283,0.4717,0,2,0,1,0.6667,0.574,0.5213,0.2403,0.3433,0.2898,0.1841,0.574,899.0,393.0,0.3444,0.1873,1.327,1.2438,-506.0,-0.1571,AMBIGUOUS,0
70,62,6,7,36.8537,70.5115,67.274,32.0767,69.9867,66.9281,4.8182,-4.7771,-0.5248,-0.3458,0.6285,4.7771,-0.9915,-0.1089,-0.0718,2.9397,0.1316,0.18989,0.20399,1.7849,1.9081,0.01411,1.0743,1,3,1,-1.7058,-1.0011,0.9707,2.2032,3.3753,0.2145,0,0,3,3,4.4672,4.4672,-0.351,1.0786,1,1,2,1.2363,-3.5819,0,2,0,2,1.0,0.574,0.5213,0.2403,0.4498,0.4233,0.152,0.574,899.0,851.0,0.3444,0.3975,1.327,1.3603,-48.0,0.0531,AMBIGUOUS,0
71,87,6,7,15.7124,65.7579,25.8856,15.4763,65.4381,24.4158,1.5226,-0.2361,-0.3198,-1.4698,1.5042,0.2361,-0.1551,-0.21,-0.9653,0.1453,6.371,0.18932,0.15755,1.7796,1.4737,-0.03176,0.8322,0,1,0,0.0,0.0,0.0,0.0,0.0,0.0,1,1,1,1,1.5226,5.0,3.4774,0.3045,1,2,2,1.5226,2.0716,0,0,0,2,3.0,0.5524,0.5376,0.1268,0.7755,0.7737,0.0518,0.7755,911.0,673.0,0.3717,0.3571,1.3727,1.4059,-238.0,-0.0146,AMBIGUOUS,0
72,133,6,7,31.9231,61.7761,16.9194,35.6411,64.1084,17.5005,4.4273,3.718,2.3323,0.5812,2.4036,3.718,0.8398,0.5268,0.1313,2.288,0.6465,0.18736,0.06091,1.7612,0.5698,-0.12645,0.3251,1,2,1,-0.6648,-0.1585,-0.7807,1.0375,5.2218,1.7173,0,0,1,1,4.4273,5.0,0.5727,0.8855,0,0,3,4.4273,0.2857,0,2,0,0,0.3333,0.595,0.5769,0.1455,0.1383,0.1089,0.0853,0.595,883.0,454.0,0.3425,0.1882,1.4292,1.1537,-429.0,-0.1543,AMBIGUOUS,0
73,63,6,7,31.9189,60.4689,12.2435,27.2921,60.4469,12.6179,4.6419,-4.6267,-0.022,0.3744,0.3751,4.6267,-0.9967,-0.0047,0.0807,2.8472,0.0811,0.18668,0.20378,1.7548,1.9061,0.0171,1.0916,0,1,0,0.0,0.0,0.0,0.0,0.0,0.0,0,0,2,1,4.6419,4.8954,0.2534,0.9482,0,1,3,3.3796,-1.2624,0,2,0,1,0.6667,0.5871,0.5811,0.0838,0.3442,0.3329,0.0878,0.5871,1101.0,1018.0,0.4893,0.4692,1.5686,1.4752,-83.0,-0.0202,AMBIGUOUS,0
73,21,6,7,31.9189,60.4689,12.2435,34.0687,59.4825,7.9575,4.8954,2.1498,-0.9864,-4.286,4.3981,2.1498,0.4391,-0.2015,-0.8755,1.3229,2.0458,0.18668,0.2448,1.7548,2.2897,0.05811,1.3113,0,1,0,0.0,0.0,0.0,0.0,0.0,0.0,0,0,2,2,4.6419,4.6419,-0.2534,1.0546,1,1,4,1.638,-3.2574,0,2,0,2,1.0,0.5871,0.5811,0.0838,0.2452,0.0563,0.2387,0.5871,1101.0,976.0,0.4893,0.5624,1.5686,1.6534,-125.0,0.0731,AMBIGUOUS,0
74,145,6,7,12.6607,68.1301,35.7173,14.5235,70.2376,35.8105,2.8143,1.8628,2.1074,0.0933,2.1095,1.8628,0.6619,0.7488,0.0331,1.1463,1.1324,0.18588,0.0429,1.7472,0.4013,-0.14298,0.2308,0,1,0,0.0,0.0,0.0,0.0,0.0,0.0,1,1,2,1,2.8143,4.9076,2.0933,0.5735,1,1,1,2.8143,2.1857,1,1,0,0,0.5,0.3614,0.3393,0.1243,0.126,0.1015,0.0746,0.3614,824.0,439.0,0.3539,0.1319,1.3841,1.1502,-385.0,-0.2221,AMBIGUOUS,0
74,79,6,7,12.6607,68.1301,35.7173,7.8799,67.9735,34.6202,4.9076,-4.7808,-0.1566,-1.0971,1.1082,4.7808,-0.9742,-0.0319,-0.2235,2.942,0.2318,0.18588,0.1816,1.7472,1.6987,-0.00427,0.977,0,1,0,0.0,0.0,0.0,0.0,0.0,0.0,1,1,2,2,2.8143,2.8143,-2.0933,1.7438,2,2,4,2.6135,-2.2941,1,1,1,1,1.0,0.3614,0.3393,0.1243,0.2913,0.2451,0.1573,0.3614,824.0,806.0,0.3539,0.3285,1.3841,1.3531,-18.0,-0.0254,AMBIGUOUS,0
75,126,6,7,59.3963,57.7437,14.8941,60.5314,60.0978,17.0561,3.3919,1.1351,2.3541,2.1621,3.1963,1.1351,0.3347,0.694,0.6374,0.6985,2.8158,0.18575,0.07517,1.746,0.7031,-0.11058,0.4047,1,2,1,-0.5651,1.3737,0.1351,1.4915,2.8215,0.4299,0,1,1,1,3.3919,5.0,1.6081,0.6784,0,1,2,3.3919,0.9326,0,2,0,1,0.6667,0.7436,0.7287,0.1483,0.4074,0.4064,0.0279,0.7436,784.0,487.0,0.3438,0.2301,1.4392,1.1854,-297.0,-0.1137,AMBIGUOUS,0
77,7,6,7,87.8384,62.7579,80.7307,83.3307,63.7809,81.3975,4.6701,-4.5076,1.0231,0.6668,1.2212,4.5076,-0.9652,0.2191,0.1428,2.7739,0.2709,0.18498,0.25947,1.7388,2.427,0.07449,1.4027,0,1,0,0.0,0.0,0.0,0.0,0.0,0.0,0,0,1,1,4.6701,5.0,0.3299,0.934,0,0,1,4.6701,0.3299,0,1,0,0,0.5,0.2424,0.0884,0.2258,0.479,0.4557,0.1475,0.479,652.0,782.0,0.5406,0.6605,1.5994,1.7251,130.0,0.1199,AMBIGUOUS,0
79,136,6,7,4.6061,66.912,19.3713,6.3803,67.808,21.4745,2.8938,1.7742,0.896,2.1032,2.2861,1.7742,0.6131,0.3096,0.7268,1.0918,1.2886,0.18396,0.05579,1.7292,0.5218,-0.12817,0.3033,0,1,0,0.0,0.0,0.0,0.0,0.0,0.0,1,1,1,1,2.8938,5.0,2.1062,0.5788,1,1,1,2.8938,2.1062,0,0,0,1,2.0,0.3211,0.2689,0.1755,0.1372,0.1197,0.067,0.3211,811.0,512.0,0.3419,0.1496,1.3592,1.1514,-299.0,-0.1923,AMBIGUOUS,0
80,131,6,7,12.7572,62.7916,9.1689,13.7325,65.7394,12.7541,4.7428,0.9754,2.9477,3.5852,4.6414,0.9754,0.2057,0.6215,0.7559,0.6002,4.7587,0.18322,0.06308,1.7223,0.5901,-0.12014,0.3443,1,2,1,-0.9017,-0.0096,-0.2177,0.9277,5.1702,1.3837,0,0,1,1,4.7428,5.0,0.2572,0.9486,0,0,1,4.7428,0.2572,0,1,0,0,0.5,0.3477,0.2428,0.2489,0.7534,0.7325,0.1762,0.7534,950.0,411.0,0.2979,0.2148,1.3043,1.2502,-539.0,-0.0831,AMBIGUOUS,0
81,94,6,7,16.4316,64.2686,21.1542,14.4804,63.3192,20.4967,2.2673,-1.9511,-0.9494,-0.6576,1.1549,1.9511,-0.8605,-0.4187,-0.29,1.2007,0.5919,0.18026,0.14474,1.6944,1.3538,-0.03552,0.8029,0,1,0,0.0,0.0,0.0,0.0,0.0,0.0,1,2,2,1,2.2673,3.5942,1.3269,0.6308,1,1,1,2.2673,2.7327,0,0,0,1,2.0,0.201,0.1816,0.0862,0.2407,0.1446,0.1924,0.2407,887.0,728.0,0.3212,0.3066,1.324,1.2893,-159.0,-0.0146,AMBIGUOUS,0
81,87,6,7,16.4316,64.2686,21.1542,15.4763,65.4381,24.4158,3.5942,-0.9553,1.1695,3.2616,3.4649,0.9553,-0.2658,0.3254,0.9075,0.5879,3.627,0.18026,0.15755,1.6944,1.4737,-0.02271,0.874,0,1,0,0.0,0.0,0.0,0.0,0.0,0.0,1,2,2,2,2.2673,2.2673,-1.3269,1.5852,1,2,2,1.5226,-2.0716,0,0,0,2,3.0,0.201,0.1816,0.0862,0.7755,0.7737,0.0518,0.7755,887.0,673.0,0.3212,0.3571,1.324,1.4059,-214.0,0.0359,AMBIGUOUS,0
82,83,6,7,8.1436,75.3779,86.0856,4.092,74.9516,85.7232,4.0901,-4.0516,-0.4263,-0.3624,0.5595,4.0516,-0.9906,-0.1042,-0.0886,2.4933,0.1381,0.17744,0.17235,1.6679,1.6121,-0.00509,0.9713,1,3,1,-2.5012,0.6733,-0.5924,2.6571,1.9147,0.0742,0,0,2,1,4.0901,4.6057,0.5156,0.888,2,2,3,1.668,-2.4221,0,1,0,1,1.0,0.1897,0.0186,0.1887,0.8086,0.783,0.2016,0.8086,926.0,884.0,0.3521,0.3185,1.2842,1.2716,-42.0,-0.0336,AMBIGUOUS,0
82,92,6,7,8.1436,75.3779,86.0856,7.9255,71.8619,83.1187,4.6057,-0.2181,-3.516,-2.967,4.6006,0.2181,-0.0474,-0.7634,-0.6442,0.1342,21.0945,0.17744,0.14705,1.6679,1.3755,-0.03038,0.8288,1,3,1,-2.5012,0.6733,-0.5924,2.6571,5.3292,1.0052,0,0,2,2,4.0901,4.0901,-0.5156,1.1261,1,1,3,0.8505,-3.7552,0,1,0,1,1.0,0.1897,0.0186,0.1887,0.2612,0.1995,0.1685,0.2612,926.0,840.0,0.3521,0.2287,1.2842,1.2349,-86.0,-0.1234,AMBIGUOUS,0
83,81,6,7,27.7677,68.1287,49.2335,24.0259,68.3054,48.4723,3.8225,-3.7417,0.1767,-0.7611,0.7814,3.7417,-0.9789,0.0462,-0.1991,2.3026,0.2088,0.17616,0.17671,1.6559,1.6529,0.00055,1.0031,1,2,1,-1.9834,0.5593,-1.2648,2.4179,1.8687,0.0822,0,1,1,1,3.8225,5.0,1.1775,0.7645,0,1,1,3.8225,1.1775,0,0,0,1,2.0,0.2026,0.1427,0.1438,0.3761,0.3491,0.14,0.3761,867.0,827.0,0.3104,0.3211,1.2744,1.2883,-40.0,0.0107,AMBIGUOUS,0
84,109,6,7,2.9556,74.3828,79.8543,4.055,71.8639,82.0573,3.5224,1.0994,-2.519,2.203,3.3464,1.0994,0.3121,-0.7151,0.6254,0.6766,3.0438,0.17026,0.11857,1.6004,1.109,-0.05169,0.6964,1,2,1,0.8602,-0.0902,1.7987,1.9958,2.4738,0.2695,0,1,1,1,3.5224,5.0,1.4776,0.7045,0,2,3,3.4063,-0.1161,0,1,0,2,1.5,0.3457,0.2944,0.1812,0.8061,0.805,0.0427,0.8061,868.0,837.0,0.2678,0.1747,1.2726,1.1905,-31.0,-0.0931,AMBIGUOUS,0
85,105,6,7,85.6489,56.9657,39.1053,88.5491,57.3463,41.1119,3.5472,2.9002,0.3806,2.0066,2.0424,2.9002,0.8176,0.1073,0.5657,1.7847,0.7042,0.16741,0.12573,1.5737,1.176,-0.04168,0.751,1,2,1,-0.0057,0.0751,-2.2165,2.2178,5.1354,1.5638,0,1,1,1,3.5472,5.0,1.4528,0.7094,1,3,3,1.1666,-2.3806,0,3,0,0,0.25,0.496,0.4761,0.1389,0.8058,0.7991,0.1036,0.8058,712.0,492.0,0.3773,0.4335,1.4203,1.462,-220.0,0.0562,AMBIGUOUS,0
87,58,6,7,78.1048,66.8008,93.7042,74.5384,67.448,94.5916,3.7316,-3.5663,0.6472,0.8874,1.0983,3.5663,-0.9557,0.1734,0.2378,2.1947,0.308,0.16598,0.20839,1.5602,1.9492,0.04241,1.2555,0,1,0,0.0,0.0,0.0,0.0,0.0,0.0,0,1,2,1,3.7316,4.4219,0.6903,0.8439,0,1,1,3.7316,1.2684,0,1,0,1,1.0,0.2477,0.1048,0.2244,0.2215,0.2116,0.0655,0.2477,688.0,805.0,0.4047,0.4821,1.4223,1.5051,117.0,0.0773,AMBIGUOUS,0
87,77,6,7,78.1048,66.8008,93.7042,74.9219,67.5174,90.7194,4.4219,-3.1828,0.7166,-2.9848,3.0696,3.1828,-0.7198,0.1621,-0.675,1.9587,0.9644,0.16598,0.18544,1.5602,1.7345,0.01946,1.1172,0,1,0,0.0,0.0,0.0,0.0,0.0,0.0,0,1,2,2,3.7316,3.7316,-0.6903,1.185,0,1,2,3.7309,-0.691,0,1,0,1,1.0,0.2477,0.1048,0.2244,0.2275,0.1719,0.1489,0.2477,688.0,685.0,0.4047,0.4921,1.4223,1.5256,-3.0,0.0874,AMBIGUOUS,0
88,79,6,7,10.2932,67.3508,35.4067,7.8799,67.9735,34.6202,2.6135,-2.4133,0.6227,-0.7865,1.0032,2.4133,-0.9234,0.2383,-0.3009,1.4851,0.4157,0.16549,0.1816,1.5556,1.6987,0.01611,1.0974,0,1,0,0.0,0.0,0.0,0.0,0.0,0.0,1,1,2,1,2.6135,4.971,2.3575,0.5258,2,2,4,2.6135,0.0091,1,2,1,1,0.6667,0.5536,0.5432,0.1071,0.2913,0.2451,0.1573,0.5536,884.0,806.0,0.2756,0.3285,1.2433,1.3531,-78.0,0.0529,AMBIGUOUS,0
88,86,6,7,10.2932,67.3508,35.4067,5.337,67.4102,35.7853,4.971,-4.9562,0.0594,0.3786,0.3832,4.9562,-0.997,0.0119,0.0762,3.05,0.0773,0.16549,0.16228,1.5556,1.5179,-0.00321,0.9806,0,1,0,0.0,0.0,0.0,0.0,0.0,0.0,1,1,2,2,2.6135,2.6135,-2.3575,1.902,0,1,3,3.0743,-1.8967,1,2,1,1,0.6667,0.5536,0.5432,0.1071,0.4641,0.462,0.0446,0.5536,884.0,845.0,0.2756,0.265,1.2433,1.2373,-39.0,-0.0106,AMBIGUOUS,0
90,82,6,7,19.7034,69.8664,71.9787,15.7592,70.4411,71.6379,4.0005,-3.9443,0.5747,-0.3408,0.6682,3.9443,-0.986,0.1437,-0.0852,2.4272,0.1694,0.16361,0.17364,1.5379,1.6242,0.01003,1.0613,0,1,0,0.0,0.0,0.0,0.0,0.0,0.0,0,0,3,1,4.0005,4.7841,0.7837,0.8362,0,0,1,4.0005,0.9995,0,0,0,1,2.0,0.2161,0.2034,0.073,0.5343,0.4908,0.2111,0.5343,871.0,868.0,0.3005,0.3063,1.3058,1.2927,-3.0,0.0059,AMBIGUOUS,0
90,99,6,7,19.7034,69.8664,71.9787,22.8674,68.8256,75.4129,4.7841,3.164,-1.0407,3.4342,3.5884,3.164,0.6614,-0.2175,0.7178,1.9471,1.1342,0.16361,0.13578,1.5379,1.27,-0.02783,0.8299,0,1,0,0.0,0.0,0.0,0.0,0.0,0.0,0,0,3,2,4.0005,4.0005,-0.7837,1.1959,0,0,1,4.7841,0.2159,0,0,0,0,1.0,0.2161,0.2034,0.073,0.2547,0.1174,0.226,0.2547,871.0,680.0,0.3005,0.2997,1.3058,1.2676,-191.0,-0.0007,AMBIGUOUS,0
90,75,6,7,19.7034,69.8664,71.9787,16.0167,70.1962,68.6478,4.9795,-3.6867,0.3298,-3.3309,3.3472,3.6867,-0.7404,0.0662,-0.6689,2.2687,0.9079,0.16361,0.18774,1.5379,1.7561,0.02413,1.1475,0,1,0,0.0,0.0,0.0,0.0,0.0,0.0,0,0,3,3,4.0005,4.0005,-0.9791,1.2447,0,0,2,4.7249,-0.2546,0,0,0,1,2.0,0.2161,0.2034,0.073,0.2485,0.2333,0.0855,0.2485,871.0,857.0,0.3005,0.3328,1.3058,1.3001,-14.0,0.0323,AMBIGUOUS,0
93,90,6,7,17.4026,73.9548,85.3754,13.2489,73.8783,86.3615,4.2698,-4.1537,-0.0765,0.9861,0.9891,4.1537,-0.9728,-0.0179,0.2309,2.5561,0.2381,0.16124,0.15257,1.5157,1.4271,-0.00868,0.9462,1,2,1,-2.4535,0.2924,-1.0932,2.7018,2.7112,0.212,0,0,1,1,4.2698,5.0,0.7302,0.854,1,1,2,2.9187,-1.3511,0,0,0,1,2.0,0.4769,0.4724,0.0653,0.307,0.2489,0.1797,0.4769,754.0,751.0,0.3346,0.3263,1.3287,1.285,-3.0,-0.0084,AMBIGUOUS,0
98,107,6,7,3.5346,73.2867,62.2524,2.8563,74.1181,61.8584,1.143,-0.6783,0.8313,-0.394,0.92,0.6783,-0.5934,0.7273,-0.3447,0.4174,1.3563,0.15777,0.11881,1.4831,1.1113,-0.03896,0.7531,0,1,0,0.0,0.0,0.0,0.0,0.0,0.0,1,1,1,1,1.143,5.0,3.857,0.2286,1,1,1,1.143,3.857,0,0,0,0,1.0,0.3412,0.2846,0.1881,0.4465,0.3937,0.2106,0.4465,893.0,666.0,0.2796,0.2448,1.2809,1.2638,-227.0,-0.0348,UNMATCHED_SOURCE,0
99,91,6,7,45.3421,71.4626,93.6292,42.0874,71.4132,92.4062,3.4772,-3.2547,-0.0494,-1.223,1.224,3.2547,-0.936,-0.0142,-0.3517,2.0029,0.3761,0.15698,0.1473,1.4756,1.3778,-0.00968,0.9383,0,1,0,0.0,0.0,0.0,0.0,0.0,0.0,0,1,1,1,3.4772,5.0,1.5228,0.6954,0,1,1,3.4772,1.5228,0,0,0,0,1.0,0.2512,0.1579,0.1953,0.2629,0.1626,0.2066,0.2629,527.0,541.0,0.5188,0.4677,1.5749,1.4528,14.0,-0.0512,AMBIGUOUS,0
100,137,6,7,14.1127,67.9707,46.9588,14.8191,70.1809,48.5519,2.8146,0.7064,2.2103,1.5931,2.7245,0.7064,0.251,0.7853,0.566,0.4347,3.8567,0.14652,0.05541,1.3773,0.5183,-0.09111,0.3782,0,1,0,0.0,0.0,0.0,0.0,0.0,0.0,1,1,1,1,2.8146,5.0,2.1854,0.5629,1,2,3,2.8146,1.0555,0,0,0,0,1.0,0.5533,0.5123,0.2091,0.295,0.1941,0.222,0.5533,675.0,488.0,0.3628,0.1614,1.3313,1.1701,-187.0,-0.2014,AMBIGUOUS,0
101,122,6,7,3.317,69.2892,34.4287,3.5436,70.2983,32.0688,2.5765,0.2266,1.0091,-2.3598,2.5666,0.2266,0.088,0.3917,-0.9159,0.1395,11.3259,0.14637,0.08046,1.3759,0.7526,-0.06591,0.5497,1,2,1,0.779,0.4858,1.861,2.0751,4.2889,1.6967,1,3,4,1,2.5765,3.0743,0.4978,0.8381,1,1,1,2.5765,2.4235,0,1,0,1,1.0,0.2174,0.067,0.2068,0.2952,0.2936,0.0302,0.2952,788.0,580.0,0.2733,0.1833,1.288,1.2143,-208.0,-0.09,AMBIGUOUS,0
101,86,6,7,3.317,69.2892,34.4287,5.337,67.4102,35.7853,3.0743,2.02,-1.879,1.3566,2.3176,2.02,0.6571,-0.6112,0.4413,1.2431,1.1473,0.14637,0.16228,1.3759,1.5179,0.01591,1.1087,1,2,1,0.779,0.4858,1.861,2.0751,2.7178,0.5007,1,3,4,2,2.5765,2.5765,-0.4978,1.1932,0,1,3,3.0743,1.0419,0,1,1,1,1.0,0.2174,0.067,0.2068,0.4641,0.462,0.0446,0.4641,788.0,845.0,0.2733,0.265,1.288,1.2373,57.0,-0.0083,AMBIGUOUS,0
101,123,6,7,3.317,69.2892,34.4287,4.213,72.9416,35.6227,3.9456,0.896,3.6524,1.194,3.8426,0.896,0.2271,0.9257,0.3026,0.5514,4.2887,0.14637,0.07882,1.3759,0.7373,-0.06755,0.5385,1,2,1,0.779,0.4858,1.861,2.0751,3.2382,0.4267,1,3,4,3,2.5765,2.5765,-1.3691,1.5314,0,1,2,3.9456,0.394,0,1,0,1,1.0,0.2174,0.067,0.2068,0.6987,0.662,0.2233,0.6987,788.0,500.0,0.2733,0.2487,1.288,1.3075,-288.0,-0.0246,AMBIGUOUS,0
101,79,6,7,3.317,69.2892,34.4287,7.8799,67.9735,34.6202,4.7526,4.5629,-1.3157,0.1915,1.3295,4.5629,0.9601,-0.2768,0.0403,2.8079,0.2914,0.14637,0.1816,1.3759,1.6987,0.03523,1.2407,1,2,1,0.779,0.4858,1.861,2.0751,4.5111,0.6682,1,3,4,4,2.5765,2.5765,-2.1761,1.8446,2,2,4,2.6135,-2.1391,0,1,1,1,1.0,0.2174,0.067,0.2068,0.2913,0.2451,0.1573,0.2913,788.0,806.0,0.2733,0.3285,1.288,1.3531,18.0,0.0552,AMBIGUOUS,0
102,62,6,7,33.2498,70.3539,67.06,32.0767,69.9867,66.9281,1.2363,-1.1731,-0.3673,-0.1319,0.3902,1.1731,-0.9489,-0.2971,-0.1067,0.7219,0.3326,0.14417,0.20399,1.3552,1.9081,0.05982,1.4149,0,1,0,0.0,0.0,0.0,0.0,0.0,0.0,1,1,3,1,1.2363,4.1961,2.9598,0.2946,1,1,2,1.2363,3.5819,0,2,0,2,1.0,0.7538,0.7498,0.0782,0.4498,0.4233,0.152,0.7538,739.0,851.0,0.2651,0.3975,1.2987,1.3603,112.0,0.1324,AMBIGUOUS,0
102,73,6,7,33.2498,70.3539,67.06,32.2882,69.8766,63.0035,4.1961,-0.9616,-0.4774,-4.0565,4.0845,0.9616,-0.2292,-0.1138,-0.9667,0.5918,4.2475,0.14417,0.19156,1.3552,1.7918,0.04739,1.3287,0,1,0,0.0,0.0,0.0,0.0,0.0,0.0,1,1,3,2,1.2363,1.2363,-2.9598,3.3941,0,1,3,3.9498,-0.2463,0,2,0,1,0.6667,0.7538,0.7498,0.0782,0.2147,0.2118,0.0348,0.7538,739.0,840.0,0.2651,0.3871,1.2987,1.3981,101.0,0.122,AMBIGUOUS,0
102,48,6,7,33.2498,70.3539,67.06,29.0084,71.7243,66.481,4.4947,-4.2414,1.3703,-0.579,1.4876,4.2414,-0.9436,0.3049,-0.1288,2.6101,0.3507,0.14417,0.21949,1.3552,2.053,0.07531,1.5223,0,1,0,0.0,0.0,0.0,0.0,0.0,0.0,1,1,3,3,1.2363,1.2363,-3.2584,3.6356,0,0,2,4.4947,0.1889,0,2,0,1,0.6667,0.7538,0.7498,0.0782,0.335,0.2416,0.2321,0.7538,739.0,946.0,0.2651,0.5189,1.2987,1.5461,207.0,0.2538,AMBIGUOUS,0
103,90,6,7,11.5757,71.9612,84.9318,13.2489,73.8783,86.3615,2.9187,1.6731,1.9171,1.4297,2.3916,1.6731,0.5732,0.6568,0.4899,1.0296,1.4294,0.14401,0.15257,1.3537,1.4271,0.00855,1.0594,1,2,1,0.0788,1.3321,0.1195,1.3398,2.145,0.2695,1,1,2,1,2.9187,4.077,1.1582,0.7159,1,1,2,2.9187,1.3511,0,2,0,1,0.6667,0.2097,0.2007,0.0606,0.307,0.2489,0.1797,0.307,833.0,751.0,0.2465,0.3263,1.2286,1.285,-82.0,0.0797,AMBIGUOUS,0
103,92,6,7,11.5757,71.9612,84.9318,7.9255,71.8619,83.1187,4.077,-3.6502,-0.0993,-1.8131,1.8158,3.6502,-0.8953,-0.0243,-0.4447,2.2463,0.4975,0.14401,0.14705,1.3537,1.3755,0.00304,1.0211,1,2,1,0.0788,1.3321,0.1195,1.3398,4.4373,1.1166,1,1,2,2,2.9187,2.9187,-1.1582,1.3968,1,1,3,0.8505,-3.2265,0,2,0,1,0.6667,0.2097,0.2007,0.0606,0.2612,0.1995,0.1685,0.2612,833.0,840.0,0.2465,0.2287,1.2286,1.2349,7.0,-0.0178,AMBIGUOUS,0
104,92,6,7,8.242,71.1354,83.4274,7.9255,71.8619,83.1187,0.8505,-0.3165,0.7265,-0.3088,0.7894,0.3165,-0.3722,0.8542,-0.363,0.1948,2.4937,0.14347,0.14705,1.3487,1.3755,0.00358,1.0249,0,1,0,0.0,0.0,0.0,0.0,0.0,0.0,1,1,2,1,0.8505,4.4653,3.6148,0.1905,1,1,3,0.8505,3.2265,0,1,0,1,1.0,0.1918,0.117,0.152,0.2612,0.1995,0.1685,0.2612,864.0,840.0,0.2402,0.2287,1.2509,1.2349,-24.0,-0.0114,AMBIGUOUS,0
104,109,6,7,8.242,71.1354,83.4274,4.055,71.8639,82.0573,4.4653,-4.187,0.7284,-1.3701,1.5517,4.187,-0.9377,0.1631,-0.3068,2.5766,0.3706,0.14347,0.11857,1.3487,1.109,-0.02491,0.8264,0,1,0,0.0,0.0,0.0,0.0,0.0,0.0,1,1,2,2,0.8505,0.8505,-3.6148,5.2503,0,2,3,3.4063,-1.0591,0,1,0,2,1.5,0.1918,0.117,0.152,0.8061,0.805,0.0427,0.8061,864.0,837.0,0.2402,0.1747,1.2509,1.1905,-27.0,-0.0654,AMBIGUOUS,0
105,89,6,7,26.5778,61.4658,15.7601,26.0451,62.0286,17.5959,1.9927,-0.5327,0.5628,1.8358,1.9202,0.5327,-0.2673,0.2824,0.9213,0.3278,3.6046,0.14192,0.154,1.334,1.4404,0.01208,1.0851,0,1,0,0.0,0.0,0.0,0.0,0.0,0.0,1,2,4,1,1.9927,3.3796,1.3869,0.5896,1,1,1,1.9927,3.0073,0,1,0,1,1.0,0.5965,0.5778,0.148,0.1857,0.0451,0.1801,0.5965,815.0,775.0,0.239,0.3072,1.3428,1.3684,-40.0,0.0682,AMBIGUOUS,0
105,63,6,7,26.5778,61.4658,15.7601,27.2921,60.4469,12.6179,3.3796,0.7143,-1.0189,-3.1421,3.3032,0.7143,0.2114,-0.3015,-0.9297,0.4396,4.6242,0.14192,0.20378,1.334,1.9061,0.06186,1.4359,0,1,0,0.0,0.0,0.0,0.0,0.0,0.0,1,2,4,2,1.9927,1.9927,-1.3869,1.696,0,1,3,3.3796,1.2624,0,1,0,1,1.0,0.5965,0.5778,0.148,0.3442,0.3329,0.0878,0.5965,815.0,1018.0,0.239,0.4692,1.3428,1.4752,203.0,0.2302,AMBIGUOUS,0
105,103,6,7,26.5778,61.4658,15.7601,22.6464,62.2896,16.2039,4.0413,-3.9314,0.8238,0.4438,0.9358,3.9314,-0.9728,0.2039,0.1098,2.4193,0.238,0.14192,0.13033,1.334,1.2191,-0.01159,0.9184,0,1,0,0.0,0.0,0.0,0.0,0.0,0.0,1,2,4,3,1.9927,1.9927,-2.0486,2.0281,0,0,2,4.0413,0.2546,0,1,0,2,1.5,0.5965,0.5778,0.148,0.1751,0.1036,0.1411,0.5965,815.0,822.0,0.239,0.2095,1.3428,1.2355,7.0,-0.0294,AMBIGUOUS,0
105,76,6,7,26.5778,61.4658,15.7601,23.0468,59.4677,13.8211,4.4967,-3.5311,-1.9981,-1.9389,2.7842,3.5311,-0.7853,-0.4443,-0.4312,2.173,0.7885,0.14192,0.18565,1.334,1.7365,0.04373,1.3081,0,1,0,0.0,0.0,0.0,0.0,0.0,0.0,1,2,4,4,1.9927,1.9927,-2.504,2.2566,0,0,1,4.4967,0.5033,0,1,0,2,1.5,0.5965,0.5778,0.148,0.335,0.2968,0.1555,0.5965,815.0,916.0,0.239,0.3318,1.3428,1.3008,101.0,0.0929,AMBIGUOUS,0
106,102,6,7,45.3397,55.0221,35.4235,40.9645,54.8758,35.6944,4.386,-4.3752,-0.1464,0.2708,0.3079,4.3752,-0.9975,-0.0334,0.0618,2.6924,0.0704,0.14111,0.13294,1.3265,1.2435,-0.00817,0.9421,1,2,1,-0.5856,0.8774,0.1276,1.0625,3.9281,0.4704,0,0,1,1,4.386,5.0,0.614,0.8772,0,0,1,4.386,0.614,0,1,0,1,1.0,0.2528,0.1603,0.1954,0.3455,0.3395,0.0642,0.3455,712.0,669.0,0.3175,0.3229,1.3181,1.3119,-43.0,0.0054,AMBIGUOUS,0
107,83,6,7,3.627,75.6077,88.2775,4.092,74.9516,85.7232,2.6779,0.4649,-0.6561,-2.5543,2.6372,0.4649,0.1736,-0.245,-0.9538,0.2861,5.672,0.14053,0.17235,1.321,1.6121,0.03181,1.2264,0,1,0,0.0,0.0,0.0,0.0,0.0,0.0,1,1,1,1,2.6779,5.0,2.3221,0.5356,2,2,3,1.668,-1.0099,0,1,0,1,1.0,0.3986,0.377,0.1294,0.8086,0.783,0.2016,0.8086,772.0,884.0,0.2904,0.3185,1.2333,1.2716,112.0,0.0281,AMBIGUOUS,0
109,40,6,7,69.9826,48.5071,12.3087,68.3333,52.1403,9.5676,4.8409,-1.6494,3.6332,-2.7411,4.5513,1.6494,-0.3407,0.7505,-0.5662,1.015,2.7594,0.13544,0.22674,1.2732,2.1208,0.0913,1.674,0,1,0,0.0,0.0,0.0,0.0,0.0,0.0,0,0,1,1,4.8409,5.0,0.1591,0.9682,0,0,1,4.8409,0.1591,0,0,0,0,1.0,0.2301,0.1076,0.2034,0.2447,0.0833,0.2301,0.2447,503.0,706.0,0.501,0.6212,1.494,1.7051,203.0,0.1202,AMBIGUOUS,0
110,73,6,7,36.041,68.9914,63.8601,32.2882,69.8766,63.0035,3.9498,-3.7528,0.8851,-0.8566,1.2318,3.7528,-0.9501,0.2241,-0.2169,2.3094,0.3282,0.13526,0.19156,1.2714,1.7918,0.05631,1.4163,1,2,1,-1.7027,0.0115,0.3609,1.7406,2.5394,0.114,0,1,1,1,3.9498,5.0,1.0502,0.79,0,1,3,3.9498,0.2463,0,2,0,1,0.6667,0.3098,0.291,0.1062,0.2147,0.2118,0.0348,0.3098,702.0,840.0,0.2845,0.3871,1.2849,1.3981,138.0,0.1027,AMBIGUOUS,0
113,75,6,7,12.38,71.4224,65.8917,16.0167,70.1962,68.6478,4.7249,3.6367,-1.2262,2.756,3.0165,3.6367,0.7697,-0.2595,0.5833,2.238,0.8295,0.1259,0.18774,1.1835,1.7561,0.06184,1.4911,1,2,1,-0.732,0.2263,-0.2271,0.7991,5.4858,1.9443,0,0,2,1,4.7249,4.8293,0.1044,0.9784,0,0,2,4.7249,0.2546,0,1,0,1,1.0,0.6298,0.62,0.1109,0.2485,0.2333,0.0855,0.6298,630.0,857.0,0.2774,0.3328,1.2855,1.3001,227.0,0.0554,AMBIGUOUS,0
113,93,6,7,12.38,71.4224,65.8917,7.6252,71.3128,65.0538,4.8293,-4.7548,-0.1096,-0.8379,0.845,4.7548,-0.9846,-0.0227,-0.1735,2.926,0.1777,0.1259,0.14661,1.1835,1.3714,0.02071,1.1645,1,2,1,-0.732,0.2263,-0.2271,0.7991,4.0828,0.0552,0,0,2,2,4.7249,4.7249,-0.1044,1.0221,0,0,1,4.8293,0.1707,0,1,0,0,0.5,0.6298,0.62,0.1109,0.5364,0.4998,0.1948,0.6298,630.0,721.0,0.2774,0.2935,1.2855,1.2901,91.0,0.0161,AMBIGUOUS,0
114,45,6,7,91.9381,62.5602,83.771,94.7421,61.5206,83.1708,3.0501,2.8039,-1.0397,-0.6001,1.2004,2.8039,0.9193,-0.3409,-0.1968,1.7255,0.4281,0.1252,0.22125,1.1769,2.0695,0.09605,1.7671,1,2,1,0.5498,-0.1486,-1.0538,1.1979,2.4659,0.3627,0,2,2,1,3.0501,3.1993,0.1492,0.9534,0,1,2,3.0501,1.8121,0,1,1,1,1.0,0.6919,0.6869,0.0835,0.5344,0.4921,0.2085,0.6919,542.0,928.0,0.3703,0.4281,1.4607,1.6273,386.0,0.0578,AMBIGUOUS,0
114,43,6,7,91.9381,62.5602,83.771,94.6241,61.8732,85.3675,3.1993,2.686,-0.687,1.5965,1.7381,2.686,0.8396,-0.2147,0.499,1.6529,0.6471,0.1252,0.22155,1.1769,2.0723,0.09635,1.7695,1,2,1,0.5498,-0.1486,-1.0538,1.1979,3.4463,1.027,0,2,2,2,3.0501,3.0501,-0.1492,1.0489,0,1,1,3.1993,1.8007,0,1,1,1,1.0,0.6919,0.6869,0.0835,0.3977,0.3741,0.1349,0.6919,542.0,959.0,0.3703,0.4396,1.4607,1.6508,417.0,0.0693,AMBIGUOUS,0
115,120,6,7,11.3672,72.5837,46.6923,11.5264,73.9783,49.1768,2.8536,0.1593,1.3946,2.4845,2.8492,0.1593,0.0558,0.4887,0.8707,0.098,17.8897,0.12277,0.09316,1.154,0.8714,-0.02961,0.7588,1,2,1,0.2159,1.2788,0.6942,1.471,1.7949,0.1561,1,1,2,1,2.8536,4.5986,1.745,0.6205,1,1,2,2.8536,1.6148,0,0,0,0,1.0,0.1379,0.0078,0.1376,0.1582,0.1514,0.0457,0.1582,679.0,506.0,0.2887,0.2836,1.2688,1.2227,-173.0,-0.0051,AMBIGUOUS,0
115,137,6,7,11.3672,72.5837,46.6923,14.8191,70.1809,48.5519,4.5986,3.452,-2.4027,1.8596,3.0383,3.452,0.7507,-0.5225,0.4044,2.1243,0.8802,0.12277,0.05541,1.154,0.5183,-0.06736,0.4514,1,2,1,0.2159,1.2788,0.6942,1.471,5.0382,1.1532,1,1,2,2,2.8536,2.8536,-1.745,1.6115,1,2,3,2.8146,-1.784,0,0,0,0,1.0,0.1379,0.0078,0.1376,0.295,0.1941,0.222,0.295,679.0,488.0,0.2887,0.1614,1.2688,1.1701,-191.0,-0.1273,AMBIGUOUS,0
116,98,6,7,59.529,69.3574,67.6441,56.4699,69.5029,66.5474,3.253,-3.0591,0.1455,-1.0967,1.1063,3.0591,-0.9404,0.0447,-0.3371,1.8825,0.3617,0.12237,0.13998,1.1502,1.3093,0.01761,1.1439,1,6,1,-2.4956,0.1011,-0.4039,2.5301,0.8941,0.0168,0,1,1,1,3.253,5.0,1.747,0.6506,0,1,1,3.253,1.747,0,0,0,0,1.0,0.6384,0.596,0.2286,0.4138,0.4051,0.0848,0.6384,548.0,544.0,0.4349,0.4096,1.4862,1.3953,-4.0,-0.0253,AMBIGUOUS,0
119,105,6,7,92.1783,56.7291,41.7778,88.5491,57.3463,41.1119,3.741,-3.6292,0.6172,-0.6659,0.9079,3.6292,-0.9701,0.165,-0.178,2.2333,0.2502,0.11583,0.12573,1.0888,1.176,0.00989,1.0854,1,3,1,1.4926,0.3471,1.5183,2.1572,5.5746,1.77,0,1,1,1,3.741,5.0,1.259,0.7482,1,3,3,1.1666,-2.5744,1,1,0,0,0.5,0.4746,0.4467,0.1601,0.8058,0.7991,0.1036,0.8058,477.0,492.0,0.3824,0.4335,1.4218,1.462,15.0,0.0511,AMBIGUOUS,0
120,105,6,7,89.5542,57.286,40.5228,88.5491,57.3463,41.1119,1.1666,-1.0051,0.0602,0.5891,0.5922,1.0051,-0.8616,0.0516,0.505,0.6185,0.5892,0.11566,0.12573,1.0872,1.176,0.01006,1.087,0,1,0,0.0,0.0,0.0,0.0,0.0,0.0,1,1,1,1,1.1666,5.0,3.8334,0.2333,1,3,3,1.1666,2.3806,1,2,0,0,0.3333,0.2063,0.1792,0.1023,0.8058,0.7991,0.1036,0.8058,549.0,492.0,0.3442,0.4335,1.3693,1.462,-57.0,0.0892,AMBIGUOUS,0
121,112,6,7,44.6221,54.6432,40.9091,40.8087,54.8352,40.0259,3.9191,-3.8134,0.192,-0.8833,0.9039,3.8134,-0.973,0.049,-0.2254,2.3467,0.237,0.11557,0.11306,1.0863,1.0576,-0.0025,0.9783,1,3,1,-1.0445,0.5505,1.3158,1.7679,3.554,0.5776,0,1,1,1,3.9191,5.0,1.0809,0.7838,0,1,1,3.9191,1.0809,1,1,0,1,1.0,0.7832,0.7471,0.2348,0.2665,0.1837,0.1931,0.7832,572.0,572.0,0.3062,0.2967,1.3222,1.2936,0.0,-0.0095,UNMATCHED_SOURCE,0
122,125,6,7,64.8095,59.5033,17.2699,64.2245,59.707,17.7871,0.8069,-0.585,0.2037,0.5172,0.5559,0.585,-0.7249,0.2524,0.6409,0.36,0.9502,0.1126,0.07518,1.0584,0.7032,-0.03742,0.6677,0,1,0,0.0,0.0,0.0,0.0,0.0,0.0,1,1,2,1,0.8069,4.3245,3.5175,0.1866,1,2,2,0.8069,3.0689,0,1,0,1,1.0,0.335,0.1905,0.2756,0.7805,0.7755,0.0887,0.7805,563.0,404.0,0.2942,0.2717,1.2434,1.3181,-159.0,-0.0224,AMBIGUOUS,0
122,126,6,7,64.8095,59.5033,17.2699,60.5314,60.0978,17.0561,4.3245,-4.2781,0.5946,-0.2138,0.6318,4.2781,-0.9893,0.1375,-0.0494,2.6327,0.1477,0.1126,0.07517,1.0584,0.7031,-0.03742,0.6676,0,1,0,0.0,0.0,0.0,0.0,0.0,0.0,1,1,2,2,0.8069,0.8069,-3.5175,5.359,0,1,2,3.3919,-0.9326,0,1,0,1,1.0,0.335,0.1905,0.2756,0.4074,0.4064,0.0279,0.4074,563.0,487.0,0.2942,0.2301,1.2434,1.1854,-76.0,-0.064,AMBIGUOUS,0
123,110,6,7,37.6119,56.1657,16.4407,33.9683,56.0456,17.4884,3.7931,-3.6436,-0.1201,1.0477,1.0546,3.6436,-0.9606,-0.0317,0.2762,2.2422,0.2894,0.11226,0.11821,1.0553,1.1057,0.00595,1.053,0,1,0,0.0,0.0,0.0,0.0,0.0,0.0,0,1,2,1,3.7931,4.5558,0.7627,0.8326,0,1,1,3.7931,1.2069,0,0,0,0,1.0,0.3211,0.2369,0.2168,0.1588,0.1567,0.0259,0.3211,507.0,483.0,0.3719,0.4231,1.3722,1.4055,-24.0,0.0512,AMBIGUOUS,0
123,146,6,7,37.6119,56.1657,16.4407,40.5707,58.7741,18.7203,4.5558,2.9588,2.6084,2.2797,3.4642,2.9588,0.6495,0.5725,0.5004,1.8208,1.1708,0.11226,0.04051,1.0553,0.3789,-0.07175,0.3609,0,1,0,0.0,0.0,0.0,0.0,0.0,0.0,0,1,2,2,3.7931,3.7931,-0.7627,1.2011,0,0,1,4.5558,0.4442,0,0,0,0,1.0,0.3211,0.2369,0.2168,0.1466,0.0543,0.1362,0.3211,507.0,365.0,0.3719,0.1533,1.3722,1.1446,-142.0,-0.2186,AMBIGUOUS,0
124,116,6,7,31.0907,74.472,63.3107,26.7522,75.5529,62.7254,4.5092,-4.3385,1.0809,-0.5853,1.2292,4.3385,-0.9621,0.2397,-0.1298,2.6698,0.2833,0.10955,0.10195,1.0298,0.9536,-0.0076,0.9306,0,1,0,0.0,0.0,0.0,0.0,0.0,0.0,0,0,3,1,4.5092,4.6836,0.1744,0.9628,0,0,2,4.5092,0.0359,0,0,0,0,1.0,0.259,0.2157,0.1435,0.7697,0.7522,0.1632,0.7697,539.0,457.0,0.3532,0.3891,1.3667,1.4363,-82.0,0.0359,AMBIGUOUS,0
124,48,6,7,31.0907,74.472,63.3107,29.0084,71.7243,66.481,4.6836,-2.0823,-2.7477,3.1702,4.1953,2.0823,-0.4446,-0.5867,0.6769,1.2814,2.0147,0.10955,0.21949,1.0298,2.053,0.10993,2.0035,0,1,0,0.0,0.0,0.0,0.0,0.0,0.0,0,0,3,2,4.5092,4.5092,-0.1744,1.0387,0,0,2,4.4947,-0.1889,0,0,0,1,2.0,0.259,0.2157,0.1435,0.335,0.2416,0.2321,0.335,539.0,946.0,0.3532,0.5189,1.3667,1.5461,407.0,0.1657,AMBIGUOUS,0
124,73,6,7,31.0907,74.472,63.3107,32.2882,69.8766,63.0035,4.7588,1.1975,-4.5954,-0.3072,4.6057,1.1975,0.2516,-0.9657,-0.0646,0.7369,3.8462,0.10955,0.19156,1.0298,1.7918,0.08201,1.7486,0,1,0,0.0,0.0,0.0,0.0,0.0,0.0,0,0,3,3,4.5092,4.5092,-0.2496,1.0553,0,1,3,3.9498,-0.809,0,0,0,1,2.0,0.259,0.2157,0.1435,0.2147,0.2118,0.0348,0.259,539.0,840.0,0.3532,0.3871,1.3667,1.3981,301.0,0.0339,AMBIGUOUS,0
125,79,6,7,7.7665,70.5867,34.8106,7.8799,67.9735,34.6202,2.6226,0.1133,-2.6132,-0.1904,2.6201,0.1133,0.0432,-0.9964,-0.0726,0.0698,23.1157,0.10709,0.1816,1.0066,1.6987,0.07452,1.6958,0,1,0,0.0,0.0,0.0,0.0,0.0,0.0,1,1,3,1,2.6226,4.1162,1.4936,0.6371,2,2,4,2.6135,-0.0091,0,2,1,1,0.6667,0.3934,0.3585,0.162,0.2913,0.2451,0.1573,0.3934,766.0,806.0,0.1878,0.3285,1.1852,1.3531,40.0,0.1407,AMBIGUOUS,0
125,86,6,7,7.7665,70.5867,34.8106,5.337,67.4102,35.7853,4.1162,-2.4295,-3.1766,0.9747,3.3227,2.4295,-0.5902,-0.7717,0.2368,1.4951,1.3676,0.10709,0.16228,1.0066,1.5179,0.05519,1.5154,0,1,0,0.0,0.0,0.0,0.0,0.0,0.0,1,1,3,2,2.6226,2.6226,-1.4936,1.5695,0,1,3,3.0743,-1.0419,0,2,1,1,0.6667,0.3934,0.3585,0.162,0.4641,0.462,0.0446,0.4641,766.0,845.0,0.1878,0.265,1.1852,1.2373,79.0,0.0772,AMBIGUOUS,0
125,123,6,7,7.7665,70.5867,34.8106,4.213,72.9416,35.6227,4.3396,-3.5536,2.3548,0.812,2.4909,3.5536,-0.8189,0.5426,0.1871,2.1868,0.701,0.10709,0.07882,1.0066,0.7373,-0.02827,0.736,0,1,0,0.0,0.0,0.0,0.0,0.0,0.0,1,1,3,3,2.6226,2.6226,-1.717,1.6547,0,1,2,3.9456,-0.394,0,2,0,1,0.6667,0.3934,0.3585,0.162,0.6987,0.662,0.2233,0.6987,766.0,500.0,0.1878,0.2487,1.1852,1.3075,-266.0,0.0609,AMBIGUOUS,0
128,111,6,7,97.7855,60.5812,66.7022,96.9885,60.5884,65.3665,1.5554,-0.7971,0.0072,-1.3356,1.3357,0.7971,-0.5125,0.0046,-0.8587,0.4905,1.6757,0.10624,0.11457,0.9987,1.0717,0.00833,1.0784,0,1,0,0.0,0.0,0.0,0.0,0.0,0.0,1,3,4,1,1.5554,3.3468,1.7914,0.4648,1,2,2,1.5554,1.6208,1,2,1,1,0.6667,0.3,0.2855,0.0919,0.5162,0.5115,0.0696,0.5162,375.0,384.0,0.451,0.5177,1.4856,1.587,9.0,0.0667,AMBIGUOUS,0
128,113,6,7,97.7855,60.5812,66.7022,94.758,60.9033,65.3125,3.3468,-3.0276,0.3221,-1.3896,1.4265,3.0276,-0.9046,0.0962,-0.4152,1.8631,0.4712,0.10624,0.11273,0.9987,1.0544,0.00649,1.0611,0,1,0,0.0,0.0,0.0,0.0,0.0,0.0,1,3,4,2,1.5554,1.5554,-1.7914,2.1517,0,1,1,3.3468,1.6532,1,2,1,2,1.0,0.3,0.2855,0.0919,0.5177,0.508,0.0998,0.5177,375.0,393.0,0.451,0.475,1.4856,1.5217,18.0,0.024,AMBIGUOUS,0
128,108,6,7,97.7855,60.5812,66.7022,97.2559,61.6883,70.4241,3.9191,-0.5296,1.1071,3.722,3.8832,0.5296,-0.1351,0.2825,0.9497,0.3259,7.3321,0.10624,0.11873,0.9987,1.1106,0.01249,1.1175,0,1,0,0.0,0.0,0.0,0.0,0.0,0.0,1,3,4,3,1.5554,1.5554,-2.3637,2.5196,0,2,3,3.1887,-0.7304,1,2,1,1,0.6667,0.3,0.2855,0.0919,0.2895,0.2441,0.1556,0.3,375.0,391.0,0.451,0.5392,1.4856,1.6472,16.0,0.0882,AMBIGUOUS,0
128,114,6,7,97.7855,60.5812,66.7022,94.7072,61.9651,69.824,4.5975,-3.0783,1.384,3.1218,3.4148,3.0783,-0.6696,0.301,0.679,1.8944,1.1093,0.10624,0.11013,0.9987,1.0301,0.00389,1.0366,0,1,0,0.0,0.0,0.0,0.0,0.0,0.0,1,3,4,4,1.5554,1.5554,-3.0421,2.9558,1,1,2,1.6903,-2.9072,1,2,1,2,1.0,0.3,0.2855,0.0919,0.4982,0.4572,0.1978,0.4982,375.0,427.0,0.451,0.4462,1.4856,1.4166,52.0,-0.0048,AMBIGUOUS,0
129,108,6,7,100.3813,61.0593,70.4918,97.2559,61.6883,70.4241,3.1887,-3.1253,0.629,-0.0677,0.6326,3.1253,-0.9801,0.1973,-0.0212,1.9233,0.2024,0.10451,0.11873,0.9824,1.1106,0.01422,1.136,0,1,0,0.0,0.0,0.0,0.0,0.0,0.0,0,1,1,1,3.1887,5.0,1.8113,0.6377,0,2,3,3.1887,0.7304,0,2,1,1,0.6667,0.4349,0.3687,0.2305,0.2895,0.2441,0.1556,0.4349,398.0,391.0,0.4764,0.5392,1.5058,1.6472,-7.0,0.0628,AMBIGUOUS,0
130,101,6,7,65.2637,70.916,101.2898,64.3576,71.3227,99.132,2.3754,-0.9061,0.4067,-2.1578,2.1958,0.9061,-0.3815,0.1712,-0.9084,0.5576,2.4233,0.10402,0.13361,0.9778,1.2498,0.02959,1.2844,0,1,0,0.0,0.0,0.0,0.0,0.0,0.0,1,1,2,1,2.3754,4.1127,1.7373,0.5776,1,1,1,2.3754,2.6246,0,1,1,1,1.0,0.345,0.2637,0.2223,0.6664,0.6424,0.1774,0.6664,515.0,592.0,0.3344,0.3645,1.3065,1.3642,77.0,0.0301,AMBIGUOUS,0
130,96,6,7,65.2637,70.916,101.2898,61.9132,71.2409,98.927,4.1127,-3.3506,0.3249,-2.3628,2.385,3.3506,-0.8147,0.079,-0.5745,2.0619,0.7118,0.10402,0.1416,0.9778,1.3245,0.03758,1.3612,0,1,0,0.0,0.0,0.0,0.0,0.0,0.0,1,1,2,2,2.3754,2.3754,-1.7373,1.7314,0,0,1,4.1127,0.8873,0,1,1,1,1.0,0.345,0.2637,0.2223,0.2958,0.1632,0.2467,0.345,515.0,603.0,0.3344,0.343,1.3065,1.3473,88.0,0.0087,AMBIGUOUS,0
132,117,6,7,81.0279,53.281,56.0289,78.1552,53.5764,55.6501,2.9126,-2.8727,0.2954,-0.3787,0.4803,2.8727,-0.9863,0.1014,-0.13,1.7678,0.1672,0.10242,0.10053,0.9628,0.9403,-0.00189,0.9815,0,1,0,0.0,0.0,0.0,0.0,0.0,0.0,1,1,1,1,2.9126,5.0,2.0874,0.5825,1,1,1,2.9126,2.0874,0,0,0,0,1.0,0.2331,0.2221,0.0707,0.1627,0.1552,0.049,0.2331,431.0,428.0,0.4858,0.3792,1.5106,1.3725,-3.0,-0.1066,TRUE_EDGE,1
133,111,6,7,100.0689,60.0769,65.9479,96.9885,60.5884,65.3665,3.1762,-3.0804,0.5115,-0.5814,0.7744,3.0804,-0.9698,0.161,-0.183,1.8956,0.2514,0.10184,0.11457,0.9573,1.0717,0.01274,1.125,0,1,0,0.0,0.0,0.0,0.0,0.0,0.0,0,1,1,1,3.1762,5.0,1.8238,0.6352,1,2,2,1.5554,-1.6208,1,2,1,1,0.6667,0.6961,0.6811,0.1437,0.5162,0.5115,0.0696,0.6961,363.0,384.0,0.5354,0.5177,1.667,1.587,21.0,-0.0177,AMBIGUOUS,0
135,97,6,7,18.2796,74.7978,56.615,14.6788,74.3687,55.6767,3.7457,-3.6008,-0.4291,-0.9383,1.0317,3.6008,-0.9613,-0.1145,-0.2505,2.2159,0.2865,0.09547,0.14129,0.8974,1.3216,0.04582,1.4799,0,1,0,0.0,0.0,0.0,0.0,0.0,0.0,0,1,2,1,3.7457,4.8539,1.1082,0.7717,0,1,2,3.7457,0.4856,0,0,0,0,1.0,0.4329,0.4046,0.1538,0.0628,0.0538,0.0323,0.4329,470.0,608.0,0.3334,0.3946,1.3166,1.3651,138.0,0.0612,AMBIGUOUS,0
135,95,6,7,18.2796,74.7978,56.615,16.6299,71.1159,59.3136,4.8539,-1.6498,-3.6818,2.6986,4.5649,1.6498,-0.3399,-0.7585,0.556,1.0152,2.767,0.09547,0.14256,0.8974,1.3335,0.04709,1.4933,0,1,0,0.0,0.0,0.0,0.0,0.0,0.0,0,1,2,2,3.7457,3.7457,-1.1082,1.2959,0,0,1,4.8539,0.1461,0,0,0,0,1.0,0.4329,0.4046,0.1538,0.3805,0.3799,0.0222,0.4329,470.0,578.0,0.3334,0.4187,1.3166,1.3614,108.0,0.0853,AMBIGUOUS,0
136,125,6,7,68.0698,59.3666,18.134,64.2245,59.707,17.7871,3.8759,-3.8453,0.3403,-0.3469,0.486,3.8453,-0.9921,0.0878,-0.0895,2.3663,0.1264,0.09188,0.07518,0.8637,0.7032,-0.0167,0.8182,1,2,1,0.1765,0.3415,0.7009,0.7994,4.1561,1.26,0,1,1,1,3.8759,5.0,1.1241,0.7752,1,2,2,0.8069,-3.0689,0,1,0,1,1.0,0.2389,0.1802,0.1569,0.7805,0.7755,0.0887,0.7805,461.0,404.0,0.2766,0.2717,1.3057,1.3181,-57.0,-0.0049,AMBIGUOUS,0
137,83,6,7,3.4952,74.3929,84.2693,4.092,74.9516,85.7232,1.668,0.5967,0.5587,1.4539,1.5576,0.5967,0.3578,0.3349,0.8717,0.3672,2.6102,0.09072,0.17235,0.8527,1.6121,0.08163,1.8998,0,1,0,0.0,0.0,0.0,0.0,0.0,0.0,1,2,2,1,1.668,3.4063,1.7383,0.4897,2,2,3,1.668,1.0099,0,2,0,1,0.6667,0.3056,0.2452,0.1823,0.8086,0.783,0.2016,0.8086,757.0,884.0,0.1592,0.3185,1.1017,1.2716,127.0,0.1592,AMBIGUOUS,0
137,109,6,7,3.4952,74.3929,84.2693,4.055,71.8639,82.0573,3.4063,0.5598,-2.5291,-2.212,3.36,0.5598,0.1643,-0.7425,-0.6494,0.3445,6.0023,0.09072,0.11857,0.8527,1.109,0.02785,1.307,0,1,0,0.0,0.0,0.0,0.0,0.0,0.0,1,2,2,2,1.668,1.668,-1.7383,2.0422,0,2,3,3.4063,0.1161,0,2,0,2,1.0,0.3056,0.2452,0.1823,0.8061,0.805,0.0427,0.8061,757.0,837.0,0.1592,0.1747,1.1017,1.1905,80.0,0.0155,AMBIGUOUS,0
139,119,6,7,59.5566,62.4997,22.8239,57.2246,62.1755,20.8704,3.0594,-2.3321,-0.3242,-1.9535,1.9802,2.3321,-0.7623,-0.106,-0.6385,1.4351,0.8491,0.07531,0.09341,0.7079,0.8738,0.01811,1.2404,0,1,0,0.0,0.0,0.0,0.0,0.0,0.0,0,2,3,1,3.0594,3.6858,0.6264,0.83,0,2,2,3.002,-0.0574,1,1,0,2,1.5,0.5766,0.5684,0.097,0.3816,0.3496,0.1529,0.5766,512.0,564.0,0.2232,0.2265,1.1395,1.1566,52.0,0.0033,AMBIGUOUS,0
139,128,6,7,59.5566,62.4997,22.8239,56.7299,63.3128,25.0451,3.6858,-2.8267,0.8131,2.2212,2.3653,2.8267,-0.7669,0.2206,0.6026,1.7395,0.8368,0.07531,0.07315,0.7079,0.6842,-0.00216,0.9713,0,1,0,0.0,0.0,0.0,0.0,0.0,0.0,0,2,3,2,3.0594,3.0594,-0.6264,1.2048,0,1,2,3.6858,1.257,1,1,0,1,1.0,0.5766,0.5684,0.097,0.2126,0.1451,0.1554,0.5766,512.0,452.0,0.2232,0.2615,1.1395,1.4523,-60.0,0.0383,AMBIGUOUS,0
139,66,6,7,59.5566,62.4997,22.8239,61.5041,57.9965,22.0907,4.9608,1.9474,-4.5033,-0.7333,4.5626,1.9474,0.3926,-0.9078,-0.1478,1.1984,2.3429,0.07531,0.20119,0.7079,1.8818,0.12588,2.6714,0,1,0,0.0,0.0,0.0,0.0,0.0,0.0,0,2,3,3,3.0594,3.0594,-1.9014,1.6215,1,1,4,2.9415,-2.0193,1,1,0,0,0.5,0.5766,0.5684,0.097,0.3056,0.2459,0.1814,0.5766,512.0,940.0,0.2232,0.377,1.1395,1.5384,428.0,0.1538,AMBIGUOUS,0
141,119,6,7,60.1241,62.1434,21.6475,57.2246,62.1755,20.8704,3.002,-2.8995,0.0321,-0.7771,0.7777,2.8995,-0.9659,0.0107,-0.2588,1.7843,0.2682,0.07406,0.09341,0.6961,0.8738,0.01936,1.2613,0,1,0,0.0,0.0,0.0,0.0,0.0,0.0,0,1,3,1,3.002,4.3929,1.3909,0.6834,0,2,2,3.002,0.0574,1,1,0,2,1.5,0.1169,0.0009,0.1169,0.3816,0.3496,0.1529,0.3816,522.0,564.0,0.1973,0.2265,1.0862,1.1566,42.0,0.0292,AMBIGUOUS,0
141,66,6,7,60.1241,62.1434,21.6475,61.5041,57.9965,22.0907,4.3929,1.38,-4.1469,0.4432,4.1705,1.38,0.3141,-0.944,0.1009,0.8492,3.0222,0.07406,0.20119,0.6961,1.8818,0.12713,2.7166,0,1,0,0.0,0.0,0.0,0.0,0.0,0.0,0,1,3,2,3.002,3.002,-1.3909,1.4633,1,1,4,2.9415,-1.4514,1,1,0,0,0.5,0.1169,0.0009,0.1169,0.3056,0.2459,0.1814,0.3056,522.0,940.0,0.1973,0.377,1.0862,1.5384,418.0,0.1797,AMBIGUOUS,0
141,128,6,7,60.1241,62.1434,21.6475,56.7299,63.3128,25.0451,4.9429,-3.3942,1.1694,3.3976,3.5932,3.3942,-0.6867,0.2366,0.6874,2.0887,1.0586,0.07406,0.07315,0.6961,0.6842,-0.00091,0.9877,0,1,0,0.0,0.0,0.0,0.0,0.0,0.0,0,1,3,3,3.002,3.002,-1.9409,1.6465,0,1,2,3.6858,-1.257,1,1,0,1,1.0,0.1169,0.0009,0.1169,0.2126,0.1451,0.1554,0.2126,522.0,452.0,0.1973,0.2615,1.0862,1.4523,-70.0,0.0642,AMBIGUOUS,0
145,137,6,7,15.989,73.7919,49.3072,14.8191,70.1809,48.5519,3.8701,-1.1698,-3.6109,-0.7553,3.6891,1.1698,-0.3023,-0.933,-0.1952,0.7199,3.1535,0.06593,0.05541,0.6198,0.5183,-0.01052,0.8404,1,2,1,-1.4736,0.8404,-2.1005,2.7,4.6601,0.9736,0,1,2,1,3.8701,4.4684,0.5982,0.8661,1,2,3,2.8146,-1.0555,0,0,0,0,1.0,0.3348,0.261,0.2097,0.295,0.1941,0.222,0.3348,466.0,488.0,0.1907,0.1614,1.1535,1.1701,22.0,-0.0292,AMBIGUOUS,0
145,120,6,7,15.989,73.7919,49.3072,11.5264,73.9783,49.1768,4.4684,-4.4626,0.1864,-0.1304,0.2275,4.4626,-0.9987,0.0417,-0.0292,2.7462,0.051,0.06593,0.09316,0.6198,0.8714,0.02722,1.4129,1,2,1,-1.4736,0.8404,-2.1005,2.7,3.6391,0.4192,0,1,2,2,3.8701,3.8701,-0.5982,1.1546,1,1,2,2.8536,-1.6148,0,0,0,0,1.0,0.3348,0.261,0.2097,0.1582,0.1514,0.0457,0.3348,466.0,506.0,0.1907,0.2836,1.1535,1.2227,40.0,0.093,AMBIGUOUS,0
147,127,6,7,22.7686,65.165,13.0145,18.8067,65.7044,14.3922,4.2292,-3.962,0.5393,1.3777,1.4795,3.962,-0.9368,0.1275,0.3258,2.4381,0.3734,0.06244,0.07423,0.5869,0.6943,0.01179,1.1888,0,1,0,0.0,0.0,0.0,0.0,0.0,0.0,0,0,2,1,4.2292,4.2959,0.0667,0.9845,1,1,2,2.5376,-1.6916,0,2,0,0,0.3333,0.1667,0.0186,0.1657,0.7228,0.6933,0.2044,0.7228,504.0,581.0,0.1653,0.1854,1.1481,1.1852,77.0,0.0201,AMBIGUOUS,0
147,103,6,7,22.7686,65.165,13.0145,22.6464,62.2896,16.2039,4.2959,-0.1222,-2.8754,3.1894,4.2942,0.1222,-0.0285,-0.6693,0.7424,0.0752,35.1281,0.06244,0.13033,0.5869,1.2191,0.06789,2.0873,0,1,0,0.0,0.0,0.0,0.0,0.0,0.0,0,0,2,2,4.2292,4.2292,-0.0667,1.0158,0,0,2,4.0413,-0.2546,0,2,0,2,1.0,0.1667,0.0186,0.1657,0.1751,0.1036,0.1411,0.1751,504.0,822.0,0.1653,0.2095,1.1481,1.2355,318.0,0.0442,AMBIGUOUS,0
150,133,6,7,40.3527,63.9079,18.2275,35.6411,64.1084,17.5005,4.7716,-4.7116,0.2005,-0.727,0.7542,4.7116,-0.9874,0.042,-0.1524,2.8995,0.1601,0.05902,0.06091,0.5548,0.5698,0.00189,1.032,1,2,1,-1.3868,0.9158,-0.4464,1.7209,3.4124,0.1423,0,0,1,1,4.7716,5.0,0.2284,0.9543,0,0,3,4.4273,-0.3443,0,0,0,0,1.0,0.305,0.2723,0.1375,0.1383,0.1089,0.0853,0.305,451.0,454.0,0.1944,0.1882,1.1663,1.1537,3.0,-0.0062,AMBIGUOUS,0
151,63,6,7,26.2038,65.1087,12.4462,27.2921,60.4469,12.6179,4.7902,1.0884,-4.6618,0.1718,4.665,1.0884,0.2272,-0.9732,0.0359,0.6698,4.2862,0.05735,0.20378,0.539,1.9061,0.14644,3.5535,0,1,0,0.0,0.0,0.0,0.0,0.0,0.0,0,0,1,1,4.7902,5.0,0.2098,0.958,0,1,3,3.3796,-1.4107,0,2,0,1,0.6667,0.2741,0.2038,0.1833,0.3442,0.3329,0.0878,0.3442,519.0,1018.0,0.1456,0.4692,1.1422,1.4752,499.0,0.3235,AMBIGUOUS,0
152,127,6,7,19.8838,64.3229,12.5563,18.8067,65.7044,14.3922,2.5376,-1.0772,1.3815,1.8359,2.2976,1.0772,-0.4245,0.5444,0.7235,0.6629,2.133,0.05568,0.07423,0.5234,0.6943,0.01855,1.3332,0,1,0,0.0,0.0,0.0,0.0,0.0,0.0,1,1,1,1,2.5376,5.0,2.4624,0.5075,1,1,2,2.5376,1.6916,0,1,0,0,0.5,0.4087,0.3838,0.1405,0.7228,0.6933,0.2044,0.7228,454.0,581.0,0.1614,0.1854,1.1829,1.1852,127.0,0.024,AMBIGUOUS,0
153,11,6,7,44.0462,70.6849,49.7793,44.1367,66.3449,49.3786,4.3593,0.0904,-4.34,-0.4007,4.3584,0.0904,0.0207,-0.9956,-0.0919,0.0556,48.198,0.05146,0.25613,0.4838,2.3958,0.20467,4.9767,0,1,0,0.0,0.0,0.0,0.0,0.0,0.0,0,0,1,1,4.3593,5.0,0.6407,0.8719,0,0,1,4.3593,0.6407,0,0,0,0,1.0,0.2553,0.1712,0.1894,0.3438,0.2617,0.223,0.3438,335.0,866.0,0.2027,0.5743,1.1764,1.5822,531.0,0.3716,AMBIGUOUS,0
154,116,6,7,27.3323,73.0346,58.9865,26.7522,75.5529,62.7254,4.5452,-0.5801,2.5183,3.739,4.508,0.5801,-0.1276,0.5541,0.8226,0.357,7.7713,0.04643,0.10195,0.4364,0.9536,0.05552,2.1958,1,2,1,2.5691,0.4003,1.1017,2.8238,4.6215,0.7166,0,0,1,1,4.5452,5.0,0.4548,0.909,0,0,2,4.5092,-0.0359,0,0,0,0,1.0,0.3167,0.2927,0.1209,0.7697,0.7522,0.1632,0.7697,307.0,457.0,0.2013,0.3891,1.2599,1.4363,150.0,0.1878,AMBIGUOUS,0
155,19,6,7,59.7171,70.6137,79.369,60.5914,69.0476,83.764,4.7469,0.8743,-1.5661,4.395,4.6657,0.8743,0.1842,-0.3299,0.9259,0.538,5.3364,0.04596,0.24518,0.432,2.2933,0.19922,5.3345,0,1,0,0.0,0.0,0.0,0.0,0.0,0.0,0,0,1,1,4.7469,5.0,0.2531,0.9494,1,1,3,2.9365,-1.8103,0,1,1,1,1.0,0.4409,0.4079,0.1674,0.4729,0.4664,0.0779,0.4729,264.0,870.0,0.239,0.4976,1.518,1.5139,606.0,0.2585,AMBIGUOUS,0
156,135,6,7,47.0231,67.6443,40.5726,43.4388,67.4925,39.8405,3.6615,-3.5843,-0.1518,-0.7322,0.7478,3.5843,-0.9789,-0.0415,-0.2,2.2057,0.2086,0.04518,0.05604,0.4247,0.5242,0.01086,1.2404,0,1,0,0.0,0.0,0.0,0.0,0.0,0.0,0,1,2,1,3.6615,4.7246,1.0631,0.775,0,1,1,3.6615,1.3385,0,0,0,0,1.0,0.23,0.1019,0.2062,0.4405,0.4362,0.0617,0.4405,369.0,409.0,0.1547,0.1892,1.1523,1.2007,40.0,0.0345,AMBIGUOUS,0
156,38,6,7,47.0231,67.6443,40.5726,48.1425,64.5003,43.9169,4.7246,1.1194,-3.1439,3.3442,4.59,1.1194,0.2369,-0.6654,0.7078,0.6888,4.1006,0.04518,0.22847,0.4247,2.1371,0.18329,5.0569,0,1,0,0.0,0.0,0.0,0.0,0.0,0.0,0,1,2,2,3.6615,3.6615,-1.0631,1.2903,0,0,2,4.7246,0.1701,0,0,0,0,1.0,0.23,0.1019,0.2062,0.6161,0.6075,0.1024,0.6161,369.0,733.0,0.1547,0.5975,1.1523,1.6581,364.0,0.4428,AMBIGUOUS,0
157,130,6,7,19.7287,72.2231,39.6739,18.844,71.963,38.524,1.474,-0.8847,-0.2601,-1.1499,1.179,0.8847,-0.6002,-0.1765,-0.7801,0.5444,1.3326,0.04488,0.06459,0.4219,0.6041,0.0197,1.4389,0,1,0,0.0,0.0,0.0,0.0,0.0,0.0,1,1,2,1,1.474,4.57,3.096,0.3225,1,1,1,1.474,3.526,0,0,0,1,2.0,0.2819,0.2287,0.1649,0.6621,0.656,0.0899,0.6621,376.0,487.0,0.1432,0.1962,1.2359,1.2877,111.0,0.053,AMBIGUOUS,0
157,53,6,7,19.7287,72.2231,39.6739,18.972,67.7237,39.4144,4.57,-0.7567,-4.4994,-0.2595,4.5069,0.7567,-0.1656,-0.9846,-0.0568,0.4656,5.9563,0.04488,0.21252,0.4219,1.9878,0.16763,4.7346,0,1,0,0.0,0.0,0.0,0.0,0.0,0.0,1,1,2,2,1.474,1.474,-3.096,3.1004,0,1,2,3.9828,-0.5872,0,0,0,2,3.0,0.2819,0.2287,0.1649,0.5415,0.528,0.1203,0.5415,376.0,864.0,0.1432,0.4222,1.2359,1.4705,488.0,0.279,AMBIGUOUS,0
158,114,6,7,93.2549,62.7445,70.199,94.7072,61.9651,69.824,1.6903,1.4523,-0.7794,-0.375,0.8649,1.4523,0.8592,-0.4611,-0.2218,0.8937,0.5955,0.04357,0.11013,0.4096,1.0301,0.06656,2.5277,0,1,0,0.0,0.0,0.0,0.0,0.0,0.0,1,1,2,1,1.6903,4.1442,2.4539,0.4079,1,1,2,1.6903,2.9072,0,0,1,2,3.0,0.6608,0.6299,0.1997,0.4982,0.4572,0.1978,0.6608,317.0,427.0,0.2056,0.4462,1.2057,1.4166,110.0,0.2406,AMBIGUOUS,0
158,108,6,7,93.2549,62.7445,70.199,97.2559,61.6883,70.4241,4.1442,4.001,-1.0562,0.2252,1.0799,4.001,0.9655,-0.2549,0.0543,2.4622,0.2699,0.04357,0.11873,0.4096,1.1106,0.07516,2.725,0,1,0,0.0,0.0,0.0,0.0,0.0,0.0,1,1,2,2,1.6903,1.6903,-2.4539,2.4517,0,2,3,3.1887,-0.9555,0,0,1,1,2.0,0.6608,0.6299,0.1997,0.2895,0.2441,0.1556,0.6608,317.0,391.0,0.2056,0.5392,1.2057,1.6472,74.0,0.3336,AMBIGUOUS,0
160,19,6,7,60.1199,71.918,83.3614,60.5914,69.0476,83.764,2.9365,0.4716,-2.8703,0.4026,2.8984,0.4716,0.1606,-0.9775,0.1371,0.2902,6.1463,0.04104,0.24518,0.3858,2.2933,0.20414,5.9742,0,1,0,0.0,0.0,0.0,0.0,0.0,0.0,1,2,2,1,2.9365,3.9919,1.0554,0.7356,1,1,3,2.9365,1.8103,0,1,1,1,1.0,0.0811,0.0051,0.081,0.4729,0.4664,0.0779,0.4729,308.0,870.0,0.1826,0.4976,1.18,1.5139,562.0,0.3149,AMBIGUOUS,0
160,32,6,7,60.1199,71.918,83.3614,60.7453,69.6287,86.5713,3.9919,0.6255,-2.2893,3.2099,3.9426,0.6255,0.1567,-0.5735,0.8041,0.3849,6.3034,0.04104,0.23407,0.3858,2.1895,0.19304,5.7036,0,1,0,0.0,0.0,0.0,0.0,0.0,0.0,1,2,2,2,2.9365,2.9365,-1.0554,1.3594,0,1,3,3.9919,0.561,0,1,1,1,1.0,0.0811,0.0051,0.081,0.6419,0.6203,0.1648,0.6419,308.0,874.0,0.1826,0.4787,1.18,1.514,566.0,0.2961,AMBIGUOUS,0
0,0,7,8,74.7202,54.6436,20.4524,72.6802,55.3639,20.361,2.1653,-2.04,0.7203,-0.0915,0.726,2.04,-0.9421,0.3326,-0.0422,1.2554,0.3559,0.29857,0.30643,2.7927,2.9486,0.00786,1.0263,0,1,0,0.0,0.0,0.0,0.0,0.0,0.0,1,1,1,1,2.1653,5.0,2.8347,0.4331,1,2,4,2.1653,0.9449,0,1,0,1,1.0,0.246,0.0298,0.2442,0.4617,0.4448,0.1237,0.4617,1021.0,960.0,0.7126,0.7728,2.1312,2.2369,-61.0,0.0603,AMBIGUOUS,0
1,11,7,8,81.3813,49.1108,8.2005,80.0107,49.8918,9.7648,2.2216,-1.3706,0.7811,1.5643,1.7484,1.3706,-0.6169,0.3516,0.7041,0.8435,1.2756,0.28275,0.25846,2.6448,2.487,-0.02429,0.9141,0,1,0,0.0,0.0,0.0,0.0,0.0,0.0,1,1,2,1,2.2216,4.0758,1.8542,0.5451,1,2,2,2.2216,1.5053,0,1,0,1,1.0,0.1582,0.1313,0.0881,0.3936,0.3857,0.0783,0.3936,880.0,888.0,0.6802,0.5895,1.6951,1.6252,8.0,-0.0907,AMBIGUOUS,0
1,2,7,8,81.3813,49.1108,8.2005,77.6514,49.3208,6.5708,4.0758,-3.7299,0.21,-1.6297,1.6432,3.7299,-0.9151,0.0515,-0.3999,2.2953,0.4405,0.28275,0.2777,2.6448,2.6721,-0.00506,0.9821,0,1,0,0.0,0.0,0.0,0.0,0.0,0.0,1,1,2,2,2.2216,2.2216,-1.8542,1.8346,0,0,1,4.0758,0.9242,0,1,0,1,1.0,0.1582,0.1313,0.0881,0.3919,0.3486,0.1791,0.3919,880.0,845.0,0.6802,0.6753,1.6951,1.7578,-35.0,-0.005,AMBIGUOUS,0
2,1,7,8,89.3978,58.495,55.0695,87.1903,58.7693,54.2725,2.363,-2.2075,0.2743,-0.797,0.8429,2.2075,-0.9342,0.1161,-0.3373,1.3585,0.3818,0.28015,0.28978,2.6204,2.7884,0.00963,1.0344,0,1,0,0.0,0.0,0.0,0.0,0.0,0.0,2,2,2,1,2.363,2.6231,0.2601,0.9008,1,2,2,2.363,0.7912,0,0,1,1,2.0,0.182,0.0228,0.1806,0.5994,0.5597,0.2145,0.5994,1042.0,984.0,0.7544,0.7812,1.8117,1.9888,-58.0,0.0267,AMBIGUOUS,0
2,18,7,8,89.3978,58.495,55.0695,88.8494,58.052,52.5429,2.6231,-0.5485,-0.443,-2.5266,2.5651,0.5485,-0.2091,-0.1689,-0.9632,0.3375,4.677,0.28015,0.25,2.6204,2.4056,-0.03015,0.8924,0,1,0,0.0,0.0,0.0,0.0,0.0,0.0,2,2,2,2,2.363,2.363,-0.2601,1.1101,2,3,3,2.6231,0.3481,0,0,1,2,3.0,0.182,0.0228,0.1806,0.5447,0.5256,0.1429,0.5447,1042.0,856.0,0.7544,0.4943,1.8117,1.6899,-186.0,-0.2601,AMBIGUOUS,0
3,23,7,8,88.8841,45.3666,3.7488,86.0517,45.8243,2.4695,3.1414,-2.8324,0.4577,-1.2793,1.3587,2.8324,-0.9016,0.1457,-0.4072,1.743,0.4797,0.272,0.2428,2.5442,2.3364,-0.02919,0.8927,1,2,1,-2.2365,1.1399,1.2267,2.7939,2.6647,0.3976,0,1,1,1,3.1414,5.0,1.8586,0.6283,0,1,1,3.1414,1.8586,0,0,0,0,1.0,0.517,0.4909,0.1623,0.1145,0.0733,0.088,0.517,883.0,856.0,0.6208,0.5565,1.7502,1.6739,-27.0,-0.0644,AMBIGUOUS,0
4,40,7,8,75.7764,56.6722,31.8783,77.3225,57.3258,33.9266,2.6483,1.5461,0.6535,2.0483,2.1501,1.5461,0.5838,0.2468,0.7735,0.9515,1.3906,0.26895,0.22026,2.5157,2.1195,-0.04869,0.819,0,1,0,0.0,0.0,0.0,0.0,0.0,0.0,1,2,2,1,2.6483,3.596,0.9477,0.7365,1,1,2,2.6483,1.3841,0,0,0,0,1.0,0.6602,0.5986,0.2784,0.7073,0.6775,0.2033,0.7073,901.0,785.0,0.6766,0.4783,1.7369,1.5528,-116.0,-0.1983,AMBIGUOUS,0
4,15,7,8,75.7764,56.6722,31.8783,72.2841,57.4167,31.4536,3.596,-3.4923,0.7445,-0.4247,0.8571,3.4923,-0.9712,0.207,-0.1181,2.1491,0.2454,0.26895,0.25378,2.5157,2.442,-0.01517,0.9436,0,1,0,0.0,0.0,0.0,0.0,0.0,0.0,1,2,2,2,2.6483,2.6483,-0.9477,1.3579,0,1,1,3.596,1.404,0,0,0,0,1.0,0.6602,0.5986,0.2784,0.8142,0.7841,0.2192,0.8142,901.0,951.0,0.6766,0.6428,1.7369,1.7825,50.0,-0.0338,AMBIGUOUS,0
5,8,7,8,97.844,50.713,32.497,96.3953,50.6524,32.5336,1.4504,-1.4487,-0.0606,0.0366,0.0707,1.4487,-0.9988,-0.0418,0.0252,0.8915,0.0488,0.26873,0.2654,2.5137,2.5537,-0.00334,0.9876,1,2,1,-0.3927,0.0005,-0.9788,1.0547,1.4663,0.6515,1,1,1,1,1.4504,5.0,3.5496,0.2901,1,2,2,1.4504,1.6984,0,1,0,0,0.5,0.3507,0.344,0.0683,0.5371,0.5203,0.1331,0.5371,803.0,811.0,0.685,0.6931,1.7347,1.7985,8.0,0.0081,AMBIGUOUS,0
6,19,7,8,100.1414,60.3193,80.4746,100.2569,60.1943,79.6821,0.8105,0.1154,-0.125,-0.7924,0.8022,0.1154,0.1424,-0.1543,-0.9777,0.071,6.9498,0.26385,0.24886,2.468,2.3946,-0.015,0.9432,1,2,1,0.6409,-0.764,-1.7982,2.0562,1.3023,0.0433,1,2,2,1,0.8105,3.0602,2.2497,0.2648,1,1,1,0.8105,4.1895,0,0,1,1,2.0,0.6399,0.6086,0.1978,0.5013,0.4931,0.0898,0.6399,941.0,896.0,0.6569,0.5351,1.8667,1.648,-45.0,-0.1219,AMBIGUOUS,0
6,14,7,8,100.1414,60.3193,80.4746,97.4054,60.4055,79.1066,3.0602,-2.736,0.0861,-1.3679,1.3706,2.736,-0.8941,0.0282,-0.447,1.6837,0.501,0.26385,0.25514,2.468,2.455,-0.00871,0.967,1,2,1,0.6409,-0.764,-1.7982,2.0562,3.5088,0.8982,1,2,2,2,0.8105,0.8105,-2.2497,3.7757,0,1,2,3.0602,1.9253,0,0,1,1,2.0,0.6399,0.6086,0.1978,0.1932,0.0946,0.1685,0.6399,941.0,938.0,0.6569,0.5476,1.8667,1.6755,-3.0,-0.1094,AMBIGUOUS,0
7,13,7,8,83.3307,63.7809,81.3975,81.6289,63.8258,80.6298,1.8675,-1.7018,0.0448,-0.7677,0.769,1.7018,-0.9113,0.024,-0.4111,1.0473,0.4519,0.25947,0.25633,2.427,2.4665,-0.00313,0.9879,0,1,0,0.0,0.0,0.0,0.0,0.0,0.0,2,2,2,1,1.8675,2.3878,0.5203,0.7821,1,1,1,1.8675,3.1325,0,0,0,1,2.0,0.479,0.4557,0.1475,0.4272,0.3789,0.1973,0.479,782.0,769.0,0.6605,0.6029,1.7251,1.5929,-13.0,-0.0576,AMBIGUOUS,0
7,53,7,8,83.3307,63.7809,81.3975,85.6253,63.3752,80.8759,2.3878,2.2945,-0.4057,-0.5216,0.6608,2.2945,0.9609,-0.1699,-0.2184,1.412,0.288,0.25947,0.21196,2.427,2.0396,-0.04751,0.8169,0,1,0,0.0,0.0,0.0,0.0,0.0,0.0,2,2,2,2,1.8675,1.8675,-0.5203,1.2786,1,1,1,2.3878,2.6122,0,0,0,1,2.0,0.479,0.4557,0.1475,0.5008,0.4997,0.0321,0.5008,782.0,781.0,0.6605,0.4793,1.7251,1.4976,-1.0,-0.1812,AMBIGUOUS,0
8,7,7,8,72.5723,55.6134,23.4593,69.4869,55.872,23.5193,3.0967,-3.0853,0.2586,0.0601,0.2655,3.0853,-0.9963,0.0835,0.0194,1.8987,0.086,0.25915,0.26779,2.424,2.5768,0.00864,1.0334,0,1,0,0.0,0.0,0.0,0.0,0.0,0.0,0,2,2,1,3.0967,3.1102,0.0135,0.9957,2,3,3,1.1311,-1.9656,1,3,0,1,0.5,0.5639,0.5527,0.1118,0.4345,0.3881,0.1953,0.5639,909.0,1058.0,0.5414,0.669,1.6892,1.843,149.0,0.1276,AMBIGUOUS,0
8,0,7,8,72.5723,55.6134,23.4593,72.6802,55.3639,20.361,3.1102,0.1079,-0.2496,-3.0983,3.1083,0.1079,0.0347,-0.0802,-0.9962,0.0664,28.8078,0.25915,0.30643,2.424,2.9486,0.04728,1.1825,0,1,0,0.0,0.0,0.0,0.0,0.0,0.0,0,2,2,2,3.0967,3.0967,-0.0135,1.0043,1,2,4,2.1653,-0.9449,1,3,0,1,0.5,0.5639,0.5527,0.1118,0.4617,0.4448,0.1237,0.5639,909.0,960.0,0.5414,0.7728,1.6892,2.2369,51.0,0.2314,AMBIGUOUS,0
9,4,7,8,84.8708,67.756,95.5891,84.2788,67.517,95.7734,0.6645,-0.592,-0.239,0.1843,0.3018,0.592,-0.8909,-0.3598,0.2773,0.3643,0.5099,0.25703,0.27344,2.4041,2.6312,0.01642,1.0639,0,1,0,0.0,0.0,0.0,0.0,0.0,0.0,1,1,2,1,0.6645,4.4591,3.7947,0.149,1,1,1,0.6645,4.3355,0,0,0,1,2.0,0.3995,0.3708,0.1489,0.2561,0.2212,0.129,0.3995,908.0,889.0,0.554,0.6118,1.5975,1.6689,-19.0,0.0578,AMBIGUOUS,0
9,10,7,8,84.8708,67.756,95.5891,80.8373,68.9221,97.0909,4.4591,-4.0335,1.166,1.5018,1.9014,4.0335,-0.9045,0.2615,0.3368,2.4821,0.4714,0.25703,0.2593,2.4041,2.4951,0.00228,1.0089,0,1,0,0.0,0.0,0.0,0.0,0.0,0.0,1,1,2,2,0.6645,0.6645,-3.7947,6.7108,1,1,2,2.3908,-2.0684,0,0,0,1,2.0,0.3995,0.3708,0.1489,0.4359,0.4127,0.1404,0.4359,908.0,871.0,0.554,0.5688,1.5975,1.5288,-37.0,0.0148,AMBIGUOUS,0
10,1,7,8,84.9596,58.2121,52.1132,87.1903,58.7693,54.2725,3.1542,2.2307,0.5572,2.1592,2.2299,2.2307,0.7072,0.1766,0.6846,1.3728,0.9996,0.25672,0.28978,2.4013,2.7884,0.03306,1.1288,0,1,0,0.0,0.0,0.0,0.0,0.0,0.0,0,3,3,1,3.1542,3.3761,0.2219,0.9343,1,2,2,2.363,-0.7912,0,1,1,1,1.0,0.4879,0.4596,0.1638,0.5994,0.5597,0.2145,0.5994,961.0,984.0,0.5668,0.7812,1.7329,1.9888,23.0,0.2144,AMBIGUOUS,0
10,5,7,8,84.9596,58.2121,52.1132,85.8665,57.5337,48.9328,3.3761,0.9069,-0.6785,-3.1805,3.252,0.9069,0.2686,-0.201,-0.9421,0.5581,3.5859,0.25672,0.27112,2.4013,2.6088,0.0144,1.0561,0,1,0,0.0,0.0,0.0,0.0,0.0,0.0,0,3,3,2,3.1542,3.1542,-0.2219,1.0704,0,2,2,3.3761,0.0283,0,1,0,1,1.0,0.4879,0.4596,0.1638,0.352,0.2585,0.2389,0.4879,961.0,848.0,0.5668,0.6476,1.7329,1.7545,-113.0,0.0809,AMBIGUOUS,0
10,18,7,8,84.9596,58.2121,52.1132,88.8494,58.052,52.5429,3.9167,3.8898,-0.1601,0.4297,0.4585,3.8898,0.9931,-0.0409,0.1097,2.3937,0.1179,0.25672,0.25,2.4013,2.4056,-0.00672,0.9738,0,1,0,0.0,0.0,0.0,0.0,0.0,0.0,0,3,3,3,3.1542,3.1542,-0.7626,1.2418,2,3,3,2.6231,-1.2937,0,1,1,2,1.5,0.4879,0.4596,0.1638,0.5447,0.5256,0.1429,0.5447,961.0,856.0,0.5668,0.4943,1.7329,1.6899,-105.0,-0.0725,AMBIGUOUS,0
11,47,7,8,44.1367,66.3449,49.3786,44.8127,66.6728,49.1597,0.7826,0.676,0.3279,-0.219,0.3943,0.676,0.8638,0.4189,-0.2798,0.416,0.5832,0.25613,0.2143,2.3958,2.0621,-0.04183,0.8367,0,1,0,0.0,0.0,0.0,0.0,0.0,0.0,2,2,2,1,0.7826,1.8402,1.0576,0.4253,1,1,1,0.7826,4.2174,0,0,1,1,2.0,0.3438,0.2617,0.223,0.689,0.6873,0.0479,0.689,866.0,640.0,0.5743,0.6641,1.5822,1.8354,-226.0,0.0898,AMBIGUOUS,0
11,38,7,8,44.1367,66.3449,49.3786,42.4794,66.2849,48.581,1.8402,-1.6573,-0.06,-0.7976,0.7999,1.6573,-0.9006,-0.0326,-0.4334,1.0199,0.4826,0.25613,0.22332,2.3958,2.1489,-0.03281,0.8719,0,1,0,0.0,0.0,0.0,0.0,0.0,0.0,2,2,2,2,0.7826,0.7826,-1.0576,2.3515,1,1,1,1.8402,3.1598,0,0,1,1,2.0,0.3438,0.2617,0.223,0.2925,0.2294,0.1815,0.3438,866.0,751.0,0.5743,0.5398,1.5822,1.5521,-115.0,-0.0346,AMBIGUOUS,0
12,22,7,8,99.6843,61.544,88.4823,97.5212,61.863,87.4425,2.4211,-2.1631,0.3191,-1.0398,1.0877,2.1631,-0.8934,0.1318,-0.4295,1.3311,0.5028,0.25568,0.24557,2.3916,2.363,-0.01011,0.9604,0,1,0,0.0,0.0,0.0,0.0,0.0,0.0,1,1,1,1,2.4211,5.0,2.5789,0.4842,1,2,2,2.4211,1.1424,0,0,0,0,1.0,0.5994,0.5593,0.2157,0.1516,0.0212,0.1501,0.5994,958.0,1022.0,0.6278,0.5336,1.8869,1.7086,64.0,-0.0942,AMBIGUOUS,0
13,20,7,8,40.2614,62.7926,24.78,37.3234,62.7821,23.7001,3.1302,-2.938,-0.0105,-1.0799,1.0799,2.938,-0.9386,-0.0034,-0.345,1.808,0.3676,0.25463,0.24771,2.3817,2.3836,-0.00692,0.9728,1,2,1,-0.5609,0.3931,0.3372,0.7634,2.7966,0.4645,0,1,1,1,3.1302,5.0,1.8698,0.626,1,2,4,1.6589,-1.4713,0,3,0,1,0.5,0.404,0.3636,0.1761,0.2376,0.0516,0.2319,0.404,887.0,946.0,0.5266,0.5379,1.5859,1.5797,59.0,0.0113,AMBIGUOUS,0
14,18,7,8,89.0722,56.8353,49.8414,88.8494,58.052,52.5429,2.9712,-0.2228,1.2167,2.7015,2.9628,0.2228,-0.075,0.4095,0.9092,0.1371,13.2997,0.25232,0.25,2.3601,2.4056,-0.00232,0.9908,1,2,1,-0.7753,-0.8195,-2.739,2.9622,5.8353,1.9344,1,2,2,1,2.9712,3.4044,0.4332,0.8728,2,3,3,2.6231,-0.3481,0,1,1,2,1.5,0.3309,0.3028,0.1334,0.5447,0.5256,0.1429,0.5447,833.0,856.0,0.513,0.4943,1.6264,1.6899,23.0,-0.0187,AMBIGUOUS,0
14,5,7,8,89.0722,56.8353,49.8414,85.8665,57.5337,48.9328,3.4044,-3.2057,0.6984,-0.9086,1.146,3.2057,-0.9416,0.2051,-0.2669,1.9727,0.3575,0.25232,0.27112,2.3601,2.6088,0.0188,1.0745,1,2,1,-0.7753,-0.8195,-2.739,2.9622,3.4001,0.5635,1,2,2,2,2.9712,2.9712,-0.4332,1.1458,0,2,2,3.3761,-0.0283,0,1,0,1,1.0,0.3309,0.3028,0.1334,0.352,0.2585,0.2389,0.352,833.0,848.0,0.513,0.6476,1.6264,1.7545,15.0,0.1346,AMBIGUOUS,0
15,7,7,8,70.5145,55.718,23.9663,69.4869,55.872,23.5193,1.1311,-1.0276,0.154,-0.447,0.4728,1.0276,-0.9085,0.1362,-0.3952,0.6323,0.4601,0.25208,0.26779,2.3578,2.5768,0.01572,1.0623,0,1,0,0.0,0.0,0.0,0.0,0.0,0.0,1,1,2,1,1.1311,4.2207,3.0895,0.268,2,3,3,1.1311,1.3027,1,2,0,1,0.6667,0.6425,0.6395,0.0618,0.4345,0.3881,0.1953,0.6425,954.0,1058.0,0.548,0.669,1.7805,1.843,104.0,0.121,AMBIGUOUS,0
15,0,7,8,70.5145,55.718,23.9663,72.6802,55.3639,20.361,4.2207,2.1657,-0.3541,-3.6053,3.6227,2.1657,0.5131,-0.0839,-0.8542,1.3327,1.6728,0.25208,0.30643,2.3578,2.9486,0.05435,1.2156,0,1,0,0.0,0.0,0.0,0.0,0.0,0.0,1,1,2,2,1.1311,1.1311,-3.0895,3.7314,1,2,4,2.1653,-2.0553,1,2,0,1,0.6667,0.6425,0.6395,0.0618,0.4617,0.4448,0.1237,0.6425,954.0,960.0,0.548,0.7728,1.7805,2.2369,6.0,0.2248,AMBIGUOUS,0
17,17,7,8,42.8067,57.6278,9.8785,39.0289,58.1149,8.5586,4.0313,-3.7778,0.4871,-1.3199,1.4069,3.7778,-0.9371,0.1208,-0.3274,2.3248,0.3724,0.24986,0.25083,2.3371,2.4136,0.00097,1.0039,0,1,0,0.0,0.0,0.0,0.0,0.0,0.0,0,0,1,1,4.0313,5.0,0.9687,0.8063,0,0,1,4.0313,0.9687,0,0,0,0,1.0,0.5744,0.5567,0.1417,0.0451,0.0289,0.0346,0.5744,822.0,928.0,0.5636,0.5452,1.5412,1.5614,106.0,-0.0183,AMBIGUOUS,0
18,12,7,8,48.181,70.6029,80.2759,44.9873,70.7769,79.2664,3.354,-3.1937,0.174,-1.0096,1.0245,3.1937,-0.9522,0.0519,-0.301,1.9653,0.3208,0.24927,0.25828,2.3316,2.4853,0.00901,1.0362,0,1,0,0.0,0.0,0.0,0.0,0.0,0.0,0,1,2,1,3.354,4.0188,0.6648,0.8346,0,1,1,3.354,1.646,0,1,0,1,1.0,0.5975,0.569,0.1824,0.5226,0.5127,0.1013,0.5975,786.0,940.0,0.5843,0.5607,1.6386,1.6354,154.0,-0.0237,AMBIGUOUS,0
18,135,7,8,48.181,70.6029,80.2759,51.8926,71.7321,79.2272,4.0188,3.7116,1.1292,-1.0487,1.5411,3.7116,0.9236,0.281,-0.261,2.284,0.4152,0.24927,0.04598,2.3316,0.4424,-0.20329,0.1845,0,1,0,0.0,0.0,0.0,0.0,0.0,0.0,0,1,2,2,3.354,3.354,-0.6648,1.1982,0,0,1,4.0188,0.9812,0,1,0,0,0.5,0.5975,0.569,0.1824,0.2048,0.1074,0.1743,0.5975,786.0,365.0,0.5843,0.145,1.6386,1.1737,-421.0,-0.4393,AMBIGUOUS,0
19,37,7,8,60.5914,69.0476,83.764,58.1644,69.4466,84.7406,2.6464,-2.427,0.399,0.9766,1.0549,2.427,-0.9171,0.1508,0.369,1.4936,0.4347,0.24518,0.22381,2.2933,2.1535,-0.02137,0.9128,1,2,1,0.4716,-2.8703,0.4026,2.9365,4.4068,1.244,2,2,2,1,2.6464,2.9468,0.3004,0.8981,1,2,2,2.6464,0.5231,1,1,1,1,1.0,0.4729,0.4664,0.0779,0.3749,0.3356,0.1672,0.4729,870.0,879.0,0.4976,0.4597,1.5139,1.4874,9.0,-0.0378,AMBIGUOUS,0
19,34,7,8,60.5914,69.0476,83.764,58.2827,69.1279,81.9346,2.9468,-2.3088,0.0803,-1.8294,1.8311,2.3088,-0.7835,0.0272,-0.6208,1.4208,0.7931,0.24518,0.22949,2.2933,2.2082,-0.01569,0.936,1,2,1,0.4716,-2.8703,0.4026,2.9365,4.628,1.2376,2,2,2,2,2.6464,2.6464,-0.3004,1.1135,1,1,1,2.9468,2.0532,1,1,1,1,1.0,0.4729,0.4664,0.0779,0.2605,0.2173,0.1437,0.4729,870.0,913.0,0.4976,0.4733,1.5139,1.4968,43.0,-0.0243,AMBIGUOUS,0
20,6,7,8,51.8219,55.9787,12.2792,48.3167,56.0836,11.3176,3.6362,-3.5052,0.1049,-0.9617,0.9674,3.5052,-0.964,0.0288,-0.2645,2.157,0.276,0.24494,0.26832,2.2911,2.5819,0.02338,1.0954,0,1,0,0.0,0.0,0.0,0.0,0.0,0.0,0,1,2,1,3.6362,4.2092,0.573,0.8639,0,1,1,3.6362,1.3638,0,2,0,1,0.6667,0.2171,0.1781,0.1242,0.4376,0.4333,0.0612,0.4376,955.0,853.0,0.5821,0.6063,1.6451,1.6267,-102.0,0.0242,AMBIGUOUS,0
20,50,7,8,51.8219,55.9787,12.2792,48.466,57.2562,14.4755,4.2092,-3.3559,1.2774,2.1963,2.5408,3.3559,-0.7973,0.3035,0.5218,2.0652,0.7571,0.24494,0.21371,2.2911,2.0564,-0.03123,0.8725,0,1,0,0.0,0.0,0.0,0.0,0.0,0.0,0,1,2,2,3.6362,3.6362,-0.573,1.1576,0,1,2,3.8127,-0.3965,0,2,0,1,0.6667,0.2171,0.1781,0.1242,0.3219,0.284,0.1516,0.3219,955.0,800.0,0.5821,0.449,1.6451,1.4948,-155.0,-0.1332,AMBIGUOUS,0
21,24,7,8,34.0687,59.4825,7.9575,29.6817,59.5453,6.7364,4.5542,-4.387,0.0628,-1.2211,1.2227,4.387,-0.9633,0.0138,-0.2681,2.6997,0.2787,0.2448,0.24045,2.2897,2.3137,-0.00435,0.9822,0,1,0,0.0,0.0,0.0,0.0,0.0,0.0,0,0,1,1,4.5542,5.0,0.4458,0.9108,1,1,3,1.3585,-3.1956,0,2,0,3,1.3333,0.2452,0.0563,0.2387,0.4953,0.4317,0.2428,0.4953,976.0,939.0,0.5624,0.5969,1.6534,1.7136,-37.0,0.0344,AMBIGUOUS,0
22,11,7,8,83.2029,49.4406,11.6348,80.0107,49.8918,9.7648,3.727,-3.1922,0.4512,-1.87,1.9236,3.1922,-0.8565,0.1211,-0.5017,1.9644,0.6026,0.24427,0.25846,2.2848,2.487,0.01419,1.0581,0,1,0,0.0,0.0,0.0,0.0,0.0,0.0,0,1,1,1,3.727,5.0,1.273,0.7454,1,2,2,2.2216,-1.5053,0,1,0,1,1.0,0.3792,0.3279,0.1905,0.3936,0.3857,0.0783,0.3936,764.0,888.0,0.6378,0.5895,1.7331,1.6252,124.0,-0.0483,AMBIGUOUS,0
23,10,7,8,80.3555,69.9503,99.1948,80.8373,68.9221,97.0909,2.3908,0.4818,-1.0282,-2.1039,2.3417,0.4818,0.2015,-0.4301,-0.88,0.2965,4.8599,0.24358,0.2593,2.2784,2.4951,0.01573,1.0646,0,1,0,0.0,0.0,0.0,0.0,0.0,0.0,1,1,1,1,2.3908,5.0,2.6092,0.4782,1,1,2,2.3908,2.0684,0,0,0,1,2.0,0.7376,0.7305,0.1027,0.4359,0.4127,0.1404,0.7376,798.0,871.0,0.6517,0.5688,1.6822,1.5288,73.0,-0.0829,AMBIGUOUS,0
24,26,7,8,59.3809,52.8567,3.4988,54.6576,53.1475,1.9964,4.965,-4.7233,0.2908,-1.5024,1.5303,4.7233,-0.9513,0.0586,-0.3026,2.9067,0.324,0.24356,0.23807,2.2781,2.2908,-0.00549,0.9775,0,1,0,0.0,0.0,0.0,0.0,0.0,0.0,0,0,1,1,4.965,5.0,0.035,0.993,2,2,3,1.9652,-2.9999,0,1,0,1,1.0,0.7619,0.7441,0.1635,0.5977,0.5924,0.0793,0.7619,835.0,916.0,0.5647,0.6042,1.7468,1.737,81.0,0.0396,AMBIGUOUS,0
25,9,7,8,75.9662,58.0459,37.6551,72.4722,58.5479,37.7048,3.5302,-3.494,0.5019,0.0497,0.5044,3.494,-0.9897,0.1422,0.0141,2.1501,0.1444,0.24195,0.26454,2.2631,2.5455,0.02259,1.0933,0,1,0,0.0,0.0,0.0,0.0,0.0,0.0,0,1,2,1,3.5302,4.0324,0.5022,0.8755,0,1,1,3.5302,1.4698,0,0,0,0,1.0,0.4305,0.4088,0.1349,0.659,0.6528,0.0902,0.659,763.0,857.0,0.5816,0.661,1.6569,1.8151,94.0,0.0794,AMBIGUOUS,0
25,40,7,8,75.9662,58.0459,37.6551,77.3225,57.3258,33.9266,4.0324,1.3563,-0.7202,-3.7285,3.7974,1.3563,0.3364,-0.1786,-0.9246,0.8347,2.7998,0.24195,0.22026,2.2631,2.1195,-0.02169,0.9104,0,1,0,0.0,0.0,0.0,0.0,0.0,0.0,0,1,2,2,3.5302,3.5302,-0.5022,1.1422,1,1,2,2.6483,-1.3841,0,0,0,0,1.0,0.4305,0.4088,0.1349,0.7073,0.6775,0.2033,0.7073,763.0,785.0,0.5816,0.4783,1.6569,1.5528,22.0,-0.1033,AMBIGUOUS,0
26,21,7,8,66.3654,63.9648,59.0469,63.2991,64.0334,58.2522,3.1683,-3.0663,0.0686,-0.7948,0.7977,3.0663,-0.9678,0.0217,-0.2508,1.8869,0.2602,0.23827,0.24692,2.2287,2.3759,0.00865,1.0363,0,1,0,0.0,0.0,0.0,0.0,0.0,0.0,0,1,1,1,3.1683,5.0,1.8317,0.6337,0,1,1,3.1683,1.8317,0,1,0,0,0.5,0.3477,0.2596,0.2313,0.2337,0.0759,0.221,0.3477,795.0,800.0,0.499,0.5738,1.4997,1.57,5.0,0.0748,AMBIGUOUS,0
27,7,7,8,68.545,54.9042,21.4946,69.4869,55.872,23.5193,2.4338,0.9419,0.9679,2.0247,2.2441,0.9419,0.387,0.3977,0.8319,0.5796,2.3826,0.23825,0.26779,2.2285,2.5768,0.02954,1.124,0,1,0,0.0,0.0,0.0,0.0,0.0,0.0,1,1,2,1,2.4338,4.3123,1.8785,0.5644,2,3,3,1.1311,-1.3027,0,2,0,1,0.6667,0.3034,0.295,0.0707,0.4345,0.3881,0.1953,0.4345,919.0,1058.0,0.4502,0.669,1.6064,1.843,139.0,0.2188,AMBIGUOUS,0
27,0,7,8,68.545,54.9042,21.4946,72.6802,55.3639,20.361,4.3123,4.1351,0.4597,-1.1336,1.2233,4.1351,0.9589,0.1066,-0.2629,2.5447,0.2958,0.23825,0.30643,2.2285,2.9486,0.06818,1.2862,0,1,0,0.0,0.0,0.0,0.0,0.0,0.0,1,1,2,2,2.4338,2.4338,-1.8785,1.7718,1,2,4,2.1653,-2.147,0,2,0,1,0.6667,0.3034,0.295,0.0707,0.4617,0.4448,0.1237,0.4617,919.0,960.0,0.4502,0.7728,1.6064,2.2369,41.0,0.3226,AMBIGUOUS,0
28,28,7,8,101.1401,45.1961,19.4147,97.913,45.5232,17.536,3.7484,-3.2271,0.3271,-1.8787,1.907,3.2271,-0.8609,0.0873,-0.5012,1.9859,0.5909,0.2379,0.23561,2.2252,2.2672,-0.00229,0.9904,0,1,0,0.0,0.0,0.0,0.0,0.0,0.0,0,1,1,1,3.7484,5.0,1.2516,0.7497,0,2,2,3.7484,0.2014,0,0,0,1,2.0,0.4123,0.3901,0.1333,0.4191,0.413,0.0712,0.4191,793.0,803.0,0.6194,0.4976,1.7298,1.4978,10.0,-0.1218,AMBIGUOUS,0
29,24,7,8,29.6372,58.3575,6.0784,29.6817,59.5453,6.7364,1.3585,0.0445,1.1878,0.6579,1.3578,0.0445,0.0327,0.8743,0.4843,0.0274,30.5255,0.23753,0.24045,2.2218,2.3137,0.00292,1.0123,0,1,0,0.0,0.0,0.0,0.0,0.0,0.0,2,4,4,1,1.3585,2.9557,1.5972,0.4596,1,1,3,1.3585,2.6714,0,2,0,3,1.3333,0.4129,0.3872,0.1433,0.4953,0.4317,0.2428,0.4953,901.0,939.0,0.4441,0.5969,1.549,1.7136,38.0,0.1528,AMBIGUOUS,0
29,46,7,8,29.6372,58.3575,6.0784,28.8724,58.3148,3.2237,2.9557,-0.7648,-0.0426,-2.8548,2.8551,0.7648,-0.2587,-0.0144,-0.9658,0.4706,3.7333,0.23753,0.21465,2.2218,2.0655,-0.02288,0.9037,0,1,0,0.0,0.0,0.0,0.0,0.0,0.0,2,4,4,2,1.3585,1.3585,-1.5972,2.1757,1,1,2,2.9557,1.4322,0,2,1,3,1.3333,0.4129,0.3872,0.1433,0.4214,0.3776,0.187,0.4214,901.0,891.0,0.4441,0.3983,1.549,1.4505,-10.0,-0.0458,AMBIGUOUS,0
29,65,7,8,29.6372,58.3575,6.0784,26.0583,59.0656,5.3341,3.7234,-3.5789,0.7081,-0.7444,1.0274,3.5789,-0.9612,0.1902,-0.1999,2.2024,0.2871,0.23753,0.20434,2.2218,1.9663,-0.03319,0.8603,0,1,0,0.0,0.0,0.0,0.0,0.0,0.0,2,4,4,3,1.3585,1.3585,-2.3649,2.7407,0,1,1,3.7234,1.2766,0,2,1,3,1.3333,0.4129,0.3872,0.1433,0.1777,0.0583,0.1679,0.4129,901.0,975.0,0.4441,0.4148,1.549,1.4554,74.0,-0.0293,AMBIGUOUS,0
29,66,7,8,29.6372,58.3575,6.0784,26.4451,58.5318,3.8121,3.9187,-3.1921,0.1743,-2.2664,2.2731,3.1921,-0.8146,0.0445,-0.5783,1.9644,0.7121,0.23753,0.2038,2.2218,1.9611,-0.03373,0.858,0,1,0,0.0,0.0,0.0,0.0,0.0,0.0,2,4,4,4,1.3585,1.3585,-2.5602,2.8845,0,1,1,3.9187,1.0813,0,2,2,3,1.3333,0.4129,0.3872,0.1433,0.4726,0.4451,0.159,0.4726,901.0,912.0,0.4441,0.3934,1.549,1.4253,11.0,-0.0508,AMBIGUOUS,0
30,56,7,8,80.7846,62.9277,64.4587,79.4316,62.8743,66.5459,2.4879,-1.353,-0.0534,2.0872,2.0879,1.353,-0.5438,-0.0215,0.8389,0.8326,1.5432,0.23516,0.21101,2.1996,2.0304,-0.02415,0.8973,1,2,1,-0.7616,-0.0294,-2.3441,2.4649,4.4707,1.6295,1,2,4,1,2.4879,3.1674,0.6795,0.7855,2,3,3,1.9319,-0.5561,1,1,2,4,2.5,0.4863,0.4654,0.1411,0.2293,0.1934,0.1232,0.4863,846.0,871.0,0.4629,0.3698,1.5205,1.3946,25.0,-0.0931,AMBIGUOUS,0
30,3,7,8,80.7846,62.9277,64.4587,77.9441,62.705,63.0751,3.1674,-2.8405,-0.2227,-1.3836,1.4014,2.8405,-0.8968,-0.0703,-0.4368,1.748,0.4934,0.23516,0.27474,2.1996,2.6437,0.03959,1.1683,1,2,1,-0.7616,-0.0294,-2.3441,2.4649,2.2982,0.3067,1,2,4,2,2.4879,2.4879,-0.6795,1.2731,1,2,2,1.9248,-1.2427,1,1,0,1,1.0,0.4863,0.4654,0.1411,0.1864,0.0559,0.1778,0.4863,846.0,905.0,0.4629,0.6526,1.5205,1.7755,59.0,0.1897,AMBIGUOUS,0
30,45,7,8,80.7846,62.9277,64.4587,80.5056,63.5571,68.4824,4.0821,-0.279,0.6294,4.0237,4.0726,0.279,-0.0683,0.1542,0.9857,0.1717,14.5982,0.23516,0.21504,2.1996,2.0692,-0.02012,0.9144,1,2,1,-0.7616,-0.0294,-2.3441,2.4649,6.4199,1.9181,1,2,4,3,2.4879,2.4879,-1.5942,1.6408,1,1,3,2.328,-1.7542,1,1,2,3,2.0,0.4863,0.4654,0.1411,0.7858,0.7444,0.2518,0.7858,846.0,725.0,0.4629,0.4865,1.5205,1.6148,-121.0,0.0236,AMBIGUOUS,0
30,41,7,8,80.7846,62.9277,64.4587,78.2906,63.8,68.4043,4.7485,-2.494,0.8723,3.9455,4.0408,2.494,-0.5252,0.1837,0.8309,1.5348,1.6202,0.23516,0.2202,2.1996,2.1188,-0.01496,0.9364,1,2,1,-0.7616,-0.0294,-2.3441,2.4649,6.5859,1.6301,1,2,4,4,2.4879,2.4879,-2.2606,1.9086,1,2,3,1.0532,-3.6953,1,1,2,3,2.0,0.4863,0.4654,0.1411,0.3295,0.2906,0.1554,0.4863,846.0,918.0,0.4629,0.4188,1.5205,1.4618,72.0,-0.0442,AMBIGUOUS,0
31,27,7,8,48.3883,70.0374,75.3924,45.4329,70.2244,76.0246,3.028,-2.9554,0.187,0.6322,0.6593,2.9554,-0.976,0.0618,0.2088,1.8187,0.2231,0.23417,0.23745,2.1903,2.2849,0.00329,1.014,0,1,0,0.0,0.0,0.0,0.0,0.0,0.0,0,1,1,1,3.028,5.0,1.972,0.6056,0,1,1,3.028,1.972,0,1,0,1,1.0,0.4314,0.3617,0.2352,0.1041,0.0671,0.0797,0.4314,822.0,923.0,0.5454,0.5158,1.5889,1.5282,101.0,-0.0296,AMBIGUOUS,0
32,37,7,8,60.7453,69.6287,86.5713,58.1644,69.4466,84.7406,3.1695,-2.5809,-0.1821,-1.8307,1.8397,2.5809,-0.8143,-0.0574,-0.5776,1.5883,0.7128,0.23407,0.22381,2.1895,2.1535,-0.01027,0.9561,0,1,0,0.0,0.0,0.0,0.0,0.0,0.0,0,1,1,1,3.1695,5.0,1.8305,0.6339,1,2,2,2.6464,-0.5231,1,1,1,1,1.0,0.6419,0.6203,0.1648,0.3749,0.3356,0.1672,0.6419,874.0,879.0,0.4787,0.4597,1.514,1.4874,5.0,-0.019,AMBIGUOUS,0
33,48,7,8,35.2345,65.0065,34.7657,31.1879,65.1811,33.1925,4.3452,-4.0466,0.1747,-1.5732,1.5829,4.0466,-0.9313,0.0402,-0.3621,2.4902,0.3912,0.23389,0.21415,2.1877,2.0607,-0.01974,0.9156,0,1,0,0.0,0.0,0.0,0.0,0.0,0.0,0,0,1,1,4.3452,5.0,0.6548,0.869,0,0,1,4.3452,0.6548,0,0,0,1,2.0,0.5434,0.5155,0.1719,0.381,0.3129,0.2173,0.5434,882.0,879.0,0.4517,0.4549,1.5121,1.522,-3.0,0.0032,AMBIGUOUS,0
34,36,7,8,36.3559,63.465,27.562,32.9428,63.0495,26.1722,3.7086,-3.4132,-0.4154,-1.3899,1.4506,3.4132,-0.9203,-0.112,-0.3748,2.1004,0.425,0.23273,0.22443,2.1769,2.1596,-0.00829,0.9644,0,1,0,0.0,0.0,0.0,0.0,0.0,0.0,0,1,2,1,3.7086,4.0394,0.3307,0.9181,0,1,2,3.7086,0.7822,1,3,0,1,0.5,0.6158,0.6059,0.1098,0.4819,0.4428,0.1902,0.6158,957.0,854.0,0.4794,0.4333,1.4876,1.4275,-103.0,-0.0461,AMBIGUOUS,0
34,20,7,8,36.3559,63.465,27.562,37.3234,62.7821,23.7001,4.0394,0.9675,-0.6829,-3.8619,3.9218,0.9675,0.2395,-0.1691,-0.9561,0.5954,4.0535,0.23273,0.24771,2.1769,2.3836,0.01498,1.0644,0,1,0,0.0,0.0,0.0,0.0,0.0,0.0,0,1,2,2,3.7086,3.7086,-0.3307,1.0892,1,2,4,1.6589,-2.3805,1,3,0,1,0.5,0.6158,0.6059,0.1098,0.2376,0.0516,0.2319,0.6158,957.0,946.0,0.4794,0.5379,1.4876,1.5797,-11.0,0.0585,AMBIGUOUS,0
35,20,7,8,38.7442,63.8138,27.6247,37.3234,62.7821,23.7001,4.2995,-1.4208,-1.0317,-3.9246,4.0579,1.4208,-0.3305,-0.24,-0.9128,0.8744,2.856,0.23254,0.24771,2.1751,2.3836,0.01517,1.0652,1,2,1,-1.6118,-0.2389,-0.9529,1.8875,3.0815,0.2266,0,0,1,1,4.2995,5.0,0.7005,0.8599,1,2,4,1.6589,-2.6406,1,2,0,1,0.6667,0.2578,0.2558,0.0326,0.2376,0.0516,0.2319,0.2578,856.0,946.0,0.466,0.5379,1.53,1.5797,90.0,0.0719,AMBIGUOUS,0
36,3,7,8,78.4535,63.0807,64.8928,77.9441,62.705,63.0751,1.9248,-0.5094,-0.3757,-1.8177,1.8561,0.5094,-0.2647,-0.1952,-0.9444,0.3135,3.6434,0.23195,0.27474,2.1696,2.6437,0.04279,1.1845,0,1,0,0.0,0.0,0.0,0.0,0.0,0.0,2,3,5,1,1.9248,1.9319,0.0071,0.9963,1,2,2,1.9248,1.2427,1,2,0,1,0.6667,0.4793,0.4535,0.155,0.1864,0.0559,0.1778,0.4793,886.0,905.0,0.4466,0.6526,1.5038,1.7755,19.0,0.206,AMBIGUOUS,0
36,56,7,8,78.4535,63.0807,64.8928,79.4316,62.8743,66.5459,1.9319,0.9781,-0.2064,1.6531,1.6659,0.9781,0.5063,-0.1069,0.8557,0.6019,1.7032,0.23195,0.21101,2.1696,2.0304,-0.02094,0.9097,0,1,0,0.0,0.0,0.0,0.0,0.0,0.0,2,3,5,2,1.9248,1.9248,-0.0071,1.0037,2,3,3,1.9319,0.5561,1,2,2,4,1.6667,0.4793,0.4535,0.155,0.2293,0.1934,0.1232,0.4793,886.0,871.0,0.4466,0.3698,1.5038,1.3946,-15.0,-0.0768,AMBIGUOUS,0
36,41,7,8,78.4535,63.0807,64.8928,78.2906,63.8,68.4043,3.5881,-0.163,0.7193,3.5114,3.5844,0.163,-0.0454,0.2005,0.9786,0.1003,21.9958,0.23195,0.2202,2.1696,2.1188,-0.01175,0.9493,0,1,0,0.0,0.0,0.0,0.0,0.0,0.0,2,3,5,3,1.9248,1.9248,-1.6633,1.8642,1,2,3,1.0532,-2.5348,1,2,2,3,1.3333,0.4793,0.4535,0.155,0.3295,0.2906,0.1554,0.4793,886.0,918.0,0.4466,0.4188,1.5038,1.4618,32.0,-0.0278,AMBIGUOUS,0
36,45,7,8,78.4535,63.0807,64.8928,80.5056,63.5571,68.4824,4.1621,2.0521,0.4764,3.5896,3.621,2.0521,0.493,0.1145,0.8624,1.2628,1.7645,0.23195,0.21504,2.1696,2.0692,-0.01692,0.9271,0,1,0,0.0,0.0,0.0,0.0,0.0,0.0,2,3,5,4,1.9248,1.9248,-2.2373,2.1624,1,1,3,2.328,-1.8341,1,2,2,3,1.3333,0.4793,0.4535,0.155,0.7858,0.7444,0.2518,0.7858,886.0,725.0,0.4466,0.4865,1.5038,1.6148,-161.0,0.0399,AMBIGUOUS,0
36,44,7,8,78.4535,63.0807,64.8928,75.1438,63.5743,67.6924,4.3629,-3.3097,0.4936,2.7996,2.8427,3.3097,-0.7586,0.1131,0.6417,2.0367,0.8589,0.23195,0.21663,2.1696,2.0845,-0.01532,0.9339,0,1,0,0.0,0.0,0.0,0.0,0.0,0.0,2,3,5,5,1.9248,1.9248,-2.4382,2.2667,0,1,2,3.7493,-0.6136,1,2,0,2,1.0,0.4793,0.4535,0.155,0.4666,0.3938,0.2502,0.4793,886.0,881.0,0.4466,0.4024,1.5038,1.4719,-5.0,-0.0442,AMBIGUOUS,0
37,35,7,8,50.1706,62.3355,30.8348,48.4401,62.848,30.2727,1.8903,-1.7305,0.5125,-0.5621,0.7606,1.7305,-0.9155,0.2711,-0.2973,1.0649,0.4395,0.22911,0.22659,2.1431,2.1804,-0.00252,0.989,0,1,0,0.0,0.0,0.0,0.0,0.0,0.0,1,3,3,1,1.8903,3.6951,1.8048,0.5116,1,1,1,1.8903,3.1097,0,1,1,2,1.5,0.2748,0.2044,0.1837,0.3861,0.3099,0.2302,0.3861,924.0,935.0,0.4904,0.4415,1.5348,1.5647,11.0,-0.0488,AMBIGUOUS,0
37,32,7,8,50.1706,62.3355,30.8348,46.8332,62.5798,29.2676,3.6951,-3.3374,0.2442,-1.5672,1.5861,3.3374,-0.9032,0.0661,-0.4241,2.0538,0.4753,0.22911,0.23003,2.1431,2.2135,0.00092,1.004,0,1,0,0.0,0.0,0.0,0.0,0.0,0.0,1,3,3,2,1.8903,1.8903,-1.8048,1.9548,0,2,2,3.6951,0.2814,0,1,1,2,1.5,0.2748,0.2044,0.1837,0.2928,0.2918,0.0247,0.2928,924.0,870.0,0.4904,0.4824,1.5348,1.5471,-54.0,-0.008,AMBIGUOUS,0
37,31,7,8,50.1706,62.3355,30.8348,48.5439,63.136,34.3009,3.9116,-1.6267,0.8004,3.4661,3.5573,1.6267,-0.4159,0.2046,0.8861,1.001,2.1869,0.22911,0.23201,2.1431,2.2325,0.0029,1.0126,0,1,0,0.0,0.0,0.0,0.0,0.0,0.0,1,3,3,3,1.8903,1.8903,-2.0213,2.0693,0,2,2,3.2076,-0.704,0,1,0,2,1.5,0.2748,0.2044,0.1837,0.3184,0.2061,0.2427,0.3184,924.0,945.0,0.4904,0.4433,1.5348,1.5213,21.0,-0.0471,AMBIGUOUS,0
38,16,7,8,48.1425,64.5003,43.9169,45.1336,64.3039,42.6893,3.2556,-3.0089,-0.1964,-1.2275,1.2431,3.0089,-0.9242,-0.0603,-0.3771,1.8516,0.4132,0.22847,0.25272,2.1371,2.4317,0.02424,1.1061,0,1,0,0.0,0.0,0.0,0.0,0.0,0.0,0,1,1,1,3.2556,5.0,1.7444,0.6511,0,1,2,3.2556,1.3438,0,0,0,0,1.0,0.6161,0.6075,0.1024,0.3859,0.3664,0.121,0.6161,733.0,795.0,0.5975,0.6166,1.6581,1.6656,62.0,0.019,AMBIGUOUS,0
39,52,7,8,57.8744,58.0631,26.3503,56.2784,58.941,25.6785,1.9414,-1.596,0.8779,-0.6718,1.1054,1.596,-0.8221,0.4522,-0.346,0.9821,0.6926,0.22706,0.21229,2.1239,2.0428,-0.01477,0.935,1,2,1,-1.1148,0.8435,0.5165,1.4903,1.2825,0.2491,1,1,2,1,1.9414,4.508,2.5666,0.4307,1,1,2,1.9414,2.499,0,0,0,2,3.0,0.6289,0.6256,0.0638,0.6036,0.5966,0.0916,0.6289,1007.0,931.0,0.466,0.4527,1.5517,1.4902,-76.0,-0.0133,AMBIGUOUS,0
39,73,7,8,57.8744,58.0631,26.3503,55.8034,56.9899,22.4927,4.508,-2.071,-1.0732,-3.8576,4.0042,2.071,-0.4594,-0.2381,-0.8557,1.2744,1.9335,0.22706,0.19626,2.1239,1.8885,-0.03081,0.8643,1,2,1,-1.1148,0.8435,0.5165,1.4903,4.8705,1.0877,1,1,2,2,1.9414,1.9414,-2.5666,2.322,0,0,1,4.508,0.492,0,0,0,1,2.0,0.6289,0.6256,0.0638,0.5845,0.5534,0.1881,0.6289,1007.0,913.0,0.466,0.4796,1.5517,1.5442,-94.0,0.0136,AMBIGUOUS,0
40,29,7,8,68.3333,52.1403,9.5676,65.0371,52.7416,9.023,3.3945,-3.2961,0.6013,-0.5446,0.8112,3.2961,-0.971,0.1771,-0.1604,2.0284,0.2461,0.22674,0.235,2.1208,2.2612,0.00826,1.0364,0,1,0,0.0,0.0,0.0,0.0,0.0,0.0,0,1,1,1,3.3945,5.0,1.6055,0.6789,0,1,1,3.3945,1.6055,0,0,0,0,1.0,0.2447,0.0833,0.2301,0.1171,0.0371,0.1111,0.2447,706.0,777.0,0.6212,0.5797,1.7051,1.6046,71.0,-0.0415,AMBIGUOUS,0
41,58,7,8,93.3744,51.2251,31.8543,91.4564,51.3673,30.4349,2.3903,-1.918,0.1423,-1.4194,1.4265,1.918,-0.8024,0.0595,-0.5938,1.1803,0.7437,0.22221,0.20782,2.0785,1.9997,-0.01439,0.9352,0,1,0,0.0,0.0,0.0,0.0,0.0,0.0,1,2,2,1,2.3903,3.1488,0.7585,0.7591,1,1,1,2.3903,2.6097,0,1,0,0,0.5,0.7687,0.7494,0.171,0.4917,0.4564,0.183,0.7687,722.0,688.0,0.6189,0.5596,1.7383,1.6451,-34.0,-0.0593,AMBIGUOUS,0
41,8,7,8,93.3744,51.2251,31.8543,96.3953,50.6524,32.5336,3.1488,3.0209,-0.5726,0.6793,0.8885,3.0209,0.9594,-0.1819,0.2157,1.859,0.2941,0.22221,0.2654,2.0785,2.5537,0.04319,1.1943,0,1,0,0.0,0.0,0.0,0.0,0.0,0.0,1,2,2,2,2.3903,2.3903,-0.7585,1.3173,1,2,2,1.4504,-1.6984,0,1,0,0,0.5,0.7687,0.7494,0.171,0.5371,0.5203,0.1331,0.7687,722.0,811.0,0.6189,0.6931,1.7383,1.7985,89.0,0.0742,AMBIGUOUS,0
42,50,7,8,51.8428,56.9341,16.2163,48.466,57.2562,14.4755,3.8127,-3.3768,0.3221,-1.7407,1.7703,3.3768,-0.8857,0.0845,-0.4566,2.078,0.5242,0.22179,0.21371,2.0745,2.0564,-0.00807,0.9636,0,1,0,0.0,0.0,0.0,0.0,0.0,0.0,0,1,1,1,3.8127,5.0,1.1873,0.7625,0,1,2,3.8127,0.3965,0,2,0,1,0.6667,0.1713,0.1572,0.068,0.3219,0.284,0.1516,0.3219,913.0,800.0,0.4999,0.449,1.5757,1.4948,-113.0,-0.0509,AMBIGUOUS,0
43,69,7,8,94.6241,61.8732,85.3675,93.062,61.6989,83.2769,2.6155,-1.5621,-0.1743,-2.0905,2.0978,1.5621,-0.5972,-0.0666,-0.7993,0.9613,1.343,0.22155,0.20024,2.0723,1.9268,-0.02131,0.9038,0,1,0,0.0,0.0,0.0,0.0,0.0,0.0,1,2,2,1,2.6155,3.5636,0.9481,0.734,2,2,2,1.6928,-0.9227,1,1,0,0,0.5,0.3977,0.3741,0.1349,0.44,0.437,0.0513,0.44,959.0,839.0,0.4396,0.3094,1.6508,1.4577,-120.0,-0.1302,AMBIGUOUS,0
43,22,7,8,94.6241,61.8732,85.3675,97.5212,61.863,87.4425,3.5636,2.8971,-0.0101,2.075,2.075,2.8971,0.813,-0.0028,0.5823,1.7828,0.7162,0.22155,0.24557,2.0723,2.363,0.02402,1.1084,0,1,0,0.0,0.0,0.0,0.0,0.0,0.0,1,2,2,2,2.6155,2.6155,-0.9481,1.3625,1,2,2,2.4211,-1.1424,1,1,0,0,0.5,0.3977,0.3741,0.1349,0.1516,0.0212,0.1501,0.3977,959.0,1022.0,0.4396,0.5336,1.6508,1.7086,63.0,0.094,AMBIGUOUS,0
44,41,7,8,78.4384,64.1076,69.4007,78.2906,63.8,68.4043,1.0532,-0.1479,-0.3076,-0.9964,1.0428,0.1479,-0.1404,-0.292,-0.9461,0.091,7.0514,0.22135,0.2202,2.0705,2.1188,-0.00115,0.9948,0,1,0,0.0,0.0,0.0,0.0,0.0,0.0,2,4,4,1,1.0532,2.328,1.2747,0.4524,1,2,3,1.0532,2.5348,0,1,2,3,2.0,0.4508,0.4384,0.105,0.3295,0.2906,0.1554,0.4508,870.0,918.0,0.4527,0.4188,1.5192,1.4618,48.0,-0.0339,AMBIGUOUS,0
44,45,7,8,78.4384,64.1076,69.4007,80.5056,63.5571,68.4824,2.328,2.0672,-0.5505,-0.9183,1.0706,2.0672,0.888,-0.2365,-0.3945,1.2721,0.5179,0.22135,0.21504,2.0705,2.0692,-0.00632,0.9715,0,1,0,0.0,0.0,0.0,0.0,0.0,0.0,2,4,4,2,1.0532,1.0532,-1.2747,2.2103,1,1,3,2.328,1.7542,0,1,2,3,2.0,0.4508,0.4384,0.105,0.7858,0.7444,0.2518,0.7858,870.0,725.0,0.4527,0.4865,1.5192,1.6148,-145.0,0.0338,AMBIGUOUS,0
44,56,7,8,78.4384,64.1076,69.4007,79.4316,62.8743,66.5459,3.2645,0.9932,-1.2333,-2.8547,3.1098,0.9932,0.3042,-0.3778,-0.8745,0.6112,3.1311,0.22135,0.21101,2.0705,2.0304,-0.01034,0.9533,0,1,0,0.0,0.0,0.0,0.0,0.0,0.0,2,4,4,3,1.0532,1.0532,-2.2113,3.0995,2,3,3,1.9319,-1.3327,0,1,2,4,2.5,0.4508,0.4384,0.105,0.2293,0.1934,0.1232,0.4508,870.0,871.0,0.4527,0.3698,1.5192,1.3946,1.0,-0.0829,AMBIGUOUS,0
44,44,7,8,78.4384,64.1076,69.4007,75.1438,63.5743,67.6924,3.7493,-3.2946,-0.5333,-1.7083,1.7896,3.2946,-0.8787,-0.1422,-0.4556,2.0275,0.5432,0.22135,0.21663,2.0705,2.0845,-0.00472,0.9787,0,1,0,0.0,0.0,0.0,0.0,0.0,0.0,2,4,4,4,1.0532,1.0532,-2.6961,3.5598,0,1,2,3.7493,0.6136,0,1,0,2,1.5,0.4508,0.4384,0.105,0.4666,0.3938,0.2502,0.4666,870.0,881.0,0.4527,0.4024,1.5192,1.4719,11.0,-0.0503,AMBIGUOUS,0
45,69,7,8,94.7421,61.5206,83.1708,93.062,61.6989,83.2769,1.6928,-1.68,0.1784,0.1061,0.2075,1.68,-0.9925,0.1054,0.0627,1.0339,0.1235,0.22125,0.20024,2.0695,1.9268,-0.02101,0.905,0,1,0,0.0,0.0,0.0,0.0,0.0,0.0,1,1,2,1,1.6928,4.9854,3.2926,0.3396,2,2,2,1.6928,0.9227,1,1,0,0,0.5,0.5344,0.4921,0.2085,0.44,0.437,0.0513,0.5344,928.0,839.0,0.4281,0.3094,1.6273,1.4577,-89.0,-0.1187,AMBIGUOUS,0
45,14,7,8,94.7421,61.5206,83.1708,97.4054,60.4055,79.1066,4.9854,2.6633,-1.1151,-4.0642,4.2144,2.6633,0.5342,-0.2237,-0.8152,1.639,1.5824,0.22125,0.25514,2.0695,2.455,0.03389,1.1532,0,1,0,0.0,0.0,0.0,0.0,0.0,0.0,1,1,2,2,1.6928,1.6928,-3.2926,2.9451,0,1,2,3.0602,-1.9253,1,1,1,1,1.0,0.5344,0.4921,0.2085,0.1932,0.0946,0.1685,0.5344,928.0,938.0,0.4281,0.5476,1.6273,1.6755,10.0,0.1195,AMBIGUOUS,0
46,79,7,8,27.0875,59.2272,30.337,23.9863,59.5233,30.2901,3.1157,-3.1012,0.2961,-0.0469,0.2998,3.1012,-0.9954,0.0951,-0.0151,1.9085,0.0967,0.22078,0.18383,2.0651,1.7689,-0.03695,0.8326,0,1,0,0.0,0.0,0.0,0.0,0.0,0.0,0,1,1,1,3.1157,5.0,1.8843,0.6231,0,1,1,3.1157,1.8843,0,0,0,0,1.0,0.56,0.5375,0.1569,0.4704,0.3887,0.2648,0.56,818.0,782.0,0.476,0.4108,1.4571,1.387,-36.0,-0.0652,AMBIGUOUS,0
47,42,7,8,32.5187,66.6628,38.6722,29.0555,66.1041,37.5297,3.6893,-3.4632,-0.5587,-1.1425,1.2717,3.4632,-0.9387,-0.1514,-0.3097,2.1312,0.3672,0.22034,0.21938,2.061,2.111,-0.00096,0.9956,0,1,0,0.0,0.0,0.0,0.0,0.0,0.0,0,1,1,1,3.6893,5.0,1.3107,0.7379,0,1,1,3.6893,1.3107,0,0,0,1,2.0,0.0891,0.0187,0.0871,0.2737,0.1945,0.1926,0.2737,975.0,899.0,0.4899,0.4662,1.5516,1.4872,-76.0,-0.0237,AMBIGUOUS,0
48,49,7,8,29.0084,71.7243,66.481,26.2107,71.0006,63.9994,3.809,-2.7977,-0.7237,-2.4815,2.5849,2.7977,-0.7345,-0.19,-0.6515,1.7217,0.9239,0.21949,0.21384,2.053,2.0577,-0.00564,0.9743,0,1,0,0.0,0.0,0.0,0.0,0.0,0.0,0,1,3,1,3.809,4.0302,0.2212,0.9451,0,1,2,3.809,0.9491,0,1,0,1,1.0,0.335,0.2416,0.2321,0.2974,0.2107,0.2099,0.335,946.0,918.0,0.5189,0.4256,1.5461,1.4193,-28.0,-0.0933,AMBIGUOUS,0
48,64,7,8,29.0084,71.7243,66.481,29.2269,71.9197,62.4614,4.0302,0.2186,0.1954,-4.0196,4.0243,0.2186,0.0542,0.0485,-0.9974,0.1345,18.4118,0.21949,0.20464,2.053,1.9692,-0.01484,0.9324,0,1,0,0.0,0.0,0.0,0.0,0.0,0.0,0,1,3,2,3.809,3.809,-0.2212,1.0581,0,1,3,3.7201,-0.3101,0,1,0,1,1.0,0.335,0.2416,0.2321,0.1046,0.0231,0.102,0.335,946.0,959.0,0.5189,0.4158,1.5461,1.3722,13.0,-0.1031,AMBIGUOUS,0
48,128,7,8,29.0084,71.7243,66.481,32.9764,73.9101,67.7678,4.7094,3.968,2.1858,1.2869,2.5365,3.968,0.8426,0.4641,0.2733,2.4419,0.6392,0.21949,0.06482,2.053,0.6237,-0.15467,0.2953,0,1,0,0.0,0.0,0.0,0.0,0.0,0.0,0,1,3,3,3.809,3.809,-0.9004,1.2364,0,0,3,4.1119,-0.5976,0,1,0,0,0.5,0.335,0.2416,0.2321,0.4832,0.4764,0.0807,0.4832,946.0,423.0,0.5189,0.1985,1.5461,1.2267,-523.0,-0.3204,AMBIGUOUS,0
49,39,7,8,65.9687,62.88,49.0699,61.9964,63.6677,48.7698,4.0608,-3.9723,0.7878,-0.3001,0.843,3.9723,-0.9782,0.194,-0.0739,2.4445,0.2122,0.2191,0.22317,2.0494,2.1474,0.00406,1.0185,0,1,0,0.0,0.0,0.0,0.0,0.0,0.0,0,0,1,1,4.0608,5.0,0.9392,0.8122,0,0,1,4.0608,0.9392,0,0,0,1,2.0,0.6679,0.6563,0.1239,0.272,0.2464,0.1152,0.6679,744.0,713.0,0.5573,0.5909,1.5833,1.6229,-31.0,0.0336,AMBIGUOUS,0
50,71,7,8,10.8205,73.9008,101.1066,6.1241,72.9144,100.9035,4.8032,-4.6964,-0.9865,-0.2031,1.0072,4.6964,-0.9778,-0.2054,-0.0423,2.8901,0.2145,0.21868,0.1985,2.0455,1.91,-0.02018,0.9077,1,3,1,-1.6896,0.1085,-0.8595,1.8987,3.2666,0.1225,0,0,1,1,4.8032,5.0,0.1968,0.9606,0,0,1,4.8032,0.1968,0,0,0,0,1.0,0.5579,0.5545,0.0617,0.4507,0.3759,0.2487,0.5579,897.0,890.0,0.4708,0.3953,1.5695,1.384,-7.0,-0.0754,AMBIGUOUS,0
51,30,7,8,14.4993,60.1133,4.5292,11.3645,60.1173,2.5812,3.6907,-3.1347,0.0041,-1.948,1.948,3.1347,-0.8494,0.0011,-0.5278,1.9291,0.6214,0.2163,0.23358,2.0232,2.2476,0.01728,1.0799,1,3,1,-2.1587,0.7257,0.7797,2.4072,2.9856,0.4089,0,1,1,1,3.6907,5.0,1.3093,0.7381,1,2,2,1.2417,-2.449,1,1,0,0,0.5,0.14,0.1257,0.0616,0.1443,0.0105,0.1439,0.1443,805.0,893.0,0.4065,0.4873,1.4165,1.4973,88.0,0.0808,AMBIGUOUS,0
52,31,7,8,51.5409,63.2376,35.4397,48.5439,63.136,34.3009,3.2076,-2.997,-0.1017,-1.1388,1.1433,2.997,-0.9343,-0.0317,-0.355,1.8443,0.3815,0.21266,0.23201,1.9892,2.2325,0.01935,1.091,0,1,0,0.0,0.0,0.0,0.0,0.0,0.0,0,1,1,1,3.2076,5.0,1.7924,0.6415,0,2,2,3.2076,0.704,0,1,0,2,1.5,0.4887,0.4591,0.1675,0.3184,0.2061,0.2427,0.4887,929.0,945.0,0.4241,0.4433,1.3836,1.5213,16.0,0.0191,AMBIGUOUS,0
53,57,7,8,18.972,67.7237,39.4144,19.431,67.5263,36.4176,3.0382,0.4589,-0.1974,-2.9969,3.0034,0.4589,0.1511,-0.065,-0.9864,0.2824,6.5442,0.21252,0.20917,1.9878,2.0127,-0.00335,0.9842,0,1,0,0.0,0.0,0.0,0.0,0.0,0.0,0,2,2,1,3.0382,3.2094,0.1711,0.9467,1,2,3,1.9196,-1.1187,0,2,0,3,1.3333,0.5415,0.528,0.1203,0.1835,0.069,0.17,0.5415,864.0,913.0,0.4222,0.3844,1.4705,1.4233,49.0,-0.0378,AMBIGUOUS,0
53,62,7,8,18.972,67.7237,39.4144,15.7777,67.6486,39.113,3.2094,-3.1943,-0.0751,-0.3014,0.3106,3.1943,-0.9953,-0.0234,-0.0939,1.9657,0.0972,0.21252,0.20604,1.9878,1.9826,-0.00648,0.9695,0,1,0,0.0,0.0,0.0,0.0,0.0,0.0,0,2,2,2,3.0382,3.0382,-0.1711,1.0563,0,1,2,3.2094,1.1703,0,2,0,3,1.3333,0.5415,0.528,0.1203,0.5233,0.4723,0.2255,0.5415,864.0,919.0,0.4222,0.4309,1.4705,1.5036,55.0,0.0086,AMBIGUOUS,0
54,33,7,8,65.2135,64.8303,63.4973,62.4295,65.6227,63.7472,2.9054,-2.784,0.7924,0.25,0.8309,2.784,-0.9582,0.2727,0.086,1.7132,0.2985,0.21243,0.22982,1.987,2.2114,0.01739,1.0819,0,1,0,0.0,0.0,0.0,0.0,0.0,0.0,1,1,1,1,2.9054,5.0,2.0946,0.5811,2,2,2,2.0611,-0.8442,0,2,0,0,0.3333,0.2989,0.2135,0.2092,0.7063,0.6795,0.1928,0.7063,827.0,860.0,0.4281,0.5232,1.46,1.5791,33.0,0.0951,AMBIGUOUS,0
55,26,7,8,54.1857,51.3257,2.5625,54.6576,53.1475,1.9964,1.9652,0.4718,1.8218,-0.5661,1.9077,0.4718,0.2401,0.927,-0.2881,0.2904,4.0433,0.21127,0.23807,1.9761,2.2908,0.0268,1.1269,0,1,0,0.0,0.0,0.0,0.0,0.0,0.0,1,2,2,1,1.9652,3.6491,1.6839,0.5385,2,2,3,1.9652,0.4057,1,1,0,1,1.0,0.5909,0.5607,0.1864,0.5977,0.5924,0.0793,0.5977,844.0,916.0,0.4192,0.6042,1.6141,1.737,72.0,0.185,AMBIGUOUS,0
55,51,7,8,54.1857,51.3257,2.5625,50.8534,52.5918,1.7826,3.6491,-3.3323,1.2661,-0.78,1.487,3.3323,-0.9132,0.347,-0.2137,2.0507,0.4462,0.21127,0.21313,1.9761,2.0508,0.00186,1.0088,0,1,0,0.0,0.0,0.0,0.0,0.0,0.0,1,2,2,2,1.9652,1.9652,-1.6839,1.8569,0,1,1,3.6491,1.3509,1,1,0,1,1.0,0.5909,0.5607,0.1864,0.5368,0.4784,0.2434,0.5909,844.0,901.0,0.4192,0.4973,1.6141,1.6365,57.0,0.0781,AMBIGUOUS,0
56,26,7,8,55.4792,51.6737,3.6619,54.6576,53.1475,1.9964,2.3709,-0.8216,1.4738,-1.6655,2.2239,0.8216,-0.3466,0.6216,-0.7025,0.5056,2.7067,0.21029,0.23807,1.9669,2.2908,0.02778,1.1321,0,1,0,0.0,0.0,0.0,0.0,0.0,0.0,1,1,1,1,2.3709,5.0,2.6291,0.4742,2,2,3,1.9652,-0.4057,1,2,0,1,0.6667,0.2428,0.2292,0.0801,0.5977,0.5924,0.0793,0.5977,999.0,916.0,0.4402,0.6042,1.4728,1.737,-83.0,0.1641,AMBIGUOUS,0
57,61,7,8,9.3223,71.8762,94.6127,4.5522,71.516,93.8139,4.8499,-4.7701,-0.3602,-0.7988,0.8763,4.7701,-0.9835,-0.0743,-0.1647,2.9354,0.1837,0.21,0.20628,1.9643,1.9849,-0.00371,0.9823,0,1,0,0.0,0.0,0.0,0.0,0.0,0.0,0,0,1,1,4.8499,5.0,0.1501,0.97,1,1,2,2.7071,-2.1428,1,1,0,0,0.5,0.4309,0.4277,0.0529,0.3245,0.3228,0.0339,0.4309,917.0,861.0,0.4197,0.3935,1.3943,1.3574,-56.0,-0.0262,AMBIGUOUS,0
58,67,7,8,74.5384,67.448,94.5916,70.9234,68.0203,92.4483,4.2415,-3.6151,0.5724,-2.1433,2.2185,3.6151,-0.8523,0.1349,-0.5053,2.2247,0.6137,0.20839,0.20318,1.9492,1.9551,-0.00522,0.975,0,1,0,0.0,0.0,0.0,0.0,0.0,0.0,0,0,1,1,4.2415,5.0,0.7585,0.8483,0,0,2,4.2415,0.1438,0,1,0,1,1.0,0.2215,0.2116,0.0655,0.6284,0.5766,0.2498,0.6284,805.0,779.0,0.4821,0.4628,1.5051,1.4672,-26.0,-0.0193,AMBIGUOUS,0
59,57,7,8,19.4788,66.1077,35.1253,19.431,67.5263,36.4176,1.9196,-0.0479,1.4186,1.2923,1.919,0.0479,-0.0249,0.739,0.6732,0.0295,40.0688,0.20791,0.20917,1.9447,2.0127,0.00125,1.006,0,1,0,0.0,0.0,0.0,0.0,0.0,0.0,2,2,3,1,1.9196,2.8979,0.9784,0.6624,1,2,3,1.9196,1.1187,0,1,0,3,2.0,0.2192,0.0212,0.2182,0.1835,0.069,0.17,0.2192,905.0,913.0,0.4568,0.3844,1.534,1.4233,8.0,-0.0724,AMBIGUOUS,0
59,78,7,8,19.4788,66.1077,35.1253,16.6398,66.1063,34.5442,2.8979,-2.8391,-0.0014,-0.5811,0.5811,2.8391,-0.9797,-0.0005,-0.2005,1.7471,0.2047,0.20791,0.18415,1.9447,1.772,-0.02376,0.8857,0,1,0,0.0,0.0,0.0,0.0,0.0,0.0,2,2,3,2,1.9196,1.9196,-0.9784,1.5097,1,1,2,2.8979,1.9135,0,1,1,3,2.0,0.2192,0.0212,0.2182,0.4059,0.3898,0.1132,0.4059,905.0,847.0,0.4568,0.3216,1.534,1.3706,-58.0,-0.1352,AMBIGUOUS,0
59,82,7,8,19.4788,66.1077,35.1253,15.0157,65.9409,36.1722,4.5873,-4.4632,-0.1668,1.0469,1.0601,4.4632,-0.9729,-0.0364,0.2282,2.7466,0.2375,0.20791,0.17691,1.9447,1.7023,-0.03101,0.8509,0,1,0,0.0,0.0,0.0,0.0,0.0,0.0,2,2,3,3,1.9196,1.9196,-2.6678,2.3898,0,0,2,4.3398,-0.2475,0,1,1,3,2.0,0.2192,0.0212,0.2182,0.4116,0.3907,0.1294,0.4116,905.0,861.0,0.4568,0.3132,1.534,1.3671,-44.0,-0.1436,AMBIGUOUS,0
60,20,7,8,35.9424,62.3068,22.9136,37.3234,62.7821,23.7001,1.6589,1.381,0.4753,0.7865,0.919,1.381,0.8325,0.2865,0.4741,0.8499,0.6654,0.20764,0.24771,1.9422,2.3836,0.04007,1.193,0,1,0,0.0,0.0,0.0,0.0,0.0,0.0,1,2,3,1,1.6589,3.3615,1.7026,0.4935,1,2,4,1.6589,1.4713,0,2,0,1,0.6667,0.294,0.1924,0.2223,0.2376,0.0516,0.2319,0.294,918.0,946.0,0.4164,0.5379,1.4771,1.5797,28.0,0.1215,AMBIGUOUS,0
60,83,7,8,35.9424,62.3068,22.9136,32.7654,61.9534,21.8738,3.3615,-3.177,-0.3534,-1.0398,1.0982,3.177,-0.9451,-0.1051,-0.3093,1.9551,0.3457,0.20764,0.17593,1.9422,1.6929,-0.0317,0.8473,0,1,0,0.0,0.0,0.0,0.0,0.0,0.0,1,2,3,2,1.6589,1.6589,-1.7026,2.0264,0,1,1,3.3615,1.6385,0,2,0,2,1.0,0.294,0.1924,0.2223,0.3401,0.2654,0.2126,0.3401,918.0,809.0,0.4164,0.2999,1.4771,1.3461,-109.0,-0.1165,AMBIGUOUS,0
60,36,7,8,35.9424,62.3068,22.9136,32.9428,63.0495,26.1722,4.4908,-2.9996,0.7427,3.2585,3.3421,2.9996,-0.6679,0.1654,0.7256,1.8459,1.1142,0.20764,0.22443,1.9422,2.1596,0.0168,1.0809,0,1,0,0.0,0.0,0.0,0.0,0.0,0.0,1,2,3,3,1.6589,1.6589,-2.832,2.7072,0,1,2,3.7086,-0.7822,0,2,0,1,0.6667,0.294,0.1924,0.2223,0.4819,0.4428,0.1902,0.4819,918.0,854.0,0.4164,0.4333,1.4771,1.4275,-64.0,0.0169,AMBIGUOUS,0
61,55,7,8,44.1097,66.6611,59.1589,44.8092,67.0046,57.9544,1.4346,0.6995,0.3435,-1.2045,1.2525,0.6995,0.4876,0.2395,-0.8396,0.4305,1.7905,0.20483,0.21134,1.9159,2.0336,0.00651,1.0318,0,1,0,0.0,0.0,0.0,0.0,0.0,0.0,1,1,1,1,1.4346,5.0,3.5654,0.2869,1,1,1,1.4346,3.5654,0,0,0,0,1.0,0.2828,0.2347,0.1578,0.7052,0.6908,0.1418,0.7052,784.0,651.0,0.471,0.5725,1.4968,1.6264,-133.0,0.1015,AMBIGUOUS,0
62,128,7,8,32.0767,69.9867,66.9281,32.9764,73.9101,67.7678,4.1119,0.8997,3.9234,0.8397,4.0122,0.8997,0.2188,0.9542,0.2042,0.5537,4.4594,0.20399,0.06482,1.9081,0.6237,-0.13917,0.3178,1,2,1,-1.1731,-0.3673,-0.1319,1.2363,4.8631,1.5128,0,0,1,1,4.1119,5.0,0.8881,0.8224,0,0,3,4.1119,0.4306,0,2,0,0,0.3333,0.4498,0.4233,0.152,0.4832,0.4764,0.0807,0.4832,851.0,423.0,0.3975,0.1985,1.3603,1.2267,-428.0,-0.199,AMBIGUOUS,0
63,63,7,8,27.2921,60.4469,12.6179,24.0991,60.369,11.3259,3.4454,-3.193,-0.0779,-1.2921,1.2944,3.193,-0.9267,-0.0226,-0.375,1.9649,0.4054,0.20378,0.20525,1.9061,1.975,0.00147,1.0072,0,1,0,0.0,0.0,0.0,0.0,0.0,0.0,0,2,2,1,3.4454,3.4901,0.0447,0.9872,1,2,2,2.8541,-0.5913,0,1,1,1,1.0,0.3442,0.3329,0.0878,0.3238,0.2759,0.1695,0.3442,1018.0,981.0,0.4692,0.4345,1.4752,1.4854,-37.0,-0.0346,AMBIGUOUS,0
63,80,7,8,27.2921,60.4469,12.6179,24.1652,60.5735,14.1629,3.4901,-3.1269,0.1266,1.5449,1.5501,3.1269,-0.896,0.0363,0.4427,1.9243,0.4957,0.20378,0.18298,1.9061,1.7607,-0.0208,0.8979,0,1,0,0.0,0.0,0.0,0.0,0.0,0.0,0,2,2,2,3.4454,3.4454,-0.0447,1.013,1,3,4,1.6095,-1.8806,0,1,1,1,1.0,0.3442,0.3329,0.0878,0.2212,0.2098,0.0701,0.3442,1018.0,879.0,0.4692,0.3077,1.4752,1.3073,-139.0,-0.1614,AMBIGUOUS,0
64,25,7,8,99.8115,44.3664,14.2713,97.2695,44.4948,12.73,2.9755,-2.542,0.1284,-1.5413,1.5466,2.542,-0.8543,0.0431,-0.518,1.5643,0.6084,0.20216,0.23886,1.8909,2.2984,0.0367,1.1816,0,1,0,0.0,0.0,0.0,0.0,0.0,0.0,1,2,2,1,2.9755,3.9498,0.9742,0.7533,1,1,1,2.9755,2.0245,0,0,0,1,2.0,0.6938,0.6865,0.1001,0.3299,0.2305,0.236,0.6938,710.0,795.0,0.5736,0.6411,1.6909,1.7229,85.0,0.0674,AMBIGUOUS,0
64,28,7,8,99.8115,44.3664,14.2713,97.913,45.5232,17.536,3.9498,-1.8985,1.1568,3.2647,3.4636,1.8985,-0.4807,0.2929,0.8266,1.1683,1.8244,0.20216,0.23561,1.8909,2.2672,0.03346,1.1655,0,1,0,0.0,0.0,0.0,0.0,0.0,0.0,1,2,2,2,2.9755,2.9755,-0.9742,1.3274,0,2,2,3.7484,-0.2014,0,0,0,1,2.0,0.6938,0.6865,0.1001,0.4191,0.413,0.0712,0.6938,710.0,803.0,0.5736,0.4976,1.6909,1.4978,93.0,-0.0761,AMBIGUOUS,0
65,43,7,8,6.4169,72.0394,54.7241,2.9962,71.9916,53.6056,3.5993,-3.4207,-0.0478,-1.1186,1.1196,3.4207,-0.9504,-0.0133,-0.3108,2.1051,0.3273,0.20207,0.21784,1.8901,2.0961,0.01577,1.078,0,1,0,0.0,0.0,0.0,0.0,0.0,0.0,0,1,1,1,3.5993,5.0,1.4007,0.7199,0,1,1,3.5993,1.4007,0,0,0,0,1.0,0.1974,0.0831,0.179,0.2685,0.2538,0.0875,0.2685,845.0,834.0,0.3888,0.4122,1.3918,1.42,-11.0,0.0234,AMBIGUOUS,0
67,74,7,8,32.9,67.5948,45.3524,29.149,67.4274,45.3249,3.7549,-3.751,-0.1675,-0.0275,0.1697,3.751,-0.999,-0.0446,-0.0073,2.3083,0.0452,0.20101,0.19071,1.8802,1.835,-0.01031,0.9487,0,1,0,0.0,0.0,0.0,0.0,0.0,0.0,0,1,1,1,3.7549,5.0,1.2451,0.751,0,1,2,3.7549,0.9271,0,0,0,0,1.0,0.4545,0.4,0.2157,0.2024,0.101,0.1754,0.4545,818.0,765.0,0.4028,0.4064,1.425,1.4089,-53.0,0.0036,AMBIGUOUS,0
68,24,7,8,32.9651,58.232,4.8038,29.6817,59.5453,6.7364,4.03,-3.2834,1.3133,1.9326,2.3366,3.2834,-0.8148,0.3259,0.4796,2.0206,0.7116,0.1996,0.24045,1.867,2.3137,0.04085,1.2046,0,1,0,0.0,0.0,0.0,0.0,0.0,0.0,0,0,2,1,4.03,4.3879,0.3579,0.9184,1,1,3,1.3585,-2.6714,0,2,0,3,1.3333,0.4904,0.4651,0.1555,0.4953,0.4317,0.2428,0.4953,898.0,939.0,0.3843,0.5969,1.4592,1.7136,41.0,0.2126,AMBIGUOUS,0
68,46,7,8,32.9651,58.232,4.8038,28.8724,58.3148,3.2237,4.3879,-4.0927,0.0829,-1.5801,1.5823,4.0927,-0.9327,0.0189,-0.3601,2.5186,0.3866,0.1996,0.21465,1.867,2.0655,0.01505,1.0754,0,1,0,0.0,0.0,0.0,0.0,0.0,0.0,0,0,2,2,4.03,4.03,-0.3579,1.0888,1,1,2,2.9557,-1.4322,0,2,1,3,1.3333,0.4904,0.4651,0.1555,0.4214,0.3776,0.187,0.4904,898.0,891.0,0.3843,0.3983,1.4592,1.4505,-7.0,0.0141,AMBIGUOUS,0
69,68,7,8,62.3734,61.6979,43.1414,61.2965,62.4391,42.9878,1.3163,-1.0769,0.7411,-0.1535,0.7568,1.0769,-0.8182,0.563,-0.1166,0.6627,0.7028,0.19913,0.2027,1.8626,1.9504,0.00357,1.0179,0,1,0,0.0,0.0,0.0,0.0,0.0,0.0,1,2,2,1,1.3163,3.5622,2.2459,0.3695,1,2,2,1.3163,1.7945,1,1,1,1,1.0,0.6305,0.6234,0.0945,0.4759,0.4535,0.1443,0.6305,779.0,705.0,0.4503,0.4805,1.4971,1.5193,-74.0,0.0301,AMBIGUOUS,0
69,70,7,8,62.3734,61.6979,43.1414,58.9392,62.5765,43.493,3.5622,-3.4342,0.8785,0.3516,0.9463,3.4342,-0.9641,0.2466,0.0987,2.1134,0.2755,0.19913,0.19894,1.8626,1.9143,-0.00019,0.999,0,1,0,0.0,0.0,0.0,0.0,0.0,0.0,1,2,2,2,1.3163,1.3163,-2.2459,2.7063,0,1,1,3.5622,1.4378,1,1,1,1,1.0,0.6305,0.6234,0.0945,0.4401,0.4392,0.028,0.6305,779.0,728.0,0.4503,0.4494,1.4971,1.4954,-51.0,-0.001,AMBIGUOUS,0
70,30,7,8,12.0792,59.8284,3.5546,11.3645,60.1173,2.5812,1.2417,-0.7147,0.2889,-0.9735,1.0154,0.7147,-0.5756,0.2327,-0.784,0.4398,1.4208,0.19535,0.23358,1.8273,2.2476,0.03823,1.1957,0,1,0,0.0,0.0,0.0,0.0,0.0,0.0,1,1,1,1,1.2417,5.0,3.7583,0.2483,1,2,2,1.2417,2.449,1,1,0,0,0.5,0.7199,0.7042,0.1495,0.1443,0.0105,0.1439,0.7199,853.0,893.0,0.3629,0.4873,1.3791,1.4973,40.0,0.1244,AMBIGUOUS,0
71,61,7,8,6.984,72.5764,94.3527,4.5522,71.516,93.8139,2.7071,-2.4318,-1.0604,-0.5389,1.1895,2.4318,-0.8983,-0.3917,-0.1991,1.4965,0.4891,0.19481,0.20628,1.8221,1.9849,0.01148,1.0589,0,1,0,0.0,0.0,0.0,0.0,0.0,0.0,1,1,1,1,2.7071,5.0,2.2929,0.5414,1,1,2,2.7071,2.1428,1,1,0,0,0.5,0.5149,0.484,0.1756,0.3245,0.3228,0.0339,0.5149,851.0,861.0,0.3449,0.3935,1.3526,1.3574,10.0,0.0486,AMBIGUOUS,0
72,68,7,8,64.3344,61.8488,42.6718,61.2965,62.4391,42.9878,3.1108,-3.0379,0.5903,0.3161,0.6696,3.0379,-0.9766,0.1898,0.1016,1.8695,0.2204,0.19477,0.2027,1.8218,1.9504,0.00793,1.0407,0,1,0,0.0,0.0,0.0,0.0,0.0,0.0,0,1,1,1,3.1108,5.0,1.8892,0.6222,1,2,2,1.3163,-1.7945,1,1,1,1,1.0,0.6731,0.6656,0.1,0.4759,0.4535,0.1443,0.6731,722.0,705.0,0.4567,0.4805,1.5258,1.5193,-17.0,0.0238,AMBIGUOUS,0
73,64,7,8,32.2882,69.8766,63.0035,29.2269,71.9197,62.4614,3.7201,-3.0612,2.0431,-0.5421,2.1138,3.0612,-0.8229,0.5492,-0.1457,1.8838,0.6905,0.19156,0.20464,1.7918,1.9692,0.01308,1.0683,0,1,0,0.0,0.0,0.0,0.0,0.0,0.0,0,1,1,1,3.7201,5.0,1.2799,0.744,0,1,3,3.7201,0.3101,0,1,0,1,1.0,0.2147,0.2118,0.0348,0.1046,0.0231,0.102,0.2147,840.0,959.0,0.3871,0.4158,1.3981,1.3722,119.0,0.0287,AMBIGUOUS,0
74,119,7,8,54.5868,56.9255,13.4295,56.7601,58.9964,12.5385,3.1314,2.1733,2.0709,-0.891,2.2544,2.1733,0.694,0.6613,-0.2845,1.3374,1.0373,0.18918,0.09031,1.7695,0.869,-0.09887,0.4774,0,1,0,0.0,0.0,0.0,0.0,0.0,0.0,0,1,2,1,3.1314,4.9315,1.8001,0.635,0,1,1,3.1314,1.8686,0,2,0,1,0.6667,0.6655,0.6632,0.0556,0.1562,0.1149,0.1058,0.6655,798.0,418.0,0.3315,0.3352,1.4102,1.4185,-380.0,0.0037,AMBIGUOUS,0
74,113,7,8,54.5868,56.9255,13.4295,57.0732,59.9408,16.4369,4.9315,2.4864,3.0153,3.0075,4.2588,2.4864,0.5042,0.6114,0.6099,1.5301,1.7128,0.18918,0.10458,1.7695,1.0064,-0.0846,0.5528,0,1,0,0.0,0.0,0.0,0.0,0.0,0.0,0,1,2,2,3.1314,3.1314,-1.8001,1.5748,0,1,4,3.5167,-1.4148,0,2,0,2,1.0,0.6655,0.6632,0.0556,0.3289,0.1982,0.2624,0.6655,798.0,535.0,0.3315,0.2926,1.4102,1.2532,-263.0,-0.0389,AMBIGUOUS,0
75,93,7,8,16.0167,70.1962,68.6478,12.6358,70.0132,67.8772,3.4724,-3.3809,-0.183,-0.7705,0.7919,3.3809,-0.9736,-0.0527,-0.2219,2.0806,0.2342,0.18774,0.14551,1.7561,1.4001,-0.04224,0.775,0,1,0,0.0,0.0,0.0,0.0,0.0,0.0,0,1,2,1,3.4724,4.0669,0.5945,0.8538,0,1,2,3.4724,1.4348,0,1,1,1,1.0,0.2485,0.2333,0.0855,0.391,0.3642,0.1422,0.391,857.0,760.0,0.3328,0.2674,1.3001,1.2259,-97.0,-0.0653,AMBIGUOUS,0
75,102,7,8,16.0167,70.1962,68.6478,12.5781,69.7862,70.7802,4.0669,-3.4386,-0.41,2.1325,2.1715,3.4386,-0.8455,-0.1008,0.5243,2.1161,0.6315,0.18774,0.12711,1.7561,1.2231,-0.06063,0.677,0,1,0,0.0,0.0,0.0,0.0,0.0,0.0,0,1,2,2,3.4724,3.4724,-0.5945,1.1712,0,1,2,3.3591,-0.7078,0,1,1,1,1.0,0.2485,0.2333,0.0855,0.441,0.4219,0.1284,0.441,857.0,720.0,0.3328,0.2306,1.3001,1.232,-137.0,-0.1021,AMBIGUOUS,0
76,80,7,8,23.0468,59.4677,13.8211,24.1652,60.5735,14.1629,1.6095,1.1184,1.1058,0.3417,1.1574,1.1184,0.6949,0.687,0.2123,0.6883,1.0348,0.18565,0.18298,1.7365,1.7607,-0.00267,0.9856,0,1,0,0.0,0.0,0.0,0.0,0.0,0.0,2,2,2,1,1.6095,2.8541,1.2446,0.5639,1,3,4,1.6095,1.4593,0,2,1,1,0.6667,0.335,0.2968,0.1555,0.2212,0.2098,0.0701,0.335,916.0,879.0,0.3318,0.3077,1.3008,1.3073,-37.0,-0.0241,AMBIGUOUS,0
76,63,7,8,23.0468,59.4677,13.8211,24.0991,60.369,11.3259,2.8541,1.0524,0.9013,-2.4952,2.653,1.0524,0.3687,0.3158,-0.8743,0.6476,2.521,0.18565,0.20525,1.7365,1.975,0.01961,1.1056,0,1,0,0.0,0.0,0.0,0.0,0.0,0.0,2,2,2,2,1.6095,1.6095,-1.2446,1.7733,1,2,2,2.8541,0.5913,0,2,1,1,0.6667,0.335,0.2968,0.1555,0.3238,0.2759,0.1695,0.335,916.0,981.0,0.3318,0.4345,1.3008,1.4854,65.0,0.1027,AMBIGUOUS,0
77,59,7,8,74.9219,67.5174,90.7194,71.7928,67.8499,89.1101,3.5344,-3.1291,0.3325,-1.6093,1.6432,3.1291,-0.8853,0.0941,-0.4553,1.9256,0.5251,0.18544,0.2076,1.7345,1.9976,0.02216,1.1195,0,1,0,0.0,0.0,0.0,0.0,0.0,0.0,0,1,2,1,3.5344,4.3852,0.8509,0.806,0,1,1,3.5344,1.4656,0,1,0,1,1.0,0.2275,0.1719,0.1489,0.3252,0.2928,0.1415,0.3252,685.0,728.0,0.4921,0.5379,1.5256,1.5609,43.0,0.0457,AMBIGUOUS,0
77,67,7,8,74.9219,67.5174,90.7194,70.9234,68.0203,92.4483,4.3852,-3.9985,0.5029,1.7289,1.8005,3.9985,-0.9118,0.1147,0.3942,2.4606,0.4503,0.18544,0.20318,1.7345,1.9551,0.01774,1.0956,0,1,0,0.0,0.0,0.0,0.0,0.0,0.0,0,1,2,2,3.5344,3.5344,-0.8509,1.2407,0,0,2,4.2415,-0.1438,0,1,0,1,1.0,0.2275,0.1719,0.1489,0.6284,0.5766,0.2498,0.6284,685.0,779.0,0.4921,0.4628,1.5256,1.4672,94.0,-0.0294,AMBIGUOUS,0
78,33,7,8,62.2184,63.5729,63.7041,62.4295,65.6227,63.7472,2.0611,0.2111,2.0498,0.0431,2.0503,0.2111,0.1024,0.9945,0.0209,0.1299,9.7125,0.18199,0.22982,1.7022,2.2114,0.04783,1.2628,0,1,0,0.0,0.0,0.0,0.0,0.0,0.0,1,1,1,1,2.0611,5.0,2.9389,0.4122,2,2,2,2.0611,0.8442,0,1,0,0,0.5,0.5143,0.4684,0.2124,0.7063,0.6795,0.1928,0.7063,775.0,860.0,0.3781,0.5232,1.3549,1.5791,85.0,0.1451,AMBIGUOUS,0
79,75,7,8,7.8799,67.9735,34.6202,6.217,67.5247,34.0059,1.8287,-1.6629,-0.4488,-0.6143,0.7608,1.6629,-0.9093,-0.2454,-0.3359,1.0233,0.4575,0.1816,0.18825,1.6987,1.8114,0.00665,1.0366,1,2,1,0.1133,-2.6132,-0.1904,2.6226,2.8318,0.7703,1,1,1,1,1.8287,5.0,3.1713,0.3657,2,2,3,1.8287,0.1598,1,1,0,0,0.5,0.2913,0.2451,0.1573,0.3192,0.283,0.1476,0.3192,806.0,777.0,0.3285,0.351,1.3531,1.3799,-29.0,0.0224,AMBIGUOUS,0
80,54,7,8,3.9051,62.0564,8.0377,4.4546,62.9775,8.1412,1.0775,0.5495,0.9211,0.1036,0.9269,0.5495,0.5099,0.8548,0.0961,0.3381,1.6868,0.18157,0.21148,1.6983,2.035,0.02992,1.1648,0,1,0,0.0,0.0,0.0,0.0,0.0,0.0,2,2,2,1,1.0775,2.7134,1.6359,0.3971,1,1,1,1.0775,3.9225,0,0,1,1,2.0,0.6684,0.6551,0.1327,0.4208,0.4204,0.0184,0.6684,885.0,882.0,0.3429,0.3877,1.3199,1.4393,-3.0,0.0448,AMBIGUOUS,0
80,60,7,8,3.9051,62.0564,8.0377,4.4187,62.7961,10.5972,2.7134,0.5136,0.7398,2.5596,2.6643,0.5136,0.1893,0.2726,0.9433,0.3161,5.1872,0.18157,0.20645,1.6983,1.9865,0.02488,1.137,0,1,0,0.0,0.0,0.0,0.0,0.0,0.0,2,2,2,2,1.0775,1.0775,-1.6359,2.5181,1,1,1,2.7134,2.2866,0,0,1,1,2.0,0.6684,0.6551,0.1327,0.4891,0.4563,0.1761,0.6684,885.0,805.0,0.3429,0.4214,1.3199,1.5116,-80.0,0.0785,AMBIGUOUS,0
81,77,7,8,24.0259,68.3054,48.4723,19.9818,68.0679,47.5389,4.1573,-4.0441,-0.2375,-0.9335,0.9632,4.0441,-0.9728,-0.0571,-0.2245,2.4887,0.2382,0.17671,0.18424,1.6529,1.7728,0.00752,1.0426,0,1,0,0.0,0.0,0.0,0.0,0.0,0.0,0,0,1,1,4.1573,5.0,0.8427,0.8315,0,0,2,4.1573,0.5802,0,1,0,0,0.5,0.3761,0.3491,0.14,0.5151,0.4818,0.1823,0.5151,827.0,828.0,0.3211,0.3539,1.2883,1.3317,1.0,0.0328,AMBIGUOUS,0
82,102,7,8,15.7592,70.4411,71.6379,12.5781,69.7862,70.7802,3.3591,-3.1811,-0.6549,-0.8577,1.0792,3.1811,-0.947,-0.195,-0.2553,1.9576,0.3392,0.17364,0.12711,1.6242,1.2231,-0.04653,0.732,0,1,0,0.0,0.0,0.0,0.0,0.0,0.0,0,1,2,1,3.3591,4.9073,1.5481,0.6845,0,1,2,3.3591,0.7078,0,1,1,1,1.0,0.5343,0.4908,0.2111,0.441,0.4219,0.1284,0.5343,868.0,720.0,0.3063,0.2306,1.2927,1.232,-148.0,-0.0757,AMBIGUOUS,0
82,93,7,8,15.7592,70.4411,71.6379,12.6358,70.0132,67.8772,4.9073,-3.1233,-0.4279,-3.7607,3.785,3.1233,-0.6365,-0.0872,-0.7664,1.9221,1.2118,0.17364,0.14551,1.6242,1.4001,-0.02813,0.838,0,1,0,0.0,0.0,0.0,0.0,0.0,0.0,0,1,2,2,3.3591,3.3591,-1.5481,1.4609,0,1,2,3.4724,-1.4348,0,1,1,1,1.0,0.5343,0.4908,0.2111,0.391,0.3642,0.1422,0.5343,868.0,760.0,0.3063,0.2674,1.2927,1.2259,-108.0,-0.0389,AMBIGUOUS,0
83,92,7,8,4.092,74.9516,85.7232,3.4972,71.3001,82.6316,4.8213,-0.5948,-3.6515,-3.0916,4.7845,0.5948,-0.1234,-0.7574,-0.6412,0.366,8.0444,0.17235,0.15335,1.6121,1.4756,-0.01899,0.8898,1,2,1,0.5967,0.5587,1.4539,1.668,6.3093,1.8568,0,0,1,1,4.8213,5.0,0.1787,0.9643,1,1,3,0.9792,-3.8421,0,1,0,0,0.5,0.8086,0.783,0.2016,0.3572,0.2472,0.2578,0.8086,884.0,879.0,0.3185,0.2678,1.2716,1.2758,-5.0,-0.0506,AMBIGUOUS,0
84,94,7,8,10.8247,65.4818,23.6828,10.8009,65.5381,23.8048,0.1365,-0.0239,0.0564,0.122,0.1344,0.0239,-0.1749,0.4131,0.8937,0.0147,5.6283,0.17049,0.14546,1.5947,1.3997,-0.02503,0.8532,0,1,0,0.0,0.0,0.0,0.0,0.0,0.0,1,1,2,1,0.1365,4.5948,4.4584,0.0297,1,1,2,0.1365,4.5797,0,1,0,1,1.0,0.5683,0.5503,0.1421,0.6115,0.5741,0.2104,0.6115,873.0,659.0,0.3059,0.3298,1.3279,1.3131,-214.0,0.0238,AMBIGUOUS,0
84,97,7,8,10.8247,65.4818,23.6828,6.5095,66.5589,22.529,4.5948,-4.3152,1.0772,-1.1538,1.5785,4.3152,-0.9391,0.2344,-0.2511,2.6555,0.3658,0.17049,0.13289,1.5947,1.2787,-0.0376,0.7795,0,1,0,0.0,0.0,0.0,0.0,0.0,0.0,1,1,2,2,0.1365,0.1365,-4.4584,33.6704,1,1,3,1.6397,-2.9551,0,1,0,1,1.0,0.5683,0.5503,0.1421,0.1969,0.0095,0.1967,0.5683,873.0,791.0,0.3059,0.2415,1.3279,1.2649,-82.0,-0.0645,AMBIGUOUS,0
85,76,7,8,37.1406,70.8669,79.7293,35.3328,71.0741,78.9623,1.9747,-1.8078,0.2072,-0.767,0.7945,1.8078,-0.9155,0.1049,-0.3884,1.1125,0.4395,0.16813,0.18645,1.5726,1.7941,0.01832,1.109,0,1,0,0.0,0.0,0.0,0.0,0.0,0.0,1,1,1,1,1.9747,5.0,3.0253,0.3949,1,1,1,1.9747,3.0253,0,0,0,0,1.0,0.313,0.2344,0.2075,0.4437,0.4172,0.151,0.4437,716.0,731.0,0.4159,0.4481,1.38,1.4511,15.0,0.0323,AMBIGUOUS,0
86,75,7,8,5.337,67.4102,35.7853,6.217,67.5247,34.0059,1.9884,0.88,0.1145,-1.7794,1.7831,0.88,0.4426,0.0576,-0.8949,0.5415,2.0262,0.16228,0.18825,1.5179,1.8114,0.02597,1.16,0,1,0,0.0,0.0,0.0,0.0,0.0,0.0,1,1,1,1,1.9884,5.0,3.0116,0.3977,2,2,3,1.8287,-0.1598,1,1,0,0,0.5,0.4641,0.462,0.0446,0.3192,0.283,0.1476,0.4641,845.0,777.0,0.265,0.351,1.2373,1.3799,-68.0,0.0859,AMBIGUOUS,0
87,132,7,8,15.4763,65.4381,24.4158,16.3533,66.7127,24.3559,1.5484,0.8771,1.2746,-0.0599,1.276,0.8771,0.5664,0.8232,-0.0387,0.5397,1.4549,0.15755,0.05827,1.4737,0.5607,-0.09928,0.3699,1,2,1,-0.2361,-0.3198,-1.4698,1.5226,2.4019,1.2234,1,1,3,1,1.5484,4.5707,3.0223,0.3388,1,1,1,1.5484,3.4516,0,2,0,1,0.6667,0.7755,0.7737,0.0518,0.1368,0.1033,0.0897,0.7755,673.0,440.0,0.3571,0.1716,1.4059,1.1949,-233.0,-0.1855,AMBIGUOUS,0
87,123,7,8,15.4763,65.4381,24.4158,16.5389,68.939,27.1554,4.5707,1.0626,3.5009,2.7396,4.4454,1.0626,0.2325,0.766,0.5994,0.6539,4.1835,0.15755,0.07882,1.4737,0.7584,-0.07873,0.5003,1,2,1,-0.2361,-0.3198,-1.4698,1.5226,5.8313,1.7755,1,1,3,2,1.5484,1.5484,-3.0223,2.9519,0,0,1,4.5707,0.4293,0,2,0,1,0.6667,0.7755,0.7737,0.0518,0.3205,0.2889,0.1388,0.7755,673.0,428.0,0.3571,0.2665,1.4059,1.2893,-245.0,-0.0906,AMBIGUOUS,0
87,94,7,8,15.4763,65.4381,24.4158,10.8009,65.5381,23.8048,4.7162,-4.6754,0.1001,-0.611,0.6192,4.6754,-0.9913,0.0212,-0.1296,2.8772,0.1324,0.15755,0.14546,1.4737,1.3997,-0.01209,0.9233,1,2,1,-0.2361,-0.3198,-1.4698,1.5226,4.541,0.7257,1,1,3,3,1.5484,1.5484,-3.1678,3.0459,1,1,2,0.1365,-4.5797,0,2,0,1,0.6667,0.7755,0.7737,0.0518,0.6115,0.5741,0.2104,0.7755,673.0,659.0,0.3571,0.3298,1.4059,1.3131,-14.0,-0.0274,AMBIGUOUS,0
88,77,7,8,22.4931,67.5111,51.5172,19.9818,68.0679,47.5389,4.7375,-2.5113,0.5568,-3.9783,4.0171,2.5113,-0.5301,0.1175,-0.8398,1.5454,1.5996,0.15585,0.18424,1.4577,1.7728,0.02839,1.1822,0,1,0,0.0,0.0,0.0,0.0,0.0,0.0,0,0,1,1,4.7375,5.0,0.2625,0.9475,0,0,2,4.1573,-0.5802,0,1,0,0,0.5,0.278,0.2569,0.1062,0.5151,0.4818,0.1823,0.5151,762.0,828.0,0.2972,0.3539,1.32,1.3317,66.0,0.0567,AMBIGUOUS,0
89,80,7,8,26.0451,62.0286,17.5959,24.1652,60.5735,14.1629,4.1758,-1.8799,-1.4551,-3.433,3.7287,1.8799,-0.4502,-0.3485,-0.8221,1.1569,1.9834,0.154,0.18298,1.4404,1.7607,0.02898,1.1882,0,1,0,0.0,0.0,0.0,0.0,0.0,0.0,0,0,1,1,4.1758,5.0,0.8242,0.8352,1,3,4,1.6095,-2.5663,0,1,1,1,1.0,0.1857,0.0451,0.1801,0.2212,0.2098,0.0701,0.2212,775.0,879.0,0.3072,0.3077,1.3684,1.3073,104.0,0.0005,AMBIGUOUS,0
90,86,7,8,13.2489,73.8783,86.3615,11.1185,73.2655,84.5643,2.8537,-2.1304,-0.6128,-1.7972,1.8988,2.1304,-0.7465,-0.2147,-0.6298,1.311,0.8913,0.15257,0.16944,1.4271,1.6304,0.01687,1.1106,1,3,1,1.6731,1.9171,1.4297,2.9187,5.5929,1.8775,1,2,2,1,2.8537,3.6034,0.7497,0.7919,1,2,2,2.8537,0.9219,0,1,0,1,1.0,0.307,0.2489,0.1797,0.2994,0.2565,0.1545,0.307,751.0,705.0,0.3263,0.4003,1.285,1.4647,-46.0,0.074,AMBIGUOUS,0
90,81,7,8,13.2489,73.8783,86.3615,11.137,73.1464,89.188,3.6034,-2.1119,-0.7319,2.8265,2.9197,2.1119,-0.5861,-0.2031,0.7844,1.2996,1.3825,0.15257,0.17789,1.4271,1.7117,0.02533,1.166,1,3,1,1.6731,1.9171,1.4297,2.9187,4.8264,1.0851,1,2,2,2,2.8537,2.8537,-0.7497,1.2627,0,1,2,3.6034,0.9757,0,1,0,1,1.0,0.307,0.2489,0.1797,0.3034,0.238,0.1882,0.307,751.0,745.0,0.3263,0.3701,1.285,1.3751,-6.0,0.0439,AMBIGUOUS,0
91,85,7,8,42.0874,71.4132,92.4062,38.9268,71.1462,91.6475,3.2613,-3.1606,-0.267,-0.7587,0.8044,3.1606,-0.9691,-0.0819,-0.2326,1.945,0.2545,0.1473,0.17005,1.3778,1.6363,0.02275,1.1544,0,1,0,0.0,0.0,0.0,0.0,0.0,0.0,0,1,2,1,3.2613,4.6222,1.3609,0.7056,0,1,1,3.2613,1.7387,0,0,0,1,2.0,0.2629,0.1626,0.2066,0.188,0.0732,0.1732,0.2629,541.0,603.0,0.4677,0.5122,1.4528,1.4772,62.0,0.0445,AMBIGUOUS,0
91,108,7,8,42.0874,71.4132,92.4062,39.0317,71.2925,95.8722,4.6222,-3.0556,-0.1207,3.466,3.4681,3.0556,-0.6611,-0.0261,0.7499,1.8804,1.135,0.1473,0.11303,1.3778,1.0876,-0.03427,0.7673,0,1,0,0.0,0.0,0.0,0.0,0.0,0.0,0,1,2,2,3.2613,3.2613,-1.3609,1.4173,0,0,1,4.6222,0.3778,0,0,0,1,2.0,0.2629,0.1626,0.2066,0.2013,0.0317,0.1988,0.2629,541.0,514.0,0.4677,0.3594,1.4528,1.4284,-27.0,-0.1082,AMBIGUOUS,0
92,86,7,8,7.9255,71.8619,83.1187,11.1185,73.2655,84.5643,3.7756,3.193,1.4036,1.4457,2.015,3.193,0.8457,0.3717,0.3829,1.9649,0.631,0.14705,0.16944,1.3755,1.6304,0.02238,1.1522,1,2,1,-0.3165,0.7265,-0.3088,0.8505,3.9817,1.1362,0,1,2,1,3.7756,4.4903,0.7146,0.8408,1,2,2,2.8537,-0.9219,0,1,0,1,1.0,0.2612,0.1995,0.1685,0.2994,0.2565,0.1545,0.2994,840.0,705.0,0.2287,0.4003,1.2349,1.4647,-135.0,0.1715,AMBIGUOUS,0
92,92,7,8,7.9255,71.8619,83.1187,3.4972,71.3001,82.6316,4.4903,-4.4283,-0.5618,-0.487,0.7435,4.4283,-0.9862,-0.1251,-0.1085,2.7251,0.1679,0.14705,0.15335,1.3755,1.4756,0.0063,1.0428,1,2,1,-0.3165,0.7265,-0.3088,0.8505,4.3125,0.7004,0,1,2,2,3.7756,3.7756,-0.7146,1.1893,1,1,3,0.9792,-3.5111,0,1,0,0,0.5,0.2612,0.1995,0.1685,0.3572,0.2472,0.2578,0.3572,840.0,879.0,0.2287,0.2678,1.2349,1.2758,39.0,0.0391,AMBIGUOUS,0
93,103,7,8,7.6252,71.3128,65.0538,4.3511,71.106,63.0863,3.8254,-3.2741,-0.2068,-1.9675,1.9784,3.2741,-0.8559,-0.0541,-0.5143,2.0148,0.6043,0.14661,0.12305,1.3714,1.1841,-0.02356,0.8393,0,1,0,0.0,0.0,0.0,0.0,0.0,0.0,0,1,1,1,3.8254,5.0,1.1746,0.7651,0,2,2,3.5798,-0.2456,0,0,0,1,2.0,0.5364,0.4998,0.1948,0.5371,0.5239,0.1182,0.5371,721.0,667.0,0.2935,0.2412,1.2901,1.254,-54.0,-0.0523,UNMATCHED_SOURCE,0
94,99,7,8,14.4804,63.3192,20.4967,9.7459,62.684,19.5272,4.8743,-4.7345,-0.6352,-0.9695,1.159,4.7345,-0.9713,-0.1303,-0.1989,2.9135,0.2448,0.14474,0.13092,1.3538,1.2597,-0.01382,0.9045,1,2,1,-1.9511,-0.9494,-0.6576,2.2673,2.8184,0.0519,0,0,1,1,4.8743,5.0,0.1257,0.9749,0,0,1,4.8743,0.1257,0,1,0,0,0.5,0.2407,0.1446,0.1924,0.1245,0.0041,0.1245,0.2407,728.0,654.0,0.3066,0.2906,1.2893,1.2822,-74.0,-0.016,AMBIGUOUS,0
95,122,7,8,16.6299,71.1159,59.3136,13.6708,70.6182,57.794,3.3634,-2.959,-0.4977,-1.5195,1.599,2.959,-0.8798,-0.148,-0.4518,1.8209,0.5404,0.14256,0.079,1.3335,0.7602,-0.06356,0.5541,0,1,0,0.0,0.0,0.0,0.0,0.0,0.0,0,1,2,1,3.3634,4.265,0.9016,0.7886,0,1,2,3.3634,1.0598,0,0,0,2,3.0,0.3805,0.3799,0.0222,0.6828,0.6708,0.1271,0.6828,578.0,491.0,0.4187,0.2528,1.3614,1.2614,-87.0,-0.1659,AMBIGUOUS,0
95,124,7,8,16.6299,71.1159,59.3136,15.9327,67.5916,57.015,4.265,-0.6972,-3.5244,-2.2986,4.2077,0.6972,-0.1635,-0.8263,-0.5389,0.429,6.0355,0.14256,0.07264,1.3335,0.699,-0.06992,0.5095,0,1,0,0.0,0.0,0.0,0.0,0.0,0.0,0,1,2,2,3.3634,3.3634,-0.9016,1.2681,0,0,1,4.265,0.735,0,0,0,1,2.0,0.3805,0.3799,0.0222,0.3795,0.3173,0.2082,0.3805,578.0,414.0,0.4187,0.2732,1.3614,1.2577,-164.0,-0.1455,AMBIGUOUS,0
96,88,7,8,61.9132,71.2409,98.927,60.9992,71.5116,97.8352,1.4494,-0.9139,0.2707,-1.0919,1.1249,0.9139,-0.6306,0.1867,-0.7533,0.5624,1.2308,0.1416,0.16555,1.3245,1.593,0.02395,1.1691,0,1,0,0.0,0.0,0.0,0.0,0.0,0.0,2,2,2,1,1.4494,2.1141,0.6647,0.6856,1,2,2,1.4494,2.1556,1,1,1,1,1.0,0.2958,0.1632,0.2467,0.7542,0.7508,0.072,0.7542,603.0,657.0,0.343,0.3982,1.3473,1.3852,54.0,0.0552,AMBIGUOUS,0
96,89,7,8,61.9132,71.2409,98.927,60.8411,71.7159,100.6861,2.1141,-1.0721,0.475,1.7591,1.8221,1.0721,-0.5071,0.2247,0.8321,0.6597,1.6996,0.1416,0.16493,1.3245,1.5871,0.02333,1.1648,0,1,0,0.0,0.0,0.0,0.0,0.0,0.0,2,2,2,2,1.4494,1.4494,-0.6647,1.4586,1,2,2,2.1141,1.7506,1,1,1,1,1.0,0.2958,0.1632,0.2467,0.7437,0.7161,0.2007,0.7437,603.0,730.0,0.343,0.4066,1.3473,1.378,127.0,0.0636,AMBIGUOUS,0
97,91,7,8,14.6788,74.3687,55.6767,11.9758,74.8359,55.8539,2.7488,-2.7031,0.4672,0.1772,0.4997,2.7031,-0.9833,0.17,0.0644,1.6634,0.1848,0.14129,0.15575,1.3216,1.4987,0.01446,1.1023,0,1,0,0.0,0.0,0.0,0.0,0.0,0.0,1,1,2,1,2.7488,4.4233,1.6744,0.6215,1,1,1,2.7488,2.2512,0,0,0,1,2.0,0.0628,0.0538,0.0323,0.6383,0.6008,0.2155,0.6383,608.0,607.0,0.3946,0.4806,1.3651,1.4724,-1.0,0.086,AMBIGUOUS,0
97,122,7,8,14.6788,74.3687,55.6767,13.6708,70.6182,57.794,4.4233,-1.008,-3.7505,2.1173,4.3069,1.008,-0.2279,-0.8479,0.4787,0.6203,4.2726,0.14129,0.079,1.3216,0.7602,-0.06229,0.5591,0,1,0,0.0,0.0,0.0,0.0,0.0,0.0,1,1,2,2,2.7488,2.7488,-1.6744,1.6091,0,1,2,3.3634,-1.0598,0,0,0,2,3.0,0.0628,0.0538,0.0323,0.6828,0.6708,0.1271,0.6828,608.0,491.0,0.3946,0.2528,1.3651,1.2614,-117.0,-0.1418,AMBIGUOUS,0
98,101,7,8,56.4699,69.5029,66.5474,52.3791,69.7513,65.7026,4.1845,-4.0908,0.2484,-0.8448,0.8805,4.0908,-0.9776,0.0594,-0.2019,2.5174,0.2153,0.13998,0.12747,1.3093,1.2266,-0.01251,0.9106,0,1,0,0.0,0.0,0.0,0.0,0.0,0.0,0,0,1,1,4.1845,5.0,0.8155,0.8369,0,0,1,4.1845,0.8155,0,0,0,0,1.0,0.4138,0.4051,0.0848,0.4137,0.3791,0.1655,0.4138,544.0,595.0,0.4096,0.3257,1.3953,1.3114,51.0,-0.0839,AMBIGUOUS,0
99,96,7,8,22.8674,68.8256,75.4129,21.4791,69.2791,74.7284,1.613,-1.3883,0.4535,-0.6845,0.8211,1.3883,-0.8607,0.2812,-0.4244,0.8543,0.5915,0.13578,0.13475,1.27,1.2967,-0.00102,0.9925,0,1,0,0.0,0.0,0.0,0.0,0.0,0.0,1,1,1,1,1.613,5.0,3.387,0.3226,1,1,1,1.613,3.387,0,0,0,0,1.0,0.2547,0.1174,0.226,0.4023,0.3541,0.1908,0.4023,680.0,690.0,0.2997,0.2552,1.2676,1.2356,10.0,-0.0446,AMBIGUOUS,0
100,127,7,8,15.5814,73.4782,90.2399,18.2067,72.9326,88.1544,3.397,2.6254,-0.5456,-2.0856,2.1558,2.6254,0.7728,-0.1606,-0.6139,1.6156,0.8211,0.1337,0.06602,1.2505,0.6353,-0.06767,0.4938,0,1,0,0.0,0.0,0.0,0.0,0.0,0.0,0,1,2,1,3.397,4.5792,1.1821,0.7418,0,1,1,3.397,1.603,0,1,0,0,0.5,0.6728,0.6686,0.0746,0.3835,0.3317,0.1924,0.6728,661.0,392.0,0.31,0.2477,1.3214,1.2522,-269.0,-0.0624,AMBIGUOUS,0
100,81,7,8,15.5814,73.4782,90.2399,11.137,73.1464,89.188,4.5792,-4.4443,-0.3318,-1.0519,1.103,4.4443,-0.9706,-0.0725,-0.2297,2.735,0.2482,0.1337,0.17789,1.2505,1.7117,0.0442,1.3306,0,1,0,0.0,0.0,0.0,0.0,0.0,0.0,0,1,2,2,3.397,3.397,-1.1821,1.348,0,1,2,3.6034,-0.9757,0,1,0,1,1.0,0.6728,0.6686,0.0746,0.3034,0.238,0.1882,0.6728,661.0,745.0,0.31,0.3701,1.3214,1.3751,84.0,0.0601,AMBIGUOUS,0
101,88,7,8,64.3576,71.3227,99.132,60.9992,71.5116,97.8352,3.605,-3.3584,0.1888,-1.2968,1.3105,3.3584,-0.9316,0.0524,-0.3597,2.0667,0.3902,0.13361,0.16555,1.2498,1.593,0.03194,1.239,0,1,0,0.0,0.0,0.0,0.0,0.0,0.0,0,2,2,1,3.605,3.8647,0.2597,0.9328,1,2,2,1.4494,-2.1556,1,1,1,1,1.0,0.6664,0.6424,0.1774,0.7542,0.7508,0.072,0.7542,592.0,657.0,0.3645,0.3982,1.3642,1.3852,65.0,0.0337,AMBIGUOUS,0
101,89,7,8,64.3576,71.3227,99.132,60.8411,71.7159,100.6861,3.8647,-3.5165,0.3932,1.5541,1.6031,3.5165,-0.9099,0.1017,0.4021,2.164,0.4559,0.13361,0.16493,1.2498,1.5871,0.03132,1.2344,0,1,0,0.0,0.0,0.0,0.0,0.0,0.0,0,2,2,2,3.605,3.605,-0.2597,1.072,1,2,2,2.1141,-1.7506,1,1,1,1,1.0,0.6664,0.6424,0.1774,0.7437,0.7161,0.2007,0.7437,592.0,730.0,0.3645,0.4066,1.3642,1.378,138.0,0.0422,AMBIGUOUS,0
102,107,7,8,40.9645,54.8758,35.6944,37.8808,55.1205,34.6206,3.2745,-3.0837,0.2447,-1.0738,1.1014,3.0837,-0.9417,0.0747,-0.3279,1.8977,0.3572,0.13294,0.11405,1.2435,1.0974,-0.01889,0.8579,0,1,0,0.0,0.0,0.0,0.0,0.0,0.0,0,1,1,1,3.2745,5.0,1.7255,0.6549,0,1,1,3.2745,1.7255,0,1,0,0,0.5,0.3455,0.3395,0.0642,0.5297,0.5058,0.1573,0.5297,669.0,615.0,0.3229,0.3112,1.3119,1.2967,-54.0,-0.0117,AMBIGUOUS,0
103,80,7,8,22.6464,62.2896,16.2039,24.1652,60.5735,14.1629,3.0688,1.5188,-1.7162,-2.041,2.6666,1.5188,0.4949,-0.5592,-0.6651,0.9347,1.7557,0.13033,0.18298,1.2191,1.7607,0.05265,1.4039,0,1,0,0.0,0.0,0.0,0.0,0.0,0.0,0,1,2,1,3.0688,4.5598,1.491,0.673,1,3,4,1.6095,-1.4593,0,2,1,1,0.6667,0.1751,0.1036,0.1411,0.2212,0.2098,0.0701,0.2212,822.0,879.0,0.2095,0.3077,1.2355,1.3073,57.0,0.0982,AMBIGUOUS,0
103,87,7,8,22.6464,62.2896,16.2039,18.2499,62.4262,15.0021,4.5598,-4.3965,0.1366,-1.2018,1.2095,4.3965,-0.9642,0.0299,-0.2636,2.7055,0.2751,0.13033,0.16797,1.2191,1.6162,0.03763,1.2887,0,1,0,0.0,0.0,0.0,0.0,0.0,0.0,0,1,2,2,3.0688,3.0688,-1.491,1.4858,0,1,2,3.3806,-1.1792,0,2,0,0,0.3333,0.1751,0.1036,0.1411,0.4,0.3749,0.1394,0.4,822.0,804.0,0.2095,0.2846,1.2355,1.3096,-18.0,0.0751,AMBIGUOUS,0
104,90,7,8,9.1689,67.4645,46.1861,5.9489,67.3786,45.0711,3.4087,-3.22,-0.0859,-1.115,1.1183,3.22,-0.9447,-0.0252,-0.3271,1.9816,0.3473,0.12892,0.15762,1.2059,1.5166,0.0287,1.2226,0,1,0,0.0,0.0,0.0,0.0,0.0,0.0,0,1,1,1,3.4087,5.0,1.5913,0.6817,0,1,1,3.4087,1.5913,0,0,0,1,2.0,0.5953,0.5811,0.1293,0.5547,0.5511,0.0631,0.5953,612.0,701.0,0.3124,0.3821,1.3036,1.3609,89.0,0.0697,AMBIGUOUS,0
105,98,7,8,88.5491,57.3463,41.1119,85.8947,57.816,41.336,2.705,-2.6544,0.4698,0.2241,0.5205,2.6544,-0.9813,0.1737,0.0829,1.6335,0.1961,0.12573,0.13185,1.176,1.2687,0.00612,1.0487,1,2,1,-1.0051,0.0602,0.5891,1.1666,1.7382,0.1037,1,1,2,1,2.705,4.1283,1.4233,0.6552,1,1,1,2.705,2.295,0,0,0,1,2.0,0.8058,0.7991,0.1036,0.2826,0.2303,0.1638,0.8058,492.0,485.0,0.4335,0.4406,1.462,1.486,-7.0,0.0072,AMBIGUOUS,0
105,100,7,8,88.5491,57.3463,41.1119,85.5943,57.3131,38.229,4.1283,-2.9548,-0.0331,-2.8829,2.8831,2.9548,-0.7157,-0.008,-0.6983,1.8183,0.9757,0.12573,0.13026,1.176,1.2534,0.00453,1.036,1,2,1,-1.0051,0.0602,0.5891,1.1666,3.983,0.7364,1,1,2,2,2.705,2.705,-1.4233,1.5262,0,0,2,4.1283,0.5627,0,0,0,1,2.0,0.8058,0.7991,0.1036,0.5332,0.5307,0.0523,0.8058,492.0,552.0,0.4335,0.3792,1.462,1.3552,60.0,-0.0542,AMBIGUOUS,0
106,117,7,8,21.3038,75.3367,96.2822,20.1784,75.6152,97.7492,1.8698,-1.1255,0.2784,1.467,1.4931,1.1255,-0.6019,0.1489,0.7846,0.6926,1.3267,0.12339,0.09633,1.1541,0.9269,-0.02706,0.7807,0,1,0,0.0,0.0,0.0,0.0,0.0,0.0,1,1,2,1,1.8698,4.9251,3.0553,0.3796,1,1,1,1.8698,3.1302,0,0,0,1,2.0,0.2541,0.1788,0.1805,0.6983,0.6784,0.1656,0.6983,452.0,398.0,0.4424,0.3752,1.4474,1.3531,-54.0,-0.0673,AMBIGUOUS,0
106,120,7,8,21.3038,75.3367,96.2822,16.4383,75.0398,95.5783,4.9251,-4.8655,-0.297,-0.7039,0.764,4.8655,-0.9879,-0.0603,-0.1429,2.9942,0.157,0.12339,0.08997,1.1541,0.8658,-0.03341,0.7292,0,1,0,0.0,0.0,0.0,0.0,0.0,0.0,1,1,2,2,1.8698,1.8698,-3.0553,2.634,0,0,1,4.9251,0.0749,0,0,0,1,2.0,0.2541,0.1788,0.1805,0.247,0.1883,0.1599,0.2541,452.0,398.0,0.4424,0.3247,1.4474,1.3427,-54.0,-0.1178,AMBIGUOUS,0
107,121,7,8,2.8563,74.1181,61.8584,4.6884,75.9158,64.0856,3.3984,1.8321,1.7977,2.2273,2.8623,1.8321,0.5391,0.529,0.6554,1.1274,1.5623,0.11881,0.08467,1.1113,0.8147,-0.03415,0.7126,1,2,1,-0.6783,0.8313,-0.394,1.143,3.7559,1.1611,0,2,2,1,3.3984,3.5798,0.1814,0.9493,0,1,1,3.3984,1.6016,0,0,0,1,2.0,0.4465,0.3937,0.2106,0.2191,0.1866,0.1148,0.4465,666.0,512.0,0.2448,0.2199,1.2638,1.1837,-154.0,-0.0249,UNMATCHED_TARGET,0
107,103,7,8,2.8563,74.1181,61.8584,4.3511,71.106,63.0863,3.5798,1.4948,-3.0121,1.2279,3.2528,1.4948,0.4176,-0.8414,0.343,0.9199,2.1761,0.11881,0.12305,1.1113,1.1841,0.00424,1.0357,1,2,1,-0.6783,0.8313,-0.394,1.143,4.7037,1.978,0,2,2,2,3.3984,3.3984,-0.1814,1.0534,0,2,2,3.5798,0.2456,0,0,0,1,2.0,0.4465,0.3937,0.2106,0.5371,0.5239,0.1182,0.5371,666.0,667.0,0.2448,0.2412,1.2638,1.254,1.0,-0.0036,TRUE_EDGE,1
108,106,7,8,97.2559,61.6883,70.4241,94.7986,62.2186,70.4175,2.5139,-2.4573,0.5303,-0.0066,0.5304,2.4573,-0.9775,0.211,-0.0026,1.5122,0.2158,0.11873,0.11697,1.1106,1.1255,-0.00176,0.9851,0,1,0,0.0,0.0,0.0,0.0,0.0,0.0,1,1,1,1,2.5139,5.0,2.4861,0.5028,2,2,2,0.6519,-1.862,1,1,0,0,0.5,0.2895,0.2441,0.1556,0.5687,0.5486,0.1499,0.5687,391.0,406.0,0.5392,0.5012,1.6472,1.5806,15.0,-0.038,AMBIGUOUS,0
109,92,7,8,4.055,71.8639,82.0573,3.4972,71.3001,82.6316,0.9792,-0.5578,-0.5637,0.5743,0.8048,0.5578,-0.5697,-0.5757,0.5865,0.3433,1.4428,0.11857,0.15335,1.109,1.4756,0.03479,1.2934,0,1,0,0.0,0.0,0.0,0.0,0.0,0.0,1,1,1,1,0.9792,5.0,4.0208,0.1958,1,1,3,0.9792,3.5111,0,2,0,0,0.3333,0.8061,0.805,0.0427,0.3572,0.2472,0.2578,0.8061,837.0,879.0,0.1747,0.2678,1.1905,1.2758,42.0,0.0931,AMBIGUOUS,0
110,116,7,8,33.9683,56.0456,17.4884,31.3439,56.3961,18.6241,2.881,-2.6244,0.3505,1.1357,1.1886,2.6244,-0.9109,0.1217,0.3942,1.615,0.4529,0.11821,0.09863,1.1057,0.9491,-0.01958,0.8344,0,1,0,0.0,0.0,0.0,0.0,0.0,0.0,1,2,2,1,2.881,3.5968,0.7159,0.801,1,1,1,2.881,2.119,0,0,0,0,1.0,0.1588,0.1567,0.0259,0.4788,0.4689,0.0965,0.4788,483.0,457.0,0.4231,0.3739,1.4055,1.3658,-26.0,-0.0491,AMBIGUOUS,0
110,130,7,8,33.9683,56.0456,17.4884,36.9575,58.0179,17.823,3.5968,2.9892,1.9724,0.3346,2.0005,2.9892,0.8311,0.5484,0.093,1.8395,0.6693,0.11821,0.06094,1.1057,0.5864,-0.05727,0.5155,0,1,0,0.0,0.0,0.0,0.0,0.0,0.0,1,2,2,2,2.881,2.881,-0.7159,1.2485,0,2,2,3.5968,0.2021,0,0,0,0,1.0,0.1588,0.1567,0.0259,0.4275,0.4175,0.0919,0.4275,483.0,403.0,0.4231,0.2172,1.4055,1.2257,-80.0,-0.2058,AMBIGUOUS,0
111,105,7,8,96.9885,60.5884,65.3665,94.3681,61.0464,65.3311,2.6604,-2.6204,0.458,-0.0354,0.4594,2.6204,-0.985,0.1722,-0.0133,1.6126,0.1753,0.11457,0.11869,1.0717,1.1421,0.00412,1.036,0,1,0,0.0,0.0,0.0,0.0,0.0,0.0,1,1,1,1,2.6604,5.0,2.3396,0.5321,2,2,3,0.4158,-2.2446,1,1,0,0,0.5,0.5162,0.5115,0.0696,0.1773,0.1181,0.1323,0.5162,384.0,402.0,0.5177,0.5715,1.587,1.6419,18.0,0.0538,AMBIGUOUS,0
112,114,7,8,40.8087,54.8352,40.0259,38.5632,55.2778,40.6666,2.3767,-2.2455,0.4426,0.6407,0.7787,2.2455,-0.9448,0.1862,0.2696,1.3818,0.3468,0.11306,0.10316,1.0576,0.9926,-0.00991,0.9124,0,1,0,0.0,0.0,0.0,0.0,0.0,0.0,1,2,2,1,2.3767,3.997,1.6203,0.5946,1,1,1,2.3767,2.6233,0,1,0,1,1.0,0.2665,0.1837,0.1931,0.4396,0.4368,0.05,0.4396,572.0,570.0,0.2967,0.2561,1.2936,1.231,-2.0,-0.0406,TRUE_EDGE,1
112,118,7,8,40.8087,54.8352,40.0259,39.1052,55.1479,43.6282,3.997,-1.7035,0.3127,3.6023,3.6158,1.7035,-0.4262,0.0782,0.9012,1.0483,2.1226,0.11306,0.09051,1.0576,0.8709,-0.02256,0.8005,0,1,0,0.0,0.0,0.0,0.0,0.0,0.0,1,2,2,2,2.3767,2.3767,-1.6203,1.6818,0,1,1,3.997,1.003,0,1,0,1,1.0,0.2665,0.1837,0.1931,0.2166,0.1052,0.1893,0.2665,572.0,433.0,0.2967,0.3246,1.2936,1.3183,-139.0,0.0279,UNMATCHED_TARGET,0
113,105,7,8,94.758,60.9033,65.3125,94.3681,61.0464,65.3311,0.4158,-0.3899,0.1432,0.0186,0.1444,0.3899,-0.9378,0.3443,0.0448,0.24,0.3702,0.11273,0.11869,1.0544,1.1421,0.00596,1.0529,0,1,0,0.0,0.0,0.0,0.0,0.0,0.0,1,1,1,1,0.4158,5.0,4.5842,0.0832,2,2,3,0.4158,2.2446,1,2,0,0,0.3333,0.5177,0.508,0.0998,0.1773,0.1181,0.1323,0.5177,393.0,402.0,0.475,0.5715,1.5217,1.6419,9.0,0.0966,AMBIGUOUS,0
114,106,7,8,94.7072,61.9651,69.824,94.7986,62.2186,70.4175,0.6519,0.0914,0.2535,0.5936,0.6454,0.0914,0.1402,0.3889,0.9106,0.0563,7.0596,0.11013,0.11697,1.0301,1.1255,0.00683,1.062,1,2,1,1.4523,-0.7794,-0.375,1.6903,1.9639,1.2608,1,1,2,1,0.6519,4.5983,3.9464,0.1418,2,2,2,0.6519,1.862,1,2,0,0,0.3333,0.4982,0.4572,0.1978,0.5687,0.5486,0.1499,0.5687,427.0,406.0,0.4462,0.5012,1.4166,1.5806,-21.0,0.0549,AMBIGUOUS,0
114,105,7,8,94.7072,61.9651,69.824,94.3681,61.0464,65.3311,4.5983,-0.3391,-0.9187,-4.4928,4.5858,0.3391,-0.0738,-0.1998,-0.9771,0.2087,13.5216,0.11013,0.11869,1.0301,1.1421,0.00856,1.0777,1,2,1,1.4523,-0.7794,-0.375,1.6903,4.4928,0.7545,1,1,2,2,0.6519,0.6519,-3.9464,7.054,2,2,3,0.4158,-4.1825,1,2,0,0,0.3333,0.4982,0.4572,0.1978,0.1773,0.1181,0.1323,0.4982,427.0,402.0,0.4462,0.5715,1.4166,1.6419,-25.0,0.1253,AMBIGUOUS,0
115,112,7,8,101.1857,37.3217,24.2455,99.6295,37.6346,23.4307,1.7843,-1.5563,0.313,-0.8148,0.8728,1.5563,-0.8722,0.1754,-0.4566,0.9577,0.5608,0.10293,0.10715,0.9628,1.031,0.00422,1.041,0,1,0,0.0,0.0,0.0,0.0,0.0,0.0,1,1,1,1,1.7843,5.0,3.2157,0.3569,1,1,1,1.7843,3.2157,0,0,0,0,1.0,0.4577,0.4357,0.1401,0.5416,0.5045,0.1972,0.5416,468.0,506.0,0.4116,0.3102,1.4406,1.3147,38.0,-0.1014,TRUE_EDGE,1
116,64,7,8,26.7522,75.5529,62.7254,29.2269,71.9197,62.4614,4.4039,2.4747,-3.6332,-0.264,3.6428,2.4747,0.5619,-0.825,-0.06,1.5229,1.472,0.10195,0.20464,0.9536,1.9692,0.1027,2.0073,0,1,0,0.0,0.0,0.0,0.0,0.0,0.0,0,0,3,1,4.4039,4.7582,0.3543,0.9255,0,1,3,3.7201,-0.6838,0,0,0,1,2.0,0.7697,0.7522,0.1632,0.1046,0.0231,0.102,0.7697,457.0,959.0,0.3891,0.4158,1.4363,1.3722,502.0,0.0267,AMBIGUOUS,0
116,49,7,8,26.7522,75.5529,62.7254,26.2107,71.0006,63.9994,4.7582,-0.5415,-4.5523,1.274,4.7272,0.5415,-0.1138,-0.9567,0.2678,0.3333,8.7292,0.10195,0.21384,0.9536,2.0577,0.11189,2.0975,0,1,0,0.0,0.0,0.0,0.0,0.0,0.0,0,0,3,2,4.4039,4.4039,-0.3543,1.0804,0,1,2,3.809,-0.9491,0,0,0,1,2.0,0.7697,0.7522,0.1632,0.2974,0.2107,0.2099,0.7697,457.0,918.0,0.3891,0.4256,1.4363,1.4193,461.0,0.0365,AMBIGUOUS,0
116,125,7,8,26.7522,75.5529,62.7254,22.298,75.4343,60.6362,4.9213,-4.4542,-0.1186,-2.0892,2.0926,4.4542,-0.9051,-0.0241,-0.4245,2.7411,0.4698,0.10195,0.07102,0.9536,0.6833,-0.03093,0.6966,0,1,0,0.0,0.0,0.0,0.0,0.0,0.0,0,0,3,3,4.4039,4.4039,-0.5174,1.1175,0,0,1,4.9213,0.0787,0,0,0,0,1.0,0.7697,0.7522,0.1632,0.4814,0.452,0.1657,0.7697,457.0,383.0,0.3891,0.2847,1.4363,1.3795,-74.0,-0.1044,AMBIGUOUS,0
117,111,7,8,78.1552,53.5764,55.6501,75.1354,53.9431,55.6473,3.042,-3.0198,0.3667,-0.0028,0.3667,3.0198,-0.9927,0.1206,-0.0009,1.8583,0.1214,0.10053,0.10795,0.9403,1.0387,0.00741,1.0737,1,2,1,-2.8727,0.2954,-0.3787,2.9126,0.4099,0.0085,0,1,1,1,3.042,5.0,1.958,0.6084,0,1,1,3.042,1.958,0,0,0,0,1.0,0.1627,0.1552,0.049,0.3954,0.3854,0.0886,0.3954,428.0,468.0,0.3792,0.3444,1.3725,1.2663,40.0,-0.0348,TRUE_EDGE,1
118,95,7,8,64.3688,48.5093,11.9081,60.7587,49.2314,11.9738,3.6821,-3.61,0.722,0.0657,0.725,3.61,-0.9804,0.1961,0.0178,2.2216,0.2008,0.09445,0.14144,0.8835,1.3609,0.04699,1.4975,0,1,0,0.0,0.0,0.0,0.0,0.0,0.0,0,1,1,1,3.6821,5.0,1.3179,0.7364,0,1,1,3.6821,1.3179,0,0,0,0,1.0,0.6648,0.6312,0.2086,0.6666,0.6337,0.2067,0.6666,411.0,488.0,0.4459,0.599,1.4522,1.5652,77.0,0.1531,AMBIGUOUS,0
119,115,7,8,57.2246,62.1755,20.8704,56.2362,61.3472,19.6894,1.7487,-0.9884,-0.8283,-1.181,1.4426,0.9884,-0.5652,-0.4737,-0.6754,0.6082,1.4595,0.09341,0.09888,0.8738,0.9515,0.00547,1.0586,0,1,0,0.0,0.0,0.0,0.0,0.0,0.0,1,1,3,1,1.7487,4.1879,2.4392,0.4176,1,2,2,1.7487,1.4125,0,2,0,1,0.6667,0.3816,0.3496,0.1529,0.6663,0.6388,0.1894,0.6663,564.0,612.0,0.2265,0.2003,1.1566,1.1801,48.0,-0.0262,AMBIGUOUS,0
119,133,7,8,57.2246,62.1755,20.8704,55.0564,62.8997,24.3794,4.1879,-2.1682,0.7241,3.5089,3.5829,2.1682,-0.5177,0.1729,0.8379,1.3343,1.6524,0.09341,0.05306,0.8738,0.5106,-0.04035,0.568,0,1,0,0.0,0.0,0.0,0.0,0.0,0.0,1,1,3,2,1.7487,1.7487,-2.4392,2.3949,1,1,2,1.8479,-2.34,0,2,0,1,0.6667,0.3816,0.3496,0.1529,0.2056,0.1936,0.0692,0.3816,564.0,457.0,0.2265,0.1496,1.1566,1.3232,-107.0,-0.0769,AMBIGUOUS,0
119,113,7,8,57.2246,62.1755,20.8704,57.0732,59.9408,16.4369,4.9671,-0.1514,-2.2347,-4.4335,4.9648,0.1514,-0.0305,-0.4499,-0.8926,0.0931,32.8,0.09341,0.10458,0.8738,1.0064,0.01117,1.1196,0,1,0,0.0,0.0,0.0,0.0,0.0,0.0,1,1,3,3,1.7487,1.7487,-3.2185,2.8405,0,1,4,3.5167,-1.4504,0,2,0,2,1.0,0.3816,0.3496,0.1529,0.3289,0.1982,0.2624,0.3816,564.0,535.0,0.2265,0.2926,1.1566,1.2532,-29.0,0.066,AMBIGUOUS,0
120,109,7,8,11.5264,73.9783,49.1768,8.3083,73.8186,48.7168,3.2547,-3.2181,-0.1597,-0.46,0.4869,3.2181,-0.9887,-0.0491,-0.1413,1.9804,0.1513,0.09316,0.10949,0.8714,1.0536,0.01634,1.1754,1,3,1,0.1593,1.3946,2.4845,2.8536,4.7426,1.2022,0,1,1,1,3.2547,5.0,1.7453,0.6509,0,1,1,3.2547,1.7453,0,0,0,0,1.0,0.1582,0.1514,0.0457,0.221,0.1833,0.1235,0.221,506.0,552.0,0.2836,0.3043,1.2227,1.2662,46.0,0.0206,AMBIGUOUS,0
121,115,7,8,53.2531,61.7658,18.7309,56.2362,61.3472,19.6894,3.1611,2.9831,-0.4186,0.9585,1.0459,2.9831,0.9437,-0.1324,0.3032,1.8358,0.3506,0.08262,0.09888,0.7728,0.9515,0.01626,1.1968,0,1,0,0.0,0.0,0.0,0.0,0.0,0.0,0,1,2,1,3.1611,4.8152,1.6541,0.6565,1,2,2,1.7487,-1.4125,0,1,0,1,1.0,0.3747,0.3719,0.0462,0.6663,0.6388,0.1894,0.6663,495.0,612.0,0.258,0.2003,1.1994,1.1801,117.0,-0.0577,AMBIGUOUS,0
121,113,7,8,53.2531,61.7658,18.7309,57.0732,59.9408,16.4369,4.8152,3.8201,-1.825,-2.294,2.9314,3.8201,0.7933,-0.379,-0.4764,2.3508,0.7673,0.08262,0.10458,0.7728,1.0064,0.02196,1.2658,0,1,0,0.0,0.0,0.0,0.0,0.0,0.0,0,1,2,2,3.1611,3.1611,-1.6541,1.5232,0,1,4,3.5167,-1.2985,0,1,0,2,1.5,0.3747,0.3719,0.0462,0.3289,0.1982,0.2624,0.3747,495.0,535.0,0.258,0.2926,1.1994,1.2532,40.0,0.0345,AMBIGUOUS,0
122,75,7,8,3.5436,70.2983,32.0688,6.217,67.5247,34.0059,4.3119,2.6734,-2.7736,1.937,3.3831,2.6734,0.62,-0.6433,0.4492,1.6452,1.2655,0.08046,0.18825,0.7526,1.8114,0.10779,2.3397,1,3,1,0.2266,1.0091,-2.3598,2.5765,6.2257,1.6089,0,0,1,1,4.3119,5.0,0.6881,0.8624,2,2,3,1.8287,-2.4832,0,1,0,0,0.5,0.2952,0.2936,0.0302,0.3192,0.283,0.1476,0.3192,580.0,777.0,0.1833,0.351,1.2143,1.3799,197.0,0.1677,AMBIGUOUS,0
124,100,7,8,89.163,56.1559,35.4129,85.5943,57.3131,38.229,4.691,-3.5687,1.1572,2.8161,3.0446,3.5687,-0.7608,0.2467,0.6003,2.1961,0.8531,0.07641,0.13026,0.7148,1.2534,0.05384,1.7046,0,1,0,0.0,0.0,0.0,0.0,0.0,0.0,0,0,1,1,4.691,5.0,0.309,0.9382,0,0,2,4.1283,-0.5627,0,0,0,1,2.0,0.2417,0.212,0.1162,0.5332,0.5307,0.0523,0.5332,372.0,552.0,0.2968,0.3792,1.2797,1.3552,180.0,0.0824,AMBIGUOUS,0
126,113,7,8,60.5314,60.0978,17.0561,57.0732,59.9408,16.4369,3.5167,-3.4582,-0.157,-0.6192,0.6388,3.4582,-0.9834,-0.0446,-0.1761,2.1281,0.1847,0.07517,0.10458,0.7031,1.0064,0.02941,1.3912,0,1,0,0.0,0.0,0.0,0.0,0.0,0.0,0,1,1,1,3.5167,5.0,1.4833,0.7033,0,1,4,3.5167,1.2985,0,1,0,2,1.5,0.4074,0.4064,0.0279,0.3289,0.1982,0.2624,0.4074,487.0,535.0,0.2301,0.2926,1.1854,1.2532,48.0,0.0624,AMBIGUOUS,0
127,87,7,8,18.8067,65.7044,14.3922,18.2499,62.4262,15.0021,3.3806,-0.5567,-3.2782,0.6099,3.3344,0.5567,-0.1647,-0.9697,0.1804,0.3426,5.9893,0.07423,0.16797,0.6943,1.6162,0.09374,2.2627,0,1,0,0.0,0.0,0.0,0.0,0.0,0.0,0,1,1,1,3.3806,5.0,1.6194,0.6761,0,1,2,3.3806,1.1792,0,0,0,0,1.0,0.7228,0.6933,0.2044,0.4,0.3749,0.1394,0.7228,581.0,804.0,0.1854,0.2846,1.1852,1.3096,223.0,0.0992,AMBIGUOUS,0
128,133,7,8,56.7299,63.3128,25.0451,55.0564,62.8997,24.3794,1.8479,-1.6735,-0.4131,-0.6657,0.7835,1.6735,-0.9057,-0.2236,-0.3603,1.0299,0.4682,0.07315,0.05306,0.6842,0.5106,-0.02008,0.7254,0,1,0,0.0,0.0,0.0,0.0,0.0,0.0,1,1,2,1,1.8479,4.4404,2.5926,0.4161,1,1,2,1.8479,2.34,0,1,0,1,1.0,0.2126,0.1451,0.1554,0.2056,0.1936,0.0692,0.2126,452.0,457.0,0.2615,0.1496,1.4523,1.3232,5.0,-0.1119,AMBIGUOUS,0
128,52,7,8,56.7299,63.3128,25.0451,56.2784,58.941,25.6785,4.4404,-0.4515,-4.3718,0.6334,4.4174,0.4515,-0.1017,-0.9845,0.1427,0.2778,9.7839,0.07315,0.21229,0.6842,2.0428,0.13915,2.9022,0,1,0,0.0,0.0,0.0,0.0,0.0,0.0,1,1,2,2,1.8479,1.8479,-2.5926,2.403,1,1,2,1.9414,-2.499,0,1,0,2,1.5,0.2126,0.1451,0.1554,0.6036,0.5966,0.0916,0.6036,452.0,931.0,0.2615,0.4527,1.4523,1.4902,479.0,0.1912,AMBIGUOUS,0
130,57,7,8,18.844,71.963,38.524,19.431,67.5263,36.4176,4.9463,0.587,-4.4367,-2.1064,4.9113,0.587,0.1187,-0.897,-0.4259,0.3612,8.3674,0.06459,0.20917,0.6041,2.0127,0.14458,3.2384,1,2,1,-0.8847,-0.2601,-1.1499,1.474,4.5304,0.5807,0,0,1,1,4.9463,5.0,0.0537,0.9893,1,2,3,1.9196,-3.0267,0,1,0,3,2.0,0.6621,0.656,0.0899,0.1835,0.069,0.17,0.6621,487.0,913.0,0.1962,0.3844,1.2877,1.4233,426.0,0.1882,AMBIGUOUS,0
134,128,7,8,37.0852,74.358,69.6523,32.9764,73.9101,67.7678,4.5425,-4.1088,-0.4479,-1.8844,1.9369,4.1088,-0.9045,-0.0986,-0.4148,2.5285,0.4714,0.05719,0.06482,0.535,0.6237,0.00763,1.1333,0,1,0,0.0,0.0,0.0,0.0,0.0,0.0,0,0,1,1,4.5425,5.0,0.4575,0.9085,0,0,3,4.1119,-0.4306,0,1,0,0,0.5,0.3433,0.2898,0.1841,0.4832,0.4764,0.0807,0.4832,393.0,423.0,0.1873,0.1985,1.2438,1.2267,30.0,0.0112,AMBIGUOUS,0
135,16,7,8,43.4388,67.4925,39.8405,45.1336,64.3039,42.6893,4.5995,1.6947,-3.1885,2.8489,4.2759,1.6947,0.3685,-0.6932,0.6194,1.0429,2.523,0.05604,0.25272,0.5242,2.4317,0.19668,4.5094,0,1,0,0.0,0.0,0.0,0.0,0.0,0.0,0,0,1,1,4.5995,5.0,0.4005,0.9199,0,1,2,3.2556,-1.3438,0,0,0,0,1.0,0.4405,0.4362,0.0617,0.3859,0.3664,0.121,0.4405,409.0,795.0,0.1892,0.6166,1.2007,1.6656,386.0,0.4273,AMBIGUOUS,0
136,97,7,8,6.3803,67.808,21.4745,6.5095,66.5589,22.529,1.6397,0.1292,-1.2491,1.0545,1.6346,0.1292,0.0788,-0.7617,0.6431,0.0795,12.6485,0.05579,0.13289,0.5218,1.2787,0.07711,2.3821,1,2,1,1.7742,0.896,2.1032,2.8938,2.8995,0.7202,1,1,1,1,1.6397,5.0,3.3603,0.3279,1,1,3,1.6397,2.9551,0,1,0,1,1.0,0.1372,0.1197,0.067,0.1969,0.0095,0.1967,0.1969,512.0,791.0,0.1496,0.2415,1.1514,1.2649,279.0,0.0918,AMBIGUOUS,0
138,84,7,8,44.0742,66.4183,31.9656,44.1088,63.0973,32.7795,3.4195,0.0347,-3.3211,0.8139,3.4193,0.0347,0.0101,-0.9712,0.238,0.0213,98.5756,0.05497,0.17024,0.5142,1.6381,0.11527,3.0967,0,1,0,0.0,0.0,0.0,0.0,0.0,0.0,0,1,1,1,3.4195,5.0,1.5805,0.6839,0,2,2,3.4195,0.4598,1,1,0,2,1.5,0.3097,0.1992,0.2372,0.2954,0.2338,0.1805,0.3097,371.0,923.0,0.1845,0.2804,1.2787,1.3393,552.0,0.0959,AMBIGUOUS,0
142,84,7,8,44.0213,65.3675,29.6351,44.1088,63.0973,32.7795,3.8793,0.0875,-2.2702,3.1444,3.8783,0.0875,0.0226,-0.5852,0.8106,0.0538,44.3201,0.05032,0.17024,0.4706,1.6381,0.11992,3.3833,0,1,0,0.0,0.0,0.0,0.0,0.0,0.0,0,2,2,1,3.8793,3.9765,0.0973,0.9755,0,2,2,3.4195,-0.4598,1,1,0,2,1.5,0.1529,0.1463,0.0442,0.2954,0.2338,0.1805,0.2954,393.0,923.0,0.1743,0.2804,1.2231,1.3393,530.0,0.1061,AMBIGUOUS,0
142,32,7,8,44.0213,65.3675,29.6351,46.8332,62.5798,29.2676,3.9765,2.8119,-2.7877,-0.3675,2.8118,2.8119,0.7071,-0.701,-0.0924,1.7304,1.0,0.05032,0.23003,0.4706,2.2135,0.17972,4.5716,0,1,0,0.0,0.0,0.0,0.0,0.0,0.0,0,2,2,2,3.8793,3.8793,-0.0973,1.0251,0,2,2,3.6951,-0.2814,1,1,1,2,1.5,0.1529,0.1463,0.0442,0.2928,0.2918,0.0247,0.2928,393.0,870.0,0.1743,0.4824,1.2231,1.5471,477.0,0.3081,AMBIGUOUS,0
143,110,7,8,87.61,63.488,69.7506,84.0303,63.7479,68.5534,3.7835,-3.5797,0.2599,-1.1972,1.2251,3.5797,-0.9461,0.0687,-0.3164,2.2029,0.3422,0.04875,0.10908,0.456,1.0496,0.06034,2.2377,0,1,0,0.0,0.0,0.0,0.0,0.0,0.0,0,1,1,1,3.7835,5.0,1.2165,0.7567,0,1,1,3.7835,1.2165,0,0,0,1,2.0,0.2187,0.14,0.1681,0.4819,0.4697,0.1081,0.4819,313.0,457.0,0.1649,0.3229,1.2317,1.4677,144.0,0.158,AMBIGUOUS,0
144,74,7,8,30.1835,71.5489,43.3594,29.149,67.4274,45.3249,4.6819,-1.0346,-4.1215,1.9655,4.5662,1.0346,-0.221,-0.8803,0.4198,0.6366,4.4137,0.04298,0.19071,0.4021,1.835,0.14772,4.4366,0,1,0,0.0,0.0,0.0,0.0,0.0,0.0,0,0,1,1,4.6819,5.0,0.3181,0.9364,0,1,2,3.7549,-0.9271,0,0,0,0,1.0,0.7018,0.6915,0.1197,0.2024,0.101,0.1754,0.7018,441.0,765.0,0.1198,0.4064,1.1242,1.4089,324.0,0.2865,AMBIGUOUS,0
145,82,7,8,14.5235,70.2376,35.8105,15.0157,65.9409,36.1722,4.3398,0.4922,-4.2966,0.3617,4.3118,0.4922,0.1134,-0.99,0.0833,0.3029,8.7602,0.0429,0.17691,0.4013,1.7023,0.13401,4.1238,1,2,1,1.8628,2.1074,0.0933,2.8143,6.5546,1.6636,0,0,3,1,4.3398,4.3797,0.0399,0.9909,0,0,2,4.3398,0.2475,0,0,1,3,4.0,0.126,0.1015,0.0746,0.4116,0.3907,0.1294,0.4116,439.0,861.0,0.1319,0.3132,1.1502,1.3671,422.0,0.1813,AMBIGUOUS,0
145,62,7,8,14.5235,70.2376,35.8105,15.7777,67.6486,39.113,4.3797,1.2542,-2.5889,3.3025,4.1963,1.2542,0.2864,-0.5911,0.754,0.7718,3.3457,0.0429,0.20604,0.4013,1.9826,0.16314,4.803,1,2,1,1.8628,2.1074,0.0933,2.8143,5.7206,1.2281,0,0,3,2,4.3398,4.3398,-0.0399,1.0092,0,1,2,3.2094,-1.1703,0,0,0,3,4.0,0.126,0.1015,0.0746,0.5233,0.4723,0.2255,0.5233,439.0,919.0,0.1319,0.4309,1.1502,1.5036,480.0,0.299,AMBIGUOUS,0
145,78,7,8,14.5235,70.2376,35.8105,16.6398,66.1063,34.5442,4.8114,2.1163,-4.1313,-1.2663,4.321,2.1163,0.4398,-0.8586,-0.2632,1.3023,2.0418,0.0429,0.18415,0.4013,1.772,0.14126,4.2928,1,2,1,1.8628,2.1074,0.0933,2.8143,6.3902,1.3606,0,0,3,3,4.3398,4.3398,-0.4716,1.1087,1,1,2,2.8979,-1.9135,0,0,1,3,4.0,0.126,0.1015,0.0746,0.4059,0.3898,0.1132,0.4059,439.0,847.0,0.1319,0.3216,1.1502,1.3706,408.0,0.1897,AMBIGUOUS,0
146,130,7,8,40.5707,58.7741,18.7203,36.9575,58.0179,17.823,3.799,-3.6132,-0.7562,-0.8973,1.1734,3.6132,-0.9511,-0.199,-0.2362,2.2235,0.3248,0.04051,0.06094,0.3789,0.5864,0.02043,1.5043,0,1,0,0.0,0.0,0.0,0.0,0.0,0.0,0,1,1,1,3.799,5.0,1.201,0.7598,0,2,2,3.5968,-0.2021,0,0,0,0,1.0,0.1466,0.0543,0.1362,0.4275,0.4175,0.0919,0.4275,365.0,403.0,0.1533,0.2172,1.1446,1.2257,38.0,0.064,AMBIGUOUS,0
147,72,7,8,57.3339,67.4627,50.0728,58.8619,63.3432,48.4626,4.6795,1.528,-4.1195,-1.6102,4.423,1.528,0.3265,-0.8803,-0.3441,0.9403,2.8947,0.04013,0.1967,0.3754,1.8927,0.15656,4.9008,0,1,0,0.0,0.0,0.0,0.0,0.0,0.0,0,0,1,1,4.6795,5.0,0.3205,0.9359,0,0,1,4.6795,0.3205,0,0,0,1,2.0,0.4712,0.4589,0.1071,0.3822,0.3619,0.123,0.4712,263.0,711.0,0.2352,0.4491,1.2364,1.4828,448.0,0.2139,AMBIGUOUS,0
148,97,7,8,9.6883,68.4961,19.6401,6.5095,66.5589,22.529,4.712,-3.1788,-1.9372,2.8889,3.4783,3.1788,-0.6746,-0.4111,0.6131,1.9562,1.0942,0.0395,0.13289,0.3695,1.2787,0.09339,3.3645,0,1,0,0.0,0.0,0.0,0.0,0.0,0.0,0,0,1,1,4.712,5.0,0.288,0.9424,1,1,3,1.6397,-3.0723,0,1,0,1,1.0,0.2215,0.0617,0.2128,0.1969,0.0095,0.1967,0.2215,422.0,791.0,0.1269,0.2415,1.2019,1.2649,369.0,0.1145,AMBIGUOUS,0
0,2,8,9,72.6802,55.3639,20.361,70.1639,55.1368,19.7877,2.5907,-2.5163,-0.2271,-0.5732,0.6166,2.5163,-0.9713,-0.0877,-0.2213,1.5485,0.245,0.30643,0.28454,2.9486,2.7508,-0.02189,0.9285,1,2,1,-2.04,0.7203,-0.0915,2.1653,1.1647,0.1048,1,1,2,1,2.5907,4.8557,2.2649,0.5336,1,2,2,2.5907,1.2723,0,1,0,2,1.5,0.4617,0.4448,0.1237,0.3321,0.2889,0.1639,0.4617,960.0,931.0,0.7728,0.7093,2.2369,1.9518,-29.0,-0.0635,AMBIGUOUS,0
0,119,8,9,72.6802,55.3639,20.361,74.9103,56.8856,24.3968,4.8557,2.2301,1.5218,4.0359,4.3133,2.2301,0.4593,0.3134,0.8312,1.3724,1.9341,0.30643,0.08738,2.9486,0.8448,-0.21905,0.2852,1,2,1,-2.04,0.7203,-0.0915,2.1653,5.9926,1.3636,1,1,2,2,2.5907,2.5907,-2.2649,1.8742,0,0,1,4.8557,0.1443,0,1,0,0,0.5,0.4617,0.4448,0.1237,0.1621,0.1603,0.0243,0.4617,960.0,353.0,0.7728,0.3689,2.2369,1.3779,-607.0,-0.404,AMBIGUOUS,0
1,3,8,9,87.1903,58.7693,54.2725,87.5233,58.474,53.6228,0.7874,0.333,-0.2952,-0.6496,0.7136,0.333,0.4229,-0.3749,-0.825,0.2049,2.1429,0.28978,0.27832,2.7884,2.6907,-0.01146,0.9605,1,2,1,-2.2075,0.2743,-0.797,2.363,2.6077,1.1603,2,2,2,1,0.7874,2.6925,1.905,0.2925,2,2,2,0.7874,0.9741,1,1,0,1,1.0,0.5994,0.5597,0.2145,0.2282,0.2267,0.026,0.5994,984.0,862.0,0.7812,0.6123,1.9888,1.7174,-122.0,-0.1689,AMBIGUOUS,0
1,9,8,9,87.1903,58.7693,54.2725,84.4997,58.8685,54.2616,2.6925,-2.6906,0.0992,-0.0109,0.0998,2.6906,-0.9993,0.0368,-0.004,1.6558,0.0371,0.28978,0.26661,2.7884,2.5775,-0.02317,0.92,1,2,1,-2.2075,0.2743,-0.797,2.363,0.9392,0.0608,2,2,2,2,0.7874,0.7874,-1.905,3.4193,1,1,2,2.6925,2.0552,1,1,0,1,1.0,0.5994,0.5597,0.2145,0.1799,0.0003,0.1799,0.5994,984.0,957.0,0.7812,0.6591,1.9888,1.7989,-27.0,-0.1221,AMBIGUOUS,0
2,24,8,9,77.6514,49.3208,6.5708,74.9933,49.6788,7.9556,3.0185,-2.6581,0.358,1.3848,1.4303,2.6581,-0.8806,0.1186,0.4588,1.6358,0.5381,0.2777,0.2424,2.6721,2.3435,-0.03529,0.8729,0,1,0,0.0,0.0,0.0,0.0,0.0,0.0,0,2,2,1,3.0185,3.4785,0.46,0.8678,0,1,1,3.0185,1.9815,0,1,0,1,1.0,0.3919,0.3486,0.1791,0.3185,0.2433,0.2055,0.3919,845.0,839.0,0.6753,0.5562,1.7578,1.5479,-6.0,-0.1191,AMBIGUOUS,0
2,6,8,9,77.6514,49.3208,6.5708,74.6863,48.9108,4.7988,3.4785,-2.9651,-0.4099,-1.772,1.8188,2.9651,-0.8524,-0.1178,-0.5094,1.8247,0.6134,0.2777,0.27148,2.6721,2.6245,-0.00622,0.9776,0,1,0,0.0,0.0,0.0,0.0,0.0,0.0,0,2,2,2,3.0185,3.0185,-0.46,1.1524,0,1,1,3.4785,1.5215,0,1,0,1,1.0,0.3919,0.3486,0.1791,0.189,0.0637,0.178,0.3919,845.0,812.0,0.6753,0.7001,1.7578,1.7615,-33.0,0.0248,AMBIGUOUS,0
3,44,8,9,77.9441,62.705,63.0751,79.2132,62.8805,64.5217,1.9324,1.2691,0.1756,1.4466,1.4572,1.2691,0.6568,0.0909,0.7486,0.781,1.1482,0.27474,0.22534,2.6437,2.1786,-0.0494,0.8202,0,1,0,0.0,0.0,0.0,0.0,0.0,0.0,1,2,3,1,1.9324,3.4266,1.4942,0.5639,2,2,4,1.9324,0.1036,0,1,0,2,1.5,0.1864,0.0559,0.1778,0.4273,0.4118,0.1139,0.4273,905.0,731.0,0.6526,0.4945,1.7755,1.5903,-174.0,-0.1581,AMBIGUOUS,0
3,11,8,9,77.9441,62.705,63.0751,74.7073,62.7263,61.9506,3.4266,-3.2368,0.0213,-1.1245,1.1247,3.2368,-0.9446,0.0062,-0.3282,1.9919,0.3475,0.27474,0.2632,2.6437,2.5445,-0.01155,0.958,0,1,0,0.0,0.0,0.0,0.0,0.0,0.0,1,2,3,2,1.9324,1.9324,-1.4942,1.7732,0,1,1,3.4266,1.5734,0,1,0,0,0.5,0.1864,0.0559,0.1778,0.2625,0.0427,0.259,0.2625,905.0,849.0,0.6526,0.6347,1.7755,1.7314,-56.0,-0.018,AMBIGUOUS,0
3,42,8,9,77.9441,62.705,63.0751,79.2687,63.6593,67.7573,4.9586,1.3246,0.9543,4.6821,4.7784,1.3246,0.2671,0.1925,0.9442,0.8151,3.6074,0.27474,0.22589,2.6437,2.1838,-0.04885,0.8222,0,1,0,0.0,0.0,0.0,0.0,0.0,0.0,1,2,3,3,1.9324,1.9324,-3.0262,2.566,3,3,6,1.1812,-3.7774,0,1,0,2,1.5,0.1864,0.0559,0.1778,0.3864,0.3563,0.1495,0.3864,905.0,728.0,0.6526,0.5313,1.7755,1.6641,-177.0,-0.1213,AMBIGUOUS,0
4,69,8,9,84.2788,67.517,95.7734,82.8228,67.5164,99.4321,3.9378,-1.456,-0.0005,3.6587,3.6587,1.456,-0.3697,-0.0001,0.9291,0.896,2.5129,0.27344,0.19182,2.6312,1.8545,-0.08162,0.7015,1,2,1,-0.592,-0.239,0.1843,0.6645,3.5882,0.4129,0,1,1,1,3.9378,5.0,1.0622,0.7876,0,2,2,3.3762,-0.5615,0,1,0,1,1.0,0.2561,0.2212,0.129,0.1371,0.0522,0.1268,0.2561,889.0,691.0,0.6118,0.4394,1.6689,1.4724,-198.0,-0.1724,AMBIGUOUS,0
5,7,8,9,85.8665,57.5337,48.9328,82.5419,57.6974,49.1016,3.3328,-3.3245,0.1637,0.1688,0.2352,3.3245,-0.9975,0.0491,0.0506,2.0459,0.0707,0.27112,0.27106,2.6088,2.6205,-6e-05,0.9998,0,1,0,0.0,0.0,0.0,0.0,0.0,0.0,0,1,1,1,3.3328,5.0,1.6672,0.6666,0,1,1,3.3328,1.6672,0,1,0,0,0.5,0.352,0.2585,0.2389,0.3377,0.3331,0.0556,0.352,848.0,822.0,0.6476,0.624,1.7545,1.8057,-26.0,-0.0237,AMBIGUOUS,0
6,21,8,9,48.3167,56.0836,11.3176,46.6079,57.6668,13.2619,3.0343,-1.7088,1.5832,1.9444,2.5074,1.7088,-0.5632,0.5218,0.6408,1.0516,1.4673,0.26832,0.24817,2.5819,2.3993,-0.02015,0.9249,0,1,0,0.0,0.0,0.0,0.0,0.0,0.0,0,1,1,1,3.0343,5.0,1.9657,0.6069,1,2,2,2.257,-0.7773,0,1,0,0,0.5,0.4376,0.4333,0.0612,0.5372,0.5171,0.1458,0.5372,853.0,898.0,0.6063,0.5263,1.6267,1.5768,45.0,-0.08,AMBIGUOUS,0
7,18,8,9,69.4869,55.872,23.5193,66.0491,55.6224,22.2706,3.6661,-3.4378,-0.2497,-1.2487,1.2735,3.4378,-0.9377,-0.0681,-0.3406,2.1156,0.3704,0.26779,0.25339,2.5768,2.4497,-0.0144,0.9462,1,2,1,-1.0276,0.154,-0.447,1.1311,2.572,0.0228,0,2,2,1,3.6661,3.8631,0.197,0.949,0,1,1,3.6661,1.3339,0,1,0,2,1.5,0.4345,0.3881,0.1953,0.5815,0.5759,0.0806,0.5815,1058.0,894.0,0.669,0.6182,1.843,1.7838,-164.0,-0.0508,AMBIGUOUS,0
7,2,8,9,69.4869,55.872,23.5193,70.1639,55.1368,19.7877,3.8631,0.6769,-0.7353,-3.7316,3.8033,0.6769,0.1752,-0.1903,-0.966,0.4166,5.6185,0.26779,0.28454,2.5768,2.7508,0.01675,1.0625,1,2,1,-1.0276,0.154,-0.447,1.1311,3.8059,0.8034,0,2,2,2,3.6661,3.6661,-0.197,1.0537,1,2,2,2.5907,-1.2723,0,1,0,2,1.5,0.4345,0.3881,0.1953,0.3321,0.2889,0.1639,0.4345,1058.0,931.0,0.669,0.7093,1.843,1.9518,-127.0,0.0403,AMBIGUOUS,0
8,0,8,9,96.3953,50.6524,32.5336,95.1221,50.6721,31.1286,1.8962,-1.2732,0.0197,-1.405,1.4051,1.2732,-0.6715,0.0104,-0.7409,0.7835,1.1036,0.2654,0.29735,2.5537,2.8747,0.03196,1.1204,1,3,1,-1.4487,-0.0606,0.0366,1.4504,1.4544,0.3484,1,2,2,1,1.8962,3.3407,1.4446,0.5676,1,2,2,1.8962,1.8988,0,0,1,1,2.0,0.5371,0.5203,0.1331,0.776,0.7529,0.1876,0.776,811.0,730.0,0.6931,0.8364,1.7985,1.9772,-81.0,0.1433,AMBIGUOUS,0
8,1,8,9,96.3953,50.6524,32.5336,93.2237,50.9025,31.5145,3.3407,-3.1716,0.2501,-1.0191,1.0494,3.1716,-0.9494,0.0749,-0.3051,1.9518,0.3309,0.2654,0.29432,2.5537,2.8454,0.02892,1.109,1,3,1,-1.4487,-0.0606,0.0366,1.4504,2.0444,0.0626,1,2,2,2,1.8962,1.8962,-1.4446,1.7618,1,2,2,2.1224,-1.2183,0,0,1,2,3.0,0.5371,0.5203,0.1331,0.6349,0.5987,0.2113,0.6349,811.0,844.0,0.6931,0.6873,1.7985,1.753,33.0,-0.0058,AMBIGUOUS,0
9,10,8,9,72.4722,58.5479,37.7048,71.0576,58.6321,36.7995,1.6816,-1.4146,0.0842,-0.9053,0.9092,1.4146,-0.8412,0.0501,-0.5384,0.8705,0.6427,0.26454,0.26592,2.5455,2.5708,0.00138,1.0052,0,1,0,0.0,0.0,0.0,0.0,0.0,0.0,1,1,1,1,1.6816,5.0,3.3184,0.3363,1,1,1,1.6816,3.3184,0,0,0,0,1.0,0.659,0.6528,0.0902,0.4917,0.4424,0.2147,0.659,857.0,808.0,0.661,0.6259,1.8151,1.8155,-49.0,-0.0351,AMBIGUOUS,0
10,32,8,9,80.8373,68.9221,97.0909,79.1975,68.3142,94.2212,3.3606,-1.6398,-0.6079,-2.8697,2.9334,1.6398,-0.4879,-0.1809,-0.8539,1.0091,1.7889,0.2593,0.23228,2.4951,2.2456,-0.02703,0.8958,1,2,1,0.4818,-1.0282,-2.1039,2.3908,2.2944,0.2691,0,2,3,1,3.3606,3.3762,0.0156,0.9954,0,1,1,3.3606,1.6394,0,1,0,0,0.5,0.4359,0.4127,0.1404,0.4332,0.4275,0.0703,0.4359,871.0,737.0,0.5688,0.5699,1.5288,1.5045,-134.0,0.0011,AMBIGUOUS,0
10,69,8,9,80.8373,68.9221,97.0909,82.8228,67.5164,99.4321,3.3762,1.9855,-1.4056,2.3411,2.7307,1.9855,0.5881,-0.4163,0.6934,1.2219,1.3753,0.2593,0.19182,2.4951,1.8545,-0.06748,0.7397,1,2,1,0.4818,-1.0282,-2.1039,2.3908,4.7076,1.3126,0,2,3,2,3.3606,3.3606,-0.0156,1.0047,0,2,2,3.3762,0.5615,0,1,0,1,1.0,0.4359,0.4127,0.1404,0.1371,0.0522,0.1268,0.4359,871.0,691.0,0.5688,0.4394,1.5288,1.4724,-180.0,-0.1294,AMBIGUOUS,0
10,19,8,9,80.8373,68.9221,97.0909,79.0308,66.2891,100.7704,4.8718,-1.8065,-2.633,3.6795,4.5245,1.8065,-0.3708,-0.5404,0.7553,1.1117,2.5046,0.2593,0.25318,2.4951,2.4477,-0.00613,0.9764,1,2,1,0.4818,-1.0282,-2.1039,2.3908,6.4234,1.5069,0,2,3,3,3.3606,3.3606,-1.5112,1.4497,0,0,1,4.8718,0.1282,0,1,1,2,1.5,0.4359,0.4127,0.1404,0.5987,0.5942,0.0733,0.5987,871.0,891.0,0.5688,0.5745,1.5288,1.6125,20.0,0.0057,AMBIGUOUS,0
12,14,8,9,44.9873,70.7769,79.2664,41.1414,70.6592,78.9656,3.8594,-3.8459,-0.1177,-0.3007,0.3229,3.8459,-0.9965,-0.0305,-0.0779,2.3667,0.084,0.25828,0.2598,2.4853,2.5117,0.00152,1.0059,0,1,0,0.0,0.0,0.0,0.0,0.0,0.0,0,1,1,1,3.8594,5.0,1.1406,0.7719,0,1,1,3.8594,1.1406,0,1,0,1,1.0,0.5226,0.5127,0.1013,0.5394,0.5164,0.1557,0.5394,940.0,918.0,0.5607,0.6173,1.6354,1.7338,-22.0,0.0567,AMBIGUOUS,0
13,45,8,9,81.6289,63.8258,80.6298,81.1807,64.4639,82.0471,1.6177,-0.4483,0.6381,1.4173,1.5543,0.4483,-0.2771,0.3944,0.8761,0.2759,3.4673,0.25633,0.22465,2.4665,2.1718,-0.03169,0.8764,1,2,1,-1.7018,0.0448,-0.7677,1.8675,2.588,1.0982,2,2,2,1,1.6177,2.0025,0.3848,0.8078,1,1,2,1.6177,3.1058,0,1,0,1,1.0,0.4272,0.3789,0.1973,0.148,0.0693,0.1308,0.4272,769.0,752.0,0.6029,0.4935,1.5929,1.4775,-17.0,-0.1094,AMBIGUOUS,0
13,5,8,9,81.6289,63.8258,80.6298,80.9668,64.0323,78.7512,2.0025,-0.6621,0.2065,-1.8785,1.8899,0.6621,-0.3307,0.1031,-0.9381,0.4075,2.8541,0.25633,0.27288,2.4665,2.6381,0.01654,1.0645,1,2,1,-1.7018,0.0448,-0.7677,1.8675,1.53,0.3106,2,2,2,2,1.6177,1.6177,-0.3848,1.2379,1,1,1,2.0025,2.9975,0,1,0,1,1.0,0.4272,0.3789,0.1973,0.3287,0.2832,0.1668,0.4272,769.0,807.0,0.6029,0.6621,1.5929,1.7155,38.0,0.0591,AMBIGUOUS,0
14,4,8,9,97.4054,60.4055,79.1066,97.5413,60.4367,78.757,0.3764,0.1359,0.0312,-0.3497,0.3511,0.1359,0.3611,0.0829,-0.9288,0.0837,2.5825,0.25514,0.27315,2.455,2.6407,0.01801,1.0706,0,1,0,0.0,0.0,0.0,0.0,0.0,0.0,1,1,1,1,0.3764,5.0,4.6236,0.0753,2,2,2,0.3764,2.5026,1,1,0,0,0.5,0.1932,0.0946,0.1685,0.1172,0.0413,0.1097,0.1932,938.0,984.0,0.5476,0.641,1.6755,1.8697,46.0,0.0934,AMBIGUOUS,0
15,16,8,9,72.2841,57.4167,31.4536,71.4612,57.0596,30.3765,1.4017,-0.8229,-0.3571,-1.0771,1.1347,0.8229,-0.5871,-0.2548,-0.7684,0.5064,1.379,0.25378,0.2577,2.442,2.4914,0.00392,1.0155,0,1,0,0.0,0.0,0.0,0.0,0.0,0.0,1,2,2,1,1.4017,3.4885,2.0868,0.4018,1,1,1,1.4017,3.5983,0,0,1,1,2.0,0.8142,0.7841,0.2192,0.21,0.0388,0.2064,0.8142,951.0,929.0,0.6428,0.5771,1.7825,1.7843,-22.0,-0.0657,AMBIGUOUS,0
15,25,8,9,72.2841,57.4167,31.4536,68.9234,57.1686,30.5513,3.4885,-3.3606,-0.2482,-0.9022,0.9357,3.3606,-0.9634,-0.0711,-0.2586,2.0681,0.2784,0.25378,0.24066,2.442,2.3266,-0.01312,0.9483,0,1,0,0.0,0.0,0.0,0.0,0.0,0.0,1,2,2,2,1.4017,1.4017,-2.0868,2.4888,0,1,1,3.4885,1.5115,0,0,1,1,2.0,0.8142,0.7841,0.2192,0.6878,0.6734,0.1397,0.8142,951.0,880.0,0.6428,0.5415,1.7825,1.6768,-71.0,-0.1014,AMBIGUOUS,0
16,127,8,9,45.1336,64.3039,42.6893,45.1539,65.4352,43.4601,1.3691,0.0203,1.1313,0.7708,1.3689,0.0203,0.0148,0.8263,0.563,0.0125,67.3553,0.25272,0.06491,2.4317,0.6275,-0.18781,0.2568,0,1,0,0.0,0.0,0.0,0.0,0.0,0.0,1,1,2,1,1.3691,4.6226,3.2535,0.2962,1,1,1,1.3691,3.6309,0,0,0,1,2.0,0.3859,0.3664,0.121,0.3474,0.3461,0.0302,0.3859,795.0,301.0,0.6166,0.2315,1.6656,1.4555,-494.0,-0.3851,AMBIGUOUS,0
16,15,8,9,45.1336,64.3039,42.6893,40.5187,64.0576,42.7929,4.6226,-4.6148,-0.2463,0.1036,0.2672,4.6148,-0.9983,-0.0533,0.0224,2.8399,0.0579,0.25272,0.25839,2.4317,2.498,0.00568,1.0225,0,1,0,0.0,0.0,0.0,0.0,0.0,0.0,1,1,2,2,1.3691,1.3691,-3.2535,3.3765,0,0,1,4.6226,0.3774,0,0,0,1,2.0,0.3859,0.3664,0.121,0.2164,0.1063,0.1885,0.3859,795.0,826.0,0.6166,0.6257,1.6656,1.6734,31.0,0.0091,AMBIGUOUS,0
17,39,8,9,39.0289,58.1149,8.5586,37.7787,57.9937,7.5306,1.6231,-1.2502,-0.1212,-1.028,1.0351,1.2502,-0.7703,-0.0747,-0.6333,0.7694,0.8279,0.25083,0.22822,2.4136,2.2063,-0.02261,0.9098,0,1,0,0.0,0.0,0.0,0.0,0.0,0.0,1,1,2,1,1.6231,4.8695,3.2464,0.3333,1,1,1,1.6231,3.3769,0,0,0,1,2.0,0.0451,0.0289,0.0346,0.4565,0.4037,0.2131,0.4565,928.0,853.0,0.5452,0.517,1.5614,1.6192,-75.0,-0.0283,AMBIGUOUS,0
17,47,8,9,39.0289,58.1149,8.5586,34.4835,58.024,10.3029,4.8695,-4.5454,-0.0909,1.7443,1.7467,4.5454,-0.9335,-0.0187,0.3582,2.7972,0.3843,0.25083,0.22382,2.4136,2.1638,-0.02701,0.8923,0,1,0,0.0,0.0,0.0,0.0,0.0,0.0,1,1,2,2,1.6231,1.6231,-3.2464,3.0001,0,0,1,4.8695,0.1305,0,0,0,1,2.0,0.0451,0.0289,0.0346,0.3935,0.3585,0.1624,0.3935,928.0,798.0,0.5452,0.4283,1.5614,1.4341,-130.0,-0.1169,AMBIGUOUS,0
18,3,8,9,88.8494,58.052,52.5429,87.5233,58.474,53.6228,1.7615,-1.3261,0.4221,1.0799,1.1595,1.3261,-0.7528,0.2396,0.6131,0.8161,0.8743,0.25,0.27832,2.4056,2.6907,0.02832,1.1133,0,1,0,0.0,0.0,0.0,0.0,0.0,0.0,1,1,2,1,1.7615,4.7477,2.9862,0.371,2,2,2,0.7874,-0.9741,1,2,0,1,0.6667,0.5447,0.5256,0.1429,0.2282,0.2267,0.026,0.5447,856.0,862.0,0.4943,0.6123,1.6899,1.7174,6.0,0.118,AMBIGUOUS,0
18,9,8,9,88.8494,58.052,52.5429,84.4997,58.8685,54.2616,4.7477,-4.3497,0.8165,1.7187,1.9028,4.3497,-0.9162,0.172,0.362,2.6767,0.4374,0.25,0.26661,2.4056,2.5775,0.01661,1.0664,0,1,0,0.0,0.0,0.0,0.0,0.0,0.0,1,1,2,2,1.7615,1.7615,-2.9862,2.6952,1,1,2,2.6925,-2.0552,1,2,0,1,0.6667,0.5447,0.5256,0.1429,0.1799,0.0003,0.1799,0.5447,856.0,957.0,0.4943,0.6591,1.6899,1.7989,101.0,0.1647,AMBIGUOUS,0
19,4,8,9,100.2569,60.1943,79.6821,97.5413,60.4367,78.757,2.879,-2.7155,0.2424,-0.9252,0.9564,2.7155,-0.9432,0.0842,-0.3214,1.6711,0.3522,0.24886,0.27315,2.3946,2.6407,0.02429,1.0976,1,3,1,0.1154,-0.125,-0.7924,0.8105,2.8578,0.8331,1,1,1,1,2.879,5.0,2.121,0.5758,2,2,2,0.3764,-2.5026,1,1,0,0,0.5,0.5013,0.4931,0.0898,0.1172,0.0413,0.1097,0.5013,896.0,984.0,0.5351,0.641,1.648,1.8697,88.0,0.1059,AMBIGUOUS,0
20,58,8,9,37.3234,62.7821,23.7001,33.7004,61.8601,22.3023,3.9913,-3.623,-0.922,-1.3978,1.6745,3.623,-0.9077,-0.231,-0.3502,2.2295,0.4622,0.24771,0.20728,2.3836,2.0039,-0.04043,0.8368,1,2,1,1.381,0.4753,0.7865,1.6589,5.636,1.988,0,1,1,1,3.9913,5.0,1.0087,0.7983,1,2,3,1.0327,-2.9585,0,1,0,2,1.5,0.2376,0.0516,0.2319,0.4406,0.4246,0.1176,0.4406,946.0,766.0,0.5379,0.4162,1.5797,1.4464,-180.0,-0.1216,AMBIGUOUS,0
21,61,8,9,63.2991,64.0334,58.2522,62.6976,64.7824,57.9411,1.0097,-0.6015,0.7489,-0.311,0.811,0.6015,-0.5957,0.7418,-0.3081,0.3701,1.3483,0.24692,0.2012,2.3759,1.9451,-0.04572,0.8148,0,1,0,0.0,0.0,0.0,0.0,0.0,0.0,1,1,2,1,1.0097,4.4731,3.4634,0.2257,1,1,1,1.0097,3.9903,0,0,0,1,2.0,0.2337,0.0759,0.221,0.7195,0.6774,0.2426,0.7195,800.0,644.0,0.5738,0.4946,1.57,1.6154,-156.0,-0.0792,AMBIGUOUS,0
21,59,8,9,63.2991,64.0334,58.2522,59.0492,64.2523,56.874,4.4731,-4.2499,0.2188,-1.3781,1.3954,4.2499,-0.9501,0.0489,-0.3081,2.6153,0.3283,0.24692,0.20707,2.3759,2.0019,-0.03985,0.8386,0,1,0,0.0,0.0,0.0,0.0,0.0,0.0,1,1,2,2,1.0097,1.0097,-3.4634,4.4303,0,0,1,4.4731,0.5269,0,0,0,1,2.0,0.2337,0.0759,0.221,0.553,0.5492,0.0648,0.553,800.0,708.0,0.5738,0.4785,1.57,1.4792,-92.0,-0.0952,AMBIGUOUS,0
22,38,8,9,97.5212,61.863,87.4425,97.8544,61.8172,87.8156,0.5023,0.3332,-0.0458,0.3731,0.3759,0.3332,0.6633,-0.0912,0.7428,0.205,1.1282,0.24557,0.22873,2.363,2.2113,-0.01684,0.9314,1,2,1,-2.1631,0.3191,-1.0398,2.4211,2.8915,1.9236,1,1,1,1,0.5023,5.0,4.4977,0.1005,1,1,1,0.5023,4.4977,0,0,0,0,1.0,0.1516,0.0212,0.1501,0.3666,0.3544,0.0939,0.3666,1022.0,1062.0,0.5336,0.5174,1.7086,1.7042,40.0,-0.0162,AMBIGUOUS,0
24,22,8,9,29.6817,59.5453,6.7364,25.4944,59.5585,5.6077,4.3368,-4.1873,0.0132,-1.1286,1.1287,4.1873,-0.9655,0.003,-0.2602,2.5768,0.2696,0.24045,0.24766,2.3137,2.3943,0.00721,1.03,0,1,0,0.0,0.0,0.0,0.0,0.0,0.0,0,0,1,1,4.3368,5.0,0.6632,0.8674,2,2,4,0.7974,-3.5393,0,3,0,2,0.75,0.4953,0.4317,0.2428,0.5364,0.5056,0.179,0.5364,939.0,872.0,0.5969,0.5783,1.7136,1.6816,-67.0,-0.0186,AMBIGUOUS,0
25,20,8,9,97.2695,44.4948,12.73,96.1394,44.8029,11.7141,1.5505,-1.1301,0.3082,-1.0159,1.0616,1.1301,-0.7289,0.1987,-0.6552,0.6954,0.9394,0.23886,0.25243,2.2984,2.4404,0.01357,1.0568,1,2,1,-2.542,0.1284,-1.5413,2.9755,1.5172,0.0294,1,1,2,1,1.5505,4.7178,3.1673,0.3287,1,1,1,1.5505,3.4495,0,1,0,0,0.5,0.3299,0.2305,0.236,0.2962,0.2644,0.1335,0.3299,795.0,790.0,0.6411,0.6088,1.7229,1.624,-5.0,-0.0322,AMBIGUOUS,0
25,8,8,9,97.2695,44.4948,12.73,97.0082,45.8658,17.2366,4.7178,-0.2613,1.3711,4.5066,4.7106,0.2613,-0.0554,0.2906,0.9552,0.1608,18.0278,0.23886,0.26904,2.2984,2.601,0.03018,1.1264,1,2,1,-2.542,0.1284,-1.5413,2.9755,6.582,1.4349,1,1,2,2,1.5505,1.5505,-3.1673,3.0427,1,1,2,1.0128,-3.705,0,1,0,0,0.5,0.3299,0.2305,0.236,0.5233,0.4918,0.1788,0.5233,795.0,790.0,0.6411,0.6075,1.7229,1.644,-5.0,-0.0336,AMBIGUOUS,0
26,17,8,9,54.6576,53.1475,1.9964,49.8693,52.8018,1.0303,4.897,-4.7883,-0.3457,-0.9661,1.0261,4.7883,-0.9778,-0.0706,-0.1973,2.9466,0.2143,0.23807,0.2534,2.2908,2.4498,0.01533,1.0644,1,2,1,-0.8216,1.4738,-1.6655,2.3709,4.4197,0.5664,0,0,1,1,4.897,5.0,0.103,0.9794,1,1,2,1.2564,-3.6406,0,1,0,0,0.5,0.5977,0.5924,0.0793,0.5398,0.5057,0.1888,0.5977,916.0,945.0,0.6042,0.9652,1.737,2.0704,29.0,0.361,AMBIGUOUS,0
27,89,8,9,45.4329,70.2244,76.0246,45.7264,70.125,74.0076,2.0407,0.2935,-0.0994,-2.017,2.0195,0.2935,0.1438,-0.0487,-0.9884,0.1806,6.8809,0.23745,0.15626,2.2849,1.5107,-0.08119,0.6581,0,1,0,0.0,0.0,0.0,0.0,0.0,0.0,1,2,2,1,2.0407,3.8896,1.8489,0.5247,1,1,1,2.0407,2.9593,0,1,0,1,1.0,0.1041,0.0671,0.0797,0.2839,0.2264,0.1713,0.2839,923.0,566.0,0.5158,0.5319,1.5282,1.6614,-357.0,0.0161,AMBIGUOUS,0
27,34,8,9,45.4329,70.2244,76.0246,41.6328,69.8777,75.2713,3.8896,-3.8001,-0.3467,-0.7533,0.8293,3.8001,-0.977,-0.0891,-0.1937,2.3385,0.2182,0.23745,0.23157,2.2849,2.2387,-0.00588,0.9752,0,1,0,0.0,0.0,0.0,0.0,0.0,0.0,1,2,2,2,2.0407,2.0407,-1.8489,1.906,0,1,1,3.8896,1.1104,0,1,0,2,1.5,0.1041,0.0671,0.0797,0.6278,0.6172,0.1151,0.6278,923.0,829.0,0.5158,0.5109,1.5282,1.5119,-94.0,-0.0049,AMBIGUOUS,0
28,8,8,9,97.913,45.5232,17.536,97.0082,45.8658,17.2366,1.0128,-0.9048,0.3426,-0.2994,0.455,0.9048,-0.8934,0.3383,-0.2956,0.5568,0.5029,0.23561,0.26904,2.2672,2.601,0.03343,1.1419,0,1,0,0.0,0.0,0.0,0.0,0.0,0.0,1,1,1,1,1.0128,5.0,3.9872,0.2026,1,1,2,1.0128,3.705,0,1,0,0,0.5,0.4191,0.413,0.0712,0.5233,0.4918,0.1788,0.5233,803.0,790.0,0.4976,0.6075,1.4978,1.644,-13.0,0.1099,AMBIGUOUS,0
29,27,8,9,65.0371,52.7416,9.023,62.8094,52.7759,7.5797,2.6546,-2.2277,0.0343,-1.4433,1.4438,2.2277,-0.8392,0.0129,-0.5437,1.3709,0.6481,0.235,0.23831,2.2612,2.3039,0.00331,1.0141,0,1,0,0.0,0.0,0.0,0.0,0.0,0.0,1,1,1,1,2.6546,5.0,2.3454,0.5309,1,1,1,2.6546,2.3454,0,0,0,0,1.0,0.1171,0.0371,0.1111,0.5836,0.5656,0.1438,0.5836,777.0,748.0,0.5797,0.5789,1.6046,1.6197,-29.0,-0.0007,AMBIGUOUS,0
31,132,8,9,48.5439,63.136,34.3009,50.7949,64.5889,35.4675,2.9221,2.2509,1.453,1.1666,1.8633,2.2509,0.7703,0.4972,0.3992,1.3852,0.8278,0.23201,0.04646,2.2325,0.4492,-0.18555,0.2003,0,1,0,0.0,0.0,0.0,0.0,0.0,0.0,1,1,1,1,2.9221,5.0,2.0779,0.5844,1,1,1,2.9221,2.0779,0,2,0,0,0.3333,0.3184,0.2061,0.2427,0.4377,0.4199,0.1238,0.4377,945.0,292.0,0.4433,0.2137,1.5213,1.2282,-653.0,-0.2296,AMBIGUOUS,0
32,40,8,9,46.8332,62.5798,29.2676,45.467,62.8837,29.7758,1.489,-1.3662,0.304,0.5082,0.5921,1.3662,-0.9175,0.2042,0.3413,0.8407,0.4334,0.23003,0.22724,2.2135,2.1969,-0.00279,0.9879,0,1,0,0.0,0.0,0.0,0.0,0.0,0.0,1,1,2,1,1.489,4.9323,3.4433,0.3019,1,3,3,1.489,1.5256,1,2,0,1,0.6667,0.2928,0.2918,0.0247,0.1503,0.033,0.1467,0.2928,870.0,868.0,0.4824,0.4372,1.5471,1.54,-2.0,-0.0452,AMBIGUOUS,0
32,49,8,9,46.8332,62.5798,29.2676,42.0044,62.9454,28.3315,4.9323,-4.8288,0.3656,-0.9361,1.005,4.8288,-0.979,0.0741,-0.1898,2.9716,0.2081,0.23003,0.22175,2.2135,2.1438,-0.00828,0.964,0,1,0,0.0,0.0,0.0,0.0,0.0,0.0,1,1,2,2,1.489,1.489,-3.4433,3.3124,0,0,2,4.9231,-0.0092,1,2,0,2,1.0,0.2928,0.2918,0.0247,0.2686,0.2456,0.1086,0.2928,870.0,909.0,0.4824,0.5049,1.5471,1.6162,39.0,0.0225,AMBIGUOUS,0
33,29,8,9,62.4295,65.6227,63.7472,58.1902,65.619,62.1689,4.5236,-4.2393,-0.0037,-1.5783,1.5783,4.2393,-0.9372,-0.0008,-0.3489,2.6088,0.3723,0.22982,0.23741,2.2114,2.2952,0.00759,1.033,1,2,1,-2.784,0.7924,0.25,2.9054,2.4687,0.1322,0,0,1,1,4.5236,5.0,0.4764,0.9047,0,0,2,4.1659,-0.3577,0,0,0,0,1.0,0.7063,0.6795,0.1928,0.3655,0.3098,0.1939,0.7063,860.0,869.0,0.5232,0.5446,1.5791,1.5762,9.0,0.0214,AMBIGUOUS,0
34,31,8,9,58.2827,69.1279,81.9346,55.548,69.5273,83.2337,3.0539,-2.7347,0.3994,1.2991,1.3592,2.7347,-0.8955,0.1308,0.4254,1.6829,0.497,0.22949,0.23429,2.2082,2.265,0.0048,1.0209,0,1,0,0.0,0.0,0.0,0.0,0.0,0.0,0,2,2,1,3.0539,3.4322,0.3783,0.8898,0,2,2,3.0204,-0.0335,1,1,1,1,1.0,0.2605,0.2173,0.1437,0.3074,0.298,0.0754,0.3074,913.0,804.0,0.4733,0.5005,1.4968,1.5194,-109.0,0.0272,AMBIGUOUS,0
34,35,8,9,58.2827,69.1279,81.9346,55.2114,69.2956,80.4119,3.4322,-3.0713,0.1677,-1.5227,1.5319,3.0713,-0.8949,0.0489,-0.4437,1.89,0.4988,0.22949,0.23156,2.2082,2.2386,0.00207,1.009,0,1,0,0.0,0.0,0.0,0.0,0.0,0.0,0,2,2,2,3.0539,3.0539,-0.3783,1.1239,0,1,2,3.4322,0.8521,1,1,1,1,1.0,0.2605,0.2173,0.1437,0.1792,0.0386,0.175,0.2605,913.0,802.0,0.4733,0.4824,1.4968,1.4763,-111.0,0.0091,AMBIGUOUS,0
35,40,8,9,48.4401,62.848,30.2727,45.467,62.8837,29.7758,3.0146,-2.9731,0.0357,-0.497,0.4983,2.9731,-0.9862,0.0119,-0.1649,1.8296,0.1676,0.22659,0.22724,2.1804,2.1969,0.00065,1.0029,1,2,1,-1.7305,0.5125,-0.5621,1.8903,1.3325,0.0449,0,1,1,1,3.0146,5.0,1.9854,0.6029,1,3,3,1.489,-1.5256,1,2,0,1,0.6667,0.3861,0.3099,0.2302,0.1503,0.033,0.1467,0.3861,935.0,868.0,0.4415,0.4372,1.5647,1.54,-67.0,-0.0044,AMBIGUOUS,0
36,41,8,9,32.9428,63.0495,26.1722,31.084,63.1929,25.1618,2.1205,-1.8588,0.1433,-1.0104,1.0205,1.8588,-0.8766,0.0676,-0.4765,1.1439,0.549,0.22443,0.22702,2.1596,2.1947,0.00258,1.0115,0,1,0,0.0,0.0,0.0,0.0,0.0,0.0,1,1,2,1,2.1205,4.1188,1.9983,0.5148,1,2,2,2.1205,1.7749,0,1,0,1,1.0,0.4819,0.4428,0.1902,0.2784,0.209,0.1839,0.4819,854.0,807.0,0.4333,0.514,1.4275,1.5199,-47.0,0.0806,AMBIGUOUS,0
36,58,8,9,32.9428,63.0495,26.1722,33.7004,61.8601,22.3023,4.1188,0.7577,-1.1894,-3.8699,4.0485,0.7577,0.1839,-0.2888,-0.9396,0.4662,5.3435,0.22443,0.20728,2.1596,2.0039,-0.01716,0.9235,0,1,0,0.0,0.0,0.0,0.0,0.0,0.0,1,1,2,2,2.1205,2.1205,-1.9983,1.9424,1,2,3,1.0327,-3.0861,0,1,0,2,1.5,0.4819,0.4428,0.1902,0.4406,0.4246,0.1176,0.4819,854.0,766.0,0.4333,0.4162,1.4275,1.4464,-88.0,-0.0171,AMBIGUOUS,0
37,31,8,9,58.1644,69.4466,84.7406,55.548,69.5273,83.2337,3.0204,-2.6164,0.0808,-1.5068,1.509,2.6164,-0.8663,0.0267,-0.4989,1.6101,0.5767,0.22381,0.23429,2.1535,2.265,0.01048,1.0468,1,3,1,-2.427,0.399,0.9766,2.6464,2.5109,0.3856,0,1,1,1,3.0204,5.0,1.9796,0.6041,0,2,2,3.0204,0.0335,1,1,1,1,1.0,0.3749,0.3356,0.1672,0.3074,0.298,0.0754,0.3749,879.0,804.0,0.4597,0.5005,1.4874,1.5194,-75.0,0.0407,AMBIGUOUS,0
38,54,8,9,42.4794,66.2849,48.581,38.2609,66.6647,48.6003,4.2356,-4.2185,0.3798,0.0192,0.3803,4.2185,-0.996,0.0897,0.0045,2.596,0.0902,0.22332,0.213,2.1489,2.0592,-0.01032,0.9538,0,1,0,0.0,0.0,0.0,0.0,0.0,0.0,0,0,1,1,4.2356,5.0,0.7644,0.8471,0,1,2,3.1025,-1.1331,1,1,0,0,0.5,0.2925,0.2294,0.1815,0.7552,0.7391,0.1549,0.7552,751.0,703.0,0.5398,0.545,1.5521,1.5431,-48.0,0.0053,AMBIGUOUS,0
39,80,8,9,61.9964,63.6677,48.7698,62.8216,63.416,47.2539,1.7442,0.8252,-0.2518,-1.5158,1.5366,0.8252,0.4731,-0.1443,-0.8691,0.5078,1.862,0.22317,0.18105,2.1474,1.7503,-0.04212,0.8113,0,1,0,0.0,0.0,0.0,0.0,0.0,0.0,1,1,2,1,1.7442,4.1107,2.3666,0.4243,1,1,3,1.7442,2.3966,0,1,0,1,1.0,0.272,0.2464,0.1152,0.5697,0.5534,0.1353,0.5697,713.0,558.0,0.5909,0.5908,1.6229,1.7139,-155.0,-0.0001,AMBIGUOUS,0
39,62,8,9,61.9964,63.6677,48.7698,58.0549,63.4994,47.6146,4.1107,-3.9415,-0.1683,-1.1551,1.1673,3.9415,-0.9588,-0.0409,-0.281,2.4255,0.2962,0.22317,0.20063,2.1474,1.9396,-0.02254,0.899,0,1,0,0.0,0.0,0.0,0.0,0.0,0.0,1,1,2,2,1.7442,1.7442,-2.3666,2.3569,1,1,3,1.181,-2.9298,0,1,0,1,1.0,0.272,0.2464,0.1152,0.4696,0.4451,0.1498,0.4696,713.0,668.0,0.5909,0.5008,1.6229,1.5145,-45.0,-0.0901,AMBIGUOUS,0
41,42,8,9,78.2906,63.8,68.4043,79.2687,63.6593,67.7573,1.1812,0.9781,-0.1407,-0.647,0.6621,0.9781,0.8281,-0.1191,-0.5478,0.6019,0.6769,0.2202,0.22589,2.1188,2.1838,0.00569,1.0258,1,2,1,-0.1479,-0.3076,-0.9964,1.0532,1.1907,0.5633,2,2,3,1,1.1812,2.6089,1.4278,0.4527,3,3,6,1.1812,0.2563,2,3,0,2,0.75,0.3295,0.2906,0.1554,0.3864,0.3563,0.1495,0.3864,918.0,728.0,0.4188,0.5313,1.4618,1.6641,-190.0,0.1126,AMBIGUOUS,0
41,33,8,9,78.2906,63.8,68.4043,75.7609,63.7872,67.7661,2.6089,-2.5297,-0.0128,-0.6382,0.6383,2.5297,-0.9696,-0.0049,-0.2446,1.5567,0.2523,0.2202,0.23183,2.1188,2.2413,0.01163,1.0528,1,2,1,-0.1479,-0.3076,-0.9964,1.0532,2.4265,0.631,2,2,3,2,1.1812,1.1812,-1.4278,2.2088,2,3,4,0.6569,-1.952,2,3,0,2,0.75,0.3295,0.2906,0.1554,0.619,0.6141,0.0779,0.619,918.0,834.0,0.4188,0.4885,1.4618,1.5838,-84.0,0.0698,AMBIGUOUS,0
41,44,8,9,78.2906,63.8,68.4043,79.2132,62.8805,64.5217,4.0952,0.9226,-0.9195,-3.8825,3.9899,0.9226,0.2253,-0.2245,-0.9481,0.5678,4.3245,0.2202,0.22534,2.1188,2.1786,0.00515,1.0234,1,2,1,-0.1479,-0.3076,-0.9964,1.0532,3.1385,0.0691,2,2,3,3,1.1812,1.1812,-2.914,3.4671,2,2,4,1.9324,-2.1628,2,3,0,2,0.75,0.3295,0.2906,0.1554,0.4273,0.4118,0.1139,0.4273,918.0,731.0,0.4188,0.4945,1.4618,1.5903,-187.0,0.0758,AMBIGUOUS,0
42,74,8,9,29.0555,66.1041,37.5297,25.3699,65.3203,35.6753,4.1997,-3.6857,-0.7838,-1.8544,2.0133,3.6857,-0.8776,-0.1866,-0.4416,2.2681,0.5462,0.21938,0.18693,2.111,1.8072,-0.03245,0.8521,0,1,0,0.0,0.0,0.0,0.0,0.0,0.0,0,0,1,1,4.1997,5.0,0.8003,0.8399,0,0,1,4.1997,0.8003,0,1,0,0,0.5,0.2737,0.1945,0.1926,0.6404,0.6301,0.1139,0.6404,899.0,836.0,0.4662,0.3763,1.4872,1.4481,-63.0,-0.0899,AMBIGUOUS,0
44,33,8,9,75.1438,63.5743,67.6924,75.7609,63.7872,67.7661,0.6569,0.6171,0.2129,0.0737,0.2253,0.6171,0.9393,0.3241,0.1122,0.3797,0.3651,0.21663,0.23183,2.0845,2.2413,0.0152,1.0702,0,1,0,0.0,0.0,0.0,0.0,0.0,0.0,1,1,2,1,0.6569,4.1262,3.4693,0.1592,2,3,4,0.6569,1.952,0,2,0,2,1.0,0.4666,0.3938,0.2502,0.619,0.6141,0.0779,0.619,881.0,834.0,0.4024,0.4885,1.4719,1.5838,-47.0,0.0861,AMBIGUOUS,0
44,42,8,9,75.1438,63.5743,67.6924,79.2687,63.6593,67.7573,4.1262,4.1249,0.085,0.0649,0.1069,4.1249,0.9997,0.0206,0.0157,2.5384,0.0259,0.21663,0.22589,2.0845,2.1838,0.00926,1.0428,0,1,0,0.0,0.0,0.0,0.0,0.0,0.0,1,1,2,2,0.6569,0.6569,-3.4693,6.281,3,3,6,1.1812,-2.9451,0,2,0,2,1.0,0.4666,0.3938,0.2502,0.3864,0.3563,0.1495,0.4666,881.0,728.0,0.4024,0.5313,1.4719,1.6641,-153.0,0.1289,AMBIGUOUS,0
45,42,8,9,80.5056,63.5571,68.4824,79.2687,63.6593,67.7573,1.4375,-1.237,0.1022,-0.7251,0.7323,1.237,-0.8605,0.0711,-0.5045,0.7612,0.592,0.21504,0.22589,2.0692,2.1838,0.01086,1.0505,0,1,0,0.0,0.0,0.0,0.0,0.0,0.0,1,1,3,1,1.4375,4.2208,2.7833,0.3406,3,3,6,1.1812,-0.2563,2,3,0,2,0.75,0.7858,0.7444,0.2518,0.3864,0.3563,0.1495,0.7858,725.0,728.0,0.4865,0.5313,1.6148,1.6641,3.0,0.0449,AMBIGUOUS,0
45,44,8,9,80.5056,63.5571,68.4824,79.2132,62.8805,64.5217,4.2208,-1.2924,-0.6766,-3.9607,4.018,1.2924,-0.3062,-0.1603,-0.9384,0.7953,3.1089,0.21504,0.22534,2.0692,2.1786,0.01031,1.0479,0,1,0,0.0,0.0,0.0,0.0,0.0,0.0,1,1,3,2,1.4375,1.4375,-2.7833,2.9362,2,2,4,1.9324,-2.2884,2,3,0,2,0.75,0.7858,0.7444,0.2518,0.4273,0.4118,0.1139,0.7858,725.0,731.0,0.4865,0.4945,1.6148,1.5903,6.0,0.008,AMBIGUOUS,0
45,33,8,9,80.5056,63.5571,68.4824,75.7609,63.7872,67.7661,4.804,-4.7447,0.2301,-0.7163,0.7523,4.7447,-0.9877,0.0479,-0.1491,2.9198,0.1586,0.21504,0.23183,2.0692,2.2413,0.0168,1.0781,0,1,0,0.0,0.0,0.0,0.0,0.0,0.0,1,1,3,3,1.4375,1.4375,-3.3665,3.342,2,3,4,0.6569,-4.1471,2,3,0,2,0.75,0.7858,0.7444,0.2518,0.619,0.6141,0.0779,0.7858,725.0,834.0,0.4865,0.4885,1.6148,1.5838,109.0,0.0021,AMBIGUOUS,0
46,22,8,9,28.8724,58.3148,3.2237,25.4944,59.5585,5.6077,4.3176,-3.3781,1.2436,2.3841,2.6889,3.3781,-0.7824,0.288,0.5522,2.0788,0.796,0.21465,0.24766,2.0655,2.3943,0.03301,1.1538,0,1,0,0.0,0.0,0.0,0.0,0.0,0.0,0,0,2,1,4.3176,4.4096,0.092,0.9791,2,2,4,0.7974,-3.5202,1,3,0,2,0.75,0.4214,0.3776,0.187,0.5364,0.5056,0.179,0.5364,891.0,872.0,0.3983,0.5783,1.4505,1.6816,-19.0,0.18,AMBIGUOUS,0
46,60,8,9,28.8724,58.3148,3.2237,24.4927,58.5265,2.757,4.4096,-4.3797,0.2117,-0.4667,0.5125,4.3797,-0.9932,0.048,-0.1058,2.6952,0.117,0.21465,0.20142,2.0655,1.9472,-0.01324,0.9383,0,1,0,0.0,0.0,0.0,0.0,0.0,0.0,0,0,2,2,4.3176,4.3176,-0.092,1.0213,1,2,3,2.2192,-2.1904,1,3,0,2,0.75,0.4214,0.3776,0.187,0.1487,0.1177,0.0907,0.4214,891.0,892.0,0.3983,0.403,1.4505,1.5097,1.0,0.0047,AMBIGUOUS,0
47,133,8,9,44.8127,66.6728,49.1597,49.0007,67.278,47.6427,4.4953,4.1881,0.6053,-1.517,1.6333,4.1881,0.9317,0.1346,-0.3375,2.5773,0.39,0.2143,0.0452,2.0621,0.4369,-0.1691,0.2109,1,2,1,0.676,0.3279,-0.219,0.7826,3.7545,0.0444,0,0,1,1,4.4953,5.0,0.5047,0.8991,0,0,1,4.4953,0.5047,1,1,0,0,0.5,0.689,0.6873,0.0479,0.3173,0.2507,0.1945,0.689,640.0,268.0,0.6641,0.2277,1.8354,1.2258,-372.0,-0.4364,AMBIGUOUS,0
48,43,8,9,31.1879,65.1811,33.1925,29.47,64.7469,32.1627,2.0495,-1.7179,-0.4343,-1.0298,1.1176,1.7179,-0.8382,-0.2119,-0.5025,1.0572,0.6506,0.21415,0.22561,2.0607,2.1811,0.01146,1.0535,0,1,0,0.0,0.0,0.0,0.0,0.0,0.0,1,1,1,1,2.0495,5.0,2.9505,0.4099,1,1,1,2.0495,2.9505,0,1,0,0,0.5,0.381,0.3129,0.2173,0.2768,0.22,0.1679,0.381,879.0,890.0,0.4549,0.5202,1.522,1.6478,11.0,0.0653,AMBIGUOUS,0
49,28,8,9,26.2107,71.0006,63.9994,24.3902,72.8262,62.1255,3.1873,-1.8204,1.8257,-1.8739,2.6162,1.8204,-0.5712,0.5728,-0.5879,1.1203,1.4371,0.21384,0.23801,2.0577,2.301,0.02417,1.113,0,1,0,0.0,0.0,0.0,0.0,0.0,0.0,0,1,2,1,3.1873,4.3797,1.1925,0.7277,0,2,3,3.1873,0.473,0,1,0,2,1.5,0.2974,0.2107,0.2099,0.1128,0.0152,0.1118,0.2974,918.0,918.0,0.4256,0.5017,1.4193,1.5175,0.0,0.0761,AMBIGUOUS,0
49,131,8,9,26.2107,71.0006,63.9994,28.6877,72.8819,60.9161,4.3797,2.477,1.8814,-3.0833,3.612,2.477,0.5656,0.4296,-0.704,1.5243,1.4582,0.21384,0.05479,2.0577,0.5297,-0.15905,0.2562,0,1,0,0.0,0.0,0.0,0.0,0.0,0.0,0,1,2,2,3.1873,3.1873,-1.1925,1.3741,1,1,2,1.8986,-2.4812,0,1,0,1,1.0,0.2974,0.2107,0.2099,0.5859,0.5623,0.1646,0.5859,918.0,365.0,0.4256,0.1549,1.4193,1.3364,-553.0,-0.2707,AMBIGUOUS,0
50,21,8,9,48.466,57.2562,14.4755,46.6079,57.6668,13.2619,2.257,-1.8581,0.4106,-1.2136,1.2812,1.8581,-0.8233,0.1819,-0.5377,1.1434,0.6895,0.21371,0.24817,2.0564,2.3993,0.03446,1.1612,0,1,0,0.0,0.0,0.0,0.0,0.0,0.0,1,1,2,1,2.257,4.0872,1.8303,0.5522,1,2,2,2.257,0.7773,0,1,0,0,0.5,0.3219,0.284,0.1516,0.5372,0.5171,0.1458,0.5372,800.0,898.0,0.449,0.5263,1.4948,1.5768,98.0,0.0774,AMBIGUOUS,0
50,111,8,9,48.466,57.2562,14.4755,50.5647,60.4329,15.9618,4.0872,2.0987,3.1768,1.4863,3.5073,2.0987,0.5135,0.7772,0.3636,1.2915,1.6712,0.21371,0.09758,2.0564,0.9434,-0.11613,0.4566,0,1,0,0.0,0.0,0.0,0.0,0.0,0.0,1,1,2,2,2.257,2.257,-1.8303,1.8109,0,0,1,4.0872,0.9128,0,1,0,1,1.0,0.3219,0.284,0.1516,0.2441,0.1897,0.1537,0.3219,800.0,502.0,0.449,0.2648,1.4948,1.2076,-298.0,-0.1842,AMBIGUOUS,0
51,17,8,9,50.8534,52.5918,1.7826,49.8693,52.8018,1.0303,1.2564,-0.9841,0.21,-0.7523,0.781,0.9841,-0.7833,0.1671,-0.5988,0.6056,0.7937,0.21313,0.2534,2.0508,2.4498,0.04027,1.1889,0,1,0,0.0,0.0,0.0,0.0,0.0,0.0,1,1,1,1,1.2564,5.0,3.7436,0.2513,1,1,2,1.2564,3.6406,0,1,0,0,0.5,0.5368,0.4784,0.2434,0.5398,0.5057,0.1888,0.5398,901.0,945.0,0.4973,0.9652,1.6365,2.0704,44.0,0.4679,AMBIGUOUS,0
52,26,8,9,56.2784,58.941,25.6785,54.8936,59.449,25.6547,1.4752,-1.3848,0.508,-0.0238,0.5085,1.3848,-0.9387,0.3443,-0.0162,0.8522,0.3672,0.21229,0.23966,2.0428,2.317,0.02737,1.1289,1,3,1,-1.596,0.8779,-0.6718,1.9414,0.7754,0.067,2,2,2,1,1.4752,2.5798,1.1046,0.5718,1,2,3,1.4752,2.2072,0,2,0,2,1.0,0.6036,0.5966,0.0916,0.3864,0.3564,0.1495,0.6036,931.0,891.0,0.4527,0.5301,1.4902,1.6387,-40.0,0.0774,AMBIGUOUS,0
52,55,8,9,56.2784,58.941,25.6785,56.3953,58.9669,23.1015,2.5798,0.1169,0.0259,-2.577,2.5771,0.1169,0.0453,0.01,-0.9989,0.0719,22.0462,0.21229,0.21195,2.0428,2.0491,-0.00034,0.9984,1,3,1,-1.596,0.8779,-0.6718,1.9414,2.6999,0.687,2,2,2,2,1.4752,1.4752,-1.1046,1.7488,2,2,4,2.1517,-0.4281,0,2,0,1,0.6667,0.6036,0.5966,0.0916,0.4866,0.4797,0.0817,0.6036,931.0,820.0,0.4527,0.4285,1.4902,1.5945,-111.0,-0.0242,AMBIGUOUS,0
53,106,8,9,85.6253,63.3752,80.8759,87.1348,63.6403,80.9688,1.5354,1.5095,0.2651,0.0929,0.2809,1.5095,0.9831,0.1727,0.0605,0.9289,0.1861,0.21196,0.10694,2.0396,1.0339,-0.10502,0.5045,0,1,0,0.0,0.0,0.0,0.0,0.0,0.0,1,1,2,1,1.5354,4.7235,3.1881,0.3251,1,1,1,1.5354,3.4646,0,1,0,0,0.5,0.5008,0.4997,0.0321,0.6434,0.6152,0.1884,0.6434,781.0,483.0,0.4793,0.3222,1.4976,1.3941,-298.0,-0.1571,AMBIGUOUS,0
53,45,8,9,85.6253,63.3752,80.8759,81.1807,64.4639,82.0471,4.7235,-4.4446,1.0887,1.1712,1.599,4.4446,-0.941,0.2305,0.2479,2.7351,0.3598,0.21196,0.22465,2.0396,2.1718,0.01268,1.0598,0,1,0,0.0,0.0,0.0,0.0,0.0,0.0,1,1,2,2,1.5354,1.5354,-3.1881,3.0764,1,1,2,1.6177,-3.1058,0,1,0,1,1.0,0.5008,0.4997,0.0321,0.148,0.0693,0.1308,0.5008,781.0,752.0,0.4793,0.4935,1.4976,1.4775,-29.0,0.0142,AMBIGUOUS,0
55,118,8,9,44.8092,67.0046,57.9544,47.3754,68.7957,59.5974,3.5345,2.5662,1.7911,1.6429,2.4305,2.5662,0.726,0.5068,0.4648,1.5792,0.9471,0.21134,0.09058,2.0336,0.8757,-0.12076,0.4286,1,2,1,0.6995,0.3435,-1.2045,1.4346,3.6997,0.9149,0,1,2,1,3.5345,4.3652,0.8308,0.8097,0,1,1,3.5345,1.4655,0,0,0,0,1.0,0.7052,0.6908,0.1418,0.3112,0.2504,0.1849,0.7052,651.0,436.0,0.5725,0.3384,1.6264,1.352,-215.0,-0.2341,AMBIGUOUS,0
55,134,8,9,44.8092,67.0046,57.9544,47.6021,67.5796,54.6492,4.3652,2.7929,0.575,-3.3053,3.3549,2.7929,0.6398,0.1317,-0.7572,1.7187,1.2012,0.21134,0.04439,2.0336,0.4292,-0.16694,0.2101,1,2,1,0.6995,0.3435,-1.2045,1.4346,2.9747,0.0208,0,1,2,2,3.5345,3.5345,-0.8308,1.235,0,0,1,4.3652,0.6348,0,0,0,0,1.0,0.7052,0.6908,0.1418,0.5345,0.4771,0.2409,0.7052,651.0,257.0,0.5725,0.2593,1.6264,1.2729,-394.0,-0.3131,AMBIGUOUS,0
56,42,8,9,79.4316,62.8743,66.5459,79.2687,63.6593,67.7573,1.4526,-0.1629,0.785,1.2113,1.4435,0.1629,-0.1122,0.5404,0.8339,0.1003,8.8585,0.21101,0.22589,2.0304,2.1838,0.01488,1.0705,1,3,1,-1.353,-0.0534,2.0872,2.4879,1.6989,0.251,2,3,3,1,1.4526,2.036,0.5833,0.7135,3,3,6,1.1812,-0.2715,2,4,0,2,0.6,0.2293,0.1934,0.1232,0.3864,0.3563,0.1495,0.3864,871.0,728.0,0.3698,0.5313,1.3946,1.6641,-143.0,0.1616,AMBIGUOUS,0
56,44,8,9,79.4316,62.8743,66.5459,79.2132,62.8805,64.5217,2.036,-0.2184,0.0063,-2.0242,2.0242,0.2184,-0.1073,0.0031,-0.9942,0.1344,9.2671,0.21101,0.22534,2.0304,2.1786,0.01434,1.0679,1,3,1,-1.353,-0.0534,2.0872,2.4879,4.2655,1.7758,2,3,3,2,1.4526,1.4526,-0.5833,1.4016,2,2,4,1.9324,-0.1036,2,4,0,2,0.6,0.2293,0.1934,0.1232,0.4273,0.4118,0.1139,0.4273,871.0,731.0,0.3698,0.4945,1.3946,1.5903,-140.0,0.1247,AMBIGUOUS,0
56,33,8,9,79.4316,62.8743,66.5459,75.7609,63.7872,67.7661,3.9745,-3.6707,0.9129,1.2202,1.5239,3.6707,-0.9236,0.2297,0.307,2.2589,0.4151,0.21101,0.23183,2.0304,2.2413,0.02082,1.0987,1,3,1,-1.353,-0.0534,2.0872,2.4879,2.6566,0.2451,2,3,3,3,1.4526,1.4526,-2.5218,2.7361,2,3,4,0.6569,-3.3175,2,4,0,2,0.6,0.2293,0.1934,0.1232,0.619,0.6141,0.0779,0.619,871.0,834.0,0.3698,0.4885,1.3946,1.5838,-37.0,0.1188,AMBIGUOUS,0
57,126,8,9,19.431,67.5263,36.4176,20.6918,68.6922,36.6528,1.7333,1.2608,1.1659,0.2352,1.1894,1.2608,0.7274,0.6726,0.1357,0.7759,0.9433,0.20917,0.06537,2.0127,0.632,-0.14379,0.3125,0,1,0,0.0,0.0,0.0,0.0,0.0,0.0,1,2,2,1,1.7333,3.8627,2.1294,0.4487,1,1,1,1.7333,3.2667,0,3,0,0,0.25,0.1835,0.069,0.17,0.444,0.4332,0.0972,0.444,913.0,483.0,0.3844,0.1795,1.4233,1.1515,-430.0,-0.2049,AMBIGUOUS,0
57,78,8,9,19.431,67.5263,36.4176,15.7134,67.1167,35.452,3.8627,-3.7176,-0.4096,-0.9655,1.0488,3.7176,-0.9624,-0.106,-0.25,2.2878,0.2821,0.20917,0.18502,2.0127,1.7887,-0.02415,0.8845,0,1,0,0.0,0.0,0.0,0.0,0.0,0.0,1,2,2,2,1.7333,1.7333,-2.1294,2.2285,2,4,4,1.5453,-2.3175,0,3,1,2,0.75,0.1835,0.069,0.17,0.5541,0.5366,0.1379,0.5541,913.0,805.0,0.3844,0.3488,1.4233,1.4557,-108.0,-0.0356,AMBIGUOUS,0
58,1,8,9,91.4564,51.3673,30.4349,93.2237,50.9025,31.5145,2.1224,1.7673,-0.4649,1.0796,1.1754,1.7673,0.8327,-0.219,0.5086,1.0875,0.6651,0.20782,0.29432,1.9997,2.8454,0.0865,1.4162,1,2,1,-1.918,0.1423,-1.4194,2.3903,4.4938,1.9832,2,3,3,1,2.1224,2.2921,0.1696,0.926,1,2,2,2.1224,1.2183,0,0,1,2,3.0,0.4917,0.4564,0.183,0.6349,0.5987,0.2113,0.6349,688.0,844.0,0.5596,0.6873,1.6451,1.753,156.0,0.1277,AMBIGUOUS,0
58,36,8,9,91.4564,51.3673,30.4349,89.5125,51.7166,29.2718,2.2921,-1.9439,0.3492,-1.1631,1.2144,1.9439,-0.8481,0.1524,-0.5074,1.1963,0.6247,0.20782,0.23121,1.9997,2.2353,0.0234,1.1126,1,2,1,-1.918,0.1423,-1.4194,2.3903,0.3304,0.0091,2,3,3,2,2.1224,2.1224,-0.1696,1.0799,1,1,1,2.2921,2.7079,0,0,0,1,2.0,0.4917,0.4564,0.183,0.1856,0.1375,0.1247,0.4917,688.0,711.0,0.5596,0.5892,1.6451,1.7186,23.0,0.0296,AMBIGUOUS,0
58,0,8,9,91.4564,51.3673,30.4349,95.1221,50.6721,31.1286,3.795,3.6657,-0.6953,0.6937,0.9822,3.6657,0.9659,-0.1832,0.1828,2.2558,0.2679,0.20782,0.29735,1.9997,2.8747,0.08953,1.4308,1,2,1,-1.918,0.1423,-1.4194,2.3903,6.0286,1.8945,2,3,3,3,2.1224,2.1224,-1.6725,1.788,1,2,2,1.8962,-1.8988,0,0,1,1,2.0,0.4917,0.4564,0.183,0.776,0.7529,0.1876,0.776,688.0,730.0,0.5596,0.8364,1.6451,1.9772,42.0,0.2767,AMBIGUOUS,0
59,82,8,9,71.7928,67.8499,89.1101,68.6145,68.0293,87.3964,3.6153,-3.1782,0.1793,-1.7138,1.7232,3.1782,-0.8791,0.0496,-0.474,1.9558,0.5422,0.2076,0.17857,1.9976,1.7264,-0.02903,0.8602,0,1,0,0.0,0.0,0.0,0.0,0.0,0.0,0,1,2,1,3.6153,4.9859,1.3706,0.7251,0,1,1,3.6153,1.3847,0,1,0,1,1.0,0.3252,0.2928,0.1415,0.4124,0.3645,0.1928,0.4124,728.0,656.0,0.5379,0.3956,1.5609,1.4411,-72.0,-0.1423,AMBIGUOUS,0
59,48,8,9,71.7928,67.8499,89.1101,67.1526,68.1106,90.9157,4.9859,-4.6401,0.2607,1.8056,1.8243,4.6401,-0.9307,0.0523,0.3621,2.8555,0.3932,0.2076,0.22244,1.9976,2.1504,0.01484,1.0715,0,1,0,0.0,0.0,0.0,0.0,0.0,0.0,0,1,2,2,3.6153,3.6153,-1.3706,1.3791,0,0,3,4.0713,-0.9146,0,1,0,1,1.0,0.3252,0.2928,0.1415,0.5522,0.5276,0.1629,0.5522,728.0,779.0,0.5379,0.4939,1.5609,1.5136,51.0,-0.044,AMBIGUOUS,0
61,91,8,9,4.5522,71.516,93.8139,2.0725,70.6644,93.2572,2.6803,-2.4797,-0.8516,-0.5567,1.0174,2.4797,-0.9252,-0.3177,-0.2077,1.526,0.4103,0.20628,0.15027,1.9849,1.4527,-0.05602,0.7284,1,2,1,-2.4318,-1.0604,-0.5389,2.7071,0.2149,0.0031,1,1,1,1,2.6803,5.0,2.3197,0.5361,1,1,1,2.6803,2.3197,0,0,0,0,1.0,0.3245,0.3228,0.0339,0.4831,0.4475,0.1818,0.4831,861.0,650.0,0.3935,0.327,1.3574,1.2667,-211.0,-0.0665,AMBIGUOUS,0
62,56,8,9,15.7777,67.6486,39.113,12.9839,66.9425,39.0771,2.8819,-2.7938,-0.7061,-0.0359,0.707,2.7938,-0.9694,-0.245,-0.0125,1.7192,0.2531,0.20604,0.20844,1.9826,2.0151,0.00239,1.0116,0,1,0,0.0,0.0,0.0,0.0,0.0,0.0,1,2,3,1,2.8819,3.7,0.8182,0.7789,1,2,2,2.8819,0.8018,0,3,0,2,0.75,0.5233,0.4723,0.2255,0.1186,0.0161,0.1175,0.5233,919.0,895.0,0.4309,0.4546,1.5036,1.5344,-24.0,0.0238,AMBIGUOUS,0
62,78,8,9,15.7777,67.6486,39.113,15.7134,67.1167,35.452,3.7,-0.0644,-0.532,-3.661,3.6994,0.0644,-0.0174,-0.1438,-0.9895,0.0396,57.4838,0.20604,0.18502,1.9826,1.7887,-0.02102,0.898,0,1,0,0.0,0.0,0.0,0.0,0.0,0.0,1,2,3,2,2.8819,2.8819,-0.8182,1.2839,2,4,4,1.5453,-2.1547,0,3,1,2,0.75,0.5233,0.4723,0.2255,0.5541,0.5366,0.1379,0.5541,919.0,805.0,0.4309,0.3488,1.5036,1.4557,-114.0,-0.082,AMBIGUOUS,0
62,135,8,9,15.7777,67.6486,39.113,18.427,70.7164,40.8907,4.426,2.6493,3.0678,1.7777,3.5456,2.6493,0.5986,0.6931,0.4016,1.6303,1.3383,0.20604,0.04173,1.9826,0.4034,-0.16432,0.2025,0,1,0,0.0,0.0,0.0,0.0,0.0,0.0,1,2,3,3,2.8819,2.8819,-1.5442,1.5358,0,0,1,4.426,0.574,0,3,0,0,0.25,0.5233,0.4723,0.2255,0.5703,0.552,0.1435,0.5703,919.0,360.0,0.4309,0.135,1.5036,1.1702,-559.0,-0.2959,AMBIGUOUS,0
63,46,8,9,24.0991,60.369,11.3259,21.3547,60.4285,11.6533,2.7645,-2.7444,0.0594,0.3274,0.3327,2.7444,-0.9927,0.0215,0.1184,1.6889,0.1212,0.20525,0.22451,1.975,2.1704,0.01925,1.0938,1,2,1,1.0524,0.9013,-2.4952,2.8541,4.8054,1.4628,1,1,1,1,2.7645,5.0,2.2355,0.5529,1,2,3,2.7645,1.0062,1,1,0,0,0.5,0.3238,0.2759,0.1695,0.2823,0.2297,0.1642,0.3238,981.0,887.0,0.4345,0.5093,1.4854,1.566,-94.0,0.0748,AMBIGUOUS,0
64,131,8,9,29.2269,71.9197,62.4614,28.6877,72.8819,60.9161,1.8986,-0.5392,0.9622,-1.5453,1.8204,0.5392,-0.284,0.5068,-0.8139,0.3318,3.3759,0.20464,0.05479,1.9692,0.5297,-0.14985,0.2677,0,1,0,0.0,0.0,0.0,0.0,0.0,0.0,1,1,2,1,1.8986,4.9324,3.0338,0.3849,1,1,2,1.8986,2.4812,0,1,0,1,1.0,0.1046,0.0231,0.102,0.5859,0.5623,0.1646,0.5859,959.0,365.0,0.4158,0.1549,1.3722,1.3364,-594.0,-0.2609,AMBIGUOUS,0
64,28,8,9,29.2269,71.9197,62.4614,24.3902,72.8262,62.1255,4.9324,-4.8367,0.9066,-0.3359,0.9668,4.8367,-0.9806,0.1838,-0.0681,2.9764,0.1999,0.20464,0.23801,1.9692,2.301,0.03337,1.163,0,1,0,0.0,0.0,0.0,0.0,0.0,0.0,1,1,2,2,1.8986,1.8986,-3.0338,2.598,0,2,3,3.1873,-1.7451,0,1,0,2,1.5,0.1046,0.0231,0.102,0.1128,0.0152,0.1118,0.1128,959.0,918.0,0.4158,0.5017,1.3722,1.5175,-41.0,0.0859,AMBIGUOUS,0
65,22,8,9,26.0583,59.0656,5.3341,25.4944,59.5585,5.6077,0.7974,-0.564,0.4929,0.2737,0.5637,0.564,-0.7073,0.6181,0.3432,0.3471,0.9996,0.20434,0.24766,1.9663,2.3943,0.04332,1.212,0,1,0,0.0,0.0,0.0,0.0,0.0,0.0,1,2,2,1,0.7974,3.0632,2.2658,0.2603,2,2,4,0.7974,1.4791,1,3,0,2,0.75,0.1777,0.0583,0.1679,0.5364,0.5056,0.179,0.5364,975.0,872.0,0.4148,0.5783,1.4554,1.6816,-103.0,0.1635,AMBIGUOUS,0
65,60,8,9,26.0583,59.0656,5.3341,24.4927,58.5265,2.757,3.0632,-1.5656,-0.5391,-2.5771,2.6329,1.5656,-0.5111,-0.176,-0.8413,0.9634,1.6817,0.20434,0.20142,1.9663,1.9472,-0.00293,0.9857,0,1,0,0.0,0.0,0.0,0.0,0.0,0.0,1,2,2,2,0.7974,0.7974,-2.2658,3.8414,1,2,3,2.2192,-0.844,1,3,0,2,0.75,0.1777,0.0583,0.1679,0.1487,0.1177,0.0907,0.1777,975.0,892.0,0.4148,0.403,1.4554,1.5097,-83.0,-0.0118,AMBIGUOUS,0
66,60,8,9,26.4451,58.5318,3.8121,24.4927,58.5265,2.757,2.2192,-1.9523,-0.0053,-1.0551,1.0551,1.9523,-0.8797,-0.0024,-0.4754,1.2014,0.5404,0.2038,0.20142,1.9611,1.9472,-0.00238,0.9883,0,1,0,0.0,0.0,0.0,0.0,0.0,0.0,2,2,2,1,2.2192,2.2765,0.0573,0.9748,1,2,3,2.2192,0.844,2,3,0,2,0.75,0.4726,0.4451,0.159,0.1487,0.1177,0.0907,0.4726,912.0,892.0,0.3934,0.403,1.4253,1.5097,-20.0,0.0097,AMBIGUOUS,0
66,22,8,9,26.4451,58.5318,3.8121,25.4944,59.5585,5.6077,2.2765,-0.9507,1.0266,1.7957,2.0684,0.9507,-0.4176,0.451,0.7888,0.5851,2.1757,0.2038,0.24766,1.9611,2.3943,0.04386,1.2152,0,1,0,0.0,0.0,0.0,0.0,0.0,0.0,2,2,2,2,2.2192,2.2192,-0.0573,1.0258,2,2,4,0.7974,-1.4791,2,3,0,2,0.75,0.4726,0.4451,0.159,0.5364,0.5056,0.179,0.5364,912.0,872.0,0.3934,0.5783,1.4253,1.6816,-40.0,0.185,AMBIGUOUS,0
67,48,8,9,70.9234,68.0203,92.4483,67.1526,68.1106,90.9157,4.0713,-3.7707,0.0903,-1.5326,1.5352,3.7707,-0.9262,0.0222,-0.3764,2.3204,0.4071,0.20318,0.22244,1.9551,2.1504,0.01926,1.0948,0,1,0,0.0,0.0,0.0,0.0,0.0,0.0,0,0,1,1,4.0713,5.0,0.9287,0.8143,0,0,3,4.0713,0.8571,0,1,0,1,1.0,0.6284,0.5766,0.2498,0.5522,0.5276,0.1629,0.6284,779.0,779.0,0.4628,0.4939,1.4672,1.5136,0.0,0.0311,AMBIGUOUS,0
68,80,8,9,61.2965,62.4391,42.9878,62.8216,63.416,47.2539,4.6346,1.5251,0.9769,4.2661,4.3765,1.5251,0.3291,0.2108,0.9205,0.9385,2.8696,0.2027,0.18105,1.9504,1.7503,-0.02165,0.8932,0,1,0,0.0,0.0,0.0,0.0,0.0,0.0,0,0,1,1,4.6346,5.0,0.3654,0.9269,1,1,3,1.7442,-2.8905,1,1,0,1,1.0,0.4759,0.4535,0.1443,0.5697,0.5534,0.1353,0.5697,705.0,558.0,0.4805,0.5908,1.5193,1.7139,-147.0,0.1104,AMBIGUOUS,0
69,57,8,9,93.062,61.6989,83.2769,93.0535,61.5542,81.4096,1.873,-0.0085,-0.1447,-1.8674,1.873,0.0085,-0.0045,-0.0773,-0.997,0.0052,219.9032,0.20024,0.20728,1.9268,2.0039,0.00704,1.0351,1,2,1,-1.68,0.1784,0.1061,1.6928,2.6063,1.0661,2,2,2,1,1.873,1.9926,0.1196,0.94,1,1,1,1.873,3.127,0,0,0,1,2.0,0.44,0.437,0.0513,0.4974,0.4285,0.2526,0.4974,839.0,919.0,0.3094,0.3944,1.4577,1.4619,80.0,0.085,AMBIGUOUS,0
69,65,8,9,93.062,61.6989,83.2769,92.9919,62.0391,85.239,1.9926,-0.0702,0.3402,1.9621,1.9913,0.0702,-0.0352,0.1707,0.9847,0.0432,28.3741,0.20024,0.19577,1.9268,1.8927,-0.00447,0.9777,1,2,1,-1.68,0.1784,0.1061,1.6928,2.4622,0.8854,2,2,2,2,1.873,1.873,-0.1196,1.0639,1,1,1,1.9926,3.0074,0,0,0,1,2.0,0.44,0.437,0.0513,0.392,0.3669,0.1383,0.44,839.0,933.0,0.3094,0.3583,1.4577,1.4789,94.0,0.0489,AMBIGUOUS,0
70,23,8,9,58.9392,62.5765,43.493,56.3713,62.4246,41.647,3.1662,-2.5679,-0.1519,-1.846,1.8522,2.5679,-0.811,-0.048,-0.583,1.5802,0.7213,0.19894,0.24312,1.9143,2.3504,0.04418,1.2221,0,1,0,0.0,0.0,0.0,0.0,0.0,0.0,0,1,2,1,3.1662,4.3153,1.1491,0.7337,0,1,1,3.1662,1.8338,1,1,0,0,0.5,0.4401,0.4392,0.028,0.5581,0.5037,0.2403,0.5581,728.0,785.0,0.4494,0.6114,1.4954,1.6672,57.0,0.1621,AMBIGUOUS,0
70,62,8,9,58.9392,62.5765,43.493,58.0549,63.4994,47.6146,4.3153,-0.8843,0.9229,4.1216,4.2237,0.8843,-0.2049,0.2139,0.9551,0.5442,4.7762,0.19894,0.20063,1.9143,1.9396,0.00169,1.0085,0,1,0,0.0,0.0,0.0,0.0,0.0,0.0,0,1,2,2,3.1662,3.1662,-1.1491,1.3629,1,1,3,1.181,-3.1343,1,1,0,1,1.0,0.4401,0.4392,0.028,0.4696,0.4451,0.1498,0.4696,728.0,668.0,0.4494,0.5008,1.4954,1.5145,-60.0,0.0515,AMBIGUOUS,0
71,53,8,9,6.1241,72.9144,100.9035,4.5153,72.3647,100.9579,1.701,-1.6088,-0.5497,0.0544,0.5524,1.6088,-0.9458,-0.3232,0.032,0.99,0.3434,0.1985,0.2132,1.91,2.0612,0.01471,1.0741,0,1,0,0.0,0.0,0.0,0.0,0.0,0.0,1,1,1,1,1.701,5.0,3.299,0.3402,1,1,1,1.701,3.299,0,0,0,0,1.0,0.4507,0.3759,0.2487,0.4141,0.3597,0.2051,0.4507,890.0,856.0,0.3953,0.4143,1.384,1.4704,-34.0,0.019,AMBIGUOUS,0
72,62,8,9,58.8619,63.3432,48.4626,58.0549,63.4994,47.6146,1.181,-0.807,0.1562,-0.848,0.8623,0.807,-0.6833,0.1322,-0.718,0.4966,1.0685,0.1967,0.20063,1.8927,1.9396,0.00393,1.02,0,1,0,0.0,0.0,0.0,0.0,0.0,0.0,1,1,2,1,1.181,4.1407,2.9598,0.2852,1,1,3,1.181,2.9298,0,1,0,1,1.0,0.3822,0.3619,0.123,0.4696,0.4451,0.1498,0.4696,711.0,668.0,0.4491,0.5008,1.4828,1.5145,-43.0,0.0517,AMBIGUOUS,0
72,80,8,9,58.8619,63.3432,48.4626,62.8216,63.416,47.2539,4.1407,3.9597,0.0727,-1.2087,1.2109,3.9597,0.9563,0.0176,-0.2919,2.4368,0.3058,0.1967,0.18105,1.8927,1.7503,-0.01565,0.9204,0,1,0,0.0,0.0,0.0,0.0,0.0,0.0,1,1,2,2,1.181,1.181,-2.9598,3.5062,1,1,3,1.7442,-2.3966,0,1,0,1,1.0,0.3822,0.3619,0.123,0.5697,0.5534,0.1353,0.5697,711.0,558.0,0.4491,0.5908,1.4828,1.7139,-153.0,0.1417,AMBIGUOUS,0
73,55,8,9,55.8034,56.9899,22.4927,56.3953,58.9669,23.1015,2.1517,0.5919,1.977,0.6088,2.0687,0.5919,0.2751,0.9188,0.283,0.3643,3.4949,0.19626,0.21195,1.8885,2.0491,0.0157,1.08,0,1,0,0.0,0.0,0.0,0.0,0.0,0.0,1,1,2,1,2.1517,4.1077,1.956,0.5238,2,2,4,2.1517,0.4281,0,1,0,1,1.0,0.5845,0.5534,0.1881,0.4866,0.4797,0.0817,0.5845,913.0,820.0,0.4796,0.4285,1.5442,1.5945,-93.0,-0.0511,AMBIGUOUS,0
73,26,8,9,55.8034,56.9899,22.4927,54.8936,59.449,25.6547,4.1077,-0.9098,2.4591,3.162,4.0057,0.9098,-0.2215,0.5987,0.7698,0.5599,4.403,0.19626,0.23966,1.8885,2.317,0.0434,1.2211,0,1,0,0.0,0.0,0.0,0.0,0.0,0.0,1,1,2,2,2.1517,2.1517,-1.956,1.9091,1,2,3,1.4752,-2.6325,0,1,0,2,1.5,0.5845,0.5534,0.1881,0.3864,0.3564,0.1495,0.5845,913.0,891.0,0.4796,0.5301,1.5442,1.6387,-22.0,0.0506,AMBIGUOUS,0
74,76,8,9,29.149,67.4274,45.3249,24.6315,66.701,44.402,4.6677,-4.5175,-0.7264,-0.923,1.1745,4.5175,-0.9678,-0.1556,-0.1977,2.78,0.26,0.19071,0.18601,1.835,1.7983,-0.00469,0.9754,0,1,0,0.0,0.0,0.0,0.0,0.0,0.0,0,0,1,1,4.6677,5.0,0.3323,0.9335,0,0,1,4.6677,0.3323,0,0,0,0,1.0,0.2024,0.101,0.1754,0.2935,0.2565,0.1427,0.2935,765.0,710.0,0.4064,0.4142,1.4089,1.4408,-55.0,0.0078,AMBIGUOUS,0
75,79,8,9,6.217,67.5247,34.0059,4.3513,67.4075,32.4181,2.4527,-1.8657,-0.1172,-1.5878,1.5921,1.8657,-0.7607,-0.0478,-0.6474,1.1481,0.8533,0.18825,0.18217,1.8114,1.7611,-0.00609,0.9677,1,3,1,-1.6629,-0.4488,-0.6143,1.8287,1.0482,0.0791,1,1,2,1,2.4527,4.9184,2.4658,0.4987,1,1,1,2.4527,2.5473,0,0,0,0,1.0,0.3192,0.283,0.1476,0.5309,0.5237,0.0872,0.5309,777.0,752.0,0.351,0.3281,1.3799,1.3428,-25.0,-0.0228,AMBIGUOUS,0
75,84,8,9,6.217,67.5247,34.0059,10.1518,64.8602,35.2743,4.9184,3.9348,-2.6645,1.2684,2.951,3.9348,0.8,-0.5417,0.2579,2.4214,0.75,0.18825,0.17394,1.8114,1.6816,-0.01432,0.9239,1,3,1,-1.6629,-0.4488,-0.6143,1.8287,6.3078,1.6811,1,1,2,2,2.4527,2.4527,-2.4658,2.0053,0,0,1,4.9184,0.0816,0,0,1,2,3.0,0.3192,0.283,0.1476,0.431,0.4018,0.1561,0.431,777.0,874.0,0.351,0.2927,1.3799,1.3868,97.0,-0.0582,AMBIGUOUS,0
76,81,8,9,35.3328,71.0741,78.9623,30.4885,71.1745,79.0189,4.8457,-4.8443,0.1004,0.0567,0.1153,4.8443,-0.9997,0.0207,0.0117,2.9811,0.0238,0.18645,0.17972,1.7941,1.7375,-0.00673,0.9639,0,1,0,0.0,0.0,0.0,0.0,0.0,0.0,0,0,1,1,4.8457,5.0,0.1543,0.9691,0,0,2,4.165,-0.6807,0,0,0,0,1.0,0.4437,0.4172,0.151,0.4425,0.3865,0.2155,0.4437,731.0,639.0,0.4481,0.4353,1.4511,1.4153,-92.0,-0.0128,AMBIGUOUS,0
77,88,8,9,19.9818,68.0679,47.5389,15.2151,67.7036,47.6792,4.7827,-4.7667,-0.3643,0.1403,0.3904,4.7667,-0.9967,-0.0762,0.0293,2.9334,0.0819,0.18424,0.16541,1.7728,1.5992,-0.01883,0.8978,0,1,0,0.0,0.0,0.0,0.0,0.0,0.0,0,0,1,1,4.7827,5.0,0.2173,0.9565,0,0,1,4.7827,0.2173,0,0,0,0,1.0,0.5151,0.4818,0.1823,0.6243,0.5901,0.2038,0.6243,828.0,706.0,0.3539,0.3536,1.3317,1.3478,-122.0,-0.0004,AMBIGUOUS,0
78,78,8,9,16.6398,66.1063,34.5442,15.7134,67.1167,35.452,1.6442,-0.9264,1.0104,0.9078,1.3583,0.9264,-0.5635,0.6145,0.5521,0.5701,1.4662,0.18415,0.18502,1.772,1.7887,0.00086,1.0047,1,2,1,-2.8391,-0.0014,-0.5811,2.8979,2.6265,0.559,2,2,2,1,1.6442,2.556,0.9118,0.6433,2,4,4,1.5453,-0.0989,1,3,1,2,0.75,0.4059,0.3898,0.1132,0.5541,0.5366,0.1379,0.5541,847.0,805.0,0.3216,0.3488,1.3706,1.4557,-42.0,0.0272,AMBIGUOUS,0
78,63,8,9,16.6398,66.1063,34.5442,14.2181,66.0761,33.7269,2.556,-2.4216,-0.0301,-0.8173,0.8179,2.4216,-0.9474,-0.0118,-0.3198,1.4902,0.3377,0.18415,0.19674,1.772,1.902,0.01258,1.0683,1,2,1,-2.8391,-0.0014,-0.5811,2.8979,0.4805,0.0077,2,2,2,2,1.6442,1.6442,-0.9118,1.5546,2,2,2,2.556,0.0196,1,3,1,2,0.75,0.4059,0.3898,0.1132,0.4312,0.4069,0.1428,0.4312,847.0,797.0,0.3216,0.3673,1.3706,1.4642,-50.0,0.0457,AMBIGUOUS,0
79,94,8,9,23.9863,59.5233,30.2901,20.7612,59.3831,31.2806,3.3766,-3.225,-0.1402,0.9905,1.0004,3.225,-0.9551,-0.0415,0.2933,1.9846,0.3102,0.18383,0.14097,1.7689,1.3629,-0.04286,0.7669,0,1,0,0.0,0.0,0.0,0.0,0.0,0.0,0,1,1,1,3.3766,5.0,1.6234,0.6753,0,1,1,3.3766,1.6234,0,0,0,0,1.0,0.4704,0.3887,0.2648,0.3705,0.3638,0.0706,0.4704,782.0,656.0,0.4108,0.317,1.387,1.2784,-126.0,-0.0938,AMBIGUOUS,0
80,46,8,9,24.1652,60.5735,14.1629,21.3547,60.4285,11.6533,3.7707,-2.8105,-0.145,-2.5096,2.5138,2.8105,-0.7454,-0.0385,-0.6656,1.7296,0.8944,0.18298,0.22451,1.7607,2.1704,0.04153,1.2269,0,1,0,0.0,0.0,0.0,0.0,0.0,0.0,0,1,1,1,3.7707,5.0,1.2293,0.7541,1,2,3,2.7645,-1.0062,1,1,0,0,0.5,0.2212,0.2098,0.0701,0.2823,0.2297,0.1642,0.2823,879.0,887.0,0.3077,0.5093,1.3073,1.566,8.0,0.2016,AMBIGUOUS,0
81,72,8,9,11.137,73.1464,89.188,7.2399,72.7749,87.8506,4.1369,-3.8971,-0.3715,-1.3375,1.3881,3.8971,-0.942,-0.0898,-0.3233,2.3982,0.3562,0.17789,0.19023,1.7117,1.8391,0.01234,1.0694,0,1,0,0.0,0.0,0.0,0.0,0.0,0.0,0,0,1,1,4.1369,5.0,0.8631,0.8274,0,0,1,4.1369,0.8631,0,1,0,1,1.0,0.3034,0.238,0.1882,0.7489,0.7399,0.1152,0.7489,745.0,810.0,0.3701,0.3695,1.3751,1.3674,65.0,-0.0006,AMBIGUOUS,0
82,78,8,9,15.0157,65.9409,36.1722,15.7134,67.1167,35.452,1.5453,0.6977,1.1758,-0.7202,1.3788,0.6977,0.4515,0.7609,-0.4661,0.4293,1.9763,0.17691,0.18502,1.7023,1.7887,0.00811,1.0458,0,1,0,0.0,0.0,0.0,0.0,0.0,0.0,2,3,3,1,1.5453,2.5757,1.0304,0.5999,2,4,4,1.5453,0.0989,1,3,1,2,0.75,0.4116,0.3907,0.1294,0.5541,0.5366,0.1379,0.5541,861.0,805.0,0.3132,0.3488,1.3671,1.4557,-56.0,0.0356,AMBIGUOUS,0
82,63,8,9,15.0157,65.9409,36.1722,14.2181,66.0761,33.7269,2.5757,-0.7975,0.1352,-2.4453,2.4491,0.7975,-0.3096,0.0525,-0.9494,0.4908,3.0708,0.17691,0.19674,1.7023,1.902,0.01983,1.1121,0,1,0,0.0,0.0,0.0,0.0,0.0,0.0,2,3,3,2,1.5453,1.5453,-1.0304,1.6668,2,2,2,2.556,-0.0196,1,3,1,2,0.75,0.4116,0.3907,0.1294,0.4312,0.4069,0.1428,0.4312,861.0,797.0,0.3132,0.3673,1.3671,1.4642,-64.0,0.0541,AMBIGUOUS,0
82,56,8,9,15.0157,65.9409,36.1722,12.9839,66.9425,39.0771,3.6837,-2.0318,1.0016,2.9049,3.0727,2.0318,-0.5516,0.2719,0.7886,1.2503,1.5123,0.17691,0.20844,1.7023,2.0151,0.03153,1.1782,0,1,0,0.0,0.0,0.0,0.0,0.0,0.0,2,3,3,3,1.5453,1.5453,-2.1384,2.3838,1,2,2,2.8819,-0.8018,1,3,0,2,0.75,0.4116,0.3907,0.1294,0.1186,0.0161,0.1175,0.4116,861.0,895.0,0.3132,0.4546,1.3671,1.5344,34.0,0.1414,AMBIGUOUS,0
83,58,8,9,32.7654,61.9534,21.8738,33.7004,61.8601,22.3023,1.0327,0.935,-0.0933,0.4285,0.4385,0.935,0.9054,-0.0903,0.4149,0.5754,0.469,0.17593,0.20728,1.6929,2.0039,0.03134,1.1781,0,1,0,0.0,0.0,0.0,0.0,0.0,0.0,2,3,3,1,1.0327,2.5982,1.5654,0.3975,1,2,3,1.0327,2.9585,0,2,0,2,1.0,0.3401,0.2654,0.2126,0.4406,0.4246,0.1176,0.4406,809.0,766.0,0.2999,0.4162,1.3461,1.4464,-43.0,0.1163,AMBIGUOUS,0
83,70,8,9,32.7654,61.9534,21.8738,30.7832,61.4025,20.287,2.5982,-1.9822,-0.5509,-1.5868,1.6797,1.9822,-0.7629,-0.212,-0.6107,1.2198,0.8474,0.17593,0.19075,1.6929,1.8441,0.01481,1.0842,0,1,0,0.0,0.0,0.0,0.0,0.0,0.0,2,3,3,2,1.0327,1.0327,-1.5654,2.5158,1,1,1,2.5982,2.4018,0,2,0,1,0.6667,0.3401,0.2654,0.2126,0.1119,0.0918,0.064,0.3401,809.0,828.0,0.2999,0.3579,1.3461,1.3671,19.0,0.058,AMBIGUOUS,0
83,41,8,9,32.7654,61.9534,21.8738,31.084,63.1929,25.1618,3.8953,-1.6814,1.2395,3.2879,3.5138,1.6814,-0.4316,0.3182,0.8441,1.0347,2.0898,0.17593,0.22702,1.6929,2.1947,0.05108,1.2903,0,1,0,0.0,0.0,0.0,0.0,0.0,0.0,2,3,3,3,1.0327,1.0327,-2.8626,3.7719,1,2,2,2.1205,-1.7749,0,2,0,1,0.6667,0.3401,0.2654,0.2126,0.2784,0.209,0.1839,0.3401,809.0,807.0,0.2999,0.514,1.3461,1.5199,-2.0,0.214,AMBIGUOUS,0
84,71,8,9,44.1088,63.0973,32.7795,41.4022,63.3055,34.3977,3.1604,-2.7067,0.2083,1.6182,1.6315,2.7067,-0.8564,0.0659,0.512,1.6656,0.6028,0.17024,0.19033,1.6381,1.84,0.02009,1.118,0,1,0,0.0,0.0,0.0,0.0,0.0,0.0,0,2,3,1,3.1604,3.3034,0.143,0.9567,0,1,1,3.1604,1.8396,0,2,0,1,0.6667,0.2954,0.2338,0.1805,0.7916,0.7772,0.1506,0.7916,923.0,686.0,0.2804,0.4133,1.3393,1.518,-237.0,0.1328,AMBIGUOUS,0
84,40,8,9,44.1088,63.0973,32.7795,45.467,62.8837,29.7758,3.3034,1.3581,-0.2135,-3.0037,3.0113,1.3581,0.4111,-0.0646,-0.9093,0.8358,2.2172,0.17024,0.22724,1.6381,2.1969,0.057,1.3348,0,1,0,0.0,0.0,0.0,0.0,0.0,0.0,0,2,3,2,3.1604,3.1604,-0.143,1.0453,1,3,3,1.489,-1.8144,0,2,0,1,0.6667,0.2954,0.2338,0.1805,0.1503,0.033,0.1467,0.2954,923.0,868.0,0.2804,0.4372,1.3393,1.54,-55.0,0.1567,AMBIGUOUS,0
84,49,8,9,44.1088,63.0973,32.7795,42.0044,62.9454,28.3315,4.9231,-2.1045,-0.1519,-4.448,4.4506,2.1045,-0.4275,-0.0309,-0.9035,1.2951,2.1148,0.17024,0.22175,1.6381,2.1438,0.05152,1.3026,0,1,0,0.0,0.0,0.0,0.0,0.0,0.0,0,2,3,3,3.1604,3.1604,-1.7627,1.5578,0,0,2,4.9231,0.0092,0,2,0,2,1.0,0.2954,0.2338,0.1805,0.2686,0.2456,0.1086,0.2954,923.0,909.0,0.2804,0.5049,1.3393,1.6162,-14.0,0.2245,AMBIGUOUS,0
85,90,8,9,38.9268,71.1462,91.6475,36.9464,71.6665,90.7068,2.2534,-1.9804,0.5203,-0.9406,1.0749,1.9804,-0.8789,0.2309,-0.4174,1.2187,0.5428,0.17005,0.15139,1.6363,1.4636,-0.01866,0.8903,0,1,0,0.0,0.0,0.0,0.0,0.0,0.0,1,1,1,1,2.2534,5.0,2.7466,0.4507,1,1,1,2.2534,2.7466,0,1,0,1,1.0,0.188,0.0732,0.1732,0.4735,0.4286,0.2013,0.4735,603.0,575.0,0.5122,0.3731,1.4772,1.3699,-28.0,-0.139,AMBIGUOUS,0
86,64,8,9,11.1185,73.2655,84.5643,6.7141,73.0559,84.0811,4.4359,-4.4045,-0.2096,-0.4832,0.5267,4.4045,-0.9929,-0.0472,-0.1089,2.7104,0.1196,0.16944,0.19648,1.6304,1.8995,0.02704,1.1596,0,1,0,0.0,0.0,0.0,0.0,0.0,0.0,0,0,1,1,4.4359,5.0,0.5641,0.8872,0,1,2,3.9411,-0.4948,0,1,0,1,1.0,0.2994,0.2565,0.1545,0.2253,0.2141,0.0702,0.2994,705.0,822.0,0.4003,0.4182,1.4647,1.4321,117.0,0.018,AMBIGUOUS,0
87,86,8,9,18.2499,62.4262,15.0021,16.4087,61.4547,15.7233,2.2032,-1.8413,-0.9715,0.7212,1.21,1.8413,-0.8357,-0.441,0.3273,1.1331,0.6571,0.16797,0.17322,1.6162,1.6746,0.00525,1.0313,0,1,0,0.0,0.0,0.0,0.0,0.0,0.0,1,1,2,1,2.2032,4.9845,2.7812,0.442,1,1,1,2.2032,2.7968,0,0,0,1,2.0,0.4,0.3749,0.1394,0.228,0.1587,0.1637,0.4,804.0,757.0,0.2846,0.3319,1.3096,1.3402,-47.0,0.0473,AMBIGUOUS,0
87,46,8,9,18.2499,62.4262,15.0021,21.3547,60.4285,11.6533,4.9845,3.1048,-1.9977,-3.3488,3.8994,3.1048,0.6229,-0.4008,-0.6718,1.9106,1.256,0.16797,0.22451,1.6162,2.1704,0.05654,1.3366,0,1,0,0.0,0.0,0.0,0.0,0.0,0.0,1,1,2,2,2.2032,2.2032,-2.7812,2.2623,1,2,3,2.7645,-2.22,0,0,0,0,1.0,0.4,0.3749,0.1394,0.2823,0.2297,0.1642,0.4,804.0,887.0,0.2846,0.5093,1.3096,1.566,83.0,0.2248,AMBIGUOUS,0
88,87,8,9,60.9992,71.5116,97.8352,58.3157,71.6423,98.4359,2.753,-2.6835,0.1308,0.6007,0.6148,2.6835,-0.9747,0.0475,0.2182,1.6514,0.2291,0.16555,0.16772,1.593,1.6214,0.00217,1.0131,1,2,1,-0.9139,0.2707,-1.0919,1.4494,2.4527,0.5409,1,2,2,1,2.753,3.8885,1.1354,0.708,1,2,2,2.753,0.6302,1,1,0,0,0.5,0.7542,0.7508,0.072,0.2635,0.1843,0.1884,0.7542,657.0,613.0,0.3982,0.4044,1.3852,1.3581,-44.0,0.0062,AMBIGUOUS,0
88,108,8,9,60.9992,71.5116,97.8352,62.857,72.2941,101.1603,3.8885,1.8578,0.7826,3.3251,3.416,1.8578,0.4778,0.2013,0.8551,1.1432,1.8387,0.16555,0.10562,1.593,1.0211,-0.05993,0.638,1,2,1,-0.9139,0.2707,-1.0919,1.4494,5.2397,1.9079,1,2,2,2,2.753,2.753,-1.1354,1.4124,1,2,2,2.1501,-1.7384,1,1,0,0,0.5,0.7542,0.7508,0.072,0.5184,0.518,0.0188,0.7542,657.0,409.0,0.3982,0.4101,1.3852,1.471,-248.0,0.0119,AMBIGUOUS,0
89,108,8,9,60.8411,71.7159,100.6861,62.857,72.2941,101.1603,2.1501,2.0159,0.5782,0.4742,0.7478,2.0159,0.9376,0.2689,0.2205,1.2405,0.3709,0.16493,0.10562,1.5871,1.0211,-0.05932,0.6404,0,1,0,0.0,0.0,0.0,0.0,0.0,0.0,1,2,2,1,2.1501,3.3833,1.2332,0.6355,1,2,2,2.1501,1.7384,1,1,0,0,0.5,0.7437,0.7161,0.2007,0.5184,0.518,0.0188,0.7437,730.0,409.0,0.4066,0.4101,1.378,1.471,-321.0,0.0035,AMBIGUOUS,0
89,87,8,9,60.8411,71.7159,100.6861,58.3157,71.6423,98.4359,3.3833,-2.5254,-0.0736,-2.2502,2.2514,2.5254,-0.7464,-0.0218,-0.6651,1.5541,0.8915,0.16493,0.16772,1.5871,1.6214,0.00278,1.0169,0,1,0,0.0,0.0,0.0,0.0,0.0,0.0,1,2,2,2,2.1501,2.1501,-1.2332,1.5735,1,2,2,2.753,-0.6302,1,1,0,0,0.5,0.7437,0.7161,0.2007,0.2635,0.1843,0.1884,0.7437,730.0,613.0,0.4066,0.4044,1.378,1.3581,-117.0,-0.0022,AMBIGUOUS,0
90,93,8,9,5.9489,67.3786,45.0711,4.5125,67.3422,44.1702,1.696,-1.4364,-0.0364,-0.9009,0.9017,1.4364,-0.847,-0.0215,-0.5312,0.884,0.6277,0.15762,0.14395,1.5166,1.3917,-0.01366,0.9133,0,1,0,0.0,0.0,0.0,0.0,0.0,0.0,1,1,1,1,1.696,5.0,3.304,0.3392,1,1,2,1.696,2.3568,0,1,0,0,0.5,0.5547,0.5511,0.0631,0.3909,0.3625,0.1463,0.5547,701.0,632.0,0.3821,0.3235,1.3609,1.3077,-69.0,-0.0586,AMBIGUOUS,0
91,122,8,9,11.9758,74.8359,55.8539,11.1124,71.0907,57.5788,4.2128,-0.8634,-3.7452,1.725,4.1234,0.8634,-0.205,-0.889,0.4095,0.5313,4.7756,0.15575,0.0753,1.4987,0.728,-0.08044,0.4835,1,2,1,-2.7031,0.4672,0.1772,2.7488,4.8502,0.9232,0,0,2,1,4.2128,4.3384,0.1256,0.971,1,1,2,2.6106,-1.6022,0,1,0,1,1.0,0.6383,0.6008,0.2155,0.2843,0.2626,0.1087,0.6383,607.0,431.0,0.4806,0.2124,1.4724,1.194,-176.0,-0.2682,AMBIGUOUS,0
91,97,8,9,11.9758,74.8359,55.8539,8.0546,74.9456,57.707,4.3384,-3.9212,0.1098,1.8531,1.8563,3.9212,-0.9038,0.0253,0.4271,2.413,0.4734,0.15575,0.13306,1.4987,1.2864,-0.02268,0.8543,1,2,1,-2.7031,0.4672,0.1772,2.7488,2.1025,0.0794,0,0,2,2,4.2128,4.2128,-0.1256,1.0298,0,0,1,4.3384,0.6616,0,1,0,1,1.0,0.6383,0.6008,0.2155,0.2088,0.0704,0.1966,0.6383,607.0,535.0,0.4806,0.3859,1.4724,1.3693,-72.0,-0.0947,AMBIGUOUS,0
92,64,8,9,3.4972,71.3001,82.6316,6.7141,73.0559,84.0811,3.9411,3.2168,1.7558,1.4495,2.2768,3.2168,0.8162,0.4455,0.3678,1.9796,0.7078,0.15335,0.19648,1.4756,1.8995,0.04313,1.2812,1,2,1,-0.5578,-0.5637,0.5743,0.9792,4.516,1.5057,0,1,1,1,3.9411,5.0,1.0589,0.7882,0,1,2,3.9411,0.4948,0,0,0,1,2.0,0.3572,0.2472,0.2578,0.2253,0.2141,0.0702,0.3572,879.0,822.0,0.2678,0.4182,1.2758,1.4321,-57.0,0.1504,AMBIGUOUS,0
93,128,8,9,12.6358,70.0132,67.8772,12.5166,71.1787,67.074,1.4204,-0.1192,1.1655,-0.8032,1.4154,0.1192,-0.0839,0.8205,-0.5655,0.0734,11.872,0.14551,0.06322,1.4001,0.6112,-0.08229,0.4344,0,1,0,0.0,0.0,0.0,0.0,0.0,0.0,1,1,2,1,1.4204,4.9404,3.52,0.2875,1,2,2,1.4204,2.5392,1,1,0,0,0.5,0.391,0.3642,0.1422,0.4927,0.4834,0.0951,0.4927,760.0,451.0,0.2674,0.1683,1.2259,1.2419,-309.0,-0.0991,AMBIGUOUS,0
93,112,8,9,12.6358,70.0132,67.8772,8.4051,69.4658,70.369,4.9404,-4.2307,-0.5474,2.4918,2.5512,4.2307,-0.8563,-0.1108,0.5044,2.6035,0.603,0.14551,0.09747,1.4001,0.9423,-0.04804,0.6699,0,1,0,0.0,0.0,0.0,0.0,0.0,0.0,1,1,2,2,1.4204,1.4204,-3.52,3.4781,0,0,2,4.2054,-0.735,1,1,0,0,0.5,0.391,0.3642,0.1422,0.2935,0.2801,0.0878,0.391,760.0,554.0,0.2674,0.2293,1.2259,1.2277,-206.0,-0.0381,AMBIGUOUS,0
94,121,8,9,10.8009,65.5381,23.8048,15.1339,66.3137,23.5849,4.4073,4.333,0.7756,-0.2199,0.8061,4.333,0.9831,0.176,-0.0499,2.6664,0.186,0.14546,0.07923,1.3997,0.766,-0.06623,0.5447,1,2,1,-0.0239,0.0564,0.122,0.1365,4.429,1.1439,0,0,1,1,4.4073,5.0,0.5927,0.8815,1,1,3,1.4969,-2.9104,0,1,0,0,0.5,0.6115,0.5741,0.2104,0.5181,0.5089,0.0975,0.6115,659.0,434.0,0.3298,0.2369,1.3131,1.2349,-225.0,-0.0929,AMBIGUOUS,0
95,123,8,9,60.7587,49.2314,11.9738,58.6376,49.1774,12.6219,2.2186,-2.1211,-0.054,0.6482,0.6504,2.1211,-0.9561,-0.0243,0.2921,1.3053,0.3066,0.14144,0.07501,1.3609,0.7252,-0.06642,0.5304,0,1,0,0.0,0.0,0.0,0.0,0.0,0.0,1,1,1,1,2.2186,5.0,2.7814,0.4437,1,1,1,2.2186,2.7814,0,0,0,0,1.0,0.6666,0.6337,0.2067,0.1421,0.1376,0.0352,0.6666,488.0,337.0,0.599,0.352,1.5652,1.3582,-151.0,-0.247,AMBIGUOUS,0
96,103,8,9,21.4791,69.2791,74.7284,18.133,69.1558,73.6912,3.5053,-3.3461,-0.1233,-1.0372,1.0445,3.3461,-0.9546,-0.0352,-0.2959,2.0591,0.3122,0.13475,0.11411,1.2967,1.1032,-0.02064,0.8468,1,2,1,-1.3883,0.4535,-0.6845,1.613,2.0712,0.0627,0,1,1,1,3.5053,5.0,1.4947,0.7011,0,1,1,3.5053,1.4947,0,0,0,0,1.0,0.4023,0.3541,0.1908,0.3176,0.258,0.1852,0.4023,690.0,631.0,0.2552,0.2361,1.2356,1.2453,-59.0,-0.0191,AMBIGUOUS,0
97,75,8,9,6.5095,66.5589,22.529,4.4043,66.3188,22.7683,2.1324,-2.1053,-0.2402,0.2393,0.3391,2.1053,-0.9873,-0.1126,0.1122,1.2955,0.1611,0.13289,0.18631,1.2787,1.8012,0.05342,1.4019,1,3,1,0.1292,-1.2491,1.0545,1.6397,2.5837,0.9198,1,1,1,1,2.1324,5.0,2.8676,0.4265,1,1,1,2.1324,2.8676,0,1,0,0,0.5,0.1969,0.0095,0.1967,0.4816,0.4707,0.1017,0.4816,791.0,814.0,0.2415,0.3288,1.2649,1.3114,23.0,0.0873,AMBIGUOUS,0
98,115,8,9,85.8947,57.816,41.336,87.1146,57.3156,40.8676,1.3994,1.22,-0.5005,-0.4684,0.6855,1.22,0.8718,-0.3576,-0.3347,0.7507,0.5619,0.13185,0.09682,1.2687,0.936,-0.03503,0.7343,1,3,1,-2.6544,0.4698,0.2241,2.705,4.0536,1.9454,2,2,2,1,1.3994,2.8344,1.435,0.4937,1,2,2,1.3994,1.6459,0,1,0,1,1.0,0.2826,0.2303,0.1638,0.657,0.6354,0.1672,0.657,485.0,369.0,0.4406,0.3676,1.486,1.4554,-116.0,-0.073,AMBIGUOUS,0
98,100,8,9,85.8947,57.816,41.336,83.1257,58.0948,41.8735,2.8344,-2.769,0.2787,0.5375,0.6054,2.769,-0.9769,0.0983,0.1896,1.704,0.2187,0.13185,0.12076,1.2687,1.1675,-0.01109,0.9159,1,3,1,-2.6544,0.4698,0.2241,2.705,0.3844,0.0085,2,2,2,2,1.3994,1.3994,-1.435,2.0255,1,1,2,2.8344,1.6363,0,1,0,2,1.5,0.2826,0.2303,0.1638,0.2525,0.2507,0.0298,0.2826,485.0,424.0,0.4406,0.4198,1.486,1.4982,-61.0,-0.0208,AMBIGUOUS,0
99,77,8,9,9.7459,62.684,19.5272,6.5984,62.5546,19.4036,3.1526,-3.1475,-0.1294,-0.1236,0.1789,3.1475,-0.9984,-0.041,-0.0392,1.9369,0.0568,0.13092,0.18514,1.2597,1.7899,0.05422,1.4141,0,1,0,0.0,0.0,0.0,0.0,0.0,0.0,0,1,1,1,3.1526,5.0,1.8474,0.6305,0,1,1,3.1526,1.8474,0,0,0,0,1.0,0.1245,0.0041,0.1245,0.138,0.0984,0.0967,0.138,654.0,731.0,0.2906,0.4052,1.2822,1.3597,77.0,0.1147,AMBIGUOUS,0
100,115,8,9,85.5943,57.3131,38.229,87.1146,57.3156,40.8676,3.0453,1.5203,0.0025,2.6386,2.6386,1.5203,0.4992,0.0008,0.8665,0.9356,1.7356,0.13026,0.09682,1.2534,0.936,-0.03344,0.7433,0,1,0,0.0,0.0,0.0,0.0,0.0,0.0,0,1,3,1,3.0453,4.2376,1.1923,0.7186,1,2,2,1.3994,-1.6459,0,1,0,1,1.0,0.5332,0.5307,0.0523,0.657,0.6354,0.1672,0.657,552.0,369.0,0.3792,0.3676,1.3552,1.4554,-183.0,-0.0116,AMBIGUOUS,0
100,96,8,9,85.5943,57.3131,38.229,81.4263,57.5427,37.4995,4.2376,-4.168,0.2296,-0.7295,0.7648,4.168,-0.9836,0.0542,-0.1722,2.5649,0.1835,0.13026,0.13365,1.2534,1.2921,0.0034,1.0261,0,1,0,0.0,0.0,0.0,0.0,0.0,0.0,0,1,3,2,3.0453,3.0453,-1.1923,1.3915,0,0,1,4.2376,0.7624,0,1,0,1,1.0,0.5332,0.5307,0.0523,0.2599,0.1763,0.1909,0.5332,552.0,529.0,0.3792,0.3948,1.3552,1.3786,-23.0,0.0156,AMBIGUOUS,0
100,100,8,9,85.5943,57.3131,38.229,83.1257,58.0948,41.8735,4.4707,-2.4686,0.7817,3.6445,3.7274,2.4686,-0.5522,0.1748,0.8152,1.5192,1.5099,0.13026,0.12076,1.2534,1.1675,-0.00949,0.9271,0,1,0,0.0,0.0,0.0,0.0,0.0,0.0,0,1,3,3,3.0453,3.0453,-1.4255,1.4681,1,1,2,2.8344,-1.6363,0,1,0,2,1.5,0.5332,0.5307,0.0523,0.2525,0.2507,0.0298,0.5332,552.0,424.0,0.3792,0.4198,1.3552,1.4982,-128.0,0.0406,AMBIGUOUS,0
101,120,8,9,52.3791,69.7513,65.7026,54.8527,70.1553,66.5194,2.6361,2.4736,0.404,0.8168,0.9113,2.4736,0.9383,0.1532,0.3099,1.5222,0.3684,0.12747,0.08687,1.2266,0.8398,-0.0406,0.6815,0,1,0,0.0,0.0,0.0,0.0,0.0,0.0,1,1,2,1,2.6361,4.9432,2.3071,0.5333,1,1,1,2.6361,2.3639,0,0,0,0,1.0,0.4137,0.3791,0.1655,0.4299,0.3973,0.1644,0.4299,595.0,400.0,0.3257,0.3417,1.3114,1.3952,-195.0,0.016,AMBIGUOUS,0
101,92,8,9,52.3791,69.7513,65.7026,47.4996,69.9429,64.9358,4.9432,-4.8796,0.1916,-0.7668,0.7904,4.8796,-0.9871,0.0388,-0.1551,3.0028,0.162,0.12747,0.1472,1.2266,1.4231,0.01973,1.1548,0,1,0,0.0,0.0,0.0,0.0,0.0,0.0,1,1,2,2,2.6361,2.6361,-2.3071,1.8752,0,0,1,4.9432,0.0568,0,0,0,0,1.0,0.4137,0.3791,0.1655,0.3861,0.3746,0.0935,0.4137,595.0,613.0,0.3257,0.3581,1.3114,1.3486,18.0,0.0324,AMBIGUOUS,0
102,128,8,9,12.5781,69.7862,70.7802,12.5166,71.1787,67.074,3.9596,-0.0615,1.3925,-3.7062,3.9592,0.0615,-0.0155,0.3517,-0.936,0.0378,64.3993,0.12711,0.06322,1.2231,0.6112,-0.0639,0.4973,0,1,0,0.0,0.0,0.0,0.0,0.0,0.0,0,1,2,1,3.9596,4.2054,0.2457,0.9416,1,2,2,1.4204,-2.5392,1,1,0,0,0.5,0.441,0.4219,0.1284,0.4927,0.4834,0.0951,0.4927,720.0,451.0,0.2306,0.1683,1.232,1.2419,-269.0,-0.0623,AMBIGUOUS,0
102,112,8,9,12.5781,69.7862,70.7802,8.4051,69.4658,70.369,4.2054,-4.173,-0.3203,-0.4112,0.5212,4.173,-0.9923,-0.0762,-0.0978,2.568,0.1249,0.12711,0.09747,1.2231,0.9423,-0.02964,0.7668,0,1,0,0.0,0.0,0.0,0.0,0.0,0.0,0,1,2,2,3.9596,3.9596,-0.2457,1.0621,0,0,2,4.2054,0.735,1,1,0,0,0.5,0.441,0.4219,0.1284,0.2935,0.2801,0.0878,0.441,720.0,554.0,0.2306,0.2293,1.232,1.2277,-166.0,-0.0013,AMBIGUOUS,0
104,29,8,9,55.7702,62.3053,62.8888,58.1902,65.619,62.1689,4.1659,2.42,3.3136,-0.7199,3.3909,2.42,0.5809,0.7954,-0.1728,1.4892,1.4012,0.12164,0.23741,1.1705,2.2952,0.11577,1.9517,0,1,0,0.0,0.0,0.0,0.0,0.0,0.0,0,0,2,1,4.1659,4.2992,0.1332,0.969,0,0,2,4.1659,0.3577,0,0,0,0,1.0,0.547,0.5202,0.1692,0.3655,0.3098,0.1939,0.547,564.0,869.0,0.3364,0.5446,1.3622,1.5762,305.0,0.2082,AMBIGUOUS,0
104,109,8,9,55.7702,62.3053,62.8888,51.812,63.041,64.397,4.2992,-3.9582,0.7356,1.5082,1.678,3.9582,-0.9207,0.1711,0.3508,2.4358,0.4239,0.12164,0.10008,1.1705,0.9676,-0.02156,0.8228,0,1,0,0.0,0.0,0.0,0.0,0.0,0.0,0,0,2,2,4.1659,4.1659,-0.1332,1.032,0,0,1,4.2992,0.7008,0,0,0,0,1.0,0.547,0.5202,0.1692,0.2816,0.188,0.2096,0.547,564.0,448.0,0.3364,0.321,1.3622,1.3193,-116.0,-0.0155,AMBIGUOUS,0
105,102,8,9,94.3681,61.0464,65.3311,91.2385,61.6992,66.3479,3.3547,-3.1296,0.6528,1.0167,1.2083,3.1296,-0.9329,0.1946,0.3031,1.9259,0.3861,0.11869,0.11817,1.1421,1.1424,-0.00053,0.9955,1,2,1,-0.3899,0.1432,0.0186,0.4158,2.96,0.0446,0,1,2,1,3.3547,4.2324,0.8777,0.7926,0,1,1,3.3547,1.6453,0,0,0,1,2.0,0.1773,0.1181,0.1323,0.2759,0.2385,0.1387,0.2759,402.0,385.0,0.5715,0.557,1.6419,1.639,-17.0,-0.0145,AMBIGUOUS,0
105,105,8,9,94.3681,61.0464,65.3311,95.8829,61.6958,69.2294,4.2324,1.5148,0.6494,3.8983,3.952,1.5148,0.3579,0.1534,0.9211,0.9322,2.6089,0.11869,0.10809,1.1421,1.0449,-0.01061,0.9106,1,2,1,-0.3899,0.1432,0.0186,0.4158,4.3516,1.2415,0,1,2,2,3.3547,3.3547,-0.8777,1.2616,1,1,2,1.6913,-2.5411,0,0,0,1,2.0,0.1773,0.1181,0.1323,0.1757,0.0079,0.1755,0.1773,402.0,356.0,0.5715,0.5378,1.6419,1.6627,-46.0,-0.0337,AMBIGUOUS,0
106,105,8,9,94.7986,62.2186,70.4175,95.8829,61.6958,69.2294,1.6913,1.0842,-0.5228,-1.1881,1.298,1.0842,0.6411,-0.3091,-0.7025,0.6672,1.1972,0.11697,0.10809,1.1255,1.0449,-0.00888,0.9241,1,3,1,0.0914,0.2535,0.5936,0.6519,2.1823,1.6699,1,2,2,1,1.6913,3.3317,1.6404,0.5076,1,1,2,1.6913,2.5411,0,0,0,1,2.0,0.5687,0.5486,0.1499,0.1757,0.0079,0.1755,0.5687,406.0,356.0,0.5012,0.5378,1.5806,1.6627,-50.0,0.0366,AMBIGUOUS,0
106,99,8,9,94.7986,62.2186,70.4175,91.4997,62.51,70.7809,3.3317,-3.2989,0.2913,0.3634,0.4658,3.2989,-0.9902,0.0874,0.1091,2.0301,0.1412,0.11697,0.1226,1.1255,1.1853,0.00564,1.0482,1,3,1,0.0914,0.2535,0.5936,0.6519,3.3984,1.0056,1,2,2,2,1.6913,1.6913,-1.6404,1.9699,0,1,1,3.3317,1.6683,0,0,0,2,3.0,0.5687,0.5486,0.1499,0.5111,0.4997,0.1072,0.5687,406.0,457.0,0.5012,0.4734,1.5806,1.4778,51.0,-0.0278,AMBIGUOUS,0
107,117,8,9,37.8808,55.1205,34.6206,33.495,55.3795,34.4505,4.3967,-4.3857,0.2591,-0.17,0.3099,4.3857,-0.9975,0.0589,-0.0387,2.6989,0.0707,0.11405,0.0915,1.0974,0.8846,-0.02255,0.8023,0,1,0,0.0,0.0,0.0,0.0,0.0,0.0,0,0,2,1,4.3967,4.9161,0.5194,0.8943,0,0,1,4.3967,0.6033,0,0,0,1,2.0,0.5297,0.5058,0.1573,0.6482,0.63,0.1526,0.6482,615.0,482.0,0.3112,0.2943,1.2967,1.3358,-133.0,-0.0169,AMBIGUOUS,0
107,116,8,9,37.8808,55.1205,34.6206,37.33,56.2417,39.3753,4.9161,-0.5507,1.1212,4.7547,4.8852,0.5507,-0.112,0.2281,0.9672,0.3389,8.87,0.11405,0.09402,1.0974,0.909,-0.02002,0.8244,0,1,0,0.0,0.0,0.0,0.0,0.0,0.0,0,0,2,2,4.3967,4.3967,-0.5194,1.1181,1,1,3,2.0292,-2.8869,0,0,0,1,2.0,0.5297,0.5058,0.1573,0.1873,0.045,0.1819,0.5297,615.0,504.0,0.3112,0.2227,1.2967,1.2464,-111.0,-0.0885,UNMATCHED_SOURCE,0
108,125,8,9,39.0317,71.2925,95.8722,42.4831,73.488,95.9831,4.092,3.4513,2.1955,0.1109,2.1983,3.4513,0.8434,0.5365,0.0271,2.1239,0.6369,0.11303,0.06653,1.0876,0.6432,-0.0465,0.5886,0,1,0,0.0,0.0,0.0,0.0,0.0,0.0,0,0,1,1,4.092,5.0,0.908,0.8184,0,0,1,4.092,0.908,0,1,0,0,0.5,0.2013,0.0317,0.1988,0.2605,0.2331,0.1164,0.2605,514.0,341.0,0.3594,0.2841,1.4284,1.2827,-173.0,-0.0754,AMBIGUOUS,0
109,107,8,9,8.3083,73.8186,48.7168,5.8511,73.9347,48.8204,2.4622,-2.4572,0.1161,0.1036,0.1556,2.4572,-0.998,0.0471,0.0421,1.5121,0.0633,0.10949,0.10694,1.0536,1.0339,-0.00255,0.9767,0,1,0,0.0,0.0,0.0,0.0,0.0,0.0,1,1,2,1,2.4622,4.3118,1.8497,0.571,1,1,1,2.4622,2.5378,0,0,0,0,1.0,0.221,0.1833,0.1235,0.6527,0.6489,0.0704,0.6527,552.0,492.0,0.3043,0.3083,1.2662,1.2641,-60.0,0.004,AMBIGUOUS,0
109,130,8,9,8.3083,73.8186,48.7168,11.2178,70.7612,49.5997,4.3118,2.9094,-3.0574,0.8829,3.1823,2.9094,0.6748,-0.7091,0.2048,1.7904,1.0938,0.10949,0.05496,1.0536,0.5313,-0.05454,0.5019,0,1,0,0.0,0.0,0.0,0.0,0.0,0.0,1,1,2,2,2.4622,2.4622,-1.8497,1.7512,0,0,1,4.3118,0.6882,0,0,0,0,1.0,0.221,0.1833,0.1235,0.1776,0.1572,0.0826,0.221,552.0,493.0,0.3043,0.1448,1.2662,1.1967,-59.0,-0.1595,AMBIGUOUS,0
110,42,8,9,84.0303,63.7479,68.5534,79.2687,63.6593,67.7573,4.8286,-4.7617,-0.0886,-0.7962,0.8011,4.7617,-0.9861,-0.0184,-0.1649,2.9302,0.1682,0.10908,0.22589,1.0496,2.1838,0.11681,2.0708,0,1,0,0.0,0.0,0.0,0.0,0.0,0.0,0,0,1,1,4.8286,5.0,0.1714,0.9657,3,3,6,1.1812,-3.6474,0,1,0,2,1.5,0.4819,0.4697,0.1081,0.3864,0.3563,0.1495,0.4819,457.0,728.0,0.3229,0.5313,1.4677,1.6641,271.0,0.2084,AMBIGUOUS,0
111,113,8,9,75.1354,53.9431,55.6473,72.7776,54.5359,55.3161,2.4537,-2.3578,0.5928,-0.3313,0.679,2.3578,-0.9609,0.2416,-0.135,1.451,0.288,0.10795,0.09704,1.0387,0.9382,-0.01091,0.899,0,1,0,0.0,0.0,0.0,0.0,0.0,0.0,1,3,3,1,2.4537,3.2815,0.8278,0.7477,1,1,1,2.4537,2.5463,0,0,1,1,2.0,0.3954,0.3854,0.0886,0.3671,0.3474,0.1185,0.3954,468.0,421.0,0.3444,0.3567,1.2663,1.2925,-47.0,0.0123,UNMATCHED_TARGET,0
111,110,8,9,75.1354,53.9431,55.6473,72.7044,54.541,53.5258,3.2815,-2.431,0.5979,-2.1216,2.2042,2.431,-0.7408,0.1822,-0.6465,1.496,0.9067,0.10795,0.09971,1.0387,0.964,-0.00824,0.9237,0,1,0,0.0,0.0,0.0,0.0,0.0,0.0,1,3,3,2,2.4537,2.4537,-0.8278,1.3374,0,1,1,3.2815,1.7185,0,0,1,1,2.0,0.3954,0.3854,0.0886,0.4444,0.4206,0.1434,0.4444,468.0,454.0,0.3444,0.3833,1.2663,1.3465,-14.0,0.0389,UNMATCHED_TARGET,0
111,124,8,9,75.1354,53.9431,55.6473,76.3049,53.9862,59.1845,3.7258,1.1695,0.0431,3.5372,3.5375,1.1695,0.3139,0.0116,0.9494,0.7197,3.0248,0.10795,0.07248,1.0387,0.7007,-0.03547,0.6714,0,1,0,0.0,0.0,0.0,0.0,0.0,0.0,1,3,3,3,2.4537,2.4537,-1.2721,1.5185,0,1,1,3.7258,1.2742,0,0,0,0,1.0,0.3954,0.3854,0.0886,0.1527,0.0701,0.1357,0.3954,468.0,314.0,0.3444,0.3258,1.2663,1.3418,-154.0,-0.0186,TRUE_EDGE,1
112,104,8,9,99.6295,37.6346,23.4307,100.51,37.5848,21.5588,2.0692,0.8806,-0.0498,-1.8719,1.8725,0.8806,0.4256,-0.0241,-0.9046,0.5419,2.1265,0.10715,0.10858,1.031,1.0497,0.00143,1.0133,1,2,1,-1.5563,0.313,-0.8148,1.7843,2.6809,0.9623,1,1,1,1,2.0692,5.0,2.9308,0.4138,1,1,1,2.0692,2.9308,0,0,0,0,1.0,0.5416,0.5045,0.1972,0.3113,0.24,0.1983,0.5416,506.0,535.0,0.3102,0.3452,1.3147,1.3478,29.0,0.035,TRUE_EDGE,1
113,98,8,9,57.0732,59.9408,16.4369,55.4321,59.5508,15.8199,1.7962,-1.6411,-0.3901,-0.6171,0.73,1.6411,-0.9137,-0.2172,-0.3435,1.0099,0.4448,0.10458,0.13055,1.0064,1.2621,0.02596,1.2482,0,1,0,0.0,0.0,0.0,0.0,0.0,0.0,1,1,2,1,1.7962,4.0448,2.2486,0.4441,1,2,3,1.7962,1.7869,0,2,0,1,0.6667,0.3289,0.1982,0.2624,0.2489,0.1821,0.1697,0.3289,535.0,582.0,0.2926,0.3465,1.2532,1.3209,47.0,0.0539,AMBIGUOUS,0
113,129,8,9,57.0732,59.9408,16.4369,61.0542,59.2828,16.7174,4.0448,3.981,-0.658,0.2804,0.7153,3.981,0.9842,-0.1627,0.0693,2.4499,0.1797,0.10458,0.05937,1.0064,0.574,-0.04521,0.5677,0,1,0,0.0,0.0,0.0,0.0,0.0,0.0,1,1,2,2,1.7962,1.7962,-2.2486,2.2519,0,0,1,4.0448,0.9552,0,2,0,0,0.3333,0.3289,0.1982,0.2624,0.6991,0.6958,0.0679,0.6991,535.0,381.0,0.2926,0.2486,1.2532,1.2604,-154.0,-0.044,AMBIGUOUS,0
114,116,8,9,38.5632,55.2778,40.6666,37.33,56.2417,39.3753,2.0292,-1.2332,0.9639,-1.2913,1.6114,1.2332,-0.6077,0.475,-0.6364,0.7589,1.3067,0.10316,0.09402,0.9926,0.909,-0.00913,0.9115,0,1,0,0.0,0.0,0.0,0.0,0.0,0.0,1,1,1,1,2.0292,5.0,2.9708,0.4058,1,1,3,2.0292,2.7074,0,1,0,1,1.0,0.4396,0.4368,0.05,0.1873,0.045,0.1819,0.4396,570.0,504.0,0.2561,0.2227,1.231,1.2464,-66.0,-0.0334,TRUE_EDGE,1
115,55,8,9,56.2362,61.3472,19.6894,56.3953,58.9669,23.1015,4.1634,0.1591,-2.3803,3.4121,4.1603,0.1591,0.0382,-0.5717,0.8196,0.0979,26.152,0.09888,0.21195,0.9515,2.0491,0.11307,2.1434,1,2,1,-0.9884,-0.8283,-1.181,1.7487,4.9822,1.3043,0,0,2,1,4.1634,4.3413,0.1779,0.959,2,2,4,2.1517,-2.0117,0,1,0,1,1.0,0.6663,0.6388,0.1894,0.4866,0.4797,0.0817,0.6663,612.0,820.0,0.2003,0.4285,1.1801,1.5945,208.0,0.2282,AMBIGUOUS,0
115,98,8,9,56.2362,61.3472,19.6894,55.4321,59.5508,15.8199,4.3413,-0.8041,-1.7965,-3.8695,4.2662,0.8041,-0.1852,-0.4138,-0.8913,0.4949,5.3053,0.09888,0.13055,0.9515,1.2621,0.03166,1.3202,1,2,1,-0.9884,-0.8283,-1.181,1.7487,2.8634,0.0973,0,0,2,2,4.1634,4.1634,-0.1779,1.0427,1,2,3,1.7962,-2.5451,0,1,0,1,1.0,0.6663,0.6388,0.1894,0.2489,0.1821,0.1697,0.6663,612.0,582.0,0.2003,0.3465,1.1801,1.3209,-30.0,0.1462,AMBIGUOUS,0
116,101,8,9,31.3439,56.3961,18.6241,28.0943,57.1361,20.623,3.8863,-3.2496,0.74,1.9989,2.1315,3.2496,-0.8362,0.1904,0.5143,1.9998,0.6559,0.09863,0.11925,0.9491,1.1529,0.02062,1.209,1,2,1,-2.6244,0.3505,1.1357,2.881,1.1348,0.0124,0,1,1,1,3.8863,5.0,1.1137,0.7773,0,1,1,3.8863,1.1137,0,0,0,0,1.0,0.4788,0.4689,0.0965,0.5005,0.4693,0.1739,0.5005,457.0,556.0,0.3739,0.3367,1.3658,1.3554,99.0,-0.0372,AMBIGUOUS,0
118,116,8,9,39.1052,55.1479,43.6282,37.33,56.2417,39.3753,4.7365,-1.7752,1.0938,-4.2529,4.3913,1.7752,-0.3748,0.2309,-0.8979,1.0924,2.4737,0.09051,0.09402,0.8709,0.909,0.00352,1.0388,0,1,0,0.0,0.0,0.0,0.0,0.0,0.0,0,0,1,1,4.7365,5.0,0.2635,0.9473,1,1,3,2.0292,-2.7074,0,1,0,1,1.0,0.2166,0.1052,0.1893,0.1873,0.045,0.1819,0.2166,433.0,504.0,0.3246,0.2227,1.3183,1.2464,71.0,-0.1019,UNMATCHED_SOURCE,0
119,98,8,9,56.7601,58.9964,12.5385,55.4321,59.5508,15.8199,3.5831,-1.328,0.5543,3.2814,3.3279,1.328,-0.3706,0.1547,0.9158,0.8172,2.5059,0.09031,0.13055,0.869,1.2621,0.04024,1.4456,0,1,0,0.0,0.0,0.0,0.0,0.0,0.0,0,1,1,1,3.5831,5.0,1.4169,0.7166,1,2,3,1.7962,-1.7869,0,1,0,1,1.0,0.1562,0.1149,0.1058,0.2489,0.1821,0.1697,0.2489,418.0,582.0,0.3352,0.3465,1.4185,1.3209,164.0,0.0113,AMBIGUOUS,0
120,95,8,9,16.4383,75.0398,95.5783,14.4526,75.2296,97.0684,2.4898,-1.9857,0.1898,1.49,1.5021,1.9857,-0.7975,0.0762,0.5985,1.2219,0.7565,0.08997,0.13804,0.8658,1.3345,0.04806,1.5341,0,1,0,0.0,0.0,0.0,0.0,0.0,0.0,1,1,1,1,2.4898,5.0,2.5102,0.498,1,1,1,2.4898,2.5102,0,1,0,0,0.5,0.247,0.1883,0.1599,0.189,0.1724,0.0776,0.247,398.0,534.0,0.3247,0.4049,1.3427,1.3682,136.0,0.0803,AMBIGUOUS,0
122,122,8,9,13.6708,70.6182,57.794,11.1124,71.0907,57.5788,2.6106,-2.5585,0.4724,-0.2152,0.5191,2.5585,-0.98,0.181,-0.0824,1.5744,0.2029,0.079,0.0753,0.7602,0.728,-0.0037,0.9532,0,1,0,0.0,0.0,0.0,0.0,0.0,0.0,1,1,1,1,2.6106,5.0,2.3894,0.5221,1,1,2,2.6106,1.6022,0,2,0,1,0.6667,0.6828,0.6708,0.1271,0.2843,0.2626,0.1087,0.6828,491.0,431.0,0.2528,0.2124,1.2614,1.194,-60.0,-0.0404,AMBIGUOUS,0
123,121,8,9,16.5389,68.939,27.1554,15.1339,66.3137,23.5849,4.6492,-1.405,-2.6253,-3.5705,4.4318,1.405,-0.3022,-0.5647,-0.768,0.8646,3.1542,0.07882,0.07923,0.7584,0.766,0.00041,1.0052,0,1,0,0.0,0.0,0.0,0.0,0.0,0.0,0,0,1,1,4.6492,5.0,0.3508,0.9298,1,1,3,1.4969,-3.1523,0,1,0,0,0.5,0.3205,0.2889,0.1388,0.5181,0.5089,0.0975,0.5181,428.0,434.0,0.2665,0.2369,1.2893,1.2349,6.0,-0.0297,AMBIGUOUS,0
125,28,8,9,22.298,75.4343,60.6362,24.3902,72.8262,62.1255,3.6602,2.0922,-2.608,1.4893,3.0033,2.0922,0.5716,-0.7125,0.4069,1.2875,1.4354,0.07102,0.23801,0.6833,2.301,0.16699,3.3515,0,1,0,0.0,0.0,0.0,0.0,0.0,0.0,0,1,1,1,3.6602,5.0,1.3398,0.732,0,2,3,3.1873,-0.473,0,0,0,2,3.0,0.4814,0.452,0.1657,0.1128,0.0152,0.1118,0.4814,383.0,918.0,0.2847,0.5017,1.3795,1.5175,535.0,0.217,AMBIGUOUS,0
126,93,8,9,4.8843,71.3569,44.5819,4.5125,67.3422,44.1702,4.0528,-0.3718,-4.0147,-0.4116,4.0357,0.3718,-0.0917,-0.9906,-0.1016,0.2288,10.8539,0.06641,0.14395,0.639,1.3917,0.07755,2.1677,0,1,0,0.0,0.0,0.0,0.0,0.0,0.0,0,0,1,1,4.0528,5.0,0.9472,0.8106,1,1,2,1.696,-2.3568,0,1,0,0,0.5,0.1781,0.0093,0.1779,0.3909,0.3625,0.1463,0.3909,506.0,632.0,0.1713,0.3235,1.1851,1.3077,126.0,0.1523,AMBIGUOUS,0
129,54,8,9,37.5193,69.4297,47.4043,38.2609,66.6647,48.6003,3.1025,0.7415,-2.7651,1.1959,3.0126,0.7415,0.239,-0.8912,0.3855,0.4563,4.0626,0.06348,0.213,0.6109,2.0592,0.14952,3.3551,0,1,0,0.0,0.0,0.0,0.0,0.0,0.0,0,1,1,1,3.1025,5.0,1.8975,0.6205,0,1,2,3.1025,1.1331,0,0,0,0,1.0,0.1961,0.1443,0.1328,0.7552,0.7391,0.1549,0.7552,442.0,703.0,0.1957,0.545,1.1887,1.5431,261.0,0.3493,AMBIGUOUS,0
131,81,8,9,28.8131,74.0199,81.5575,30.4885,71.1745,79.0189,4.165,1.6754,-2.8453,-2.5385,3.8131,1.6754,0.4023,-0.6832,-0.6095,1.031,2.276,0.0608,0.17972,0.585,1.7375,0.11892,2.956,0,1,0,0.0,0.0,0.0,0.0,0.0,0.0,0,0,1,1,4.165,5.0,0.835,0.833,0,0,2,4.165,0.6807,0,0,0,0,1.0,0.4554,0.4369,0.1286,0.4425,0.3865,0.2155,0.4554,389.0,639.0,0.2239,0.4353,1.2262,1.4153,250.0,0.2115,AMBIGUOUS,0
132,121,8,9,16.3533,66.7127,24.3559,15.1339,66.3137,23.5849,1.4969,-1.2195,-0.399,-0.771,0.8681,1.2195,-0.8146,-0.2665,-0.5151,0.7504,0.7119,0.05827,0.07923,0.5607,0.766,0.02096,1.3596,0,1,0,0.0,0.0,0.0,0.0,0.0,0.0,1,1,1,1,1.4969,5.0,3.5031,0.2994,1,1,3,1.4969,2.9104,0,1,0,0,0.5,0.1368,0.1033,0.0897,0.5181,0.5089,0.0975,0.5181,440.0,434.0,0.1716,0.2369,1.1949,1.2349,-6.0,0.0652,AMBIGUOUS,0
133,26,8,9,55.0564,62.8997,24.3794,54.8936,59.449,25.6547,3.6824,-0.1627,-3.4507,1.2753,3.6788,0.1627,-0.0442,-0.9371,0.3463,0.1001,22.6069,0.05306,0.23966,0.5106,2.317,0.1866,4.5163,1,2,1,-1.6735,-0.4131,-0.6657,1.8479,3.9086,0.8752,0,1,2,1,3.6824,4.3465,0.6641,0.8472,1,2,3,1.4752,-2.2072,0,1,0,2,1.5,0.2056,0.1936,0.0692,0.3864,0.3564,0.1495,0.3864,457.0,891.0,0.1496,0.5301,1.3232,1.6387,434.0,0.3806,AMBIGUOUS,0
133,55,8,9,55.0564,62.8997,24.3794,56.3953,58.9669,23.1015,4.3465,1.3389,-3.9327,-1.2779,4.1351,1.3389,0.3081,-0.9048,-0.294,0.824,3.0884,0.05306,0.21195,0.5106,2.0491,0.15889,3.9942,1,2,1,-1.6735,-0.4131,-0.6657,1.8479,4.673,0.9708,0,1,2,2,3.6824,3.6824,-0.6641,1.1803,2,2,4,2.1517,-2.1948,0,1,0,1,1.0,0.2056,0.1936,0.0692,0.4866,0.4797,0.0817,0.4866,457.0,820.0,0.1496,0.4285,1.3232,1.5945,363.0,0.2789,AMBIGUOUS,0
135,35,8,9,51.8926,71.7321,79.2272,55.2114,69.2956,80.4119,4.2842,3.3188,-2.4365,1.1846,2.7092,3.3188,0.7747,-0.5687,0.2765,2.0423,0.8163,0.04598,0.23156,0.4424,2.2386,0.18558,5.036,0,1,0,0.0,0.0,0.0,0.0,0.0,0.0,0,0,1,1,4.2842,5.0,0.7158,0.8568,0,1,2,3.4322,-0.8521,0,0,1,1,2.0,0.2048,0.1074,0.1743,0.1792,0.0386,0.175,0.2048,365.0,802.0,0.145,0.4824,1.1737,1.4763,437.0,0.3374,AMBIGUOUS,0
136,48,8,9,64.0669,71.9456,90.6711,67.1526,68.1106,90.9157,4.9283,3.0857,-3.835,0.2446,3.8428,3.0857,0.6261,-0.7781,0.0496,1.8989,1.2453,0.04111,0.22244,0.3956,2.1504,0.18132,5.4102,0,1,0,0.0,0.0,0.0,0.0,0.0,0.0,0,0,1,1,4.9283,5.0,0.0717,0.9857,0,0,3,4.0713,-0.8571,0,0,0,1,2.0,0.6974,0.6919,0.0868,0.5522,0.5276,0.1629,0.6974,285.0,779.0,0.2047,0.4939,1.2623,1.5136,494.0,0.2892,AMBIGUOUS,0
